iter	RMSE
0	0.6351002151
1	0.6220275771
2	0.6110134737
3	0.5999629372
4	0.5900706715
5	0.580555512
6	0.5725901867
7	0.5654133449
8	0.5589339649
9	0.5515251835
10	0.5452512093
11	0.5395058149
12	0.5341415492
