date,page,clicks,impressions,ctr,position
2026-07-01,https://funatsuri-yoso.com/,0,12,0,13.5
2026-07-01,https://funatsuri-yoso.com/area/amatsu.html,0,14,0,7.43
2026-07-01,https://funatsuri-yoso.com/area/arari.html,0,1,0,9
2026-07-01,https://funatsuri-yoso.com/area/futtsu.html,0,2,0,14.5
2026-07-01,https://funatsuri-yoso.com/area/hitachi-kuji.html,0,1,0,10
2026-07-01,https://funatsuri-yoso.com/area/iioka.html,3,97,0.030928,6.04
2026-07-01,https://funatsuri-yoso.com/area/kanaya.html,0,1,0,7
2026-07-01,https://funatsuri-yoso.com/area/kiba.html,0,1,0,1
2026-07-01,https://funatsuri-yoso.com/area/matsuzaki.html,0,1,0,2
2026-07-01,https://funatsuri-yoso.com/area/numazu-oki.html,0,1,0,12
2026-07-01,https://funatsuri-yoso.com/area/oarai.html,0,2,0,9
2026-07-01,https://funatsuri-yoso.com/area/ohara.html,0,14,0,15.86
2026-07-01,https://funatsuri-yoso.com/area/sajima.html,0,3,0,12.33
2026-07-01,https://funatsuri-yoso.com/area/sunosaki-oki.html,0,1,0,12
2026-07-01,https://funatsuri-yoso.com/fish/anago.html,0,2,0,7.5
2026-07-01,https://funatsuri-yoso.com/fish/aoriika.html,0,4,0,7.25
2026-07-01,https://funatsuri-yoso.com/fish/ara.html,0,1,0,10
2026-07-01,https://funatsuri-yoso.com/fish/hanadai.html,0,1,0,3
2026-07-01,https://funatsuri-yoso.com/fish/hirame.html,0,5,0,8.8
2026-07-01,https://funatsuri-yoso.com/fish/inada.html,0,11,0,7.18
2026-07-01,https://funatsuri-yoso.com/fish/isaki.html,0,3,0,12.33
2026-07-01,https://funatsuri-yoso.com/fish/kanpachi.html,0,1,0,8
2026-07-01,https://funatsuri-yoso.com/fish/katsuo.html,0,2,0,10
2026-07-01,https://funatsuri-yoso.com/fish/kintoki.html,0,1,0,4
2026-07-01,https://funatsuri-yoso.com/fish/kurodai.html,1,5,0.2,6.2
2026-07-01,https://funatsuri-yoso.com/fish/kuromutsu.html,1,2,0.5,6
2026-07-01,https://funatsuri-yoso.com/fish/madako.html,0,2,0,9
2026-07-01,https://funatsuri-yoso.com/fish/maruika.html,0,1,0,1
2026-07-01,https://funatsuri-yoso.com/fish/mugiika.html,0,2,0,10.5
2026-07-01,https://funatsuri-yoso.com/fish/onikasago.html,0,3,0,9.67
2026-07-01,https://funatsuri-yoso.com/fish/shima-aji.html,0,2,0,10
2026-07-01,https://funatsuri-yoso.com/fish/sumiika.html,0,1,0,7
2026-07-01,https://funatsuri-yoso.com/fish/tachiuo.html,0,5,0,13.2
2026-07-01,https://funatsuri-yoso.com/fish/yariika.html,0,1,0,4
2026-07-01,https://funatsuri-yoso.com/fish_area/aji-kanazawa-gyoko.html,0,1,0,8
2026-07-01,https://funatsuri-yoso.com/fish_area/ara-togawa.html,0,2,0,9
2026-07-01,https://funatsuri-yoso.com/fish_area/isaki-ito-shi.html,0,1,0,9
2026-07-01,https://funatsuri-yoso.com/fish_area/isaki-ohara.html,0,1,0,12
2026-07-01,https://funatsuri-yoso.com/fish_area/isaki-teishi.html,0,1,0,17
2026-07-01,https://funatsuri-yoso.com/fish_area/madai-%E9%B9%BF%E5%B6%8B%E6%97%A7%E6%B8%AF.html,0,1,0,4
2026-07-01,https://funatsuri-yoso.com/fish_area/madai-kashima.html,0,1,0,5
2026-07-01,https://funatsuri-yoso.com/fish_area/madai-katase-gyoko.html,0,2,0,7.5
2026-07-01,https://funatsuri-yoso.com/fish_area/madai-ohara.html,0,1,0,16
2026-07-01,https://funatsuri-yoso.com/fish_area/shima-aji-ohara.html,0,3,0,9.33
2026-07-01,https://funatsuri-yoso.com/fish_area/surumeika-%E8%91%89%E5%B1%B1%E7%94%BA%E8%91%89%E5%B1%B1%E9%90%99%E6%91%BA%E6%B8%AF.html,0,1,0,2
2026-07-01,https://funatsuri-yoso.com/fish_area/tachiuo-kanazawa-gyoko.html,0,1,0,9
2026-07-01,https://funatsuri-yoso.com/index.html,1,21,0.047619,6.62
2026-07-01,https://funatsuri-yoso.com/ship/daisan-shoei-maru.html,0,1,0,9
2026-07-01,https://funatsuri-yoso.com/ship/funayado-mameya.html,0,1,0,10
2026-07-01,https://funatsuri-yoso.com/ship/ko-maru.html,0,1,0,75
2026-07-01,https://funatsuri-yoso.com/ship/koryo-maru-hitachi.html,0,1,0,8
2026-07-01,https://funatsuri-yoso.com/ship/koryo-maru.html,0,1,0,9
2026-07-01,https://funatsuri-yoso.com/ship/kotatsu-maru.html,0,1,0,9
2026-07-01,https://funatsuri-yoso.com/ship/riki-maru.html,0,1,0,30
2026-07-02,https://funatsuri-yoso.com/,0,6,0,5.67
2026-07-02,https://funatsuri-yoso.com/area/,0,1,0,69
2026-07-02,https://funatsuri-yoso.com/area/amatsu.html,0,18,0,7.72
2026-07-02,https://funatsuri-yoso.com/area/futtsu.html,0,6,0,8.5
2026-07-02,https://funatsuri-yoso.com/area/hasaki-shinko.html,0,1,0,9
2026-07-02,https://funatsuri-yoso.com/area/iioka.html,1,88,0.011364,6.92
2026-07-02,https://funatsuri-yoso.com/area/imai-suimon.html,0,2,0,5
2026-07-02,https://funatsuri-yoso.com/area/kanaya.html,2,14,0.142857,8.07
2026-07-02,https://funatsuri-yoso.com/area/kashima-minami-oki.html,0,1,0,81
2026-07-02,https://funatsuri-yoso.com/area/manazuru-port.html,0,1,0,10
2026-07-02,https://funatsuri-yoso.com/area/nagaura.html,0,2,0,9
2026-07-02,https://funatsuri-yoso.com/area/oarai.html,0,7,0,11
2026-07-02,https://funatsuri-yoso.com/area/ohara.html,0,17,0,9.59
2026-07-02,https://funatsuri-yoso.com/area/sajima.html,0,2,0,4.5
2026-07-02,https://funatsuri-yoso.com/fish/,0,1,0,7
2026-07-02,https://funatsuri-yoso.com/fish/aji.html,0,7,0,9.29
2026-07-02,https://funatsuri-yoso.com/fish/aoriika.html,0,4,0,10
2026-07-02,https://funatsuri-yoso.com/fish/ara.html,0,1,0,8
2026-07-02,https://funatsuri-yoso.com/fish/hanadai.html,0,4,0,8.25
2026-07-02,https://funatsuri-yoso.com/fish/hirame.html,0,5,0,9.2
2026-07-02,https://funatsuri-yoso.com/fish/inada.html,0,4,0,8.5
2026-07-02,https://funatsuri-yoso.com/fish/isaki.html,0,5,0,6.4
2026-07-02,https://funatsuri-yoso.com/fish/ishimochi.html,0,3,0,16.33
2026-07-02,https://funatsuri-yoso.com/fish/kamasu.html,0,1,0,9
2026-07-02,https://funatsuri-yoso.com/fish/kanpachi.html,0,9,0,7.11
2026-07-02,https://funatsuri-yoso.com/fish/karei.html,0,1,0,5
2026-07-02,https://funatsuri-yoso.com/fish/kintoki.html,0,2,0,4
2026-07-02,https://funatsuri-yoso.com/fish/madai.html,0,2,0,4.5
2026-07-02,https://funatsuri-yoso.com/fish/madako.html,0,1,0,10
2026-07-02,https://funatsuri-yoso.com/fish/maruika.html,0,7,0,7.43
2026-07-02,https://funatsuri-yoso.com/fish/mugiika.html,0,3,0,9.67
2026-07-02,https://funatsuri-yoso.com/fish/onikasago.html,0,2,0,6.5
2026-07-02,https://funatsuri-yoso.com/fish/seabass.html,0,2,0,8
2026-07-02,https://funatsuri-yoso.com/fish/shima-aji.html,0,12,0,7.83
2026-07-02,https://funatsuri-yoso.com/fish/tachiuo.html,0,4,0,9.25
2026-07-02,https://funatsuri-yoso.com/fish/torafugu.html,0,1,0,9
2026-07-02,https://funatsuri-yoso.com/fish/warasa.html,0,1,0,6
2026-07-02,https://funatsuri-yoso.com/fish_area/aji-chigasaki.html,0,1,0,32
2026-07-02,https://funatsuri-yoso.com/fish_area/aji-heiwajima.html,0,1,0,10
2026-07-02,https://funatsuri-yoso.com/fish_area/aji-hiratsuka.html,0,1,0,10
2026-07-02,https://funatsuri-yoso.com/fish_area/aji-kashima-port.html,0,1,0,11
2026-07-02,https://funatsuri-yoso.com/fish_area/aji-kiba.html,0,1,0,9
2026-07-02,https://funatsuri-yoso.com/fish_area/aji-koshiba.html,0,1,0,9
2026-07-02,https://funatsuri-yoso.com/fish_area/aji-manazuru-port.html,0,4,0,8.25
2026-07-02,https://funatsuri-yoso.com/fish_area/aji-oarai.html,1,2,0.5,17
2026-07-02,https://funatsuri-yoso.com/fish_area/aji-urayasu.html,0,1,0,6
2026-07-02,https://funatsuri-yoso.com/fish_area/akamutsu-hasaki.html,0,5,0,9
2026-07-02,https://funatsuri-yoso.com/fish_area/fugu-kashima-port.html,0,4,0,10.25
2026-07-02,https://funatsuri-yoso.com/fish_area/hirame-hasaki.html,0,1,0,5
2026-07-02,https://funatsuri-yoso.com/fish_area/hirame-iioka.html,0,1,0,8
2026-07-02,https://funatsuri-yoso.com/fish_area/hirame-omaezaki.html,1,1,1,10
2026-07-02,https://funatsuri-yoso.com/fish_area/inada-kashima.html,0,1,0,4
2026-07-02,https://funatsuri-yoso.com/fish_area/isaki-kanazawa-hakkei.html,1,2,0.5,8.5
2026-07-02,https://funatsuri-yoso.com/fish_area/isaki-matsuwa-ena.html,0,1,0,5
2026-07-02,https://funatsuri-yoso.com/fish_area/isaki-ohara.html,0,2,0,3.5
2026-07-02,https://funatsuri-yoso.com/fish_area/kasago-chigasaki.html,0,2,0,5
2026-07-02,https://funatsuri-yoso.com/fish_area/katsuo-nagai.html,0,1,0,8
2026-07-02,https://funatsuri-yoso.com/fish_area/kawahagi-kanaya.html,0,1,0,11
2026-07-02,https://funatsuri-yoso.com/fish_area/kintoki-ohara.html,0,1,0,3
2026-07-02,https://funatsuri-yoso.com/fish_area/kurodai-kurihama.html,0,1,0,11
2026-07-02,https://funatsuri-yoso.com/fish_area/madai-ohara.html,0,1,0,16
2026-07-02,https://funatsuri-yoso.com/fish_area/madako-kanazawa-hakkei.html,0,6,0,6.67
2026-07-02,https://funatsuri-yoso.com/fish_area/madako-nagaura.html,0,1,0,19
2026-07-02,https://funatsuri-yoso.com/fish_area/magochi-samezu-katsushima.html,0,1,0,3
2026-07-02,https://funatsuri-yoso.com/fish_area/menuke-hasaki.html,1,1,1,6
2026-07-02,https://funatsuri-yoso.com/fish_area/onikasago-iioka.html,0,1,0,5
2026-07-02,https://funatsuri-yoso.com/fish_area/shima-aji-ohara.html,0,18,0,11.89
2026-07-02,https://funatsuri-yoso.com/fish_area/shima-aji-shimoda.html,0,1,0,4
2026-07-02,https://funatsuri-yoso.com/fish_area/shima-aji-teishi.html,0,1,0,6
2026-07-02,https://funatsuri-yoso.com/fish_area/surumeika-odawara-hayakawa.html,0,1,0,31
2026-07-02,https://funatsuri-yoso.com/fish_area/tachiuo-fukuda.html,1,1,1,5
2026-07-02,https://funatsuri-yoso.com/fish_area/tachiuo-kanazawa-gyoko.html,0,1,0,5
2026-07-02,https://funatsuri-yoso.com/index.html,0,24,0,9.33
2026-07-02,https://funatsuri-yoso.com/ship/baika-maru.html,0,3,0,9.67
2026-07-02,https://funatsuri-yoso.com/ship/bo-maru.html,0,1,0,16
2026-07-02,https://funatsuri-yoso.com/ship/chowari-01696.html,0,1,0,14
2026-07-02,https://funatsuri-yoso.com/ship/daisan-shoei-maru.html,0,1,0,10
2026-07-02,https://funatsuri-yoso.com/ship/funayado-mameya.html,0,1,0,7
2026-07-02,https://funatsuri-yoso.com/ship/hitachi-maru.html,0,2,0,7
2026-07-02,https://funatsuri-yoso.com/ship/kamoshita-maru-kawana.html,0,1,0,10
2026-07-02,https://funatsuri-yoso.com/ship/ko-maru.html,0,6,0,29.5
2026-07-02,https://funatsuri-yoso.com/ship/kotatsu-maru.html,0,3,0,9.33
2026-07-02,https://funatsuri-yoso.com/ship/kotoku-maru.html,0,2,0,8.5
2026-07-02,https://funatsuri-yoso.com/ship/masaichi-maru.html,0,1,0,11
2026-07-02,https://funatsuri-yoso.com/ship/nintoku-maru.html,0,2,0,8
2026-07-02,https://funatsuri-yoso.com/ship/riki-maru.html,0,1,0,27
2026-07-02,https://funatsuri-yoso.com/ship/sanjiro-maru.html,0,1,0,10
2026-07-02,https://funatsuri-yoso.com/ship/tomo-maru.html,0,1,0,9
2026-07-02,https://funatsuri-yoso.com/ship/yamashita-maru.html,0,1,0,10
2026-07-02,https://funatsuri-yoso.com/ship/yonemoto-tsuribuneten.html,0,3,0,10.33
2026-07-02,https://funatsuri-yoso.com/ship/yuko-maru-iioka.html,0,1,0,25
2026-07-02,https://funatsuri-yoso.com/x_post/2026-06-28.html,0,1,0,10
2026-07-03,https://funatsuri-yoso.com/,1,16,0.0625,8.25
2026-07-03,https://funatsuri-yoso.com/area/amatsu.html,0,12,0,8.17
2026-07-03,https://funatsuri-yoso.com/area/futtsu.html,0,15,0,7.4
2026-07-03,https://funatsuri-yoso.com/area/hasaki-shinko.html,0,1,0,10
2026-07-03,https://funatsuri-yoso.com/area/hota.html,0,1,0,6
2026-07-03,https://funatsuri-yoso.com/area/iioka.html,7,111,0.063063,7.22
2026-07-03,https://funatsuri-yoso.com/area/kanaya-oki.html,0,1,0,1
2026-07-03,https://funatsuri-yoso.com/area/kanaya.html,0,21,0,6.76
2026-07-03,https://funatsuri-yoso.com/area/matsuzaki.html,0,1,0,18
2026-07-03,https://funatsuri-yoso.com/area/oarai.html,0,3,0,8.33
2026-07-03,https://funatsuri-yoso.com/area/ohara.html,0,2,0,13
2026-07-03,https://funatsuri-yoso.com/area/onagigawa.html,0,1,0,5
2026-07-03,https://funatsuri-yoso.com/area/sajima.html,1,4,0.25,11.75
2026-07-03,https://funatsuri-yoso.com/area/shiba.html,0,1,0,5
2026-07-03,https://funatsuri-yoso.com/area/yokohama-honmoku.html,0,1,0,11
2026-07-03,https://funatsuri-yoso.com/fish/,0,2,0,5.5
2026-07-03,https://funatsuri-yoso.com/fish/aji.html,0,7,0,6.71
2026-07-03,https://funatsuri-yoso.com/fish/anago.html,0,3,0,11
2026-07-03,https://funatsuri-yoso.com/fish/aoriika.html,0,1,0,9
2026-07-03,https://funatsuri-yoso.com/fish/ara.html,0,1,0,5
2026-07-03,https://funatsuri-yoso.com/fish/hanadai.html,0,1,0,1
2026-07-03,https://funatsuri-yoso.com/fish/hiramasa.html,0,2,0,9
2026-07-03,https://funatsuri-yoso.com/fish/hirame.html,0,13,0,9.38
2026-07-03,https://funatsuri-yoso.com/fish/houbou.html,0,1,0,1
2026-07-03,https://funatsuri-yoso.com/fish/inada.html,0,8,0,7.38
2026-07-03,https://funatsuri-yoso.com/fish/isaki.html,1,1,1,2
2026-07-03,https://funatsuri-yoso.com/fish/ishimochi.html,0,2,0,6.5
2026-07-03,https://funatsuri-yoso.com/fish/kanpachi.html,0,4,0,13.5
2026-07-03,https://funatsuri-yoso.com/fish/katsuo.html,0,3,0,7.67
2026-07-03,https://funatsuri-yoso.com/fish/kurodai.html,0,2,0,23.5
2026-07-03,https://funatsuri-yoso.com/fish/kuromutsu.html,0,1,0,7
2026-07-03,https://funatsuri-yoso.com/fish/madako.html,0,4,0,6.75
2026-07-03,https://funatsuri-yoso.com/fish/maruika.html,0,6,0,11.67
2026-07-03,https://funatsuri-yoso.com/fish/mugiika.html,0,1,0,9
2026-07-03,https://funatsuri-yoso.com/fish/seabass.html,1,6,0.166667,5.5
2026-07-03,https://funatsuri-yoso.com/fish/shima-aji.html,0,10,0,8.4
2026-07-03,https://funatsuri-yoso.com/fish/shirogisu.html,0,2,0,7
2026-07-03,https://funatsuri-yoso.com/fish/shousaifugu.html,0,1,0,8
2026-07-03,https://funatsuri-yoso.com/fish/sumiika.html,0,1,0,7
2026-07-03,https://funatsuri-yoso.com/fish/tachiuo.html,0,3,0,8.33
2026-07-03,https://funatsuri-yoso.com/fish/yariika.html,1,1,1,1
2026-07-03,https://funatsuri-yoso.com/fish_area/aji-chigasaki.html,0,1,0,4
2026-07-03,https://funatsuri-yoso.com/fish_area/aji-enoura.html,0,1,0,14
2026-07-03,https://funatsuri-yoso.com/fish_area/aji-fukuda.html,0,1,0,6
2026-07-03,https://funatsuri-yoso.com/fish_area/aji-haneda.html,0,1,0,8
2026-07-03,https://funatsuri-yoso.com/fish_area/aji-iioka.html,0,1,0,16
2026-07-03,https://funatsuri-yoso.com/fish_area/aji-kanaya.html,1,3,0.333333,11.67
2026-07-03,https://funatsuri-yoso.com/fish_area/aji-kotsubo.html,0,1,0,19
2026-07-03,https://funatsuri-yoso.com/fish_area/aji-manazuru-port.html,0,1,0,11
2026-07-03,https://funatsuri-yoso.com/fish_area/aji-oarai.html,0,2,0,8.5
2026-07-03,https://funatsuri-yoso.com/fish_area/aoriika-sajima.html,0,4,0,5.75
2026-07-03,https://funatsuri-yoso.com/fish_area/ara-iioka.html,0,1,0,10
2026-07-03,https://funatsuri-yoso.com/fish_area/ara-usami.html,0,1,0,10
2026-07-03,https://funatsuri-yoso.com/fish_area/hirame-hasaki.html,0,2,0,3.5
2026-07-03,https://funatsuri-yoso.com/fish_area/hirame-iioka.html,0,1,0,11
2026-07-03,https://funatsuri-yoso.com/fish_area/houbou-%E4%BD%90%E5%B3%B6%E6%B8%AF.html,0,1,0,5
2026-07-03,https://funatsuri-yoso.com/fish_area/isaki-fukuda.html,0,1,0,10
2026-07-03,https://funatsuri-yoso.com/fish_area/isaki-matsuwa-ena.html,0,2,0,4.5
2026-07-03,https://funatsuri-yoso.com/fish_area/isaki-ohara.html,0,3,0,6
2026-07-03,https://funatsuri-yoso.com/fish_area/isaki-teishi.html,0,1,0,1
2026-07-03,https://funatsuri-yoso.com/fish_area/ishimochi-kanazawa-hakkei-hirakata.html,0,1,0,9
2026-07-03,https://funatsuri-yoso.com/fish_area/kuromutsu-oiso.html,0,1,0,8
2026-07-03,https://funatsuri-yoso.com/fish_area/madai-ajiro-port.html,0,1,0,9
2026-07-03,https://funatsuri-yoso.com/fish_area/madai-kanazawa-hakkei.html,0,1,0,2
2026-07-03,https://funatsuri-yoso.com/fish_area/madai-odawara-hayakawa.html,0,1,0,3
2026-07-03,https://funatsuri-yoso.com/fish_area/madako-kanazawa-hakkei.html,0,1,0,8
2026-07-03,https://funatsuri-yoso.com/fish_area/onikasago-shimoda.html,1,1,1,10
2026-07-03,https://funatsuri-yoso.com/fish_area/shima-aji-ohara.html,0,6,0,16.83
2026-07-03,https://funatsuri-yoso.com/fish_area/surumeika-nagai.html,0,2,0,7.5
2026-07-03,https://funatsuri-yoso.com/fish_area/surumeika-odawara-hayakawa.html,0,1,0,1
2026-07-03,https://funatsuri-yoso.com/fish_area/tachiuo-kurihama.html,0,1,0,12
2026-07-03,https://funatsuri-yoso.com/fish_area/warasa-kashima.html,0,1,0,9
2026-07-03,https://funatsuri-yoso.com/index.html,0,12,0,9.08
2026-07-03,https://funatsuri-yoso.com/ship/chowari-00453.html,0,1,0,9
2026-07-03,https://funatsuri-yoso.com/ship/chowari-01192.html,0,3,0,10.67
2026-07-03,https://funatsuri-yoso.com/ship/chowari-01696.html,0,1,0,11
2026-07-03,https://funatsuri-yoso.com/ship/funayado-mameya.html,0,1,0,7
2026-07-03,https://funatsuri-yoso.com/ship/gibei-maru.html,0,1,0,10
2026-07-03,https://funatsuri-yoso.com/ship/hayashi-yusen.html,0,2,0,8
2026-07-03,https://funatsuri-yoso.com/ship/kamoshita-maru-kawana.html,0,1,0,10
2026-07-03,https://funatsuri-yoso.com/ship/ko-maru-oiso.html,0,1,0,9
2026-07-03,https://funatsuri-yoso.com/ship/ko-maru.html,0,1,0,7
2026-07-03,https://funatsuri-yoso.com/ship/kotatsu-maru.html,0,2,0,8
2026-07-03,https://funatsuri-yoso.com/ship/marubachi.html,0,1,0,10
2026-07-03,https://funatsuri-yoso.com/ship/sanjiro-maru.html,0,2,0,9.5
2026-07-03,https://funatsuri-yoso.com/ship/seisho-maru.html,0,2,0,8.5
2026-07-03,https://funatsuri-yoso.com/ship/shofuku-maru.html,0,1,0,3
2026-07-03,https://funatsuri-yoso.com/ship/taro-maru.html,0,1,0,14
2026-07-03,https://funatsuri-yoso.com/ship/uptide-cruise.html,0,1,0,9
2026-07-03,https://funatsuri-yoso.com/ship/yonemoto-tsuribuneten.html,0,2,0,8
2026-07-04,https://funatsuri-yoso.com/,0,21,0,13.81
2026-07-04,https://funatsuri-yoso.com/area/,0,1,0,37
2026-07-04,https://funatsuri-yoso.com/area/amatsu.html,0,14,0,6.07
2026-07-04,https://funatsuri-yoso.com/area/arari.html,0,1,0,3
2026-07-04,https://funatsuri-yoso.com/area/futtsu.html,0,8,0,7
2026-07-04,https://funatsuri-yoso.com/area/hasaki-shinko.html,0,4,0,8.75
2026-07-04,https://funatsuri-yoso.com/area/hitachi-kuji.html,0,4,0,8.25
2026-07-04,https://funatsuri-yoso.com/area/hota.html,0,1,0,8
2026-07-04,https://funatsuri-yoso.com/area/iioka.html,3,130,0.023077,7.18
2026-07-04,https://funatsuri-yoso.com/area/kanaya.html,1,32,0.03125,6.5
2026-07-04,https://funatsuri-yoso.com/area/katakai.html,0,2,0,10
2026-07-04,https://funatsuri-yoso.com/area/nagai-shinjuku.html,0,1,0,10
2026-07-04,https://funatsuri-yoso.com/area/oarai.html,0,6,0,13.83
2026-07-04,https://funatsuri-yoso.com/area/odawara-hayakawa.html,0,1,0,11
2026-07-04,https://funatsuri-yoso.com/area/ohara.html,0,12,0,13.08
2026-07-04,https://funatsuri-yoso.com/area/sajima.html,0,5,0,8.8
2026-07-04,https://funatsuri-yoso.com/area/senju-ohashi.html,0,1,0,27
2026-07-04,https://funatsuri-yoso.com/area/tagonoura.html,0,1,0,8
2026-07-04,https://funatsuri-yoso.com/fish/,0,1,0,6
2026-07-04,https://funatsuri-yoso.com/fish/abura-bouzu.html,0,1,0,7
2026-07-04,https://funatsuri-yoso.com/fish/aji.html,0,4,0,6
2026-07-04,https://funatsuri-yoso.com/fish/anago.html,0,1,0,11
2026-07-04,https://funatsuri-yoso.com/fish/aoriika.html,0,4,0,7.75
2026-07-04,https://funatsuri-yoso.com/fish/ara.html,0,6,0,10.33
2026-07-04,https://funatsuri-yoso.com/fish/hata.html,0,1,0,9
2026-07-04,https://funatsuri-yoso.com/fish/hirame.html,0,6,0,9.17
2026-07-04,https://funatsuri-yoso.com/fish/inada.html,0,4,0,6.75
2026-07-04,https://funatsuri-yoso.com/fish/ishimochi.html,0,4,0,11.75
2026-07-04,https://funatsuri-yoso.com/fish/kamasu.html,0,1,0,8
2026-07-04,https://funatsuri-yoso.com/fish/kanpachi.html,0,4,0,7
2026-07-04,https://funatsuri-yoso.com/fish/karei.html,0,1,0,8
2026-07-04,https://funatsuri-yoso.com/fish/katsuo.html,0,1,0,1
2026-07-04,https://funatsuri-yoso.com/fish/kuromutsu.html,0,3,0,6.33
2026-07-04,https://funatsuri-yoso.com/fish/madai.html,0,1,0,3
2026-07-04,https://funatsuri-yoso.com/fish/madako.html,0,4,0,6.25
2026-07-04,https://funatsuri-yoso.com/fish/maruika.html,0,10,0,13.5
2026-07-04,https://funatsuri-yoso.com/fish/mugiika.html,0,3,0,7.67
2026-07-04,https://funatsuri-yoso.com/fish/onikasago.html,0,1,0,10
2026-07-04,https://funatsuri-yoso.com/fish/seabass.html,0,4,0,6.75
2026-07-04,https://funatsuri-yoso.com/fish/shima-aji.html,0,11,0,8.36
2026-07-04,https://funatsuri-yoso.com/fish/shirogisu.html,0,3,0,11
2026-07-04,https://funatsuri-yoso.com/fish/shousaifugu.html,0,2,0,3.5
2026-07-04,https://funatsuri-yoso.com/fish/tachiuo.html,0,12,0,9.5
2026-07-04,https://funatsuri-yoso.com/fish_area/aji-%E6%A8%AA%E6%B5%9C%E6%B8%AF.html,0,1,0,9
2026-07-04,https://funatsuri-yoso.com/fish_area/aji-haneda.html,0,1,0,11
2026-07-04,https://funatsuri-yoso.com/fish_area/aji-kanaya.html,0,2,0,11.5
2026-07-04,https://funatsuri-yoso.com/fish_area/aji-kanazawa-gyoko.html,0,2,0,5
2026-07-04,https://funatsuri-yoso.com/fish_area/aji-kanazawa-hakkei.html,0,1,0,2
2026-07-04,https://funatsuri-yoso.com/fish_area/aji-koshigoe.html,0,1,0,8
2026-07-04,https://funatsuri-yoso.com/fish_area/aji-nakaminato.html,0,1,0,8
2026-07-04,https://funatsuri-yoso.com/fish_area/aji-yaizu.html,0,1,0,6
2026-07-04,https://funatsuri-yoso.com/fish_area/ara-togawa.html,0,1,0,1
2026-07-04,https://funatsuri-yoso.com/fish_area/fugu-kashima.html,0,1,0,8
2026-07-04,https://funatsuri-yoso.com/fish_area/fugu-ohara.html,0,1,0,10
2026-07-04,https://funatsuri-yoso.com/fish_area/hirame-%E4%BD%90%E5%B3%B6%E6%B8%AF.html,0,1,0,3
2026-07-04,https://funatsuri-yoso.com/fish_area/hirame-iioka.html,0,2,0,9.5
2026-07-04,https://funatsuri-yoso.com/fish_area/isaki-atami-port.html,0,1,0,5
2026-07-04,https://funatsuri-yoso.com/fish_area/isaki-kanazawa-hakkei.html,0,1,0,8
2026-07-04,https://funatsuri-yoso.com/fish_area/isaki-omaezaki.html,0,1,0,12
2026-07-04,https://funatsuri-yoso.com/fish_area/isaki-sajima.html,0,3,0,6
2026-07-04,https://funatsuri-yoso.com/fish_area/isaki-shimizu.html,0,1,0,4
2026-07-04,https://funatsuri-yoso.com/fish_area/kanpachi-shimoda.html,0,1,0,8
2026-07-04,https://funatsuri-yoso.com/fish_area/kasago-hasaki-shinko.html,0,1,0,10
2026-07-04,https://funatsuri-yoso.com/fish_area/kasago-hasaki.html,1,2,0.5,9.5
2026-07-04,https://funatsuri-yoso.com/fish_area/kasago-hitachi-kuji.html,0,1,0,6
2026-07-04,https://funatsuri-yoso.com/fish_area/kasago-ohara.html,0,1,0,10
2026-07-04,https://funatsuri-yoso.com/fish_area/kasago-yaizu.html,0,1,0,6
2026-07-04,https://funatsuri-yoso.com/fish_area/kintoki-ohara.html,0,1,0,8
2026-07-04,https://funatsuri-yoso.com/fish_area/kurodai-hiratsuka.html,0,1,0,7
2026-07-04,https://funatsuri-yoso.com/fish_area/kurodai-kanaya.html,0,1,0,10
2026-07-04,https://funatsuri-yoso.com/fish_area/madai-hitachi-kuji.html,0,1,0,9
2026-07-04,https://funatsuri-yoso.com/fish_area/madai-hitachi.html,0,1,0,32
2026-07-04,https://funatsuri-yoso.com/fish_area/madai-ohara.html,0,1,0,16
2026-07-04,https://funatsuri-yoso.com/fish_area/madai-omaezaki.html,0,1,0,11
2026-07-04,https://funatsuri-yoso.com/fish_area/maruika-hiratsuka.html,0,1,0,6
2026-07-04,https://funatsuri-yoso.com/fish_area/mejina-ito-shi.html,0,1,0,5
2026-07-04,https://funatsuri-yoso.com/fish_area/saba-koshigoe.html,1,1,1,7
2026-07-04,https://funatsuri-yoso.com/fish_area/shiira-hiratsuka.html,0,1,0,7
2026-07-04,https://funatsuri-yoso.com/fish_area/shima-aji-ohara.html,1,9,0.111111,10.56
2026-07-04,https://funatsuri-yoso.com/fish_area/shima-aji-shimoda.html,0,1,0,3
2026-07-04,https://funatsuri-yoso.com/fish_area/tachiuo-yaizu-ogawa.html,0,7,0,6.14
2026-07-04,https://funatsuri-yoso.com/fish_area/warasa-%E8%91%89%E5%B1%B1%E7%94%BA%E8%91%89%E5%B1%B1%E9%90%99%E6%91%BA%E6%B8%AF.html,0,1,0,8
2026-07-04,https://funatsuri-yoso.com/fish_area/warasa-ohara.html,0,1,0,9
2026-07-04,https://funatsuri-yoso.com/index.html,0,2,0,32.5
2026-07-04,https://funatsuri-yoso.com/monthly/2026-05/isaki.html,0,1,0,10
2026-07-04,https://funatsuri-yoso.com/ship/baika-maru.html,0,1,0,9
2026-07-04,https://funatsuri-yoso.com/ship/bo-maru.html,0,1,0,12
2026-07-04,https://funatsuri-yoso.com/ship/chowari-01192.html,0,2,0,10
2026-07-04,https://funatsuri-yoso.com/ship/funayado-mameya.html,0,1,0,7
2026-07-04,https://funatsuri-yoso.com/ship/gibei-maru.html,0,1,0,5
2026-07-04,https://funatsuri-yoso.com/ship/goro-maru.html,0,2,0,9.5
2026-07-04,https://funatsuri-yoso.com/ship/kamoshita-maru-kawana.html,0,2,0,10.5
2026-07-04,https://funatsuri-yoso.com/ship/ko-maru.html,0,2,0,22
2026-07-04,https://funatsuri-yoso.com/ship/koei-maru-yaizu.html,0,1,0,10
2026-07-04,https://funatsuri-yoso.com/ship/kotatsu-maru.html,0,5,0,8.8
2026-07-04,https://funatsuri-yoso.com/ship/marubachi.html,0,1,0,11
2026-07-04,https://funatsuri-yoso.com/ship/onuki-maru.html,0,1,0,11
2026-07-04,https://funatsuri-yoso.com/ship/riki-maru.html,0,1,0,10
2026-07-04,https://funatsuri-yoso.com/ship/seisho-maru.html,0,3,0,7.67
2026-07-04,https://funatsuri-yoso.com/ship/taro-maru.html,0,1,0,11
2026-07-04,https://funatsuri-yoso.com/ship/yamakawa-maru.html,0,1,0,9
2026-07-04,https://funatsuri-yoso.com/ship/yamaten-maru.html,0,2,0,13.5
2026-07-04,https://funatsuri-yoso.com/ship/yonemoto-tsuribuneten.html,0,3,0,6.67
2026-07-04,https://funatsuri-yoso.com/x_post/2026-07-02.html,0,1,0,11
2026-07-05,https://funatsuri-yoso.com/,1,50,0.02,8.92
2026-07-05,https://funatsuri-yoso.com/area/,0,1,0,50
2026-07-05,https://funatsuri-yoso.com/area/ajiro.html,0,1,0,9
2026-07-05,https://funatsuri-yoso.com/area/amatsu.html,0,16,0,7.38
2026-07-05,https://funatsuri-yoso.com/area/fukuda.html,0,1,0,9
2026-07-05,https://funatsuri-yoso.com/area/futtsu.html,0,6,0,6.33
2026-07-05,https://funatsuri-yoso.com/area/hasaki-shinko.html,0,1,0,9
2026-07-05,https://funatsuri-yoso.com/area/hayama-abuzuri.html,0,1,0,10
2026-07-05,https://funatsuri-yoso.com/area/hitachi-kuji.html,0,1,0,15
2026-07-05,https://funatsuri-yoso.com/area/iioka.html,2,63,0.031746,6.54
2026-07-05,https://funatsuri-yoso.com/area/kanaya.html,3,35,0.085714,7.94
2026-07-05,https://funatsuri-yoso.com/area/oarai.html,0,9,0,7.78
2026-07-05,https://funatsuri-yoso.com/area/odawara-hayakawa.html,0,2,0,8
2026-07-05,https://funatsuri-yoso.com/area/ohara.html,0,5,0,19.6
2026-07-05,https://funatsuri-yoso.com/area/sajima.html,0,3,0,8
2026-07-05,https://funatsuri-yoso.com/area/suzaki.html,0,2,0,9.5
2026-07-05,https://funatsuri-yoso.com/area/tagonoura.html,0,1,0,7
2026-07-05,https://funatsuri-yoso.com/area/yui.html,0,1,0,7
2026-07-05,https://funatsuri-yoso.com/fish/abura-bouzu.html,0,2,0,3
2026-07-05,https://funatsuri-yoso.com/fish/aji.html,0,5,0,9
2026-07-05,https://funatsuri-yoso.com/fish/anago.html,0,1,0,8
2026-07-05,https://funatsuri-yoso.com/fish/aoriika.html,0,4,0,9
2026-07-05,https://funatsuri-yoso.com/fish/ara.html,0,4,0,2.5
2026-07-05,https://funatsuri-yoso.com/fish/hirame.html,0,10,0,9.9
2026-07-05,https://funatsuri-yoso.com/fish/houbou.html,0,1,0,8
2026-07-05,https://funatsuri-yoso.com/fish/inada.html,1,5,0.2,7
2026-07-05,https://funatsuri-yoso.com/fish/isaki.html,0,3,0,6.67
2026-07-05,https://funatsuri-yoso.com/fish/ishimochi.html,0,5,0,7
2026-07-05,https://funatsuri-yoso.com/fish/kanpachi.html,0,13,0,9.77
2026-07-05,https://funatsuri-yoso.com/fish/katsuo.html,0,1,0,9
2026-07-05,https://funatsuri-yoso.com/fish/kurodai.html,0,2,0,8.5
2026-07-05,https://funatsuri-yoso.com/fish/kuromutsu.html,0,2,0,5
2026-07-05,https://funatsuri-yoso.com/fish/madai.html,0,1,0,8
2026-07-05,https://funatsuri-yoso.com/fish/madako.html,0,14,0,9.86
2026-07-05,https://funatsuri-yoso.com/fish/maruika.html,0,6,0,11.17
2026-07-05,https://funatsuri-yoso.com/fish/mugiika.html,0,5,0,10
2026-07-05,https://funatsuri-yoso.com/fish/onikasago.html,0,1,0,11
2026-07-05,https://funatsuri-yoso.com/fish/seabass.html,0,1,0,2
2026-07-05,https://funatsuri-yoso.com/fish/shima-aji.html,0,7,0,11.86
2026-07-05,https://funatsuri-yoso.com/fish/shirogisu.html,1,1,1,7
2026-07-05,https://funatsuri-yoso.com/fish/sumiika.html,0,1,0,11
2026-07-05,https://funatsuri-yoso.com/fish/tachiuo.html,1,17,0.058824,8.41
2026-07-05,https://funatsuri-yoso.com/fish/torafugu.html,0,2,0,27
2026-07-05,https://funatsuri-yoso.com/fish/warasa.html,0,1,0,8
2026-07-05,https://funatsuri-yoso.com/fish_area/aji-chigasaki.html,0,2,0,5.5
2026-07-05,https://funatsuri-yoso.com/fish_area/aji-iioka.html,0,1,0,10
2026-07-05,https://funatsuri-yoso.com/fish_area/aji-kanaya.html,0,1,0,9
2026-07-05,https://funatsuri-yoso.com/fish_area/aji-kanazawa-hakkei.html,0,1,0,6
2026-07-05,https://funatsuri-yoso.com/fish_area/aji-manazuru-port.html,0,2,0,8
2026-07-05,https://funatsuri-yoso.com/fish_area/aji-oarai.html,0,1,0,16
2026-07-05,https://funatsuri-yoso.com/fish_area/aji-oiso.html,0,1,0,10
2026-07-05,https://funatsuri-yoso.com/fish_area/bishi-aji-kanaya.html,0,1,0,9
2026-07-05,https://funatsuri-yoso.com/fish_area/fugu-chigasaki.html,0,1,0,3
2026-07-05,https://funatsuri-yoso.com/fish_area/hirame-hasaki.html,0,2,0,8
2026-07-05,https://funatsuri-yoso.com/fish_area/hirame-hiratsuka.html,0,1,0,9
2026-07-05,https://funatsuri-yoso.com/fish_area/hirame-iioka.html,0,1,0,10
2026-07-05,https://funatsuri-yoso.com/fish_area/hirame-ohara.html,0,1,0,8
2026-07-05,https://funatsuri-yoso.com/fish_area/isaki-atami-port.html,0,1,0,8
2026-07-05,https://funatsuri-yoso.com/fish_area/isaki-ohara.html,0,4,0,9.75
2026-07-05,https://funatsuri-yoso.com/fish_area/isaki-omaezaki.html,0,1,0,6
2026-07-05,https://funatsuri-yoso.com/fish_area/isaki-teishi.html,0,1,0,10
2026-07-05,https://funatsuri-yoso.com/fish_area/kasago-ohara.html,0,1,0,7
2026-07-05,https://funatsuri-yoso.com/fish_area/kawahagi-chigasaki.html,0,1,0,7
2026-07-05,https://funatsuri-yoso.com/fish_area/kurodai-hiratsuka.html,0,1,0,3
2026-07-05,https://funatsuri-yoso.com/fish_area/madai-hitachi-kuji.html,0,1,0,13
2026-07-05,https://funatsuri-yoso.com/fish_area/madai-kashima.html,0,2,0,10
2026-07-05,https://funatsuri-yoso.com/fish_area/madai-ohara.html,0,2,0,17
2026-07-05,https://funatsuri-yoso.com/fish_area/madako-futtsu.html,0,1,0,6
2026-07-05,https://funatsuri-yoso.com/fish_area/madako-kanazawa-hakkei.html,0,2,0,4.5
2026-07-05,https://funatsuri-yoso.com/fish_area/maruika-hiratsuka.html,0,1,0,16
2026-07-05,https://funatsuri-yoso.com/fish_area/saba-kashima.html,0,2,0,9
2026-07-05,https://funatsuri-yoso.com/fish_area/shiira-hiratsuka.html,0,1,0,11
2026-07-05,https://funatsuri-yoso.com/fish_area/shima-aji-ohara.html,0,7,0,12.14
2026-07-05,https://funatsuri-yoso.com/fish_area/shima-aji-omaezaki.html,0,1,0,5
2026-07-05,https://funatsuri-yoso.com/fish_area/shima-aji-shimoda.html,0,1,0,9
2026-07-05,https://funatsuri-yoso.com/fish_area/surumeika-odawara-hayakawa.html,0,1,0,10
2026-07-05,https://funatsuri-yoso.com/fish_area/torafugu-kashima.html,0,2,0,2
2026-07-05,https://funatsuri-yoso.com/index.html,0,2,0,8.5
2026-07-05,https://funatsuri-yoso.com/monthly/2026-05/tachiuo.html,0,1,0,3
2026-07-05,https://funatsuri-yoso.com/pages/about.html,0,1,0,8
2026-07-05,https://funatsuri-yoso.com/ship/chowari-01192.html,0,2,0,10
2026-07-05,https://funatsuri-yoso.com/ship/harumori-maru.html,0,2,0,8
2026-07-05,https://funatsuri-yoso.com/ship/ikatsu-maru.html,0,1,0,25
2026-07-05,https://funatsuri-yoso.com/ship/kamoshita-maru-kawana.html,0,1,0,11
2026-07-05,https://funatsuri-yoso.com/ship/ko-maru.html,0,2,0,6.5
2026-07-05,https://funatsuri-yoso.com/ship/koryo-maru.html,0,1,0,9
2026-07-05,https://funatsuri-yoso.com/ship/kotatsu-maru.html,0,6,0,8.83
2026-07-05,https://funatsuri-yoso.com/ship/kotoku-maru.html,0,1,0,10
2026-07-05,https://funatsuri-yoso.com/ship/rieiei-maru.html,0,1,0,11
2026-07-05,https://funatsuri-yoso.com/ship/seisho-maru.html,0,1,0,7
2026-07-05,https://funatsuri-yoso.com/ship/yonemoto-tsuribuneten.html,0,6,0,8.67
2026-07-05,https://funatsuri-yoso.com/ship/yuko-maru-iioka.html,0,1,0,10
2026-07-05,https://funatsuri-yoso.com/x_post/2026-06-12.html,0,1,0,21
2026-07-05,https://funatsuri-yoso.com/x_post/2026-07-03.html,0,2,0,4
2026-07-06,https://funatsuri-yoso.com/,2,38,0.052632,9.16
2026-07-06,https://funatsuri-yoso.com/area/,0,2,0,20
2026-07-06,https://funatsuri-yoso.com/area/ajiro.html,0,1,0,1
2026-07-06,https://funatsuri-yoso.com/area/amatsu.html,0,10,0,9.6
2026-07-06,https://funatsuri-yoso.com/area/chigasaki.html,0,1,0,7
2026-07-06,https://funatsuri-yoso.com/area/futtsu.html,0,5,0,6.2
2026-07-06,https://funatsuri-yoso.com/area/hasaki-shinko.html,0,1,0,11
2026-07-06,https://funatsuri-yoso.com/area/iioka.html,2,55,0.036364,7.33
2026-07-06,https://funatsuri-yoso.com/area/kanaya.html,0,17,0,7.88
2026-07-06,https://funatsuri-yoso.com/area/katakai.html,0,1,0,1
2026-07-06,https://funatsuri-yoso.com/area/oarai.html,1,7,0.142857,8.14
2026-07-06,https://funatsuri-yoso.com/area/odawara-hayakawa.html,0,2,0,7.5
2026-07-06,https://funatsuri-yoso.com/area/ohara.html,0,9,0,10.89
2026-07-06,https://funatsuri-yoso.com/area/sajima.html,0,2,0,8.5
2026-07-06,https://funatsuri-yoso.com/area/samezu-katsushima.html,0,1,0,13
2026-07-06,https://funatsuri-yoso.com/area/shin-imaibashi.html,0,1,0,11
2026-07-06,https://funatsuri-yoso.com/area/urayasu-bay.html,0,1,0,15
2026-07-06,https://funatsuri-yoso.com/fish/,0,4,0,25
2026-07-06,https://funatsuri-yoso.com/fish/aji.html,0,4,0,14.25
2026-07-06,https://funatsuri-yoso.com/fish/aoriika.html,0,1,0,15
2026-07-06,https://funatsuri-yoso.com/fish/ara.html,0,2,0,25
2026-07-06,https://funatsuri-yoso.com/fish/hanadai.html,0,3,0,6
2026-07-06,https://funatsuri-yoso.com/fish/hirame.html,0,1,0,11
2026-07-06,https://funatsuri-yoso.com/fish/inada.html,0,11,0,6.18
2026-07-06,https://funatsuri-yoso.com/fish/isaki.html,0,5,0,9.2
2026-07-06,https://funatsuri-yoso.com/fish/ishimochi.html,0,3,0,10.33
2026-07-06,https://funatsuri-yoso.com/fish/kamasu.html,0,1,0,11
2026-07-06,https://funatsuri-yoso.com/fish/kanpachi.html,0,5,0,6.8
2026-07-06,https://funatsuri-yoso.com/fish/katsuo.html,0,1,0,9
2026-07-06,https://funatsuri-yoso.com/fish/kurodai.html,0,1,0,15
2026-07-06,https://funatsuri-yoso.com/fish/madako.html,0,6,0,8.67
2026-07-06,https://funatsuri-yoso.com/fish/maruika.html,0,5,0,3.8
2026-07-06,https://funatsuri-yoso.com/fish/mugiika.html,0,1,0,10
2026-07-06,https://funatsuri-yoso.com/fish/onikasago.html,0,7,0,8.57
2026-07-06,https://funatsuri-yoso.com/fish/seabass.html,0,1,0,11
2026-07-06,https://funatsuri-yoso.com/fish/shiira.html,0,1,0,11
2026-07-06,https://funatsuri-yoso.com/fish/shima-aji.html,0,2,0,5
2026-07-06,https://funatsuri-yoso.com/fish/shousaifugu.html,0,1,0,11
2026-07-06,https://funatsuri-yoso.com/fish/tachiuo.html,0,9,0,8.56
2026-07-06,https://funatsuri-yoso.com/fish/warasa.html,0,1,0,8
2026-07-06,https://funatsuri-yoso.com/fish_area/aji-kanaya.html,0,1,0,11
2026-07-06,https://funatsuri-yoso.com/fish_area/aji-koshigoe.html,0,1,0,3
2026-07-06,https://funatsuri-yoso.com/fish_area/aji-matsuwa-ena.html,0,1,0,9
2026-07-06,https://funatsuri-yoso.com/fish_area/ara-togawa.html,0,1,0,10
2026-07-06,https://funatsuri-yoso.com/fish_area/hirame-%E8%91%89%E5%B1%B1%E7%94%BA%E8%91%89%E5%B1%B1%E9%90%99%E6%91%BA%E6%B8%AF.html,0,1,0,30
2026-07-06,https://funatsuri-yoso.com/fish_area/hirame-iioka.html,0,2,0,13.5
2026-07-06,https://funatsuri-yoso.com/fish_area/isaki-ohara.html,0,1,0,8
2026-07-06,https://funatsuri-yoso.com/fish_area/kawahagi-kanaya.html,0,1,0,8
2026-07-06,https://funatsuri-yoso.com/fish_area/madai-omaezaki.html,0,1,0,23
2026-07-06,https://funatsuri-yoso.com/fish_area/medai-omaezaki.html,0,2,0,4.5
2026-07-06,https://funatsuri-yoso.com/fish_area/saba-kashima.html,0,3,0,7.67
2026-07-06,https://funatsuri-yoso.com/fish_area/seabass-nomigawa.html,0,1,0,6
2026-07-06,https://funatsuri-yoso.com/fish_area/shima-aji-ohara.html,1,7,0.142857,8.14
2026-07-06,https://funatsuri-yoso.com/fish_area/shirogisu-oiso.html,0,1,0,6
2026-07-06,https://funatsuri-yoso.com/fish_area/shousaifugu-%E9%B9%BF%E5%B6%8B%E6%97%A7%E6%B8%AF.html,0,1,0,10
2026-07-06,https://funatsuri-yoso.com/fish_area/surumeika-odawara-hayakawa.html,0,1,0,10
2026-07-06,https://funatsuri-yoso.com/index.html,0,2,0,6.5
2026-07-06,https://funatsuri-yoso.com/pages/terms.html,0,1,0,3
2026-07-06,https://funatsuri-yoso.com/ship/chigasaki-maru.html,0,1,0,9
2026-07-06,https://funatsuri-yoso.com/ship/goro-maru.html,0,1,0,9
2026-07-06,https://funatsuri-yoso.com/ship/harumori-maru.html,0,1,0,11
2026-07-06,https://funatsuri-yoso.com/ship/kako-maru.html,0,1,0,9
2026-07-06,https://funatsuri-yoso.com/ship/ko-maru.html,0,3,0,8
2026-07-06,https://funatsuri-yoso.com/ship/minami-tsuribune.html,0,1,0,11
2026-07-06,https://funatsuri-yoso.com/ship/onuki-maru.html,0,1,0,2
2026-07-06,https://funatsuri-yoso.com/ship/riki-maru.html,0,4,0,9.5
2026-07-06,https://funatsuri-yoso.com/ship/taiko-maru.html,0,1,0,7
2026-07-06,https://funatsuri-yoso.com/ship/yonemoto-tsuribuneten.html,0,3,0,8.33
2026-07-06,https://funatsuri-yoso.com/x_post/2026-07-04.html,0,2,0,3.5
2026-07-07,https://funatsuri-yoso.com/,1,34,0.029412,9.29
2026-07-07,https://funatsuri-yoso.com/area/ajiro-port.html,0,1,0,10
2026-07-07,https://funatsuri-yoso.com/area/amatsu.html,1,18,0.055556,7.44
2026-07-07,https://funatsuri-yoso.com/area/chigasaki.html,0,1,0,6
2026-07-07,https://funatsuri-yoso.com/area/futtsu.html,0,3,0,8.33
2026-07-07,https://funatsuri-yoso.com/area/hasaki-shinko.html,0,2,0,7.5
2026-07-07,https://funatsuri-yoso.com/area/hasaki.html,0,1,0,7
2026-07-07,https://funatsuri-yoso.com/area/hitachi-kuji.html,0,1,0,10
2026-07-07,https://funatsuri-yoso.com/area/iioka.html,0,80,0,6.81
2026-07-07,https://funatsuri-yoso.com/area/kanaya.html,0,13,0,8
2026-07-07,https://funatsuri-yoso.com/area/manazuru-port.html,0,1,0,4
2026-07-07,https://funatsuri-yoso.com/area/nagaura.html,0,1,0,6
2026-07-07,https://funatsuri-yoso.com/area/oarai.html,1,4,0.25,10.5
2026-07-07,https://funatsuri-yoso.com/area/ohara.html,0,6,0,8.83
2026-07-07,https://funatsuri-yoso.com/area/sajima.html,0,2,0,13.5
2026-07-07,https://funatsuri-yoso.com/area/urayasu-bay.html,0,1,0,8
2026-07-07,https://funatsuri-yoso.com/area/yokohama-honmoku.html,1,1,1,1
2026-07-07,https://funatsuri-yoso.com/area/yoshida.html,0,1,0,20
2026-07-07,https://funatsuri-yoso.com/fish/,0,1,0,39
2026-07-07,https://funatsuri-yoso.com/fish/abura-bouzu.html,0,1,0,7
2026-07-07,https://funatsuri-yoso.com/fish/aji.html,0,10,0,9.3
2026-07-07,https://funatsuri-yoso.com/fish/ara.html,0,4,0,8.5
2026-07-07,https://funatsuri-yoso.com/fish/hanadai.html,0,3,0,10.33
2026-07-07,https://funatsuri-yoso.com/fish/hirame.html,0,5,0,8.2
2026-07-07,https://funatsuri-yoso.com/fish/houbou.html,0,1,0,1
2026-07-07,https://funatsuri-yoso.com/fish/inada.html,0,4,0,8.5
2026-07-07,https://funatsuri-yoso.com/fish/isaki.html,0,3,0,6.67
2026-07-07,https://funatsuri-yoso.com/fish/ishimochi.html,0,2,0,7
2026-07-07,https://funatsuri-yoso.com/fish/kamasu.html,0,1,0,9
2026-07-07,https://funatsuri-yoso.com/fish/kanpachi.html,0,4,0,6
2026-07-07,https://funatsuri-yoso.com/fish/karei.html,0,5,0,6
2026-07-07,https://funatsuri-yoso.com/fish/katsuo.html,0,1,0,9
2026-07-07,https://funatsuri-yoso.com/fish/kihada-maguro.html,0,3,0,6
2026-07-07,https://funatsuri-yoso.com/fish/kintoki.html,0,3,0,5.67
2026-07-07,https://funatsuri-yoso.com/fish/kurodai.html,0,1,0,7
2026-07-07,https://funatsuri-yoso.com/fish/madai.html,0,6,0,9.67
2026-07-07,https://funatsuri-yoso.com/fish/madako.html,0,5,0,9.8
2026-07-07,https://funatsuri-yoso.com/fish/maruika.html,0,5,0,7.4
2026-07-07,https://funatsuri-yoso.com/fish/onikasago.html,0,5,0,5.2
2026-07-07,https://funatsuri-yoso.com/fish/seabass.html,0,1,0,8
2026-07-07,https://funatsuri-yoso.com/fish/shiira.html,0,1,0,30
2026-07-07,https://funatsuri-yoso.com/fish/shima-aji.html,0,6,0,11.83
2026-07-07,https://funatsuri-yoso.com/fish/shirogisu.html,0,1,0,10
2026-07-07,https://funatsuri-yoso.com/fish/shousaifugu.html,1,1,1,39
2026-07-07,https://funatsuri-yoso.com/fish/tachiuo.html,1,11,0.090909,9.27
2026-07-07,https://funatsuri-yoso.com/fish/warasa.html,0,1,0,9
2026-07-07,https://funatsuri-yoso.com/fish_area/aji-fukuda.html,0,1,0,15
2026-07-07,https://funatsuri-yoso.com/fish_area/aji-hiratsuka.html,0,1,0,4
2026-07-07,https://funatsuri-yoso.com/fish_area/aji-kamoi-omuro.html,0,1,0,2
2026-07-07,https://funatsuri-yoso.com/fish_area/aji-kanaya.html,0,1,0,4
2026-07-07,https://funatsuri-yoso.com/fish_area/aji-kanazawa-gyoko.html,0,1,0,5
2026-07-07,https://funatsuri-yoso.com/fish_area/aji-manazuru-port.html,0,1,0,3
2026-07-07,https://funatsuri-yoso.com/fish_area/aji-nakaminato.html,0,1,0,9
2026-07-07,https://funatsuri-yoso.com/fish_area/aji-oarai.html,0,1,0,9
2026-07-07,https://funatsuri-yoso.com/fish_area/aji-odawara-hayakawa.html,0,1,0,8
2026-07-07,https://funatsuri-yoso.com/fish_area/amadai-usami.html,1,1,1,1
2026-07-07,https://funatsuri-yoso.com/fish_area/fugu-kashima-port.html,0,1,0,10
2026-07-07,https://funatsuri-yoso.com/fish_area/hanadai-hiratsuka.html,0,1,0,3
2026-07-07,https://funatsuri-yoso.com/fish_area/hanadai-iioka.html,0,1,0,11
2026-07-07,https://funatsuri-yoso.com/fish_area/inada-kuji.html,1,1,1,9
2026-07-07,https://funatsuri-yoso.com/fish_area/isaki-matsuwa-ena.html,0,1,0,9
2026-07-07,https://funatsuri-yoso.com/fish_area/isaki-ohara.html,0,2,0,14.5
2026-07-07,https://funatsuri-yoso.com/fish_area/kanpachi-shimoda.html,0,1,0,9
2026-07-07,https://funatsuri-yoso.com/fish_area/kanpachi-teishi.html,1,1,1,18
2026-07-07,https://funatsuri-yoso.com/fish_area/kasago-katase-gyoko.html,0,1,0,6
2026-07-07,https://funatsuri-yoso.com/fish_area/kinmedai-katakai.html,0,1,0,1
2026-07-07,https://funatsuri-yoso.com/fish_area/madai-hitachi-kuji.html,0,1,0,7
2026-07-07,https://funatsuri-yoso.com/fish_area/madai-kashima.html,0,1,0,7
2026-07-07,https://funatsuri-yoso.com/fish_area/madai-koshiba.html,0,1,0,7
2026-07-07,https://funatsuri-yoso.com/fish_area/madai-ohara.html,0,4,0,7
2026-07-07,https://funatsuri-yoso.com/fish_area/madako-kanazawa-hakkei.html,0,1,0,17
2026-07-07,https://funatsuri-yoso.com/fish_area/maruika-matsuwa-maguchi.html,0,1,0,10
2026-07-07,https://funatsuri-yoso.com/fish_area/shima-aji-ohara.html,0,7,0,12.14
2026-07-07,https://funatsuri-yoso.com/fish_area/shima-aji-omaezaki.html,0,1,0,9
2026-07-07,https://funatsuri-yoso.com/fish_area/surumeika-nagai.html,0,1,0,9
2026-07-07,https://funatsuri-yoso.com/fish_area/surumeika-odawara-hayakawa.html,0,1,0,10
2026-07-07,https://funatsuri-yoso.com/index.html,0,1,0,11
2026-07-07,https://funatsuri-yoso.com/ship/daisan-shoei-maru.html,0,2,0,10
2026-07-07,https://funatsuri-yoso.com/ship/goro-maru.html,0,3,0,8.67
2026-07-07,https://funatsuri-yoso.com/ship/ikatsu-maru.html,0,3,0,27.33
2026-07-07,https://funatsuri-yoso.com/ship/jin-maru.html,0,1,0,9
2026-07-07,https://funatsuri-yoso.com/ship/kamoshita-maru-kawana.html,0,1,0,10
2026-07-07,https://funatsuri-yoso.com/ship/ko-maru-oiso.html,0,1,0,7
2026-07-07,https://funatsuri-yoso.com/ship/ko-maru.html,0,2,0,10.5
2026-07-07,https://funatsuri-yoso.com/ship/kotoku-maru.html,0,1,0,11
2026-07-07,https://funatsuri-yoso.com/ship/minosuke-maru.html,0,1,0,10
2026-07-07,https://funatsuri-yoso.com/ship/moki-maru.html,0,1,0,8
2026-07-07,https://funatsuri-yoso.com/ship/nagasakiya.html,0,1,0,7
2026-07-07,https://funatsuri-yoso.com/ship/nikaiya-maru.html,0,1,0,8
2026-07-07,https://funatsuri-yoso.com/ship/oharu-maru.html,1,1,1,14
2026-07-07,https://funatsuri-yoso.com/ship/onuki-maru.html,1,1,1,5
2026-07-07,https://funatsuri-yoso.com/ship/sanjiro-maru.html,0,1,0,8
2026-07-07,https://funatsuri-yoso.com/ship/sashima-kairakuen.html,0,1,0,10
2026-07-07,https://funatsuri-yoso.com/ship/yonemoto-tsuribuneten.html,0,2,0,7.5
2026-07-07,https://funatsuri-yoso.com/x_post/2026-06-28.html,0,2,0,7
2026-07-07,https://funatsuri-yoso.com/x_post/2026-07-04.html,0,5,0,6.8
2026-07-08,https://funatsuri-yoso.com/,1,32,0.03125,7.78
2026-07-08,https://funatsuri-yoso.com/area/,0,2,0,5
2026-07-08,https://funatsuri-yoso.com/area/amatsu.html,0,8,0,7.38
2026-07-08,https://funatsuri-yoso.com/area/futtsu.html,1,9,0.111111,9.11
2026-07-08,https://funatsuri-yoso.com/area/hasaki-shinko.html,0,7,0,9.43
2026-07-08,https://funatsuri-yoso.com/area/iioka.html,0,79,0,7.23
2026-07-08,https://funatsuri-yoso.com/area/kanaya.html,0,23,0,6.91
2026-07-08,https://funatsuri-yoso.com/area/kuji.html,0,1,0,27
2026-07-08,https://funatsuri-yoso.com/area/oarai.html,0,2,0,10.5
2026-07-08,https://funatsuri-yoso.com/area/odawara-hayakawa.html,0,1,0,7
2026-07-08,https://funatsuri-yoso.com/area/ohara.html,0,10,0,7.7
2026-07-08,https://funatsuri-yoso.com/area/sajima.html,0,2,0,10.5
2026-07-08,https://funatsuri-yoso.com/area/tagonoura.html,0,1,0,18
2026-07-08,https://funatsuri-yoso.com/area/teishi.html,0,1,0,10
2026-07-08,https://funatsuri-yoso.com/fish/,0,1,0,11
2026-07-08,https://funatsuri-yoso.com/fish/abura-bouzu.html,0,1,0,7
2026-07-08,https://funatsuri-yoso.com/fish/aji.html,0,10,0,8.9
2026-07-08,https://funatsuri-yoso.com/fish/aoriika.html,0,1,0,21
2026-07-08,https://funatsuri-yoso.com/fish/bishi-aji.html,0,1,0,21
2026-07-08,https://funatsuri-yoso.com/fish/hanadai.html,0,1,0,11
2026-07-08,https://funatsuri-yoso.com/fish/hiramasa.html,0,1,0,5
2026-07-08,https://funatsuri-yoso.com/fish/hirame.html,0,2,0,5
2026-07-08,https://funatsuri-yoso.com/fish/inada.html,0,10,0,6.6
2026-07-08,https://funatsuri-yoso.com/fish/isaki.html,0,2,0,11.5
2026-07-08,https://funatsuri-yoso.com/fish/ishimochi.html,0,4,0,8.5
2026-07-08,https://funatsuri-yoso.com/fish/kanpachi.html,0,3,0,4
2026-07-08,https://funatsuri-yoso.com/fish/karei.html,0,4,0,14.75
2026-07-08,https://funatsuri-yoso.com/fish/katsuo.html,0,1,0,10
2026-07-08,https://funatsuri-yoso.com/fish/kihada-maguro.html,0,1,0,8
2026-07-08,https://funatsuri-yoso.com/fish/madai.html,0,2,0,8
2026-07-08,https://funatsuri-yoso.com/fish/madako.html,0,4,0,8.75
2026-07-08,https://funatsuri-yoso.com/fish/maruika.html,0,9,0,11.89
2026-07-08,https://funatsuri-yoso.com/fish/mugiika.html,0,1,0,1
2026-07-08,https://funatsuri-yoso.com/fish/onikasago.html,0,1,0,9
2026-07-08,https://funatsuri-yoso.com/fish/seabass.html,0,3,0,6
2026-07-08,https://funatsuri-yoso.com/fish/shima-aji.html,0,9,0,8.56
2026-07-08,https://funatsuri-yoso.com/fish/shirogisu.html,0,1,0,10
2026-07-08,https://funatsuri-yoso.com/fish/shousaifugu.html,0,1,0,6
2026-07-08,https://funatsuri-yoso.com/fish/sumiika.html,0,2,0,9.5
2026-07-08,https://funatsuri-yoso.com/fish/tachiuo.html,0,12,0,9.58
2026-07-08,https://funatsuri-yoso.com/fish_area/aji-kanazawa-hakkei.html,0,1,0,6
2026-07-08,https://funatsuri-yoso.com/fish_area/aji-kashima-port.html,0,3,0,5.67
2026-07-08,https://funatsuri-yoso.com/fish_area/aji-koshiba.html,0,4,0,9.25
2026-07-08,https://funatsuri-yoso.com/fish_area/aji-oarai.html,0,1,0,9
2026-07-08,https://funatsuri-yoso.com/fish_area/akamutsu-hasaki.html,0,1,0,7
2026-07-08,https://funatsuri-yoso.com/fish_area/aoriika-kanaya.html,0,1,0,9
2026-07-08,https://funatsuri-yoso.com/fish_area/fugu-kashima-port.html,0,2,0,11.5
2026-07-08,https://funatsuri-yoso.com/fish_area/hirame-iioka.html,0,1,0,8
2026-07-08,https://funatsuri-yoso.com/fish_area/hirame-kashima-port.html,0,1,0,6
2026-07-08,https://funatsuri-yoso.com/fish_area/hirame-kashima.html,0,1,0,3
2026-07-08,https://funatsuri-yoso.com/fish_area/hirame-omaezaki.html,0,1,0,11
2026-07-08,https://funatsuri-yoso.com/fish_area/inada-oarai.html,0,1,0,9
2026-07-08,https://funatsuri-yoso.com/fish_area/isaki-arari.html,0,3,0,6
2026-07-08,https://funatsuri-yoso.com/fish_area/isaki-fukuda.html,0,1,0,7
2026-07-08,https://funatsuri-yoso.com/fish_area/isaki-kanazawa-hakkei.html,0,1,0,24
2026-07-08,https://funatsuri-yoso.com/fish_area/isaki-ohara.html,0,4,0,14.5
2026-07-08,https://funatsuri-yoso.com/fish_area/isaki-sajima.html,0,3,0,7.67
2026-07-08,https://funatsuri-yoso.com/fish_area/kasago-hasaki-shinko.html,0,1,0,10
2026-07-08,https://funatsuri-yoso.com/fish_area/kasago-shizuura.html,0,1,0,8
2026-07-08,https://funatsuri-yoso.com/fish_area/madai-kanazawa-hakkei.html,0,1,0,12
2026-07-08,https://funatsuri-yoso.com/fish_area/madai-ohara.html,0,4,0,7
2026-07-08,https://funatsuri-yoso.com/fish_area/madako-kanazawa-hakkei.html,0,1,0,9
2026-07-08,https://funatsuri-yoso.com/fish_area/maruika-hiratsuka.html,0,1,0,4
2026-07-08,https://funatsuri-yoso.com/fish_area/moroko-shimoda.html,1,1,1,4
2026-07-08,https://funatsuri-yoso.com/fish_area/shima-aji-ohara.html,0,6,0,7.17
2026-07-08,https://funatsuri-yoso.com/fish_area/shirogisu-oiso.html,0,1,0,1
2026-07-08,https://funatsuri-yoso.com/fish_area/tachiuo-kurihama.html,1,3,0.333333,10
2026-07-08,https://funatsuri-yoso.com/pages/about.html,1,4,0.25,5.5
2026-07-08,https://funatsuri-yoso.com/ship/amasakeya-maru.html,0,2,0,17.5
2026-07-08,https://funatsuri-yoso.com/ship/chowari-01192.html,0,2,0,9
2026-07-08,https://funatsuri-yoso.com/ship/chowari-01696.html,0,3,0,8.33
2026-07-08,https://funatsuri-yoso.com/ship/daisan-shoei-maru.html,0,1,0,10
2026-07-08,https://funatsuri-yoso.com/ship/goro-maru.html,0,1,0,10
2026-07-08,https://funatsuri-yoso.com/ship/hitachi-maru.html,0,1,0,6
2026-07-08,https://funatsuri-yoso.com/ship/jin-maru.html,0,1,0,9
2026-07-08,https://funatsuri-yoso.com/ship/kako-maru.html,0,1,0,4
2026-07-08,https://funatsuri-yoso.com/ship/ko-maru-oiso.html,0,2,0,10
2026-07-08,https://funatsuri-yoso.com/ship/ko-maru.html,0,1,0,12
2026-07-08,https://funatsuri-yoso.com/ship/koryo-maru.html,0,3,0,9
2026-07-08,https://funatsuri-yoso.com/ship/onuki-maru.html,0,2,0,7.5
2026-07-08,https://funatsuri-yoso.com/ship/shinko-maru.html,0,1,0,7
2026-07-08,https://funatsuri-yoso.com/ship/shinsei-maru.html,0,1,0,10
2026-07-08,https://funatsuri-yoso.com/ship/taiko-maru.html,0,1,0,7
2026-07-08,https://funatsuri-yoso.com/ship/yonemoto-tsuribuneten.html,0,5,0,8.2
2026-07-08,https://funatsuri-yoso.com/x_post/2026-07-04.html,0,1,0,6
2026-07-08,https://funatsuri-yoso.com/x_post/2026-07-05.html,0,1,0,3
2026-07-08,https://funatsuri-yoso.com/x_post/2026-07-06.html,0,1,0,5
2026-07-09,https://funatsuri-yoso.com/,1,26,0.038462,8.42
2026-07-09,https://funatsuri-yoso.com/area/ajiro-port.html,1,2,0.5,7
2026-07-09,https://funatsuri-yoso.com/area/amatsu.html,0,22,0,7.45
2026-07-09,https://funatsuri-yoso.com/area/chigasaki.html,0,1,0,11
2026-07-09,https://funatsuri-yoso.com/area/futtsu.html,0,4,0,4.75
2026-07-09,https://funatsuri-yoso.com/area/hasaki-shinko.html,0,7,0,7.71
2026-07-09,https://funatsuri-yoso.com/area/hitachi-kuji.html,0,9,0,4.78
2026-07-09,https://funatsuri-yoso.com/area/iioka.html,0,79,0,6.85
2026-07-09,https://funatsuri-yoso.com/area/kanaya.html,1,21,0.047619,7.95
2026-07-09,https://funatsuri-yoso.com/area/oarai.html,0,4,0,8.75
2026-07-09,https://funatsuri-yoso.com/area/odawara-hayakawa.html,0,3,0,10.67
2026-07-09,https://funatsuri-yoso.com/area/ohara.html,0,7,0,12.57
2026-07-09,https://funatsuri-yoso.com/area/sajima.html,0,3,0,10
2026-07-09,https://funatsuri-yoso.com/area/yokohama-honmoku.html,0,2,0,13
2026-07-09,https://funatsuri-yoso.com/fish/,0,8,0,12.88
2026-07-09,https://funatsuri-yoso.com/fish/abura-bouzu.html,0,1,0,4
2026-07-09,https://funatsuri-yoso.com/fish/aji.html,0,12,0,9.17
2026-07-09,https://funatsuri-yoso.com/fish/akamutsu.html,0,1,0,15
2026-07-09,https://funatsuri-yoso.com/fish/anago.html,0,1,0,11
2026-07-09,https://funatsuri-yoso.com/fish/aoriika.html,0,3,0,8
2026-07-09,https://funatsuri-yoso.com/fish/ara.html,0,1,0,7
2026-07-09,https://funatsuri-yoso.com/fish/hanadai.html,0,2,0,3.5
2026-07-09,https://funatsuri-yoso.com/fish/hiramasa.html,0,1,0,5
2026-07-09,https://funatsuri-yoso.com/fish/hirame.html,0,7,0,9.43
2026-07-09,https://funatsuri-yoso.com/fish/inada.html,0,6,0,9
2026-07-09,https://funatsuri-yoso.com/fish/ishimochi.html,0,6,0,12.17
2026-07-09,https://funatsuri-yoso.com/fish/kanpachi.html,0,7,0,7.43
2026-07-09,https://funatsuri-yoso.com/fish/karei.html,0,3,0,12
2026-07-09,https://funatsuri-yoso.com/fish/kihada-maguro.html,0,2,0,14
2026-07-09,https://funatsuri-yoso.com/fish/kintoki.html,0,1,0,11
2026-07-09,https://funatsuri-yoso.com/fish/madai.html,0,1,0,7
2026-07-09,https://funatsuri-yoso.com/fish/madako.html,0,11,0,10.91
2026-07-09,https://funatsuri-yoso.com/fish/maruika.html,1,10,0.1,9.1
2026-07-09,https://funatsuri-yoso.com/fish/menuke.html,0,1,0,5
2026-07-09,https://funatsuri-yoso.com/fish/moroko.html,0,2,0,6.5
2026-07-09,https://funatsuri-yoso.com/fish/mugiika.html,0,2,0,10
2026-07-09,https://funatsuri-yoso.com/fish/onikasago.html,0,1,0,11
2026-07-09,https://funatsuri-yoso.com/fish/seabass.html,0,1,0,10
2026-07-09,https://funatsuri-yoso.com/fish/shima-aji.html,0,8,0,8.25
2026-07-09,https://funatsuri-yoso.com/fish/shirogisu.html,0,3,0,10.67
2026-07-09,https://funatsuri-yoso.com/fish/shousaifugu.html,0,1,0,11
2026-07-09,https://funatsuri-yoso.com/fish/tachiuo.html,1,8,0.125,7.5
2026-07-09,https://funatsuri-yoso.com/fish/torafugu.html,0,2,0,11
2026-07-09,https://funatsuri-yoso.com/fish_area/aji-enoura.html,0,1,0,4
2026-07-09,https://funatsuri-yoso.com/fish_area/aji-fukuda.html,0,1,0,8
2026-07-09,https://funatsuri-yoso.com/fish_area/aji-kanaya.html,0,1,0,3
2026-07-09,https://funatsuri-yoso.com/fish_area/aji-kanazawa-gyoko.html,0,1,0,6
2026-07-09,https://funatsuri-yoso.com/fish_area/aji-odawara-hayakawa.html,0,1,0,1
2026-07-09,https://funatsuri-yoso.com/fish_area/aji-ohara.html,0,1,0,1
2026-07-09,https://funatsuri-yoso.com/fish_area/aji-omaezaki.html,0,2,0,9
2026-07-09,https://funatsuri-yoso.com/fish_area/aji-urayasu.html,0,1,0,10
2026-07-09,https://funatsuri-yoso.com/fish_area/anago-kanazawa-gyoko.html,0,1,0,9
2026-07-09,https://funatsuri-yoso.com/fish_area/hanadai-hiratsuka.html,0,1,0,3
2026-07-09,https://funatsuri-yoso.com/fish_area/hirame-togawa.html,0,1,0,8
2026-07-09,https://funatsuri-yoso.com/fish_area/isaki-kanazawa-hakkei.html,0,1,0,10
2026-07-09,https://funatsuri-yoso.com/fish_area/isaki-ohara.html,0,3,0,13.67
2026-07-09,https://funatsuri-yoso.com/fish_area/kasago-rokugo-suimon.html,0,1,0,3
2026-07-09,https://funatsuri-yoso.com/fish_area/kasago-toda-shizuoka.html,0,1,0,7
2026-07-09,https://funatsuri-yoso.com/fish_area/katsuo-hayama-abuzuri.html,0,1,0,11
2026-07-09,https://funatsuri-yoso.com/fish_area/katsuo-nagai.html,0,1,0,8
2026-07-09,https://funatsuri-yoso.com/fish_area/madai-iioka.html,0,1,0,9
2026-07-09,https://funatsuri-yoso.com/fish_area/madai-ohara.html,0,7,0,7
2026-07-09,https://funatsuri-yoso.com/fish_area/mahata-imai-suimon.html,0,1,0,9
2026-07-09,https://funatsuri-yoso.com/fish_area/maruika-kubiri.html,0,1,0,8
2026-07-09,https://funatsuri-yoso.com/fish_area/medai-omaezaki.html,0,1,0,4
2026-07-09,https://funatsuri-yoso.com/fish_area/moroko-shimoda.html,0,1,0,10
2026-07-09,https://funatsuri-yoso.com/fish_area/onikasago-shin-imaibashi.html,0,1,0,12
2026-07-09,https://funatsuri-yoso.com/fish_area/saba-kashima.html,0,9,0,6.67
2026-07-09,https://funatsuri-yoso.com/fish_area/shima-aji-ohara.html,0,4,0,7.25
2026-07-09,https://funatsuri-yoso.com/fish_area/shima-aji-shimoda.html,0,1,0,9
2026-07-09,https://funatsuri-yoso.com/fish_area/shirogisu-kanazawa-hakkei.html,0,1,0,11
2026-07-09,https://funatsuri-yoso.com/fish_area/tachiuo-fukuda.html,1,1,1,5
2026-07-09,https://funatsuri-yoso.com/fish_area/tachiuo-yaizu.html,0,1,0,6
2026-07-09,https://funatsuri-yoso.com/fish_area/yariika-odawara-hayakawa.html,0,1,0,12
2026-07-09,https://funatsuri-yoso.com/ship/amasakeya-maru.html,0,1,0,13
2026-07-09,https://funatsuri-yoso.com/ship/chowari-01192.html,0,1,0,10
2026-07-09,https://funatsuri-yoso.com/ship/daisan-shoei-maru.html,0,1,0,8
2026-07-09,https://funatsuri-yoso.com/ship/dengoro-maru.html,0,1,0,11
2026-07-09,https://funatsuri-yoso.com/ship/goro-maru.html,0,1,0,25
2026-07-09,https://funatsuri-yoso.com/ship/hitachi-maru.html,0,1,0,11
2026-07-09,https://funatsuri-yoso.com/ship/ka-maru.html,0,1,0,9
2026-07-09,https://funatsuri-yoso.com/ship/ko-maru.html,0,4,0,6.25
2026-07-09,https://funatsuri-yoso.com/ship/koei-maru-yaizu.html,0,1,0,8
2026-07-09,https://funatsuri-yoso.com/ship/koryo-maru.html,0,1,0,9
2026-07-09,https://funatsuri-yoso.com/ship/kotatsu-maru.html,0,1,0,10
2026-07-09,https://funatsuri-yoso.com/ship/kotobuki-maru.html,0,3,0,8
2026-07-09,https://funatsuri-yoso.com/ship/marubachi.html,0,1,0,6
2026-07-09,https://funatsuri-yoso.com/ship/nikaiya-maru.html,0,1,0,10
2026-07-09,https://funatsuri-yoso.com/ship/sanjiro-maru.html,0,1,0,10
2026-07-09,https://funatsuri-yoso.com/ship/shinko-maru.html,0,1,0,12
2026-07-09,https://funatsuri-yoso.com/ship/taiko-maru.html,0,2,0,9.5
2026-07-09,https://funatsuri-yoso.com/ship/tetsuo-maru.html,0,1,0,10
2026-07-09,https://funatsuri-yoso.com/ship/tsune-maru.html,0,2,0,10
2026-07-09,https://funatsuri-yoso.com/ship/yamadai-maru.html,0,2,0,5.5
2026-07-09,https://funatsuri-yoso.com/ship/yonemoto-tsuribuneten.html,0,1,0,10
2026-07-09,https://funatsuri-yoso.com/x_post/2026-06-09.html,0,1,0,10
2026-07-09,https://funatsuri-yoso.com/x_post/2026-07-04.html,0,2,0,5
2026-07-09,https://funatsuri-yoso.com/x_post/2026-07-06.html,0,3,0,7.67
2026-07-10,https://funatsuri-yoso.com/,0,17,0,8.65
2026-07-10,https://funatsuri-yoso.com/area/ajiro-port.html,0,1,0,1
2026-07-10,https://funatsuri-yoso.com/area/amatsu.html,0,16,0,7.56
2026-07-10,https://funatsuri-yoso.com/area/futtsu.html,0,5,0,8.4
2026-07-10,https://funatsuri-yoso.com/area/hasaki-shinko.html,0,5,0,9.6
2026-07-10,https://funatsuri-yoso.com/area/hitachi-kuji.html,0,32,0,5.28
2026-07-10,https://funatsuri-yoso.com/area/iioka.html,2,100,0.02,6.71
2026-07-10,https://funatsuri-yoso.com/area/ito-shi.html,0,1,0,10
2026-07-10,https://funatsuri-yoso.com/area/kanaya.html,0,46,0,6.87
2026-07-10,https://funatsuri-yoso.com/area/kashima-port.html,0,1,0,37
2026-07-10,https://funatsuri-yoso.com/area/kiba.html,0,1,0,15
2026-07-10,https://funatsuri-yoso.com/area/manazuru-port.html,1,1,1,2
2026-07-10,https://funatsuri-yoso.com/area/matsuzaki.html,0,1,0,11
2026-07-10,https://funatsuri-yoso.com/area/oarai.html,0,9,0,8.33
2026-07-10,https://funatsuri-yoso.com/area/odawara-hayakawa.html,0,2,0,5
2026-07-10,https://funatsuri-yoso.com/area/ohara.html,1,12,0.083333,13.58
2026-07-10,https://funatsuri-yoso.com/area/sajima.html,0,3,0,11.67
2026-07-10,https://funatsuri-yoso.com/area/teishi.html,0,1,0,11
2026-07-10,https://funatsuri-yoso.com/area/yokohama-honmoku.html,0,2,0,5.5
2026-07-10,https://funatsuri-yoso.com/fish/,0,3,0,6.33
2026-07-10,https://funatsuri-yoso.com/fish/aji.html,0,6,0,9.33
2026-07-10,https://funatsuri-yoso.com/fish/anago.html,0,1,0,9
2026-07-10,https://funatsuri-yoso.com/fish/aoriika.html,0,3,0,13
2026-07-10,https://funatsuri-yoso.com/fish/ara.html,0,1,0,4
2026-07-10,https://funatsuri-yoso.com/fish/hanadai.html,1,4,0.25,7.75
2026-07-10,https://funatsuri-yoso.com/fish/hirame.html,0,6,0,7
2026-07-10,https://funatsuri-yoso.com/fish/inada.html,0,9,0,7.11
2026-07-10,https://funatsuri-yoso.com/fish/isaki.html,0,5,0,7
2026-07-10,https://funatsuri-yoso.com/fish/ishimochi.html,0,5,0,8.8
2026-07-10,https://funatsuri-yoso.com/fish/kanpachi.html,0,8,0,7.62
2026-07-10,https://funatsuri-yoso.com/fish/karei.html,0,1,0,7
2026-07-10,https://funatsuri-yoso.com/fish/katsuo.html,0,3,0,9.67
2026-07-10,https://funatsuri-yoso.com/fish/kurodai.html,0,2,0,11
2026-07-10,https://funatsuri-yoso.com/fish/madai.html,0,3,0,13.33
2026-07-10,https://funatsuri-yoso.com/fish/madako.html,0,6,0,7.33
2026-07-10,https://funatsuri-yoso.com/fish/maruika.html,0,6,0,3.67
2026-07-10,https://funatsuri-yoso.com/fish/moroko.html,1,2,0.5,9
2026-07-10,https://funatsuri-yoso.com/fish/seabass.html,0,2,0,5
2026-07-10,https://funatsuri-yoso.com/fish/shima-aji.html,1,7,0.142857,7.43
2026-07-10,https://funatsuri-yoso.com/fish/shirogisu.html,0,1,0,11
2026-07-10,https://funatsuri-yoso.com/fish/shousaifugu.html,0,2,0,7.5
2026-07-10,https://funatsuri-yoso.com/fish/tachiuo.html,0,8,0,8.12
2026-07-10,https://funatsuri-yoso.com/fish/torafugu.html,0,2,0,4
2026-07-10,https://funatsuri-yoso.com/fish_area/abura-bouzu-hasaki.html,0,1,0,6
2026-07-10,https://funatsuri-yoso.com/fish_area/aji-%E8%91%89%E5%B1%B1%E7%94%BA%E8%91%89%E5%B1%B1%E9%90%99%E6%91%BA%E6%B8%AF.html,0,1,0,7
2026-07-10,https://funatsuri-yoso.com/fish_area/aji-chigasaki.html,0,3,0,2
2026-07-10,https://funatsuri-yoso.com/fish_area/ara-togawa.html,1,2,0.5,8.5
2026-07-10,https://funatsuri-yoso.com/fish_area/fugu-kashima-port.html,0,1,0,4
2026-07-10,https://funatsuri-yoso.com/fish_area/fugu-kashima.html,0,1,0,1
2026-07-10,https://funatsuri-yoso.com/fish_area/hirame-hasaki.html,0,2,0,8
2026-07-10,https://funatsuri-yoso.com/fish_area/houbou-kashima.html,0,1,0,15
2026-07-10,https://funatsuri-yoso.com/fish_area/inada-kashima.html,0,1,0,5
2026-07-10,https://funatsuri-yoso.com/fish_area/inada-oarai.html,0,2,0,9.5
2026-07-10,https://funatsuri-yoso.com/fish_area/isaki-ito-shi.html,0,2,0,6
2026-07-10,https://funatsuri-yoso.com/fish_area/isaki-kurihama.html,0,1,0,10
2026-07-10,https://funatsuri-yoso.com/fish_area/isaki-matsuwa-ena.html,0,2,0,5.5
2026-07-10,https://funatsuri-yoso.com/fish_area/isaki-sajima.html,0,1,0,5
2026-07-10,https://funatsuri-yoso.com/fish_area/kasago-ohara.html,0,1,0,6
2026-07-10,https://funatsuri-yoso.com/fish_area/katsuo-chigasaki.html,0,1,0,13
2026-07-10,https://funatsuri-yoso.com/fish_area/katsuo-hayama-abuzuri.html,0,1,0,7
2026-07-10,https://funatsuri-yoso.com/fish_area/madai-odawara-hayakawa.html,0,1,0,5
2026-07-10,https://funatsuri-yoso.com/fish_area/mugiika-nagai.html,0,1,0,9
2026-07-10,https://funatsuri-yoso.com/fish_area/saba-kashima.html,0,3,0,5
2026-07-10,https://funatsuri-yoso.com/fish_area/sawara-kanazawa-hakkei.html,0,1,0,5
2026-07-10,https://funatsuri-yoso.com/fish_area/shima-aji-ohara.html,0,15,0,12.2
2026-07-10,https://funatsuri-yoso.com/fish_area/surumeika-odawara-hayakawa.html,0,3,0,6
2026-07-10,https://funatsuri-yoso.com/pages/about.html,1,1,1,20
2026-07-10,https://funatsuri-yoso.com/ship/baika-maru.html,0,3,0,6.33
2026-07-10,https://funatsuri-yoso.com/ship/chowari-01192.html,0,1,0,10
2026-07-10,https://funatsuri-yoso.com/ship/chowari-01696.html,0,2,0,8.5
2026-07-10,https://funatsuri-yoso.com/ship/daigo-teiei-maru.html,0,1,0,11
2026-07-10,https://funatsuri-yoso.com/ship/daini-tsuretaka-maru.html,0,2,0,9
2026-07-10,https://funatsuri-yoso.com/ship/daisan-shoei-maru.html,0,1,0,6
2026-07-10,https://funatsuri-yoso.com/ship/harumori-maru.html,0,1,0,13
2026-07-10,https://funatsuri-yoso.com/ship/ikatsu-maru.html,0,1,0,6
2026-07-10,https://funatsuri-yoso.com/ship/ishida-maru.html,0,2,0,38.5
2026-07-10,https://funatsuri-yoso.com/ship/ka-maru.html,0,2,0,9
2026-07-10,https://funatsuri-yoso.com/ship/kamoshita-maru-kawana.html,0,1,0,10
2026-07-10,https://funatsuri-yoso.com/ship/ko-maru.html,0,2,0,9.5
2026-07-10,https://funatsuri-yoso.com/ship/koei-maru-yaizu.html,0,1,0,11
2026-07-10,https://funatsuri-yoso.com/ship/koryo-maru.html,0,1,0,9
2026-07-10,https://funatsuri-yoso.com/ship/kotatsu-maru.html,0,1,0,8
2026-07-10,https://funatsuri-yoso.com/ship/kotobuki-maru.html,0,1,0,8
2026-07-10,https://funatsuri-yoso.com/ship/kyoei-maru.html,0,1,0,9
2026-07-10,https://funatsuri-yoso.com/ship/kyuju-maru.html,0,1,0,11
2026-07-10,https://funatsuri-yoso.com/ship/minamiizu-chubee-maru.html,0,1,0,10
2026-07-10,https://funatsuri-yoso.com/ship/narigin-maru.html,0,1,0,15
2026-07-10,https://funatsuri-yoso.com/ship/nogeya-tsuribuneten.html,0,1,0,10
2026-07-10,https://funatsuri-yoso.com/ship/onuki-maru.html,0,1,0,17
2026-07-10,https://funatsuri-yoso.com/ship/seisho-maru.html,0,1,0,12
2026-07-10,https://funatsuri-yoso.com/ship/shojiro-maru.html,0,2,0,8.5
2026-07-10,https://funatsuri-yoso.com/ship/shokai-maru.html,0,1,0,9
2026-07-10,https://funatsuri-yoso.com/ship/taiko-maru.html,0,4,0,7
2026-07-10,https://funatsuri-yoso.com/ship/taro-maru.html,0,1,0,8
2026-07-10,https://funatsuri-yoso.com/ship/tsuyoshi-maru.html,1,1,1,5
2026-07-10,https://funatsuri-yoso.com/ship/yamadai-maru.html,0,15,0,6.8
2026-07-10,https://funatsuri-yoso.com/ship/yonemoto-tsuribuneten.html,0,1,0,5
2026-07-10,https://funatsuri-yoso.com/ship/yuko-maru-iioka.html,0,1,0,10
2026-07-10,https://funatsuri-yoso.com/x_post/2026-07-04.html,0,1,0,7
2026-07-10,https://funatsuri-yoso.com/x_post/2026-07-06.html,0,1,0,15
2026-07-11,https://funatsuri-yoso.com/,0,13,0,11.69
2026-07-11,https://funatsuri-yoso.com/area/amatsu.html,0,12,0,9.92
2026-07-11,https://funatsuri-yoso.com/area/chigasaki.html,0,1,0,10
2026-07-11,https://funatsuri-yoso.com/area/fukuda.html,0,1,0,5
2026-07-11,https://funatsuri-yoso.com/area/futtsu.html,0,3,0,5
2026-07-11,https://funatsuri-yoso.com/area/hasaki-shinko.html,0,13,0,9.69
2026-07-11,https://funatsuri-yoso.com/area/heiwajima.html,0,1,0,3
2026-07-11,https://funatsuri-yoso.com/area/hitachi-kuji.html,1,39,0.025641,9.23
2026-07-11,https://funatsuri-yoso.com/area/hota.html,0,1,0,8
2026-07-11,https://funatsuri-yoso.com/area/iioka.html,2,111,0.018018,6.31
2026-07-11,https://funatsuri-yoso.com/area/kamoi-omuro.html,0,1,0,8
2026-07-11,https://funatsuri-yoso.com/area/kanaya.html,1,46,0.021739,7.13
2026-07-11,https://funatsuri-yoso.com/area/katakai.html,0,1,0,9
2026-07-11,https://funatsuri-yoso.com/area/nakanose.html,0,1,0,9
2026-07-11,https://funatsuri-yoso.com/area/oarai.html,0,11,0,7.18
2026-07-11,https://funatsuri-yoso.com/area/ohara.html,1,9,0.111111,8.22
2026-07-11,https://funatsuri-yoso.com/area/sajima.html,0,2,0,9
2026-07-11,https://funatsuri-yoso.com/area/shiba.html,0,1,0,28
2026-07-11,https://funatsuri-yoso.com/area/yokohama-honmoku.html,0,1,0,28
2026-07-11,https://funatsuri-yoso.com/fish/aji.html,0,14,0,8.07
2026-07-11,https://funatsuri-yoso.com/fish/anago.html,0,1,0,28
2026-07-11,https://funatsuri-yoso.com/fish/aoriika.html,0,3,0,5.33
2026-07-11,https://funatsuri-yoso.com/fish/ara.html,0,1,0,6
2026-07-11,https://funatsuri-yoso.com/fish/bishi-aji.html,0,1,0,6
2026-07-11,https://funatsuri-yoso.com/fish/hanadai.html,0,3,0,25.33
2026-07-11,https://funatsuri-yoso.com/fish/hirame.html,0,8,0,8.25
2026-07-11,https://funatsuri-yoso.com/fish/inada.html,0,2,0,7
2026-07-11,https://funatsuri-yoso.com/fish/isaki.html,0,2,0,11
2026-07-11,https://funatsuri-yoso.com/fish/ishimochi.html,0,2,0,8
2026-07-11,https://funatsuri-yoso.com/fish/kanpachi.html,0,5,0,7.6
2026-07-11,https://funatsuri-yoso.com/fish/karei.html,0,1,0,6
2026-07-11,https://funatsuri-yoso.com/fish/katsuo.html,1,2,0.5,6
2026-07-11,https://funatsuri-yoso.com/fish/kurodai.html,0,3,0,4.33
2026-07-11,https://funatsuri-yoso.com/fish/madako.html,0,10,0,11
2026-07-11,https://funatsuri-yoso.com/fish/maruika.html,0,7,0,11.86
2026-07-11,https://funatsuri-yoso.com/fish/mugiika.html,0,2,0,4
2026-07-11,https://funatsuri-yoso.com/fish/shima-aji.html,0,7,0,9.71
2026-07-11,https://funatsuri-yoso.com/fish/shirogisu.html,0,1,0,10
2026-07-11,https://funatsuri-yoso.com/fish/shousaifugu.html,0,1,0,10
2026-07-11,https://funatsuri-yoso.com/fish/tachiuo.html,0,9,0,10.67
2026-07-11,https://funatsuri-yoso.com/fish_area/aji-hiratsuka.html,0,2,0,9
2026-07-11,https://funatsuri-yoso.com/fish_area/aji-ito-shi.html,0,1,0,9
2026-07-11,https://funatsuri-yoso.com/fish_area/aji-manazuru-port.html,0,3,0,9.67
2026-07-11,https://funatsuri-yoso.com/fish_area/aji-omaezaki.html,0,1,0,11
2026-07-11,https://funatsuri-yoso.com/fish_area/aji-sajima.html,0,1,0,7
2026-07-11,https://funatsuri-yoso.com/fish_area/aji-samezu-katsushima.html,0,1,0,20
2026-07-11,https://funatsuri-yoso.com/fish_area/buri-oiso.html,0,1,0,7
2026-07-11,https://funatsuri-yoso.com/fish_area/inada-hiragata.html,0,3,0,7
2026-07-11,https://funatsuri-yoso.com/fish_area/isaki-matsuwa-ena.html,0,1,0,12
2026-07-11,https://funatsuri-yoso.com/fish_area/isaki-ohara.html,0,1,0,41
2026-07-11,https://funatsuri-yoso.com/fish_area/isaki-sajima.html,0,2,0,12.5
2026-07-11,https://funatsuri-yoso.com/fish_area/kasago-hitachi-kuji.html,1,1,1,2
2026-07-11,https://funatsuri-yoso.com/fish_area/kasago-iioka.html,0,1,0,3
2026-07-11,https://funatsuri-yoso.com/fish_area/katsuo-chigasaki.html,0,1,0,4
2026-07-11,https://funatsuri-yoso.com/fish_area/katsuo-hiratsuka.html,0,2,0,9.5
2026-07-11,https://funatsuri-yoso.com/fish_area/kawahagi-hayama-abuzuri.html,0,1,0,7
2026-07-11,https://funatsuri-yoso.com/fish_area/kuromutsu-hiratsuka.html,0,1,0,20
2026-07-11,https://funatsuri-yoso.com/fish_area/kuromutsu-kurihama.html,0,1,0,4
2026-07-11,https://funatsuri-yoso.com/fish_area/madai-%E5%A4%A7%E6%B4%97%E7%94%BA%E5%A4%A7%E6%B4%97%E6%B8%AF.html,0,1,0,11
2026-07-11,https://funatsuri-yoso.com/fish_area/madai-ohara.html,0,5,0,7
2026-07-11,https://funatsuri-yoso.com/fish_area/madai-shimoda.html,0,1,0,3
2026-07-11,https://funatsuri-yoso.com/fish_area/magochi-hachimanbashi.html,1,1,1,5
2026-07-11,https://funatsuri-yoso.com/fish_area/menuke-hasaki-shinko.html,0,1,0,7
2026-07-11,https://funatsuri-yoso.com/fish_area/onikasago-shimoda.html,0,1,0,47
2026-07-11,https://funatsuri-yoso.com/fish_area/saba-kashima.html,0,3,0,7
2026-07-11,https://funatsuri-yoso.com/fish_area/shima-aji-ohara.html,0,8,0,15
2026-07-11,https://funatsuri-yoso.com/fish_area/shousaifugu-urayasu.html,0,1,0,6
2026-07-11,https://funatsuri-yoso.com/pages/about.html,0,1,0,6
2026-07-11,https://funatsuri-yoso.com/ship/bo-maru.html,0,2,0,12
2026-07-11,https://funatsuri-yoso.com/ship/chigasaki-maru.html,0,1,0,6
2026-07-11,https://funatsuri-yoso.com/ship/daigo-teiei-maru.html,0,2,0,11
2026-07-11,https://funatsuri-yoso.com/ship/daini-tsuretaka-maru.html,0,1,0,9
2026-07-11,https://funatsuri-yoso.com/ship/daisan-shoei-maru.html,0,5,0,7.8
2026-07-11,https://funatsuri-yoso.com/ship/fuji-maru.html,0,1,0,6
2026-07-11,https://funatsuri-yoso.com/ship/fujin-maru.html,1,12,0.083333,6.58
2026-07-11,https://funatsuri-yoso.com/ship/heisaku-maru.html,0,1,0,6
2026-07-11,https://funatsuri-yoso.com/ship/irifune.html,0,1,0,6
2026-07-11,https://funatsuri-yoso.com/ship/ishida-maru.html,0,2,0,3
2026-07-11,https://funatsuri-yoso.com/ship/ka-maru.html,0,7,0,7.57
2026-07-11,https://funatsuri-yoso.com/ship/kamoshita-maru-kawana.html,0,1,0,7
2026-07-11,https://funatsuri-yoso.com/ship/ko-maru-oiso.html,0,4,0,8
2026-07-11,https://funatsuri-yoso.com/ship/ko-maru.html,0,4,0,23.25
2026-07-11,https://funatsuri-yoso.com/ship/koryo-maru.html,0,1,0,6
2026-07-11,https://funatsuri-yoso.com/ship/kotatsu-maru.html,0,1,0,10
2026-07-11,https://funatsuri-yoso.com/ship/kotobuki-maru.html,0,4,0,8
2026-07-11,https://funatsuri-yoso.com/ship/kozo-maru.html,0,1,0,10
2026-07-11,https://funatsuri-yoso.com/ship/kyoei-maru.html,0,6,0,6.67
2026-07-11,https://funatsuri-yoso.com/ship/riki-maru.html,0,2,0,9.5
2026-07-11,https://funatsuri-yoso.com/ship/ryusei-maru.html,0,1,0,5
2026-07-11,https://funatsuri-yoso.com/ship/sanjiro-maru.html,0,6,0,5.5
2026-07-11,https://funatsuri-yoso.com/ship/shinko-maru.html,0,1,0,10
2026-07-11,https://funatsuri-yoso.com/ship/shojiro-maru.html,0,13,0,13.23
2026-07-11,https://funatsuri-yoso.com/ship/shokai-maru.html,0,7,0,9
2026-07-11,https://funatsuri-yoso.com/ship/taiko-maru.html,0,7,0,8.43
2026-07-11,https://funatsuri-yoso.com/ship/yamadai-maru.html,0,12,0,7.17
2026-07-11,https://funatsuri-yoso.com/x_post/2026-07-04.html,0,2,0,10
2026-07-11,https://funatsuri-yoso.com/x_post/2026-07-05.html,0,1,0,10
2026-07-12,https://funatsuri-yoso.com/,0,11,0,8.73
2026-07-12,https://funatsuri-yoso.com/area/,0,2,0,42.5
2026-07-12,https://funatsuri-yoso.com/area/ajiro-port.html,0,1,0,10
2026-07-12,https://funatsuri-yoso.com/area/amatsu.html,0,12,0,7.75
2026-07-12,https://funatsuri-yoso.com/area/atami-port.html,0,1,0,58
2026-07-12,https://funatsuri-yoso.com/area/ebitorigawa.html,1,1,1,2
2026-07-12,https://funatsuri-yoso.com/area/enoura.html,0,3,0,5.33
2026-07-12,https://funatsuri-yoso.com/area/fukuura-yugawara.html,0,1,0,12
2026-07-12,https://funatsuri-yoso.com/area/futtsu.html,0,8,0,7.75
2026-07-12,https://funatsuri-yoso.com/area/hamanamegawa.html,0,1,0,6
2026-07-12,https://funatsuri-yoso.com/area/hasaki-shinko.html,0,3,0,9
2026-07-12,https://funatsuri-yoso.com/area/hasaki.html,0,1,0,6
2026-07-12,https://funatsuri-yoso.com/area/hitachi-kuji.html,1,41,0.02439,5.88
2026-07-12,https://funatsuri-yoso.com/area/iioka.html,2,79,0.025316,6.38
2026-07-12,https://funatsuri-yoso.com/area/kanaya.html,2,48,0.041667,7.08
2026-07-12,https://funatsuri-yoso.com/area/koshigoe.html,0,1,0,8
2026-07-12,https://funatsuri-yoso.com/area/kuryo.html,0,3,0,13
2026-07-12,https://funatsuri-yoso.com/area/matsuzaki.html,0,2,0,8.5
2026-07-12,https://funatsuri-yoso.com/area/oarai.html,0,8,0,11.88
2026-07-12,https://funatsuri-yoso.com/area/ohara.html,1,12,0.083333,9.17
2026-07-12,https://funatsuri-yoso.com/area/onuki-oki.html,0,1,0,8
2026-07-12,https://funatsuri-yoso.com/area/sajima.html,1,4,0.25,11.75
2026-07-12,https://funatsuri-yoso.com/area/sunosaki-oki.html,0,1,0,10
2026-07-12,https://funatsuri-yoso.com/area/yokohama-honmoku.html,0,1,0,4
2026-07-12,https://funatsuri-yoso.com/fish/%E3%82%A2%E3%82%AB%E3%82%A4%E3%82%AB.html,0,1,0,30
2026-07-12,https://funatsuri-yoso.com/fish/aji.html,0,4,0,6.75
2026-07-12,https://funatsuri-yoso.com/fish/akamutsu.html,0,2,0,7
2026-07-12,https://funatsuri-yoso.com/fish/anago.html,0,1,0,7
2026-07-12,https://funatsuri-yoso.com/fish/hirame.html,0,13,0,6.62
2026-07-12,https://funatsuri-yoso.com/fish/inada.html,0,10,0,6.2
2026-07-12,https://funatsuri-yoso.com/fish/isaki.html,0,2,0,9.5
2026-07-12,https://funatsuri-yoso.com/fish/ishimochi.html,0,1,0,9
2026-07-12,https://funatsuri-yoso.com/fish/kanpachi.html,0,8,0,8.38
2026-07-12,https://funatsuri-yoso.com/fish/karei.html,0,2,0,6.5
2026-07-12,https://funatsuri-yoso.com/fish/katsuo.html,0,1,0,10
2026-07-12,https://funatsuri-yoso.com/fish/kintoki.html,0,1,0,10
2026-07-12,https://funatsuri-yoso.com/fish/kuromutsu.html,0,1,0,8
2026-07-12,https://funatsuri-yoso.com/fish/madai.html,0,2,0,9
2026-07-12,https://funatsuri-yoso.com/fish/madako.html,0,6,0,10.5
2026-07-12,https://funatsuri-yoso.com/fish/maruika.html,0,7,0,7
2026-07-12,https://funatsuri-yoso.com/fish/moroko.html,0,2,0,7
2026-07-12,https://funatsuri-yoso.com/fish/mugiika.html,0,1,0,9
2026-07-12,https://funatsuri-yoso.com/fish/onikasago.html,0,1,0,1
2026-07-12,https://funatsuri-yoso.com/fish/seabass.html,0,2,0,11
2026-07-12,https://funatsuri-yoso.com/fish/shima-aji.html,0,2,0,8
2026-07-12,https://funatsuri-yoso.com/fish/shirogisu.html,0,2,0,9.5
2026-07-12,https://funatsuri-yoso.com/fish/shousaifugu.html,1,1,1,51
2026-07-12,https://funatsuri-yoso.com/fish/tachiuo.html,0,5,0,8.6
2026-07-12,https://funatsuri-yoso.com/fish_area/abura-bouzu-hasaki.html,0,2,0,8
2026-07-12,https://funatsuri-yoso.com/fish_area/aji-chigasaki.html,1,1,1,4
2026-07-12,https://funatsuri-yoso.com/fish_area/aji-edogawa.html,0,1,0,8
2026-07-12,https://funatsuri-yoso.com/fish_area/aji-hiratsuka.html,0,1,0,10
2026-07-12,https://funatsuri-yoso.com/fish_area/aji-iioka.html,0,1,0,9
2026-07-12,https://funatsuri-yoso.com/fish_area/aji-kanaya.html,0,1,0,22
2026-07-12,https://funatsuri-yoso.com/fish_area/aji-koshiba.html,0,1,0,7
2026-07-12,https://funatsuri-yoso.com/fish_area/aji-manazuru-port.html,0,1,0,18
2026-07-12,https://funatsuri-yoso.com/fish_area/aji-oarai.html,0,2,0,6
2026-07-12,https://funatsuri-yoso.com/fish_area/aji-oiso.html,0,1,0,3
2026-07-12,https://funatsuri-yoso.com/fish_area/ara-togawa.html,0,1,0,10
2026-07-12,https://funatsuri-yoso.com/fish_area/buri-matsuwa-ena.html,0,1,0,11
2026-07-12,https://funatsuri-yoso.com/fish_area/fugu-imai-suimon.html,0,1,0,6
2026-07-12,https://funatsuri-yoso.com/fish_area/hanadai-katakai.html,0,1,0,9
2026-07-12,https://funatsuri-yoso.com/fish_area/hirame-onjuku-iwawada.html,0,2,0,4.5
2026-07-12,https://funatsuri-yoso.com/fish_area/hirame-ose.html,0,2,0,10
2026-07-12,https://funatsuri-yoso.com/fish_area/hirame-sajima.html,0,1,0,8
2026-07-12,https://funatsuri-yoso.com/fish_area/hirame-shimoda.html,0,1,0,5
2026-07-12,https://funatsuri-yoso.com/fish_area/inada-kashima.html,0,1,0,9
2026-07-12,https://funatsuri-yoso.com/fish_area/inada-oarai.html,0,4,0,8.75
2026-07-12,https://funatsuri-yoso.com/fish_area/isaki-kanazawa-hakkei.html,0,1,0,11
2026-07-12,https://funatsuri-yoso.com/fish_area/isaki-manazuru-port.html,0,1,0,1
2026-07-12,https://funatsuri-yoso.com/fish_area/isaki-matsuwa-ena.html,0,1,0,10
2026-07-12,https://funatsuri-yoso.com/fish_area/isaki-sajima.html,0,1,0,32
2026-07-12,https://funatsuri-yoso.com/fish_area/isaki-teishi.html,0,2,0,8
2026-07-12,https://funatsuri-yoso.com/fish_area/isaki-yaizu.html,0,1,0,11
2026-07-12,https://funatsuri-yoso.com/fish_area/kasago-chigasaki.html,0,1,0,5
2026-07-12,https://funatsuri-yoso.com/fish_area/kasago-hayakawa.html,0,1,0,7
2026-07-12,https://funatsuri-yoso.com/fish_area/kasago-kanazawa-hakkei.html,0,1,0,11
2026-07-12,https://funatsuri-yoso.com/fish_area/kasago-kashima.html,0,1,0,7
2026-07-12,https://funatsuri-yoso.com/fish_area/katsuo-hiratsuka.html,0,2,0,10.5
2026-07-12,https://funatsuri-yoso.com/fish_area/katsuo-nagai.html,0,2,0,11
2026-07-12,https://funatsuri-yoso.com/fish_area/kawahagi-kanaya.html,0,1,0,7
2026-07-12,https://funatsuri-yoso.com/fish_area/mahata-iioka.html,0,1,0,3
2026-07-12,https://funatsuri-yoso.com/fish_area/onikasago-shizuura.html,1,1,1,3
2026-07-12,https://funatsuri-yoso.com/fish_area/saba-hiratsuka.html,0,1,0,9
2026-07-12,https://funatsuri-yoso.com/fish_area/seabass-edogawa.html,1,1,1,8
2026-07-12,https://funatsuri-yoso.com/fish_area/shima-aji-aihama.html,0,1,0,4
2026-07-12,https://funatsuri-yoso.com/fish_area/shima-aji-ohara.html,0,11,0,19.27
2026-07-12,https://funatsuri-yoso.com/fish_area/surumeika-odawara-hayakawa.html,0,2,0,9.5
2026-07-12,https://funatsuri-yoso.com/komase-sim/,0,1,0,5
2026-07-12,https://funatsuri-yoso.com/monthly/2026-05/maruika.html,0,2,0,2.5
2026-07-12,https://funatsuri-yoso.com/pages/about.html,0,1,0,10
2026-07-12,https://funatsuri-yoso.com/ship/chowari-01192.html,0,1,0,10
2026-07-12,https://funatsuri-yoso.com/ship/fuji-maru.html,1,3,0.333333,9.67
2026-07-12,https://funatsuri-yoso.com/ship/fujin-maru.html,0,5,0,8.6
2026-07-12,https://funatsuri-yoso.com/ship/heisaku-maru.html,0,2,0,9
2026-07-12,https://funatsuri-yoso.com/ship/ka-maru.html,0,2,0,9.5
2026-07-12,https://funatsuri-yoso.com/ship/ko-maru-oiso.html,0,2,0,8.5
2026-07-12,https://funatsuri-yoso.com/ship/ko-maru.html,0,1,0,6
2026-07-12,https://funatsuri-yoso.com/ship/koei-maru-yaizu.html,0,1,0,12
2026-07-12,https://funatsuri-yoso.com/ship/kotatsu-maru.html,0,1,0,8
2026-07-12,https://funatsuri-yoso.com/ship/kotobuki-maru.html,0,4,0,7.75
2026-07-12,https://funatsuri-yoso.com/ship/nogeya-tsuribuneten.html,0,2,0,17
2026-07-12,https://funatsuri-yoso.com/ship/ryusei-maru.html,0,1,0,6
2026-07-12,https://funatsuri-yoso.com/ship/seisho-maru.html,0,1,0,9
2026-07-12,https://funatsuri-yoso.com/ship/shojiro-maru.html,0,14,0,11.86
2026-07-12,https://funatsuri-yoso.com/ship/shokai-maru.html,0,6,0,9.33
2026-07-12,https://funatsuri-yoso.com/ship/taiko-maru.html,0,10,0,7.3
2026-07-12,https://funatsuri-yoso.com/ship/tsune-maru.html,0,1,0,10
2026-07-12,https://funatsuri-yoso.com/ship/yamadai-maru.html,0,16,0,7.81
2026-07-12,https://funatsuri-yoso.com/ship/yonemoto-tsuribuneten.html,0,6,0,9.83
2026-07-12,https://funatsuri-yoso.com/x_post/2026-07-04.html,0,2,0,4
2026-07-12,https://funatsuri-yoso.com/x_post/2026-07-06.html,0,5,0,7.6
2026-07-13,https://funatsuri-yoso.com/,0,22,0,16.5
2026-07-13,https://funatsuri-yoso.com/area/,0,2,0,9.5
2026-07-13,https://funatsuri-yoso.com/area/amatsu.html,0,17,0,6.06
2026-07-13,https://funatsuri-yoso.com/area/futtsu.html,0,9,0,11.33
2026-07-13,https://funatsuri-yoso.com/area/hiratsuka-oki.html,0,1,0,8
2026-07-13,https://funatsuri-yoso.com/area/hitachi-kuji.html,0,2,0,52.5
2026-07-13,https://funatsuri-yoso.com/area/hota-oki.html,0,4,0,10.75
2026-07-13,https://funatsuri-yoso.com/area/iioka.html,2,49,0.040816,6.27
2026-07-13,https://funatsuri-yoso.com/area/kanaya.html,3,44,0.068182,8.18
2026-07-13,https://funatsuri-yoso.com/area/kashima-kita-oki.html,0,1,0,45
2026-07-13,https://funatsuri-yoso.com/area/katsuura.html,0,2,0,33
2026-07-13,https://funatsuri-yoso.com/area/kenzaki-oki.html,1,1,1,9
2026-07-13,https://funatsuri-yoso.com/area/koshiba-oki.html,0,3,0,4
2026-07-13,https://funatsuri-yoso.com/area/koshigoe.html,0,4,0,6.5
2026-07-13,https://funatsuri-yoso.com/area/kurihama-oki.html,0,1,0,11
2026-07-13,https://funatsuri-yoso.com/area/kuryo.html,0,1,0,7
2026-07-13,https://funatsuri-yoso.com/area/matsuzaki.html,0,1,0,4
2026-07-13,https://funatsuri-yoso.com/area/nagai-oki.html,0,1,0,9
2026-07-13,https://funatsuri-yoso.com/area/oarai.html,0,12,0,17.75
2026-07-13,https://funatsuri-yoso.com/area/odawara-hayakawa.html,0,1,0,8
2026-07-13,https://funatsuri-yoso.com/area/ohara.html,0,8,0,13.25
2026-07-13,https://funatsuri-yoso.com/area/onuki-oki.html,0,1,0,4
2026-07-13,https://funatsuri-yoso.com/area/sajima.html,0,3,0,5.33
2026-07-13,https://funatsuri-yoso.com/area/shin-imaibashi.html,0,1,0,9
2026-07-13,https://funatsuri-yoso.com/area/shizuura.html,0,4,0,10
2026-07-13,https://funatsuri-yoso.com/area/teishi.html,0,1,0,6
2026-07-13,https://funatsuri-yoso.com/area/yokohama-honmoku.html,0,1,0,20
2026-07-13,https://funatsuri-yoso.com/area/yokosuka-oki.html,0,1,0,6
2026-07-13,https://funatsuri-yoso.com/fish-value/,0,1,0,5
2026-07-13,https://funatsuri-yoso.com/fish/,0,3,0,22.33
2026-07-13,https://funatsuri-yoso.com/fish/%E3%82%A2%E3%82%AB%E3%82%A4%E3%82%AB.html,0,1,0,6
2026-07-13,https://funatsuri-yoso.com/fish/aji.html,0,1,0,65
2026-07-13,https://funatsuri-yoso.com/fish/anago.html,0,1,0,15
2026-07-13,https://funatsuri-yoso.com/fish/ara.html,0,1,0,28
2026-07-13,https://funatsuri-yoso.com/fish/hiramasa.html,0,1,0,10
2026-07-13,https://funatsuri-yoso.com/fish/hirame.html,0,1,0,10
2026-07-13,https://funatsuri-yoso.com/fish/houbou.html,0,1,0,7
2026-07-13,https://funatsuri-yoso.com/fish/inada.html,0,1,0,6
2026-07-13,https://funatsuri-yoso.com/fish/kanpachi.html,0,1,0,11
2026-07-13,https://funatsuri-yoso.com/fish/karei.html,0,2,0,6
2026-07-13,https://funatsuri-yoso.com/fish/katsuo.html,0,3,0,5
2026-07-13,https://funatsuri-yoso.com/fish/kintoki.html,0,1,0,9
2026-07-13,https://funatsuri-yoso.com/fish/kuromutsu.html,0,1,0,4
2026-07-13,https://funatsuri-yoso.com/fish/madai.html,0,2,0,10.5
2026-07-13,https://funatsuri-yoso.com/fish/moroko.html,0,1,0,20
2026-07-13,https://funatsuri-yoso.com/fish/onikasago.html,0,1,0,21
2026-07-13,https://funatsuri-yoso.com/fish/seabass.html,0,1,0,40
2026-07-13,https://funatsuri-yoso.com/fish/shiira.html,0,1,0,9
2026-07-13,https://funatsuri-yoso.com/fish/shima-aji.html,0,1,0,36
2026-07-13,https://funatsuri-yoso.com/fish/tachiuo.html,0,1,0,130
2026-07-13,https://funatsuri-yoso.com/fish_area/ara-togawa.html,1,3,0.333333,9.67
2026-07-13,https://funatsuri-yoso.com/fish_area/buri-matsuwa-ena.html,0,2,0,23.5
2026-07-13,https://funatsuri-yoso.com/fish_area/hirame-iioka.html,0,1,0,57
2026-07-13,https://funatsuri-yoso.com/fish_area/isaki-ohara.html,0,2,0,29.5
2026-07-13,https://funatsuri-yoso.com/fish_area/mahata-hitachi-kuji.html,0,1,0,1
2026-07-13,https://funatsuri-yoso.com/fish_area/shima-aji-ohara.html,0,2,0,40
2026-07-13,https://funatsuri-yoso.com/komase-sim/,0,1,0,4
2026-07-13,https://funatsuri-yoso.com/ship/fuji-maru.html,0,4,0,14.75
2026-07-13,https://funatsuri-yoso.com/ship/heisaku-maru.html,0,3,0,34.33
2026-07-13,https://funatsuri-yoso.com/ship/kako-maru.html,1,3,0.333333,4.67
2026-07-13,https://funatsuri-yoso.com/ship/masanobu-maru.html,0,1,0,12
2026-07-13,https://funatsuri-yoso.com/ship/nogeya-tsuribuneten.html,0,1,0,10
2026-07-13,https://funatsuri-yoso.com/ship/shojiro-maru.html,0,6,0,19
2026-07-13,https://funatsuri-yoso.com/ship/shokai-maru.html,0,1,0,9
2026-07-14,https://funatsuri-yoso.com/,0,27,0,8.81
2026-07-14,https://funatsuri-yoso.com/area/,0,1,0,8
2026-07-14,https://funatsuri-yoso.com/area/ajiro-port.html,0,1,0,6
2026-07-14,https://funatsuri-yoso.com/area/amatsu.html,0,8,0,6
2026-07-14,https://funatsuri-yoso.com/area/chigasaki-oki.html,0,4,0,9.5
2026-07-14,https://funatsuri-yoso.com/area/futtsu.html,0,11,0,6.82
2026-07-14,https://funatsuri-yoso.com/area/hitachi-kuji.html,0,1,0,2
2026-07-14,https://funatsuri-yoso.com/area/hota-oki.html,0,1,0,8
2026-07-14,https://funatsuri-yoso.com/area/iioka.html,0,57,0,6.56
2026-07-14,https://funatsuri-yoso.com/area/kanaya.html,0,36,0,8.72
2026-07-14,https://funatsuri-yoso.com/area/kashima.html,0,2,0,14
2026-07-14,https://funatsuri-yoso.com/area/katakai.html,0,1,0,5
2026-07-14,https://funatsuri-yoso.com/area/katsuura.html,0,2,0,17
2026-07-14,https://funatsuri-yoso.com/area/koshigoe.html,0,3,0,7
2026-07-14,https://funatsuri-yoso.com/area/kurihama-oki.html,0,3,0,30.33
2026-07-14,https://funatsuri-yoso.com/area/manazuru-port.html,0,1,0,9
2026-07-14,https://funatsuri-yoso.com/area/nagai-oki.html,0,2,0,9
2026-07-14,https://funatsuri-yoso.com/area/oarai.html,0,12,0,8.83
2026-07-14,https://funatsuri-yoso.com/area/odawara-hayakawa.html,0,3,0,4.33
2026-07-14,https://funatsuri-yoso.com/area/ohara.html,0,8,0,18.5
2026-07-14,https://funatsuri-yoso.com/area/sajima.html,0,3,0,22.33
2026-07-14,https://funatsuri-yoso.com/area/sarushima-oki.html,0,9,0,9
2026-07-14,https://funatsuri-yoso.com/area/shizuura.html,0,9,0,11.78
2026-07-14,https://funatsuri-yoso.com/area/usami.html,0,2,0,8
2026-07-14,https://funatsuri-yoso.com/fish/%E3%83%8F%E3%82%BC.html,1,1,1,10
2026-07-14,https://funatsuri-yoso.com/fish/ishidai.html,0,1,0,17
2026-07-14,https://funatsuri-yoso.com/fish/karei.html,0,1,0,7
2026-07-14,https://funatsuri-yoso.com/fish/katsuo.html,0,2,0,11
2026-07-14,https://funatsuri-yoso.com/fish/shiira.html,0,2,0,7
2026-07-14,https://funatsuri-yoso.com/fish_area/aji-arari.html,0,1,0,7
2026-07-14,https://funatsuri-yoso.com/fish_area/aji-manazuru-port.html,0,1,0,10
2026-07-14,https://funatsuri-yoso.com/fish_area/ara-togawa.html,0,1,0,19
2026-07-14,https://funatsuri-yoso.com/fish_area/bishi-aji-kanaya.html,0,1,0,6
2026-07-14,https://funatsuri-yoso.com/fish_area/buri-matsuwa-ena.html,0,1,0,22
2026-07-14,https://funatsuri-yoso.com/fish_area/kanko-katase-gyoko.html,0,1,0,11
2026-07-14,https://funatsuri-yoso.com/fish_area/kanpachi-teishi.html,0,1,0,7
2026-07-14,https://funatsuri-yoso.com/fish_area/madai-ohara.html,0,1,0,39
2026-07-14,https://funatsuri-yoso.com/fish_area/moroko-shimoda.html,0,1,0,12
2026-07-14,https://funatsuri-yoso.com/fish_area/shima-aji-ohara.html,0,1,0,8
2026-07-14,https://funatsuri-yoso.com/ship/chowari-01315.html,0,2,0,29.5
2026-07-14,https://funatsuri-yoso.com/ship/fuji-maru.html,0,2,0,20
2026-07-14,https://funatsuri-yoso.com/ship/ikatsu-maru.html,0,2,0,38.5
2026-07-14,https://funatsuri-yoso.com/ship/kako-maru.html,0,1,0,8
2026-07-14,https://funatsuri-yoso.com/ship/shojiro-maru.html,0,1,0,47
2026-07-14,https://funatsuri-yoso.com/x_post/2026-07-11.html,0,1,0,11
2026-07-15,https://funatsuri-yoso.com/,0,24,0,12.04
2026-07-15,https://funatsuri-yoso.com/area/ajiro-port.html,1,1,1,1
2026-07-15,https://funatsuri-yoso.com/area/amatsu.html,0,5,0,6.2
2026-07-15,https://funatsuri-yoso.com/area/chigasaki-oki.html,0,1,0,3
2026-07-15,https://funatsuri-yoso.com/area/futtsu.html,0,5,0,7.6
2026-07-15,https://funatsuri-yoso.com/area/hasaki-shinko.html,0,2,0,10
2026-07-15,https://funatsuri-yoso.com/area/hota.html,0,1,0,4
2026-07-15,https://funatsuri-yoso.com/area/iioka.html,2,63,0.031746,6.43
2026-07-15,https://funatsuri-yoso.com/area/jogashima-oki.html,0,2,0,9
2026-07-15,https://funatsuri-yoso.com/area/kanaya.html,1,24,0.041667,7.75
2026-07-15,https://funatsuri-yoso.com/area/kashima.html,0,12,0,8.25
2026-07-15,https://funatsuri-yoso.com/area/katsuura.html,0,3,0,7
2026-07-15,https://funatsuri-yoso.com/area/kenzaki-oki.html,0,1,0,10
2026-07-15,https://funatsuri-yoso.com/area/koshigoe.html,0,4,0,7.5
2026-07-15,https://funatsuri-yoso.com/area/kuryo.html,0,3,0,16.67
2026-07-15,https://funatsuri-yoso.com/area/nagai-shinjuku.html,1,1,1,11
2026-07-15,https://funatsuri-yoso.com/area/nakaminato.html,0,1,0,21
2026-07-15,https://funatsuri-yoso.com/area/oarai.html,0,12,0,9.67
2026-07-15,https://funatsuri-yoso.com/area/ohara.html,0,6,0,11
2026-07-15,https://funatsuri-yoso.com/area/sajima.html,0,4,0,4.75
2026-07-15,https://funatsuri-yoso.com/area/shizuura.html,0,6,0,10.67
2026-07-15,https://funatsuri-yoso.com/area/susaki.html,0,1,0,7
2026-07-15,https://funatsuri-yoso.com/area/tagonoura.html,0,1,0,10
2026-07-15,https://funatsuri-yoso.com/area/teishi.html,0,2,0,10
2026-07-15,https://funatsuri-yoso.com/fish/aji.html,0,1,0,63
2026-07-15,https://funatsuri-yoso.com/fish/ara.html,0,1,0,9
2026-07-15,https://funatsuri-yoso.com/fish/hiramasa.html,0,1,0,5
2026-07-15,https://funatsuri-yoso.com/fish/hirame.html,0,2,0,7
2026-07-15,https://funatsuri-yoso.com/fish/inada.html,0,2,0,4
2026-07-15,https://funatsuri-yoso.com/fish/ishimochi.html,0,1,0,11
2026-07-15,https://funatsuri-yoso.com/fish/kanpachi.html,0,3,0,6.67
2026-07-15,https://funatsuri-yoso.com/fish/karei.html,0,1,0,7
2026-07-15,https://funatsuri-yoso.com/fish/katsuo.html,0,1,0,7
2026-07-15,https://funatsuri-yoso.com/fish/madai.html,0,3,0,9
2026-07-15,https://funatsuri-yoso.com/fish/maruika.html,0,2,0,25
2026-07-15,https://funatsuri-yoso.com/fish/mugiika.html,0,1,0,6
2026-07-15,https://funatsuri-yoso.com/fish/shiira.html,0,1,0,10
2026-07-15,https://funatsuri-yoso.com/fish/shima-aji.html,0,3,0,8
2026-07-15,https://funatsuri-yoso.com/fish/tachiuo.html,0,5,0,34.6
2026-07-15,https://funatsuri-yoso.com/fish_area/aji-%E5%B9%B3%E5%A1%9A%E6%BC%81%E6%B8%AF.html,0,1,0,8
2026-07-15,https://funatsuri-yoso.com/fish_area/aji-chigasaki.html,0,1,0,6
2026-07-15,https://funatsuri-yoso.com/fish_area/aji-yokohama.html,0,2,0,5.5
2026-07-15,https://funatsuri-yoso.com/fish_area/akamutsu-hasaki.html,0,3,0,8.67
2026-07-15,https://funatsuri-yoso.com/fish_area/aoriika-nagai-shinjuku.html,1,1,1,22
2026-07-15,https://funatsuri-yoso.com/fish_area/bishi-aji-kanaya.html,0,1,0,10
2026-07-15,https://funatsuri-yoso.com/fish_area/buri-shimoda.html,0,5,0,2
2026-07-15,https://funatsuri-yoso.com/fish_area/hirame-shimoda.html,0,1,0,4
2026-07-15,https://funatsuri-yoso.com/fish_area/maruika-nagai-shinjuku.html,0,1,0,30
2026-07-15,https://funatsuri-yoso.com/fish_area/shima-aji-ito-tateyama.html,0,1,0,4
2026-07-15,https://funatsuri-yoso.com/fish_area/shima-aji-ohara.html,0,7,0,9.29
2026-07-15,https://funatsuri-yoso.com/fish_area/surumeika-nagai-shinjuku.html,0,1,0,16
2026-07-15,https://funatsuri-yoso.com/ship/daisan-shoei-maru.html,0,1,0,9
2026-07-15,https://funatsuri-yoso.com/ship/gibei-maru.html,0,1,0,9
2026-07-15,https://funatsuri-yoso.com/ship/harumori-maru.html,1,1,1,9
2026-07-15,https://funatsuri-yoso.com/ship/kaio-maru.html,0,3,0,9.33
2026-07-15,https://funatsuri-yoso.com/ship/kako-maru.html,0,3,0,3.67
2026-07-15,https://funatsuri-yoso.com/ship/kotoku-maru.html,0,1,0,7
2026-07-15,https://funatsuri-yoso.com/ship/masami-maru.html,0,1,0,8
2026-07-15,https://funatsuri-yoso.com/ship/nogeya-tsuribuneten.html,0,1,0,10
2026-07-15,https://funatsuri-yoso.com/ship/seisho-maru.html,0,1,0,9
2026-07-15,https://funatsuri-yoso.com/ship/shojiro-maru.html,0,3,0,23.67
2026-07-15,https://funatsuri-yoso.com/ship/yonemoto-tsuribuneten.html,0,2,0,10.5
2026-07-15,https://funatsuri-yoso.com/x_post/2026-07-06.html,0,1,0,7
2026-07-16,https://funatsuri-yoso.com/,0,21,0,8.48
2026-07-16,https://funatsuri-yoso.com/area/ajiro-port.html,0,2,0,11
2026-07-16,https://funatsuri-yoso.com/area/amatsu.html,0,16,0,5.19
2026-07-16,https://funatsuri-yoso.com/area/arari.html,0,3,0,7
2026-07-16,https://funatsuri-yoso.com/area/ebitorigawa.html,0,1,0,1
2026-07-16,https://funatsuri-yoso.com/area/fukuura-yugawara.html,0,1,0,13
2026-07-16,https://funatsuri-yoso.com/area/futtsu.html,0,6,0,7.5
2026-07-16,https://funatsuri-yoso.com/area/hashirimizu-oki.html,0,1,0,3
2026-07-16,https://funatsuri-yoso.com/area/hayakawa.html,0,1,0,6
2026-07-16,https://funatsuri-yoso.com/area/iioka.html,0,74,0,5.92
2026-07-16,https://funatsuri-yoso.com/area/kanaya.html,2,33,0.060606,6.48
2026-07-16,https://funatsuri-yoso.com/area/kashima.html,0,9,0,9.44
2026-07-16,https://funatsuri-yoso.com/area/katsuura.html,0,3,0,7.67
2026-07-16,https://funatsuri-yoso.com/area/koshigoe.html,0,1,0,7
2026-07-16,https://funatsuri-yoso.com/area/nakaminato.html,0,1,0,9
2026-07-16,https://funatsuri-yoso.com/area/oarai.html,0,7,0,7.71
2026-07-16,https://funatsuri-yoso.com/area/ohara.html,0,4,0,9.5
2026-07-16,https://funatsuri-yoso.com/area/sajima.html,0,2,0,8
2026-07-16,https://funatsuri-yoso.com/area/sarushima-oki.html,0,1,0,3
2026-07-16,https://funatsuri-yoso.com/area/shizuura.html,0,2,0,11.5
2026-07-16,https://funatsuri-yoso.com/area/tagonoura.html,1,2,0.5,9.5
2026-07-16,https://funatsuri-yoso.com/area/usami.html,0,1,0,19
2026-07-16,https://funatsuri-yoso.com/area/yokohama-honmoku.html,0,1,0,7
2026-07-16,https://funatsuri-yoso.com/fish/,0,1,0,14
2026-07-16,https://funatsuri-yoso.com/fish/aji.html,0,4,0,6.75
2026-07-16,https://funatsuri-yoso.com/fish/anago.html,0,2,0,6
2026-07-16,https://funatsuri-yoso.com/fish/hirame.html,0,1,0,5
2026-07-16,https://funatsuri-yoso.com/fish/inada.html,0,1,0,3
2026-07-16,https://funatsuri-yoso.com/fish/isaki.html,0,1,0,4
2026-07-16,https://funatsuri-yoso.com/fish/kanpachi.html,0,7,0,8.43
2026-07-16,https://funatsuri-yoso.com/fish/madai.html,0,1,0,7
2026-07-16,https://funatsuri-yoso.com/fish/madako.html,0,2,0,7
2026-07-16,https://funatsuri-yoso.com/fish/maruika.html,0,1,0,10
2026-07-16,https://funatsuri-yoso.com/fish/shima-aji.html,0,5,0,10.6
2026-07-16,https://funatsuri-yoso.com/fish/shirogisu.html,0,1,0,11
2026-07-16,https://funatsuri-yoso.com/fish/tachiuo.html,0,4,0,8.75
2026-07-16,https://funatsuri-yoso.com/fish/torafugu.html,0,1,0,28
2026-07-16,https://funatsuri-yoso.com/fish_area/aji-arari.html,0,2,0,9
2026-07-16,https://funatsuri-yoso.com/fish_area/aji-chigasaki.html,0,1,0,7
2026-07-16,https://funatsuri-yoso.com/fish_area/aji-haneda.html,0,1,0,8
2026-07-16,https://funatsuri-yoso.com/fish_area/aji-kanaya.html,0,2,0,9.5
2026-07-16,https://funatsuri-yoso.com/fish_area/aji-odawara-hayakawa.html,0,1,0,9
2026-07-16,https://funatsuri-yoso.com/fish_area/aji-yokohama.html,0,3,0,5.67
2026-07-16,https://funatsuri-yoso.com/fish_area/aoriika-kanaya.html,0,1,0,6
2026-07-16,https://funatsuri-yoso.com/fish_area/ara-togawa.html,0,1,0,6
2026-07-16,https://funatsuri-yoso.com/fish_area/bishi-aji-kanaya.html,1,1,1,3
2026-07-16,https://funatsuri-yoso.com/fish_area/hirame-matsuwa-ena.html,0,2,0,6.5
2026-07-16,https://funatsuri-yoso.com/fish_area/isaki-matsuwa-ena.html,0,1,0,15
2026-07-16,https://funatsuri-yoso.com/fish_area/isaki-sajima.html,0,1,0,6
2026-07-16,https://funatsuri-yoso.com/fish_area/kasago-omaezaki.html,0,1,0,8
2026-07-16,https://funatsuri-yoso.com/fish_area/kihada-maguro-chigasaki.html,0,1,0,8
2026-07-16,https://funatsuri-yoso.com/fish_area/kurodai-%E5%B9%B3%E5%A1%9A%E6%BC%81%E6%B8%AF.html,0,1,0,6
2026-07-16,https://funatsuri-yoso.com/fish_area/madai-emi.html,1,1,1,8
2026-07-16,https://funatsuri-yoso.com/fish_area/seabass-ebitorigawa.html,0,1,0,4
2026-07-16,https://funatsuri-yoso.com/fish_area/shima-aji-ohara.html,0,12,0,9.17
2026-07-16,https://funatsuri-yoso.com/fish_area/shiro-amadai-hiratsuka.html,0,1,0,11
2026-07-16,https://funatsuri-yoso.com/fish_area/shousaifugu-keihin.html,0,2,0,4.5
2026-07-16,https://funatsuri-yoso.com/fish_area/surumeika-%E8%91%89%E5%B1%B1%E7%94%BA%E8%91%89%E5%B1%B1%E9%90%99%E6%91%BA%E6%B8%AF.html,0,1,0,9
2026-07-16,https://funatsuri-yoso.com/fish_area/tachiuo-yaizu-ogawa.html,0,1,0,11
2026-07-16,https://funatsuri-yoso.com/pages/about.html,0,1,0,1
2026-07-16,https://funatsuri-yoso.com/ship/chowari-01191.html,0,1,0,10
2026-07-16,https://funatsuri-yoso.com/ship/chowari-01192.html,0,1,0,11
2026-07-16,https://funatsuri-yoso.com/ship/chowari-01696.html,0,2,0,8
2026-07-16,https://funatsuri-yoso.com/ship/gishin-maru.html,0,1,0,7
2026-07-16,https://funatsuri-yoso.com/ship/hitachi-maru.html,0,1,0,27
2026-07-16,https://funatsuri-yoso.com/ship/kaio-maru.html,0,7,0,9.29
2026-07-16,https://funatsuri-yoso.com/ship/kako-maru.html,0,1,0,10
2026-07-16,https://funatsuri-yoso.com/ship/ko-maru-oiso.html,0,1,0,6
2026-07-16,https://funatsuri-yoso.com/ship/ko-maru.html,0,1,0,9
2026-07-16,https://funatsuri-yoso.com/ship/kozo-maru.html,0,1,0,8
2026-07-16,https://funatsuri-yoso.com/ship/kyuju-maru.html,0,1,0,11
2026-07-16,https://funatsuri-yoso.com/ship/megumi-maru.html,0,1,0,10
2026-07-16,https://funatsuri-yoso.com/ship/moki-maru.html,0,1,0,8
2026-07-16,https://funatsuri-yoso.com/ship/seisho-maru.html,0,1,0,10
2026-07-16,https://funatsuri-yoso.com/ship/shojiro-maru.html,0,2,0,40
2026-07-16,https://funatsuri-yoso.com/ship/tsune-maru.html,0,1,0,9
2026-07-16,https://funatsuri-yoso.com/ship/yamadai-maru.html,0,4,0,9
2026-07-16,https://funatsuri-yoso.com/x_post/2026-06-17.html,0,1,0,10
2026-07-17,https://funatsuri-yoso.com/,0,15,0,8.27
2026-07-17,https://funatsuri-yoso.com/area/amatsu.html,0,11,0,6.73
2026-07-17,https://funatsuri-yoso.com/area/futtsu.html,0,9,0,6.44
2026-07-17,https://funatsuri-yoso.com/area/hashirimizu-oki.html,1,1,1,9
2026-07-17,https://funatsuri-yoso.com/area/iioka.html,4,115,0.034783,6.43
2026-07-17,https://funatsuri-yoso.com/area/kanaya.html,2,35,0.057143,7.69
2026-07-17,https://funatsuri-yoso.com/area/kashima-minami-oki.html,0,1,0,6
2026-07-17,https://funatsuri-yoso.com/area/kashima.html,0,14,0,9.71
2026-07-17,https://funatsuri-yoso.com/area/katsuura.html,0,1,0,6
2026-07-17,https://funatsuri-yoso.com/area/kiba.html,0,1,0,11
2026-07-17,https://funatsuri-yoso.com/area/koshigoe.html,0,3,0,5
2026-07-17,https://funatsuri-yoso.com/area/nakanose.html,0,1,0,8
2026-07-17,https://funatsuri-yoso.com/area/nomigawa.html,1,1,1,4
2026-07-17,https://funatsuri-yoso.com/area/oarai.html,1,20,0.05,8.55
2026-07-17,https://funatsuri-yoso.com/area/odawara-hayakawa.html,0,2,0,16.5
2026-07-17,https://funatsuri-yoso.com/area/ohara.html,0,3,0,12.33
2026-07-17,https://funatsuri-yoso.com/area/sajima.html,0,6,0,7.17
2026-07-17,https://funatsuri-yoso.com/area/shizuura.html,0,12,0,11.08
2026-07-17,https://funatsuri-yoso.com/area/yokohama-honmoku.html,0,1,0,22
2026-07-17,https://funatsuri-yoso.com/fish/,0,1,0,6
2026-07-17,https://funatsuri-yoso.com/fish/%E3%83%8F%E3%82%BC.html,0,1,0,5
2026-07-17,https://funatsuri-yoso.com/fish/anago.html,0,1,0,9
2026-07-17,https://funatsuri-yoso.com/fish/ara.html,0,1,0,9
2026-07-17,https://funatsuri-yoso.com/fish/karei.html,0,1,0,7
2026-07-17,https://funatsuri-yoso.com/fish/katsuo.html,0,2,0,8
2026-07-17,https://funatsuri-yoso.com/fish/kurodai.html,0,1,0,7
2026-07-17,https://funatsuri-yoso.com/fish/maruika.html,0,1,0,67
2026-07-17,https://funatsuri-yoso.com/fish/mugiika.html,0,2,0,7
2026-07-17,https://funatsuri-yoso.com/fish/tachiuo.html,0,1,0,18
2026-07-17,https://funatsuri-yoso.com/fish/warasa.html,0,1,0,50
2026-07-17,https://funatsuri-yoso.com/fish_area/aji-arari.html,0,2,0,10.5
2026-07-17,https://funatsuri-yoso.com/fish_area/aji-kanazawa-gyoko.html,0,2,0,9.5
2026-07-17,https://funatsuri-yoso.com/fish_area/hirame-iioka.html,0,1,0,51
2026-07-17,https://funatsuri-yoso.com/fish_area/hirame-matsuwa-ena.html,0,2,0,9
2026-07-17,https://funatsuri-yoso.com/fish_area/hirame-ose.html,0,1,0,6
2026-07-17,https://funatsuri-yoso.com/fish_area/shima-aji-ohara.html,1,3,0.333333,30
2026-07-17,https://funatsuri-yoso.com/ship/chigasaki-maru.html,0,1,0,6
2026-07-17,https://funatsuri-yoso.com/ship/kaio-maru.html,0,15,0,9.73
2026-07-17,https://funatsuri-yoso.com/ship/shojiro-maru.html,0,1,0,47
2026-07-17,https://funatsuri-yoso.com/ship/yonemoto-tsuribuneten.html,0,1,0,19
2026-07-17,https://funatsuri-yoso.com/x_post/2026-07-14.html,0,1,0,11
2026-07-18,https://funatsuri-yoso.com/,0,20,0,10.05
2026-07-18,https://funatsuri-yoso.com/area/ajiro-port.html,1,2,0.5,10.5
2026-07-18,https://funatsuri-yoso.com/area/amatsu.html,0,16,0,5.94
2026-07-18,https://funatsuri-yoso.com/area/atami-port.html,0,1,0,73
2026-07-18,https://funatsuri-yoso.com/area/enoura.html,0,3,0,7.67
2026-07-18,https://funatsuri-yoso.com/area/fukuura-yugawara.html,0,1,0,6
2026-07-18,https://funatsuri-yoso.com/area/futtsu.html,0,10,0,6.6
2026-07-18,https://funatsuri-yoso.com/area/hasaki-shinko.html,0,3,0,9
2026-07-18,https://funatsuri-yoso.com/area/hayama-abuzuri.html,1,2,0.5,7
2026-07-18,https://funatsuri-yoso.com/area/hitachi-kuji.html,0,2,0,6
2026-07-18,https://funatsuri-yoso.com/area/iioka.html,2,156,0.012821,6.36
2026-07-18,https://funatsuri-yoso.com/area/kanaya.html,3,29,0.103448,9.1
2026-07-18,https://funatsuri-yoso.com/area/kanazawa-hakkei.html,0,3,0,6.33
2026-07-18,https://funatsuri-yoso.com/area/kashima.html,1,13,0.076923,8.15
2026-07-18,https://funatsuri-yoso.com/area/katsuura.html,0,4,0,8
2026-07-18,https://funatsuri-yoso.com/area/koshigoe.html,0,2,0,7
2026-07-18,https://funatsuri-yoso.com/area/kuryo.html,0,3,0,8
2026-07-18,https://funatsuri-yoso.com/area/manazuru-port.html,0,1,0,8
2026-07-18,https://funatsuri-yoso.com/area/matsuzaki.html,0,1,0,8
2026-07-18,https://funatsuri-yoso.com/area/nakaminato.html,1,2,0.5,6.5
2026-07-18,https://funatsuri-yoso.com/area/oarai.html,0,9,0,6.33
2026-07-18,https://funatsuri-yoso.com/area/ohara.html,0,5,0,7
2026-07-18,https://funatsuri-yoso.com/area/sajima.html,0,4,0,6.75
2026-07-18,https://funatsuri-yoso.com/area/shizuura.html,0,7,0,12.14
2026-07-18,https://funatsuri-yoso.com/area/susaki.html,0,1,0,6
2026-07-18,https://funatsuri-yoso.com/area/teishi.html,0,1,0,13
2026-07-18,https://funatsuri-yoso.com/area/usami.html,0,2,0,5.5
2026-07-18,https://funatsuri-yoso.com/area/yokohama-honmoku.html,0,1,0,8
2026-07-18,https://funatsuri-yoso.com/fish/,0,1,0,9
2026-07-18,https://funatsuri-yoso.com/fish/aji.html,0,3,0,7.33
2026-07-18,https://funatsuri-yoso.com/fish/anago.html,0,2,0,14
2026-07-18,https://funatsuri-yoso.com/fish/aoriika.html,0,1,0,4
2026-07-18,https://funatsuri-yoso.com/fish/hirame.html,0,4,0,5.25
2026-07-18,https://funatsuri-yoso.com/fish/inada.html,1,3,0.333333,8
2026-07-18,https://funatsuri-yoso.com/fish/ishidai.html,0,1,0,21
2026-07-18,https://funatsuri-yoso.com/fish/kanpachi.html,0,1,0,8
2026-07-18,https://funatsuri-yoso.com/fish/karei.html,0,1,0,7
2026-07-18,https://funatsuri-yoso.com/fish/katsuo.html,0,1,0,6
2026-07-18,https://funatsuri-yoso.com/fish/kihada-maguro.html,0,1,0,8
2026-07-18,https://funatsuri-yoso.com/fish/kintoki.html,0,1,0,10
2026-07-18,https://funatsuri-yoso.com/fish/madako.html,0,4,0,13
2026-07-18,https://funatsuri-yoso.com/fish/maruika.html,0,1,0,29
2026-07-18,https://funatsuri-yoso.com/fish/mugiika.html,0,2,0,10.5
2026-07-18,https://funatsuri-yoso.com/fish/shima-aji.html,1,8,0.125,7.88
2026-07-18,https://funatsuri-yoso.com/fish/shousaifugu.html,0,1,0,11
2026-07-18,https://funatsuri-yoso.com/fish/tachiuo.html,0,2,0,7.5
2026-07-18,https://funatsuri-yoso.com/fish_area/abura-bouzu-hasaki-shinko.html,0,1,0,6
2026-07-18,https://funatsuri-yoso.com/fish_area/aji-kanazawa-hakkei.html,0,1,0,7
2026-07-18,https://funatsuri-yoso.com/fish_area/aji-oarai.html,0,1,0,7
2026-07-18,https://funatsuri-yoso.com/fish_area/aji-yokohama.html,0,2,0,9
2026-07-18,https://funatsuri-yoso.com/fish_area/aoriika-shin-imaibashi.html,1,1,1,8
2026-07-18,https://funatsuri-yoso.com/fish_area/ara-togawa.html,0,1,0,17
2026-07-18,https://funatsuri-yoso.com/fish_area/hirame-ose.html,0,5,0,6.8
2026-07-18,https://funatsuri-yoso.com/fish_area/inada-oarai.html,0,1,0,5
2026-07-18,https://funatsuri-yoso.com/fish_area/isaki-kanazawa-hakkei.html,0,1,0,12
2026-07-18,https://funatsuri-yoso.com/fish_area/kaiwari-usami.html,0,1,0,7
2026-07-18,https://funatsuri-yoso.com/fish_area/karei-hasaki.html,0,1,0,8
2026-07-18,https://funatsuri-yoso.com/fish_area/kasago-kashima.html,0,1,0,7
2026-07-18,https://funatsuri-yoso.com/fish_area/kasago-omaezaki.html,0,1,0,6
2026-07-18,https://funatsuri-yoso.com/fish_area/magochi-kanazawa-hakkei.html,0,1,0,6
2026-07-18,https://funatsuri-yoso.com/fish_area/mahata-omaezaki.html,0,1,0,9
2026-07-18,https://funatsuri-yoso.com/fish_area/moroko-shimoda.html,0,1,0,2
2026-07-18,https://funatsuri-yoso.com/fish_area/shima-aji-ohara.html,1,8,0.125,11
2026-07-18,https://funatsuri-yoso.com/fish_area/surumeika-nagai.html,0,1,0,17
2026-07-18,https://funatsuri-yoso.com/fish_area/warasa-hasaki.html,0,1,0,8
2026-07-18,https://funatsuri-yoso.com/ship/akihiro-maru.html,0,1,0,8
2026-07-18,https://funatsuri-yoso.com/ship/baika-maru.html,0,3,0,7
2026-07-18,https://funatsuri-yoso.com/ship/chowari-01191.html,0,3,0,17
2026-07-18,https://funatsuri-yoso.com/ship/chowari-01696.html,0,1,0,9
2026-07-18,https://funatsuri-yoso.com/ship/ikatsu-maru.html,0,1,0,25
2026-07-18,https://funatsuri-yoso.com/ship/kaio-maru.html,0,7,0,9.29
2026-07-18,https://funatsuri-yoso.com/ship/ko-maru.html,0,2,0,7
2026-07-18,https://funatsuri-yoso.com/ship/masaichi-maru.html,0,1,0,9
2026-07-18,https://funatsuri-yoso.com/ship/masami-maru.html,0,1,0,32
2026-07-18,https://funatsuri-yoso.com/ship/narigin-maru.html,0,2,0,7
2026-07-18,https://funatsuri-yoso.com/ship/shohachi-maru.html,0,1,0,8
2026-07-18,https://funatsuri-yoso.com/ship/shojiro-maru.html,0,7,0,13.14
2026-07-18,https://funatsuri-yoso.com/ship/yamadai-maru.html,0,7,0,8.57
2026-07-18,https://funatsuri-yoso.com/ship/yonemoto-tsuribuneten.html,1,3,0.333333,8.67
2026-07-18,https://funatsuri-yoso.com/x_post/2026-07-06.html,0,1,0,10
2026-07-18,https://funatsuri-yoso.com/x_post/2026-07-14.html,0,1,0,8
2026-07-19,https://funatsuri-yoso.com/,0,32,0,8.31
2026-07-19,https://funatsuri-yoso.com/area/,0,1,0,71
2026-07-19,https://funatsuri-yoso.com/area/amatsu.html,0,5,0,6.8
2026-07-19,https://funatsuri-yoso.com/area/futtsu.html,0,7,0,6.86
2026-07-19,https://funatsuri-yoso.com/area/iioka.html,3,60,0.05,6.65
2026-07-19,https://funatsuri-yoso.com/area/kanaya.html,1,27,0.037037,7.63
2026-07-19,https://funatsuri-yoso.com/area/kanazawa-hakkei.html,0,1,0,7
2026-07-19,https://funatsuri-yoso.com/area/kashima.html,0,12,0,7.5
2026-07-19,https://funatsuri-yoso.com/area/katakai.html,0,3,0,8.67
2026-07-19,https://funatsuri-yoso.com/area/katsuura.html,0,4,0,10.75
2026-07-19,https://funatsuri-yoso.com/area/koshigoe.html,0,6,0,7.33
2026-07-19,https://funatsuri-yoso.com/area/oarai.html,0,9,0,7.67
2026-07-19,https://funatsuri-yoso.com/area/ohara.html,0,9,0,7.22
2026-07-19,https://funatsuri-yoso.com/area/sajima.html,0,2,0,6.5
2026-07-19,https://funatsuri-yoso.com/area/shizuura.html,0,9,0,10.56
2026-07-19,https://funatsuri-yoso.com/area/teishi.html,0,1,0,9
2026-07-19,https://funatsuri-yoso.com/area/usami.html,0,3,0,4.67
2026-07-19,https://funatsuri-yoso.com/fish/,0,2,0,8.5
2026-07-19,https://funatsuri-yoso.com/fish/aoriika.html,0,2,0,11.5
2026-07-19,https://funatsuri-yoso.com/fish/inada.html,0,3,0,5.33
2026-07-19,https://funatsuri-yoso.com/fish_area/kanpachi-shimoda.html,0,1,0,39
2026-07-19,https://funatsuri-yoso.com/fish_area/kasago-yaizu.html,0,1,0,11
2026-07-19,https://funatsuri-yoso.com/fish_area/shima-aji-ohara.html,0,2,0,42.5
2026-07-19,https://funatsuri-yoso.com/ship/kaio-maru.html,0,5,0,8.8
2026-07-19,https://funatsuri-yoso.com/ship/shojiro-maru.html,0,1,0,41
2026-07-20,https://funatsuri-yoso.com/,0,14,0,10.71
2026-07-20,https://funatsuri-yoso.com/area/amatsu.html,0,16,0,8.44
2026-07-20,https://funatsuri-yoso.com/area/enoura.html,1,6,0.166667,7.33
2026-07-20,https://funatsuri-yoso.com/area/fukuda.html,0,1,0,8
2026-07-20,https://funatsuri-yoso.com/area/futtsu.html,0,8,0,6.88
2026-07-20,https://funatsuri-yoso.com/area/hasaki-shinko.html,0,2,0,6
2026-07-20,https://funatsuri-yoso.com/area/iioka.html,0,66,0,6.67
2026-07-20,https://funatsuri-yoso.com/area/kanaya.html,2,27,0.074074,7.44
2026-07-20,https://funatsuri-yoso.com/area/kanazawa-hakkei.html,0,2,0,23
2026-07-20,https://funatsuri-yoso.com/area/kashima.html,0,8,0,10.62
2026-07-20,https://funatsuri-yoso.com/area/katase-gyoko.html,0,1,0,8
2026-07-20,https://funatsuri-yoso.com/area/katsuura.html,0,7,0,15.71
2026-07-20,https://funatsuri-yoso.com/area/kawana.html,0,1,0,6
2026-07-20,https://funatsuri-yoso.com/area/koajiro.html,0,1,0,4
2026-07-20,https://funatsuri-yoso.com/area/koshigoe.html,1,4,0.25,7.75
2026-07-20,https://funatsuri-yoso.com/area/kuryo.html,0,4,0,5.25
2026-07-20,https://funatsuri-yoso.com/area/manazuru-port.html,0,1,0,8
2026-07-20,https://funatsuri-yoso.com/area/oarai.html,0,11,0,10.82
2026-07-20,https://funatsuri-yoso.com/area/odawara-hayakawa.html,0,1,0,10
2026-07-20,https://funatsuri-yoso.com/area/ohara.html,0,7,0,7.14
2026-07-20,https://funatsuri-yoso.com/area/onagigawa.html,0,1,0,6
2026-07-20,https://funatsuri-yoso.com/area/sajima.html,0,5,0,7.6
2026-07-20,https://funatsuri-yoso.com/area/shizuura.html,0,6,0,11
2026-07-20,https://funatsuri-yoso.com/area/suzaki.html,0,1,0,11
2026-07-20,https://funatsuri-yoso.com/area/tagonoura.html,0,1,0,18
2026-07-20,https://funatsuri-yoso.com/fish/,0,2,0,23
2026-07-20,https://funatsuri-yoso.com/fish/aji.html,0,3,0,9.67
2026-07-20,https://funatsuri-yoso.com/fish/anago.html,0,2,0,6.5
2026-07-20,https://funatsuri-yoso.com/fish/aoriika.html,0,2,0,4.5
2026-07-20,https://funatsuri-yoso.com/fish/hirame.html,0,1,0,5
2026-07-20,https://funatsuri-yoso.com/fish/inada.html,0,1,0,9
2026-07-20,https://funatsuri-yoso.com/fish/kanpachi.html,0,7,0,8.29
2026-07-20,https://funatsuri-yoso.com/fish/karei.html,1,1,1,1
2026-07-20,https://funatsuri-yoso.com/fish/katsuo.html,0,1,0,9
2026-07-20,https://funatsuri-yoso.com/fish/kihada-maguro.html,0,1,0,10
2026-07-20,https://funatsuri-yoso.com/fish/madai.html,0,2,0,6
2026-07-20,https://funatsuri-yoso.com/fish/madako.html,0,2,0,14
2026-07-20,https://funatsuri-yoso.com/fish/maruika.html,0,6,0,10.33
2026-07-20,https://funatsuri-yoso.com/fish/menuke.html,0,1,0,1
2026-07-20,https://funatsuri-yoso.com/fish/mugiika.html,0,2,0,1
2026-07-20,https://funatsuri-yoso.com/fish/shima-aji.html,0,6,0,7
2026-07-20,https://funatsuri-yoso.com/fish/tachiuo.html,0,3,0,8.67
2026-07-20,https://funatsuri-yoso.com/fish/torafugu.html,0,1,0,16
2026-07-20,https://funatsuri-yoso.com/fish/warasa.html,0,1,0,8
2026-07-20,https://funatsuri-yoso.com/fish_area/aji-katase-gyoko.html,0,1,0,10
2026-07-20,https://funatsuri-yoso.com/fish_area/aji-yumenoshima.html,0,1,0,4
2026-07-20,https://funatsuri-yoso.com/fish_area/fugu-kashima.html,0,1,0,8
2026-07-20,https://funatsuri-yoso.com/fish_area/hirame-iioka.html,0,1,0,30
2026-07-20,https://funatsuri-yoso.com/fish_area/inada-oarai.html,0,1,0,8
2026-07-20,https://funatsuri-yoso.com/fish_area/ishimochi-rokugo-suimon.html,0,1,0,5
2026-07-20,https://funatsuri-yoso.com/fish_area/kasago-kanazawa-hakkei.html,0,1,0,7
2026-07-20,https://funatsuri-yoso.com/fish_area/kasago-shizuura.html,0,1,0,1
2026-07-20,https://funatsuri-yoso.com/fish_area/katsuo-hiratsuka.html,0,2,0,9.5
2026-07-20,https://funatsuri-yoso.com/fish_area/kihada-maguro-chigasaki.html,0,4,0,4.75
2026-07-20,https://funatsuri-yoso.com/fish_area/kihada-maguro-oiso.html,0,1,0,7
2026-07-20,https://funatsuri-yoso.com/fish_area/madai-%E6%9D%BE%E5%B4%8E%E7%94%BA%E6%9D%BE%E5%B4%8E%E6%B8%AF.html,0,1,0,6
2026-07-20,https://funatsuri-yoso.com/fish_area/madai-ajiro-port.html,0,1,0,10
2026-07-20,https://funatsuri-yoso.com/fish_area/madako-kashima.html,0,1,0,10
2026-07-20,https://funatsuri-yoso.com/fish_area/magochi-nomigawa.html,0,1,0,8
2026-07-20,https://funatsuri-yoso.com/fish_area/shima-aji-ohara.html,2,12,0.166667,9
2026-07-20,https://funatsuri-yoso.com/fish_area/shiro-amadai-hiratsuka.html,0,1,0,7
2026-07-20,https://funatsuri-yoso.com/fish_area/shirogisu-chigasaki.html,0,1,0,14
2026-07-20,https://funatsuri-yoso.com/fish_area/surumeika-katsuura-kawazu.html,0,1,0,11
2026-07-20,https://funatsuri-yoso.com/fish_area/yariika-odawara-hayakawa.html,0,1,0,8
2026-07-20,https://funatsuri-yoso.com/monthly/2026-05/isaki.html,0,1,0,5
2026-07-20,https://funatsuri-yoso.com/pages/about.html,0,1,0,16
2026-07-20,https://funatsuri-yoso.com/ship/bo-maru.html,0,1,0,11
2026-07-20,https://funatsuri-yoso.com/ship/fudo-maru.html,0,1,0,10
2026-07-20,https://funatsuri-yoso.com/ship/fujin-maru.html,0,4,0,8.75
2026-07-20,https://funatsuri-yoso.com/ship/fukada-masao-maru.html,0,3,0,10.33
2026-07-20,https://funatsuri-yoso.com/ship/funayado-sawaura.html,0,1,0,9
2026-07-20,https://funatsuri-yoso.com/ship/gishin-maru.html,0,1,0,9
2026-07-20,https://funatsuri-yoso.com/ship/harumori-maru.html,0,1,0,9
2026-07-20,https://funatsuri-yoso.com/ship/ishida-maru.html,0,3,0,5
2026-07-20,https://funatsuri-yoso.com/ship/katsumi-maru.html,0,1,0,10
2026-07-20,https://funatsuri-yoso.com/ship/kikyu-maru.html,0,1,0,9
2026-07-20,https://funatsuri-yoso.com/ship/ko-maru-oiso.html,0,2,0,8
2026-07-20,https://funatsuri-yoso.com/ship/kozo-maru.html,0,1,0,11
2026-07-20,https://funatsuri-yoso.com/ship/masami-maru.html,0,1,0,9
2026-07-20,https://funatsuri-yoso.com/ship/onuki-maru.html,0,1,0,13
2026-07-20,https://funatsuri-yoso.com/ship/sanjiro-maru.html,0,1,0,9
2026-07-20,https://funatsuri-yoso.com/ship/shojiro-maru.html,0,10,0,11.6
2026-07-20,https://funatsuri-yoso.com/ship/taiko-maru.html,0,3,0,8
2026-07-20,https://funatsuri-yoso.com/ship/taizou-maru.html,0,1,0,9
2026-07-20,https://funatsuri-yoso.com/ship/yamadai-maru.html,0,10,0,8.6
2026-07-20,https://funatsuri-yoso.com/ship/yonemoto-tsuribuneten.html,0,2,0,8
2026-07-20,https://funatsuri-yoso.com/ship/yuko-maru-iioka.html,0,1,0,7
2026-07-20,https://funatsuri-yoso.com/x_post/2026-07-04.html,0,1,0,2
2026-07-20,https://funatsuri-yoso.com/x_post/2026-07-06.html,0,1,0,8
2026-07-20,https://funatsuri-yoso.com/x_post/2026-07-18.html,0,1,0,10
2026-07-21,https://funatsuri-yoso.com/,2,18,0.111111,7
2026-07-21,https://funatsuri-yoso.com/area/,0,1,0,9
2026-07-21,https://funatsuri-yoso.com/area/amatsu.html,0,12,0,8.67
2026-07-21,https://funatsuri-yoso.com/area/atami-port.html,0,2,0,16.5
2026-07-21,https://funatsuri-yoso.com/area/enoura.html,0,4,0,5.75
2026-07-21,https://funatsuri-yoso.com/area/fukuura-yugawara.html,0,3,0,9.67
2026-07-21,https://funatsuri-yoso.com/area/futtsu.html,0,9,0,6.44
2026-07-21,https://funatsuri-yoso.com/area/hasaki-shinko.html,0,1,0,6
2026-07-21,https://funatsuri-yoso.com/area/hitachi-kuji.html,0,1,0,9
2026-07-21,https://funatsuri-yoso.com/area/iioka.html,1,57,0.017544,6.7
2026-07-21,https://funatsuri-yoso.com/area/ito-shi.html,0,1,0,7
2026-07-21,https://funatsuri-yoso.com/area/kanaya.html,1,21,0.047619,8.14
2026-07-21,https://funatsuri-yoso.com/area/kanazawa-hakkei.html,0,1,0,11
2026-07-21,https://funatsuri-yoso.com/area/kashima.html,1,7,0.142857,6
2026-07-21,https://funatsuri-yoso.com/area/katsuura.html,0,5,0,8.6
2026-07-21,https://funatsuri-yoso.com/area/koshigoe.html,0,3,0,8.33
2026-07-21,https://funatsuri-yoso.com/area/kuryo.html,0,2,0,9.5
2026-07-21,https://funatsuri-yoso.com/area/manazuru-port.html,0,3,0,9.67
2026-07-21,https://funatsuri-yoso.com/area/nakaminato.html,0,3,0,10.33
2026-07-21,https://funatsuri-yoso.com/area/oarai.html,0,12,0,7.75
2026-07-21,https://funatsuri-yoso.com/area/odawara-hayakawa.html,0,1,0,10
2026-07-21,https://funatsuri-yoso.com/area/ohara.html,1,6,0.166667,7.67
2026-07-21,https://funatsuri-yoso.com/area/sajima.html,0,1,0,10
2026-07-21,https://funatsuri-yoso.com/area/shiba.html,0,1,0,6
2026-07-21,https://funatsuri-yoso.com/area/shizuura.html,0,6,0,8.83
2026-07-21,https://funatsuri-yoso.com/area/teishi.html,0,1,0,29
2026-07-21,https://funatsuri-yoso.com/area/tomata.html,0,1,0,9
2026-07-21,https://funatsuri-yoso.com/area/yaizu.html,0,1,0,5
2026-07-21,https://funatsuri-yoso.com/fish/,0,3,0,24.33
2026-07-21,https://funatsuri-yoso.com/fish/aji.html,0,11,0,8.27
2026-07-21,https://funatsuri-yoso.com/fish/akamutsu.html,0,1,0,8
2026-07-21,https://funatsuri-yoso.com/fish/anago.html,0,2,0,11.5
2026-07-21,https://funatsuri-yoso.com/fish/aoriika.html,0,2,0,34.5
2026-07-21,https://funatsuri-yoso.com/fish/ara.html,0,1,0,7
2026-07-21,https://funatsuri-yoso.com/fish/hanadai.html,0,1,0,19
2026-07-21,https://funatsuri-yoso.com/fish/hirame.html,0,2,0,7
2026-07-21,https://funatsuri-yoso.com/fish/inada.html,0,6,0,6.17
2026-07-21,https://funatsuri-yoso.com/fish/ishimochi.html,0,1,0,10
2026-07-21,https://funatsuri-yoso.com/fish/kanpachi.html,0,6,0,8.67
2026-07-21,https://funatsuri-yoso.com/fish/katsuo.html,0,1,0,10
2026-07-21,https://funatsuri-yoso.com/fish/kurodai.html,0,1,0,61
2026-07-21,https://funatsuri-yoso.com/fish/madako.html,0,3,0,7
2026-07-21,https://funatsuri-yoso.com/fish/maruika.html,1,8,0.125,12.12
2026-07-21,https://funatsuri-yoso.com/fish/mugiika.html,0,12,0,9.67
2026-07-21,https://funatsuri-yoso.com/fish/onikasago.html,0,1,0,12
2026-07-21,https://funatsuri-yoso.com/fish/shima-aji.html,0,9,0,8.33
2026-07-21,https://funatsuri-yoso.com/fish/shirogisu.html,0,2,0,8.5
2026-07-21,https://funatsuri-yoso.com/fish/shousaifugu.html,0,1,0,10
2026-07-21,https://funatsuri-yoso.com/fish/tachiuo.html,0,6,0,6.83
2026-07-21,https://funatsuri-yoso.com/fish/warasa.html,0,2,0,19
2026-07-21,https://funatsuri-yoso.com/fish_area/aji-hiragata.html,1,1,1,11
2026-07-21,https://funatsuri-yoso.com/fish_area/aji-oiso.html,1,1,1,2
2026-07-21,https://funatsuri-yoso.com/fish_area/aji-yokohama-honmoku.html,0,1,0,9
2026-07-21,https://funatsuri-yoso.com/fish_area/aji-yokohama.html,0,2,0,6
2026-07-21,https://funatsuri-yoso.com/fish_area/ara-togawa.html,0,1,0,6
2026-07-21,https://funatsuri-yoso.com/fish_area/buri-shimoda.html,0,1,0,8
2026-07-21,https://funatsuri-yoso.com/fish_area/fugu-kanazawa-hakkei.html,0,1,0,15
2026-07-21,https://funatsuri-yoso.com/fish_area/hirame-hasaki.html,0,2,0,3
2026-07-21,https://funatsuri-yoso.com/fish_area/hirame-iioka.html,0,2,0,7.5
2026-07-21,https://funatsuri-yoso.com/fish_area/hirame-ohara.html,0,1,0,11
2026-07-21,https://funatsuri-yoso.com/fish_area/inada-oarai.html,0,1,0,7
2026-07-21,https://funatsuri-yoso.com/fish_area/isaki-fukuda.html,0,1,0,18
2026-07-21,https://funatsuri-yoso.com/fish_area/isaki-ohara.html,0,1,0,4
2026-07-21,https://funatsuri-yoso.com/fish_area/ishimochi-kanazawa-hakkei.html,0,1,0,9
2026-07-21,https://funatsuri-yoso.com/fish_area/kaiwari-usami.html,0,2,0,9.5
2026-07-21,https://funatsuri-yoso.com/fish_area/kasago-atami-port.html,1,2,0.5,11
2026-07-21,https://funatsuri-yoso.com/fish_area/kasago-kashima.html,0,1,0,11
2026-07-21,https://funatsuri-yoso.com/fish_area/kasago-koshigoe.html,0,1,0,10
2026-07-21,https://funatsuri-yoso.com/fish_area/kasago-shizuura.html,1,1,1,1
2026-07-21,https://funatsuri-yoso.com/fish_area/kihada-maguro-hayama-abuzuri.html,0,1,0,4
2026-07-21,https://funatsuri-yoso.com/fish_area/kinmedai-shimoda.html,0,1,0,22
2026-07-21,https://funatsuri-yoso.com/fish_area/madai-kashima.html,0,1,0,10
2026-07-21,https://funatsuri-yoso.com/fish_area/madai-ohara.html,0,4,0,6.5
2026-07-21,https://funatsuri-yoso.com/fish_area/medai-omaezaki.html,0,1,0,2
2026-07-21,https://funatsuri-yoso.com/fish_area/seabass-%E9%B9%BF%E5%B6%8B%E6%96%B0%E6%B8%AF.html,0,1,0,10
2026-07-21,https://funatsuri-yoso.com/fish_area/shima-aji-ohara.html,0,9,0,10
2026-07-21,https://funatsuri-yoso.com/fish_area/surumeika-odawara-hayakawa.html,0,1,0,11
2026-07-21,https://funatsuri-yoso.com/fish_area/tachiuo-fukuda.html,1,2,0.5,6
2026-07-21,https://funatsuri-yoso.com/fish_area/tachiuo-yaizu-ogawa.html,0,2,0,7
2026-07-21,https://funatsuri-yoso.com/fish_area/warasa-matsuwa-maguchi.html,0,1,0,15
2026-07-21,https://funatsuri-yoso.com/monthly/2026-06/madako.html,0,1,0,7
2026-07-21,https://funatsuri-yoso.com/pages/about.html,0,1,0,10
2026-07-21,https://funatsuri-yoso.com/ship/bo-maru.html,0,2,0,10.5
2026-07-21,https://funatsuri-yoso.com/ship/chowari-01192.html,0,1,0,9
2026-07-21,https://funatsuri-yoso.com/ship/daigo-teiei-maru.html,0,1,0,10
2026-07-21,https://funatsuri-yoso.com/ship/daisan-kariyushi-maru.html,0,4,0,8
2026-07-21,https://funatsuri-yoso.com/ship/fudo-maru.html,0,1,0,10
2026-07-21,https://funatsuri-yoso.com/ship/fujin-maru.html,0,4,0,10.5
2026-07-21,https://funatsuri-yoso.com/ship/fukada-masao-maru.html,0,1,0,9
2026-07-21,https://funatsuri-yoso.com/ship/gishin-maru.html,0,2,0,9.5
2026-07-21,https://funatsuri-yoso.com/ship/goro-maru.html,0,2,0,10
2026-07-21,https://funatsuri-yoso.com/ship/harumori-maru.html,0,1,0,9
2026-07-21,https://funatsuri-yoso.com/ship/hayabusa-maru-shiba.html,0,1,0,9
2026-07-21,https://funatsuri-yoso.com/ship/ikatsu-maru.html,0,1,0,25
2026-07-21,https://funatsuri-yoso.com/ship/kamoshita-maru-kawana.html,0,2,0,9
2026-07-21,https://funatsuri-yoso.com/ship/kikyu-maru.html,0,4,0,10.25
2026-07-21,https://funatsuri-yoso.com/ship/ko-maru.html,0,5,0,8.6
2026-07-21,https://funatsuri-yoso.com/ship/kotobuki-maru.html,1,2,0.5,6.5
2026-07-21,https://funatsuri-yoso.com/ship/moki-maru.html,0,1,0,15
2026-07-21,https://funatsuri-yoso.com/ship/muramoto-kaiji.html,0,3,0,10.33
2026-07-21,https://funatsuri-yoso.com/ship/nogeya-tsuribuneten.html,0,1,0,15
2026-07-21,https://funatsuri-yoso.com/ship/omatsu-maru.html,0,1,0,11
2026-07-21,https://funatsuri-yoso.com/ship/rieiei-maru.html,0,1,0,10
2026-07-21,https://funatsuri-yoso.com/ship/ryusei-maru.html,0,1,0,10
2026-07-21,https://funatsuri-yoso.com/ship/sashima-kairakuen.html,0,1,0,17
2026-07-21,https://funatsuri-yoso.com/ship/seisho-maru.html,0,1,0,10
2026-07-21,https://funatsuri-yoso.com/ship/shojiro-maru.html,0,13,0,12.38
2026-07-21,https://funatsuri-yoso.com/ship/taiko-maru.html,0,4,0,9.25
2026-07-21,https://funatsuri-yoso.com/ship/taro-maru.html,0,1,0,9
2026-07-21,https://funatsuri-yoso.com/ship/tsuribune-tsuru.html,0,1,0,8
2026-07-21,https://funatsuri-yoso.com/ship/ueda-maru.html,0,1,0,9
2026-07-21,https://funatsuri-yoso.com/ship/yamadai-maru.html,0,4,0,9.25
2026-07-21,https://funatsuri-yoso.com/ship/yonemoto-tsuribuneten.html,0,1,0,9
2026-07-21,https://funatsuri-yoso.com/x_post/2026-06-21.html,0,1,0,8
2026-07-22,https://funatsuri-yoso.com/,0,26,0,7.81
2026-07-22,https://funatsuri-yoso.com/area/ajiro-port.html,1,2,0.5,13.5
2026-07-22,https://funatsuri-yoso.com/area/amatsu.html,0,11,0,6.27
2026-07-22,https://funatsuri-yoso.com/area/arari.html,0,1,0,9
2026-07-22,https://funatsuri-yoso.com/area/enoura.html,0,1,0,4
2026-07-22,https://funatsuri-yoso.com/area/fukuura-yugawara.html,0,4,0,11.75
2026-07-22,https://funatsuri-yoso.com/area/futtsu.html,1,6,0.166667,10.33
2026-07-22,https://funatsuri-yoso.com/area/hayakawa.html,0,2,0,5
2026-07-22,https://funatsuri-yoso.com/area/iioka.html,2,70,0.028571,7.23
2026-07-22,https://funatsuri-yoso.com/area/kanaya.html,2,24,0.083333,8.25
2026-07-22,https://funatsuri-yoso.com/area/kanazawa-hakkei.html,0,9,0,7.22
2026-07-22,https://funatsuri-yoso.com/area/kashima.html,0,4,0,7.5
2026-07-22,https://funatsuri-yoso.com/area/katsuura.html,0,6,0,9.67
2026-07-22,https://funatsuri-yoso.com/area/kiba.html,0,1,0,2
2026-07-22,https://funatsuri-yoso.com/area/koshigoe.html,0,3,0,7.67
2026-07-22,https://funatsuri-yoso.com/area/kuryo.html,0,1,0,20
2026-07-22,https://funatsuri-yoso.com/area/manazuru-port.html,0,1,0,8
2026-07-22,https://funatsuri-yoso.com/area/nakaminato.html,1,3,0.333333,9
2026-07-22,https://funatsuri-yoso.com/area/nomigawa.html,0,1,0,10
2026-07-22,https://funatsuri-yoso.com/area/oarai.html,0,11,0,9.73
2026-07-22,https://funatsuri-yoso.com/area/ohara.html,0,11,0,13.45
2026-07-22,https://funatsuri-yoso.com/area/sajima.html,0,3,0,7.33
2026-07-22,https://funatsuri-yoso.com/area/shimizu.html,0,1,0,11
2026-07-22,https://funatsuri-yoso.com/area/shizuura.html,1,6,0.166667,10
2026-07-22,https://funatsuri-yoso.com/area/suzaki.html,0,1,0,12
2026-07-22,https://funatsuri-yoso.com/area/togawa.html,0,2,0,8
2026-07-22,https://funatsuri-yoso.com/area/usami.html,0,2,0,8.5
2026-07-22,https://funatsuri-yoso.com/area/yokohama-honmoku.html,0,1,0,8
2026-07-22,https://funatsuri-yoso.com/fish/,0,2,0,7.5
2026-07-22,https://funatsuri-yoso.com/fish/aji.html,0,3,0,4.67
2026-07-22,https://funatsuri-yoso.com/fish/anago.html,0,2,0,7
2026-07-22,https://funatsuri-yoso.com/fish/inada.html,1,2,0.5,6.5
2026-07-22,https://funatsuri-yoso.com/fish/ishimochi.html,0,1,0,9
2026-07-22,https://funatsuri-yoso.com/fish/kanpachi.html,2,5,0.4,6.8
2026-07-22,https://funatsuri-yoso.com/fish/kuromutsu.html,0,2,0,6.5
2026-07-22,https://funatsuri-yoso.com/fish/madai.html,1,3,0.333333,12
2026-07-22,https://funatsuri-yoso.com/fish/madako.html,0,1,0,7
2026-07-22,https://funatsuri-yoso.com/fish/maruika.html,0,1,0,9
2026-07-22,https://funatsuri-yoso.com/fish/mugiika.html,0,4,0,5.25
2026-07-22,https://funatsuri-yoso.com/fish/shiira.html,0,1,0,11
2026-07-22,https://funatsuri-yoso.com/fish/shima-aji.html,0,4,0,8.75
2026-07-22,https://funatsuri-yoso.com/fish/shirogisu.html,0,1,0,9
2026-07-22,https://funatsuri-yoso.com/fish/shousaifugu.html,0,1,0,14
2026-07-22,https://funatsuri-yoso.com/fish/tachiuo.html,0,4,0,9
2026-07-22,https://funatsuri-yoso.com/fish/warasa.html,0,1,0,10
2026-07-22,https://funatsuri-yoso.com/fish_area/aji-chigasaki.html,0,1,0,8
2026-07-22,https://funatsuri-yoso.com/fish_area/aji-enoura.html,0,1,0,20
2026-07-22,https://funatsuri-yoso.com/fish_area/buri-shimoda.html,0,1,0,7
2026-07-22,https://funatsuri-yoso.com/fish_area/hirame-iioka.html,0,1,0,18
2026-07-22,https://funatsuri-yoso.com/fish_area/inada-hiratsuka.html,1,1,1,21
2026-07-22,https://funatsuri-yoso.com/fish_area/isaki-kuryo.html,0,1,0,1
2026-07-22,https://funatsuri-yoso.com/fish_area/kaiwari-usami.html,0,2,0,8
2026-07-22,https://funatsuri-yoso.com/fish_area/kasago-atami-port.html,0,2,0,5
2026-07-22,https://funatsuri-yoso.com/fish_area/kasago-iioka.html,0,1,0,4
2026-07-22,https://funatsuri-yoso.com/fish_area/moroko-shimoda.html,0,1,0,20
2026-07-22,https://funatsuri-yoso.com/fish_area/seabass-ebitorigawa.html,0,2,0,6
2026-07-22,https://funatsuri-yoso.com/fish_area/seabass-nomigawa.html,0,1,0,34
2026-07-22,https://funatsuri-yoso.com/fish_area/shima-aji-ohara.html,2,10,0.2,11
2026-07-22,https://funatsuri-yoso.com/fish_area/surumeika-odawara-hayakawa.html,0,1,0,10
2026-07-22,https://funatsuri-yoso.com/fish_area/tachiuo-yaizu-ogawa.html,0,1,0,7
2026-07-22,https://funatsuri-yoso.com/pages/terms.html,0,1,0,2
2026-07-22,https://funatsuri-yoso.com/ship/bo-maru.html,0,2,0,17.5
2026-07-22,https://funatsuri-yoso.com/ship/chowari-01696.html,0,2,0,9
2026-07-22,https://funatsuri-yoso.com/ship/daigo-teiei-maru.html,0,1,0,4
2026-07-22,https://funatsuri-yoso.com/ship/fukada-masao-maru.html,0,1,0,9
2026-07-22,https://funatsuri-yoso.com/ship/goro-maru.html,0,1,0,9
2026-07-22,https://funatsuri-yoso.com/ship/hitachi-maru.html,0,1,0,7
2026-07-22,https://funatsuri-yoso.com/ship/ikeda-maru.html,0,1,0,8
2026-07-22,https://funatsuri-yoso.com/ship/ishida-maru.html,0,1,0,5
2026-07-22,https://funatsuri-yoso.com/ship/kako-maru.html,0,1,0,8
2026-07-22,https://funatsuri-yoso.com/ship/kamoshita-maru-kawana.html,0,1,0,9
2026-07-22,https://funatsuri-yoso.com/ship/kikyu-maru.html,0,6,0,11.83
2026-07-22,https://funatsuri-yoso.com/ship/ko-maru-oiso.html,0,2,0,9
2026-07-22,https://funatsuri-yoso.com/ship/ko-maru.html,0,1,0,11
2026-07-22,https://funatsuri-yoso.com/ship/kyuju-maru.html,0,1,0,9
2026-07-22,https://funatsuri-yoso.com/ship/masami-maru.html,0,1,0,7
2026-07-22,https://funatsuri-yoso.com/ship/megumi-maru.html,0,1,0,22
2026-07-22,https://funatsuri-yoso.com/ship/muramoto-kaiji.html,0,1,0,8
2026-07-22,https://funatsuri-yoso.com/ship/omatsu-maru.html,0,1,0,10
2026-07-22,https://funatsuri-yoso.com/ship/rieiei-maru.html,0,1,0,10
2026-07-22,https://funatsuri-yoso.com/ship/sashima-kairakuen.html,0,2,0,10.5
2026-07-22,https://funatsuri-yoso.com/ship/shojiro-maru.html,0,3,0,16.33
2026-07-22,https://funatsuri-yoso.com/ship/taiko-maru.html,0,1,0,7
2026-07-22,https://funatsuri-yoso.com/ship/tsuribune-tsuru.html,0,4,0,10.75
2026-07-22,https://funatsuri-yoso.com/ship/yamadai-maru.html,0,3,0,8
2026-07-22,https://funatsuri-yoso.com/ship/yusei-maru-katase.html,0,1,0,9
2026-07-22,https://funatsuri-yoso.com/x_post/2026-06-14.html,0,1,0,8
2026-07-23,https://funatsuri-yoso.com/,0,31,0,7.77
2026-07-23,https://funatsuri-yoso.com/area/amatsu.html,0,10,0,6.4
2026-07-23,https://funatsuri-yoso.com/area/atami-port.html,0,6,0,9.33
2026-07-23,https://funatsuri-yoso.com/area/chigasaki.html,0,1,0,11
2026-07-23,https://funatsuri-yoso.com/area/enoura.html,0,9,0,10
2026-07-23,https://funatsuri-yoso.com/area/fukuda.html,0,1,0,10
2026-07-23,https://funatsuri-yoso.com/area/fukuura-yugawara.html,0,2,0,9
2026-07-23,https://funatsuri-yoso.com/area/futtsu.html,0,6,0,8.67
2026-07-23,https://funatsuri-yoso.com/area/hasaki-shinko.html,0,1,0,10
2026-07-23,https://funatsuri-yoso.com/area/iioka.html,1,75,0.013333,7.48
2026-07-23,https://funatsuri-yoso.com/area/ito-shi.html,0,2,0,10.5
2026-07-23,https://funatsuri-yoso.com/area/kanaya.html,3,28,0.107143,6.64
2026-07-23,https://funatsuri-yoso.com/area/kanazawa-hakkei.html,0,1,0,9
2026-07-23,https://funatsuri-yoso.com/area/kashima.html,0,3,0,9
2026-07-23,https://funatsuri-yoso.com/area/katsuura.html,0,6,0,8.33
2026-07-23,https://funatsuri-yoso.com/area/kuryo.html,0,6,0,8.67
2026-07-23,https://funatsuri-yoso.com/area/oarai.html,1,11,0.090909,8.27
2026-07-23,https://funatsuri-yoso.com/area/ohara.html,0,8,0,8.12
2026-07-23,https://funatsuri-yoso.com/area/sajima.html,0,6,0,8.67
2026-07-23,https://funatsuri-yoso.com/area/shimizu.html,1,2,0.5,2
2026-07-23,https://funatsuri-yoso.com/area/shizuura.html,0,4,0,5.25
2026-07-23,https://funatsuri-yoso.com/area/yaizu.html,0,2,0,7.5
2026-07-23,https://funatsuri-yoso.com/fish/,0,3,0,6
2026-07-23,https://funatsuri-yoso.com/fish/aji.html,0,12,0,7.67
2026-07-23,https://funatsuri-yoso.com/fish/anago.html,0,2,0,9
2026-07-23,https://funatsuri-yoso.com/fish/aoriika.html,0,2,0,9
2026-07-23,https://funatsuri-yoso.com/fish/ara.html,0,3,0,10.67
2026-07-23,https://funatsuri-yoso.com/fish/hanadai.html,0,5,0,5
2026-07-23,https://funatsuri-yoso.com/fish/hirame.html,0,6,0,14.5
2026-07-23,https://funatsuri-yoso.com/fish/inada.html,0,5,0,8
2026-07-23,https://funatsuri-yoso.com/fish/isaki.html,0,1,0,10
2026-07-23,https://funatsuri-yoso.com/fish/ishimochi.html,0,1,0,10
2026-07-23,https://funatsuri-yoso.com/fish/kanpachi.html,0,5,0,9
2026-07-23,https://funatsuri-yoso.com/fish/karei.html,0,2,0,9.5
2026-07-23,https://funatsuri-yoso.com/fish/katsuo.html,0,2,0,16
2026-07-23,https://funatsuri-yoso.com/fish/kihada-maguro.html,0,3,0,5.67
2026-07-23,https://funatsuri-yoso.com/fish/madai.html,1,3,0.333333,4.67
2026-07-23,https://funatsuri-yoso.com/fish/madako.html,0,2,0,18.5
2026-07-23,https://funatsuri-yoso.com/fish/mugiika.html,3,17,0.176471,5.29
2026-07-23,https://funatsuri-yoso.com/fish/shima-aji.html,0,9,0,7.78
2026-07-23,https://funatsuri-yoso.com/fish/tachiuo.html,0,6,0,8.17
2026-07-23,https://funatsuri-yoso.com/fish/warasa.html,0,2,0,6
2026-07-23,https://funatsuri-yoso.com/fish_area/aji-kanazawa-hakkei.html,0,1,0,26
2026-07-23,https://funatsuri-yoso.com/fish_area/aji-matsuwa-ena.html,0,2,0,7.5
2026-07-23,https://funatsuri-yoso.com/fish_area/aji-yokohama.html,0,1,0,21
2026-07-23,https://funatsuri-yoso.com/fish_area/amadai-hitachi-kuji.html,0,1,0,7
2026-07-23,https://funatsuri-yoso.com/fish_area/aoriika-kanaya.html,0,1,0,6
2026-07-23,https://funatsuri-yoso.com/fish_area/ara-togawa.html,0,2,0,7
2026-07-23,https://funatsuri-yoso.com/fish_area/buri-shimoda.html,0,7,0,6
2026-07-23,https://funatsuri-yoso.com/fish_area/fugu-futtsu.html,0,1,0,7
2026-07-23,https://funatsuri-yoso.com/fish_area/fugu-imai-suimon.html,0,1,0,4
2026-07-23,https://funatsuri-yoso.com/fish_area/hanadai-hiratsuka.html,0,2,0,7
2026-07-23,https://funatsuri-yoso.com/fish_area/hirame-iioka.html,0,7,0,13.71
2026-07-23,https://funatsuri-yoso.com/fish_area/hirame-ose.html,0,1,0,32
2026-07-23,https://funatsuri-yoso.com/fish_area/isaki-kuryo.html,0,1,0,1
2026-07-23,https://funatsuri-yoso.com/fish_area/isaki-sajima.html,0,2,0,7.5
2026-07-23,https://funatsuri-yoso.com/fish_area/kaiwari-usami.html,0,2,0,10
2026-07-23,https://funatsuri-yoso.com/fish_area/kanko-hasaki-shinko.html,0,1,0,8
2026-07-23,https://funatsuri-yoso.com/fish_area/kasago-hiratsuka.html,0,1,0,22
2026-07-23,https://funatsuri-yoso.com/fish_area/kasago-kashima.html,0,2,0,4.5
2026-07-23,https://funatsuri-yoso.com/fish_area/kasago-katase-gyoko.html,0,2,0,5
2026-07-23,https://funatsuri-yoso.com/fish_area/shima-aji-ohara.html,1,29,0.034483,9.38
2026-07-23,https://funatsuri-yoso.com/fish_area/tachiuo-koshiba.html,0,1,0,5
2026-07-23,https://funatsuri-yoso.com/komase-sim/,0,1,0,1
2026-07-23,https://funatsuri-yoso.com/ship/baika-maru.html,0,1,0,7
2026-07-23,https://funatsuri-yoso.com/ship/bo-maru.html,0,1,0,12
2026-07-23,https://funatsuri-yoso.com/ship/daigo-teiei-maru.html,0,2,0,8.5
2026-07-23,https://funatsuri-yoso.com/ship/daisan-kariyushi-maru.html,0,12,0,8
2026-07-23,https://funatsuri-yoso.com/ship/dengoro-maru.html,0,1,0,8
2026-07-23,https://funatsuri-yoso.com/ship/fujin-maru.html,0,1,0,8
2026-07-23,https://funatsuri-yoso.com/ship/fukada-masao-maru.html,0,2,0,8
2026-07-23,https://funatsuri-yoso.com/ship/gishin-maru.html,0,1,0,9
2026-07-23,https://funatsuri-yoso.com/ship/hamasei-maru.html,0,1,0,7
2026-07-23,https://funatsuri-yoso.com/ship/harumori-maru.html,0,2,0,9
2026-07-23,https://funatsuri-yoso.com/ship/hitachi-maru.html,0,1,0,10
2026-07-23,https://funatsuri-yoso.com/ship/ishida-maru.html,0,3,0,3.67
2026-07-23,https://funatsuri-yoso.com/ship/kikyu-maru.html,0,1,0,8
2026-07-23,https://funatsuri-yoso.com/ship/ko-maru-oiso.html,0,2,0,10
2026-07-23,https://funatsuri-yoso.com/ship/ko-maru.html,0,7,0,11.86
2026-07-23,https://funatsuri-yoso.com/ship/koei-maru-yaizu.html,0,1,0,8
2026-07-23,https://funatsuri-yoso.com/ship/kotobuki-maru.html,0,1,0,23
2026-07-23,https://funatsuri-yoso.com/ship/kyoei-maru.html,0,1,0,12
2026-07-23,https://funatsuri-yoso.com/ship/masami-maru.html,0,2,0,5.5
2026-07-23,https://funatsuri-yoso.com/ship/muramoto-kaiji.html,0,2,0,9
2026-07-23,https://funatsuri-yoso.com/ship/rieiei-maru.html,0,1,0,10
2026-07-23,https://funatsuri-yoso.com/ship/ryusei-maru.html,0,2,0,9
2026-07-23,https://funatsuri-yoso.com/ship/sashima-kairakuen.html,0,1,0,11
2026-07-23,https://funatsuri-yoso.com/ship/seiei-maru.html,0,1,0,4
2026-07-23,https://funatsuri-yoso.com/ship/shojiro-maru.html,0,5,0,13
2026-07-23,https://funatsuri-yoso.com/ship/taiko-maru.html,0,2,0,9
2026-07-23,https://funatsuri-yoso.com/ship/tsuribune-tsuru.html,0,4,0,8.25
2026-07-23,https://funatsuri-yoso.com/ship/yamadai-maru.html,0,6,0,11.67
2026-07-23,https://funatsuri-yoso.com/ship/yonemoto-tsuribuneten.html,0,1,0,10
2026-07-23,https://funatsuri-yoso.com/x_post/2026-07-20.html,0,3,0,7.33
2026-07-24,https://funatsuri-yoso.com/,2,21,0.095238,7.24
2026-07-24,https://funatsuri-yoso.com/area/,0,1,0,58
2026-07-24,https://funatsuri-yoso.com/area/amatsu.html,1,14,0.071429,7.71
2026-07-24,https://funatsuri-yoso.com/area/enoura.html,0,10,0,5.8
2026-07-24,https://funatsuri-yoso.com/area/fukuura-yugawara.html,0,3,0,7.33
2026-07-24,https://funatsuri-yoso.com/area/futtsu.html,0,10,0,5.4
2026-07-24,https://funatsuri-yoso.com/area/hachimanbashi.html,0,1,0,5
2026-07-24,https://funatsuri-yoso.com/area/hasaki-shinko.html,0,1,0,10
2026-07-24,https://funatsuri-yoso.com/area/hayakawa.html,0,1,0,16
2026-07-24,https://funatsuri-yoso.com/area/iioka.html,3,127,0.023622,6.69
2026-07-24,https://funatsuri-yoso.com/area/imai-suimon.html,0,1,0,5
2026-07-24,https://funatsuri-yoso.com/area/ito-shi.html,0,1,0,8
2026-07-24,https://funatsuri-yoso.com/area/kanaya.html,1,42,0.02381,7.71
2026-07-24,https://funatsuri-yoso.com/area/kanazawa-hakkei.html,0,4,0,8.5
2026-07-24,https://funatsuri-yoso.com/area/kashima.html,0,9,0,8.78
2026-07-24,https://funatsuri-yoso.com/area/katsuura.html,0,4,0,15.25
2026-07-24,https://funatsuri-yoso.com/area/koshigoe.html,1,7,0.142857,9.29
2026-07-24,https://funatsuri-yoso.com/area/kuryo.html,0,2,0,3
2026-07-24,https://funatsuri-yoso.com/area/manazuru-port.html,0,1,0,8
2026-07-24,https://funatsuri-yoso.com/area/nakaminato.html,0,2,0,11
2026-07-24,https://funatsuri-yoso.com/area/oarai.html,0,10,0,5.3
2026-07-24,https://funatsuri-yoso.com/area/odawara-hayakawa.html,0,1,0,7
2026-07-24,https://funatsuri-yoso.com/area/ohara.html,1,9,0.111111,6.56
2026-07-24,https://funatsuri-yoso.com/area/sajima.html,1,2,0.5,7.5
2026-07-24,https://funatsuri-yoso.com/area/shimizu.html,0,4,0,10.75
2026-07-24,https://funatsuri-yoso.com/area/shizuura.html,0,4,0,7.75
2026-07-24,https://funatsuri-yoso.com/area/susaki.html,0,1,0,5
2026-07-24,https://funatsuri-yoso.com/area/usami.html,0,1,0,2
2026-07-24,https://funatsuri-yoso.com/area/yaizu.html,0,4,0,7.25
2026-07-24,https://funatsuri-yoso.com/area/yokohama-honmoku.html,0,1,0,34
2026-07-24,https://funatsuri-yoso.com/fish-value/,1,1,1,1
2026-07-24,https://funatsuri-yoso.com/fish/,0,3,0,6.67
2026-07-24,https://funatsuri-yoso.com/fish/aji.html,0,6,0,7.67
2026-07-24,https://funatsuri-yoso.com/fish/anago.html,0,3,0,8.67
2026-07-24,https://funatsuri-yoso.com/fish/ara.html,0,1,0,8
2026-07-24,https://funatsuri-yoso.com/fish/hanadai.html,0,2,0,6.5
2026-07-24,https://funatsuri-yoso.com/fish/hiramasa.html,0,1,0,9
2026-07-24,https://funatsuri-yoso.com/fish/hirame.html,0,8,0,8.62
2026-07-24,https://funatsuri-yoso.com/fish/inada.html,0,13,0,6.23
2026-07-24,https://funatsuri-yoso.com/fish/kamasu.html,0,1,0,11
2026-07-24,https://funatsuri-yoso.com/fish/kanpachi.html,1,8,0.125,7.12
2026-07-24,https://funatsuri-yoso.com/fish/karei.html,0,4,0,5.75
2026-07-24,https://funatsuri-yoso.com/fish/katsuo.html,0,3,0,6.33
2026-07-24,https://funatsuri-yoso.com/fish/madai.html,0,4,0,4.75
2026-07-24,https://funatsuri-yoso.com/fish/madako.html,0,3,0,8
2026-07-24,https://funatsuri-yoso.com/fish/maruika.html,0,4,0,18.5
2026-07-24,https://funatsuri-yoso.com/fish/mugiika.html,0,2,0,11.5
2026-07-24,https://funatsuri-yoso.com/fish/onikasago.html,0,1,0,3
2026-07-24,https://funatsuri-yoso.com/fish/shima-aji.html,1,17,0.058824,7.24
2026-07-24,https://funatsuri-yoso.com/fish/shirogisu.html,0,1,0,8
2026-07-24,https://funatsuri-yoso.com/fish/sumiika.html,1,1,1,7
2026-07-24,https://funatsuri-yoso.com/fish/tachiuo.html,0,6,0,7.5
2026-07-24,https://funatsuri-yoso.com/fish/torafugu.html,0,2,0,48
2026-07-24,https://funatsuri-yoso.com/fish/warasa.html,1,2,0.5,6
2026-07-24,https://funatsuri-yoso.com/fish_area/aji-matsuwa-ena.html,0,1,0,9
2026-07-24,https://funatsuri-yoso.com/fish_area/aji-shiba.html,0,1,0,6
2026-07-24,https://funatsuri-yoso.com/fish_area/aji-yokohama.html,0,3,0,7
2026-07-24,https://funatsuri-yoso.com/fish_area/fugu-%E5%B9%B3%E5%A1%9A%E6%BC%81%E6%B8%AF.html,0,1,0,3
2026-07-24,https://funatsuri-yoso.com/fish_area/hata-%E6%9D%BE%E5%B4%8E%E7%94%BA%E6%9D%BE%E5%B4%8E%E6%B8%AF.html,0,1,0,8
2026-07-24,https://funatsuri-yoso.com/fish_area/hirame-iioka.html,0,1,0,5
2026-07-24,https://funatsuri-yoso.com/fish_area/hirame-oarai.html,0,2,0,7.5
2026-07-24,https://funatsuri-yoso.com/fish_area/hirame-ose.html,0,1,0,14
2026-07-24,https://funatsuri-yoso.com/fish_area/isaki-kuryo.html,0,6,0,8.5
2026-07-24,https://funatsuri-yoso.com/fish_area/kaiwari-usami.html,0,1,0,11
2026-07-24,https://funatsuri-yoso.com/fish_area/kasago-katase-gyoko.html,0,1,0,2
2026-07-24,https://funatsuri-yoso.com/fish_area/katsuo-nagai.html,0,1,0,7
2026-07-24,https://funatsuri-yoso.com/fish_area/kurodai-hiratsuka.html,0,1,0,15
2026-07-24,https://funatsuri-yoso.com/fish_area/madai-kanazawa-hakkei.html,0,1,0,2
2026-07-24,https://funatsuri-yoso.com/fish_area/madai-koshigoe.html,0,1,0,25
2026-07-24,https://funatsuri-yoso.com/fish_area/magochi-kashima.html,0,1,0,10
2026-07-24,https://funatsuri-yoso.com/fish_area/mahata-omaezaki.html,0,1,0,8
2026-07-24,https://funatsuri-yoso.com/fish_area/medai-omaezaki.html,0,1,0,4
2026-07-24,https://funatsuri-yoso.com/fish_area/onikasago-katase-gyoko.html,0,1,0,3
2026-07-24,https://funatsuri-yoso.com/fish_area/shima-aji-ohara.html,1,13,0.076923,10.15
2026-07-24,https://funatsuri-yoso.com/fish_area/shima-aji-omaezaki.html,0,1,0,2
2026-07-24,https://funatsuri-yoso.com/fish_area/tachiuo-koshiba.html,0,1,0,10
2026-07-24,https://funatsuri-yoso.com/fish_area/tachiuo-yaizu-ogawa.html,1,6,0.166667,6.17
2026-07-24,https://funatsuri-yoso.com/fish_area/torafugu-%E9%B9%BF%E5%B6%8B%E6%96%B0%E6%B8%AF.html,0,1,0,10
2026-07-24,https://funatsuri-yoso.com/ship/baika-maru.html,0,1,0,6
2026-07-24,https://funatsuri-yoso.com/ship/daisan-kariyushi-maru.html,0,9,0,7.89
2026-07-24,https://funatsuri-yoso.com/ship/daisan-shoei-maru.html,0,1,0,10
2026-07-24,https://funatsuri-yoso.com/ship/dengoro-maru.html,0,1,0,9
2026-07-24,https://funatsuri-yoso.com/ship/fuji-maru.html,0,1,0,8
2026-07-24,https://funatsuri-yoso.com/ship/fujin-maru.html,0,3,0,6.67
2026-07-24,https://funatsuri-yoso.com/ship/fukada-masao-maru.html,0,9,0,9
2026-07-24,https://funatsuri-yoso.com/ship/hamasei-maru.html,0,3,0,8
2026-07-24,https://funatsuri-yoso.com/ship/ishida-maru.html,0,1,0,5
2026-07-24,https://funatsuri-yoso.com/ship/kamoshita-maru-kawana.html,0,1,0,9
2026-07-24,https://funatsuri-yoso.com/ship/kanazawa-hakkei-kurokawa-maru.html,0,1,0,9
2026-07-24,https://funatsuri-yoso.com/ship/katsumi-maru.html,0,3,0,8
2026-07-24,https://funatsuri-yoso.com/ship/kikyu-maru.html,0,9,0,14.11
2026-07-24,https://funatsuri-yoso.com/ship/ko-maru-oiso.html,0,3,0,10
2026-07-24,https://funatsuri-yoso.com/ship/ko-maru.html,0,1,0,8
2026-07-24,https://funatsuri-yoso.com/ship/kotobuki-maru.html,0,1,0,8
2026-07-24,https://funatsuri-yoso.com/ship/masami-maru.html,0,2,0,8
2026-07-24,https://funatsuri-yoso.com/ship/minosuke-maru.html,0,1,0,10
2026-07-24,https://funatsuri-yoso.com/ship/muramoto-kaiji.html,0,2,0,10
2026-07-24,https://funatsuri-yoso.com/ship/nogeya-tsuribuneten.html,0,2,0,7
2026-07-24,https://funatsuri-yoso.com/ship/sashima-kairakuen.html,0,5,0,13.2
2026-07-24,https://funatsuri-yoso.com/ship/seisho-maru.html,0,2,0,11
2026-07-24,https://funatsuri-yoso.com/ship/shojiro-maru.html,0,8,0,13.12
2026-07-24,https://funatsuri-yoso.com/ship/taiko-maru.html,0,1,0,8
2026-07-24,https://funatsuri-yoso.com/ship/taro-maru.html,0,2,0,9
2026-07-24,https://funatsuri-yoso.com/ship/tsuribune-tsuru.html,0,4,0,6.75
2026-07-24,https://funatsuri-yoso.com/ship/yamadai-maru.html,0,7,0,9.57
2026-07-24,https://funatsuri-yoso.com/ship/yonemoto-tsuribuneten.html,0,1,0,10
2026-07-24,https://funatsuri-yoso.com/x_post/2026-06-14.html,0,1,0,39
2026-07-25,https://funatsuri-yoso.com/,1,31,0.032258,7.35
2026-07-25,https://funatsuri-yoso.com/area/,0,1,0,9
2026-07-25,https://funatsuri-yoso.com/area/aihama.html,0,1,0,4
2026-07-25,https://funatsuri-yoso.com/area/amatsu.html,0,22,0,8.27
2026-07-25,https://funatsuri-yoso.com/area/arari.html,0,3,0,8.33
2026-07-25,https://funatsuri-yoso.com/area/atami-port.html,0,1,0,12
2026-07-25,https://funatsuri-yoso.com/area/enoura.html,0,5,0,4.6
2026-07-25,https://funatsuri-yoso.com/area/fukuda.html,0,1,0,9
2026-07-25,https://funatsuri-yoso.com/area/fukuura-yugawara.html,1,3,0.333333,10
2026-07-25,https://funatsuri-yoso.com/area/futtsu.html,1,17,0.058824,6.76
2026-07-25,https://funatsuri-yoso.com/area/hasaki-shinko.html,0,2,0,4
2026-07-25,https://funatsuri-yoso.com/area/hayakawa.html,0,3,0,7
2026-07-25,https://funatsuri-yoso.com/area/hayama-abuzuri.html,0,1,0,6
2026-07-25,https://funatsuri-yoso.com/area/heiwajima.html,0,1,0,11
2026-07-25,https://funatsuri-yoso.com/area/hitachi-kuji.html,0,2,0,8.5
2026-07-25,https://funatsuri-yoso.com/area/iioka.html,3,120,0.025,6.18
2026-07-25,https://funatsuri-yoso.com/area/kanaya.html,1,37,0.027027,7.95
2026-07-25,https://funatsuri-yoso.com/area/kanazawa-hakkei.html,0,3,0,7
2026-07-25,https://funatsuri-yoso.com/area/kashima.html,0,8,0,12.25
2026-07-25,https://funatsuri-yoso.com/area/katakai.html,0,2,0,8
2026-07-25,https://funatsuri-yoso.com/area/katsuura.html,0,5,0,11.8
2026-07-25,https://funatsuri-yoso.com/area/koshigoe.html,0,8,0,8.5
2026-07-25,https://funatsuri-yoso.com/area/kuryo.html,0,5,0,8
2026-07-25,https://funatsuri-yoso.com/area/oarai.html,0,16,0,7.06
2026-07-25,https://funatsuri-yoso.com/area/ohara.html,0,6,0,5.83
2026-07-25,https://funatsuri-yoso.com/area/onagigawa.html,0,1,0,4
2026-07-25,https://funatsuri-yoso.com/area/sajima.html,0,14,0,8.07
2026-07-25,https://funatsuri-yoso.com/area/senju-ohashi.html,0,1,0,6
2026-07-25,https://funatsuri-yoso.com/area/shin-imaibashi.html,0,1,0,1
2026-07-25,https://funatsuri-yoso.com/area/shizuura.html,0,7,0,9
2026-07-25,https://funatsuri-yoso.com/area/yaizu.html,0,2,0,8
2026-07-25,https://funatsuri-yoso.com/fish/,0,1,0,6
2026-07-25,https://funatsuri-yoso.com/fish/aji.html,0,3,0,9
2026-07-25,https://funatsuri-yoso.com/fish/anago.html,0,3,0,9.67
2026-07-25,https://funatsuri-yoso.com/fish/ara.html,0,1,0,33
2026-07-25,https://funatsuri-yoso.com/fish/hirame.html,0,4,0,8
2026-07-25,https://funatsuri-yoso.com/fish/inada.html,0,1,0,8
2026-07-25,https://funatsuri-yoso.com/fish/ishimochi.html,0,3,0,7.67
2026-07-25,https://funatsuri-yoso.com/fish/kanpachi.html,1,8,0.125,7.5
2026-07-25,https://funatsuri-yoso.com/fish/katsuo.html,0,1,0,7
2026-07-25,https://funatsuri-yoso.com/fish/kuromutsu.html,0,1,0,6
2026-07-25,https://funatsuri-yoso.com/fish/madai.html,0,1,0,6
2026-07-25,https://funatsuri-yoso.com/fish/madako.html,0,3,0,17
2026-07-25,https://funatsuri-yoso.com/fish/maruika.html,0,6,0,6.33
2026-07-25,https://funatsuri-yoso.com/fish/mugiika.html,0,3,0,7.33
2026-07-25,https://funatsuri-yoso.com/fish/shiira.html,0,1,0,9
2026-07-25,https://funatsuri-yoso.com/fish/shima-aji.html,0,13,0,7.08
2026-07-25,https://funatsuri-yoso.com/fish/tachiuo.html,0,8,0,7.5
2026-07-25,https://funatsuri-yoso.com/fish_area/aji-kanazawa-gyoko.html,0,1,0,7
2026-07-25,https://funatsuri-yoso.com/fish_area/aji-omaezaki.html,0,1,0,9
2026-07-25,https://funatsuri-yoso.com/fish_area/aji-yokohama.html,0,3,0,6.33
2026-07-25,https://funatsuri-yoso.com/fish_area/buri-shimoda.html,0,2,0,7
2026-07-25,https://funatsuri-yoso.com/fish_area/hirame-%E4%BD%90%E5%B3%B6%E6%B8%AF.html,0,1,0,8
2026-07-25,https://funatsuri-yoso.com/fish_area/isaki-kuryo.html,0,7,0,8.57
2026-07-25,https://funatsuri-yoso.com/fish_area/isaki-sajima.html,0,1,0,7
2026-07-25,https://funatsuri-yoso.com/fish_area/kaiwari-usami.html,0,1,0,6
2026-07-25,https://funatsuri-yoso.com/fish_area/kanko-hasaki-shinko.html,0,2,0,8.5
2026-07-25,https://funatsuri-yoso.com/fish_area/kasago-%E9%B9%BF%E5%B6%8B%E6%96%B0%E6%B8%AF.html,0,1,0,46
2026-07-25,https://funatsuri-yoso.com/fish_area/kasago-atami-port.html,0,1,0,11
2026-07-25,https://funatsuri-yoso.com/fish_area/kasago-chigasaki.html,0,2,0,7.5
2026-07-25,https://funatsuri-yoso.com/fish_area/kasago-kanazawa-hakkei.html,0,1,0,9
2026-07-25,https://funatsuri-yoso.com/fish_area/kasago-katase-gyoko.html,0,2,0,10
2026-07-25,https://funatsuri-yoso.com/fish_area/kasago-ohara.html,0,2,0,8.5
2026-07-25,https://funatsuri-yoso.com/fish_area/madai-ajiro-port.html,0,1,0,5
2026-07-25,https://funatsuri-yoso.com/fish_area/madai-ohara.html,0,4,0,7.75
2026-07-25,https://funatsuri-yoso.com/fish_area/magochi-kashima.html,1,2,0.5,3
2026-07-25,https://funatsuri-yoso.com/fish_area/maruika-hayama-abuzuri.html,0,1,0,2
2026-07-25,https://funatsuri-yoso.com/fish_area/shima-aji-ohara.html,0,12,0,18
2026-07-25,https://funatsuri-yoso.com/fish_area/surumeika-odawara-hayakawa.html,0,1,0,5
2026-07-25,https://funatsuri-yoso.com/fish_area/warasa-kotsubo.html,0,1,0,2
2026-07-25,https://funatsuri-yoso.com/ship/bo-maru.html,0,1,0,12
2026-07-25,https://funatsuri-yoso.com/ship/daigo-teiei-maru.html,0,1,0,10
2026-07-25,https://funatsuri-yoso.com/ship/daijugo-shoun-maru.html,0,1,0,9
2026-07-25,https://funatsuri-yoso.com/ship/daini-tsuretaka-maru.html,0,2,0,9
2026-07-25,https://funatsuri-yoso.com/ship/daisan-kariyushi-maru.html,0,1,0,8
2026-07-25,https://funatsuri-yoso.com/ship/daisan-shoei-maru.html,0,1,0,1
2026-07-25,https://funatsuri-yoso.com/ship/dengoro-maru.html,0,1,0,9
2026-07-25,https://funatsuri-yoso.com/ship/fuji-maru.html,0,1,0,5
2026-07-25,https://funatsuri-yoso.com/ship/fukada-masao-maru.html,0,7,0,11
2026-07-25,https://funatsuri-yoso.com/ship/gishin-maru.html,0,1,0,9
2026-07-25,https://funatsuri-yoso.com/ship/goro-maru.html,0,1,0,8
2026-07-25,https://funatsuri-yoso.com/ship/hamasei-maru.html,1,1,1,4
2026-07-25,https://funatsuri-yoso.com/ship/hitachi-maru.html,0,1,0,7
2026-07-25,https://funatsuri-yoso.com/ship/kanazawa-hakkei-kurokawa-maru.html,0,1,0,6
2026-07-25,https://funatsuri-yoso.com/ship/kikyu-maru.html,0,5,0,7.4
2026-07-25,https://funatsuri-yoso.com/ship/koshiba-maru.html,0,1,0,8
2026-07-25,https://funatsuri-yoso.com/ship/kotoku-maru.html,0,2,0,6
2026-07-25,https://funatsuri-yoso.com/ship/masaichi-maru.html,0,1,0,10
2026-07-25,https://funatsuri-yoso.com/ship/masami-maru.html,0,2,0,5
2026-07-25,https://funatsuri-yoso.com/ship/megumi-maru.html,0,1,0,17
2026-07-25,https://funatsuri-yoso.com/ship/minami-tsuribune.html,0,1,0,8
2026-07-25,https://funatsuri-yoso.com/ship/muramoto-kaiji.html,0,2,0,11
2026-07-25,https://funatsuri-yoso.com/ship/narigin-maru.html,0,2,0,8
2026-07-25,https://funatsuri-yoso.com/ship/omatsu-maru.html,0,1,0,10
2026-07-25,https://funatsuri-yoso.com/ship/sashima-kairakuen.html,0,4,0,12.25
2026-07-25,https://funatsuri-yoso.com/ship/seisho-maru.html,0,2,0,7.5
2026-07-25,https://funatsuri-yoso.com/ship/shohachi-maru.html,0,1,0,7
2026-07-25,https://funatsuri-yoso.com/ship/shojiro-maru.html,0,8,0,8.75
2026-07-25,https://funatsuri-yoso.com/ship/taiko-maru.html,0,1,0,8
2026-07-25,https://funatsuri-yoso.com/ship/taro-maru.html,0,1,0,10
2026-07-25,https://funatsuri-yoso.com/ship/tsuribune-tsuru.html,0,4,0,7.75
2026-07-25,https://funatsuri-yoso.com/ship/yonemoto-tsuribuneten.html,0,4,0,8.25
2026-07-25,https://funatsuri-yoso.com/x_post/2026-06-29.html,0,1,0,71
2026-07-26,https://funatsuri-yoso.com/,0,28,0,7.46
2026-07-26,https://funatsuri-yoso.com/area/ajiro-port.html,0,1,0,11
2026-07-26,https://funatsuri-yoso.com/area/amatsu.html,0,24,0,7.88
2026-07-26,https://funatsuri-yoso.com/area/enoura.html,0,3,0,5.33
2026-07-26,https://funatsuri-yoso.com/area/futtsu.html,0,10,0,9.4
2026-07-26,https://funatsuri-yoso.com/area/hamanamegawa.html,0,1,0,7
2026-07-26,https://funatsuri-yoso.com/area/hayakawa.html,0,2,0,9
2026-07-26,https://funatsuri-yoso.com/area/iioka.html,3,100,0.03,6.78
2026-07-26,https://funatsuri-yoso.com/area/kanaya.html,0,4,0,10.25
2026-07-26,https://funatsuri-yoso.com/area/kanazawa-hakkei-hirakata.html,0,1,0,6
2026-07-26,https://funatsuri-yoso.com/area/kanazawa-hakkei.html,0,6,0,9.33
2026-07-26,https://funatsuri-yoso.com/area/kashima.html,0,3,0,7.33
2026-07-26,https://funatsuri-yoso.com/area/katakai.html,0,2,0,13
2026-07-26,https://funatsuri-yoso.com/area/katsuura.html,0,26,0,8.77
2026-07-26,https://funatsuri-yoso.com/area/keihin.html,0,1,0,6
2026-07-26,https://funatsuri-yoso.com/area/koshigoe.html,0,4,0,8.25
2026-07-26,https://funatsuri-yoso.com/area/oarai.html,0,11,0,5.36
2026-07-26,https://funatsuri-yoso.com/area/ohara.html,1,10,0.1,9
2026-07-26,https://funatsuri-yoso.com/area/sajima.html,0,6,0,10.17
2026-07-26,https://funatsuri-yoso.com/area/shiba.html,0,1,0,8
2026-07-26,https://funatsuri-yoso.com/area/shizuura.html,1,7,0.142857,10.43
2026-07-26,https://funatsuri-yoso.com/area/teishi.html,0,1,0,10
2026-07-26,https://funatsuri-yoso.com/area/usami.html,0,1,0,9
2026-07-26,https://funatsuri-yoso.com/fish/,0,4,0,8.25
2026-07-26,https://funatsuri-yoso.com/fish/akamutsu.html,0,1,0,5
2026-07-26,https://funatsuri-yoso.com/fish/anago.html,0,3,0,10
2026-07-26,https://funatsuri-yoso.com/fish/aoriika.html,0,2,0,32
2026-07-26,https://funatsuri-yoso.com/fish/hirame.html,0,1,0,86
2026-07-26,https://funatsuri-yoso.com/fish/houbou.html,0,1,0,19
2026-07-26,https://funatsuri-yoso.com/fish/kanpachi.html,0,1,0,10
2026-07-26,https://funatsuri-yoso.com/fish/kuromutsu.html,0,1,0,79
2026-07-26,https://funatsuri-yoso.com/fish/madai.html,0,4,0,6
2026-07-26,https://funatsuri-yoso.com/fish/shiira.html,0,4,0,9.75
2026-07-26,https://funatsuri-yoso.com/fish/shirogisu.html,0,3,0,12.33
2026-07-26,https://funatsuri-yoso.com/fish_area/itoyori-koshigoe.html,0,1,0,6
2026-07-26,https://funatsuri-yoso.com/fish_area/kasago-hitachi-kuji.html,0,1,0,9
2026-07-26,https://funatsuri-yoso.com/fish_area/kihada-maguro-nagai.html,0,1,0,19
2026-07-26,https://funatsuri-yoso.com/fish_area/magochi-kashima.html,0,1,0,6
2026-07-26,https://funatsuri-yoso.com/fish_area/sawara-nomigawa.html,0,1,0,9
2026-07-26,https://funatsuri-yoso.com/fish_area/surumeika-nagai-urushiyama.html,0,1,0,10
2026-07-26,https://funatsuri-yoso.com/fish_area/tachiuo-yaizu-ogawa.html,0,1,0,12
2026-07-26,https://funatsuri-yoso.com/ship/daisan-kariyushi-maru.html,0,1,0,10
2026-07-26,https://funatsuri-yoso.com/ship/goro-maru.html,0,1,0,13
2026-07-26,https://funatsuri-yoso.com/ship/jin-maru.html,0,1,0,41
2026-07-26,https://funatsuri-yoso.com/ship/kikyu-maru.html,0,1,0,43
2026-07-26,https://funatsuri-yoso.com/ship/ko-maru.html,0,2,0,7
2026-07-26,https://funatsuri-yoso.com/ship/seisho-maru.html,0,1,0,10
2026-07-26,https://funatsuri-yoso.com/ship/shohachi-maru.html,0,1,0,10
2026-07-26,https://funatsuri-yoso.com/ship/shojiro-maru.html,0,3,0,36
2026-07-27,https://funatsuri-yoso.com/,0,37,0,7.24
2026-07-27,https://funatsuri-yoso.com/area/amatsu.html,0,22,0,7.5
2026-07-27,https://funatsuri-yoso.com/area/chigasaki.html,0,1,0,9
2026-07-27,https://funatsuri-yoso.com/area/emi.html,0,1,0,10
2026-07-27,https://funatsuri-yoso.com/area/futtsu.html,0,9,0,7.67
2026-07-27,https://funatsuri-yoso.com/area/iioka.html,2,116,0.017241,6.59
2026-07-27,https://funatsuri-yoso.com/area/kanaya.html,0,1,0,10
2026-07-27,https://funatsuri-yoso.com/area/kanazawa-hakkei.html,0,8,0,11.5
2026-07-27,https://funatsuri-yoso.com/area/kashima.html,0,4,0,6.25
2026-07-27,https://funatsuri-yoso.com/area/katakai.html,0,2,0,9.5
2026-07-27,https://funatsuri-yoso.com/area/katsuura.html,0,87,0,7.74
2026-07-27,https://funatsuri-yoso.com/area/matsuzaki.html,0,2,0,8.5
2026-07-27,https://funatsuri-yoso.com/area/oarai.html,2,20,0.1,9.1
2026-07-27,https://funatsuri-yoso.com/area/ohara.html,0,14,0,8.5
2026-07-27,https://funatsuri-yoso.com/area/sajima.html,0,6,0,8.17
2026-07-27,https://funatsuri-yoso.com/area/shizuura.html,0,6,0,12.67
2026-07-27,https://funatsuri-yoso.com/area/usami.html,0,1,0,14
2026-07-27,https://funatsuri-yoso.com/fish/,0,5,0,7.8
2026-07-27,https://funatsuri-yoso.com/fish/anago.html,0,1,0,10
2026-07-27,https://funatsuri-yoso.com/fish/hirame.html,0,1,0,21
2026-07-27,https://funatsuri-yoso.com/fish/kanpachi.html,0,1,0,11
2026-07-27,https://funatsuri-yoso.com/fish/karei.html,0,1,0,19
2026-07-27,https://funatsuri-yoso.com/fish/kuromutsu.html,0,1,0,21
2026-07-27,https://funatsuri-yoso.com/fish/madai.html,0,1,0,7
2026-07-27,https://funatsuri-yoso.com/fish/mugiika.html,0,1,0,10
2026-07-27,https://funatsuri-yoso.com/fish/shiira.html,0,1,0,10
2026-07-27,https://funatsuri-yoso.com/fish/tachiuo.html,0,1,0,11
2026-07-27,https://funatsuri-yoso.com/fish_area/akamutsu-hasaki.html,0,1,0,41
2026-07-27,https://funatsuri-yoso.com/fish_area/hata-omaezaki.html,0,1,0,8
2026-07-27,https://funatsuri-yoso.com/fish_area/hirame-iioka.html,0,1,0,18
2026-07-27,https://funatsuri-yoso.com/fish_area/isaki-kuryo.html,0,1,0,1
2026-07-27,https://funatsuri-yoso.com/fish_area/magochi-kashima.html,0,1,0,8
2026-07-27,https://funatsuri-yoso.com/ship/fukada-masao-maru.html,0,3,0,29.33
2026-07-27,https://funatsuri-yoso.com/ship/fukagawa-fujimi.html,0,1,0,3
2026-07-27,https://funatsuri-yoso.com/ship/kako-maru.html,0,1,0,19
2026-07-27,https://funatsuri-yoso.com/ship/kikyu-maru.html,0,3,0,38.67
2026-07-27,https://funatsuri-yoso.com/ship/kotoku-maru.html,0,1,0,9
2026-07-27,https://funatsuri-yoso.com/ship/omatsu-maru.html,0,2,0,16
2026-07-27,https://funatsuri-yoso.com/ship/seisho-maru.html,0,1,0,10
2026-07-27,https://funatsuri-yoso.com/ship/shojiro-maru.html,0,2,0,43.5
2026-07-28,https://funatsuri-yoso.com/,0,30,0,8.43
2026-07-28,https://funatsuri-yoso.com/area/,0,1,0,66
2026-07-28,https://funatsuri-yoso.com/area/aihama.html,0,2,0,4.5
2026-07-28,https://funatsuri-yoso.com/area/amatsu.html,0,13,0,7.54
2026-07-28,https://funatsuri-yoso.com/area/atami-port.html,0,1,0,17
2026-07-28,https://funatsuri-yoso.com/area/futtsu.html,0,13,0,10.77
2026-07-28,https://funatsuri-yoso.com/area/hayakawa.html,0,1,0,11
2026-07-28,https://funatsuri-yoso.com/area/hitachi-kuji.html,0,1,0,23
2026-07-28,https://funatsuri-yoso.com/area/iioka.html,2,87,0.022989,7.18
2026-07-28,https://funatsuri-yoso.com/area/kanazawa-hakkei.html,0,5,0,43.8
2026-07-28,https://funatsuri-yoso.com/area/kashima.html,0,10,0,11.3
2026-07-28,https://funatsuri-yoso.com/area/katakai.html,0,2,0,13
2026-07-28,https://funatsuri-yoso.com/area/katsuura.html,2,68,0.029412,9.01
2026-07-28,https://funatsuri-yoso.com/area/oarai.html,0,18,0,8.5
2026-07-28,https://funatsuri-yoso.com/area/ohara.html,0,8,0,7.5
2026-07-28,https://funatsuri-yoso.com/area/sajima.html,0,5,0,10.6
2026-07-28,https://funatsuri-yoso.com/area/shikamotobashi.html,0,1,0,4
2026-07-28,https://funatsuri-yoso.com/area/shizuura.html,1,4,0.25,6.25
2026-07-28,https://funatsuri-yoso.com/area/tagonoura.html,0,1,0,5
2026-07-28,https://funatsuri-yoso.com/area/teishi.html,0,1,0,8
2026-07-28,https://funatsuri-yoso.com/area/tomata.html,0,1,0,2
2026-07-28,https://funatsuri-yoso.com/area/usami.html,0,1,0,4
2026-07-28,https://funatsuri-yoso.com/fish/,0,5,0,5.6
2026-07-28,https://funatsuri-yoso.com/fish/anago.html,0,5,0,11.4
2026-07-28,https://funatsuri-yoso.com/fish/hiramasa.html,0,1,0,8
2026-07-28,https://funatsuri-yoso.com/fish/inada.html,0,1,0,3
2026-07-28,https://funatsuri-yoso.com/fish/kanpachi.html,0,1,0,46
2026-07-28,https://funatsuri-yoso.com/fish/karei.html,0,1,0,25
2026-07-28,https://funatsuri-yoso.com/fish/madai.html,0,2,0,8
2026-07-28,https://funatsuri-yoso.com/fish/moroko.html,0,1,0,7
2026-07-28,https://funatsuri-yoso.com/fish/shirogisu.html,0,1,0,19
2026-07-28,https://funatsuri-yoso.com/fish/torafugu.html,0,1,0,32
2026-07-28,https://funatsuri-yoso.com/fish_area/fugu-kashima.html,0,2,0,7
2026-07-28,https://funatsuri-yoso.com/fish_area/kasago-hitachi-kuji.html,0,1,0,9
2026-07-28,https://funatsuri-yoso.com/fish_area/kihada-maguro-nagai.html,0,1,0,8
2026-07-28,https://funatsuri-yoso.com/fish_area/tachiuo-yaizu-ogawa.html,0,1,0,6
2026-07-28,https://funatsuri-yoso.com/komase-sim/,0,1,0,2
2026-07-28,https://funatsuri-yoso.com/ship/fukada-masao-maru.html,0,1,0,22
2026-07-28,https://funatsuri-yoso.com/ship/harumori-maru.html,0,1,0,10
2026-07-28,https://funatsuri-yoso.com/ship/kikyu-maru.html,0,2,0,30.5
2026-07-28,https://funatsuri-yoso.com/ship/kotobuki-maru.html,0,2,0,11
2026-07-28,https://funatsuri-yoso.com/ship/kotoku-maru.html,0,3,0,9.33
2026-07-28,https://funatsuri-yoso.com/ship/sashima-kairakuen.html,0,1,0,4
2026-07-28,https://funatsuri-yoso.com/ship/shohachi-maru.html,0,1,0,9
2026-07-28,https://funatsuri-yoso.com/ship/shojiro-maru.html,0,1,0,44
2026-07-28,https://funatsuri-yoso.com/ship/tsuribune-tsuru.html,0,1,0,11
2026-07-29,https://funatsuri-yoso.com/,0,30,0,7.97
2026-07-29,https://funatsuri-yoso.com/area/,0,2,0,55.5
2026-07-29,https://funatsuri-yoso.com/area/ajiro-port.html,0,1,0,8
2026-07-29,https://funatsuri-yoso.com/area/amatsu.html,0,14,0,6.07
2026-07-29,https://funatsuri-yoso.com/area/arari.html,0,1,0,8
2026-07-29,https://funatsuri-yoso.com/area/atami-port.html,0,1,0,11
2026-07-29,https://funatsuri-yoso.com/area/enoura.html,0,3,0,5
2026-07-29,https://funatsuri-yoso.com/area/fukuura-yugawara.html,0,1,0,11
2026-07-29,https://funatsuri-yoso.com/area/futtsu.html,1,7,0.142857,5.71
2026-07-29,https://funatsuri-yoso.com/area/hasaki-shinko.html,0,5,0,8.2
2026-07-29,https://funatsuri-yoso.com/area/hitachi-kuji.html,0,1,0,9
2026-07-29,https://funatsuri-yoso.com/area/iioka.html,2,93,0.021505,6.59
2026-07-29,https://funatsuri-yoso.com/area/imai-suimon.html,0,1,0,12
2026-07-29,https://funatsuri-yoso.com/area/ito-shi.html,0,2,0,5
2026-07-29,https://funatsuri-yoso.com/area/kanaya.html,1,34,0.029412,7.68
2026-07-29,https://funatsuri-yoso.com/area/kanazawa-hakkei.html,0,3,0,8.67
2026-07-29,https://funatsuri-yoso.com/area/kashima.html,0,3,0,6.33
2026-07-29,https://funatsuri-yoso.com/area/katsuura.html,0,58,0,8.26
2026-07-29,https://funatsuri-yoso.com/area/koshigoe.html,0,6,0,9
2026-07-29,https://funatsuri-yoso.com/area/kuryo.html,0,5,0,8.8
2026-07-29,https://funatsuri-yoso.com/area/nakaminato.html,0,16,0,8.38
2026-07-29,https://funatsuri-yoso.com/area/oarai.html,0,14,0,10.07
2026-07-29,https://funatsuri-yoso.com/area/odawara-hayakawa.html,0,1,0,5
2026-07-29,https://funatsuri-yoso.com/area/ohara.html,0,8,0,14.38
2026-07-29,https://funatsuri-yoso.com/area/sajima.html,0,3,0,10.67
2026-07-29,https://funatsuri-yoso.com/area/shizuura.html,0,1,0,6
2026-07-29,https://funatsuri-yoso.com/area/susaki.html,0,1,0,10
2026-07-29,https://funatsuri-yoso.com/area/yaizu.html,1,4,0.25,8
2026-07-29,https://funatsuri-yoso.com/area/yokohama-honmoku.html,0,1,0,11
2026-07-29,https://funatsuri-yoso.com/area/yumenoshima.html,0,1,0,5
2026-07-29,https://funatsuri-yoso.com/fish/,0,3,0,5.67
2026-07-29,https://funatsuri-yoso.com/fish/aji.html,0,4,0,8.5
2026-07-29,https://funatsuri-yoso.com/fish/anago.html,0,2,0,10.5
2026-07-29,https://funatsuri-yoso.com/fish/aoriika.html,0,2,0,7
2026-07-29,https://funatsuri-yoso.com/fish/ara.html,0,1,0,2
2026-07-29,https://funatsuri-yoso.com/fish/bishi-aji.html,1,1,1,18
2026-07-29,https://funatsuri-yoso.com/fish/hanadai.html,0,2,0,8
2026-07-29,https://funatsuri-yoso.com/fish/hiramasa.html,0,2,0,4
2026-07-29,https://funatsuri-yoso.com/fish/hirame.html,0,5,0,8.6
2026-07-29,https://funatsuri-yoso.com/fish/isaki.html,0,1,0,10
2026-07-29,https://funatsuri-yoso.com/fish/kanpachi.html,0,11,0,7.73
2026-07-29,https://funatsuri-yoso.com/fish/karei.html,0,1,0,28
2026-07-29,https://funatsuri-yoso.com/fish/katsuo.html,0,9,0,9
2026-07-29,https://funatsuri-yoso.com/fish/kihada-maguro.html,0,1,0,7
2026-07-29,https://funatsuri-yoso.com/fish/kuromutsu.html,0,2,0,5
2026-07-29,https://funatsuri-yoso.com/fish/madai.html,0,3,0,7
2026-07-29,https://funatsuri-yoso.com/fish/madako.html,0,2,0,5.5
2026-07-29,https://funatsuri-yoso.com/fish/maruika.html,0,7,0,8.57
2026-07-29,https://funatsuri-yoso.com/fish/mugiika.html,0,5,0,8.6
2026-07-29,https://funatsuri-yoso.com/fish/shima-aji.html,0,9,0,5.44
2026-07-29,https://funatsuri-yoso.com/fish/shirogisu.html,0,3,0,6
2026-07-29,https://funatsuri-yoso.com/fish/tachiuo.html,0,24,0,12.38
2026-07-29,https://funatsuri-yoso.com/fish/warasa.html,0,1,0,8
2026-07-29,https://funatsuri-yoso.com/fish_area/aji-hiratsuka.html,0,1,0,7
2026-07-29,https://funatsuri-yoso.com/fish_area/aji-yokohama.html,0,1,0,5
2026-07-29,https://funatsuri-yoso.com/fish_area/aoriika-kanaya.html,0,1,0,10
2026-07-29,https://funatsuri-yoso.com/fish_area/ara-atami-port.html,0,1,0,11
2026-07-29,https://funatsuri-yoso.com/fish_area/buri-shimoda.html,0,2,0,5
2026-07-29,https://funatsuri-yoso.com/fish_area/fugu-kashima.html,0,1,0,6
2026-07-29,https://funatsuri-yoso.com/fish_area/hata-omaezaki.html,0,1,0,9
2026-07-29,https://funatsuri-yoso.com/fish_area/hirame-hasaki.html,0,1,0,6
2026-07-29,https://funatsuri-yoso.com/fish_area/hirame-iioka.html,0,2,0,8.5
2026-07-29,https://funatsuri-yoso.com/fish_area/isaki-kuryo.html,0,2,0,9.5
2026-07-29,https://funatsuri-yoso.com/fish_area/kasago-atami-port.html,0,1,0,10
2026-07-29,https://funatsuri-yoso.com/fish_area/kasago-hitachi-kuji.html,0,1,0,4
2026-07-29,https://funatsuri-yoso.com/fish_area/kihada-maguro-nagai.html,0,3,0,8.33
2026-07-29,https://funatsuri-yoso.com/fish_area/madai-ohara.html,0,7,0,8
2026-07-29,https://funatsuri-yoso.com/fish_area/magochi-kashima.html,2,3,0.666667,5.67
2026-07-29,https://funatsuri-yoso.com/fish_area/shima-aji-ohara.html,0,11,0,11.18
2026-07-29,https://funatsuri-yoso.com/fish_area/tachiuo-fukuda.html,0,1,0,1
2026-07-29,https://funatsuri-yoso.com/fish_area/tachiuo-yaizu-ogawa.html,0,1,0,7
2026-07-29,https://funatsuri-yoso.com/pages/about.html,0,1,0,16
2026-07-29,https://funatsuri-yoso.com/ship/blue-dragon.html,0,1,0,11
2026-07-29,https://funatsuri-yoso.com/ship/daisan-kariyushi-maru.html,0,1,0,8
2026-07-29,https://funatsuri-yoso.com/ship/fujin-maru.html,0,1,0,5
2026-07-29,https://funatsuri-yoso.com/ship/fukada-masao-maru.html,0,2,0,13
2026-07-29,https://funatsuri-yoso.com/ship/gibei-maru.html,0,1,0,6
2026-07-29,https://funatsuri-yoso.com/ship/goro-maru.html,0,1,0,9
2026-07-29,https://funatsuri-yoso.com/ship/hitachi-maru.html,0,1,0,8
2026-07-29,https://funatsuri-yoso.com/ship/kako-maru.html,2,7,0.285714,4.71
2026-07-29,https://funatsuri-yoso.com/ship/kamoshita-maru-kawana.html,0,1,0,8
2026-07-29,https://funatsuri-yoso.com/ship/kikyu-maru.html,0,2,0,9.5
2026-07-29,https://funatsuri-yoso.com/ship/ko-maru.html,0,7,0,8.14
2026-07-29,https://funatsuri-yoso.com/ship/kotoku-maru.html,0,2,0,6.5
2026-07-29,https://funatsuri-yoso.com/ship/nagasakiya.html,0,1,0,5
2026-07-29,https://funatsuri-yoso.com/ship/nogeya-tsuribuneten.html,0,2,0,7
2026-07-29,https://funatsuri-yoso.com/ship/sashima-kairakuen.html,0,1,0,14
2026-07-29,https://funatsuri-yoso.com/ship/seiei-maru.html,0,1,0,7
2026-07-29,https://funatsuri-yoso.com/ship/seisho-maru.html,0,4,0,8
2026-07-29,https://funatsuri-yoso.com/ship/shohachi-maru.html,0,1,0,8
2026-07-29,https://funatsuri-yoso.com/ship/shojiro-maru.html,0,10,0,8.9
2026-07-29,https://funatsuri-yoso.com/ship/taiko-maru.html,0,6,0,8.67
2026-07-29,https://funatsuri-yoso.com/ship/tetsuo-maru.html,0,1,0,5
2026-07-29,https://funatsuri-yoso.com/ship/tsuribune-tsuru.html,0,1,0,5
2026-07-29,https://funatsuri-yoso.com/ship/yonemoto-tsuribuneten.html,0,1,0,11
2026-07-29,https://funatsuri-yoso.com/x_post/2026-07-22.html,0,3,0,7.33
2026-07-30,https://funatsuri-yoso.com/,0,32,0,9.22
2026-07-30,https://funatsuri-yoso.com/area/,0,2,0,77.5
2026-07-30,https://funatsuri-yoso.com/area/aihama.html,0,1,0,12
2026-07-30,https://funatsuri-yoso.com/area/amatsu.html,0,18,0,8
2026-07-30,https://funatsuri-yoso.com/area/arari.html,0,2,0,8.5
2026-07-30,https://funatsuri-yoso.com/area/atami-port.html,0,2,0,6.5
2026-07-30,https://funatsuri-yoso.com/area/chigasaki.html,1,1,1,4
2026-07-30,https://funatsuri-yoso.com/area/enoura.html,0,18,0,6.17
2026-07-30,https://funatsuri-yoso.com/area/fukuura-yugawara.html,0,2,0,10.5
2026-07-30,https://funatsuri-yoso.com/area/futtsu.html,0,7,0,6.43
2026-07-30,https://funatsuri-yoso.com/area/hasaki-shinko.html,0,2,0,6.5
2026-07-30,https://funatsuri-yoso.com/area/hitachi-kuji.html,0,1,0,8
2026-07-30,https://funatsuri-yoso.com/area/iioka.html,3,87,0.034483,6.39
2026-07-30,https://funatsuri-yoso.com/area/ito-shi.html,0,1,0,8
2026-07-30,https://funatsuri-yoso.com/area/kamoi-omuro.html,0,1,0,20
2026-07-30,https://funatsuri-yoso.com/area/kanaya.html,6,38,0.157895,6.63
2026-07-30,https://funatsuri-yoso.com/area/kanazawa-hakkei.html,0,3,0,22
2026-07-30,https://funatsuri-yoso.com/area/kashima.html,0,4,0,6.5
2026-07-30,https://funatsuri-yoso.com/area/katsuura.html,2,95,0.021053,7.81
2026-07-30,https://funatsuri-yoso.com/area/koshigoe.html,0,2,0,10.5
2026-07-30,https://funatsuri-yoso.com/area/kuryo.html,0,7,0,8.71
2026-07-30,https://funatsuri-yoso.com/area/manazuru-port.html,0,4,0,8.5
2026-07-30,https://funatsuri-yoso.com/area/nakaminato.html,0,1,0,8
2026-07-30,https://funatsuri-yoso.com/area/oarai.html,0,9,0,7.11
2026-07-30,https://funatsuri-yoso.com/area/ohara.html,0,6,0,9.33
2026-07-30,https://funatsuri-yoso.com/area/sajima.html,1,5,0.2,8.6
2026-07-30,https://funatsuri-yoso.com/area/samezu-katsushima.html,0,1,0,11
2026-07-30,https://funatsuri-yoso.com/area/shimizu.html,0,2,0,7
2026-07-30,https://funatsuri-yoso.com/area/shizuura.html,0,5,0,10.8
2026-07-30,https://funatsuri-yoso.com/area/susaki.html,0,1,0,8
2026-07-30,https://funatsuri-yoso.com/area/teishi.html,0,1,0,5
2026-07-30,https://funatsuri-yoso.com/area/yaizu.html,0,2,0,7.5
2026-07-30,https://funatsuri-yoso.com/calendar.html,2,5,0.4,6
2026-07-30,https://funatsuri-yoso.com/column/data-de-miru-kanto-no-shun.html,0,1,0,11
2026-07-30,https://funatsuri-yoso.com/fish/,1,3,0.333333,4.67
2026-07-30,https://funatsuri-yoso.com/fish/aji.html,0,6,0,9.17
2026-07-30,https://funatsuri-yoso.com/fish/anago.html,0,2,0,8.5
2026-07-30,https://funatsuri-yoso.com/fish/aoriika.html,0,8,0,10.62
2026-07-30,https://funatsuri-yoso.com/fish/ara.html,0,1,0,4
2026-07-30,https://funatsuri-yoso.com/fish/bishi-aji.html,1,2,0.5,10
2026-07-30,https://funatsuri-yoso.com/fish/hirame.html,0,2,0,10
2026-07-30,https://funatsuri-yoso.com/fish/inada.html,0,12,0,9.25
2026-07-30,https://funatsuri-yoso.com/fish/isaki.html,0,1,0,9
2026-07-30,https://funatsuri-yoso.com/fish/ishimochi.html,0,1,0,12
2026-07-30,https://funatsuri-yoso.com/fish/kanpachi.html,1,7,0.142857,8.86
2026-07-30,https://funatsuri-yoso.com/fish/karei.html,0,2,0,6
2026-07-30,https://funatsuri-yoso.com/fish/katsuo.html,1,8,0.125,6.38
2026-07-30,https://funatsuri-yoso.com/fish/kawahagi.html,0,1,0,3
2026-07-30,https://funatsuri-yoso.com/fish/kinmedai.html,0,3,0,8.33
2026-07-30,https://funatsuri-yoso.com/fish/kintoki.html,0,2,0,8
2026-07-30,https://funatsuri-yoso.com/fish/madai.html,0,1,0,11
2026-07-30,https://funatsuri-yoso.com/fish/madako.html,0,2,0,9
2026-07-30,https://funatsuri-yoso.com/fish/maruika.html,0,15,0,12.47
2026-07-30,https://funatsuri-yoso.com/fish/mugiika.html,0,8,0,9.38
2026-07-30,https://funatsuri-yoso.com/fish/saba.html,0,1,0,8
2026-07-30,https://funatsuri-yoso.com/fish/shiira.html,0,2,0,3
2026-07-30,https://funatsuri-yoso.com/fish/shima-aji.html,1,16,0.0625,7.75
2026-07-30,https://funatsuri-yoso.com/fish/shirogisu.html,0,2,0,10
2026-07-30,https://funatsuri-yoso.com/fish/tachiuo.html,0,36,0,8.69
2026-07-30,https://funatsuri-yoso.com/fish/torafugu.html,0,1,0,10
2026-07-30,https://funatsuri-yoso.com/fish/warasa.html,1,2,0.5,9
2026-07-30,https://funatsuri-yoso.com/fish_area/aji-kanazawa-hakkei.html,0,3,0,11
2026-07-30,https://funatsuri-yoso.com/fish_area/aji-koshigoe.html,0,1,0,10
2026-07-30,https://funatsuri-yoso.com/fish_area/aji-omaezaki.html,0,1,0,10
2026-07-30,https://funatsuri-yoso.com/fish_area/aji-yokohama.html,0,3,0,6.67
2026-07-30,https://funatsuri-yoso.com/fish_area/amadai-katase-gyoko.html,0,2,0,7
2026-07-30,https://funatsuri-yoso.com/fish_area/buri-shimoda.html,0,1,0,8
2026-07-30,https://funatsuri-yoso.com/fish_area/fugu-urayasu.html,0,1,0,9
2026-07-30,https://funatsuri-yoso.com/fish_area/hata-omaezaki.html,0,1,0,5
2026-07-30,https://funatsuri-yoso.com/fish_area/hiramasa-ohara.html,0,1,0,7
2026-07-30,https://funatsuri-yoso.com/fish_area/hirame-hasaki.html,0,2,0,2
2026-07-30,https://funatsuri-yoso.com/fish_area/hirame-hiratsuka.html,0,1,0,7
2026-07-30,https://funatsuri-yoso.com/fish_area/hirame-iioka.html,0,2,0,12
2026-07-30,https://funatsuri-yoso.com/fish_area/hirame-oarai.html,0,1,0,10
2026-07-30,https://funatsuri-yoso.com/fish_area/hirame-ose.html,0,2,0,2.5
2026-07-30,https://funatsuri-yoso.com/fish_area/houbou-kanazawa-hakkei-hirakata.html,0,1,0,10
2026-07-30,https://funatsuri-yoso.com/fish_area/houbou-kashima.html,0,1,0,6
2026-07-30,https://funatsuri-yoso.com/fish_area/inada-matsuwa-ena.html,0,1,0,7
2026-07-30,https://funatsuri-yoso.com/fish_area/isaki-kanazawa-hakkei.html,0,1,0,10
2026-07-30,https://funatsuri-yoso.com/fish_area/isaki-katakai.html,0,1,0,7
2026-07-30,https://funatsuri-yoso.com/fish_area/isaki-kuryo.html,0,3,0,7.67
2026-07-30,https://funatsuri-yoso.com/fish_area/kaiwari-usami.html,0,1,0,10
2026-07-30,https://funatsuri-yoso.com/fish_area/kanpachi-omaezaki.html,0,2,0,5.5
2026-07-30,https://funatsuri-yoso.com/fish_area/kawahagi-kanaya.html,0,1,0,7
2026-07-30,https://funatsuri-yoso.com/fish_area/kihada-maguro-hayama-abuzuri.html,0,1,0,10
2026-07-30,https://funatsuri-yoso.com/fish_area/kinmedai-katakai.html,0,1,0,6
2026-07-30,https://funatsuri-yoso.com/fish_area/kintoki-sajima.html,0,1,0,10
2026-07-30,https://funatsuri-yoso.com/fish_area/madai-imai-suimon.html,0,1,0,8
2026-07-30,https://funatsuri-yoso.com/fish_area/madai-ohara.html,0,5,0,7
2026-07-30,https://funatsuri-yoso.com/fish_area/madai-omaezaki.html,0,2,0,8
2026-07-30,https://funatsuri-yoso.com/fish_area/magochi-kashima.html,0,5,0,9.4
2026-07-30,https://funatsuri-yoso.com/fish_area/mahata-onjuku-iwawada.html,0,1,0,4
2026-07-30,https://funatsuri-yoso.com/fish_area/mebaru-nakaminato.html,0,1,0,6
2026-07-30,https://funatsuri-yoso.com/fish_area/shima-aji-ohara.html,1,14,0.071429,13
2026-07-30,https://funatsuri-yoso.com/fish_area/shirogisu-yokohama-shinyamashita.html,0,1,0,11
2026-07-30,https://funatsuri-yoso.com/fish_area/shirogisu-yokohama.html,0,2,0,7.5
2026-07-30,https://funatsuri-yoso.com/fish_area/tachiuo-fukuda.html,0,1,0,3
2026-07-30,https://funatsuri-yoso.com/fish_area/tachiuo-kurihama.html,0,1,0,20
2026-07-30,https://funatsuri-yoso.com/fish_area/tai-gomoku-oarai.html,0,1,0,9
2026-07-30,https://funatsuri-yoso.com/fish_area/warasa-oiso.html,0,1,0,6
2026-07-30,https://funatsuri-yoso.com/monthly/2026-05/tachiuo.html,0,1,0,6
2026-07-30,https://funatsuri-yoso.com/monthly/2026-06/isaki.html,0,2,0,7.5
2026-07-30,https://funatsuri-yoso.com/pages/about.html,0,1,0,6
2026-07-30,https://funatsuri-yoso.com/ship/chigasaki-maru.html,0,1,0,9
2026-07-30,https://funatsuri-yoso.com/ship/daini-tsuretaka-maru.html,0,1,0,7
2026-07-30,https://funatsuri-yoso.com/ship/daisan-kariyushi-maru.html,0,13,0,8
2026-07-30,https://funatsuri-yoso.com/ship/fudo-maru.html,0,1,0,3
2026-07-30,https://funatsuri-yoso.com/ship/fuji-maru.html,0,1,0,5
2026-07-30,https://funatsuri-yoso.com/ship/fukada-masao-maru.html,0,10,0,13.8
2026-07-30,https://funatsuri-yoso.com/ship/harumori-maru.html,0,1,0,4
2026-07-30,https://funatsuri-yoso.com/ship/ikeda-maru.html,0,1,0,5
2026-07-30,https://funatsuri-yoso.com/ship/kikyu-maru.html,0,5,0,13.8
2026-07-30,https://funatsuri-yoso.com/ship/ko-maru-oiso.html,0,2,0,8.5
2026-07-30,https://funatsuri-yoso.com/ship/koryo-maru-hitachi.html,0,1,0,9
2026-07-30,https://funatsuri-yoso.com/ship/kotobuki-maru.html,0,1,0,12
2026-07-30,https://funatsuri-yoso.com/ship/kotoku-maru.html,0,1,0,6
2026-07-30,https://funatsuri-yoso.com/ship/kurokawa-honke-kurihama.html,0,1,0,11
2026-07-30,https://funatsuri-yoso.com/ship/marubachi.html,0,1,0,2
2026-07-30,https://funatsuri-yoso.com/ship/masaichi-maru.html,0,1,0,5
2026-07-30,https://funatsuri-yoso.com/ship/minamiizu-chubee-maru.html,0,1,0,8
2026-07-30,https://funatsuri-yoso.com/ship/minosuke-maru.html,0,1,0,9
2026-07-30,https://funatsuri-yoso.com/ship/muramoto-kaiji.html,0,1,0,10
2026-07-30,https://funatsuri-yoso.com/ship/narigin-maru.html,0,1,0,19
2026-07-30,https://funatsuri-yoso.com/ship/nikaiya-maru.html,0,1,0,7
2026-07-30,https://funatsuri-yoso.com/ship/omatsu-maru.html,0,1,0,10
2026-07-30,https://funatsuri-yoso.com/ship/rieiei-maru.html,0,1,0,10
2026-07-30,https://funatsuri-yoso.com/ship/sashima-kairakuen.html,0,1,0,14
2026-07-30,https://funatsuri-yoso.com/ship/seiei-maru.html,0,1,0,10
2026-07-30,https://funatsuri-yoso.com/ship/seisho-maru.html,0,5,0,6.2
2026-07-30,https://funatsuri-yoso.com/ship/shohachi-maru.html,0,1,0,8
2026-07-30,https://funatsuri-yoso.com/ship/shojiro-maru.html,0,18,0,9.94
2026-07-30,https://funatsuri-yoso.com/ship/taiko-maru.html,0,4,0,8
2026-07-30,https://funatsuri-yoso.com/ship/taro-maru.html,0,1,0,7
2026-07-30,https://funatsuri-yoso.com/ship/tsuribune-tsuru.html,0,3,0,7.33
2026-07-30,https://funatsuri-yoso.com/x_post/2026-07-22.html,0,1,0,10
2026-07-31,https://funatsuri-yoso.com/,1,23,0.043478,9.09
2026-07-31,https://funatsuri-yoso.com/area/amatsu.html,0,13,0,7.31
2026-07-31,https://funatsuri-yoso.com/area/atami-port.html,0,3,0,12
2026-07-31,https://funatsuri-yoso.com/area/enoura.html,0,9,0,4.22
2026-07-31,https://funatsuri-yoso.com/area/fukuda.html,0,1,0,5
2026-07-31,https://funatsuri-yoso.com/area/fukuura-yugawara.html,0,1,0,1
2026-07-31,https://funatsuri-yoso.com/area/futtsu.html,2,8,0.25,5
2026-07-31,https://funatsuri-yoso.com/area/hasaki-shinko.html,0,10,0,6.3
2026-07-31,https://funatsuri-yoso.com/area/hayakawa.html,0,1,0,16
2026-07-31,https://funatsuri-yoso.com/area/hitachi-kuji.html,0,2,0,7
2026-07-31,https://funatsuri-yoso.com/area/iioka.html,5,121,0.041322,6.01
2026-07-31,https://funatsuri-yoso.com/area/imai-suimon.html,0,1,0,3
2026-07-31,https://funatsuri-yoso.com/area/ito-shi.html,0,2,0,9
2026-07-31,https://funatsuri-yoso.com/area/kanaya.html,2,48,0.041667,6.96
2026-07-31,https://funatsuri-yoso.com/area/kanazawa-hakkei.html,0,1,0,13
2026-07-31,https://funatsuri-yoso.com/area/kashima.html,1,12,0.083333,11
2026-07-31,https://funatsuri-yoso.com/area/katase-gyoko.html,0,2,0,9
2026-07-31,https://funatsuri-yoso.com/area/katsuura.html,1,98,0.010204,7.84
2026-07-31,https://funatsuri-yoso.com/area/koshigoe.html,0,3,0,6
2026-07-31,https://funatsuri-yoso.com/area/kuryo.html,0,5,0,9
2026-07-31,https://funatsuri-yoso.com/area/nakaminato.html,0,1,0,10
2026-07-31,https://funatsuri-yoso.com/area/nomigawa.html,0,1,0,11
2026-07-31,https://funatsuri-yoso.com/area/oarai.html,0,15,0,9.87
2026-07-31,https://funatsuri-yoso.com/area/ohara.html,0,13,0,14.08
2026-07-31,https://funatsuri-yoso.com/area/sajima.html,0,8,0,8.38
2026-07-31,https://funatsuri-yoso.com/area/samezu-katsushima.html,0,1,0,10
2026-07-31,https://funatsuri-yoso.com/area/shiba.html,0,1,0,9
2026-07-31,https://funatsuri-yoso.com/area/shimizu.html,0,1,0,7
2026-07-31,https://funatsuri-yoso.com/area/shizuura.html,1,9,0.111111,7.56
2026-07-31,https://funatsuri-yoso.com/area/susaki.html,0,5,0,7.4
2026-07-31,https://funatsuri-yoso.com/area/teishi.html,0,3,0,8.67
2026-07-31,https://funatsuri-yoso.com/area/tomata.html,0,1,0,1
2026-07-31,https://funatsuri-yoso.com/area/yaizu.html,0,6,0,6.33
2026-07-31,https://funatsuri-yoso.com/area/yumenoshima.html,0,1,0,9
2026-07-31,https://funatsuri-yoso.com/calendar.html,0,8,0,10.38
2026-07-31,https://funatsuri-yoso.com/fish/,0,4,0,6.25
2026-07-31,https://funatsuri-yoso.com/fish/aji.html,0,12,0,12
2026-07-31,https://funatsuri-yoso.com/fish/amadai.html,0,2,0,6.5
2026-07-31,https://funatsuri-yoso.com/fish/anago.html,0,3,0,6
2026-07-31,https://funatsuri-yoso.com/fish/aoriika.html,0,2,0,7.5
2026-07-31,https://funatsuri-yoso.com/fish/ara.html,0,1,0,6
2026-07-31,https://funatsuri-yoso.com/fish/hiramasa.html,0,1,0,17
2026-07-31,https://funatsuri-yoso.com/fish/hirame.html,0,3,0,8
2026-07-31,https://funatsuri-yoso.com/fish/houbou.html,0,1,0,9
2026-07-31,https://funatsuri-yoso.com/fish/inada.html,0,10,0,6
2026-07-31,https://funatsuri-yoso.com/fish/isaki.html,0,1,0,10
2026-07-31,https://funatsuri-yoso.com/fish/ishimochi.html,0,1,0,10
2026-07-31,https://funatsuri-yoso.com/fish/kanpachi.html,1,7,0.142857,5.14
2026-07-31,https://funatsuri-yoso.com/fish/kasago.html,1,2,0.5,36
2026-07-31,https://funatsuri-yoso.com/fish/katsuo.html,1,27,0.037037,8.52
2026-07-31,https://funatsuri-yoso.com/fish/kawahagi.html,0,3,0,19.33
2026-07-31,https://funatsuri-yoso.com/fish/kinmedai.html,0,2,0,15.5
2026-07-31,https://funatsuri-yoso.com/fish/kintoki.html,0,1,0,4
2026-07-31,https://funatsuri-yoso.com/fish/kurodai.html,0,1,0,7
2026-07-31,https://funatsuri-yoso.com/fish/madai.html,0,1,0,7
2026-07-31,https://funatsuri-yoso.com/fish/magochi.html,2,8,0.25,6.62
2026-07-31,https://funatsuri-yoso.com/fish/maruika.html,0,12,0,8.25
2026-07-31,https://funatsuri-yoso.com/fish/mugiika.html,1,4,0.25,7
2026-07-31,https://funatsuri-yoso.com/fish/saba.html,0,3,0,16
2026-07-31,https://funatsuri-yoso.com/fish/shiira.html,0,1,0,6
2026-07-31,https://funatsuri-yoso.com/fish/shima-aji.html,0,21,0,7.52
2026-07-31,https://funatsuri-yoso.com/fish/shirogisu.html,0,1,0,5
2026-07-31,https://funatsuri-yoso.com/fish/shousaifugu.html,0,1,0,7
2026-07-31,https://funatsuri-yoso.com/fish/sumiika.html,0,1,0,8
2026-07-31,https://funatsuri-yoso.com/fish/tachiuo.html,0,25,0,8.56
2026-07-31,https://funatsuri-yoso.com/fish/warasa.html,0,2,0,5
2026-07-31,https://funatsuri-yoso.com/fish/yariika.html,0,1,0,7
2026-07-31,https://funatsuri-yoso.com/fish_area/aji-hiratsuka.html,0,1,0,6
2026-07-31,https://funatsuri-yoso.com/fish_area/aji-katakai.html,1,1,1,5
2026-07-31,https://funatsuri-yoso.com/fish_area/aji-yokohama.html,0,4,0,7.5
2026-07-31,https://funatsuri-yoso.com/fish_area/amadai-katase-gyoko.html,0,1,0,7
2026-07-31,https://funatsuri-yoso.com/fish_area/fugu-kashima.html,0,1,0,9
2026-07-31,https://funatsuri-yoso.com/fish_area/inada-oarai.html,0,5,0,17.8
2026-07-31,https://funatsuri-yoso.com/fish_area/isaki-kuryo.html,0,7,0,7.86
2026-07-31,https://funatsuri-yoso.com/fish_area/isaki-sajima.html,0,1,0,10
2026-07-31,https://funatsuri-yoso.com/fish_area/kaiwari-usami.html,0,1,0,10
2026-07-31,https://funatsuri-yoso.com/fish_area/kanko-hasaki-shinko.html,0,1,0,6
2026-07-31,https://funatsuri-yoso.com/fish_area/kasago-atami-port.html,0,1,0,3
2026-07-31,https://funatsuri-yoso.com/fish_area/kasago-chigasaki.html,0,1,0,7
2026-07-31,https://funatsuri-yoso.com/fish_area/kasago-urayasu.html,0,1,0,7
2026-07-31,https://funatsuri-yoso.com/fish_area/katsuo-odawara-hayakawa.html,0,1,0,7
2026-07-31,https://funatsuri-yoso.com/fish_area/kihada-maguro-hayama-abuzuri.html,0,1,0,5
2026-07-31,https://funatsuri-yoso.com/fish_area/kihada-maguro-nagai.html,0,1,0,18
2026-07-31,https://funatsuri-yoso.com/fish_area/kurodai-hiratsuka.html,0,1,0,8
2026-07-31,https://funatsuri-yoso.com/fish_area/kuromutsu-hiratsuka.html,0,2,0,6
2026-07-31,https://funatsuri-yoso.com/fish_area/madai-ajiro-port.html,0,1,0,9
2026-07-31,https://funatsuri-yoso.com/fish_area/madai-ohara.html,0,1,0,1
2026-07-31,https://funatsuri-yoso.com/fish_area/madai-usami.html,0,1,0,4
2026-07-31,https://funatsuri-yoso.com/fish_area/magochi-kashima.html,0,6,0,6.83
2026-07-31,https://funatsuri-yoso.com/fish_area/medai-omaezaki.html,0,2,0,3
2026-07-31,https://funatsuri-yoso.com/fish_area/seabass-ebitorigawa.html,0,1,0,8
2026-07-31,https://funatsuri-yoso.com/fish_area/seabass-edogawa.html,0,1,0,8
2026-07-31,https://funatsuri-yoso.com/fish_area/shiira-hiratsuka.html,0,2,0,7.5
2026-07-31,https://funatsuri-yoso.com/fish_area/shima-aji-ohara.html,0,5,0,17.4
2026-07-31,https://funatsuri-yoso.com/fish_area/surumeika-nagai.html,0,1,0,10
2026-07-31,https://funatsuri-yoso.com/fish_area/tachiuo-kanazawa-gyoko.html,0,1,0,11
2026-07-31,https://funatsuri-yoso.com/fish_area/tachiuo-kurihama.html,0,1,0,1
2026-07-31,https://funatsuri-yoso.com/monthly/2026-06/tachiuo.html,0,4,0,6.75
2026-07-31,https://funatsuri-yoso.com/ship/daisan-kariyushi-maru.html,0,5,0,9
2026-07-31,https://funatsuri-yoso.com/ship/daisan-shoei-maru.html,0,1,0,9
2026-07-31,https://funatsuri-yoso.com/ship/fukada-masao-maru.html,0,1,0,7
2026-07-31,https://funatsuri-yoso.com/ship/gibei-maru.html,0,1,0,8
2026-07-31,https://funatsuri-yoso.com/ship/gishin-maru.html,0,2,0,10
2026-07-31,https://funatsuri-yoso.com/ship/hamasei-maru.html,0,2,0,7
2026-07-31,https://funatsuri-yoso.com/ship/harumori-maru.html,0,1,0,6
2026-07-31,https://funatsuri-yoso.com/ship/ishida-maru.html,0,1,0,5
2026-07-31,https://funatsuri-yoso.com/ship/kako-maru.html,0,1,0,4
2026-07-31,https://funatsuri-yoso.com/ship/kamoshita-maru-kawana.html,0,1,0,8
2026-07-31,https://funatsuri-yoso.com/ship/kikyu-maru.html,0,1,0,8
2026-07-31,https://funatsuri-yoso.com/ship/ko-maru-oiso.html,1,7,0.142857,9
2026-07-31,https://funatsuri-yoso.com/ship/ko-maru.html,0,1,0,8
2026-07-31,https://funatsuri-yoso.com/ship/kotoku-maru.html,0,1,0,6
2026-07-31,https://funatsuri-yoso.com/ship/kyuju-maru.html,0,1,0,10
2026-07-31,https://funatsuri-yoso.com/ship/minosuke-maru.html,0,2,0,9
2026-07-31,https://funatsuri-yoso.com/ship/nogeya-tsuribuneten.html,0,1,0,10
2026-07-31,https://funatsuri-yoso.com/ship/sashima-kairakuen.html,0,1,0,11
2026-07-31,https://funatsuri-yoso.com/ship/seiei-maru.html,0,1,0,7
2026-07-31,https://funatsuri-yoso.com/ship/shojiro-maru.html,0,15,0,9.47
2026-07-31,https://funatsuri-yoso.com/ship/tetsuo-maru.html,0,1,0,11
2026-07-31,https://funatsuri-yoso.com/ship/tomo-maru.html,0,7,0,7.71
2026-07-31,https://funatsuri-yoso.com/ship/tsuribune-tsuru.html,1,6,0.166667,8.33
2026-07-31,https://funatsuri-yoso.com/ship/yonemoto-tsuribuneten.html,0,2,0,7.5
2026-07-31,https://funatsuri-yoso.com/x_post/2026-07-22.html,0,1,0,4
