date,page,clicks,impressions,ctr,position
2026-05-10,https://funatsuri-yoso.com/,0,2,0,8
2026-05-10,https://funatsuri-yoso.com/fish/madai.html,0,4,0,11.5
2026-05-10,https://funatsuri-yoso.com/fish/maruika.html,1,7,0.142857,8.43
2026-05-10,https://funatsuri-yoso.com/ship/taizou-maru.html,0,3,0,9.33
2026-05-11,https://funatsuri-yoso.com/,0,4,0,42
2026-05-11,https://funatsuri-yoso.com/fish/aji.html,0,4,0,7.25
2026-05-11,https://funatsuri-yoso.com/fish/anago.html,0,1,0,9
2026-05-11,https://funatsuri-yoso.com/fish/madai.html,0,6,0,10
2026-05-11,https://funatsuri-yoso.com/fish/maruika.html,0,2,0,8.5
2026-05-11,https://funatsuri-yoso.com/fish/mugiika.html,1,2,0.5,6.5
2026-05-11,https://funatsuri-yoso.com/fish/shirogisu.html,0,1,0,11
2026-05-11,https://funatsuri-yoso.com/fish/yariika.html,0,11,0,10.27
2026-05-11,https://funatsuri-yoso.com/fish_area/tachiuo-koshiba.html,0,1,0,6
2026-05-12,https://funatsuri-yoso.com/,0,9,0,15.33
2026-05-12,https://funatsuri-yoso.com/area/yokohama-honmoku.html,0,1,0,10
2026-05-12,https://funatsuri-yoso.com/fish/,0,1,0,8
2026-05-12,https://funatsuri-yoso.com/fish/aji.html,1,12,0.083333,9.25
2026-05-12,https://funatsuri-yoso.com/fish/anago.html,0,2,0,11
2026-05-12,https://funatsuri-yoso.com/fish/madai.html,0,4,0,6.5
2026-05-12,https://funatsuri-yoso.com/fish/maruika.html,0,2,0,9.5
2026-05-12,https://funatsuri-yoso.com/fish/mugiika.html,0,3,0,6
2026-05-12,https://funatsuri-yoso.com/fish/shirogisu.html,0,1,0,4
2026-05-12,https://funatsuri-yoso.com/fish/yariika.html,0,6,0,9.83
2026-05-12,https://funatsuri-yoso.com/fish_area/%E3%83%95%E3%82%B0_%E6%B5%A6%E5%AE%89.html,0,1,0,7
2026-05-12,https://funatsuri-yoso.com/fish_area/hanadai-kashima.html,0,1,0,19
2026-05-12,https://funatsuri-yoso.com/fish_area/hiramasa-onjuku-iwawada.html,0,1,0,11
2026-05-12,https://funatsuri-yoso.com/fish_area/tachiuo-koshiba.html,1,1,1,1
2026-05-13,https://funatsuri-yoso.com/,1,6,0.166667,8
2026-05-13,https://funatsuri-yoso.com/fish/aji.html,0,5,0,9.4
2026-05-13,https://funatsuri-yoso.com/fish/anago.html,0,1,0,1
2026-05-13,https://funatsuri-yoso.com/fish/madai.html,0,9,0,6.78
2026-05-13,https://funatsuri-yoso.com/fish/maruika.html,0,2,0,11
2026-05-13,https://funatsuri-yoso.com/fish/mugiika.html,0,13,0,6
2026-05-13,https://funatsuri-yoso.com/fish/yariika.html,0,10,0,8.4
2026-05-13,https://funatsuri-yoso.com/fish_area/aji-kubiri.html,0,1,0,5
2026-05-13,https://funatsuri-yoso.com/fish_area/aji-matsuwa-ena.html,0,1,0,2
2026-05-13,https://funatsuri-yoso.com/fish_area/bishi-aji-kanaya.html,0,2,0,6
2026-05-13,https://funatsuri-yoso.com/fish_area/hirame-kashima.html,0,2,0,4.5
2026-05-13,https://funatsuri-yoso.com/fish_area/inada-kashima.html,0,4,0,11.75
2026-05-13,https://funatsuri-yoso.com/fish_area/isaki-katakai.html,0,2,0,14.5
2026-05-13,https://funatsuri-yoso.com/fish_area/kurodai-kurihama.html,0,1,0,7
2026-05-13,https://funatsuri-yoso.com/fish_area/madai-ohara.html,0,1,0,12
2026-05-13,https://funatsuri-yoso.com/fish_area/sawara-kashima.html,0,1,0,11
2026-05-13,https://funatsuri-yoso.com/fish_area/yariika-hayama-abuzuri.html,0,2,0,7
2026-05-13,https://funatsuri-yoso.com/ship/kanjiro-maru.html,0,1,0,8
2026-05-13,https://funatsuri-yoso.com/ship/ko-maru.html,1,17,0.058824,7.06
2026-05-14,https://funatsuri-yoso.com/,0,6,0,20.83
2026-05-14,https://funatsuri-yoso.com/area/%E9%A3%AF%E5%B2%A1%E6%B8%AF.html,0,1,0,10
2026-05-14,https://funatsuri-yoso.com/area/amatsu.html,0,6,0,7
2026-05-14,https://funatsuri-yoso.com/area/yokohama-honmoku.html,0,1,0,10
2026-05-14,https://funatsuri-yoso.com/fish/,0,2,0,6
2026-05-14,https://funatsuri-yoso.com/fish/aji.html,0,15,0,8.73
2026-05-14,https://funatsuri-yoso.com/fish/anago.html,0,2,0,7.5
2026-05-14,https://funatsuri-yoso.com/fish/kimeji.html,0,2,0,3.5
2026-05-14,https://funatsuri-yoso.com/fish/madai.html,0,7,0,6.71
2026-05-14,https://funatsuri-yoso.com/fish/maruika.html,0,8,0,10.62
2026-05-14,https://funatsuri-yoso.com/fish/mongoika.html,0,1,0,8
2026-05-14,https://funatsuri-yoso.com/fish/mugiika.html,0,8,0,7.75
2026-05-14,https://funatsuri-yoso.com/fish/shirogisu.html,0,1,0,10
2026-05-14,https://funatsuri-yoso.com/fish/yariika.html,2,10,0.2,9.3
2026-05-14,https://funatsuri-yoso.com/fish_area/aji-kubiri.html,0,1,0,11
2026-05-14,https://funatsuri-yoso.com/fish_area/aji-matsuwa-ena.html,0,2,0,8
2026-05-14,https://funatsuri-yoso.com/fish_area/aji-yokohama-honmoku.html,0,1,0,8
2026-05-14,https://funatsuri-yoso.com/fish_area/hiramasa-kashima.html,0,2,0,13.5
2026-05-14,https://funatsuri-yoso.com/fish_area/hirame-kashima.html,0,1,0,5
2026-05-14,https://funatsuri-yoso.com/fish_area/inada-kashima.html,0,2,0,5.5
2026-05-14,https://funatsuri-yoso.com/fish_area/inada-oarai.html,0,2,0,12
2026-05-14,https://funatsuri-yoso.com/fish_area/isaki-katakai.html,0,8,0,9.88
2026-05-14,https://funatsuri-yoso.com/fish_area/ishimochi-kanazawa-hakkei.html,0,2,0,9
2026-05-14,https://funatsuri-yoso.com/fish_area/kintoki-ohara.html,0,2,0,7.5
2026-05-14,https://funatsuri-yoso.com/fish_area/kurodai-kurihama.html,0,1,0,9
2026-05-14,https://funatsuri-yoso.com/fish_area/kuromutsu-kanazawa-hakkei.html,0,1,0,10
2026-05-14,https://funatsuri-yoso.com/fish_area/madai-hiratsuka.html,0,1,0,6
2026-05-14,https://funatsuri-yoso.com/fish_area/madako-futtsu.html,0,1,0,11
2026-05-14,https://funatsuri-yoso.com/fish_area/sawara-kashima.html,0,1,0,11
2026-05-14,https://funatsuri-yoso.com/fish_area/tachiuo-chigasaki.html,0,1,0,25
2026-05-14,https://funatsuri-yoso.com/fish_area/tachiuo-koshiba.html,0,1,0,6
2026-05-14,https://funatsuri-yoso.com/fish_area/yariika-hayama-abuzuri.html,0,4,0,9.5
2026-05-14,https://funatsuri-yoso.com/ship/kanjiro-maru.html,1,16,0.0625,10.06
2026-05-14,https://funatsuri-yoso.com/ship/ko-maru.html,0,55,0,14.71
2026-05-14,https://funatsuri-yoso.com/ship/koryo-maru.html,0,4,0,36.25
2026-05-14,https://funatsuri-yoso.com/ship/onuki-maru.html,0,4,0,7.25
2026-05-14,https://funatsuri-yoso.com/ship/sanjiro-maru.html,0,2,0,11
2026-05-15,https://funatsuri-yoso.com/,0,8,0,21.5
2026-05-15,https://funatsuri-yoso.com/area/%E7%A6%8F%E7%94%B0%E6%B8%AF.html,0,5,0,7.4
2026-05-15,https://funatsuri-yoso.com/area/hitachi-kuji.html,0,3,0,11.67
2026-05-15,https://funatsuri-yoso.com/area/numazu-shizuura.html,0,2,0,8.5
2026-05-15,https://funatsuri-yoso.com/fish/,0,5,0,9
2026-05-15,https://funatsuri-yoso.com/fish/aji.html,0,20,0,8.25
2026-05-15,https://funatsuri-yoso.com/fish/akamefugu.html,0,1,0,7
2026-05-15,https://funatsuri-yoso.com/fish/anago.html,0,1,0,12
2026-05-15,https://funatsuri-yoso.com/fish/hirame.html,0,1,0,10
2026-05-15,https://funatsuri-yoso.com/fish/isaki.html,0,2,0,8
2026-05-15,https://funatsuri-yoso.com/fish/madai.html,0,1,0,8
2026-05-15,https://funatsuri-yoso.com/fish/maruika.html,1,9,0.111111,9.33
2026-05-15,https://funatsuri-yoso.com/fish/mugiika.html,0,1,0,6
2026-05-15,https://funatsuri-yoso.com/fish/seabass.html,0,1,0,1
2026-05-15,https://funatsuri-yoso.com/fish/shirogisu.html,0,2,0,5.5
2026-05-15,https://funatsuri-yoso.com/fish/tachiuo.html,0,4,0,8.75
2026-05-15,https://funatsuri-yoso.com/fish/yariika.html,0,15,0,8.93
2026-05-15,https://funatsuri-yoso.com/fish_area/aji-yokohama-honmoku.html,0,1,0,12
2026-05-15,https://funatsuri-yoso.com/fish_area/fugu-kashima.html,0,1,0,10
2026-05-15,https://funatsuri-yoso.com/fish_area/hanadai-chigasaki.html,0,2,0,3
2026-05-15,https://funatsuri-yoso.com/fish_area/hiramasa-kashima.html,0,2,0,6
2026-05-15,https://funatsuri-yoso.com/fish_area/hiramasa-onjuku-iwawada.html,0,1,0,9
2026-05-15,https://funatsuri-yoso.com/fish_area/inada-kashima.html,0,4,0,8
2026-05-15,https://funatsuri-yoso.com/fish_area/isaki-katakai.html,0,3,0,9.33
2026-05-15,https://funatsuri-yoso.com/fish_area/ishimochi-kanazawa-hakkei.html,0,1,0,12
2026-05-15,https://funatsuri-yoso.com/fish_area/kasago-urayasu.html,0,1,0,12
2026-05-15,https://funatsuri-yoso.com/fish_area/kuromutsu-matsuwa-maguchi.html,0,1,0,4
2026-05-15,https://funatsuri-yoso.com/fish_area/madai-hitachi-kuji.html,0,1,0,15
2026-05-15,https://funatsuri-yoso.com/fish_area/madako-futtsu.html,0,1,0,11
2026-05-15,https://funatsuri-yoso.com/fish_area/mugiika-nagai.html,0,1,0,5
2026-05-15,https://funatsuri-yoso.com/fish_area/sawara-kanazawa-hakkei.html,0,1,0,5
2026-05-15,https://funatsuri-yoso.com/fish_area/tachiuo-koshiba.html,0,3,0,8.67
2026-05-15,https://funatsuri-yoso.com/fish_area/yariika-hayama-abuzuri.html,0,1,0,7
2026-05-15,https://funatsuri-yoso.com/ship/kanjiro-maru.html,0,58,0,10.74
2026-05-15,https://funatsuri-yoso.com/ship/ko-maru.html,0,35,0,7.29
2026-05-15,https://funatsuri-yoso.com/ship/koryo-maru.html,0,1,0,9
2026-05-15,https://funatsuri-yoso.com/ship/suharaya.html,0,3,0,19
2026-05-15,https://funatsuri-yoso.com/ship/tsune-maru.html,0,1,0,10
2026-05-16,https://funatsuri-yoso.com/,0,1,0,19
2026-05-16,https://funatsuri-yoso.com/area/amatsu.html,0,2,0,17
2026-05-16,https://funatsuri-yoso.com/area/hitachi-kuji.html,0,1,0,12
2026-05-16,https://funatsuri-yoso.com/area/numazu-shizuura.html,0,2,0,9
2026-05-16,https://funatsuri-yoso.com/fish/%E3%82%AB%E3%82%A4%E3%83%AF%E3%83%AA.html,0,1,0,7
2026-05-16,https://funatsuri-yoso.com/fish/aji.html,0,7,0,12.71
2026-05-16,https://funatsuri-yoso.com/fish/akamutsu.html,0,1,0,12
2026-05-16,https://funatsuri-yoso.com/fish/bishi-aji.html,0,1,0,4
2026-05-16,https://funatsuri-yoso.com/fish/hiramasa.html,0,2,0,9
2026-05-16,https://funatsuri-yoso.com/fish/hirame.html,0,4,0,7.5
2026-05-16,https://funatsuri-yoso.com/fish/kanpachi.html,0,3,0,9.33
2026-05-16,https://funatsuri-yoso.com/fish/madai.html,0,3,0,10
2026-05-16,https://funatsuri-yoso.com/fish/maruika.html,1,6,0.166667,10.17
2026-05-16,https://funatsuri-yoso.com/fish/mugiika.html,0,1,0,10
2026-05-16,https://funatsuri-yoso.com/fish/tachiuo.html,0,10,0,14.2
2026-05-16,https://funatsuri-yoso.com/fish/warasa.html,0,1,0,11
2026-05-16,https://funatsuri-yoso.com/fish/yariika.html,0,5,0,9.2
2026-05-16,https://funatsuri-yoso.com/fish_area/aoriika-hiratsuka.html,0,1,0,10
2026-05-16,https://funatsuri-yoso.com/fish_area/aoriika-kanaya.html,0,1,0,12
2026-05-16,https://funatsuri-yoso.com/fish_area/bishi-aji-hiratsuka.html,1,1,1,11
2026-05-16,https://funatsuri-yoso.com/fish_area/fugu-kashima.html,0,1,0,7
2026-05-16,https://funatsuri-yoso.com/fish_area/hanadai-chigasaki.html,0,1,0,11
2026-05-16,https://funatsuri-yoso.com/fish_area/hanadai-kashima.html,0,1,0,30
2026-05-16,https://funatsuri-yoso.com/fish_area/hiramasa-kashima.html,0,2,0,9
2026-05-16,https://funatsuri-yoso.com/fish_area/hirame-kashima.html,0,1,0,8
2026-05-16,https://funatsuri-yoso.com/fish_area/inada-kashima.html,0,6,0,5.5
2026-05-16,https://funatsuri-yoso.com/fish_area/inada-oarai.html,0,1,0,20
2026-05-16,https://funatsuri-yoso.com/fish_area/kinmedai-hitachi-kuji.html,0,1,0,5
2026-05-16,https://funatsuri-yoso.com/fish_area/kintoki-ohara.html,0,4,0,7
2026-05-16,https://funatsuri-yoso.com/fish_area/kuromutsu-matsuwa-maguchi.html,0,1,0,5
2026-05-16,https://funatsuri-yoso.com/fish_area/madai-matsuwa-maguchi.html,0,1,0,20
2026-05-16,https://funatsuri-yoso.com/fish_area/maruika-kamoi-omuro.html,0,2,0,10.5
2026-05-16,https://funatsuri-yoso.com/fish_area/onikasago-shimoda.html,0,1,0,4
2026-05-16,https://funatsuri-yoso.com/fish_area/shima-aji-ohara.html,0,5,0,6
2026-05-16,https://funatsuri-yoso.com/fish_area/warasa-kotsubo.html,0,1,0,8
2026-05-16,https://funatsuri-yoso.com/fish_area/warasa-omaezaki.html,0,1,0,9
2026-05-16,https://funatsuri-yoso.com/ship/kanjiro-maru.html,0,64,0,10.72
2026-05-16,https://funatsuri-yoso.com/ship/ko-maru.html,0,68,0,9.59
2026-05-16,https://funatsuri-yoso.com/ship/onuki-maru.html,0,4,0,6
2026-05-16,https://funatsuri-yoso.com/ship/suharaya.html,0,5,0,11.6
2026-05-16,https://funatsuri-yoso.com/ship/tsune-maru.html,0,1,0,7
2026-05-17,https://funatsuri-yoso.com/,1,5,0.2,5.6
2026-05-17,https://funatsuri-yoso.com/area/amatsu.html,0,1,0,10
2026-05-17,https://funatsuri-yoso.com/area/fukuura-yugawara.html,0,1,0,22
2026-05-17,https://funatsuri-yoso.com/area/hayama-oki.html,0,1,0,30
2026-05-17,https://funatsuri-yoso.com/area/hitachi-kuji.html,0,3,0,10
2026-05-17,https://funatsuri-yoso.com/area/hota-oki.html,0,1,0,9
2026-05-17,https://funatsuri-yoso.com/area/kannonzaki-oki.html,0,1,0,9
2026-05-17,https://funatsuri-yoso.com/area/kisarazu-oki.html,0,1,0,2
2026-05-17,https://funatsuri-yoso.com/area/kurihama-oki.html,0,1,0,10
2026-05-17,https://funatsuri-yoso.com/area/nomigawa.html,0,1,0,12
2026-05-17,https://funatsuri-yoso.com/area/shiba.html,0,1,0,1
2026-05-17,https://funatsuri-yoso.com/area/shimoura-oki.html,0,1,0,11
2026-05-17,https://funatsuri-yoso.com/fish/,0,2,0,9
2026-05-17,https://funatsuri-yoso.com/fish/%E3%82%A2%E3%82%AB%E3%82%A4%E3%82%AB.html,0,2,0,5.5
2026-05-17,https://funatsuri-yoso.com/fish/aji.html,0,4,0,7.75
2026-05-17,https://funatsuri-yoso.com/fish/akamutsu.html,0,1,0,6
2026-05-17,https://funatsuri-yoso.com/fish/anago.html,0,1,0,16
2026-05-17,https://funatsuri-yoso.com/fish/bishi-aji.html,0,2,0,5.5
2026-05-17,https://funatsuri-yoso.com/fish/hirame.html,0,2,0,9.5
2026-05-17,https://funatsuri-yoso.com/fish/isaki.html,0,1,0,12
2026-05-17,https://funatsuri-yoso.com/fish/kanpachi.html,0,5,0,11.4
2026-05-17,https://funatsuri-yoso.com/fish/kuromutsu.html,0,3,0,9.33
2026-05-17,https://funatsuri-yoso.com/fish/madai.html,0,9,0,8.33
2026-05-17,https://funatsuri-yoso.com/fish/maruika.html,0,2,0,10
2026-05-17,https://funatsuri-yoso.com/fish/mugiika.html,0,4,0,7.5
2026-05-17,https://funatsuri-yoso.com/fish/shirogisu.html,0,1,0,10
2026-05-17,https://funatsuri-yoso.com/fish/tachiuo.html,0,10,0,12
2026-05-17,https://funatsuri-yoso.com/fish/yariika.html,0,4,0,11
2026-05-17,https://funatsuri-yoso.com/fish_area/%E3%82%AB%E3%83%B3%E3%82%B3-hiratsuka.html,0,1,0,13
2026-05-17,https://funatsuri-yoso.com/fish_area/aji-matsuwa-ena.html,0,1,0,7
2026-05-17,https://funatsuri-yoso.com/fish_area/aoriika-hiratsuka.html,0,3,0,7
2026-05-17,https://funatsuri-yoso.com/fish_area/buri-matsuwa-ena.html,0,1,0,5
2026-05-17,https://funatsuri-yoso.com/fish_area/fugu-kashima.html,0,1,0,10
2026-05-17,https://funatsuri-yoso.com/fish_area/hanadai-hiratsuka.html,1,2,0.5,8
2026-05-17,https://funatsuri-yoso.com/fish_area/hata-ohara.html,0,1,0,8
2026-05-17,https://funatsuri-yoso.com/fish_area/inada-kashima.html,0,4,0,7.25
2026-05-17,https://funatsuri-yoso.com/fish_area/isaki-katakai.html,0,1,0,6
2026-05-17,https://funatsuri-yoso.com/fish_area/kurodai-kurihama.html,0,1,0,10
2026-05-17,https://funatsuri-yoso.com/fish_area/madai-hayama-abuzuri.html,0,1,0,7
2026-05-17,https://funatsuri-yoso.com/fish_area/madai-hitachi-kuji.html,0,1,0,12
2026-05-17,https://funatsuri-yoso.com/fish_area/madai-oarai.html,0,1,0,18
2026-05-17,https://funatsuri-yoso.com/fish_area/madako-futtsu.html,0,2,0,10
2026-05-17,https://funatsuri-yoso.com/fish_area/onikasago-hiratsuka.html,0,1,0,32
2026-05-17,https://funatsuri-yoso.com/fish_area/shima-aji-ohara.html,1,4,0.25,14
2026-05-17,https://funatsuri-yoso.com/fish_area/tachiuo-kurihama.html,0,2,0,10.5
2026-05-17,https://funatsuri-yoso.com/komase-sim/,0,4,0,1.25
2026-05-17,https://funatsuri-yoso.com/ship/kanjiro-maru.html,0,60,0,10.28
2026-05-17,https://funatsuri-yoso.com/ship/ko-maru.html,0,25,0,9
2026-05-17,https://funatsuri-yoso.com/ship/onuki-maru.html,0,2,0,8
2026-05-17,https://funatsuri-yoso.com/ship/suharaya.html,0,7,0,19.86
2026-05-17,https://funatsuri-yoso.com/ship/tsune-maru.html,0,1,0,6
2026-05-18,https://funatsuri-yoso.com/,0,4,0,19.25
2026-05-18,https://funatsuri-yoso.com/area/ajiro-port.html,0,1,0,61
2026-05-18,https://funatsuri-yoso.com/area/amatsu.html,0,2,0,10
2026-05-18,https://funatsuri-yoso.com/area/atami-port.html,0,1,0,5
2026-05-18,https://funatsuri-yoso.com/area/futo-oki.html,0,3,0,5.33
2026-05-18,https://funatsuri-yoso.com/area/futtsu-oki.html,0,2,0,7
2026-05-18,https://funatsuri-yoso.com/area/hamanamegawa.html,0,1,0,26
2026-05-18,https://funatsuri-yoso.com/area/hitachi-kuji.html,0,1,0,11
2026-05-18,https://funatsuri-yoso.com/area/honmoku-oki.html,0,2,0,7.5
2026-05-18,https://funatsuri-yoso.com/area/jogashima-oki.html,0,1,0,18
2026-05-18,https://funatsuri-yoso.com/area/kanaya-oki.html,0,1,0,9
2026-05-18,https://funatsuri-yoso.com/area/kanazawa-hakkei-otomo.html,0,1,0,8
2026-05-18,https://funatsuri-yoso.com/area/kashima-port.html,0,1,0,9
2026-05-18,https://funatsuri-yoso.com/area/kashima-shinhama.html,0,1,0,5
2026-05-18,https://funatsuri-yoso.com/area/katsuura.html,0,2,0,6
2026-05-18,https://funatsuri-yoso.com/area/manazuru-port.html,0,2,0,9.5
2026-05-18,https://funatsuri-yoso.com/area/nagai-oki.html,0,1,0,7
2026-05-18,https://funatsuri-yoso.com/area/odawara-shinko.html,0,1,0,46
2026-05-18,https://funatsuri-yoso.com/area/onuki-oki.html,0,1,0,3
2026-05-18,https://funatsuri-yoso.com/area/samezu-katsushima.html,0,2,0,10
2026-05-18,https://funatsuri-yoso.com/area/shiba.html,0,1,0,11
2026-05-18,https://funatsuri-yoso.com/area/shimoda.html,0,1,0,7
2026-05-18,https://funatsuri-yoso.com/area/shin-imaibashi.html,1,1,1,14
2026-05-18,https://funatsuri-yoso.com/area/shizuura.html,0,1,0,36
2026-05-18,https://funatsuri-yoso.com/area/tomioka-oki.html,0,1,0,9
2026-05-18,https://funatsuri-yoso.com/area/urayasu-bay.html,0,1,0,7
2026-05-18,https://funatsuri-yoso.com/area/yaizu.html,0,2,0,46
2026-05-18,https://funatsuri-yoso.com/fish/,0,2,0,9.5
2026-05-18,https://funatsuri-yoso.com/fish/aji.html,0,10,0,9.4
2026-05-18,https://funatsuri-yoso.com/fish/anago.html,0,2,0,15
2026-05-18,https://funatsuri-yoso.com/fish/hirame.html,0,2,0,9.5
2026-05-18,https://funatsuri-yoso.com/fish/isaki.html,0,7,0,6.57
2026-05-18,https://funatsuri-yoso.com/fish/kanpachi.html,0,2,0,5
2026-05-18,https://funatsuri-yoso.com/fish/kuromutsu.html,0,3,0,6.33
2026-05-18,https://funatsuri-yoso.com/fish/madai.html,0,4,0,9
2026-05-18,https://funatsuri-yoso.com/fish/madako.html,0,1,0,14
2026-05-18,https://funatsuri-yoso.com/fish/maruika.html,0,2,0,8.5
2026-05-18,https://funatsuri-yoso.com/fish/mugiika.html,0,3,0,8
2026-05-18,https://funatsuri-yoso.com/fish/seabass.html,0,2,0,4
2026-05-18,https://funatsuri-yoso.com/fish/tachiuo.html,0,3,0,19
2026-05-18,https://funatsuri-yoso.com/fish/yariika.html,0,3,0,11.33
2026-05-18,https://funatsuri-yoso.com/fish_area/aji-%E8%91%89%E5%B1%B1%E7%94%BA%E8%91%89%E5%B1%B1%E9%90%99%E6%91%BA%E6%B8%AF.html,0,4,0,8.25
2026-05-18,https://funatsuri-yoso.com/fish_area/aji-arari.html,0,1,0,8
2026-05-18,https://funatsuri-yoso.com/fish_area/aji-kanazawa-hakkei-hirakata.html,0,1,0,12
2026-05-18,https://funatsuri-yoso.com/fish_area/aji-koshigoe.html,0,3,0,5
2026-05-18,https://funatsuri-yoso.com/fish_area/aji-manazuru-port.html,0,2,0,10.5
2026-05-18,https://funatsuri-yoso.com/fish_area/aji-omaezaki.html,0,2,0,8
2026-05-18,https://funatsuri-yoso.com/fish_area/aji-sajima.html,0,1,0,6
2026-05-18,https://funatsuri-yoso.com/fish_area/amadai-hiragata.html,0,1,0,5
2026-05-18,https://funatsuri-yoso.com/fish_area/aoriika-hiratsuka.html,0,3,0,9.67
2026-05-18,https://funatsuri-yoso.com/fish_area/aoriika-kanaya.html,0,1,0,12
2026-05-18,https://funatsuri-yoso.com/fish_area/aoriika-sajima.html,0,2,0,7.5
2026-05-18,https://funatsuri-yoso.com/fish_area/ara-%E6%B1%9F%E8%A6%8B%E6%BC%81%E6%B8%AF.html,0,1,0,10
2026-05-18,https://funatsuri-yoso.com/fish_area/ara-togawa.html,0,2,0,5.5
2026-05-18,https://funatsuri-yoso.com/fish_area/buri-shimoda.html,0,2,0,6.5
2026-05-18,https://funatsuri-yoso.com/fish_area/buri-shin-imaibashi.html,1,1,1,4
2026-05-18,https://funatsuri-yoso.com/fish_area/fugu-iioka.html,0,2,0,11
2026-05-18,https://funatsuri-yoso.com/fish_area/hata-katakai.html,0,1,0,15
2026-05-18,https://funatsuri-yoso.com/fish_area/hiramasa-kashima.html,0,2,0,8
2026-05-18,https://funatsuri-yoso.com/fish_area/hirame-%E5%B9%B3%E5%A1%9A%E6%BC%81%E6%B8%AF.html,0,1,0,7
2026-05-18,https://funatsuri-yoso.com/fish_area/hirame-omaezaki.html,0,1,0,20
2026-05-18,https://funatsuri-yoso.com/fish_area/houbou-kashima-port.html,1,1,1,10
2026-05-18,https://funatsuri-yoso.com/fish_area/houbou-yokohama.html,0,1,0,7
2026-05-18,https://funatsuri-yoso.com/fish_area/inada-%E4%BD%90%E5%B3%B6%E6%B8%AF.html,0,1,0,3
2026-05-18,https://funatsuri-yoso.com/fish_area/inada-koshigoe.html,0,1,0,8
2026-05-18,https://funatsuri-yoso.com/fish_area/inada-oarai.html,0,1,0,4
2026-05-18,https://funatsuri-yoso.com/fish_area/isaki-%E6%9D%BE%E5%B4%8E%E7%94%BA%E6%9D%BE%E5%B4%8E%E6%B8%AF.html,0,2,0,7.5
2026-05-18,https://funatsuri-yoso.com/fish_area/isaki-aihama.html,0,1,0,11
2026-05-18,https://funatsuri-yoso.com/fish_area/isaki-arari.html,0,1,0,12
2026-05-18,https://funatsuri-yoso.com/fish_area/isaki-atami-port.html,0,1,0,9
2026-05-18,https://funatsuri-yoso.com/fish_area/isaki-katakai.html,1,3,0.333333,10.33
2026-05-18,https://funatsuri-yoso.com/fish_area/isaki-manazuru-port.html,0,1,0,11
2026-05-18,https://funatsuri-yoso.com/fish_area/isaki-sajima.html,0,1,0,3
2026-05-18,https://funatsuri-yoso.com/fish_area/isaki-teishi.html,0,1,0,7
2026-05-18,https://funatsuri-yoso.com/fish_area/isaki-yaizu.html,0,1,0,9
2026-05-18,https://funatsuri-yoso.com/fish_area/ishidai-omaezaki.html,0,1,0,5
2026-05-18,https://funatsuri-yoso.com/fish_area/kaiwari-hiratsuka.html,0,1,0,10
2026-05-18,https://funatsuri-yoso.com/fish_area/kamasu-hiratsuka.html,0,2,0,5.5
2026-05-18,https://funatsuri-yoso.com/fish_area/karei-yokohama.html,0,1,0,8
2026-05-18,https://funatsuri-yoso.com/fish_area/kinmedai-shimoda.html,0,1,0,5
2026-05-18,https://funatsuri-yoso.com/fish_area/kinmedai-teishi.html,0,2,0,8
2026-05-18,https://funatsuri-yoso.com/fish_area/kintoki-ajiro-port.html,0,1,0,8
2026-05-18,https://funatsuri-yoso.com/fish_area/kurodai-ebitorigawa.html,0,2,0,6.5
2026-05-18,https://funatsuri-yoso.com/fish_area/kuromutsu-kanazawa-hakkei.html,0,1,0,9
2026-05-18,https://funatsuri-yoso.com/fish_area/kuromutsu-matsuwa-maguchi.html,0,1,0,6
2026-05-18,https://funatsuri-yoso.com/fish_area/madai-hitachi-kuji.html,0,8,0,11.25
2026-05-18,https://funatsuri-yoso.com/fish_area/madai-kashima-port.html,0,1,0,10
2026-05-18,https://funatsuri-yoso.com/fish_area/madai-nakaminato.html,0,1,0,7
2026-05-18,https://funatsuri-yoso.com/fish_area/madai-oiso.html,0,1,0,14
2026-05-18,https://funatsuri-yoso.com/fish_area/madai-usami.html,1,3,0.333333,7.33
2026-05-18,https://funatsuri-yoso.com/fish_area/madai-yaizu.html,0,1,0,14
2026-05-18,https://funatsuri-yoso.com/fish_area/madako-futtsu.html,0,1,0,12
2026-05-18,https://funatsuri-yoso.com/fish_area/madako-katase-gyoko.html,0,1,0,9
2026-05-18,https://funatsuri-yoso.com/fish_area/madako-koshigoe.html,0,1,0,6
2026-05-18,https://funatsuri-yoso.com/fish_area/magochi-ebitorigawa.html,0,1,0,8
2026-05-18,https://funatsuri-yoso.com/fish_area/magochi-kiba.html,0,1,0,7
2026-05-18,https://funatsuri-yoso.com/fish_area/maruika-sajima.html,0,1,0,10
2026-05-18,https://funatsuri-yoso.com/fish_area/mebaru-iioka.html,0,1,0,4
2026-05-18,https://funatsuri-yoso.com/fish_area/mebaru-kanazawa-gyoko.html,0,3,0,10.33
2026-05-18,https://funatsuri-yoso.com/fish_area/mugiika-enoura.html,0,1,0,5
2026-05-18,https://funatsuri-yoso.com/fish_area/mugiika-nagai.html,0,1,0,8
2026-05-18,https://funatsuri-yoso.com/fish_area/mugiika-odawara-shinko.html,0,1,0,7
2026-05-18,https://funatsuri-yoso.com/fish_area/mugiika-toda-shizuoka.html,0,3,0,9.67
2026-05-18,https://funatsuri-yoso.com/fish_area/shima-aji-%E6%9D%BE%E5%B4%8E%E7%94%BA%E6%9D%BE%E5%B4%8E%E6%B8%AF.html,1,1,1,7
2026-05-18,https://funatsuri-yoso.com/fish_area/shima-aji-ito-tateyama.html,0,1,0,12
2026-05-18,https://funatsuri-yoso.com/fish_area/shima-aji-ohara.html,0,5,0,9.2
2026-05-18,https://funatsuri-yoso.com/fish_area/shirogisu-kanazawa-hakkei-hirakata.html,0,1,0,8
2026-05-18,https://funatsuri-yoso.com/fish_area/shousaifugu-%E9%B9%BF%E5%B6%8B%E6%97%A7%E6%B8%AF.html,0,1,0,13
2026-05-18,https://funatsuri-yoso.com/fish_area/shousaifugu-iioka.html,1,2,0.5,7.5
2026-05-18,https://funatsuri-yoso.com/fish_area/shousaifugu-kashima-port.html,0,1,0,12
2026-05-18,https://funatsuri-yoso.com/fish_area/tachiuo-chigasaki.html,0,1,0,5
2026-05-18,https://funatsuri-yoso.com/fish_area/tachiuo-kiba.html,0,1,0,3
2026-05-18,https://funatsuri-yoso.com/fish_area/tachiuo-koshiba.html,0,1,0,10
2026-05-18,https://funatsuri-yoso.com/fish_area/tachiuo-kurihama.html,0,1,0,1
2026-05-18,https://funatsuri-yoso.com/fish_area/warasa-%E9%B9%BF%E5%B6%8B%E6%96%B0%E6%B8%AF.html,0,3,0,9.33
2026-05-18,https://funatsuri-yoso.com/fish_area/yariika-hamanamegawa.html,0,1,0,16
2026-05-18,https://funatsuri-yoso.com/fish_area/yariika-hayama-abuzuri.html,0,3,0,9
2026-05-18,https://funatsuri-yoso.com/fish_area/yariika-katsuura.html,0,2,0,8
2026-05-18,https://funatsuri-yoso.com/ship/chowari-01369.html,0,2,0,8
2026-05-18,https://funatsuri-yoso.com/ship/hirono-maru.html,0,1,0,10
2026-05-18,https://funatsuri-yoso.com/ship/kanjiro-maru.html,0,12,0,9.42
2026-05-18,https://funatsuri-yoso.com/ship/ko-maru.html,0,29,0,8.79
2026-05-18,https://funatsuri-yoso.com/ship/koryo-maru.html,0,1,0,19
2026-05-18,https://funatsuri-yoso.com/ship/onuki-maru.html,0,5,0,21.6
2026-05-18,https://funatsuri-yoso.com/ship/suharaya.html,0,2,0,16.5
2026-05-18,https://funatsuri-yoso.com/ship/tsune-maru.html,0,1,0,11
2026-05-19,https://funatsuri-yoso.com/,0,6,0,10.83
2026-05-19,https://funatsuri-yoso.com/area/amatsu.html,0,2,0,7
2026-05-19,https://funatsuri-yoso.com/area/atami-port.html,0,3,0,7
2026-05-19,https://funatsuri-yoso.com/area/futtsu-oki.html,0,1,0,9
2026-05-19,https://funatsuri-yoso.com/area/hachimanbashi.html,0,1,0,11
2026-05-19,https://funatsuri-yoso.com/area/hamanamegawa.html,0,1,0,5
2026-05-19,https://funatsuri-yoso.com/area/hashirimizu-oki.html,0,1,0,27
2026-05-19,https://funatsuri-yoso.com/area/hitachi-kuji.html,0,1,0,28
2026-05-19,https://funatsuri-yoso.com/area/honmoku-oki.html,0,1,0,10
2026-05-19,https://funatsuri-yoso.com/area/hota-oki.html,0,1,0,6
2026-05-19,https://funatsuri-yoso.com/area/iioka-oki.html,0,2,0,31.5
2026-05-19,https://funatsuri-yoso.com/area/kamoi-oki.html,0,1,0,6
2026-05-19,https://funatsuri-yoso.com/area/kanaya-oki.html,0,2,0,9.5
2026-05-19,https://funatsuri-yoso.com/area/kannonzaki-oki.html,0,1,0,1
2026-05-19,https://funatsuri-yoso.com/area/katsuura.html,0,1,0,1
2026-05-19,https://funatsuri-yoso.com/area/kenzaki-oki.html,0,1,0,10
2026-05-19,https://funatsuri-yoso.com/area/koshiba-oki.html,0,4,0,6.25
2026-05-19,https://funatsuri-yoso.com/area/kurihama-oki.html,0,1,0,38
2026-05-19,https://funatsuri-yoso.com/area/kuryo.html,0,2,0,6.5
2026-05-19,https://funatsuri-yoso.com/area/ninomiya-oki.html,0,1,0,7
2026-05-19,https://funatsuri-yoso.com/area/oarai.html,0,5,0,10.2
2026-05-19,https://funatsuri-yoso.com/area/oohara-oki.html,0,1,0,47
2026-05-19,https://funatsuri-yoso.com/area/sajima-oki.html,0,1,0,9
2026-05-19,https://funatsuri-yoso.com/area/samezu-katsushima.html,0,1,0,8
2026-05-19,https://funatsuri-yoso.com/area/shimoura-oki.html,0,1,0,9
2026-05-19,https://funatsuri-yoso.com/area/shinagawa-bori.html,0,1,0,48
2026-05-19,https://funatsuri-yoso.com/area/takeoka-oki.html,1,2,0.5,6.5
2026-05-19,https://funatsuri-yoso.com/area/teishi.html,0,1,0,12
2026-05-19,https://funatsuri-yoso.com/area/urayasu-bay.html,0,1,0,48
2026-05-19,https://funatsuri-yoso.com/area/yaizu.html,0,2,0,11
2026-05-19,https://funatsuri-yoso.com/fish/,0,1,0,7
2026-05-19,https://funatsuri-yoso.com/fish/%E3%83%8F%E3%82%BC.html,0,1,0,10
2026-05-19,https://funatsuri-yoso.com/fish/aji.html,0,5,0,8.6
2026-05-19,https://funatsuri-yoso.com/fish/akamutsu.html,0,1,0,6
2026-05-19,https://funatsuri-yoso.com/fish/hiramasa.html,0,1,0,12
2026-05-19,https://funatsuri-yoso.com/fish/hirame.html,0,3,0,8
2026-05-19,https://funatsuri-yoso.com/fish/isaki.html,0,7,0,8.14
2026-05-19,https://funatsuri-yoso.com/fish/kanpachi.html,0,4,0,11
2026-05-19,https://funatsuri-yoso.com/fish/kuromutsu.html,0,1,0,12
2026-05-19,https://funatsuri-yoso.com/fish/madai.html,1,8,0.125,9.5
2026-05-19,https://funatsuri-yoso.com/fish/madako.html,0,1,0,11
2026-05-19,https://funatsuri-yoso.com/fish/mugiika.html,0,4,0,7.5
2026-05-19,https://funatsuri-yoso.com/fish/shiro-amadai.html,0,1,0,11
2026-05-19,https://funatsuri-yoso.com/fish/shirogisu.html,0,1,0,7
2026-05-19,https://funatsuri-yoso.com/fish/tachiuo.html,0,3,0,11.67
2026-05-19,https://funatsuri-yoso.com/fish/warasa.html,0,2,0,7
2026-05-19,https://funatsuri-yoso.com/fish/yariika.html,0,2,0,6
2026-05-19,https://funatsuri-yoso.com/fish_area/abura-bouzu-hasaki-shinko.html,0,2,0,10
2026-05-19,https://funatsuri-yoso.com/fish_area/aji-%E5%B9%B3%E5%A1%9A%E6%BC%81%E6%B8%AF.html,0,3,0,10.67
2026-05-19,https://funatsuri-yoso.com/fish_area/aji-%E8%91%89%E5%B1%B1%E7%94%BA%E8%91%89%E5%B1%B1%E9%90%99%E6%91%BA%E6%B8%AF.html,0,1,0,11
2026-05-19,https://funatsuri-yoso.com/fish_area/aji-arari.html,0,1,0,27
2026-05-19,https://funatsuri-yoso.com/fish_area/aji-atami-port.html,0,3,0,7
2026-05-19,https://funatsuri-yoso.com/fish_area/aji-ebitorigawa.html,1,2,0.5,5.5
2026-05-19,https://funatsuri-yoso.com/fish_area/aji-fukuura-yugawara.html,0,3,0,11.33
2026-05-19,https://funatsuri-yoso.com/fish_area/aji-hayakawa.html,0,3,0,9
2026-05-19,https://funatsuri-yoso.com/fish_area/aji-kanazawa-hakkei-otomo.html,0,1,0,11
2026-05-19,https://funatsuri-yoso.com/fish_area/aji-kashima-port.html,0,3,0,9.67
2026-05-19,https://funatsuri-yoso.com/fish_area/aji-koshigoe.html,0,4,0,8.75
2026-05-19,https://funatsuri-yoso.com/fish_area/aji-kuji.html,0,1,0,7
2026-05-19,https://funatsuri-yoso.com/fish_area/aji-manazuru-port.html,0,2,0,10
2026-05-19,https://funatsuri-yoso.com/fish_area/aji-oarai.html,0,1,0,10
2026-05-19,https://funatsuri-yoso.com/fish_area/aji-omaezaki.html,0,2,0,9.5
2026-05-19,https://funatsuri-yoso.com/fish_area/aji-rokugo-suimon.html,0,1,0,12
2026-05-19,https://funatsuri-yoso.com/fish_area/aji-sajima.html,0,1,0,7
2026-05-19,https://funatsuri-yoso.com/fish_area/aji-tachiaigawa-katsushima.html,0,1,0,9
2026-05-19,https://funatsuri-yoso.com/fish_area/aji-yokohama.html,0,1,0,11
2026-05-19,https://funatsuri-yoso.com/fish_area/amadai-%E6%B1%9F%E8%A6%8B%E6%BC%81%E6%B8%AF.html,0,1,0,4
2026-05-19,https://funatsuri-yoso.com/fish_area/amadai-hasaki.html,0,2,0,7.5
2026-05-19,https://funatsuri-yoso.com/fish_area/anago-hachimanbashi.html,0,2,0,9
2026-05-19,https://funatsuri-yoso.com/fish_area/aoriika-hiratsuka.html,0,2,0,7.5
2026-05-19,https://funatsuri-yoso.com/fish_area/aoriika-nagai.html,0,1,0,10
2026-05-19,https://funatsuri-yoso.com/fish_area/aoriika-sajima.html,0,3,0,7.33
2026-05-19,https://funatsuri-yoso.com/fish_area/bishi-aji-hiratsuka.html,0,1,0,4
2026-05-19,https://funatsuri-yoso.com/fish_area/buri-matsuwa-ena.html,0,2,0,11.5
2026-05-19,https://funatsuri-yoso.com/fish_area/buri-shimoda.html,0,8,0,7.75
2026-05-19,https://funatsuri-yoso.com/fish_area/fugu-iioka.html,0,1,0,19
2026-05-19,https://funatsuri-yoso.com/fish_area/fugu-kashima-port.html,0,2,0,10
2026-05-19,https://funatsuri-yoso.com/fish_area/hata-atami-port.html,0,1,0,2
2026-05-19,https://funatsuri-yoso.com/fish_area/hata-kashima-port.html,0,1,0,9
2026-05-19,https://funatsuri-yoso.com/fish_area/hata-numazu-shizuura.html,0,1,0,8
2026-05-19,https://funatsuri-yoso.com/fish_area/hiramasa-kashima.html,1,2,0.5,8
2026-05-19,https://funatsuri-yoso.com/fish_area/hirame-%E5%B9%B3%E5%A1%9A%E6%BC%81%E6%B8%AF.html,0,1,0,7
2026-05-19,https://funatsuri-yoso.com/fish_area/hirame-hachimanbashi.html,0,1,0,4
2026-05-19,https://funatsuri-yoso.com/fish_area/hirame-iioka.html,0,1,0,12
2026-05-19,https://funatsuri-yoso.com/fish_area/hirame-kashima-port.html,0,2,0,5
2026-05-19,https://funatsuri-yoso.com/fish_area/houbou-yumenoshima.html,0,1,0,8
2026-05-19,https://funatsuri-yoso.com/fish_area/inada-kashima-port.html,0,5,0,5
2026-05-19,https://funatsuri-yoso.com/fish_area/inada-kashima.html,0,2,0,5.5
2026-05-19,https://funatsuri-yoso.com/fish_area/inada-kuji.html,0,1,0,2
2026-05-19,https://funatsuri-yoso.com/fish_area/isaki-%E6%9D%BE%E5%B4%8E%E7%94%BA%E6%9D%BE%E5%B4%8E%E6%B8%AF.html,1,6,0.166667,6.83
2026-05-19,https://funatsuri-yoso.com/fish_area/isaki-katakai.html,0,4,0,10.25
2026-05-19,https://funatsuri-yoso.com/fish_area/isaki-koshigoe.html,0,1,0,11
2026-05-19,https://funatsuri-yoso.com/fish_area/isaki-manazuru-port.html,0,2,0,5.5
2026-05-19,https://funatsuri-yoso.com/fish_area/isaki-sajima.html,1,1,1,3
2026-05-19,https://funatsuri-yoso.com/fish_area/isaki-sunosaki.html,0,5,0,10.8
2026-05-19,https://funatsuri-yoso.com/fish_area/isaki-teishi.html,0,1,0,9
2026-05-19,https://funatsuri-yoso.com/fish_area/ishidai-omaezaki.html,0,1,0,5
2026-05-19,https://funatsuri-yoso.com/fish_area/ishimochi-kanazawa-hakkei-hirakata.html,0,2,0,10.5
2026-05-19,https://funatsuri-yoso.com/fish_area/kaiwari-ajiro-port.html,1,2,0.5,12
2026-05-19,https://funatsuri-yoso.com/fish_area/kamasu-hiratsuka.html,0,2,0,6.5
2026-05-19,https://funatsuri-yoso.com/fish_area/kanko-iioka.html,0,1,0,1
2026-05-19,https://funatsuri-yoso.com/fish_area/karei-iioka.html,0,1,0,11
2026-05-19,https://funatsuri-yoso.com/fish_area/karei-shinagawa-bori.html,0,1,0,7
2026-05-19,https://funatsuri-yoso.com/fish_area/kasago-kashima-port.html,0,2,0,7
2026-05-19,https://funatsuri-yoso.com/fish_area/kasago-kiba.html,0,1,0,11
2026-05-19,https://funatsuri-yoso.com/fish_area/kasago-onagigawa.html,0,1,0,7
2026-05-19,https://funatsuri-yoso.com/fish_area/kasago-shinagawa-bori.html,0,1,0,9
2026-05-19,https://funatsuri-yoso.com/fish_area/kawahagi-koshigoe.html,0,3,0,7.67
2026-05-19,https://funatsuri-yoso.com/fish_area/kawahagi-sajima.html,0,1,0,8
2026-05-19,https://funatsuri-yoso.com/fish_area/kinmedai-shimoda.html,0,5,0,5.4
2026-05-19,https://funatsuri-yoso.com/fish_area/kinmedai-teishi.html,0,2,0,10
2026-05-19,https://funatsuri-yoso.com/fish_area/kintoki-kashima-port.html,0,1,0,2
2026-05-19,https://funatsuri-yoso.com/fish_area/kurodai-edogawa.html,0,1,0,1
2026-05-19,https://funatsuri-yoso.com/fish_area/kuromutsu-atami-port.html,0,1,0,11
2026-05-19,https://funatsuri-yoso.com/fish_area/kuromutsu-matsuwa-maguchi.html,0,4,0,20.25
2026-05-19,https://funatsuri-yoso.com/fish_area/madai-hitachi-kuji.html,0,2,0,10
2026-05-19,https://funatsuri-yoso.com/fish_area/madai-imai-suimon.html,0,1,0,5
2026-05-19,https://funatsuri-yoso.com/fish_area/madai-koshiba.html,0,2,0,8.5
2026-05-19,https://funatsuri-yoso.com/fish_area/madai-nakaminato.html,0,1,0,11
2026-05-19,https://funatsuri-yoso.com/fish_area/madai-nomigawa.html,0,1,0,10
2026-05-19,https://funatsuri-yoso.com/fish_area/madai-oiso.html,0,2,0,10.5
2026-05-19,https://funatsuri-yoso.com/fish_area/magochi-rokugo-suimon.html,0,1,0,6
2026-05-19,https://funatsuri-yoso.com/fish_area/magochi-samezu-katsushima.html,0,1,0,3
2026-05-19,https://funatsuri-yoso.com/fish_area/mahata-kashima-port.html,0,1,0,9
2026-05-19,https://funatsuri-yoso.com/fish_area/mahata-sunosaki.html,0,1,0,10
2026-05-19,https://funatsuri-yoso.com/fish_area/maruika-%E8%91%89%E5%B1%B1%E7%94%BA%E8%91%89%E5%B1%B1%E9%90%99%E6%91%BA%E6%B8%AF.html,0,1,0,6
2026-05-19,https://funatsuri-yoso.com/fish_area/maruika-kamoi-omuro.html,0,2,0,8.5
2026-05-19,https://funatsuri-yoso.com/fish_area/maruika-sajima.html,0,3,0,10.33
2026-05-19,https://funatsuri-yoso.com/fish_area/mebaru-ohara.html,0,1,0,10
2026-05-19,https://funatsuri-yoso.com/fish_area/mugiika-nagai.html,0,2,0,10
2026-05-19,https://funatsuri-yoso.com/fish_area/mugiika-odawara-shinko.html,0,1,0,10
2026-05-19,https://funatsuri-yoso.com/fish_area/mugiika-toda-shizuoka.html,0,1,0,1
2026-05-19,https://funatsuri-yoso.com/fish_area/onikasago-ohara.html,1,1,1,11
2026-05-19,https://funatsuri-yoso.com/fish_area/sawara-kanazawa-hakkei.html,0,1,0,4
2026-05-19,https://funatsuri-yoso.com/fish_area/sawara-kashima.html,0,1,0,11
2026-05-19,https://funatsuri-yoso.com/fish_area/seabass-kiba.html,0,1,0,2
2026-05-19,https://funatsuri-yoso.com/fish_area/shiira-hiratsuka.html,0,1,0,10
2026-05-19,https://funatsuri-yoso.com/fish_area/shima-aji-ohara.html,0,4,0,18.5
2026-05-19,https://funatsuri-yoso.com/fish_area/shirogisu-%E6%A8%AA%E6%B5%9C%E6%B8%AF.html,0,1,0,8
2026-05-19,https://funatsuri-yoso.com/fish_area/shirogisu-edogawa.html,0,1,0,8
2026-05-19,https://funatsuri-yoso.com/fish_area/shirogisu-oiso.html,0,1,0,8
2026-05-19,https://funatsuri-yoso.com/fish_area/shirogisu-tsuribashi.html,0,1,0,2
2026-05-19,https://funatsuri-yoso.com/fish_area/shousaifugu-%E5%A4%A7%E7%94%B0%E5%8C%BA%E7%BE%BD%E7%94%B0.html,0,1,0,7
2026-05-19,https://funatsuri-yoso.com/fish_area/shousaifugu-iioka.html,0,3,0,9.33
2026-05-19,https://funatsuri-yoso.com/fish_area/shousaifugu-kashima-port.html,0,2,0,5
2026-05-19,https://funatsuri-yoso.com/fish_area/shousaifugu-keihin.html,0,2,0,10.5
2026-05-19,https://funatsuri-yoso.com/fish_area/sumiika-ajiro-port.html,0,1,0,6
2026-05-19,https://funatsuri-yoso.com/fish_area/tachiuo-kiba.html,0,1,0,6
2026-05-19,https://funatsuri-yoso.com/fish_area/torafugu-iioka.html,0,1,0,34
2026-05-19,https://funatsuri-yoso.com/fish_area/warasa-kashima-port.html,1,2,0.5,6.5
2026-05-19,https://funatsuri-yoso.com/fish_area/yariika-katsuura.html,0,4,0,10
2026-05-19,https://funatsuri-yoso.com/pages/contact.html,0,1,0,4
2026-05-19,https://funatsuri-yoso.com/ship/chowari-01191.html,0,1,0,8
2026-05-19,https://funatsuri-yoso.com/ship/chowari-01696.html,0,3,0,7.67
2026-05-19,https://funatsuri-yoso.com/ship/hirono-maru.html,0,8,0,7.88
2026-05-19,https://funatsuri-yoso.com/ship/kanjiro-maru.html,1,16,0.0625,11.06
2026-05-19,https://funatsuri-yoso.com/ship/ko-maru.html,0,16,0,9.44
2026-05-19,https://funatsuri-yoso.com/ship/koryo-maru.html,0,1,0,17
2026-05-19,https://funatsuri-yoso.com/ship/onuki-maru.html,0,3,0,9.67
2026-05-19,https://funatsuri-yoso.com/ship/suharaya.html,0,1,0,10
2026-05-19,https://funatsuri-yoso.com/ship/yuko-maru-iioka.html,0,10,0,8.7
2026-05-20,https://funatsuri-yoso.com/,0,8,0,15.12
2026-05-20,https://funatsuri-yoso.com/area/%E9%A3%AF%E5%B2%A1%E6%B8%AF.html,0,1,0,6
2026-05-20,https://funatsuri-yoso.com/area/amatsu.html,0,3,0,9.33
2026-05-20,https://funatsuri-yoso.com/area/ebitorigawa.html,0,1,0,7
2026-05-20,https://funatsuri-yoso.com/area/hashirimizu-oki.html,0,1,0,44
2026-05-20,https://funatsuri-yoso.com/area/hayama-abuzuri.html,0,1,0,9
2026-05-20,https://funatsuri-yoso.com/area/hayama-oki.html,1,1,1,19
2026-05-20,https://funatsuri-yoso.com/area/kashima-kita-oki.html,0,2,0,53.5
2026-05-20,https://funatsuri-yoso.com/area/kashima-minami-oki.html,0,1,0,75
2026-05-20,https://funatsuri-yoso.com/area/kashima-oki.html,0,2,0,31.5
2026-05-20,https://funatsuri-yoso.com/area/kashima-port.html,0,1,0,8
2026-05-20,https://funatsuri-yoso.com/area/katsuura.html,0,1,0,34
2026-05-20,https://funatsuri-yoso.com/area/kenzaki-oki.html,0,1,0,10
2026-05-20,https://funatsuri-yoso.com/area/koshigoe.html,0,1,0,10
2026-05-20,https://funatsuri-yoso.com/area/nomigawa.html,0,1,0,1
2026-05-20,https://funatsuri-yoso.com/area/oarai.html,0,1,0,6
2026-05-20,https://funatsuri-yoso.com/area/onuki-oki.html,0,2,0,2.5
2026-05-20,https://funatsuri-yoso.com/area/rokugo-suimon.html,0,1,0,5
2026-05-20,https://funatsuri-yoso.com/area/sarushima-oki.html,0,1,0,30
2026-05-20,https://funatsuri-yoso.com/area/senju-ohashi.html,0,1,0,16
2026-05-20,https://funatsuri-yoso.com/area/shiba.html,0,1,0,2
2026-05-20,https://funatsuri-yoso.com/area/sunosaki-oki.html,0,2,0,8.5
2026-05-20,https://funatsuri-yoso.com/area/sunosaki.html,0,1,0,19
2026-05-20,https://funatsuri-yoso.com/area/teishi.html,0,1,0,10
2026-05-20,https://funatsuri-yoso.com/area/yaizu-ogawa.html,0,1,0,12
2026-05-20,https://funatsuri-yoso.com/area/yaizu.html,0,1,0,7
2026-05-20,https://funatsuri-yoso.com/fish/aji.html,0,6,0,7.17
2026-05-20,https://funatsuri-yoso.com/fish/hirame.html,0,4,0,8.5
2026-05-20,https://funatsuri-yoso.com/fish/isaki.html,0,8,0,7.62
2026-05-20,https://funatsuri-yoso.com/fish/kanpachi.html,0,2,0,10.5
2026-05-20,https://funatsuri-yoso.com/fish/madai.html,0,2,0,9
2026-05-20,https://funatsuri-yoso.com/fish/maruika.html,0,1,0,9
2026-05-20,https://funatsuri-yoso.com/fish/mugiika.html,0,3,0,5.33
2026-05-20,https://funatsuri-yoso.com/fish/shirogisu.html,0,3,0,11
2026-05-20,https://funatsuri-yoso.com/fish/tachiuo.html,0,2,0,11.5
2026-05-20,https://funatsuri-yoso.com/fish/warasa.html,0,1,0,12
2026-05-20,https://funatsuri-yoso.com/fish/yariika.html,0,6,0,8.17
2026-05-20,https://funatsuri-yoso.com/fish_area/aji-enoura.html,0,1,0,11
2026-05-20,https://funatsuri-yoso.com/fish_area/aji-kashima-port.html,0,4,0,11.75
2026-05-20,https://funatsuri-yoso.com/fish_area/aji-katase-gyoko.html,0,1,0,12
2026-05-20,https://funatsuri-yoso.com/fish_area/aji-manazuru-port.html,0,1,0,11
2026-05-20,https://funatsuri-yoso.com/fish_area/aji-omaezaki.html,0,2,0,21
2026-05-20,https://funatsuri-yoso.com/fish_area/aji-sajima.html,0,4,0,7
2026-05-20,https://funatsuri-yoso.com/fish_area/aji-shiba.html,0,1,0,10
2026-05-20,https://funatsuri-yoso.com/fish_area/aji-shinagawa-bori.html,0,1,0,11
2026-05-20,https://funatsuri-yoso.com/fish_area/aji-yaizu.html,0,2,0,4
2026-05-20,https://funatsuri-yoso.com/fish_area/akamutsu-yaizu.html,0,1,0,12
2026-05-20,https://funatsuri-yoso.com/fish_area/amadai-hasaki.html,0,3,0,4.67
2026-05-20,https://funatsuri-yoso.com/fish_area/aoriika-sajima.html,0,4,0,6.25
2026-05-20,https://funatsuri-yoso.com/fish_area/bishi-aji-hiratsuka.html,0,2,0,6.5
2026-05-20,https://funatsuri-yoso.com/fish_area/buri-matsuwa-ena.html,0,3,0,10
2026-05-20,https://funatsuri-yoso.com/fish_area/buri-shimoda.html,0,6,0,8.83
2026-05-20,https://funatsuri-yoso.com/fish_area/fugu-iioka.html,0,1,0,24
2026-05-20,https://funatsuri-yoso.com/fish_area/fugu-kashima-port.html,0,1,0,8
2026-05-20,https://funatsuri-yoso.com/fish_area/hanadai-%E6%9D%BE%E5%B4%8E%E7%94%BA%E6%9D%BE%E5%B4%8E%E6%B8%AF.html,0,1,0,12
2026-05-20,https://funatsuri-yoso.com/fish_area/hata-sajima.html,0,1,0,6
2026-05-20,https://funatsuri-yoso.com/fish_area/hirame-iioka.html,0,2,0,32
2026-05-20,https://funatsuri-yoso.com/fish_area/hirame-kanazawa-gyoko.html,0,1,0,6
2026-05-20,https://funatsuri-yoso.com/fish_area/hirame-matsuwa-ena.html,0,2,0,6.5
2026-05-20,https://funatsuri-yoso.com/fish_area/houbou-shin-imaibashi.html,0,1,0,9
2026-05-20,https://funatsuri-yoso.com/fish_area/inada-%E4%BD%90%E5%B3%B6%E6%B8%AF.html,0,1,0,9
2026-05-20,https://funatsuri-yoso.com/fish_area/inada-kashima.html,0,1,0,5
2026-05-20,https://funatsuri-yoso.com/fish_area/inada-oarai.html,0,2,0,2.5
2026-05-20,https://funatsuri-yoso.com/fish_area/isaki-arari.html,0,1,0,15
2026-05-20,https://funatsuri-yoso.com/fish_area/isaki-katakai.html,0,7,0,8.57
2026-05-20,https://funatsuri-yoso.com/fish_area/isaki-kawana.html,0,1,0,9
2026-05-20,https://funatsuri-yoso.com/fish_area/isaki-koshigoe.html,0,1,0,7
2026-05-20,https://funatsuri-yoso.com/fish_area/isaki-manazuru-port.html,0,2,0,17.5
2026-05-20,https://funatsuri-yoso.com/fish_area/isaki-sajima.html,0,3,0,6.67
2026-05-20,https://funatsuri-yoso.com/fish_area/isaki-sunosaki.html,1,1,1,2
2026-05-20,https://funatsuri-yoso.com/fish_area/isaki-teishi.html,0,2,0,11
2026-05-20,https://funatsuri-yoso.com/fish_area/kanko-hiratsuka.html,0,1,0,11
2026-05-20,https://funatsuri-yoso.com/fish_area/kanko-katase-gyoko.html,0,1,0,11
2026-05-20,https://funatsuri-yoso.com/fish_area/kanko-ohara.html,0,2,0,44.5
2026-05-20,https://funatsuri-yoso.com/fish_area/kanpachi-teishi.html,0,1,0,11
2026-05-20,https://funatsuri-yoso.com/fish_area/kasago-iioka.html,0,1,0,3
2026-05-20,https://funatsuri-yoso.com/fish_area/kasago-kashima-port.html,0,2,0,7
2026-05-20,https://funatsuri-yoso.com/fish_area/kasago-shimoda.html,0,2,0,11
2026-05-20,https://funatsuri-yoso.com/fish_area/kawahagi-kanaya.html,0,1,0,7
2026-05-20,https://funatsuri-yoso.com/fish_area/kuromutsu-%E8%91%89%E5%B1%B1%E7%94%BA%E8%91%89%E5%B1%B1%E9%90%99%E6%91%BA%E6%B8%AF.html,0,1,0,8
2026-05-20,https://funatsuri-yoso.com/fish_area/kuromutsu-hayakawa.html,0,1,0,5
2026-05-20,https://funatsuri-yoso.com/fish_area/kuromutsu-odawara-hayakawa.html,0,3,0,4.67
2026-05-20,https://funatsuri-yoso.com/fish_area/madai-%E5%A4%A7%E6%B4%97%E7%94%BA%E5%A4%A7%E6%B4%97%E6%B8%AF.html,0,1,0,8
2026-05-20,https://funatsuri-yoso.com/fish_area/madai-ajiro-port.html,0,1,0,15
2026-05-20,https://funatsuri-yoso.com/fish_area/madai-kashima-port.html,0,2,0,14.5
2026-05-20,https://funatsuri-yoso.com/fish_area/madai-nomigawa.html,0,1,0,9
2026-05-20,https://funatsuri-yoso.com/fish_area/madai-oarai.html,0,1,0,25
2026-05-20,https://funatsuri-yoso.com/fish_area/madai-teishi.html,0,1,0,5
2026-05-20,https://funatsuri-yoso.com/fish_area/madai-tomata.html,0,2,0,2
2026-05-20,https://funatsuri-yoso.com/fish_area/madako-futtsu.html,0,1,0,12
2026-05-20,https://funatsuri-yoso.com/fish_area/magochi-rokugo-suimon.html,0,1,0,6
2026-05-20,https://funatsuri-yoso.com/fish_area/magochi-samezu-katsushima.html,1,1,1,3
2026-05-20,https://funatsuri-yoso.com/fish_area/mahata-sunosaki.html,0,1,0,37
2026-05-20,https://funatsuri-yoso.com/fish_area/maruika-kamoi-omuro.html,0,1,0,7
2026-05-20,https://funatsuri-yoso.com/fish_area/maruika-matsuwa-ena.html,0,1,0,2
2026-05-20,https://funatsuri-yoso.com/fish_area/maruika-sajima.html,0,1,0,6
2026-05-20,https://funatsuri-yoso.com/fish_area/mebaru-hiragata.html,0,1,0,6
2026-05-20,https://funatsuri-yoso.com/fish_area/mebaru-ohara.html,0,1,0,64
2026-05-20,https://funatsuri-yoso.com/fish_area/mugiika-enoura.html,0,1,0,19
2026-05-20,https://funatsuri-yoso.com/fish_area/onikasago-ohara.html,0,1,0,11
2026-05-20,https://funatsuri-yoso.com/fish_area/sawara-yumenoshima.html,0,1,0,3
2026-05-20,https://funatsuri-yoso.com/fish_area/shiira-hiratsuka.html,0,1,0,8
2026-05-20,https://funatsuri-yoso.com/fish_area/shima-aji-aihama.html,0,1,0,8
2026-05-20,https://funatsuri-yoso.com/fish_area/shima-aji-ito-shi.html,0,1,0,48
2026-05-20,https://funatsuri-yoso.com/fish_area/shirogisu-oiso.html,0,1,0,18
2026-05-20,https://funatsuri-yoso.com/fish_area/shousaifugu-iioka.html,0,2,0,12.5
2026-05-20,https://funatsuri-yoso.com/fish_area/shousaifugu-kashima-port.html,0,1,0,9
2026-05-20,https://funatsuri-yoso.com/fish_area/shousaifugu-keihin.html,0,1,0,9
2026-05-20,https://funatsuri-yoso.com/fish_area/tachiuo-kanazawa-hakkei-hirakata.html,0,2,0,8
2026-05-20,https://funatsuri-yoso.com/fish_area/tachiuo-kiba.html,0,1,0,8
2026-05-20,https://funatsuri-yoso.com/fish_area/tachiuo-kurihama.html,0,3,0,8.67
2026-05-20,https://funatsuri-yoso.com/fish_area/torafugu-ohara.html,0,2,0,25
2026-05-20,https://funatsuri-yoso.com/fish_area/warasa-kashima-port.html,0,2,0,4
2026-05-20,https://funatsuri-yoso.com/fish_area/warasa-teishi.html,0,1,0,12
2026-05-20,https://funatsuri-yoso.com/fish_area/yariika-katsuura.html,0,3,0,16.33
2026-05-20,https://funatsuri-yoso.com/ship/akihiro-maru.html,0,1,0,8
2026-05-20,https://funatsuri-yoso.com/ship/choei-maru-fukuda.html,0,7,0,6.14
2026-05-20,https://funatsuri-yoso.com/ship/chowari-00332.html,0,2,0,24.5
2026-05-20,https://funatsuri-yoso.com/ship/chowari-00751.html,0,1,0,8
2026-05-20,https://funatsuri-yoso.com/ship/chowari-01191.html,0,11,0,7.18
2026-05-20,https://funatsuri-yoso.com/ship/chowari-01192.html,0,2,0,9
2026-05-20,https://funatsuri-yoso.com/ship/chowari-01315.html,1,2,0.5,10
2026-05-20,https://funatsuri-yoso.com/ship/chowari-01369.html,0,1,0,10
2026-05-20,https://funatsuri-yoso.com/ship/chowari-01680.html,0,2,0,7.5
2026-05-20,https://funatsuri-yoso.com/ship/chowari-01696.html,0,18,0,8.72
2026-05-20,https://funatsuri-yoso.com/ship/daisan-shoei-maru.html,0,1,0,9
2026-05-20,https://funatsuri-yoso.com/ship/hirono-maru.html,1,13,0.076923,7.69
2026-05-20,https://funatsuri-yoso.com/ship/kaio-maru.html,0,2,0,8
2026-05-20,https://funatsuri-yoso.com/ship/ko-maru-oiso.html,0,5,0,9.2
2026-05-20,https://funatsuri-yoso.com/ship/ko-maru.html,1,13,0.076923,7.92
2026-05-20,https://funatsuri-yoso.com/ship/koryo-maru.html,0,1,0,55
2026-05-20,https://funatsuri-yoso.com/ship/kotoku-maru.html,1,11,0.090909,10.45
2026-05-20,https://funatsuri-yoso.com/ship/kozo-maru.html,0,12,0,9.33
2026-05-20,https://funatsuri-yoso.com/ship/onuki-maru.html,0,3,0,12
2026-05-20,https://funatsuri-yoso.com/ship/ryuko-maru-oohara.html,0,2,0,9
2026-05-20,https://funatsuri-yoso.com/ship/seisho-maru.html,0,1,0,12
2026-05-20,https://funatsuri-yoso.com/ship/suharaya.html,0,6,0,14.5
2026-05-20,https://funatsuri-yoso.com/ship/tsune-maru.html,0,1,0,8
2026-05-20,https://funatsuri-yoso.com/ship/yuko-maru-iioka.html,0,4,0,9.75
2026-05-21,https://funatsuri-yoso.com/,0,10,0,23
2026-05-21,https://funatsuri-yoso.com/area/amatsu.html,0,6,0,9
2026-05-21,https://funatsuri-yoso.com/area/atami-port.html,0,1,0,6
2026-05-21,https://funatsuri-yoso.com/area/chigasaki.html,0,3,0,7
2026-05-21,https://funatsuri-yoso.com/area/enoura.html,0,1,0,2
2026-05-21,https://funatsuri-yoso.com/area/fukuura-yugawara.html,0,1,0,21
2026-05-21,https://funatsuri-yoso.com/area/hasaki-shinko.html,0,1,0,22
2026-05-21,https://funatsuri-yoso.com/area/hayama-abuzuri.html,0,1,0,12
2026-05-21,https://funatsuri-yoso.com/area/hayama-oki.html,0,1,0,10
2026-05-21,https://funatsuri-yoso.com/area/hitachi-kuji.html,0,3,0,12.67
2026-05-21,https://funatsuri-yoso.com/area/hota-oki.html,0,2,0,11
2026-05-21,https://funatsuri-yoso.com/area/ito-shi.html,0,1,0,11
2026-05-21,https://funatsuri-yoso.com/area/ito-tateyama.html,0,1,0,6
2026-05-21,https://funatsuri-yoso.com/area/jogashima-oki.html,0,1,0,37
2026-05-21,https://funatsuri-yoso.com/area/kannonzaki-oki.html,0,1,0,9
2026-05-21,https://funatsuri-yoso.com/area/kawasaki-oki.html,0,1,0,4
2026-05-21,https://funatsuri-yoso.com/area/kuryo.html,0,2,0,9
2026-05-21,https://funatsuri-yoso.com/area/nakanose.html,0,1,0,1
2026-05-21,https://funatsuri-yoso.com/area/ninomiya-oki.html,1,1,1,17
2026-05-21,https://funatsuri-yoso.com/area/nomigawa.html,0,1,0,1
2026-05-21,https://funatsuri-yoso.com/area/numazu-oki.html,0,1,0,40
2026-05-21,https://funatsuri-yoso.com/area/numazu-shizuura.html,0,1,0,6
2026-05-21,https://funatsuri-yoso.com/area/onagigawa.html,0,1,0,11
2026-05-21,https://funatsuri-yoso.com/area/ose.html,0,1,0,6
2026-05-21,https://funatsuri-yoso.com/area/sarushima-oki.html,0,2,0,3
2026-05-21,https://funatsuri-yoso.com/area/tomata.html,0,1,0,9
2026-05-21,https://funatsuri-yoso.com/area/usami.html,0,1,0,1
2026-05-21,https://funatsuri-yoso.com/area/yumenoshima.html,0,3,0,6
2026-05-21,https://funatsuri-yoso.com/fish/aji.html,0,2,0,11
2026-05-21,https://funatsuri-yoso.com/fish/anago.html,1,2,0.5,12.5
2026-05-21,https://funatsuri-yoso.com/fish/bishi-aji.html,0,2,0,4
2026-05-21,https://funatsuri-yoso.com/fish/hanadai.html,1,1,1,2
2026-05-21,https://funatsuri-yoso.com/fish/hiramasa.html,0,1,0,8
2026-05-21,https://funatsuri-yoso.com/fish/isaki.html,0,5,0,9.2
2026-05-21,https://funatsuri-yoso.com/fish/kanpachi.html,0,1,0,9
2026-05-21,https://funatsuri-yoso.com/fish/kuromutsu.html,0,1,0,6
2026-05-21,https://funatsuri-yoso.com/fish/madai.html,0,1,0,6
2026-05-21,https://funatsuri-yoso.com/fish/maruika.html,0,1,0,8
2026-05-21,https://funatsuri-yoso.com/fish/mugiika.html,1,2,0.5,8.5
2026-05-21,https://funatsuri-yoso.com/fish/seabass.html,0,1,0,10
2026-05-21,https://funatsuri-yoso.com/fish/shirogisu.html,1,5,0.2,8.6
2026-05-21,https://funatsuri-yoso.com/fish/tachiuo.html,0,6,0,8.33
2026-05-21,https://funatsuri-yoso.com/fish/warasa.html,0,1,0,5
2026-05-21,https://funatsuri-yoso.com/fish/yariika.html,0,7,0,10
2026-05-21,https://funatsuri-yoso.com/fish_area/abura-bouzu-hasaki.html,0,1,0,18
2026-05-21,https://funatsuri-yoso.com/fish_area/aji-%E6%A8%AA%E6%B5%9C%E6%B8%AF.html,0,1,0,10
2026-05-21,https://funatsuri-yoso.com/fish_area/aji-enoura.html,0,1,0,12
2026-05-21,https://funatsuri-yoso.com/fish_area/aji-kashima-port.html,0,6,0,8.5
2026-05-21,https://funatsuri-yoso.com/fish_area/aji-manazuru-port.html,0,1,0,12
2026-05-21,https://funatsuri-yoso.com/fish_area/aji-oarai.html,0,3,0,9
2026-05-21,https://funatsuri-yoso.com/fish_area/aji-ohara.html,0,1,0,12
2026-05-21,https://funatsuri-yoso.com/fish_area/aji-omaezaki.html,0,2,0,10.5
2026-05-21,https://funatsuri-yoso.com/fish_area/aji-sajima.html,0,3,0,9.33
2026-05-21,https://funatsuri-yoso.com/fish_area/aji-yaizu.html,0,5,0,7.2
2026-05-21,https://funatsuri-yoso.com/fish_area/anago-rokugo-suimon.html,0,1,0,9
2026-05-21,https://funatsuri-yoso.com/fish_area/aoriika-nagai.html,0,2,0,6
2026-05-21,https://funatsuri-yoso.com/fish_area/aoriika-sajima.html,0,7,0,8.57
2026-05-21,https://funatsuri-yoso.com/fish_area/aoriika-shin-imaibashi.html,0,3,0,4.33
2026-05-21,https://funatsuri-yoso.com/fish_area/ara-togawa.html,0,2,0,10
2026-05-21,https://funatsuri-yoso.com/fish_area/bishi-aji-hiratsuka.html,0,2,0,6
2026-05-21,https://funatsuri-yoso.com/fish_area/buri-matsuwa-ena.html,0,1,0,12
2026-05-21,https://funatsuri-yoso.com/fish_area/buri-shimoda.html,0,2,0,6.5
2026-05-21,https://funatsuri-yoso.com/fish_area/fugu-kashima-port.html,0,6,0,12.33
2026-05-21,https://funatsuri-yoso.com/fish_area/hanadai-atami-port.html,0,1,0,18
2026-05-21,https://funatsuri-yoso.com/fish_area/hanadai-koshigoe.html,0,1,0,31
2026-05-21,https://funatsuri-yoso.com/fish_area/hanadai-nakaminato.html,0,1,0,10
2026-05-21,https://funatsuri-yoso.com/fish_area/hata-nagai-shinjuku.html,0,2,0,11
2026-05-21,https://funatsuri-yoso.com/fish_area/hata-sajima.html,0,1,0,11
2026-05-21,https://funatsuri-yoso.com/fish_area/hirame-iioka.html,0,4,0,17
2026-05-21,https://funatsuri-yoso.com/fish_area/hirame-omaezaki.html,0,2,0,12
2026-05-21,https://funatsuri-yoso.com/fish_area/houbou-%E5%B9%B3%E5%A1%9A%E6%BC%81%E6%B8%AF.html,0,1,0,10
2026-05-21,https://funatsuri-yoso.com/fish_area/houbou-yumenoshima.html,0,2,0,9
2026-05-21,https://funatsuri-yoso.com/fish_area/inada-kashima.html,0,1,0,3
2026-05-21,https://funatsuri-yoso.com/fish_area/inada-kuji.html,0,1,0,7
2026-05-21,https://funatsuri-yoso.com/fish_area/isaki-arari.html,0,2,0,21
2026-05-21,https://funatsuri-yoso.com/fish_area/isaki-kanazawa-gyoko.html,0,1,0,10
2026-05-21,https://funatsuri-yoso.com/fish_area/isaki-katakai.html,0,3,0,10
2026-05-21,https://funatsuri-yoso.com/fish_area/isaki-koshigoe.html,0,1,0,6
2026-05-21,https://funatsuri-yoso.com/fish_area/isaki-manazuru-port.html,0,3,0,25.33
2026-05-21,https://funatsuri-yoso.com/fish_area/isaki-sunosaki.html,0,1,0,2
2026-05-21,https://funatsuri-yoso.com/fish_area/isaki-sunza-marina.html,0,2,0,2
2026-05-21,https://funatsuri-yoso.com/fish_area/isaki-teishi.html,0,2,0,34.5
2026-05-21,https://funatsuri-yoso.com/fish_area/isaki-yaizu.html,0,3,0,13.33
2026-05-21,https://funatsuri-yoso.com/fish_area/kanko-hiratsuka.html,0,2,0,24
2026-05-21,https://funatsuri-yoso.com/fish_area/kanpachi-teishi.html,0,1,0,29
2026-05-21,https://funatsuri-yoso.com/fish_area/kasago-%E5%A4%A7%E7%94%B0%E5%8C%BA%E7%BE%BD%E7%94%B0.html,0,1,0,10
2026-05-21,https://funatsuri-yoso.com/fish_area/kasago-kashima-port.html,0,1,0,9
2026-05-21,https://funatsuri-yoso.com/fish_area/kasago-shimoda.html,0,1,0,12
2026-05-21,https://funatsuri-yoso.com/fish_area/kasago-shin-imaibashi.html,0,1,0,8
2026-05-21,https://funatsuri-yoso.com/fish_area/kasago-yaizu-ogawa.html,0,1,0,5
2026-05-21,https://funatsuri-yoso.com/fish_area/kawahagi-koshigoe.html,0,1,0,11
2026-05-21,https://funatsuri-yoso.com/fish_area/kinmedai-shimoda.html,0,2,0,7
2026-05-21,https://funatsuri-yoso.com/fish_area/kurodai-ebitorigawa.html,0,1,0,14
2026-05-21,https://funatsuri-yoso.com/fish_area/madai-%E5%A4%A7%E6%B4%97%E7%94%BA%E5%A4%A7%E6%B4%97%E6%B8%AF.html,0,1,0,9
2026-05-21,https://funatsuri-yoso.com/fish_area/madai-ajiro-port.html,1,1,1,17
2026-05-21,https://funatsuri-yoso.com/fish_area/madai-hitachi-kuji.html,0,1,0,8
2026-05-21,https://funatsuri-yoso.com/fish_area/madai-sunosaki.html,0,2,0,14
2026-05-21,https://funatsuri-yoso.com/fish_area/madako-katase-gyoko.html,0,1,0,4
2026-05-21,https://funatsuri-yoso.com/fish_area/madako-koshigoe.html,0,5,0,9.4
2026-05-21,https://funatsuri-yoso.com/fish_area/maruika-sajima.html,1,2,0.5,10.5
2026-05-21,https://funatsuri-yoso.com/fish_area/mebaru-iioka.html,0,1,0,10
2026-05-21,https://funatsuri-yoso.com/fish_area/mebaru-nakaminato.html,0,1,0,10
2026-05-21,https://funatsuri-yoso.com/fish_area/medai-fukuura-yugawara.html,0,1,0,26
2026-05-21,https://funatsuri-yoso.com/fish_area/medai-hiragata.html,0,1,0,9
2026-05-21,https://funatsuri-yoso.com/fish_area/medai-ohara.html,0,1,0,21
2026-05-21,https://funatsuri-yoso.com/fish_area/mugiika-%E8%91%89%E5%B1%B1%E7%94%BA%E8%91%89%E5%B1%B1%E9%90%99%E6%91%BA%E6%B8%AF.html,0,2,0,5.5
2026-05-21,https://funatsuri-yoso.com/fish_area/mugiika-enoura.html,0,3,0,9.33
2026-05-21,https://funatsuri-yoso.com/fish_area/mugiika-kuryo.html,0,2,0,10
2026-05-21,https://funatsuri-yoso.com/fish_area/onikasago-katase-gyoko.html,0,2,0,7
2026-05-21,https://funatsuri-yoso.com/fish_area/onikasago-sajima.html,1,2,0.5,2.5
2026-05-21,https://funatsuri-yoso.com/fish_area/shima-aji-%E6%9D%BE%E5%B4%8E%E7%94%BA%E6%9D%BE%E5%B4%8E%E6%B8%AF.html,0,2,0,10
2026-05-21,https://funatsuri-yoso.com/fish_area/shima-aji-aihama.html,0,1,0,36
2026-05-21,https://funatsuri-yoso.com/fish_area/shirogisu-kanazawa-gyoko.html,0,1,0,9
2026-05-21,https://funatsuri-yoso.com/fish_area/shirogisu-oiso.html,0,2,0,11
2026-05-21,https://funatsuri-yoso.com/fish_area/shousaifugu-iioka.html,0,1,0,9
2026-05-21,https://funatsuri-yoso.com/fish_area/shousaifugu-kashima-port.html,1,2,0.5,9
2026-05-21,https://funatsuri-yoso.com/fish_area/tachiuo-yaizu-ogawa.html,0,3,0,7.67
2026-05-21,https://funatsuri-yoso.com/fish_area/torafugu-ohara.html,0,2,0,3.5
2026-05-21,https://funatsuri-yoso.com/fish_area/warasa-hitachi.html,0,2,0,10
2026-05-21,https://funatsuri-yoso.com/fish_area/warasa-ito-tateyama.html,0,1,0,17
2026-05-21,https://funatsuri-yoso.com/fish_area/warasa-kashima-port.html,0,1,0,7
2026-05-21,https://funatsuri-yoso.com/fish_area/warasa-onagigawa.html,0,1,0,11
2026-05-21,https://funatsuri-yoso.com/fish_area/yariika-katsuura.html,0,2,0,25
2026-05-21,https://funatsuri-yoso.com/komase-sim/,0,1,0,1
2026-05-21,https://funatsuri-yoso.com/ship/choei-maru-fukuda.html,0,23,0,6.43
2026-05-21,https://funatsuri-yoso.com/ship/chowari-00332.html,0,1,0,5
2026-05-21,https://funatsuri-yoso.com/ship/chowari-00457.html,0,8,0,16.12
2026-05-21,https://funatsuri-yoso.com/ship/chowari-00740.html,0,6,0,6
2026-05-21,https://funatsuri-yoso.com/ship/chowari-00751.html,0,1,0,7
2026-05-21,https://funatsuri-yoso.com/ship/chowari-00946.html,0,1,0,10
2026-05-21,https://funatsuri-yoso.com/ship/chowari-01191.html,0,16,0,9.12
2026-05-21,https://funatsuri-yoso.com/ship/chowari-01192.html,0,2,0,8.5
2026-05-21,https://funatsuri-yoso.com/ship/chowari-01315.html,0,6,0,23.17
2026-05-21,https://funatsuri-yoso.com/ship/chowari-01369.html,0,3,0,10
2026-05-21,https://funatsuri-yoso.com/ship/chowari-01680.html,0,6,0,8
2026-05-21,https://funatsuri-yoso.com/ship/chowari-01696.html,0,31,0,8.77
2026-05-21,https://funatsuri-yoso.com/ship/hirono-maru.html,0,4,0,8.25
2026-05-21,https://funatsuri-yoso.com/ship/juroheimaru.html,0,2,0,8.5
2026-05-21,https://funatsuri-yoso.com/ship/kaio-maru.html,0,14,0,8
2026-05-21,https://funatsuri-yoso.com/ship/ko-maru-oiso.html,1,4,0.25,8.75
2026-05-21,https://funatsuri-yoso.com/ship/ko-maru.html,0,7,0,19.43
2026-05-21,https://funatsuri-yoso.com/ship/koryo-maru.html,0,3,0,19.33
2026-05-21,https://funatsuri-yoso.com/ship/kotatsu-maru.html,0,6,0,8.17
2026-05-21,https://funatsuri-yoso.com/ship/kotoku-maru.html,0,8,0,8.75
2026-05-21,https://funatsuri-yoso.com/ship/kozo-maru.html,0,20,0,8.65
2026-05-21,https://funatsuri-yoso.com/ship/onuki-maru.html,0,6,0,21.33
2026-05-21,https://funatsuri-yoso.com/ship/ryuko-maru-oohara.html,1,14,0.071429,8.71
2026-05-21,https://funatsuri-yoso.com/ship/ryusei-maru.html,0,1,0,31
2026-05-21,https://funatsuri-yoso.com/ship/seisho-maru.html,0,3,0,9.67
2026-05-21,https://funatsuri-yoso.com/ship/suharaya.html,0,6,0,15.17
2026-05-21,https://funatsuri-yoso.com/ship/yuko-maru-iioka.html,0,4,0,13.75
2026-05-22,https://funatsuri-yoso.com/,0,11,0,14.82
2026-05-22,https://funatsuri-yoso.com/area/amatsu.html,0,5,0,8.6
2026-05-22,https://funatsuri-yoso.com/area/chigasaki-oki.html,0,1,0,4
2026-05-22,https://funatsuri-yoso.com/area/chigasaki.html,0,4,0,9
2026-05-22,https://funatsuri-yoso.com/area/hitachi-kuji.html,0,1,0,10
2026-05-22,https://funatsuri-yoso.com/area/hota-oki.html,0,3,0,12
2026-05-22,https://funatsuri-yoso.com/area/ninomiya-oki.html,0,1,0,18
2026-05-22,https://funatsuri-yoso.com/area/oarai.html,0,4,0,7.75
2026-05-22,https://funatsuri-yoso.com/area/sarushima-oki.html,0,1,0,3
2026-05-22,https://funatsuri-yoso.com/area/usami.html,0,2,0,6.5
2026-05-22,https://funatsuri-yoso.com/fish/,0,1,0,11
2026-05-22,https://funatsuri-yoso.com/fish/%E3%82%AB%E3%82%A4%E3%83%AF%E3%83%AA.html,0,1,0,1
2026-05-22,https://funatsuri-yoso.com/fish/aji.html,0,8,0,9.75
2026-05-22,https://funatsuri-yoso.com/fish/bishi-aji.html,1,6,0.166667,9.33
2026-05-22,https://funatsuri-yoso.com/fish/hirame.html,0,4,0,7.75
2026-05-22,https://funatsuri-yoso.com/fish/isaki.html,0,7,0,9.14
2026-05-22,https://funatsuri-yoso.com/fish/madai.html,0,2,0,4
2026-05-22,https://funatsuri-yoso.com/fish/maruika.html,0,5,0,8
2026-05-22,https://funatsuri-yoso.com/fish/mugiika.html,0,1,0,9
2026-05-22,https://funatsuri-yoso.com/fish/tachiuo.html,0,2,0,9.5
2026-05-22,https://funatsuri-yoso.com/fish/warasa.html,0,1,0,9
2026-05-22,https://funatsuri-yoso.com/fish/yariika.html,0,6,0,6.17
2026-05-22,https://funatsuri-yoso.com/fish_area/aji-%E6%A8%AA%E6%B5%9C%E6%B8%AF.html,0,1,0,14
2026-05-22,https://funatsuri-yoso.com/fish_area/aji-arari.html,0,1,0,8
2026-05-22,https://funatsuri-yoso.com/fish_area/aji-enoura.html,0,1,0,6
2026-05-22,https://funatsuri-yoso.com/fish_area/aji-kanazawa-hakkei-otomo.html,0,1,0,11
2026-05-22,https://funatsuri-yoso.com/fish_area/aji-kashima-port.html,0,4,0,8.25
2026-05-22,https://funatsuri-yoso.com/fish_area/aji-sajima.html,0,1,0,8
2026-05-22,https://funatsuri-yoso.com/fish_area/anago-hachimanbashi.html,0,2,0,10.5
2026-05-22,https://funatsuri-yoso.com/fish_area/aoriika-nagai.html,0,1,0,11
2026-05-22,https://funatsuri-yoso.com/fish_area/aoriika-sajima.html,0,2,0,5.5
2026-05-22,https://funatsuri-yoso.com/fish_area/ara-togawa.html,0,2,0,7
2026-05-22,https://funatsuri-yoso.com/fish_area/bishi-aji-kanaya.html,0,1,0,5
2026-05-22,https://funatsuri-yoso.com/fish_area/hata-iioka.html,0,1,0,5
2026-05-22,https://funatsuri-yoso.com/fish_area/hirame-%E5%B9%B3%E5%A1%9A%E6%BC%81%E6%B8%AF.html,0,1,0,9
2026-05-22,https://funatsuri-yoso.com/fish_area/hirame-iioka.html,0,3,0,14.67
2026-05-22,https://funatsuri-yoso.com/fish_area/hirame-samezu-katsushima.html,0,2,0,5
2026-05-22,https://funatsuri-yoso.com/fish_area/hirame-shimoda.html,0,1,0,6
2026-05-22,https://funatsuri-yoso.com/fish_area/houbou-hasaki.html,0,1,0,11
2026-05-22,https://funatsuri-yoso.com/fish_area/inada-oarai.html,0,1,0,10
2026-05-22,https://funatsuri-yoso.com/fish_area/isaki-katakai.html,0,1,0,11
2026-05-22,https://funatsuri-yoso.com/fish_area/isaki-kuryo.html,0,1,0,59
2026-05-22,https://funatsuri-yoso.com/fish_area/isaki-manazuru-port.html,0,1,0,3
2026-05-22,https://funatsuri-yoso.com/fish_area/isaki-sunza-marina.html,0,1,0,21
2026-05-22,https://funatsuri-yoso.com/fish_area/kamasu-hiratsuka.html,0,1,0,10
2026-05-22,https://funatsuri-yoso.com/fish_area/karei-samezu-katsushima.html,0,1,0,6
2026-05-22,https://funatsuri-yoso.com/fish_area/kasago-hayakawa.html,0,1,0,11
2026-05-22,https://funatsuri-yoso.com/fish_area/kasago-kashima-port.html,0,3,0,9.33
2026-05-22,https://funatsuri-yoso.com/fish_area/kintoki-ajiro-port.html,0,1,0,18
2026-05-22,https://funatsuri-yoso.com/fish_area/kintoki-kashima-port.html,0,1,0,10
2026-05-22,https://funatsuri-yoso.com/fish_area/kurodai-nomigawa.html,0,1,0,14
2026-05-22,https://funatsuri-yoso.com/fish_area/kuromutsu-odawara-hayakawa.html,0,1,0,21
2026-05-22,https://funatsuri-yoso.com/fish_area/madai-%E5%B9%B3%E5%A1%9A%E6%BC%81%E6%B8%AF.html,0,2,0,7
2026-05-22,https://funatsuri-yoso.com/fish_area/madai-hachimanbashi.html,0,1,0,7
2026-05-22,https://funatsuri-yoso.com/fish_area/madai-hitachi-kuji.html,0,1,0,11
2026-05-22,https://funatsuri-yoso.com/fish_area/madai-katase-gyoko.html,0,1,0,7
2026-05-22,https://funatsuri-yoso.com/fish_area/madai-matsuwa-maguchi.html,0,1,0,55
2026-05-22,https://funatsuri-yoso.com/fish_area/madai-ohara.html,0,3,0,17
2026-05-22,https://funatsuri-yoso.com/fish_area/magochi-kiba.html,0,1,0,8
2026-05-22,https://funatsuri-yoso.com/fish_area/mahata-kashima-port.html,0,1,0,7
2026-05-22,https://funatsuri-yoso.com/fish_area/mebaru-kuji.html,0,1,0,9
2026-05-22,https://funatsuri-yoso.com/fish_area/mugiika-enoura.html,0,2,0,14
2026-05-22,https://funatsuri-yoso.com/fish_area/mugiika-kuryo.html,0,1,0,7
2026-05-22,https://funatsuri-yoso.com/fish_area/mugiika-odawara-shinko.html,0,2,0,8
2026-05-22,https://funatsuri-yoso.com/fish_area/onikasago-hiratsuka.html,0,1,0,13
2026-05-22,https://funatsuri-yoso.com/fish_area/shima-aji-teishi.html,0,3,0,11.67
2026-05-22,https://funatsuri-yoso.com/fish_area/shirogisu-oiso.html,0,1,0,5
2026-05-22,https://funatsuri-yoso.com/fish_area/shirogisu-samezu-katsushima.html,1,2,0.5,5.5
2026-05-22,https://funatsuri-yoso.com/fish_area/shousaifugu-iioka.html,0,1,0,6
2026-05-22,https://funatsuri-yoso.com/fish_area/shousaifugu-kanazawa-gyoko.html,0,1,0,11
2026-05-22,https://funatsuri-yoso.com/fish_area/shousaifugu-kashima-port.html,0,1,0,10
2026-05-22,https://funatsuri-yoso.com/fish_area/tachiuo-kiba.html,0,1,0,6
2026-05-22,https://funatsuri-yoso.com/fish_area/warasa-%E8%91%89%E5%B1%B1%E7%94%BA%E8%91%89%E5%B1%B1%E9%90%99%E6%91%BA%E6%B8%AF.html,0,1,0,11
2026-05-22,https://funatsuri-yoso.com/fish_area/warasa-kashima-port.html,0,1,0,7
2026-05-22,https://funatsuri-yoso.com/fish_area/warasa-onagigawa.html,0,1,0,3
2026-05-22,https://funatsuri-yoso.com/fish_area/yariika-katsuura.html,0,1,0,55
2026-05-22,https://funatsuri-yoso.com/ship/akihiro-maru.html,0,3,0,7.33
2026-05-22,https://funatsuri-yoso.com/ship/choei-maru-fukuda.html,0,21,0,6.86
2026-05-22,https://funatsuri-yoso.com/ship/chowari-00457.html,0,5,0,11.8
2026-05-22,https://funatsuri-yoso.com/ship/chowari-00740.html,0,3,0,6.33
2026-05-22,https://funatsuri-yoso.com/ship/chowari-00751.html,0,1,0,9
2026-05-22,https://funatsuri-yoso.com/ship/chowari-00939.html,0,1,0,5
2026-05-22,https://funatsuri-yoso.com/ship/chowari-00946.html,0,1,0,8
2026-05-22,https://funatsuri-yoso.com/ship/chowari-01191.html,0,3,0,9.33
2026-05-22,https://funatsuri-yoso.com/ship/chowari-01315.html,0,5,0,11.4
2026-05-22,https://funatsuri-yoso.com/ship/chowari-01369.html,0,2,0,9
2026-05-22,https://funatsuri-yoso.com/ship/chowari-01680.html,0,7,0,7.57
2026-05-22,https://funatsuri-yoso.com/ship/chowari-01696.html,0,10,0,10
2026-05-22,https://funatsuri-yoso.com/ship/daisan-shoei-maru.html,0,1,0,15
2026-05-22,https://funatsuri-yoso.com/ship/hirono-maru.html,0,1,0,9
2026-05-22,https://funatsuri-yoso.com/ship/kaio-maru.html,0,10,0,8
2026-05-22,https://funatsuri-yoso.com/ship/kanjiro-maru.html,0,1,0,8
2026-05-22,https://funatsuri-yoso.com/ship/ko-maru-oiso.html,0,3,0,13.67
2026-05-22,https://funatsuri-yoso.com/ship/ko-maru.html,0,6,0,7.83
2026-05-22,https://funatsuri-yoso.com/ship/koryo-maru.html,0,1,0,12
2026-05-22,https://funatsuri-yoso.com/ship/kotatsu-maru.html,0,3,0,10
2026-05-22,https://funatsuri-yoso.com/ship/kotoku-maru.html,0,11,0,10.18
2026-05-22,https://funatsuri-yoso.com/ship/kozo-maru.html,0,52,0,8.42
2026-05-22,https://funatsuri-yoso.com/ship/onuki-maru.html,0,1,0,11
2026-05-22,https://funatsuri-yoso.com/ship/rieiei-maru.html,0,2,0,14
2026-05-22,https://funatsuri-yoso.com/ship/ryuko-maru-oohara.html,0,10,0,9.6
2026-05-22,https://funatsuri-yoso.com/ship/seisho-maru.html,0,10,0,9.1
2026-05-22,https://funatsuri-yoso.com/ship/suharaya.html,0,2,0,10
2026-05-22,https://funatsuri-yoso.com/ship/yuko-maru-iioka.html,0,1,0,8
2026-05-23,https://funatsuri-yoso.com/,0,19,0,7.42
2026-05-23,https://funatsuri-yoso.com/area/ajiro.html,0,1,0,19
2026-05-23,https://funatsuri-yoso.com/area/amatsu.html,0,3,0,8.67
2026-05-23,https://funatsuri-yoso.com/area/chigasaki.html,0,2,0,12
2026-05-23,https://funatsuri-yoso.com/area/hitachi-kuji.html,0,1,0,4
2026-05-23,https://funatsuri-yoso.com/area/oarai.html,0,4,0,9.25
2026-05-23,https://funatsuri-yoso.com/area/shin-imaibashi.html,0,1,0,7
2026-05-23,https://funatsuri-yoso.com/fish/aji.html,0,11,0,8.36
2026-05-23,https://funatsuri-yoso.com/fish/anago.html,0,2,0,12
2026-05-23,https://funatsuri-yoso.com/fish/bishi-aji.html,0,1,0,10
2026-05-23,https://funatsuri-yoso.com/fish/hirame.html,0,4,0,8
2026-05-23,https://funatsuri-yoso.com/fish/isaki.html,0,6,0,7.17
2026-05-23,https://funatsuri-yoso.com/fish/kanpachi.html,0,2,0,5
2026-05-23,https://funatsuri-yoso.com/fish/kuromutsu.html,0,1,0,9
2026-05-23,https://funatsuri-yoso.com/fish/madai.html,0,2,0,12.5
2026-05-23,https://funatsuri-yoso.com/fish/maruika.html,0,7,0,10.71
2026-05-23,https://funatsuri-yoso.com/fish/mugiika.html,0,3,0,9.67
2026-05-23,https://funatsuri-yoso.com/fish/seabass.html,0,1,0,11
2026-05-23,https://funatsuri-yoso.com/fish/shirogisu.html,0,1,0,10
2026-05-23,https://funatsuri-yoso.com/fish/tachiuo.html,0,1,0,7
2026-05-23,https://funatsuri-yoso.com/fish/yariika.html,0,5,0,9.6
2026-05-23,https://funatsuri-yoso.com/fish_area/%E3%83%8F%E3%82%BC-shinagawa-bori.html,0,1,0,5
2026-05-23,https://funatsuri-yoso.com/fish_area/aji-enoura.html,0,5,0,9.2
2026-05-23,https://funatsuri-yoso.com/fish_area/hanadai-kuryo.html,0,1,0,14
2026-05-23,https://funatsuri-yoso.com/fish_area/hata-iioka.html,0,1,0,11
2026-05-23,https://funatsuri-yoso.com/fish_area/inada-kashima.html,0,1,0,4
2026-05-23,https://funatsuri-yoso.com/fish_area/inada-oarai.html,0,2,0,6
2026-05-23,https://funatsuri-yoso.com/fish_area/isaki-katakai.html,2,4,0.5,10.25
2026-05-23,https://funatsuri-yoso.com/fish_area/kaiwari-hiratsuka.html,0,1,0,19
2026-05-23,https://funatsuri-yoso.com/fish_area/kamasu-hiratsuka.html,0,1,0,6
2026-05-23,https://funatsuri-yoso.com/fish_area/karei-iioka.html,0,2,0,33
2026-05-23,https://funatsuri-yoso.com/fish_area/kasago-koshigoe.html,0,1,0,6
2026-05-23,https://funatsuri-yoso.com/fish_area/kinmedai-%E8%91%89%E5%B1%B1%E7%94%BA%E8%91%89%E5%B1%B1%E9%90%99%E6%91%BA%E6%B8%AF.html,0,1,0,6
2026-05-23,https://funatsuri-yoso.com/fish_area/kurodai-katase-gyoko.html,0,1,0,3
2026-05-23,https://funatsuri-yoso.com/fish_area/kurodai-yokohama.html,0,1,0,21
2026-05-23,https://funatsuri-yoso.com/fish_area/kuromutsu-kurihama.html,0,1,0,1
2026-05-23,https://funatsuri-yoso.com/fish_area/madai-hitachi-kuji.html,0,1,0,11
2026-05-23,https://funatsuri-yoso.com/fish_area/madai-ohara.html,0,3,0,13
2026-05-23,https://funatsuri-yoso.com/fish_area/mugiika-hayama-abuzuri.html,0,1,0,6
2026-05-23,https://funatsuri-yoso.com/fish_area/shima-aji-teishi.html,0,4,0,6.25
2026-05-23,https://funatsuri-yoso.com/fish_area/shirogisu-kanazawa-hakkei-hirakata.html,0,1,0,7
2026-05-23,https://funatsuri-yoso.com/fish_area/shousaifugu-iioka.html,0,1,0,11
2026-05-23,https://funatsuri-yoso.com/fish_area/tachiuo-yaizu-ogawa.html,0,1,0,10
2026-05-23,https://funatsuri-yoso.com/fish_area/yariika-katsuura.html,0,1,0,9
2026-05-23,https://funatsuri-yoso.com/ship/akihiro-maru.html,0,8,0,7.88
2026-05-23,https://funatsuri-yoso.com/ship/choei-maru-fukuda.html,0,7,0,7
2026-05-23,https://funatsuri-yoso.com/ship/chowari-00457.html,0,6,0,12.67
2026-05-23,https://funatsuri-yoso.com/ship/chowari-00740.html,1,9,0.111111,7.33
2026-05-23,https://funatsuri-yoso.com/ship/chowari-00751.html,0,7,0,10.43
2026-05-23,https://funatsuri-yoso.com/ship/chowari-01191.html,0,1,0,9
2026-05-23,https://funatsuri-yoso.com/ship/chowari-01680.html,1,16,0.0625,8.81
2026-05-23,https://funatsuri-yoso.com/ship/chowari-01696.html,0,19,0,9.42
2026-05-23,https://funatsuri-yoso.com/ship/daisan-shoei-maru.html,0,1,0,9
2026-05-23,https://funatsuri-yoso.com/ship/juroheimaru.html,0,1,0,8
2026-05-23,https://funatsuri-yoso.com/ship/kaio-maru.html,0,10,0,8
2026-05-23,https://funatsuri-yoso.com/ship/kanjiro-maru.html,0,1,0,9
2026-05-23,https://funatsuri-yoso.com/ship/ko-maru-oiso.html,0,4,0,9.75
2026-05-23,https://funatsuri-yoso.com/ship/ko-maru.html,0,13,0,13.46
2026-05-23,https://funatsuri-yoso.com/ship/kotatsu-maru.html,0,5,0,8.8
2026-05-23,https://funatsuri-yoso.com/ship/kotoku-maru.html,0,8,0,10.5
2026-05-23,https://funatsuri-yoso.com/ship/kozo-maru.html,0,46,0,9.3
2026-05-23,https://funatsuri-yoso.com/ship/onuki-maru.html,0,2,0,15
2026-05-23,https://funatsuri-yoso.com/ship/rieiei-maru.html,0,2,0,8.5
2026-05-23,https://funatsuri-yoso.com/ship/ryuko-maru-oohara.html,0,3,0,8
2026-05-23,https://funatsuri-yoso.com/ship/ryusei-maru.html,0,1,0,6
2026-05-23,https://funatsuri-yoso.com/ship/seisho-maru.html,0,3,0,10
2026-05-23,https://funatsuri-yoso.com/ship/suharaya.html,0,3,0,18.67
2026-05-24,https://funatsuri-yoso.com/,0,12,0,14.75
2026-05-24,https://funatsuri-yoso.com/area/amatsu.html,0,3,0,9
2026-05-24,https://funatsuri-yoso.com/area/chigasaki.html,0,3,0,4.67
2026-05-24,https://funatsuri-yoso.com/area/hasaki-shinko.html,1,1,1,7
2026-05-24,https://funatsuri-yoso.com/area/hayama-abuzuri.html,0,1,0,4
2026-05-24,https://funatsuri-yoso.com/area/hitachi-kuji.html,0,3,0,7
2026-05-24,https://funatsuri-yoso.com/area/nagai-shinjuku.html,0,1,0,24
2026-05-24,https://funatsuri-yoso.com/area/numazu-shizuura.html,0,1,0,8
2026-05-24,https://funatsuri-yoso.com/area/oarai.html,0,3,0,9.67
2026-05-24,https://funatsuri-yoso.com/area/yokohama-honmoku.html,0,1,0,7
2026-05-24,https://funatsuri-yoso.com/fish/,0,1,0,10
2026-05-24,https://funatsuri-yoso.com/fish/aji.html,0,12,0,14.25
2026-05-24,https://funatsuri-yoso.com/fish/akamutsu.html,0,1,0,11
2026-05-24,https://funatsuri-yoso.com/fish/anago.html,0,3,0,11
2026-05-24,https://funatsuri-yoso.com/fish/bishi-aji.html,0,1,0,9
2026-05-24,https://funatsuri-yoso.com/fish/hanadai.html,0,1,0,10
2026-05-24,https://funatsuri-yoso.com/fish/hirame.html,0,8,0,7.38
2026-05-24,https://funatsuri-yoso.com/fish/isaki.html,0,7,0,10.14
2026-05-24,https://funatsuri-yoso.com/fish/kanpachi.html,0,3,0,10.67
2026-05-24,https://funatsuri-yoso.com/fish/kuromutsu.html,0,2,0,7.5
2026-05-24,https://funatsuri-yoso.com/fish/madai.html,0,2,0,11.5
2026-05-24,https://funatsuri-yoso.com/fish/maruika.html,2,12,0.166667,8.67
2026-05-24,https://funatsuri-yoso.com/fish/seabass.html,0,2,0,8.5
2026-05-24,https://funatsuri-yoso.com/fish/tachiuo.html,0,4,0,8.25
2026-05-24,https://funatsuri-yoso.com/fish/warasa.html,0,2,0,3
2026-05-24,https://funatsuri-yoso.com/fish/yariika.html,0,6,0,9.33
2026-05-24,https://funatsuri-yoso.com/fish_area/abura-bouzu-hasaki.html,0,2,0,12
2026-05-24,https://funatsuri-yoso.com/fish_area/aji-%E5%B9%B3%E5%A1%9A%E6%BC%81%E6%B8%AF.html,0,1,0,12
2026-05-24,https://funatsuri-yoso.com/fish_area/aji-yokohama-honmoku.html,0,1,0,18
2026-05-24,https://funatsuri-yoso.com/fish_area/anago-kanazawa-gyoko.html,0,1,0,5
2026-05-24,https://funatsuri-yoso.com/fish_area/fugu-%E5%B9%B3%E5%A1%9A%E6%BC%81%E6%B8%AF.html,0,1,0,2
2026-05-24,https://funatsuri-yoso.com/fish_area/hirame-samezu-katsushima.html,0,1,0,6
2026-05-24,https://funatsuri-yoso.com/fish_area/inada-kashima.html,0,1,0,3
2026-05-24,https://funatsuri-yoso.com/fish_area/isaki-katakai.html,1,9,0.111111,9.22
2026-05-24,https://funatsuri-yoso.com/fish_area/isaki-shimizu.html,0,1,0,15
2026-05-24,https://funatsuri-yoso.com/fish_area/kaiwari-hiratsuka.html,0,1,0,11
2026-05-24,https://funatsuri-yoso.com/fish_area/kasago-rokugo-suimon.html,0,1,0,43
2026-05-24,https://funatsuri-yoso.com/fish_area/kasago-sajima.html,0,1,0,2
2026-05-24,https://funatsuri-yoso.com/fish_area/kasago-toda-shizuoka.html,0,1,0,8
2026-05-24,https://funatsuri-yoso.com/fish_area/kasago-tsuribashi.html,0,1,0,12
2026-05-24,https://funatsuri-yoso.com/fish_area/kinmedai-teishi.html,0,1,0,4
2026-05-24,https://funatsuri-yoso.com/fish_area/kurodai-kurihama.html,0,1,0,7
2026-05-24,https://funatsuri-yoso.com/fish_area/kurodai-yokohama.html,0,1,0,6
2026-05-24,https://funatsuri-yoso.com/fish_area/madai-hiragata.html,0,1,0,9
2026-05-24,https://funatsuri-yoso.com/fish_area/madai-hiratsuka.html,0,1,0,7
2026-05-24,https://funatsuri-yoso.com/fish_area/madai-hitachi-kuji.html,0,3,0,8
2026-05-24,https://funatsuri-yoso.com/fish_area/madako-futtsu.html,0,1,0,18
2026-05-24,https://funatsuri-yoso.com/fish_area/mahata-imai-suimon.html,0,1,0,8
2026-05-24,https://funatsuri-yoso.com/fish_area/shiira-hiratsuka.html,0,1,0,5
2026-05-24,https://funatsuri-yoso.com/fish_area/tachiuo-edogawa.html,0,1,0,10
2026-05-24,https://funatsuri-yoso.com/fish_area/tachiuo-yaizu-ogawa.html,0,1,0,11
2026-05-24,https://funatsuri-yoso.com/ship/akihiro-maru.html,0,3,0,9
2026-05-24,https://funatsuri-yoso.com/ship/chowari-00332.html,0,1,0,78
2026-05-24,https://funatsuri-yoso.com/ship/chowari-00457.html,0,1,0,6
2026-05-24,https://funatsuri-yoso.com/ship/chowari-00740.html,0,3,0,17.67
2026-05-24,https://funatsuri-yoso.com/ship/chowari-00751.html,0,5,0,9
2026-05-24,https://funatsuri-yoso.com/ship/chowari-01192.html,0,1,0,8
2026-05-24,https://funatsuri-yoso.com/ship/chowari-01241.html,0,1,0,9
2026-05-24,https://funatsuri-yoso.com/ship/chowari-01680.html,0,1,0,8
2026-05-24,https://funatsuri-yoso.com/ship/chowari-01696.html,0,2,0,8.5
2026-05-24,https://funatsuri-yoso.com/ship/kaio-maru.html,0,3,0,9
2026-05-24,https://funatsuri-yoso.com/ship/kanjiro-maru.html,0,6,0,9.17
2026-05-24,https://funatsuri-yoso.com/ship/ko-maru.html,0,21,0,12.76
2026-05-24,https://funatsuri-yoso.com/ship/kozo-maru.html,0,20,0,9.45
2026-05-24,https://funatsuri-yoso.com/ship/kyoei-maru.html,0,2,0,11.5
2026-05-24,https://funatsuri-yoso.com/ship/onuki-maru.html,0,1,0,10
2026-05-24,https://funatsuri-yoso.com/ship/ryuko-maru-oohara.html,0,7,0,8
2026-05-24,https://funatsuri-yoso.com/ship/suharaya.html,0,4,0,11.25
2026-05-24,https://funatsuri-yoso.com/ship/yamaten-maru.html,0,4,0,18.25
2026-05-25,https://funatsuri-yoso.com/,0,13,0,8.85
2026-05-25,https://funatsuri-yoso.com/area/amatsu.html,0,2,0,7.5
2026-05-25,https://funatsuri-yoso.com/area/chigasaki.html,0,2,0,6.5
2026-05-25,https://funatsuri-yoso.com/area/hitachi-kuji.html,0,1,0,15
2026-05-25,https://funatsuri-yoso.com/area/kannonzaki-oki.html,0,2,0,11
2026-05-25,https://funatsuri-yoso.com/area/nagai-shinjuku.html,0,6,0,10.83
2026-05-25,https://funatsuri-yoso.com/area/oarai.html,1,1,1,15
2026-05-25,https://funatsuri-yoso.com/fish/,0,1,0,10
2026-05-25,https://funatsuri-yoso.com/fish/%E3%82%AB%E3%82%B5%E3%82%B4.html,0,1,0,6
2026-05-25,https://funatsuri-yoso.com/fish/aji.html,0,8,0,9.5
2026-05-25,https://funatsuri-yoso.com/fish/anago.html,0,1,0,12
2026-05-25,https://funatsuri-yoso.com/fish/hanadai.html,0,3,0,4.33
2026-05-25,https://funatsuri-yoso.com/fish/hirame.html,0,2,0,10
2026-05-25,https://funatsuri-yoso.com/fish/isaki.html,0,2,0,4.5
2026-05-25,https://funatsuri-yoso.com/fish/kanpachi.html,0,2,0,3
2026-05-25,https://funatsuri-yoso.com/fish/kuromutsu.html,0,2,0,9
2026-05-25,https://funatsuri-yoso.com/fish/maruika.html,0,13,0,10.77
2026-05-25,https://funatsuri-yoso.com/fish/shirogisu.html,0,2,0,8
2026-05-25,https://funatsuri-yoso.com/fish/tachiuo.html,0,4,0,2.75
2026-05-25,https://funatsuri-yoso.com/fish/yariika.html,0,4,0,10.5
2026-05-25,https://funatsuri-yoso.com/fish_area/aji-kanaya.html,0,3,0,15.33
2026-05-25,https://funatsuri-yoso.com/fish_area/amadai-hasaki.html,0,1,0,10
2026-05-25,https://funatsuri-yoso.com/fish_area/anago-hachimanbashi.html,0,1,0,12
2026-05-25,https://funatsuri-yoso.com/fish_area/bishi-aji-kanaya.html,0,1,0,5
2026-05-25,https://funatsuri-yoso.com/fish_area/hanadai-kuryo.html,0,2,0,12
2026-05-25,https://funatsuri-yoso.com/fish_area/hata-kuryo.html,0,1,0,12
2026-05-25,https://funatsuri-yoso.com/fish_area/hirame-samezu-katsushima.html,0,1,0,8
2026-05-25,https://funatsuri-yoso.com/fish_area/inada-kashima.html,0,1,0,5
2026-05-25,https://funatsuri-yoso.com/fish_area/inada-oarai.html,0,1,0,15
2026-05-25,https://funatsuri-yoso.com/fish_area/isaki-katakai.html,0,2,0,11.5
2026-05-25,https://funatsuri-yoso.com/fish_area/ishimochi-tsuribashi.html,0,2,0,8
2026-05-25,https://funatsuri-yoso.com/fish_area/kaiwari-arari.html,0,1,0,53
2026-05-25,https://funatsuri-yoso.com/fish_area/kasago-shimoda.html,0,4,0,9.25
2026-05-25,https://funatsuri-yoso.com/fish_area/madai-hitachi-kuji.html,0,1,0,8
2026-05-25,https://funatsuri-yoso.com/fish_area/madai-omaezaki.html,0,1,0,1
2026-05-25,https://funatsuri-yoso.com/fish_area/tachiuo-yaizu-ogawa.html,0,2,0,10
2026-05-25,https://funatsuri-yoso.com/fish_area/yariika-katsuura-kawazu.html,0,1,0,7
2026-05-25,https://funatsuri-yoso.com/ship/amasakeya-maru.html,0,1,0,22
2026-05-25,https://funatsuri-yoso.com/ship/chowari-00740.html,0,9,0,17.22
2026-05-25,https://funatsuri-yoso.com/ship/funayado-iwata.html,0,1,0,8
2026-05-25,https://funatsuri-yoso.com/ship/ko-maru.html,0,26,0,9.58
2026-05-25,https://funatsuri-yoso.com/ship/onuki-maru.html,0,1,0,7
2026-05-25,https://funatsuri-yoso.com/ship/suharaya.html,0,1,0,42
2026-05-25,https://funatsuri-yoso.com/ship/yamaten-maru.html,0,5,0,11.4
2026-05-26,https://funatsuri-yoso.com/,1,6,0.166667,14.83
2026-05-26,https://funatsuri-yoso.com/area/,0,1,0,77
2026-05-26,https://funatsuri-yoso.com/area/ajiro.html,0,1,0,30
2026-05-26,https://funatsuri-yoso.com/area/amatsu.html,0,4,0,13.25
2026-05-26,https://funatsuri-yoso.com/area/chigasaki.html,0,3,0,7
2026-05-26,https://funatsuri-yoso.com/area/hitachi-kuji.html,0,1,0,16
2026-05-26,https://funatsuri-yoso.com/area/katsuura.html,0,2,0,12
2026-05-26,https://funatsuri-yoso.com/area/nagai-shinjuku.html,0,4,0,9.75
2026-05-26,https://funatsuri-yoso.com/area/oarai.html,0,3,0,15.67
2026-05-26,https://funatsuri-yoso.com/area/senju-ohashi.html,0,1,0,1
2026-05-26,https://funatsuri-yoso.com/area/shin-imaibashi.html,0,1,0,9
2026-05-26,https://funatsuri-yoso.com/fish/,0,4,0,7.75
2026-05-26,https://funatsuri-yoso.com/fish/aji.html,0,14,0,9.79
2026-05-26,https://funatsuri-yoso.com/fish/akamutsu.html,0,1,0,6
2026-05-26,https://funatsuri-yoso.com/fish/bishi-aji.html,0,2,0,4.5
2026-05-26,https://funatsuri-yoso.com/fish/hiramasa.html,0,1,0,11
2026-05-26,https://funatsuri-yoso.com/fish/hirame.html,0,8,0,6.25
2026-05-26,https://funatsuri-yoso.com/fish/isaki.html,1,3,0.333333,9
2026-05-26,https://funatsuri-yoso.com/fish/kanpachi.html,0,2,0,11
2026-05-26,https://funatsuri-yoso.com/fish/kuromutsu.html,0,3,0,7
2026-05-26,https://funatsuri-yoso.com/fish/madai.html,0,4,0,11
2026-05-26,https://funatsuri-yoso.com/fish/maruika.html,0,2,0,23.5
2026-05-26,https://funatsuri-yoso.com/fish/mugiika.html,0,1,0,2
2026-05-26,https://funatsuri-yoso.com/fish/seabass.html,0,1,0,6
2026-05-26,https://funatsuri-yoso.com/fish/shirogisu.html,0,1,0,17
2026-05-26,https://funatsuri-yoso.com/fish/tachiuo.html,0,1,0,23
2026-05-26,https://funatsuri-yoso.com/fish/yariika.html,0,2,0,10
2026-05-26,https://funatsuri-yoso.com/fish_area/%E3%83%8F%E3%82%BC-shinagawa-bori.html,0,1,0,5
2026-05-26,https://funatsuri-yoso.com/fish_area/aoriika-sajima.html,0,1,0,14
2026-05-26,https://funatsuri-yoso.com/fish_area/hanadai-kashima.html,0,1,0,23
2026-05-26,https://funatsuri-yoso.com/fish_area/hanadai-kuryo.html,0,1,0,12
2026-05-26,https://funatsuri-yoso.com/fish_area/inada-kashima.html,0,2,0,9
2026-05-26,https://funatsuri-yoso.com/fish_area/isaki-aihama.html,1,1,1,11
2026-05-26,https://funatsuri-yoso.com/fish_area/isaki-katakai.html,0,3,0,37.33
2026-05-26,https://funatsuri-yoso.com/fish_area/isaki-shimizu.html,0,1,0,11
2026-05-26,https://funatsuri-yoso.com/fish_area/ishidai-sunza-marina.html,0,1,0,11
2026-05-26,https://funatsuri-yoso.com/fish_area/kaiwari-arari.html,0,1,0,10
2026-05-26,https://funatsuri-yoso.com/fish_area/kaiwari-hiratsuka.html,0,3,0,8.67
2026-05-26,https://funatsuri-yoso.com/fish_area/kaiwari-usami.html,0,1,0,11
2026-05-26,https://funatsuri-yoso.com/fish_area/kasago-hachimanbashi.html,0,1,0,8
2026-05-26,https://funatsuri-yoso.com/fish_area/kasago-shizuura.html,1,1,1,4
2026-05-26,https://funatsuri-yoso.com/fish_area/kurodai-%E5%B9%B3%E5%A1%9A%E6%BC%81%E6%B8%AF.html,0,1,0,9
2026-05-26,https://funatsuri-yoso.com/fish_area/kuromutsu-atami-port.html,0,1,0,10
2026-05-26,https://funatsuri-yoso.com/fish_area/madai-hitachi-kuji.html,0,1,0,13
2026-05-26,https://funatsuri-yoso.com/fish_area/madai-sunosaki.html,0,2,0,8
2026-05-26,https://funatsuri-yoso.com/fish_area/maruika-kamoi-omuro.html,0,2,0,11
2026-05-26,https://funatsuri-yoso.com/fish_area/shima-aji-aihama.html,0,1,0,11
2026-05-26,https://funatsuri-yoso.com/fish_area/shirogisu-hayakawa.html,0,3,0,8.33
2026-05-26,https://funatsuri-yoso.com/fish_area/surumeika-odawara-hayakawa.html,1,2,0.5,7
2026-05-26,https://funatsuri-yoso.com/fish_area/tachiuo-edogawa.html,0,1,0,6
2026-05-26,https://funatsuri-yoso.com/fish_area/tachiuo-koshiba.html,0,2,0,9
2026-05-26,https://funatsuri-yoso.com/fish_area/tachiuo-yaizu-ogawa.html,0,1,0,9
2026-05-26,https://funatsuri-yoso.com/fish_area/warasa-%E9%B9%BF%E5%B6%8B%E6%97%A7%E6%B8%AF.html,0,1,0,12
2026-05-26,https://funatsuri-yoso.com/ship/chigasaki-maru.html,0,1,0,8
2026-05-26,https://funatsuri-yoso.com/ship/daini-tsuretaka-maru.html,0,1,0,10
2026-05-26,https://funatsuri-yoso.com/ship/daisan-kariyushi-maru.html,0,8,0,7
2026-05-26,https://funatsuri-yoso.com/ship/dengoro-maru.html,0,5,0,13.6
2026-05-26,https://funatsuri-yoso.com/ship/fukada-masao-maru.html,0,2,0,11
2026-05-26,https://funatsuri-yoso.com/ship/fukagawa-yoshinoya.html,0,1,0,8
2026-05-26,https://funatsuri-yoso.com/ship/funayado-sawaura.html,0,1,0,6
2026-05-26,https://funatsuri-yoso.com/ship/gishin-maru.html,0,2,0,11.5
2026-05-26,https://funatsuri-yoso.com/ship/hitachi-maru.html,0,1,0,8
2026-05-26,https://funatsuri-yoso.com/ship/ikatsu-maru.html,0,5,0,9.8
2026-05-26,https://funatsuri-yoso.com/ship/ikeda-maru.html,0,1,0,4
2026-05-26,https://funatsuri-yoso.com/ship/kamoshita-maru-kawana.html,0,5,0,10.2
2026-05-26,https://funatsuri-yoso.com/ship/kanjiro-maru.html,0,1,0,8
2026-05-26,https://funatsuri-yoso.com/ship/ko-maru.html,0,28,0,9.68
2026-05-26,https://funatsuri-yoso.com/ship/koryo-maru.html,0,1,0,11
2026-05-26,https://funatsuri-yoso.com/ship/kyoei-maru.html,0,1,0,11
2026-05-26,https://funatsuri-yoso.com/ship/onuki-maru.html,0,4,0,23.5
2026-05-26,https://funatsuri-yoso.com/ship/riki-maru.html,0,1,0,10
2026-05-26,https://funatsuri-yoso.com/ship/sashima-kairakuen.html,0,1,0,9
2026-05-26,https://funatsuri-yoso.com/ship/sentose-maru.html,0,1,0,7
2026-05-26,https://funatsuri-yoso.com/ship/shohachi-maru.html,0,3,0,14.67
2026-05-26,https://funatsuri-yoso.com/ship/suharaya.html,1,1,1,36
2026-05-26,https://funatsuri-yoso.com/ship/suzuki-maru-ajiro.html,0,5,0,8.4
2026-05-26,https://funatsuri-yoso.com/ship/tetsuo-maru.html,0,3,0,9.33
2026-05-26,https://funatsuri-yoso.com/ship/yamaten-maru.html,0,4,0,9.75
2026-05-26,https://funatsuri-yoso.com/ship/yusei-maru-katase.html,0,1,0,8
2026-05-27,https://funatsuri-yoso.com/,0,6,0,14.83
2026-05-27,https://funatsuri-yoso.com/area/ajiro.html,0,1,0,9
2026-05-27,https://funatsuri-yoso.com/area/atami-port.html,0,1,0,8
2026-05-27,https://funatsuri-yoso.com/area/fukuda.html,0,1,0,10
2026-05-27,https://funatsuri-yoso.com/area/hitachi-kuji.html,0,1,0,14
2026-05-27,https://funatsuri-yoso.com/area/kannonzaki-oki.html,1,2,0.5,8
2026-05-27,https://funatsuri-yoso.com/area/manazuru-port.html,0,2,0,7
2026-05-27,https://funatsuri-yoso.com/area/nagai-shinjuku.html,0,11,0,8.73
2026-05-27,https://funatsuri-yoso.com/area/oarai.html,0,1,0,144
2026-05-27,https://funatsuri-yoso.com/area/toda-shizuoka.html,0,2,0,6.5
2026-05-27,https://funatsuri-yoso.com/area/yokosuka-oki.html,0,1,0,11
2026-05-27,https://funatsuri-yoso.com/fish/,0,2,0,8
2026-05-27,https://funatsuri-yoso.com/fish/aji.html,1,5,0.2,7.2
2026-05-27,https://funatsuri-yoso.com/fish/akamutsu.html,0,1,0,3
2026-05-27,https://funatsuri-yoso.com/fish/hirame.html,0,7,0,6.86
2026-05-27,https://funatsuri-yoso.com/fish/isaki.html,0,2,0,11.5
2026-05-27,https://funatsuri-yoso.com/fish/kanpachi.html,0,5,0,8
2026-05-27,https://funatsuri-yoso.com/fish/kuromutsu.html,0,2,0,7.5
2026-05-27,https://funatsuri-yoso.com/fish/madai.html,0,1,0,5
2026-05-27,https://funatsuri-yoso.com/fish/maruika.html,0,9,0,10.33
2026-05-27,https://funatsuri-yoso.com/fish/mugiika.html,0,7,0,8.57
2026-05-27,https://funatsuri-yoso.com/fish/shirogisu.html,0,6,0,8
2026-05-27,https://funatsuri-yoso.com/fish/tachiuo.html,0,8,0,10.12
2026-05-27,https://funatsuri-yoso.com/fish/warasa.html,0,2,0,7.5
2026-05-27,https://funatsuri-yoso.com/fish/yariika.html,0,8,0,11.5
2026-05-27,https://funatsuri-yoso.com/fish_area/%E3%83%8F%E3%82%BC-shinagawa-bori.html,0,2,0,5.5
2026-05-27,https://funatsuri-yoso.com/fish_area/aji-kanaya.html,0,2,0,10
2026-05-27,https://funatsuri-yoso.com/fish_area/aji-kanazawa-gyoko.html,0,1,0,4
2026-05-27,https://funatsuri-yoso.com/fish_area/bishi-aji-hiratsuka.html,0,2,0,8.5
2026-05-27,https://funatsuri-yoso.com/fish_area/fugu-kashima-port.html,0,1,0,10
2026-05-27,https://funatsuri-yoso.com/fish_area/hirame-kashima.html,0,1,0,11
2026-05-27,https://funatsuri-yoso.com/fish_area/inada-kashima.html,0,1,0,7
2026-05-27,https://funatsuri-yoso.com/fish_area/inada-koshigoe.html,0,1,0,17
2026-05-27,https://funatsuri-yoso.com/fish_area/inada-kuji.html,0,1,0,6
2026-05-27,https://funatsuri-yoso.com/fish_area/isaki-arari.html,0,1,0,7
2026-05-27,https://funatsuri-yoso.com/fish_area/isaki-katsuura.html,0,2,0,9
2026-05-27,https://funatsuri-yoso.com/fish_area/isaki-sajima.html,1,1,1,9
2026-05-27,https://funatsuri-yoso.com/fish_area/isaki-yaizu.html,0,1,0,3
2026-05-27,https://funatsuri-yoso.com/fish_area/kamasu-hiratsuka.html,0,1,0,5
2026-05-27,https://funatsuri-yoso.com/fish_area/kanpachi-teishi.html,0,1,0,13
2026-05-27,https://funatsuri-yoso.com/fish_area/madai-%E9%B9%BF%E5%B6%8B%E6%97%A7%E6%B8%AF.html,0,1,0,15
2026-05-27,https://funatsuri-yoso.com/fish_area/madai-enoura.html,0,1,0,9
2026-05-27,https://funatsuri-yoso.com/fish_area/madai-ohara.html,0,1,0,10
2026-05-27,https://funatsuri-yoso.com/fish_area/madai-omaezaki.html,0,1,0,8
2026-05-27,https://funatsuri-yoso.com/fish_area/madako-futtsu.html,0,1,0,2
2026-05-27,https://funatsuri-yoso.com/fish_area/magochi-samezu-katsushima.html,0,1,0,7
2026-05-27,https://funatsuri-yoso.com/fish_area/shirogisu-tsuribashi.html,0,1,0,10
2026-05-27,https://funatsuri-yoso.com/fish_area/surumeika-odawara-hayakawa.html,0,2,0,8
2026-05-27,https://funatsuri-yoso.com/ship/benten-maru.html,0,2,0,8
2026-05-27,https://funatsuri-yoso.com/ship/bo-maru.html,0,1,0,11
2026-05-27,https://funatsuri-yoso.com/ship/chigasaki-maru.html,0,2,0,17
2026-05-27,https://funatsuri-yoso.com/ship/chowari-01696.html,0,1,0,11
2026-05-27,https://funatsuri-yoso.com/ship/daini-tsuretaka-maru.html,0,2,0,8
2026-05-27,https://funatsuri-yoso.com/ship/daisan-kariyushi-maru.html,0,5,0,7
2026-05-27,https://funatsuri-yoso.com/ship/dengoro-maru.html,0,4,0,10
2026-05-27,https://funatsuri-yoso.com/ship/fukagawa-fujimi.html,0,1,0,7
2026-05-27,https://funatsuri-yoso.com/ship/gishin-maru.html,0,1,0,9
2026-05-27,https://funatsuri-yoso.com/ship/hamasei-maru.html,0,3,0,6.67
2026-05-27,https://funatsuri-yoso.com/ship/hayabusa-maru-shiba.html,0,1,0,7
2026-05-27,https://funatsuri-yoso.com/ship/hitachi-maru.html,0,1,0,11
2026-05-27,https://funatsuri-yoso.com/ship/kamoshita-maru-kawana.html,0,1,0,7
2026-05-27,https://funatsuri-yoso.com/ship/katsumi-maru.html,0,5,0,10.2
2026-05-27,https://funatsuri-yoso.com/ship/ko-maru.html,0,1,0,37
2026-05-27,https://funatsuri-yoso.com/ship/kotobuki-maru.html,0,3,0,14
2026-05-27,https://funatsuri-yoso.com/ship/kurokawa-honke-kurihama.html,0,2,0,13.5
2026-05-27,https://funatsuri-yoso.com/ship/kyoei-maru.html,0,1,0,9
2026-05-27,https://funatsuri-yoso.com/ship/kyuju-maru.html,0,1,0,30
2026-05-27,https://funatsuri-yoso.com/ship/minami-tsuribune.html,0,2,0,10.5
2026-05-27,https://funatsuri-yoso.com/ship/naoshige-maru.html,0,1,0,15
2026-05-27,https://funatsuri-yoso.com/ship/narigin-maru.html,0,2,0,24.5
2026-05-27,https://funatsuri-yoso.com/ship/onuki-maru.html,0,3,0,10
2026-05-27,https://funatsuri-yoso.com/ship/riki-maru.html,0,7,0,15.14
2026-05-27,https://funatsuri-yoso.com/ship/sanjiro-maru.html,0,1,0,10
2026-05-27,https://funatsuri-yoso.com/ship/sashima-kairakuen.html,0,1,0,11
2026-05-27,https://funatsuri-yoso.com/ship/seiei-maru.html,0,2,0,6
2026-05-27,https://funatsuri-yoso.com/ship/shintoku-maru.html,0,3,0,8.67
2026-05-27,https://funatsuri-yoso.com/ship/shohachi-maru.html,0,2,0,9.5
2026-05-27,https://funatsuri-yoso.com/ship/suharaya.html,0,1,0,7
2026-05-27,https://funatsuri-yoso.com/ship/suzuki-maru-ajiro.html,0,7,0,9.43
2026-05-27,https://funatsuri-yoso.com/ship/tetsuo-maru.html,0,3,0,9
2026-05-27,https://funatsuri-yoso.com/ship/tsune-maru.html,0,1,0,10
2026-05-27,https://funatsuri-yoso.com/ship/tsuribune-tsuru.html,0,3,0,7.67
2026-05-27,https://funatsuri-yoso.com/ship/yamaten-maru.html,0,8,0,11.38
2026-05-27,https://funatsuri-yoso.com/ship/yusei-maru-katase.html,0,1,0,8
2026-05-28,https://funatsuri-yoso.com/,0,8,0,18
2026-05-28,https://funatsuri-yoso.com/area/,0,1,0,12
2026-05-28,https://funatsuri-yoso.com/area/amatsu.html,0,6,0,11
2026-05-28,https://funatsuri-yoso.com/area/atami-port.html,0,1,0,5
2026-05-28,https://funatsuri-yoso.com/area/chigasaki-oki.html,0,1,0,11
2026-05-28,https://funatsuri-yoso.com/area/chigasaki.html,0,2,0,7
2026-05-28,https://funatsuri-yoso.com/area/fukuda.html,0,1,0,6
2026-05-28,https://funatsuri-yoso.com/area/hitachi-kuji.html,0,1,0,16
2026-05-28,https://funatsuri-yoso.com/area/kisarazu-oki.html,0,1,0,12
2026-05-28,https://funatsuri-yoso.com/area/kuryo.html,0,1,0,11
2026-05-28,https://funatsuri-yoso.com/area/manazuru-port.html,0,1,0,11
2026-05-28,https://funatsuri-yoso.com/area/nagai-shinjuku.html,0,3,0,10
2026-05-28,https://funatsuri-yoso.com/area/oarai.html,0,1,0,8
2026-05-28,https://funatsuri-yoso.com/area/yokosuka-oki.html,0,2,0,8
2026-05-28,https://funatsuri-yoso.com/fish/,0,4,0,9
2026-05-28,https://funatsuri-yoso.com/fish/%E3%83%8F%E3%82%BC.html,0,1,0,10
2026-05-28,https://funatsuri-yoso.com/fish/aji.html,0,6,0,9.67
2026-05-28,https://funatsuri-yoso.com/fish/bishi-aji.html,0,2,0,6.5
2026-05-28,https://funatsuri-yoso.com/fish/hirame.html,0,1,0,10
2026-05-28,https://funatsuri-yoso.com/fish/isaki.html,0,3,0,11.33
2026-05-28,https://funatsuri-yoso.com/fish/madai.html,0,1,0,9
2026-05-28,https://funatsuri-yoso.com/fish/maruika.html,0,8,0,10.88
2026-05-28,https://funatsuri-yoso.com/fish/mugiika.html,0,2,0,12
2026-05-28,https://funatsuri-yoso.com/fish/shirogisu.html,0,4,0,8.25
2026-05-28,https://funatsuri-yoso.com/fish/tachiuo.html,0,9,0,10.89
2026-05-28,https://funatsuri-yoso.com/fish/warasa.html,1,4,0.25,10.5
2026-05-28,https://funatsuri-yoso.com/fish/yariika.html,0,3,0,7
2026-05-28,https://funatsuri-yoso.com/fish_area/aji-kanaya.html,0,1,0,8
2026-05-28,https://funatsuri-yoso.com/fish_area/aji-kanazawa-hakkei-hirakata.html,0,1,0,4
2026-05-28,https://funatsuri-yoso.com/fish_area/aoriika-sajima.html,0,3,0,9
2026-05-28,https://funatsuri-yoso.com/fish_area/bishi-aji-hiratsuka.html,0,1,0,3
2026-05-28,https://funatsuri-yoso.com/fish_area/hiramasa-kashima.html,0,1,0,12
2026-05-28,https://funatsuri-yoso.com/fish_area/inada-koshigoe.html,0,1,0,16
2026-05-28,https://funatsuri-yoso.com/fish_area/inada-oarai.html,0,1,0,8
2026-05-28,https://funatsuri-yoso.com/fish_area/kasago-toda-shizuoka.html,0,2,0,12.5
2026-05-28,https://funatsuri-yoso.com/fish_area/kintoki-ohara.html,0,2,0,8.5
2026-05-28,https://funatsuri-yoso.com/fish_area/madai-%E5%A4%A7%E6%B4%97%E7%94%BA%E5%A4%A7%E6%B4%97%E6%B8%AF.html,0,1,0,11
2026-05-28,https://funatsuri-yoso.com/fish_area/madai-%E9%B9%BF%E5%B6%8B%E6%97%A7%E6%B8%AF.html,0,1,0,11
2026-05-28,https://funatsuri-yoso.com/fish_area/maruika-sajima.html,0,1,0,10
2026-05-28,https://funatsuri-yoso.com/fish_area/onikasago-hiratsuka.html,0,2,0,28.5
2026-05-28,https://funatsuri-yoso.com/fish_area/shirogisu-tsuribashi.html,0,1,0,12
2026-05-28,https://funatsuri-yoso.com/fish_area/surumeika-odawara-hayakawa.html,0,1,0,10
2026-05-28,https://funatsuri-yoso.com/fish_area/tachiuo-yaizu-ogawa.html,0,3,0,11.67
2026-05-28,https://funatsuri-yoso.com/fish_area/warasa-oiso.html,0,1,0,8
2026-05-28,https://funatsuri-yoso.com/ship/akihiro-maru.html,0,1,0,6
2026-05-28,https://funatsuri-yoso.com/ship/benten-maru.html,0,6,0,7.33
2026-05-28,https://funatsuri-yoso.com/ship/bo-maru.html,0,4,0,27.75
2026-05-28,https://funatsuri-yoso.com/ship/chigasaki-maru.html,0,2,0,10.5
2026-05-28,https://funatsuri-yoso.com/ship/chowari-01241.html,0,4,0,12.75
2026-05-28,https://funatsuri-yoso.com/ship/chowari-01696.html,0,1,0,11
2026-05-28,https://funatsuri-yoso.com/ship/daini-tsuretaka-maru.html,0,3,0,9
2026-05-28,https://funatsuri-yoso.com/ship/daisan-kariyushi-maru.html,0,7,0,7
2026-05-28,https://funatsuri-yoso.com/ship/daisan-shoei-maru.html,0,1,0,6
2026-05-28,https://funatsuri-yoso.com/ship/dengoro-maru.html,0,4,0,10
2026-05-28,https://funatsuri-yoso.com/ship/fukada-masao-maru.html,0,5,0,13.4
2026-05-28,https://funatsuri-yoso.com/ship/fukagawa-fujimi.html,0,1,0,22
2026-05-28,https://funatsuri-yoso.com/ship/fukagawa-yoshinoya.html,0,2,0,11.5
2026-05-28,https://funatsuri-yoso.com/ship/hamasei-maru.html,0,2,0,7
2026-05-28,https://funatsuri-yoso.com/ship/hirai-maru.html,0,1,0,2
2026-05-28,https://funatsuri-yoso.com/ship/hitachi-maru.html,0,3,0,17.67
2026-05-28,https://funatsuri-yoso.com/ship/ikatsu-maru.html,0,4,0,24.75
2026-05-28,https://funatsuri-yoso.com/ship/kamoshita-maru-kawana.html,0,1,0,7
2026-05-28,https://funatsuri-yoso.com/ship/katsumi-maru.html,0,8,0,9.62
2026-05-28,https://funatsuri-yoso.com/ship/kikyu-maru.html,0,1,0,29
2026-05-28,https://funatsuri-yoso.com/ship/kobayashi-maru.html,0,2,0,9.5
2026-05-28,https://funatsuri-yoso.com/ship/kyuju-maru.html,0,3,0,29
2026-05-28,https://funatsuri-yoso.com/ship/minami-tsuribune.html,0,2,0,4.5
2026-05-28,https://funatsuri-yoso.com/ship/muramoto-kaiji.html,0,3,0,8.33
2026-05-28,https://funatsuri-yoso.com/ship/onuki-maru.html,0,3,0,38
2026-05-28,https://funatsuri-yoso.com/ship/oyama-maru.html,1,1,1,6
2026-05-28,https://funatsuri-yoso.com/ship/riki-maru.html,0,1,0,11
2026-05-28,https://funatsuri-yoso.com/ship/sashima-kairakuen.html,0,4,0,14
2026-05-28,https://funatsuri-yoso.com/ship/seiei-maru.html,0,4,0,14.5
2026-05-28,https://funatsuri-yoso.com/ship/seisho-maru.html,0,1,0,8
2026-05-28,https://funatsuri-yoso.com/ship/sentose-maru.html,0,1,0,8
2026-05-28,https://funatsuri-yoso.com/ship/shintoku-maru.html,0,1,0,7
2026-05-28,https://funatsuri-yoso.com/ship/shohachi-maru.html,0,1,0,11
2026-05-28,https://funatsuri-yoso.com/ship/suharaya.html,0,3,0,19.67
2026-05-28,https://funatsuri-yoso.com/ship/suzuki-maru-ajiro.html,0,2,0,10
2026-05-28,https://funatsuri-yoso.com/ship/tetsuo-maru.html,0,4,0,10.5
2026-05-28,https://funatsuri-yoso.com/ship/tsuribune-tsuru.html,0,3,0,8
2026-05-28,https://funatsuri-yoso.com/ship/tsurihana-maru-seekers.html,0,5,0,21.6
2026-05-28,https://funatsuri-yoso.com/ship/ueda-maru.html,0,3,0,28.33
2026-05-28,https://funatsuri-yoso.com/ship/uptide-cruise.html,0,1,0,16
2026-05-28,https://funatsuri-yoso.com/ship/yamaten-maru.html,0,12,0,11.25
2026-05-28,https://funatsuri-yoso.com/ship/yusei-maru-katase.html,0,2,0,10.5
2026-05-29,https://funatsuri-yoso.com/,0,5,0,13.6
2026-05-29,https://funatsuri-yoso.com/area/amatsu.html,0,6,0,14.17
2026-05-29,https://funatsuri-yoso.com/area/chigasaki.html,0,3,0,15.33
2026-05-29,https://funatsuri-yoso.com/area/fukuda.html,0,1,0,9
2026-05-29,https://funatsuri-yoso.com/area/hiratsuka-oki.html,0,1,0,10
2026-05-29,https://funatsuri-yoso.com/area/hitachi-kuji.html,0,1,0,8
2026-05-29,https://funatsuri-yoso.com/area/manazuru-port.html,0,1,0,12
2026-05-29,https://funatsuri-yoso.com/area/nagai-shinjuku.html,0,4,0,10.5
2026-05-29,https://funatsuri-yoso.com/area/nomigawa.html,0,1,0,5
2026-05-29,https://funatsuri-yoso.com/area/oarai.html,0,3,0,9.67
2026-05-29,https://funatsuri-yoso.com/area/shimoda.html,0,1,0,7
2026-05-29,https://funatsuri-yoso.com/area/yokohama-honmoku.html,0,1,0,8
2026-05-29,https://funatsuri-yoso.com/fish/,0,3,0,9.33
2026-05-29,https://funatsuri-yoso.com/fish/abura-bouzu.html,0,1,0,3
2026-05-29,https://funatsuri-yoso.com/fish/aji.html,0,8,0,8.88
2026-05-29,https://funatsuri-yoso.com/fish/akamutsu.html,0,1,0,10
2026-05-29,https://funatsuri-yoso.com/fish/ara.html,0,2,0,6
2026-05-29,https://funatsuri-yoso.com/fish/hirame.html,0,4,0,8.75
2026-05-29,https://funatsuri-yoso.com/fish/isaki.html,0,7,0,7.86
2026-05-29,https://funatsuri-yoso.com/fish/kanpachi.html,0,5,0,6.6
2026-05-29,https://funatsuri-yoso.com/fish/kuromutsu.html,0,1,0,15
2026-05-29,https://funatsuri-yoso.com/fish/madai.html,0,1,0,11
2026-05-29,https://funatsuri-yoso.com/fish/maruika.html,0,15,0,10.2
2026-05-29,https://funatsuri-yoso.com/fish/shima-aji.html,0,2,0,12
2026-05-29,https://funatsuri-yoso.com/fish/shirogisu.html,0,4,0,8.25
2026-05-29,https://funatsuri-yoso.com/fish/tachiuo.html,0,9,0,9.89
2026-05-29,https://funatsuri-yoso.com/fish/warasa.html,0,5,0,6.8
2026-05-29,https://funatsuri-yoso.com/fish/yariika.html,0,3,0,10.67
2026-05-29,https://funatsuri-yoso.com/fish_area/aji-atami-port.html,0,1,0,10
2026-05-29,https://funatsuri-yoso.com/fish_area/aji-kanaya.html,0,2,0,9.5
2026-05-29,https://funatsuri-yoso.com/fish_area/aoriika-hiratsuka.html,0,1,0,11
2026-05-29,https://funatsuri-yoso.com/fish_area/ara-%E6%B1%9F%E8%A6%8B%E6%BC%81%E6%B8%AF.html,0,1,0,11
2026-05-29,https://funatsuri-yoso.com/fish_area/hanadai-kuryo.html,0,2,0,11.5
2026-05-29,https://funatsuri-yoso.com/fish_area/hata-kuryo.html,0,1,0,9
2026-05-29,https://funatsuri-yoso.com/fish_area/hata-nagai-shinjuku.html,0,1,0,6
2026-05-29,https://funatsuri-yoso.com/fish_area/hiramasa-omaezaki.html,0,1,0,3
2026-05-29,https://funatsuri-yoso.com/fish_area/hirame-ohara.html,0,2,0,11.5
2026-05-29,https://funatsuri-yoso.com/fish_area/hirame-shimoda.html,0,2,0,11
2026-05-29,https://funatsuri-yoso.com/fish_area/inada-%E9%B9%BF%E5%B6%8B%E6%96%B0%E6%B8%AF.html,0,1,0,10
2026-05-29,https://funatsuri-yoso.com/fish_area/inada-koshigoe.html,0,1,0,1
2026-05-29,https://funatsuri-yoso.com/fish_area/isaki-katakai.html,0,1,0,10
2026-05-29,https://funatsuri-yoso.com/fish_area/isaki-ohara.html,1,2,0.5,18.5
2026-05-29,https://funatsuri-yoso.com/fish_area/ishidai-omaezaki.html,0,1,0,21
2026-05-29,https://funatsuri-yoso.com/fish_area/madai-enoura.html,0,1,0,12
2026-05-29,https://funatsuri-yoso.com/fish_area/mahata-sajima.html,0,1,0,9
2026-05-29,https://funatsuri-yoso.com/fish_area/mebaru-nakaminato.html,0,1,0,9
2026-05-29,https://funatsuri-yoso.com/fish_area/onikasago-hiratsuka.html,0,2,0,11
2026-05-29,https://funatsuri-yoso.com/fish_area/seabass-edogawa.html,0,1,0,12
2026-05-29,https://funatsuri-yoso.com/fish_area/seabass-kiba.html,0,1,0,7
2026-05-29,https://funatsuri-yoso.com/fish_area/shima-aji-ito-shi.html,0,1,0,8
2026-05-29,https://funatsuri-yoso.com/fish_area/shima-aji-shimoda.html,0,1,0,8
2026-05-29,https://funatsuri-yoso.com/fish_area/shirogisu-oiso.html,0,1,0,5
2026-05-29,https://funatsuri-yoso.com/fish_area/tachiuo-yaizu-ogawa.html,0,1,0,12
2026-05-29,https://funatsuri-yoso.com/fish_area/warasa-%E9%B9%BF%E5%B6%8B%E6%97%A7%E6%B8%AF.html,0,2,0,8.5
2026-05-29,https://funatsuri-yoso.com/ship/amasakeya-maru.html,0,1,0,22
2026-05-29,https://funatsuri-yoso.com/ship/benten-maru.html,0,5,0,7.8
2026-05-29,https://funatsuri-yoso.com/ship/blue-dragon.html,0,1,0,8
2026-05-29,https://funatsuri-yoso.com/ship/bo-maru.html,0,3,0,10.33
2026-05-29,https://funatsuri-yoso.com/ship/chigasaki-maru.html,0,1,0,32
2026-05-29,https://funatsuri-yoso.com/ship/daini-tsuretaka-maru.html,0,3,0,12.33
2026-05-29,https://funatsuri-yoso.com/ship/daisan-kariyushi-maru.html,0,4,0,6.75
2026-05-29,https://funatsuri-yoso.com/ship/daisan-shoei-maru.html,0,1,0,10
2026-05-29,https://funatsuri-yoso.com/ship/dengoro-maru.html,0,2,0,13.5
2026-05-29,https://funatsuri-yoso.com/ship/funayado-mameya.html,0,2,0,8
2026-05-29,https://funatsuri-yoso.com/ship/hamasei-maru.html,0,5,0,7.2
2026-05-29,https://funatsuri-yoso.com/ship/hayabusa-maru-shiba.html,0,1,0,31
2026-05-29,https://funatsuri-yoso.com/ship/hirai-maru.html,0,2,0,55
2026-05-29,https://funatsuri-yoso.com/ship/hirono-maru.html,0,1,0,9
2026-05-29,https://funatsuri-yoso.com/ship/hitachi-maru.html,0,4,0,34.75
2026-05-29,https://funatsuri-yoso.com/ship/ikatsu-maru.html,1,1,1,24
2026-05-29,https://funatsuri-yoso.com/ship/kanjiro-maru.html,0,2,0,8
2026-05-29,https://funatsuri-yoso.com/ship/katsumi-maru.html,0,5,0,10
2026-05-29,https://funatsuri-yoso.com/ship/kikyu-maru.html,0,1,0,18
2026-05-29,https://funatsuri-yoso.com/ship/koei-maru-yaizu.html,0,4,0,6
2026-05-29,https://funatsuri-yoso.com/ship/kyoei-maru.html,0,3,0,8
2026-05-29,https://funatsuri-yoso.com/ship/kyuju-maru.html,0,2,0,9
2026-05-29,https://funatsuri-yoso.com/ship/maruyu.html,0,1,0,3
2026-05-29,https://funatsuri-yoso.com/ship/naoshige-maru.html,0,1,0,31
2026-05-29,https://funatsuri-yoso.com/ship/nintoku-maru.html,0,1,0,12
2026-05-29,https://funatsuri-yoso.com/ship/onuki-maru.html,0,1,0,11
2026-05-29,https://funatsuri-yoso.com/ship/riki-maru.html,0,3,0,9.67
2026-05-29,https://funatsuri-yoso.com/ship/sanjiro-maru.html,0,1,0,10
2026-05-29,https://funatsuri-yoso.com/ship/sashima-kairakuen.html,0,1,0,20
2026-05-29,https://funatsuri-yoso.com/ship/seisho-maru.html,0,4,0,8.25
2026-05-29,https://funatsuri-yoso.com/ship/sentose-maru.html,0,2,0,7
2026-05-29,https://funatsuri-yoso.com/ship/shimakichi-maru.html,0,1,0,10
2026-05-29,https://funatsuri-yoso.com/ship/shintoku-maru.html,0,1,0,7
2026-05-29,https://funatsuri-yoso.com/ship/suzuki-maru-ajiro.html,0,4,0,10
2026-05-29,https://funatsuri-yoso.com/ship/tetsuo-maru.html,0,4,0,8.75
2026-05-29,https://funatsuri-yoso.com/ship/tsuribune-tsuru.html,0,1,0,8
2026-05-29,https://funatsuri-yoso.com/ship/tsuyoshi-maru.html,1,1,1,2
2026-05-29,https://funatsuri-yoso.com/ship/yamaten-maru.html,0,12,0,11
2026-05-29,https://funatsuri-yoso.com/ship/yuko-maru-iioka.html,0,1,0,10
2026-05-30,https://funatsuri-yoso.com/,0,5,0,14.2
2026-05-30,https://funatsuri-yoso.com/area/amatsu.html,0,2,0,8
2026-05-30,https://funatsuri-yoso.com/area/arari.html,0,1,0,6
2026-05-30,https://funatsuri-yoso.com/area/chigasaki.html,0,3,0,11.33
2026-05-30,https://funatsuri-yoso.com/area/fukuda.html,0,4,0,6.25
2026-05-30,https://funatsuri-yoso.com/area/hitachi-kuji.html,0,2,0,7.5
2026-05-30,https://funatsuri-yoso.com/area/iioka.html,0,2,0,15
2026-05-30,https://funatsuri-yoso.com/area/ito-shi.html,0,1,0,8
2026-05-30,https://funatsuri-yoso.com/area/kamoi-oki.html,0,1,0,11
2026-05-30,https://funatsuri-yoso.com/area/katakai.html,0,9,0,8.78
2026-05-30,https://funatsuri-yoso.com/area/manazuru-port.html,0,2,0,6
2026-05-30,https://funatsuri-yoso.com/area/nagai-shinjuku.html,0,2,0,11
2026-05-30,https://funatsuri-yoso.com/area/oarai.html,1,12,0.083333,9.67
2026-05-30,https://funatsuri-yoso.com/area/odawara-oki.html,0,1,0,10
2026-05-30,https://funatsuri-yoso.com/area/ohara.html,0,4,0,14.75
2026-05-30,https://funatsuri-yoso.com/area/sajima.html,0,2,0,8
2026-05-30,https://funatsuri-yoso.com/area/shin-imaibashi.html,0,1,0,8
2026-05-30,https://funatsuri-yoso.com/area/yokosuka-oki.html,0,2,0,13
2026-05-30,https://funatsuri-yoso.com/fish/,0,1,0,9
2026-05-30,https://funatsuri-yoso.com/fish/aji.html,0,5,0,9
2026-05-30,https://funatsuri-yoso.com/fish/akamutsu.html,0,2,0,9.5
2026-05-30,https://funatsuri-yoso.com/fish/aoriika.html,0,4,0,6.5
2026-05-30,https://funatsuri-yoso.com/fish/ara.html,0,1,0,9
2026-05-30,https://funatsuri-yoso.com/fish/hanadai.html,0,3,0,8
2026-05-30,https://funatsuri-yoso.com/fish/hirame.html,0,3,0,10.67
2026-05-30,https://funatsuri-yoso.com/fish/inada.html,0,4,0,6.75
2026-05-30,https://funatsuri-yoso.com/fish/kanpachi.html,0,7,0,9.71
2026-05-30,https://funatsuri-yoso.com/fish/madai.html,0,1,0,10
2026-05-30,https://funatsuri-yoso.com/fish/maruika.html,0,4,0,11
2026-05-30,https://funatsuri-yoso.com/fish/shima-aji.html,1,8,0.125,8.75
2026-05-30,https://funatsuri-yoso.com/fish/shirogisu.html,0,1,0,8
2026-05-30,https://funatsuri-yoso.com/fish/sumiika.html,0,1,0,12
2026-05-30,https://funatsuri-yoso.com/fish/tachiuo.html,0,8,0,11.25
2026-05-30,https://funatsuri-yoso.com/fish/torafugu.html,0,1,0,5
2026-05-30,https://funatsuri-yoso.com/fish/yariika.html,0,7,0,10.57
2026-05-30,https://funatsuri-yoso.com/fish_area/aji-atami-port.html,0,1,0,9
2026-05-30,https://funatsuri-yoso.com/fish_area/aji-ito-shi.html,0,1,0,21
2026-05-30,https://funatsuri-yoso.com/fish_area/aji-manazuru-port.html,0,1,0,10
2026-05-30,https://funatsuri-yoso.com/fish_area/aji-ohara.html,0,1,0,12
2026-05-30,https://funatsuri-yoso.com/fish_area/aji-sajima.html,0,1,0,7
2026-05-30,https://funatsuri-yoso.com/fish_area/akamutsu-hiragata.html,0,1,0,11
2026-05-30,https://funatsuri-yoso.com/fish_area/aoriika-hiratsuka.html,1,1,1,10
2026-05-30,https://funatsuri-yoso.com/fish_area/ara-iioka.html,0,1,0,19
2026-05-30,https://funatsuri-yoso.com/fish_area/buri-shimoda.html,0,2,0,7.5
2026-05-30,https://funatsuri-yoso.com/fish_area/fugu-kashima-port.html,0,1,0,12
2026-05-30,https://funatsuri-yoso.com/fish_area/hanadai-kashima.html,0,1,0,7
2026-05-30,https://funatsuri-yoso.com/fish_area/hirame-%E8%91%89%E5%B1%B1%E7%94%BA%E8%91%89%E5%B1%B1%E9%90%99%E6%91%BA%E6%B8%AF.html,0,1,0,7
2026-05-30,https://funatsuri-yoso.com/fish_area/hirame-ohara.html,0,1,0,12
2026-05-30,https://funatsuri-yoso.com/fish_area/inada-hitachi.html,0,1,0,8
2026-05-30,https://funatsuri-yoso.com/fish_area/isaki-atami-port.html,0,1,0,11
2026-05-30,https://funatsuri-yoso.com/fish_area/isaki-ito-shi.html,0,1,0,11
2026-05-30,https://funatsuri-yoso.com/fish_area/isaki-ohara.html,0,3,0,20
2026-05-30,https://funatsuri-yoso.com/fish_area/isaki-teishi.html,1,1,1,30
2026-05-30,https://funatsuri-yoso.com/fish_area/kanko-iioka.html,0,1,0,9
2026-05-30,https://funatsuri-yoso.com/fish_area/kasago-koshigoe.html,0,1,0,15
2026-05-30,https://funatsuri-yoso.com/fish_area/kasago-shizuura.html,0,1,0,25
2026-05-30,https://funatsuri-yoso.com/fish_area/kasago-toda-shizuoka.html,0,1,0,52
2026-05-30,https://funatsuri-yoso.com/fish_area/madai-enoura.html,0,1,0,12
2026-05-30,https://funatsuri-yoso.com/fish_area/mebaru-hayama-abuzuri.html,0,1,0,4
2026-05-30,https://funatsuri-yoso.com/fish_area/mebaru-nakaminato.html,0,1,0,9
2026-05-30,https://funatsuri-yoso.com/fish_area/mugiika-toda-shizuoka.html,0,1,0,15
2026-05-30,https://funatsuri-yoso.com/fish_area/onikasago-togawa.html,0,1,0,12
2026-05-30,https://funatsuri-yoso.com/fish_area/onikasago-usami.html,0,1,0,9
2026-05-30,https://funatsuri-yoso.com/fish_area/seabass-edogawa.html,0,1,0,10
2026-05-30,https://funatsuri-yoso.com/fish_area/shima-aji-ito-tateyama.html,1,1,1,5
2026-05-30,https://funatsuri-yoso.com/fish_area/shima-aji-shimoda.html,0,1,0,16
2026-05-30,https://funatsuri-yoso.com/fish_area/shousaifugu-iioka.html,0,1,0,5
2026-05-30,https://funatsuri-yoso.com/fish_area/tachiuo-yaizu-ogawa.html,0,1,0,11
2026-05-30,https://funatsuri-yoso.com/fish_area/warasa-ohara.html,1,1,1,15
2026-05-30,https://funatsuri-yoso.com/komase-sim/,0,2,0,5.5
2026-05-30,https://funatsuri-yoso.com/ship/baika-maru.html,0,3,0,9
2026-05-30,https://funatsuri-yoso.com/ship/benten-maru.html,0,5,0,8.4
2026-05-30,https://funatsuri-yoso.com/ship/blue-dragon.html,0,1,0,10
2026-05-30,https://funatsuri-yoso.com/ship/chigasaki-maru.html,0,1,0,6
2026-05-30,https://funatsuri-yoso.com/ship/chowari-01696.html,0,1,0,10
2026-05-30,https://funatsuri-yoso.com/ship/daini-tsuretaka-maru.html,0,1,0,10
2026-05-30,https://funatsuri-yoso.com/ship/dengoro-maru.html,0,1,0,12
2026-05-30,https://funatsuri-yoso.com/ship/funayado-mameya.html,0,2,0,9
2026-05-30,https://funatsuri-yoso.com/ship/hamasei-maru.html,0,4,0,7
2026-05-30,https://funatsuri-yoso.com/ship/hirai-maru.html,0,1,0,10
2026-05-30,https://funatsuri-yoso.com/ship/hirono-maru.html,0,3,0,8.67
2026-05-30,https://funatsuri-yoso.com/ship/hiroshimaya.html,1,1,1,15
2026-05-30,https://funatsuri-yoso.com/ship/kamedaya.html,0,1,0,11
2026-05-30,https://funatsuri-yoso.com/ship/kanjiro-maru.html,0,3,0,8.67
2026-05-30,https://funatsuri-yoso.com/ship/katsumi-maru.html,0,1,0,7
2026-05-30,https://funatsuri-yoso.com/ship/koei-maru-yaizu.html,0,4,0,8.5
2026-05-30,https://funatsuri-yoso.com/ship/koshiba-maru.html,0,1,0,8
2026-05-30,https://funatsuri-yoso.com/ship/kotatsu-maru.html,0,2,0,10
2026-05-30,https://funatsuri-yoso.com/ship/kyoei-maru.html,0,3,0,9
2026-05-30,https://funatsuri-yoso.com/ship/maruyu.html,0,1,0,13
2026-05-30,https://funatsuri-yoso.com/ship/miki-maru-tsuribuneten.html,0,1,0,11
2026-05-30,https://funatsuri-yoso.com/ship/muramoto-kaiji.html,0,1,0,8
2026-05-30,https://funatsuri-yoso.com/ship/nintoku-maru.html,0,18,0,6.78
2026-05-30,https://funatsuri-yoso.com/ship/riki-maru.html,0,1,0,11
2026-05-30,https://funatsuri-yoso.com/ship/saemi-maru.html,0,3,0,8.67
2026-05-30,https://funatsuri-yoso.com/ship/seisho-maru.html,0,2,0,8.5
2026-05-30,https://funatsuri-yoso.com/ship/shintoku-maru.html,0,4,0,5.5
2026-05-30,https://funatsuri-yoso.com/ship/suzuki-maru-ajiro.html,0,1,0,9
2026-05-30,https://funatsuri-yoso.com/ship/tetsuo-maru.html,0,2,0,8
2026-05-30,https://funatsuri-yoso.com/ship/tsuribune-tsuru.html,0,2,0,8
2026-05-30,https://funatsuri-yoso.com/ship/tsuyoshi-maru.html,0,2,0,6.5
2026-05-30,https://funatsuri-yoso.com/ship/yusei-maru-katase.html,0,2,0,10.5
2026-05-31,https://funatsuri-yoso.com/,0,4,0,16.5
2026-05-31,https://funatsuri-yoso.com/area/ajiro-port.html,0,1,0,4
2026-05-31,https://funatsuri-yoso.com/area/ajiro.html,0,1,0,10
2026-05-31,https://funatsuri-yoso.com/area/amatsu.html,0,2,0,8
2026-05-31,https://funatsuri-yoso.com/area/arari.html,0,1,0,7
2026-05-31,https://funatsuri-yoso.com/area/chigasaki.html,0,4,0,15.25
2026-05-31,https://funatsuri-yoso.com/area/iioka.html,0,6,0,8.17
2026-05-31,https://funatsuri-yoso.com/area/kanaya-oki.html,0,1,0,12
2026-05-31,https://funatsuri-yoso.com/area/kanaya.html,0,1,0,8
2026-05-31,https://funatsuri-yoso.com/area/katakai.html,0,3,0,10
2026-05-31,https://funatsuri-yoso.com/area/kenzaki-oki.html,0,1,0,4
2026-05-31,https://funatsuri-yoso.com/area/kurihama-oki.html,0,1,0,11
2026-05-31,https://funatsuri-yoso.com/area/nagai-shinjuku.html,0,1,0,10
2026-05-31,https://funatsuri-yoso.com/area/ninomiya-oki.html,0,1,0,1
2026-05-31,https://funatsuri-yoso.com/area/oarai.html,0,4,0,8.5
2026-05-31,https://funatsuri-yoso.com/area/ohara.html,0,4,0,15.5
2026-05-31,https://funatsuri-yoso.com/area/sajima.html,0,1,0,3
2026-05-31,https://funatsuri-yoso.com/area/yaizu.html,0,1,0,5
2026-05-31,https://funatsuri-yoso.com/fish/,0,2,0,11
2026-05-31,https://funatsuri-yoso.com/fish/abura-bouzu.html,0,1,0,8
2026-05-31,https://funatsuri-yoso.com/fish/aji.html,0,2,0,8.5
2026-05-31,https://funatsuri-yoso.com/fish/aoriika.html,0,2,0,7
2026-05-31,https://funatsuri-yoso.com/fish/ara.html,1,4,0.25,11.75
2026-05-31,https://funatsuri-yoso.com/fish/hanadai.html,0,3,0,8.33
2026-05-31,https://funatsuri-yoso.com/fish/hirame.html,0,6,0,8.5
2026-05-31,https://funatsuri-yoso.com/fish/inada.html,0,5,0,9.8
2026-05-31,https://funatsuri-yoso.com/fish/isaki.html,0,9,0,6.67
2026-05-31,https://funatsuri-yoso.com/fish/kanpachi.html,0,4,0,6
2026-05-31,https://funatsuri-yoso.com/fish/karei.html,0,6,0,7.67
2026-05-31,https://funatsuri-yoso.com/fish/kihada-maguro.html,0,1,0,9
2026-05-31,https://funatsuri-yoso.com/fish/kintoki.html,1,2,0.5,5
2026-05-31,https://funatsuri-yoso.com/fish/kurodai.html,0,1,0,3
2026-05-31,https://funatsuri-yoso.com/fish/kuromutsu.html,0,2,0,8
2026-05-31,https://funatsuri-yoso.com/fish/madai.html,0,1,0,4
2026-05-31,https://funatsuri-yoso.com/fish/maruika.html,0,10,0,8.3
2026-05-31,https://funatsuri-yoso.com/fish/mugiika.html,0,5,0,8.2
2026-05-31,https://funatsuri-yoso.com/fish/shima-aji.html,1,10,0.1,9
2026-05-31,https://funatsuri-yoso.com/fish/tachiuo.html,1,12,0.083333,10.67
2026-05-31,https://funatsuri-yoso.com/fish/warasa.html,0,3,0,6
2026-05-31,https://funatsuri-yoso.com/fish_area/aji-%E6%A8%AA%E6%B5%9C%E6%B8%AF.html,0,1,0,27
2026-05-31,https://funatsuri-yoso.com/fish_area/aji-kanazawa-gyoko.html,0,1,0,10
2026-05-31,https://funatsuri-yoso.com/fish_area/akamutsu-hasaki.html,0,1,0,15
2026-05-31,https://funatsuri-yoso.com/fish_area/akamutsu-hiragata.html,0,1,0,10
2026-05-31,https://funatsuri-yoso.com/fish_area/amadai-koshigoe.html,0,1,0,6
2026-05-31,https://funatsuri-yoso.com/fish_area/fugu-kanazawa-gyoko.html,0,1,0,7
2026-05-31,https://funatsuri-yoso.com/fish_area/hirame-kashima-port.html,0,1,0,11
2026-05-31,https://funatsuri-yoso.com/fish_area/hirame-samezu-katsushima.html,0,1,0,31
2026-05-31,https://funatsuri-yoso.com/fish_area/hirame-shimoda.html,0,5,0,8.8
2026-05-31,https://funatsuri-yoso.com/fish_area/isaki-ito-shi.html,0,2,0,10
2026-05-31,https://funatsuri-yoso.com/fish_area/isaki-ohara.html,0,2,0,17.5
2026-05-31,https://funatsuri-yoso.com/fish_area/isaki-shimizu.html,0,3,0,13
2026-05-31,https://funatsuri-yoso.com/fish_area/isaki-teishi.html,0,1,0,19
2026-05-31,https://funatsuri-yoso.com/fish_area/kaiwari-hiratsuka.html,1,1,1,16
2026-05-31,https://funatsuri-yoso.com/fish_area/kasago-hitachi-kuji.html,0,1,0,8
2026-05-31,https://funatsuri-yoso.com/fish_area/kasago-iioka.html,0,1,0,5
2026-05-31,https://funatsuri-yoso.com/fish_area/kasago-kashima-port.html,0,1,0,11
2026-05-31,https://funatsuri-yoso.com/fish_area/kawahagi-sajima.html,0,1,0,12
2026-05-31,https://funatsuri-yoso.com/fish_area/kinmedai-ito-shi.html,0,1,0,6
2026-05-31,https://funatsuri-yoso.com/fish_area/maruika-%E8%91%89%E5%B1%B1%E7%94%BA%E8%91%89%E5%B1%B1%E9%90%99%E6%91%BA%E6%B8%AF.html,0,1,0,10
2026-05-31,https://funatsuri-yoso.com/fish_area/mugiika-hiratsuka.html,0,2,0,3.5
2026-05-31,https://funatsuri-yoso.com/fish_area/seabass-edogawa.html,0,1,0,16
2026-05-31,https://funatsuri-yoso.com/fish_area/shima-aji-shimoda.html,0,1,0,11
2026-05-31,https://funatsuri-yoso.com/fish_area/shousaifugu-%E9%B9%BF%E5%B6%8B%E6%97%A7%E6%B8%AF.html,0,1,0,9
2026-05-31,https://funatsuri-yoso.com/fish_area/tachiuo-kurihama.html,0,1,0,10
2026-05-31,https://funatsuri-yoso.com/fish_area/yariika-katsuura-kawazu.html,0,1,0,10
2026-05-31,https://funatsuri-yoso.com/pages/about.html,0,1,0,11
2026-05-31,https://funatsuri-yoso.com/ship/amasakeya-maru.html,0,2,0,18
2026-05-31,https://funatsuri-yoso.com/ship/baika-maru.html,0,3,0,7.67
2026-05-31,https://funatsuri-yoso.com/ship/benten-maru.html,0,7,0,8
2026-05-31,https://funatsuri-yoso.com/ship/blue-dragon.html,0,3,0,10.67
2026-05-31,https://funatsuri-yoso.com/ship/chigasaki-maru.html,0,1,0,13
2026-05-31,https://funatsuri-yoso.com/ship/chowari-00751.html,0,2,0,10
2026-05-31,https://funatsuri-yoso.com/ship/chowari-01192.html,0,1,0,14
2026-05-31,https://funatsuri-yoso.com/ship/daini-tsuretaka-maru.html,0,1,0,9
2026-05-31,https://funatsuri-yoso.com/ship/dengoro-maru.html,0,2,0,10
2026-05-31,https://funatsuri-yoso.com/ship/funayado-mameya.html,0,2,0,10
2026-05-31,https://funatsuri-yoso.com/ship/hamasei-maru.html,0,2,0,7
2026-05-31,https://funatsuri-yoso.com/ship/hayashi-yusen.html,0,1,0,5
2026-05-31,https://funatsuri-yoso.com/ship/hirono-maru.html,0,1,0,9
2026-05-31,https://funatsuri-yoso.com/ship/hitachi-maru.html,0,3,0,10.67
2026-05-31,https://funatsuri-yoso.com/ship/kamedaya.html,0,3,0,15
2026-05-31,https://funatsuri-yoso.com/ship/kamoshita-maru-kawana.html,0,1,0,9
2026-05-31,https://funatsuri-yoso.com/ship/kanjiro-maru.html,0,5,0,8
2026-05-31,https://funatsuri-yoso.com/ship/katsumi-maru.html,0,2,0,7.5
2026-05-31,https://funatsuri-yoso.com/ship/koei-maru-yaizu.html,0,8,0,7.88
2026-05-31,https://funatsuri-yoso.com/ship/koryo-maru.html,0,2,0,9
2026-05-31,https://funatsuri-yoso.com/ship/koshiba-maru.html,0,7,0,9.86
2026-05-31,https://funatsuri-yoso.com/ship/kyoei-maru.html,0,1,0,3
2026-05-31,https://funatsuri-yoso.com/ship/miki-maru-tsuribuneten.html,0,2,0,12
2026-05-31,https://funatsuri-yoso.com/ship/minamiizu-chubee-maru.html,0,1,0,17
2026-05-31,https://funatsuri-yoso.com/ship/nintoku-maru.html,0,72,0,6.47
2026-05-31,https://funatsuri-yoso.com/ship/nissho-maru.html,0,1,0,9
2026-05-31,https://funatsuri-yoso.com/ship/omatsu-maru.html,0,3,0,28
2026-05-31,https://funatsuri-yoso.com/ship/riki-maru.html,0,1,0,11
2026-05-31,https://funatsuri-yoso.com/ship/saemi-maru.html,1,1,1,22
2026-05-31,https://funatsuri-yoso.com/ship/sanjiro-maru.html,0,2,0,9.5
2026-05-31,https://funatsuri-yoso.com/ship/seisho-maru.html,0,1,0,9
2026-05-31,https://funatsuri-yoso.com/ship/sentose-maru.html,0,3,0,10
2026-05-31,https://funatsuri-yoso.com/ship/shintoku-maru.html,0,4,0,6
2026-05-31,https://funatsuri-yoso.com/ship/yamaten-maru.html,0,4,0,10.5
