date,page,clicks,impressions,ctr,position
2026-08-01,https://funatsuri-yoso.com/,0,21,0,7.14
2026-08-01,https://funatsuri-yoso.com/area/aihama.html,0,3,0,3.67
2026-08-01,https://funatsuri-yoso.com/area/ajiro-port.html,1,2,0.5,6
2026-08-01,https://funatsuri-yoso.com/area/amatsu.html,0,21,0,6.9
2026-08-01,https://funatsuri-yoso.com/area/arari.html,1,3,0.333333,2.33
2026-08-01,https://funatsuri-yoso.com/area/atami-port.html,0,1,0,7
2026-08-01,https://funatsuri-yoso.com/area/chigasaki.html,0,1,0,8
2026-08-01,https://funatsuri-yoso.com/area/enoura.html,0,9,0,6.11
2026-08-01,https://funatsuri-yoso.com/area/fukuura-yugawara.html,0,3,0,10.33
2026-08-01,https://funatsuri-yoso.com/area/futtsu.html,0,15,0,14.87
2026-08-01,https://funatsuri-yoso.com/area/hasaki-shinko.html,0,5,0,6.8
2026-08-01,https://funatsuri-yoso.com/area/hasaki.html,0,1,0,5
2026-08-01,https://funatsuri-yoso.com/area/hayakawa.html,0,3,0,6
2026-08-01,https://funatsuri-yoso.com/area/heiwajima.html,0,2,0,7.5
2026-08-01,https://funatsuri-yoso.com/area/iioka.html,2,155,0.012903,6.61
2026-08-01,https://funatsuri-yoso.com/area/ito-shi.html,0,3,0,7
2026-08-01,https://funatsuri-yoso.com/area/kanaya.html,2,49,0.040816,7.02
2026-08-01,https://funatsuri-yoso.com/area/kanazawa-hakkei.html,1,5,0.2,8.2
2026-08-01,https://funatsuri-yoso.com/area/kashima.html,0,4,0,7.25
2026-08-01,https://funatsuri-yoso.com/area/katase-gyoko.html,0,1,0,8
2026-08-01,https://funatsuri-yoso.com/area/katsuura.html,1,65,0.015385,6.75
2026-08-01,https://funatsuri-yoso.com/area/kiba.html,0,1,0,6
2026-08-01,https://funatsuri-yoso.com/area/koshigoe.html,0,1,0,11
2026-08-01,https://funatsuri-yoso.com/area/kuryo.html,0,5,0,8.2
2026-08-01,https://funatsuri-yoso.com/area/nomigawa.html,0,1,0,4
2026-08-01,https://funatsuri-yoso.com/area/oarai.html,1,19,0.052632,8.37
2026-08-01,https://funatsuri-yoso.com/area/ohara.html,0,9,0,7.33
2026-08-01,https://funatsuri-yoso.com/area/sajima.html,0,2,0,8.5
2026-08-01,https://funatsuri-yoso.com/area/shimizu.html,0,3,0,13.33
2026-08-01,https://funatsuri-yoso.com/area/shizuura.html,0,14,0,11
2026-08-01,https://funatsuri-yoso.com/area/susaki.html,0,2,0,9
2026-08-01,https://funatsuri-yoso.com/area/yaizu.html,0,2,0,7.5
2026-08-01,https://funatsuri-yoso.com/calendar.html,1,9,0.111111,7.11
2026-08-01,https://funatsuri-yoso.com/fish/,0,2,0,8
2026-08-01,https://funatsuri-yoso.com/fish/abura-bouzu.html,0,2,0,6
2026-08-01,https://funatsuri-yoso.com/fish/aji.html,0,12,0,6.83
2026-08-01,https://funatsuri-yoso.com/fish/akamutsu.html,0,2,0,7
2026-08-01,https://funatsuri-yoso.com/fish/amadai.html,1,2,0.5,5.5
2026-08-01,https://funatsuri-yoso.com/fish/anago.html,0,2,0,8.5
2026-08-01,https://funatsuri-yoso.com/fish/aoriika.html,0,5,0,9.6
2026-08-01,https://funatsuri-yoso.com/fish/ara.html,0,1,0,1
2026-08-01,https://funatsuri-yoso.com/fish/hirame.html,0,4,0,7.25
2026-08-01,https://funatsuri-yoso.com/fish/houbou.html,0,1,0,6
2026-08-01,https://funatsuri-yoso.com/fish/inada.html,0,4,0,7
2026-08-01,https://funatsuri-yoso.com/fish/kanpachi.html,1,9,0.111111,8.11
2026-08-01,https://funatsuri-yoso.com/fish/kasago.html,0,1,0,14
2026-08-01,https://funatsuri-yoso.com/fish/katsuo.html,0,23,0,11.26
2026-08-01,https://funatsuri-yoso.com/fish/kawahagi.html,0,1,0,39
2026-08-01,https://funatsuri-yoso.com/fish/kihada-maguro.html,0,2,0,12.5
2026-08-01,https://funatsuri-yoso.com/fish/kinmedai.html,0,1,0,19
2026-08-01,https://funatsuri-yoso.com/fish/kintoki.html,0,1,0,8
2026-08-01,https://funatsuri-yoso.com/fish/kurodai.html,0,1,0,38
2026-08-01,https://funatsuri-yoso.com/fish/kuromutsu.html,0,1,0,10
2026-08-01,https://funatsuri-yoso.com/fish/madai.html,0,1,0,6
2026-08-01,https://funatsuri-yoso.com/fish/madako.html,0,2,0,17.5
2026-08-01,https://funatsuri-yoso.com/fish/magochi.html,0,11,0,7.09
2026-08-01,https://funatsuri-yoso.com/fish/maruika.html,0,6,0,12.83
2026-08-01,https://funatsuri-yoso.com/fish/mugiika.html,1,5,0.2,10.6
2026-08-01,https://funatsuri-yoso.com/fish/saba.html,0,1,0,7
2026-08-01,https://funatsuri-yoso.com/fish/shiira.html,0,1,0,6
2026-08-01,https://funatsuri-yoso.com/fish/shima-aji.html,0,9,0,6.78
2026-08-01,https://funatsuri-yoso.com/fish/tachiuo.html,0,23,0,13.52
2026-08-01,https://funatsuri-yoso.com/fish/warasa.html,0,2,0,4.5
2026-08-01,https://funatsuri-yoso.com/fish_area/aji-kanaya.html,0,1,0,7
2026-08-01,https://funatsuri-yoso.com/fish_area/aji-katase-gyoko.html,0,1,0,7
2026-08-01,https://funatsuri-yoso.com/fish_area/aji-oiso.html,0,1,0,10
2026-08-01,https://funatsuri-yoso.com/fish_area/aji-yokohama.html,0,4,0,7.75
2026-08-01,https://funatsuri-yoso.com/fish_area/buri-shimoda.html,0,5,0,4.2
2026-08-01,https://funatsuri-yoso.com/fish_area/fugu-kashima.html,0,1,0,8
2026-08-01,https://funatsuri-yoso.com/fish_area/fugu-urayasu.html,0,1,0,8
2026-08-01,https://funatsuri-yoso.com/fish_area/hirame-iioka.html,0,1,0,15
2026-08-01,https://funatsuri-yoso.com/fish_area/isaki-katakai.html,0,1,0,11
2026-08-01,https://funatsuri-yoso.com/fish_area/isaki-sajima.html,0,2,0,6
2026-08-01,https://funatsuri-yoso.com/fish_area/itoyori-koshigoe.html,0,1,0,9
2026-08-01,https://funatsuri-yoso.com/fish_area/kaiwari-usami.html,0,1,0,10
2026-08-01,https://funatsuri-yoso.com/fish_area/kanpachi-teishi.html,0,1,0,60
2026-08-01,https://funatsuri-yoso.com/fish_area/katsuo-odawara-hayakawa.html,0,2,0,6
2026-08-01,https://funatsuri-yoso.com/fish_area/kihada-maguro-chigasaki.html,2,2,1,4.5
2026-08-01,https://funatsuri-yoso.com/fish_area/kihada-maguro-nagai.html,0,4,0,7
2026-08-01,https://funatsuri-yoso.com/fish_area/kurodai-edogawa.html,0,1,0,12
2026-08-01,https://funatsuri-yoso.com/fish_area/kurodai-hiratsuka.html,0,1,0,36
2026-08-01,https://funatsuri-yoso.com/fish_area/kurodai-kanaya.html,0,1,0,70
2026-08-01,https://funatsuri-yoso.com/fish_area/kuromutsu-hiratsuka.html,0,2,0,6.5
2026-08-01,https://funatsuri-yoso.com/fish_area/madai-arari.html,0,1,0,17
2026-08-01,https://funatsuri-yoso.com/fish_area/madai-ohara.html,0,3,0,7
2026-08-01,https://funatsuri-yoso.com/fish_area/magochi-kashima.html,0,4,0,8.25
2026-08-01,https://funatsuri-yoso.com/fish_area/seabass-nomigawa.html,0,1,0,7
2026-08-01,https://funatsuri-yoso.com/fish_area/shima-aji-ohara.html,0,13,0,12.23
2026-08-01,https://funatsuri-yoso.com/fish_area/surumeika-matsuwa-maguchi.html,0,1,0,5
2026-08-01,https://funatsuri-yoso.com/fish_area/tachiuo-kanazawa-gyoko.html,0,1,0,9
2026-08-01,https://funatsuri-yoso.com/fish_area/tachiuo-koshiba.html,0,1,0,9
2026-08-01,https://funatsuri-yoso.com/fish_area/tachiuo-kurihama.html,1,1,1,2
2026-08-01,https://funatsuri-yoso.com/monthly/2026-06/tachiuo.html,0,6,0,8
2026-08-01,https://funatsuri-yoso.com/ship/bo-maru.html,0,1,0,9
2026-08-01,https://funatsuri-yoso.com/ship/daihachi-tsuru-maru.html,0,1,0,11
2026-08-01,https://funatsuri-yoso.com/ship/dengoro-maru.html,0,1,0,8
2026-08-01,https://funatsuri-yoso.com/ship/fudo-maru.html,0,1,0,8
2026-08-01,https://funatsuri-yoso.com/ship/fukada-masao-maru.html,0,2,0,13.5
2026-08-01,https://funatsuri-yoso.com/ship/gibei-maru.html,0,1,0,6
2026-08-01,https://funatsuri-yoso.com/ship/gishin-maru.html,0,1,0,10
2026-08-01,https://funatsuri-yoso.com/ship/goro-maru.html,0,1,0,6
2026-08-01,https://funatsuri-yoso.com/ship/hamasei-maru.html,0,4,0,7
2026-08-01,https://funatsuri-yoso.com/ship/ikeda-maru.html,0,1,0,15
2026-08-01,https://funatsuri-yoso.com/ship/ka-maru.html,0,1,0,6
2026-08-01,https://funatsuri-yoso.com/ship/kamoshita-maru-kawana.html,0,1,0,9
2026-08-01,https://funatsuri-yoso.com/ship/kikyu-maru.html,0,1,0,15
2026-08-01,https://funatsuri-yoso.com/ship/ko-maru-oiso.html,0,8,0,9
2026-08-01,https://funatsuri-yoso.com/ship/ko-maru.html,0,1,0,11
2026-08-01,https://funatsuri-yoso.com/ship/kotoku-maru.html,0,3,0,6.67
2026-08-01,https://funatsuri-yoso.com/ship/kurokawa-honke-kurihama.html,0,1,0,9
2026-08-01,https://funatsuri-yoso.com/ship/minosuke-maru.html,0,2,0,8
2026-08-01,https://funatsuri-yoso.com/ship/nagasakiya.html,0,1,0,8
2026-08-01,https://funatsuri-yoso.com/ship/narigin-maru.html,0,1,0,11
2026-08-01,https://funatsuri-yoso.com/ship/rieiei-maru.html,0,1,0,8
2026-08-01,https://funatsuri-yoso.com/ship/sanjiro-maru.html,0,1,0,9
2026-08-01,https://funatsuri-yoso.com/ship/sashima-kairakuen.html,0,1,0,10
2026-08-01,https://funatsuri-yoso.com/ship/seiei-maru.html,0,1,0,17
2026-08-01,https://funatsuri-yoso.com/ship/seisho-maru.html,0,1,0,10
2026-08-01,https://funatsuri-yoso.com/ship/shohachi-maru.html,0,1,0,5
2026-08-01,https://funatsuri-yoso.com/ship/shojiro-maru.html,0,19,0,10.42
2026-08-01,https://funatsuri-yoso.com/ship/taiko-maru.html,0,2,0,9.5
2026-08-01,https://funatsuri-yoso.com/ship/taro-maru.html,0,1,0,9
2026-08-01,https://funatsuri-yoso.com/ship/tetsuo-maru.html,0,9,0,7.56
2026-08-01,https://funatsuri-yoso.com/ship/tomo-maru.html,0,2,0,7.5
2026-08-01,https://funatsuri-yoso.com/ship/tsuribune-tsuru.html,0,3,0,8.33
2026-08-01,https://funatsuri-yoso.com/ship/yonemoto-tsuribuneten.html,0,2,0,11
2026-08-01,https://funatsuri-yoso.com/ship/yusei-maru-katase.html,0,1,0,8
2026-08-01,https://funatsuri-yoso.com/x_post/,0,2,0,8.5
2026-08-01,https://funatsuri-yoso.com/x_post/2026-07-27.html,0,1,0,8
2026-08-02,https://funatsuri-yoso.com/,0,19,0,10.21
2026-08-02,https://funatsuri-yoso.com/area/,0,1,0,11
2026-08-02,https://funatsuri-yoso.com/area/ajiro-port.html,0,1,0,11
2026-08-02,https://funatsuri-yoso.com/area/amatsu.html,0,19,0,6.84
2026-08-02,https://funatsuri-yoso.com/area/arari.html,1,2,0.5,6
2026-08-02,https://funatsuri-yoso.com/area/ebitorigawa.html,0,1,0,9
2026-08-02,https://funatsuri-yoso.com/area/enoura.html,0,9,0,5.22
2026-08-02,https://funatsuri-yoso.com/area/fukuura-yugawara.html,0,8,0,9.88
2026-08-02,https://funatsuri-yoso.com/area/futtsu.html,1,13,0.076923,10.77
2026-08-02,https://funatsuri-yoso.com/area/hasaki-shinko.html,0,7,0,5.71
2026-08-02,https://funatsuri-yoso.com/area/hayakawa.html,0,1,0,11
2026-08-02,https://funatsuri-yoso.com/area/hiratsuka.html,0,2,0,11.5
2026-08-02,https://funatsuri-yoso.com/area/hitachi-kuji.html,0,2,0,9.5
2026-08-02,https://funatsuri-yoso.com/area/iioka.html,3,97,0.030928,6.97
2026-08-02,https://funatsuri-yoso.com/area/ito-shi.html,0,3,0,6
2026-08-02,https://funatsuri-yoso.com/area/kamoi-omuro.html,0,1,0,9
2026-08-02,https://funatsuri-yoso.com/area/kanaya.html,1,46,0.021739,7.96
2026-08-02,https://funatsuri-yoso.com/area/kanazawa-hakkei.html,0,4,0,6.5
2026-08-02,https://funatsuri-yoso.com/area/kashima.html,0,2,0,10
2026-08-02,https://funatsuri-yoso.com/area/katsuura.html,1,68,0.014706,15.72
2026-08-02,https://funatsuri-yoso.com/area/koshigoe.html,0,2,0,7
2026-08-02,https://funatsuri-yoso.com/area/kuryo.html,0,4,0,9.5
2026-08-02,https://funatsuri-yoso.com/area/manazuru-port.html,0,1,0,8
2026-08-02,https://funatsuri-yoso.com/area/matsuwa-ena.html,0,2,0,16
2026-08-02,https://funatsuri-yoso.com/area/nagai-shinjuku.html,0,1,0,4
2026-08-02,https://funatsuri-yoso.com/area/nakaminato.html,0,4,0,5.25
2026-08-02,https://funatsuri-yoso.com/area/oarai.html,0,21,0,10.29
2026-08-02,https://funatsuri-yoso.com/area/ohara.html,0,5,0,8.4
2026-08-02,https://funatsuri-yoso.com/area/omaezaki.html,0,2,0,7.5
2026-08-02,https://funatsuri-yoso.com/area/ose.html,0,1,0,7
2026-08-02,https://funatsuri-yoso.com/area/sajima.html,0,3,0,9.67
2026-08-02,https://funatsuri-yoso.com/area/shizuura.html,0,11,0,8.64
2026-08-02,https://funatsuri-yoso.com/area/susaki.html,0,3,0,13
2026-08-02,https://funatsuri-yoso.com/area/yaizu.html,0,3,0,7.67
2026-08-02,https://funatsuri-yoso.com/area/yokohama-honmoku.html,0,1,0,9
2026-08-02,https://funatsuri-yoso.com/calendar.html,0,12,0,10.17
2026-08-02,https://funatsuri-yoso.com/column/data-de-miru-kanto-no-shun.html,0,2,0,5
2026-08-02,https://funatsuri-yoso.com/fish/,0,3,0,4.67
2026-08-02,https://funatsuri-yoso.com/fish/aji.html,0,8,0,7.5
2026-08-02,https://funatsuri-yoso.com/fish/amadai.html,0,3,0,8.67
2026-08-02,https://funatsuri-yoso.com/fish/anago.html,0,1,0,8
2026-08-02,https://funatsuri-yoso.com/fish/aoriika.html,1,5,0.2,9
2026-08-02,https://funatsuri-yoso.com/fish/hanadai.html,0,1,0,7
2026-08-02,https://funatsuri-yoso.com/fish/hirame.html,0,4,0,7.25
2026-08-02,https://funatsuri-yoso.com/fish/inada.html,0,6,0,5.83
2026-08-02,https://funatsuri-yoso.com/fish/isaki.html,0,2,0,6
2026-08-02,https://funatsuri-yoso.com/fish/kanpachi.html,0,12,0,7.17
2026-08-02,https://funatsuri-yoso.com/fish/karei.html,0,1,0,4
2026-08-02,https://funatsuri-yoso.com/fish/kasago.html,0,1,0,8
2026-08-02,https://funatsuri-yoso.com/fish/katsuo.html,0,17,0,11.24
2026-08-02,https://funatsuri-yoso.com/fish/kawahagi.html,0,2,0,9
2026-08-02,https://funatsuri-yoso.com/fish/kinmedai.html,0,2,0,10
2026-08-02,https://funatsuri-yoso.com/fish/kurodai.html,0,1,0,9
2026-08-02,https://funatsuri-yoso.com/fish/kuromutsu.html,0,2,0,5.5
2026-08-02,https://funatsuri-yoso.com/fish/madai.html,0,1,0,11
2026-08-02,https://funatsuri-yoso.com/fish/madako.html,0,6,0,7.33
2026-08-02,https://funatsuri-yoso.com/fish/magochi.html,0,8,0,7.38
2026-08-02,https://funatsuri-yoso.com/fish/maruika.html,0,6,0,12.33
2026-08-02,https://funatsuri-yoso.com/fish/mugiika.html,1,6,0.166667,8.67
2026-08-02,https://funatsuri-yoso.com/fish/onikasago.html,0,1,0,7
2026-08-02,https://funatsuri-yoso.com/fish/saba.html,0,7,0,4.71
2026-08-02,https://funatsuri-yoso.com/fish/shiira.html,0,4,0,13.75
2026-08-02,https://funatsuri-yoso.com/fish/shima-aji.html,0,11,0,8.36
2026-08-02,https://funatsuri-yoso.com/fish/shirogisu.html,0,2,0,9.5
2026-08-02,https://funatsuri-yoso.com/fish/shousaifugu.html,0,1,0,7
2026-08-02,https://funatsuri-yoso.com/fish/tachiuo.html,0,20,0,11.45
2026-08-02,https://funatsuri-yoso.com/fish/warasa.html,1,9,0.111111,6.44
2026-08-02,https://funatsuri-yoso.com/fish_area/aji-chigasaki.html,0,1,0,6
2026-08-02,https://funatsuri-yoso.com/fish_area/aji-iioka.html,1,1,1,10
2026-08-02,https://funatsuri-yoso.com/fish_area/aji-katakai.html,0,2,0,5.5
2026-08-02,https://funatsuri-yoso.com/fish_area/aji-odawara-hayakawa.html,0,2,0,8
2026-08-02,https://funatsuri-yoso.com/fish_area/aji-yokohama.html,0,2,0,7.5
2026-08-02,https://funatsuri-yoso.com/fish_area/akamutsu-hasaki.html,0,1,0,30
2026-08-02,https://funatsuri-yoso.com/fish_area/aoriika-kanaya.html,0,1,0,5
2026-08-02,https://funatsuri-yoso.com/fish_area/fugu-kashima.html,0,1,0,8
2026-08-02,https://funatsuri-yoso.com/fish_area/hata-%E6%9D%BE%E5%B4%8E%E7%94%BA%E6%9D%BE%E5%B4%8E%E6%B8%AF.html,0,4,0,5.75
2026-08-02,https://funatsuri-yoso.com/fish_area/hirame-hasaki.html,0,1,0,8
2026-08-02,https://funatsuri-yoso.com/fish_area/hirame-iioka.html,0,2,0,10
2026-08-02,https://funatsuri-yoso.com/fish_area/hirame-oarai.html,0,1,0,9
2026-08-02,https://funatsuri-yoso.com/fish_area/inada-oarai.html,0,3,0,55
2026-08-02,https://funatsuri-yoso.com/fish_area/isaki-kuryo.html,0,8,0,6.88
2026-08-02,https://funatsuri-yoso.com/fish_area/isaki-sajima.html,0,1,0,6
2026-08-02,https://funatsuri-yoso.com/fish_area/kaiwari-usami.html,0,2,0,10
2026-08-02,https://funatsuri-yoso.com/fish_area/kasago-kubiri.html,0,1,0,6
2026-08-02,https://funatsuri-yoso.com/fish_area/katsuo-nagai.html,0,1,0,19
2026-08-02,https://funatsuri-yoso.com/fish_area/kihada-maguro-chigasaki.html,0,1,0,5
2026-08-02,https://funatsuri-yoso.com/fish_area/kihada-maguro-nagai.html,0,3,0,39
2026-08-02,https://funatsuri-yoso.com/fish_area/kinmedai-shimoda.html,0,1,0,8
2026-08-02,https://funatsuri-yoso.com/fish_area/madai-hitachi-kuji.html,0,1,0,13
2026-08-02,https://funatsuri-yoso.com/fish_area/madai-oarai.html,0,1,0,10
2026-08-02,https://funatsuri-yoso.com/fish_area/madai-ohara.html,0,2,0,8
2026-08-02,https://funatsuri-yoso.com/fish_area/magochi-kashima.html,0,4,0,8
2026-08-02,https://funatsuri-yoso.com/fish_area/medai-omaezaki.html,0,1,0,3
2026-08-02,https://funatsuri-yoso.com/fish_area/shiira-hiratsuka.html,0,1,0,7
2026-08-02,https://funatsuri-yoso.com/fish_area/shima-aji-aihama.html,0,1,0,11
2026-08-02,https://funatsuri-yoso.com/fish_area/shima-aji-ohara.html,1,19,0.052632,9.74
2026-08-02,https://funatsuri-yoso.com/fish_area/shirogisu-kanazawa-hakkei.html,0,1,0,5
2026-08-02,https://funatsuri-yoso.com/fish_area/tachiuo-fukuda.html,0,1,0,5
2026-08-02,https://funatsuri-yoso.com/fish_area/tai-gomoku-oarai.html,0,1,0,9
2026-08-02,https://funatsuri-yoso.com/fish_area/warasa-hasaki.html,0,1,0,11
2026-08-02,https://funatsuri-yoso.com/fish_area/warasa-ohara.html,1,1,1,2
2026-08-02,https://funatsuri-yoso.com/monthly/2026-06/tachiuo.html,0,3,0,7.67
2026-08-02,https://funatsuri-yoso.com/pages/about.html,1,1,1,7
2026-08-02,https://funatsuri-yoso.com/ship/benten-maru.html,0,1,0,10
2026-08-02,https://funatsuri-yoso.com/ship/daini-tsuretaka-maru.html,0,1,0,6
2026-08-02,https://funatsuri-yoso.com/ship/daisan-kariyushi-maru.html,0,1,0,5
2026-08-02,https://funatsuri-yoso.com/ship/dengoro-maru.html,0,1,0,8
2026-08-02,https://funatsuri-yoso.com/ship/fudo-maru.html,0,1,0,7
2026-08-02,https://funatsuri-yoso.com/ship/fukada-masao-maru.html,0,2,0,13.5
2026-08-02,https://funatsuri-yoso.com/ship/gibei-maru.html,0,2,0,8
2026-08-02,https://funatsuri-yoso.com/ship/goro-maru.html,0,2,0,7
2026-08-02,https://funatsuri-yoso.com/ship/hamasei-maru.html,0,2,0,9.5
2026-08-02,https://funatsuri-yoso.com/ship/kamoshita-maru-kawana.html,0,1,0,8
2026-08-02,https://funatsuri-yoso.com/ship/kikyu-maru.html,0,8,0,13.75
2026-08-02,https://funatsuri-yoso.com/ship/ko-maru-oiso.html,0,1,0,8
2026-08-02,https://funatsuri-yoso.com/ship/ko-maru.html,0,4,0,8.5
2026-08-02,https://funatsuri-yoso.com/ship/koryo-maru-hitachi.html,0,2,0,6.5
2026-08-02,https://funatsuri-yoso.com/ship/kotobuki-maru.html,0,6,0,7.67
2026-08-02,https://funatsuri-yoso.com/ship/kotoku-maru.html,0,1,0,7
2026-08-02,https://funatsuri-yoso.com/ship/masaichi-maru.html,0,1,0,7
2026-08-02,https://funatsuri-yoso.com/ship/minosuke-maru.html,0,2,0,9
2026-08-02,https://funatsuri-yoso.com/ship/muramoto-kaiji.html,0,1,0,10
2026-08-02,https://funatsuri-yoso.com/ship/nagasakiya.html,0,2,0,8.5
2026-08-02,https://funatsuri-yoso.com/ship/sashima-kairakuen.html,0,4,0,18
2026-08-02,https://funatsuri-yoso.com/ship/seisho-maru.html,0,2,0,8
2026-08-02,https://funatsuri-yoso.com/ship/shojiro-maru.html,0,32,0,10.97
2026-08-02,https://funatsuri-yoso.com/ship/suharaya.html,0,1,0,10
2026-08-02,https://funatsuri-yoso.com/ship/taiko-maru.html,0,1,0,10
2026-08-02,https://funatsuri-yoso.com/ship/taro-maru.html,0,2,0,8.5
2026-08-02,https://funatsuri-yoso.com/ship/tomo-maru.html,0,4,0,8
2026-08-02,https://funatsuri-yoso.com/ship/tsuribune-tsuru.html,0,2,0,9.5
2026-08-02,https://funatsuri-yoso.com/ship/yamashita-maru.html,0,2,0,9
2026-08-02,https://funatsuri-yoso.com/x_post/2026-07-01.html,0,1,0,11
2026-08-02,https://funatsuri-yoso.com/x_post/2026-08-01.html,0,1,0,11
2026-08-03,https://funatsuri-yoso.com/,0,19,0,8.68
2026-08-03,https://funatsuri-yoso.com/area/aihama.html,0,1,0,6
2026-08-03,https://funatsuri-yoso.com/area/ajiro-port.html,0,3,0,10.67
2026-08-03,https://funatsuri-yoso.com/area/amatsu.html,1,17,0.058824,8.71
2026-08-03,https://funatsuri-yoso.com/area/arari.html,0,1,0,5
2026-08-03,https://funatsuri-yoso.com/area/atami-port.html,0,4,0,9.5
2026-08-03,https://funatsuri-yoso.com/area/enoura.html,0,6,0,7.33
2026-08-03,https://funatsuri-yoso.com/area/fukuura-yugawara.html,0,5,0,8.4
2026-08-03,https://funatsuri-yoso.com/area/futtsu.html,0,18,0,6.89
2026-08-03,https://funatsuri-yoso.com/area/hachimanbashi.html,0,1,0,8
2026-08-03,https://funatsuri-yoso.com/area/hasaki-shinko.html,0,1,0,8
2026-08-03,https://funatsuri-yoso.com/area/hayakawa.html,0,1,0,7
2026-08-03,https://funatsuri-yoso.com/area/hiratsuka.html,0,3,0,10
2026-08-03,https://funatsuri-yoso.com/area/iioka.html,3,94,0.031915,6.57
2026-08-03,https://funatsuri-yoso.com/area/ito-shi.html,0,3,0,9.67
2026-08-03,https://funatsuri-yoso.com/area/kanaya.html,0,41,0,9.07
2026-08-03,https://funatsuri-yoso.com/area/kanazawa-hakkei.html,0,6,0,10.17
2026-08-03,https://funatsuri-yoso.com/area/kashima.html,0,7,0,12.14
2026-08-03,https://funatsuri-yoso.com/area/katakai.html,0,3,0,4
2026-08-03,https://funatsuri-yoso.com/area/katsuura.html,0,94,0,10.18
2026-08-03,https://funatsuri-yoso.com/area/koshigoe.html,0,2,0,9
2026-08-03,https://funatsuri-yoso.com/area/kuryo.html,1,11,0.090909,8.91
2026-08-03,https://funatsuri-yoso.com/area/manazuru-port.html,0,1,0,11
2026-08-03,https://funatsuri-yoso.com/area/matsuwa-ena.html,0,5,0,13.8
2026-08-03,https://funatsuri-yoso.com/area/nakaminato.html,0,1,0,8
2026-08-03,https://funatsuri-yoso.com/area/nomigawa.html,0,1,0,5
2026-08-03,https://funatsuri-yoso.com/area/oarai.html,1,17,0.058824,8.12
2026-08-03,https://funatsuri-yoso.com/area/ohara.html,0,6,0,5.83
2026-08-03,https://funatsuri-yoso.com/area/omaezaki.html,0,5,0,19.4
2026-08-03,https://funatsuri-yoso.com/area/rokugo-suimon.html,0,1,0,1
2026-08-03,https://funatsuri-yoso.com/area/sajima.html,0,9,0,11.67
2026-08-03,https://funatsuri-yoso.com/area/shizuura.html,0,12,0,6.92
2026-08-03,https://funatsuri-yoso.com/area/teishi.html,0,3,0,6.67
2026-08-03,https://funatsuri-yoso.com/area/yokohama-honmoku.html,0,2,0,8
2026-08-03,https://funatsuri-yoso.com/calendar.html,1,12,0.083333,8
2026-08-03,https://funatsuri-yoso.com/fish/,0,3,0,3.67
2026-08-03,https://funatsuri-yoso.com/fish/aji.html,0,5,0,7.8
2026-08-03,https://funatsuri-yoso.com/fish/amadai.html,0,4,0,8.5
2026-08-03,https://funatsuri-yoso.com/fish/anago.html,0,2,0,9
2026-08-03,https://funatsuri-yoso.com/fish/aoriika.html,0,2,0,6.5
2026-08-03,https://funatsuri-yoso.com/fish/ara.html,0,1,0,9
2026-08-03,https://funatsuri-yoso.com/fish/hiramasa.html,0,1,0,10
2026-08-03,https://funatsuri-yoso.com/fish/hirame.html,0,7,0,7.71
2026-08-03,https://funatsuri-yoso.com/fish/houbou.html,0,1,0,21
2026-08-03,https://funatsuri-yoso.com/fish/inada.html,1,5,0.2,6
2026-08-03,https://funatsuri-yoso.com/fish/isaki.html,0,3,0,8
2026-08-03,https://funatsuri-yoso.com/fish/kanpachi.html,1,17,0.058824,8.06
2026-08-03,https://funatsuri-yoso.com/fish/karei.html,0,4,0,9.25
2026-08-03,https://funatsuri-yoso.com/fish/kasago.html,0,1,0,10
2026-08-03,https://funatsuri-yoso.com/fish/katsuo.html,2,20,0.1,7.8
2026-08-03,https://funatsuri-yoso.com/fish/kawahagi.html,0,5,0,6
2026-08-03,https://funatsuri-yoso.com/fish/kihada-maguro.html,0,1,0,9
2026-08-03,https://funatsuri-yoso.com/fish/kinmedai.html,0,1,0,8
2026-08-03,https://funatsuri-yoso.com/fish/kurodai.html,0,9,0,10
2026-08-03,https://funatsuri-yoso.com/fish/madai.html,0,1,0,9
2026-08-03,https://funatsuri-yoso.com/fish/madako.html,0,3,0,10.33
2026-08-03,https://funatsuri-yoso.com/fish/magochi.html,0,8,0,11
2026-08-03,https://funatsuri-yoso.com/fish/maruika.html,0,9,0,6.89
2026-08-03,https://funatsuri-yoso.com/fish/moroko.html,0,1,0,6
2026-08-03,https://funatsuri-yoso.com/fish/mugiika.html,0,6,0,5.5
2026-08-03,https://funatsuri-yoso.com/fish/shiira.html,0,2,0,5.5
2026-08-03,https://funatsuri-yoso.com/fish/shima-aji.html,0,14,0,7.86
2026-08-03,https://funatsuri-yoso.com/fish/shirogisu.html,0,1,0,10
2026-08-03,https://funatsuri-yoso.com/fish/shousaifugu.html,0,1,0,11
2026-08-03,https://funatsuri-yoso.com/fish/sumiika.html,0,1,0,8
2026-08-03,https://funatsuri-yoso.com/fish/tachiuo.html,0,16,0,8.75
2026-08-03,https://funatsuri-yoso.com/fish/warasa.html,0,13,0,7.08
2026-08-03,https://funatsuri-yoso.com/fish_area/aji-fukuda.html,0,2,0,11
2026-08-03,https://funatsuri-yoso.com/fish_area/aji-odawara-hayakawa.html,0,1,0,6
2026-08-03,https://funatsuri-yoso.com/fish_area/aji-yokohama.html,0,6,0,7
2026-08-03,https://funatsuri-yoso.com/fish_area/aoriika-kanaya.html,0,1,0,9
2026-08-03,https://funatsuri-yoso.com/fish_area/fugu-%E5%B9%B3%E5%A1%9A%E6%BC%81%E6%B8%AF.html,0,1,0,4
2026-08-03,https://funatsuri-yoso.com/fish_area/fugu-urayasu.html,0,2,0,8
2026-08-03,https://funatsuri-yoso.com/fish_area/hata-omaezaki.html,0,2,0,8
2026-08-03,https://funatsuri-yoso.com/fish_area/hirame-hasaki.html,0,1,0,5
2026-08-03,https://funatsuri-yoso.com/fish_area/hirame-iioka.html,0,4,0,12.75
2026-08-03,https://funatsuri-yoso.com/fish_area/inada-hiratsuka.html,0,1,0,7
2026-08-03,https://funatsuri-yoso.com/fish_area/inada-matsuwa-ena.html,0,1,0,4
2026-08-03,https://funatsuri-yoso.com/fish_area/inada-oarai.html,0,1,0,10
2026-08-03,https://funatsuri-yoso.com/fish_area/isaki-kanazawa-hakkei.html,0,1,0,11
2026-08-03,https://funatsuri-yoso.com/fish_area/isaki-katsuura.html,0,1,0,4
2026-08-03,https://funatsuri-yoso.com/fish_area/isaki-ohara.html,0,1,0,10
2026-08-03,https://funatsuri-yoso.com/fish_area/katsuo-nagai.html,0,1,0,8
2026-08-03,https://funatsuri-yoso.com/fish_area/kihada-maguro-nagai.html,0,1,0,9
2026-08-03,https://funatsuri-yoso.com/fish_area/madai-hitachi.html,0,1,0,5
2026-08-03,https://funatsuri-yoso.com/fish_area/madai-ohara.html,0,5,0,9
2026-08-03,https://funatsuri-yoso.com/fish_area/madai-shimizu.html,0,1,0,2
2026-08-03,https://funatsuri-yoso.com/fish_area/madako-koshiba.html,0,1,0,6
2026-08-03,https://funatsuri-yoso.com/fish_area/madako-nagaura.html,0,1,0,7
2026-08-03,https://funatsuri-yoso.com/fish_area/mahata-kashima.html,0,1,0,2
2026-08-03,https://funatsuri-yoso.com/fish_area/maruika-matsuwa-maguchi.html,0,1,0,10
2026-08-03,https://funatsuri-yoso.com/fish_area/onikasago-hiratsuka.html,0,2,0,12
2026-08-03,https://funatsuri-yoso.com/fish_area/shima-aji-ohara.html,1,14,0.071429,8.93
2026-08-03,https://funatsuri-yoso.com/fish_area/tachiuo-fukuda.html,0,1,0,9
2026-08-03,https://funatsuri-yoso.com/fish_area/tachiuo-kanazawa-gyoko.html,0,1,0,8
2026-08-03,https://funatsuri-yoso.com/fish_area/tachiuo-koshiba.html,0,1,0,8
2026-08-03,https://funatsuri-yoso.com/fish_area/warasa-teishi.html,0,1,0,20
2026-08-03,https://funatsuri-yoso.com/monthly/2026-06/aji.html,0,1,0,6
2026-08-03,https://funatsuri-yoso.com/monthly/2026-06/tachiuo.html,0,5,0,8.4
2026-08-03,https://funatsuri-yoso.com/ship/baika-maru.html,0,1,0,9
2026-08-03,https://funatsuri-yoso.com/ship/fudo-maru.html,0,1,0,8
2026-08-03,https://funatsuri-yoso.com/ship/fujin-maru.html,1,1,1,6
2026-08-03,https://funatsuri-yoso.com/ship/fukada-masao-maru.html,0,5,0,9.4
2026-08-03,https://funatsuri-yoso.com/ship/gibei-maru.html,0,1,0,6
2026-08-03,https://funatsuri-yoso.com/ship/gishin-maru.html,0,4,0,9
2026-08-03,https://funatsuri-yoso.com/ship/goro-maru.html,0,2,0,8.5
2026-08-03,https://funatsuri-yoso.com/ship/hamasei-maru.html,0,4,0,12.75
2026-08-03,https://funatsuri-yoso.com/ship/hirai-maru.html,0,1,0,9
2026-08-03,https://funatsuri-yoso.com/ship/juroheimaru.html,0,1,0,9
2026-08-03,https://funatsuri-yoso.com/ship/ka-maru.html,0,2,0,7
2026-08-03,https://funatsuri-yoso.com/ship/kako-maru.html,0,2,0,8
2026-08-03,https://funatsuri-yoso.com/ship/kikyu-maru.html,0,1,0,19
2026-08-03,https://funatsuri-yoso.com/ship/ko-maru-oiso.html,0,1,0,8
2026-08-03,https://funatsuri-yoso.com/ship/ko-maru.html,0,3,0,8.67
2026-08-03,https://funatsuri-yoso.com/ship/kotoku-maru.html,0,1,0,8
2026-08-03,https://funatsuri-yoso.com/ship/masaichi-maru.html,0,1,0,9
2026-08-03,https://funatsuri-yoso.com/ship/megumi-maru.html,0,1,0,4
2026-08-03,https://funatsuri-yoso.com/ship/minosuke-maru.html,0,2,0,8
2026-08-03,https://funatsuri-yoso.com/ship/muramoto-kaiji.html,0,1,0,7
2026-08-03,https://funatsuri-yoso.com/ship/nagasakiya.html,0,1,0,10
2026-08-03,https://funatsuri-yoso.com/ship/narigin-maru.html,0,2,0,9
2026-08-03,https://funatsuri-yoso.com/ship/nogeya-tsuribuneten.html,0,1,0,10
2026-08-03,https://funatsuri-yoso.com/ship/sashima-kairakuen.html,1,4,0.25,11
2026-08-03,https://funatsuri-yoso.com/ship/seisho-maru.html,0,4,0,9.5
2026-08-03,https://funatsuri-yoso.com/ship/shinko-maru.html,0,1,0,9
2026-08-03,https://funatsuri-yoso.com/ship/shojiro-maru.html,0,8,0,9.25
2026-08-03,https://funatsuri-yoso.com/ship/suharaya.html,0,1,0,10
2026-08-03,https://funatsuri-yoso.com/ship/taro-maru.html,0,1,0,10
2026-08-03,https://funatsuri-yoso.com/ship/tomo-maru.html,0,2,0,8
2026-08-03,https://funatsuri-yoso.com/ship/tsuribune-tsuru.html,0,5,0,7.8
2026-08-03,https://funatsuri-yoso.com/ship/yonemoto-tsuribuneten.html,0,3,0,9.67
2026-08-03,https://funatsuri-yoso.com/x_post/2026-08-01.html,0,7,0,7.14
2026-08-04,https://funatsuri-yoso.com/,1,19,0.052632,7.95
2026-08-04,https://funatsuri-yoso.com/area/,0,3,0,44.67
2026-08-04,https://funatsuri-yoso.com/area/aihama.html,0,1,0,8
2026-08-04,https://funatsuri-yoso.com/area/ajiro-port.html,0,1,0,2
2026-08-04,https://funatsuri-yoso.com/area/amatsu.html,0,14,0,8.64
2026-08-04,https://funatsuri-yoso.com/area/atami-port.html,0,2,0,8
2026-08-04,https://funatsuri-yoso.com/area/enoura.html,0,10,0,5.9
2026-08-04,https://funatsuri-yoso.com/area/fukuura-yugawara.html,0,5,0,8.8
2026-08-04,https://funatsuri-yoso.com/area/futtsu.html,0,11,0,6.45
2026-08-04,https://funatsuri-yoso.com/area/hasaki-shinko.html,0,1,0,10
2026-08-04,https://funatsuri-yoso.com/area/hayakawa.html,0,4,0,6.75
2026-08-04,https://funatsuri-yoso.com/area/hiratsuka.html,0,1,0,4
2026-08-04,https://funatsuri-yoso.com/area/iioka.html,3,108,0.027778,6.31
2026-08-04,https://funatsuri-yoso.com/area/ito-shi.html,0,4,0,10.25
2026-08-04,https://funatsuri-yoso.com/area/kanaya.html,3,51,0.058824,7.08
2026-08-04,https://funatsuri-yoso.com/area/kanazawa-hakkei-hirakata.html,0,1,0,20
2026-08-04,https://funatsuri-yoso.com/area/kanazawa-hakkei.html,0,5,0,12.6
2026-08-04,https://funatsuri-yoso.com/area/kashima.html,0,7,0,7.57
2026-08-04,https://funatsuri-yoso.com/area/katakai.html,0,1,0,7
2026-08-04,https://funatsuri-yoso.com/area/katsuura.html,0,45,0,10.4
2026-08-04,https://funatsuri-yoso.com/area/koshigoe.html,0,1,0,15
2026-08-04,https://funatsuri-yoso.com/area/kuryo.html,0,7,0,7.29
2026-08-04,https://funatsuri-yoso.com/area/matsuwa-ena.html,0,2,0,26.5
2026-08-04,https://funatsuri-yoso.com/area/matsuzaki.html,0,1,0,8
2026-08-04,https://funatsuri-yoso.com/area/nakaminato.html,0,5,0,10
2026-08-04,https://funatsuri-yoso.com/area/nomigawa.html,0,1,0,4
2026-08-04,https://funatsuri-yoso.com/area/oarai.html,0,29,0,8.86
2026-08-04,https://funatsuri-yoso.com/area/ohara.html,1,2,0.5,8
2026-08-04,https://funatsuri-yoso.com/area/omaezaki.html,0,3,0,9
2026-08-04,https://funatsuri-yoso.com/area/sajima.html,0,4,0,8.25
2026-08-04,https://funatsuri-yoso.com/area/shizuura.html,0,3,0,10
2026-08-04,https://funatsuri-yoso.com/area/susaki.html,0,1,0,5
2026-08-04,https://funatsuri-yoso.com/area/tsuribashi.html,0,1,0,11
2026-08-04,https://funatsuri-yoso.com/area/yaizu.html,0,2,0,8
2026-08-04,https://funatsuri-yoso.com/area/yokohama-honmoku.html,0,1,0,10
2026-08-04,https://funatsuri-yoso.com/calendar.html,0,10,0,8.1
2026-08-04,https://funatsuri-yoso.com/fish/,0,3,0,6.33
2026-08-04,https://funatsuri-yoso.com/fish/abura-bouzu.html,0,2,0,8
2026-08-04,https://funatsuri-yoso.com/fish/aji.html,1,6,0.166667,10.5
2026-08-04,https://funatsuri-yoso.com/fish/akamutsu.html,0,1,0,11
2026-08-04,https://funatsuri-yoso.com/fish/amadai.html,0,1,0,12
2026-08-04,https://funatsuri-yoso.com/fish/anago.html,0,2,0,10.5
2026-08-04,https://funatsuri-yoso.com/fish/aoriika.html,0,2,0,15.5
2026-08-04,https://funatsuri-yoso.com/fish/ara.html,0,3,0,7
2026-08-04,https://funatsuri-yoso.com/fish/bishi-aji.html,0,2,0,7.5
2026-08-04,https://funatsuri-yoso.com/fish/hirame.html,0,5,0,5.2
2026-08-04,https://funatsuri-yoso.com/fish/inada.html,0,5,0,3.6
2026-08-04,https://funatsuri-yoso.com/fish/ishimochi.html,0,2,0,10
2026-08-04,https://funatsuri-yoso.com/fish/kamasu.html,0,2,0,6.5
2026-08-04,https://funatsuri-yoso.com/fish/kanpachi.html,0,6,0,6.5
2026-08-04,https://funatsuri-yoso.com/fish/karei.html,0,3,0,16.67
2026-08-04,https://funatsuri-yoso.com/fish/katsuo.html,0,23,0,8.65
2026-08-04,https://funatsuri-yoso.com/fish/kawahagi.html,0,5,0,8
2026-08-04,https://funatsuri-yoso.com/fish/kihada-maguro.html,0,2,0,13
2026-08-04,https://funatsuri-yoso.com/fish/kintoki.html,0,1,0,9
2026-08-04,https://funatsuri-yoso.com/fish/kurodai.html,0,2,0,10
2026-08-04,https://funatsuri-yoso.com/fish/kuromutsu.html,1,2,0.5,5.5
2026-08-04,https://funatsuri-yoso.com/fish/madako.html,0,5,0,8.8
2026-08-04,https://funatsuri-yoso.com/fish/magochi.html,0,7,0,9.14
2026-08-04,https://funatsuri-yoso.com/fish/maruika.html,0,8,0,6.12
2026-08-04,https://funatsuri-yoso.com/fish/moroko.html,0,1,0,4
2026-08-04,https://funatsuri-yoso.com/fish/mugiika.html,1,6,0.166667,13.67
2026-08-04,https://funatsuri-yoso.com/fish/onikasago.html,0,1,0,10
2026-08-04,https://funatsuri-yoso.com/fish/saba.html,0,1,0,2
2026-08-04,https://funatsuri-yoso.com/fish/shiira.html,0,1,0,11
2026-08-04,https://funatsuri-yoso.com/fish/shima-aji.html,0,6,0,8.17
2026-08-04,https://funatsuri-yoso.com/fish/shirogisu.html,0,5,0,7.8
2026-08-04,https://funatsuri-yoso.com/fish/shousaifugu.html,0,4,0,9
2026-08-04,https://funatsuri-yoso.com/fish/tachiuo.html,1,20,0.05,7.6
2026-08-04,https://funatsuri-yoso.com/fish/torafugu.html,0,2,0,9
2026-08-04,https://funatsuri-yoso.com/fish/warasa.html,0,1,0,2
2026-08-04,https://funatsuri-yoso.com/fish_area/aji-kanazawa-gyoko.html,0,3,0,7.33
2026-08-04,https://funatsuri-yoso.com/fish_area/aji-kurihama.html,0,1,0,6
2026-08-04,https://funatsuri-yoso.com/fish_area/aji-odawara-hayakawa.html,0,2,0,6
2026-08-04,https://funatsuri-yoso.com/fish_area/aji-oiso.html,0,1,0,20
2026-08-04,https://funatsuri-yoso.com/fish_area/aji-yokohama.html,0,5,0,14.6
2026-08-04,https://funatsuri-yoso.com/fish_area/akamutsu-hasaki.html,0,1,0,11
2026-08-04,https://funatsuri-yoso.com/fish_area/aoriika-kanaya.html,0,2,0,15.5
2026-08-04,https://funatsuri-yoso.com/fish_area/fugu-urayasu.html,0,1,0,8
2026-08-04,https://funatsuri-yoso.com/fish_area/hata-katase-gyoko.html,1,1,1,1
2026-08-04,https://funatsuri-yoso.com/fish_area/hirame-hasaki.html,0,1,0,10
2026-08-04,https://funatsuri-yoso.com/fish_area/hirame-iioka.html,0,3,0,9
2026-08-04,https://funatsuri-yoso.com/fish_area/hirame-sajima.html,0,1,0,6
2026-08-04,https://funatsuri-yoso.com/fish_area/inada-kashima.html,0,1,0,8
2026-08-04,https://funatsuri-yoso.com/fish_area/inada-oarai.html,0,3,0,6
2026-08-04,https://funatsuri-yoso.com/fish_area/isaki-kuryo.html,0,2,0,4
2026-08-04,https://funatsuri-yoso.com/fish_area/itoyori-koshigoe.html,0,1,0,9
2026-08-04,https://funatsuri-yoso.com/fish_area/kasago-kanazawa-hakkei.html,0,1,0,10
2026-08-04,https://funatsuri-yoso.com/fish_area/kasago-ohara.html,0,1,0,7
2026-08-04,https://funatsuri-yoso.com/fish_area/katsuo-chigasaki.html,0,1,0,6
2026-08-04,https://funatsuri-yoso.com/fish_area/katsuo-hayama-abuzuri.html,0,1,0,7
2026-08-04,https://funatsuri-yoso.com/fish_area/katsuo-kotsubo.html,0,1,0,7
2026-08-04,https://funatsuri-yoso.com/fish_area/kawahagi-kanaya.html,0,1,0,9
2026-08-04,https://funatsuri-yoso.com/fish_area/kihada-maguro-chigasaki.html,0,1,0,6
2026-08-04,https://funatsuri-yoso.com/fish_area/kuromutsu-ajiro-port.html,0,1,0,6
2026-08-04,https://funatsuri-yoso.com/fish_area/madai-ohara.html,0,4,0,11.5
2026-08-04,https://funatsuri-yoso.com/fish_area/madako-kanazawa-hakkei.html,0,1,0,3
2026-08-04,https://funatsuri-yoso.com/fish_area/magochi-kashima.html,0,4,0,10
2026-08-04,https://funatsuri-yoso.com/fish_area/medai-suzaki.html,1,1,1,2
2026-08-04,https://funatsuri-yoso.com/fish_area/onikasago-iioka.html,0,1,0,5
2026-08-04,https://funatsuri-yoso.com/fish_area/seabass-edogawa.html,0,1,0,11
2026-08-04,https://funatsuri-yoso.com/fish_area/shima-aji-ohara.html,1,5,0.2,6
2026-08-04,https://funatsuri-yoso.com/fish_area/shousaifugu-ohara.html,1,1,1,9
2026-08-04,https://funatsuri-yoso.com/fish_area/tachiuo-kurihama.html,0,2,0,4.5
2026-08-04,https://funatsuri-yoso.com/pages/about.html,0,1,0,7
2026-08-04,https://funatsuri-yoso.com/ship/daini-yosei-maru.html,0,3,0,9
2026-08-04,https://funatsuri-yoso.com/ship/daisan-kariyushi-maru.html,0,1,0,8
2026-08-04,https://funatsuri-yoso.com/ship/fudo-maru.html,0,2,0,9
2026-08-04,https://funatsuri-yoso.com/ship/fukagawa-fujimi.html,0,1,0,26
2026-08-04,https://funatsuri-yoso.com/ship/gibei-maru.html,0,1,0,8
2026-08-04,https://funatsuri-yoso.com/ship/gishin-maru.html,0,1,0,9
2026-08-04,https://funatsuri-yoso.com/ship/goro-maru.html,0,2,0,7
2026-08-04,https://funatsuri-yoso.com/ship/heisaku-maru.html,0,1,0,6
2026-08-04,https://funatsuri-yoso.com/ship/juroheimaru.html,0,1,0,8
2026-08-04,https://funatsuri-yoso.com/ship/kikyu-maru.html,0,1,0,9
2026-08-04,https://funatsuri-yoso.com/ship/ko-maru-oiso.html,0,1,0,8
2026-08-04,https://funatsuri-yoso.com/ship/ko-maru.html,0,4,0,7.5
2026-08-04,https://funatsuri-yoso.com/ship/kotobuki-maru.html,0,1,0,9
2026-08-04,https://funatsuri-yoso.com/ship/kotoku-maru.html,0,3,0,6.33
2026-08-04,https://funatsuri-yoso.com/ship/kurokawa-honke-kurihama.html,0,1,0,11
2026-08-04,https://funatsuri-yoso.com/ship/moki-maru.html,0,1,0,9
2026-08-04,https://funatsuri-yoso.com/ship/muramoto-kaiji.html,0,1,0,11
2026-08-04,https://funatsuri-yoso.com/ship/nagasakiya.html,0,1,0,10
2026-08-04,https://funatsuri-yoso.com/ship/nogeya-tsuribuneten.html,0,1,0,10
2026-08-04,https://funatsuri-yoso.com/ship/oharu-maru.html,0,1,0,11
2026-08-04,https://funatsuri-yoso.com/ship/omatsu-maru.html,0,1,0,10
2026-08-04,https://funatsuri-yoso.com/ship/sanjiro-maru.html,0,2,0,9.5
2026-08-04,https://funatsuri-yoso.com/ship/sashima-kairakuen.html,0,1,0,18
2026-08-04,https://funatsuri-yoso.com/ship/seiei-maru.html,0,1,0,2
2026-08-04,https://funatsuri-yoso.com/ship/shimakichi-maru.html,0,1,0,6
2026-08-04,https://funatsuri-yoso.com/ship/shojiro-maru.html,0,16,0,8.5
2026-08-04,https://funatsuri-yoso.com/ship/taiko-maru.html,0,1,0,11
2026-08-04,https://funatsuri-yoso.com/ship/taro-maru.html,0,4,0,8.75
2026-08-04,https://funatsuri-yoso.com/ship/tomo-maru.html,0,5,0,8
2026-08-04,https://funatsuri-yoso.com/ship/tsuribune-tsuru.html,0,7,0,9
2026-08-04,https://funatsuri-yoso.com/ship/yamashita-maru.html,0,1,0,10
2026-08-04,https://funatsuri-yoso.com/ship/yonemoto-tsuribuneten.html,0,3,0,8.33
2026-08-04,https://funatsuri-yoso.com/x_post/2026-07-15.html,0,1,0,9
2026-08-04,https://funatsuri-yoso.com/x_post/2026-07-23.html,0,1,0,26
2026-08-04,https://funatsuri-yoso.com/x_post/2026-07-31.html,0,1,0,1
2026-08-04,https://funatsuri-yoso.com/x_post/2026-08-01.html,0,1,0,10
2026-08-05,https://funatsuri-yoso.com/,0,13,0,7
2026-08-05,https://funatsuri-yoso.com/area/,0,1,0,28
2026-08-05,https://funatsuri-yoso.com/area/amatsu.html,0,13,0,8
2026-08-05,https://funatsuri-yoso.com/area/atami-port.html,0,1,0,10
2026-08-05,https://funatsuri-yoso.com/area/enoura.html,0,10,0,5.7
2026-08-05,https://funatsuri-yoso.com/area/fukuura-yugawara.html,0,3,0,7.33
2026-08-05,https://funatsuri-yoso.com/area/futtsu.html,0,9,0,9.56
2026-08-05,https://funatsuri-yoso.com/area/iioka.html,1,93,0.010753,7.15
2026-08-05,https://funatsuri-yoso.com/area/imai-suimon.html,1,1,1,3
2026-08-05,https://funatsuri-yoso.com/area/ito-shi.html,0,3,0,7.67
2026-08-05,https://funatsuri-yoso.com/area/kamoi-omuro.html,0,1,0,7
2026-08-05,https://funatsuri-yoso.com/area/kanaya.html,0,39,0,8.49
2026-08-05,https://funatsuri-yoso.com/area/kanazawa-hakkei.html,0,2,0,9.5
2026-08-05,https://funatsuri-yoso.com/area/kashima.html,0,1,0,8
2026-08-05,https://funatsuri-yoso.com/area/katakai.html,0,1,0,7
2026-08-05,https://funatsuri-yoso.com/area/katsuura.html,1,47,0.021277,8.64
2026-08-05,https://funatsuri-yoso.com/area/kuryo.html,0,10,0,7.2
2026-08-05,https://funatsuri-yoso.com/area/manazuru-port.html,0,2,0,6.5
2026-08-05,https://funatsuri-yoso.com/area/matsuwa-ena.html,1,2,0.5,6.5
2026-08-05,https://funatsuri-yoso.com/area/matsuzaki.html,0,1,0,6
2026-08-05,https://funatsuri-yoso.com/area/nagaura.html,0,1,0,6
2026-08-05,https://funatsuri-yoso.com/area/nakaminato.html,0,4,0,10.75
2026-08-05,https://funatsuri-yoso.com/area/oarai.html,0,17,0,8.88
2026-08-05,https://funatsuri-yoso.com/area/ohara.html,0,6,0,6.33
2026-08-05,https://funatsuri-yoso.com/area/omaezaki.html,0,18,0,9.83
2026-08-05,https://funatsuri-yoso.com/area/sajima.html,0,18,0,8.44
2026-08-05,https://funatsuri-yoso.com/area/samezu-katsushima.html,0,1,0,10
2026-08-05,https://funatsuri-yoso.com/area/shiba.html,0,2,0,11
2026-08-05,https://funatsuri-yoso.com/area/shizuura.html,0,7,0,9
2026-08-05,https://funatsuri-yoso.com/area/susaki.html,0,3,0,7.33
2026-08-05,https://funatsuri-yoso.com/area/teishi.html,0,1,0,9
2026-08-05,https://funatsuri-yoso.com/area/tsuribashi.html,0,1,0,11
2026-08-05,https://funatsuri-yoso.com/area/usami.html,0,1,0,6
2026-08-05,https://funatsuri-yoso.com/calendar.html,0,6,0,5.67
2026-08-05,https://funatsuri-yoso.com/column/data-de-miru-kanto-no-shun.html,1,1,1,7
2026-08-05,https://funatsuri-yoso.com/fish/,0,3,0,4.67
2026-08-05,https://funatsuri-yoso.com/fish/aji.html,0,9,0,7.22
2026-08-05,https://funatsuri-yoso.com/fish/amadai.html,0,2,0,4
2026-08-05,https://funatsuri-yoso.com/fish/aoriika.html,0,2,0,8.5
2026-08-05,https://funatsuri-yoso.com/fish/bishi-aji.html,0,1,0,1
2026-08-05,https://funatsuri-yoso.com/fish/hata.html,0,1,0,5
2026-08-05,https://funatsuri-yoso.com/fish/hirame.html,0,6,0,7.5
2026-08-05,https://funatsuri-yoso.com/fish/inada.html,0,3,0,2.67
2026-08-05,https://funatsuri-yoso.com/fish/isaki.html,0,4,0,6.75
2026-08-05,https://funatsuri-yoso.com/fish/ishimochi.html,0,2,0,7.5
2026-08-05,https://funatsuri-yoso.com/fish/kanpachi.html,0,7,0,7.29
2026-08-05,https://funatsuri-yoso.com/fish/karei.html,0,2,0,15.5
2026-08-05,https://funatsuri-yoso.com/fish/kasago.html,0,7,0,9
2026-08-05,https://funatsuri-yoso.com/fish/katsuo.html,0,17,0,7.41
2026-08-05,https://funatsuri-yoso.com/fish/kawahagi.html,1,10,0.1,8.3
2026-08-05,https://funatsuri-yoso.com/fish/kinmedai.html,0,1,0,11
2026-08-05,https://funatsuri-yoso.com/fish/kintoki.html,0,1,0,5
2026-08-05,https://funatsuri-yoso.com/fish/kurodai.html,0,2,0,6.5
2026-08-05,https://funatsuri-yoso.com/fish/kuromutsu.html,0,2,0,6.5
2026-08-05,https://funatsuri-yoso.com/fish/madako.html,0,4,0,7.25
2026-08-05,https://funatsuri-yoso.com/fish/magochi.html,1,5,0.2,15
2026-08-05,https://funatsuri-yoso.com/fish/maruika.html,0,10,0,6.4
2026-08-05,https://funatsuri-yoso.com/fish/mugiika.html,2,4,0.5,6.5
2026-08-05,https://funatsuri-yoso.com/fish/seabass.html,0,1,0,9
2026-08-05,https://funatsuri-yoso.com/fish/shiira.html,0,1,0,10
2026-08-05,https://funatsuri-yoso.com/fish/shima-aji.html,2,15,0.133333,8.8
2026-08-05,https://funatsuri-yoso.com/fish/shirogisu.html,0,3,0,6.67
2026-08-05,https://funatsuri-yoso.com/fish/shousaifugu.html,0,1,0,16
2026-08-05,https://funatsuri-yoso.com/fish/tachiuo.html,0,13,0,8.62
2026-08-05,https://funatsuri-yoso.com/fish/torafugu.html,0,3,0,11.33
2026-08-05,https://funatsuri-yoso.com/fish/warasa.html,0,1,0,7
2026-08-05,https://funatsuri-yoso.com/fish_area/aji-edogawa.html,0,1,0,10
2026-08-05,https://funatsuri-yoso.com/fish_area/aji-koshiba.html,0,1,0,10
2026-08-05,https://funatsuri-yoso.com/fish_area/aji-odawara-hayakawa.html,0,1,0,4
2026-08-05,https://funatsuri-yoso.com/fish_area/aji-yokohama.html,0,7,0,8.71
2026-08-05,https://funatsuri-yoso.com/fish_area/akamutsu-hasaki.html,0,1,0,9
2026-08-05,https://funatsuri-yoso.com/fish_area/ara-togawa.html,1,1,1,3
2026-08-05,https://funatsuri-yoso.com/fish_area/fugu-urayasu.html,0,1,0,9
2026-08-05,https://funatsuri-yoso.com/fish_area/hata-sajima.html,0,1,0,9
2026-08-05,https://funatsuri-yoso.com/fish_area/hirame-iioka.html,0,2,0,36.5
2026-08-05,https://funatsuri-yoso.com/fish_area/hirame-oarai.html,0,1,0,8
2026-08-05,https://funatsuri-yoso.com/fish_area/inada-odawara-hayakawa.html,0,2,0,11
2026-08-05,https://funatsuri-yoso.com/fish_area/isaki-kuryo.html,0,3,0,6.67
2026-08-05,https://funatsuri-yoso.com/fish_area/isaki-sajima.html,0,1,0,11
2026-08-05,https://funatsuri-yoso.com/fish_area/ishimochi-kanazawa-hakkei.html,0,1,0,11
2026-08-05,https://funatsuri-yoso.com/fish_area/ishimochi-yokohama.html,0,1,0,3
2026-08-05,https://funatsuri-yoso.com/fish_area/kasago-kanazawa-hakkei.html,0,1,0,6
2026-08-05,https://funatsuri-yoso.com/fish_area/katsuo-kotsubo.html,0,2,0,9.5
2026-08-05,https://funatsuri-yoso.com/fish_area/kawahagi-kanaya.html,0,1,0,8
2026-08-05,https://funatsuri-yoso.com/fish_area/kihada-maguro-chigasaki.html,0,1,0,6
2026-08-05,https://funatsuri-yoso.com/fish_area/kihada-maguro-hayama-abuzuri.html,0,1,0,8
2026-08-05,https://funatsuri-yoso.com/fish_area/kihada-maguro-nagai.html,0,3,0,13
2026-08-05,https://funatsuri-yoso.com/fish_area/kuromutsu-ajiro-port.html,0,1,0,16
2026-08-05,https://funatsuri-yoso.com/fish_area/madai-iioka.html,0,2,0,9.5
2026-08-05,https://funatsuri-yoso.com/fish_area/madai-ohara.html,0,2,0,8.5
2026-08-05,https://funatsuri-yoso.com/fish_area/magochi-kashima.html,0,3,0,8.67
2026-08-05,https://funatsuri-yoso.com/fish_area/shima-aji-ohara.html,0,12,0,8.83
2026-08-05,https://funatsuri-yoso.com/fish_area/shousaifugu-ohara.html,0,4,0,19.25
2026-08-05,https://funatsuri-yoso.com/fish_area/surumeika-matsuwa-maguchi.html,0,1,0,32
2026-08-05,https://funatsuri-yoso.com/fish_area/tachiuo-fukuda.html,0,1,0,6
2026-08-05,https://funatsuri-yoso.com/fish_area/tachiuo-yaizu-ogawa.html,0,1,0,11
2026-08-05,https://funatsuri-yoso.com/monthly/2026-05/isaki.html,0,1,0,7
2026-08-05,https://funatsuri-yoso.com/ship/daisan-kariyushi-maru.html,0,1,0,9
2026-08-05,https://funatsuri-yoso.com/ship/fudo-maru.html,0,1,0,9
2026-08-05,https://funatsuri-yoso.com/ship/gibei-maru.html,0,1,0,7
2026-08-05,https://funatsuri-yoso.com/ship/gishin-maru.html,0,1,0,7
2026-08-05,https://funatsuri-yoso.com/ship/goro-maru.html,0,2,0,8
2026-08-05,https://funatsuri-yoso.com/ship/heisaku-maru.html,0,1,0,7
2026-08-05,https://funatsuri-yoso.com/ship/hitachi-maru.html,0,1,0,9
2026-08-05,https://funatsuri-yoso.com/ship/irifune.html,0,1,0,4
2026-08-05,https://funatsuri-yoso.com/ship/kako-maru.html,0,2,0,8.5
2026-08-05,https://funatsuri-yoso.com/ship/kamoshita-maru-kawana.html,0,1,0,9
2026-08-05,https://funatsuri-yoso.com/ship/katsumi-maru.html,0,1,0,9
2026-08-05,https://funatsuri-yoso.com/ship/kikyu-maru.html,0,20,0,7.8
2026-08-05,https://funatsuri-yoso.com/ship/ko-maru-oiso.html,0,5,0,8.2
2026-08-05,https://funatsuri-yoso.com/ship/ko-maru.html,0,6,0,8.67
2026-08-05,https://funatsuri-yoso.com/ship/kotobuki-maru.html,0,3,0,7
2026-08-05,https://funatsuri-yoso.com/ship/omatsu-maru.html,0,1,0,12
2026-08-05,https://funatsuri-yoso.com/ship/onuki-maru.html,0,1,0,11
2026-08-05,https://funatsuri-yoso.com/ship/sashima-kairakuen.html,0,3,0,8.67
2026-08-05,https://funatsuri-yoso.com/ship/seisho-maru.html,0,2,0,10
2026-08-05,https://funatsuri-yoso.com/ship/shojiro-maru.html,0,17,0,10.88
2026-08-05,https://funatsuri-yoso.com/ship/tomo-maru.html,0,1,0,7
2026-08-05,https://funatsuri-yoso.com/ship/tsuribune-tsuru.html,0,1,0,9
2026-08-05,https://funatsuri-yoso.com/ship/yamashita-maru.html,0,1,0,8
2026-08-05,https://funatsuri-yoso.com/ship/yonemoto-tsuribuneten.html,0,1,0,8
2026-08-05,https://funatsuri-yoso.com/x_post/2026-06-12.html,0,1,0,8
2026-08-05,https://funatsuri-yoso.com/x_post/2026-08-01.html,0,1,0,8
2026-08-05,https://funatsuri-yoso.com/x_post/2026-08-02.html,1,3,0.333333,7.33
2026-08-06,https://funatsuri-yoso.com/,2,13,0.153846,8.62
2026-08-06,https://funatsuri-yoso.com/area/aihama.html,0,3,0,6.33
2026-08-06,https://funatsuri-yoso.com/area/ajiro-port.html,0,1,0,8
2026-08-06,https://funatsuri-yoso.com/area/amatsu.html,0,13,0,9.54
2026-08-06,https://funatsuri-yoso.com/area/arari.html,1,1,1,2
2026-08-06,https://funatsuri-yoso.com/area/atami-port.html,0,1,0,7
2026-08-06,https://funatsuri-yoso.com/area/emi.html,0,1,0,11
2026-08-06,https://funatsuri-yoso.com/area/enoura.html,0,11,0,4.82
2026-08-06,https://funatsuri-yoso.com/area/fukuura-yugawara.html,0,2,0,10.5
2026-08-06,https://funatsuri-yoso.com/area/futtsu.html,0,12,0,6.25
2026-08-06,https://funatsuri-yoso.com/area/hasaki-shinko.html,0,2,0,9
2026-08-06,https://funatsuri-yoso.com/area/hiratsuka.html,0,3,0,11.33
2026-08-06,https://funatsuri-yoso.com/area/hitachi-kuji.html,1,2,0.5,8
2026-08-06,https://funatsuri-yoso.com/area/hota.html,0,1,0,1
2026-08-06,https://funatsuri-yoso.com/area/iioka.html,1,90,0.011111,6.18
2026-08-06,https://funatsuri-yoso.com/area/kanaya.html,1,30,0.033333,7.77
2026-08-06,https://funatsuri-yoso.com/area/kanazawa-hakkei.html,0,3,0,8.33
2026-08-06,https://funatsuri-yoso.com/area/kashima.html,0,1,0,11
2026-08-06,https://funatsuri-yoso.com/area/katsuura.html,1,80,0.0125,10
2026-08-06,https://funatsuri-yoso.com/area/kawana.html,0,1,0,10
2026-08-06,https://funatsuri-yoso.com/area/koshigoe.html,0,3,0,8.67
2026-08-06,https://funatsuri-yoso.com/area/kuryo.html,0,10,0,9.4
2026-08-06,https://funatsuri-yoso.com/area/manazuru-port.html,0,4,0,5.25
2026-08-06,https://funatsuri-yoso.com/area/matsuwa-ena.html,0,2,0,12.5
2026-08-06,https://funatsuri-yoso.com/area/nakaminato.html,0,3,0,9
2026-08-06,https://funatsuri-yoso.com/area/oarai.html,0,15,0,7.67
2026-08-06,https://funatsuri-yoso.com/area/ohara.html,0,9,0,25
2026-08-06,https://funatsuri-yoso.com/area/omaezaki.html,0,18,0,9.33
2026-08-06,https://funatsuri-yoso.com/area/sajima.html,1,14,0.071429,9.93
2026-08-06,https://funatsuri-yoso.com/area/shiba.html,0,6,0,11
2026-08-06,https://funatsuri-yoso.com/area/shizuura.html,1,24,0.041667,10
2026-08-06,https://funatsuri-yoso.com/area/susaki.html,0,3,0,9
2026-08-06,https://funatsuri-yoso.com/area/teishi.html,0,1,0,9
2026-08-06,https://funatsuri-yoso.com/calendar.html,2,9,0.222222,7.44
2026-08-06,https://funatsuri-yoso.com/column/data-de-miru-kanto-no-shun.html,0,1,0,7
2026-08-06,https://funatsuri-yoso.com/fish/,0,2,0,4
2026-08-06,https://funatsuri-yoso.com/fish/aji.html,0,6,0,8.17
2026-08-06,https://funatsuri-yoso.com/fish/akamutsu.html,0,1,0,9
2026-08-06,https://funatsuri-yoso.com/fish/amadai.html,0,1,0,7
2026-08-06,https://funatsuri-yoso.com/fish/aoriika.html,0,5,0,5.8
2026-08-06,https://funatsuri-yoso.com/fish/ara.html,1,3,0.333333,6.33
2026-08-06,https://funatsuri-yoso.com/fish/hirame.html,0,10,0,7.2
2026-08-06,https://funatsuri-yoso.com/fish/inada.html,0,4,0,6.75
2026-08-06,https://funatsuri-yoso.com/fish/isaki.html,0,4,0,8.25
2026-08-06,https://funatsuri-yoso.com/fish/ishimochi.html,0,2,0,8.5
2026-08-06,https://funatsuri-yoso.com/fish/kanpachi.html,2,20,0.1,9.1
2026-08-06,https://funatsuri-yoso.com/fish/karei.html,0,2,0,6
2026-08-06,https://funatsuri-yoso.com/fish/kasago.html,0,2,0,4
2026-08-06,https://funatsuri-yoso.com/fish/katsuo.html,0,19,0,10.05
2026-08-06,https://funatsuri-yoso.com/fish/kawahagi.html,0,3,0,8
2026-08-06,https://funatsuri-yoso.com/fish/kintoki.html,0,1,0,9
2026-08-06,https://funatsuri-yoso.com/fish/kurodai.html,0,2,0,9
2026-08-06,https://funatsuri-yoso.com/fish/kuromutsu.html,0,4,0,5.25
2026-08-06,https://funatsuri-yoso.com/fish/madai.html,0,2,0,8
2026-08-06,https://funatsuri-yoso.com/fish/madako.html,0,6,0,8.67
2026-08-06,https://funatsuri-yoso.com/fish/magochi.html,0,10,0,8.3
2026-08-06,https://funatsuri-yoso.com/fish/maruika.html,0,8,0,7.12
2026-08-06,https://funatsuri-yoso.com/fish/mugiika.html,0,4,0,8.25
2026-08-06,https://funatsuri-yoso.com/fish/saba.html,0,1,0,1
2026-08-06,https://funatsuri-yoso.com/fish/shiira.html,1,1,1,12
2026-08-06,https://funatsuri-yoso.com/fish/shima-aji.html,0,9,0,7.67
2026-08-06,https://funatsuri-yoso.com/fish/shousaifugu.html,0,1,0,10
2026-08-06,https://funatsuri-yoso.com/fish/sumiika.html,0,1,0,10
2026-08-06,https://funatsuri-yoso.com/fish/tachiuo.html,0,21,0,11.1
2026-08-06,https://funatsuri-yoso.com/fish/torafugu.html,0,1,0,18
2026-08-06,https://funatsuri-yoso.com/fish/warasa.html,0,4,0,7.75
2026-08-06,https://funatsuri-yoso.com/fish/yariika.html,0,1,0,9
2026-08-06,https://funatsuri-yoso.com/fish_area/aji-hiratsuka.html,0,1,0,9
2026-08-06,https://funatsuri-yoso.com/fish_area/aji-urayasu.html,0,1,0,8
2026-08-06,https://funatsuri-yoso.com/fish_area/aji-yokohama.html,0,6,0,6.83
2026-08-06,https://funatsuri-yoso.com/fish_area/bishi-aji-kanaya.html,0,1,0,23
2026-08-06,https://funatsuri-yoso.com/fish_area/hanadai-katakai.html,1,1,1,1
2026-08-06,https://funatsuri-yoso.com/fish_area/hanadai-oarai.html,1,1,1,1
2026-08-06,https://funatsuri-yoso.com/fish_area/hirame-hayama-abuzuri.html,0,1,0,3
2026-08-06,https://funatsuri-yoso.com/fish_area/hirame-iioka.html,0,2,0,7
2026-08-06,https://funatsuri-yoso.com/fish_area/hirame-togawa.html,0,11,0,8
2026-08-06,https://funatsuri-yoso.com/fish_area/inada-oarai.html,0,2,0,7.5
2026-08-06,https://funatsuri-yoso.com/fish_area/isaki-kuryo.html,0,6,0,10
2026-08-06,https://funatsuri-yoso.com/fish_area/kanko-hasaki-shinko.html,0,1,0,6
2026-08-06,https://funatsuri-yoso.com/fish_area/kanpachi-shimoda.html,0,1,0,5
2026-08-06,https://funatsuri-yoso.com/fish_area/kasago-%E9%B9%BF%E5%B6%8B%E6%96%B0%E6%B8%AF.html,0,1,0,5
2026-08-06,https://funatsuri-yoso.com/fish_area/kasago-ohara.html,1,2,0.5,4
2026-08-06,https://funatsuri-yoso.com/fish_area/kawahagi-matsuwa-ena.html,0,2,0,6
2026-08-06,https://funatsuri-yoso.com/fish_area/kinmedai-shimoda.html,0,1,0,7
2026-08-06,https://funatsuri-yoso.com/fish_area/madai-kashima.html,0,1,0,9
2026-08-06,https://funatsuri-yoso.com/fish_area/madai-ohara.html,0,3,0,8
2026-08-06,https://funatsuri-yoso.com/fish_area/magochi-hachimanbashi.html,0,1,0,7
2026-08-06,https://funatsuri-yoso.com/fish_area/mahata-kashima.html,0,1,0,2
2026-08-06,https://funatsuri-yoso.com/fish_area/medai-omaezaki.html,0,1,0,3
2026-08-06,https://funatsuri-yoso.com/fish_area/shima-aji-ohara.html,1,17,0.058824,9.29
2026-08-06,https://funatsuri-yoso.com/fish_area/shousaifugu-ohara.html,0,1,0,12
2026-08-06,https://funatsuri-yoso.com/fish_area/tachiuo-fukuda.html,0,3,0,3
2026-08-06,https://funatsuri-yoso.com/fish_area/tachiuo-koshiba.html,0,2,0,10.5
2026-08-06,https://funatsuri-yoso.com/fish_area/tachiuo-kurihama.html,0,1,0,10
2026-08-06,https://funatsuri-yoso.com/fish_area/tachiuo-nagaura.html,1,1,1,2
2026-08-06,https://funatsuri-yoso.com/fish_area/tachiuo-yaizu-ogawa.html,0,1,0,10
2026-08-06,https://funatsuri-yoso.com/fish_area/tachiuo-yokohama-shinyamashita.html,0,1,0,10
2026-08-06,https://funatsuri-yoso.com/fish_area/warasa-matsuwa-maguchi.html,0,1,0,32
2026-08-06,https://funatsuri-yoso.com/monthly/2026-05/maruika.html,0,1,0,3
2026-08-06,https://funatsuri-yoso.com/monthly/2026-06/madako.html,0,1,0,7
2026-08-06,https://funatsuri-yoso.com/pages/about.html,0,1,0,6
2026-08-06,https://funatsuri-yoso.com/ship/amasakeya-maru.html,0,1,0,5
2026-08-06,https://funatsuri-yoso.com/ship/daini-yosei-maru.html,0,4,0,9.25
2026-08-06,https://funatsuri-yoso.com/ship/dengoro-maru.html,0,1,0,8
2026-08-06,https://funatsuri-yoso.com/ship/fudo-maru.html,0,1,0,8
2026-08-06,https://funatsuri-yoso.com/ship/fuji-maru.html,0,1,0,10
2026-08-06,https://funatsuri-yoso.com/ship/fujin-maru.html,0,2,0,9
2026-08-06,https://funatsuri-yoso.com/ship/fukada-masao-maru.html,0,4,0,8.25
2026-08-06,https://funatsuri-yoso.com/ship/goro-maru.html,0,1,0,7
2026-08-06,https://funatsuri-yoso.com/ship/hamasei-maru.html,0,1,0,5
2026-08-06,https://funatsuri-yoso.com/ship/hitachi-maru.html,0,3,0,8.33
2026-08-06,https://funatsuri-yoso.com/ship/irifune.html,0,1,0,9
2026-08-06,https://funatsuri-yoso.com/ship/juroheimaru.html,0,1,0,7
2026-08-06,https://funatsuri-yoso.com/ship/kamoshita-maru-kawana.html,0,3,0,10
2026-08-06,https://funatsuri-yoso.com/ship/kikyu-maru.html,0,3,0,12.33
2026-08-06,https://funatsuri-yoso.com/ship/ko-maru-oiso.html,0,1,0,8
2026-08-06,https://funatsuri-yoso.com/ship/ko-maru.html,0,4,0,9
2026-08-06,https://funatsuri-yoso.com/ship/kotoku-maru.html,0,2,0,6
2026-08-06,https://funatsuri-yoso.com/ship/kurokawa-honke-kurihama.html,0,1,0,11
2026-08-06,https://funatsuri-yoso.com/ship/marubachi.html,0,1,0,9
2026-08-06,https://funatsuri-yoso.com/ship/omatsu-maru.html,0,2,0,7.5
2026-08-06,https://funatsuri-yoso.com/ship/sanjiro-maru.html,0,3,0,9.33
2026-08-06,https://funatsuri-yoso.com/ship/sashima-kairakuen.html,0,4,0,11.5
2026-08-06,https://funatsuri-yoso.com/ship/seiei-maru.html,0,2,0,8
2026-08-06,https://funatsuri-yoso.com/ship/seisho-maru.html,0,3,0,7.33
2026-08-06,https://funatsuri-yoso.com/ship/shojiro-maru.html,0,18,0,11.17
2026-08-06,https://funatsuri-yoso.com/ship/taiko-maru.html,0,1,0,9
2026-08-06,https://funatsuri-yoso.com/ship/taro-maru.html,0,3,0,8.33
2026-08-06,https://funatsuri-yoso.com/ship/tomo-maru.html,0,1,0,7
2026-08-06,https://funatsuri-yoso.com/ship/tsuribune-tsuru.html,0,5,0,7.6
2026-08-06,https://funatsuri-yoso.com/ship/ueda-maru.html,0,1,0,10
2026-08-06,https://funatsuri-yoso.com/ship/yonemoto-tsuribuneten.html,0,1,0,10
2026-08-06,https://funatsuri-yoso.com/ship/yuko-maru-iioka.html,0,1,0,7
2026-08-06,https://funatsuri-yoso.com/x_post/2026-07-09.html,0,1,0,7
2026-08-06,https://funatsuri-yoso.com/x_post/2026-07-14.html,0,1,0,5
2026-08-06,https://funatsuri-yoso.com/x_post/2026-07-23.html,0,2,0,4.5
2026-08-06,https://funatsuri-yoso.com/x_post/2026-08-02.html,0,3,0,5
2026-08-07,https://funatsuri-yoso.com/,0,30,0,9.6
2026-08-07,https://funatsuri-yoso.com/area/aihama.html,0,3,0,6.33
2026-08-07,https://funatsuri-yoso.com/area/ajiro-port.html,0,3,0,8.33
2026-08-07,https://funatsuri-yoso.com/area/amatsu.html,0,10,0,8.4
2026-08-07,https://funatsuri-yoso.com/area/arari.html,0,2,0,5
2026-08-07,https://funatsuri-yoso.com/area/atami-port.html,0,2,0,8
2026-08-07,https://funatsuri-yoso.com/area/enoura.html,1,11,0.090909,5.09
2026-08-07,https://funatsuri-yoso.com/area/fukuura-yugawara.html,0,3,0,8.67
2026-08-07,https://funatsuri-yoso.com/area/futtsu.html,0,9,0,6.33
2026-08-07,https://funatsuri-yoso.com/area/hasaki-shinko.html,0,3,0,6.33
2026-08-07,https://funatsuri-yoso.com/area/hayama-abuzuri.html,0,1,0,6
2026-08-07,https://funatsuri-yoso.com/area/heiwajima.html,0,1,0,8
2026-08-07,https://funatsuri-yoso.com/area/hitachi-kuji.html,0,1,0,5
2026-08-07,https://funatsuri-yoso.com/area/iioka.html,3,96,0.03125,4.81
2026-08-07,https://funatsuri-yoso.com/area/ito-shi.html,0,4,0,7.5
2026-08-07,https://funatsuri-yoso.com/area/kanaya.html,1,51,0.019608,7.98
2026-08-07,https://funatsuri-yoso.com/area/kanazawa-hakkei.html,0,4,0,17.75
2026-08-07,https://funatsuri-yoso.com/area/katakai.html,0,1,0,8
2026-08-07,https://funatsuri-yoso.com/area/katsuura.html,1,62,0.016129,9.56
2026-08-07,https://funatsuri-yoso.com/area/koshigoe.html,0,1,0,11
2026-08-07,https://funatsuri-yoso.com/area/kuryo.html,0,10,0,8.3
2026-08-07,https://funatsuri-yoso.com/area/matsuwa-ena.html,0,4,0,21
2026-08-07,https://funatsuri-yoso.com/area/nakaminato.html,0,9,0,9
2026-08-07,https://funatsuri-yoso.com/area/oarai.html,0,21,0,6.86
2026-08-07,https://funatsuri-yoso.com/area/ohara.html,0,9,0,14.56
2026-08-07,https://funatsuri-yoso.com/area/omaezaki.html,0,25,0,9.92
2026-08-07,https://funatsuri-yoso.com/area/sajima.html,0,10,0,9.5
2026-08-07,https://funatsuri-yoso.com/area/shiba.html,0,4,0,10
2026-08-07,https://funatsuri-yoso.com/area/shimizu.html,0,1,0,6
2026-08-07,https://funatsuri-yoso.com/area/shin-imaibashi.html,0,3,0,6.67
2026-08-07,https://funatsuri-yoso.com/area/shizuura.html,0,22,0,8.27
2026-08-07,https://funatsuri-yoso.com/area/susaki.html,0,3,0,5
2026-08-07,https://funatsuri-yoso.com/area/usami.html,0,1,0,3
2026-08-07,https://funatsuri-yoso.com/area/yaizu.html,0,3,0,7
2026-08-07,https://funatsuri-yoso.com/area/yoshida.html,0,1,0,6
2026-08-07,https://funatsuri-yoso.com/calendar.html,0,5,0,5.2
2026-08-07,https://funatsuri-yoso.com/fish/,0,7,0,6.29
2026-08-07,https://funatsuri-yoso.com/fish/aji.html,0,8,0,7.75
2026-08-07,https://funatsuri-yoso.com/fish/amadai.html,0,3,0,7.33
2026-08-07,https://funatsuri-yoso.com/fish/anago.html,0,2,0,9.5
2026-08-07,https://funatsuri-yoso.com/fish/aoriika.html,0,7,0,8.14
2026-08-07,https://funatsuri-yoso.com/fish/ara.html,1,3,0.333333,10
2026-08-07,https://funatsuri-yoso.com/fish/hata.html,0,1,0,10
2026-08-07,https://funatsuri-yoso.com/fish/hirame.html,0,4,0,6.75
2026-08-07,https://funatsuri-yoso.com/fish/houbou.html,0,1,0,11
2026-08-07,https://funatsuri-yoso.com/fish/inada.html,0,7,0,8.57
2026-08-07,https://funatsuri-yoso.com/fish/isaki.html,0,2,0,20
2026-08-07,https://funatsuri-yoso.com/fish/ishimochi.html,0,1,0,10
2026-08-07,https://funatsuri-yoso.com/fish/kanpachi.html,1,14,0.071429,7.93
2026-08-07,https://funatsuri-yoso.com/fish/karei.html,0,2,0,7.5
2026-08-07,https://funatsuri-yoso.com/fish/kasago.html,1,5,0.2,8.8
2026-08-07,https://funatsuri-yoso.com/fish/katsuo.html,0,15,0,7.33
2026-08-07,https://funatsuri-yoso.com/fish/kinmedai.html,0,2,0,3.5
2026-08-07,https://funatsuri-yoso.com/fish/kurodai.html,0,3,0,9.33
2026-08-07,https://funatsuri-yoso.com/fish/kuromutsu.html,0,1,0,10
2026-08-07,https://funatsuri-yoso.com/fish/madai.html,0,1,0,7
2026-08-07,https://funatsuri-yoso.com/fish/madako.html,0,9,0,6.33
2026-08-07,https://funatsuri-yoso.com/fish/magochi.html,0,15,0,7.07
2026-08-07,https://funatsuri-yoso.com/fish/maruika.html,0,8,0,10.88
2026-08-07,https://funatsuri-yoso.com/fish/moroko.html,0,1,0,11
2026-08-07,https://funatsuri-yoso.com/fish/mugiika.html,0,4,0,7
2026-08-07,https://funatsuri-yoso.com/fish/saba.html,0,2,0,8.5
2026-08-07,https://funatsuri-yoso.com/fish/shiira.html,0,1,0,11
2026-08-07,https://funatsuri-yoso.com/fish/shima-aji.html,2,11,0.181818,5.73
2026-08-07,https://funatsuri-yoso.com/fish/shousaifugu.html,0,2,0,8.5
2026-08-07,https://funatsuri-yoso.com/fish/tachiuo.html,0,18,0,7.61
2026-08-07,https://funatsuri-yoso.com/fish/torafugu.html,0,1,0,6
2026-08-07,https://funatsuri-yoso.com/fish/warasa.html,1,8,0.125,7.5
2026-08-07,https://funatsuri-yoso.com/fish/yariika.html,0,1,0,6
2026-08-07,https://funatsuri-yoso.com/fish_area/aji-aihama.html,0,1,0,5
2026-08-07,https://funatsuri-yoso.com/fish_area/aji-katase-gyoko.html,0,1,0,9
2026-08-07,https://funatsuri-yoso.com/fish_area/aji-nagaura.html,0,1,0,8
2026-08-07,https://funatsuri-yoso.com/fish_area/aji-odawara-hayakawa.html,0,3,0,8.67
2026-08-07,https://funatsuri-yoso.com/fish_area/aji-yokohama.html,0,6,0,6.5
2026-08-07,https://funatsuri-yoso.com/fish_area/amadai-hitachi-kuji.html,0,1,0,9
2026-08-07,https://funatsuri-yoso.com/fish_area/ara-hasaki.html,0,1,0,4
2026-08-07,https://funatsuri-yoso.com/fish_area/ara-togawa.html,0,1,0,9
2026-08-07,https://funatsuri-yoso.com/fish_area/bishi-aji-kanaya.html,0,1,0,9
2026-08-07,https://funatsuri-yoso.com/fish_area/buri-shimoda.html,0,1,0,8
2026-08-07,https://funatsuri-yoso.com/fish_area/hata-omaezaki.html,1,1,1,5
2026-08-07,https://funatsuri-yoso.com/fish_area/hirame-hasaki.html,0,6,0,7.33
2026-08-07,https://funatsuri-yoso.com/fish_area/hirame-hayama-abuzuri.html,1,1,1,2
2026-08-07,https://funatsuri-yoso.com/fish_area/hirame-iioka.html,0,7,0,7.86
2026-08-07,https://funatsuri-yoso.com/fish_area/houbou-kashima.html,0,1,0,5
2026-08-07,https://funatsuri-yoso.com/fish_area/inada-kashima.html,0,1,0,8
2026-08-07,https://funatsuri-yoso.com/fish_area/isaki-kuryo.html,0,3,0,1
2026-08-07,https://funatsuri-yoso.com/fish_area/kaiwari-usami.html,0,1,0,5
2026-08-07,https://funatsuri-yoso.com/fish_area/kanpachi-teishi.html,0,1,0,6
2026-08-07,https://funatsuri-yoso.com/fish_area/kihada-maguro-chigasaki.html,0,2,0,8
2026-08-07,https://funatsuri-yoso.com/fish_area/kihada-maguro-hayama-abuzuri.html,0,1,0,4
2026-08-07,https://funatsuri-yoso.com/fish_area/kihada-maguro-nagai.html,0,1,0,4
2026-08-07,https://funatsuri-yoso.com/fish_area/kuromutsu-kurihama.html,1,1,1,2
2026-08-07,https://funatsuri-yoso.com/fish_area/madai-ajiro-port.html,1,2,0.5,10.5
2026-08-07,https://funatsuri-yoso.com/fish_area/madai-hitachi-kuji.html,0,1,0,7
2026-08-07,https://funatsuri-yoso.com/fish_area/madai-oarai.html,0,1,0,7
2026-08-07,https://funatsuri-yoso.com/fish_area/magochi-edogawa.html,0,1,0,1
2026-08-07,https://funatsuri-yoso.com/fish_area/magochi-kashima.html,0,6,0,12.17
2026-08-07,https://funatsuri-yoso.com/fish_area/saba-kashima.html,0,2,0,8
2026-08-07,https://funatsuri-yoso.com/fish_area/shiira-hiratsuka.html,0,1,0,8
2026-08-07,https://funatsuri-yoso.com/fish_area/shima-aji-ohara.html,1,10,0.1,8.5
2026-08-07,https://funatsuri-yoso.com/fish_area/shousaifugu-ohara.html,0,2,0,14
2026-08-07,https://funatsuri-yoso.com/fish_area/surumeika-matsuwa-maguchi.html,0,2,0,6.5
2026-08-07,https://funatsuri-yoso.com/fish_area/surumeika-nagai-urushiyama.html,0,1,0,8
2026-08-07,https://funatsuri-yoso.com/fish_area/warasa-hasaki.html,0,1,0,6
2026-08-07,https://funatsuri-yoso.com/fish_area/warasa-oarai.html,0,2,0,5
2026-08-07,https://funatsuri-yoso.com/komase-sim/,0,1,0,8
2026-08-07,https://funatsuri-yoso.com/pages/about.html,0,3,0,6.67
2026-08-07,https://funatsuri-yoso.com/ship/blue-dragon.html,0,1,0,4
2026-08-07,https://funatsuri-yoso.com/ship/daini-yosei-maru.html,0,2,0,8
2026-08-07,https://funatsuri-yoso.com/ship/fudo-maru.html,0,2,0,8.5
2026-08-07,https://funatsuri-yoso.com/ship/fujin-maru.html,0,1,0,3
2026-08-07,https://funatsuri-yoso.com/ship/fukada-masao-maru.html,0,1,0,15
2026-08-07,https://funatsuri-yoso.com/ship/fukagawa-fujimi.html,0,1,0,8
2026-08-07,https://funatsuri-yoso.com/ship/gibei-maru.html,0,1,0,7
2026-08-07,https://funatsuri-yoso.com/ship/gishin-maru.html,0,3,0,9
2026-08-07,https://funatsuri-yoso.com/ship/hamasei-maru.html,0,3,0,7.33
2026-08-07,https://funatsuri-yoso.com/ship/harumori-maru.html,0,3,0,8.33
2026-08-07,https://funatsuri-yoso.com/ship/kamoshita-maru-kawana.html,0,1,0,3
2026-08-07,https://funatsuri-yoso.com/ship/kikyu-maru.html,0,3,0,8.67
2026-08-07,https://funatsuri-yoso.com/ship/ko-maru.html,0,2,0,9
2026-08-07,https://funatsuri-yoso.com/ship/kotobuki-maru.html,0,2,0,8
2026-08-07,https://funatsuri-yoso.com/ship/kyuju-maru.html,0,1,0,10
2026-08-07,https://funatsuri-yoso.com/ship/miki-maru-tsuribuneten.html,0,1,0,10
2026-08-07,https://funatsuri-yoso.com/ship/muramoto-kaiji.html,0,6,0,10.83
2026-08-07,https://funatsuri-yoso.com/ship/nagasakiya.html,0,1,0,9
2026-08-07,https://funatsuri-yoso.com/ship/sanjiro-maru.html,0,1,0,7
2026-08-07,https://funatsuri-yoso.com/ship/sashima-kairakuen.html,1,7,0.142857,10.43
2026-08-07,https://funatsuri-yoso.com/ship/seisho-maru.html,0,1,0,7
2026-08-07,https://funatsuri-yoso.com/ship/shinko-maru.html,0,1,0,9
2026-08-07,https://funatsuri-yoso.com/ship/shojiro-maru.html,0,17,0,9.35
2026-08-07,https://funatsuri-yoso.com/ship/taiko-maru.html,0,2,0,10.5
2026-08-07,https://funatsuri-yoso.com/ship/taro-maru.html,0,1,0,9
2026-08-07,https://funatsuri-yoso.com/ship/tetsuo-maru.html,0,1,0,10
2026-08-07,https://funatsuri-yoso.com/ship/tomo-maru.html,0,12,0,6.33
2026-08-07,https://funatsuri-yoso.com/ship/tsuribune-tsuru.html,0,4,0,8.5
2026-08-07,https://funatsuri-yoso.com/ship/yonemoto-tsuribuneten.html,0,2,0,10.5
2026-08-07,https://funatsuri-yoso.com/x_post/,0,1,0,4
2026-08-07,https://funatsuri-yoso.com/x_post/2026-07-23.html,0,1,0,3
2026-08-07,https://funatsuri-yoso.com/x_post/2026-08-02.html,0,6,0,8.5
2026-08-08,https://funatsuri-yoso.com/,0,36,0,10.81
2026-08-08,https://funatsuri-yoso.com/area/,0,1,0,8
2026-08-08,https://funatsuri-yoso.com/area/ajiro-port.html,0,1,0,8
2026-08-08,https://funatsuri-yoso.com/area/amatsu.html,1,26,0.038462,8.5
2026-08-08,https://funatsuri-yoso.com/area/arari.html,0,2,0,5
2026-08-08,https://funatsuri-yoso.com/area/atami-port.html,0,6,0,7.83
2026-08-08,https://funatsuri-yoso.com/area/enoura.html,0,16,0,5.88
2026-08-08,https://funatsuri-yoso.com/area/fukuura-yugawara.html,0,6,0,6.83
2026-08-08,https://funatsuri-yoso.com/area/futtsu.html,1,16,0.0625,11.75
2026-08-08,https://funatsuri-yoso.com/area/hasaki-shinko.html,0,5,0,8.6
2026-08-08,https://funatsuri-yoso.com/area/hiratsuka.html,0,5,0,7.4
2026-08-08,https://funatsuri-yoso.com/area/hitachi-kuji.html,0,2,0,4
2026-08-08,https://funatsuri-yoso.com/area/iioka.html,2,65,0.030769,7.25
2026-08-08,https://funatsuri-yoso.com/area/ito-shi.html,0,2,0,4
2026-08-08,https://funatsuri-yoso.com/area/kanaya.html,1,49,0.020408,8.14
2026-08-08,https://funatsuri-yoso.com/area/kanazawa-hakkei.html,0,4,0,7.75
2026-08-08,https://funatsuri-yoso.com/area/katakai.html,0,3,0,12.33
2026-08-08,https://funatsuri-yoso.com/area/katsuura.html,0,80,0,7.81
2026-08-08,https://funatsuri-yoso.com/area/keihin.html,0,1,0,15
2026-08-08,https://funatsuri-yoso.com/area/kiba.html,0,1,0,5
2026-08-08,https://funatsuri-yoso.com/area/koshigoe.html,0,5,0,9.4
2026-08-08,https://funatsuri-yoso.com/area/kuryo.html,0,7,0,8.14
2026-08-08,https://funatsuri-yoso.com/area/manazuru-port.html,0,3,0,9.67
2026-08-08,https://funatsuri-yoso.com/area/matsuwa-ena.html,0,6,0,10.17
2026-08-08,https://funatsuri-yoso.com/area/matsuzaki.html,0,1,0,9
2026-08-08,https://funatsuri-yoso.com/area/nagaura.html,0,1,0,11
2026-08-08,https://funatsuri-yoso.com/area/nakaminato.html,0,8,0,8.5
2026-08-08,https://funatsuri-yoso.com/area/oarai.html,0,21,0,8.19
2026-08-08,https://funatsuri-yoso.com/area/odawara-hayakawa.html,0,1,0,7
2026-08-08,https://funatsuri-yoso.com/area/ohara.html,0,5,0,7.8
2026-08-08,https://funatsuri-yoso.com/area/omaezaki.html,0,26,0,8.54
2026-08-08,https://funatsuri-yoso.com/area/oohara-oki.html,1,1,1,9
2026-08-08,https://funatsuri-yoso.com/area/ose.html,0,1,0,10
2026-08-08,https://funatsuri-yoso.com/area/sajima.html,0,11,0,7.91
2026-08-08,https://funatsuri-yoso.com/area/shiba.html,0,1,0,11
2026-08-08,https://funatsuri-yoso.com/area/shikamotobashi.html,0,1,0,2
2026-08-08,https://funatsuri-yoso.com/area/shimizu.html,0,1,0,8
2026-08-08,https://funatsuri-yoso.com/area/shizuura.html,1,38,0.026316,7.71
2026-08-08,https://funatsuri-yoso.com/area/susaki.html,0,2,0,8
2026-08-08,https://funatsuri-yoso.com/area/teishi.html,0,2,0,15
2026-08-08,https://funatsuri-yoso.com/area/tomata.html,0,1,0,10
2026-08-08,https://funatsuri-yoso.com/area/usami.html,0,1,0,12
2026-08-08,https://funatsuri-yoso.com/area/yaizu.html,0,4,0,6.5
2026-08-08,https://funatsuri-yoso.com/area/yokohama-honmoku.html,0,1,0,11
2026-08-08,https://funatsuri-yoso.com/calendar.html,0,3,0,28.33
2026-08-08,https://funatsuri-yoso.com/fish/,0,1,0,5
2026-08-08,https://funatsuri-yoso.com/fish/aji.html,0,8,0,8.62
2026-08-08,https://funatsuri-yoso.com/fish/akamutsu.html,0,1,0,8
2026-08-08,https://funatsuri-yoso.com/fish/amadai.html,0,3,0,8.67
2026-08-08,https://funatsuri-yoso.com/fish/anago.html,0,2,0,8.5
2026-08-08,https://funatsuri-yoso.com/fish/aoriika.html,0,4,0,12
2026-08-08,https://funatsuri-yoso.com/fish/ara.html,0,1,0,1
2026-08-08,https://funatsuri-yoso.com/fish/hiramasa.html,0,1,0,8
2026-08-08,https://funatsuri-yoso.com/fish/hirame.html,0,2,0,6
2026-08-08,https://funatsuri-yoso.com/fish/inada.html,0,20,0,7.8
2026-08-08,https://funatsuri-yoso.com/fish/isaki.html,0,3,0,3
2026-08-08,https://funatsuri-yoso.com/fish/ishidai.html,0,1,0,7
2026-08-08,https://funatsuri-yoso.com/fish/ishimochi.html,0,5,0,7.4
2026-08-08,https://funatsuri-yoso.com/fish/kanpachi.html,0,18,0,7.61
2026-08-08,https://funatsuri-yoso.com/fish/karei.html,0,4,0,9.75
2026-08-08,https://funatsuri-yoso.com/fish/kasago.html,0,2,0,7
2026-08-08,https://funatsuri-yoso.com/fish/katsuo.html,0,20,0,9.1
2026-08-08,https://funatsuri-yoso.com/fish/kawahagi.html,1,6,0.166667,6.83
2026-08-08,https://funatsuri-yoso.com/fish/kihada-maguro.html,0,1,0,9
2026-08-08,https://funatsuri-yoso.com/fish/kurodai.html,0,7,0,7.86
2026-08-08,https://funatsuri-yoso.com/fish/kuromutsu.html,0,3,0,5.33
2026-08-08,https://funatsuri-yoso.com/fish/madako.html,0,11,0,8.73
2026-08-08,https://funatsuri-yoso.com/fish/magochi.html,0,16,0,7.5
2026-08-08,https://funatsuri-yoso.com/fish/maruika.html,0,7,0,4.57
2026-08-08,https://funatsuri-yoso.com/fish/mugiika.html,0,2,0,6
2026-08-08,https://funatsuri-yoso.com/fish/saba.html,0,5,0,15
2026-08-08,https://funatsuri-yoso.com/fish/shima-aji.html,0,7,0,6
2026-08-08,https://funatsuri-yoso.com/fish/shousaifugu.html,0,3,0,9.33
2026-08-08,https://funatsuri-yoso.com/fish/tachiuo.html,0,30,0,7.77
2026-08-08,https://funatsuri-yoso.com/fish/warasa.html,0,7,0,8.43
2026-08-08,https://funatsuri-yoso.com/fish_area/aji-katakai.html,0,1,0,7
2026-08-08,https://funatsuri-yoso.com/fish_area/aji-odawara-hayakawa.html,0,1,0,11
2026-08-08,https://funatsuri-yoso.com/fish_area/aji-omaezaki.html,0,1,0,6
2026-08-08,https://funatsuri-yoso.com/fish_area/aji-yokohama.html,0,5,0,7.4
2026-08-08,https://funatsuri-yoso.com/fish_area/aji-yumenoshima.html,0,1,0,5
2026-08-08,https://funatsuri-yoso.com/fish_area/fugu-kashima.html,0,8,0,8.12
2026-08-08,https://funatsuri-yoso.com/fish_area/fugu-ohara.html,0,3,0,8.67
2026-08-08,https://funatsuri-yoso.com/fish_area/hanadai-katakai.html,0,1,0,11
2026-08-08,https://funatsuri-yoso.com/fish_area/hirame-hasaki.html,0,2,0,8.5
2026-08-08,https://funatsuri-yoso.com/fish_area/hirame-hayama-abuzuri.html,0,2,0,6
2026-08-08,https://funatsuri-yoso.com/fish_area/hirame-iioka.html,0,7,0,7.14
2026-08-08,https://funatsuri-yoso.com/fish_area/hirame-kashima.html,0,3,0,6.67
2026-08-08,https://funatsuri-yoso.com/fish_area/inada-kashima.html,0,1,0,9
2026-08-08,https://funatsuri-yoso.com/fish_area/isaki-kuryo.html,0,3,0,11
2026-08-08,https://funatsuri-yoso.com/fish_area/isaki-sajima.html,0,1,0,8
2026-08-08,https://funatsuri-yoso.com/fish_area/kaiwari-usami.html,0,2,0,5.5
2026-08-08,https://funatsuri-yoso.com/fish_area/kanko-hasaki-shinko.html,0,1,0,6
2026-08-08,https://funatsuri-yoso.com/fish_area/kasago-katase-gyoko.html,0,1,0,6
2026-08-08,https://funatsuri-yoso.com/fish_area/katsuo-chigasaki.html,0,2,0,5.5
2026-08-08,https://funatsuri-yoso.com/fish_area/katsuo-kotsubo.html,0,1,0,5
2026-08-08,https://funatsuri-yoso.com/fish_area/katsuo-nagai.html,0,1,0,9
2026-08-08,https://funatsuri-yoso.com/fish_area/kawahagi-kanaya.html,1,1,1,5
2026-08-08,https://funatsuri-yoso.com/fish_area/kihada-maguro-chigasaki.html,0,2,0,6
2026-08-08,https://funatsuri-yoso.com/fish_area/kihada-maguro-hayama-abuzuri.html,0,1,0,5
2026-08-08,https://funatsuri-yoso.com/fish_area/kihada-maguro-nagai.html,0,2,0,8.5
2026-08-08,https://funatsuri-yoso.com/fish_area/magochi-kashima.html,0,6,0,9.33
2026-08-08,https://funatsuri-yoso.com/fish_area/mebaru-kuji.html,0,1,0,8
2026-08-08,https://funatsuri-yoso.com/fish_area/menuke-hasaki-shinko.html,0,1,0,8
2026-08-08,https://funatsuri-yoso.com/fish_area/shima-aji-ohara.html,0,5,0,8.6
2026-08-08,https://funatsuri-yoso.com/fish_area/shirogisu-edogawa.html,0,1,0,9
2026-08-08,https://funatsuri-yoso.com/fish_area/surumeika-matsuwa-maguchi.html,0,1,0,10
2026-08-08,https://funatsuri-yoso.com/fish_area/tachiuo-nagaura.html,0,2,0,7
2026-08-08,https://funatsuri-yoso.com/fish_area/warasa-matsuwa-ena.html,0,1,0,8
2026-08-08,https://funatsuri-yoso.com/monthly/2026-06/madako.html,0,1,0,8
2026-08-08,https://funatsuri-yoso.com/monthly/2026-06/tachiuo.html,0,1,0,9
2026-08-08,https://funatsuri-yoso.com/ship/daini-tsuretaka-maru.html,0,1,0,4
2026-08-08,https://funatsuri-yoso.com/ship/daisan-kariyushi-maru.html,0,1,0,6
2026-08-08,https://funatsuri-yoso.com/ship/daisan-shoei-maru.html,0,1,0,6
2026-08-08,https://funatsuri-yoso.com/ship/dengoro-maru.html,0,1,0,8
2026-08-08,https://funatsuri-yoso.com/ship/fudo-maru.html,0,2,0,8
2026-08-08,https://funatsuri-yoso.com/ship/fuji-maru.html,0,1,0,7
2026-08-08,https://funatsuri-yoso.com/ship/fujin-maru.html,0,1,0,6
2026-08-08,https://funatsuri-yoso.com/ship/fukada-masao-maru.html,0,8,0,9
2026-08-08,https://funatsuri-yoso.com/ship/gishin-maru.html,0,2,0,9
2026-08-08,https://funatsuri-yoso.com/ship/goro-maru.html,0,1,0,10
2026-08-08,https://funatsuri-yoso.com/ship/harumori-maru.html,0,3,0,6.67
2026-08-08,https://funatsuri-yoso.com/ship/heisaku-maru.html,0,1,0,7
2026-08-08,https://funatsuri-yoso.com/ship/hitachi-maru.html,0,1,0,6
2026-08-08,https://funatsuri-yoso.com/ship/ishida-maru.html,0,3,0,8.67
2026-08-08,https://funatsuri-yoso.com/ship/kamoshita-maru-kawana.html,0,1,0,8
2026-08-08,https://funatsuri-yoso.com/ship/kikyu-maru.html,0,7,0,15.29
2026-08-08,https://funatsuri-yoso.com/ship/ko-maru-oiso.html,0,2,0,8.5
2026-08-08,https://funatsuri-yoso.com/ship/ko-maru.html,0,1,0,7
2026-08-08,https://funatsuri-yoso.com/ship/kotobuki-maru.html,0,2,0,8
2026-08-08,https://funatsuri-yoso.com/ship/kotoku-maru.html,0,3,0,4.33
2026-08-08,https://funatsuri-yoso.com/ship/masanobu-maru.html,0,1,0,7
2026-08-08,https://funatsuri-yoso.com/ship/muramoto-kaiji.html,0,2,0,9.5
2026-08-08,https://funatsuri-yoso.com/ship/nagasakiya.html,0,1,0,9
2026-08-08,https://funatsuri-yoso.com/ship/narigin-maru.html,0,1,0,5
2026-08-08,https://funatsuri-yoso.com/ship/onuki-maru.html,0,2,0,8.5
2026-08-08,https://funatsuri-yoso.com/ship/sashima-kairakuen.html,1,6,0.166667,17.33
2026-08-08,https://funatsuri-yoso.com/ship/seiei-maru.html,0,3,0,20
2026-08-08,https://funatsuri-yoso.com/ship/seisho-maru.html,0,1,0,10
2026-08-08,https://funatsuri-yoso.com/ship/shohachi-maru.html,0,1,0,8
2026-08-08,https://funatsuri-yoso.com/ship/shojiro-maru.html,0,20,0,11.85
2026-08-08,https://funatsuri-yoso.com/ship/taro-maru.html,0,2,0,7
2026-08-08,https://funatsuri-yoso.com/ship/tetsuo-maru.html,0,1,0,3
2026-08-08,https://funatsuri-yoso.com/ship/tomo-maru.html,0,15,0,8.73
2026-08-08,https://funatsuri-yoso.com/ship/tsuribune-tsuru.html,0,5,0,7.8
2026-08-08,https://funatsuri-yoso.com/ship/tsurihana-maru-seekers.html,0,1,0,7
2026-08-08,https://funatsuri-yoso.com/ship/yuko-maru-iioka.html,0,1,0,9
2026-08-08,https://funatsuri-yoso.com/x_post/2026-08-01.html,0,2,0,9.5
2026-08-08,https://funatsuri-yoso.com/x_post/2026-08-02.html,0,2,0,6
2026-08-08,https://funatsuri-yoso.com/x_post/2026-08-03.html,0,12,0,8
2026-08-09,https://funatsuri-yoso.com/,0,30,0,7.93
2026-08-09,https://funatsuri-yoso.com/area/,0,1,0,7
2026-08-09,https://funatsuri-yoso.com/area/amatsu.html,0,14,0,8.36
2026-08-09,https://funatsuri-yoso.com/area/arari.html,0,1,0,10
2026-08-09,https://funatsuri-yoso.com/area/atami-port.html,0,3,0,9
2026-08-09,https://funatsuri-yoso.com/area/enoura.html,1,6,0.166667,4.83
2026-08-09,https://funatsuri-yoso.com/area/fukuura-yugawara.html,0,10,0,10.3
2026-08-09,https://funatsuri-yoso.com/area/futtsu.html,1,21,0.047619,6.76
2026-08-09,https://funatsuri-yoso.com/area/hachimanbashi.html,0,1,0,3
2026-08-09,https://funatsuri-yoso.com/area/hiratsuka.html,0,3,0,7.33
2026-08-09,https://funatsuri-yoso.com/area/hitachi-kuji.html,0,2,0,9
2026-08-09,https://funatsuri-yoso.com/area/iioka.html,2,41,0.04878,6.93
2026-08-09,https://funatsuri-yoso.com/area/ito-shi.html,0,1,0,11
2026-08-09,https://funatsuri-yoso.com/area/kanaya.html,3,57,0.052632,7.37
2026-08-09,https://funatsuri-yoso.com/area/kanazawa-hakkei.html,0,5,0,7.2
2026-08-09,https://funatsuri-yoso.com/area/kashima.html,0,2,0,5
2026-08-09,https://funatsuri-yoso.com/area/katsuura.html,3,54,0.055556,9.48
2026-08-09,https://funatsuri-yoso.com/area/kiba.html,0,1,0,5
2026-08-09,https://funatsuri-yoso.com/area/koshigoe.html,1,3,0.333333,8
2026-08-09,https://funatsuri-yoso.com/area/kuryo.html,0,12,0,9.92
2026-08-09,https://funatsuri-yoso.com/area/manazuru-port.html,0,1,0,7
2026-08-09,https://funatsuri-yoso.com/area/matsuwa-ena.html,0,1,0,7
2026-08-09,https://funatsuri-yoso.com/area/nagaura.html,0,1,0,8
2026-08-09,https://funatsuri-yoso.com/area/nakaminato.html,0,7,0,7.71
2026-08-09,https://funatsuri-yoso.com/area/oarai.html,1,33,0.030303,7.58
2026-08-09,https://funatsuri-yoso.com/area/odawara-hayakawa.html,0,1,0,11
2026-08-09,https://funatsuri-yoso.com/area/ohara.html,0,8,0,11.12
2026-08-09,https://funatsuri-yoso.com/area/omaezaki.html,1,21,0.047619,9.62
2026-08-09,https://funatsuri-yoso.com/area/ose.html,1,1,1,4
2026-08-09,https://funatsuri-yoso.com/area/sajima.html,0,15,0,8.33
2026-08-09,https://funatsuri-yoso.com/area/samezu-katsushima.html,0,1,0,7
2026-08-09,https://funatsuri-yoso.com/area/shimizu.html,0,2,0,7.5
2026-08-09,https://funatsuri-yoso.com/area/shizuura.html,0,22,0,10
2026-08-09,https://funatsuri-yoso.com/area/susaki.html,0,2,0,7
2026-08-09,https://funatsuri-yoso.com/area/tagonoura.html,0,2,0,10.5
2026-08-09,https://funatsuri-yoso.com/area/tomata.html,0,1,0,2
2026-08-09,https://funatsuri-yoso.com/area/yaizu.html,0,2,0,5
2026-08-09,https://funatsuri-yoso.com/area/yokohama-honmoku.html,0,1,0,9
2026-08-09,https://funatsuri-yoso.com/calendar.html,0,20,0,7.85
2026-08-09,https://funatsuri-yoso.com/fish-value/,0,1,0,10
2026-08-09,https://funatsuri-yoso.com/fish/,0,2,0,5
2026-08-09,https://funatsuri-yoso.com/fish/aji.html,0,14,0,7.86
2026-08-09,https://funatsuri-yoso.com/fish/amadai.html,0,3,0,8
2026-08-09,https://funatsuri-yoso.com/fish/anago.html,0,2,0,8
2026-08-09,https://funatsuri-yoso.com/fish/aoriika.html,0,6,0,7.83
2026-08-09,https://funatsuri-yoso.com/fish/ara.html,0,1,0,8
2026-08-09,https://funatsuri-yoso.com/fish/bishi-aji.html,1,2,0.5,19
2026-08-09,https://funatsuri-yoso.com/fish/hanadai.html,0,1,0,1
2026-08-09,https://funatsuri-yoso.com/fish/hirame.html,0,7,0,6.86
2026-08-09,https://funatsuri-yoso.com/fish/inada.html,1,12,0.083333,5.83
2026-08-09,https://funatsuri-yoso.com/fish/isaki.html,0,4,0,6.75
2026-08-09,https://funatsuri-yoso.com/fish/kamasu.html,0,2,0,6
2026-08-09,https://funatsuri-yoso.com/fish/kanpachi.html,2,24,0.083333,7.42
2026-08-09,https://funatsuri-yoso.com/fish/karei.html,0,3,0,3.33
2026-08-09,https://funatsuri-yoso.com/fish/kasago.html,0,1,0,10
2026-08-09,https://funatsuri-yoso.com/fish/katsuo.html,0,20,0,9.55
2026-08-09,https://funatsuri-yoso.com/fish/kawahagi.html,0,3,0,14.33
2026-08-09,https://funatsuri-yoso.com/fish/kihada-maguro.html,0,1,0,3
2026-08-09,https://funatsuri-yoso.com/fish/kinmedai.html,0,3,0,5.33
2026-08-09,https://funatsuri-yoso.com/fish/kurodai.html,0,2,0,8.5
2026-08-09,https://funatsuri-yoso.com/fish/kuromutsu.html,0,1,0,4
2026-08-09,https://funatsuri-yoso.com/fish/madako.html,0,7,0,10.43
2026-08-09,https://funatsuri-yoso.com/fish/magochi.html,0,14,0,7.86
2026-08-09,https://funatsuri-yoso.com/fish/maruika.html,0,9,0,6.89
2026-08-09,https://funatsuri-yoso.com/fish/mugiika.html,0,2,0,8
2026-08-09,https://funatsuri-yoso.com/fish/saba.html,0,5,0,8.8
2026-08-09,https://funatsuri-yoso.com/fish/shiira.html,0,2,0,9.5
2026-08-09,https://funatsuri-yoso.com/fish/shima-aji.html,1,13,0.076923,7.08
2026-08-09,https://funatsuri-yoso.com/fish/shiro-amadai.html,0,1,0,9
2026-08-09,https://funatsuri-yoso.com/fish/shirogisu.html,0,2,0,8.5
2026-08-09,https://funatsuri-yoso.com/fish/shousaifugu.html,0,2,0,2.5
2026-08-09,https://funatsuri-yoso.com/fish/tachiuo.html,0,22,0,7.45
2026-08-09,https://funatsuri-yoso.com/fish/tai-gomoku.html,0,1,0,9
2026-08-09,https://funatsuri-yoso.com/fish/torafugu.html,0,2,0,9.5
2026-08-09,https://funatsuri-yoso.com/fish/warasa.html,0,12,0,7.5
2026-08-09,https://funatsuri-yoso.com/fish_area/aji-chigasaki.html,0,1,0,13
2026-08-09,https://funatsuri-yoso.com/fish_area/aji-katakai.html,0,1,0,8
2026-08-09,https://funatsuri-yoso.com/fish_area/aji-oiso.html,0,1,0,15
2026-08-09,https://funatsuri-yoso.com/fish_area/aji-omaezaki.html,0,2,0,7.5
2026-08-09,https://funatsuri-yoso.com/fish_area/aji-yokohama-shinyamashita.html,0,1,0,9
2026-08-09,https://funatsuri-yoso.com/fish_area/aji-yokohama.html,0,4,0,10.25
2026-08-09,https://funatsuri-yoso.com/fish_area/amadai-hitachi-kuji.html,0,1,0,5
2026-08-09,https://funatsuri-yoso.com/fish_area/buri-shimoda.html,0,2,0,8
2026-08-09,https://funatsuri-yoso.com/fish_area/fugu-kashima.html,0,1,0,9
2026-08-09,https://funatsuri-yoso.com/fish_area/hata-%E6%9D%BE%E5%B4%8E%E7%94%BA%E6%9D%BE%E5%B4%8E%E6%B8%AF.html,0,1,0,9
2026-08-09,https://funatsuri-yoso.com/fish_area/hirame-hasaki.html,0,2,0,7
2026-08-09,https://funatsuri-yoso.com/fish_area/hirame-iioka.html,0,10,0,6.5
2026-08-09,https://funatsuri-yoso.com/fish_area/inada-hiratsuka.html,0,2,0,4.5
2026-08-09,https://funatsuri-yoso.com/fish_area/isaki-kuryo.html,0,1,0,17
2026-08-09,https://funatsuri-yoso.com/fish_area/katsuo-chigasaki.html,0,1,0,7
2026-08-09,https://funatsuri-yoso.com/fish_area/katsuo-nagai.html,0,2,0,6
2026-08-09,https://funatsuri-yoso.com/fish_area/kihada-maguro-chigasaki.html,0,6,0,7.33
2026-08-09,https://funatsuri-yoso.com/fish_area/madai-koshigoe.html,0,1,0,4
2026-08-09,https://funatsuri-yoso.com/fish_area/madai-ohara.html,0,1,0,8
2026-08-09,https://funatsuri-yoso.com/fish_area/madai-yui.html,0,1,0,7
2026-08-09,https://funatsuri-yoso.com/fish_area/magochi-hachimanbashi.html,0,1,0,6
2026-08-09,https://funatsuri-yoso.com/fish_area/magochi-kanazawa-hakkei.html,0,1,0,6
2026-08-09,https://funatsuri-yoso.com/fish_area/magochi-kashima.html,0,2,0,11
2026-08-09,https://funatsuri-yoso.com/fish_area/saba-kashima.html,0,1,0,2
2026-08-09,https://funatsuri-yoso.com/fish_area/seabass-edogawa.html,0,1,0,6
2026-08-09,https://funatsuri-yoso.com/fish_area/shima-aji-aihama.html,0,2,0,5.5
2026-08-09,https://funatsuri-yoso.com/fish_area/shima-aji-ohara.html,0,14,0,11.43
2026-08-09,https://funatsuri-yoso.com/fish_area/surumeika-odawara-hayakawa.html,0,5,0,4.4
2026-08-09,https://funatsuri-yoso.com/fish_area/tachiuo-yokohama-shinyamashita.html,0,2,0,7.5
2026-08-09,https://funatsuri-yoso.com/fish_area/yariika-katsuura-kawazu.html,0,1,0,10
2026-08-09,https://funatsuri-yoso.com/forecast/,0,1,0,4
2026-08-09,https://funatsuri-yoso.com/monthly/2026-06/aji.html,0,1,0,9
2026-08-09,https://funatsuri-yoso.com/pages/about.html,2,2,1,7.5
2026-08-09,https://funatsuri-yoso.com/ship/dengoro-maru.html,0,1,0,10
2026-08-09,https://funatsuri-yoso.com/ship/fuji-maru.html,0,1,0,12
2026-08-09,https://funatsuri-yoso.com/ship/fujin-maru.html,0,3,0,6.67
2026-08-09,https://funatsuri-yoso.com/ship/fukada-masao-maru.html,1,10,0.1,8.5
2026-08-09,https://funatsuri-yoso.com/ship/funayado-iwata.html,0,1,0,5
2026-08-09,https://funatsuri-yoso.com/ship/gibei-maru.html,0,1,0,7
2026-08-09,https://funatsuri-yoso.com/ship/gishin-maru.html,0,1,0,9
2026-08-09,https://funatsuri-yoso.com/ship/goro-maru.html,0,1,0,8
2026-08-09,https://funatsuri-yoso.com/ship/hamasei-maru.html,0,1,0,6
2026-08-09,https://funatsuri-yoso.com/ship/harumori-maru.html,0,1,0,9
2026-08-09,https://funatsuri-yoso.com/ship/heisaku-maru.html,0,1,0,10
2026-08-09,https://funatsuri-yoso.com/ship/hitachi-maru.html,0,1,0,11
2026-08-09,https://funatsuri-yoso.com/ship/kako-maru.html,0,1,0,9
2026-08-09,https://funatsuri-yoso.com/ship/kanazawa-hakkei-kurokawa-maru.html,0,2,0,10.5
2026-08-09,https://funatsuri-yoso.com/ship/katsumi-maru.html,0,1,0,10
2026-08-09,https://funatsuri-yoso.com/ship/kikyu-maru.html,0,4,0,8.5
2026-08-09,https://funatsuri-yoso.com/ship/ko-maru-oiso.html,0,5,0,6.6
2026-08-09,https://funatsuri-yoso.com/ship/ko-maru.html,0,2,0,10
2026-08-09,https://funatsuri-yoso.com/ship/koshiba-maru.html,0,2,0,6.5
2026-08-09,https://funatsuri-yoso.com/ship/kotobuki-maru.html,0,1,0,7
2026-08-09,https://funatsuri-yoso.com/ship/kotoku-maru.html,0,5,0,5.4
2026-08-09,https://funatsuri-yoso.com/ship/kyuju-maru.html,0,1,0,11
2026-08-09,https://funatsuri-yoso.com/ship/minosuke-maru.html,0,1,0,12
2026-08-09,https://funatsuri-yoso.com/ship/muramoto-kaiji.html,1,2,0.5,12
2026-08-09,https://funatsuri-yoso.com/ship/nagasakiya.html,0,1,0,9
2026-08-09,https://funatsuri-yoso.com/ship/omatsu-maru.html,0,1,0,9
2026-08-09,https://funatsuri-yoso.com/ship/onuki-maru.html,0,1,0,10
2026-08-09,https://funatsuri-yoso.com/ship/rieiei-maru.html,0,3,0,5.33
2026-08-09,https://funatsuri-yoso.com/ship/sanjiro-maru.html,0,1,0,10
2026-08-09,https://funatsuri-yoso.com/ship/sashima-kairakuen.html,0,4,0,4.25
2026-08-09,https://funatsuri-yoso.com/ship/seiei-maru.html,0,2,0,8.5
2026-08-09,https://funatsuri-yoso.com/ship/seisho-maru.html,0,1,0,6
2026-08-09,https://funatsuri-yoso.com/ship/shojiro-maru.html,0,12,0,9.08
2026-08-09,https://funatsuri-yoso.com/ship/taro-maru.html,0,3,0,9
2026-08-09,https://funatsuri-yoso.com/ship/tetsuo-maru.html,0,1,0,3
2026-08-09,https://funatsuri-yoso.com/ship/tomo-maru.html,0,6,0,9
2026-08-09,https://funatsuri-yoso.com/ship/tsuribune-tsuru.html,1,3,0.333333,6.33
2026-08-09,https://funatsuri-yoso.com/ship/tsurihana-maru-seekers.html,0,1,0,8
2026-08-09,https://funatsuri-yoso.com/ship/yamashita-maru.html,0,1,0,6
2026-08-09,https://funatsuri-yoso.com/ship/yonemoto-tsuribuneten.html,0,8,0,8
2026-08-09,https://funatsuri-yoso.com/x_post/,0,2,0,50.5
2026-08-09,https://funatsuri-yoso.com/x_post/2026-07-04.html,0,1,0,7
2026-08-09,https://funatsuri-yoso.com/x_post/2026-08-03.html,0,9,0,9.67
2026-08-09,https://funatsuri-yoso.com/x_post/2026-08-07.html,0,1,0,9
2026-08-10,https://funatsuri-yoso.com/,0,55,0,6.84
2026-08-10,https://funatsuri-yoso.com/area/,0,4,0,51.75
2026-08-10,https://funatsuri-yoso.com/area/aihama.html,0,1,0,10
2026-08-10,https://funatsuri-yoso.com/area/ajiro-port.html,0,1,0,4
2026-08-10,https://funatsuri-yoso.com/area/amatsu.html,0,8,0,7.12
2026-08-10,https://funatsuri-yoso.com/area/atami-port.html,0,1,0,8
2026-08-10,https://funatsuri-yoso.com/area/enoura.html,0,11,0,5
2026-08-10,https://funatsuri-yoso.com/area/fukuda.html,0,2,0,8
2026-08-10,https://funatsuri-yoso.com/area/fukuura-yugawara.html,0,1,0,6
2026-08-10,https://funatsuri-yoso.com/area/futtsu.html,0,16,0,7.06
2026-08-10,https://funatsuri-yoso.com/area/hasaki-shinko.html,0,1,0,10
2026-08-10,https://funatsuri-yoso.com/area/hayakawa.html,0,3,0,8
2026-08-10,https://funatsuri-yoso.com/area/hiratsuka.html,0,4,0,8.5
2026-08-10,https://funatsuri-yoso.com/area/iioka.html,1,30,0.033333,8
2026-08-10,https://funatsuri-yoso.com/area/ito-shi.html,0,7,0,7
2026-08-10,https://funatsuri-yoso.com/area/kanaya.html,3,54,0.055556,8.2
2026-08-10,https://funatsuri-yoso.com/area/kanazawa-hakkei.html,0,3,0,12.67
2026-08-10,https://funatsuri-yoso.com/area/katakai.html,0,1,0,11
2026-08-10,https://funatsuri-yoso.com/area/katsuura.html,2,35,0.057143,7.46
2026-08-10,https://funatsuri-yoso.com/area/keihin.html,0,1,0,9
2026-08-10,https://funatsuri-yoso.com/area/koshigoe.html,0,4,0,9
2026-08-10,https://funatsuri-yoso.com/area/kuryo.html,1,9,0.111111,8
2026-08-10,https://funatsuri-yoso.com/area/manazuru-port.html,0,6,0,6.67
2026-08-10,https://funatsuri-yoso.com/area/matsuwa-ena.html,1,9,0.111111,6.22
2026-08-10,https://funatsuri-yoso.com/area/matsuzaki.html,0,2,0,5.5
2026-08-10,https://funatsuri-yoso.com/area/nakaminato.html,0,5,0,9.6
2026-08-10,https://funatsuri-yoso.com/area/oarai.html,0,11,0,10.27
2026-08-10,https://funatsuri-yoso.com/area/ohara.html,1,9,0.111111,5.33
2026-08-10,https://funatsuri-yoso.com/area/omaezaki.html,0,20,0,8.6
2026-08-10,https://funatsuri-yoso.com/area/sajima.html,0,4,0,9
2026-08-10,https://funatsuri-yoso.com/area/shimizu.html,0,1,0,10
2026-08-10,https://funatsuri-yoso.com/area/shizuura.html,1,28,0.035714,8.61
2026-08-10,https://funatsuri-yoso.com/area/susaki.html,0,1,0,8
2026-08-10,https://funatsuri-yoso.com/area/usami.html,0,1,0,8
2026-08-10,https://funatsuri-yoso.com/area/yaizu.html,0,2,0,9
2026-08-10,https://funatsuri-yoso.com/calendar.html,1,26,0.038462,7.77
2026-08-10,https://funatsuri-yoso.com/fish/,0,1,0,4
2026-08-10,https://funatsuri-yoso.com/fish/aji.html,0,5,0,9
2026-08-10,https://funatsuri-yoso.com/fish/amadai.html,1,3,0.333333,6.67
2026-08-10,https://funatsuri-yoso.com/fish/anago.html,0,3,0,8.33
2026-08-10,https://funatsuri-yoso.com/fish/aoriika.html,0,6,0,10
2026-08-10,https://funatsuri-yoso.com/fish/ara.html,0,3,0,7.33
2026-08-10,https://funatsuri-yoso.com/fish/hiramasa.html,0,1,0,11
2026-08-10,https://funatsuri-yoso.com/fish/hirame.html,0,10,0,7
2026-08-10,https://funatsuri-yoso.com/fish/inada.html,1,15,0.066667,5.13
2026-08-10,https://funatsuri-yoso.com/fish/isaki.html,0,2,0,8
2026-08-10,https://funatsuri-yoso.com/fish/ishimochi.html,0,2,0,10.5
2026-08-10,https://funatsuri-yoso.com/fish/kamasu.html,0,1,0,8
2026-08-10,https://funatsuri-yoso.com/fish/kanpachi.html,0,25,0,7.84
2026-08-10,https://funatsuri-yoso.com/fish/karei.html,0,6,0,7.67
2026-08-10,https://funatsuri-yoso.com/fish/kasago.html,0,1,0,9
2026-08-10,https://funatsuri-yoso.com/fish/katsuo.html,0,36,0,9.17
2026-08-10,https://funatsuri-yoso.com/fish/kawahagi.html,0,4,0,7
2026-08-10,https://funatsuri-yoso.com/fish/kinmedai.html,0,4,0,6.25
2026-08-10,https://funatsuri-yoso.com/fish/kurodai.html,0,2,0,10
2026-08-10,https://funatsuri-yoso.com/fish/kuromutsu.html,1,1,1,4
2026-08-10,https://funatsuri-yoso.com/fish/madai.html,0,2,0,14
2026-08-10,https://funatsuri-yoso.com/fish/madako.html,0,10,0,8.8
2026-08-10,https://funatsuri-yoso.com/fish/magochi.html,1,13,0.076923,6.69
2026-08-10,https://funatsuri-yoso.com/fish/maruika.html,0,10,0,5.6
2026-08-10,https://funatsuri-yoso.com/fish/mugiika.html,0,3,0,9
2026-08-10,https://funatsuri-yoso.com/fish/saba.html,0,4,0,8.75
2026-08-10,https://funatsuri-yoso.com/fish/shima-aji.html,0,13,0,7.31
2026-08-10,https://funatsuri-yoso.com/fish/shirogisu.html,0,2,0,10
2026-08-10,https://funatsuri-yoso.com/fish/tachiuo.html,2,22,0.090909,6.32
2026-08-10,https://funatsuri-yoso.com/fish/warasa.html,0,8,0,6.12
2026-08-10,https://funatsuri-yoso.com/fish_area/aji-higashi-kasai.html,0,1,0,7
2026-08-10,https://funatsuri-yoso.com/fish_area/aji-hiratsuka.html,0,1,0,5
2026-08-10,https://funatsuri-yoso.com/fish_area/aji-kanazawa-gyoko.html,0,1,0,16
2026-08-10,https://funatsuri-yoso.com/fish_area/aji-koshiba.html,0,1,0,4
2026-08-10,https://funatsuri-yoso.com/fish_area/aji-kotsubo.html,0,1,0,18
2026-08-10,https://funatsuri-yoso.com/fish_area/aji-odawara-hayakawa.html,0,2,0,7
2026-08-10,https://funatsuri-yoso.com/fish_area/aji-yokohama.html,0,4,0,14
2026-08-10,https://funatsuri-yoso.com/fish_area/bishi-aji-odawara-hayakawa.html,1,1,1,18
2026-08-10,https://funatsuri-yoso.com/fish_area/buri-shimoda.html,0,3,0,5
2026-08-10,https://funatsuri-yoso.com/fish_area/fugu-kashima.html,0,1,0,1
2026-08-10,https://funatsuri-yoso.com/fish_area/fugu-urayasu.html,0,2,0,8
2026-08-10,https://funatsuri-yoso.com/fish_area/hanadai-katakai.html,0,2,0,4.5
2026-08-10,https://funatsuri-yoso.com/fish_area/hirame-iioka.html,0,2,0,9.5
2026-08-10,https://funatsuri-yoso.com/fish_area/inada-oarai.html,0,1,0,7
2026-08-10,https://funatsuri-yoso.com/fish_area/isaki-kanazawa-hakkei.html,0,1,0,4
2026-08-10,https://funatsuri-yoso.com/fish_area/isaki-kuryo.html,0,3,0,9.33
2026-08-10,https://funatsuri-yoso.com/fish_area/karei-%E9%B9%BF%E5%B6%8B%E6%96%B0%E6%B8%AF.html,0,1,0,2
2026-08-10,https://funatsuri-yoso.com/fish_area/kasago-chigasaki.html,0,1,0,10
2026-08-10,https://funatsuri-yoso.com/fish_area/kasago-kashima.html,0,1,0,7
2026-08-10,https://funatsuri-yoso.com/fish_area/katsuo-nagai.html,0,2,0,8
2026-08-10,https://funatsuri-yoso.com/fish_area/kihada-maguro-chigasaki.html,0,4,0,7.75
2026-08-10,https://funatsuri-yoso.com/fish_area/kinmedai-katakai.html,1,1,1,1
2026-08-10,https://funatsuri-yoso.com/fish_area/kurodai-kurihama.html,0,1,0,11
2026-08-10,https://funatsuri-yoso.com/fish_area/madai-emi.html,0,1,0,4
2026-08-10,https://funatsuri-yoso.com/fish_area/madai-katakai.html,0,1,0,6
2026-08-10,https://funatsuri-yoso.com/fish_area/madai-kurihama.html,0,1,0,23
2026-08-10,https://funatsuri-yoso.com/fish_area/magochi-kanazawa-hakkei.html,0,1,0,11
2026-08-10,https://funatsuri-yoso.com/fish_area/saba-kashima.html,0,1,0,1
2026-08-10,https://funatsuri-yoso.com/fish_area/seabass-edogawa.html,0,1,0,8
2026-08-10,https://funatsuri-yoso.com/fish_area/shima-aji-ohara.html,0,12,0,11.67
2026-08-10,https://funatsuri-yoso.com/fish_area/shirogisu-kanazawa-hakkei.html,0,2,0,5
2026-08-10,https://funatsuri-yoso.com/fish_area/tachiuo-yokohama-shinyamashita.html,0,1,0,4
2026-08-10,https://funatsuri-yoso.com/fish_area/warasa-matsuwa-ena.html,0,1,0,8
2026-08-10,https://funatsuri-yoso.com/fish_area/warasa-teishi.html,0,1,0,5
2026-08-10,https://funatsuri-yoso.com/fish_area/yariika-katsuura-kawazu.html,0,1,0,11
2026-08-10,https://funatsuri-yoso.com/fish_area/yariika-odawara-hayakawa.html,0,1,0,6
2026-08-10,https://funatsuri-yoso.com/monthly/2026-06/tachiuo.html,0,1,0,3
2026-08-10,https://funatsuri-yoso.com/pages/about.html,0,1,0,7
2026-08-10,https://funatsuri-yoso.com/ship/daigo-teiei-maru.html,0,1,0,10
2026-08-10,https://funatsuri-yoso.com/ship/daisan-kariyushi-maru.html,0,1,0,9
2026-08-10,https://funatsuri-yoso.com/ship/dengoro-maru.html,0,2,0,9.5
2026-08-10,https://funatsuri-yoso.com/ship/fudo-maru.html,0,2,0,9.5
2026-08-10,https://funatsuri-yoso.com/ship/fujin-maru.html,0,1,0,5
2026-08-10,https://funatsuri-yoso.com/ship/fukada-masao-maru.html,0,1,0,14
2026-08-10,https://funatsuri-yoso.com/ship/fukagawa-fujimi.html,1,1,1,2
2026-08-10,https://funatsuri-yoso.com/ship/gibei-maru.html,0,1,0,6
2026-08-10,https://funatsuri-yoso.com/ship/goro-maru.html,0,7,0,9.57
2026-08-10,https://funatsuri-yoso.com/ship/hamasei-maru.html,0,3,0,7.67
2026-08-10,https://funatsuri-yoso.com/ship/harumori-maru.html,0,1,0,8
2026-08-10,https://funatsuri-yoso.com/ship/ko-maru-oiso.html,0,1,0,8
2026-08-10,https://funatsuri-yoso.com/ship/ko-maru.html,0,1,0,6
2026-08-10,https://funatsuri-yoso.com/ship/koei-maru-yaizu.html,0,2,0,3
2026-08-10,https://funatsuri-yoso.com/ship/megumi-maru.html,0,1,0,10
2026-08-10,https://funatsuri-yoso.com/ship/moki-maru.html,0,1,0,7
2026-08-10,https://funatsuri-yoso.com/ship/muramoto-kaiji.html,0,2,0,6.5
2026-08-10,https://funatsuri-yoso.com/ship/nagasakiya.html,0,3,0,8.67
2026-08-10,https://funatsuri-yoso.com/ship/onuki-maru.html,0,1,0,7
2026-08-10,https://funatsuri-yoso.com/ship/oyama-maru.html,0,1,0,8
2026-08-10,https://funatsuri-yoso.com/ship/rieiei-maru.html,0,2,0,15.5
2026-08-10,https://funatsuri-yoso.com/ship/ryusei-maru.html,0,1,0,8
2026-08-10,https://funatsuri-yoso.com/ship/saemi-maru.html,0,1,0,8
2026-08-10,https://funatsuri-yoso.com/ship/sashima-kairakuen.html,0,5,0,17.8
2026-08-10,https://funatsuri-yoso.com/ship/seisho-maru.html,0,2,0,5
2026-08-10,https://funatsuri-yoso.com/ship/shintoku-maru.html,0,1,0,18
2026-08-10,https://funatsuri-yoso.com/ship/shojiro-maru.html,0,12,0,13.25
2026-08-10,https://funatsuri-yoso.com/ship/taro-maru.html,0,1,0,8
2026-08-10,https://funatsuri-yoso.com/ship/tetsuo-maru.html,0,1,0,5
2026-08-10,https://funatsuri-yoso.com/ship/tomo-maru.html,0,4,0,8.75
2026-08-10,https://funatsuri-yoso.com/ship/tsuribune-tsuru.html,0,4,0,9
2026-08-10,https://funatsuri-yoso.com/ship/yonemoto-tsuribuneten.html,1,18,0.055556,10.39
2026-08-10,https://funatsuri-yoso.com/x_post/,0,1,0,7
2026-08-10,https://funatsuri-yoso.com/x_post/2026-07-23.html,0,1,0,11
2026-08-10,https://funatsuri-yoso.com/x_post/2026-08-03.html,0,5,0,7
2026-08-10,https://funatsuri-yoso.com/x_post/2026-08-04.html,0,1,0,10
2026-08-10,https://funatsuri-yoso.com/x_post/2026-08-05.html,0,2,0,5.5
2026-08-10,https://funatsuri-yoso.com/x_post/2026-08-06.html,0,2,0,7.5
2026-08-10,https://funatsuri-yoso.com/x_post/2026-08-07.html,0,2,0,8
2026-08-11,https://funatsuri-yoso.com/,1,61,0.016393,8.39
2026-08-11,https://funatsuri-yoso.com/area/ajiro-port.html,0,1,0,11
2026-08-11,https://funatsuri-yoso.com/area/amatsu.html,0,12,0,9.17
2026-08-11,https://funatsuri-yoso.com/area/atami-port.html,0,4,0,7.25
2026-08-11,https://funatsuri-yoso.com/area/enoura.html,0,21,0,4.95
2026-08-11,https://funatsuri-yoso.com/area/fukuura-yugawara.html,0,8,0,17.12
2026-08-11,https://funatsuri-yoso.com/area/futtsu.html,0,5,0,15.2
2026-08-11,https://funatsuri-yoso.com/area/hasaki-shinko.html,0,1,0,5
2026-08-11,https://funatsuri-yoso.com/area/hayakawa.html,0,1,0,9
2026-08-11,https://funatsuri-yoso.com/area/hiratsuka.html,0,2,0,7
2026-08-11,https://funatsuri-yoso.com/area/hitachi-kuji.html,0,1,0,8
2026-08-11,https://funatsuri-yoso.com/area/iioka.html,1,34,0.029412,6.65
2026-08-11,https://funatsuri-yoso.com/area/ito-shi.html,0,1,0,12
2026-08-11,https://funatsuri-yoso.com/area/kamoi-omuro.html,0,1,0,9
2026-08-11,https://funatsuri-yoso.com/area/kanaya.html,1,48,0.020833,6.6
2026-08-11,https://funatsuri-yoso.com/area/kanazawa-hakkei.html,0,1,0,4
2026-08-11,https://funatsuri-yoso.com/area/kashima.html,0,2,0,8.5
2026-08-11,https://funatsuri-yoso.com/area/katsuura.html,0,33,0,7.91
2026-08-11,https://funatsuri-yoso.com/area/kiba.html,0,1,0,4
2026-08-11,https://funatsuri-yoso.com/area/koshigoe.html,0,4,0,6.25
2026-08-11,https://funatsuri-yoso.com/area/kuryo.html,0,6,0,7.33
2026-08-11,https://funatsuri-yoso.com/area/matsuwa-ena.html,0,1,0,48
2026-08-11,https://funatsuri-yoso.com/area/matsuzaki.html,0,1,0,7
2026-08-11,https://funatsuri-yoso.com/area/nakaminato.html,0,6,0,9.5
2026-08-11,https://funatsuri-yoso.com/area/oarai.html,1,25,0.04,7.96
2026-08-11,https://funatsuri-yoso.com/area/ohara.html,0,16,0,10.44
2026-08-11,https://funatsuri-yoso.com/area/omaezaki.html,1,14,0.071429,7.79
2026-08-11,https://funatsuri-yoso.com/area/ose.html,0,1,0,10
2026-08-11,https://funatsuri-yoso.com/area/sajima.html,0,4,0,14.25
2026-08-11,https://funatsuri-yoso.com/area/senju-ohashi.html,0,1,0,9
2026-08-11,https://funatsuri-yoso.com/area/shizuura.html,3,20,0.15,8.75
2026-08-11,https://funatsuri-yoso.com/area/susaki.html,0,2,0,5.5
2026-08-11,https://funatsuri-yoso.com/area/tagonoura.html,0,1,0,7
2026-08-11,https://funatsuri-yoso.com/area/tomata.html,0,3,0,2.33
2026-08-11,https://funatsuri-yoso.com/calendar.html,1,28,0.035714,9.54
2026-08-11,https://funatsuri-yoso.com/fish/aji.html,0,15,0,8.6
2026-08-11,https://funatsuri-yoso.com/fish/amadai.html,0,1,0,23
2026-08-11,https://funatsuri-yoso.com/fish/anago.html,0,1,0,11
2026-08-11,https://funatsuri-yoso.com/fish/aoriika.html,0,6,0,16
2026-08-11,https://funatsuri-yoso.com/fish/ara.html,1,5,0.2,7.2
2026-08-11,https://funatsuri-yoso.com/fish/bishi-aji.html,0,1,0,9
2026-08-11,https://funatsuri-yoso.com/fish/hirame.html,0,6,0,5.5
2026-08-11,https://funatsuri-yoso.com/fish/houbou.html,0,1,0,8
2026-08-11,https://funatsuri-yoso.com/fish/inada.html,0,10,0,6.2
2026-08-11,https://funatsuri-yoso.com/fish/ishidai.html,0,1,0,9
2026-08-11,https://funatsuri-yoso.com/fish/ishimochi.html,0,3,0,5.67
2026-08-11,https://funatsuri-yoso.com/fish/kamasu.html,0,1,0,10
2026-08-11,https://funatsuri-yoso.com/fish/kanpachi.html,0,18,0,7.39
2026-08-11,https://funatsuri-yoso.com/fish/karei.html,0,2,0,7.5
2026-08-11,https://funatsuri-yoso.com/fish/kasago.html,0,3,0,8
2026-08-11,https://funatsuri-yoso.com/fish/katsuo.html,0,20,0,11.05
2026-08-11,https://funatsuri-yoso.com/fish/kawahagi.html,0,4,0,10.5
2026-08-11,https://funatsuri-yoso.com/fish/kihada-maguro.html,0,1,0,11
2026-08-11,https://funatsuri-yoso.com/fish/kinmedai.html,0,1,0,6
2026-08-11,https://funatsuri-yoso.com/fish/kurodai.html,0,1,0,11
2026-08-11,https://funatsuri-yoso.com/fish/kuromutsu.html,0,6,0,8.67
2026-08-11,https://funatsuri-yoso.com/fish/madai.html,0,2,0,7.5
2026-08-11,https://funatsuri-yoso.com/fish/madako.html,0,11,0,9
2026-08-11,https://funatsuri-yoso.com/fish/magochi.html,0,12,0,8.75
2026-08-11,https://funatsuri-yoso.com/fish/maruika.html,0,5,0,8.4
2026-08-11,https://funatsuri-yoso.com/fish/mugiika.html,1,4,0.25,8.75
2026-08-11,https://funatsuri-yoso.com/fish/saba.html,0,1,0,9
2026-08-11,https://funatsuri-yoso.com/fish/shima-aji.html,0,11,0,6.45
2026-08-11,https://funatsuri-yoso.com/fish/shirogisu.html,0,1,0,7
2026-08-11,https://funatsuri-yoso.com/fish/tachiuo.html,0,20,0,7.4
2026-08-11,https://funatsuri-yoso.com/fish/torafugu.html,0,1,0,10
2026-08-11,https://funatsuri-yoso.com/fish/warasa.html,0,2,0,7.5
2026-08-11,https://funatsuri-yoso.com/fish/yariika.html,0,1,0,8
2026-08-11,https://funatsuri-yoso.com/fish_area/aji-hiratsuka.html,0,2,0,7.5
2026-08-11,https://funatsuri-yoso.com/fish_area/aji-kamoi-omuro.html,0,1,0,10
2026-08-11,https://funatsuri-yoso.com/fish_area/aji-kanaya.html,0,1,0,11
2026-08-11,https://funatsuri-yoso.com/fish_area/aji-kanazawa-gyoko.html,0,1,0,10
2026-08-11,https://funatsuri-yoso.com/fish_area/aji-yokohama.html,0,10,0,9.4
2026-08-11,https://funatsuri-yoso.com/fish_area/akamutsu-hasaki.html,0,1,0,20
2026-08-11,https://funatsuri-yoso.com/fish_area/aoriika-kanaya.html,0,1,0,11
2026-08-11,https://funatsuri-yoso.com/fish_area/buri-shimoda.html,1,4,0.25,5
2026-08-11,https://funatsuri-yoso.com/fish_area/fugu-kashima.html,1,1,1,2
2026-08-11,https://funatsuri-yoso.com/fish_area/fugu-ohara.html,0,1,0,11
2026-08-11,https://funatsuri-yoso.com/fish_area/hanadai-katakai.html,0,1,0,11
2026-08-11,https://funatsuri-yoso.com/fish_area/hata-%E6%9D%BE%E5%B4%8E%E7%94%BA%E6%9D%BE%E5%B4%8E%E6%B8%AF.html,0,1,0,7
2026-08-11,https://funatsuri-yoso.com/fish_area/hata-omaezaki.html,0,1,0,7
2026-08-11,https://funatsuri-yoso.com/fish_area/hirame-hasaki.html,0,1,0,10
2026-08-11,https://funatsuri-yoso.com/fish_area/hirame-iioka.html,0,3,0,7
2026-08-11,https://funatsuri-yoso.com/fish_area/hirame-oarai.html,0,2,0,8
2026-08-11,https://funatsuri-yoso.com/fish_area/hirame-togawa.html,0,1,0,1
2026-08-11,https://funatsuri-yoso.com/fish_area/inada-onagigawa.html,0,1,0,10
2026-08-11,https://funatsuri-yoso.com/fish_area/isaki-kuryo.html,0,2,0,6.5
2026-08-11,https://funatsuri-yoso.com/fish_area/kaiwari-usami.html,0,7,0,6.71
2026-08-11,https://funatsuri-yoso.com/fish_area/kasago-ohara.html,0,1,0,8
2026-08-11,https://funatsuri-yoso.com/fish_area/katsuo-chigasaki.html,0,1,0,9
2026-08-11,https://funatsuri-yoso.com/fish_area/katsuo-nagai.html,0,1,0,7
2026-08-11,https://funatsuri-yoso.com/fish_area/kurodai-kanaya.html,0,1,0,14
2026-08-11,https://funatsuri-yoso.com/fish_area/madai-kamoi-omuro.html,0,1,0,1
2026-08-11,https://funatsuri-yoso.com/fish_area/madai-kurihama.html,0,2,0,12.5
2026-08-11,https://funatsuri-yoso.com/fish_area/madako-kanazawa-hakkei.html,0,1,0,8
2026-08-11,https://funatsuri-yoso.com/fish_area/magochi-kanazawa-hakkei.html,0,1,0,8
2026-08-11,https://funatsuri-yoso.com/fish_area/sawara-kanazawa-hakkei.html,0,1,0,4
2026-08-11,https://funatsuri-yoso.com/fish_area/shima-aji-ohara.html,1,13,0.076923,11.92
2026-08-11,https://funatsuri-yoso.com/fish_area/shirogisu-yokohama-shinyamashita.html,0,1,0,10
2026-08-11,https://funatsuri-yoso.com/fish_area/surumeika-nagai.html,0,1,0,9
2026-08-11,https://funatsuri-yoso.com/fish_area/tachiuo-fukuda.html,0,1,0,4
2026-08-11,https://funatsuri-yoso.com/fish_area/tachiuo-yaizu-ogawa.html,0,1,0,5
2026-08-11,https://funatsuri-yoso.com/fish_area/yariika-odawara-hayakawa.html,0,2,0,9.5
2026-08-11,https://funatsuri-yoso.com/index.html,0,2,0,6
2026-08-11,https://funatsuri-yoso.com/ship/amasakeya-maru.html,0,1,0,5
2026-08-11,https://funatsuri-yoso.com/ship/baika-maru.html,0,1,0,8
2026-08-11,https://funatsuri-yoso.com/ship/benten-maru.html,0,1,0,6
2026-08-11,https://funatsuri-yoso.com/ship/blue-dragon.html,0,2,0,7.5
2026-08-11,https://funatsuri-yoso.com/ship/daisan-kariyushi-maru.html,0,1,0,9
2026-08-11,https://funatsuri-yoso.com/ship/daisan-shoei-maru.html,0,1,0,5
2026-08-11,https://funatsuri-yoso.com/ship/fudo-maru.html,0,2,0,9
2026-08-11,https://funatsuri-yoso.com/ship/fuji-maru.html,0,1,0,10
2026-08-11,https://funatsuri-yoso.com/ship/fukada-masao-maru.html,0,1,0,5
2026-08-11,https://funatsuri-yoso.com/ship/goro-maru.html,0,3,0,9
2026-08-11,https://funatsuri-yoso.com/ship/hamasei-maru.html,0,8,0,6.88
2026-08-11,https://funatsuri-yoso.com/ship/hitachi-maru.html,0,1,0,10
2026-08-11,https://funatsuri-yoso.com/ship/ishida-maru.html,0,1,0,6
2026-08-11,https://funatsuri-yoso.com/ship/kamoshita-maru-kawana.html,0,1,0,8
2026-08-11,https://funatsuri-yoso.com/ship/kikyu-maru.html,0,3,0,8
2026-08-11,https://funatsuri-yoso.com/ship/ko-maru-oiso.html,0,1,0,8
2026-08-11,https://funatsuri-yoso.com/ship/ko-maru.html,0,2,0,4.5
2026-08-11,https://funatsuri-yoso.com/ship/koei-maru-yaizu.html,0,1,0,10
2026-08-11,https://funatsuri-yoso.com/ship/marubachi.html,0,1,0,10
2026-08-11,https://funatsuri-yoso.com/ship/megumi-maru.html,0,1,0,6
2026-08-11,https://funatsuri-yoso.com/ship/minosuke-maru.html,0,2,0,9
2026-08-11,https://funatsuri-yoso.com/ship/muramoto-kaiji.html,0,2,0,11
2026-08-11,https://funatsuri-yoso.com/ship/nogeya-tsuribuneten.html,0,1,0,9
2026-08-11,https://funatsuri-yoso.com/ship/sanjiro-maru.html,0,1,0,10
2026-08-11,https://funatsuri-yoso.com/ship/sashima-kairakuen.html,0,4,0,10
2026-08-11,https://funatsuri-yoso.com/ship/seiei-maru.html,0,4,0,9.5
2026-08-11,https://funatsuri-yoso.com/ship/seisho-maru.html,0,3,0,8.33
2026-08-11,https://funatsuri-yoso.com/ship/shinko-maru.html,0,1,0,5
2026-08-11,https://funatsuri-yoso.com/ship/shojiro-maru.html,0,21,0,9.05
2026-08-11,https://funatsuri-yoso.com/ship/suharaya.html,0,3,0,8.33
2026-08-11,https://funatsuri-yoso.com/ship/taiko-maru.html,0,4,0,9
2026-08-11,https://funatsuri-yoso.com/ship/taro-maru.html,0,4,0,8.5
2026-08-11,https://funatsuri-yoso.com/ship/tetsuo-maru.html,0,2,0,5.5
2026-08-11,https://funatsuri-yoso.com/ship/tomo-maru.html,0,1,0,9
2026-08-11,https://funatsuri-yoso.com/ship/tsuribune-tsuru.html,0,5,0,8.6
2026-08-11,https://funatsuri-yoso.com/ship/yamashita-maru.html,0,1,0,9
2026-08-11,https://funatsuri-yoso.com/ship/yonemoto-tsuribuneten.html,0,20,0,8.85
2026-08-11,https://funatsuri-yoso.com/ship/yusei-maru-katase.html,0,1,0,8
2026-08-11,https://funatsuri-yoso.com/x_post/,0,1,0,78
2026-08-11,https://funatsuri-yoso.com/x_post/2026-08-05.html,0,2,0,11
2026-08-11,https://funatsuri-yoso.com/x_post/2026-08-07.html,0,3,0,5.33
2026-08-11,https://funatsuri-yoso.com/x_post/2026-08-08.html,0,4,0,4.75
2026-08-11,https://funatsuri-yoso.com/x_post/2026-08-09.html,0,1,0,3
2026-08-12,https://funatsuri-yoso.com/,1,48,0.020833,8.69
2026-08-12,https://funatsuri-yoso.com/area/aihama.html,0,8,0,8.25
2026-08-12,https://funatsuri-yoso.com/area/amatsu.html,0,6,0,8.83
2026-08-12,https://funatsuri-yoso.com/area/atami-port.html,0,2,0,9
2026-08-12,https://funatsuri-yoso.com/area/enoura.html,0,12,0,6.92
2026-08-12,https://funatsuri-yoso.com/area/fukuda.html,0,1,0,10
2026-08-12,https://funatsuri-yoso.com/area/fukuura-yugawara.html,0,7,0,6
2026-08-12,https://funatsuri-yoso.com/area/futtsu.html,0,15,0,8.4
2026-08-12,https://funatsuri-yoso.com/area/hasaki-shinko.html,0,7,0,9.71
2026-08-12,https://funatsuri-yoso.com/area/hiratsuka.html,0,4,0,15.25
2026-08-12,https://funatsuri-yoso.com/area/hitachi-kuji.html,0,1,0,11
2026-08-12,https://funatsuri-yoso.com/area/hota.html,0,1,0,8
2026-08-12,https://funatsuri-yoso.com/area/iioka.html,1,34,0.029412,7.88
2026-08-12,https://funatsuri-yoso.com/area/imai-suimon.html,1,1,1,2
2026-08-12,https://funatsuri-yoso.com/area/ito-shi.html,0,3,0,9.67
2026-08-12,https://funatsuri-yoso.com/area/kanaya.html,1,42,0.02381,7.74
2026-08-12,https://funatsuri-yoso.com/area/kanazawa-hakkei.html,0,3,0,7.33
2026-08-12,https://funatsuri-yoso.com/area/katakai.html,0,1,0,10
2026-08-12,https://funatsuri-yoso.com/area/katsuura.html,0,40,0,9.22
2026-08-12,https://funatsuri-yoso.com/area/kiba.html,1,2,0.5,7
2026-08-12,https://funatsuri-yoso.com/area/koshigoe.html,0,2,0,7.5
2026-08-12,https://funatsuri-yoso.com/area/kuryo.html,0,7,0,7.71
2026-08-12,https://funatsuri-yoso.com/area/manazuru-port.html,0,2,0,9.5
2026-08-12,https://funatsuri-yoso.com/area/matsuwa-ena.html,0,3,0,8.67
2026-08-12,https://funatsuri-yoso.com/area/matsuzaki.html,0,1,0,10
2026-08-12,https://funatsuri-yoso.com/area/nakaminato.html,0,11,0,8.73
2026-08-12,https://funatsuri-yoso.com/area/oarai.html,1,27,0.037037,7.78
2026-08-12,https://funatsuri-yoso.com/area/odawara-hayakawa.html,0,1,0,9
2026-08-12,https://funatsuri-yoso.com/area/ohara.html,0,6,0,15.83
2026-08-12,https://funatsuri-yoso.com/area/omaezaki.html,0,21,0,7.9
2026-08-12,https://funatsuri-yoso.com/area/ose.html,0,2,0,4.5
2026-08-12,https://funatsuri-yoso.com/area/rokugo-suimon.html,0,2,0,8
2026-08-12,https://funatsuri-yoso.com/area/sajima.html,0,10,0,9.5
2026-08-12,https://funatsuri-yoso.com/area/samezu-katsushima.html,0,2,0,5.5
2026-08-12,https://funatsuri-yoso.com/area/senju-ohashi.html,0,1,0,5
2026-08-12,https://funatsuri-yoso.com/area/shizuura.html,0,40,0,9.88
2026-08-12,https://funatsuri-yoso.com/area/susaki.html,0,3,0,6
2026-08-12,https://funatsuri-yoso.com/area/tagonoura.html,0,2,0,5.5
2026-08-12,https://funatsuri-yoso.com/area/tokyowan-marina.html,0,1,0,18
2026-08-12,https://funatsuri-yoso.com/area/tomata.html,0,1,0,5
2026-08-12,https://funatsuri-yoso.com/area/yaizu.html,0,2,0,7.5
2026-08-12,https://funatsuri-yoso.com/area/yokohama.html,0,1,0,3
2026-08-12,https://funatsuri-yoso.com/calendar.html,2,22,0.090909,7.41
2026-08-12,https://funatsuri-yoso.com/fish-value/,0,1,0,1
2026-08-12,https://funatsuri-yoso.com/fish/,0,1,0,5
2026-08-12,https://funatsuri-yoso.com/fish/abura-bouzu.html,0,1,0,8
2026-08-12,https://funatsuri-yoso.com/fish/aji.html,0,16,0,7.56
2026-08-12,https://funatsuri-yoso.com/fish/akamutsu.html,0,1,0,10
2026-08-12,https://funatsuri-yoso.com/fish/anago.html,0,3,0,9
2026-08-12,https://funatsuri-yoso.com/fish/aoriika.html,0,4,0,10
2026-08-12,https://funatsuri-yoso.com/fish/ara.html,0,1,0,6
2026-08-12,https://funatsuri-yoso.com/fish/bishi-aji.html,0,4,0,6.5
2026-08-12,https://funatsuri-yoso.com/fish/hanadai.html,0,2,0,5
2026-08-12,https://funatsuri-yoso.com/fish/hiramasa.html,0,1,0,5
2026-08-12,https://funatsuri-yoso.com/fish/hirame.html,0,7,0,8.43
2026-08-12,https://funatsuri-yoso.com/fish/inada.html,0,20,0,5.8
2026-08-12,https://funatsuri-yoso.com/fish/isaki.html,0,3,0,26.33
2026-08-12,https://funatsuri-yoso.com/fish/ishimochi.html,0,2,0,10.5
2026-08-12,https://funatsuri-yoso.com/fish/kamasu.html,0,1,0,8
2026-08-12,https://funatsuri-yoso.com/fish/kanpachi.html,0,15,0,7.6
2026-08-12,https://funatsuri-yoso.com/fish/karei.html,0,3,0,14
2026-08-12,https://funatsuri-yoso.com/fish/kasago.html,0,3,0,12.67
2026-08-12,https://funatsuri-yoso.com/fish/katsuo.html,0,28,0,8.86
2026-08-12,https://funatsuri-yoso.com/fish/kawahagi.html,0,2,0,27
2026-08-12,https://funatsuri-yoso.com/fish/kihada-maguro.html,0,2,0,11
2026-08-12,https://funatsuri-yoso.com/fish/kinmedai.html,0,1,0,7
2026-08-12,https://funatsuri-yoso.com/fish/kintoki.html,0,1,0,3
2026-08-12,https://funatsuri-yoso.com/fish/kurodai.html,0,1,0,11
2026-08-12,https://funatsuri-yoso.com/fish/madai.html,0,2,0,5.5
2026-08-12,https://funatsuri-yoso.com/fish/madako.html,0,11,0,10.36
2026-08-12,https://funatsuri-yoso.com/fish/magochi.html,1,11,0.090909,6.27
2026-08-12,https://funatsuri-yoso.com/fish/maruika.html,0,2,0,9
2026-08-12,https://funatsuri-yoso.com/fish/mongoika.html,0,1,0,3
2026-08-12,https://funatsuri-yoso.com/fish/mugiika.html,1,3,0.333333,5.67
2026-08-12,https://funatsuri-yoso.com/fish/shima-aji.html,0,20,0,10.7
2026-08-12,https://funatsuri-yoso.com/fish/shirogisu.html,0,4,0,6.25
2026-08-12,https://funatsuri-yoso.com/fish/tachiuo.html,0,22,0,9.23
2026-08-12,https://funatsuri-yoso.com/fish/torafugu.html,0,1,0,9
2026-08-12,https://funatsuri-yoso.com/fish/warasa.html,0,7,0,8
2026-08-12,https://funatsuri-yoso.com/fish/yariika.html,0,1,0,10
2026-08-12,https://funatsuri-yoso.com/fish_area/aji-fukuda.html,0,1,0,6
2026-08-12,https://funatsuri-yoso.com/fish_area/aji-iioka.html,0,1,0,5
2026-08-12,https://funatsuri-yoso.com/fish_area/aji-kanazawa-gyoko.html,0,2,0,9.5
2026-08-12,https://funatsuri-yoso.com/fish_area/aji-kanazawa-hakkei.html,0,1,0,7
2026-08-12,https://funatsuri-yoso.com/fish_area/aji-koshiba.html,0,3,0,13
2026-08-12,https://funatsuri-yoso.com/fish_area/aji-odawara-hayakawa.html,0,1,0,20
2026-08-12,https://funatsuri-yoso.com/fish_area/aji-yokohama.html,0,10,0,8.1
2026-08-12,https://funatsuri-yoso.com/fish_area/akamutsu-hasaki.html,0,2,0,6.5
2026-08-12,https://funatsuri-yoso.com/fish_area/amadai-hitachi-kuji.html,0,1,0,7
2026-08-12,https://funatsuri-yoso.com/fish_area/aoriika-kanaya.html,0,1,0,11
2026-08-12,https://funatsuri-yoso.com/fish_area/ara-hasaki.html,0,1,0,8
2026-08-12,https://funatsuri-yoso.com/fish_area/ara-togawa.html,0,1,0,8
2026-08-12,https://funatsuri-yoso.com/fish_area/fugu-kashima.html,0,1,0,7
2026-08-12,https://funatsuri-yoso.com/fish_area/hirame-hasaki.html,0,1,0,11
2026-08-12,https://funatsuri-yoso.com/fish_area/hirame-iioka.html,0,5,0,8.2
2026-08-12,https://funatsuri-yoso.com/fish_area/inada-kashima.html,0,1,0,9
2026-08-12,https://funatsuri-yoso.com/fish_area/isaki-kuryo.html,0,5,0,8
2026-08-12,https://funatsuri-yoso.com/fish_area/isaki-sajima.html,0,1,0,6
2026-08-12,https://funatsuri-yoso.com/fish_area/kaiwari-usami.html,0,2,0,5.5
2026-08-12,https://funatsuri-yoso.com/fish_area/kanko-hasaki-shinko.html,0,1,0,2
2026-08-12,https://funatsuri-yoso.com/fish_area/kasago-kanazawa-hakkei.html,0,1,0,7
2026-08-12,https://funatsuri-yoso.com/fish_area/kasago-ohara.html,0,1,0,7
2026-08-12,https://funatsuri-yoso.com/fish_area/kasago-omaezaki.html,0,2,0,6.5
2026-08-12,https://funatsuri-yoso.com/fish_area/katsuo-chigasaki.html,0,2,0,5.5
2026-08-12,https://funatsuri-yoso.com/fish_area/katsuo-kotsubo.html,0,3,0,7.33
2026-08-12,https://funatsuri-yoso.com/fish_area/katsuo-odawara-hayakawa.html,0,3,0,3
2026-08-12,https://funatsuri-yoso.com/fish_area/kurodai-kurihama.html,0,1,0,6
2026-08-12,https://funatsuri-yoso.com/fish_area/madai-ajiro-port.html,0,1,0,11
2026-08-12,https://funatsuri-yoso.com/fish_area/madai-oarai.html,0,1,0,10
2026-08-12,https://funatsuri-yoso.com/fish_area/madako-kanazawa-hakkei.html,0,1,0,8
2026-08-12,https://funatsuri-yoso.com/fish_area/madako-koshiba.html,0,2,0,6
2026-08-12,https://funatsuri-yoso.com/fish_area/mahata-omaezaki.html,0,1,0,6
2026-08-12,https://funatsuri-yoso.com/fish_area/seabass-ebitorigawa.html,0,1,0,8
2026-08-12,https://funatsuri-yoso.com/fish_area/shima-aji-ohara.html,0,14,0,10.64
2026-08-12,https://funatsuri-yoso.com/fish_area/surumeika-katsuura-kawazu.html,0,1,0,7
2026-08-12,https://funatsuri-yoso.com/fish_area/yariika-kashima.html,0,1,0,7
2026-08-12,https://funatsuri-yoso.com/index.html,0,2,0,1.5
2026-08-12,https://funatsuri-yoso.com/komase-sim/,0,1,0,8
2026-08-12,https://funatsuri-yoso.com/monthly/2026-06/aji.html,0,1,0,3
2026-08-12,https://funatsuri-yoso.com/pages/about.html,0,2,0,8.5
2026-08-12,https://funatsuri-yoso.com/ship/amasakeya-maru.html,0,2,0,9.5
2026-08-12,https://funatsuri-yoso.com/ship/chigasaki-maru.html,0,1,0,7
2026-08-12,https://funatsuri-yoso.com/ship/fukada-masao-maru.html,0,1,0,9
2026-08-12,https://funatsuri-yoso.com/ship/funayado-iwata.html,0,1,0,4
2026-08-12,https://funatsuri-yoso.com/ship/goro-maru.html,0,4,0,6.75
2026-08-12,https://funatsuri-yoso.com/ship/hamasei-maru.html,0,2,0,7.5
2026-08-12,https://funatsuri-yoso.com/ship/hitachi-maru.html,0,3,0,9.33
2026-08-12,https://funatsuri-yoso.com/ship/katsumi-maru.html,0,1,0,8
2026-08-12,https://funatsuri-yoso.com/ship/ko-maru-oiso.html,0,1,0,8
2026-08-12,https://funatsuri-yoso.com/ship/ko-maru.html,0,1,0,6
2026-08-12,https://funatsuri-yoso.com/ship/kotoku-maru.html,0,1,0,7
2026-08-12,https://funatsuri-yoso.com/ship/kyuju-maru.html,0,2,0,7.5
2026-08-12,https://funatsuri-yoso.com/ship/minosuke-maru.html,0,2,0,8.5
2026-08-12,https://funatsuri-yoso.com/ship/muramoto-kaiji.html,0,3,0,7
2026-08-12,https://funatsuri-yoso.com/ship/narigin-maru.html,0,3,0,10
2026-08-12,https://funatsuri-yoso.com/ship/saemi-maru.html,0,2,0,5.5
2026-08-12,https://funatsuri-yoso.com/ship/sashima-kairakuen.html,0,3,0,20
2026-08-12,https://funatsuri-yoso.com/ship/shimakichi-maru.html,0,2,0,11
2026-08-12,https://funatsuri-yoso.com/ship/shojiro-maru.html,0,22,0,10.36
2026-08-12,https://funatsuri-yoso.com/ship/taro-maru.html,0,3,0,7
2026-08-12,https://funatsuri-yoso.com/ship/tetsuo-maru.html,0,1,0,5
2026-08-12,https://funatsuri-yoso.com/ship/tomo-maru.html,0,1,0,9
2026-08-12,https://funatsuri-yoso.com/ship/tsuribune-tsuru.html,0,6,0,8.83
2026-08-12,https://funatsuri-yoso.com/ship/tsurihana-maru-seekers.html,0,1,0,9
2026-08-12,https://funatsuri-yoso.com/ship/yamaten-maru.html,0,1,0,7
2026-08-12,https://funatsuri-yoso.com/ship/yonemoto-tsuribuneten.html,0,14,0,10.36
2026-08-12,https://funatsuri-yoso.com/ship/yusei-maru-katase.html,0,1,0,9
2026-08-12,https://funatsuri-yoso.com/x_post/2026-08-02.html,0,1,0,6
2026-08-12,https://funatsuri-yoso.com/x_post/2026-08-08.html,0,2,0,3
2026-08-13,https://funatsuri-yoso.com/,0,43,0,9.51
2026-08-13,https://funatsuri-yoso.com/area/,0,1,0,71
2026-08-13,https://funatsuri-yoso.com/area/aihama.html,0,1,0,12
2026-08-13,https://funatsuri-yoso.com/area/ajiro-port.html,0,3,0,4.33
2026-08-13,https://funatsuri-yoso.com/area/amatsu.html,0,1,0,12
2026-08-13,https://funatsuri-yoso.com/area/arari.html,0,1,0,7
2026-08-13,https://funatsuri-yoso.com/area/atami-port.html,0,4,0,8.25
2026-08-13,https://funatsuri-yoso.com/area/enoura.html,0,13,0,6.46
2026-08-13,https://funatsuri-yoso.com/area/fukuura-yugawara.html,0,6,0,9.33
2026-08-13,https://funatsuri-yoso.com/area/futtsu.html,0,11,0,8.09
2026-08-13,https://funatsuri-yoso.com/area/hasaki-shinko.html,1,6,0.166667,11.17
2026-08-13,https://funatsuri-yoso.com/area/hayakawa.html,0,1,0,7
2026-08-13,https://funatsuri-yoso.com/area/hiratsuka.html,0,2,0,9
2026-08-13,https://funatsuri-yoso.com/area/hitachi-kuji.html,0,1,0,7
2026-08-13,https://funatsuri-yoso.com/area/iioka.html,0,26,0,6.54
2026-08-13,https://funatsuri-yoso.com/area/ito-shi.html,0,3,0,8.33
2026-08-13,https://funatsuri-yoso.com/area/kanaya.html,0,32,0,7.56
2026-08-13,https://funatsuri-yoso.com/area/kanazawa-hakkei.html,0,2,0,9
2026-08-13,https://funatsuri-yoso.com/area/kashima.html,0,1,0,1
2026-08-13,https://funatsuri-yoso.com/area/katakai.html,0,4,0,9
2026-08-13,https://funatsuri-yoso.com/area/katsuura.html,1,34,0.029412,9.44
2026-08-13,https://funatsuri-yoso.com/area/koshigoe.html,0,8,0,8.62
2026-08-13,https://funatsuri-yoso.com/area/kuryo.html,0,13,0,7.46
2026-08-13,https://funatsuri-yoso.com/area/manazuru-port.html,0,1,0,11
2026-08-13,https://funatsuri-yoso.com/area/matsuwa-ena.html,0,4,0,16.75
2026-08-13,https://funatsuri-yoso.com/area/nagaura.html,0,1,0,7
2026-08-13,https://funatsuri-yoso.com/area/nakaminato.html,0,7,0,8.29
2026-08-13,https://funatsuri-yoso.com/area/oarai.html,0,26,0,16.73
2026-08-13,https://funatsuri-yoso.com/area/ohara.html,0,4,0,7.25
2026-08-13,https://funatsuri-yoso.com/area/omaezaki.html,0,22,0,9.73
2026-08-13,https://funatsuri-yoso.com/area/ose.html,0,1,0,5
2026-08-13,https://funatsuri-yoso.com/area/sajima.html,0,7,0,9.86
2026-08-13,https://funatsuri-yoso.com/area/samezu-katsushima.html,0,2,0,3
2026-08-13,https://funatsuri-yoso.com/area/shizuura.html,2,25,0.08,7.68
2026-08-13,https://funatsuri-yoso.com/area/susaki.html,0,2,0,6
2026-08-13,https://funatsuri-yoso.com/area/yaizu.html,0,4,0,9.75
2026-08-13,https://funatsuri-yoso.com/calendar.html,0,28,0,14.18
2026-08-13,https://funatsuri-yoso.com/fish/,0,1,0,4
2026-08-13,https://funatsuri-yoso.com/fish/aji.html,0,15,0,7.8
2026-08-13,https://funatsuri-yoso.com/fish/amadai.html,0,3,0,19
2026-08-13,https://funatsuri-yoso.com/fish/anago.html,0,4,0,10.5
2026-08-13,https://funatsuri-yoso.com/fish/aoriika.html,0,10,0,7.6
2026-08-13,https://funatsuri-yoso.com/fish/ara.html,0,6,0,5
2026-08-13,https://funatsuri-yoso.com/fish/bishi-aji.html,0,1,0,17
2026-08-13,https://funatsuri-yoso.com/fish/hiramasa.html,0,1,0,5
2026-08-13,https://funatsuri-yoso.com/fish/hirame.html,0,5,0,9.2
2026-08-13,https://funatsuri-yoso.com/fish/inada.html,0,11,0,4.18
2026-08-13,https://funatsuri-yoso.com/fish/isaki.html,0,3,0,7.67
2026-08-13,https://funatsuri-yoso.com/fish/ishimochi.html,0,1,0,10
2026-08-13,https://funatsuri-yoso.com/fish/kanpachi.html,1,20,0.05,6.7
2026-08-13,https://funatsuri-yoso.com/fish/karei.html,0,4,0,4.25
2026-08-13,https://funatsuri-yoso.com/fish/kasago.html,0,2,0,9.5
2026-08-13,https://funatsuri-yoso.com/fish/katsuo.html,0,33,0,9.61
2026-08-13,https://funatsuri-yoso.com/fish/kawahagi.html,0,4,0,9.5
2026-08-13,https://funatsuri-yoso.com/fish/kihada-maguro.html,0,1,0,4
2026-08-13,https://funatsuri-yoso.com/fish/kintoki.html,0,1,0,10
2026-08-13,https://funatsuri-yoso.com/fish/kurodai.html,0,2,0,7.5
2026-08-13,https://funatsuri-yoso.com/fish/kuromutsu.html,0,5,0,8.4
2026-08-13,https://funatsuri-yoso.com/fish/madai.html,0,2,0,12
2026-08-13,https://funatsuri-yoso.com/fish/madako.html,0,8,0,6.88
2026-08-13,https://funatsuri-yoso.com/fish/magochi.html,0,6,0,7
2026-08-13,https://funatsuri-yoso.com/fish/maruika.html,0,4,0,11.25
2026-08-13,https://funatsuri-yoso.com/fish/moroko.html,0,1,0,2
2026-08-13,https://funatsuri-yoso.com/fish/mugiika.html,0,3,0,9
2026-08-13,https://funatsuri-yoso.com/fish/onikasago.html,0,1,0,6
2026-08-13,https://funatsuri-yoso.com/fish/saba.html,0,4,0,12
2026-08-13,https://funatsuri-yoso.com/fish/shima-aji.html,2,22,0.090909,8.23
2026-08-13,https://funatsuri-yoso.com/fish/shousaifugu.html,1,4,0.25,11
2026-08-13,https://funatsuri-yoso.com/fish/tachiuo.html,1,46,0.021739,8.2
2026-08-13,https://funatsuri-yoso.com/fish/torafugu.html,0,2,0,8.5
2026-08-13,https://funatsuri-yoso.com/fish/warasa.html,0,8,0,7
2026-08-13,https://funatsuri-yoso.com/fish_area/aji-fukuda.html,0,1,0,10
2026-08-13,https://funatsuri-yoso.com/fish_area/aji-haneda.html,0,1,0,7
2026-08-13,https://funatsuri-yoso.com/fish_area/aji-iioka.html,0,2,0,7
2026-08-13,https://funatsuri-yoso.com/fish_area/aji-kamoi-omuro.html,0,1,0,7
2026-08-13,https://funatsuri-yoso.com/fish_area/aji-kanazawa-hakkei.html,0,1,0,5
2026-08-13,https://funatsuri-yoso.com/fish_area/aji-katakai.html,0,1,0,8
2026-08-13,https://funatsuri-yoso.com/fish_area/aji-koshiba.html,0,1,0,5
2026-08-13,https://funatsuri-yoso.com/fish_area/aji-koshigoe.html,0,1,0,6
2026-08-13,https://funatsuri-yoso.com/fish_area/aji-odawara-hayakawa.html,0,1,0,8
2026-08-13,https://funatsuri-yoso.com/fish_area/aji-yokohama.html,0,3,0,7
2026-08-13,https://funatsuri-yoso.com/fish_area/akamutsu-hasaki.html,0,2,0,7.5
2026-08-13,https://funatsuri-yoso.com/fish_area/amadai-koshigoe.html,0,1,0,3
2026-08-13,https://funatsuri-yoso.com/fish_area/ara-hasaki.html,0,1,0,7
2026-08-13,https://funatsuri-yoso.com/fish_area/buri-shimoda.html,0,5,0,3.8
2026-08-13,https://funatsuri-yoso.com/fish_area/fugu-chigasaki.html,0,1,0,11
2026-08-13,https://funatsuri-yoso.com/fish_area/fugu-kanazawa-hakkei.html,0,1,0,8
2026-08-13,https://funatsuri-yoso.com/fish_area/fugu-urayasu.html,0,1,0,8
2026-08-13,https://funatsuri-yoso.com/fish_area/hata-omaezaki.html,0,2,0,7.5
2026-08-13,https://funatsuri-yoso.com/fish_area/hirame-iioka.html,0,3,0,11.67
2026-08-13,https://funatsuri-yoso.com/fish_area/hirame-kashima.html,0,1,0,11
2026-08-13,https://funatsuri-yoso.com/fish_area/hirame-oarai.html,0,1,0,11
2026-08-13,https://funatsuri-yoso.com/fish_area/hirame-ose.html,0,2,0,6.5
2026-08-13,https://funatsuri-yoso.com/fish_area/hirame-togawa.html,0,1,0,5
2026-08-13,https://funatsuri-yoso.com/fish_area/inada-kashima.html,0,1,0,6
2026-08-13,https://funatsuri-yoso.com/fish_area/inada-oarai.html,0,1,0,5
2026-08-13,https://funatsuri-yoso.com/fish_area/kaiwari-usami.html,0,4,0,6.25
2026-08-13,https://funatsuri-yoso.com/fish_area/kasago-kanazawa-hakkei.html,0,1,0,30
2026-08-13,https://funatsuri-yoso.com/fish_area/katsuo-kotsubo.html,0,1,0,8
2026-08-13,https://funatsuri-yoso.com/fish_area/kihada-maguro-hayama-abuzuri.html,0,2,0,7.5
2026-08-13,https://funatsuri-yoso.com/fish_area/kihada-maguro-nagai.html,0,1,0,9
2026-08-13,https://funatsuri-yoso.com/fish_area/kihada-maguro-odawara-hayakawa.html,0,1,0,36
2026-08-13,https://funatsuri-yoso.com/fish_area/kurodai-edogawa.html,0,1,0,4
2026-08-13,https://funatsuri-yoso.com/fish_area/kuromutsu-hiratsuka.html,0,1,0,7
2026-08-13,https://funatsuri-yoso.com/fish_area/madai-ajiro-port.html,0,2,0,6
2026-08-13,https://funatsuri-yoso.com/fish_area/madako-urayasu.html,0,1,0,4
2026-08-13,https://funatsuri-yoso.com/fish_area/magochi-hachimanbashi.html,0,1,0,6
2026-08-13,https://funatsuri-yoso.com/fish_area/mejina-matsuwa-ena.html,0,1,0,18
2026-08-13,https://funatsuri-yoso.com/fish_area/onikasago-hiratsuka.html,0,3,0,9
2026-08-13,https://funatsuri-yoso.com/fish_area/saba-kashima.html,0,1,0,9
2026-08-13,https://funatsuri-yoso.com/fish_area/sawara-kanazawa-hakkei.html,0,1,0,5
2026-08-13,https://funatsuri-yoso.com/fish_area/seabass-ebitorigawa.html,0,1,0,9
2026-08-13,https://funatsuri-yoso.com/fish_area/shima-aji-ohara.html,0,7,0,9.29
2026-08-13,https://funatsuri-yoso.com/fish_area/shima-aji-omaezaki.html,0,1,0,11
2026-08-13,https://funatsuri-yoso.com/fish_area/tachiuo-fukuda.html,0,3,0,4.67
2026-08-13,https://funatsuri-yoso.com/fish_area/tachiuo-nagaura.html,0,1,0,6
2026-08-13,https://funatsuri-yoso.com/fish_area/warasa-kashima.html,0,2,0,5
2026-08-13,https://funatsuri-yoso.com/fish_area/warasa-matsuwa-ena.html,0,3,0,7.33
2026-08-13,https://funatsuri-yoso.com/index.html,0,3,0,10.33
2026-08-13,https://funatsuri-yoso.com/monthly/2026-06/madako.html,0,1,0,10
2026-08-13,https://funatsuri-yoso.com/ship/baika-maru.html,0,2,0,7
2026-08-13,https://funatsuri-yoso.com/ship/bo-maru.html,0,2,0,6.5
2026-08-13,https://funatsuri-yoso.com/ship/daisan-kariyushi-maru.html,1,1,1,21
2026-08-13,https://funatsuri-yoso.com/ship/daisan-shoei-maru.html,0,1,0,10
2026-08-13,https://funatsuri-yoso.com/ship/fudo-maru.html,0,3,0,9
2026-08-13,https://funatsuri-yoso.com/ship/fukada-masao-maru.html,0,11,0,9.55
2026-08-13,https://funatsuri-yoso.com/ship/funayado-iwata.html,0,1,0,10
2026-08-13,https://funatsuri-yoso.com/ship/gishin-maru.html,0,1,0,9
2026-08-13,https://funatsuri-yoso.com/ship/goro-maru.html,0,2,0,5.5
2026-08-13,https://funatsuri-yoso.com/ship/hamasei-maru.html,0,4,0,8.75
2026-08-13,https://funatsuri-yoso.com/ship/harumori-maru.html,0,4,0,8.25
2026-08-13,https://funatsuri-yoso.com/ship/kako-maru.html,0,1,0,3
2026-08-13,https://funatsuri-yoso.com/ship/kikyu-maru.html,0,3,0,22
2026-08-13,https://funatsuri-yoso.com/ship/ko-maru-oiso.html,0,1,0,9
2026-08-13,https://funatsuri-yoso.com/ship/ko-maru.html,0,1,0,8
2026-08-13,https://funatsuri-yoso.com/ship/kyuju-maru.html,0,1,0,9
2026-08-13,https://funatsuri-yoso.com/ship/megumi-maru.html,0,1,0,9
2026-08-13,https://funatsuri-yoso.com/ship/moki-maru.html,0,1,0,11
2026-08-13,https://funatsuri-yoso.com/ship/muramoto-kaiji.html,0,8,0,11.25
2026-08-13,https://funatsuri-yoso.com/ship/nissho-maru.html,0,1,0,4
2026-08-13,https://funatsuri-yoso.com/ship/omatsu-maru.html,0,1,0,7
2026-08-13,https://funatsuri-yoso.com/ship/sashima-kairakuen.html,0,4,0,20.5
2026-08-13,https://funatsuri-yoso.com/ship/seisho-maru.html,0,1,0,8
2026-08-13,https://funatsuri-yoso.com/ship/shimakichi-maru.html,0,1,0,8
2026-08-13,https://funatsuri-yoso.com/ship/shintoku-maru.html,0,1,0,9
2026-08-13,https://funatsuri-yoso.com/ship/shojiro-maru.html,0,32,0,12
2026-08-13,https://funatsuri-yoso.com/ship/taiko-maru.html,0,3,0,9
2026-08-13,https://funatsuri-yoso.com/ship/taro-maru.html,0,4,0,8
2026-08-13,https://funatsuri-yoso.com/ship/tetsuo-maru.html,0,3,0,7.67
2026-08-13,https://funatsuri-yoso.com/ship/tomo-maru.html,0,1,0,8
2026-08-13,https://funatsuri-yoso.com/ship/tsuribune-tsuru.html,0,5,0,7.8
2026-08-13,https://funatsuri-yoso.com/ship/yamashita-maru.html,0,1,0,9
2026-08-13,https://funatsuri-yoso.com/ship/yonemoto-tsuribuneten.html,0,16,0,11.31
2026-08-13,https://funatsuri-yoso.com/x_post/2026-08-02.html,0,1,0,6
2026-08-13,https://funatsuri-yoso.com/x_post/2026-08-07.html,0,2,0,8.5
2026-08-13,https://funatsuri-yoso.com/x_post/2026-08-08.html,0,4,0,10
2026-08-13,https://funatsuri-yoso.com/x_post/2026-08-09.html,0,1,0,10
2026-08-13,https://funatsuri-yoso.com/x_post/2026-08-10.html,0,2,0,4
2026-08-14,https://funatsuri-yoso.com/,0,53,0,7.34
2026-08-14,https://funatsuri-yoso.com/area/aihama.html,0,4,0,8.5
2026-08-14,https://funatsuri-yoso.com/area/amatsu.html,0,3,0,7
2026-08-14,https://funatsuri-yoso.com/area/arari.html,0,1,0,11
2026-08-14,https://funatsuri-yoso.com/area/atami-port.html,0,1,0,2
2026-08-14,https://funatsuri-yoso.com/area/enoura.html,0,16,0,7.12
2026-08-14,https://funatsuri-yoso.com/area/fukuura-yugawara.html,0,7,0,12.29
2026-08-14,https://funatsuri-yoso.com/area/futtsu.html,0,17,0,10.24
2026-08-14,https://funatsuri-yoso.com/area/hasaki-shinko.html,0,8,0,7.38
2026-08-14,https://funatsuri-yoso.com/area/hayakawa.html,0,2,0,7
2026-08-14,https://funatsuri-yoso.com/area/hiratsuka.html,0,1,0,13
2026-08-14,https://funatsuri-yoso.com/area/hitachi-kuji.html,0,1,0,5
2026-08-14,https://funatsuri-yoso.com/area/hota.html,0,2,0,8
2026-08-14,https://funatsuri-yoso.com/area/iioka.html,1,23,0.043478,7.7
2026-08-14,https://funatsuri-yoso.com/area/kanaya.html,0,42,0,8.17
2026-08-14,https://funatsuri-yoso.com/area/kanazawa-hakkei.html,0,2,0,6
2026-08-14,https://funatsuri-yoso.com/area/kashima-minami-oki.html,0,2,0,5.5
2026-08-14,https://funatsuri-yoso.com/area/kashima.html,0,4,0,8.75
2026-08-14,https://funatsuri-yoso.com/area/katsuura.html,1,34,0.029412,7.44
2026-08-14,https://funatsuri-yoso.com/area/kiba.html,0,1,0,8
2026-08-14,https://funatsuri-yoso.com/area/koshigoe.html,0,5,0,15.2
2026-08-14,https://funatsuri-yoso.com/area/kuryo.html,0,3,0,7.67
2026-08-14,https://funatsuri-yoso.com/area/manazuru-port.html,0,3,0,6.33
2026-08-14,https://funatsuri-yoso.com/area/matsuwa-ena.html,0,1,0,33
2026-08-14,https://funatsuri-yoso.com/area/matsuzaki.html,0,2,0,7
2026-08-14,https://funatsuri-yoso.com/area/nakaminato.html,0,3,0,7
2026-08-14,https://funatsuri-yoso.com/area/oarai.html,1,47,0.021277,8.47
2026-08-14,https://funatsuri-yoso.com/area/ohara.html,0,2,0,8.5
2026-08-14,https://funatsuri-yoso.com/area/omaezaki.html,0,8,0,9
2026-08-14,https://funatsuri-yoso.com/area/ose.html,0,1,0,8
2026-08-14,https://funatsuri-yoso.com/area/sajima.html,0,1,0,9
2026-08-14,https://funatsuri-yoso.com/area/shimizu.html,0,1,0,9
2026-08-14,https://funatsuri-yoso.com/area/shizuura.html,3,52,0.057692,7.54
2026-08-14,https://funatsuri-yoso.com/area/susaki.html,0,1,0,5
2026-08-14,https://funatsuri-yoso.com/area/usami.html,0,1,0,9
2026-08-14,https://funatsuri-yoso.com/area/yaizu.html,0,5,0,9.4
2026-08-14,https://funatsuri-yoso.com/calendar.html,0,36,0,7.69
2026-08-14,https://funatsuri-yoso.com/fish/aji.html,0,14,0,8.57
2026-08-14,https://funatsuri-yoso.com/fish/amadai.html,0,1,0,10
2026-08-14,https://funatsuri-yoso.com/fish/anago.html,0,5,0,10.2
2026-08-14,https://funatsuri-yoso.com/fish/aoriika.html,0,2,0,12
2026-08-14,https://funatsuri-yoso.com/fish/ara.html,0,3,0,11
2026-08-14,https://funatsuri-yoso.com/fish/hirame.html,0,3,0,9.67
2026-08-14,https://funatsuri-yoso.com/fish/inada.html,0,21,0,6.43
2026-08-14,https://funatsuri-yoso.com/fish/isaki.html,0,3,0,9.33
2026-08-14,https://funatsuri-yoso.com/fish/ishimochi.html,0,1,0,9
2026-08-14,https://funatsuri-yoso.com/fish/kamasu.html,0,1,0,9
2026-08-14,https://funatsuri-yoso.com/fish/kanpachi.html,0,17,0,7.47
2026-08-14,https://funatsuri-yoso.com/fish/karei.html,0,1,0,6
2026-08-14,https://funatsuri-yoso.com/fish/kasago.html,0,3,0,12
2026-08-14,https://funatsuri-yoso.com/fish/katsuo.html,0,31,0,8.61
2026-08-14,https://funatsuri-yoso.com/fish/kawahagi.html,1,3,0.333333,9.33
2026-08-14,https://funatsuri-yoso.com/fish/kinmedai.html,0,1,0,1
2026-08-14,https://funatsuri-yoso.com/fish/kintoki.html,0,1,0,11
2026-08-14,https://funatsuri-yoso.com/fish/kurodai.html,0,3,0,7.33
2026-08-14,https://funatsuri-yoso.com/fish/kuromutsu.html,0,1,0,4
2026-08-14,https://funatsuri-yoso.com/fish/madai.html,0,1,0,8
2026-08-14,https://funatsuri-yoso.com/fish/madako.html,1,9,0.111111,10.56
2026-08-14,https://funatsuri-yoso.com/fish/magochi.html,0,9,0,6.44
2026-08-14,https://funatsuri-yoso.com/fish/maruika.html,0,10,0,6.3
2026-08-14,https://funatsuri-yoso.com/fish/mugiika.html,0,3,0,10.67
2026-08-14,https://funatsuri-yoso.com/fish/oki-kasago.html,0,1,0,8
2026-08-14,https://funatsuri-yoso.com/fish/saba.html,0,1,0,6
2026-08-14,https://funatsuri-yoso.com/fish/shima-aji.html,2,14,0.142857,7.07
2026-08-14,https://funatsuri-yoso.com/fish/shirogisu.html,0,2,0,8.5
2026-08-14,https://funatsuri-yoso.com/fish/shousaifugu.html,0,1,0,9
2026-08-14,https://funatsuri-yoso.com/fish/tachiuo.html,1,33,0.030303,8.52
2026-08-14,https://funatsuri-yoso.com/fish/warasa.html,0,6,0,7.83
2026-08-14,https://funatsuri-yoso.com/fish/yariika.html,0,2,0,2
2026-08-14,https://funatsuri-yoso.com/fish_area/aji-chigasaki.html,0,1,0,9
2026-08-14,https://funatsuri-yoso.com/fish_area/aji-katakai.html,0,1,0,8
2026-08-14,https://funatsuri-yoso.com/fish_area/aji-kurihama.html,0,1,0,9
2026-08-14,https://funatsuri-yoso.com/fish_area/aji-nagaura.html,0,1,0,5
2026-08-14,https://funatsuri-yoso.com/fish_area/aji-odawara-hayakawa.html,0,2,0,9.5
2026-08-14,https://funatsuri-yoso.com/fish_area/aji-oiso.html,0,1,0,5
2026-08-14,https://funatsuri-yoso.com/fish_area/aji-omaezaki.html,0,2,0,9
2026-08-14,https://funatsuri-yoso.com/fish_area/aji-urayasu.html,0,1,0,6
2026-08-14,https://funatsuri-yoso.com/fish_area/aji-yokohama.html,0,3,0,8.67
2026-08-14,https://funatsuri-yoso.com/fish_area/akamutsu-hasaki.html,0,1,0,10
2026-08-14,https://funatsuri-yoso.com/fish_area/amadai-koshigoe.html,0,1,0,6
2026-08-14,https://funatsuri-yoso.com/fish_area/hata-omaezaki.html,0,2,0,5.5
2026-08-14,https://funatsuri-yoso.com/fish_area/hirame-iioka.html,0,5,0,12.6
2026-08-14,https://funatsuri-yoso.com/fish_area/hirame-oarai.html,0,1,0,4
2026-08-14,https://funatsuri-yoso.com/fish_area/inada-kashima.html,0,1,0,8
2026-08-14,https://funatsuri-yoso.com/fish_area/inada-oarai.html,0,1,0,4
2026-08-14,https://funatsuri-yoso.com/fish_area/isaki-ajiro-port.html,0,1,0,10
2026-08-14,https://funatsuri-yoso.com/fish_area/isaki-ohara.html,0,2,0,8.5
2026-08-14,https://funatsuri-yoso.com/fish_area/isaki-sajima.html,0,1,0,8
2026-08-14,https://funatsuri-yoso.com/fish_area/kanpachi-omaezaki.html,0,1,0,8
2026-08-14,https://funatsuri-yoso.com/fish_area/kasago-%E4%BD%90%E5%B3%B6%E6%B8%AF.html,0,1,0,5
2026-08-14,https://funatsuri-yoso.com/fish_area/kasago-kanazawa-hakkei.html,0,1,0,20
2026-08-14,https://funatsuri-yoso.com/fish_area/kasago-rokugo-suimon.html,0,1,0,9
2026-08-14,https://funatsuri-yoso.com/fish_area/katsuo-kotsubo.html,0,4,0,7
2026-08-14,https://funatsuri-yoso.com/fish_area/madai-odawara-hayakawa.html,0,1,0,10
2026-08-14,https://funatsuri-yoso.com/fish_area/madai-ohara.html,0,2,0,9
2026-08-14,https://funatsuri-yoso.com/fish_area/madai-suzaki.html,0,1,0,9
2026-08-14,https://funatsuri-yoso.com/fish_area/madako-urayasu.html,0,1,0,3
2026-08-14,https://funatsuri-yoso.com/fish_area/magochi-kanazawa-hakkei.html,0,1,0,8
2026-08-14,https://funatsuri-yoso.com/fish_area/saba-hiratsuka.html,0,1,0,9
2026-08-14,https://funatsuri-yoso.com/fish_area/saba-katase-gyoko.html,0,1,0,11
2026-08-14,https://funatsuri-yoso.com/fish_area/saba-koshigoe.html,0,1,0,8
2026-08-14,https://funatsuri-yoso.com/fish_area/seabass-edogawa.html,0,1,0,10
2026-08-14,https://funatsuri-yoso.com/fish_area/shima-aji-ohara.html,0,10,0,9.4
2026-08-14,https://funatsuri-yoso.com/fish_area/shousaifugu-%E9%B9%BF%E5%B6%8B%E6%96%B0%E6%B8%AF.html,0,1,0,6
2026-08-14,https://funatsuri-yoso.com/fish_area/tachiuo-fukuda.html,0,6,0,8.33
2026-08-14,https://funatsuri-yoso.com/fish_area/tachiuo-kiba.html,0,1,0,7
2026-08-14,https://funatsuri-yoso.com/fish_area/warasa-kashima.html,0,1,0,11
2026-08-14,https://funatsuri-yoso.com/index.html,0,3,0,11
2026-08-14,https://funatsuri-yoso.com/ship/fudo-maru.html,0,1,0,11
2026-08-14,https://funatsuri-yoso.com/ship/fuji-maru.html,0,2,0,7
2026-08-14,https://funatsuri-yoso.com/ship/fukada-masao-maru.html,0,4,0,8
2026-08-14,https://funatsuri-yoso.com/ship/funayado-mameya.html,0,1,0,9
2026-08-14,https://funatsuri-yoso.com/ship/gishin-maru.html,0,2,0,9
2026-08-14,https://funatsuri-yoso.com/ship/hamasei-maru.html,0,2,0,9.5
2026-08-14,https://funatsuri-yoso.com/ship/harumori-maru.html,0,1,0,6
2026-08-14,https://funatsuri-yoso.com/ship/hitachi-maru.html,0,1,0,8
2026-08-14,https://funatsuri-yoso.com/ship/kamoshita-maru-kawana.html,0,2,0,9.5
2026-08-14,https://funatsuri-yoso.com/ship/kikyu-maru.html,0,1,0,4
2026-08-14,https://funatsuri-yoso.com/ship/ko-maru-oiso.html,0,2,0,9
2026-08-14,https://funatsuri-yoso.com/ship/ko-maru.html,0,3,0,8
2026-08-14,https://funatsuri-yoso.com/ship/koryo-maru-hitachi.html,0,1,0,10
2026-08-14,https://funatsuri-yoso.com/ship/kotoku-maru.html,0,4,0,6.25
2026-08-14,https://funatsuri-yoso.com/ship/marubachi.html,0,1,0,4
2026-08-14,https://funatsuri-yoso.com/ship/masami-maru.html,0,1,0,5
2026-08-14,https://funatsuri-yoso.com/ship/minosuke-maru.html,0,1,0,9
2026-08-14,https://funatsuri-yoso.com/ship/muramoto-kaiji.html,0,12,0,9.25
2026-08-14,https://funatsuri-yoso.com/ship/narigin-maru.html,0,1,0,6
2026-08-14,https://funatsuri-yoso.com/ship/nissho-maru.html,0,1,0,10
2026-08-14,https://funatsuri-yoso.com/ship/omatsu-maru.html,0,1,0,8
2026-08-14,https://funatsuri-yoso.com/ship/onuki-maru.html,0,1,0,8
2026-08-14,https://funatsuri-yoso.com/ship/saemi-maru.html,0,1,0,7
2026-08-14,https://funatsuri-yoso.com/ship/sanjiro-maru.html,0,1,0,11
2026-08-14,https://funatsuri-yoso.com/ship/sashima-kairakuen.html,0,3,0,15
2026-08-14,https://funatsuri-yoso.com/ship/shimakichi-maru.html,0,2,0,6.5
2026-08-14,https://funatsuri-yoso.com/ship/shintoku-maru.html,1,1,1,22
2026-08-14,https://funatsuri-yoso.com/ship/shojiro-maru.html,0,27,0,10.85
2026-08-14,https://funatsuri-yoso.com/ship/taiko-maru.html,0,1,0,10
2026-08-14,https://funatsuri-yoso.com/ship/taro-maru.html,0,2,0,7.5
2026-08-14,https://funatsuri-yoso.com/ship/tetsuo-maru.html,0,2,0,4
2026-08-14,https://funatsuri-yoso.com/ship/tomo-maru.html,0,3,0,8.67
2026-08-14,https://funatsuri-yoso.com/ship/tsuribune-tsuru.html,0,5,0,7.8
2026-08-14,https://funatsuri-yoso.com/ship/yamashita-maru.html,0,1,0,7
2026-08-14,https://funatsuri-yoso.com/ship/yonemoto-tsuribuneten.html,0,24,0,8.67
2026-08-14,https://funatsuri-yoso.com/x_post/2026-08-02.html,0,4,0,9.5
2026-08-14,https://funatsuri-yoso.com/x_post/2026-08-05.html,0,1,0,11
2026-08-14,https://funatsuri-yoso.com/x_post/2026-08-07.html,0,1,0,7
2026-08-14,https://funatsuri-yoso.com/x_post/2026-08-08.html,0,3,0,7.33
2026-08-14,https://funatsuri-yoso.com/x_post/2026-08-10.html,0,2,0,2.5
2026-08-15,https://funatsuri-yoso.com/,1,36,0.027778,12.22
2026-08-15,https://funatsuri-yoso.com/area/aihama.html,0,3,0,8
2026-08-15,https://funatsuri-yoso.com/area/amatsu.html,0,3,0,6.33
2026-08-15,https://funatsuri-yoso.com/area/atami-port.html,0,1,0,11
2026-08-15,https://funatsuri-yoso.com/area/enoura.html,0,16,0,6.56
2026-08-15,https://funatsuri-yoso.com/area/fukuura-yugawara.html,0,5,0,8.4
2026-08-15,https://funatsuri-yoso.com/area/futtsu.html,0,13,0,8.38
2026-08-15,https://funatsuri-yoso.com/area/hasaki-shinko.html,0,4,0,7.75
2026-08-15,https://funatsuri-yoso.com/area/hayakawa.html,0,2,0,9.5
2026-08-15,https://funatsuri-yoso.com/area/hiratsuka.html,0,1,0,7
2026-08-15,https://funatsuri-yoso.com/area/hitachi-kuji.html,0,2,0,7.5
2026-08-15,https://funatsuri-yoso.com/area/iioka.html,1,18,0.055556,5.83
2026-08-15,https://funatsuri-yoso.com/area/ito-shi.html,0,6,0,8.17
2026-08-15,https://funatsuri-yoso.com/area/kanaya.html,1,32,0.03125,7.5
2026-08-15,https://funatsuri-yoso.com/area/kanazawa-hakkei.html,0,5,0,23.4
2026-08-15,https://funatsuri-yoso.com/area/kashima.html,0,4,0,7.75
2026-08-15,https://funatsuri-yoso.com/area/katase-gyoko.html,0,1,0,10
2026-08-15,https://funatsuri-yoso.com/area/katsuura.html,1,37,0.027027,8.24
2026-08-15,https://funatsuri-yoso.com/area/koshigoe.html,0,2,0,9
2026-08-15,https://funatsuri-yoso.com/area/kuryo.html,0,6,0,8
2026-08-15,https://funatsuri-yoso.com/area/manazuru-port.html,0,7,0,8.43
2026-08-15,https://funatsuri-yoso.com/area/oarai.html,0,15,0,9.53
2026-08-15,https://funatsuri-yoso.com/area/ohara.html,0,3,0,10.33
2026-08-15,https://funatsuri-yoso.com/area/omaezaki.html,1,9,0.111111,10.56
2026-08-15,https://funatsuri-yoso.com/area/ose.html,0,1,0,8
2026-08-15,https://funatsuri-yoso.com/area/sajima.html,0,3,0,5.67
2026-08-15,https://funatsuri-yoso.com/area/samezu-katsushima.html,0,1,0,9
2026-08-15,https://funatsuri-yoso.com/area/shizuura.html,1,27,0.037037,7.89
2026-08-15,https://funatsuri-yoso.com/area/susaki.html,0,2,0,4.5
2026-08-15,https://funatsuri-yoso.com/area/tagonoura.html,0,2,0,8.5
2026-08-15,https://funatsuri-yoso.com/area/usami.html,0,3,0,6
2026-08-15,https://funatsuri-yoso.com/area/yaizu.html,0,3,0,7.67
2026-08-15,https://funatsuri-yoso.com/area/yokohama-honmoku.html,0,1,0,10
2026-08-15,https://funatsuri-yoso.com/area/yoshida.html,0,1,0,9
2026-08-15,https://funatsuri-yoso.com/calendar.html,1,41,0.02439,7.8
2026-08-15,https://funatsuri-yoso.com/fish/aji.html,0,15,0,7.93
2026-08-15,https://funatsuri-yoso.com/fish/amadai.html,0,6,0,11.17
2026-08-15,https://funatsuri-yoso.com/fish/anago.html,0,3,0,9
2026-08-15,https://funatsuri-yoso.com/fish/aoriika.html,0,3,0,8.33
2026-08-15,https://funatsuri-yoso.com/fish/ara.html,0,1,0,5
2026-08-15,https://funatsuri-yoso.com/fish/hanadai.html,0,1,0,7
2026-08-15,https://funatsuri-yoso.com/fish/hirame.html,0,4,0,6
2026-08-15,https://funatsuri-yoso.com/fish/inada.html,1,11,0.090909,6.91
2026-08-15,https://funatsuri-yoso.com/fish/kamasu.html,0,1,0,7
2026-08-15,https://funatsuri-yoso.com/fish/kanpachi.html,0,22,0,7.09
2026-08-15,https://funatsuri-yoso.com/fish/karei.html,0,3,0,8.67
2026-08-15,https://funatsuri-yoso.com/fish/kasago.html,0,1,0,5
2026-08-15,https://funatsuri-yoso.com/fish/katsuo.html,0,24,0,9.67
2026-08-15,https://funatsuri-yoso.com/fish/kawahagi.html,0,2,0,11
2026-08-15,https://funatsuri-yoso.com/fish/kihada-maguro.html,0,2,0,8
2026-08-15,https://funatsuri-yoso.com/fish/kintoki.html,0,4,0,4.75
2026-08-15,https://funatsuri-yoso.com/fish/kuromutsu.html,0,4,0,5.5
2026-08-15,https://funatsuri-yoso.com/fish/madako.html,0,8,0,9.38
2026-08-15,https://funatsuri-yoso.com/fish/magochi.html,0,11,0,6.64
2026-08-15,https://funatsuri-yoso.com/fish/maruika.html,0,4,0,9.75
2026-08-15,https://funatsuri-yoso.com/fish/mugiika.html,0,4,0,9
2026-08-15,https://funatsuri-yoso.com/fish/onikasago.html,0,1,0,10
2026-08-15,https://funatsuri-yoso.com/fish/saba.html,0,1,0,10
2026-08-15,https://funatsuri-yoso.com/fish/shima-aji.html,0,17,0,8.29
2026-08-15,https://funatsuri-yoso.com/fish/shousaifugu.html,0,1,0,19
2026-08-15,https://funatsuri-yoso.com/fish/tachiuo.html,0,25,0,8.84
2026-08-15,https://funatsuri-yoso.com/fish/warasa.html,0,4,0,12.25
2026-08-15,https://funatsuri-yoso.com/fish/yariika.html,0,1,0,11
2026-08-15,https://funatsuri-yoso.com/fish_area/aji-heiwajima.html,0,1,0,8
2026-08-15,https://funatsuri-yoso.com/fish_area/aji-iioka.html,0,2,0,8.5
2026-08-15,https://funatsuri-yoso.com/fish_area/aji-kanazawa-gyoko.html,0,1,0,10
2026-08-15,https://funatsuri-yoso.com/fish_area/aji-kurihama.html,0,2,0,9.5
2026-08-15,https://funatsuri-yoso.com/fish_area/aji-matsuwa-ena.html,0,2,0,12
2026-08-15,https://funatsuri-yoso.com/fish_area/aji-odawara-hayakawa.html,0,1,0,9
2026-08-15,https://funatsuri-yoso.com/fish_area/aji-oiso.html,0,1,0,10
2026-08-15,https://funatsuri-yoso.com/fish_area/aji-omaezaki.html,0,1,0,10
2026-08-15,https://funatsuri-yoso.com/fish_area/aji-yokohama.html,0,5,0,7.4
2026-08-15,https://funatsuri-yoso.com/fish_area/akamutsu-hasaki.html,0,1,0,7
2026-08-15,https://funatsuri-yoso.com/fish_area/aoriika-kanaya.html,0,2,0,4.5
2026-08-15,https://funatsuri-yoso.com/fish_area/fugu-kashima.html,0,3,0,7.33
2026-08-15,https://funatsuri-yoso.com/fish_area/hata-omaezaki.html,0,2,0,6.5
2026-08-15,https://funatsuri-yoso.com/fish_area/hirame-iioka.html,0,2,0,12
2026-08-15,https://funatsuri-yoso.com/fish_area/hirame-togawa.html,0,1,0,8
2026-08-15,https://funatsuri-yoso.com/fish_area/inada-hiratsuka.html,0,2,0,5
2026-08-15,https://funatsuri-yoso.com/fish_area/inada-iioka.html,0,1,0,2
2026-08-15,https://funatsuri-yoso.com/fish_area/isaki-kuryo.html,0,2,0,7
2026-08-15,https://funatsuri-yoso.com/fish_area/isaki-ohara.html,0,1,0,7
2026-08-15,https://funatsuri-yoso.com/fish_area/kaiwari-usami.html,0,2,0,7.5
2026-08-15,https://funatsuri-yoso.com/fish_area/kanpachi-omaezaki.html,0,4,0,4
2026-08-15,https://funatsuri-yoso.com/fish_area/kanpachi-shimoda.html,0,1,0,8
2026-08-15,https://funatsuri-yoso.com/fish_area/kasago-sajima.html,0,1,0,8
2026-08-15,https://funatsuri-yoso.com/fish_area/katsuo-odawara-hayakawa.html,0,1,0,7
2026-08-15,https://funatsuri-yoso.com/fish_area/kawahagi-kubiri.html,0,1,0,11
2026-08-15,https://funatsuri-yoso.com/fish_area/kihada-maguro-nagai.html,0,1,0,8
2026-08-15,https://funatsuri-yoso.com/fish_area/madai-atami-port.html,0,2,0,10
2026-08-15,https://funatsuri-yoso.com/fish_area/madai-hitachi-kuji.html,0,1,0,10
2026-08-15,https://funatsuri-yoso.com/fish_area/madai-kuryo.html,0,1,0,11
2026-08-15,https://funatsuri-yoso.com/fish_area/madai-ohara.html,0,4,0,8.25
2026-08-15,https://funatsuri-yoso.com/fish_area/madako-nagaura.html,0,1,0,5
2026-08-15,https://funatsuri-yoso.com/fish_area/mahata-iioka.html,0,1,0,6
2026-08-15,https://funatsuri-yoso.com/fish_area/saba-kashima.html,0,1,0,6
2026-08-15,https://funatsuri-yoso.com/fish_area/sawara-kanazawa-hakkei.html,0,1,0,8
2026-08-15,https://funatsuri-yoso.com/fish_area/shima-aji-ohara.html,0,10,0,8.2
2026-08-15,https://funatsuri-yoso.com/fish_area/shousaifugu-%E9%B9%BF%E5%B6%8B%E6%96%B0%E6%B8%AF.html,0,1,0,8
2026-08-15,https://funatsuri-yoso.com/fish_area/tachiuo-fukuda.html,0,16,0,9.94
2026-08-15,https://funatsuri-yoso.com/fish_area/tai-gomoku-oarai.html,0,1,0,10
2026-08-15,https://funatsuri-yoso.com/fish_area/warasa-matsuwa-ena.html,0,2,0,9
2026-08-15,https://funatsuri-yoso.com/fish_area/yariika-nagai.html,0,2,0,9.5
2026-08-15,https://funatsuri-yoso.com/forecast/,0,1,0,11
2026-08-15,https://funatsuri-yoso.com/monthly/2026-05/tachiuo.html,0,1,0,5
2026-08-15,https://funatsuri-yoso.com/monthly/2026-06/aji.html,0,1,0,6
2026-08-15,https://funatsuri-yoso.com/ship/fudo-maru.html,0,1,0,5
2026-08-15,https://funatsuri-yoso.com/ship/fukada-masao-maru.html,0,7,0,6.86
2026-08-15,https://funatsuri-yoso.com/ship/fukagawa-yoshinoya.html,0,1,0,5
2026-08-15,https://funatsuri-yoso.com/ship/gishin-maru.html,0,2,0,9
2026-08-15,https://funatsuri-yoso.com/ship/goro-maru.html,0,2,0,10
2026-08-15,https://funatsuri-yoso.com/ship/hamasei-maru.html,0,5,0,6
2026-08-15,https://funatsuri-yoso.com/ship/hirai-maru.html,0,2,0,9.5
2026-08-15,https://funatsuri-yoso.com/ship/ikeda-maru.html,0,1,0,7
2026-08-15,https://funatsuri-yoso.com/ship/ka-maru.html,0,1,0,10
2026-08-15,https://funatsuri-yoso.com/ship/kamoshita-maru-kawana.html,0,1,0,9
2026-08-15,https://funatsuri-yoso.com/ship/katsumi-maru.html,0,1,0,4
2026-08-15,https://funatsuri-yoso.com/ship/kikyu-maru.html,0,1,0,6
2026-08-15,https://funatsuri-yoso.com/ship/ko-maru-oiso.html,0,4,0,8
2026-08-15,https://funatsuri-yoso.com/ship/ko-maru.html,0,4,0,10.25
2026-08-15,https://funatsuri-yoso.com/ship/koei-maru-yaizu.html,0,1,0,7
2026-08-15,https://funatsuri-yoso.com/ship/koshiba-maru.html,0,1,0,10
2026-08-15,https://funatsuri-yoso.com/ship/kotoku-maru.html,0,3,0,7
2026-08-15,https://funatsuri-yoso.com/ship/marubachi.html,0,1,0,6
2026-08-15,https://funatsuri-yoso.com/ship/minosuke-maru.html,0,1,0,9
2026-08-15,https://funatsuri-yoso.com/ship/moki-maru.html,0,1,0,8
2026-08-15,https://funatsuri-yoso.com/ship/muramoto-kaiji.html,0,3,0,8
2026-08-15,https://funatsuri-yoso.com/ship/omatsu-maru.html,0,1,0,9
2026-08-15,https://funatsuri-yoso.com/ship/onuki-maru.html,0,1,0,8
2026-08-15,https://funatsuri-yoso.com/ship/ryusei-maru.html,1,3,0.333333,5.67
2026-08-15,https://funatsuri-yoso.com/ship/sashima-kairakuen.html,0,4,0,10.25
2026-08-15,https://funatsuri-yoso.com/ship/seiei-maru.html,0,1,0,6
2026-08-15,https://funatsuri-yoso.com/ship/seisho-maru.html,0,2,0,10
2026-08-15,https://funatsuri-yoso.com/ship/shohachi-maru.html,0,1,0,11
2026-08-15,https://funatsuri-yoso.com/ship/shojiro-maru.html,0,25,0,12.4
2026-08-15,https://funatsuri-yoso.com/ship/taiko-maru.html,0,4,0,8
2026-08-15,https://funatsuri-yoso.com/ship/taro-maru.html,0,2,0,9
2026-08-15,https://funatsuri-yoso.com/ship/tetsuo-maru.html,0,3,0,6
2026-08-15,https://funatsuri-yoso.com/ship/tomo-maru.html,0,2,0,9
2026-08-15,https://funatsuri-yoso.com/ship/tsuribune-tsuru.html,0,4,0,9
2026-08-15,https://funatsuri-yoso.com/ship/ueda-maru.html,0,1,0,10
2026-08-15,https://funatsuri-yoso.com/ship/yonemoto-tsuribuneten.html,0,19,0,9.89
2026-08-15,https://funatsuri-yoso.com/x_post/2026-08-07.html,0,1,0,10
2026-08-15,https://funatsuri-yoso.com/x_post/2026-08-08.html,0,3,0,14
2026-08-15,https://funatsuri-yoso.com/x_post/2026-08-09.html,0,2,0,7.5
2026-08-15,https://funatsuri-yoso.com/x_post/2026-08-10.html,0,1,0,8
2026-08-15,https://funatsuri-yoso.com/x_post/2026-08-12.html,0,1,0,3
2026-08-16,https://funatsuri-yoso.com/,0,36,0,7.56
2026-08-16,https://funatsuri-yoso.com/area/ajiro-port.html,0,1,0,4
2026-08-16,https://funatsuri-yoso.com/area/amatsu.html,0,5,0,8.2
2026-08-16,https://funatsuri-yoso.com/area/atami-port.html,0,1,0,11
2026-08-16,https://funatsuri-yoso.com/area/enoura.html,0,4,0,7
2026-08-16,https://funatsuri-yoso.com/area/fukuura-yugawara.html,0,5,0,6.6
2026-08-16,https://funatsuri-yoso.com/area/futtsu.html,1,11,0.090909,7.82
2026-08-16,https://funatsuri-yoso.com/area/hasaki-shinko.html,0,1,0,6
2026-08-16,https://funatsuri-yoso.com/area/iioka.html,0,32,0,6.34
2026-08-16,https://funatsuri-yoso.com/area/ito-shi.html,0,1,0,8
2026-08-16,https://funatsuri-yoso.com/area/kanaya.html,2,21,0.095238,5.9
2026-08-16,https://funatsuri-yoso.com/area/kanazawa-hakkei.html,0,1,0,4
2026-08-16,https://funatsuri-yoso.com/area/kashima.html,0,1,0,9
2026-08-16,https://funatsuri-yoso.com/area/katakai.html,0,3,0,8.67
2026-08-16,https://funatsuri-yoso.com/area/katsuura.html,1,42,0.02381,9
2026-08-16,https://funatsuri-yoso.com/area/koshigoe.html,0,3,0,26.33
2026-08-16,https://funatsuri-yoso.com/area/manazuru-port.html,0,3,0,7.67
2026-08-16,https://funatsuri-yoso.com/area/matsuwa-ena.html,0,1,0,10
2026-08-16,https://funatsuri-yoso.com/area/nakaminato.html,0,1,0,9
2026-08-16,https://funatsuri-yoso.com/area/oarai.html,0,14,0,9.79
2026-08-16,https://funatsuri-yoso.com/area/ohara.html,0,5,0,15
2026-08-16,https://funatsuri-yoso.com/area/omaezaki.html,0,1,0,10
2026-08-16,https://funatsuri-yoso.com/area/ose.html,0,1,0,4
2026-08-16,https://funatsuri-yoso.com/area/samezu-katsushima.html,0,1,0,16
2026-08-16,https://funatsuri-yoso.com/area/shizuura.html,1,12,0.083333,7.75
2026-08-16,https://funatsuri-yoso.com/area/tagonoura.html,0,1,0,9
2026-08-16,https://funatsuri-yoso.com/area/teishi.html,0,1,0,11
2026-08-16,https://funatsuri-yoso.com/area/yokohama-honmoku.html,0,1,0,10
2026-08-16,https://funatsuri-yoso.com/calendar.html,1,21,0.047619,8.29
2026-08-16,https://funatsuri-yoso.com/fish/,0,2,0,9.5
2026-08-16,https://funatsuri-yoso.com/fish/abura-bouzu.html,0,1,0,6
2026-08-16,https://funatsuri-yoso.com/fish/aji.html,0,5,0,8
2026-08-16,https://funatsuri-yoso.com/fish/amadai.html,0,2,0,10
2026-08-16,https://funatsuri-yoso.com/fish/anago.html,0,1,0,9
2026-08-16,https://funatsuri-yoso.com/fish/aoriika.html,0,4,0,11
2026-08-16,https://funatsuri-yoso.com/fish/ara.html,0,1,0,6
2026-08-16,https://funatsuri-yoso.com/fish/bishi-aji.html,0,2,0,7.5
2026-08-16,https://funatsuri-yoso.com/fish/hiramasa.html,0,1,0,10
2026-08-16,https://funatsuri-yoso.com/fish/hirame.html,0,5,0,8.2
2026-08-16,https://funatsuri-yoso.com/fish/inada.html,0,14,0,8.29
2026-08-16,https://funatsuri-yoso.com/fish/isaki.html,0,2,0,8
2026-08-16,https://funatsuri-yoso.com/fish/ishimochi.html,0,1,0,1
2026-08-16,https://funatsuri-yoso.com/fish/kanpachi.html,0,9,0,8.22
2026-08-16,https://funatsuri-yoso.com/fish/karei.html,0,2,0,7
2026-08-16,https://funatsuri-yoso.com/fish/kasago.html,0,1,0,11
2026-08-16,https://funatsuri-yoso.com/fish/katsuo.html,0,17,0,7.47
2026-08-16,https://funatsuri-yoso.com/fish/kawahagi.html,1,4,0.25,7
2026-08-16,https://funatsuri-yoso.com/fish/kurodai.html,0,2,0,10
2026-08-16,https://funatsuri-yoso.com/fish/kuromutsu.html,0,2,0,4.5
2026-08-16,https://funatsuri-yoso.com/fish/madai.html,0,4,0,9.5
2026-08-16,https://funatsuri-yoso.com/fish/madako.html,0,8,0,20.88
2026-08-16,https://funatsuri-yoso.com/fish/magochi.html,0,3,0,8
2026-08-16,https://funatsuri-yoso.com/fish/maruika.html,0,3,0,4
2026-08-16,https://funatsuri-yoso.com/fish/onikasago.html,0,2,0,9
2026-08-16,https://funatsuri-yoso.com/fish/saba.html,0,1,0,9
2026-08-16,https://funatsuri-yoso.com/fish/seabass.html,0,1,0,9
2026-08-16,https://funatsuri-yoso.com/fish/shiira.html,0,2,0,8
2026-08-16,https://funatsuri-yoso.com/fish/shima-aji.html,0,1,0,9
2026-08-16,https://funatsuri-yoso.com/fish/shirogisu.html,0,3,0,9
2026-08-16,https://funatsuri-yoso.com/fish/sumiika.html,0,1,0,11
2026-08-16,https://funatsuri-yoso.com/fish/tachiuo.html,0,21,0,7.71
2026-08-16,https://funatsuri-yoso.com/fish/warasa.html,0,2,0,3
2026-08-16,https://funatsuri-yoso.com/fish/yariika.html,1,3,0.333333,13.33
2026-08-16,https://funatsuri-yoso.com/fish_area/aji-fukuda.html,0,1,0,7
2026-08-16,https://funatsuri-yoso.com/fish_area/aji-odawara-hayakawa.html,0,1,0,6
2026-08-16,https://funatsuri-yoso.com/fish_area/aji-yokohama.html,0,3,0,12.33
2026-08-16,https://funatsuri-yoso.com/fish_area/buri-shimoda.html,0,2,0,7.5
2026-08-16,https://funatsuri-yoso.com/fish_area/fugu-urayasu.html,0,1,0,9
2026-08-16,https://funatsuri-yoso.com/fish_area/hata-omaezaki.html,0,1,0,8
2026-08-16,https://funatsuri-yoso.com/fish_area/hata-shin-imaibashi.html,0,1,0,4
2026-08-16,https://funatsuri-yoso.com/fish_area/hirame-iioka.html,0,3,0,15.67
2026-08-16,https://funatsuri-yoso.com/fish_area/hirame-togawa.html,0,1,0,10
2026-08-16,https://funatsuri-yoso.com/fish_area/inada-hiratsuka.html,0,2,0,7.5
2026-08-16,https://funatsuri-yoso.com/fish_area/kaiwari-usami.html,0,2,0,4.5
2026-08-16,https://funatsuri-yoso.com/fish_area/kasago-kanazawa-hakkei.html,0,1,0,11
2026-08-16,https://funatsuri-yoso.com/fish_area/katsuo-kotsubo.html,0,3,0,7.33
2026-08-16,https://funatsuri-yoso.com/fish_area/katsuo-odawara-hayakawa.html,0,2,0,6.5
2026-08-16,https://funatsuri-yoso.com/fish_area/kinmedai-kotsubo.html,0,1,0,6
2026-08-16,https://funatsuri-yoso.com/fish_area/madai-hitachi-kuji.html,0,1,0,11
2026-08-16,https://funatsuri-yoso.com/fish_area/saba-kashima.html,0,1,0,4
2026-08-16,https://funatsuri-yoso.com/fish_area/shirogisu-yokohama.html,0,1,0,7
2026-08-16,https://funatsuri-yoso.com/fish_area/surumeika-katsuura-kawazu.html,0,1,0,9
2026-08-16,https://funatsuri-yoso.com/fish_area/tachiuo-fukuda.html,0,3,0,8
2026-08-16,https://funatsuri-yoso.com/ship/fudo-maru.html,0,1,0,10
2026-08-16,https://funatsuri-yoso.com/ship/fuji-maru.html,0,1,0,12
2026-08-16,https://funatsuri-yoso.com/ship/fukada-masao-maru.html,0,3,0,16.33
2026-08-16,https://funatsuri-yoso.com/ship/hamasei-maru.html,0,3,0,6
2026-08-16,https://funatsuri-yoso.com/ship/hiroshimaya.html,0,1,0,4
2026-08-16,https://funatsuri-yoso.com/ship/kamoshita-maru-kawana.html,0,2,0,10
2026-08-16,https://funatsuri-yoso.com/ship/kanazawa-hakkei-kurokawa-maru.html,0,1,0,9
2026-08-16,https://funatsuri-yoso.com/ship/kikyu-maru.html,0,4,0,16.25
2026-08-16,https://funatsuri-yoso.com/ship/ko-maru-oiso.html,0,2,0,7.5
2026-08-16,https://funatsuri-yoso.com/ship/ko-maru.html,0,1,0,3
2026-08-16,https://funatsuri-yoso.com/ship/kobayashi-maru.html,0,1,0,9
2026-08-16,https://funatsuri-yoso.com/ship/kotoku-maru.html,0,3,0,9.67
2026-08-16,https://funatsuri-yoso.com/ship/kyuju-maru.html,0,2,0,9
2026-08-16,https://funatsuri-yoso.com/ship/minosuke-maru.html,0,2,0,9
2026-08-16,https://funatsuri-yoso.com/ship/muramoto-kaiji.html,0,3,0,9.33
2026-08-16,https://funatsuri-yoso.com/ship/ryusei-maru.html,0,1,0,7
2026-08-16,https://funatsuri-yoso.com/ship/sashima-kairakuen.html,0,5,0,19.2
2026-08-16,https://funatsuri-yoso.com/ship/seiei-maru.html,0,1,0,10
2026-08-16,https://funatsuri-yoso.com/ship/shinko-maru.html,0,1,0,8
2026-08-16,https://funatsuri-yoso.com/ship/shojiro-maru.html,0,19,0,12.47
2026-08-16,https://funatsuri-yoso.com/ship/taiko-maru.html,0,1,0,8
2026-08-16,https://funatsuri-yoso.com/ship/taro-maru.html,0,1,0,8
2026-08-16,https://funatsuri-yoso.com/ship/tetsuo-maru.html,0,1,0,9
2026-08-16,https://funatsuri-yoso.com/ship/tsuribune-tsuru.html,0,1,0,8
2026-08-16,https://funatsuri-yoso.com/ship/yonemoto-tsuribuneten.html,0,12,0,9.83
2026-08-16,https://funatsuri-yoso.com/x_post/2026-08-09.html,0,1,0,2
2026-08-17,https://funatsuri-yoso.com/,1,22,0.045455,7.95
2026-08-17,https://funatsuri-yoso.com/area/,0,2,0,64.5
2026-08-17,https://funatsuri-yoso.com/area/aihama.html,0,1,0,9
2026-08-17,https://funatsuri-yoso.com/area/amatsu.html,0,9,0,7.11
2026-08-17,https://funatsuri-yoso.com/area/atami-port.html,0,3,0,11
2026-08-17,https://funatsuri-yoso.com/area/enoura.html,0,8,0,9.5
2026-08-17,https://funatsuri-yoso.com/area/fukuura-yugawara.html,0,6,0,7
2026-08-17,https://funatsuri-yoso.com/area/futtsu.html,0,4,0,9
2026-08-17,https://funatsuri-yoso.com/area/hachimanbashi.html,0,1,0,6
2026-08-17,https://funatsuri-yoso.com/area/hasaki-shinko.html,0,2,0,10.5
2026-08-17,https://funatsuri-yoso.com/area/hayakawa.html,0,2,0,9
2026-08-17,https://funatsuri-yoso.com/area/hiratsuka.html,0,1,0,8
2026-08-17,https://funatsuri-yoso.com/area/hitachi-kuji.html,0,2,0,4.5
2026-08-17,https://funatsuri-yoso.com/area/iioka.html,1,37,0.027027,6.27
2026-08-17,https://funatsuri-yoso.com/area/ito-shi.html,0,5,0,8.8
2026-08-17,https://funatsuri-yoso.com/area/kanaya.html,0,18,0,9.44
2026-08-17,https://funatsuri-yoso.com/area/kanazawa-hakkei.html,1,3,0.333333,6
2026-08-17,https://funatsuri-yoso.com/area/katsuura.html,0,43,0,6.74
2026-08-17,https://funatsuri-yoso.com/area/kuryo.html,0,2,0,7
2026-08-17,https://funatsuri-yoso.com/area/nakaminato.html,1,2,0.5,10
2026-08-17,https://funatsuri-yoso.com/area/oarai.html,0,20,0,12.2
2026-08-17,https://funatsuri-yoso.com/area/ohara.html,0,7,0,17.14
2026-08-17,https://funatsuri-yoso.com/area/omaezaki.html,0,1,0,39
2026-08-17,https://funatsuri-yoso.com/area/sajima.html,0,1,0,9
2026-08-17,https://funatsuri-yoso.com/area/shizuura.html,1,23,0.043478,8.61
2026-08-17,https://funatsuri-yoso.com/area/susaki.html,0,1,0,6
2026-08-17,https://funatsuri-yoso.com/area/tagonoura.html,1,4,0.25,8.25
2026-08-17,https://funatsuri-yoso.com/area/teishi.html,0,1,0,3
2026-08-17,https://funatsuri-yoso.com/area/tsuribashi.html,0,1,0,11
2026-08-17,https://funatsuri-yoso.com/area/yaizu.html,0,1,0,7
2026-08-17,https://funatsuri-yoso.com/calendar.html,0,32,0,7.41
2026-08-17,https://funatsuri-yoso.com/fish/,0,4,0,5
2026-08-17,https://funatsuri-yoso.com/fish/aji.html,0,11,0,9.55
2026-08-17,https://funatsuri-yoso.com/fish/amadai.html,0,2,0,8.5
2026-08-17,https://funatsuri-yoso.com/fish/anago.html,0,4,0,9.75
2026-08-17,https://funatsuri-yoso.com/fish/aoriika.html,0,3,0,11
2026-08-17,https://funatsuri-yoso.com/fish/ara.html,1,1,1,1
2026-08-17,https://funatsuri-yoso.com/fish/hanadai.html,0,2,0,8.5
2026-08-17,https://funatsuri-yoso.com/fish/hirame.html,0,9,0,9.11
2026-08-17,https://funatsuri-yoso.com/fish/inada.html,0,17,0,6.94
2026-08-17,https://funatsuri-yoso.com/fish/isaki.html,0,2,0,5
2026-08-17,https://funatsuri-yoso.com/fish/kanpachi.html,0,25,0,8.16
2026-08-17,https://funatsuri-yoso.com/fish/karei.html,0,1,0,8
2026-08-17,https://funatsuri-yoso.com/fish/katsuo.html,0,21,0,8.1
2026-08-17,https://funatsuri-yoso.com/fish/kawahagi.html,0,4,0,19.25
2026-08-17,https://funatsuri-yoso.com/fish/kintoki.html,0,2,0,9.5
2026-08-17,https://funatsuri-yoso.com/fish/kurodai.html,0,3,0,5.33
2026-08-17,https://funatsuri-yoso.com/fish/kuromutsu.html,0,11,0,7.73
2026-08-17,https://funatsuri-yoso.com/fish/madai.html,0,2,0,10.5
2026-08-17,https://funatsuri-yoso.com/fish/madako.html,0,8,0,9.38
2026-08-17,https://funatsuri-yoso.com/fish/magochi.html,0,12,0,8.25
2026-08-17,https://funatsuri-yoso.com/fish/maruika.html,1,12,0.083333,8
2026-08-17,https://funatsuri-yoso.com/fish/saba.html,0,4,0,9.5
2026-08-17,https://funatsuri-yoso.com/fish/shima-aji.html,0,13,0,7.08
2026-08-17,https://funatsuri-yoso.com/fish/shirogisu.html,0,2,0,7.5
2026-08-17,https://funatsuri-yoso.com/fish/sumiika.html,0,1,0,9
2026-08-17,https://funatsuri-yoso.com/fish/tachiuo.html,1,40,0.025,6.83
2026-08-17,https://funatsuri-yoso.com/fish/warasa.html,0,6,0,8.67
2026-08-17,https://funatsuri-yoso.com/fish_area/aji-kiba.html,0,1,0,20
2026-08-17,https://funatsuri-yoso.com/fish_area/aji-kurihama.html,0,1,0,11
2026-08-17,https://funatsuri-yoso.com/fish_area/aji-odawara-hayakawa.html,0,3,0,7.67
2026-08-17,https://funatsuri-yoso.com/fish_area/aji-sajima.html,0,1,0,10
2026-08-17,https://funatsuri-yoso.com/fish_area/aji-yokohama.html,0,8,0,8.25
2026-08-17,https://funatsuri-yoso.com/fish_area/akamutsu-hasaki.html,0,3,0,8
2026-08-17,https://funatsuri-yoso.com/fish_area/fugu-kashima.html,0,3,0,10
2026-08-17,https://funatsuri-yoso.com/fish_area/hata-omaezaki.html,0,1,0,4
2026-08-17,https://funatsuri-yoso.com/fish_area/hirame-hasaki.html,0,2,0,7.5
2026-08-17,https://funatsuri-yoso.com/fish_area/hirame-iioka.html,0,1,0,9
2026-08-17,https://funatsuri-yoso.com/fish_area/inada-kashima.html,0,1,0,7
2026-08-17,https://funatsuri-yoso.com/fish_area/inada-oarai.html,0,3,0,6
2026-08-17,https://funatsuri-yoso.com/fish_area/kaiwari-usami.html,0,1,0,6
2026-08-17,https://funatsuri-yoso.com/fish_area/kanpachi-shimoda.html,0,1,0,9
2026-08-17,https://funatsuri-yoso.com/fish_area/kasago-kanazawa-hakkei.html,0,2,0,8
2026-08-17,https://funatsuri-yoso.com/fish_area/kasago-susaki.html,0,1,0,4
2026-08-17,https://funatsuri-yoso.com/fish_area/katsuo-chigasaki.html,0,1,0,8
2026-08-17,https://funatsuri-yoso.com/fish_area/kawahagi-kanaya.html,0,1,0,10
2026-08-17,https://funatsuri-yoso.com/fish_area/kurodai-kurihama.html,0,1,0,3
2026-08-17,https://funatsuri-yoso.com/fish_area/kuromutsu-%E8%91%89%E5%B1%B1%E7%94%BA%E8%91%89%E5%B1%B1%E9%90%99%E6%91%BA%E6%B8%AF.html,0,1,0,3
2026-08-17,https://funatsuri-yoso.com/fish_area/kuromutsu-emi.html,0,1,0,10
2026-08-17,https://funatsuri-yoso.com/fish_area/madai-odawara-hayakawa.html,0,1,0,9
2026-08-17,https://funatsuri-yoso.com/fish_area/madai-ohara.html,0,3,0,9
2026-08-17,https://funatsuri-yoso.com/fish_area/madako-kanazawa-hakkei.html,0,1,0,5
2026-08-17,https://funatsuri-yoso.com/fish_area/mejina-matsuwa-ena.html,0,1,0,9
2026-08-17,https://funatsuri-yoso.com/fish_area/onikasago-katase-gyoko.html,0,1,0,11
2026-08-17,https://funatsuri-yoso.com/fish_area/saba-hiratsuka.html,0,1,0,9
2026-08-17,https://funatsuri-yoso.com/fish_area/saba-koshigoe.html,0,1,0,10
2026-08-17,https://funatsuri-yoso.com/fish_area/sawara-kanazawa-hakkei.html,0,1,0,8
2026-08-17,https://funatsuri-yoso.com/fish_area/shima-aji-ohara.html,1,12,0.083333,9.17
2026-08-17,https://funatsuri-yoso.com/fish_area/shima-aji-omaezaki.html,0,1,0,14
2026-08-17,https://funatsuri-yoso.com/fish_area/tachiuo-fukuda.html,0,3,0,8.67
2026-08-17,https://funatsuri-yoso.com/fish_area/tachiuo-nagaura.html,0,2,0,10
2026-08-17,https://funatsuri-yoso.com/fish_area/warasa-matsuwa-ena.html,1,4,0.25,7
2026-08-17,https://funatsuri-yoso.com/monthly/2026-05/tachiuo.html,0,1,0,8
2026-08-17,https://funatsuri-yoso.com/pages/about.html,0,2,0,4.5
2026-08-17,https://funatsuri-yoso.com/pages/terms.html,0,2,0,13
2026-08-17,https://funatsuri-yoso.com/ship/baika-maru.html,0,1,0,10
2026-08-17,https://funatsuri-yoso.com/ship/blue-dragon.html,0,2,0,11.5
2026-08-17,https://funatsuri-yoso.com/ship/daisan-kariyushi-maru.html,0,1,0,7
2026-08-17,https://funatsuri-yoso.com/ship/fudo-maru.html,0,3,0,8.67
2026-08-17,https://funatsuri-yoso.com/ship/fuji-maru.html,0,1,0,13
2026-08-17,https://funatsuri-yoso.com/ship/fukada-masao-maru.html,0,5,0,5.6
2026-08-17,https://funatsuri-yoso.com/ship/funayado-iwata.html,0,1,0,4
2026-08-17,https://funatsuri-yoso.com/ship/gishin-maru.html,0,1,0,8
2026-08-17,https://funatsuri-yoso.com/ship/hamasei-maru.html,0,3,0,6.67
2026-08-17,https://funatsuri-yoso.com/ship/heisaku-maru.html,0,1,0,8
2026-08-17,https://funatsuri-yoso.com/ship/kamoshita-maru-kawana.html,0,2,0,9
2026-08-17,https://funatsuri-yoso.com/ship/kikyu-maru.html,0,2,0,15
2026-08-17,https://funatsuri-yoso.com/ship/ko-maru-oiso.html,0,5,0,6.8
2026-08-17,https://funatsuri-yoso.com/ship/kotoku-maru.html,0,4,0,8.75
2026-08-17,https://funatsuri-yoso.com/ship/kyuju-maru.html,0,2,0,8
2026-08-17,https://funatsuri-yoso.com/ship/marubachi.html,0,1,0,7
2026-08-17,https://funatsuri-yoso.com/ship/minami-tsuribune.html,0,1,0,9
2026-08-17,https://funatsuri-yoso.com/ship/muramoto-kaiji.html,0,8,0,9.12
2026-08-17,https://funatsuri-yoso.com/ship/nagasakiya.html,0,1,0,8
2026-08-17,https://funatsuri-yoso.com/ship/nikaiya-maru.html,0,1,0,15
2026-08-17,https://funatsuri-yoso.com/ship/nissho-maru.html,0,1,0,6
2026-08-17,https://funatsuri-yoso.com/ship/oharu-maru.html,0,1,0,7
2026-08-17,https://funatsuri-yoso.com/ship/omatsu-maru.html,0,2,0,10
2026-08-17,https://funatsuri-yoso.com/ship/onuki-maru.html,0,3,0,7.67
2026-08-17,https://funatsuri-yoso.com/ship/ryusei-maru.html,0,1,0,8
2026-08-17,https://funatsuri-yoso.com/ship/sanjiro-maru.html,0,1,0,9
2026-08-17,https://funatsuri-yoso.com/ship/sashima-kairakuen.html,0,3,0,13.33
2026-08-17,https://funatsuri-yoso.com/ship/shimakichi-maru.html,0,1,0,10
2026-08-17,https://funatsuri-yoso.com/ship/shintoku-maru.html,0,2,0,9
2026-08-17,https://funatsuri-yoso.com/ship/shojiro-maru.html,0,25,0,10.48
2026-08-17,https://funatsuri-yoso.com/ship/taiko-maru.html,0,4,0,7.25
2026-08-17,https://funatsuri-yoso.com/ship/tetsuo-maru.html,0,1,0,9
2026-08-17,https://funatsuri-yoso.com/ship/tomo-maru.html,0,2,0,8.5
2026-08-17,https://funatsuri-yoso.com/ship/tsuribune-tsuru.html,0,2,0,6.5
2026-08-17,https://funatsuri-yoso.com/ship/yonemoto-tsuribuneten.html,0,15,0,9.8
2026-08-17,https://funatsuri-yoso.com/x_post/,0,1,0,45
2026-08-17,https://funatsuri-yoso.com/x_post/2026-08-07.html,0,3,0,7
2026-08-17,https://funatsuri-yoso.com/x_post/2026-08-09.html,0,2,0,7
2026-08-17,https://funatsuri-yoso.com/x_post/2026-08-12.html,0,1,0,8
2026-08-18,https://funatsuri-yoso.com/,0,39,0,6.59
2026-08-18,https://funatsuri-yoso.com/area/,0,1,0,71
2026-08-18,https://funatsuri-yoso.com/area/aihama.html,0,5,0,11
2026-08-18,https://funatsuri-yoso.com/area/amatsu.html,0,4,0,5
2026-08-18,https://funatsuri-yoso.com/area/arari.html,0,2,0,5
2026-08-18,https://funatsuri-yoso.com/area/atami-port.html,0,1,0,8
2026-08-18,https://funatsuri-yoso.com/area/emi.html,0,1,0,9
2026-08-18,https://funatsuri-yoso.com/area/enoura.html,0,5,0,12.4
2026-08-18,https://funatsuri-yoso.com/area/fukuda.html,0,3,0,7
2026-08-18,https://funatsuri-yoso.com/area/fukuura-yugawara.html,0,2,0,7
2026-08-18,https://funatsuri-yoso.com/area/futtsu.html,0,13,0,7.54
2026-08-18,https://funatsuri-yoso.com/area/hachimanbashi.html,0,1,0,6
2026-08-18,https://funatsuri-yoso.com/area/hayakawa.html,0,2,0,7
2026-08-18,https://funatsuri-yoso.com/area/hayama-abuzuri.html,0,1,0,6
2026-08-18,https://funatsuri-yoso.com/area/iioka.html,0,21,0,8.67
2026-08-18,https://funatsuri-yoso.com/area/ito-shi.html,0,2,0,8
2026-08-18,https://funatsuri-yoso.com/area/kamoi-omuro.html,0,1,0,10
2026-08-18,https://funatsuri-yoso.com/area/kanaya.html,1,22,0.045455,6.77
2026-08-18,https://funatsuri-yoso.com/area/kanazawa-hakkei.html,0,1,0,10
2026-08-18,https://funatsuri-yoso.com/area/kashima.html,0,2,0,17
2026-08-18,https://funatsuri-yoso.com/area/katsuura.html,0,29,0,9.45
2026-08-18,https://funatsuri-yoso.com/area/koshigoe.html,0,1,0,1
2026-08-18,https://funatsuri-yoso.com/area/kuryo.html,1,10,0.1,8.5
2026-08-18,https://funatsuri-yoso.com/area/manazuru-port.html,0,4,0,7.75
2026-08-18,https://funatsuri-yoso.com/area/matsuwa-ena.html,0,2,0,10
2026-08-18,https://funatsuri-yoso.com/area/nakaminato.html,0,2,0,10
2026-08-18,https://funatsuri-yoso.com/area/oarai.html,0,13,0,8.69
2026-08-18,https://funatsuri-yoso.com/area/ohara.html,0,9,0,11.89
2026-08-18,https://funatsuri-yoso.com/area/sajima.html,0,1,0,45
2026-08-18,https://funatsuri-yoso.com/area/senju-ohashi.html,0,3,0,11.67
2026-08-18,https://funatsuri-yoso.com/area/shiba.html,0,2,0,9.5
2026-08-18,https://funatsuri-yoso.com/area/shizuura.html,1,29,0.034483,6.93
2026-08-18,https://funatsuri-yoso.com/area/susaki.html,0,2,0,7.5
2026-08-18,https://funatsuri-yoso.com/area/tagonoura.html,0,2,0,9
2026-08-18,https://funatsuri-yoso.com/area/yaizu.html,0,2,0,4
2026-08-18,https://funatsuri-yoso.com/area/yokohama-honmoku.html,0,1,0,10
2026-08-18,https://funatsuri-yoso.com/calendar.html,1,37,0.027027,8.92
2026-08-18,https://funatsuri-yoso.com/fish/,0,3,0,6
2026-08-18,https://funatsuri-yoso.com/fish/aji.html,0,13,0,8.15
2026-08-18,https://funatsuri-yoso.com/fish/amadai.html,0,4,0,10.25
2026-08-18,https://funatsuri-yoso.com/fish/aoriika.html,0,10,0,14.5
2026-08-18,https://funatsuri-yoso.com/fish/ara.html,0,4,0,12.5
2026-08-18,https://funatsuri-yoso.com/fish/bishi-aji.html,0,2,0,8
2026-08-18,https://funatsuri-yoso.com/fish/hanadai.html,0,1,0,2
2026-08-18,https://funatsuri-yoso.com/fish/hirame.html,0,10,0,6.6
2026-08-18,https://funatsuri-yoso.com/fish/inada.html,0,15,0,5.93
2026-08-18,https://funatsuri-yoso.com/fish/kamasu.html,0,2,0,8.5
2026-08-18,https://funatsuri-yoso.com/fish/kanpachi.html,0,22,0,7.91
2026-08-18,https://funatsuri-yoso.com/fish/karei.html,1,2,0.5,6.5
2026-08-18,https://funatsuri-yoso.com/fish/kasago.html,0,3,0,6.67
2026-08-18,https://funatsuri-yoso.com/fish/katsuo.html,1,26,0.038462,7.04
2026-08-18,https://funatsuri-yoso.com/fish/kawahagi.html,1,9,0.111111,9.33
2026-08-18,https://funatsuri-yoso.com/fish/kintoki.html,0,1,0,7
2026-08-18,https://funatsuri-yoso.com/fish/kurodai.html,0,2,0,8.5
2026-08-18,https://funatsuri-yoso.com/fish/kuromutsu.html,0,7,0,7.43
2026-08-18,https://funatsuri-yoso.com/fish/madai.html,0,3,0,24.67
2026-08-18,https://funatsuri-yoso.com/fish/madako.html,0,14,0,8.71
2026-08-18,https://funatsuri-yoso.com/fish/magochi.html,0,16,0,5.62
2026-08-18,https://funatsuri-yoso.com/fish/maruika.html,0,20,0,7.05
2026-08-18,https://funatsuri-yoso.com/fish/moroko.html,0,1,0,7
2026-08-18,https://funatsuri-yoso.com/fish/mugiika.html,0,7,0,4.71
2026-08-18,https://funatsuri-yoso.com/fish/onikasago.html,0,1,0,7
2026-08-18,https://funatsuri-yoso.com/fish/saba.html,0,3,0,9.33
2026-08-18,https://funatsuri-yoso.com/fish/shiira.html,0,1,0,9
2026-08-18,https://funatsuri-yoso.com/fish/shima-aji.html,0,17,0,7.76
2026-08-18,https://funatsuri-yoso.com/fish/shiro-amadai.html,0,1,0,8
2026-08-18,https://funatsuri-yoso.com/fish/shirogisu.html,0,1,0,8
2026-08-18,https://funatsuri-yoso.com/fish/shousaifugu.html,0,2,0,9
2026-08-18,https://funatsuri-yoso.com/fish/tachiuo.html,1,43,0.023256,7.65
2026-08-18,https://funatsuri-yoso.com/fish/warasa.html,0,5,0,7.8
2026-08-18,https://funatsuri-yoso.com/fish/yariika.html,0,3,0,4.33
2026-08-18,https://funatsuri-yoso.com/fish_area/aji-chigasaki.html,0,1,0,7
2026-08-18,https://funatsuri-yoso.com/fish_area/aji-kanazawa-gyoko.html,0,2,0,7.5
2026-08-18,https://funatsuri-yoso.com/fish_area/aji-koshiba.html,0,1,0,3
2026-08-18,https://funatsuri-yoso.com/fish_area/aji-samezu-katsushima.html,0,1,0,6
2026-08-18,https://funatsuri-yoso.com/fish_area/aji-usami.html,0,1,0,9
2026-08-18,https://funatsuri-yoso.com/fish_area/aji-yokohama.html,0,8,0,5.88
2026-08-18,https://funatsuri-yoso.com/fish_area/amadai-chigasaki.html,0,1,0,9
2026-08-18,https://funatsuri-yoso.com/fish_area/amadai-hitachi-kuji.html,0,1,0,9
2026-08-18,https://funatsuri-yoso.com/fish_area/aoriika-kanaya.html,0,1,0,5
2026-08-18,https://funatsuri-yoso.com/fish_area/ara-atami-port.html,0,1,0,4
2026-08-18,https://funatsuri-yoso.com/fish_area/buri-shimoda.html,0,4,0,4
2026-08-18,https://funatsuri-yoso.com/fish_area/fugu-kanazawa-hakkei.html,0,1,0,10
2026-08-18,https://funatsuri-yoso.com/fish_area/hanadai-hiratsuka.html,0,1,0,29
2026-08-18,https://funatsuri-yoso.com/fish_area/hata-%E9%B9%BF%E5%B6%8B%E6%96%B0%E6%B8%AF.html,0,1,0,3
2026-08-18,https://funatsuri-yoso.com/fish_area/hirame-iioka.html,0,5,0,14.2
2026-08-18,https://funatsuri-yoso.com/fish_area/hirame-ose.html,0,2,0,5.5
2026-08-18,https://funatsuri-yoso.com/fish_area/inada-hiratsuka.html,0,2,0,8.5
2026-08-18,https://funatsuri-yoso.com/fish_area/inada-kashima.html,0,1,0,3
2026-08-18,https://funatsuri-yoso.com/fish_area/inada-oarai.html,0,3,0,4.33
2026-08-18,https://funatsuri-yoso.com/fish_area/isaki-ito-shi.html,0,1,0,5
2026-08-18,https://funatsuri-yoso.com/fish_area/kaiwari-usami.html,0,1,0,8
2026-08-18,https://funatsuri-yoso.com/fish_area/kasago-hitachi-kuji.html,1,3,0.333333,2
2026-08-18,https://funatsuri-yoso.com/fish_area/kasago-kanazawa-hakkei.html,0,2,0,10
2026-08-18,https://funatsuri-yoso.com/fish_area/kasago-ohara.html,0,1,0,11
2026-08-18,https://funatsuri-yoso.com/fish_area/katsuo-hayama-abuzuri.html,0,1,0,10
2026-08-18,https://funatsuri-yoso.com/fish_area/katsuo-hiratsuka.html,0,1,0,6
2026-08-18,https://funatsuri-yoso.com/fish_area/katsuo-odawara-hayakawa.html,0,2,0,7.5
2026-08-18,https://funatsuri-yoso.com/fish_area/kawahagi-matsuwa-ena.html,0,1,0,10
2026-08-18,https://funatsuri-yoso.com/fish_area/kihada-maguro-hayama-abuzuri.html,0,1,0,5
2026-08-18,https://funatsuri-yoso.com/fish_area/kihada-maguro-hiratsuka.html,0,1,0,3
2026-08-18,https://funatsuri-yoso.com/fish_area/madai-atami-port.html,0,1,0,8
2026-08-18,https://funatsuri-yoso.com/fish_area/madai-odawara-hayakawa.html,0,1,0,5
2026-08-18,https://funatsuri-yoso.com/fish_area/madai-ohara.html,0,2,0,9
2026-08-18,https://funatsuri-yoso.com/fish_area/magochi-edogawa.html,0,1,0,10
2026-08-18,https://funatsuri-yoso.com/fish_area/magochi-kanazawa-hakkei.html,0,1,0,12
2026-08-18,https://funatsuri-yoso.com/fish_area/mahata-kashima.html,0,1,0,11
2026-08-18,https://funatsuri-yoso.com/fish_area/mejina-ito-shi.html,0,1,0,6
2026-08-18,https://funatsuri-yoso.com/fish_area/onikasago-hiratsuka.html,0,1,0,16
2026-08-18,https://funatsuri-yoso.com/fish_area/saba-koshigoe.html,0,2,0,9.5
2026-08-18,https://funatsuri-yoso.com/fish_area/shima-aji-ohara.html,1,20,0.05,8.5
2026-08-18,https://funatsuri-yoso.com/fish_area/shirogisu-kanazawa-hakkei.html,0,1,0,9
2026-08-18,https://funatsuri-yoso.com/fish_area/tachiuo-fukuda.html,2,6,0.333333,7.83
2026-08-18,https://funatsuri-yoso.com/fish_area/tachiuo-yokohama-shinyamashita.html,0,2,0,9.5
2026-08-18,https://funatsuri-yoso.com/fish_area/yariika-kashima.html,0,1,0,3
2026-08-18,https://funatsuri-yoso.com/pages/about.html,1,1,1,7
2026-08-18,https://funatsuri-yoso.com/ship/baika-maru.html,0,2,0,8.5
2026-08-18,https://funatsuri-yoso.com/ship/daisan-shoei-maru.html,0,2,0,5
2026-08-18,https://funatsuri-yoso.com/ship/fudo-maru.html,0,1,0,9
2026-08-18,https://funatsuri-yoso.com/ship/fuji-maru.html,0,1,0,12
2026-08-18,https://funatsuri-yoso.com/ship/fukada-masao-maru.html,0,6,0,8.5
2026-08-18,https://funatsuri-yoso.com/ship/gishin-maru.html,0,2,0,9
2026-08-18,https://funatsuri-yoso.com/ship/hamasei-maru.html,0,3,0,6.33
2026-08-18,https://funatsuri-yoso.com/ship/hitachi-maru.html,0,1,0,11
2026-08-18,https://funatsuri-yoso.com/ship/juroheimaru.html,0,1,0,5
2026-08-18,https://funatsuri-yoso.com/ship/kamoshita-maru-kawana.html,0,1,0,10
2026-08-18,https://funatsuri-yoso.com/ship/katsumi-maru.html,0,1,0,9
2026-08-18,https://funatsuri-yoso.com/ship/kikyu-maru.html,0,2,0,5
2026-08-18,https://funatsuri-yoso.com/ship/ko-maru.html,0,2,0,7.5
2026-08-18,https://funatsuri-yoso.com/ship/koei-maru-yaizu.html,0,2,0,6
2026-08-18,https://funatsuri-yoso.com/ship/kotoku-maru.html,0,1,0,10
2026-08-18,https://funatsuri-yoso.com/ship/kyuju-maru.html,0,1,0,22
2026-08-18,https://funatsuri-yoso.com/ship/marubachi.html,0,1,0,6
2026-08-18,https://funatsuri-yoso.com/ship/masanobu-maru.html,0,1,0,5
2026-08-18,https://funatsuri-yoso.com/ship/muramoto-kaiji.html,0,6,0,9.67
2026-08-18,https://funatsuri-yoso.com/ship/naoshige-maru.html,0,1,0,10
2026-08-18,https://funatsuri-yoso.com/ship/oharu-maru.html,0,1,0,8
2026-08-18,https://funatsuri-yoso.com/ship/omatsu-maru.html,0,2,0,8.5
2026-08-18,https://funatsuri-yoso.com/ship/ryusei-maru.html,0,1,0,6
2026-08-18,https://funatsuri-yoso.com/ship/saemi-maru.html,0,1,0,8
2026-08-18,https://funatsuri-yoso.com/ship/sanjiro-maru.html,0,1,0,7
2026-08-18,https://funatsuri-yoso.com/ship/sashima-kairakuen.html,0,2,0,11
2026-08-18,https://funatsuri-yoso.com/ship/seisho-maru.html,0,2,0,9.5
2026-08-18,https://funatsuri-yoso.com/ship/shinko-maru.html,0,1,0,11
2026-08-18,https://funatsuri-yoso.com/ship/shintoku-maru.html,0,2,0,8
2026-08-18,https://funatsuri-yoso.com/ship/shojiro-maru.html,0,13,0,8.23
2026-08-18,https://funatsuri-yoso.com/ship/taiko-maru.html,0,2,0,7.5
2026-08-18,https://funatsuri-yoso.com/ship/taro-maru.html,0,3,0,8
2026-08-18,https://funatsuri-yoso.com/ship/tetsuo-maru.html,0,2,0,9.5
2026-08-18,https://funatsuri-yoso.com/ship/tsuribune-tsuru.html,0,2,0,8
2026-08-18,https://funatsuri-yoso.com/ship/ueda-maru.html,0,2,0,5.5
2026-08-18,https://funatsuri-yoso.com/ship/yonemoto-tsuribuneten.html,0,4,0,10.25
2026-08-18,https://funatsuri-yoso.com/ship/yusei-maru-katase.html,0,1,0,10
2026-08-18,https://funatsuri-yoso.com/x_post/2026-08-02.html,0,2,0,5.5
2026-08-18,https://funatsuri-yoso.com/x_post/2026-08-03.html,0,1,0,5
2026-08-18,https://funatsuri-yoso.com/x_post/2026-08-04.html,0,2,0,8
2026-08-18,https://funatsuri-yoso.com/x_post/2026-08-05.html,0,1,0,9
2026-08-19,https://funatsuri-yoso.com/,0,29,0,8.66
2026-08-19,https://funatsuri-yoso.com/area/ajiro-port.html,0,1,0,3
2026-08-19,https://funatsuri-yoso.com/area/amatsu.html,0,6,0,7.33
2026-08-19,https://funatsuri-yoso.com/area/arari.html,0,1,0,4
2026-08-19,https://funatsuri-yoso.com/area/atami-port.html,0,1,0,18
2026-08-19,https://funatsuri-yoso.com/area/enoura.html,0,8,0,5.25
2026-08-19,https://funatsuri-yoso.com/area/fukuura-yugawara.html,0,3,0,10.33
2026-08-19,https://funatsuri-yoso.com/area/futtsu.html,1,2,0.5,7.5
2026-08-19,https://funatsuri-yoso.com/area/hayakawa.html,0,1,0,9
2026-08-19,https://funatsuri-yoso.com/area/hiratsuka.html,0,1,0,4
2026-08-19,https://funatsuri-yoso.com/area/hitachi-kuji.html,0,3,0,9.33
2026-08-19,https://funatsuri-yoso.com/area/iioka.html,0,40,0,8.4
2026-08-19,https://funatsuri-yoso.com/area/ito-shi.html,0,1,0,12
2026-08-19,https://funatsuri-yoso.com/area/kanaya.html,1,30,0.033333,8
2026-08-19,https://funatsuri-yoso.com/area/kanazawa-hakkei.html,0,1,0,10
2026-08-19,https://funatsuri-yoso.com/area/katsuura.html,0,55,0,8.09
2026-08-19,https://funatsuri-yoso.com/area/koshiba.html,0,1,0,11
2026-08-19,https://funatsuri-yoso.com/area/koshigoe.html,0,1,0,11
2026-08-19,https://funatsuri-yoso.com/area/kuryo.html,0,9,0,9.89
2026-08-19,https://funatsuri-yoso.com/area/manazuru-port.html,0,1,0,10
2026-08-19,https://funatsuri-yoso.com/area/matsuwa-ena.html,0,4,0,5.25
2026-08-19,https://funatsuri-yoso.com/area/matsuwa-maguchi.html,0,1,0,8
2026-08-19,https://funatsuri-yoso.com/area/matsuzaki.html,1,3,0.333333,6.67
2026-08-19,https://funatsuri-yoso.com/area/nakaminato.html,0,1,0,8
2026-08-19,https://funatsuri-yoso.com/area/oarai.html,0,7,0,7.29
2026-08-19,https://funatsuri-yoso.com/area/odawara-hayakawa.html,0,1,0,10
2026-08-19,https://funatsuri-yoso.com/area/ohara.html,2,17,0.117647,5.65
2026-08-19,https://funatsuri-yoso.com/area/otsu.html,0,2,0,10.5
2026-08-19,https://funatsuri-yoso.com/area/senju-ohashi.html,0,1,0,13
2026-08-19,https://funatsuri-yoso.com/area/shizuura.html,0,26,0,10.12
2026-08-19,https://funatsuri-yoso.com/area/yaizu.html,0,3,0,7.33
2026-08-19,https://funatsuri-yoso.com/area/yokohama-honmoku.html,0,1,0,1
2026-08-19,https://funatsuri-yoso.com/calendar.html,0,32,0,7.19
2026-08-19,https://funatsuri-yoso.com/fish/,0,5,0,8.4
2026-08-19,https://funatsuri-yoso.com/fish/aji.html,0,17,0,7.35
2026-08-19,https://funatsuri-yoso.com/fish/amadai.html,0,3,0,9
2026-08-19,https://funatsuri-yoso.com/fish/anago.html,0,1,0,10
2026-08-19,https://funatsuri-yoso.com/fish/aoriika.html,0,15,0,10.53
2026-08-19,https://funatsuri-yoso.com/fish/ara.html,0,1,0,9
2026-08-19,https://funatsuri-yoso.com/fish/bishi-aji.html,0,3,0,15
2026-08-19,https://funatsuri-yoso.com/fish/hanadai.html,0,1,0,12
2026-08-19,https://funatsuri-yoso.com/fish/hirame.html,0,6,0,10.17
2026-08-19,https://funatsuri-yoso.com/fish/inada.html,0,20,0,6.4
2026-08-19,https://funatsuri-yoso.com/fish/isaki.html,0,2,0,4
2026-08-19,https://funatsuri-yoso.com/fish/ishimochi.html,0,3,0,11.67
2026-08-19,https://funatsuri-yoso.com/fish/kamasu.html,0,1,0,4
2026-08-19,https://funatsuri-yoso.com/fish/kanpachi.html,0,16,0,9.31
2026-08-19,https://funatsuri-yoso.com/fish/karei.html,0,3,0,8.67
2026-08-19,https://funatsuri-yoso.com/fish/katsuo.html,1,40,0.025,8.85
2026-08-19,https://funatsuri-yoso.com/fish/kawahagi.html,0,4,0,8.25
2026-08-19,https://funatsuri-yoso.com/fish/kintoki.html,0,1,0,6
2026-08-19,https://funatsuri-yoso.com/fish/kurodai.html,0,1,0,11
2026-08-19,https://funatsuri-yoso.com/fish/kuromutsu.html,0,2,0,6
2026-08-19,https://funatsuri-yoso.com/fish/madako.html,0,8,0,8.75
2026-08-19,https://funatsuri-yoso.com/fish/magochi.html,0,5,0,11.8
2026-08-19,https://funatsuri-yoso.com/fish/maruika.html,0,5,0,10.8
2026-08-19,https://funatsuri-yoso.com/fish/moroko.html,0,1,0,10
2026-08-19,https://funatsuri-yoso.com/fish/mugiika.html,0,3,0,7.33
2026-08-19,https://funatsuri-yoso.com/fish/saba.html,0,1,0,6
2026-08-19,https://funatsuri-yoso.com/fish/seabass.html,0,1,0,5
2026-08-19,https://funatsuri-yoso.com/fish/shiira.html,0,5,0,7.4
2026-08-19,https://funatsuri-yoso.com/fish/shima-aji.html,0,19,0,8
2026-08-19,https://funatsuri-yoso.com/fish/shirogisu.html,0,3,0,13.67
2026-08-19,https://funatsuri-yoso.com/fish/tachiuo.html,0,41,0,7.46
2026-08-19,https://funatsuri-yoso.com/fish/torafugu.html,0,2,0,12
2026-08-19,https://funatsuri-yoso.com/fish/umeiro.html,0,1,0,7
2026-08-19,https://funatsuri-yoso.com/fish/warasa.html,0,3,0,15
2026-08-19,https://funatsuri-yoso.com/fish/yariika.html,0,1,0,11
2026-08-19,https://funatsuri-yoso.com/fish_area/aji-kanazawa-hakkei.html,0,1,0,5
2026-08-19,https://funatsuri-yoso.com/fish_area/aji-kashima.html,0,3,0,8.67
2026-08-19,https://funatsuri-yoso.com/fish_area/aji-kurihama.html,0,2,0,9.5
2026-08-19,https://funatsuri-yoso.com/fish_area/aji-odawara-hayakawa.html,0,1,0,5
2026-08-19,https://funatsuri-yoso.com/fish_area/aji-urayasu.html,0,1,0,11
2026-08-19,https://funatsuri-yoso.com/fish_area/aji-usami.html,0,1,0,4
2026-08-19,https://funatsuri-yoso.com/fish_area/aji-yokohama.html,0,2,0,4.5
2026-08-19,https://funatsuri-yoso.com/fish_area/amadai-hitachi-kuji.html,0,1,0,10
2026-08-19,https://funatsuri-yoso.com/fish_area/buri-shimoda.html,0,1,0,5
2026-08-19,https://funatsuri-yoso.com/fish_area/fugu-kashima.html,0,2,0,8.5
2026-08-19,https://funatsuri-yoso.com/fish_area/hata-katase-gyoko.html,1,1,1,2
2026-08-19,https://funatsuri-yoso.com/fish_area/hirame-hasaki.html,0,2,0,8
2026-08-19,https://funatsuri-yoso.com/fish_area/hirame-iioka.html,0,6,0,11.83
2026-08-19,https://funatsuri-yoso.com/fish_area/inada-kashima.html,0,1,0,6
2026-08-19,https://funatsuri-yoso.com/fish_area/isaki-kuryo.html,0,3,0,7
2026-08-19,https://funatsuri-yoso.com/fish_area/kaiwari-usami.html,0,2,0,9
2026-08-19,https://funatsuri-yoso.com/fish_area/kanpachi-teishi.html,0,1,0,5
2026-08-19,https://funatsuri-yoso.com/fish_area/kasago-chigasaki.html,0,1,0,5
2026-08-19,https://funatsuri-yoso.com/fish_area/katsuo-hayama-abuzuri.html,0,1,0,10
2026-08-19,https://funatsuri-yoso.com/fish_area/katsuo-kotsubo.html,0,1,0,3
2026-08-19,https://funatsuri-yoso.com/fish_area/kawahagi-sajima.html,0,1,0,7
2026-08-19,https://funatsuri-yoso.com/fish_area/kuromutsu-ajiro-port.html,0,1,0,10
2026-08-19,https://funatsuri-yoso.com/fish_area/kuromutsu-hiratsuka.html,0,1,0,7
2026-08-19,https://funatsuri-yoso.com/fish_area/madai-ajiro-port.html,0,1,0,8
2026-08-19,https://funatsuri-yoso.com/fish_area/madai-hitachi.html,0,1,0,6
2026-08-19,https://funatsuri-yoso.com/fish_area/madai-koshigoe.html,0,1,0,10
2026-08-19,https://funatsuri-yoso.com/fish_area/madai-ohara.html,0,2,0,9
2026-08-19,https://funatsuri-yoso.com/fish_area/madako-kanazawa-hakkei.html,0,2,0,4
2026-08-19,https://funatsuri-yoso.com/fish_area/madako-nagaura.html,0,1,0,4
2026-08-19,https://funatsuri-yoso.com/fish_area/magochi-kashima.html,0,1,0,10
2026-08-19,https://funatsuri-yoso.com/fish_area/mahata-onjuku-iwawada.html,0,1,0,5
2026-08-19,https://funatsuri-yoso.com/fish_area/mebaru-ose.html,0,1,0,1
2026-08-19,https://funatsuri-yoso.com/fish_area/saba-koshigoe.html,0,2,0,8.5
2026-08-19,https://funatsuri-yoso.com/fish_area/seabass-ebitorigawa.html,0,1,0,7
2026-08-19,https://funatsuri-yoso.com/fish_area/shiira-hiratsuka.html,0,1,0,4
2026-08-19,https://funatsuri-yoso.com/fish_area/shima-aji-ohara.html,1,15,0.066667,8.6
2026-08-19,https://funatsuri-yoso.com/fish_area/shousaifugu-ohara.html,0,1,0,10
2026-08-19,https://funatsuri-yoso.com/fish_area/sumiika-shin-imaibashi.html,0,1,0,10
2026-08-19,https://funatsuri-yoso.com/fish_area/tachiuo-fukuda.html,2,7,0.285714,8.71
2026-08-19,https://funatsuri-yoso.com/fish_area/tachiuo-kanazawa-gyoko.html,0,2,0,10
2026-08-19,https://funatsuri-yoso.com/fish_area/tachiuo-kiba.html,0,1,0,1
2026-08-19,https://funatsuri-yoso.com/fish_area/tachiuo-yaizu-ogawa.html,0,2,0,7.5
2026-08-19,https://funatsuri-yoso.com/fish_area/warasa-matsuwa-ena.html,0,1,0,6
2026-08-19,https://funatsuri-yoso.com/ship/amasakeya-maru.html,0,1,0,10
2026-08-19,https://funatsuri-yoso.com/ship/baika-maru.html,0,1,0,7
2026-08-19,https://funatsuri-yoso.com/ship/blue-dragon.html,0,1,0,9
2026-08-19,https://funatsuri-yoso.com/ship/daigo-teiei-maru.html,0,1,0,9
2026-08-19,https://funatsuri-yoso.com/ship/daisan-shoei-maru.html,0,1,0,9
2026-08-19,https://funatsuri-yoso.com/ship/dengoro-maru.html,0,2,0,10.5
2026-08-19,https://funatsuri-yoso.com/ship/fujin-maru.html,0,2,0,11
2026-08-19,https://funatsuri-yoso.com/ship/fukada-masao-maru.html,0,1,0,9
2026-08-19,https://funatsuri-yoso.com/ship/hamasei-maru.html,0,1,0,7
2026-08-19,https://funatsuri-yoso.com/ship/hamashin-maru.html,0,3,0,5.67
2026-08-19,https://funatsuri-yoso.com/ship/harumori-maru.html,0,1,0,11
2026-08-19,https://funatsuri-yoso.com/ship/hitachi-maru.html,0,1,0,9
2026-08-19,https://funatsuri-yoso.com/ship/ishida-maru.html,0,1,0,5
2026-08-19,https://funatsuri-yoso.com/ship/kamoshita-maru-kawana.html,0,1,0,10
2026-08-19,https://funatsuri-yoso.com/ship/kikyu-maru.html,0,4,0,7.5
2026-08-19,https://funatsuri-yoso.com/ship/ko-maru-oiso.html,1,2,0.5,5
2026-08-19,https://funatsuri-yoso.com/ship/ko-maru.html,0,2,0,9.5
2026-08-19,https://funatsuri-yoso.com/ship/koryo-maru-hitachi.html,0,1,0,5
2026-08-19,https://funatsuri-yoso.com/ship/kotoku-maru.html,0,2,0,8
2026-08-19,https://funatsuri-yoso.com/ship/kyuju-maru.html,0,2,0,8.5
2026-08-19,https://funatsuri-yoso.com/ship/minosuke-maru.html,0,1,0,9
2026-08-19,https://funatsuri-yoso.com/ship/muramoto-kaiji.html,0,1,0,11
2026-08-19,https://funatsuri-yoso.com/ship/nagasakiya.html,0,1,0,8
2026-08-19,https://funatsuri-yoso.com/ship/nissho-maru.html,0,3,0,7
2026-08-19,https://funatsuri-yoso.com/ship/nogeya-tsuribuneten.html,0,1,0,11
2026-08-19,https://funatsuri-yoso.com/ship/sanjiro-maru.html,0,3,0,7.33
2026-08-19,https://funatsuri-yoso.com/ship/sashima-kairakuen.html,0,5,0,9.2
2026-08-19,https://funatsuri-yoso.com/ship/seisho-maru.html,0,1,0,9
2026-08-19,https://funatsuri-yoso.com/ship/shimakichi-maru.html,0,1,0,5
2026-08-19,https://funatsuri-yoso.com/ship/shintoku-maru.html,0,1,0,8
2026-08-19,https://funatsuri-yoso.com/ship/shojiro-maru.html,0,23,0,9.3
2026-08-19,https://funatsuri-yoso.com/ship/taiko-maru.html,0,3,0,9
2026-08-19,https://funatsuri-yoso.com/ship/taro-maru.html,0,2,0,7.5
2026-08-19,https://funatsuri-yoso.com/ship/tetsuo-maru.html,0,1,0,5
2026-08-19,https://funatsuri-yoso.com/ship/tomo-maru.html,0,1,0,9
2026-08-19,https://funatsuri-yoso.com/ship/tsuribune-tsuru.html,0,3,0,8.33
2026-08-19,https://funatsuri-yoso.com/ship/yamashita-maru.html,0,2,0,6
2026-08-19,https://funatsuri-yoso.com/x_post/2026-08-03.html,0,1,0,8
2026-08-19,https://funatsuri-yoso.com/x_post/2026-08-09.html,0,1,0,8
2026-08-19,https://funatsuri-yoso.com/x_post/2026-08-17.html,0,1,0,4
2026-08-20,https://funatsuri-yoso.com/,1,27,0.037037,7.63
2026-08-20,https://funatsuri-yoso.com/area/aihama.html,0,1,0,1
2026-08-20,https://funatsuri-yoso.com/area/amatsu.html,0,8,0,8.38
2026-08-20,https://funatsuri-yoso.com/area/chigasaki.html,0,1,0,9
2026-08-20,https://funatsuri-yoso.com/area/enoura.html,0,4,0,7.5
2026-08-20,https://funatsuri-yoso.com/area/fukuura-yugawara.html,0,2,0,20.5
2026-08-20,https://funatsuri-yoso.com/area/futtsu.html,0,4,0,9.25
2026-08-20,https://funatsuri-yoso.com/area/hasaki-shinko.html,0,1,0,9
2026-08-20,https://funatsuri-yoso.com/area/hasaki.html,0,3,0,3.67
2026-08-20,https://funatsuri-yoso.com/area/hayakawa.html,0,1,0,6
2026-08-20,https://funatsuri-yoso.com/area/heiwajima.html,0,1,0,6
2026-08-20,https://funatsuri-yoso.com/area/hitachi-kuji.html,1,2,0.5,6.5
2026-08-20,https://funatsuri-yoso.com/area/iioka.html,2,36,0.055556,6.94
2026-08-20,https://funatsuri-yoso.com/area/ito-shi.html,0,1,0,7
2026-08-20,https://funatsuri-yoso.com/area/kanaya.html,3,34,0.088235,7.88
2026-08-20,https://funatsuri-yoso.com/area/kashima.html,0,1,0,18
2026-08-20,https://funatsuri-yoso.com/area/katsuura.html,0,59,0,6.36
2026-08-20,https://funatsuri-yoso.com/area/keihin.html,1,2,0.5,4.5
2026-08-20,https://funatsuri-yoso.com/area/koshiba.html,0,3,0,8
2026-08-20,https://funatsuri-yoso.com/area/koshigoe.html,0,1,0,15
2026-08-20,https://funatsuri-yoso.com/area/kurihama.html,0,2,0,13
2026-08-20,https://funatsuri-yoso.com/area/kuryo.html,0,9,0,7.67
2026-08-20,https://funatsuri-yoso.com/area/manazuru-port.html,0,2,0,7.5
2026-08-20,https://funatsuri-yoso.com/area/matsuwa-ena.html,0,9,0,15.78
2026-08-20,https://funatsuri-yoso.com/area/nakaminato.html,0,3,0,7.67
2026-08-20,https://funatsuri-yoso.com/area/oarai.html,1,11,0.090909,9.64
2026-08-20,https://funatsuri-yoso.com/area/ohara.html,0,3,0,6.67
2026-08-20,https://funatsuri-yoso.com/area/omaezaki.html,0,2,0,5.5
2026-08-20,https://funatsuri-yoso.com/area/onjuku-iwawada.html,0,2,0,9
2026-08-20,https://funatsuri-yoso.com/area/sajima.html,0,2,0,5
2026-08-20,https://funatsuri-yoso.com/area/shiba.html,0,2,0,10
2026-08-20,https://funatsuri-yoso.com/area/shimizu.html,0,1,0,32
2026-08-20,https://funatsuri-yoso.com/area/shizuura.html,3,36,0.083333,7.69
2026-08-20,https://funatsuri-yoso.com/area/susaki.html,0,1,0,6
2026-08-20,https://funatsuri-yoso.com/area/tagonoura.html,0,2,0,14.5
2026-08-20,https://funatsuri-yoso.com/area/yaizu.html,1,3,0.333333,8
2026-08-20,https://funatsuri-yoso.com/area/yokohama-shinyamashita.html,0,1,0,7
2026-08-20,https://funatsuri-yoso.com/calendar.html,0,35,0,8.37
2026-08-20,https://funatsuri-yoso.com/fish/,0,1,0,11
2026-08-20,https://funatsuri-yoso.com/fish/aji.html,0,15,0,8.07
2026-08-20,https://funatsuri-yoso.com/fish/akamutsu.html,0,1,0,7
2026-08-20,https://funatsuri-yoso.com/fish/amadai.html,0,1,0,9
2026-08-20,https://funatsuri-yoso.com/fish/aoriika.html,0,14,0,8.86
2026-08-20,https://funatsuri-yoso.com/fish/ara.html,0,3,0,6.67
2026-08-20,https://funatsuri-yoso.com/fish/bishi-aji.html,0,2,0,4.5
2026-08-20,https://funatsuri-yoso.com/fish/hanadai.html,0,1,0,4
2026-08-20,https://funatsuri-yoso.com/fish/hiramasa.html,0,4,0,9.25
2026-08-20,https://funatsuri-yoso.com/fish/hirame.html,1,15,0.066667,6.87
2026-08-20,https://funatsuri-yoso.com/fish/houbou.html,0,1,0,2
2026-08-20,https://funatsuri-yoso.com/fish/inada.html,1,8,0.125,5.38
2026-08-20,https://funatsuri-yoso.com/fish/isaki.html,0,3,0,5.67
2026-08-20,https://funatsuri-yoso.com/fish/ishidai.html,0,1,0,8
2026-08-20,https://funatsuri-yoso.com/fish/ishimochi.html,0,4,0,15
2026-08-20,https://funatsuri-yoso.com/fish/kamasu.html,0,1,0,5
2026-08-20,https://funatsuri-yoso.com/fish/kanpachi.html,0,21,0,8.67
2026-08-20,https://funatsuri-yoso.com/fish/kasago.html,1,3,0.333333,10.67
2026-08-20,https://funatsuri-yoso.com/fish/katsuo.html,1,53,0.018868,7.96
2026-08-20,https://funatsuri-yoso.com/fish/kawahagi.html,0,4,0,9.25
2026-08-20,https://funatsuri-yoso.com/fish/kurodai.html,0,5,0,9.8
2026-08-20,https://funatsuri-yoso.com/fish/kuromutsu.html,1,7,0.142857,5.29
2026-08-20,https://funatsuri-yoso.com/fish/madai.html,0,10,0,5.5
2026-08-20,https://funatsuri-yoso.com/fish/madako.html,0,7,0,8
2026-08-20,https://funatsuri-yoso.com/fish/magochi.html,0,22,0,6.86
2026-08-20,https://funatsuri-yoso.com/fish/maruika.html,0,1,0,9
2026-08-20,https://funatsuri-yoso.com/fish/moroko.html,0,1,0,16
2026-08-20,https://funatsuri-yoso.com/fish/mugiika.html,0,2,0,11
2026-08-20,https://funatsuri-yoso.com/fish/onikasago.html,1,2,0.5,10
2026-08-20,https://funatsuri-yoso.com/fish/saba.html,0,3,0,6.33
2026-08-20,https://funatsuri-yoso.com/fish/shiira.html,0,13,0,7.08
2026-08-20,https://funatsuri-yoso.com/fish/shima-aji.html,1,25,0.04,9
2026-08-20,https://funatsuri-yoso.com/fish/shirogisu.html,0,1,0,10
2026-08-20,https://funatsuri-yoso.com/fish/shousaifugu.html,0,2,0,9
2026-08-20,https://funatsuri-yoso.com/fish/sumiika.html,0,1,0,4
2026-08-20,https://funatsuri-yoso.com/fish/tachiuo.html,0,34,0,8.59
2026-08-20,https://funatsuri-yoso.com/fish/umeiro.html,0,1,0,38
2026-08-20,https://funatsuri-yoso.com/fish/warasa.html,0,8,0,6.75
2026-08-20,https://funatsuri-yoso.com/fish/yariika.html,0,2,0,8
2026-08-20,https://funatsuri-yoso.com/fish_area/aji-iioka.html,0,1,0,4
2026-08-20,https://funatsuri-yoso.com/fish_area/aji-koshiba.html,0,1,0,8
2026-08-20,https://funatsuri-yoso.com/fish_area/aji-koshigoe.html,0,1,0,5
2026-08-20,https://funatsuri-yoso.com/fish_area/aji-yokohama.html,0,3,0,8.67
2026-08-20,https://funatsuri-yoso.com/fish_area/akamutsu-hasaki.html,0,1,0,10
2026-08-20,https://funatsuri-yoso.com/fish_area/bishi-aji-kanaya.html,0,1,0,10
2026-08-20,https://funatsuri-yoso.com/fish_area/hata-omaezaki.html,0,2,0,9
2026-08-20,https://funatsuri-yoso.com/fish_area/hirame-iioka.html,0,3,0,16.67
2026-08-20,https://funatsuri-yoso.com/fish_area/hirame-kashima.html,0,1,0,6
2026-08-20,https://funatsuri-yoso.com/fish_area/hirame-oarai.html,0,1,0,1
2026-08-20,https://funatsuri-yoso.com/fish_area/inada-hiratsuka.html,0,1,0,9
2026-08-20,https://funatsuri-yoso.com/fish_area/inada-kashima.html,0,1,0,4
2026-08-20,https://funatsuri-yoso.com/fish_area/inada-oarai.html,0,1,0,10
2026-08-20,https://funatsuri-yoso.com/fish_area/isaki-kuryo.html,0,4,0,9.25
2026-08-20,https://funatsuri-yoso.com/fish_area/isaki-sajima.html,0,1,0,7
2026-08-20,https://funatsuri-yoso.com/fish_area/kasago-omaezaki.html,0,1,0,4
2026-08-20,https://funatsuri-yoso.com/fish_area/kasago-ose.html,0,1,0,6
2026-08-20,https://funatsuri-yoso.com/fish_area/katsuo-hayama-abuzuri.html,0,1,0,5
2026-08-20,https://funatsuri-yoso.com/fish_area/katsuo-hiratsuka.html,0,1,0,10
2026-08-20,https://funatsuri-yoso.com/fish_area/katsuo-kotsubo.html,0,1,0,8
2026-08-20,https://funatsuri-yoso.com/fish_area/kihada-maguro-chigasaki.html,0,4,0,6
2026-08-20,https://funatsuri-yoso.com/fish_area/madai-hitachi-kuji.html,0,1,0,4
2026-08-20,https://funatsuri-yoso.com/fish_area/madai-kuryo.html,0,1,0,10
2026-08-20,https://funatsuri-yoso.com/fish_area/madai-ohara.html,0,2,0,10
2026-08-20,https://funatsuri-yoso.com/fish_area/madako-kanazawa-hakkei.html,0,1,0,9
2026-08-20,https://funatsuri-yoso.com/fish_area/madako-kashima.html,0,1,0,7
2026-08-20,https://funatsuri-yoso.com/fish_area/mahata-ose.html,0,1,0,1
2026-08-20,https://funatsuri-yoso.com/fish_area/onikasago-hiratsuka.html,1,1,1,10
2026-08-20,https://funatsuri-yoso.com/fish_area/sawara-kanazawa-hakkei.html,0,1,0,6
2026-08-20,https://funatsuri-yoso.com/fish_area/shima-aji-ohara.html,0,14,0,9.5
2026-08-20,https://funatsuri-yoso.com/fish_area/shousaifugu-ohara.html,0,1,0,5
2026-08-20,https://funatsuri-yoso.com/fish_area/tachiuo-fukuda.html,0,10,0,10.3
2026-08-20,https://funatsuri-yoso.com/fish_area/tachiuo-yaizu-ogawa.html,0,1,0,6
2026-08-20,https://funatsuri-yoso.com/fish_area/torafugu-hitachi-kuji.html,0,1,0,28
2026-08-20,https://funatsuri-yoso.com/fish_area/warasa-hasaki.html,0,1,0,6
2026-08-20,https://funatsuri-yoso.com/fish_area/warasa-ohara.html,0,1,0,7
2026-08-20,https://funatsuri-yoso.com/komase-sim/,0,2,0,7.5
2026-08-20,https://funatsuri-yoso.com/pages/terms.html,0,1,0,1
2026-08-20,https://funatsuri-yoso.com/ship/daisan-kariyushi-maru.html,0,1,0,7
2026-08-20,https://funatsuri-yoso.com/ship/daisan-shoei-maru.html,0,1,0,4
2026-08-20,https://funatsuri-yoso.com/ship/fudo-maru.html,0,3,0,10.67
2026-08-20,https://funatsuri-yoso.com/ship/fujin-maru.html,0,1,0,8
2026-08-20,https://funatsuri-yoso.com/ship/fukada-masao-maru.html,0,6,0,8.5
2026-08-20,https://funatsuri-yoso.com/ship/gishin-maru.html,0,3,0,8
2026-08-20,https://funatsuri-yoso.com/ship/goro-maru.html,0,2,0,6
2026-08-20,https://funatsuri-yoso.com/ship/hamasei-maru.html,0,5,0,9
2026-08-20,https://funatsuri-yoso.com/ship/hamashin-maru.html,0,12,0,8.42
2026-08-20,https://funatsuri-yoso.com/ship/harumori-maru.html,0,1,0,9
2026-08-20,https://funatsuri-yoso.com/ship/heisaku-maru.html,0,1,0,9
2026-08-20,https://funatsuri-yoso.com/ship/ishida-maru.html,0,1,0,3
2026-08-20,https://funatsuri-yoso.com/ship/kikyu-maru.html,0,3,0,17
2026-08-20,https://funatsuri-yoso.com/ship/ko-maru-oiso.html,0,3,0,8
2026-08-20,https://funatsuri-yoso.com/ship/ko-maru.html,0,1,0,10
2026-08-20,https://funatsuri-yoso.com/ship/koryo-maru-hitachi.html,0,1,0,9
2026-08-20,https://funatsuri-yoso.com/ship/kotobuki-maru.html,0,1,0,11
2026-08-20,https://funatsuri-yoso.com/ship/kotoku-maru.html,0,2,0,8.5
2026-08-20,https://funatsuri-yoso.com/ship/kurokawa-honke-kurihama.html,0,1,0,9
2026-08-20,https://funatsuri-yoso.com/ship/kyuju-maru.html,0,3,0,8.67
2026-08-20,https://funatsuri-yoso.com/ship/marubachi.html,0,2,0,8.5
2026-08-20,https://funatsuri-yoso.com/ship/masanobu-maru.html,0,2,0,6
2026-08-20,https://funatsuri-yoso.com/ship/megumi-maru.html,0,1,0,10
2026-08-20,https://funatsuri-yoso.com/ship/muramoto-kaiji.html,0,4,0,9
2026-08-20,https://funatsuri-yoso.com/ship/narigin-maru.html,0,1,0,11
2026-08-20,https://funatsuri-yoso.com/ship/nissho-maru.html,0,1,0,9
2026-08-20,https://funatsuri-yoso.com/ship/nogeya-tsuribuneten.html,0,2,0,4
2026-08-20,https://funatsuri-yoso.com/ship/onuki-maru.html,0,2,0,6
2026-08-20,https://funatsuri-yoso.com/ship/sanjiro-maru.html,0,1,0,8
2026-08-20,https://funatsuri-yoso.com/ship/sashima-kairakuen.html,0,9,0,11
2026-08-20,https://funatsuri-yoso.com/ship/shimakichi-maru.html,0,3,0,6.67
2026-08-20,https://funatsuri-yoso.com/ship/shintoku-maru.html,0,1,0,10
2026-08-20,https://funatsuri-yoso.com/ship/shojiro-maru.html,0,17,0,8.59
2026-08-20,https://funatsuri-yoso.com/ship/taiko-maru.html,0,1,0,10
2026-08-20,https://funatsuri-yoso.com/ship/tetsuo-maru.html,0,1,0,6
2026-08-20,https://funatsuri-yoso.com/ship/tsuribune-tsuru.html,0,2,0,9
2026-08-20,https://funatsuri-yoso.com/ship/yonemoto-tsuribuneten.html,0,2,0,5.5
2026-08-20,https://funatsuri-yoso.com/x_post/2026-08-01.html,0,1,0,2
2026-08-20,https://funatsuri-yoso.com/x_post/2026-08-09.html,0,1,0,9
2026-08-20,https://funatsuri-yoso.com/x_post/2026-08-17.html,0,3,0,8.33
2026-08-21,https://funatsuri-yoso.com/,0,22,0,8.95
2026-08-21,https://funatsuri-yoso.com/area/,0,2,0,76
2026-08-21,https://funatsuri-yoso.com/area/amatsu.html,0,22,0,6.18
2026-08-21,https://funatsuri-yoso.com/area/arari.html,0,1,0,9
2026-08-21,https://funatsuri-yoso.com/area/chigasaki.html,0,1,0,10
2026-08-21,https://funatsuri-yoso.com/area/edogawa.html,0,1,0,7
2026-08-21,https://funatsuri-yoso.com/area/enoura.html,1,16,0.0625,5.12
2026-08-21,https://funatsuri-yoso.com/area/fukuda.html,0,3,0,7
2026-08-21,https://funatsuri-yoso.com/area/fukuura-yugawara.html,0,3,0,9.67
2026-08-21,https://funatsuri-yoso.com/area/futtsu.html,0,10,0,8.4
2026-08-21,https://funatsuri-yoso.com/area/hasaki-shinko.html,0,5,0,5
2026-08-21,https://funatsuri-yoso.com/area/hayakawa.html,0,1,0,10
2026-08-21,https://funatsuri-yoso.com/area/hiratsuka.html,0,1,0,11
2026-08-21,https://funatsuri-yoso.com/area/hitachi-kuji.html,0,1,0,5
2026-08-21,https://funatsuri-yoso.com/area/iioka.html,0,40,0,6.88
2026-08-21,https://funatsuri-yoso.com/area/kanaya.html,2,51,0.039216,7.59
2026-08-21,https://funatsuri-yoso.com/area/kanazawa-hakkei.html,0,3,0,8
2026-08-21,https://funatsuri-yoso.com/area/katakai.html,0,2,0,14.5
2026-08-21,https://funatsuri-yoso.com/area/katsuura.html,1,67,0.014925,6.97
2026-08-21,https://funatsuri-yoso.com/area/kawana.html,0,5,0,3.6
2026-08-21,https://funatsuri-yoso.com/area/keihin.html,0,1,0,7
2026-08-21,https://funatsuri-yoso.com/area/koshiba.html,1,2,0.5,3.5
2026-08-21,https://funatsuri-yoso.com/area/koshigoe.html,0,2,0,9.5
2026-08-21,https://funatsuri-yoso.com/area/kurihama.html,0,1,0,10
2026-08-21,https://funatsuri-yoso.com/area/kuryo.html,0,5,0,5.2
2026-08-21,https://funatsuri-yoso.com/area/manazuru-port.html,0,3,0,7.67
2026-08-21,https://funatsuri-yoso.com/area/matsuwa-ena.html,0,2,0,13
2026-08-21,https://funatsuri-yoso.com/area/nakaminato.html,0,3,0,7
2026-08-21,https://funatsuri-yoso.com/area/oarai.html,1,9,0.111111,9.44
2026-08-21,https://funatsuri-yoso.com/area/ohara.html,1,7,0.142857,6.14
2026-08-21,https://funatsuri-yoso.com/area/oiso.html,0,5,0,6.2
2026-08-21,https://funatsuri-yoso.com/area/omaezaki.html,0,1,0,10
2026-08-21,https://funatsuri-yoso.com/area/onjuku-iwawada.html,0,2,0,69.5
2026-08-21,https://funatsuri-yoso.com/area/otsu.html,0,2,0,6
2026-08-21,https://funatsuri-yoso.com/area/sajima.html,0,4,0,9.75
2026-08-21,https://funatsuri-yoso.com/area/shizuura.html,3,34,0.088235,7.79
2026-08-21,https://funatsuri-yoso.com/area/susaki.html,0,1,0,10
2026-08-21,https://funatsuri-yoso.com/area/tagonoura.html,0,1,0,8
2026-08-21,https://funatsuri-yoso.com/area/urayasu.html,0,2,0,7
2026-08-21,https://funatsuri-yoso.com/area/yaizu.html,0,3,0,5
2026-08-21,https://funatsuri-yoso.com/area/yokohama-shinyamashita.html,0,2,0,9.5
2026-08-21,https://funatsuri-yoso.com/calendar.html,1,49,0.020408,8.08
2026-08-21,https://funatsuri-yoso.com/fish/,0,3,0,6.67
2026-08-21,https://funatsuri-yoso.com/fish/aji.html,2,12,0.166667,7.17
2026-08-21,https://funatsuri-yoso.com/fish/amadai.html,0,5,0,10.8
2026-08-21,https://funatsuri-yoso.com/fish/aoriika.html,0,8,0,6.75
2026-08-21,https://funatsuri-yoso.com/fish/ara.html,0,1,0,8
2026-08-21,https://funatsuri-yoso.com/fish/hanadai.html,0,1,0,6
2026-08-21,https://funatsuri-yoso.com/fish/hiramasa.html,0,4,0,6.5
2026-08-21,https://funatsuri-yoso.com/fish/hirame.html,0,9,0,7.22
2026-08-21,https://funatsuri-yoso.com/fish/houbou.html,0,2,0,8
2026-08-21,https://funatsuri-yoso.com/fish/inada.html,1,11,0.090909,7.36
2026-08-21,https://funatsuri-yoso.com/fish/ishimochi.html,0,2,0,7.5
2026-08-21,https://funatsuri-yoso.com/fish/kamasu.html,0,3,0,8
2026-08-21,https://funatsuri-yoso.com/fish/kanpachi.html,0,23,0,6.13
2026-08-21,https://funatsuri-yoso.com/fish/kasago.html,0,3,0,7.33
2026-08-21,https://funatsuri-yoso.com/fish/katsuo.html,0,44,0,7.84
2026-08-21,https://funatsuri-yoso.com/fish/kawahagi.html,0,9,0,8.56
2026-08-21,https://funatsuri-yoso.com/fish/kintoki.html,1,2,0.5,7
2026-08-21,https://funatsuri-yoso.com/fish/kurodai.html,0,2,0,5.5
2026-08-21,https://funatsuri-yoso.com/fish/kuromutsu.html,0,5,0,7.6
2026-08-21,https://funatsuri-yoso.com/fish/madako.html,0,10,0,8.7
2026-08-21,https://funatsuri-yoso.com/fish/magochi.html,1,17,0.058824,8.12
2026-08-21,https://funatsuri-yoso.com/fish/maruika.html,0,4,0,5.75
2026-08-21,https://funatsuri-yoso.com/fish/moroko.html,0,1,0,5
2026-08-21,https://funatsuri-yoso.com/fish/mugiika.html,0,2,0,5.5
2026-08-21,https://funatsuri-yoso.com/fish/saba.html,0,1,0,11
2026-08-21,https://funatsuri-yoso.com/fish/shiira.html,0,4,0,15.25
2026-08-21,https://funatsuri-yoso.com/fish/shima-aji.html,1,37,0.027027,9.76
2026-08-21,https://funatsuri-yoso.com/fish/shirogisu.html,0,1,0,7
2026-08-21,https://funatsuri-yoso.com/fish/shousaifugu.html,0,2,0,9.5
2026-08-21,https://funatsuri-yoso.com/fish/sumiika.html,0,1,0,5
2026-08-21,https://funatsuri-yoso.com/fish/tachiuo.html,0,34,0,7.79
2026-08-21,https://funatsuri-yoso.com/fish/warasa.html,0,12,0,6.67
2026-08-21,https://funatsuri-yoso.com/fish_area/aji-chigasaki.html,0,1,0,11
2026-08-21,https://funatsuri-yoso.com/fish_area/aji-kanaya.html,0,1,0,7
2026-08-21,https://funatsuri-yoso.com/fish_area/aji-kashima.html,0,1,0,9
2026-08-21,https://funatsuri-yoso.com/fish_area/aji-kotsubo.html,0,1,0,10
2026-08-21,https://funatsuri-yoso.com/fish_area/aji-oiso.html,0,1,0,9
2026-08-21,https://funatsuri-yoso.com/fish_area/aji-yokohama-honmoku.html,0,1,0,5
2026-08-21,https://funatsuri-yoso.com/fish_area/aji-yokohama.html,0,9,0,8.33
2026-08-21,https://funatsuri-yoso.com/fish_area/akamutsu-hasaki.html,0,1,0,7
2026-08-21,https://funatsuri-yoso.com/fish_area/aoriika-kanaya.html,0,1,0,9
2026-08-21,https://funatsuri-yoso.com/fish_area/bishi-aji-kanaya.html,0,1,0,8
2026-08-21,https://funatsuri-yoso.com/fish_area/buri-shimoda.html,0,1,0,9
2026-08-21,https://funatsuri-yoso.com/fish_area/fugu-kanazawa-gyoko.html,0,1,0,5
2026-08-21,https://funatsuri-yoso.com/fish_area/fugu-kashima.html,0,1,0,3
2026-08-21,https://funatsuri-yoso.com/fish_area/hata-sajima.html,0,1,0,2
2026-08-21,https://funatsuri-yoso.com/fish_area/hirame-hasaki.html,0,1,0,5
2026-08-21,https://funatsuri-yoso.com/fish_area/hirame-iioka.html,0,8,0,4.75
2026-08-21,https://funatsuri-yoso.com/fish_area/hirame-oarai.html,0,1,0,6
2026-08-21,https://funatsuri-yoso.com/fish_area/hirame-ohara.html,0,1,0,9
2026-08-21,https://funatsuri-yoso.com/fish_area/inada-hiratsuka.html,0,2,0,5
2026-08-21,https://funatsuri-yoso.com/fish_area/inada-oarai.html,0,1,0,8
2026-08-21,https://funatsuri-yoso.com/fish_area/inada-onagigawa.html,0,2,0,7
2026-08-21,https://funatsuri-yoso.com/fish_area/isaki-ajiro-port.html,0,1,0,11
2026-08-21,https://funatsuri-yoso.com/fish_area/isaki-kuryo.html,0,2,0,8.5
2026-08-21,https://funatsuri-yoso.com/fish_area/isaki-ohara.html,0,1,0,10
2026-08-21,https://funatsuri-yoso.com/fish_area/isaki-sajima.html,0,6,0,6.33
2026-08-21,https://funatsuri-yoso.com/fish_area/kasago-hitachi-kuji.html,0,1,0,4
2026-08-21,https://funatsuri-yoso.com/fish_area/kasago-ose.html,1,1,1,3
2026-08-21,https://funatsuri-yoso.com/fish_area/katsuo-hayama-abuzuri.html,0,3,0,3
2026-08-21,https://funatsuri-yoso.com/fish_area/katsuo-odawara-hayakawa.html,0,1,0,3
2026-08-21,https://funatsuri-yoso.com/fish_area/kihada-maguro-nagai.html,0,1,0,10
2026-08-21,https://funatsuri-yoso.com/fish_area/kinmedai-shimoda.html,0,1,0,7
2026-08-21,https://funatsuri-yoso.com/fish_area/madai-ose.html,0,1,0,3
2026-08-21,https://funatsuri-yoso.com/fish_area/mahata-ose.html,0,1,0,4
2026-08-21,https://funatsuri-yoso.com/fish_area/maruika-hayama-abuzuri.html,0,1,0,10
2026-08-21,https://funatsuri-yoso.com/fish_area/saba-kashima.html,0,1,0,10
2026-08-21,https://funatsuri-yoso.com/fish_area/saba-koshigoe.html,0,2,0,7
2026-08-21,https://funatsuri-yoso.com/fish_area/sawara-yumenoshima.html,0,1,0,6
2026-08-21,https://funatsuri-yoso.com/fish_area/seabass-%E9%B9%BF%E5%B6%8B%E6%96%B0%E6%B8%AF.html,0,1,0,7
2026-08-21,https://funatsuri-yoso.com/fish_area/seabass-ebitorigawa.html,0,1,0,7
2026-08-21,https://funatsuri-yoso.com/fish_area/shiira-hiratsuka.html,0,1,0,4
2026-08-21,https://funatsuri-yoso.com/fish_area/shima-aji-ohara.html,0,13,0,10.38
2026-08-21,https://funatsuri-yoso.com/fish_area/shousaifugu-ohara.html,0,1,0,7
2026-08-21,https://funatsuri-yoso.com/fish_area/surumeika-katsuura-kawazu.html,0,1,0,10
2026-08-21,https://funatsuri-yoso.com/fish_area/tachiuo-fukuda.html,1,9,0.111111,7.33
2026-08-21,https://funatsuri-yoso.com/fish_area/tachiuo-kurihama.html,0,1,0,8
2026-08-21,https://funatsuri-yoso.com/fish_area/tachiuo-yaizu-ogawa.html,0,1,0,8
2026-08-21,https://funatsuri-yoso.com/komase-sim/,0,1,0,10
2026-08-21,https://funatsuri-yoso.com/ship/daisan-kariyushi-maru.html,0,1,0,5
2026-08-21,https://funatsuri-yoso.com/ship/daisan-shoei-maru.html,0,2,0,5.5
2026-08-21,https://funatsuri-yoso.com/ship/fudo-maru.html,0,2,0,9.5
2026-08-21,https://funatsuri-yoso.com/ship/fuji-maru.html,0,1,0,8
2026-08-21,https://funatsuri-yoso.com/ship/fukada-masao-maru.html,0,4,0,7.75
2026-08-21,https://funatsuri-yoso.com/ship/hamasei-maru.html,0,1,0,8
2026-08-21,https://funatsuri-yoso.com/ship/hamashin-maru.html,0,7,0,7.71
2026-08-21,https://funatsuri-yoso.com/ship/harumori-maru.html,0,1,0,11
2026-08-21,https://funatsuri-yoso.com/ship/hiroshimaya.html,0,1,0,10
2026-08-21,https://funatsuri-yoso.com/ship/kamoshita-maru-kawana.html,0,1,0,10
2026-08-21,https://funatsuri-yoso.com/ship/ko-maru-oiso.html,0,2,0,5
2026-08-21,https://funatsuri-yoso.com/ship/ko-maru.html,0,2,0,8.5
2026-08-21,https://funatsuri-yoso.com/ship/koryo-maru-hitachi.html,0,2,0,8
2026-08-21,https://funatsuri-yoso.com/ship/kotoku-maru.html,0,1,0,9
2026-08-21,https://funatsuri-yoso.com/ship/kurokawa-honke-kurihama.html,0,1,0,8
2026-08-21,https://funatsuri-yoso.com/ship/kyuju-maru.html,0,1,0,11
2026-08-21,https://funatsuri-yoso.com/ship/moki-maru.html,0,1,0,9
2026-08-21,https://funatsuri-yoso.com/ship/muramoto-kaiji.html,0,9,0,8.33
2026-08-21,https://funatsuri-yoso.com/ship/nissho-maru.html,0,1,0,6
2026-08-21,https://funatsuri-yoso.com/ship/oharu-maru.html,0,3,0,8.67
2026-08-21,https://funatsuri-yoso.com/ship/omatsu-maru.html,0,1,0,10
2026-08-21,https://funatsuri-yoso.com/ship/onuki-maru.html,0,1,0,5
2026-08-21,https://funatsuri-yoso.com/ship/sanjiro-maru.html,0,3,0,6.33
2026-08-21,https://funatsuri-yoso.com/ship/sashima-kairakuen.html,0,3,0,18.33
2026-08-21,https://funatsuri-yoso.com/ship/seiei-maru.html,0,1,0,11
2026-08-21,https://funatsuri-yoso.com/ship/seisho-maru.html,0,1,0,4
2026-08-21,https://funatsuri-yoso.com/ship/shimakichi-maru.html,0,1,0,5
2026-08-21,https://funatsuri-yoso.com/ship/shojiro-maru.html,0,16,0,9.5
2026-08-21,https://funatsuri-yoso.com/ship/taiko-maru.html,0,3,0,8
2026-08-21,https://funatsuri-yoso.com/ship/taro-maru.html,0,4,0,7.75
2026-08-21,https://funatsuri-yoso.com/ship/tomo-maru.html,0,1,0,8
2026-08-21,https://funatsuri-yoso.com/ship/tsuribune-tsuru.html,0,10,0,7.2
2026-08-21,https://funatsuri-yoso.com/ship/ueda-maru.html,0,1,0,5
2026-08-21,https://funatsuri-yoso.com/ship/yamaten-maru.html,0,1,0,17
2026-08-21,https://funatsuri-yoso.com/ship/yonemoto-tsuribuneten.html,0,2,0,7.5
2026-08-21,https://funatsuri-yoso.com/ship/yusei-maru-katase.html,0,2,0,8
2026-08-21,https://funatsuri-yoso.com/x_post/2026-08-02.html,0,2,0,9.5
2026-08-21,https://funatsuri-yoso.com/x_post/2026-08-05.html,0,1,0,4
2026-08-21,https://funatsuri-yoso.com/x_post/2026-08-07.html,0,1,0,3
2026-08-21,https://funatsuri-yoso.com/x_post/2026-08-09.html,0,1,0,8
2026-08-21,https://funatsuri-yoso.com/x_post/2026-08-17.html,0,3,0,9.67
2026-08-21,https://funatsuri-yoso.com/x_post/2026-08-18.html,0,1,0,10
2026-08-22,https://funatsuri-yoso.com/,0,42,0,6.9
2026-08-22,https://funatsuri-yoso.com/area/ajiro-port.html,0,1,0,11
2026-08-22,https://funatsuri-yoso.com/area/amatsu.html,0,8,0,9.25
2026-08-22,https://funatsuri-yoso.com/area/edogawa.html,0,1,0,9
2026-08-22,https://funatsuri-yoso.com/area/emi.html,0,1,0,19
2026-08-22,https://funatsuri-yoso.com/area/enoura.html,0,5,0,3.4
2026-08-22,https://funatsuri-yoso.com/area/fukuura-yugawara.html,0,1,0,1
2026-08-22,https://funatsuri-yoso.com/area/futtsu.html,0,9,0,9.89
2026-08-22,https://funatsuri-yoso.com/area/hasaki-shinko.html,0,6,0,6.83
2026-08-22,https://funatsuri-yoso.com/area/hayakawa.html,0,1,0,10
2026-08-22,https://funatsuri-yoso.com/area/heiwajima.html,0,1,0,6
2026-08-22,https://funatsuri-yoso.com/area/iioka.html,0,54,0,6.04
2026-08-22,https://funatsuri-yoso.com/area/kanaya.html,2,32,0.0625,7.03
2026-08-22,https://funatsuri-yoso.com/area/kanazawa-hakkei.html,0,1,0,9
2026-08-22,https://funatsuri-yoso.com/area/katase-gyoko.html,0,1,0,8
2026-08-22,https://funatsuri-yoso.com/area/katsuura.html,2,71,0.028169,6.62
2026-08-22,https://funatsuri-yoso.com/area/kiba.html,0,6,0,11.5
2026-08-22,https://funatsuri-yoso.com/area/koshiba.html,0,5,0,8.2
2026-08-22,https://funatsuri-yoso.com/area/koshigoe.html,0,2,0,11
2026-08-22,https://funatsuri-yoso.com/area/kuryo.html,0,8,0,9
2026-08-22,https://funatsuri-yoso.com/area/manazuru-port.html,0,2,0,10
2026-08-22,https://funatsuri-yoso.com/area/matsuwa-maguchi.html,0,1,0,7
2026-08-22,https://funatsuri-yoso.com/area/nakaminato.html,0,2,0,10.5
2026-08-22,https://funatsuri-yoso.com/area/nomigawa.html,0,1,0,5
2026-08-22,https://funatsuri-yoso.com/area/oarai.html,1,6,0.166667,7.17
2026-08-22,https://funatsuri-yoso.com/area/ohara.html,0,4,0,23.5
2026-08-22,https://funatsuri-yoso.com/area/oiso.html,0,3,0,8.67
2026-08-22,https://funatsuri-yoso.com/area/omaezaki.html,0,1,0,7
2026-08-22,https://funatsuri-yoso.com/area/onjuku-iwawada.html,0,1,0,10
2026-08-22,https://funatsuri-yoso.com/area/ose.html,0,3,0,3.33
2026-08-22,https://funatsuri-yoso.com/area/otsu.html,0,2,0,8
2026-08-22,https://funatsuri-yoso.com/area/shin-imaibashi.html,0,1,0,7
2026-08-22,https://funatsuri-yoso.com/area/shizuura.html,1,28,0.035714,7.86
2026-08-22,https://funatsuri-yoso.com/area/tagonoura.html,0,2,0,11.5
2026-08-22,https://funatsuri-yoso.com/area/urayasu.html,0,5,0,8
2026-08-22,https://funatsuri-yoso.com/area/yaizu.html,0,2,0,2.5
2026-08-22,https://funatsuri-yoso.com/area/yokohama-shinyamashita.html,0,4,0,7
2026-08-22,https://funatsuri-yoso.com/calendar.html,1,55,0.018182,8.35
2026-08-22,https://funatsuri-yoso.com/fish/aji.html,0,15,0,8.6
2026-08-22,https://funatsuri-yoso.com/fish/akamutsu.html,1,2,0.5,1.5
2026-08-22,https://funatsuri-yoso.com/fish/amadai.html,0,3,0,15.33
2026-08-22,https://funatsuri-yoso.com/fish/aoriika.html,0,6,0,6.33
2026-08-22,https://funatsuri-yoso.com/fish/ara.html,0,3,0,7.33
2026-08-22,https://funatsuri-yoso.com/fish/bishi-aji.html,1,1,1,37
2026-08-22,https://funatsuri-yoso.com/fish/hiramasa.html,0,2,0,6.5
2026-08-22,https://funatsuri-yoso.com/fish/hirame.html,0,6,0,6.5
2026-08-22,https://funatsuri-yoso.com/fish/inada.html,0,10,0,5.2
2026-08-22,https://funatsuri-yoso.com/fish/kanpachi.html,0,21,0,7.57
2026-08-22,https://funatsuri-yoso.com/fish/karei.html,0,2,0,8.5
2026-08-22,https://funatsuri-yoso.com/fish/kasago.html,0,1,0,1
2026-08-22,https://funatsuri-yoso.com/fish/katsuo.html,0,30,0,8.77
2026-08-22,https://funatsuri-yoso.com/fish/kawahagi.html,0,13,0,8.85
2026-08-22,https://funatsuri-yoso.com/fish/kihada-maguro.html,0,1,0,7
2026-08-22,https://funatsuri-yoso.com/fish/kintoki.html,0,2,0,9
2026-08-22,https://funatsuri-yoso.com/fish/kurodai.html,0,1,0,7
2026-08-22,https://funatsuri-yoso.com/fish/madai.html,0,2,0,9
2026-08-22,https://funatsuri-yoso.com/fish/madako.html,0,4,0,7.5
2026-08-22,https://funatsuri-yoso.com/fish/magochi.html,0,23,0,9.43
2026-08-22,https://funatsuri-yoso.com/fish/maruika.html,0,6,0,5.17
2026-08-22,https://funatsuri-yoso.com/fish/mugiika.html,0,3,0,7.67
2026-08-22,https://funatsuri-yoso.com/fish/onikasago.html,0,2,0,7.5
2026-08-22,https://funatsuri-yoso.com/fish/saba.html,0,4,0,8.5
2026-08-22,https://funatsuri-yoso.com/fish/shiira.html,0,2,0,7
2026-08-22,https://funatsuri-yoso.com/fish/shima-aji.html,0,20,0,7.65
2026-08-22,https://funatsuri-yoso.com/fish/tachiuo.html,0,31,0,8.52
2026-08-22,https://funatsuri-yoso.com/fish/torafugu.html,0,1,0,7
2026-08-22,https://funatsuri-yoso.com/fish/umeiro.html,0,1,0,10
2026-08-22,https://funatsuri-yoso.com/fish/warasa.html,0,18,0,6.67
2026-08-22,https://funatsuri-yoso.com/fish/yariika.html,1,3,0.333333,4.33
2026-08-22,https://funatsuri-yoso.com/fish_area/aji-fukuda.html,0,1,0,9
2026-08-22,https://funatsuri-yoso.com/fish_area/aji-kanazawa-hakkei.html,0,1,0,9
2026-08-22,https://funatsuri-yoso.com/fish_area/aji-kashima.html,0,2,0,8
2026-08-22,https://funatsuri-yoso.com/fish_area/aji-koshiba.html,0,1,0,9
2026-08-22,https://funatsuri-yoso.com/fish_area/aji-yokohama.html,0,2,0,6
2026-08-22,https://funatsuri-yoso.com/fish_area/akamutsu-hasaki.html,0,6,0,7.17
2026-08-22,https://funatsuri-yoso.com/fish_area/aoriika-kanaya.html,0,2,0,6
2026-08-22,https://funatsuri-yoso.com/fish_area/ara-togawa.html,0,2,0,5.5
2026-08-22,https://funatsuri-yoso.com/fish_area/fugu-%E5%B9%B3%E5%A1%9A%E6%BC%81%E6%B8%AF.html,0,1,0,4
2026-08-22,https://funatsuri-yoso.com/fish_area/fugu-kanazawa-hakkei.html,0,1,0,1
2026-08-22,https://funatsuri-yoso.com/fish_area/fugu-kashima.html,0,1,0,8
2026-08-22,https://funatsuri-yoso.com/fish_area/hata-omaezaki.html,0,2,0,7.5
2026-08-22,https://funatsuri-yoso.com/fish_area/hirame-iioka.html,0,7,0,5.71
2026-08-22,https://funatsuri-yoso.com/fish_area/hirame-kashima.html,0,2,0,5.5
2026-08-22,https://funatsuri-yoso.com/fish_area/inada-kashima.html,0,1,0,8
2026-08-22,https://funatsuri-yoso.com/fish_area/inada-oarai.html,0,2,0,5.5
2026-08-22,https://funatsuri-yoso.com/fish_area/isaki-fukuda.html,0,1,0,11
2026-08-22,https://funatsuri-yoso.com/fish_area/isaki-kuryo.html,0,1,0,10
2026-08-22,https://funatsuri-yoso.com/fish_area/ishimochi-kanazawa-hakkei.html,0,2,0,12
2026-08-22,https://funatsuri-yoso.com/fish_area/kaiwari-usami.html,0,2,0,4.5
2026-08-22,https://funatsuri-yoso.com/fish_area/karei-%E9%B9%BF%E5%B6%8B%E6%96%B0%E6%B8%AF.html,0,1,0,11
2026-08-22,https://funatsuri-yoso.com/fish_area/katsuo-kotsubo.html,0,1,0,11
2026-08-22,https://funatsuri-yoso.com/fish_area/katsuo-odawara-hayakawa.html,0,1,0,11
2026-08-22,https://funatsuri-yoso.com/fish_area/kihada-maguro-hayama-abuzuri.html,0,1,0,11
2026-08-22,https://funatsuri-yoso.com/fish_area/kihada-maguro-odawara-hayakawa.html,1,1,1,11
2026-08-22,https://funatsuri-yoso.com/fish_area/kinmedai-hiratsuka.html,0,1,0,5
2026-08-22,https://funatsuri-yoso.com/fish_area/madai-iioka.html,0,1,0,30
2026-08-22,https://funatsuri-yoso.com/fish_area/madai-kurihama.html,0,1,0,8
2026-08-22,https://funatsuri-yoso.com/fish_area/magochi-hachimanbashi.html,0,1,0,12
2026-08-22,https://funatsuri-yoso.com/fish_area/saba-koshigoe.html,0,1,0,10
2026-08-22,https://funatsuri-yoso.com/fish_area/sawara-kanazawa-hakkei.html,0,1,0,7
2026-08-22,https://funatsuri-yoso.com/fish_area/shima-aji-ohara.html,1,19,0.052632,9.63
2026-08-22,https://funatsuri-yoso.com/fish_area/shousaifugu-ohara.html,0,2,0,7.5
2026-08-22,https://funatsuri-yoso.com/fish_area/surumeika-%E8%91%89%E5%B1%B1%E7%94%BA%E8%91%89%E5%B1%B1%E9%90%99%E6%91%BA%E6%B8%AF.html,0,1,0,9
2026-08-22,https://funatsuri-yoso.com/fish_area/surumeika-matsuwa-maguchi.html,0,1,0,8
2026-08-22,https://funatsuri-yoso.com/fish_area/tachiuo-fukuda.html,0,10,0,9.6
2026-08-22,https://funatsuri-yoso.com/fish_area/tachiuo-yaizu-ogawa.html,0,2,0,7.5
2026-08-22,https://funatsuri-yoso.com/fish_area/torafugu-kanazawa-hakkei.html,0,2,0,6
2026-08-22,https://funatsuri-yoso.com/fish_area/warasa-matsuwa-ena.html,0,2,0,3.5
2026-08-22,https://funatsuri-yoso.com/ship/amasakeya-maru.html,0,2,0,6.5
2026-08-22,https://funatsuri-yoso.com/ship/baika-maru.html,0,2,0,6
2026-08-22,https://funatsuri-yoso.com/ship/bentenya.html,0,3,0,8
2026-08-22,https://funatsuri-yoso.com/ship/daisan-kariyushi-maru.html,0,2,0,10
2026-08-22,https://funatsuri-yoso.com/ship/daisan-shoei-maru.html,0,2,0,6.5
2026-08-22,https://funatsuri-yoso.com/ship/dengoro-maru.html,0,2,0,9
2026-08-22,https://funatsuri-yoso.com/ship/fudo-maru.html,0,3,0,9
2026-08-22,https://funatsuri-yoso.com/ship/fujin-maru.html,0,1,0,7
2026-08-22,https://funatsuri-yoso.com/ship/fukada-masao-maru.html,0,5,0,8.8
2026-08-22,https://funatsuri-yoso.com/ship/goro-maru.html,0,1,0,9
2026-08-22,https://funatsuri-yoso.com/ship/hamasei-maru.html,0,1,0,7
2026-08-22,https://funatsuri-yoso.com/ship/hamashin-maru.html,0,18,0,9.89
2026-08-22,https://funatsuri-yoso.com/ship/harumori-maru.html,0,1,0,11
2026-08-22,https://funatsuri-yoso.com/ship/heisaku-maru.html,0,1,0,8
2026-08-22,https://funatsuri-yoso.com/ship/hirai-maru.html,0,1,0,11
2026-08-22,https://funatsuri-yoso.com/ship/hitachi-maru.html,0,1,0,8
2026-08-22,https://funatsuri-yoso.com/ship/kamoshita-maru-kawana.html,0,2,0,7.5
2026-08-22,https://funatsuri-yoso.com/ship/kikyu-maru.html,0,2,0,21.5
2026-08-22,https://funatsuri-yoso.com/ship/ko-maru-oiso.html,0,2,0,3.5
2026-08-22,https://funatsuri-yoso.com/ship/ko-maru.html,0,2,0,9
2026-08-22,https://funatsuri-yoso.com/ship/kotoku-maru.html,0,5,0,7.2
2026-08-22,https://funatsuri-yoso.com/ship/kurokawa-honke-kurihama.html,0,1,0,9
2026-08-22,https://funatsuri-yoso.com/ship/kyuju-maru.html,0,3,0,10
2026-08-22,https://funatsuri-yoso.com/ship/masanobu-maru.html,0,1,0,11
2026-08-22,https://funatsuri-yoso.com/ship/megumi-maru.html,0,1,0,10
2026-08-22,https://funatsuri-yoso.com/ship/muramoto-kaiji.html,0,2,0,9
2026-08-22,https://funatsuri-yoso.com/ship/nagasakiya.html,0,1,0,1
2026-08-22,https://funatsuri-yoso.com/ship/nogeya-tsuribuneten.html,0,1,0,9
2026-08-22,https://funatsuri-yoso.com/ship/omatsu-maru.html,0,1,0,10
2026-08-22,https://funatsuri-yoso.com/ship/rieiei-maru.html,0,1,0,10
2026-08-22,https://funatsuri-yoso.com/ship/sashima-kairakuen.html,0,3,0,14.67
2026-08-22,https://funatsuri-yoso.com/ship/seisho-maru.html,0,2,0,8.5
2026-08-22,https://funatsuri-yoso.com/ship/shojiro-maru.html,0,10,0,10.2
2026-08-22,https://funatsuri-yoso.com/ship/taiko-maru.html,0,3,0,10.67
2026-08-22,https://funatsuri-yoso.com/ship/taro-maru.html,0,3,0,8.33
2026-08-22,https://funatsuri-yoso.com/ship/tomo-maru.html,0,2,0,4.5
2026-08-22,https://funatsuri-yoso.com/ship/tsuribune-tsuru.html,0,4,0,7.75
2026-08-22,https://funatsuri-yoso.com/ship/yamashita-maru.html,0,1,0,9
2026-08-22,https://funatsuri-yoso.com/ship/yonemoto-tsuribuneten.html,0,1,0,11
2026-08-22,https://funatsuri-yoso.com/ship/yosei-maru.html,0,1,0,9
2026-08-22,https://funatsuri-yoso.com/x_post/2026-06-10.html,0,1,0,3
2026-08-22,https://funatsuri-yoso.com/x_post/2026-08-02.html,0,2,0,9.5
2026-08-22,https://funatsuri-yoso.com/x_post/2026-08-17.html,0,2,0,5.5
2026-08-23,https://funatsuri-yoso.com/,0,23,0,6.91
2026-08-23,https://funatsuri-yoso.com/area/,0,1,0,43
2026-08-23,https://funatsuri-yoso.com/area/aihama.html,0,2,0,4
2026-08-23,https://funatsuri-yoso.com/area/ajiro-port.html,0,1,0,9
2026-08-23,https://funatsuri-yoso.com/area/amatsu.html,0,9,0,6.56
2026-08-23,https://funatsuri-yoso.com/area/arari.html,0,1,0,9
2026-08-23,https://funatsuri-yoso.com/area/atami-port.html,0,1,0,26
2026-08-23,https://funatsuri-yoso.com/area/chigasaki.html,0,1,0,7
2026-08-23,https://funatsuri-yoso.com/area/edogawa.html,0,1,0,5
2026-08-23,https://funatsuri-yoso.com/area/enoura.html,2,7,0.285714,5.86
2026-08-23,https://funatsuri-yoso.com/area/fukuura-yugawara.html,0,1,0,8
2026-08-23,https://funatsuri-yoso.com/area/futtsu.html,0,11,0,6.45
2026-08-23,https://funatsuri-yoso.com/area/hachimanbashi.html,0,1,0,4
2026-08-23,https://funatsuri-yoso.com/area/hasaki-shinko.html,0,6,0,8.5
2026-08-23,https://funatsuri-yoso.com/area/hitachi-kuji.html,0,1,0,7
2026-08-23,https://funatsuri-yoso.com/area/iioka.html,1,44,0.022727,5.84
2026-08-23,https://funatsuri-yoso.com/area/kanaya.html,1,50,0.02,7.34
2026-08-23,https://funatsuri-yoso.com/area/kanazawa-hakkei.html,0,4,0,5.25
2026-08-23,https://funatsuri-yoso.com/area/katsuura.html,1,71,0.014085,6.13
2026-08-23,https://funatsuri-yoso.com/area/keihin.html,0,1,0,6
2026-08-23,https://funatsuri-yoso.com/area/koshiba.html,0,3,0,6.33
2026-08-23,https://funatsuri-yoso.com/area/koshigoe.html,0,3,0,20.33
2026-08-23,https://funatsuri-yoso.com/area/kotsubo.html,0,3,0,6
2026-08-23,https://funatsuri-yoso.com/area/kuryo.html,0,5,0,8.6
2026-08-23,https://funatsuri-yoso.com/area/manazuru-port.html,0,3,0,8
2026-08-23,https://funatsuri-yoso.com/area/nakaminato.html,0,5,0,11.6
2026-08-23,https://funatsuri-yoso.com/area/nomigawa.html,0,1,0,11
2026-08-23,https://funatsuri-yoso.com/area/oarai.html,0,12,0,6.67
2026-08-23,https://funatsuri-yoso.com/area/ohara.html,1,6,0.166667,8.5
2026-08-23,https://funatsuri-yoso.com/area/oiso.html,0,1,0,9
2026-08-23,https://funatsuri-yoso.com/area/omaezaki.html,0,2,0,12
2026-08-23,https://funatsuri-yoso.com/area/onjuku-iwawada.html,1,3,0.333333,7.33
2026-08-23,https://funatsuri-yoso.com/area/otsu.html,0,3,0,7.67
2026-08-23,https://funatsuri-yoso.com/area/sajima.html,0,1,0,4
2026-08-23,https://funatsuri-yoso.com/area/shimizu.html,0,1,0,8
2026-08-23,https://funatsuri-yoso.com/area/shizuura.html,2,25,0.08,7.76
2026-08-23,https://funatsuri-yoso.com/area/susaki.html,0,1,0,9
2026-08-23,https://funatsuri-yoso.com/area/tomata.html,0,1,0,8
2026-08-23,https://funatsuri-yoso.com/area/urayasu.html,0,1,0,10
2026-08-23,https://funatsuri-yoso.com/area/yokohama-shinyamashita.html,0,1,0,11
2026-08-23,https://funatsuri-yoso.com/calendar.html,0,40,0,7.2
2026-08-23,https://funatsuri-yoso.com/fish/aji.html,0,10,0,7.7
2026-08-23,https://funatsuri-yoso.com/fish/akamutsu.html,0,1,0,31
2026-08-23,https://funatsuri-yoso.com/fish/amadai.html,0,3,0,8.67
2026-08-23,https://funatsuri-yoso.com/fish/anago.html,0,1,0,6
2026-08-23,https://funatsuri-yoso.com/fish/aoriika.html,0,9,0,9.33
2026-08-23,https://funatsuri-yoso.com/fish/ara.html,0,3,0,5
2026-08-23,https://funatsuri-yoso.com/fish/bishi-aji.html,0,1,0,8
2026-08-23,https://funatsuri-yoso.com/fish/hanadai.html,0,3,0,4.67
2026-08-23,https://funatsuri-yoso.com/fish/hirame.html,1,9,0.111111,6.67
2026-08-23,https://funatsuri-yoso.com/fish/houbou.html,0,1,0,14
2026-08-23,https://funatsuri-yoso.com/fish/inada.html,0,10,0,6
2026-08-23,https://funatsuri-yoso.com/fish/isaki.html,0,1,0,7
2026-08-23,https://funatsuri-yoso.com/fish/ishimochi.html,0,1,0,11
2026-08-23,https://funatsuri-yoso.com/fish/kamasu.html,0,1,0,9
2026-08-23,https://funatsuri-yoso.com/fish/kanpachi.html,0,6,0,9.17
2026-08-23,https://funatsuri-yoso.com/fish/kasago.html,0,1,0,6
2026-08-23,https://funatsuri-yoso.com/fish/katsuo.html,0,27,0,9.96
2026-08-23,https://funatsuri-yoso.com/fish/kawahagi.html,0,7,0,11
2026-08-23,https://funatsuri-yoso.com/fish/kinmedai.html,0,3,0,8.33
2026-08-23,https://funatsuri-yoso.com/fish/kintoki.html,0,2,0,11
2026-08-23,https://funatsuri-yoso.com/fish/kurodai.html,0,1,0,11
2026-08-23,https://funatsuri-yoso.com/fish/kuromutsu.html,0,7,0,7.14
2026-08-23,https://funatsuri-yoso.com/fish/madai.html,0,3,0,9.33
2026-08-23,https://funatsuri-yoso.com/fish/madako.html,0,10,0,6.7
2026-08-23,https://funatsuri-yoso.com/fish/magochi.html,0,13,0,6.92
2026-08-23,https://funatsuri-yoso.com/fish/maruika.html,0,6,0,6.5
2026-08-23,https://funatsuri-yoso.com/fish/moroko.html,0,1,0,5
2026-08-23,https://funatsuri-yoso.com/fish/mugiika.html,0,1,0,12
2026-08-23,https://funatsuri-yoso.com/fish/saba.html,0,2,0,4.5
2026-08-23,https://funatsuri-yoso.com/fish/shiira.html,0,4,0,7.5
2026-08-23,https://funatsuri-yoso.com/fish/shima-aji.html,1,30,0.033333,8.43
2026-08-23,https://funatsuri-yoso.com/fish/shiro-amadai.html,0,3,0,5.33
2026-08-23,https://funatsuri-yoso.com/fish/shirogisu.html,0,1,0,3
2026-08-23,https://funatsuri-yoso.com/fish/shousaifugu.html,0,6,0,7
2026-08-23,https://funatsuri-yoso.com/fish/tachiuo.html,0,37,0,8.76
2026-08-23,https://funatsuri-yoso.com/fish/torafugu.html,0,1,0,10
2026-08-23,https://funatsuri-yoso.com/fish/warasa.html,0,10,0,6.8
2026-08-23,https://funatsuri-yoso.com/fish/yariika.html,0,3,0,5.33
2026-08-23,https://funatsuri-yoso.com/fish_area/aji-fukuda.html,0,1,0,8
2026-08-23,https://funatsuri-yoso.com/fish_area/aji-kanaya.html,0,1,0,17
2026-08-23,https://funatsuri-yoso.com/fish_area/aji-yokohama.html,0,1,0,7
2026-08-23,https://funatsuri-yoso.com/fish_area/ara-togawa.html,0,2,0,8.5
2026-08-23,https://funatsuri-yoso.com/fish_area/hata-ohara.html,0,1,0,7
2026-08-23,https://funatsuri-yoso.com/fish_area/hata-omaezaki.html,0,1,0,17
2026-08-23,https://funatsuri-yoso.com/fish_area/inada-oarai.html,0,4,0,6.25
2026-08-23,https://funatsuri-yoso.com/fish_area/isaki-kuryo.html,0,1,0,10
2026-08-23,https://funatsuri-yoso.com/fish_area/ishimochi-kanazawa-hakkei.html,0,1,0,8
2026-08-23,https://funatsuri-yoso.com/fish_area/kasago-kanazawa-hakkei-hirakata.html,0,1,0,7
2026-08-23,https://funatsuri-yoso.com/fish_area/kasago-katase-gyoko.html,0,1,0,4
2026-08-23,https://funatsuri-yoso.com/fish_area/katsuo-hiratsuka.html,0,1,0,6
2026-08-23,https://funatsuri-yoso.com/fish_area/katsuo-kotsubo.html,0,1,0,10
2026-08-23,https://funatsuri-yoso.com/fish_area/katsuo-nagai.html,1,1,1,6
2026-08-23,https://funatsuri-yoso.com/fish_area/kawahagi-hayama-abuzuri.html,0,1,0,8
2026-08-23,https://funatsuri-yoso.com/fish_area/kihada-maguro-chigasaki.html,0,1,0,6
2026-08-23,https://funatsuri-yoso.com/fish_area/kinmedai-kotsubo.html,0,1,0,7
2026-08-23,https://funatsuri-yoso.com/fish_area/kinmedai-shimoda.html,0,1,0,8
2026-08-23,https://funatsuri-yoso.com/fish_area/kurodai-hiratsuka.html,0,1,0,4
2026-08-23,https://funatsuri-yoso.com/fish_area/madai-iioka.html,0,1,0,5
2026-08-23,https://funatsuri-yoso.com/fish_area/madai-kashima.html,0,1,0,9
2026-08-23,https://funatsuri-yoso.com/fish_area/madai-ohara.html,0,1,0,42
2026-08-23,https://funatsuri-yoso.com/fish_area/madako-kanazawa-hakkei.html,0,1,0,7
2026-08-23,https://funatsuri-yoso.com/fish_area/mahata-omaezaki.html,0,1,0,1
2026-08-23,https://funatsuri-yoso.com/fish_area/saba-kashima.html,0,1,0,7
2026-08-23,https://funatsuri-yoso.com/fish_area/saba-koshigoe.html,0,2,0,9
2026-08-23,https://funatsuri-yoso.com/fish_area/shima-aji-ohara.html,0,19,0,6.47
2026-08-23,https://funatsuri-yoso.com/fish_area/shousaifugu-ohara.html,0,1,0,6
2026-08-23,https://funatsuri-yoso.com/fish_area/surumeika-katsuura-kawazu.html,0,1,0,11
2026-08-23,https://funatsuri-yoso.com/fish_area/surumeika-odawara-hayakawa.html,0,1,0,8
2026-08-23,https://funatsuri-yoso.com/fish_area/tachiuo-fukuda.html,0,7,0,7.14
2026-08-23,https://funatsuri-yoso.com/fish_area/tachiuo-yaizu-ogawa.html,0,1,0,8
2026-08-23,https://funatsuri-yoso.com/fish_area/warasa-kashima.html,0,1,0,4
2026-08-23,https://funatsuri-yoso.com/fish_area/warasa-matsuwa-ena.html,0,2,0,6.5
2026-08-23,https://funatsuri-yoso.com/pages/about.html,0,1,0,9
2026-08-23,https://funatsuri-yoso.com/ship/bentenya.html,0,3,0,6
2026-08-23,https://funatsuri-yoso.com/ship/blue-dragon.html,0,1,0,8
2026-08-23,https://funatsuri-yoso.com/ship/daini-tsuretaka-maru.html,0,1,0,10
2026-08-23,https://funatsuri-yoso.com/ship/daisan-kariyushi-maru.html,0,2,0,7.5
2026-08-23,https://funatsuri-yoso.com/ship/goro-maru.html,0,1,0,9
2026-08-23,https://funatsuri-yoso.com/ship/hamasei-maru.html,0,2,0,7
2026-08-23,https://funatsuri-yoso.com/ship/hamashin-maru.html,0,14,0,8.43
2026-08-23,https://funatsuri-yoso.com/ship/harumori-maru.html,0,1,0,11
2026-08-23,https://funatsuri-yoso.com/ship/heisaku-maru.html,0,1,0,11
2026-08-23,https://funatsuri-yoso.com/ship/ishida-maru.html,0,1,0,8
2026-08-23,https://funatsuri-yoso.com/ship/kamoshita-maru-kawana.html,0,1,0,10
2026-08-23,https://funatsuri-yoso.com/ship/katsumi-maru.html,0,3,0,9
2026-08-23,https://funatsuri-yoso.com/ship/kazuhiko-maru.html,0,1,0,5
2026-08-23,https://funatsuri-yoso.com/ship/kiheiji-maru.html,0,13,0,8.85
2026-08-23,https://funatsuri-yoso.com/ship/ko-maru.html,0,2,0,7.5
2026-08-23,https://funatsuri-yoso.com/ship/kurokawa-honke-kurihama.html,0,1,0,6
2026-08-23,https://funatsuri-yoso.com/ship/kyuju-maru.html,0,3,0,10.33
2026-08-23,https://funatsuri-yoso.com/ship/marubachi.html,0,1,0,8
2026-08-23,https://funatsuri-yoso.com/ship/muramoto-kaiji.html,0,7,0,8.71
2026-08-23,https://funatsuri-yoso.com/ship/nagasakiya.html,0,2,0,9
2026-08-23,https://funatsuri-yoso.com/ship/omatsu-maru.html,0,1,0,7
2026-08-23,https://funatsuri-yoso.com/ship/rieiei-maru.html,0,1,0,10
2026-08-23,https://funatsuri-yoso.com/ship/sashima-kairakuen.html,0,4,0,7.5
2026-08-23,https://funatsuri-yoso.com/ship/seiei-maru.html,0,1,0,7
2026-08-23,https://funatsuri-yoso.com/ship/seisho-maru.html,0,4,0,8
2026-08-23,https://funatsuri-yoso.com/ship/shintoku-maru.html,0,1,0,11
2026-08-23,https://funatsuri-yoso.com/ship/shojiro-maru.html,0,24,0,17.29
2026-08-23,https://funatsuri-yoso.com/ship/taiko-maru.html,0,1,0,9
2026-08-23,https://funatsuri-yoso.com/ship/taro-maru.html,0,1,0,5
2026-08-23,https://funatsuri-yoso.com/ship/tetsuo-maru.html,0,2,0,5.5
2026-08-23,https://funatsuri-yoso.com/ship/tomo-maru.html,0,2,0,8.5
2026-08-23,https://funatsuri-yoso.com/ship/tsuribune-tsuru.html,0,2,0,8
2026-08-23,https://funatsuri-yoso.com/ship/yamadai-maru.html,0,2,0,6
2026-08-23,https://funatsuri-yoso.com/ship/yamashita-maru.html,0,1,0,5
2026-08-23,https://funatsuri-yoso.com/ship/yosei-maru.html,0,3,0,6.33
2026-08-23,https://funatsuri-yoso.com/ship/yusei-maru-katase.html,0,1,0,8
2026-08-23,https://funatsuri-yoso.com/x_post/2026-08-02.html,0,1,0,9
2026-08-23,https://funatsuri-yoso.com/x_post/2026-08-17.html,0,2,0,8
2026-08-23,https://funatsuri-yoso.com/x_post/2026-08-18.html,0,1,0,7
2026-08-23,https://funatsuri-yoso.com/x_post/2026-08-22.html,0,2,0,4.5
2026-08-24,https://funatsuri-yoso.com/,0,26,0,9.73
2026-08-24,https://funatsuri-yoso.com/area/,0,1,0,42
2026-08-24,https://funatsuri-yoso.com/area/ajiro-port.html,0,1,0,16
2026-08-24,https://funatsuri-yoso.com/area/amatsu.html,0,15,0,7.47
2026-08-24,https://funatsuri-yoso.com/area/edogawa.html,0,1,0,6
2026-08-24,https://funatsuri-yoso.com/area/enoura.html,0,12,0,7.17
2026-08-24,https://funatsuri-yoso.com/area/fukuura-yugawara.html,0,5,0,10.2
2026-08-24,https://funatsuri-yoso.com/area/futtsu.html,0,12,0,8.75
2026-08-24,https://funatsuri-yoso.com/area/hasaki-shinko.html,0,5,0,6.6
2026-08-24,https://funatsuri-yoso.com/area/hiratsuka.html,0,5,0,8
2026-08-24,https://funatsuri-yoso.com/area/hitachi-kuji.html,0,2,0,10
2026-08-24,https://funatsuri-yoso.com/area/iioka.html,0,31,0,6.65
2026-08-24,https://funatsuri-yoso.com/area/kanaya.html,3,40,0.075,7.88
2026-08-24,https://funatsuri-yoso.com/area/kanazawa-hakkei-hirakata.html,0,1,0,6
2026-08-24,https://funatsuri-yoso.com/area/kanazawa-hakkei.html,0,5,0,20.6
2026-08-24,https://funatsuri-yoso.com/area/katakai.html,0,1,0,10
2026-08-24,https://funatsuri-yoso.com/area/katsuura.html,0,57,0,7.25
2026-08-24,https://funatsuri-yoso.com/area/keihin.html,0,1,0,11
2026-08-24,https://funatsuri-yoso.com/area/koshiba.html,0,1,0,9
2026-08-24,https://funatsuri-yoso.com/area/koshigoe.html,0,1,0,6
2026-08-24,https://funatsuri-yoso.com/area/kurihama.html,0,1,0,10
2026-08-24,https://funatsuri-yoso.com/area/kuryo.html,0,5,0,9.4
2026-08-24,https://funatsuri-yoso.com/area/manazuru-port.html,0,3,0,6.67
2026-08-24,https://funatsuri-yoso.com/area/nakaminato.html,0,2,0,6
2026-08-24,https://funatsuri-yoso.com/area/oarai.html,0,4,0,8.75
2026-08-24,https://funatsuri-yoso.com/area/ohara.html,0,3,0,7.67
2026-08-24,https://funatsuri-yoso.com/area/oiso.html,0,6,0,7.83
2026-08-24,https://funatsuri-yoso.com/area/onjuku-iwawada.html,0,3,0,11.33
2026-08-24,https://funatsuri-yoso.com/area/ose.html,0,1,0,8
2026-08-24,https://funatsuri-yoso.com/area/otsu.html,1,3,0.333333,5.67
2026-08-24,https://funatsuri-yoso.com/area/sajima.html,0,2,0,5
2026-08-24,https://funatsuri-yoso.com/area/samezu-katsushima.html,0,3,0,5.67
2026-08-24,https://funatsuri-yoso.com/area/shimizu.html,0,2,0,8.5
2026-08-24,https://funatsuri-yoso.com/area/shizuura.html,1,26,0.038462,6.46
2026-08-24,https://funatsuri-yoso.com/area/susaki.html,0,1,0,8
2026-08-24,https://funatsuri-yoso.com/area/urayasu.html,0,1,0,9
2026-08-24,https://funatsuri-yoso.com/area/yaizu.html,0,2,0,9.5
2026-08-24,https://funatsuri-yoso.com/area/yokohama-shinyamashita.html,0,1,0,9
2026-08-24,https://funatsuri-yoso.com/calendar.html,2,68,0.029412,7.06
2026-08-24,https://funatsuri-yoso.com/fish/,0,2,0,5.5
2026-08-24,https://funatsuri-yoso.com/fish/aji.html,0,4,0,8
2026-08-24,https://funatsuri-yoso.com/fish/akamutsu.html,0,2,0,19.5
2026-08-24,https://funatsuri-yoso.com/fish/amadai.html,0,2,0,20.5
2026-08-24,https://funatsuri-yoso.com/fish/anago.html,0,1,0,20
2026-08-24,https://funatsuri-yoso.com/fish/aoriika.html,0,6,0,7.17
2026-08-24,https://funatsuri-yoso.com/fish/ara.html,0,3,0,4.33
2026-08-24,https://funatsuri-yoso.com/fish/bishi-aji.html,0,2,0,9.5
2026-08-24,https://funatsuri-yoso.com/fish/hanadai.html,0,2,0,7.5
2026-08-24,https://funatsuri-yoso.com/fish/hirame.html,0,3,0,8.67
2026-08-24,https://funatsuri-yoso.com/fish/houbou.html,0,1,0,7
2026-08-24,https://funatsuri-yoso.com/fish/inada.html,0,13,0,9.23
2026-08-24,https://funatsuri-yoso.com/fish/isaki.html,0,1,0,1
2026-08-24,https://funatsuri-yoso.com/fish/ishimochi.html,0,1,0,8
2026-08-24,https://funatsuri-yoso.com/fish/kamasu.html,0,1,0,11
2026-08-24,https://funatsuri-yoso.com/fish/kanko.html,0,1,0,3
2026-08-24,https://funatsuri-yoso.com/fish/kanpachi.html,0,9,0,7.11
2026-08-24,https://funatsuri-yoso.com/fish/karei.html,0,2,0,8
2026-08-24,https://funatsuri-yoso.com/fish/katsuo.html,0,14,0,7.64
2026-08-24,https://funatsuri-yoso.com/fish/kawahagi.html,0,6,0,8.33
2026-08-24,https://funatsuri-yoso.com/fish/kintoki.html,0,2,0,5
2026-08-24,https://funatsuri-yoso.com/fish/kuromutsu.html,0,5,0,6
2026-08-24,https://funatsuri-yoso.com/fish/madako.html,0,6,0,9
2026-08-24,https://funatsuri-yoso.com/fish/magochi.html,0,15,0,7.87
2026-08-24,https://funatsuri-yoso.com/fish/maruika.html,1,4,0.25,7.75
2026-08-24,https://funatsuri-yoso.com/fish/mugiika.html,0,2,0,4.5
2026-08-24,https://funatsuri-yoso.com/fish/onikasago.html,0,2,0,4
2026-08-24,https://funatsuri-yoso.com/fish/saba.html,0,1,0,10
2026-08-24,https://funatsuri-yoso.com/fish/shiira.html,0,3,0,13
2026-08-24,https://funatsuri-yoso.com/fish/shima-aji.html,0,25,0,8.04
2026-08-24,https://funatsuri-yoso.com/fish/shiro-amadai.html,0,1,0,4
2026-08-24,https://funatsuri-yoso.com/fish/shousaifugu.html,0,2,0,8
2026-08-24,https://funatsuri-yoso.com/fish/tachiuo.html,0,36,0,8.17
2026-08-24,https://funatsuri-yoso.com/fish/warasa.html,1,16,0.0625,6.88
2026-08-24,https://funatsuri-yoso.com/fish_area/aji-iioka.html,0,1,0,8
2026-08-24,https://funatsuri-yoso.com/fish_area/aji-kashima.html,0,1,0,9
2026-08-24,https://funatsuri-yoso.com/fish_area/aji-samezu-katsushima.html,0,1,0,1
2026-08-24,https://funatsuri-yoso.com/fish_area/ara-togawa.html,0,1,0,10
2026-08-24,https://funatsuri-yoso.com/fish_area/fugu-kashima.html,0,2,0,10.5
2026-08-24,https://funatsuri-yoso.com/fish_area/hanadai-katakai.html,0,1,0,5
2026-08-24,https://funatsuri-yoso.com/fish_area/hata-sajima.html,0,1,0,2
2026-08-24,https://funatsuri-yoso.com/fish_area/hirame-hasaki.html,0,4,0,6.75
2026-08-24,https://funatsuri-yoso.com/fish_area/hirame-hayama-abuzuri.html,0,1,0,18
2026-08-24,https://funatsuri-yoso.com/fish_area/hirame-iioka.html,0,7,0,13.43
2026-08-24,https://funatsuri-yoso.com/fish_area/hirame-ohara.html,0,1,0,8
2026-08-24,https://funatsuri-yoso.com/fish_area/inada-hiratsuka.html,0,1,0,6
2026-08-24,https://funatsuri-yoso.com/fish_area/inada-kashima.html,0,1,0,7
2026-08-24,https://funatsuri-yoso.com/fish_area/isaki-kuryo.html,0,2,0,9.5
2026-08-24,https://funatsuri-yoso.com/fish_area/isaki-ohara.html,0,1,0,5
2026-08-24,https://funatsuri-yoso.com/fish_area/ishimochi-kanazawa-hakkei.html,0,3,0,8.67
2026-08-24,https://funatsuri-yoso.com/fish_area/kanpachi-omaezaki.html,0,1,0,7
2026-08-24,https://funatsuri-yoso.com/fish_area/kasago-kanazawa-hakkei.html,0,1,0,21
2026-08-24,https://funatsuri-yoso.com/fish_area/katsuo-chigasaki.html,0,1,0,7
2026-08-24,https://funatsuri-yoso.com/fish_area/katsuo-kotsubo.html,0,1,0,6
2026-08-24,https://funatsuri-yoso.com/fish_area/kuromutsu-emi.html,0,1,0,7
2026-08-24,https://funatsuri-yoso.com/fish_area/madai-iioka.html,0,1,0,1
2026-08-24,https://funatsuri-yoso.com/fish_area/madai-kashima.html,1,2,0.5,2.5
2026-08-24,https://funatsuri-yoso.com/fish_area/madako-kanazawa-hakkei.html,0,1,0,6
2026-08-24,https://funatsuri-yoso.com/fish_area/magochi-kashima.html,0,1,0,9
2026-08-24,https://funatsuri-yoso.com/fish_area/mahata-kashima.html,0,1,0,10
2026-08-24,https://funatsuri-yoso.com/fish_area/maruika-nagai-shinjuku.html,0,1,0,9
2026-08-24,https://funatsuri-yoso.com/fish_area/saba-koshigoe.html,0,2,0,5
2026-08-24,https://funatsuri-yoso.com/fish_area/seabass-edogawa.html,0,1,0,5
2026-08-24,https://funatsuri-yoso.com/fish_area/shima-aji-ohara.html,1,17,0.058824,8.82
2026-08-24,https://funatsuri-yoso.com/fish_area/shirogisu-urayasu.html,0,1,0,11
2026-08-24,https://funatsuri-yoso.com/fish_area/shousaifugu-ohara.html,0,1,0,10
2026-08-24,https://funatsuri-yoso.com/fish_area/tachiuo-fukuda.html,0,6,0,9.17
2026-08-24,https://funatsuri-yoso.com/fish_area/tachiuo-yaizu-ogawa.html,0,1,0,10
2026-08-24,https://funatsuri-yoso.com/fish_area/warasa-hitachi-kuji.html,0,1,0,6
2026-08-24,https://funatsuri-yoso.com/pages/about.html,0,1,0,9
2026-08-24,https://funatsuri-yoso.com/ship/amasakeya-maru.html,0,1,0,8
2026-08-24,https://funatsuri-yoso.com/ship/bentenya.html,0,6,0,12.17
2026-08-24,https://funatsuri-yoso.com/ship/bo-maru.html,0,2,0,7.5
2026-08-24,https://funatsuri-yoso.com/ship/daihachi-tsuru-maru.html,0,1,0,1
2026-08-24,https://funatsuri-yoso.com/ship/daisan-shoei-maru.html,0,2,0,5
2026-08-24,https://funatsuri-yoso.com/ship/fuji-maru.html,0,1,0,4
2026-08-24,https://funatsuri-yoso.com/ship/gibei-maru.html,0,1,0,5
2026-08-24,https://funatsuri-yoso.com/ship/goro-maru.html,0,2,0,3
2026-08-24,https://funatsuri-yoso.com/ship/hamasei-maru.html,0,2,0,7
2026-08-24,https://funatsuri-yoso.com/ship/hamashin-maru.html,0,7,0,8.14
2026-08-24,https://funatsuri-yoso.com/ship/harumori-maru.html,0,2,0,10
2026-08-24,https://funatsuri-yoso.com/ship/kamoshita-maru-kawana.html,0,1,0,10
2026-08-24,https://funatsuri-yoso.com/ship/kazuhiko-maru.html,0,6,0,10.83
2026-08-24,https://funatsuri-yoso.com/ship/kiheiji-maru.html,0,2,0,10.5
2026-08-24,https://funatsuri-yoso.com/ship/kikyu-maru.html,0,5,0,8.8
2026-08-24,https://funatsuri-yoso.com/ship/ko-maru-oiso.html,0,3,0,4.67
2026-08-24,https://funatsuri-yoso.com/ship/ko-maru.html,0,1,0,8
2026-08-24,https://funatsuri-yoso.com/ship/koshiba-maru.html,0,1,0,8
2026-08-24,https://funatsuri-yoso.com/ship/kurokawa-honke-kurihama.html,0,1,0,10
2026-08-24,https://funatsuri-yoso.com/ship/megumi-maru.html,0,1,0,5
2026-08-24,https://funatsuri-yoso.com/ship/moki-maru.html,0,3,0,4.33
2026-08-24,https://funatsuri-yoso.com/ship/muramoto-kaiji.html,0,9,0,8.22
2026-08-24,https://funatsuri-yoso.com/ship/nogeya-tsuribuneten.html,0,1,0,10
2026-08-24,https://funatsuri-yoso.com/ship/oharu-maru.html,0,3,0,8.67
2026-08-24,https://funatsuri-yoso.com/ship/sashima-kairakuen.html,0,2,0,5.5
2026-08-24,https://funatsuri-yoso.com/ship/shojiro-maru.html,0,20,0,12
2026-08-24,https://funatsuri-yoso.com/ship/taro-maru.html,0,3,0,5.67
2026-08-24,https://funatsuri-yoso.com/ship/tomo-maru.html,0,1,0,7
2026-08-24,https://funatsuri-yoso.com/ship/tsuribune-tsuru.html,0,5,0,8.2
2026-08-24,https://funatsuri-yoso.com/ship/yamadai-maru.html,0,1,0,1
2026-08-24,https://funatsuri-yoso.com/ship/yamashita-maru.html,0,3,0,8
2026-08-24,https://funatsuri-yoso.com/ship/yonemoto-tsuribuneten.html,0,5,0,7.4
2026-08-24,https://funatsuri-yoso.com/ship/yosei-maru.html,0,3,0,3.67
2026-08-24,https://funatsuri-yoso.com/x_post/2026-08-05.html,0,1,0,10
2026-08-24,https://funatsuri-yoso.com/x_post/2026-08-09.html,0,1,0,10
2026-08-24,https://funatsuri-yoso.com/x_post/2026-08-17.html,0,1,0,8
2026-08-24,https://funatsuri-yoso.com/x_post/2026-08-22.html,0,1,0,6
2026-08-25,https://funatsuri-yoso.com/,1,19,0.052632,9.53
2026-08-25,https://funatsuri-yoso.com/area/amatsu.html,0,5,0,7.6
2026-08-25,https://funatsuri-yoso.com/area/arari.html,0,1,0,10
2026-08-25,https://funatsuri-yoso.com/area/edogawa.html,0,1,0,17
2026-08-25,https://funatsuri-yoso.com/area/enoura.html,0,4,0,3.5
2026-08-25,https://funatsuri-yoso.com/area/fukuda.html,0,1,0,8
2026-08-25,https://funatsuri-yoso.com/area/fukuura-yugawara.html,0,2,0,5.5
2026-08-25,https://funatsuri-yoso.com/area/futtsu.html,0,7,0,6.71
2026-08-25,https://funatsuri-yoso.com/area/hiratsuka.html,0,2,0,8
2026-08-25,https://funatsuri-yoso.com/area/hitachi-kuji.html,0,1,0,6
2026-08-25,https://funatsuri-yoso.com/area/iioka.html,3,44,0.068182,6.36
2026-08-25,https://funatsuri-yoso.com/area/ito-shi.html,0,2,0,9
2026-08-25,https://funatsuri-yoso.com/area/kanaya.html,2,26,0.076923,5.65
2026-08-25,https://funatsuri-yoso.com/area/kanazawa-hakkei.html,0,4,0,35.75
2026-08-25,https://funatsuri-yoso.com/area/kashima.html,0,2,0,23
2026-08-25,https://funatsuri-yoso.com/area/katsuura.html,1,72,0.013889,6.76
2026-08-25,https://funatsuri-yoso.com/area/koshiba.html,0,1,0,11
2026-08-25,https://funatsuri-yoso.com/area/koshigoe.html,0,1,0,6
2026-08-25,https://funatsuri-yoso.com/area/kuryo.html,0,8,0,8
2026-08-25,https://funatsuri-yoso.com/area/manazuru-port.html,0,1,0,10
2026-08-25,https://funatsuri-yoso.com/area/nagai.html,1,2,0.5,6
2026-08-25,https://funatsuri-yoso.com/area/nakaminato.html,0,5,0,9.4
2026-08-25,https://funatsuri-yoso.com/area/oarai.html,0,3,0,8.67
2026-08-25,https://funatsuri-yoso.com/area/ohara.html,0,3,0,35.67
2026-08-25,https://funatsuri-yoso.com/area/oiso.html,0,2,0,11.5
2026-08-25,https://funatsuri-yoso.com/area/onjuku-iwawada.html,0,2,0,6
2026-08-25,https://funatsuri-yoso.com/area/otsu.html,1,7,0.142857,9
2026-08-25,https://funatsuri-yoso.com/area/sajima.html,0,1,0,1
2026-08-25,https://funatsuri-yoso.com/area/samezu-katsushima.html,0,1,0,2
2026-08-25,https://funatsuri-yoso.com/area/shizuura.html,0,15,0,6.67
2026-08-25,https://funatsuri-yoso.com/area/susaki.html,0,1,0,10
2026-08-25,https://funatsuri-yoso.com/area/tokyowan-marina.html,0,1,0,5
2026-08-25,https://funatsuri-yoso.com/area/yaizu.html,0,2,0,8.5
2026-08-25,https://funatsuri-yoso.com/area/yokohama-shinyamashita.html,0,2,0,9
2026-08-25,https://funatsuri-yoso.com/calendar.html,1,75,0.013333,8.04
2026-08-25,https://funatsuri-yoso.com/fish/,0,1,0,5
2026-08-25,https://funatsuri-yoso.com/fish/aji.html,0,9,0,9.22
2026-08-25,https://funatsuri-yoso.com/fish/amadai.html,0,4,0,9.75
2026-08-25,https://funatsuri-yoso.com/fish/aoriika.html,0,4,0,21
2026-08-25,https://funatsuri-yoso.com/fish/ara.html,0,1,0,6
2026-08-25,https://funatsuri-yoso.com/fish/bishi-aji.html,0,5,0,8.6
2026-08-25,https://funatsuri-yoso.com/fish/hiramasa.html,0,1,0,10
2026-08-25,https://funatsuri-yoso.com/fish/hirame.html,0,2,0,8
2026-08-25,https://funatsuri-yoso.com/fish/houbou.html,0,1,0,7
2026-08-25,https://funatsuri-yoso.com/fish/inada.html,0,14,0,6.79
2026-08-25,https://funatsuri-yoso.com/fish/isaki.html,0,4,0,4.5
2026-08-25,https://funatsuri-yoso.com/fish/ishimochi.html,0,2,0,10
2026-08-25,https://funatsuri-yoso.com/fish/kanpachi.html,0,8,0,6.62
2026-08-25,https://funatsuri-yoso.com/fish/karei.html,1,2,0.5,5
2026-08-25,https://funatsuri-yoso.com/fish/kasago.html,0,3,0,9.33
2026-08-25,https://funatsuri-yoso.com/fish/katsuo.html,0,17,0,8.71
2026-08-25,https://funatsuri-yoso.com/fish/kawahagi.html,0,8,0,8.5
2026-08-25,https://funatsuri-yoso.com/fish/kinmedai.html,0,5,0,8.2
2026-08-25,https://funatsuri-yoso.com/fish/kintoki.html,0,1,0,2
2026-08-25,https://funatsuri-yoso.com/fish/kurodai.html,0,1,0,12
2026-08-25,https://funatsuri-yoso.com/fish/kuromutsu.html,1,5,0.2,7.6
2026-08-25,https://funatsuri-yoso.com/fish/madako.html,0,9,0,9.67
2026-08-25,https://funatsuri-yoso.com/fish/magochi.html,0,13,0,6.77
2026-08-25,https://funatsuri-yoso.com/fish/maruika.html,1,7,0.142857,10.57
2026-08-25,https://funatsuri-yoso.com/fish/mongoika.html,0,1,0,7
2026-08-25,https://funatsuri-yoso.com/fish/mugiika.html,0,2,0,12.5
2026-08-25,https://funatsuri-yoso.com/fish/onikasago.html,0,1,0,6
2026-08-25,https://funatsuri-yoso.com/fish/saba.html,0,2,0,6
2026-08-25,https://funatsuri-yoso.com/fish/shiira.html,0,2,0,8.5
2026-08-25,https://funatsuri-yoso.com/fish/shima-aji.html,2,20,0.1,8.45
2026-08-25,https://funatsuri-yoso.com/fish/tachiuo.html,0,16,0,13.31
2026-08-25,https://funatsuri-yoso.com/fish/tai-gomoku.html,0,1,0,11
2026-08-25,https://funatsuri-yoso.com/fish/torafugu.html,0,1,0,4
2026-08-25,https://funatsuri-yoso.com/fish/umeiro.html,0,2,0,10.5
2026-08-25,https://funatsuri-yoso.com/fish/warasa.html,0,9,0,6.22
2026-08-25,https://funatsuri-yoso.com/fish_area/aji-kashima.html,0,1,0,7
2026-08-25,https://funatsuri-yoso.com/fish_area/aji-sajima.html,0,1,0,11
2026-08-25,https://funatsuri-yoso.com/fish_area/ara-hasaki.html,0,1,0,9
2026-08-25,https://funatsuri-yoso.com/fish_area/ara-togawa.html,0,2,0,2.5
2026-08-25,https://funatsuri-yoso.com/fish_area/fugu-kashima.html,0,1,0,9
2026-08-25,https://funatsuri-yoso.com/fish_area/hirame-hitachi-kuji.html,0,1,0,29
2026-08-25,https://funatsuri-yoso.com/fish_area/hirame-iioka.html,0,3,0,9.33
2026-08-25,https://funatsuri-yoso.com/fish_area/hirame-ohara.html,0,1,0,7
2026-08-25,https://funatsuri-yoso.com/fish_area/inada-iioka.html,0,1,0,11
2026-08-25,https://funatsuri-yoso.com/fish_area/isaki-kanazawa-hakkei.html,0,1,0,7
2026-08-25,https://funatsuri-yoso.com/fish_area/kaiwari-usami.html,0,1,0,11
2026-08-25,https://funatsuri-yoso.com/fish_area/kanpachi-omaezaki.html,0,1,0,8
2026-08-25,https://funatsuri-yoso.com/fish_area/kasago-kashima.html,0,1,0,5
2026-08-25,https://funatsuri-yoso.com/fish_area/katsuo-hayama-abuzuri.html,0,1,0,11
2026-08-25,https://funatsuri-yoso.com/fish_area/katsuo-kotsubo.html,0,3,0,9.33
2026-08-25,https://funatsuri-yoso.com/fish_area/kihada-maguro-hayama-abuzuri.html,0,1,0,10
2026-08-25,https://funatsuri-yoso.com/fish_area/kihada-maguro-odawara-hayakawa.html,0,1,0,10
2026-08-25,https://funatsuri-yoso.com/fish_area/kuromutsu-hiratsuka.html,0,1,0,6
2026-08-25,https://funatsuri-yoso.com/fish_area/madai-ohara.html,0,1,0,9
2026-08-25,https://funatsuri-yoso.com/fish_area/magochi-hachimanbashi.html,0,1,0,4
2026-08-25,https://funatsuri-yoso.com/fish_area/magochi-kashima.html,0,1,0,9
2026-08-25,https://funatsuri-yoso.com/fish_area/menuke-hasaki-shinko.html,1,1,1,5
2026-08-25,https://funatsuri-yoso.com/fish_area/menuke-hasaki.html,0,1,0,16
2026-08-25,https://funatsuri-yoso.com/fish_area/saba-koshigoe.html,0,2,0,8
2026-08-25,https://funatsuri-yoso.com/fish_area/sawara-kanazawa-hakkei.html,0,1,0,9
2026-08-25,https://funatsuri-yoso.com/fish_area/shima-aji-ohara.html,1,13,0.076923,9.54
2026-08-25,https://funatsuri-yoso.com/fish_area/shousaifugu-ohara.html,0,1,0,6
2026-08-25,https://funatsuri-yoso.com/fish_area/tachiuo-fukuda.html,0,6,0,9.67
2026-08-25,https://funatsuri-yoso.com/fish_area/tachiuo-koshiba.html,1,1,1,5
2026-08-25,https://funatsuri-yoso.com/fish_area/tachiuo-yaizu-ogawa.html,0,2,0,8
2026-08-25,https://funatsuri-yoso.com/fish_area/warasa-hitachi-kuji.html,0,2,0,4
2026-08-25,https://funatsuri-yoso.com/pages/faq.html,0,1,0,6
2026-08-25,https://funatsuri-yoso.com/ship/bentenya.html,0,2,0,25.5
2026-08-25,https://funatsuri-yoso.com/ship/blue-dragon.html,0,1,0,5
2026-08-25,https://funatsuri-yoso.com/ship/chigasaki-maru.html,0,1,0,20
2026-08-25,https://funatsuri-yoso.com/ship/daihachi-tsuru-maru.html,0,1,0,10
2026-08-25,https://funatsuri-yoso.com/ship/fujin-maru.html,0,1,0,9
2026-08-25,https://funatsuri-yoso.com/ship/fukagawa-yoshinoya.html,0,1,0,9
2026-08-25,https://funatsuri-yoso.com/ship/goro-maru.html,0,2,0,10.5
2026-08-25,https://funatsuri-yoso.com/ship/hamasei-maru.html,0,4,0,7.25
2026-08-25,https://funatsuri-yoso.com/ship/hamashin-maru.html,0,5,0,8.8
2026-08-25,https://funatsuri-yoso.com/ship/harumori-maru.html,0,2,0,10.5
2026-08-25,https://funatsuri-yoso.com/ship/hitachi-maru.html,0,1,0,11
2026-08-25,https://funatsuri-yoso.com/ship/kiheiji-maru.html,0,4,0,16
2026-08-25,https://funatsuri-yoso.com/ship/kikyu-maru.html,0,3,0,10.67
2026-08-25,https://funatsuri-yoso.com/ship/ko-maru.html,0,3,0,7.67
2026-08-25,https://funatsuri-yoso.com/ship/kyuju-maru.html,0,1,0,5
2026-08-25,https://funatsuri-yoso.com/ship/minosuke-maru.html,0,1,0,8
2026-08-25,https://funatsuri-yoso.com/ship/muramoto-kaiji.html,0,6,0,9
2026-08-25,https://funatsuri-yoso.com/ship/nogeya-tsuribuneten.html,0,2,0,9.5
2026-08-25,https://funatsuri-yoso.com/ship/ryusei-maru.html,0,1,0,11
2026-08-25,https://funatsuri-yoso.com/ship/sashima-kairakuen.html,0,3,0,8.67
2026-08-25,https://funatsuri-yoso.com/ship/seisho-maru.html,1,5,0.2,6.2
2026-08-25,https://funatsuri-yoso.com/ship/shojiro-maru.html,0,18,0,10.44
2026-08-25,https://funatsuri-yoso.com/ship/taiko-maru.html,0,6,0,9.17
2026-08-25,https://funatsuri-yoso.com/ship/taro-maru.html,0,1,0,9
2026-08-25,https://funatsuri-yoso.com/ship/tomo-maru.html,0,1,0,8
2026-08-25,https://funatsuri-yoso.com/ship/tsuribune-tsuru.html,0,3,0,7.67
2026-08-25,https://funatsuri-yoso.com/ship/yamadai-maru.html,0,1,0,1
2026-08-25,https://funatsuri-yoso.com/ship/yonemoto-tsuribuneten.html,0,1,0,6
2026-08-25,https://funatsuri-yoso.com/ship/yosei-maru.html,0,1,0,3
2026-08-25,https://funatsuri-yoso.com/ship/yuko-maru-iioka.html,0,1,0,5
2026-08-25,https://funatsuri-yoso.com/x_post/,0,1,0,10
2026-08-25,https://funatsuri-yoso.com/x_post/2026-08-02.html,0,1,0,5
2026-08-25,https://funatsuri-yoso.com/x_post/2026-08-09.html,0,1,0,9
2026-08-25,https://funatsuri-yoso.com/x_post/2026-08-17.html,0,1,0,6
2026-08-25,https://funatsuri-yoso.com/x_post/2026-08-22.html,0,1,0,4
2026-08-26,https://funatsuri-yoso.com/,0,18,0,12.61
2026-08-26,https://funatsuri-yoso.com/area/aihama.html,0,1,0,6
2026-08-26,https://funatsuri-yoso.com/area/ajiro-port.html,0,4,0,8.75
2026-08-26,https://funatsuri-yoso.com/area/amatsu.html,0,8,0,8
2026-08-26,https://funatsuri-yoso.com/area/atami-port.html,0,1,0,51
2026-08-26,https://funatsuri-yoso.com/area/edogawa.html,0,1,0,9
2026-08-26,https://funatsuri-yoso.com/area/emi.html,0,1,0,1
2026-08-26,https://funatsuri-yoso.com/area/enoura.html,0,7,0,13
2026-08-26,https://funatsuri-yoso.com/area/fukuura-yugawara.html,0,4,0,12.5
2026-08-26,https://funatsuri-yoso.com/area/futtsu-oki.html,0,1,0,7
2026-08-26,https://funatsuri-yoso.com/area/futtsu.html,0,8,0,14.12
2026-08-26,https://funatsuri-yoso.com/area/hasaki-shinko.html,0,2,0,3
2026-08-26,https://funatsuri-yoso.com/area/hayakawa.html,0,1,0,8
2026-08-26,https://funatsuri-yoso.com/area/hitachi-kuji.html,0,2,0,11
2026-08-26,https://funatsuri-yoso.com/area/iioka.html,0,32,0,7.84
2026-08-26,https://funatsuri-yoso.com/area/kanaya.html,2,29,0.068966,8.03
2026-08-26,https://funatsuri-yoso.com/area/kanazawa-hakkei.html,0,3,0,22.67
2026-08-26,https://funatsuri-yoso.com/area/kashima.html,0,2,0,10
2026-08-26,https://funatsuri-yoso.com/area/katsuura.html,2,69,0.028986,6.72
2026-08-26,https://funatsuri-yoso.com/area/koshiba.html,0,2,0,14.5
2026-08-26,https://funatsuri-yoso.com/area/kotsubo.html,0,2,0,7
2026-08-26,https://funatsuri-yoso.com/area/kurihama.html,0,1,0,11
2026-08-26,https://funatsuri-yoso.com/area/kuryo.html,1,4,0.25,8.25
2026-08-26,https://funatsuri-yoso.com/area/manazuru-port.html,0,1,0,5
2026-08-26,https://funatsuri-yoso.com/area/matsuwa-maguchi.html,0,1,0,4
2026-08-26,https://funatsuri-yoso.com/area/nakaminato.html,0,8,0,8.12
2026-08-26,https://funatsuri-yoso.com/area/oarai.html,1,8,0.125,8
2026-08-26,https://funatsuri-yoso.com/area/ohara.html,0,6,0,20
2026-08-26,https://funatsuri-yoso.com/area/oiso.html,0,1,0,33
2026-08-26,https://funatsuri-yoso.com/area/omaezaki.html,0,1,0,8
2026-08-26,https://funatsuri-yoso.com/area/onjuku-iwawada.html,0,1,0,95
2026-08-26,https://funatsuri-yoso.com/area/otsu.html,0,4,0,6
2026-08-26,https://funatsuri-yoso.com/area/sajima.html,1,4,0.25,5.75
2026-08-26,https://funatsuri-yoso.com/area/shizuura.html,2,24,0.083333,8.54
2026-08-26,https://funatsuri-yoso.com/area/yaizu.html,0,5,0,5.2
2026-08-26,https://funatsuri-yoso.com/area/yokohama-shinyamashita.html,0,1,0,10
2026-08-26,https://funatsuri-yoso.com/calendar.html,1,64,0.015625,8.09
2026-08-26,https://funatsuri-yoso.com/fish/aji.html,1,13,0.076923,9.46
2026-08-26,https://funatsuri-yoso.com/fish/amadai.html,0,2,0,11
2026-08-26,https://funatsuri-yoso.com/fish/anago.html,0,2,0,7.5
2026-08-26,https://funatsuri-yoso.com/fish/aoriika.html,0,6,0,11.83
2026-08-26,https://funatsuri-yoso.com/fish/ara.html,0,4,0,7.25
2026-08-26,https://funatsuri-yoso.com/fish/hanadai.html,0,1,0,4
2026-08-26,https://funatsuri-yoso.com/fish/hirame.html,0,1,0,5
2026-08-26,https://funatsuri-yoso.com/fish/houbou.html,0,2,0,11
2026-08-26,https://funatsuri-yoso.com/fish/inada.html,0,6,0,5.83
2026-08-26,https://funatsuri-yoso.com/fish/isaki.html,0,2,0,8
2026-08-26,https://funatsuri-yoso.com/fish/ishimochi.html,0,1,0,10
2026-08-26,https://funatsuri-yoso.com/fish/kanpachi.html,0,9,0,8.33
2026-08-26,https://funatsuri-yoso.com/fish/karei.html,0,1,0,8
2026-08-26,https://funatsuri-yoso.com/fish/kasago.html,0,1,0,9
2026-08-26,https://funatsuri-yoso.com/fish/katsuo.html,0,26,0,8.65
2026-08-26,https://funatsuri-yoso.com/fish/kawahagi.html,0,4,0,8.5
2026-08-26,https://funatsuri-yoso.com/fish/kihada-maguro.html,0,2,0,4.5
2026-08-26,https://funatsuri-yoso.com/fish/kinmedai.html,0,3,0,5.67
2026-08-26,https://funatsuri-yoso.com/fish/kintoki.html,0,3,0,3.33
2026-08-26,https://funatsuri-yoso.com/fish/kurodai.html,0,2,0,6
2026-08-26,https://funatsuri-yoso.com/fish/kuromutsu.html,0,4,0,7.75
2026-08-26,https://funatsuri-yoso.com/fish/madako.html,0,3,0,9.67
2026-08-26,https://funatsuri-yoso.com/fish/magochi.html,0,11,0,6.73
2026-08-26,https://funatsuri-yoso.com/fish/maruika.html,0,9,0,13.22
2026-08-26,https://funatsuri-yoso.com/fish/mugiika.html,0,1,0,11
2026-08-26,https://funatsuri-yoso.com/fish/onikasago.html,0,1,0,24
2026-08-26,https://funatsuri-yoso.com/fish/saba.html,0,3,0,8.33
2026-08-26,https://funatsuri-yoso.com/fish/shima-aji.html,0,16,0,9
2026-08-26,https://funatsuri-yoso.com/fish/shiro-amadai.html,0,3,0,9
2026-08-26,https://funatsuri-yoso.com/fish/shousaifugu.html,0,1,0,11
2026-08-26,https://funatsuri-yoso.com/fish/tachiuo.html,0,21,0,6.9
2026-08-26,https://funatsuri-yoso.com/fish/torafugu.html,0,1,0,19
2026-08-26,https://funatsuri-yoso.com/fish/umeiro.html,0,1,0,7
2026-08-26,https://funatsuri-yoso.com/fish/warasa.html,0,10,0,7.7
2026-08-26,https://funatsuri-yoso.com/fish_area/aji-heiwajima.html,0,1,0,9
2026-08-26,https://funatsuri-yoso.com/fish_area/aji-kanaya.html,0,1,0,3
2026-08-26,https://funatsuri-yoso.com/fish_area/aji-kashima.html,0,1,0,10
2026-08-26,https://funatsuri-yoso.com/fish_area/aji-oiso.html,0,3,0,5.67
2026-08-26,https://funatsuri-yoso.com/fish_area/aoriika-kanaya.html,0,3,0,7.67
2026-08-26,https://funatsuri-yoso.com/fish_area/buri-shimoda.html,0,1,0,5
2026-08-26,https://funatsuri-yoso.com/fish_area/fugu-ohara.html,0,1,0,12
2026-08-26,https://funatsuri-yoso.com/fish_area/hiramasa-hiragata.html,1,2,0.5,3
2026-08-26,https://funatsuri-yoso.com/fish_area/hirame-hitachi-kuji.html,0,1,0,9
2026-08-26,https://funatsuri-yoso.com/fish_area/hirame-iioka.html,0,7,0,28.14
2026-08-26,https://funatsuri-yoso.com/fish_area/inada-oarai.html,0,1,0,1
2026-08-26,https://funatsuri-yoso.com/fish_area/kaiwari-usami.html,0,1,0,10
2026-08-26,https://funatsuri-yoso.com/fish_area/kanpachi-omaezaki.html,0,1,0,8
2026-08-26,https://funatsuri-yoso.com/fish_area/kasago-ohara.html,0,1,0,15
2026-08-26,https://funatsuri-yoso.com/fish_area/katsuo-odawara-hayakawa.html,1,1,1,2
2026-08-26,https://funatsuri-yoso.com/fish_area/kuromutsu-hiratsuka.html,0,2,0,10.5
2026-08-26,https://funatsuri-yoso.com/fish_area/madai-chigasaki.html,0,1,0,5
2026-08-26,https://funatsuri-yoso.com/fish_area/madai-ohara.html,0,2,0,8.5
2026-08-26,https://funatsuri-yoso.com/fish_area/madai-shimizu.html,0,1,0,8
2026-08-26,https://funatsuri-yoso.com/fish_area/madai-yui.html,0,1,0,9
2026-08-26,https://funatsuri-yoso.com/fish_area/magochi-edogawa.html,0,1,0,10
2026-08-26,https://funatsuri-yoso.com/fish_area/magochi-kashima.html,0,3,0,21.67
2026-08-26,https://funatsuri-yoso.com/fish_area/saba-koshigoe.html,0,1,0,9
2026-08-26,https://funatsuri-yoso.com/fish_area/sawara-kanazawa-hakkei.html,0,1,0,10
2026-08-26,https://funatsuri-yoso.com/fish_area/seabass-edogawa.html,0,2,0,6.5
2026-08-26,https://funatsuri-yoso.com/fish_area/shima-aji-aihama.html,0,1,0,12
2026-08-26,https://funatsuri-yoso.com/fish_area/shima-aji-ohara.html,1,12,0.083333,10.33
2026-08-26,https://funatsuri-yoso.com/fish_area/shousaifugu-ohara.html,0,1,0,19
2026-08-26,https://funatsuri-yoso.com/fish_area/tachiuo-fukuda.html,0,10,0,11.8
2026-08-26,https://funatsuri-yoso.com/fish_area/tachiuo-kurihama.html,0,2,0,1.5
2026-08-26,https://funatsuri-yoso.com/fish_area/tachiuo-yaizu-ogawa.html,0,1,0,11
2026-08-26,https://funatsuri-yoso.com/fish_area/warasa-matsuwa-maguchi.html,0,1,0,5
2026-08-26,https://funatsuri-yoso.com/fish_area/warasa-oarai.html,0,4,0,7
2026-08-26,https://funatsuri-yoso.com/pages/about.html,0,1,0,1
2026-08-26,https://funatsuri-yoso.com/ship/amasakeya-maru.html,0,2,0,23
2026-08-26,https://funatsuri-yoso.com/ship/bentenya.html,0,5,0,11.2
2026-08-26,https://funatsuri-yoso.com/ship/chigasaki-maru.html,0,1,0,15
2026-08-26,https://funatsuri-yoso.com/ship/fudo-maru.html,0,2,0,11
2026-08-26,https://funatsuri-yoso.com/ship/fuji-maru.html,0,1,0,10
2026-08-26,https://funatsuri-yoso.com/ship/fujin-maru.html,0,3,0,9.67
2026-08-26,https://funatsuri-yoso.com/ship/goro-maru.html,0,1,0,7
2026-08-26,https://funatsuri-yoso.com/ship/hamashin-maru.html,0,4,0,9.75
2026-08-26,https://funatsuri-yoso.com/ship/harumori-maru.html,0,1,0,11
2026-08-26,https://funatsuri-yoso.com/ship/irifune.html,0,1,0,9
2026-08-26,https://funatsuri-yoso.com/ship/ishida-maru.html,0,1,0,7
2026-08-26,https://funatsuri-yoso.com/ship/ka-maru.html,0,1,0,9
2026-08-26,https://funatsuri-yoso.com/ship/kamoshita-maru-kawana.html,0,1,0,10
2026-08-26,https://funatsuri-yoso.com/ship/kiheiji-maru.html,0,2,0,9.5
2026-08-26,https://funatsuri-yoso.com/ship/kikyu-maru.html,0,2,0,7
2026-08-26,https://funatsuri-yoso.com/ship/ko-maru-oiso.html,0,2,0,6.5
2026-08-26,https://funatsuri-yoso.com/ship/ko-maru.html,0,2,0,8.5
2026-08-26,https://funatsuri-yoso.com/ship/kurokawa-honke-kurihama.html,0,1,0,10
2026-08-26,https://funatsuri-yoso.com/ship/minosuke-maru.html,0,1,0,10
2026-08-26,https://funatsuri-yoso.com/ship/muramoto-kaiji.html,0,6,0,9.5
2026-08-26,https://funatsuri-yoso.com/ship/nissho-maru.html,0,2,0,11.5
2026-08-26,https://funatsuri-yoso.com/ship/omatsu-maru.html,0,1,0,10
2026-08-26,https://funatsuri-yoso.com/ship/onuki-maru.html,0,9,0,9
2026-08-26,https://funatsuri-yoso.com/ship/sashima-kairakuen.html,0,2,0,9.5
2026-08-26,https://funatsuri-yoso.com/ship/seisho-maru.html,0,1,0,8
2026-08-26,https://funatsuri-yoso.com/ship/shojiro-maru.html,0,19,0,11.37
2026-08-26,https://funatsuri-yoso.com/ship/shokai-maru.html,0,2,0,9
2026-08-26,https://funatsuri-yoso.com/ship/taiko-maru.html,0,6,0,9.17
2026-08-26,https://funatsuri-yoso.com/ship/taro-maru.html,0,2,0,10
2026-08-26,https://funatsuri-yoso.com/ship/tomo-maru.html,0,1,0,9
2026-08-26,https://funatsuri-yoso.com/ship/tsuribune-tsuru.html,0,3,0,7.33
2026-08-26,https://funatsuri-yoso.com/ship/yamashita-maru.html,0,1,0,4
2026-08-26,https://funatsuri-yoso.com/ship/yuko-maru-iioka.html,0,1,0,10
2026-08-26,https://funatsuri-yoso.com/x_post/,0,2,0,33
2026-08-26,https://funatsuri-yoso.com/x_post/2026-08-20.html,1,1,1,4
2026-08-26,https://funatsuri-yoso.com/x_post/2026-08-22.html,0,1,0,9
2026-08-27,https://funatsuri-yoso.com/,0,18,0,9.72
2026-08-27,https://funatsuri-yoso.com/area/amatsu.html,0,14,0,7.86
2026-08-27,https://funatsuri-yoso.com/area/atami-port.html,0,4,0,8.25
2026-08-27,https://funatsuri-yoso.com/area/enoura.html,0,6,0,3.67
2026-08-27,https://funatsuri-yoso.com/area/fukuura-yugawara.html,0,5,0,7.4
2026-08-27,https://funatsuri-yoso.com/area/futtsu.html,0,15,0,13.8
2026-08-27,https://funatsuri-yoso.com/area/hasaki-shinko.html,0,4,0,8.5
2026-08-27,https://funatsuri-yoso.com/area/hayakawa.html,0,2,0,9
2026-08-27,https://funatsuri-yoso.com/area/hiratsuka.html,0,3,0,11
2026-08-27,https://funatsuri-yoso.com/area/hitachi-kuji.html,0,1,0,10
2026-08-27,https://funatsuri-yoso.com/area/iioka.html,0,45,0,9.16
2026-08-27,https://funatsuri-yoso.com/area/ito-shi.html,0,1,0,12
2026-08-27,https://funatsuri-yoso.com/area/kamoi-omuro.html,0,1,0,8
2026-08-27,https://funatsuri-yoso.com/area/kanaya.html,2,44,0.045455,7.25
2026-08-27,https://funatsuri-yoso.com/area/kanazawa-hakkei.html,0,4,0,24.25
2026-08-27,https://funatsuri-yoso.com/area/katsuura.html,0,51,0,8.55
2026-08-27,https://funatsuri-yoso.com/area/koshiba.html,0,3,0,6
2026-08-27,https://funatsuri-yoso.com/area/kuryo.html,1,9,0.111111,6.78
2026-08-27,https://funatsuri-yoso.com/area/manazuru-port.html,0,1,0,6
2026-08-27,https://funatsuri-yoso.com/area/matsuwa-maguchi.html,1,1,1,27
2026-08-27,https://funatsuri-yoso.com/area/nakaminato.html,0,2,0,7.5
2026-08-27,https://funatsuri-yoso.com/area/oarai.html,0,6,0,7.83
2026-08-27,https://funatsuri-yoso.com/area/ohara.html,0,7,0,10.71
2026-08-27,https://funatsuri-yoso.com/area/oiso.html,0,3,0,5.33
2026-08-27,https://funatsuri-yoso.com/area/onjuku-iwawada.html,0,2,0,46.5
2026-08-27,https://funatsuri-yoso.com/area/otsu.html,0,2,0,8.5
2026-08-27,https://funatsuri-yoso.com/area/sajima.html,0,2,0,14.5
2026-08-27,https://funatsuri-yoso.com/area/samezu-katsushima.html,0,1,0,5
2026-08-27,https://funatsuri-yoso.com/area/shin-imaibashi.html,0,2,0,4
2026-08-27,https://funatsuri-yoso.com/area/shizuura.html,2,28,0.071429,7.04
2026-08-27,https://funatsuri-yoso.com/area/susaki.html,0,1,0,3
2026-08-27,https://funatsuri-yoso.com/area/urayasu.html,0,1,0,7
2026-08-27,https://funatsuri-yoso.com/area/usami.html,0,3,0,5.33
2026-08-27,https://funatsuri-yoso.com/area/yaizu.html,0,4,0,6.75
2026-08-27,https://funatsuri-yoso.com/area/yokohama-shinyamashita.html,0,2,0,6
2026-08-27,https://funatsuri-yoso.com/area/yoshida.html,0,1,0,11
2026-08-27,https://funatsuri-yoso.com/calendar.html,0,79,0,7.47
2026-08-27,https://funatsuri-yoso.com/fish/abura-bouzu.html,0,1,0,6
2026-08-27,https://funatsuri-yoso.com/fish/aji.html,0,15,0,12.27
2026-08-27,https://funatsuri-yoso.com/fish/amadai.html,0,5,0,6.4
2026-08-27,https://funatsuri-yoso.com/fish/aoriika.html,0,12,0,9.25
2026-08-27,https://funatsuri-yoso.com/fish/ara.html,0,3,0,5.67
2026-08-27,https://funatsuri-yoso.com/fish/bishi-aji.html,0,2,0,5.5
2026-08-27,https://funatsuri-yoso.com/fish/hanadai.html,1,1,1,11
2026-08-27,https://funatsuri-yoso.com/fish/hiramasa.html,0,2,0,6.5
2026-08-27,https://funatsuri-yoso.com/fish/hirame.html,0,1,0,5
2026-08-27,https://funatsuri-yoso.com/fish/houbou.html,0,1,0,10
2026-08-27,https://funatsuri-yoso.com/fish/inada.html,1,11,0.090909,8
2026-08-27,https://funatsuri-yoso.com/fish/kamasu.html,0,1,0,5
2026-08-27,https://funatsuri-yoso.com/fish/kanpachi.html,0,11,0,8.73
2026-08-27,https://funatsuri-yoso.com/fish/karei.html,0,2,0,22
2026-08-27,https://funatsuri-yoso.com/fish/katsuo.html,0,28,0,8.96
2026-08-27,https://funatsuri-yoso.com/fish/kawahagi.html,0,6,0,8
2026-08-27,https://funatsuri-yoso.com/fish/kinmedai.html,0,5,0,8
2026-08-27,https://funatsuri-yoso.com/fish/kintoki.html,0,1,0,11
2026-08-27,https://funatsuri-yoso.com/fish/kurodai.html,0,1,0,6
2026-08-27,https://funatsuri-yoso.com/fish/kuromutsu.html,0,3,0,8.67
2026-08-27,https://funatsuri-yoso.com/fish/madai.html,0,3,0,5
2026-08-27,https://funatsuri-yoso.com/fish/madako.html,0,8,0,7.75
2026-08-27,https://funatsuri-yoso.com/fish/magochi.html,0,9,0,11.11
2026-08-27,https://funatsuri-yoso.com/fish/maruika.html,0,7,0,8.43
2026-08-27,https://funatsuri-yoso.com/fish/mongoika.html,0,1,0,5
2026-08-27,https://funatsuri-yoso.com/fish/saba.html,0,1,0,8
2026-08-27,https://funatsuri-yoso.com/fish/shiira.html,0,3,0,8.33
2026-08-27,https://funatsuri-yoso.com/fish/shima-aji.html,1,11,0.090909,9
2026-08-27,https://funatsuri-yoso.com/fish/shousaifugu.html,0,1,0,11
2026-08-27,https://funatsuri-yoso.com/fish/sumiika.html,0,2,0,3
2026-08-27,https://funatsuri-yoso.com/fish/tachiuo.html,0,10,0,9
2026-08-27,https://funatsuri-yoso.com/fish/torafugu.html,0,1,0,10
2026-08-27,https://funatsuri-yoso.com/fish/warasa.html,0,10,0,6.3
2026-08-27,https://funatsuri-yoso.com/fish/yariika.html,0,2,0,17.5
2026-08-27,https://funatsuri-yoso.com/fish_area/aji-chigasaki.html,0,1,0,8
2026-08-27,https://funatsuri-yoso.com/fish_area/aji-fukuda.html,0,3,0,17
2026-08-27,https://funatsuri-yoso.com/fish_area/aji-iioka.html,0,1,0,10
2026-08-27,https://funatsuri-yoso.com/fish_area/aji-kotsubo.html,0,1,0,4
2026-08-27,https://funatsuri-yoso.com/fish_area/aji-oiso.html,0,1,0,8
2026-08-27,https://funatsuri-yoso.com/fish_area/aji-urayasu.html,0,1,0,10
2026-08-27,https://funatsuri-yoso.com/fish_area/amadai-hitachi-kuji.html,0,4,0,7.75
2026-08-27,https://funatsuri-yoso.com/fish_area/amadai-matsuwa-ena.html,0,1,0,11
2026-08-27,https://funatsuri-yoso.com/fish_area/aoriika-kanaya.html,0,4,0,9.25
2026-08-27,https://funatsuri-yoso.com/fish_area/bishi-aji-odawara-hayakawa.html,0,1,0,6
2026-08-27,https://funatsuri-yoso.com/fish_area/fugu-kashima.html,0,1,0,9
2026-08-27,https://funatsuri-yoso.com/fish_area/fugu-urayasu.html,0,1,0,3
2026-08-27,https://funatsuri-yoso.com/fish_area/hirame-iioka.html,0,2,0,13
2026-08-27,https://funatsuri-yoso.com/fish_area/hirame-kashima.html,0,1,0,4
2026-08-27,https://funatsuri-yoso.com/fish_area/inada-hiratsuka.html,0,1,0,4
2026-08-27,https://funatsuri-yoso.com/fish_area/inada-kashima.html,0,1,0,8
2026-08-27,https://funatsuri-yoso.com/fish_area/isaki-kuryo.html,0,5,0,10.4
2026-08-27,https://funatsuri-yoso.com/fish_area/kaiwari-usami.html,0,2,0,5.5
2026-08-27,https://funatsuri-yoso.com/fish_area/kasago-sajima.html,0,1,0,6
2026-08-27,https://funatsuri-yoso.com/fish_area/katsuo-odawara-hayakawa.html,0,1,0,13
2026-08-27,https://funatsuri-yoso.com/fish_area/madai-ajiro-port.html,0,1,0,10
2026-08-27,https://funatsuri-yoso.com/fish_area/madai-hitachi-kuji.html,0,3,0,8
2026-08-27,https://funatsuri-yoso.com/fish_area/madai-ohara.html,0,1,0,9
2026-08-27,https://funatsuri-yoso.com/fish_area/madai-ose.html,0,1,0,6
2026-08-27,https://funatsuri-yoso.com/fish_area/madako-kanazawa-hakkei.html,0,1,0,8
2026-08-27,https://funatsuri-yoso.com/fish_area/magochi-kashima.html,2,2,1,5
2026-08-27,https://funatsuri-yoso.com/fish_area/sawara-kanazawa-hakkei.html,0,1,0,6
2026-08-27,https://funatsuri-yoso.com/fish_area/shima-aji-ohara.html,0,18,0,7.67
2026-08-27,https://funatsuri-yoso.com/fish_area/shirogisu-kanazawa-hakkei.html,0,1,0,3
2026-08-27,https://funatsuri-yoso.com/fish_area/shousaifugu-ohara.html,0,1,0,5
2026-08-27,https://funatsuri-yoso.com/fish_area/sumiika-shin-imaibashi.html,0,1,0,5
2026-08-27,https://funatsuri-yoso.com/fish_area/tachiuo-fukuda.html,2,9,0.222222,8
2026-08-27,https://funatsuri-yoso.com/fish_area/tachiuo-yokohama-shinyamashita.html,0,1,0,8
2026-08-27,https://funatsuri-yoso.com/fish_area/warasa-matsuwa-ena.html,1,2,0.5,6
2026-08-27,https://funatsuri-yoso.com/pages/about.html,0,1,0,10
2026-08-27,https://funatsuri-yoso.com/ship/amasakeya-maru.html,0,1,0,5
2026-08-27,https://funatsuri-yoso.com/ship/baika-maru.html,0,4,0,8.25
2026-08-27,https://funatsuri-yoso.com/ship/bentenya.html,0,7,0,11.57
2026-08-27,https://funatsuri-yoso.com/ship/blue-dragon.html,0,1,0,5
2026-08-27,https://funatsuri-yoso.com/ship/chigasaki-maru.html,0,8,0,12.75
2026-08-27,https://funatsuri-yoso.com/ship/fudo-maru.html,0,1,0,9
2026-08-27,https://funatsuri-yoso.com/ship/fuji-maru.html,0,1,0,6
2026-08-27,https://funatsuri-yoso.com/ship/fujin-maru.html,0,1,0,10
2026-08-27,https://funatsuri-yoso.com/ship/hamashin-maru.html,0,3,0,8.33
2026-08-27,https://funatsuri-yoso.com/ship/kiheiji-maru.html,0,1,0,24
2026-08-27,https://funatsuri-yoso.com/ship/kikyu-maru.html,0,2,0,9.5
2026-08-27,https://funatsuri-yoso.com/ship/ko-maru-oiso.html,0,1,0,11
2026-08-27,https://funatsuri-yoso.com/ship/ko-maru.html,0,36,0,7.86
2026-08-27,https://funatsuri-yoso.com/ship/koryo-maru-hitachi.html,0,1,0,9
2026-08-27,https://funatsuri-yoso.com/ship/marubachi.html,0,1,0,10
2026-08-27,https://funatsuri-yoso.com/ship/minosuke-maru.html,0,2,0,8
2026-08-27,https://funatsuri-yoso.com/ship/moki-maru.html,0,2,0,9.5
2026-08-27,https://funatsuri-yoso.com/ship/muramoto-kaiji.html,0,4,0,9.25
2026-08-27,https://funatsuri-yoso.com/ship/nissho-maru.html,0,5,0,7.8
2026-08-27,https://funatsuri-yoso.com/ship/nogeya-tsuribuneten.html,0,1,0,9
2026-08-27,https://funatsuri-yoso.com/ship/oharu-maru.html,0,1,0,10
2026-08-27,https://funatsuri-yoso.com/ship/sashima-kairakuen.html,0,2,0,12
2026-08-27,https://funatsuri-yoso.com/ship/seisho-maru.html,0,1,0,9
2026-08-27,https://funatsuri-yoso.com/ship/shojiro-maru.html,0,8,0,9.75
2026-08-27,https://funatsuri-yoso.com/ship/shokai-maru.html,0,4,0,6
2026-08-27,https://funatsuri-yoso.com/ship/taiko-maru.html,0,7,0,8.86
2026-08-27,https://funatsuri-yoso.com/ship/taro-maru.html,0,2,0,10.5
2026-08-27,https://funatsuri-yoso.com/ship/tomo-maru.html,0,2,0,10
2026-08-27,https://funatsuri-yoso.com/ship/yamadai-maru.html,0,1,0,6
2026-08-27,https://funatsuri-yoso.com/ship/yamashita-maru.html,0,2,0,10
2026-08-27,https://funatsuri-yoso.com/ship/yonemoto-tsuribuneten.html,0,2,0,8.5
2026-08-27,https://funatsuri-yoso.com/ship/yosei-maru.html,0,6,0,7.17
2026-08-27,https://funatsuri-yoso.com/ship/yuko-maru-iioka.html,0,1,0,4
2026-08-27,https://funatsuri-yoso.com/x_post/,0,2,0,65
2026-08-27,https://funatsuri-yoso.com/x_post/2026-06-22.html,0,1,0,3
2026-08-27,https://funatsuri-yoso.com/x_post/2026-07-08.html,0,1,0,4
2026-08-28,https://funatsuri-yoso.com/,0,19,0,9.53
2026-08-28,https://funatsuri-yoso.com/area/,0,1,0,58
2026-08-28,https://funatsuri-yoso.com/area/ajiro-port.html,0,2,0,5
2026-08-28,https://funatsuri-yoso.com/area/amatsu.html,0,10,0,7.9
2026-08-28,https://funatsuri-yoso.com/area/arari.html,1,2,0.5,5.5
2026-08-28,https://funatsuri-yoso.com/area/atami-port.html,0,1,0,43
2026-08-28,https://funatsuri-yoso.com/area/edogawa.html,0,2,0,11
2026-08-28,https://funatsuri-yoso.com/area/emi.html,0,1,0,6
2026-08-28,https://funatsuri-yoso.com/area/enoura.html,0,9,0,6.44
2026-08-28,https://funatsuri-yoso.com/area/fukuura-yugawara.html,0,3,0,9
2026-08-28,https://funatsuri-yoso.com/area/futtsu.html,0,5,0,6.8
2026-08-28,https://funatsuri-yoso.com/area/hasaki-shinko.html,0,4,0,9
2026-08-28,https://funatsuri-yoso.com/area/hiratsuka.html,0,3,0,11
2026-08-28,https://funatsuri-yoso.com/area/iioka.html,0,68,0,6.07
2026-08-28,https://funatsuri-yoso.com/area/kanaya.html,3,40,0.075,7.35
2026-08-28,https://funatsuri-yoso.com/area/kanazawa-hakkei.html,0,4,0,27
2026-08-28,https://funatsuri-yoso.com/area/kashima.html,0,1,0,21
2026-08-28,https://funatsuri-yoso.com/area/katakai.html,0,1,0,19
2026-08-28,https://funatsuri-yoso.com/area/katsuura.html,0,45,0,7.84
2026-08-28,https://funatsuri-yoso.com/area/koshigoe.html,0,1,0,11
2026-08-28,https://funatsuri-yoso.com/area/kurihama.html,0,1,0,55
2026-08-28,https://funatsuri-yoso.com/area/kuryo.html,0,9,0,7.78
2026-08-28,https://funatsuri-yoso.com/area/matsuwa-ena.html,0,1,0,9
2026-08-28,https://funatsuri-yoso.com/area/nagai.html,0,1,0,8
2026-08-28,https://funatsuri-yoso.com/area/nakaminato.html,0,3,0,10.33
2026-08-28,https://funatsuri-yoso.com/area/oarai.html,0,2,0,10.5
2026-08-28,https://funatsuri-yoso.com/area/odawara-hayakawa.html,0,1,0,16
2026-08-28,https://funatsuri-yoso.com/area/ohara.html,0,1,0,11
2026-08-28,https://funatsuri-yoso.com/area/oiso.html,0,4,0,5.5
2026-08-28,https://funatsuri-yoso.com/area/onjuku-iwawada.html,0,1,0,8
2026-08-28,https://funatsuri-yoso.com/area/otsu.html,0,3,0,9
2026-08-28,https://funatsuri-yoso.com/area/samezu-katsushima.html,0,1,0,6
2026-08-28,https://funatsuri-yoso.com/area/shizuura.html,0,27,0,6.52
2026-08-28,https://funatsuri-yoso.com/area/susaki.html,0,2,0,10
2026-08-28,https://funatsuri-yoso.com/area/usami.html,0,3,0,12.33
2026-08-28,https://funatsuri-yoso.com/area/yaizu.html,0,8,0,6.5
2026-08-28,https://funatsuri-yoso.com/area/yokohama-shinyamashita.html,0,2,0,9.5
2026-08-28,https://funatsuri-yoso.com/area/yokohama.html,0,1,0,6
2026-08-28,https://funatsuri-yoso.com/calendar.html,0,54,0,8.11
2026-08-28,https://funatsuri-yoso.com/fish/,0,1,0,8
2026-08-28,https://funatsuri-yoso.com/fish/abura-bouzu.html,0,1,0,5
2026-08-28,https://funatsuri-yoso.com/fish/aji.html,0,10,0,8.2
2026-08-28,https://funatsuri-yoso.com/fish/akamutsu.html,0,1,0,5
2026-08-28,https://funatsuri-yoso.com/fish/amadai.html,3,5,0.6,6.8
2026-08-28,https://funatsuri-yoso.com/fish/anago.html,0,2,0,8.5
2026-08-28,https://funatsuri-yoso.com/fish/aoriika.html,0,10,0,9
2026-08-28,https://funatsuri-yoso.com/fish/ara.html,0,3,0,8.67
2026-08-28,https://funatsuri-yoso.com/fish/bishi-aji.html,0,2,0,9
2026-08-28,https://funatsuri-yoso.com/fish/hanadai.html,0,2,0,7
2026-08-28,https://funatsuri-yoso.com/fish/hiramasa.html,0,1,0,7
2026-08-28,https://funatsuri-yoso.com/fish/inada.html,0,12,0,7.42
2026-08-28,https://funatsuri-yoso.com/fish/isaki.html,0,1,0,8
2026-08-28,https://funatsuri-yoso.com/fish/ishimochi.html,0,2,0,2.5
2026-08-28,https://funatsuri-yoso.com/fish/kamasu.html,0,1,0,7
2026-08-28,https://funatsuri-yoso.com/fish/kanpachi.html,0,3,0,14.33
2026-08-28,https://funatsuri-yoso.com/fish/karei.html,0,3,0,5.33
2026-08-28,https://funatsuri-yoso.com/fish/katsuo.html,0,17,0,9.65
2026-08-28,https://funatsuri-yoso.com/fish/kawahagi.html,0,5,0,8.2
2026-08-28,https://funatsuri-yoso.com/fish/kinmedai.html,0,2,0,9
2026-08-28,https://funatsuri-yoso.com/fish/kurodai.html,0,1,0,9
2026-08-28,https://funatsuri-yoso.com/fish/kuromutsu.html,0,2,0,6.5
2026-08-28,https://funatsuri-yoso.com/fish/madako.html,0,11,0,8.09
2026-08-28,https://funatsuri-yoso.com/fish/magochi.html,0,9,0,6.67
2026-08-28,https://funatsuri-yoso.com/fish/mugiika.html,0,4,0,7.75
2026-08-28,https://funatsuri-yoso.com/fish/onikasago.html,0,1,0,1
2026-08-28,https://funatsuri-yoso.com/fish/saba.html,0,3,0,6.67
2026-08-28,https://funatsuri-yoso.com/fish/shiira.html,0,2,0,7
2026-08-28,https://funatsuri-yoso.com/fish/shima-aji.html,0,13,0,8.46
2026-08-28,https://funatsuri-yoso.com/fish/shousaifugu.html,0,2,0,9.5
2026-08-28,https://funatsuri-yoso.com/fish/sumiika.html,0,1,0,6
2026-08-28,https://funatsuri-yoso.com/fish/tachiuo.html,0,5,0,8
2026-08-28,https://funatsuri-yoso.com/fish/warasa.html,0,9,0,6.78
2026-08-28,https://funatsuri-yoso.com/fish/yariika.html,0,1,0,2
2026-08-28,https://funatsuri-yoso.com/fish_area/aji-kanazawa-gyoko.html,0,1,0,8
2026-08-28,https://funatsuri-yoso.com/fish_area/aji-kashima.html,0,2,0,9
2026-08-28,https://funatsuri-yoso.com/fish_area/aji-omaezaki.html,0,1,0,6
2026-08-28,https://funatsuri-yoso.com/fish_area/aoriika-kanaya.html,0,1,0,7
2026-08-28,https://funatsuri-yoso.com/fish_area/ara-hasaki.html,0,1,0,9
2026-08-28,https://funatsuri-yoso.com/fish_area/ara-togawa.html,0,1,0,11
2026-08-28,https://funatsuri-yoso.com/fish_area/buri-shimoda.html,0,1,0,7
2026-08-28,https://funatsuri-yoso.com/fish_area/fugu-kashima.html,0,1,0,8
2026-08-28,https://funatsuri-yoso.com/fish_area/hata-omaezaki.html,0,1,0,11
2026-08-28,https://funatsuri-yoso.com/fish_area/hirame-iioka.html,0,4,0,15.75
2026-08-28,https://funatsuri-yoso.com/fish_area/hirame-oarai.html,0,1,0,27
2026-08-28,https://funatsuri-yoso.com/fish_area/inada-hiratsuka.html,0,3,0,5.67
2026-08-28,https://funatsuri-yoso.com/fish_area/inada-kashima.html,0,1,0,7
2026-08-28,https://funatsuri-yoso.com/fish_area/isaki-fukuda.html,0,1,0,8
2026-08-28,https://funatsuri-yoso.com/fish_area/isaki-kuryo.html,0,1,0,10
2026-08-28,https://funatsuri-yoso.com/fish_area/kaiwari-usami.html,0,1,0,16
2026-08-28,https://funatsuri-yoso.com/fish_area/kasago-kanazawa-hakkei.html,0,2,0,8
2026-08-28,https://funatsuri-yoso.com/fish_area/kinmedai-kotsubo.html,1,1,1,15
2026-08-28,https://funatsuri-yoso.com/fish_area/madai-%E6%B1%9F%E8%A6%8B%E6%BC%81%E6%B8%AF.html,0,1,0,5
2026-08-28,https://funatsuri-yoso.com/fish_area/madai-chigasaki.html,0,1,0,2
2026-08-28,https://funatsuri-yoso.com/fish_area/madai-hitachi-kuji.html,0,1,0,16
2026-08-28,https://funatsuri-yoso.com/fish_area/magochi-kashima.html,1,5,0.2,4.8
2026-08-28,https://funatsuri-yoso.com/fish_area/saba-koshigoe.html,0,1,0,6
2026-08-28,https://funatsuri-yoso.com/fish_area/shima-aji-ohara.html,0,5,0,8
2026-08-28,https://funatsuri-yoso.com/fish_area/shirogisu-yokohama.html,0,1,0,10
2026-08-28,https://funatsuri-yoso.com/fish_area/shousaifugu-ohara.html,0,1,0,8
2026-08-28,https://funatsuri-yoso.com/fish_area/tachiuo-fukuda.html,0,7,0,7.57
2026-08-28,https://funatsuri-yoso.com/fish_area/tachiuo-yaizu-ogawa.html,0,1,0,7
2026-08-28,https://funatsuri-yoso.com/fish_area/tachiuo-yokohama-shinyamashita.html,0,1,0,7
2026-08-28,https://funatsuri-yoso.com/fish_area/warasa-hasaki.html,0,1,0,4
2026-08-28,https://funatsuri-yoso.com/fish_area/warasa-matsuwa-ena.html,0,1,0,4
2026-08-28,https://funatsuri-yoso.com/pages/about.html,0,1,0,6
2026-08-28,https://funatsuri-yoso.com/ship/baika-maru.html,0,2,0,7.5
2026-08-28,https://funatsuri-yoso.com/ship/bentenya.html,0,5,0,17.4
2026-08-28,https://funatsuri-yoso.com/ship/chigasaki-maru.html,0,4,0,12
2026-08-28,https://funatsuri-yoso.com/ship/daisan-kariyushi-maru.html,0,1,0,11
2026-08-28,https://funatsuri-yoso.com/ship/dengoro-maru.html,0,1,0,8
2026-08-28,https://funatsuri-yoso.com/ship/fudo-maru.html,0,2,0,9
2026-08-28,https://funatsuri-yoso.com/ship/fujin-maru.html,0,2,0,10
2026-08-28,https://funatsuri-yoso.com/ship/goro-maru.html,0,1,0,10
2026-08-28,https://funatsuri-yoso.com/ship/hamasei-maru.html,0,1,0,7
2026-08-28,https://funatsuri-yoso.com/ship/hamashin-maru.html,0,5,0,7.2
2026-08-28,https://funatsuri-yoso.com/ship/harumori-maru.html,0,1,0,7
2026-08-28,https://funatsuri-yoso.com/ship/kazuhiko-maru.html,0,2,0,5
2026-08-28,https://funatsuri-yoso.com/ship/kiheiji-maru.html,0,5,0,9.2
2026-08-28,https://funatsuri-yoso.com/ship/ko-maru-oiso.html,0,3,0,6.67
2026-08-28,https://funatsuri-yoso.com/ship/ko-maru.html,0,52,0,7.94
2026-08-28,https://funatsuri-yoso.com/ship/kyuju-maru.html,0,1,0,11
2026-08-28,https://funatsuri-yoso.com/ship/masanobu-maru.html,0,1,0,10
2026-08-28,https://funatsuri-yoso.com/ship/minosuke-maru.html,0,1,0,8
2026-08-28,https://funatsuri-yoso.com/ship/muramoto-kaiji.html,0,4,0,9.25
2026-08-28,https://funatsuri-yoso.com/ship/nissho-maru.html,0,4,0,8.75
2026-08-28,https://funatsuri-yoso.com/ship/nogeya-tsuribuneten.html,0,1,0,8
2026-08-28,https://funatsuri-yoso.com/ship/oharu-maru.html,0,3,0,8.67
2026-08-28,https://funatsuri-yoso.com/ship/sashima-kairakuen.html,0,3,0,10.33
2026-08-28,https://funatsuri-yoso.com/ship/seisho-maru.html,0,1,0,10
2026-08-28,https://funatsuri-yoso.com/ship/shinko-maru.html,0,2,0,12
2026-08-28,https://funatsuri-yoso.com/ship/shintoku-maru.html,0,2,0,9.5
2026-08-28,https://funatsuri-yoso.com/ship/shojiro-maru.html,0,6,0,12.83
2026-08-28,https://funatsuri-yoso.com/ship/shokai-maru.html,0,5,0,7.4
2026-08-28,https://funatsuri-yoso.com/ship/taiko-maru.html,0,6,0,8.5
2026-08-28,https://funatsuri-yoso.com/ship/taro-maru.html,0,1,0,11
2026-08-28,https://funatsuri-yoso.com/ship/tomo-maru.html,0,2,0,8
2026-08-28,https://funatsuri-yoso.com/ship/yamadai-maru.html,0,1,0,12
2026-08-28,https://funatsuri-yoso.com/ship/yamaten-maru.html,0,1,0,20
2026-08-28,https://funatsuri-yoso.com/ship/yosei-maru.html,0,3,0,8.33
2026-08-28,https://funatsuri-yoso.com/x_post/,0,1,0,78
2026-08-28,https://funatsuri-yoso.com/x_post/2026-08-02.html,0,1,0,5
2026-08-28,https://funatsuri-yoso.com/x_post/2026-08-09.html,0,1,0,10
2026-08-28,https://funatsuri-yoso.com/x_post/2026-08-19.html,0,1,0,8
2026-08-29,https://funatsuri-yoso.com/,0,10,0,5.8
2026-08-29,https://funatsuri-yoso.com/area/ajiro-port.html,0,4,0,14.25
2026-08-29,https://funatsuri-yoso.com/area/amatsu.html,0,5,0,7
2026-08-29,https://funatsuri-yoso.com/area/atami-port.html,0,1,0,11
2026-08-29,https://funatsuri-yoso.com/area/enoura.html,0,5,0,10
2026-08-29,https://funatsuri-yoso.com/area/fukuura-yugawara.html,0,3,0,9.33
2026-08-29,https://funatsuri-yoso.com/area/futtsu-oki.html,0,2,0,11
2026-08-29,https://funatsuri-yoso.com/area/futtsu.html,0,1,0,4
2026-08-29,https://funatsuri-yoso.com/area/hasaki-shinko.html,0,6,0,8.33
2026-08-29,https://funatsuri-yoso.com/area/hiratsuka.html,0,2,0,28
2026-08-29,https://funatsuri-yoso.com/area/hitachi-kuji.html,0,1,0,10
2026-08-29,https://funatsuri-yoso.com/area/iioka.html,2,64,0.03125,6.75
2026-08-29,https://funatsuri-yoso.com/area/kanaya.html,2,54,0.037037,7.74
2026-08-29,https://funatsuri-yoso.com/area/kanazawa-hakkei.html,0,2,0,72
2026-08-29,https://funatsuri-yoso.com/area/kashima.html,0,3,0,11.67
2026-08-29,https://funatsuri-yoso.com/area/katsuura-kawazu.html,0,1,0,10
2026-08-29,https://funatsuri-yoso.com/area/katsuura.html,1,58,0.017241,6.81
2026-08-29,https://funatsuri-yoso.com/area/koshiba.html,0,2,0,10
2026-08-29,https://funatsuri-yoso.com/area/koshigoe.html,0,3,0,8.33
2026-08-29,https://funatsuri-yoso.com/area/kotsubo.html,0,1,0,24
2026-08-29,https://funatsuri-yoso.com/area/kuryo.html,0,12,0,7.08
2026-08-29,https://funatsuri-yoso.com/area/manazuru-port.html,0,4,0,7
2026-08-29,https://funatsuri-yoso.com/area/matsuzaki.html,0,2,0,4
2026-08-29,https://funatsuri-yoso.com/area/nakaminato.html,0,3,0,8
2026-08-29,https://funatsuri-yoso.com/area/oarai.html,0,7,0,8.86
2026-08-29,https://funatsuri-yoso.com/area/odawara-hayakawa.html,0,1,0,7
2026-08-29,https://funatsuri-yoso.com/area/ohara.html,0,3,0,10.33
2026-08-29,https://funatsuri-yoso.com/area/omaezaki.html,0,1,0,6
2026-08-29,https://funatsuri-yoso.com/area/onjuku-iwawada.html,0,4,0,11.5
2026-08-29,https://funatsuri-yoso.com/area/ose.html,0,2,0,8.5
2026-08-29,https://funatsuri-yoso.com/area/otsu.html,0,2,0,5.5
2026-08-29,https://funatsuri-yoso.com/area/sajima.html,0,1,0,20
2026-08-29,https://funatsuri-yoso.com/area/samezu-katsushima.html,0,1,0,5
2026-08-29,https://funatsuri-yoso.com/area/shizuura.html,0,15,0,7
2026-08-29,https://funatsuri-yoso.com/area/urayasu.html,0,1,0,4
2026-08-29,https://funatsuri-yoso.com/area/usami.html,0,4,0,7.5
2026-08-29,https://funatsuri-yoso.com/area/yaizu.html,0,5,0,6
2026-08-29,https://funatsuri-yoso.com/calendar.html,1,37,0.027027,13.24
2026-08-29,https://funatsuri-yoso.com/fish/,0,1,0,5
2026-08-29,https://funatsuri-yoso.com/fish/abura-bouzu.html,0,2,0,9.5
2026-08-29,https://funatsuri-yoso.com/fish/aji.html,0,6,0,9.5
2026-08-29,https://funatsuri-yoso.com/fish/amadai.html,1,2,0.5,19.5
2026-08-29,https://funatsuri-yoso.com/fish/aoriika.html,0,8,0,8.12
2026-08-29,https://funatsuri-yoso.com/fish/ara.html,0,1,0,4
2026-08-29,https://funatsuri-yoso.com/fish/bishi-aji.html,1,1,1,2
2026-08-29,https://funatsuri-yoso.com/fish/hirame.html,0,2,0,7
2026-08-29,https://funatsuri-yoso.com/fish/inada.html,0,6,0,7
2026-08-29,https://funatsuri-yoso.com/fish/ishidai.html,0,1,0,9
2026-08-29,https://funatsuri-yoso.com/fish/ishimochi.html,0,1,0,7
2026-08-29,https://funatsuri-yoso.com/fish/kamasu.html,0,3,0,8
2026-08-29,https://funatsuri-yoso.com/fish/kanpachi.html,0,10,0,8.8
2026-08-29,https://funatsuri-yoso.com/fish/karei.html,0,1,0,1
2026-08-29,https://funatsuri-yoso.com/fish/kasago.html,0,1,0,7
2026-08-29,https://funatsuri-yoso.com/fish/katsuo.html,0,18,0,8.22
2026-08-29,https://funatsuri-yoso.com/fish/kawahagi.html,1,9,0.111111,15.33
2026-08-29,https://funatsuri-yoso.com/fish/kinmedai.html,0,1,0,5
2026-08-29,https://funatsuri-yoso.com/fish/kintoki.html,0,1,0,8
2026-08-29,https://funatsuri-yoso.com/fish/kurodai.html,1,2,0.5,6
2026-08-29,https://funatsuri-yoso.com/fish/kuromutsu.html,0,2,0,9.5
2026-08-29,https://funatsuri-yoso.com/fish/madai.html,0,1,0,6
2026-08-29,https://funatsuri-yoso.com/fish/madako.html,0,9,0,10.56
2026-08-29,https://funatsuri-yoso.com/fish/magochi.html,1,8,0.125,6.38
2026-08-29,https://funatsuri-yoso.com/fish/maruika.html,0,6,0,8.67
2026-08-29,https://funatsuri-yoso.com/fish/saba.html,0,1,0,10
2026-08-29,https://funatsuri-yoso.com/fish/shiira.html,0,3,0,5.33
2026-08-29,https://funatsuri-yoso.com/fish/shima-aji.html,2,12,0.166667,6.75
2026-08-29,https://funatsuri-yoso.com/fish/shiro-amadai.html,0,1,0,31
2026-08-29,https://funatsuri-yoso.com/fish/sumiika.html,0,1,0,6
2026-08-29,https://funatsuri-yoso.com/fish/surumeika.html,0,1,0,7
2026-08-29,https://funatsuri-yoso.com/fish/tachiuo.html,0,4,0,9.25
2026-08-29,https://funatsuri-yoso.com/fish/umeiro.html,0,2,0,11
2026-08-29,https://funatsuri-yoso.com/fish/warasa.html,0,5,0,7.4
2026-08-29,https://funatsuri-yoso.com/fish/yariika.html,0,2,0,11
2026-08-29,https://funatsuri-yoso.com/fish_area/aji-chigasaki.html,0,1,0,7
2026-08-29,https://funatsuri-yoso.com/fish_area/aji-iioka.html,0,1,0,9
2026-08-29,https://funatsuri-yoso.com/fish_area/aji-kamoi-omuro.html,0,4,0,8
2026-08-29,https://funatsuri-yoso.com/fish_area/aji-kashima.html,0,2,0,10
2026-08-29,https://funatsuri-yoso.com/fish_area/aji-katakai.html,0,1,0,8
2026-08-29,https://funatsuri-yoso.com/fish_area/aji-omaezaki.html,0,3,0,9.67
2026-08-29,https://funatsuri-yoso.com/fish_area/aji-sunza-marina.html,0,1,0,9
2026-08-29,https://funatsuri-yoso.com/fish_area/amadai-hiratsuka.html,0,1,0,6
2026-08-29,https://funatsuri-yoso.com/fish_area/aoriika-kanaya.html,0,2,0,10
2026-08-29,https://funatsuri-yoso.com/fish_area/ara-togawa.html,0,1,0,12
2026-08-29,https://funatsuri-yoso.com/fish_area/fugu-kanazawa-gyoko.html,0,1,0,10
2026-08-29,https://funatsuri-yoso.com/fish_area/fugu-kashima.html,0,2,0,26
2026-08-29,https://funatsuri-yoso.com/fish_area/hata-omaezaki.html,0,1,0,4
2026-08-29,https://funatsuri-yoso.com/fish_area/hirame-hasaki.html,0,1,0,6
2026-08-29,https://funatsuri-yoso.com/fish_area/hirame-iioka.html,0,1,0,2
2026-08-29,https://funatsuri-yoso.com/fish_area/hirame-togawa.html,0,4,0,9.5
2026-08-29,https://funatsuri-yoso.com/fish_area/inada-hiratsuka.html,0,1,0,6
2026-08-29,https://funatsuri-yoso.com/fish_area/inada-oarai.html,0,1,0,11
2026-08-29,https://funatsuri-yoso.com/fish_area/isaki-kuryo.html,0,1,0,7
2026-08-29,https://funatsuri-yoso.com/fish_area/kanpachi-teishi.html,0,1,0,6
2026-08-29,https://funatsuri-yoso.com/fish_area/kasago-kashima.html,0,2,0,7.5
2026-08-29,https://funatsuri-yoso.com/fish_area/katsuo-hiratsuka.html,0,1,0,18
2026-08-29,https://funatsuri-yoso.com/fish_area/katsuo-kotsubo.html,0,1,0,5
2026-08-29,https://funatsuri-yoso.com/fish_area/madai-kashima.html,0,1,0,3
2026-08-29,https://funatsuri-yoso.com/fish_area/madai-ohara.html,0,1,0,9
2026-08-29,https://funatsuri-yoso.com/fish_area/onikasago-hiratsuka.html,0,1,0,17
2026-08-29,https://funatsuri-yoso.com/fish_area/seabass-ebitorigawa.html,0,1,0,9
2026-08-29,https://funatsuri-yoso.com/fish_area/shima-aji-ohara.html,0,5,0,9.8
2026-08-29,https://funatsuri-yoso.com/fish_area/shirogisu-kanazawa-hakkei.html,0,1,0,9
2026-08-29,https://funatsuri-yoso.com/fish_area/shousaifugu-ohara.html,0,2,0,9
2026-08-29,https://funatsuri-yoso.com/fish_area/tachiuo-fukuda.html,0,6,0,9.5
2026-08-29,https://funatsuri-yoso.com/fish_area/tachiuo-koshiba.html,0,1,0,4
2026-08-29,https://funatsuri-yoso.com/fish_area/tachiuo-yaizu-ogawa.html,0,1,0,8
2026-08-29,https://funatsuri-yoso.com/fish_area/tachiuo-yokohama-shinyamashita.html,0,1,0,9
2026-08-29,https://funatsuri-yoso.com/fish_area/yariika-kashima.html,0,2,0,9.5
2026-08-29,https://funatsuri-yoso.com/ship/bentenya.html,0,8,0,8.25
2026-08-29,https://funatsuri-yoso.com/ship/chigasaki-maru.html,0,3,0,15.33
2026-08-29,https://funatsuri-yoso.com/ship/daini-tsuretaka-maru.html,0,1,0,10
2026-08-29,https://funatsuri-yoso.com/ship/dengoro-maru.html,0,4,0,8
2026-08-29,https://funatsuri-yoso.com/ship/fudo-maru.html,0,1,0,10
2026-08-29,https://funatsuri-yoso.com/ship/goro-maru.html,0,2,0,11
2026-08-29,https://funatsuri-yoso.com/ship/hamasei-maru.html,0,3,0,7.33
2026-08-29,https://funatsuri-yoso.com/ship/hamashin-maru.html,0,6,0,10
2026-08-29,https://funatsuri-yoso.com/ship/hirai-maru.html,0,1,0,11
2026-08-29,https://funatsuri-yoso.com/ship/hitachi-maru.html,0,1,0,26
2026-08-29,https://funatsuri-yoso.com/ship/kamoshita-maru-kawana.html,0,1,0,9
2026-08-29,https://funatsuri-yoso.com/ship/katsumi-maru.html,0,1,0,8
2026-08-29,https://funatsuri-yoso.com/ship/kazuhiko-maru.html,0,2,0,9
2026-08-29,https://funatsuri-yoso.com/ship/kiheiji-maru.html,0,1,0,10
2026-08-29,https://funatsuri-yoso.com/ship/kikyu-maru.html,0,1,0,11
2026-08-29,https://funatsuri-yoso.com/ship/ko-maru-oiso.html,0,1,0,7
2026-08-29,https://funatsuri-yoso.com/ship/ko-maru.html,0,33,0,8.85
2026-08-29,https://funatsuri-yoso.com/ship/minosuke-maru.html,0,1,0,8
2026-08-29,https://funatsuri-yoso.com/ship/muramoto-kaiji.html,0,1,0,10
2026-08-29,https://funatsuri-yoso.com/ship/narigin-maru.html,0,1,0,9
2026-08-29,https://funatsuri-yoso.com/ship/nissho-maru.html,0,3,0,11.33
2026-08-29,https://funatsuri-yoso.com/ship/nogeya-tsuribuneten.html,0,1,0,11
2026-08-29,https://funatsuri-yoso.com/ship/omatsu-maru.html,0,3,0,7.33
2026-08-29,https://funatsuri-yoso.com/ship/onuki-maru.html,0,4,0,8
2026-08-29,https://funatsuri-yoso.com/ship/ryusei-maru.html,0,1,0,7
2026-08-29,https://funatsuri-yoso.com/ship/sashima-kairakuen.html,0,3,0,10.33
2026-08-29,https://funatsuri-yoso.com/ship/seiei-maru.html,0,2,0,9.5
2026-08-29,https://funatsuri-yoso.com/ship/seisho-maru.html,0,4,0,10
2026-08-29,https://funatsuri-yoso.com/ship/shimakichi-maru.html,0,2,0,9
2026-08-29,https://funatsuri-yoso.com/ship/shintoku-maru.html,0,2,0,7.5
2026-08-29,https://funatsuri-yoso.com/ship/shojiro-maru.html,0,9,0,11.89
2026-08-29,https://funatsuri-yoso.com/ship/shokai-maru.html,0,8,0,8.5
2026-08-29,https://funatsuri-yoso.com/ship/taiko-maru.html,0,3,0,9
2026-08-29,https://funatsuri-yoso.com/ship/taizou-maru.html,0,1,0,11
2026-08-29,https://funatsuri-yoso.com/ship/taro-maru.html,0,6,0,10
2026-08-29,https://funatsuri-yoso.com/ship/tomo-maru.html,0,8,0,8.75
2026-08-29,https://funatsuri-yoso.com/ship/yonemoto-tsuribuneten.html,0,4,0,8
2026-08-29,https://funatsuri-yoso.com/ship/yosei-maru.html,0,5,0,9.6
2026-08-29,https://funatsuri-yoso.com/x_post/,0,1,0,6
2026-08-29,https://funatsuri-yoso.com/x_post/2026-08-04.html,0,1,0,10
2026-08-29,https://funatsuri-yoso.com/x_post/2026-08-17.html,0,1,0,11
2026-08-30,https://funatsuri-yoso.com/,2,20,0.1,11.1
2026-08-30,https://funatsuri-yoso.com/area/,0,1,0,58
2026-08-30,https://funatsuri-yoso.com/area/ajiro-port.html,0,2,0,8
2026-08-30,https://funatsuri-yoso.com/area/amatsu.html,0,5,0,4.4
2026-08-30,https://funatsuri-yoso.com/area/enoura.html,0,6,0,8.33
2026-08-30,https://funatsuri-yoso.com/area/fukuura-yugawara.html,0,4,0,9.75
2026-08-30,https://funatsuri-yoso.com/area/hachimanbashi.html,1,2,0.5,5.5
2026-08-30,https://funatsuri-yoso.com/area/hasaki-shinko.html,0,3,0,6.33
2026-08-30,https://funatsuri-yoso.com/area/heiwajima.html,0,1,0,9
2026-08-30,https://funatsuri-yoso.com/area/iioka.html,1,47,0.021277,5.43
2026-08-30,https://funatsuri-yoso.com/area/imai-suimon.html,0,1,0,11
2026-08-30,https://funatsuri-yoso.com/area/kamoi-omuro.html,0,1,0,10
2026-08-30,https://funatsuri-yoso.com/area/kanaya.html,0,45,0,7.07
2026-08-30,https://funatsuri-yoso.com/area/kanazawa-hakkei.html,0,3,0,19.33
2026-08-30,https://funatsuri-yoso.com/area/kashima.html,0,2,0,9
2026-08-30,https://funatsuri-yoso.com/area/katsuura.html,0,20,0,4.5
2026-08-30,https://funatsuri-yoso.com/area/koshiba.html,0,4,0,8
2026-08-30,https://funatsuri-yoso.com/area/koshigoe.html,0,4,0,7
2026-08-30,https://funatsuri-yoso.com/area/kuryo.html,0,2,0,7.5
2026-08-30,https://funatsuri-yoso.com/area/manazuru-port.html,0,3,0,10
2026-08-30,https://funatsuri-yoso.com/area/nakaminato.html,0,1,0,11
2026-08-30,https://funatsuri-yoso.com/area/oarai.html,0,1,0,11
2026-08-30,https://funatsuri-yoso.com/area/ohara.html,0,6,0,12.33
2026-08-30,https://funatsuri-yoso.com/area/oiso.html,0,2,0,5.5
2026-08-30,https://funatsuri-yoso.com/area/ose.html,0,1,0,42
2026-08-30,https://funatsuri-yoso.com/area/sajima.html,0,5,0,10
2026-08-30,https://funatsuri-yoso.com/area/samezu-katsushima.html,0,1,0,10
2026-08-30,https://funatsuri-yoso.com/area/senju-ohashi.html,0,1,0,16
2026-08-30,https://funatsuri-yoso.com/area/shimizu.html,0,2,0,7
2026-08-30,https://funatsuri-yoso.com/area/shinagawa-bori.html,0,1,0,2
2026-08-30,https://funatsuri-yoso.com/area/shizuura.html,0,7,0,15.43
2026-08-30,https://funatsuri-yoso.com/area/susaki.html,0,1,0,7
2026-08-30,https://funatsuri-yoso.com/area/teishi.html,0,1,0,6
2026-08-30,https://funatsuri-yoso.com/area/tomiura.html,0,2,0,8
2026-08-30,https://funatsuri-yoso.com/area/usami.html,0,7,0,10.43
2026-08-30,https://funatsuri-yoso.com/area/yaizu.html,0,6,0,6.83
2026-08-30,https://funatsuri-yoso.com/area/yoshida.html,0,1,0,7
2026-08-30,https://funatsuri-yoso.com/calendar.html,0,34,0,8.41
2026-08-30,https://funatsuri-yoso.com/fish/,0,1,0,6
2026-08-30,https://funatsuri-yoso.com/fish/aji.html,0,7,0,9
2026-08-30,https://funatsuri-yoso.com/fish/anago.html,0,2,0,9
2026-08-30,https://funatsuri-yoso.com/fish/aoriika.html,0,5,0,7.6
2026-08-30,https://funatsuri-yoso.com/fish/hirame.html,0,1,0,8
2026-08-30,https://funatsuri-yoso.com/fish/inada.html,0,5,0,8.8
2026-08-30,https://funatsuri-yoso.com/fish/isaki.html,0,1,0,10
2026-08-30,https://funatsuri-yoso.com/fish/ishimochi.html,0,1,0,20
2026-08-30,https://funatsuri-yoso.com/fish/kanpachi.html,0,2,0,8.5
2026-08-30,https://funatsuri-yoso.com/fish/karei.html,0,6,0,8.83
2026-08-30,https://funatsuri-yoso.com/fish/kasago.html,0,1,0,7
2026-08-30,https://funatsuri-yoso.com/fish/katsuo.html,2,34,0.058824,7.56
2026-08-30,https://funatsuri-yoso.com/fish/kawahagi.html,0,11,0,9.18
2026-08-30,https://funatsuri-yoso.com/fish/kuromutsu.html,0,2,0,22
2026-08-30,https://funatsuri-yoso.com/fish/madai.html,1,1,1,6
2026-08-30,https://funatsuri-yoso.com/fish/madako.html,0,4,0,7.25
2026-08-30,https://funatsuri-yoso.com/fish/magochi.html,0,4,0,8
2026-08-30,https://funatsuri-yoso.com/fish/maruika.html,0,3,0,7.33
2026-08-30,https://funatsuri-yoso.com/fish/mebaru.html,0,1,0,9
2026-08-30,https://funatsuri-yoso.com/fish/mugiika.html,0,1,0,8
2026-08-30,https://funatsuri-yoso.com/fish/shiira.html,0,1,0,16
2026-08-30,https://funatsuri-yoso.com/fish/shima-aji.html,1,13,0.076923,6.23
2026-08-30,https://funatsuri-yoso.com/fish/shousaifugu.html,0,1,0,5
2026-08-30,https://funatsuri-yoso.com/fish/sumiika.html,0,1,0,5
2026-08-30,https://funatsuri-yoso.com/fish/surumeika.html,0,2,0,7
2026-08-30,https://funatsuri-yoso.com/fish/tachiuo.html,0,3,0,25.33
2026-08-30,https://funatsuri-yoso.com/fish/umeiro.html,0,1,0,11
2026-08-30,https://funatsuri-yoso.com/fish/warasa.html,0,4,0,5.25
2026-08-30,https://funatsuri-yoso.com/fish/yariika.html,0,2,0,6
2026-08-30,https://funatsuri-yoso.com/fish_area/aji-kashima.html,0,1,0,9
2026-08-30,https://funatsuri-yoso.com/fish_area/aji-odawara-hayakawa.html,0,1,0,6
2026-08-30,https://funatsuri-yoso.com/fish_area/aji-urayasu.html,0,1,0,9
2026-08-30,https://funatsuri-yoso.com/fish_area/amadai-hitachi-kuji.html,0,1,0,8
2026-08-30,https://funatsuri-yoso.com/fish_area/aoriika-kanaya.html,0,3,0,11.67
2026-08-30,https://funatsuri-yoso.com/fish_area/buri-shimoda.html,0,1,0,2
2026-08-30,https://funatsuri-yoso.com/fish_area/fugu-urayasu.html,0,2,0,9
2026-08-30,https://funatsuri-yoso.com/fish_area/inada-matsuwa-ena.html,0,1,0,7
2026-08-30,https://funatsuri-yoso.com/fish_area/inada-oarai.html,0,1,0,7
2026-08-30,https://funatsuri-yoso.com/fish_area/isaki-ito-shi.html,0,1,0,11
2026-08-30,https://funatsuri-yoso.com/fish_area/ishimochi-kanazawa-hakkei.html,0,3,0,4.33
2026-08-30,https://funatsuri-yoso.com/fish_area/kaiwari-usami.html,0,1,0,15
2026-08-30,https://funatsuri-yoso.com/fish_area/kanpachi-omaezaki.html,0,1,0,11
2026-08-30,https://funatsuri-yoso.com/fish_area/kasago-kanazawa-hakkei.html,0,1,0,10
2026-08-30,https://funatsuri-yoso.com/fish_area/kinmedai-shimoda.html,0,1,0,10
2026-08-30,https://funatsuri-yoso.com/fish_area/kurodai-kanaya.html,0,1,0,12
2026-08-30,https://funatsuri-yoso.com/fish_area/kuromutsu-ajiro-port.html,0,1,0,9
2026-08-30,https://funatsuri-yoso.com/fish_area/madai-ohara.html,0,1,0,13
2026-08-30,https://funatsuri-yoso.com/fish_area/onikasago-hiratsuka.html,0,1,0,46
2026-08-30,https://funatsuri-yoso.com/fish_area/saba-koshigoe.html,0,1,0,8
2026-08-30,https://funatsuri-yoso.com/fish_area/shima-aji-ohara.html,0,10,0,12.9
2026-08-30,https://funatsuri-yoso.com/fish_area/shousaifugu-ohara.html,1,1,1,3
2026-08-30,https://funatsuri-yoso.com/fish_area/tachiuo-fukuda.html,0,4,0,9
2026-08-30,https://funatsuri-yoso.com/fish_area/tachiuo-koshiba.html,0,2,0,6
2026-08-30,https://funatsuri-yoso.com/fish_area/tachiuo-yaizu-ogawa.html,0,3,0,9.33
2026-08-30,https://funatsuri-yoso.com/fish_area/warasa-matsuwa-ena.html,0,1,0,10
2026-08-30,https://funatsuri-yoso.com/komase-sim/,0,1,0,1
2026-08-30,https://funatsuri-yoso.com/pages/terms.html,0,1,0,88
2026-08-30,https://funatsuri-yoso.com/ship/,0,2,0,6.5
2026-08-30,https://funatsuri-yoso.com/ship/bentenya.html,0,5,0,22.6
2026-08-30,https://funatsuri-yoso.com/ship/chigasaki-maru.html,0,4,0,18.5
2026-08-30,https://funatsuri-yoso.com/ship/dengoro-maru.html,0,2,0,8.5
2026-08-30,https://funatsuri-yoso.com/ship/gibei-maru.html,0,1,0,4
2026-08-30,https://funatsuri-yoso.com/ship/hamashin-maru.html,0,2,0,10
2026-08-30,https://funatsuri-yoso.com/ship/harumori-maru.html,0,1,0,4
2026-08-30,https://funatsuri-yoso.com/ship/kazuhiko-maru.html,0,1,0,13
2026-08-30,https://funatsuri-yoso.com/ship/kiheiji-maru.html,0,5,0,18.2
2026-08-30,https://funatsuri-yoso.com/ship/kikyu-maru.html,0,3,0,18.33
2026-08-30,https://funatsuri-yoso.com/ship/ko-maru.html,0,15,0,10.6
2026-08-30,https://funatsuri-yoso.com/ship/koei-maru-yaizu.html,0,1,0,10
2026-08-30,https://funatsuri-yoso.com/ship/minosuke-maru.html,0,1,0,8
2026-08-30,https://funatsuri-yoso.com/ship/muramoto-kaiji.html,0,3,0,9.33
2026-08-30,https://funatsuri-yoso.com/ship/nissho-maru.html,0,1,0,10
2026-08-30,https://funatsuri-yoso.com/ship/oharu-maru.html,0,1,0,8
2026-08-30,https://funatsuri-yoso.com/ship/omatsu-maru.html,0,3,0,25.67
2026-08-30,https://funatsuri-yoso.com/ship/sanjiro-maru.html,0,1,0,9
2026-08-30,https://funatsuri-yoso.com/ship/sashima-kairakuen.html,0,3,0,23
2026-08-30,https://funatsuri-yoso.com/ship/seiei-maru.html,0,7,0,7
2026-08-30,https://funatsuri-yoso.com/ship/seisho-maru.html,0,1,0,9
2026-08-30,https://funatsuri-yoso.com/ship/shintoku-maru.html,0,2,0,17
2026-08-30,https://funatsuri-yoso.com/ship/shojiro-maru.html,0,5,0,10.6
2026-08-30,https://funatsuri-yoso.com/ship/shokai-maru.html,0,1,0,6
2026-08-30,https://funatsuri-yoso.com/ship/taiko-maru.html,0,1,0,10
2026-08-30,https://funatsuri-yoso.com/ship/taro-maru.html,0,2,0,12
2026-08-30,https://funatsuri-yoso.com/ship/tomo-maru.html,0,2,0,7
2026-08-30,https://funatsuri-yoso.com/ship/yosei-maru.html,0,6,0,7.33
2026-08-30,https://funatsuri-yoso.com/ship/yuko-maru-iioka.html,0,1,0,6
2026-08-30,https://funatsuri-yoso.com/x_post/2026-08-03.html,0,1,0,10
2026-08-30,https://funatsuri-yoso.com/x_post/2026-08-06.html,0,1,0,9
2026-08-30,https://funatsuri-yoso.com/x_post/2026-08-07.html,0,1,0,4
2026-08-31,https://funatsuri-yoso.com/,1,12,0.083333,7.67
2026-08-31,https://funatsuri-yoso.com/area/,0,3,0,47.67
2026-08-31,https://funatsuri-yoso.com/area/aihama.html,0,6,0,7.5
2026-08-31,https://funatsuri-yoso.com/area/ajiro-port.html,0,1,0,9
2026-08-31,https://funatsuri-yoso.com/area/amatsu.html,0,4,0,6.75
2026-08-31,https://funatsuri-yoso.com/area/arari.html,0,2,0,9.5
2026-08-31,https://funatsuri-yoso.com/area/ebitorigawa.html,0,2,0,7
2026-08-31,https://funatsuri-yoso.com/area/edogawa.html,0,1,0,6
2026-08-31,https://funatsuri-yoso.com/area/enoura.html,0,5,0,23.6
2026-08-31,https://funatsuri-yoso.com/area/hachimanbashi.html,0,1,0,8
2026-08-31,https://funatsuri-yoso.com/area/hota.html,0,1,0,9
2026-08-31,https://funatsuri-yoso.com/area/iioka.html,0,54,0,6.61
2026-08-31,https://funatsuri-yoso.com/area/kanaya.html,3,43,0.069767,7.49
2026-08-31,https://funatsuri-yoso.com/area/kanazawa-hakkei-hirakata.html,0,1,0,7
2026-08-31,https://funatsuri-yoso.com/area/kanazawa-hakkei.html,0,2,0,7
2026-08-31,https://funatsuri-yoso.com/area/kashima.html,0,1,0,18
2026-08-31,https://funatsuri-yoso.com/area/katsuura-kawazu.html,0,3,0,31.67
2026-08-31,https://funatsuri-yoso.com/area/katsuura.html,0,5,0,12
2026-08-31,https://funatsuri-yoso.com/area/koshiba.html,0,3,0,17.67
2026-08-31,https://funatsuri-yoso.com/area/koshigoe.html,0,1,0,6
2026-08-31,https://funatsuri-yoso.com/area/kotsubo.html,0,1,0,9
2026-08-31,https://funatsuri-yoso.com/area/kurihama.html,0,2,0,6.5
2026-08-31,https://funatsuri-yoso.com/area/nomigawa.html,1,1,1,8
2026-08-31,https://funatsuri-yoso.com/area/odawara-hayakawa.html,0,1,0,22
2026-08-31,https://funatsuri-yoso.com/area/ohara.html,0,6,0,22
2026-08-31,https://funatsuri-yoso.com/area/omaezaki.html,0,1,0,6
2026-08-31,https://funatsuri-yoso.com/area/onagigawa.html,0,1,0,14
2026-08-31,https://funatsuri-yoso.com/area/onjuku-iwawada.html,0,1,0,31
2026-08-31,https://funatsuri-yoso.com/area/otsu.html,0,1,0,10
2026-08-31,https://funatsuri-yoso.com/area/sajima.html,0,1,0,5
2026-08-31,https://funatsuri-yoso.com/area/shizuura.html,0,1,0,26
2026-08-31,https://funatsuri-yoso.com/area/usami.html,0,3,0,6.67
2026-08-31,https://funatsuri-yoso.com/area/yoshida.html,0,1,0,9
2026-08-31,https://funatsuri-yoso.com/fish-value/,0,1,0,9
2026-08-31,https://funatsuri-yoso.com/fish/,0,1,0,5
2026-08-31,https://funatsuri-yoso.com/fish/%E3%82%AB%E3%82%A4%E3%83%AF%E3%83%AA.html,0,1,0,4
2026-08-31,https://funatsuri-yoso.com/fish/aji.html,0,13,0,7.08
2026-08-31,https://funatsuri-yoso.com/fish/anago.html,0,3,0,9.33
2026-08-31,https://funatsuri-yoso.com/fish/hirame.html,0,4,0,7.25
2026-08-31,https://funatsuri-yoso.com/fish/houbou.html,0,1,0,18
2026-08-31,https://funatsuri-yoso.com/fish/inada.html,0,12,0,8.33
2026-08-31,https://funatsuri-yoso.com/fish/isaki.html,0,2,0,6
2026-08-31,https://funatsuri-yoso.com/fish/karei.html,0,3,0,6.33
2026-08-31,https://funatsuri-yoso.com/fish/katsuo.html,1,21,0.047619,9
2026-08-31,https://funatsuri-yoso.com/fish/kawahagi.html,0,9,0,10.44
2026-08-31,https://funatsuri-yoso.com/fish/madai.html,0,2,0,13
2026-08-31,https://funatsuri-yoso.com/fish/madako.html,0,1,0,6
2026-08-31,https://funatsuri-yoso.com/fish/magochi.html,0,1,0,5
2026-08-31,https://funatsuri-yoso.com/fish/surumeika.html,0,5,0,7.2
2026-08-31,https://funatsuri-yoso.com/fish/tachiuo.html,0,1,0,33
2026-08-31,https://funatsuri-yoso.com/fish/yariika.html,0,4,0,7.25
2026-08-31,https://funatsuri-yoso.com/fish_area/hirame-ohara.html,0,1,0,19
2026-08-31,https://funatsuri-yoso.com/fish_area/mahata-omaezaki.html,0,1,0,21
2026-08-31,https://funatsuri-yoso.com/fish_area/shima-aji-ohara.html,1,1,1,60
2026-08-31,https://funatsuri-yoso.com/fish_area/tachiuo-yaizu-ogawa.html,0,2,0,7.5
2026-08-31,https://funatsuri-yoso.com/pages/about.html,0,1,0,8
2026-08-31,https://funatsuri-yoso.com/ship/,0,2,0,60
2026-08-31,https://funatsuri-yoso.com/ship/bentenya.html,0,1,0,46
2026-08-31,https://funatsuri-yoso.com/ship/chigasaki-maru.html,0,5,0,9.8
2026-08-31,https://funatsuri-yoso.com/ship/daisan-kariyushi-maru.html,0,2,0,20.5
2026-08-31,https://funatsuri-yoso.com/ship/funayado-iwata.html,0,1,0,25
2026-08-31,https://funatsuri-yoso.com/ship/hamashin-maru.html,0,3,0,29
2026-08-31,https://funatsuri-yoso.com/ship/ko-maru.html,0,1,0,39
2026-08-31,https://funatsuri-yoso.com/ship/nissho-maru.html,0,1,0,27
2026-08-31,https://funatsuri-yoso.com/ship/omatsu-maru.html,0,1,0,54
2026-08-31,https://funatsuri-yoso.com/ship/seiei-maru.html,0,1,0,40
2026-08-31,https://funatsuri-yoso.com/ship/shintoku-maru.html,0,1,0,17
2026-08-31,https://funatsuri-yoso.com/ship/shojiro-maru.html,0,2,0,29
2026-08-31,https://funatsuri-yoso.com/ship/yosei-maru.html,0,1,0,26
