date,page,clicks,impressions,ctr,position
2026-06-01,https://funatsuri-yoso.com/,0,9,0,19.33
2026-06-01,https://funatsuri-yoso.com/area/,0,1,0,4
2026-06-01,https://funatsuri-yoso.com/area/amatsu.html,0,2,0,9
2026-06-01,https://funatsuri-yoso.com/area/chigasaki.html,0,5,0,25.4
2026-06-01,https://funatsuri-yoso.com/area/hayama-oki.html,1,1,1,8
2026-06-01,https://funatsuri-yoso.com/area/hitachi-kuji.html,0,2,0,8
2026-06-01,https://funatsuri-yoso.com/area/iioka.html,0,4,0,25.25
2026-06-01,https://funatsuri-yoso.com/area/katakai.html,0,3,0,14.67
2026-06-01,https://funatsuri-yoso.com/area/koshiba-oki.html,0,1,0,6
2026-06-01,https://funatsuri-yoso.com/area/nagai-shinjuku.html,0,3,0,13.33
2026-06-01,https://funatsuri-yoso.com/area/oarai.html,0,5,0,6.8
2026-06-01,https://funatsuri-yoso.com/area/ohara.html,0,3,0,8.67
2026-06-01,https://funatsuri-yoso.com/area/sajima.html,0,2,0,26
2026-06-01,https://funatsuri-yoso.com/area/toda-shizuoka.html,0,1,0,20
2026-06-01,https://funatsuri-yoso.com/fish/,0,2,0,6.5
2026-06-01,https://funatsuri-yoso.com/fish/%E3%82%AB%E3%82%B5%E3%82%B4.html,0,1,0,5
2026-06-01,https://funatsuri-yoso.com/fish/abura-bouzu.html,1,3,0.333333,11
2026-06-01,https://funatsuri-yoso.com/fish/aji.html,0,10,0,10.1
2026-06-01,https://funatsuri-yoso.com/fish/akamutsu.html,0,1,0,7
2026-06-01,https://funatsuri-yoso.com/fish/aoriika.html,0,2,0,11
2026-06-01,https://funatsuri-yoso.com/fish/ara.html,0,2,0,7.5
2026-06-01,https://funatsuri-yoso.com/fish/bishi-aji.html,0,1,0,7
2026-06-01,https://funatsuri-yoso.com/fish/hanadai.html,0,1,0,6
2026-06-01,https://funatsuri-yoso.com/fish/hirame.html,0,3,0,11
2026-06-01,https://funatsuri-yoso.com/fish/inada.html,0,4,0,5.5
2026-06-01,https://funatsuri-yoso.com/fish/isaki.html,0,2,0,7.5
2026-06-01,https://funatsuri-yoso.com/fish/kanpachi.html,0,1,0,9
2026-06-01,https://funatsuri-yoso.com/fish/karei.html,0,2,0,9
2026-06-01,https://funatsuri-yoso.com/fish/kintoki.html,0,2,0,25
2026-06-01,https://funatsuri-yoso.com/fish/madai.html,0,1,0,12
2026-06-01,https://funatsuri-yoso.com/fish/madako.html,0,1,0,10
2026-06-01,https://funatsuri-yoso.com/fish/maruika.html,0,15,0,7.4
2026-06-01,https://funatsuri-yoso.com/fish/mugiika.html,1,6,0.166667,7.5
2026-06-01,https://funatsuri-yoso.com/fish/shima-aji.html,0,4,0,8.75
2026-06-01,https://funatsuri-yoso.com/fish/shirogisu.html,0,2,0,8.5
2026-06-01,https://funatsuri-yoso.com/fish/tachiuo.html,0,7,0,15.57
2026-06-01,https://funatsuri-yoso.com/fish/warasa.html,0,3,0,8.33
2026-06-01,https://funatsuri-yoso.com/fish_area/aji-kanazawa-hakkei-otomo.html,0,1,0,8
2026-06-01,https://funatsuri-yoso.com/fish_area/aji-omaezaki.html,0,2,0,6
2026-06-01,https://funatsuri-yoso.com/fish_area/amadai-hayama-abuzuri.html,0,1,0,9
2026-06-01,https://funatsuri-yoso.com/fish_area/aoriika-sajima.html,0,1,0,11
2026-06-01,https://funatsuri-yoso.com/fish_area/ara-togawa.html,0,1,0,6
2026-06-01,https://funatsuri-yoso.com/fish_area/hanadai-kuryo.html,0,1,0,9
2026-06-01,https://funatsuri-yoso.com/fish_area/hata-nagai-shinjuku.html,0,1,0,9
2026-06-01,https://funatsuri-yoso.com/fish_area/hiramasa-omaezaki.html,0,1,0,1
2026-06-01,https://funatsuri-yoso.com/fish_area/hirame-%E8%91%89%E5%B1%B1%E7%94%BA%E8%91%89%E5%B1%B1%E9%90%99%E6%91%BA%E6%B8%AF.html,0,1,0,11
2026-06-01,https://funatsuri-yoso.com/fish_area/hirame-shimoda.html,0,3,0,9.33
2026-06-01,https://funatsuri-yoso.com/fish_area/inada-hiratsuka.html,0,1,0,11
2026-06-01,https://funatsuri-yoso.com/fish_area/inada-hitachi.html,0,1,0,8
2026-06-01,https://funatsuri-yoso.com/fish_area/inada-matsuwa-ena.html,0,1,0,10
2026-06-01,https://funatsuri-yoso.com/fish_area/isaki-ohara.html,0,1,0,12
2026-06-01,https://funatsuri-yoso.com/fish_area/isaki-sunosaki.html,0,1,0,21
2026-06-01,https://funatsuri-yoso.com/fish_area/isaki-yaizu.html,0,1,0,24
2026-06-01,https://funatsuri-yoso.com/fish_area/kanpachi-omaezaki.html,0,1,0,14
2026-06-01,https://funatsuri-yoso.com/fish_area/kasago-shimoda.html,0,1,0,9
2026-06-01,https://funatsuri-yoso.com/fish_area/kinmedai-katakai.html,0,2,0,12
2026-06-01,https://funatsuri-yoso.com/fish_area/kurodai-kuryo.html,0,1,0,8
2026-06-01,https://funatsuri-yoso.com/fish_area/madako-futtsu.html,0,1,0,10
2026-06-01,https://funatsuri-yoso.com/fish_area/maruika-matsuwa-ena.html,1,5,0.2,10.2
2026-06-01,https://funatsuri-yoso.com/fish_area/mebaru-hasaki.html,0,3,0,7.67
2026-06-01,https://funatsuri-yoso.com/fish_area/mugiika-odawara-hayakawa.html,0,1,0,10
2026-06-01,https://funatsuri-yoso.com/fish_area/seabass-futtsu.html,0,1,0,38
2026-06-01,https://funatsuri-yoso.com/fish_area/seabass-kiba.html,0,1,0,8
2026-06-01,https://funatsuri-yoso.com/fish_area/shima-aji-ohara.html,0,1,0,13
2026-06-01,https://funatsuri-yoso.com/fish_area/shima-aji-shimoda.html,0,1,0,16
2026-06-01,https://funatsuri-yoso.com/fish_area/shiro-amadai-hiratsuka.html,0,1,0,10
2026-06-01,https://funatsuri-yoso.com/fish_area/tai-gomoku-oarai.html,0,2,0,5.5
2026-06-01,https://funatsuri-yoso.com/fish_area/warasa-teishi.html,0,1,0,2
2026-06-01,https://funatsuri-yoso.com/komase-sim/,0,3,0,9.33
2026-06-01,https://funatsuri-yoso.com/pages/about.html,0,1,0,2
2026-06-01,https://funatsuri-yoso.com/pages/contact.html,0,2,0,7.5
2026-06-01,https://funatsuri-yoso.com/premium/plan.html,0,2,0,3
2026-06-01,https://funatsuri-yoso.com/ship/baika-maru.html,0,2,0,7.5
2026-06-01,https://funatsuri-yoso.com/ship/benten-maru.html,0,3,0,8.33
2026-06-01,https://funatsuri-yoso.com/ship/blue-dragon.html,0,1,0,9
2026-06-01,https://funatsuri-yoso.com/ship/chigasaki-maru.html,0,5,0,16
2026-06-01,https://funatsuri-yoso.com/ship/chowari-00751.html,0,1,0,10
2026-06-01,https://funatsuri-yoso.com/ship/daihachi-tsuru-maru.html,0,2,0,6.5
2026-06-01,https://funatsuri-yoso.com/ship/daini-tsuretaka-maru.html,0,5,0,13
2026-06-01,https://funatsuri-yoso.com/ship/dengoro-maru.html,0,1,0,6
2026-06-01,https://funatsuri-yoso.com/ship/funayado-mameya.html,0,9,0,11.89
2026-06-01,https://funatsuri-yoso.com/ship/gibei-maru.html,0,4,0,8.75
2026-06-01,https://funatsuri-yoso.com/ship/hamasei-maru.html,0,2,0,7
2026-06-01,https://funatsuri-yoso.com/ship/hirai-maru.html,0,1,0,11
2026-06-01,https://funatsuri-yoso.com/ship/hiroshimaya.html,0,1,0,10
2026-06-01,https://funatsuri-yoso.com/ship/kamedaya.html,0,1,0,11
2026-06-01,https://funatsuri-yoso.com/ship/kamoshita-maru-kawana.html,0,1,0,9
2026-06-01,https://funatsuri-yoso.com/ship/kanjiro-maru.html,0,1,0,8
2026-06-01,https://funatsuri-yoso.com/ship/koei-maru-yaizu.html,0,4,0,9.25
2026-06-01,https://funatsuri-yoso.com/ship/koshiba-maru.html,0,20,0,8.75
2026-06-01,https://funatsuri-yoso.com/ship/kyoei-maru.html,0,1,0,12
2026-06-01,https://funatsuri-yoso.com/ship/miki-maru-tsuribuneten.html,0,3,0,9.33
2026-06-01,https://funatsuri-yoso.com/ship/nagasakiya.html,0,2,0,9
2026-06-01,https://funatsuri-yoso.com/ship/nintoku-maru.html,0,7,0,8.43
2026-06-01,https://funatsuri-yoso.com/ship/nissho-maru.html,0,2,0,9.5
2026-06-01,https://funatsuri-yoso.com/ship/omatsu-maru.html,0,1,0,24
2026-06-01,https://funatsuri-yoso.com/ship/onuki-maru.html,0,1,0,7
2026-06-01,https://funatsuri-yoso.com/ship/saemi-maru.html,0,1,0,7
2026-06-01,https://funatsuri-yoso.com/ship/seisho-maru.html,0,1,0,9
2026-06-01,https://funatsuri-yoso.com/ship/sentose-maru.html,0,1,0,8
2026-06-01,https://funatsuri-yoso.com/ship/suharaya.html,0,3,0,34
2026-06-01,https://funatsuri-yoso.com/ship/yamaten-maru.html,0,1,0,12
2026-06-01,https://funatsuri-yoso.com/x_post/2026-05-30.html,0,1,0,6
2026-06-01,https://funatsuri-yoso.com/x_post/2026-05-31.html,0,1,0,10
2026-06-02,https://funatsuri-yoso.com/,0,5,0,21
2026-06-02,https://funatsuri-yoso.com/area/hitachi-kuji.html,0,2,0,7.5
2026-06-02,https://funatsuri-yoso.com/area/iioka.html,1,10,0.1,10
2026-06-02,https://funatsuri-yoso.com/area/katakai.html,0,8,0,8.88
2026-06-02,https://funatsuri-yoso.com/area/nagai-shinjuku.html,0,1,0,12
2026-06-02,https://funatsuri-yoso.com/area/oarai.html,0,10,0,9.7
2026-06-02,https://funatsuri-yoso.com/area/ohara.html,0,1,0,7
2026-06-02,https://funatsuri-yoso.com/area/samezu-katsushima.html,0,2,0,4.5
2026-06-02,https://funatsuri-yoso.com/area/toda-shizuoka.html,0,1,0,5
2026-06-02,https://funatsuri-yoso.com/fish/,0,1,0,7
2026-06-02,https://funatsuri-yoso.com/fish/abura-bouzu.html,0,2,0,15.5
2026-06-02,https://funatsuri-yoso.com/fish/aji.html,0,5,0,12.2
2026-06-02,https://funatsuri-yoso.com/fish/aoriika.html,0,1,0,11
2026-06-02,https://funatsuri-yoso.com/fish/ara.html,0,4,0,5
2026-06-02,https://funatsuri-yoso.com/fish/bishi-aji.html,0,1,0,10
2026-06-02,https://funatsuri-yoso.com/fish/hanadai.html,1,2,0.5,9
2026-06-02,https://funatsuri-yoso.com/fish/hirame.html,0,3,0,9
2026-06-02,https://funatsuri-yoso.com/fish/inada.html,0,4,0,10.25
2026-06-02,https://funatsuri-yoso.com/fish/isaki.html,0,1,0,9
2026-06-02,https://funatsuri-yoso.com/fish/kanpachi.html,0,2,0,7
2026-06-02,https://funatsuri-yoso.com/fish/karei.html,1,2,0.5,6
2026-06-02,https://funatsuri-yoso.com/fish/madako.html,0,1,0,65
2026-06-02,https://funatsuri-yoso.com/fish/maruika.html,1,15,0.066667,8.87
2026-06-02,https://funatsuri-yoso.com/fish/mugiika.html,0,1,0,7
2026-06-02,https://funatsuri-yoso.com/fish/shima-aji.html,0,9,0,9.11
2026-06-02,https://funatsuri-yoso.com/fish/shirogisu.html,0,1,0,9
2026-06-02,https://funatsuri-yoso.com/fish/sumiika.html,0,1,0,10
2026-06-02,https://funatsuri-yoso.com/fish/tachiuo.html,0,2,0,18
2026-06-02,https://funatsuri-yoso.com/fish/torafugu.html,0,1,0,30
2026-06-02,https://funatsuri-yoso.com/fish/warasa.html,0,2,0,4.5
2026-06-02,https://funatsuri-yoso.com/fish/yariika.html,0,2,0,11.5
2026-06-02,https://funatsuri-yoso.com/fish_area/aji-atami-port.html,0,1,0,2
2026-06-02,https://funatsuri-yoso.com/fish_area/aji-kashima-port.html,0,1,0,10
2026-06-02,https://funatsuri-yoso.com/fish_area/aji-manazuru-port.html,0,1,0,8
2026-06-02,https://funatsuri-yoso.com/fish_area/ara-%E6%B1%9F%E8%A6%8B%E6%BC%81%E6%B8%AF.html,0,1,0,11
2026-06-02,https://funatsuri-yoso.com/fish_area/hanadai-kashima.html,0,1,0,9
2026-06-02,https://funatsuri-yoso.com/fish_area/hata-omaezaki.html,0,1,0,1
2026-06-02,https://funatsuri-yoso.com/fish_area/hirame-iioka.html,0,2,0,10.5
2026-06-02,https://funatsuri-yoso.com/fish_area/hirame-shimoda.html,0,1,0,11
2026-06-02,https://funatsuri-yoso.com/fish_area/inada-hiratsuka.html,0,1,0,10
2026-06-02,https://funatsuri-yoso.com/fish_area/inada-ohara.html,0,1,0,3
2026-06-02,https://funatsuri-yoso.com/fish_area/isaki-%E6%9D%BE%E5%B4%8E%E7%94%BA%E6%9D%BE%E5%B4%8E%E6%B8%AF.html,0,1,0,11
2026-06-02,https://funatsuri-yoso.com/fish_area/isaki-kanazawa-hakkei.html,0,5,0,9.8
2026-06-02,https://funatsuri-yoso.com/fish_area/isaki-ohara.html,0,2,0,4.5
2026-06-02,https://funatsuri-yoso.com/fish_area/isaki-omaezaki.html,1,1,1,11
2026-06-02,https://funatsuri-yoso.com/fish_area/kasago-hachimanbashi.html,0,1,0,12
2026-06-02,https://funatsuri-yoso.com/fish_area/kasago-kiba.html,0,1,0,10
2026-06-02,https://funatsuri-yoso.com/fish_area/kurodai-kuryo.html,0,1,0,10
2026-06-02,https://funatsuri-yoso.com/fish_area/madai-yaizu.html,0,1,0,4
2026-06-02,https://funatsuri-yoso.com/fish_area/mebaru-hasaki.html,0,1,0,12
2026-06-02,https://funatsuri-yoso.com/fish_area/shima-aji-shimoda.html,1,2,0.5,8
2026-06-02,https://funatsuri-yoso.com/fish_area/tai-gomoku-oarai.html,0,1,0,11
2026-06-02,https://funatsuri-yoso.com/fish_area/torafugu-%E9%B9%BF%E5%B6%8B%E6%97%A7%E6%B8%AF.html,0,1,0,7
2026-06-02,https://funatsuri-yoso.com/fish_area/warasa-kuji.html,0,1,0,11
2026-06-02,https://funatsuri-yoso.com/fish_area/yariika-katsuura.html,0,2,0,7
2026-06-02,https://funatsuri-yoso.com/pages/terms.html,0,1,0,5
2026-06-02,https://funatsuri-yoso.com/ship/akihiro-maru.html,0,1,0,8
2026-06-02,https://funatsuri-yoso.com/ship/baika-maru.html,0,2,0,14
2026-06-02,https://funatsuri-yoso.com/ship/blue-dragon.html,0,6,0,8.83
2026-06-02,https://funatsuri-yoso.com/ship/choei-maru-fukuda.html,1,1,1,6
2026-06-02,https://funatsuri-yoso.com/ship/dengoro-maru.html,0,3,0,9.33
2026-06-02,https://funatsuri-yoso.com/ship/funayado-mameya.html,0,6,0,10.83
2026-06-02,https://funatsuri-yoso.com/ship/irifune.html,0,1,0,6
2026-06-02,https://funatsuri-yoso.com/ship/kamoshita-maru-kawana.html,0,1,0,10
2026-06-02,https://funatsuri-yoso.com/ship/kanjiro-maru.html,0,1,0,10
2026-06-02,https://funatsuri-yoso.com/ship/ko-maru.html,0,1,0,6
2026-06-02,https://funatsuri-yoso.com/ship/koei-maru-yaizu.html,0,6,0,9.33
2026-06-02,https://funatsuri-yoso.com/ship/koshiba-maru.html,0,9,0,8.44
2026-06-02,https://funatsuri-yoso.com/ship/kotatsu-maru.html,0,1,0,12
2026-06-02,https://funatsuri-yoso.com/ship/miki-maru-tsuribuneten.html,0,2,0,6
2026-06-02,https://funatsuri-yoso.com/ship/nagasakiya.html,0,1,0,3
2026-06-02,https://funatsuri-yoso.com/ship/nintoku-maru.html,0,7,0,8.57
2026-06-02,https://funatsuri-yoso.com/ship/nissho-maru.html,0,1,0,9
2026-06-02,https://funatsuri-yoso.com/ship/riki-maru.html,0,2,0,11.5
2026-06-02,https://funatsuri-yoso.com/ship/saemi-maru.html,0,2,0,14.5
2026-06-02,https://funatsuri-yoso.com/ship/seisho-maru.html,0,1,0,7
2026-06-02,https://funatsuri-yoso.com/ship/tsune-maru.html,0,2,0,10
2026-06-03,https://funatsuri-yoso.com/,0,6,0,6.67
2026-06-03,https://funatsuri-yoso.com/area/,0,1,0,63
2026-06-03,https://funatsuri-yoso.com/area/amatsu.html,0,3,0,8
2026-06-03,https://funatsuri-yoso.com/area/arari.html,0,1,0,11
2026-06-03,https://funatsuri-yoso.com/area/atami-port.html,0,1,0,5
2026-06-03,https://funatsuri-yoso.com/area/chigasaki.html,0,1,0,11
2026-06-03,https://funatsuri-yoso.com/area/hitachi-kuji.html,0,1,0,16
2026-06-03,https://funatsuri-yoso.com/area/iioka.html,1,8,0.125,13
2026-06-03,https://funatsuri-yoso.com/area/imai-suimon.html,0,1,0,9
2026-06-03,https://funatsuri-yoso.com/area/katakai.html,0,2,0,23.5
2026-06-03,https://funatsuri-yoso.com/area/numazu-oki.html,0,1,0,10
2026-06-03,https://funatsuri-yoso.com/area/oarai.html,0,9,0,8.56
2026-06-03,https://funatsuri-yoso.com/area/odawara-hayakawa.html,0,1,0,10
2026-06-03,https://funatsuri-yoso.com/area/ohara.html,0,3,0,20.67
2026-06-03,https://funatsuri-yoso.com/area/sajima.html,0,1,0,4
2026-06-03,https://funatsuri-yoso.com/fish/aji.html,0,7,0,9.43
2026-06-03,https://funatsuri-yoso.com/fish/aoriika.html,0,1,0,11
2026-06-03,https://funatsuri-yoso.com/fish/ara.html,0,1,0,5
2026-06-03,https://funatsuri-yoso.com/fish/hanadai.html,0,2,0,11
2026-06-03,https://funatsuri-yoso.com/fish/hirame.html,0,1,0,10
2026-06-03,https://funatsuri-yoso.com/fish/inada.html,0,3,0,8
2026-06-03,https://funatsuri-yoso.com/fish/isaki.html,0,2,0,9.5
2026-06-03,https://funatsuri-yoso.com/fish/kanpachi.html,1,4,0.25,13.5
2026-06-03,https://funatsuri-yoso.com/fish/karei.html,0,3,0,8.33
2026-06-03,https://funatsuri-yoso.com/fish/kihada-maguro.html,0,1,0,8
2026-06-03,https://funatsuri-yoso.com/fish/maruika.html,0,3,0,8
2026-06-03,https://funatsuri-yoso.com/fish/shima-aji.html,0,8,0,9.25
2026-06-03,https://funatsuri-yoso.com/fish/shirogisu.html,0,1,0,8
2026-06-03,https://funatsuri-yoso.com/fish/tachiuo.html,0,1,0,10
2026-06-03,https://funatsuri-yoso.com/fish/warasa.html,0,3,0,10
2026-06-03,https://funatsuri-yoso.com/fish_area/abura-bouzu-hasaki-shinko.html,0,1,0,10
2026-06-03,https://funatsuri-yoso.com/fish_area/aji-kanazawa-gyoko.html,0,1,0,4
2026-06-03,https://funatsuri-yoso.com/fish_area/aji-oarai.html,0,1,0,11
2026-06-03,https://funatsuri-yoso.com/fish_area/aji-odawara-hayakawa.html,0,1,0,11
2026-06-03,https://funatsuri-yoso.com/fish_area/akamutsu-hasaki.html,1,3,0.333333,15
2026-06-03,https://funatsuri-yoso.com/fish_area/amadai-usami.html,0,1,0,21
2026-06-03,https://funatsuri-yoso.com/fish_area/hirame-hasaki.html,0,1,0,6
2026-06-03,https://funatsuri-yoso.com/fish_area/hirame-iioka.html,0,2,0,9.5
2026-06-03,https://funatsuri-yoso.com/fish_area/inada-hiratsuka.html,0,1,0,12
2026-06-03,https://funatsuri-yoso.com/fish_area/inada-matsuwa-ena.html,1,1,1,2
2026-06-03,https://funatsuri-yoso.com/fish_area/isaki-kanazawa-hakkei.html,2,19,0.105263,9.42
2026-06-03,https://funatsuri-yoso.com/fish_area/isaki-katakai.html,0,1,0,4
2026-06-03,https://funatsuri-yoso.com/fish_area/isaki-ohara.html,0,1,0,7
2026-06-03,https://funatsuri-yoso.com/fish_area/isaki-omaezaki.html,0,1,0,6
2026-06-03,https://funatsuri-yoso.com/fish_area/isaki-sunosaki.html,0,1,0,8
2026-06-03,https://funatsuri-yoso.com/fish_area/isaki-teishi.html,0,2,0,8
2026-06-03,https://funatsuri-yoso.com/fish_area/kasago-hasaki.html,0,1,0,11
2026-06-03,https://funatsuri-yoso.com/fish_area/kintoki-ohara.html,0,1,0,5
2026-06-03,https://funatsuri-yoso.com/fish_area/kurodai-%E5%B9%B3%E5%A1%9A%E6%BC%81%E6%B8%AF.html,0,2,0,10
2026-06-03,https://funatsuri-yoso.com/fish_area/madai-%E5%A4%A7%E6%B4%97%E7%94%BA%E5%A4%A7%E6%B4%97%E6%B8%AF.html,0,1,0,10
2026-06-03,https://funatsuri-yoso.com/fish_area/madai-kashima-port.html,0,1,0,2
2026-06-03,https://funatsuri-yoso.com/fish_area/magochi-kashima-port.html,0,1,0,9
2026-06-03,https://funatsuri-yoso.com/fish_area/onikasago-katase-gyoko.html,0,1,0,10
2026-06-03,https://funatsuri-yoso.com/fish_area/onikasago-sajima.html,0,1,0,3
2026-06-03,https://funatsuri-yoso.com/fish_area/shima-aji-ohara.html,1,3,0.333333,9
2026-06-03,https://funatsuri-yoso.com/fish_area/surumeika-nagai.html,0,1,0,12
2026-06-03,https://funatsuri-yoso.com/fish_area/tai-gomoku-oarai.html,0,1,0,4
2026-06-03,https://funatsuri-yoso.com/ship/amasakeya-maru.html,0,1,0,9
2026-06-03,https://funatsuri-yoso.com/ship/baika-maru.html,0,1,0,9
2026-06-03,https://funatsuri-yoso.com/ship/daikyu-maru.html,0,2,0,7
2026-06-03,https://funatsuri-yoso.com/ship/daini-tsuretaka-maru.html,0,1,0,6
2026-06-03,https://funatsuri-yoso.com/ship/gibei-maru.html,0,1,0,9
2026-06-03,https://funatsuri-yoso.com/ship/hitachi-maru.html,0,2,0,7
2026-06-03,https://funatsuri-yoso.com/ship/jin-maru.html,0,1,0,49
2026-06-03,https://funatsuri-yoso.com/ship/kako-maru.html,0,2,0,13
2026-06-03,https://funatsuri-yoso.com/ship/kamedaya.html,0,4,0,8.5
2026-06-03,https://funatsuri-yoso.com/ship/kanjiro-maru.html,0,2,0,8.5
2026-06-03,https://funatsuri-yoso.com/ship/koei-maru-yaizu.html,0,3,0,10.33
2026-06-03,https://funatsuri-yoso.com/ship/koshiba-maru.html,1,7,0.142857,9.14
2026-06-03,https://funatsuri-yoso.com/ship/mikawaya.html,0,2,0,8
2026-06-03,https://funatsuri-yoso.com/ship/minamiizu-chubee-maru.html,0,1,0,10
2026-06-03,https://funatsuri-yoso.com/ship/moki-maru.html,0,3,0,8.67
2026-06-03,https://funatsuri-yoso.com/ship/nikaiya-maru.html,0,2,0,6.5
2026-06-03,https://funatsuri-yoso.com/ship/nintoku-maru.html,0,5,0,8.4
2026-06-03,https://funatsuri-yoso.com/ship/nissho-maru.html,0,1,0,10
2026-06-03,https://funatsuri-yoso.com/ship/saemi-maru.html,0,2,0,12.5
2026-06-03,https://funatsuri-yoso.com/ship/seisho-maru.html,0,1,0,9
2026-06-03,https://funatsuri-yoso.com/ship/shofuku-maru.html,0,2,0,10.5
2026-06-03,https://funatsuri-yoso.com/ship/tomo-maru.html,0,1,0,17
2026-06-04,https://funatsuri-yoso.com/,0,4,0,14.25
2026-06-04,https://funatsuri-yoso.com/area/amatsu.html,0,3,0,7
2026-06-04,https://funatsuri-yoso.com/area/hitachi-kuji.html,0,1,0,10
2026-06-04,https://funatsuri-yoso.com/area/iioka.html,0,9,0,8
2026-06-04,https://funatsuri-yoso.com/area/jogashima-oki.html,0,1,0,2
2026-06-04,https://funatsuri-yoso.com/area/kanaya-oki.html,0,1,0,20
2026-06-04,https://funatsuri-yoso.com/area/katakai.html,0,4,0,10.25
2026-06-04,https://funatsuri-yoso.com/area/nagai-shinjuku.html,0,3,0,10
2026-06-04,https://funatsuri-yoso.com/area/oarai.html,0,4,0,9.75
2026-06-04,https://funatsuri-yoso.com/area/ohara.html,0,2,0,20
2026-06-04,https://funatsuri-yoso.com/fish/,0,1,0,7
2026-06-04,https://funatsuri-yoso.com/fish/aji.html,0,7,0,9.14
2026-06-04,https://funatsuri-yoso.com/fish/anago.html,0,1,0,32
2026-06-04,https://funatsuri-yoso.com/fish/aoriika.html,0,3,0,8
2026-06-04,https://funatsuri-yoso.com/fish/ara.html,0,1,0,2
2026-06-04,https://funatsuri-yoso.com/fish/bishi-aji.html,0,1,0,2
2026-06-04,https://funatsuri-yoso.com/fish/hanadai.html,0,2,0,6
2026-06-04,https://funatsuri-yoso.com/fish/hirame.html,0,2,0,8.5
2026-06-04,https://funatsuri-yoso.com/fish/isaki.html,1,8,0.125,7
2026-06-04,https://funatsuri-yoso.com/fish/kanpachi.html,0,1,0,4
2026-06-04,https://funatsuri-yoso.com/fish/karei.html,0,1,0,10
2026-06-04,https://funatsuri-yoso.com/fish/kintoki.html,0,1,0,2
2026-06-04,https://funatsuri-yoso.com/fish/kurodai.html,0,1,0,11
2026-06-04,https://funatsuri-yoso.com/fish/kuromutsu.html,0,1,0,8
2026-06-04,https://funatsuri-yoso.com/fish/madai.html,0,1,0,9
2026-06-04,https://funatsuri-yoso.com/fish/madako.html,0,1,0,32
2026-06-04,https://funatsuri-yoso.com/fish/maruika.html,0,2,0,13.5
2026-06-04,https://funatsuri-yoso.com/fish/mugiika.html,1,4,0.25,8
2026-06-04,https://funatsuri-yoso.com/fish/shima-aji.html,1,12,0.083333,7.83
2026-06-04,https://funatsuri-yoso.com/fish/shirogisu.html,0,1,0,8
2026-06-04,https://funatsuri-yoso.com/fish/sumiika.html,0,1,0,8
2026-06-04,https://funatsuri-yoso.com/fish/tachiuo.html,0,4,0,14.5
2026-06-04,https://funatsuri-yoso.com/fish/warasa.html,0,2,0,4.5
2026-06-04,https://funatsuri-yoso.com/fish/yariika.html,0,1,0,8
2026-06-04,https://funatsuri-yoso.com/fish_area/aji-fukuura-yugawara.html,0,1,0,17
2026-06-04,https://funatsuri-yoso.com/fish_area/aji-ito-shi.html,0,1,0,10
2026-06-04,https://funatsuri-yoso.com/fish_area/aji-kanazawa-gyoko.html,0,1,0,7
2026-06-04,https://funatsuri-yoso.com/fish_area/aji-yaizu.html,0,2,0,8
2026-06-04,https://funatsuri-yoso.com/fish_area/akamutsu-hasaki.html,0,1,0,16
2026-06-04,https://funatsuri-yoso.com/fish_area/aoriika-sajima.html,0,2,0,4
2026-06-04,https://funatsuri-yoso.com/fish_area/fugu-kashima-port.html,0,1,0,4
2026-06-04,https://funatsuri-yoso.com/fish_area/hirame-shimoda.html,0,1,0,11
2026-06-04,https://funatsuri-yoso.com/fish_area/inada-hiragata.html,0,1,0,10
2026-06-04,https://funatsuri-yoso.com/fish_area/inada-hiratsuka.html,0,2,0,25
2026-06-04,https://funatsuri-yoso.com/fish_area/isaki-kanazawa-hakkei.html,2,16,0.125,10.94
2026-06-04,https://funatsuri-yoso.com/fish_area/isaki-ohara.html,1,3,0.333333,18.33
2026-06-04,https://funatsuri-yoso.com/fish_area/isaki-omaezaki.html,0,2,0,8.5
2026-06-04,https://funatsuri-yoso.com/fish_area/isaki-sunosaki.html,0,1,0,7
2026-06-04,https://funatsuri-yoso.com/fish_area/isaki-yaizu.html,0,1,0,6
2026-06-04,https://funatsuri-yoso.com/fish_area/kinmedai-teishi.html,0,1,0,7
2026-06-04,https://funatsuri-yoso.com/fish_area/madai-enoura.html,0,4,0,9.5
2026-06-04,https://funatsuri-yoso.com/fish_area/madai-hachimanbashi.html,0,1,0,8
2026-06-04,https://funatsuri-yoso.com/fish_area/madai-kashima.html,0,1,0,10
2026-06-04,https://funatsuri-yoso.com/fish_area/madako-koshiba.html,0,2,0,11
2026-06-04,https://funatsuri-yoso.com/fish_area/magochi-kashima-port.html,0,1,0,12
2026-06-04,https://funatsuri-yoso.com/fish_area/mahata-iioka.html,0,1,0,14
2026-06-04,https://funatsuri-yoso.com/fish_area/mebaru-hasaki.html,0,1,0,5
2026-06-04,https://funatsuri-yoso.com/fish_area/moroko-shimoda.html,0,4,0,8.5
2026-06-04,https://funatsuri-yoso.com/fish_area/seabass-kiba.html,1,1,1,3
2026-06-04,https://funatsuri-yoso.com/fish_area/shima-aji-shimoda.html,0,1,0,11
2026-06-04,https://funatsuri-yoso.com/fish_area/shima-aji-teishi.html,0,1,0,11
2026-06-04,https://funatsuri-yoso.com/fish_area/surumeika-nagai.html,0,1,0,6
2026-06-04,https://funatsuri-yoso.com/fish_area/tachiuo-koshiba.html,0,1,0,10
2026-06-04,https://funatsuri-yoso.com/pages/about.html,0,1,0,11
2026-06-04,https://funatsuri-yoso.com/ship/baika-maru.html,0,3,0,30
2026-06-04,https://funatsuri-yoso.com/ship/blue-dragon.html,0,5,0,7.6
2026-06-04,https://funatsuri-yoso.com/ship/chowari-01241.html,0,1,0,15
2026-06-04,https://funatsuri-yoso.com/ship/chowari-01696.html,0,2,0,8
2026-06-04,https://funatsuri-yoso.com/ship/daijugo-shoun-maru.html,0,1,0,9
2026-06-04,https://funatsuri-yoso.com/ship/daikyu-maru.html,0,1,0,6
2026-06-04,https://funatsuri-yoso.com/ship/daini-tsuretaka-maru.html,0,2,0,8
2026-06-04,https://funatsuri-yoso.com/ship/dengoro-maru.html,0,3,0,15
2026-06-04,https://funatsuri-yoso.com/ship/gibei-maru.html,0,1,0,10
2026-06-04,https://funatsuri-yoso.com/ship/hitachi-maru.html,0,3,0,20.33
2026-06-04,https://funatsuri-yoso.com/ship/irifune.html,0,1,0,18
2026-06-04,https://funatsuri-yoso.com/ship/kako-maru.html,0,3,0,12
2026-06-04,https://funatsuri-yoso.com/ship/kamedaya.html,0,1,0,11
2026-06-04,https://funatsuri-yoso.com/ship/ko-maru-oiso.html,0,1,0,9
2026-06-04,https://funatsuri-yoso.com/ship/ko-maru.html,0,3,0,33.33
2026-06-04,https://funatsuri-yoso.com/ship/koei-maru-yaizu.html,1,6,0.166667,9.17
2026-06-04,https://funatsuri-yoso.com/ship/koshiba-maru.html,0,11,0,8.18
2026-06-04,https://funatsuri-yoso.com/ship/masaichi-maru.html,0,1,0,23
2026-06-04,https://funatsuri-yoso.com/ship/mikawaya.html,0,6,0,9.83
2026-06-04,https://funatsuri-yoso.com/ship/nagasakiya.html,0,2,0,8.5
2026-06-04,https://funatsuri-yoso.com/ship/nintoku-maru.html,0,1,0,11
2026-06-04,https://funatsuri-yoso.com/ship/nogeya-tsuribuneten.html,0,1,0,7
2026-06-04,https://funatsuri-yoso.com/ship/omatsu-maru.html,0,1,0,28
2026-06-04,https://funatsuri-yoso.com/ship/riki-maru.html,0,3,0,9
2026-06-04,https://funatsuri-yoso.com/ship/saemi-maru.html,0,3,0,13.33
2026-06-04,https://funatsuri-yoso.com/ship/sanjiro-maru.html,0,1,0,11
2026-06-04,https://funatsuri-yoso.com/ship/seisho-maru.html,0,1,0,8
2026-06-04,https://funatsuri-yoso.com/ship/tsune-maru.html,0,1,0,9
2026-06-04,https://funatsuri-yoso.com/ship/yusei-maru-katase.html,0,1,0,6
2026-06-05,https://funatsuri-yoso.com/,0,8,0,13.75
2026-06-05,https://funatsuri-yoso.com/area/amatsu.html,0,4,0,8.5
2026-06-05,https://funatsuri-yoso.com/area/futtsu.html,0,1,0,12
2026-06-05,https://funatsuri-yoso.com/area/hasaki-shinko.html,0,1,0,11
2026-06-05,https://funatsuri-yoso.com/area/iioka.html,0,9,0,9
2026-06-05,https://funatsuri-yoso.com/area/katakai.html,0,3,0,10
2026-06-05,https://funatsuri-yoso.com/area/oarai.html,0,10,0,8.7
2026-06-05,https://funatsuri-yoso.com/area/ohara.html,1,1,1,2
2026-06-05,https://funatsuri-yoso.com/area/rokugo-suimon.html,0,1,0,9
2026-06-05,https://funatsuri-yoso.com/area/sajima.html,0,1,0,10
2026-06-05,https://funatsuri-yoso.com/fish/,0,3,0,9.33
2026-06-05,https://funatsuri-yoso.com/fish/aji.html,0,5,0,18
2026-06-05,https://funatsuri-yoso.com/fish/aoriika.html,0,2,0,10
2026-06-05,https://funatsuri-yoso.com/fish/ara.html,0,4,0,7.75
2026-06-05,https://funatsuri-yoso.com/fish/hirame.html,0,1,0,7
2026-06-05,https://funatsuri-yoso.com/fish/inada.html,0,2,0,5
2026-06-05,https://funatsuri-yoso.com/fish/isaki.html,0,2,0,10.5
2026-06-05,https://funatsuri-yoso.com/fish/kanpachi.html,0,6,0,10.5
2026-06-05,https://funatsuri-yoso.com/fish/katsuo.html,0,1,0,11
2026-06-05,https://funatsuri-yoso.com/fish/kihada-maguro.html,0,2,0,7.5
2026-06-05,https://funatsuri-yoso.com/fish/kuromutsu.html,0,1,0,9
2026-06-05,https://funatsuri-yoso.com/fish/madai.html,0,1,0,22
2026-06-05,https://funatsuri-yoso.com/fish/maruika.html,0,3,0,32.33
2026-06-05,https://funatsuri-yoso.com/fish/mugiika.html,0,1,0,6
2026-06-05,https://funatsuri-yoso.com/fish/shima-aji.html,0,11,0,7.64
2026-06-05,https://funatsuri-yoso.com/fish/shirogisu.html,0,1,0,8
2026-06-05,https://funatsuri-yoso.com/fish/tachiuo.html,0,3,0,12
2026-06-05,https://funatsuri-yoso.com/fish/yariika.html,0,2,0,8
2026-06-05,https://funatsuri-yoso.com/fish_area/%E3%83%95%E3%82%B0_%E6%B5%A6%E5%AE%89.html,0,1,0,9
2026-06-05,https://funatsuri-yoso.com/fish_area/aji-enoura.html,0,1,0,2
2026-06-05,https://funatsuri-yoso.com/fish_area/aji-manazuru-port.html,0,2,0,10
2026-06-05,https://funatsuri-yoso.com/fish_area/aji-ohara.html,0,1,0,10
2026-06-05,https://funatsuri-yoso.com/fish_area/fugu-kashima.html,0,1,0,9
2026-06-05,https://funatsuri-yoso.com/fish_area/hirame-iioka.html,0,8,0,8.25
2026-06-05,https://funatsuri-yoso.com/fish_area/hirame-kashima.html,0,1,0,6
2026-06-05,https://funatsuri-yoso.com/fish_area/hirame-omaezaki.html,0,1,0,8
2026-06-05,https://funatsuri-yoso.com/fish_area/isaki-kanazawa-hakkei.html,0,10,0,11.2
2026-06-05,https://funatsuri-yoso.com/fish_area/isaki-ohara.html,0,3,0,8.67
2026-06-05,https://funatsuri-yoso.com/fish_area/karei-katase-gyoko.html,0,1,0,13
2026-06-05,https://funatsuri-yoso.com/fish_area/kasago-kubiri.html,0,1,0,8
2026-06-05,https://funatsuri-yoso.com/fish_area/kintoki-ohara.html,1,1,1,8
2026-06-05,https://funatsuri-yoso.com/fish_area/madai-enoura.html,0,2,0,11
2026-06-05,https://funatsuri-yoso.com/fish_area/madako-koshiba.html,0,3,0,7
2026-06-05,https://funatsuri-yoso.com/fish_area/magochi-kashima-port.html,1,1,1,5
2026-06-05,https://funatsuri-yoso.com/fish_area/mahata-iioka.html,0,1,0,2
2026-06-05,https://funatsuri-yoso.com/fish_area/maruika-%E8%91%89%E5%B1%B1%E7%94%BA%E8%91%89%E5%B1%B1%E9%90%99%E6%91%BA%E6%B8%AF.html,0,1,0,19
2026-06-05,https://funatsuri-yoso.com/fish_area/seabass-ebitorigawa.html,0,1,0,8
2026-06-05,https://funatsuri-yoso.com/fish_area/shima-aji-ohara.html,0,2,0,6.5
2026-06-05,https://funatsuri-yoso.com/fish_area/shima-aji-shimoda.html,0,1,0,10
2026-06-05,https://funatsuri-yoso.com/fish_area/shousaifugu-kashima-port.html,0,1,0,7
2026-06-05,https://funatsuri-yoso.com/fish_area/tachiuo-yaizu.html,0,1,0,9
2026-06-05,https://funatsuri-yoso.com/ship/amasakeya-maru.html,0,2,0,17
2026-06-05,https://funatsuri-yoso.com/ship/baika-maru.html,0,5,0,18.8
2026-06-05,https://funatsuri-yoso.com/ship/chowari-01241.html,0,1,0,16
2026-06-05,https://funatsuri-yoso.com/ship/chowari-01680.html,0,1,0,8
2026-06-05,https://funatsuri-yoso.com/ship/daikyu-maru.html,0,3,0,10
2026-06-05,https://funatsuri-yoso.com/ship/daini-tsuretaka-maru.html,0,2,0,10
2026-06-05,https://funatsuri-yoso.com/ship/daisan-shoei-maru.html,0,1,0,12
2026-06-05,https://funatsuri-yoso.com/ship/dengoro-maru.html,0,1,0,16
2026-06-05,https://funatsuri-yoso.com/ship/funayado-mameya.html,0,1,0,11
2026-06-05,https://funatsuri-yoso.com/ship/funayado-sawaura.html,1,1,1,5
2026-06-05,https://funatsuri-yoso.com/ship/hamasei-maru.html,0,1,0,11
2026-06-05,https://funatsuri-yoso.com/ship/hiroshimaya.html,0,1,0,9
2026-06-05,https://funatsuri-yoso.com/ship/hitachi-maru.html,0,1,0,35
2026-06-05,https://funatsuri-yoso.com/ship/ikatsu-maru.html,0,1,0,16
2026-06-05,https://funatsuri-yoso.com/ship/irifune.html,0,5,0,17.4
2026-06-05,https://funatsuri-yoso.com/ship/kamoshita-maru-kawana.html,0,1,0,11
2026-06-05,https://funatsuri-yoso.com/ship/kanjiro-maru.html,0,1,0,47
2026-06-05,https://funatsuri-yoso.com/ship/ko-maru.html,0,1,0,7
2026-06-05,https://funatsuri-yoso.com/ship/koei-maru-yaizu.html,0,4,0,8.5
2026-06-05,https://funatsuri-yoso.com/ship/koryo-maru.html,0,1,0,9
2026-06-05,https://funatsuri-yoso.com/ship/koshiba-maru.html,0,14,0,8.29
2026-06-05,https://funatsuri-yoso.com/ship/kyoei-maru.html,0,1,0,9
2026-06-05,https://funatsuri-yoso.com/ship/mikawaya.html,0,2,0,10.5
2026-06-05,https://funatsuri-yoso.com/ship/moki-maru.html,0,1,0,9
2026-06-05,https://funatsuri-yoso.com/ship/nagasakiya.html,0,1,0,9
2026-06-05,https://funatsuri-yoso.com/ship/nintoku-maru.html,0,3,0,7
2026-06-05,https://funatsuri-yoso.com/ship/riki-maru.html,0,1,0,10
2026-06-05,https://funatsuri-yoso.com/ship/seisho-maru.html,0,2,0,8
2026-06-05,https://funatsuri-yoso.com/ship/shintoku-maru.html,0,1,0,8
2026-06-05,https://funatsuri-yoso.com/ship/uptide-cruise.html,0,2,0,7.5
2026-06-05,https://funatsuri-yoso.com/ship/yusei-maru-katase.html,0,4,0,13.75
2026-06-06,https://funatsuri-yoso.com/,0,11,0,18.18
2026-06-06,https://funatsuri-yoso.com/area/amatsu.html,0,5,0,9.6
2026-06-06,https://funatsuri-yoso.com/area/fukuda.html,0,2,0,4
2026-06-06,https://funatsuri-yoso.com/area/hasaki-shinko.html,0,1,0,6
2026-06-06,https://funatsuri-yoso.com/area/hitachi-kuji.html,0,2,0,25.5
2026-06-06,https://funatsuri-yoso.com/area/iioka.html,0,9,0,14.33
2026-06-06,https://funatsuri-yoso.com/area/katakai.html,0,3,0,7.33
2026-06-06,https://funatsuri-yoso.com/area/nagaura.html,0,1,0,5
2026-06-06,https://funatsuri-yoso.com/area/oarai.html,0,8,0,5.88
2026-06-06,https://funatsuri-yoso.com/area/ohara.html,0,2,0,22
2026-06-06,https://funatsuri-yoso.com/area/sajima.html,0,1,0,11
2026-06-06,https://funatsuri-yoso.com/area/samezu-katsushima.html,0,1,0,11
2026-06-06,https://funatsuri-yoso.com/area/shin-imaibashi.html,0,1,0,13
2026-06-06,https://funatsuri-yoso.com/area/tachiaigawa-katsushima.html,0,1,0,2
2026-06-06,https://funatsuri-yoso.com/area/yaizu.html,0,1,0,14
2026-06-06,https://funatsuri-yoso.com/fish/,0,1,0,11
2026-06-06,https://funatsuri-yoso.com/fish/abura-bouzu.html,0,2,0,11
2026-06-06,https://funatsuri-yoso.com/fish/aji.html,0,2,0,9.5
2026-06-06,https://funatsuri-yoso.com/fish/aoriika.html,0,2,0,14.5
2026-06-06,https://funatsuri-yoso.com/fish/ara.html,0,1,0,6
2026-06-06,https://funatsuri-yoso.com/fish/hiramasa.html,0,2,0,9
2026-06-06,https://funatsuri-yoso.com/fish/hirame.html,0,1,0,10
2026-06-06,https://funatsuri-yoso.com/fish/inada.html,0,9,0,8.33
2026-06-06,https://funatsuri-yoso.com/fish/isaki.html,0,4,0,8.25
2026-06-06,https://funatsuri-yoso.com/fish/kanpachi.html,0,4,0,9
2026-06-06,https://funatsuri-yoso.com/fish/karei.html,0,2,0,4.5
2026-06-06,https://funatsuri-yoso.com/fish/maruika.html,0,6,0,12.67
2026-06-06,https://funatsuri-yoso.com/fish/shima-aji.html,0,4,0,9.5
2026-06-06,https://funatsuri-yoso.com/fish/shirogisu.html,0,4,0,7
2026-06-06,https://funatsuri-yoso.com/fish/tachiuo.html,0,4,0,8.5
2026-06-06,https://funatsuri-yoso.com/fish/torafugu.html,0,1,0,45
2026-06-06,https://funatsuri-yoso.com/fish/warasa.html,0,2,0,5.5
2026-06-06,https://funatsuri-yoso.com/fish_area/aji-atami-port.html,0,1,0,20
2026-06-06,https://funatsuri-yoso.com/fish_area/aji-kanazawa-gyoko.html,0,1,0,5
2026-06-06,https://funatsuri-yoso.com/fish_area/aji-kashima-port.html,0,1,0,10
2026-06-06,https://funatsuri-yoso.com/fish_area/aji-manazuru-port.html,0,1,0,8
2026-06-06,https://funatsuri-yoso.com/fish_area/aji-ohara.html,0,1,0,11
2026-06-06,https://funatsuri-yoso.com/fish_area/fugu-futtsu.html,0,1,0,7
2026-06-06,https://funatsuri-yoso.com/fish_area/hirame-iioka.html,0,1,0,12
2026-06-06,https://funatsuri-yoso.com/fish_area/hirame-oarai.html,0,1,0,6
2026-06-06,https://funatsuri-yoso.com/fish_area/isaki-kanazawa-hakkei.html,1,10,0.1,11.5
2026-06-06,https://funatsuri-yoso.com/fish_area/isaki-ohara.html,0,3,0,14.33
2026-06-06,https://funatsuri-yoso.com/fish_area/ishidai-omaezaki.html,1,1,1,7
2026-06-06,https://funatsuri-yoso.com/fish_area/kaiwari-arari.html,0,1,0,12
2026-06-06,https://funatsuri-yoso.com/fish_area/kanpachi-omaezaki.html,0,1,0,12
2026-06-06,https://funatsuri-yoso.com/fish_area/katsuo-odawara-hayakawa.html,0,1,0,8
2026-06-06,https://funatsuri-yoso.com/fish_area/mahata-imai-suimon.html,0,2,0,8
2026-06-06,https://funatsuri-yoso.com/fish_area/maruika-sajima.html,0,1,0,8
2026-06-06,https://funatsuri-yoso.com/fish_area/mugiika-toda-shizuoka.html,0,1,0,9
2026-06-06,https://funatsuri-yoso.com/fish_area/shiira-hiratsuka.html,0,1,0,10
2026-06-06,https://funatsuri-yoso.com/fish_area/shima-aji-ohara.html,0,2,0,11.5
2026-06-06,https://funatsuri-yoso.com/fish_area/shirogisu-edogawa.html,0,1,0,11
2026-06-06,https://funatsuri-yoso.com/fish_area/shirogisu-oiso.html,0,1,0,7
2026-06-06,https://funatsuri-yoso.com/fish_area/tachiuo-koshiba.html,0,1,0,20
2026-06-06,https://funatsuri-yoso.com/fish_area/tachiuo-yaizu.html,0,2,0,12
2026-06-06,https://funatsuri-yoso.com/ship/baika-maru.html,0,1,0,17
2026-06-06,https://funatsuri-yoso.com/ship/blue-dragon.html,0,1,0,14
2026-06-06,https://funatsuri-yoso.com/ship/chowari-01696.html,0,1,0,9
2026-06-06,https://funatsuri-yoso.com/ship/daini-tsuretaka-maru.html,0,4,0,9
2026-06-06,https://funatsuri-yoso.com/ship/daisan-shoei-maru.html,0,1,0,18
2026-06-06,https://funatsuri-yoso.com/ship/fudo-maru.html,0,1,0,8
2026-06-06,https://funatsuri-yoso.com/ship/funayado-mameya.html,0,1,0,11
2026-06-06,https://funatsuri-yoso.com/ship/hirono-maru.html,0,5,0,8.8
2026-06-06,https://funatsuri-yoso.com/ship/hitachi-maru.html,0,2,0,27.5
2026-06-06,https://funatsuri-yoso.com/ship/kamoshita-maru-kawana.html,0,2,0,9
2026-06-06,https://funatsuri-yoso.com/ship/ko-maru-oiso.html,0,1,0,7
2026-06-06,https://funatsuri-yoso.com/ship/ko-maru.html,0,4,0,6.75
2026-06-06,https://funatsuri-yoso.com/ship/koei-maru-yaizu.html,1,4,0.25,6
2026-06-06,https://funatsuri-yoso.com/ship/koshiba-maru.html,0,7,0,9.57
2026-06-06,https://funatsuri-yoso.com/ship/kyoei-maru.html,0,2,0,10.5
2026-06-06,https://funatsuri-yoso.com/ship/minosuke-maru.html,0,1,0,8
2026-06-06,https://funatsuri-yoso.com/ship/moki-maru.html,0,1,0,11
2026-06-06,https://funatsuri-yoso.com/ship/nagasakiya.html,0,1,0,9
2026-06-06,https://funatsuri-yoso.com/ship/nikaiya-maru.html,0,1,0,6
2026-06-06,https://funatsuri-yoso.com/ship/omatsu-maru.html,0,2,0,21.5
2026-06-06,https://funatsuri-yoso.com/ship/riki-maru.html,0,3,0,10.67
2026-06-06,https://funatsuri-yoso.com/ship/saemi-maru.html,0,2,0,12
2026-06-06,https://funatsuri-yoso.com/ship/seisho-maru.html,0,1,0,9
2026-06-06,https://funatsuri-yoso.com/ship/shintoku-maru.html,0,3,0,9.67
2026-06-06,https://funatsuri-yoso.com/ship/shojiro-maru.html,0,1,0,7
2026-06-06,https://funatsuri-yoso.com/ship/tsune-maru.html,0,1,0,9
2026-06-06,https://funatsuri-yoso.com/ship/yusei-maru-katase.html,0,4,0,12.25
2026-06-07,https://funatsuri-yoso.com/,0,18,0,10.94
2026-06-07,https://funatsuri-yoso.com/area/amatsu.html,0,2,0,10
2026-06-07,https://funatsuri-yoso.com/area/futtsu.html,0,1,0,74
2026-06-07,https://funatsuri-yoso.com/area/hitachi-kuji.html,0,1,0,1
2026-06-07,https://funatsuri-yoso.com/area/iioka.html,0,13,0,18.08
2026-06-07,https://funatsuri-yoso.com/area/katakai.html,0,4,0,11
2026-06-07,https://funatsuri-yoso.com/area/nomigawa.html,0,1,0,7
2026-06-07,https://funatsuri-yoso.com/area/oarai.html,0,1,0,11
2026-06-07,https://funatsuri-yoso.com/area/ohara.html,0,3,0,9.67
2026-06-07,https://funatsuri-yoso.com/area/sajima.html,0,2,0,10.5
2026-06-07,https://funatsuri-yoso.com/fish/,0,4,0,10
2026-06-07,https://funatsuri-yoso.com/fish/abura-bouzu.html,1,2,0.5,6
2026-06-07,https://funatsuri-yoso.com/fish/aji.html,0,3,0,9.67
2026-06-07,https://funatsuri-yoso.com/fish/aoriika.html,0,3,0,11
2026-06-07,https://funatsuri-yoso.com/fish/ara.html,0,3,0,7
2026-06-07,https://funatsuri-yoso.com/fish/bishi-aji.html,0,1,0,11
2026-06-07,https://funatsuri-yoso.com/fish/hanadai.html,0,2,0,20.5
2026-06-07,https://funatsuri-yoso.com/fish/hiramasa.html,0,2,0,9.5
2026-06-07,https://funatsuri-yoso.com/fish/hirame.html,0,9,0,8.11
2026-06-07,https://funatsuri-yoso.com/fish/inada.html,0,15,0,6.53
2026-06-07,https://funatsuri-yoso.com/fish/isaki.html,0,7,0,9.86
2026-06-07,https://funatsuri-yoso.com/fish/kanpachi.html,0,3,0,14
2026-06-07,https://funatsuri-yoso.com/fish/karei.html,0,1,0,5
2026-06-07,https://funatsuri-yoso.com/fish/katsuo.html,0,2,0,11.5
2026-06-07,https://funatsuri-yoso.com/fish/kihada-maguro.html,0,1,0,8
2026-06-07,https://funatsuri-yoso.com/fish/kintoki.html,0,1,0,9
2026-06-07,https://funatsuri-yoso.com/fish/madai.html,0,1,0,5
2026-06-07,https://funatsuri-yoso.com/fish/maruika.html,1,5,0.2,6.4
2026-06-07,https://funatsuri-yoso.com/fish/shima-aji.html,0,12,0,6.83
2026-06-07,https://funatsuri-yoso.com/fish/tachiuo.html,0,2,0,12.5
2026-06-07,https://funatsuri-yoso.com/fish/torafugu.html,0,1,0,7
2026-06-07,https://funatsuri-yoso.com/fish/yariika.html,0,1,0,5
2026-06-07,https://funatsuri-yoso.com/fish_area/abura-bouzu-hasaki-shinko.html,0,1,0,5
2026-06-07,https://funatsuri-yoso.com/fish_area/aji-%E4%BD%90%E5%B3%B6%E6%B8%AF.html,0,1,0,11
2026-06-07,https://funatsuri-yoso.com/fish_area/aji-kanaya.html,0,1,0,9
2026-06-07,https://funatsuri-yoso.com/fish_area/aji-oarai.html,0,1,0,12
2026-06-07,https://funatsuri-yoso.com/fish_area/aji-omaezaki.html,0,1,0,7
2026-06-07,https://funatsuri-yoso.com/fish_area/anago-rokugo-suimon.html,0,1,0,5
2026-06-07,https://funatsuri-yoso.com/fish_area/ara-hasaki.html,0,1,0,12
2026-06-07,https://funatsuri-yoso.com/fish_area/buri-oiso.html,0,1,0,14
2026-06-07,https://funatsuri-yoso.com/fish_area/hanadai-%E6%9D%BE%E5%B4%8E%E7%94%BA%E6%9D%BE%E5%B4%8E%E6%B8%AF.html,0,1,0,20
2026-06-07,https://funatsuri-yoso.com/fish_area/hiramasa-kashima.html,0,1,0,8
2026-06-07,https://funatsuri-yoso.com/fish_area/hirame-hamanamegawa.html,0,1,0,12
2026-06-07,https://funatsuri-yoso.com/fish_area/hirame-iioka.html,0,1,0,9
2026-06-07,https://funatsuri-yoso.com/fish_area/hirame-oarai.html,0,2,0,7
2026-06-07,https://funatsuri-yoso.com/fish_area/isaki-kanazawa-hakkei.html,0,2,0,11
2026-06-07,https://funatsuri-yoso.com/fish_area/isaki-ohara.html,0,2,0,34
2026-06-07,https://funatsuri-yoso.com/fish_area/kanpachi-teishi.html,0,1,0,7
2026-06-07,https://funatsuri-yoso.com/fish_area/kasago-%E5%A4%A7%E7%94%B0%E5%8C%BA%E7%BE%BD%E7%94%B0.html,0,1,0,10
2026-06-07,https://funatsuri-yoso.com/fish_area/kasago-kiba.html,0,1,0,8
2026-06-07,https://funatsuri-yoso.com/fish_area/kintoki-emi.html,0,1,0,10
2026-06-07,https://funatsuri-yoso.com/fish_area/madai-kanazawa-hakkei-otomo.html,0,3,0,6.67
2026-06-07,https://funatsuri-yoso.com/fish_area/madai-yaizu.html,1,2,0.5,9
2026-06-07,https://funatsuri-yoso.com/fish_area/mahata-hiragata.html,0,1,0,5
2026-06-07,https://funatsuri-yoso.com/fish_area/moroko-shimoda.html,0,2,0,9
2026-06-07,https://funatsuri-yoso.com/fish_area/mugiika-enoura.html,0,1,0,2
2026-06-07,https://funatsuri-yoso.com/fish_area/mugiika-odawara-shinko.html,0,1,0,12
2026-06-07,https://funatsuri-yoso.com/fish_area/shima-aji-aihama.html,0,1,0,11
2026-06-07,https://funatsuri-yoso.com/fish_area/shima-aji-ohara.html,0,2,0,15
2026-06-07,https://funatsuri-yoso.com/fish_area/shima-aji-shimoda.html,0,1,0,4
2026-06-07,https://funatsuri-yoso.com/fish_area/shousaifugu-%E5%A4%A7%E7%94%B0%E5%8C%BA%E7%BE%BD%E7%94%B0.html,0,1,0,12
2026-06-07,https://funatsuri-yoso.com/pages/about.html,0,3,0,2
2026-06-07,https://funatsuri-yoso.com/pages/contact.html,0,3,0,2.67
2026-06-07,https://funatsuri-yoso.com/pages/terms.html,0,3,0,3.33
2026-06-07,https://funatsuri-yoso.com/premium/plan.html,0,2,0,3
2026-06-07,https://funatsuri-yoso.com/ship/amasakeya-maru.html,0,1,0,10
2026-06-07,https://funatsuri-yoso.com/ship/baika-maru.html,0,4,0,34.75
2026-06-07,https://funatsuri-yoso.com/ship/daikyu-maru.html,0,1,0,7
2026-06-07,https://funatsuri-yoso.com/ship/daini-tsuretaka-maru.html,0,1,0,31
2026-06-07,https://funatsuri-yoso.com/ship/dengoro-maru.html,0,2,0,9.5
2026-06-07,https://funatsuri-yoso.com/ship/fudo-maru.html,0,1,0,10
2026-06-07,https://funatsuri-yoso.com/ship/funayado-mameya.html,0,1,0,8
2026-06-07,https://funatsuri-yoso.com/ship/hirono-maru.html,0,20,0,8.4
2026-06-07,https://funatsuri-yoso.com/ship/ikatsu-maru.html,0,1,0,22
2026-06-07,https://funatsuri-yoso.com/ship/kamoshita-maru-kawana.html,0,1,0,9
2026-06-07,https://funatsuri-yoso.com/ship/ko-maru-oiso.html,0,1,0,8
2026-06-07,https://funatsuri-yoso.com/ship/koei-maru-yaizu.html,0,4,0,8
2026-06-07,https://funatsuri-yoso.com/ship/koshiba-maru.html,0,3,0,10
2026-06-07,https://funatsuri-yoso.com/ship/minosuke-maru.html,0,1,0,8
2026-06-07,https://funatsuri-yoso.com/ship/moki-maru.html,0,2,0,9.5
2026-06-07,https://funatsuri-yoso.com/ship/nissho-maru.html,0,1,0,22
2026-06-07,https://funatsuri-yoso.com/ship/omatsu-maru.html,1,1,1,9
2026-06-07,https://funatsuri-yoso.com/ship/riki-maru.html,0,6,0,9.33
2026-06-07,https://funatsuri-yoso.com/ship/ryusei-maru.html,0,1,0,12
2026-06-07,https://funatsuri-yoso.com/ship/sanjiro-maru.html,0,2,0,9.5
2026-06-07,https://funatsuri-yoso.com/ship/seisho-maru.html,0,1,0,8
2026-06-07,https://funatsuri-yoso.com/ship/shintoku-maru.html,0,2,0,14
2026-06-07,https://funatsuri-yoso.com/ship/suharaya.html,0,1,0,5
2026-06-07,https://funatsuri-yoso.com/ship/taro-maru.html,0,1,0,9
2026-06-07,https://funatsuri-yoso.com/ship/tsuyoshi-maru.html,0,1,0,6
2026-06-07,https://funatsuri-yoso.com/ship/yusei-maru-katase.html,0,3,0,18.67
2026-06-07,https://funatsuri-yoso.com/x_post/2026-06-03.html,0,1,0,7
2026-06-07,https://funatsuri-yoso.com/x_post/2026-06-05.html,1,2,0.5,3
2026-06-08,https://funatsuri-yoso.com/,0,7,0,18.57
2026-06-08,https://funatsuri-yoso.com/area/amatsu.html,1,8,0.125,7.38
2026-06-08,https://funatsuri-yoso.com/area/hitachi-kuji.html,0,2,0,18
2026-06-08,https://funatsuri-yoso.com/area/iioka.html,0,4,0,17
2026-06-08,https://funatsuri-yoso.com/area/katakai.html,0,3,0,12
2026-06-08,https://funatsuri-yoso.com/area/kiba.html,0,1,0,8
2026-06-08,https://funatsuri-yoso.com/area/manazuru-port.html,0,1,0,15
2026-06-08,https://funatsuri-yoso.com/area/oarai.html,1,6,0.166667,10.17
2026-06-08,https://funatsuri-yoso.com/area/sajima.html,0,1,0,11
2026-06-08,https://funatsuri-yoso.com/area/samezu-katsushima.html,0,1,0,8
2026-06-08,https://funatsuri-yoso.com/fish/,0,3,0,27.33
2026-06-08,https://funatsuri-yoso.com/fish/abura-bouzu.html,0,1,0,9
2026-06-08,https://funatsuri-yoso.com/fish/aji.html,0,2,0,15.5
2026-06-08,https://funatsuri-yoso.com/fish/akamutsu.html,0,1,0,1
2026-06-08,https://funatsuri-yoso.com/fish/aoriika.html,0,2,0,10.5
2026-06-08,https://funatsuri-yoso.com/fish/ara.html,0,2,0,8.5
2026-06-08,https://funatsuri-yoso.com/fish/hirame.html,0,5,0,7.8
2026-06-08,https://funatsuri-yoso.com/fish/inada.html,0,12,0,6.67
2026-06-08,https://funatsuri-yoso.com/fish/isaki.html,0,5,0,7.6
2026-06-08,https://funatsuri-yoso.com/fish/kanpachi.html,0,5,0,6.2
2026-06-08,https://funatsuri-yoso.com/fish/karei.html,0,2,0,10
2026-06-08,https://funatsuri-yoso.com/fish/madai.html,1,1,1,1
2026-06-08,https://funatsuri-yoso.com/fish/madako.html,0,1,0,7
2026-06-08,https://funatsuri-yoso.com/fish/maruika.html,0,3,0,7
2026-06-08,https://funatsuri-yoso.com/fish/moroko.html,0,1,0,1
2026-06-08,https://funatsuri-yoso.com/fish/shima-aji.html,0,2,0,8.5
2026-06-08,https://funatsuri-yoso.com/fish/shirogisu.html,0,1,0,18
2026-06-08,https://funatsuri-yoso.com/fish/tachiuo.html,0,12,0,8.83
2026-06-08,https://funatsuri-yoso.com/fish/yariika.html,0,4,0,9.5
2026-06-08,https://funatsuri-yoso.com/fish_area/aji-enoura.html,0,1,0,8
2026-06-08,https://funatsuri-yoso.com/fish_area/aji-haneda.html,0,1,0,10
2026-06-08,https://funatsuri-yoso.com/fish_area/aji-kanaya.html,0,1,0,6
2026-06-08,https://funatsuri-yoso.com/fish_area/aji-kashima-port.html,0,1,0,8
2026-06-08,https://funatsuri-yoso.com/fish_area/aji-katase-gyoko.html,0,2,0,4
2026-06-08,https://funatsuri-yoso.com/fish_area/aji-koshigoe.html,0,1,0,3
2026-06-08,https://funatsuri-yoso.com/fish_area/aji-manazuru-port.html,0,1,0,7
2026-06-08,https://funatsuri-yoso.com/fish_area/aji-omaezaki.html,0,1,0,11
2026-06-08,https://funatsuri-yoso.com/fish_area/buri-oiso.html,0,2,0,5
2026-06-08,https://funatsuri-yoso.com/fish_area/fugu-urayasu.html,0,2,0,4.5
2026-06-08,https://funatsuri-yoso.com/fish_area/hata-toda-shizuoka.html,0,1,0,5
2026-06-08,https://funatsuri-yoso.com/fish_area/hirame-iioka.html,0,2,0,7
2026-06-08,https://funatsuri-yoso.com/fish_area/hirame-oarai.html,0,1,0,33
2026-06-08,https://funatsuri-yoso.com/fish_area/hirame-shimoda.html,0,2,0,11
2026-06-08,https://funatsuri-yoso.com/fish_area/isaki-ohara.html,0,2,0,8
2026-06-08,https://funatsuri-yoso.com/fish_area/isaki-yaizu.html,0,1,0,5
2026-06-08,https://funatsuri-yoso.com/fish_area/kasago-hasaki-shinko.html,0,1,0,11
2026-06-08,https://funatsuri-yoso.com/fish_area/kintoki-emi.html,0,2,0,6.5
2026-06-08,https://funatsuri-yoso.com/fish_area/madai-kanazawa-hakkei-otomo.html,0,3,0,6
2026-06-08,https://funatsuri-yoso.com/fish_area/madai-usami.html,0,1,0,6
2026-06-08,https://funatsuri-yoso.com/fish_area/madai-yaizu.html,0,1,0,12
2026-06-08,https://funatsuri-yoso.com/fish_area/madai-yui.html,0,1,0,4
2026-06-08,https://funatsuri-yoso.com/fish_area/madako-urayasu.html,0,1,0,8
2026-06-08,https://funatsuri-yoso.com/fish_area/maruika-matsuwa-ena.html,0,2,0,6
2026-06-08,https://funatsuri-yoso.com/fish_area/moroko-shimoda.html,0,1,0,9
2026-06-08,https://funatsuri-yoso.com/fish_area/shiira-hiratsuka.html,0,1,0,11
2026-06-08,https://funatsuri-yoso.com/fish_area/shima-aji-ohara.html,0,3,0,6.33
2026-06-08,https://funatsuri-yoso.com/fish_area/shima-aji-shimoda.html,0,1,0,11
2026-06-08,https://funatsuri-yoso.com/fish_area/shirogisu-kanazawa-hakkei-hirakata.html,0,1,0,6
2026-06-08,https://funatsuri-yoso.com/fish_area/surumeika-katsuura.html,0,1,0,11
2026-06-08,https://funatsuri-yoso.com/monthly/2026-05/maruika.html,0,1,0,5
2026-06-08,https://funatsuri-yoso.com/monthly/2026-05/tachiuo.html,0,4,0,9
2026-06-08,https://funatsuri-yoso.com/pages/about.html,0,1,0,10
2026-06-08,https://funatsuri-yoso.com/ship/amasakeya-maru.html,0,1,0,7
2026-06-08,https://funatsuri-yoso.com/ship/baika-maru.html,0,2,0,10.5
2026-06-08,https://funatsuri-yoso.com/ship/chowari-01192.html,0,1,0,5
2026-06-08,https://funatsuri-yoso.com/ship/chowari-01696.html,0,1,0,11
2026-06-08,https://funatsuri-yoso.com/ship/daini-tsuretaka-maru.html,0,1,0,9
2026-06-08,https://funatsuri-yoso.com/ship/dengoro-maru.html,0,2,0,14.5
2026-06-08,https://funatsuri-yoso.com/ship/funayado-mameya.html,0,2,0,11.5
2026-06-08,https://funatsuri-yoso.com/ship/gishin-maru.html,0,1,0,7
2026-06-08,https://funatsuri-yoso.com/ship/hirono-maru.html,0,9,0,7.67
2026-06-08,https://funatsuri-yoso.com/ship/hiroshimaya.html,0,1,0,8
2026-06-08,https://funatsuri-yoso.com/ship/hitachi-maru.html,0,1,0,22
2026-06-08,https://funatsuri-yoso.com/ship/ikatsu-maru.html,0,2,0,10.5
2026-06-08,https://funatsuri-yoso.com/ship/kako-maru.html,0,1,0,1
2026-06-08,https://funatsuri-yoso.com/ship/kamoshita-maru-kawana.html,0,1,0,10
2026-06-08,https://funatsuri-yoso.com/ship/ko-maru.html,0,3,0,6
2026-06-08,https://funatsuri-yoso.com/ship/koei-maru-yaizu.html,0,6,0,9.17
2026-06-08,https://funatsuri-yoso.com/ship/nintoku-maru.html,0,1,0,10
2026-06-08,https://funatsuri-yoso.com/ship/nogeya-tsuribuneten.html,0,1,0,11
2026-06-08,https://funatsuri-yoso.com/ship/omatsu-maru.html,0,1,0,30
2026-06-08,https://funatsuri-yoso.com/ship/onuki-maru.html,0,1,0,17
2026-06-08,https://funatsuri-yoso.com/ship/riki-maru.html,0,3,0,11.33
2026-06-08,https://funatsuri-yoso.com/ship/saemi-maru.html,0,1,0,11
2026-06-08,https://funatsuri-yoso.com/ship/tsune-maru.html,0,1,0,9
2026-06-08,https://funatsuri-yoso.com/ship/yamakawa-maru.html,0,2,0,7
2026-06-08,https://funatsuri-yoso.com/ship/yuko-maru-iioka.html,0,1,0,9
2026-06-08,https://funatsuri-yoso.com/ship/yuko-maru-matsuwa.html,0,3,0,13.33
2026-06-08,https://funatsuri-yoso.com/x_post/2026-06-06.html,0,1,0,15
2026-06-09,https://funatsuri-yoso.com/,1,13,0.076923,13.92
2026-06-09,https://funatsuri-yoso.com/area/,0,2,0,30
2026-06-09,https://funatsuri-yoso.com/area/%E9%A3%AF%E5%B2%A1%E6%B8%AF.html,0,1,0,35
2026-06-09,https://funatsuri-yoso.com/area/amatsu.html,0,6,0,7.33
2026-06-09,https://funatsuri-yoso.com/area/fukuda.html,0,1,0,7
2026-06-09,https://funatsuri-yoso.com/area/hasaki-shinko.html,0,2,0,13.5
2026-06-09,https://funatsuri-yoso.com/area/hitachi-kuji.html,0,3,0,7.67
2026-06-09,https://funatsuri-yoso.com/area/iioka.html,0,1,0,7
2026-06-09,https://funatsuri-yoso.com/area/kanaya.html,0,1,0,4
2026-06-09,https://funatsuri-yoso.com/area/katakai.html,0,2,0,9
2026-06-09,https://funatsuri-yoso.com/area/nagai-shinjuku.html,0,1,0,19
2026-06-09,https://funatsuri-yoso.com/area/oarai.html,0,9,0,9.44
2026-06-09,https://funatsuri-yoso.com/area/ohara.html,0,5,0,26
2026-06-09,https://funatsuri-yoso.com/area/sajima.html,0,1,0,10
2026-06-09,https://funatsuri-yoso.com/area/teishi.html,0,1,0,5
2026-06-09,https://funatsuri-yoso.com/fish/,0,3,0,8.67
2026-06-09,https://funatsuri-yoso.com/fish/abura-bouzu.html,1,3,0.333333,4
2026-06-09,https://funatsuri-yoso.com/fish/aji.html,0,1,0,12
2026-06-09,https://funatsuri-yoso.com/fish/aoriika.html,0,4,0,7.25
2026-06-09,https://funatsuri-yoso.com/fish/hirame.html,0,1,0,9
2026-06-09,https://funatsuri-yoso.com/fish/inada.html,0,9,0,8
2026-06-09,https://funatsuri-yoso.com/fish/isaki.html,0,3,0,10.67
2026-06-09,https://funatsuri-yoso.com/fish/kanpachi.html,0,2,0,4.5
2026-06-09,https://funatsuri-yoso.com/fish/kurodai.html,0,2,0,38.5
2026-06-09,https://funatsuri-yoso.com/fish/kuromutsu.html,0,2,0,11
2026-06-09,https://funatsuri-yoso.com/fish/madai.html,0,7,0,7.14
2026-06-09,https://funatsuri-yoso.com/fish/maruika.html,0,6,0,18.17
2026-06-09,https://funatsuri-yoso.com/fish/shima-aji.html,0,11,0,7.55
2026-06-09,https://funatsuri-yoso.com/fish/shirogisu.html,0,1,0,11
2026-06-09,https://funatsuri-yoso.com/fish/sumiika.html,0,1,0,29
2026-06-09,https://funatsuri-yoso.com/fish/tachiuo.html,0,8,0,9.62
2026-06-09,https://funatsuri-yoso.com/fish/torafugu.html,0,1,0,60
2026-06-09,https://funatsuri-yoso.com/fish/yariika.html,0,2,0,9
2026-06-09,https://funatsuri-yoso.com/fish_area/aji-%E6%A8%AA%E6%B5%9C%E6%B8%AF.html,0,1,0,11
2026-06-09,https://funatsuri-yoso.com/fish_area/aji-ito-shi.html,0,1,0,11
2026-06-09,https://funatsuri-yoso.com/fish_area/aji-kamoi-omuro.html,0,1,0,10
2026-06-09,https://funatsuri-yoso.com/fish_area/aji-kanaya.html,0,1,0,11
2026-06-09,https://funatsuri-yoso.com/fish_area/aji-oarai.html,0,2,0,5
2026-06-09,https://funatsuri-yoso.com/fish_area/aji-usami.html,0,1,0,8
2026-06-09,https://funatsuri-yoso.com/fish_area/aji-yaizu.html,0,1,0,8
2026-06-09,https://funatsuri-yoso.com/fish_area/fugu-kashima-port.html,0,2,0,8.5
2026-06-09,https://funatsuri-yoso.com/fish_area/hirame-iioka.html,0,1,0,7
2026-06-09,https://funatsuri-yoso.com/fish_area/hirame-shimoda.html,0,1,0,2
2026-06-09,https://funatsuri-yoso.com/fish_area/isaki-%E6%9D%BE%E5%B4%8E%E7%94%BA%E6%9D%BE%E5%B4%8E%E6%B8%AF.html,0,2,0,7
2026-06-09,https://funatsuri-yoso.com/fish_area/isaki-ohara.html,0,4,0,17.75
2026-06-09,https://funatsuri-yoso.com/fish_area/isaki-teishi.html,0,6,0,3.83
2026-06-09,https://funatsuri-yoso.com/fish_area/kanpachi-teishi.html,0,1,0,9
2026-06-09,https://funatsuri-yoso.com/fish_area/kasago-usami.html,0,1,0,5
2026-06-09,https://funatsuri-yoso.com/fish_area/madai-yaizu.html,0,1,0,9
2026-06-09,https://funatsuri-yoso.com/fish_area/mebaru-nakaminato.html,0,1,0,8
2026-06-09,https://funatsuri-yoso.com/fish_area/mugiika-enoura.html,0,6,0,10.17
2026-06-09,https://funatsuri-yoso.com/fish_area/mugiika-hiratsuka.html,0,1,0,17
2026-06-09,https://funatsuri-yoso.com/fish_area/shima-aji-ohara.html,0,1,0,10
2026-06-09,https://funatsuri-yoso.com/fish_area/surumeika-nagai.html,0,1,0,6
2026-06-09,https://funatsuri-yoso.com/fish_area/warasa-%E8%91%89%E5%B1%B1%E7%94%BA%E8%91%89%E5%B1%B1%E9%90%99%E6%91%BA%E6%B8%AF.html,0,1,0,7
2026-06-09,https://funatsuri-yoso.com/fish_area/warasa-hitachi.html,0,1,0,6
2026-06-09,https://funatsuri-yoso.com/fish_area/warasa-nakaminato.html,0,1,0,11
2026-06-09,https://funatsuri-yoso.com/monthly/2026-05/isaki.html,1,3,0.333333,17.33
2026-06-09,https://funatsuri-yoso.com/monthly/2026-05/tachiuo.html,0,1,0,11
2026-06-09,https://funatsuri-yoso.com/pages/about.html,0,3,0,3
2026-06-09,https://funatsuri-yoso.com/ship/baika-maru.html,0,2,0,11
2026-06-09,https://funatsuri-yoso.com/ship/chigasaki-maru.html,0,2,0,9.5
2026-06-09,https://funatsuri-yoso.com/ship/chowari-00751.html,0,1,0,15
2026-06-09,https://funatsuri-yoso.com/ship/chowari-01696.html,0,2,0,6.5
2026-06-09,https://funatsuri-yoso.com/ship/daisan-kariyushi-maru.html,0,1,0,9
2026-06-09,https://funatsuri-yoso.com/ship/funayado-mameya.html,0,3,0,9.33
2026-06-09,https://funatsuri-yoso.com/ship/hirono-maru.html,0,14,0,8.21
2026-06-09,https://funatsuri-yoso.com/ship/hitachi-maru.html,0,2,0,25.5
2026-06-09,https://funatsuri-yoso.com/ship/kamoshita-maru-kawana.html,0,1,0,10
2026-06-09,https://funatsuri-yoso.com/ship/ko-maru-oiso.html,0,1,0,11
2026-06-09,https://funatsuri-yoso.com/ship/koei-maru-yaizu.html,0,4,0,7.5
2026-06-09,https://funatsuri-yoso.com/ship/koryo-maru.html,0,2,0,7.5
2026-06-09,https://funatsuri-yoso.com/ship/minosuke-maru.html,0,2,0,9
2026-06-09,https://funatsuri-yoso.com/ship/nintoku-maru.html,0,1,0,11
2026-06-09,https://funatsuri-yoso.com/ship/omatsu-maru.html,0,2,0,21.5
2026-06-09,https://funatsuri-yoso.com/ship/riki-maru.html,0,3,0,10.67
2026-06-09,https://funatsuri-yoso.com/ship/sanjiro-maru.html,0,1,0,9
2026-06-09,https://funatsuri-yoso.com/ship/seisho-maru.html,0,1,0,7
2026-06-09,https://funatsuri-yoso.com/ship/shintoku-maru.html,0,2,0,9
2026-06-09,https://funatsuri-yoso.com/ship/shojiro-maru.html,0,1,0,6
2026-06-09,https://funatsuri-yoso.com/ship/suzuki-maru-ajiro.html,0,1,0,7
2026-06-09,https://funatsuri-yoso.com/ship/taro-maru.html,0,1,0,7
2026-06-09,https://funatsuri-yoso.com/ship/yuko-maru-iioka.html,0,4,0,9.5
2026-06-09,https://funatsuri-yoso.com/ship/yuko-maru-matsuwa.html,1,7,0.142857,10.57
2026-06-09,https://funatsuri-yoso.com/ship/yusei-maru-katase.html,0,1,0,33
2026-06-10,https://funatsuri-yoso.com/,0,10,0,14.3
2026-06-10,https://funatsuri-yoso.com/area/amatsu.html,0,4,0,10
2026-06-10,https://funatsuri-yoso.com/area/arari.html,0,1,0,12
2026-06-10,https://funatsuri-yoso.com/area/futtsu.html,0,1,0,6
2026-06-10,https://funatsuri-yoso.com/area/hitachi-kuji.html,0,5,0,12.6
2026-06-10,https://funatsuri-yoso.com/area/iioka.html,1,15,0.066667,12
2026-06-10,https://funatsuri-yoso.com/area/kanaya.html,0,3,0,6.33
2026-06-10,https://funatsuri-yoso.com/area/katakai.html,0,3,0,6
2026-06-10,https://funatsuri-yoso.com/area/ninomiya-oki.html,1,1,1,7
2026-06-10,https://funatsuri-yoso.com/area/oarai.html,0,10,0,10.2
2026-06-10,https://funatsuri-yoso.com/area/ohara.html,0,4,0,14.25
2026-06-10,https://funatsuri-yoso.com/area/sunosaki.html,0,1,0,12
2026-06-10,https://funatsuri-yoso.com/area/teishi.html,0,1,0,6
2026-06-10,https://funatsuri-yoso.com/area/urayasu-bay.html,0,1,0,10
2026-06-10,https://funatsuri-yoso.com/fish/,0,3,0,7.67
2026-06-10,https://funatsuri-yoso.com/fish/abura-bouzu.html,0,2,0,6
2026-06-10,https://funatsuri-yoso.com/fish/aji.html,0,1,0,13
2026-06-10,https://funatsuri-yoso.com/fish/akamutsu.html,0,1,0,5
2026-06-10,https://funatsuri-yoso.com/fish/aoriika.html,0,10,0,9
2026-06-10,https://funatsuri-yoso.com/fish/ara.html,1,6,0.166667,4.33
2026-06-10,https://funatsuri-yoso.com/fish/bishi-aji.html,0,2,0,13.5
2026-06-10,https://funatsuri-yoso.com/fish/hirame.html,0,2,0,8
2026-06-10,https://funatsuri-yoso.com/fish/inada.html,1,7,0.142857,5.14
2026-06-10,https://funatsuri-yoso.com/fish/isaki.html,0,3,0,8.33
2026-06-10,https://funatsuri-yoso.com/fish/kanpachi.html,0,2,0,14
2026-06-10,https://funatsuri-yoso.com/fish/karei.html,1,2,0.5,7.5
2026-06-10,https://funatsuri-yoso.com/fish/katsuo.html,0,1,0,11
2026-06-10,https://funatsuri-yoso.com/fish/kuromutsu.html,0,6,0,8.5
2026-06-10,https://funatsuri-yoso.com/fish/madai.html,0,1,0,11
2026-06-10,https://funatsuri-yoso.com/fish/maruika.html,0,2,0,10
2026-06-10,https://funatsuri-yoso.com/fish/mugiika.html,0,1,0,7
2026-06-10,https://funatsuri-yoso.com/fish/shima-aji.html,0,5,0,7
2026-06-10,https://funatsuri-yoso.com/fish/tachiuo.html,0,9,0,12.56
2026-06-10,https://funatsuri-yoso.com/fish/torafugu.html,0,1,0,13
2026-06-10,https://funatsuri-yoso.com/fish/warasa.html,0,2,0,7.5
2026-06-10,https://funatsuri-yoso.com/fish/yariika.html,0,4,0,8.5
2026-06-10,https://funatsuri-yoso.com/fish_area/aji-atami-port.html,0,1,0,10
2026-06-10,https://funatsuri-yoso.com/fish_area/aji-kanaya.html,0,1,0,5
2026-06-10,https://funatsuri-yoso.com/fish_area/aji-manazuru-port.html,0,1,0,8
2026-06-10,https://funatsuri-yoso.com/fish_area/aji-oarai.html,0,1,0,12
2026-06-10,https://funatsuri-yoso.com/fish_area/amadai-togawa.html,0,1,0,6
2026-06-10,https://funatsuri-yoso.com/fish_area/hirame-iioka.html,0,1,0,8
2026-06-10,https://funatsuri-yoso.com/fish_area/isaki-ohara.html,0,3,0,11
2026-06-10,https://funatsuri-yoso.com/fish_area/isaki-teishi.html,0,1,0,7
2026-06-10,https://funatsuri-yoso.com/fish_area/kuromutsu-kanazawa-hakkei.html,0,1,0,10
2026-06-10,https://funatsuri-yoso.com/fish_area/madai-hitachi-kuji.html,0,1,0,13
2026-06-10,https://funatsuri-yoso.com/fish_area/madai-ito-tateyama.html,0,1,0,6
2026-06-10,https://funatsuri-yoso.com/fish_area/madai-nakaminato.html,0,1,0,32
2026-06-10,https://funatsuri-yoso.com/fish_area/moroko-shimoda.html,0,1,0,12
2026-06-10,https://funatsuri-yoso.com/fish_area/mugiika-enoura.html,0,2,0,10.5
2026-06-10,https://funatsuri-yoso.com/fish_area/mugiika-hayama-abuzuri.html,0,1,0,10
2026-06-10,https://funatsuri-yoso.com/fish_area/mugiika-hiratsuka.html,0,2,0,4.5
2026-06-10,https://funatsuri-yoso.com/fish_area/shiira-hiratsuka.html,0,1,0,8
2026-06-10,https://funatsuri-yoso.com/fish_area/shima-aji-ohara.html,1,1,1,9
2026-06-10,https://funatsuri-yoso.com/fish_area/shima-aji-shimoda.html,0,1,0,17
2026-06-10,https://funatsuri-yoso.com/fish_area/surumeika-katsuura.html,0,1,0,23
2026-06-10,https://funatsuri-yoso.com/index.html,0,1,0,52
2026-06-10,https://funatsuri-yoso.com/monthly/2026-05/maruika.html,0,1,0,9
2026-06-10,https://funatsuri-yoso.com/pages/about.html,1,2,0.5,6.5
2026-06-10,https://funatsuri-yoso.com/ship/baika-maru.html,0,1,0,9
2026-06-10,https://funatsuri-yoso.com/ship/daisan-kariyushi-maru.html,0,1,0,9
2026-06-10,https://funatsuri-yoso.com/ship/funayado-mameya.html,0,2,0,9.5
2026-06-10,https://funatsuri-yoso.com/ship/hamasei-maru.html,0,2,0,8.5
2026-06-10,https://funatsuri-yoso.com/ship/hirono-maru.html,0,13,0,8.23
2026-06-10,https://funatsuri-yoso.com/ship/juroheimaru.html,0,2,0,6
2026-06-10,https://funatsuri-yoso.com/ship/kanjiro-maru.html,0,2,0,16.5
2026-06-10,https://funatsuri-yoso.com/ship/ko-maru.html,0,1,0,7
2026-06-10,https://funatsuri-yoso.com/ship/koei-maru-yaizu.html,0,1,0,11
2026-06-10,https://funatsuri-yoso.com/ship/kotatsu-maru.html,0,1,0,7
2026-06-10,https://funatsuri-yoso.com/ship/nintoku-maru.html,0,3,0,11.67
2026-06-10,https://funatsuri-yoso.com/ship/seisho-maru.html,0,1,0,7
2026-06-10,https://funatsuri-yoso.com/ship/shintoku-maru.html,0,1,0,10
2026-06-10,https://funatsuri-yoso.com/ship/tsune-maru.html,0,1,0,10
2026-06-10,https://funatsuri-yoso.com/ship/yuko-maru-matsuwa.html,0,1,0,6
2026-06-10,https://funatsuri-yoso.com/ship/yusei-maru-katase.html,0,1,0,10
2026-06-11,https://funatsuri-yoso.com/,0,19,0,9.42
2026-06-11,https://funatsuri-yoso.com/area/amatsu.html,0,7,0,9.71
2026-06-11,https://funatsuri-yoso.com/area/futtsu.html,0,1,0,15
2026-06-11,https://funatsuri-yoso.com/area/hasaki-shinko.html,0,1,0,6
2026-06-11,https://funatsuri-yoso.com/area/hitachi-kuji.html,0,3,0,13.67
2026-06-11,https://funatsuri-yoso.com/area/iioka.html,0,60,0,9.32
2026-06-11,https://funatsuri-yoso.com/area/katakai.html,0,3,0,9.67
2026-06-11,https://funatsuri-yoso.com/area/oarai.html,0,12,0,7.83
2026-06-11,https://funatsuri-yoso.com/area/ohara.html,0,4,0,14.5
2026-06-11,https://funatsuri-yoso.com/area/sajima.html,0,1,0,6
2026-06-11,https://funatsuri-yoso.com/area/yaizu.html,0,1,0,11
2026-06-11,https://funatsuri-yoso.com/fish/,0,1,0,42
2026-06-11,https://funatsuri-yoso.com/fish/aji.html,0,1,0,12
2026-06-11,https://funatsuri-yoso.com/fish/aoriika.html,0,3,0,9.33
2026-06-11,https://funatsuri-yoso.com/fish/ara.html,1,3,0.333333,3
2026-06-11,https://funatsuri-yoso.com/fish/bishi-aji.html,0,4,0,8.75
2026-06-11,https://funatsuri-yoso.com/fish/hanadai.html,0,1,0,9
2026-06-11,https://funatsuri-yoso.com/fish/hirame.html,0,3,0,5.67
2026-06-11,https://funatsuri-yoso.com/fish/inada.html,0,6,0,4.33
2026-06-11,https://funatsuri-yoso.com/fish/isaki.html,0,1,0,9
2026-06-11,https://funatsuri-yoso.com/fish/kanpachi.html,0,3,0,9.67
2026-06-11,https://funatsuri-yoso.com/fish/karei.html,0,2,0,8.5
2026-06-11,https://funatsuri-yoso.com/fish/katsuo.html,0,2,0,8.5
2026-06-11,https://funatsuri-yoso.com/fish/kihada-maguro.html,0,2,0,8.5
2026-06-11,https://funatsuri-yoso.com/fish/kintoki.html,0,2,0,8.5
2026-06-11,https://funatsuri-yoso.com/fish/kurodai.html,0,1,0,1
2026-06-11,https://funatsuri-yoso.com/fish/madai.html,0,1,0,19
2026-06-11,https://funatsuri-yoso.com/fish/madako.html,0,4,0,10.75
2026-06-11,https://funatsuri-yoso.com/fish/maruika.html,0,3,0,29.67
2026-06-11,https://funatsuri-yoso.com/fish/mugiika.html,0,1,0,6
2026-06-11,https://funatsuri-yoso.com/fish/torafugu.html,1,1,1,3
2026-06-11,https://funatsuri-yoso.com/fish/warasa.html,0,1,0,12
2026-06-11,https://funatsuri-yoso.com/fish/yariika.html,1,7,0.142857,7.43
2026-06-11,https://funatsuri-yoso.com/fish_area/aji-kanaya.html,0,1,0,10
2026-06-11,https://funatsuri-yoso.com/fish_area/kawahagi-omaezaki.html,0,1,0,6
2026-06-11,https://funatsuri-yoso.com/fish_area/kuromutsu-kurihama.html,0,1,0,12
2026-06-11,https://funatsuri-yoso.com/fish_area/mugiika-hayama-abuzuri.html,0,1,0,8
2026-06-11,https://funatsuri-yoso.com/fish_area/seabass-edogawa.html,0,1,0,11
2026-06-11,https://funatsuri-yoso.com/index.html,0,1,0,7
2026-06-11,https://funatsuri-yoso.com/monthly/2026-05/maruika.html,0,1,0,7
2026-06-11,https://funatsuri-yoso.com/ship/baika-maru.html,0,3,0,60.67
2026-06-11,https://funatsuri-yoso.com/ship/gibei-maru.html,0,1,0,16
2026-06-11,https://funatsuri-yoso.com/ship/yusei-maru-katase.html,0,1,0,21
2026-06-12,https://funatsuri-yoso.com/,0,19,0,9.74
2026-06-12,https://funatsuri-yoso.com/area/ajiro.html,0,1,0,11
2026-06-12,https://funatsuri-yoso.com/area/amatsu.html,1,9,0.111111,8
2026-06-12,https://funatsuri-yoso.com/area/futtsu.html,0,1,0,9
2026-06-12,https://funatsuri-yoso.com/area/hasaki-shinko.html,0,1,0,8
2026-06-12,https://funatsuri-yoso.com/area/hitachi-kuji.html,0,1,0,17
2026-06-12,https://funatsuri-yoso.com/area/iioka.html,2,60,0.033333,8.32
2026-06-12,https://funatsuri-yoso.com/area/kanaya.html,1,5,0.2,5
2026-06-12,https://funatsuri-yoso.com/area/katakai.html,0,7,0,9.71
2026-06-12,https://funatsuri-yoso.com/area/nagaura.html,0,2,0,8
2026-06-12,https://funatsuri-yoso.com/area/ninomiya-oki.html,0,1,0,10
2026-06-12,https://funatsuri-yoso.com/area/oarai.html,2,17,0.117647,9.59
2026-06-12,https://funatsuri-yoso.com/area/ohara.html,0,3,0,16.67
2026-06-12,https://funatsuri-yoso.com/area/sajima.html,0,1,0,11
2026-06-12,https://funatsuri-yoso.com/area/urayasu-bay.html,0,1,0,12
2026-06-12,https://funatsuri-yoso.com/fish/,0,1,0,11
2026-06-12,https://funatsuri-yoso.com/fish/aji.html,0,4,0,11.5
2026-06-12,https://funatsuri-yoso.com/fish/bishi-aji.html,1,3,0.333333,6.33
2026-06-12,https://funatsuri-yoso.com/fish/hirame.html,0,8,0,7.12
2026-06-12,https://funatsuri-yoso.com/fish/inada.html,0,7,0,7.43
2026-06-12,https://funatsuri-yoso.com/fish/isaki.html,0,1,0,7
2026-06-12,https://funatsuri-yoso.com/fish/kanpachi.html,0,1,0,9
2026-06-12,https://funatsuri-yoso.com/fish/karei.html,0,3,0,5.67
2026-06-12,https://funatsuri-yoso.com/fish/madai.html,0,2,0,4
2026-06-12,https://funatsuri-yoso.com/fish/shirogisu.html,0,3,0,5
2026-06-12,https://funatsuri-yoso.com/fish/torafugu.html,0,2,0,8.5
2026-06-12,https://funatsuri-yoso.com/fish/warasa.html,0,5,0,10.8
2026-06-12,https://funatsuri-yoso.com/fish/yariika.html,0,1,0,9
2026-06-12,https://funatsuri-yoso.com/fish_area/aji-kanaya.html,0,2,0,7
2026-06-12,https://funatsuri-yoso.com/fish_area/aji-nagaura.html,0,2,0,12
2026-06-12,https://funatsuri-yoso.com/fish_area/fugu-kashima-port.html,0,1,0,1
2026-06-12,https://funatsuri-yoso.com/fish_area/isaki-aihama.html,0,1,0,21
2026-06-12,https://funatsuri-yoso.com/fish_area/mugiika-enoura.html,0,1,0,8
2026-06-12,https://funatsuri-yoso.com/index.html,0,1,0,9
2026-06-12,https://funatsuri-yoso.com/ship/baika-maru.html,0,1,0,49
2026-06-12,https://funatsuri-yoso.com/ship/hirono-maru.html,0,2,0,9
2026-06-12,https://funatsuri-yoso.com/ship/ko-maru.html,0,1,0,9
2026-06-12,https://funatsuri-yoso.com/ship/koryo-maru-hitachi.html,0,1,0,33
2026-06-12,https://funatsuri-yoso.com/ship/mikawaya.html,0,4,0,4.25
2026-06-12,https://funatsuri-yoso.com/ship/miki-maru-tsuribuneten.html,0,1,0,24
2026-06-12,https://funatsuri-yoso.com/ship/taiko-maru.html,0,1,0,23
2026-06-12,https://funatsuri-yoso.com/x_post/2026-06-08.html,0,1,0,11
2026-06-13,https://funatsuri-yoso.com/,1,16,0.0625,22.38
2026-06-13,https://funatsuri-yoso.com/area/,0,2,0,32
2026-06-13,https://funatsuri-yoso.com/area/amatsu.html,0,13,0,6.54
2026-06-13,https://funatsuri-yoso.com/area/futtsu.html,0,3,0,11
2026-06-13,https://funatsuri-yoso.com/area/hasaki-shinko.html,0,3,0,7.67
2026-06-13,https://funatsuri-yoso.com/area/hitachi-kuji.html,0,1,0,13
2026-06-13,https://funatsuri-yoso.com/area/iioka.html,1,58,0.017241,9
2026-06-13,https://funatsuri-yoso.com/area/katakai.html,0,4,0,10.5
2026-06-13,https://funatsuri-yoso.com/area/oarai.html,0,26,0,9.12
2026-06-13,https://funatsuri-yoso.com/area/odawara-hayakawa.html,0,1,0,12
2026-06-13,https://funatsuri-yoso.com/area/ohara.html,0,5,0,17.4
2026-06-13,https://funatsuri-yoso.com/area/sajima.html,0,1,0,7
2026-06-13,https://funatsuri-yoso.com/area/samezu-katsushima.html,0,1,0,1
2026-06-13,https://funatsuri-yoso.com/area/shikamotobashi.html,0,1,0,8
2026-06-13,https://funatsuri-yoso.com/area/shimoda.html,0,1,0,2
2026-06-13,https://funatsuri-yoso.com/area/yaizu.html,0,1,0,5
2026-06-13,https://funatsuri-yoso.com/fish/,0,5,0,8.2
2026-06-13,https://funatsuri-yoso.com/fish/aji.html,0,6,0,5.5
2026-06-13,https://funatsuri-yoso.com/fish/aoriika.html,0,4,0,9.5
2026-06-13,https://funatsuri-yoso.com/fish/ara.html,1,4,0.25,6.25
2026-06-13,https://funatsuri-yoso.com/fish/bishi-aji.html,0,1,0,5
2026-06-13,https://funatsuri-yoso.com/fish/hirame.html,0,5,0,14.2
2026-06-13,https://funatsuri-yoso.com/fish/inada.html,0,9,0,5.22
2026-06-13,https://funatsuri-yoso.com/fish/isaki.html,0,2,0,10
2026-06-13,https://funatsuri-yoso.com/fish/kanpachi.html,0,6,0,10.17
2026-06-13,https://funatsuri-yoso.com/fish/karei.html,0,1,0,1
2026-06-13,https://funatsuri-yoso.com/fish/kurodai.html,0,1,0,11
2026-06-13,https://funatsuri-yoso.com/fish/kuromutsu.html,0,1,0,7
2026-06-13,https://funatsuri-yoso.com/fish/madai.html,0,1,0,12
2026-06-13,https://funatsuri-yoso.com/fish/madako.html,1,3,0.333333,22
2026-06-13,https://funatsuri-yoso.com/fish/maruika.html,0,2,0,39.5
2026-06-13,https://funatsuri-yoso.com/fish/shirogisu.html,0,2,0,28.5
2026-06-13,https://funatsuri-yoso.com/fish/sumiika.html,1,5,0.2,6.6
2026-06-13,https://funatsuri-yoso.com/fish/tachiuo.html,0,1,0,45
2026-06-13,https://funatsuri-yoso.com/fish/torafugu.html,0,1,0,41
2026-06-13,https://funatsuri-yoso.com/fish/warasa.html,0,5,0,7.6
2026-06-13,https://funatsuri-yoso.com/fish/yariika.html,0,1,0,10
2026-06-13,https://funatsuri-yoso.com/fish_area/madako-nagaura.html,0,1,0,9
2026-06-13,https://funatsuri-yoso.com/index.html,0,2,0,49
2026-06-13,https://funatsuri-yoso.com/pages/terms.html,0,1,0,2
2026-06-13,https://funatsuri-yoso.com/ship/baika-maru.html,0,1,0,76
2026-06-13,https://funatsuri-yoso.com/ship/hirono-maru.html,0,1,0,9
2026-06-13,https://funatsuri-yoso.com/ship/irifune.html,0,1,0,11
2026-06-13,https://funatsuri-yoso.com/ship/ko-maru-oiso.html,0,1,0,10
2026-06-13,https://funatsuri-yoso.com/ship/koryo-maru-hitachi.html,0,1,0,10
2026-06-13,https://funatsuri-yoso.com/ship/nintoku-maru.html,0,3,0,40.33
2026-06-13,https://funatsuri-yoso.com/ship/omatsu-maru.html,0,4,0,45.5
2026-06-13,https://funatsuri-yoso.com/ship/taiko-maru.html,0,3,0,40.33
2026-06-13,https://funatsuri-yoso.com/ship/yamashita-maru.html,0,4,0,33.25
2026-06-14,https://funatsuri-yoso.com/,0,13,0,13.46
2026-06-14,https://funatsuri-yoso.com/area/amatsu.html,0,12,0,8.25
2026-06-14,https://funatsuri-yoso.com/area/futtsu.html,0,3,0,10.33
2026-06-14,https://funatsuri-yoso.com/area/iioka.html,0,41,0,10.12
2026-06-14,https://funatsuri-yoso.com/area/katakai.html,0,5,0,7
2026-06-14,https://funatsuri-yoso.com/area/oarai.html,0,17,0,9.47
2026-06-14,https://funatsuri-yoso.com/area/odawara-hayakawa.html,1,2,0.5,10
2026-06-14,https://funatsuri-yoso.com/area/sajima.html,0,2,0,5.5
2026-06-14,https://funatsuri-yoso.com/area/samezu-katsushima.html,0,1,0,11
2026-06-14,https://funatsuri-yoso.com/fish/,0,4,0,10.25
2026-06-14,https://funatsuri-yoso.com/fish/aji.html,0,5,0,9.6
2026-06-14,https://funatsuri-yoso.com/fish/aoriika.html,1,10,0.1,9.4
2026-06-14,https://funatsuri-yoso.com/fish/ara.html,0,4,0,6.5
2026-06-14,https://funatsuri-yoso.com/fish/hiramasa.html,0,2,0,9.5
2026-06-14,https://funatsuri-yoso.com/fish/hirame.html,0,4,0,8.5
2026-06-14,https://funatsuri-yoso.com/fish/inada.html,0,6,0,8.33
2026-06-14,https://funatsuri-yoso.com/fish/isaki.html,0,6,0,27.83
2026-06-14,https://funatsuri-yoso.com/fish/kanpachi.html,0,2,0,12.5
2026-06-14,https://funatsuri-yoso.com/fish/karei.html,0,1,0,5
2026-06-14,https://funatsuri-yoso.com/fish/kurodai.html,0,1,0,10
2026-06-14,https://funatsuri-yoso.com/fish/kuromutsu.html,0,3,0,7.33
2026-06-14,https://funatsuri-yoso.com/fish/madai.html,0,1,0,38
2026-06-14,https://funatsuri-yoso.com/fish/madako.html,0,3,0,13
2026-06-14,https://funatsuri-yoso.com/fish/maruika.html,0,3,0,8.33
2026-06-14,https://funatsuri-yoso.com/fish/menuke.html,0,1,0,9
2026-06-14,https://funatsuri-yoso.com/fish/onikasago.html,0,3,0,14
2026-06-14,https://funatsuri-yoso.com/fish/shima-aji.html,0,1,0,27
2026-06-14,https://funatsuri-yoso.com/fish/sumiika.html,0,3,0,7
2026-06-14,https://funatsuri-yoso.com/fish/warasa.html,0,3,0,10
2026-06-14,https://funatsuri-yoso.com/fish/yariika.html,0,1,0,11
2026-06-14,https://funatsuri-yoso.com/fish_area/aji-kanaya.html,0,3,0,12
2026-06-14,https://funatsuri-yoso.com/fish_area/katsuo-odawara-hayakawa.html,0,1,0,11
2026-06-14,https://funatsuri-yoso.com/fish_area/kuromutsu-matsuwa-maguchi.html,0,1,0,4
2026-06-14,https://funatsuri-yoso.com/fish_area/madai-hitachi-kuji.html,0,1,0,19
2026-06-14,https://funatsuri-yoso.com/fish_area/mebaru-hayama-abuzuri.html,0,3,0,10
2026-06-14,https://funatsuri-yoso.com/fish_area/mugiika-enoura.html,0,1,0,6
2026-06-14,https://funatsuri-yoso.com/fish_area/seabass-futtsu.html,0,1,0,32
2026-06-14,https://funatsuri-yoso.com/ship/funayado-iwata.html,0,2,0,20
2026-06-14,https://funatsuri-yoso.com/ship/funayado-mameya.html,0,1,0,9
2026-06-14,https://funatsuri-yoso.com/ship/goro-maru.html,0,2,0,78.5
2026-06-14,https://funatsuri-yoso.com/ship/taiko-maru.html,0,1,0,27
2026-06-14,https://funatsuri-yoso.com/ship/yamashita-maru.html,0,1,0,26
2026-06-14,https://funatsuri-yoso.com/ship/yonemoto-tsuribuneten.html,0,1,0,9
2026-06-15,https://funatsuri-yoso.com/,0,15,0,21.8
2026-06-15,https://funatsuri-yoso.com/area/%E7%A6%8F%E7%94%B0%E6%B8%AF.html,0,2,0,15
2026-06-15,https://funatsuri-yoso.com/area/amatsu.html,0,7,0,6.14
2026-06-15,https://funatsuri-yoso.com/area/ebitorigawa.html,0,1,0,11
2026-06-15,https://funatsuri-yoso.com/area/futtsu.html,0,1,0,6
2026-06-15,https://funatsuri-yoso.com/area/hamanamegawa.html,0,1,0,5
2026-06-15,https://funatsuri-yoso.com/area/hitachi-kuji.html,0,4,0,16.75
2026-06-15,https://funatsuri-yoso.com/area/iioka.html,1,24,0.041667,8.79
2026-06-15,https://funatsuri-yoso.com/area/katakai.html,0,15,0,10.67
2026-06-15,https://funatsuri-yoso.com/area/manazuru-port.html,0,1,0,10
2026-06-15,https://funatsuri-yoso.com/area/numazu-oki.html,0,1,0,9
2026-06-15,https://funatsuri-yoso.com/area/oarai.html,0,17,0,8.59
2026-06-15,https://funatsuri-yoso.com/area/ohara.html,0,2,0,12.5
2026-06-15,https://funatsuri-yoso.com/area/sajima.html,0,1,0,8
2026-06-15,https://funatsuri-yoso.com/area/samezu-katsushima.html,0,2,0,11.5
2026-06-15,https://funatsuri-yoso.com/fish/,0,1,0,8
2026-06-15,https://funatsuri-yoso.com/fish/aji.html,0,3,0,7.33
2026-06-15,https://funatsuri-yoso.com/fish/aoriika.html,0,5,0,8.2
2026-06-15,https://funatsuri-yoso.com/fish/ara.html,0,1,0,5
2026-06-15,https://funatsuri-yoso.com/fish/bishi-aji.html,0,2,0,5.5
2026-06-15,https://funatsuri-yoso.com/fish/hirame.html,0,9,0,6.22
2026-06-15,https://funatsuri-yoso.com/fish/houbou.html,0,1,0,11
2026-06-15,https://funatsuri-yoso.com/fish/inada.html,0,7,0,7.14
2026-06-15,https://funatsuri-yoso.com/fish/isaki.html,0,6,0,8.83
2026-06-15,https://funatsuri-yoso.com/fish/ishidai.html,0,1,0,9
2026-06-15,https://funatsuri-yoso.com/fish/kanpachi.html,0,2,0,9.5
2026-06-15,https://funatsuri-yoso.com/fish/katsuo.html,0,1,0,8
2026-06-15,https://funatsuri-yoso.com/fish/kintoki.html,0,1,0,10
2026-06-15,https://funatsuri-yoso.com/fish/madai.html,0,3,0,3.67
2026-06-15,https://funatsuri-yoso.com/fish/madako.html,0,2,0,16
2026-06-15,https://funatsuri-yoso.com/fish/maruika.html,0,7,0,12.57
2026-06-15,https://funatsuri-yoso.com/fish/menuke.html,0,1,0,12
2026-06-15,https://funatsuri-yoso.com/fish/onikasago.html,0,1,0,16
2026-06-15,https://funatsuri-yoso.com/fish/shirogisu.html,0,2,0,7
2026-06-15,https://funatsuri-yoso.com/fish/sumiika.html,0,3,0,7
2026-06-15,https://funatsuri-yoso.com/fish/torafugu.html,0,1,0,1
2026-06-15,https://funatsuri-yoso.com/fish/warasa.html,0,3,0,7.67
2026-06-15,https://funatsuri-yoso.com/fish_area/aji-kashima-port.html,0,1,0,9
2026-06-15,https://funatsuri-yoso.com/fish_area/isaki-ohara.html,0,1,0,53
2026-06-15,https://funatsuri-yoso.com/fish_area/isaki-teishi.html,0,1,0,6
2026-06-15,https://funatsuri-yoso.com/fish_area/kanpachi-teishi.html,0,2,0,6.5
2026-06-15,https://funatsuri-yoso.com/fish_area/madako-futtsu.html,0,1,0,10
2026-06-15,https://funatsuri-yoso.com/fish_area/shirogisu-senju-ohashi.html,0,1,0,3
2026-06-15,https://funatsuri-yoso.com/fish_area/shousaifugu-kashima-port.html,0,1,0,8
2026-06-15,https://funatsuri-yoso.com/ship/kako-maru.html,0,6,0,7
2026-06-15,https://funatsuri-yoso.com/ship/nintoku-maru.html,0,1,0,67
2026-06-16,https://funatsuri-yoso.com/,2,23,0.086957,12.35
2026-06-16,https://funatsuri-yoso.com/area/,0,2,0,56
2026-06-16,https://funatsuri-yoso.com/area/amatsu.html,0,17,0,7.35
2026-06-16,https://funatsuri-yoso.com/area/iioka.html,2,53,0.037736,10.38
2026-06-16,https://funatsuri-yoso.com/area/katakai.html,0,11,0,8.73
2026-06-16,https://funatsuri-yoso.com/area/oarai.html,1,10,0.1,8.3
2026-06-16,https://funatsuri-yoso.com/area/odawara-hayakawa.html,0,2,0,8
2026-06-16,https://funatsuri-yoso.com/area/ohara.html,0,3,0,16
2026-06-16,https://funatsuri-yoso.com/area/sajima.html,0,1,0,49
2026-06-16,https://funatsuri-yoso.com/area/samezu-katsushima.html,0,1,0,9
2026-06-16,https://funatsuri-yoso.com/area/urayasu-bay.html,0,2,0,11
2026-06-16,https://funatsuri-yoso.com/fish/,0,3,0,21.67
2026-06-16,https://funatsuri-yoso.com/fish/aoriika.html,0,2,0,9.5
2026-06-16,https://funatsuri-yoso.com/fish/ara.html,0,3,0,7.67
2026-06-16,https://funatsuri-yoso.com/fish/hanadai.html,0,2,0,9.5
2026-06-16,https://funatsuri-yoso.com/fish/hirame.html,0,2,0,11
2026-06-16,https://funatsuri-yoso.com/fish/houbou.html,0,1,0,9
2026-06-16,https://funatsuri-yoso.com/fish/inada.html,0,4,0,6.5
2026-06-16,https://funatsuri-yoso.com/fish/ishidai.html,0,1,0,8
2026-06-16,https://funatsuri-yoso.com/fish/kanpachi.html,0,5,0,6.6
2026-06-16,https://funatsuri-yoso.com/fish/karei.html,1,1,1,23
2026-06-16,https://funatsuri-yoso.com/fish/kuromutsu.html,0,1,0,8
2026-06-16,https://funatsuri-yoso.com/fish/maruika.html,0,3,0,30.67
2026-06-16,https://funatsuri-yoso.com/fish/shima-aji.html,0,1,0,11
2026-06-16,https://funatsuri-yoso.com/fish/shirogisu.html,0,2,0,6.5
2026-06-16,https://funatsuri-yoso.com/fish/sumiika.html,0,1,0,20
2026-06-16,https://funatsuri-yoso.com/fish/warasa.html,0,1,0,11
2026-06-16,https://funatsuri-yoso.com/fish_area/aji-kanazawa-gyoko.html,0,1,0,6
2026-06-16,https://funatsuri-yoso.com/fish_area/aoriika-kanaya.html,0,1,0,31
2026-06-16,https://funatsuri-yoso.com/fish_area/fugu-kashima-port.html,0,1,0,10
2026-06-16,https://funatsuri-yoso.com/fish_area/hirame-ohara.html,0,1,0,9
2026-06-16,https://funatsuri-yoso.com/fish_area/isaki-ito-shi.html,0,1,0,49
2026-06-16,https://funatsuri-yoso.com/fish_area/isaki-matsuwa-ena.html,0,1,0,8
2026-06-16,https://funatsuri-yoso.com/fish_area/magochi-samezu-katsushima.html,1,1,1,3
2026-06-16,https://funatsuri-yoso.com/fish_area/moroko-shimoda.html,0,1,0,13
2026-06-16,https://funatsuri-yoso.com/fish_area/surumeika-katsuura-kawazu.html,0,1,0,7
2026-06-16,https://funatsuri-yoso.com/monthly/2026-05/isaki.html,0,1,0,1
2026-06-16,https://funatsuri-yoso.com/pages/about.html,0,1,0,19
2026-06-16,https://funatsuri-yoso.com/ship/harumori-maru.html,0,1,0,26
2026-06-16,https://funatsuri-yoso.com/ship/kamoshita-maru-kawana.html,0,1,0,6
2026-06-16,https://funatsuri-yoso.com/ship/minosuke-maru.html,0,1,0,32
2026-06-16,https://funatsuri-yoso.com/ship/ryusei-maru.html,0,1,0,18
2026-06-16,https://funatsuri-yoso.com/ship/taiko-maru.html,0,1,0,10
2026-06-16,https://funatsuri-yoso.com/ship/yonemoto-tsuribuneten.html,0,1,0,10
2026-06-17,https://funatsuri-yoso.com/,1,22,0.045455,8.32
2026-06-17,https://funatsuri-yoso.com/area/amatsu.html,0,3,0,6.67
2026-06-17,https://funatsuri-yoso.com/area/chigasaki.html,0,2,0,10.5
2026-06-17,https://funatsuri-yoso.com/area/futtsu.html,0,1,0,8
2026-06-17,https://funatsuri-yoso.com/area/hasaki-shinko.html,0,1,0,11
2026-06-17,https://funatsuri-yoso.com/area/hitachi-kuji.html,0,1,0,13
2026-06-17,https://funatsuri-yoso.com/area/iioka.html,0,28,0,8.93
2026-06-17,https://funatsuri-yoso.com/area/kanaya.html,0,1,0,8
2026-06-17,https://funatsuri-yoso.com/area/katakai.html,0,6,0,10.83
2026-06-17,https://funatsuri-yoso.com/area/oarai.html,0,7,0,8.29
2026-06-17,https://funatsuri-yoso.com/area/odawara-hayakawa.html,0,1,0,12
2026-06-17,https://funatsuri-yoso.com/area/ohara.html,0,7,0,22.71
2026-06-17,https://funatsuri-yoso.com/area/sajima.html,0,1,0,11
2026-06-17,https://funatsuri-yoso.com/fish/aoriika.html,0,6,0,8.17
2026-06-17,https://funatsuri-yoso.com/fish/ara.html,0,7,0,7.57
2026-06-17,https://funatsuri-yoso.com/fish/bishi-aji.html,0,1,0,14
2026-06-17,https://funatsuri-yoso.com/fish/hirame.html,0,7,0,6
2026-06-17,https://funatsuri-yoso.com/fish/houbou.html,0,1,0,1
2026-06-17,https://funatsuri-yoso.com/fish/inada.html,1,2,0.5,6.5
2026-06-17,https://funatsuri-yoso.com/fish/isaki.html,0,2,0,9.5
2026-06-17,https://funatsuri-yoso.com/fish/kanpachi.html,0,6,0,9.5
2026-06-17,https://funatsuri-yoso.com/fish/kintoki.html,0,2,0,7
2026-06-17,https://funatsuri-yoso.com/fish/maruika.html,0,5,0,5.6
2026-06-17,https://funatsuri-yoso.com/fish/shousaifugu.html,1,1,1,10
2026-06-17,https://funatsuri-yoso.com/fish/torafugu.html,0,1,0,9
2026-06-17,https://funatsuri-yoso.com/fish_area/aji-kanaya.html,0,1,0,11
2026-06-17,https://funatsuri-yoso.com/fish_area/aji-matsuwa-ena.html,0,1,0,1
2026-06-17,https://funatsuri-yoso.com/fish_area/aoriika-nagai-shinjuku.html,0,1,0,49
2026-06-17,https://funatsuri-yoso.com/fish_area/ara-hasaki-shinko.html,0,1,0,39
2026-06-17,https://funatsuri-yoso.com/fish_area/hirame-ohara.html,0,1,0,9
2026-06-17,https://funatsuri-yoso.com/fish_area/isaki-kanazawa-hakkei.html,0,1,0,32
2026-06-17,https://funatsuri-yoso.com/fish_area/isaki-matsuwa-ena.html,0,1,0,81
2026-06-17,https://funatsuri-yoso.com/fish_area/isaki-ohara.html,0,2,0,8.5
2026-06-17,https://funatsuri-yoso.com/fish_area/kawahagi-omaezaki.html,0,1,0,10
2026-06-17,https://funatsuri-yoso.com/fish_area/madai-ohara.html,0,1,0,18
2026-06-17,https://funatsuri-yoso.com/fish_area/tachiuo-chigasaki.html,0,1,0,11
2026-06-17,https://funatsuri-yoso.com/ship/goro-maru.html,0,1,0,39
2026-06-17,https://funatsuri-yoso.com/ship/harumori-maru.html,0,1,0,27
2026-06-17,https://funatsuri-yoso.com/ship/kako-maru.html,0,1,0,9
2026-06-17,https://funatsuri-yoso.com/ship/nintoku-maru.html,0,2,0,45
2026-06-17,https://funatsuri-yoso.com/ship/yonemoto-tsuribuneten.html,0,1,0,15
2026-06-18,https://funatsuri-yoso.com/,0,26,0,8.62
2026-06-18,https://funatsuri-yoso.com/area/amatsu.html,0,5,0,7.2
2026-06-18,https://funatsuri-yoso.com/area/hasaki-shinko.html,0,2,0,10.5
2026-06-18,https://funatsuri-yoso.com/area/iioka.html,0,35,0,9.14
2026-06-18,https://funatsuri-yoso.com/area/kanaya.html,0,3,0,4.33
2026-06-18,https://funatsuri-yoso.com/area/katakai.html,0,18,0,10.39
2026-06-18,https://funatsuri-yoso.com/area/manazuru-port.html,0,1,0,10
2026-06-18,https://funatsuri-yoso.com/area/oarai.html,0,13,0,8.85
2026-06-18,https://funatsuri-yoso.com/area/ohara.html,0,4,0,18.25
2026-06-18,https://funatsuri-yoso.com/area/sajima.html,0,2,0,8.5
2026-06-18,https://funatsuri-yoso.com/area/shimoda.html,0,1,0,11
2026-06-18,https://funatsuri-yoso.com/area/urayasu-bay.html,0,1,0,7
2026-06-18,https://funatsuri-yoso.com/fish/aoriika.html,0,5,0,7.6
2026-06-18,https://funatsuri-yoso.com/fish/ara.html,0,1,0,17
2026-06-18,https://funatsuri-yoso.com/fish/bishi-aji.html,1,2,0.5,10
2026-06-18,https://funatsuri-yoso.com/fish/hanadai.html,0,1,0,6
2026-06-18,https://funatsuri-yoso.com/fish/hiramasa.html,0,1,0,5
2026-06-18,https://funatsuri-yoso.com/fish/hirame.html,0,5,0,8.6
2026-06-18,https://funatsuri-yoso.com/fish/inada.html,0,15,0,6.67
2026-06-18,https://funatsuri-yoso.com/fish/isaki.html,0,4,0,9.75
2026-06-18,https://funatsuri-yoso.com/fish/ishidai.html,0,1,0,7
2026-06-18,https://funatsuri-yoso.com/fish/kanpachi.html,0,1,0,5
2026-06-18,https://funatsuri-yoso.com/fish/karei.html,0,1,0,8
2026-06-18,https://funatsuri-yoso.com/fish/katsuo.html,0,1,0,9
2026-06-18,https://funatsuri-yoso.com/fish/kintoki.html,1,1,1,1
2026-06-18,https://funatsuri-yoso.com/fish/kurodai.html,0,3,0,11.67
2026-06-18,https://funatsuri-yoso.com/fish/madai.html,0,2,0,8.5
2026-06-18,https://funatsuri-yoso.com/fish/maruika.html,0,6,0,13.5
2026-06-18,https://funatsuri-yoso.com/fish/shima-aji.html,0,1,0,8
2026-06-18,https://funatsuri-yoso.com/fish/sumiika.html,0,2,0,10.5
2026-06-18,https://funatsuri-yoso.com/fish/torafugu.html,1,1,1,1
2026-06-18,https://funatsuri-yoso.com/fish/warasa.html,0,2,0,7
2026-06-18,https://funatsuri-yoso.com/fish_area/hirame-ohara.html,0,1,0,7
2026-06-18,https://funatsuri-yoso.com/fish_area/isaki-susaki.html,0,1,0,35
2026-06-18,https://funatsuri-yoso.com/fish_area/mugiika-toda-shizuoka.html,0,1,0,11
2026-06-18,https://funatsuri-yoso.com/fish_area/shima-aji-ohara.html,1,4,0.25,37.75
2026-06-18,https://funatsuri-yoso.com/ship/baika-maru.html,0,1,0,36
2026-06-18,https://funatsuri-yoso.com/ship/gibei-maru.html,1,1,1,17
2026-06-18,https://funatsuri-yoso.com/ship/goro-maru.html,0,1,0,9
2026-06-18,https://funatsuri-yoso.com/ship/harumori-maru.html,0,1,0,32
2026-06-18,https://funatsuri-yoso.com/ship/mikawaya.html,0,1,0,1
2026-06-18,https://funatsuri-yoso.com/ship/seisho-maru.html,0,1,0,20
2026-06-18,https://funatsuri-yoso.com/ship/shinko-maru.html,0,1,0,35
2026-06-18,https://funatsuri-yoso.com/ship/shinsei-maru.html,0,1,0,26
2026-06-18,https://funatsuri-yoso.com/ship/taiko-maru.html,0,2,0,2
2026-06-18,https://funatsuri-yoso.com/ship/yamashita-maru.html,0,1,0,50
2026-06-19,https://funatsuri-yoso.com/,0,13,0,11.08
2026-06-19,https://funatsuri-yoso.com/area/amatsu.html,0,7,0,6.14
2026-06-19,https://funatsuri-yoso.com/area/ebitorigawa.html,0,2,0,3
2026-06-19,https://funatsuri-yoso.com/area/futtsu.html,0,2,0,7.5
2026-06-19,https://funatsuri-yoso.com/area/hasaki-shinko.html,0,2,0,9.5
2026-06-19,https://funatsuri-yoso.com/area/iioka.html,0,40,0,10.03
2026-06-19,https://funatsuri-yoso.com/area/jogashima-oki.html,0,1,0,5
2026-06-19,https://funatsuri-yoso.com/area/katakai.html,1,8,0.125,7.5
2026-06-19,https://funatsuri-yoso.com/area/oarai.html,0,12,0,6.58
2026-06-19,https://funatsuri-yoso.com/area/ohara.html,0,10,0,9.7
2026-06-19,https://funatsuri-yoso.com/area/sajima.html,0,1,0,10
2026-06-19,https://funatsuri-yoso.com/area/tagonoura.html,0,1,0,10
2026-06-19,https://funatsuri-yoso.com/area/teishi.html,0,1,0,11
2026-06-19,https://funatsuri-yoso.com/fish/,0,2,0,9
2026-06-19,https://funatsuri-yoso.com/fish/aji.html,0,1,0,10
2026-06-19,https://funatsuri-yoso.com/fish/aoriika.html,0,3,0,10.67
2026-06-19,https://funatsuri-yoso.com/fish/buri.html,0,1,0,12
2026-06-19,https://funatsuri-yoso.com/fish/hiramasa.html,0,1,0,8
2026-06-19,https://funatsuri-yoso.com/fish/hirame.html,0,6,0,6.83
2026-06-19,https://funatsuri-yoso.com/fish/inada.html,0,2,0,10
2026-06-19,https://funatsuri-yoso.com/fish/isaki.html,0,3,0,9.33
2026-06-19,https://funatsuri-yoso.com/fish/kanpachi.html,0,3,0,7.67
2026-06-19,https://funatsuri-yoso.com/fish/kintoki.html,0,1,0,11
2026-06-19,https://funatsuri-yoso.com/fish/kuromutsu.html,0,1,0,7
2026-06-19,https://funatsuri-yoso.com/fish/madai.html,0,1,0,7
2026-06-19,https://funatsuri-yoso.com/fish/maruika.html,0,3,0,8.33
2026-06-19,https://funatsuri-yoso.com/fish/moroko.html,0,1,0,8
2026-06-19,https://funatsuri-yoso.com/fish/onikasago.html,0,2,0,7.5
2026-06-19,https://funatsuri-yoso.com/fish/shiira.html,0,1,0,21
2026-06-19,https://funatsuri-yoso.com/fish/shirogisu.html,0,2,0,8
2026-06-19,https://funatsuri-yoso.com/fish/tachiuo.html,0,1,0,49
2026-06-19,https://funatsuri-yoso.com/fish/yariika.html,0,3,0,9.67
2026-06-19,https://funatsuri-yoso.com/fish_area/aji-kamoi-omuro.html,0,1,0,10
2026-06-19,https://funatsuri-yoso.com/fish_area/hirame-togawa.html,0,3,0,8
2026-06-19,https://funatsuri-yoso.com/fish_area/isaki-teishi.html,0,3,0,6.67
2026-06-19,https://funatsuri-yoso.com/fish_area/kurodai-ebitorigawa.html,1,6,0.166667,4.17
2026-06-19,https://funatsuri-yoso.com/fish_area/kurodai-edogawa.html,0,1,0,11
2026-06-19,https://funatsuri-yoso.com/fish_area/surumeika-odawara-hayakawa.html,0,1,0,28
2026-06-19,https://funatsuri-yoso.com/ship/baika-maru.html,0,2,0,39.5
2026-06-19,https://funatsuri-yoso.com/ship/goro-maru.html,0,1,0,64
2026-06-19,https://funatsuri-yoso.com/ship/koryo-maru-hitachi.html,0,1,0,10
2026-06-19,https://funatsuri-yoso.com/ship/yuko-maru-matsuwa.html,0,1,0,9
2026-06-20,https://funatsuri-yoso.com/,0,9,0,8.44
2026-06-20,https://funatsuri-yoso.com/area/,0,1,0,1
2026-06-20,https://funatsuri-yoso.com/area/amatsu.html,0,15,0,5.07
2026-06-20,https://funatsuri-yoso.com/area/arari.html,0,1,0,6
2026-06-20,https://funatsuri-yoso.com/area/futtsu.html,0,3,0,8.67
2026-06-20,https://funatsuri-yoso.com/area/hasaki-shinko.html,0,2,0,6
2026-06-20,https://funatsuri-yoso.com/area/hayama-abuzuri.html,0,1,0,9
2026-06-20,https://funatsuri-yoso.com/area/hota.html,0,1,0,13
2026-06-20,https://funatsuri-yoso.com/area/iioka.html,0,42,0,8.36
2026-06-20,https://funatsuri-yoso.com/area/kanaya.html,0,1,0,4
2026-06-20,https://funatsuri-yoso.com/area/katakai.html,0,8,0,8.38
2026-06-20,https://funatsuri-yoso.com/area/manazuru-port.html,0,1,0,12
2026-06-20,https://funatsuri-yoso.com/area/oarai.html,0,8,0,8.12
2026-06-20,https://funatsuri-yoso.com/area/odawara-hayakawa.html,0,3,0,11.33
2026-06-20,https://funatsuri-yoso.com/area/ohara.html,0,12,0,11.08
2026-06-20,https://funatsuri-yoso.com/area/sajima.html,0,2,0,8.5
2026-06-20,https://funatsuri-yoso.com/area/shiba.html,1,1,1,17
2026-06-20,https://funatsuri-yoso.com/fish/,0,4,0,7.25
2026-06-20,https://funatsuri-yoso.com/fish/%E3%82%AB%E3%82%A4%E3%83%AF%E3%83%AA.html,1,1,1,5
2026-06-20,https://funatsuri-yoso.com/fish/aoriika.html,0,8,0,9.88
2026-06-20,https://funatsuri-yoso.com/fish/ara.html,0,1,0,8
2026-06-20,https://funatsuri-yoso.com/fish/bishi-aji.html,0,1,0,1
2026-06-20,https://funatsuri-yoso.com/fish/hanadai.html,0,1,0,12
2026-06-20,https://funatsuri-yoso.com/fish/hirame.html,0,7,0,10
2026-06-20,https://funatsuri-yoso.com/fish/houbou.html,0,4,0,9.5
2026-06-20,https://funatsuri-yoso.com/fish/inada.html,0,4,0,6.5
2026-06-20,https://funatsuri-yoso.com/fish/isaki.html,0,3,0,6.67
2026-06-20,https://funatsuri-yoso.com/fish/ishimochi.html,0,1,0,6
2026-06-20,https://funatsuri-yoso.com/fish/katsuo.html,0,2,0,9
2026-06-20,https://funatsuri-yoso.com/fish/madai.html,0,13,0,9.15
2026-06-20,https://funatsuri-yoso.com/fish/madako.html,0,2,0,8
2026-06-20,https://funatsuri-yoso.com/fish/maruika.html,0,6,0,4.17
2026-06-20,https://funatsuri-yoso.com/fish/seabass.html,0,1,0,14
2026-06-20,https://funatsuri-yoso.com/fish/shiira.html,0,1,0,8
2026-06-20,https://funatsuri-yoso.com/fish/shirogisu.html,0,1,0,5
2026-06-20,https://funatsuri-yoso.com/fish/tachiuo.html,0,1,0,5
2026-06-20,https://funatsuri-yoso.com/fish/torafugu.html,0,3,0,11.67
2026-06-20,https://funatsuri-yoso.com/fish_area/hirame-ohara.html,0,1,0,10
2026-06-20,https://funatsuri-yoso.com/fish_area/isaki-ohara.html,0,1,0,9
2026-06-20,https://funatsuri-yoso.com/fish_area/ishidai-omaezaki.html,0,1,0,11
2026-06-20,https://funatsuri-yoso.com/fish_area/shima-aji-ohara.html,0,1,0,11
2026-06-20,https://funatsuri-yoso.com/fish_area/warasa-kashima.html,0,1,0,3
2026-06-20,https://funatsuri-yoso.com/pages/about.html,0,1,0,2
2026-06-20,https://funatsuri-yoso.com/pages/contact.html,0,1,0,4
2026-06-20,https://funatsuri-yoso.com/ship/baika-maru.html,0,2,0,23
2026-06-20,https://funatsuri-yoso.com/ship/mikawaya.html,0,1,0,7
2026-06-20,https://funatsuri-yoso.com/x_post/2026-06-09.html,0,1,0,8
2026-06-20,https://funatsuri-yoso.com/x_post/2026-06-12.html,0,1,0,6
2026-06-21,https://funatsuri-yoso.com/,0,1,0,21
2026-06-21,https://funatsuri-yoso.com/area/amatsu.html,0,14,0,5.93
2026-06-21,https://funatsuri-yoso.com/area/arari.html,0,1,0,7
2026-06-21,https://funatsuri-yoso.com/area/futtsu.html,0,1,0,12
2026-06-21,https://funatsuri-yoso.com/area/hasaki-shinko.html,0,2,0,8
2026-06-21,https://funatsuri-yoso.com/area/heiwajima.html,0,1,0,9
2026-06-21,https://funatsuri-yoso.com/area/iioka.html,0,33,0,9.15
2026-06-21,https://funatsuri-yoso.com/area/jogashima-oki.html,0,1,0,4
2026-06-21,https://funatsuri-yoso.com/area/kanaya.html,0,1,0,9
2026-06-21,https://funatsuri-yoso.com/area/katakai.html,1,6,0.166667,8.67
2026-06-21,https://funatsuri-yoso.com/area/nomigawa.html,0,1,0,1
2026-06-21,https://funatsuri-yoso.com/area/oarai.html,1,9,0.111111,10.67
2026-06-21,https://funatsuri-yoso.com/area/ohara.html,0,4,0,29.75
2026-06-21,https://funatsuri-yoso.com/area/shin-imaibashi.html,0,1,0,6
2026-06-21,https://funatsuri-yoso.com/fish/,0,3,0,6.33
2026-06-21,https://funatsuri-yoso.com/fish/aoriika.html,0,7,0,9.29
2026-06-21,https://funatsuri-yoso.com/fish/ara.html,0,5,0,9.2
2026-06-21,https://funatsuri-yoso.com/fish/hanadai.html,0,3,0,10
2026-06-21,https://funatsuri-yoso.com/fish/hirame.html,0,2,0,8
2026-06-21,https://funatsuri-yoso.com/fish/inada.html,0,3,0,9
2026-06-21,https://funatsuri-yoso.com/fish/isaki.html,0,3,0,10
2026-06-21,https://funatsuri-yoso.com/fish/katsuo.html,0,1,0,8
2026-06-21,https://funatsuri-yoso.com/fish/kintoki.html,0,2,0,10.5
2026-06-21,https://funatsuri-yoso.com/fish/kuromutsu.html,0,2,0,10
2026-06-21,https://funatsuri-yoso.com/fish/madai.html,0,2,0,6.5
2026-06-21,https://funatsuri-yoso.com/fish/madako.html,0,3,0,7.33
2026-06-21,https://funatsuri-yoso.com/fish/onikasago.html,0,1,0,9
2026-06-21,https://funatsuri-yoso.com/fish/torafugu.html,0,1,0,8
2026-06-21,https://funatsuri-yoso.com/fish_area/aji-iioka.html,0,1,0,6
2026-06-21,https://funatsuri-yoso.com/fish_area/aji-kanaya.html,0,1,0,10
2026-06-21,https://funatsuri-yoso.com/fish_area/aji-kanazawa-gyoko.html,0,1,0,6
2026-06-21,https://funatsuri-yoso.com/fish_area/isaki-ohara.html,1,1,1,30
2026-06-21,https://funatsuri-yoso.com/fish_area/kawahagi-chigasaki.html,0,1,0,6
2026-06-21,https://funatsuri-yoso.com/fish_area/kihada-maguro-hiratsuka.html,0,2,0,59.5
2026-06-21,https://funatsuri-yoso.com/fish_area/madai-hiratsuka.html,0,1,0,10
2026-06-21,https://funatsuri-yoso.com/fish_area/maruika-hiratsuka.html,0,1,0,18
2026-06-21,https://funatsuri-yoso.com/fish_area/shima-aji-ohara.html,1,1,1,9
2026-06-21,https://funatsuri-yoso.com/ship/benten-maru.html,0,1,0,11
2026-06-21,https://funatsuri-yoso.com/ship/blue-dragon.html,0,1,0,28
2026-06-21,https://funatsuri-yoso.com/ship/irifune.html,0,1,0,1
2026-06-21,https://funatsuri-yoso.com/ship/seisho-maru.html,0,1,0,9
2026-06-21,https://funatsuri-yoso.com/ship/yuko-maru-matsuwa.html,0,1,0,7
2026-06-21,https://funatsuri-yoso.com/ship/yusei-maru-katase.html,0,1,0,9
2026-06-22,https://funatsuri-yoso.com/,0,6,0,12
2026-06-22,https://funatsuri-yoso.com/area/,0,1,0,48
2026-06-22,https://funatsuri-yoso.com/area/amatsu.html,0,5,0,7.6
2026-06-22,https://funatsuri-yoso.com/area/hitachi-kuji.html,0,4,0,10.5
2026-06-22,https://funatsuri-yoso.com/area/iioka.html,1,37,0.027027,7.95
2026-06-22,https://funatsuri-yoso.com/area/katakai.html,0,1,0,3
2026-06-22,https://funatsuri-yoso.com/area/matsuzaki.html,0,1,0,11
2026-06-22,https://funatsuri-yoso.com/area/oarai.html,1,14,0.071429,8.79
2026-06-22,https://funatsuri-yoso.com/area/odawara-hayakawa.html,0,2,0,4.5
2026-06-22,https://funatsuri-yoso.com/area/ohara.html,0,2,0,10.5
2026-06-22,https://funatsuri-yoso.com/area/sajima.html,0,3,0,13
2026-06-22,https://funatsuri-yoso.com/area/teishi.html,1,1,1,2
2026-06-22,https://funatsuri-yoso.com/fish/,0,3,0,9.67
2026-06-22,https://funatsuri-yoso.com/fish/aji.html,0,5,0,8.6
2026-06-22,https://funatsuri-yoso.com/fish/anago.html,1,1,1,16
2026-06-22,https://funatsuri-yoso.com/fish/aoriika.html,0,5,0,9
2026-06-22,https://funatsuri-yoso.com/fish/ara.html,0,3,0,4.67
2026-06-22,https://funatsuri-yoso.com/fish/hanadai.html,0,3,0,4
2026-06-22,https://funatsuri-yoso.com/fish/hiramasa.html,0,1,0,11
2026-06-22,https://funatsuri-yoso.com/fish/hirame.html,0,4,0,9.75
2026-06-22,https://funatsuri-yoso.com/fish/inada.html,0,1,0,6
2026-06-22,https://funatsuri-yoso.com/fish/isaki.html,1,4,0.25,14.75
2026-06-22,https://funatsuri-yoso.com/fish/ishimochi.html,0,2,0,10
2026-06-22,https://funatsuri-yoso.com/fish/kanpachi.html,0,8,0,8
2026-06-22,https://funatsuri-yoso.com/fish/katsuo.html,0,1,0,10
2026-06-22,https://funatsuri-yoso.com/fish/kurodai.html,0,1,0,12
2026-06-22,https://funatsuri-yoso.com/fish/madai.html,0,2,0,8.5
2026-06-22,https://funatsuri-yoso.com/fish/madako.html,0,2,0,8.5
2026-06-22,https://funatsuri-yoso.com/fish/maruika.html,0,1,0,39
2026-06-22,https://funatsuri-yoso.com/fish/mugiika.html,1,1,1,1
2026-06-22,https://funatsuri-yoso.com/fish/shima-aji.html,0,11,0,8.82
2026-06-22,https://funatsuri-yoso.com/fish/shousaifugu.html,0,1,0,19
2026-06-22,https://funatsuri-yoso.com/fish/sumiika.html,0,1,0,6
2026-06-22,https://funatsuri-yoso.com/fish/tachiuo.html,0,1,0,12
2026-06-22,https://funatsuri-yoso.com/fish_area/aji-kashima-port.html,0,1,0,11
2026-06-22,https://funatsuri-yoso.com/fish_area/aji-sajima.html,0,1,0,4
2026-06-22,https://funatsuri-yoso.com/fish_area/amadai-usami.html,0,1,0,10
2026-06-22,https://funatsuri-yoso.com/fish_area/hanadai-kashima-port.html,0,1,0,1
2026-06-22,https://funatsuri-yoso.com/fish_area/hata-kashima-port.html,0,1,0,7
2026-06-22,https://funatsuri-yoso.com/fish_area/hata-katakai.html,0,1,0,7
2026-06-22,https://funatsuri-yoso.com/fish_area/hirame-oarai.html,0,1,0,7
2026-06-22,https://funatsuri-yoso.com/fish_area/hirame-omaezaki.html,0,1,0,10
2026-06-22,https://funatsuri-yoso.com/fish_area/isaki-katakai.html,0,1,0,11
2026-06-22,https://funatsuri-yoso.com/fish_area/isaki-kurihama.html,0,1,0,6
2026-06-22,https://funatsuri-yoso.com/fish_area/isaki-ohara.html,0,3,0,9
2026-06-22,https://funatsuri-yoso.com/fish_area/isaki-sajima.html,0,3,0,2.67
2026-06-22,https://funatsuri-yoso.com/fish_area/isaki-teishi.html,0,1,0,29
2026-06-22,https://funatsuri-yoso.com/fish_area/ishidai-omaezaki.html,0,3,0,5.33
2026-06-22,https://funatsuri-yoso.com/fish_area/ishimochi-kanazawa-hakkei.html,0,1,0,5
2026-06-22,https://funatsuri-yoso.com/fish_area/kamasu-hiratsuka.html,0,2,0,8
2026-06-22,https://funatsuri-yoso.com/fish_area/kanpachi-shimoda.html,0,1,0,5
2026-06-22,https://funatsuri-yoso.com/fish_area/kihada-maguro-chigasaki.html,0,1,0,11
2026-06-22,https://funatsuri-yoso.com/fish_area/kihada-maguro-hayama-abuzuri.html,0,1,0,7
2026-06-22,https://funatsuri-yoso.com/fish_area/kintoki-ohara.html,0,1,0,10
2026-06-22,https://funatsuri-yoso.com/fish_area/madai-enoura.html,0,1,0,10
2026-06-22,https://funatsuri-yoso.com/fish_area/madai-hitachi-kuji.html,0,2,0,9.5
2026-06-22,https://funatsuri-yoso.com/fish_area/magochi-kashima-port.html,0,1,0,7
2026-06-22,https://funatsuri-yoso.com/fish_area/mebaru-nakaminato.html,0,1,0,20
2026-06-22,https://funatsuri-yoso.com/fish_area/shima-aji-ohara.html,0,1,0,11
2026-06-22,https://funatsuri-yoso.com/fish_area/shirogisu-oiso.html,0,1,0,8
2026-06-22,https://funatsuri-yoso.com/monthly/2026-05/isaki.html,0,1,0,22
2026-06-22,https://funatsuri-yoso.com/monthly/2026-05/maruika.html,0,1,0,4
2026-06-22,https://funatsuri-yoso.com/pages/about.html,0,1,0,3
2026-06-22,https://funatsuri-yoso.com/ship/amasakeya-maru.html,0,1,0,12
2026-06-22,https://funatsuri-yoso.com/ship/bo-maru.html,0,1,0,10
2026-06-22,https://funatsuri-yoso.com/ship/choei-maru-fukuda.html,0,11,0,7.09
2026-06-22,https://funatsuri-yoso.com/ship/chowari-00740.html,0,8,0,9
2026-06-22,https://funatsuri-yoso.com/ship/chowari-01192.html,0,1,0,10
2026-06-22,https://funatsuri-yoso.com/ship/daijugo-shoun-maru.html,0,1,0,8
2026-06-22,https://funatsuri-yoso.com/ship/daisan-shoei-maru.html,0,4,0,7
2026-06-22,https://funatsuri-yoso.com/ship/fudo-maru.html,0,1,0,8
2026-06-22,https://funatsuri-yoso.com/ship/goro-maru.html,0,2,0,17.5
2026-06-22,https://funatsuri-yoso.com/ship/hirono-maru.html,0,1,0,3
2026-06-22,https://funatsuri-yoso.com/ship/kamoshita-maru-kawana.html,0,1,0,9
2026-06-22,https://funatsuri-yoso.com/ship/koei-maru-yaizu.html,0,1,0,12
2026-06-22,https://funatsuri-yoso.com/ship/kotatsu-maru.html,0,1,0,5
2026-06-22,https://funatsuri-yoso.com/ship/kotoku-maru.html,0,1,0,9
2026-06-22,https://funatsuri-yoso.com/ship/mikawaya.html,0,1,0,1
2026-06-22,https://funatsuri-yoso.com/ship/minosuke-maru.html,0,1,0,10
2026-06-22,https://funatsuri-yoso.com/ship/sanjiro-maru.html,0,1,0,8
2026-06-22,https://funatsuri-yoso.com/ship/seisho-maru.html,0,1,0,9
2026-06-22,https://funatsuri-yoso.com/ship/shinko-maru.html,0,1,0,11
2026-06-22,https://funatsuri-yoso.com/ship/shintoku-maru.html,0,1,0,10
2026-06-22,https://funatsuri-yoso.com/ship/shofuku-maru.html,0,1,0,7
2026-06-22,https://funatsuri-yoso.com/ship/suzuki-maru-ajiro.html,0,1,0,7
2026-06-22,https://funatsuri-yoso.com/ship/taiko-maru.html,0,10,0,9.2
2026-06-22,https://funatsuri-yoso.com/ship/taro-maru.html,0,2,0,8.5
2026-06-22,https://funatsuri-yoso.com/ship/yonemoto-tsuribuneten.html,0,5,0,8.2
2026-06-22,https://funatsuri-yoso.com/ship/yuko-maru-matsuwa.html,0,3,0,6
2026-06-22,https://funatsuri-yoso.com/x_post/2026-06-09.html,0,2,0,10.5
2026-06-23,https://funatsuri-yoso.com/,0,7,0,8.57
2026-06-23,https://funatsuri-yoso.com/area/amatsu.html,0,10,0,6.6
2026-06-23,https://funatsuri-yoso.com/area/iioka.html,2,60,0.033333,5.5
2026-06-23,https://funatsuri-yoso.com/area/kanaya.html,0,1,0,9
2026-06-23,https://funatsuri-yoso.com/area/katakai.html,0,1,0,3
2026-06-23,https://funatsuri-yoso.com/area/oarai.html,0,6,0,6.67
2026-06-23,https://funatsuri-yoso.com/area/ohara.html,0,5,0,27.4
2026-06-23,https://funatsuri-yoso.com/fish/,0,4,0,7.75
2026-06-23,https://funatsuri-yoso.com/fish/aji.html,0,4,0,9.25
2026-06-23,https://funatsuri-yoso.com/fish/akamutsu.html,0,1,0,11
2026-06-23,https://funatsuri-yoso.com/fish/aoriika.html,1,4,0.25,9.25
2026-06-23,https://funatsuri-yoso.com/fish/ara.html,0,3,0,4
2026-06-23,https://funatsuri-yoso.com/fish/hanadai.html,0,1,0,7
2026-06-23,https://funatsuri-yoso.com/fish/hirame.html,0,3,0,11
2026-06-23,https://funatsuri-yoso.com/fish/houbou.html,0,1,0,2
2026-06-23,https://funatsuri-yoso.com/fish/inada.html,0,4,0,8
2026-06-23,https://funatsuri-yoso.com/fish/isaki.html,0,2,0,10
2026-06-23,https://funatsuri-yoso.com/fish/kanpachi.html,0,5,0,9.4
2026-06-23,https://funatsuri-yoso.com/fish/karei.html,0,1,0,9
2026-06-23,https://funatsuri-yoso.com/fish/kurodai.html,1,5,0.2,4.4
2026-06-23,https://funatsuri-yoso.com/fish/madai.html,0,1,0,6
2026-06-23,https://funatsuri-yoso.com/fish/madako.html,0,1,0,10
2026-06-23,https://funatsuri-yoso.com/fish/maruika.html,0,5,0,3.6
2026-06-23,https://funatsuri-yoso.com/fish/menuke.html,0,2,0,8
2026-06-23,https://funatsuri-yoso.com/fish/mugiika.html,0,1,0,9
2026-06-23,https://funatsuri-yoso.com/fish/seabass.html,0,1,0,4
2026-06-23,https://funatsuri-yoso.com/fish/shima-aji.html,0,9,0,8.78
2026-06-23,https://funatsuri-yoso.com/fish/shiro-amadai.html,0,1,0,1
2026-06-23,https://funatsuri-yoso.com/fish/shirogisu.html,0,1,0,8
2026-06-23,https://funatsuri-yoso.com/fish/tachiuo.html,1,4,0.25,8.75
2026-06-23,https://funatsuri-yoso.com/fish_area/aji-kamoi-omuro.html,0,1,0,10
2026-06-23,https://funatsuri-yoso.com/fish_area/aji-kashima-port.html,0,1,0,6
2026-06-23,https://funatsuri-yoso.com/fish_area/aji-kotsubo.html,0,2,0,6.5
2026-06-23,https://funatsuri-yoso.com/fish_area/aji-manazuru-port.html,0,1,0,6
2026-06-23,https://funatsuri-yoso.com/fish_area/aji-omaezaki.html,0,1,0,10
2026-06-23,https://funatsuri-yoso.com/fish_area/fugu-kashima-port.html,0,1,0,10
2026-06-23,https://funatsuri-yoso.com/fish_area/fugu-urayasu.html,0,2,0,4.5
2026-06-23,https://funatsuri-yoso.com/fish_area/hata-katakai.html,0,1,0,4
2026-06-23,https://funatsuri-yoso.com/fish_area/hata-toda-shizuoka.html,0,1,0,9
2026-06-23,https://funatsuri-yoso.com/fish_area/hirame-oarai.html,0,2,0,9
2026-06-23,https://funatsuri-yoso.com/fish_area/hirame-shimoda.html,0,1,0,11
2026-06-23,https://funatsuri-yoso.com/fish_area/houbou-kuji.html,0,1,0,11
2026-06-23,https://funatsuri-yoso.com/fish_area/isaki-kanazawa-hakkei.html,0,1,0,12
2026-06-23,https://funatsuri-yoso.com/fish_area/isaki-kurihama.html,0,1,0,10
2026-06-23,https://funatsuri-yoso.com/fish_area/isaki-matsuwa-ena.html,0,1,0,6
2026-06-23,https://funatsuri-yoso.com/fish_area/isaki-ohara.html,0,4,0,6.75
2026-06-23,https://funatsuri-yoso.com/fish_area/isaki-omaezaki.html,0,1,0,8
2026-06-23,https://funatsuri-yoso.com/fish_area/ishidai-omaezaki.html,0,1,0,6
2026-06-23,https://funatsuri-yoso.com/fish_area/karei-iioka.html,0,1,0,8
2026-06-23,https://funatsuri-yoso.com/fish_area/kawahagi-kanaya.html,0,3,0,9.67
2026-06-23,https://funatsuri-yoso.com/fish_area/madako-koshiba.html,0,1,0,9
2026-06-23,https://funatsuri-yoso.com/fish_area/menuke-hasaki-shinko.html,0,1,0,8
2026-06-23,https://funatsuri-yoso.com/fish_area/menuke-hasaki.html,0,1,0,9
2026-06-23,https://funatsuri-yoso.com/fish_area/onikasago-ohara.html,0,1,0,10
2026-06-23,https://funatsuri-yoso.com/fish_area/shima-aji-ohara.html,0,2,0,6.5
2026-06-23,https://funatsuri-yoso.com/fish_area/shima-aji-omaezaki.html,0,2,0,9
2026-06-23,https://funatsuri-yoso.com/fish_area/shirogisu-shinagawa-bori.html,0,2,0,9
2026-06-23,https://funatsuri-yoso.com/fish_area/tachiuo-chigasaki.html,1,1,1,10
2026-06-23,https://funatsuri-yoso.com/fish_area/tachiuo-fukuda.html,1,2,0.5,6
2026-06-23,https://funatsuri-yoso.com/fish_area/tachiuo-nagaura.html,0,1,0,5
2026-06-23,https://funatsuri-yoso.com/ship/chigasaki-maru.html,0,2,0,10
2026-06-23,https://funatsuri-yoso.com/ship/chowari-00740.html,0,5,0,10
2026-06-23,https://funatsuri-yoso.com/ship/chowari-01192.html,0,1,0,11
2026-06-23,https://funatsuri-yoso.com/ship/chowari-01696.html,0,1,0,8
2026-06-23,https://funatsuri-yoso.com/ship/daisan-shoei-maru.html,0,1,0,11
2026-06-23,https://funatsuri-yoso.com/ship/gibei-maru.html,0,1,0,8
2026-06-23,https://funatsuri-yoso.com/ship/goro-maru.html,0,5,0,8.6
2026-06-23,https://funatsuri-yoso.com/ship/ko-maru.html,1,4,0.25,6
2026-06-23,https://funatsuri-yoso.com/ship/koei-maru-yaizu.html,0,1,0,11
2026-06-23,https://funatsuri-yoso.com/ship/kotatsu-maru.html,0,1,0,10
2026-06-23,https://funatsuri-yoso.com/ship/ryusei-maru.html,0,1,0,10
2026-06-23,https://funatsuri-yoso.com/ship/seisho-maru.html,0,1,0,9
2026-06-23,https://funatsuri-yoso.com/ship/shinsei-maru.html,0,1,0,47
2026-06-23,https://funatsuri-yoso.com/ship/shojiro-maru.html,0,1,0,11
2026-06-23,https://funatsuri-yoso.com/ship/taiko-maru.html,0,13,0,9.85
2026-06-23,https://funatsuri-yoso.com/ship/taro-maru.html,0,1,0,7
2026-06-23,https://funatsuri-yoso.com/ship/tsune-maru.html,0,1,0,12
2026-06-23,https://funatsuri-yoso.com/ship/yamashita-maru.html,0,2,0,9.5
2026-06-23,https://funatsuri-yoso.com/ship/yonemoto-tsuribuneten.html,0,3,0,9
2026-06-23,https://funatsuri-yoso.com/ship/yuko-maru-matsuwa.html,0,3,0,10
2026-06-24,https://funatsuri-yoso.com/,1,8,0.125,6.75
2026-06-24,https://funatsuri-yoso.com/area/amatsu.html,0,10,0,5.8
2026-06-24,https://funatsuri-yoso.com/area/futtsu.html,0,1,0,7
2026-06-24,https://funatsuri-yoso.com/area/hitachi-kuji.html,0,2,0,8
2026-06-24,https://funatsuri-yoso.com/area/iioka.html,1,56,0.017857,7.02
2026-06-24,https://funatsuri-yoso.com/area/jogashima-oki.html,0,1,0,2
2026-06-24,https://funatsuri-yoso.com/area/oarai.html,0,6,0,7
2026-06-24,https://funatsuri-yoso.com/area/ohara.html,0,6,0,24.5
2026-06-24,https://funatsuri-yoso.com/area/sajima.html,0,1,0,9
2026-06-24,https://funatsuri-yoso.com/fish/,0,4,0,7.75
2026-06-24,https://funatsuri-yoso.com/fish/aji.html,0,2,0,7
2026-06-24,https://funatsuri-yoso.com/fish/akamutsu.html,0,2,0,9
2026-06-24,https://funatsuri-yoso.com/fish/anago.html,0,5,0,8.6
2026-06-24,https://funatsuri-yoso.com/fish/aoriika.html,0,1,0,6
2026-06-24,https://funatsuri-yoso.com/fish/ara.html,0,1,0,10
2026-06-24,https://funatsuri-yoso.com/fish/hanadai.html,0,2,0,6
2026-06-24,https://funatsuri-yoso.com/fish/hirame.html,0,6,0,7.33
2026-06-24,https://funatsuri-yoso.com/fish/houbou.html,0,1,0,11
2026-06-24,https://funatsuri-yoso.com/fish/katsuo.html,0,1,0,9
2026-06-24,https://funatsuri-yoso.com/fish/kurodai.html,0,2,0,6
2026-06-24,https://funatsuri-yoso.com/fish/kuromutsu.html,1,1,1,5
2026-06-24,https://funatsuri-yoso.com/fish/madai.html,1,5,0.2,5.2
2026-06-24,https://funatsuri-yoso.com/fish/madako.html,0,1,0,6
2026-06-24,https://funatsuri-yoso.com/fish/maruika.html,0,3,0,6.67
2026-06-24,https://funatsuri-yoso.com/fish/onikasago.html,0,3,0,5
2026-06-24,https://funatsuri-yoso.com/fish/seabass.html,0,1,0,9
2026-06-24,https://funatsuri-yoso.com/fish/shima-aji.html,0,8,0,8.75
2026-06-24,https://funatsuri-yoso.com/fish/shirogisu.html,0,1,0,9
2026-06-24,https://funatsuri-yoso.com/fish/warasa.html,0,1,0,10
2026-06-24,https://funatsuri-yoso.com/fish_area/aji-oarai.html,0,1,0,6
2026-06-24,https://funatsuri-yoso.com/fish_area/fugu-urayasu.html,0,1,0,6
2026-06-24,https://funatsuri-yoso.com/fish_area/isaki-ohara.html,0,1,0,10
2026-06-24,https://funatsuri-yoso.com/fish_area/kurodai-ebitorigawa.html,0,1,0,7
2026-06-24,https://funatsuri-yoso.com/fish_area/magochi-samezu-katsushima.html,0,1,0,9
2026-06-24,https://funatsuri-yoso.com/fish_area/maruika-matsuwa-ena.html,1,2,0.5,7.5
2026-06-24,https://funatsuri-yoso.com/fish_area/shima-aji-ohara.html,0,1,0,40
2026-06-24,https://funatsuri-yoso.com/fish_area/shima-aji-shimoda.html,1,1,1,3
2026-06-24,https://funatsuri-yoso.com/fish_area/warasa-%E5%A4%A7%E7%94%B0%E5%8C%BA%E7%BE%BD%E7%94%B0.html,0,1,0,2
2026-06-24,https://funatsuri-yoso.com/pages/about.html,0,2,0,14
2026-06-24,https://funatsuri-yoso.com/ship/chowari-00740.html,0,6,0,9
2026-06-24,https://funatsuri-yoso.com/ship/chowari-01192.html,0,1,0,10
2026-06-24,https://funatsuri-yoso.com/ship/funayado-iwata.html,0,2,0,8
2026-06-24,https://funatsuri-yoso.com/ship/gibei-maru.html,0,1,0,9
2026-06-24,https://funatsuri-yoso.com/ship/goro-maru.html,0,3,0,8.67
2026-06-24,https://funatsuri-yoso.com/ship/kamoshita-maru-kawana.html,0,1,0,10
2026-06-24,https://funatsuri-yoso.com/ship/marubachi.html,0,1,0,10
2026-06-24,https://funatsuri-yoso.com/ship/sanjiro-maru.html,0,4,0,8.75
2026-06-24,https://funatsuri-yoso.com/ship/seisho-maru.html,0,1,0,9
2026-06-24,https://funatsuri-yoso.com/ship/shinko-maru.html,0,1,0,13
2026-06-24,https://funatsuri-yoso.com/ship/shojiro-maru.html,0,1,0,7
2026-06-24,https://funatsuri-yoso.com/ship/taiko-maru.html,0,4,0,9.5
2026-06-24,https://funatsuri-yoso.com/ship/yonemoto-tsuribuneten.html,0,2,0,6
2026-06-24,https://funatsuri-yoso.com/x_post/2026-06-13.html,0,1,0,9
2026-06-25,https://funatsuri-yoso.com/,0,10,0,9.5
2026-06-25,https://funatsuri-yoso.com/area/amatsu.html,0,4,0,4.75
2026-06-25,https://funatsuri-yoso.com/area/futtsu.html,0,3,0,9.33
2026-06-25,https://funatsuri-yoso.com/area/hitachi-kuji.html,0,1,0,15
2026-06-25,https://funatsuri-yoso.com/area/iioka.html,0,32,0,7.22
2026-06-25,https://funatsuri-yoso.com/area/oarai.html,0,2,0,43
2026-06-25,https://funatsuri-yoso.com/area/odawara-hayakawa.html,0,1,0,10
2026-06-25,https://funatsuri-yoso.com/area/ohara.html,0,6,0,10.67
2026-06-25,https://funatsuri-yoso.com/area/sajima.html,0,2,0,6
2026-06-25,https://funatsuri-yoso.com/area/sunosaki-oki.html,0,1,0,7
2026-06-25,https://funatsuri-yoso.com/fish/,0,1,0,6
2026-06-25,https://funatsuri-yoso.com/fish/aji.html,0,2,0,9
2026-06-25,https://funatsuri-yoso.com/fish/anago.html,0,1,0,8
2026-06-25,https://funatsuri-yoso.com/fish/aoriika.html,0,6,0,8.83
2026-06-25,https://funatsuri-yoso.com/fish/ara.html,0,1,0,9
2026-06-25,https://funatsuri-yoso.com/fish/hirame.html,0,4,0,6.25
2026-06-25,https://funatsuri-yoso.com/fish/houbou.html,0,1,0,1
2026-06-25,https://funatsuri-yoso.com/fish/inada.html,0,3,0,8.33
2026-06-25,https://funatsuri-yoso.com/fish/ishidai.html,0,1,0,7
2026-06-25,https://funatsuri-yoso.com/fish/katsuo.html,0,2,0,8
2026-06-25,https://funatsuri-yoso.com/fish/kintoki.html,0,1,0,6
2026-06-25,https://funatsuri-yoso.com/fish/kurodai.html,0,1,0,5
2026-06-25,https://funatsuri-yoso.com/fish/madai.html,0,1,0,9
2026-06-25,https://funatsuri-yoso.com/fish/madako.html,0,1,0,17
2026-06-25,https://funatsuri-yoso.com/fish/onikasago.html,0,1,0,10
2026-06-25,https://funatsuri-yoso.com/fish/torafugu.html,0,3,0,10.33
2026-06-25,https://funatsuri-yoso.com/fish_area/aji-kanaya.html,0,1,0,10
2026-06-25,https://funatsuri-yoso.com/fish_area/kanpachi-teishi.html,0,1,0,11
2026-06-25,https://funatsuri-yoso.com/pages/about.html,0,3,0,8.33
2026-06-25,https://funatsuri-yoso.com/ship/suharaya.html,0,2,0,10
2026-06-25,https://funatsuri-yoso.com/ship/taiko-maru.html,0,1,0,26
2026-06-25,https://funatsuri-yoso.com/ship/yamashita-maru.html,0,1,0,41
2026-06-26,https://funatsuri-yoso.com/,1,13,0.076923,11.77
2026-06-26,https://funatsuri-yoso.com/area/amatsu.html,0,11,0,8.45
2026-06-26,https://funatsuri-yoso.com/area/chigasaki.html,0,1,0,7
2026-06-26,https://funatsuri-yoso.com/area/ebitorigawa.html,0,1,0,11
2026-06-26,https://funatsuri-yoso.com/area/futtsu.html,0,4,0,4.25
2026-06-26,https://funatsuri-yoso.com/area/iioka.html,0,30,0,6.77
2026-06-26,https://funatsuri-yoso.com/area/kanaya.html,0,1,0,1
2026-06-26,https://funatsuri-yoso.com/area/oarai.html,0,4,0,8.5
2026-06-26,https://funatsuri-yoso.com/area/ohara.html,1,8,0.125,10.5
2026-06-26,https://funatsuri-yoso.com/area/sajima-oki.html,1,1,1,2
2026-06-26,https://funatsuri-yoso.com/area/sajima.html,0,1,0,9
2026-06-26,https://funatsuri-yoso.com/fish/,0,3,0,7
2026-06-26,https://funatsuri-yoso.com/fish/aoriika.html,0,7,0,8
2026-06-26,https://funatsuri-yoso.com/fish/ara.html,0,1,0,2
2026-06-26,https://funatsuri-yoso.com/fish/buri.html,0,2,0,9
2026-06-26,https://funatsuri-yoso.com/fish/hirame.html,0,6,0,8.83
2026-06-26,https://funatsuri-yoso.com/fish/inada.html,0,2,0,6.5
2026-06-26,https://funatsuri-yoso.com/fish/isaki.html,0,2,0,11
2026-06-26,https://funatsuri-yoso.com/fish/ishidai.html,0,1,0,11
2026-06-26,https://funatsuri-yoso.com/fish/kintoki.html,0,1,0,9
2026-06-26,https://funatsuri-yoso.com/fish/madako.html,0,1,0,10
2026-06-26,https://funatsuri-yoso.com/fish/maruika.html,0,2,0,15.5
2026-06-26,https://funatsuri-yoso.com/fish/onikasago.html,0,2,0,10
2026-06-26,https://funatsuri-yoso.com/fish/torafugu.html,0,2,0,10.5
2026-06-26,https://funatsuri-yoso.com/fish_area/aji-kamoi-omuro.html,0,1,0,6
2026-06-26,https://funatsuri-yoso.com/fish_area/fugu-ohara.html,0,1,0,6
2026-06-26,https://funatsuri-yoso.com/fish_area/hata-kashima-port.html,0,1,0,12
2026-06-26,https://funatsuri-yoso.com/index.html,0,4,0,6.5
2026-06-26,https://funatsuri-yoso.com/ship/yonemoto-tsuribuneten.html,0,1,0,31
2026-06-27,https://funatsuri-yoso.com/,0,5,0,9.4
2026-06-27,https://funatsuri-yoso.com/area/,0,2,0,60
2026-06-27,https://funatsuri-yoso.com/area/amatsu.html,0,15,0,6.33
2026-06-27,https://funatsuri-yoso.com/area/futtsu.html,0,1,0,8
2026-06-27,https://funatsuri-yoso.com/area/hitachi-kuji.html,0,1,0,8
2026-06-27,https://funatsuri-yoso.com/area/iioka.html,1,66,0.015152,6.59
2026-06-27,https://funatsuri-yoso.com/area/kashima-port.html,0,1,0,11
2026-06-27,https://funatsuri-yoso.com/area/nagai-shinjuku.html,0,1,0,8
2026-06-27,https://funatsuri-yoso.com/area/oarai.html,0,3,0,9
2026-06-27,https://funatsuri-yoso.com/area/ohara.html,1,6,0.166667,14
2026-06-27,https://funatsuri-yoso.com/area/sajima.html,0,1,0,10
2026-06-27,https://funatsuri-yoso.com/fish/aji.html,0,6,0,8.83
2026-06-27,https://funatsuri-yoso.com/fish/anago.html,0,2,0,9
2026-06-27,https://funatsuri-yoso.com/fish/aoriika.html,1,10,0.1,8.8
2026-06-27,https://funatsuri-yoso.com/fish/ara.html,0,1,0,11
2026-06-27,https://funatsuri-yoso.com/fish/hirame.html,0,9,0,8
2026-06-27,https://funatsuri-yoso.com/fish/inada.html,0,1,0,14
2026-06-27,https://funatsuri-yoso.com/fish/isaki.html,0,3,0,9
2026-06-27,https://funatsuri-yoso.com/fish/kanpachi.html,0,1,0,53
2026-06-27,https://funatsuri-yoso.com/fish/katsuo.html,0,3,0,8
2026-06-27,https://funatsuri-yoso.com/fish/kurodai.html,0,2,0,6.5
2026-06-27,https://funatsuri-yoso.com/fish/kuromutsu.html,0,1,0,3
2026-06-27,https://funatsuri-yoso.com/fish/madai.html,0,2,0,11.5
2026-06-27,https://funatsuri-yoso.com/fish/onikasago.html,0,2,0,10
2026-06-27,https://funatsuri-yoso.com/fish/shiira.html,0,1,0,11
2026-06-27,https://funatsuri-yoso.com/fish_area/hirame-ohara.html,0,1,0,7
2026-06-27,https://funatsuri-yoso.com/fish_area/hirame-togawa.html,0,1,0,6
2026-06-27,https://funatsuri-yoso.com/fish_area/katsuo-nagai.html,0,1,0,8
2026-06-27,https://funatsuri-yoso.com/fish_area/kawahagi-chigasaki.html,0,1,0,7
2026-06-27,https://funatsuri-yoso.com/fish_area/kihada-maguro-hiratsuka.html,0,1,0,56
2026-06-27,https://funatsuri-yoso.com/fish_area/madako-futtsu.html,0,2,0,11
2026-06-27,https://funatsuri-yoso.com/fish_area/tai-gomoku-oarai.html,0,1,0,25
2026-06-27,https://funatsuri-yoso.com/index.html,1,8,0.125,13.5
2026-06-27,https://funatsuri-yoso.com/ship/ikatsu-maru.html,0,2,0,49
2026-06-27,https://funatsuri-yoso.com/ship/nagasakiya.html,0,1,0,7
2026-06-28,https://funatsuri-yoso.com/,0,15,0,12.47
2026-06-28,https://funatsuri-yoso.com/area/,0,1,0,49
2026-06-28,https://funatsuri-yoso.com/area/ajiro.html,0,1,0,7
2026-06-28,https://funatsuri-yoso.com/area/amatsu.html,1,9,0.111111,5.56
2026-06-28,https://funatsuri-yoso.com/area/chigasaki.html,1,1,1,16
2026-06-28,https://funatsuri-yoso.com/area/futtsu.html,0,1,0,10
2026-06-28,https://funatsuri-yoso.com/area/hitachi-kuji.html,0,1,0,19
2026-06-28,https://funatsuri-yoso.com/area/hota.html,0,1,0,7
2026-06-28,https://funatsuri-yoso.com/area/iioka.html,0,68,0,6.32
2026-06-28,https://funatsuri-yoso.com/area/numazu-oki.html,0,1,0,7
2026-06-28,https://funatsuri-yoso.com/area/oarai.html,0,2,0,5
2026-06-28,https://funatsuri-yoso.com/area/ohara.html,0,4,0,8.25
2026-06-28,https://funatsuri-yoso.com/area/sajima.html,0,2,0,4.5
2026-06-28,https://funatsuri-yoso.com/area/shiba.html,0,4,0,3.5
2026-06-28,https://funatsuri-yoso.com/fish/,0,2,0,9.5
2026-06-28,https://funatsuri-yoso.com/fish/aji.html,0,4,0,9.75
2026-06-28,https://funatsuri-yoso.com/fish/anago.html,0,1,0,5
2026-06-28,https://funatsuri-yoso.com/fish/aoriika.html,0,3,0,8
2026-06-28,https://funatsuri-yoso.com/fish/hirame.html,0,11,0,7.82
2026-06-28,https://funatsuri-yoso.com/fish/inada.html,0,7,0,5.86
2026-06-28,https://funatsuri-yoso.com/fish/isaki.html,0,4,0,13
2026-06-28,https://funatsuri-yoso.com/fish/kurodai.html,0,3,0,5.67
2026-06-28,https://funatsuri-yoso.com/fish/madako.html,0,4,0,8.5
2026-06-28,https://funatsuri-yoso.com/fish/onikasago.html,0,1,0,7
2026-06-28,https://funatsuri-yoso.com/fish_area/aji-yokohama-shinyamashita.html,0,1,0,9
2026-06-28,https://funatsuri-yoso.com/fish_area/kintoki-ohara.html,0,1,0,11
2026-06-28,https://funatsuri-yoso.com/fish_area/madai-ohara.html,0,1,0,15
2026-06-28,https://funatsuri-yoso.com/fish_area/maruika-hiratsuka.html,0,1,0,6
2026-06-28,https://funatsuri-yoso.com/fish_area/surumeika-odawara-hayakawa.html,1,1,1,34
2026-06-28,https://funatsuri-yoso.com/index.html,0,10,0,14.4
2026-06-28,https://funatsuri-yoso.com/ship/masaichi-maru.html,0,1,0,27
2026-06-28,https://funatsuri-yoso.com/ship/yonemoto-tsuribuneten.html,0,1,0,21
2026-06-29,https://funatsuri-yoso.com/,1,12,0.083333,8.25
2026-06-29,https://funatsuri-yoso.com/area/amatsu.html,0,8,0,7.5
2026-06-29,https://funatsuri-yoso.com/area/futtsu.html,0,2,0,6.5
2026-06-29,https://funatsuri-yoso.com/area/hasaki-shinko.html,0,3,0,8.67
2026-06-29,https://funatsuri-yoso.com/area/iioka.html,0,43,0,7.21
2026-06-29,https://funatsuri-yoso.com/area/kamoi-omuro.html,0,1,0,11
2026-06-29,https://funatsuri-yoso.com/area/matsuzaki.html,0,1,0,11
2026-06-29,https://funatsuri-yoso.com/area/nagai-urushiyama.html,0,1,0,3
2026-06-29,https://funatsuri-yoso.com/area/oarai.html,0,4,0,8.25
2026-06-29,https://funatsuri-yoso.com/area/odawara-hayakawa.html,0,1,0,8
2026-06-29,https://funatsuri-yoso.com/area/ohara.html,0,8,0,14
2026-06-29,https://funatsuri-yoso.com/area/sajima.html,0,3,0,11.67
2026-06-29,https://funatsuri-yoso.com/area/shikamotobashi.html,0,1,0,5
2026-06-29,https://funatsuri-yoso.com/area/shin-imaibashi.html,0,2,0,8.5
2026-06-29,https://funatsuri-yoso.com/area/teishi.html,0,1,0,24
2026-06-29,https://funatsuri-yoso.com/fish/abura-bouzu.html,0,1,0,1
2026-06-29,https://funatsuri-yoso.com/fish/aji.html,0,6,0,7.67
2026-06-29,https://funatsuri-yoso.com/fish/anago.html,0,3,0,9
2026-06-29,https://funatsuri-yoso.com/fish/aoriika.html,0,3,0,7.33
2026-06-29,https://funatsuri-yoso.com/fish/ara.html,1,3,0.333333,7
2026-06-29,https://funatsuri-yoso.com/fish/bishi-aji.html,0,1,0,6
2026-06-29,https://funatsuri-yoso.com/fish/hanadai.html,0,3,0,5
2026-06-29,https://funatsuri-yoso.com/fish/hiramasa.html,0,1,0,5
2026-06-29,https://funatsuri-yoso.com/fish/hirame.html,0,3,0,8
2026-06-29,https://funatsuri-yoso.com/fish/inada.html,0,5,0,5.8
2026-06-29,https://funatsuri-yoso.com/fish/isaki.html,0,1,0,5
2026-06-29,https://funatsuri-yoso.com/fish/kamasu.html,0,1,0,8
2026-06-29,https://funatsuri-yoso.com/fish/kanpachi.html,0,10,0,6.4
2026-06-29,https://funatsuri-yoso.com/fish/katsuo.html,0,3,0,6.33
2026-06-29,https://funatsuri-yoso.com/fish/kurodai.html,0,3,0,6.33
2026-06-29,https://funatsuri-yoso.com/fish/kuromutsu.html,0,1,0,3
2026-06-29,https://funatsuri-yoso.com/fish/madai.html,0,1,0,19
2026-06-29,https://funatsuri-yoso.com/fish/madako.html,0,1,0,7
2026-06-29,https://funatsuri-yoso.com/fish/maruika.html,0,5,0,9.2
2026-06-29,https://funatsuri-yoso.com/fish/mugiika.html,0,2,0,8
2026-06-29,https://funatsuri-yoso.com/fish/onikasago.html,0,1,0,5
2026-06-29,https://funatsuri-yoso.com/fish/seabass.html,0,1,0,6
2026-06-29,https://funatsuri-yoso.com/fish/shima-aji.html,0,4,0,30.5
2026-06-29,https://funatsuri-yoso.com/fish/shousaifugu.html,0,1,0,30
2026-06-29,https://funatsuri-yoso.com/fish/sumiika.html,0,2,0,8
2026-06-29,https://funatsuri-yoso.com/fish_area/aji-kanazawa-gyoko.html,0,2,0,8.5
2026-06-29,https://funatsuri-yoso.com/fish_area/aji-ohara.html,0,1,0,1
2026-06-29,https://funatsuri-yoso.com/fish_area/aji-shikamotobashi.html,0,1,0,7
2026-06-29,https://funatsuri-yoso.com/fish_area/akamutsu-hasaki.html,0,1,0,7
2026-06-29,https://funatsuri-yoso.com/fish_area/aoriika-nagai-shinjuku.html,0,1,0,7
2026-06-29,https://funatsuri-yoso.com/fish_area/hirame-hasaki.html,0,3,0,8
2026-06-29,https://funatsuri-yoso.com/fish_area/isaki-ohara.html,0,3,0,8
2026-06-29,https://funatsuri-yoso.com/fish_area/isaki-teishi.html,0,1,0,17
2026-06-29,https://funatsuri-yoso.com/fish_area/kasago-kanazawa-hakkei.html,0,1,0,10
2026-06-29,https://funatsuri-yoso.com/fish_area/kihada-maguro-hiratsuka.html,0,2,0,6
2026-06-29,https://funatsuri-yoso.com/fish_area/kinmedai-katakai.html,0,1,0,9
2026-06-29,https://funatsuri-yoso.com/fish_area/madai-usami.html,0,2,0,9.5
2026-06-29,https://funatsuri-yoso.com/fish_area/madako-kanazawa-hakkei.html,0,1,0,5
2026-06-29,https://funatsuri-yoso.com/fish_area/maruika-nagai-urushiyama.html,0,1,0,13
2026-06-29,https://funatsuri-yoso.com/fish_area/maruika-usami.html,0,1,0,8
2026-06-29,https://funatsuri-yoso.com/fish_area/shima-aji-ohara.html,0,5,0,11
2026-06-29,https://funatsuri-yoso.com/fish_area/tachiuo-fukuda.html,0,3,0,4.33
2026-06-29,https://funatsuri-yoso.com/index.html,1,13,0.076923,7.46
2026-06-29,https://funatsuri-yoso.com/ship/chigasaki-maru.html,0,3,0,10
2026-06-29,https://funatsuri-yoso.com/ship/chowari-01192.html,0,1,0,11
2026-06-29,https://funatsuri-yoso.com/ship/dengoro-maru.html,0,1,0,17
2026-06-29,https://funatsuri-yoso.com/ship/goro-maru.html,0,1,0,6
2026-06-29,https://funatsuri-yoso.com/ship/hirono-maru.html,0,1,0,10
2026-06-29,https://funatsuri-yoso.com/ship/juroheimaru.html,0,2,0,7
2026-06-29,https://funatsuri-yoso.com/ship/kako-maru.html,0,1,0,22
2026-06-29,https://funatsuri-yoso.com/ship/katsumi-maru.html,0,1,0,10
2026-06-29,https://funatsuri-yoso.com/ship/ko-maru-oiso.html,0,1,0,10
2026-06-29,https://funatsuri-yoso.com/ship/ko-maru.html,0,1,0,8
2026-06-29,https://funatsuri-yoso.com/ship/kotatsu-maru.html,0,3,0,9
2026-06-29,https://funatsuri-yoso.com/ship/omatsu-maru.html,0,1,0,20
2026-06-29,https://funatsuri-yoso.com/ship/seisho-maru.html,0,1,0,7
2026-06-29,https://funatsuri-yoso.com/ship/taiko-maru.html,0,2,0,7.5
2026-06-29,https://funatsuri-yoso.com/ship/taro-maru.html,0,1,0,10
2026-06-29,https://funatsuri-yoso.com/ship/yonemoto-tsuribuneten.html,0,3,0,7.67
2026-06-29,https://funatsuri-yoso.com/x_post/2026-06-12.html,0,1,0,1
2026-06-29,https://funatsuri-yoso.com/x_post/2026-06-22.html,0,4,0,6.75
2026-06-30,https://funatsuri-yoso.com/,0,17,0,8.06
2026-06-30,https://funatsuri-yoso.com/area/,0,2,0,36.5
2026-06-30,https://funatsuri-yoso.com/area/amatsu.html,0,12,0,6.17
2026-06-30,https://funatsuri-yoso.com/area/futtsu.html,0,1,0,7
2026-06-30,https://funatsuri-yoso.com/area/hachimanbashi.html,0,1,0,4
2026-06-30,https://funatsuri-yoso.com/area/hasaki-shinko.html,0,2,0,8.5
2026-06-30,https://funatsuri-yoso.com/area/hitachi-kuji.html,0,1,0,20
2026-06-30,https://funatsuri-yoso.com/area/iioka.html,0,79,0,6.63
2026-06-30,https://funatsuri-yoso.com/area/imai-suimon.html,1,1,1,2
2026-06-30,https://funatsuri-yoso.com/area/kashima-minami-oki.html,0,2,0,8
2026-06-30,https://funatsuri-yoso.com/area/nagai-shinjuku.html,0,1,0,18
2026-06-30,https://funatsuri-yoso.com/area/oarai.html,0,4,0,9
2026-06-30,https://funatsuri-yoso.com/area/odawara-hayakawa.html,0,1,0,7
2026-06-30,https://funatsuri-yoso.com/area/ohara.html,0,17,0,17.41
2026-06-30,https://funatsuri-yoso.com/area/sajima.html,0,1,0,1
2026-06-30,https://funatsuri-yoso.com/area/shimizu.html,0,1,0,9
2026-06-30,https://funatsuri-yoso.com/fish/aji.html,0,4,0,5
2026-06-30,https://funatsuri-yoso.com/fish/akamutsu.html,0,1,0,9
2026-06-30,https://funatsuri-yoso.com/fish/anago.html,0,5,0,9.4
2026-06-30,https://funatsuri-yoso.com/fish/aoriika.html,0,6,0,6.83
2026-06-30,https://funatsuri-yoso.com/fish/hirame.html,0,4,0,8.5
2026-06-30,https://funatsuri-yoso.com/fish/inada.html,0,4,0,8
2026-06-30,https://funatsuri-yoso.com/fish/isaki.html,0,5,0,12.2
2026-06-30,https://funatsuri-yoso.com/fish/ishimochi.html,0,1,0,8
2026-06-30,https://funatsuri-yoso.com/fish/kanpachi.html,0,2,0,11
2026-06-30,https://funatsuri-yoso.com/fish/kintoki.html,1,3,0.333333,6
2026-06-30,https://funatsuri-yoso.com/fish/kurodai.html,0,3,0,10
2026-06-30,https://funatsuri-yoso.com/fish/kuromutsu.html,0,2,0,8.5
2026-06-30,https://funatsuri-yoso.com/fish/madako.html,0,2,0,4.5
2026-06-30,https://funatsuri-yoso.com/fish/maruika.html,0,5,0,16.2
2026-06-30,https://funatsuri-yoso.com/fish/moroko.html,1,2,0.5,8
2026-06-30,https://funatsuri-yoso.com/fish/onikasago.html,0,1,0,11
2026-06-30,https://funatsuri-yoso.com/fish/seabass.html,0,1,0,7
2026-06-30,https://funatsuri-yoso.com/fish/shima-aji.html,0,9,0,9.33
2026-06-30,https://funatsuri-yoso.com/fish/tachiuo.html,0,2,0,7
2026-06-30,https://funatsuri-yoso.com/fish_area/aji-kanazawa-hakkei.html,0,1,0,10
2026-06-30,https://funatsuri-yoso.com/fish_area/aji-manazuru-port.html,0,1,0,9
2026-06-30,https://funatsuri-yoso.com/fish_area/aji-oarai.html,0,1,0,10
2026-06-30,https://funatsuri-yoso.com/fish_area/hirame-hasaki.html,0,1,0,6
2026-06-30,https://funatsuri-yoso.com/fish_area/hirame-oarai.html,0,1,0,7
2026-06-30,https://funatsuri-yoso.com/fish_area/hirame-ohara.html,0,1,0,11
2026-06-30,https://funatsuri-yoso.com/fish_area/isaki-matsuwa-ena.html,0,4,0,7.75
2026-06-30,https://funatsuri-yoso.com/fish_area/isaki-ohara.html,0,1,0,7
2026-06-30,https://funatsuri-yoso.com/fish_area/isaki-shimizu.html,0,3,0,8.33
2026-06-30,https://funatsuri-yoso.com/fish_area/katsuo-odawara-hayakawa.html,0,1,0,11
2026-06-30,https://funatsuri-yoso.com/fish_area/kurodai-kanaya.html,0,1,0,8
2026-06-30,https://funatsuri-yoso.com/fish_area/madai-hitachi-kuji.html,0,1,0,12
2026-06-30,https://funatsuri-yoso.com/fish_area/madai-ohara.html,0,1,0,16
2026-06-30,https://funatsuri-yoso.com/fish_area/madako-kanazawa-hakkei.html,0,1,0,10
2026-06-30,https://funatsuri-yoso.com/fish_area/shima-aji-ohara.html,1,9,0.111111,9.78
2026-06-30,https://funatsuri-yoso.com/fish_area/surumeika-odawara-hayakawa.html,0,1,0,10
2026-06-30,https://funatsuri-yoso.com/fish_area/tachiuo-kanazawa-gyoko.html,0,1,0,8
2026-06-30,https://funatsuri-yoso.com/fish_area/warasa-hasaki.html,0,1,0,10
2026-06-30,https://funatsuri-yoso.com/index.html,1,16,0.0625,8.56
2026-06-30,https://funatsuri-yoso.com/ship/chowari-01192.html,0,2,0,11
2026-06-30,https://funatsuri-yoso.com/ship/hirono-maru.html,0,3,0,8.33
2026-06-30,https://funatsuri-yoso.com/ship/kotatsu-maru.html,0,2,0,9
2026-06-30,https://funatsuri-yoso.com/ship/kyuju-maru.html,0,2,0,11
2026-06-30,https://funatsuri-yoso.com/ship/ryusei-maru.html,0,2,0,7.5
2026-06-30,https://funatsuri-yoso.com/ship/seisho-maru.html,0,1,0,10
2026-06-30,https://funatsuri-yoso.com/ship/suharaya.html,0,1,0,5
2026-06-30,https://funatsuri-yoso.com/ship/taiko-maru.html,0,2,0,8.5
2026-06-30,https://funatsuri-yoso.com/ship/tsuyoshi-maru.html,0,2,0,4.5
2026-06-30,https://funatsuri-yoso.com/ship/yonemoto-tsuribuneten.html,0,1,0,8
