ship,area,date,trip_no,is_cancellation,tsuri_mono_raw,tsuri_mono,main_sub,fish_raw,time_slot,cnt_min,cnt_max,cnt_avg,is_boat,size_min,size_max,kg_min,kg_max,tackle,point_place1,point_place2,point_place3,n_points_visited,depth_min,depth_max,water_temp_min,water_temp_max,water_color,wind_direction,wind_speed,tide_info,wave_info,weather,by_catch,cancel_reason,cancel_type,kanso_raw,suion_raw,suishoku_raw,source
BLUE DRAGON,大洗港,2026/09/05,1,0,アジ,アジ,メイン,アジ,NULL,5.0,40.0,22.5,0,15.0,30.0,,,NULL,茨城県 東茨城郡大洗町 大洗港,NULL,NULL,1,NULL,NULL,24.9,24.9,NULL,東北東,6.3m/s,小潮,東 1.1m/s,曇り,カタクチイワシ・サバ・ハナダイ,NULL,NULL,アジ五目ルアー便の釣果 まぁまぁ釣れましたがグループのお一人様酷い船酔いで7:30頃で早上がり お疲れ様でした,24.9℃,NULL,chowari/BLUE DRAGON
BLUE DRAGON,大洗港,2026/09/05,1,0,カタクチイワシ,NULL,サブ,カタクチイワシ,NULL,2.0,2.0,2.0,0,8.0,8.0,,,NULL,茨城県 東茨城郡大洗町 大洗港,NULL,NULL,1,NULL,NULL,24.9,24.9,NULL,東北東,6.3m/s,小潮,東 1.1m/s,曇り,NULL,NULL,NULL,アジ五目ルアー便の釣果 まぁまぁ釣れましたがグループのお一人様酷い船酔いで7:30頃で早上がり お疲れ様でした,24.9℃,NULL,chowari/BLUE DRAGON
BLUE DRAGON,大洗港,2026/09/05,1,0,サバ,サバ,サブ,サバ,NULL,0.0,5.0,2.5,0,20.0,30.0,,,NULL,茨城県 東茨城郡大洗町 大洗港,NULL,NULL,1,NULL,NULL,24.9,24.9,NULL,東北東,6.3m/s,小潮,東 1.1m/s,曇り,NULL,NULL,NULL,アジ五目ルアー便の釣果 まぁまぁ釣れましたがグループのお一人様酷い船酔いで7:30頃で早上がり お疲れ様でした,24.9℃,NULL,chowari/BLUE DRAGON
BLUE DRAGON,大洗港,2026/09/05,1,0,ハナダイ,ハナダイ,サブ,ハナダイ,NULL,1.0,1.0,1.0,0,20.0,20.0,,,NULL,茨城県 東茨城郡大洗町 大洗港,NULL,NULL,1,NULL,NULL,24.9,24.9,NULL,東北東,6.3m/s,小潮,東 1.1m/s,曇り,NULL,NULL,NULL,アジ五目ルアー便の釣果 まぁまぁ釣れましたがグループのお一人様酷い船酔いで7:30頃で早上がり お疲れ様でした,24.9℃,NULL,chowari/BLUE DRAGON
PLAYFUL FISHING,大田区海老取川,2026/09/01,1,0,タチウオ,タチウオ,メイン,タチウオ,NULL,,,,0,,,,,NULL,東京都 大田区 海老取川,NULL,NULL,1,NULL,NULL,27.0,27.0,NULL,北北東,3.8m/s,中潮,南 0.2m/s,曇り,,NULL,NULL,常連様&ご新規様。 朝のタイミングではミノー、ブレード。 ラストに昼間の時合いが来て再び連発。 今回はタチウオも良く釣れてました。 最後までやりきって頂きありがとうございました。 わいわい大盛りあがりでした笑。,27.0℃,NULL,chowari/PLAYFUL FISHING
PLAYFUL FISHING,大田区海老取川,2026/09/02,1,0,サワラ,サワラ,メイン,サワラ,NULL,,,,0,,,,,NULL,東京都 大田区 海老取川,NULL,NULL,1,NULL,NULL,27.7,27.7,NULL,南南東,1.3m/s,中潮,南 0.2m/s,曇り時々晴れ,,NULL,NULL,夢釣行ロケ。 動くはずの潮が全く動かず‥なかなか難しい状況でした。 しかしお二人のおかげで見事キャッチ。 本当に素晴らしかったです。 放送が今から楽しみです。 是非、御覧になってください。,27.7℃,NULL,chowari/PLAYFUL FISHING
PLAYFUL FISHING,大田区海老取川,2026/09/03,1,0,クロダイ,クロダイ,サブ,クロダイ,NULL,,,,0,,,,,NULL,東京都 大田区 海老取川,NULL,NULL,1,NULL,NULL,27.7,27.7,NULL,南南西,4.3m/s,小潮,南 0.2m/s,曇りのち一時雨,NULL,NULL,NULL,常連様達と乗り合いマゴチニング。 慣れている常連様は連発。 幼児の時から教えている男の子は今回、チニング初挑戦。 無事、引きを味わってもらって良かった。 どんどん釣り好きになってもらいたいです。 親御さんもかなり上手。 慣れた所で立て続けにヒットでした。,27.7℃,NULL,chowari/PLAYFUL FISHING
PLAYFUL FISHING,大田区海老取川,2026/09/03,1,0,サワラ,サワラ,メイン,サワラ,NULL,,,,0,,,,,NULL,東京都 大田区 海老取川,NULL,NULL,1,NULL,NULL,27.7,27.7,NULL,南南西,4.3m/s,小潮,南 0.2m/s,曇りのち一時雨,タチ,NULL,NULL,ライブ終わりにお越し頂いたお客様達。 業界の人達って体力が本当に凄い。 まずはアジ入れ食い。 最後に大物狙いに変更。 短時間でしたが、サワラ、タチウオをキャッチ。 素晴らしかったです。,27.7℃,NULL,chowari/PLAYFUL FISHING
PLAYFUL FISHING,大田区海老取川,2026/09/03,1,0,タチ,NULL,サブ,タチ,NULL,,,,0,,,,,NULL,東京都 大田区 海老取川,NULL,NULL,1,NULL,NULL,27.7,27.7,NULL,南南西,4.3m/s,小潮,南 0.2m/s,曇りのち一時雨,NULL,NULL,NULL,ライブ終わりにお越し頂いたお客様達。 業界の人達って体力が本当に凄い。 まずはアジ入れ食い。 最後に大物狙いに変更。 短時間でしたが、サワラ、タチウオをキャッチ。 素晴らしかったです。,27.7℃,NULL,chowari/PLAYFUL FISHING
PLAYFUL FISHING,大田区海老取川,2026/09/03,1,0,マゴチ,マゴチ,メイン,マゴチ,NULL,,,,0,,,,,NULL,東京都 大田区 海老取川,NULL,NULL,1,NULL,NULL,27.7,27.7,NULL,南南西,4.3m/s,小潮,南 0.2m/s,曇りのち一時雨,クロダイ,NULL,NULL,常連様達と乗り合いマゴチニング。 慣れている常連様は連発。 幼児の時から教えている男の子は今回、チニング初挑戦。 無事、引きを味わってもらって良かった。 どんどん釣り好きになってもらいたいです。 親御さんもかなり上手。 慣れた所で立て続けにヒットでした。,27.7℃,NULL,chowari/PLAYFUL FISHING
PLAYFUL FISHING,大田区海老取川,2026/09/03,2,0,サワラ,サワラ,メイン,サワラ,NULL,,,,0,,,,,NULL,東京都 大田区 海老取川,NULL,NULL,1,NULL,NULL,27.7,27.7,NULL,南南西,4.3m/s,小潮,南 0.2m/s,曇りのち一時雨,タチ,NULL,NULL,ライブ終わりにお越し頂いたお客様達。 業界の人達って体力が本当に凄い。 まずはアジ入れ食い。 最後に大物狙いに変更。 短時間でしたが、サワラ、タチウオをキャッチ。 素晴らしかったです。,27.7℃,NULL,chowari/PLAYFUL FISHING
PLAYFUL FISHING,大田区海老取川,2026/09/03,2,0,タチ,NULL,サブ,タチ,NULL,,,,0,,,,,NULL,東京都 大田区 海老取川,NULL,NULL,1,NULL,NULL,27.7,27.7,NULL,南南西,4.3m/s,小潮,南 0.2m/s,曇りのち一時雨,NULL,NULL,NULL,ライブ終わりにお越し頂いたお客様達。 業界の人達って体力が本当に凄い。 まずはアジ入れ食い。 最後に大物狙いに変更。 短時間でしたが、サワラ、タチウオをキャッチ。 素晴らしかったです。,27.7℃,NULL,chowari/PLAYFUL FISHING
PLAYFUL FISHING,大田区海老取川,2026/09/04,1,0,サワラ,サワラ,メイン,サワラ,NULL,,,,0,,,,,NULL,東京都 大田区 海老取川,NULL,NULL,1,NULL,NULL,28.0,28.0,NULL,北北東,2.9m/s,小潮,南 0.2m/s,雨時々止む,,NULL,NULL,原西フィッシングクラブの伊東Dさんとサワラ。 ミノー、ブレードでキャッチ。 160gなどの重いジグのフォールで釣る ヘビーブレードジギングではドラゴンが釣れました。 今回もわいわい面白かったです。 また宜しくお願いします。,28.0℃,NULL,chowari/PLAYFUL FISHING
PLAYFUL FISHING,大田区海老取川,2026/09/05,1,0,サワラ,サワラ,メイン,サワラ,NULL,,,,0,,,,,NULL,東京都 大田区 海老取川,NULL,NULL,1,NULL,NULL,27.6,27.6,NULL,東北東,3.1m/s,小潮,南 0.2m/s,曇り,,NULL,NULL,初釣りの大学生達。 まずはアジ狙いで連発。 その後は少しだけサワラ狙い。 短時間勝負でしたが連発。 本当に素晴らしかったです。 ルアーはタングマン40gアカキングロー。 よく釣れますね。,27.6℃,NULL,chowari/PLAYFUL FISHING
PLAYFUL FISHING,大田区海老取川,2026/09/06,1,0,サワラ,サワラ,メイン,サワラ,NULL,,,,0,,,,,NULL,東京都 大田区 海老取川,NULL,NULL,1,NULL,NULL,27.6,27.6,NULL,北北東,8.1m/s,長潮,北北東 0.5m/s,雨,タチウオ,NULL,NULL,御新規様。 初釣りとの事でレクチャーさせて頂いてからアジ狙い。 そして連発。 釣り飽きた所でラストにサワラ狙い。 短時間でサワラ、タチウオGET。 素晴らしかったです。 アカキンゼブラグローは本当に良く釣れますね。,27.6℃,NULL,chowari/PLAYFUL FISHING
PLAYFUL FISHING,大田区海老取川,2026/09/06,1,0,タチウオ,タチウオ,サブ,タチウオ,NULL,,,,0,,,,,NULL,東京都 大田区 海老取川,NULL,NULL,1,NULL,NULL,27.6,27.6,NULL,北北東,8.1m/s,長潮,北北東 0.5m/s,雨,NULL,NULL,NULL,御新規様。 初釣りとの事でレクチャーさせて頂いてからアジ狙い。 そして連発。 釣り飽きた所でラストにサワラ狙い。 短時間でサワラ、タチウオGET。 素晴らしかったです。 アカキンゼブラグローは本当に良く釣れますね。,27.6℃,NULL,chowari/PLAYFUL FISHING
PLAYFUL FISHING,大田区海老取川,2026/09/07,1,0,マゴチ,マゴチ,メイン,マゴチ,NULL,,,,0,,,,,NULL,東京都 大田区 海老取川,NULL,NULL,1,NULL,NULL,27.6,27.6,NULL,北北西,2.0m/s,若潮,南 0.8m/s,雨のち曇り,,NULL,NULL,御新規様マゴチ乗り合い。 小マゴチ～良型サイズまで連発。 パンチングシュリンプ2.5インチ絶好調。 わいわい大盛り上がり。 近場のマゴチもそろそろラストスパート。 気になる方はお早めに。,27.6℃,NULL,chowari/PLAYFUL FISHING
PLAYFUL FISHING,大田区海老取川,2026/09/09,1,0,キビレ,NULL,サブ,キビレ,NULL,,,,0,,,,,NULL,東京都 大田区 海老取川,NULL,NULL,1,NULL,NULL,27.7,27.7,NULL,南南西,10.1m/s,中潮,南 1.0m/s,曇りのち一時雨,NULL,NULL,NULL,御新規様と色々狙い。 シーバス、キビレ、チヌGET。 皆様、上手なのでしっかりキャッチ。 船初挑戦の女性も無事にゲット出来て良かったです。 面白いお話ありがとうございました。 また宜しくお願いします。,27.7℃,NULL,chowari/PLAYFUL FISHING
PLAYFUL FISHING,大田区海老取川,2026/09/09,1,0,シーバス,シーバス,メイン,シーバス,NULL,,,,0,,,,,NULL,東京都 大田区 海老取川,NULL,NULL,1,NULL,NULL,27.7,27.7,NULL,南南西,10.1m/s,中潮,南 1.0m/s,曇りのち一時雨,キビレ・チヌ,NULL,NULL,御新規様と色々狙い。 シーバス、キビレ、チヌGET。 皆様、上手なのでしっかりキャッチ。 船初挑戦の女性も無事にゲット出来て良かったです。 面白いお話ありがとうございました。 また宜しくお願いします。,27.7℃,NULL,chowari/PLAYFUL FISHING
PLAYFUL FISHING,大田区海老取川,2026/09/09,1,0,チヌ,クロダイ,サブ,チヌ,NULL,,,,0,,,,,NULL,東京都 大田区 海老取川,NULL,NULL,1,NULL,NULL,27.7,27.7,NULL,南南西,10.1m/s,中潮,南 1.0m/s,曇りのち一時雨,NULL,NULL,NULL,御新規様と色々狙い。 シーバス、キビレ、チヌGET。 皆様、上手なのでしっかりキャッチ。 船初挑戦の女性も無事にゲット出来て良かったです。 面白いお話ありがとうございました。 また宜しくお願いします。,27.7℃,NULL,chowari/PLAYFUL FISHING
PLAYFUL FISHING,大田区海老取川,2026/09/10,1,0,サワラ,サワラ,メイン,サワラ,NULL,,,,0,,,,,NULL,東京都 大田区 海老取川,NULL,NULL,1,NULL,NULL,27.5,27.5,NULL,北北東,6.5m/s,大潮,南南東 0.6m/s,雨時々止む,,NULL,NULL,常連様とサワラ。 雨降りそうだからすぐ釣ってすぐ帰ろうと‥実釣1時間。 そしてサクッとゲット。 今回も流石でした。 素晴らしかったです。 タングマン50g+ブレードスピンダブル1番。 色々、貴重なお話ありがとうございました。,27.5℃,NULL,chowari/PLAYFUL FISHING
PLAYFUL FISHING,大田区海老取川,2026/09/11,1,0,サワラ,サワラ,メイン,サワラ,NULL,,,,0,,,,,NULL,東京都 大田区 海老取川,NULL,NULL,1,NULL,NULL,27.3,27.3,NULL,北北東,4.3m/s,大潮,南 0.2m/s,雨,,NULL,NULL,ショート便サワラ。 常連様がお友達を連れてきてくださいました。 開始早々、船縁でバラシ‥ 惜しかった。 その後、追加。 おめでとうございます。 予報以上の大雨の中でしたが、時間等考慮して頂き 最後まで頑張って頂きありがとうございました。,27.3℃,NULL,chowari/PLAYFUL FISHING
PLAYFUL FISHING,大田区海老取川,2026/09/12,1,0,アジ,アジ,サブ,アジ,NULL,,,,0,,,,,NULL,東京都 大田区 海老取川,NULL,NULL,1,NULL,NULL,25.9,25.9,NULL,北北東,4.9m/s,大潮,東北東 0.4m/s,雨のち曇り,NULL,NULL,NULL,常連様がお友達を連れてきてくださいました。 広島からお越し頂きありがとうございます。 デカキス、アジ連発、良型チヌと それぞれ顔がみれて良かったです。 お久し振りの常連様にお会い出来て楽しかったです。 また遊びに来てください。,25.9℃,NULL,chowari/PLAYFUL FISHING
PLAYFUL FISHING,大田区海老取川,2026/09/12,1,0,キス,シロギス,メイン,キス,NULL,,,,0,,,,,NULL,東京都 大田区 海老取川,NULL,NULL,1,NULL,NULL,25.9,25.9,NULL,北北東,4.9m/s,大潮,東北東 0.4m/s,雨のち曇り,アジ・チヌ,NULL,NULL,常連様がお友達を連れてきてくださいました。 広島からお越し頂きありがとうございます。 デカキス、アジ連発、良型チヌと それぞれ顔がみれて良かったです。 お久し振りの常連様にお会い出来て楽しかったです。 また遊びに来てください。,25.9℃,NULL,chowari/PLAYFUL FISHING
PLAYFUL FISHING,大田区海老取川,2026/09/12,1,0,チヌ,クロダイ,サブ,チヌ,NULL,,,,0,,,,,NULL,東京都 大田区 海老取川,NULL,NULL,1,NULL,NULL,25.9,25.9,NULL,北北東,4.9m/s,大潮,東北東 0.4m/s,雨のち曇り,NULL,NULL,NULL,常連様がお友達を連れてきてくださいました。 広島からお越し頂きありがとうございます。 デカキス、アジ連発、良型チヌと それぞれ顔がみれて良かったです。 お久し振りの常連様にお会い出来て楽しかったです。 また遊びに来てください。,25.9℃,NULL,chowari/PLAYFUL FISHING
PLAYFUL FISHING,大田区海老取川,2026/09/13,1,0,アジ,アジ,メイン,アジ,NULL,,,,0,,,,,NULL,東京都 大田区 海老取川,NULL,NULL,1,NULL,NULL,25.4,25.4,NULL,北,4.4m/s,中潮,北北東 0.2m/s,曇りのち時々晴れ,,NULL,NULL,御新規様アジ乗り合い。 良いポイントでは連発。 初釣りの方々も釣れて良かったです。 おめでとうございます。 乗り合い船でしたが、わいわい盛り上がりました。 ありがとうございました。 また宜しくお願いします。,25.4℃,NULL,chowari/PLAYFUL FISHING
PLAYFUL FISHING,大田区海老取川,2026/09/14,1,0,サワラ,サワラ,メイン,サワラ,NULL,,,,0,,,,,NULL,東京都 大田区 海老取川,NULL,NULL,1,NULL,NULL,25.8,25.8,NULL,南南西,7.8m/s,中潮,南 0.5m/s,晴れ後時々曇り,,NULL,NULL,お久し振りの常連様とサワラ。 バラシやカットなどが多かったですが サワラを無事にキャッチ。 途中からブレードスピンダブルに変更して大正解でした。 わいわい最高でした。 また宜しくお願いします。,25.8℃,NULL,chowari/PLAYFUL FISHING
PLAYFUL FISHING,大田区海老取川,2026/09/15,1,0,アジ,アジ,サブ,アジ,NULL,,,,0,,,,,NULL,東京都 大田区 海老取川,NULL,NULL,1,NULL,NULL,25.8,25.8,NULL,南,7.6m/s,中潮,南 0.5m/s,曇り一時雨,NULL,NULL,NULL,アジ五目&タコ。 御新規様達と乗り合い。 アジ連発。 カマス、サッパ、カサゴなども釣れました。 同時進行でタコも狙って無事にキャッチ。 海外のお客様も楽しんで頂けたようで良かったです。 わいわい盛り上がりました。,25.8℃,NULL,chowari/PLAYFUL FISHING
PLAYFUL FISHING,大田区海老取川,2026/09/15,1,0,カサゴ,カサゴ,メイン,カサゴ,NULL,,,,0,,,,,NULL,東京都 大田区 海老取川,NULL,NULL,1,NULL,NULL,25.8,25.8,NULL,南,7.6m/s,中潮,南 0.5m/s,曇り一時雨,アジ・カマス・サッパ・タコ,NULL,NULL,アジ五目&タコ。 御新規様達と乗り合い。 アジ連発。 カマス、サッパ、カサゴなども釣れました。 同時進行でタコも狙って無事にキャッチ。 海外のお客様も楽しんで頂けたようで良かったです。 わいわい盛り上がりました。,25.8℃,NULL,chowari/PLAYFUL FISHING
PLAYFUL FISHING,大田区海老取川,2026/09/15,1,0,カマス,カマス,サブ,カマス,NULL,,,,0,,,,,NULL,東京都 大田区 海老取川,NULL,NULL,1,NULL,NULL,25.8,25.8,NULL,南,7.6m/s,中潮,南 0.5m/s,曇り一時雨,NULL,NULL,NULL,アジ五目&タコ。 御新規様達と乗り合い。 アジ連発。 カマス、サッパ、カサゴなども釣れました。 同時進行でタコも狙って無事にキャッチ。 海外のお客様も楽しんで頂けたようで良かったです。 わいわい盛り上がりました。,25.8℃,NULL,chowari/PLAYFUL FISHING
PLAYFUL FISHING,大田区海老取川,2026/09/15,1,0,サッパ,NULL,サブ,サッパ,NULL,,,,0,,,,,NULL,東京都 大田区 海老取川,NULL,NULL,1,NULL,NULL,25.8,25.8,NULL,南,7.6m/s,中潮,南 0.5m/s,曇り一時雨,NULL,NULL,NULL,アジ五目&タコ。 御新規様達と乗り合い。 アジ連発。 カマス、サッパ、カサゴなども釣れました。 同時進行でタコも狙って無事にキャッチ。 海外のお客様も楽しんで頂けたようで良かったです。 わいわい盛り上がりました。,25.8℃,NULL,chowari/PLAYFUL FISHING
PLAYFUL FISHING,大田区海老取川,2026/09/15,1,0,タコ,マダコ,サブ,タコ,NULL,,,,0,,,,,NULL,東京都 大田区 海老取川,NULL,NULL,1,NULL,NULL,25.8,25.8,NULL,南,7.6m/s,中潮,南 0.5m/s,曇り一時雨,NULL,NULL,NULL,アジ五目&タコ。 御新規様達と乗り合い。 アジ連発。 カマス、サッパ、カサゴなども釣れました。 同時進行でタコも狙って無事にキャッチ。 海外のお客様も楽しんで頂けたようで良かったです。 わいわい盛り上がりました。,25.8℃,NULL,chowari/PLAYFUL FISHING
PLAYFUL FISHING,大田区海老取川,2026/09/16,1,0,クロダイ,クロダイ,メイン,クロダイ,NULL,,,,0,,,,,NULL,東京都 大田区 海老取川,NULL,NULL,1,NULL,NULL,25.9,25.9,NULL,北東,3.9m/s,中潮,南 0.2m/s,雨,マゴチ,NULL,NULL,サワラ狙いに行きましたが予報外れの大荒れ。 安全第一の為、近場のチニングに変更。 ご理解、ご協力頂き誠にありがとうございます。 大雨、強風の中、頑張って頂きありがとうございました。 話が盛り上がり爆笑でした。 笑い過ぎて腹筋つってるお客様もいらっしゃいました,25.9℃,NULL,chowari/PLAYFUL FISHING
PLAYFUL FISHING,大田区海老取川,2026/09/16,1,0,マゴチ,マゴチ,サブ,マゴチ,NULL,,,,0,,,,,NULL,東京都 大田区 海老取川,NULL,NULL,1,NULL,NULL,25.9,25.9,NULL,北東,3.9m/s,中潮,南 0.2m/s,雨,NULL,NULL,NULL,サワラ狙いに行きましたが予報外れの大荒れ。 安全第一の為、近場のチニングに変更。 ご理解、ご協力頂き誠にありがとうございます。 大雨、強風の中、頑張って頂きありがとうございました。 話が盛り上がり爆笑でした。 笑い過ぎて腹筋つってるお客様もいらっしゃいました,25.9℃,NULL,chowari/PLAYFUL FISHING
PLAYFUL FISHING,大田区海老取川,2026/09/17,1,0,タチウオ,タチウオ,メイン,タチウオ,NULL,,,,0,,,,,NULL,東京都 大田区 海老取川,NULL,NULL,1,NULL,NULL,25.7,25.7,NULL,北北東,7.7m/s,小潮,北北東 0.4m/s,曇り時々晴れ,,NULL,NULL,サワラは掛かるも手前で全バラシ。 本当に惜しかったです。 タチウオはキャッチ出来ました。 またリベンジお待ちしております。,25.7℃,NULL,chowari/PLAYFUL FISHING
PLAYFUL FISHING,大田区海老取川,2026/09/18,1,0,クロダイ,クロダイ,メイン,クロダイ,NULL,,,,0,,,,,NULL,東京都 大田区 海老取川,NULL,NULL,1,NULL,NULL,25.9,25.9,NULL,北,8.9m/s,小潮,北 0.5m/s,曇り,,NULL,NULL,お久し振りのお客様と初チニング。 簡単な状況ではなかったですが、しっかりキャッチ。 素晴らしかったです。 後半の時合いではヒット多かったです. また宜しくお願いします。,25.9℃,NULL,chowari/PLAYFUL FISHING
SHINSEIMARU,清水港,2026/09/01,1,0,スルメイカ,スルメイカ,メイン,スルメイカ,NULL,15.0,120.0,67.5,0,25.0,35.0,,,NULL,静岡県 静岡市 清水港,NULL,NULL,1,NULL,NULL,27.4,27.4,NULL,東南東,1.7m/s,中潮,南 0.3m/s,晴れ時々曇り,,NULL,NULL,前半は底に近い反応で！ 底と言っても今期一番の浅い水深で手返し勝負 後半は高く良い反応に❗ ３日もスルメイカで募集中です。ご予約お待ちしています🙇,27.4℃,NULL,chowari/SHINSEIMARU
SHINSEIMARU,清水港,2026/09/02,1,0,スルメイカ,スルメイカ,メイン,スルメイカ,NULL,36.0,97.0,66.5,0,25.0,38.0,,,NULL,静岡県 静岡市 清水港,NULL,NULL,1,NULL,NULL,27.7,27.7,NULL,南,0.8m/s,中潮,南 0.4m/s,晴れ後時々曇り,,NULL,NULL,前半は貼り付き反応を、ラスト１時間だけでしたが高く広く途切れずに流せました。,27.7℃,NULL,chowari/SHINSEIMARU
SHINSEIMARU,清水港,2026/09/03,1,0,スルメイカ,スルメイカ,メイン,スルメイカ,NULL,35.0,100.0,67.5,0,25.0,38.0,,,NULL,静岡県 静岡市 清水港,NULL,NULL,1,NULL,NULL,27.8,27.8,NULL,南南西,0.9m/s,小潮,南 0.5m/s,曇り,,NULL,NULL,終日ポツポツと２～４点掛け 後半は期待を裏切らず６～８点、チェリーなどで楽しめました。,27.8℃,NULL,chowari/SHINSEIMARU
SHINSEIMARU,清水港,2026/09/13,1,0,スルメイカ,スルメイカ,メイン,スルメイカ,NULL,20.0,60.0,40.0,0,30.0,38.0,,,NULL,静岡県 静岡市 清水港,NULL,NULL,1,NULL,NULL,25.8,25.8,NULL,東,0.8m/s,中潮,南 0.2m/s,曇り,,NULL,NULL,１２・１３日は沖合の予報が悪く石花海（相の瀬）で楽しみました。 水温が２℃程下がった事と、連日の雨で潮色もイマイチで乗りが悪い状況でした。 終日、数が付かず１～３点掛けでしたが反応はピカイチ、空投入は有りませんでした。 釣果は二日ともに変わらない感じでした・・・ あの反応なら条件次第で束釣りもまだ期待できそうです！！ 釣果は少な目でしたがイカのサイズ・重さで皆さんに喜んで頂けました。,25.8℃,NULL,chowari/SHINSEIMARU
With-Ocean,勝浦,2026/09/11,1,0,カサゴ,カサゴ,サブ,カサゴ,NULL,,,,0,,,,,NULL,千葉県 勝浦市 勝浦マリンハーバー,NULL,NULL,1,NULL,NULL,27.0,27.0,NULL,北東,3.5m/s,大潮,東南東 1.1m/s,雨,NULL,NULL,NULL,本日午後便五目釣りでの出船でした。時化続きで先週末ぶりの五目便〜。水温は若干下がり24℃台でした。湾内ではアジはちょろっと釣れたぐらいで鯖、イワシの入れ食いタイムありました。沖のポイントでは、一瞬の時合でしたが良型シマアジが2枚ヒット。その他にもショゴやメイチダイ、良型カサゴがヒットでした。水温も24℃台でキープしてたお陰か魚の活性も悪くなかったです。だんだんと秋めいて気温も落ち着いてきました。朝晩は肌寒いのでウィンドブレーカーなど暖かい服装でお越しください。,27.0℃,NULL,chowari/With-Ocean
With-Ocean,勝浦,2026/09/11,1,0,シマアジ,シマアジ,メイン,シマアジ,NULL,,,,0,,,,,NULL,千葉県 勝浦市 勝浦マリンハーバー,NULL,NULL,1,NULL,NULL,27.0,27.0,NULL,北東,3.5m/s,大潮,東南東 1.1m/s,雨,"もショゴやメイチダイ,良型カサゴがヒットでした・カサゴ・ショゴ・メイチダイ",NULL,NULL,本日午後便五目釣りでの出船でした。時化続きで先週末ぶりの五目便〜。水温は若干下がり24℃台でした。湾内ではアジはちょろっと釣れたぐらいで鯖、イワシの入れ食いタイムありました。沖のポイントでは、一瞬の時合でしたが良型シマアジが2枚ヒット。その他にもショゴやメイチダイ、良型カサゴがヒットでした。水温も24℃台でキープしてたお陰か魚の活性も悪くなかったです。だんだんと秋めいて気温も落ち着いてきました。朝晩は肌寒いのでウィンドブレーカーなど暖かい服装でお越しください。,27.0℃,NULL,chowari/With-Ocean
With-Ocean,勝浦,2026/09/11,1,0,ショゴ,カンパチ,サブ,ショゴ,NULL,,,,0,,,,,NULL,千葉県 勝浦市 勝浦マリンハーバー,NULL,NULL,1,NULL,NULL,27.0,27.0,NULL,北東,3.5m/s,大潮,東南東 1.1m/s,雨,NULL,NULL,NULL,本日午後便五目釣りでの出船でした。時化続きで先週末ぶりの五目便〜。水温は若干下がり24℃台でした。湾内ではアジはちょろっと釣れたぐらいで鯖、イワシの入れ食いタイムありました。沖のポイントでは、一瞬の時合でしたが良型シマアジが2枚ヒット。その他にもショゴやメイチダイ、良型カサゴがヒットでした。水温も24℃台でキープしてたお陰か魚の活性も悪くなかったです。だんだんと秋めいて気温も落ち着いてきました。朝晩は肌寒いのでウィンドブレーカーなど暖かい服装でお越しください。,27.0℃,NULL,chowari/With-Ocean
With-Ocean,勝浦,2026/09/11,1,0,メイチダイ,NULL,サブ,メイチダイ,NULL,,,,0,,,,,NULL,千葉県 勝浦市 勝浦マリンハーバー,NULL,NULL,1,NULL,NULL,27.0,27.0,NULL,北東,3.5m/s,大潮,東南東 1.1m/s,雨,NULL,NULL,NULL,本日午後便五目釣りでの出船でした。時化続きで先週末ぶりの五目便〜。水温は若干下がり24℃台でした。湾内ではアジはちょろっと釣れたぐらいで鯖、イワシの入れ食いタイムありました。沖のポイントでは、一瞬の時合でしたが良型シマアジが2枚ヒット。その他にもショゴやメイチダイ、良型カサゴがヒットでした。水温も24℃台でキープしてたお陰か魚の活性も悪くなかったです。だんだんと秋めいて気温も落ち着いてきました。朝晩は肌寒いのでウィンドブレーカーなど暖かい服装でお越しください。,27.0℃,NULL,chowari/With-Ocean
With-Ocean,勝浦,2026/09/12,1,0,ショゴ,カンパチ,サブ,ショゴ,NULL,,,,0,,,,,NULL,千葉県 勝浦市 勝浦マリンハーバー,NULL,NULL,1,NULL,NULL,25.8,25.8,NULL,北北東,5.9m/s,大潮,東南東 1.1m/s,曇り一時雨,NULL,NULL,NULL,本日午前午後五目釣りでの出船でした。前日よりも水温が若干下がっておりましたが、 本日も真鯛、メイチダイ、メジナ、ショゴなど多彩に顔を見ることができました。潮も程よく流れるコンディションで釣りしやすかったですね〜。朝晩は気温が低い日になってきたので暑かったら脱ぐという服装がおすすめです♪ またお待ちしてます♪,25.8℃,NULL,chowari/With-Ocean
With-Ocean,勝浦,2026/09/12,1,0,マダイ,マダイ,メイン,マダイ,NULL,,,,0,,,,,NULL,千葉県 勝浦市 勝浦マリンハーバー,NULL,NULL,1,NULL,NULL,25.8,25.8,NULL,北北東,5.9m/s,大潮,東南東 1.1m/s,曇り一時雨,ショゴ・メイチダイ・メジナ,NULL,NULL,本日午前午後五目釣りでの出船でした。前日よりも水温が若干下がっておりましたが、 本日も真鯛、メイチダイ、メジナ、ショゴなど多彩に顔を見ることができました。潮も程よく流れるコンディションで釣りしやすかったですね〜。朝晩は気温が低い日になってきたので暑かったら脱ぐという服装がおすすめです♪ またお待ちしてます♪,25.8℃,NULL,chowari/With-Ocean
With-Ocean,勝浦,2026/09/12,1,0,メイチダイ,NULL,サブ,メイチダイ,NULL,,,,0,,,,,NULL,千葉県 勝浦市 勝浦マリンハーバー,NULL,NULL,1,NULL,NULL,25.8,25.8,NULL,北北東,5.9m/s,大潮,東南東 1.1m/s,曇り一時雨,NULL,NULL,NULL,本日午前午後五目釣りでの出船でした。前日よりも水温が若干下がっておりましたが、 本日も真鯛、メイチダイ、メジナ、ショゴなど多彩に顔を見ることができました。潮も程よく流れるコンディションで釣りしやすかったですね〜。朝晩は気温が低い日になってきたので暑かったら脱ぐという服装がおすすめです♪ またお待ちしてます♪,25.8℃,NULL,chowari/With-Ocean
With-Ocean,勝浦,2026/09/12,1,0,メジナ,メジナ,サブ,メジナ,NULL,,,,0,,,,,NULL,千葉県 勝浦市 勝浦マリンハーバー,NULL,NULL,1,NULL,NULL,25.8,25.8,NULL,北北東,5.9m/s,大潮,東南東 1.1m/s,曇り一時雨,NULL,NULL,NULL,本日午前午後五目釣りでの出船でした。前日よりも水温が若干下がっておりましたが、 本日も真鯛、メイチダイ、メジナ、ショゴなど多彩に顔を見ることができました。潮も程よく流れるコンディションで釣りしやすかったですね〜。朝晩は気温が低い日になってきたので暑かったら脱ぐという服装がおすすめです♪ またお待ちしてます♪,25.8℃,NULL,chowari/With-Ocean
With-Ocean,勝浦,2026/09/13,1,0,ウルメイワシ,NULL,サブ,ウルメイワシ,NULL,,,,0,,,,,NULL,千葉県 勝浦市 勝浦マリンハーバー,NULL,NULL,1,NULL,NULL,25.3,25.3,NULL,北北東,4.8m/s,中潮,東 1.2m/s,曇りのち時々晴れ,NULL,NULL,NULL,午前午後共に出船してまいりました。午前は潮流れており、ポツポツとヒット〜。午後便では湾内ではウルメイワシが釣れ、泳がせチャレンジで良型真鯛をGET。その他にもかじられもありました〜。沖のポイントではメイチダイ、シマアジもヒットでお土産になりました。今日は一日暑いくらいでしたね〜。,25.3℃,NULL,chowari/With-Ocean
With-Ocean,勝浦,2026/09/13,1,0,シマアジ,シマアジ,サブ,シマアジ,NULL,,,,0,,,,,NULL,千葉県 勝浦市 勝浦マリンハーバー,NULL,NULL,1,NULL,NULL,25.3,25.3,NULL,北北東,4.8m/s,中潮,東 1.2m/s,曇りのち時々晴れ,NULL,NULL,NULL,午前午後共に出船してまいりました。午前は潮流れており、ポツポツとヒット〜。午後便では湾内ではウルメイワシが釣れ、泳がせチャレンジで良型真鯛をGET。その他にもかじられもありました〜。沖のポイントではメイチダイ、シマアジもヒットでお土産になりました。今日は一日暑いくらいでしたね〜。,25.3℃,NULL,chowari/With-Ocean
With-Ocean,勝浦,2026/09/13,1,0,マダイ,マダイ,メイン,マダイ,NULL,,,,0,,,,,NULL,千葉県 勝浦市 勝浦マリンハーバー,NULL,NULL,1,NULL,NULL,25.3,25.3,NULL,北北東,4.8m/s,中潮,東 1.2m/s,曇りのち時々晴れ,もかじられもありました〜・ウルメイワシ・シマアジ・メイチダイ,NULL,NULL,午前午後共に出船してまいりました。午前は潮流れており、ポツポツとヒット〜。午後便では湾内ではウルメイワシが釣れ、泳がせチャレンジで良型真鯛をGET。その他にもかじられもありました〜。沖のポイントではメイチダイ、シマアジもヒットでお土産になりました。今日は一日暑いくらいでしたね〜。,25.3℃,NULL,chowari/With-Ocean
With-Ocean,勝浦,2026/09/13,1,0,メイチダイ,NULL,サブ,メイチダイ,NULL,,,,0,,,,,NULL,千葉県 勝浦市 勝浦マリンハーバー,NULL,NULL,1,NULL,NULL,25.3,25.3,NULL,北北東,4.8m/s,中潮,東 1.2m/s,曇りのち時々晴れ,NULL,NULL,NULL,午前午後共に出船してまいりました。午前は潮流れており、ポツポツとヒット〜。午後便では湾内ではウルメイワシが釣れ、泳がせチャレンジで良型真鯛をGET。その他にもかじられもありました〜。沖のポイントではメイチダイ、シマアジもヒットでお土産になりました。今日は一日暑いくらいでしたね〜。,25.3℃,NULL,chowari/With-Ocean
かりゆし丸,平塚港,2026/09/01,1,0,イサキ,イサキ,サブ,イサキ,NULL,0.0,6.0,3.0,0,20.0,24.0,,,NULL,神奈川県 平塚市 平塚新港,NULL,NULL,1,NULL,NULL,27.1,27.1,NULL,北東,2.8m/s,中潮,南南東 0.3m/s,曇り,NULL,NULL,NULL,９月１日（火）２号船釣果。 本日はショートと五目で出船しました。 天候、晴れ。 潮、西に流れる。 風、北〜南。 イナダ、 37〜46cm、 1〜23匹。 カンパチ、 30〜37cm、 0〜6匹。 イサキ、 20〜24cm、 0〜6匹。 イシダイ、 40cm。 ハナダイ、 30cm。 ソーダカツオ、 30cm、 トップ15匹。 本日は、イナダ、が活発で暫く楽しめそうです。 秋の味覚を楽しめます。 是非お問い合わせ下さい。 本日もご乗船誠にありがとうございました。,27.1℃,NULL,chowari/かりゆし丸
かりゆし丸,平塚港,2026/09/01,1,0,イシダイ,イシダイ,サブ,イシダイ,NULL,,,,0,40.0,40.0,,,NULL,神奈川県 平塚市 平塚新港,NULL,NULL,1,NULL,NULL,27.1,27.1,NULL,北東,2.8m/s,中潮,南南東 0.3m/s,曇り,NULL,NULL,NULL,９月１日（火）２号船釣果。 本日はショートと五目で出船しました。 天候、晴れ。 潮、西に流れる。 風、北〜南。 イナダ、 37〜46cm、 1〜23匹。 カンパチ、 30〜37cm、 0〜6匹。 イサキ、 20〜24cm、 0〜6匹。 イシダイ、 40cm。 ハナダイ、 30cm。 ソーダカツオ、 30cm、 トップ15匹。 本日は、イナダ、が活発で暫く楽しめそうです。 秋の味覚を楽しめます。 是非お問い合わせ下さい。 本日もご乗船誠にありがとうございました。,27.1℃,NULL,chowari/かりゆし丸
かりゆし丸,平塚港,2026/09/01,1,0,イトヨリダイ,イトヨリ,サブ,イトヨリダイ,NULL,,,,0,,,,,NULL,神奈川県 平塚市 平塚新港,NULL,NULL,1,NULL,NULL,27.1,27.1,NULL,北東,2.8m/s,中潮,南南東 0.3m/s,曇り,NULL,NULL,NULL,９月１日（火）２号船釣果。 本日はショートと五目で出船しました。 天候、晴れ。 潮、西に流れる。 風、北〜南。 イナダ、 37〜46cm、 1〜23匹。 カンパチ、 30〜37cm、 0〜6匹。 イサキ、 20〜24cm、 0〜6匹。 イシダイ、 40cm。 ハナダイ、 30cm。 ソーダカツオ、 30cm、 トップ15匹。 本日は、イナダ、が活発で暫く楽しめそうです。 秋の味覚を楽しめます。 是非お問い合わせ下さい。 本日もご乗船誠にありがとうございました。,27.1℃,NULL,chowari/かりゆし丸
かりゆし丸,平塚港,2026/09/01,1,0,イナダ,イナダ,メイン,イナダ,NULL,1.0,23.0,12.0,0,37.0,46.0,,,NULL,神奈川県 平塚市 平塚新港,NULL,NULL,1,NULL,NULL,27.1,27.1,NULL,北東,2.8m/s,中潮,南南東 0.3m/s,曇り,イサキ・イシダイ・イトヨリダイ・カンパチ・サワラ・ソーダガツオ・ハナダイ,NULL,NULL,９月１日（火）２号船釣果。 本日はショートと五目で出船しました。 天候、晴れ。 潮、西に流れる。 風、北〜南。 イナダ、 37〜46cm、 1〜23匹。 カンパチ、 30〜37cm、 0〜6匹。 イサキ、 20〜24cm、 0〜6匹。 イシダイ、 40cm。 ハナダイ、 30cm。 ソーダカツオ、 30cm、 トップ15匹。 本日は、イナダ、が活発で暫く楽しめそうです。 秋の味覚を楽しめます。 是非お問い合わせ下さい。 本日もご乗船誠にありがとうございました。,27.1℃,NULL,chowari/かりゆし丸
かりゆし丸,平塚港,2026/09/01,1,0,カンパチ,カンパチ,サブ,カンパチ,NULL,0.0,6.0,3.0,0,30.0,37.0,,,NULL,神奈川県 平塚市 平塚新港,NULL,NULL,1,NULL,NULL,27.1,27.1,NULL,北東,2.8m/s,中潮,南南東 0.3m/s,曇り,NULL,NULL,NULL,９月１日（火）２号船釣果。 本日はショートと五目で出船しました。 天候、晴れ。 潮、西に流れる。 風、北〜南。 イナダ、 37〜46cm、 1〜23匹。 カンパチ、 30〜37cm、 0〜6匹。 イサキ、 20〜24cm、 0〜6匹。 イシダイ、 40cm。 ハナダイ、 30cm。 ソーダカツオ、 30cm、 トップ15匹。 本日は、イナダ、が活発で暫く楽しめそうです。 秋の味覚を楽しめます。 是非お問い合わせ下さい。 本日もご乗船誠にありがとうございました。,27.1℃,NULL,chowari/かりゆし丸
かりゆし丸,平塚港,2026/09/01,1,0,サワラ,サワラ,サブ,サワラ,NULL,,,,0,,,,,NULL,神奈川県 平塚市 平塚新港,NULL,NULL,1,NULL,NULL,27.1,27.1,NULL,北東,2.8m/s,中潮,南南東 0.3m/s,曇り,NULL,NULL,NULL,９月１日（火）２号船釣果。 本日はショートと五目で出船しました。 天候、晴れ。 潮、西に流れる。 風、北〜南。 イナダ、 37〜46cm、 1〜23匹。 カンパチ、 30〜37cm、 0〜6匹。 イサキ、 20〜24cm、 0〜6匹。 イシダイ、 40cm。 ハナダイ、 30cm。 ソーダカツオ、 30cm、 トップ15匹。 本日は、イナダ、が活発で暫く楽しめそうです。 秋の味覚を楽しめます。 是非お問い合わせ下さい。 本日もご乗船誠にありがとうございました。,27.1℃,NULL,chowari/かりゆし丸
かりゆし丸,平塚港,2026/09/01,1,0,ソーダガツオ,NULL,サブ,ソーダガツオ,NULL,15.0,15.0,15.0,0,30.0,30.0,,,NULL,神奈川県 平塚市 平塚新港,NULL,NULL,1,NULL,NULL,27.1,27.1,NULL,北東,2.8m/s,中潮,南南東 0.3m/s,曇り,NULL,NULL,NULL,９月１日（火）２号船釣果。 本日はショートと五目で出船しました。 天候、晴れ。 潮、西に流れる。 風、北〜南。 イナダ、 37〜46cm、 1〜23匹。 カンパチ、 30〜37cm、 0〜6匹。 イサキ、 20〜24cm、 0〜6匹。 イシダイ、 40cm。 ハナダイ、 30cm。 ソーダカツオ、 30cm、 トップ15匹。 本日は、イナダ、が活発で暫く楽しめそうです。 秋の味覚を楽しめます。 是非お問い合わせ下さい。 本日もご乗船誠にありがとうございました。,27.1℃,NULL,chowari/かりゆし丸
かりゆし丸,平塚港,2026/09/01,1,0,ハナダイ,ハナダイ,サブ,ハナダイ,NULL,,,,0,30.0,30.0,,,NULL,神奈川県 平塚市 平塚新港,NULL,NULL,1,NULL,NULL,27.1,27.1,NULL,北東,2.8m/s,中潮,南南東 0.3m/s,曇り,NULL,NULL,NULL,９月１日（火）２号船釣果。 本日はショートと五目で出船しました。 天候、晴れ。 潮、西に流れる。 風、北〜南。 イナダ、 37〜46cm、 1〜23匹。 カンパチ、 30〜37cm、 0〜6匹。 イサキ、 20〜24cm、 0〜6匹。 イシダイ、 40cm。 ハナダイ、 30cm。 ソーダカツオ、 30cm、 トップ15匹。 本日は、イナダ、が活発で暫く楽しめそうです。 秋の味覚を楽しめます。 是非お問い合わせ下さい。 本日もご乗船誠にありがとうございました。,27.1℃,NULL,chowari/かりゆし丸
かりゆし丸,平塚港,2026/09/04,1,0,アジ,アジ,サブ,アジ,NULL,3.0,5.0,4.0,0,32.0,37.0,,,NULL,平塚沖,NULL,NULL,1,NULL,NULL,28.0,28.0,NULL,北,2.1m/s,小潮,南 0.6m/s,雨時々止む,NULL,NULL,NULL,9/4 かりゆし丸２号船、 釣果。 本日は五目で出船。 平塚沖。 潮は東⇔西。 風は北東。 イナダ、 38cm〜45cm、 5匹。 カンパチ、 30cm、 0〜4匹。 サゴシ、 45cm。 ツバメウオ、 40cm。 アジ、 32cm〜37cm、 3〜5匹。 スマガツオ、 35cm、 船中5匹。 ソーダカツオ、 36cm〜44cm、 2〜4匹。 ハナダイ、 31cm〜35cm、 0〜2匹。 等が釣れました。 本日も魚種多彩な日でした。,28.0℃,NULL,chowari/かりゆし丸
かりゆし丸,平塚港,2026/09/04,1,0,イシダイ,イシダイ,サブ,イシダイ,NULL,,,,0,,,,,NULL,平塚沖,NULL,NULL,1,NULL,NULL,28.0,28.0,NULL,北,2.1m/s,小潮,南 0.6m/s,雨時々止む,NULL,NULL,NULL,9/4 かりゆし丸２号船、 釣果。 本日は五目で出船。 平塚沖。 潮は東⇔西。 風は北東。 イナダ、 38cm〜45cm、 5匹。 カンパチ、 30cm、 0〜4匹。 サゴシ、 45cm。 ツバメウオ、 40cm。 アジ、 32cm〜37cm、 3〜5匹。 スマガツオ、 35cm、 船中5匹。 ソーダカツオ、 36cm〜44cm、 2〜4匹。 ハナダイ、 31cm〜35cm、 0〜2匹。 等が釣れました。 本日も魚種多彩な日でした。,28.0℃,NULL,chowari/かりゆし丸
かりゆし丸,平塚港,2026/09/04,1,0,イナダ,イナダ,メイン,イナダ,NULL,5.0,5.0,5.0,0,38.0,45.0,,,NULL,平塚沖,NULL,NULL,1,NULL,NULL,28.0,28.0,NULL,北,2.1m/s,小潮,南 0.6m/s,雨時々止む,アジ・イシダイ・カンパチ・サゴシ・スマガツオ・ソーダガツオ・ツバメウオ・ハナダイ,NULL,NULL,9/4 かりゆし丸２号船、 釣果。 本日は五目で出船。 平塚沖。 潮は東⇔西。 風は北東。 イナダ、 38cm〜45cm、 5匹。 カンパチ、 30cm、 0〜4匹。 サゴシ、 45cm。 ツバメウオ、 40cm。 アジ、 32cm〜37cm、 3〜5匹。 スマガツオ、 35cm、 船中5匹。 ソーダカツオ、 36cm〜44cm、 2〜4匹。 ハナダイ、 31cm〜35cm、 0〜2匹。 等が釣れました。 本日も魚種多彩な日でした。,28.0℃,NULL,chowari/かりゆし丸
かりゆし丸,平塚港,2026/09/04,1,0,カンパチ,カンパチ,サブ,カンパチ,NULL,0.0,4.0,2.0,0,30.0,30.0,,,NULL,平塚沖,NULL,NULL,1,NULL,NULL,28.0,28.0,NULL,北,2.1m/s,小潮,南 0.6m/s,雨時々止む,NULL,NULL,NULL,9/4 かりゆし丸２号船、 釣果。 本日は五目で出船。 平塚沖。 潮は東⇔西。 風は北東。 イナダ、 38cm〜45cm、 5匹。 カンパチ、 30cm、 0〜4匹。 サゴシ、 45cm。 ツバメウオ、 40cm。 アジ、 32cm〜37cm、 3〜5匹。 スマガツオ、 35cm、 船中5匹。 ソーダカツオ、 36cm〜44cm、 2〜4匹。 ハナダイ、 31cm〜35cm、 0〜2匹。 等が釣れました。 本日も魚種多彩な日でした。,28.0℃,NULL,chowari/かりゆし丸
かりゆし丸,平塚港,2026/09/04,1,0,サゴシ,サワラ,サブ,サゴシ,NULL,,,,0,45.0,45.0,,,NULL,平塚沖,NULL,NULL,1,NULL,NULL,28.0,28.0,NULL,北,2.1m/s,小潮,南 0.6m/s,雨時々止む,NULL,NULL,NULL,9/4 かりゆし丸２号船、 釣果。 本日は五目で出船。 平塚沖。 潮は東⇔西。 風は北東。 イナダ、 38cm〜45cm、 5匹。 カンパチ、 30cm、 0〜4匹。 サゴシ、 45cm。 ツバメウオ、 40cm。 アジ、 32cm〜37cm、 3〜5匹。 スマガツオ、 35cm、 船中5匹。 ソーダカツオ、 36cm〜44cm、 2〜4匹。 ハナダイ、 31cm〜35cm、 0〜2匹。 等が釣れました。 本日も魚種多彩な日でした。,28.0℃,NULL,chowari/かりゆし丸
かりゆし丸,平塚港,2026/09/04,1,0,スマガツオ,NULL,サブ,スマガツオ,NULL,5.0,5.0,5.0,0,35.0,35.0,,,NULL,平塚沖,NULL,NULL,1,NULL,NULL,28.0,28.0,NULL,北,2.1m/s,小潮,南 0.6m/s,雨時々止む,NULL,NULL,NULL,9/4 かりゆし丸２号船、 釣果。 本日は五目で出船。 平塚沖。 潮は東⇔西。 風は北東。 イナダ、 38cm〜45cm、 5匹。 カンパチ、 30cm、 0〜4匹。 サゴシ、 45cm。 ツバメウオ、 40cm。 アジ、 32cm〜37cm、 3〜5匹。 スマガツオ、 35cm、 船中5匹。 ソーダカツオ、 36cm〜44cm、 2〜4匹。 ハナダイ、 31cm〜35cm、 0〜2匹。 等が釣れました。 本日も魚種多彩な日でした。,28.0℃,NULL,chowari/かりゆし丸
かりゆし丸,平塚港,2026/09/04,1,0,ソーダガツオ,NULL,サブ,ソーダガツオ,NULL,2.0,4.0,3.0,0,36.0,44.0,,,NULL,平塚沖,NULL,NULL,1,NULL,NULL,28.0,28.0,NULL,北,2.1m/s,小潮,南 0.6m/s,雨時々止む,NULL,NULL,NULL,9/4 かりゆし丸２号船、 釣果。 本日は五目で出船。 平塚沖。 潮は東⇔西。 風は北東。 イナダ、 38cm〜45cm、 5匹。 カンパチ、 30cm、 0〜4匹。 サゴシ、 45cm。 ツバメウオ、 40cm。 アジ、 32cm〜37cm、 3〜5匹。 スマガツオ、 35cm、 船中5匹。 ソーダカツオ、 36cm〜44cm、 2〜4匹。 ハナダイ、 31cm〜35cm、 0〜2匹。 等が釣れました。 本日も魚種多彩な日でした。,28.0℃,NULL,chowari/かりゆし丸
かりゆし丸,平塚港,2026/09/04,1,0,ツバメウオ,NULL,サブ,ツバメウオ,NULL,,,,0,40.0,40.0,,,NULL,平塚沖,NULL,NULL,1,NULL,NULL,28.0,28.0,NULL,北,2.1m/s,小潮,南 0.6m/s,雨時々止む,NULL,NULL,NULL,9/4 かりゆし丸２号船、 釣果。 本日は五目で出船。 平塚沖。 潮は東⇔西。 風は北東。 イナダ、 38cm〜45cm、 5匹。 カンパチ、 30cm、 0〜4匹。 サゴシ、 45cm。 ツバメウオ、 40cm。 アジ、 32cm〜37cm、 3〜5匹。 スマガツオ、 35cm、 船中5匹。 ソーダカツオ、 36cm〜44cm、 2〜4匹。 ハナダイ、 31cm〜35cm、 0〜2匹。 等が釣れました。 本日も魚種多彩な日でした。,28.0℃,NULL,chowari/かりゆし丸
かりゆし丸,平塚港,2026/09/04,1,0,ハナダイ,ハナダイ,サブ,ハナダイ,NULL,0.0,2.0,1.0,0,31.0,35.0,,,NULL,平塚沖,NULL,NULL,1,NULL,NULL,28.0,28.0,NULL,北,2.1m/s,小潮,南 0.6m/s,雨時々止む,NULL,NULL,NULL,9/4 かりゆし丸２号船、 釣果。 本日は五目で出船。 平塚沖。 潮は東⇔西。 風は北東。 イナダ、 38cm〜45cm、 5匹。 カンパチ、 30cm、 0〜4匹。 サゴシ、 45cm。 ツバメウオ、 40cm。 アジ、 32cm〜37cm、 3〜5匹。 スマガツオ、 35cm、 船中5匹。 ソーダカツオ、 36cm〜44cm、 2〜4匹。 ハナダイ、 31cm〜35cm、 0〜2匹。 等が釣れました。 本日も魚種多彩な日でした。,28.0℃,NULL,chowari/かりゆし丸
かりゆし丸,平塚港,2026/09/12,1,0,アジ,アジ,サブ,アジ,NULL,11.0,34.0,22.5,0,14.0,36.0,,,NULL,平塚沖,NULL,NULL,1,NULL,NULL,27.2,27.2,NULL,北北東,3.9m/s,大潮,南 0.5m/s,雨のち曇り,NULL,NULL,NULL,9/12 かりゆし丸２号船。 釣果。 本日は五目で出船。 平塚沖。 天候は雨～曇。 潮は西→東。 風は北東。 イナダ、 35cm〜43cm、 0〜7匹。 カンパチ、 35cm〜42cm、 2〜13匹。 ツバメウオ、 33cm〜36cm、 3匹。 クロダイ、 41cm〜42cm、 0〜3匹。 白アマダイ、 33cm〜41cm、 0〜3匹。 アジ、 14cm〜36cm、 11〜34匹。 イトヨリ、 25cm〜35cm、 0〜3匹。 ハナダイ、 30cm、 2匹。 カマス、 3匹。 イサキ、 0〜3匹。 オオモンハタ、 2匹。 朝から活性よく、 魚種多彩の日が 続いています。 明日は五目で出船します。 まだまだ募集中。,27.2℃,NULL,chowari/かりゆし丸
かりゆし丸,平塚港,2026/09/12,1,0,イサキ,イサキ,サブ,イサキ,NULL,0.0,3.0,1.5,0,,,,,NULL,平塚沖,NULL,NULL,1,NULL,NULL,27.2,27.2,NULL,北北東,3.9m/s,大潮,南 0.5m/s,雨のち曇り,NULL,NULL,NULL,9/12 かりゆし丸２号船。 釣果。 本日は五目で出船。 平塚沖。 天候は雨～曇。 潮は西→東。 風は北東。 イナダ、 35cm〜43cm、 0〜7匹。 カンパチ、 35cm〜42cm、 2〜13匹。 ツバメウオ、 33cm〜36cm、 3匹。 クロダイ、 41cm〜42cm、 0〜3匹。 白アマダイ、 33cm〜41cm、 0〜3匹。 アジ、 14cm〜36cm、 11〜34匹。 イトヨリ、 25cm〜35cm、 0〜3匹。 ハナダイ、 30cm、 2匹。 カマス、 3匹。 イサキ、 0〜3匹。 オオモンハタ、 2匹。 朝から活性よく、 魚種多彩の日が 続いています。 明日は五目で出船します。 まだまだ募集中。,27.2℃,NULL,chowari/かりゆし丸
かりゆし丸,平塚港,2026/09/12,1,0,イトヨリ,イトヨリ,サブ,イトヨリ,NULL,0.0,3.0,1.5,0,25.0,35.0,,,NULL,平塚沖,NULL,NULL,1,NULL,NULL,27.2,27.2,NULL,北北東,3.9m/s,大潮,南 0.5m/s,雨のち曇り,NULL,NULL,NULL,9/12 かりゆし丸２号船。 釣果。 本日は五目で出船。 平塚沖。 天候は雨～曇。 潮は西→東。 風は北東。 イナダ、 35cm〜43cm、 0〜7匹。 カンパチ、 35cm〜42cm、 2〜13匹。 ツバメウオ、 33cm〜36cm、 3匹。 クロダイ、 41cm〜42cm、 0〜3匹。 白アマダイ、 33cm〜41cm、 0〜3匹。 アジ、 14cm〜36cm、 11〜34匹。 イトヨリ、 25cm〜35cm、 0〜3匹。 ハナダイ、 30cm、 2匹。 カマス、 3匹。 イサキ、 0〜3匹。 オオモンハタ、 2匹。 朝から活性よく、 魚種多彩の日が 続いています。 明日は五目で出船します。 まだまだ募集中。,27.2℃,NULL,chowari/かりゆし丸
かりゆし丸,平塚港,2026/09/12,1,0,イナダ,イナダ,メイン,イナダ,NULL,0.0,7.0,3.5,0,35.0,43.0,,,NULL,平塚沖,NULL,NULL,1,NULL,NULL,27.2,27.2,NULL,北北東,3.9m/s,大潮,南 0.5m/s,雨のち曇り,アジ・イサキ・イトヨリ・オオモンハタ・カマス・カンパチ・クロダイ・シロアマダイ・ツバメウオ・ハナダイ・マルソウダ,NULL,NULL,9/12 かりゆし丸２号船。 釣果。 本日は五目で出船。 平塚沖。 天候は雨～曇。 潮は西→東。 風は北東。 イナダ、 35cm〜43cm、 0〜7匹。 カンパチ、 35cm〜42cm、 2〜13匹。 ツバメウオ、 33cm〜36cm、 3匹。 クロダイ、 41cm〜42cm、 0〜3匹。 白アマダイ、 33cm〜41cm、 0〜3匹。 アジ、 14cm〜36cm、 11〜34匹。 イトヨリ、 25cm〜35cm、 0〜3匹。 ハナダイ、 30cm、 2匹。 カマス、 3匹。 イサキ、 0〜3匹。 オオモンハタ、 2匹。 朝から活性よく、 魚種多彩の日が 続いています。 明日は五目で出船します。 まだまだ募集中。,27.2℃,NULL,chowari/かりゆし丸
かりゆし丸,平塚港,2026/09/12,1,0,オオモンハタ,ハタ,サブ,オオモンハタ,NULL,2.0,2.0,2.0,0,,,,,NULL,平塚沖,NULL,NULL,1,NULL,NULL,27.2,27.2,NULL,北北東,3.9m/s,大潮,南 0.5m/s,雨のち曇り,NULL,NULL,NULL,9/12 かりゆし丸２号船。 釣果。 本日は五目で出船。 平塚沖。 天候は雨～曇。 潮は西→東。 風は北東。 イナダ、 35cm〜43cm、 0〜7匹。 カンパチ、 35cm〜42cm、 2〜13匹。 ツバメウオ、 33cm〜36cm、 3匹。 クロダイ、 41cm〜42cm、 0〜3匹。 白アマダイ、 33cm〜41cm、 0〜3匹。 アジ、 14cm〜36cm、 11〜34匹。 イトヨリ、 25cm〜35cm、 0〜3匹。 ハナダイ、 30cm、 2匹。 カマス、 3匹。 イサキ、 0〜3匹。 オオモンハタ、 2匹。 朝から活性よく、 魚種多彩の日が 続いています。 明日は五目で出船します。 まだまだ募集中。,27.2℃,NULL,chowari/かりゆし丸
かりゆし丸,平塚港,2026/09/12,1,0,カマス,カマス,サブ,カマス,NULL,3.0,3.0,3.0,0,,,,,NULL,平塚沖,NULL,NULL,1,NULL,NULL,27.2,27.2,NULL,北北東,3.9m/s,大潮,南 0.5m/s,雨のち曇り,NULL,NULL,NULL,9/12 かりゆし丸２号船。 釣果。 本日は五目で出船。 平塚沖。 天候は雨～曇。 潮は西→東。 風は北東。 イナダ、 35cm〜43cm、 0〜7匹。 カンパチ、 35cm〜42cm、 2〜13匹。 ツバメウオ、 33cm〜36cm、 3匹。 クロダイ、 41cm〜42cm、 0〜3匹。 白アマダイ、 33cm〜41cm、 0〜3匹。 アジ、 14cm〜36cm、 11〜34匹。 イトヨリ、 25cm〜35cm、 0〜3匹。 ハナダイ、 30cm、 2匹。 カマス、 3匹。 イサキ、 0〜3匹。 オオモンハタ、 2匹。 朝から活性よく、 魚種多彩の日が 続いています。 明日は五目で出船します。 まだまだ募集中。,27.2℃,NULL,chowari/かりゆし丸
かりゆし丸,平塚港,2026/09/12,1,0,カンパチ,カンパチ,サブ,カンパチ,NULL,2.0,13.0,7.5,0,35.0,42.0,,,NULL,平塚沖,NULL,NULL,1,NULL,NULL,27.2,27.2,NULL,北北東,3.9m/s,大潮,南 0.5m/s,雨のち曇り,NULL,NULL,NULL,9/12 かりゆし丸２号船。 釣果。 本日は五目で出船。 平塚沖。 天候は雨～曇。 潮は西→東。 風は北東。 イナダ、 35cm〜43cm、 0〜7匹。 カンパチ、 35cm〜42cm、 2〜13匹。 ツバメウオ、 33cm〜36cm、 3匹。 クロダイ、 41cm〜42cm、 0〜3匹。 白アマダイ、 33cm〜41cm、 0〜3匹。 アジ、 14cm〜36cm、 11〜34匹。 イトヨリ、 25cm〜35cm、 0〜3匹。 ハナダイ、 30cm、 2匹。 カマス、 3匹。 イサキ、 0〜3匹。 オオモンハタ、 2匹。 朝から活性よく、 魚種多彩の日が 続いています。 明日は五目で出船します。 まだまだ募集中。,27.2℃,NULL,chowari/かりゆし丸
かりゆし丸,平塚港,2026/09/12,1,0,クロダイ,クロダイ,サブ,クロダイ,NULL,0.0,3.0,1.5,0,41.0,42.0,,,NULL,平塚沖,NULL,NULL,1,NULL,NULL,27.2,27.2,NULL,北北東,3.9m/s,大潮,南 0.5m/s,雨のち曇り,NULL,NULL,NULL,9/12 かりゆし丸２号船。 釣果。 本日は五目で出船。 平塚沖。 天候は雨～曇。 潮は西→東。 風は北東。 イナダ、 35cm〜43cm、 0〜7匹。 カンパチ、 35cm〜42cm、 2〜13匹。 ツバメウオ、 33cm〜36cm、 3匹。 クロダイ、 41cm〜42cm、 0〜3匹。 白アマダイ、 33cm〜41cm、 0〜3匹。 アジ、 14cm〜36cm、 11〜34匹。 イトヨリ、 25cm〜35cm、 0〜3匹。 ハナダイ、 30cm、 2匹。 カマス、 3匹。 イサキ、 0〜3匹。 オオモンハタ、 2匹。 朝から活性よく、 魚種多彩の日が 続いています。 明日は五目で出船します。 まだまだ募集中。,27.2℃,NULL,chowari/かりゆし丸
かりゆし丸,平塚港,2026/09/12,1,0,シロアマダイ,シロアマダイ,サブ,シロアマダイ,NULL,0.0,3.0,1.5,0,33.0,41.0,,,NULL,平塚沖,NULL,NULL,1,NULL,NULL,27.2,27.2,NULL,北北東,3.9m/s,大潮,南 0.5m/s,雨のち曇り,NULL,NULL,NULL,9/12 かりゆし丸２号船。 釣果。 本日は五目で出船。 平塚沖。 天候は雨～曇。 潮は西→東。 風は北東。 イナダ、 35cm〜43cm、 0〜7匹。 カンパチ、 35cm〜42cm、 2〜13匹。 ツバメウオ、 33cm〜36cm、 3匹。 クロダイ、 41cm〜42cm、 0〜3匹。 白アマダイ、 33cm〜41cm、 0〜3匹。 アジ、 14cm〜36cm、 11〜34匹。 イトヨリ、 25cm〜35cm、 0〜3匹。 ハナダイ、 30cm、 2匹。 カマス、 3匹。 イサキ、 0〜3匹。 オオモンハタ、 2匹。 朝から活性よく、 魚種多彩の日が 続いています。 明日は五目で出船します。 まだまだ募集中。,27.2℃,NULL,chowari/かりゆし丸
かりゆし丸,平塚港,2026/09/12,1,0,ツバメウオ,NULL,サブ,ツバメウオ,NULL,3.0,3.0,3.0,0,33.0,36.0,,,NULL,平塚沖,NULL,NULL,1,NULL,NULL,27.2,27.2,NULL,北北東,3.9m/s,大潮,南 0.5m/s,雨のち曇り,NULL,NULL,NULL,9/12 かりゆし丸２号船。 釣果。 本日は五目で出船。 平塚沖。 天候は雨～曇。 潮は西→東。 風は北東。 イナダ、 35cm〜43cm、 0〜7匹。 カンパチ、 35cm〜42cm、 2〜13匹。 ツバメウオ、 33cm〜36cm、 3匹。 クロダイ、 41cm〜42cm、 0〜3匹。 白アマダイ、 33cm〜41cm、 0〜3匹。 アジ、 14cm〜36cm、 11〜34匹。 イトヨリ、 25cm〜35cm、 0〜3匹。 ハナダイ、 30cm、 2匹。 カマス、 3匹。 イサキ、 0〜3匹。 オオモンハタ、 2匹。 朝から活性よく、 魚種多彩の日が 続いています。 明日は五目で出船します。 まだまだ募集中。,27.2℃,NULL,chowari/かりゆし丸
かりゆし丸,平塚港,2026/09/12,1,0,ハナダイ,ハナダイ,サブ,ハナダイ,NULL,2.0,2.0,2.0,0,30.0,30.0,,,NULL,平塚沖,NULL,NULL,1,NULL,NULL,27.2,27.2,NULL,北北東,3.9m/s,大潮,南 0.5m/s,雨のち曇り,NULL,NULL,NULL,9/12 かりゆし丸２号船。 釣果。 本日は五目で出船。 平塚沖。 天候は雨～曇。 潮は西→東。 風は北東。 イナダ、 35cm〜43cm、 0〜7匹。 カンパチ、 35cm〜42cm、 2〜13匹。 ツバメウオ、 33cm〜36cm、 3匹。 クロダイ、 41cm〜42cm、 0〜3匹。 白アマダイ、 33cm〜41cm、 0〜3匹。 アジ、 14cm〜36cm、 11〜34匹。 イトヨリ、 25cm〜35cm、 0〜3匹。 ハナダイ、 30cm、 2匹。 カマス、 3匹。 イサキ、 0〜3匹。 オオモンハタ、 2匹。 朝から活性よく、 魚種多彩の日が 続いています。 明日は五目で出船します。 まだまだ募集中。,27.2℃,NULL,chowari/かりゆし丸
かりゆし丸,平塚港,2026/09/12,1,0,マルソウダ,NULL,サブ,マルソウダ,NULL,,,,0,,,,,NULL,平塚沖,NULL,NULL,1,NULL,NULL,27.2,27.2,NULL,北北東,3.9m/s,大潮,南 0.5m/s,雨のち曇り,NULL,NULL,NULL,9/12 かりゆし丸２号船。 釣果。 本日は五目で出船。 平塚沖。 天候は雨～曇。 潮は西→東。 風は北東。 イナダ、 35cm〜43cm、 0〜7匹。 カンパチ、 35cm〜42cm、 2〜13匹。 ツバメウオ、 33cm〜36cm、 3匹。 クロダイ、 41cm〜42cm、 0〜3匹。 白アマダイ、 33cm〜41cm、 0〜3匹。 アジ、 14cm〜36cm、 11〜34匹。 イトヨリ、 25cm〜35cm、 0〜3匹。 ハナダイ、 30cm、 2匹。 カマス、 3匹。 イサキ、 0〜3匹。 オオモンハタ、 2匹。 朝から活性よく、 魚種多彩の日が 続いています。 明日は五目で出船します。 まだまだ募集中。,27.2℃,NULL,chowari/かりゆし丸
かりゆし丸,平塚港,2026/09/13,1,0,アジ,アジ,サブ,アジ,NULL,2.0,6.0,4.0,0,17.0,35.0,,,NULL,神奈川県 平塚市 平塚新港,NULL,NULL,1,NULL,NULL,26.4,26.4,NULL,北北東,2.8m/s,中潮,南南東 0.3m/s,曇りのち時々晴れ,NULL,NULL,NULL,９月13日２号船釣果。 本日は五目で出船しました。 天候、雨のち晴れ。 潮、西〜東。 風、北〜南。 イナダ、 0〜7匹、 38〜43cm。 カンパチ、 0〜3匹、 34〜38cm。 イシダイ、 36〜40cm。 クロダイ、 0〜3匹、 40cm。 白アマダイ、 0〜2匹、 35〜41cm。 イトヨリ、 0〜5匹、 25〜30cm。 アジ、 2〜6匹、 17〜35cm。 ハナダイ、 ソーダカツオ、 サバ、 などが釣れました。 前半好調でしたが。後半は苦戦しました。 ですが多彩なお魚さんが上がり、 無事に終えたことが出来ました。 本日もご来店頂いたお客様と天候に感謝です。 次回は火曜日人気のショートルアーで出船します。 秋の味覚で楽しめます。 是非お問い合わせ下さいませ。,26.4℃,NULL,chowari/かりゆし丸
かりゆし丸,平塚港,2026/09/13,1,0,イシダイ,イシダイ,サブ,イシダイ,NULL,,,,0,36.0,40.0,,,NULL,神奈川県 平塚市 平塚新港,NULL,NULL,1,NULL,NULL,26.4,26.4,NULL,北北東,2.8m/s,中潮,南南東 0.3m/s,曇りのち時々晴れ,NULL,NULL,NULL,９月13日２号船釣果。 本日は五目で出船しました。 天候、雨のち晴れ。 潮、西〜東。 風、北〜南。 イナダ、 0〜7匹、 38〜43cm。 カンパチ、 0〜3匹、 34〜38cm。 イシダイ、 36〜40cm。 クロダイ、 0〜3匹、 40cm。 白アマダイ、 0〜2匹、 35〜41cm。 イトヨリ、 0〜5匹、 25〜30cm。 アジ、 2〜6匹、 17〜35cm。 ハナダイ、 ソーダカツオ、 サバ、 などが釣れました。 前半好調でしたが。後半は苦戦しました。 ですが多彩なお魚さんが上がり、 無事に終えたことが出来ました。 本日もご来店頂いたお客様と天候に感謝です。 次回は火曜日人気のショートルアーで出船します。 秋の味覚で楽しめます。 是非お問い合わせ下さいませ。,26.4℃,NULL,chowari/かりゆし丸
かりゆし丸,平塚港,2026/09/13,1,0,イナダ,イナダ,メイン,イナダ,NULL,0.0,7.0,3.5,0,38.0,43.0,,,NULL,神奈川県 平塚市 平塚新港,NULL,NULL,1,NULL,NULL,26.4,26.4,NULL,北北東,2.8m/s,中潮,南南東 0.3m/s,曇りのち時々晴れ,アジ・イシダイ・カンパチ・クロダイ・サバ・シロアマダイ・ソコイトヨリ・ソーダガツオ・ハナダイ,NULL,NULL,９月13日２号船釣果。 本日は五目で出船しました。 天候、雨のち晴れ。 潮、西〜東。 風、北〜南。 イナダ、 0〜7匹、 38〜43cm。 カンパチ、 0〜3匹、 34〜38cm。 イシダイ、 36〜40cm。 クロダイ、 0〜3匹、 40cm。 白アマダイ、 0〜2匹、 35〜41cm。 イトヨリ、 0〜5匹、 25〜30cm。 アジ、 2〜6匹、 17〜35cm。 ハナダイ、 ソーダカツオ、 サバ、 などが釣れました。 前半好調でしたが。後半は苦戦しました。 ですが多彩なお魚さんが上がり、 無事に終えたことが出来ました。 本日もご来店頂いたお客様と天候に感謝です。 次回は火曜日人気のショートルアーで出船します。 秋の味覚で楽しめます。 是非お問い合わせ下さいませ。,26.4℃,NULL,chowari/かりゆし丸
かりゆし丸,平塚港,2026/09/13,1,0,カンパチ,カンパチ,サブ,カンパチ,NULL,0.0,3.0,1.5,0,34.0,38.0,,,NULL,神奈川県 平塚市 平塚新港,NULL,NULL,1,NULL,NULL,26.4,26.4,NULL,北北東,2.8m/s,中潮,南南東 0.3m/s,曇りのち時々晴れ,NULL,NULL,NULL,９月13日２号船釣果。 本日は五目で出船しました。 天候、雨のち晴れ。 潮、西〜東。 風、北〜南。 イナダ、 0〜7匹、 38〜43cm。 カンパチ、 0〜3匹、 34〜38cm。 イシダイ、 36〜40cm。 クロダイ、 0〜3匹、 40cm。 白アマダイ、 0〜2匹、 35〜41cm。 イトヨリ、 0〜5匹、 25〜30cm。 アジ、 2〜6匹、 17〜35cm。 ハナダイ、 ソーダカツオ、 サバ、 などが釣れました。 前半好調でしたが。後半は苦戦しました。 ですが多彩なお魚さんが上がり、 無事に終えたことが出来ました。 本日もご来店頂いたお客様と天候に感謝です。 次回は火曜日人気のショートルアーで出船します。 秋の味覚で楽しめます。 是非お問い合わせ下さいませ。,26.4℃,NULL,chowari/かりゆし丸
かりゆし丸,平塚港,2026/09/13,1,0,クロダイ,クロダイ,サブ,クロダイ,NULL,0.0,3.0,1.5,0,40.0,40.0,,,NULL,神奈川県 平塚市 平塚新港,NULL,NULL,1,NULL,NULL,26.4,26.4,NULL,北北東,2.8m/s,中潮,南南東 0.3m/s,曇りのち時々晴れ,NULL,NULL,NULL,９月13日２号船釣果。 本日は五目で出船しました。 天候、雨のち晴れ。 潮、西〜東。 風、北〜南。 イナダ、 0〜7匹、 38〜43cm。 カンパチ、 0〜3匹、 34〜38cm。 イシダイ、 36〜40cm。 クロダイ、 0〜3匹、 40cm。 白アマダイ、 0〜2匹、 35〜41cm。 イトヨリ、 0〜5匹、 25〜30cm。 アジ、 2〜6匹、 17〜35cm。 ハナダイ、 ソーダカツオ、 サバ、 などが釣れました。 前半好調でしたが。後半は苦戦しました。 ですが多彩なお魚さんが上がり、 無事に終えたことが出来ました。 本日もご来店頂いたお客様と天候に感謝です。 次回は火曜日人気のショートルアーで出船します。 秋の味覚で楽しめます。 是非お問い合わせ下さいませ。,26.4℃,NULL,chowari/かりゆし丸
かりゆし丸,平塚港,2026/09/13,1,0,サバ,サバ,サブ,サバ,NULL,,,,0,,,,,NULL,神奈川県 平塚市 平塚新港,NULL,NULL,1,NULL,NULL,26.4,26.4,NULL,北北東,2.8m/s,中潮,南南東 0.3m/s,曇りのち時々晴れ,NULL,NULL,NULL,９月13日２号船釣果。 本日は五目で出船しました。 天候、雨のち晴れ。 潮、西〜東。 風、北〜南。 イナダ、 0〜7匹、 38〜43cm。 カンパチ、 0〜3匹、 34〜38cm。 イシダイ、 36〜40cm。 クロダイ、 0〜3匹、 40cm。 白アマダイ、 0〜2匹、 35〜41cm。 イトヨリ、 0〜5匹、 25〜30cm。 アジ、 2〜6匹、 17〜35cm。 ハナダイ、 ソーダカツオ、 サバ、 などが釣れました。 前半好調でしたが。後半は苦戦しました。 ですが多彩なお魚さんが上がり、 無事に終えたことが出来ました。 本日もご来店頂いたお客様と天候に感謝です。 次回は火曜日人気のショートルアーで出船します。 秋の味覚で楽しめます。 是非お問い合わせ下さいませ。,26.4℃,NULL,chowari/かりゆし丸
かりゆし丸,平塚港,2026/09/13,1,0,シロアマダイ,シロアマダイ,サブ,シロアマダイ,NULL,0.0,2.0,1.0,0,35.0,41.0,,,NULL,神奈川県 平塚市 平塚新港,NULL,NULL,1,NULL,NULL,26.4,26.4,NULL,北北東,2.8m/s,中潮,南南東 0.3m/s,曇りのち時々晴れ,NULL,NULL,NULL,９月13日２号船釣果。 本日は五目で出船しました。 天候、雨のち晴れ。 潮、西〜東。 風、北〜南。 イナダ、 0〜7匹、 38〜43cm。 カンパチ、 0〜3匹、 34〜38cm。 イシダイ、 36〜40cm。 クロダイ、 0〜3匹、 40cm。 白アマダイ、 0〜2匹、 35〜41cm。 イトヨリ、 0〜5匹、 25〜30cm。 アジ、 2〜6匹、 17〜35cm。 ハナダイ、 ソーダカツオ、 サバ、 などが釣れました。 前半好調でしたが。後半は苦戦しました。 ですが多彩なお魚さんが上がり、 無事に終えたことが出来ました。 本日もご来店頂いたお客様と天候に感謝です。 次回は火曜日人気のショートルアーで出船します。 秋の味覚で楽しめます。 是非お問い合わせ下さいませ。,26.4℃,NULL,chowari/かりゆし丸
かりゆし丸,平塚港,2026/09/13,1,0,ソコイトヨリ,イトヨリ,サブ,ソコイトヨリ,NULL,0.0,5.0,2.5,0,25.0,30.0,,,NULL,神奈川県 平塚市 平塚新港,NULL,NULL,1,NULL,NULL,26.4,26.4,NULL,北北東,2.8m/s,中潮,南南東 0.3m/s,曇りのち時々晴れ,NULL,NULL,NULL,９月13日２号船釣果。 本日は五目で出船しました。 天候、雨のち晴れ。 潮、西〜東。 風、北〜南。 イナダ、 0〜7匹、 38〜43cm。 カンパチ、 0〜3匹、 34〜38cm。 イシダイ、 36〜40cm。 クロダイ、 0〜3匹、 40cm。 白アマダイ、 0〜2匹、 35〜41cm。 イトヨリ、 0〜5匹、 25〜30cm。 アジ、 2〜6匹、 17〜35cm。 ハナダイ、 ソーダカツオ、 サバ、 などが釣れました。 前半好調でしたが。後半は苦戦しました。 ですが多彩なお魚さんが上がり、 無事に終えたことが出来ました。 本日もご来店頂いたお客様と天候に感謝です。 次回は火曜日人気のショートルアーで出船します。 秋の味覚で楽しめます。 是非お問い合わせ下さいませ。,26.4℃,NULL,chowari/かりゆし丸
かりゆし丸,平塚港,2026/09/13,1,0,ソーダガツオ,NULL,サブ,ソーダガツオ,NULL,,,,0,,,,,NULL,神奈川県 平塚市 平塚新港,NULL,NULL,1,NULL,NULL,26.4,26.4,NULL,北北東,2.8m/s,中潮,南南東 0.3m/s,曇りのち時々晴れ,NULL,NULL,NULL,９月13日２号船釣果。 本日は五目で出船しました。 天候、雨のち晴れ。 潮、西〜東。 風、北〜南。 イナダ、 0〜7匹、 38〜43cm。 カンパチ、 0〜3匹、 34〜38cm。 イシダイ、 36〜40cm。 クロダイ、 0〜3匹、 40cm。 白アマダイ、 0〜2匹、 35〜41cm。 イトヨリ、 0〜5匹、 25〜30cm。 アジ、 2〜6匹、 17〜35cm。 ハナダイ、 ソーダカツオ、 サバ、 などが釣れました。 前半好調でしたが。後半は苦戦しました。 ですが多彩なお魚さんが上がり、 無事に終えたことが出来ました。 本日もご来店頂いたお客様と天候に感謝です。 次回は火曜日人気のショートルアーで出船します。 秋の味覚で楽しめます。 是非お問い合わせ下さいませ。,26.4℃,NULL,chowari/かりゆし丸
かりゆし丸,平塚港,2026/09/13,1,0,ハナダイ,ハナダイ,サブ,ハナダイ,NULL,,,,0,,,,,NULL,神奈川県 平塚市 平塚新港,NULL,NULL,1,NULL,NULL,26.4,26.4,NULL,北北東,2.8m/s,中潮,南南東 0.3m/s,曇りのち時々晴れ,NULL,NULL,NULL,９月13日２号船釣果。 本日は五目で出船しました。 天候、雨のち晴れ。 潮、西〜東。 風、北〜南。 イナダ、 0〜7匹、 38〜43cm。 カンパチ、 0〜3匹、 34〜38cm。 イシダイ、 36〜40cm。 クロダイ、 0〜3匹、 40cm。 白アマダイ、 0〜2匹、 35〜41cm。 イトヨリ、 0〜5匹、 25〜30cm。 アジ、 2〜6匹、 17〜35cm。 ハナダイ、 ソーダカツオ、 サバ、 などが釣れました。 前半好調でしたが。後半は苦戦しました。 ですが多彩なお魚さんが上がり、 無事に終えたことが出来ました。 本日もご来店頂いたお客様と天候に感謝です。 次回は火曜日人気のショートルアーで出船します。 秋の味覚で楽しめます。 是非お問い合わせ下さいませ。,26.4℃,NULL,chowari/かりゆし丸
かりゆし丸,平塚港,2026/09/15,1,0,アジ,アジ,サブ,アジ,NULL,0.0,7.0,3.5,0,30.0,35.0,,,NULL,平塚沖,NULL,NULL,1,NULL,NULL,26.3,26.3,NULL,南,4.4m/s,中潮,南南東 0.7m/s,曇り一時雨,NULL,NULL,NULL,9/15 かりゆし丸２号船。 釣果。本日はショートルアー＆五目船で出船しました。 平塚沖。 天候は晴れ。 潮は西へ流れる。 風向きは南。 カンパチ、 33cm〜43cm、 0〜4匹。 アジ、 30cm〜35cm、 0〜7匹。 タイハナダイ、 30cm〜52cm、 0〜4匹、 ツバメウオ。 38cm、 0〜2匹。 イトヨリ、 25cm〜32cm、 0〜6匹。 イナダ、 43cm。 クロダイ、 38cm。 オオモンハタ、 45cm。 ハタ、 40cm。 ソーダカツオ、 トップ8匹。 本日も魚種多彩でした。 潮、朝は緩やかでしたが、 後半は潮早く釣りづらかったです。,26.3℃,NULL,chowari/かりゆし丸
かりゆし丸,平塚港,2026/09/15,1,0,イトヨリ,イトヨリ,サブ,イトヨリ,NULL,0.0,6.0,3.0,0,25.0,32.0,,,NULL,平塚沖,NULL,NULL,1,NULL,NULL,26.3,26.3,NULL,南,4.4m/s,中潮,南南東 0.7m/s,曇り一時雨,NULL,NULL,NULL,9/15 かりゆし丸２号船。 釣果。本日はショートルアー＆五目船で出船しました。 平塚沖。 天候は晴れ。 潮は西へ流れる。 風向きは南。 カンパチ、 33cm〜43cm、 0〜4匹。 アジ、 30cm〜35cm、 0〜7匹。 タイハナダイ、 30cm〜52cm、 0〜4匹、 ツバメウオ。 38cm、 0〜2匹。 イトヨリ、 25cm〜32cm、 0〜6匹。 イナダ、 43cm。 クロダイ、 38cm。 オオモンハタ、 45cm。 ハタ、 40cm。 ソーダカツオ、 トップ8匹。 本日も魚種多彩でした。 潮、朝は緩やかでしたが、 後半は潮早く釣りづらかったです。,26.3℃,NULL,chowari/かりゆし丸
かりゆし丸,平塚港,2026/09/15,1,0,イナダ,イナダ,サブ,イナダ,NULL,,,,0,43.0,43.0,,,NULL,平塚沖,NULL,NULL,1,NULL,NULL,26.3,26.3,NULL,南,4.4m/s,中潮,南南東 0.7m/s,曇り一時雨,NULL,NULL,NULL,9/15 かりゆし丸２号船。 釣果。本日はショートルアー＆五目船で出船しました。 平塚沖。 天候は晴れ。 潮は西へ流れる。 風向きは南。 カンパチ、 33cm〜43cm、 0〜4匹。 アジ、 30cm〜35cm、 0〜7匹。 タイハナダイ、 30cm〜52cm、 0〜4匹、 ツバメウオ。 38cm、 0〜2匹。 イトヨリ、 25cm〜32cm、 0〜6匹。 イナダ、 43cm。 クロダイ、 38cm。 オオモンハタ、 45cm。 ハタ、 40cm。 ソーダカツオ、 トップ8匹。 本日も魚種多彩でした。 潮、朝は緩やかでしたが、 後半は潮早く釣りづらかったです。,26.3℃,NULL,chowari/かりゆし丸
かりゆし丸,平塚港,2026/09/15,1,0,オオモンハタ,ハタ,サブ,オオモンハタ,NULL,,,,0,45.0,45.0,,,NULL,平塚沖,NULL,NULL,1,NULL,NULL,26.3,26.3,NULL,南,4.4m/s,中潮,南南東 0.7m/s,曇り一時雨,NULL,NULL,NULL,9/15 かりゆし丸２号船。 釣果。本日はショートルアー＆五目船で出船しました。 平塚沖。 天候は晴れ。 潮は西へ流れる。 風向きは南。 カンパチ、 33cm〜43cm、 0〜4匹。 アジ、 30cm〜35cm、 0〜7匹。 タイハナダイ、 30cm〜52cm、 0〜4匹、 ツバメウオ。 38cm、 0〜2匹。 イトヨリ、 25cm〜32cm、 0〜6匹。 イナダ、 43cm。 クロダイ、 38cm。 オオモンハタ、 45cm。 ハタ、 40cm。 ソーダカツオ、 トップ8匹。 本日も魚種多彩でした。 潮、朝は緩やかでしたが、 後半は潮早く釣りづらかったです。,26.3℃,NULL,chowari/かりゆし丸
かりゆし丸,平塚港,2026/09/15,1,0,カンパチ,カンパチ,メイン,カンパチ,NULL,0.0,4.0,2.0,0,33.0,43.0,,,NULL,平塚沖,NULL,NULL,1,NULL,NULL,26.3,26.3,NULL,南,4.4m/s,中潮,南南東 0.7m/s,曇り一時雨,アジ・イトヨリ・イナダ・オオモンハタ・クロダイ・シロアマダイ・ソーダガツオ・ツバメウオ・ハタ・ハナダイ・マダイ,NULL,NULL,9/15 かりゆし丸２号船。 釣果。本日はショートルアー＆五目船で出船しました。 平塚沖。 天候は晴れ。 潮は西へ流れる。 風向きは南。 カンパチ、 33cm〜43cm、 0〜4匹。 アジ、 30cm〜35cm、 0〜7匹。 タイハナダイ、 30cm〜52cm、 0〜4匹、 ツバメウオ。 38cm、 0〜2匹。 イトヨリ、 25cm〜32cm、 0〜6匹。 イナダ、 43cm。 クロダイ、 38cm。 オオモンハタ、 45cm。 ハタ、 40cm。 ソーダカツオ、 トップ8匹。 本日も魚種多彩でした。 潮、朝は緩やかでしたが、 後半は潮早く釣りづらかったです。,26.3℃,NULL,chowari/かりゆし丸
かりゆし丸,平塚港,2026/09/15,1,0,クロダイ,クロダイ,サブ,クロダイ,NULL,,,,0,38.0,38.0,,,NULL,平塚沖,NULL,NULL,1,NULL,NULL,26.3,26.3,NULL,南,4.4m/s,中潮,南南東 0.7m/s,曇り一時雨,NULL,NULL,NULL,9/15 かりゆし丸２号船。 釣果。本日はショートルアー＆五目船で出船しました。 平塚沖。 天候は晴れ。 潮は西へ流れる。 風向きは南。 カンパチ、 33cm〜43cm、 0〜4匹。 アジ、 30cm〜35cm、 0〜7匹。 タイハナダイ、 30cm〜52cm、 0〜4匹、 ツバメウオ。 38cm、 0〜2匹。 イトヨリ、 25cm〜32cm、 0〜6匹。 イナダ、 43cm。 クロダイ、 38cm。 オオモンハタ、 45cm。 ハタ、 40cm。 ソーダカツオ、 トップ8匹。 本日も魚種多彩でした。 潮、朝は緩やかでしたが、 後半は潮早く釣りづらかったです。,26.3℃,NULL,chowari/かりゆし丸
かりゆし丸,平塚港,2026/09/15,1,0,シロアマダイ,シロアマダイ,サブ,シロアマダイ,NULL,,,,0,,,,,NULL,平塚沖,NULL,NULL,1,NULL,NULL,26.3,26.3,NULL,南,4.4m/s,中潮,南南東 0.7m/s,曇り一時雨,NULL,NULL,NULL,9/15 かりゆし丸２号船。 釣果。本日はショートルアー＆五目船で出船しました。 平塚沖。 天候は晴れ。 潮は西へ流れる。 風向きは南。 カンパチ、 33cm〜43cm、 0〜4匹。 アジ、 30cm〜35cm、 0〜7匹。 タイハナダイ、 30cm〜52cm、 0〜4匹、 ツバメウオ。 38cm、 0〜2匹。 イトヨリ、 25cm〜32cm、 0〜6匹。 イナダ、 43cm。 クロダイ、 38cm。 オオモンハタ、 45cm。 ハタ、 40cm。 ソーダカツオ、 トップ8匹。 本日も魚種多彩でした。 潮、朝は緩やかでしたが、 後半は潮早く釣りづらかったです。,26.3℃,NULL,chowari/かりゆし丸
かりゆし丸,平塚港,2026/09/15,1,0,ソーダガツオ,NULL,サブ,ソーダガツオ,NULL,8.0,8.0,8.0,0,,,,,NULL,平塚沖,NULL,NULL,1,NULL,NULL,26.3,26.3,NULL,南,4.4m/s,中潮,南南東 0.7m/s,曇り一時雨,NULL,NULL,NULL,9/15 かりゆし丸２号船。 釣果。本日はショートルアー＆五目船で出船しました。 平塚沖。 天候は晴れ。 潮は西へ流れる。 風向きは南。 カンパチ、 33cm〜43cm、 0〜4匹。 アジ、 30cm〜35cm、 0〜7匹。 タイハナダイ、 30cm〜52cm、 0〜4匹、 ツバメウオ。 38cm、 0〜2匹。 イトヨリ、 25cm〜32cm、 0〜6匹。 イナダ、 43cm。 クロダイ、 38cm。 オオモンハタ、 45cm。 ハタ、 40cm。 ソーダカツオ、 トップ8匹。 本日も魚種多彩でした。 潮、朝は緩やかでしたが、 後半は潮早く釣りづらかったです。,26.3℃,NULL,chowari/かりゆし丸
かりゆし丸,平塚港,2026/09/15,1,0,ツバメウオ,NULL,サブ,ツバメウオ,NULL,0.0,2.0,1.0,0,38.0,38.0,,,NULL,平塚沖,NULL,NULL,1,NULL,NULL,26.3,26.3,NULL,南,4.4m/s,中潮,南南東 0.7m/s,曇り一時雨,NULL,NULL,NULL,9/15 かりゆし丸２号船。 釣果。本日はショートルアー＆五目船で出船しました。 平塚沖。 天候は晴れ。 潮は西へ流れる。 風向きは南。 カンパチ、 33cm〜43cm、 0〜4匹。 アジ、 30cm〜35cm、 0〜7匹。 タイハナダイ、 30cm〜52cm、 0〜4匹、 ツバメウオ。 38cm、 0〜2匹。 イトヨリ、 25cm〜32cm、 0〜6匹。 イナダ、 43cm。 クロダイ、 38cm。 オオモンハタ、 45cm。 ハタ、 40cm。 ソーダカツオ、 トップ8匹。 本日も魚種多彩でした。 潮、朝は緩やかでしたが、 後半は潮早く釣りづらかったです。,26.3℃,NULL,chowari/かりゆし丸
かりゆし丸,平塚港,2026/09/15,1,0,ハタ,ハタ,サブ,ハタ,NULL,,,,0,40.0,40.0,,,NULL,平塚沖,NULL,NULL,1,NULL,NULL,26.3,26.3,NULL,南,4.4m/s,中潮,南南東 0.7m/s,曇り一時雨,NULL,NULL,NULL,9/15 かりゆし丸２号船。 釣果。本日はショートルアー＆五目船で出船しました。 平塚沖。 天候は晴れ。 潮は西へ流れる。 風向きは南。 カンパチ、 33cm〜43cm、 0〜4匹。 アジ、 30cm〜35cm、 0〜7匹。 タイハナダイ、 30cm〜52cm、 0〜4匹、 ツバメウオ。 38cm、 0〜2匹。 イトヨリ、 25cm〜32cm、 0〜6匹。 イナダ、 43cm。 クロダイ、 38cm。 オオモンハタ、 45cm。 ハタ、 40cm。 ソーダカツオ、 トップ8匹。 本日も魚種多彩でした。 潮、朝は緩やかでしたが、 後半は潮早く釣りづらかったです。,26.3℃,NULL,chowari/かりゆし丸
かりゆし丸,平塚港,2026/09/15,1,0,ハナダイ,ハナダイ,サブ,ハナダイ,NULL,,,,0,,,,,NULL,平塚沖,NULL,NULL,1,NULL,NULL,26.3,26.3,NULL,南,4.4m/s,中潮,南南東 0.7m/s,曇り一時雨,NULL,NULL,NULL,9/15 かりゆし丸２号船。 釣果。本日はショートルアー＆五目船で出船しました。 平塚沖。 天候は晴れ。 潮は西へ流れる。 風向きは南。 カンパチ、 33cm〜43cm、 0〜4匹。 アジ、 30cm〜35cm、 0〜7匹。 タイハナダイ、 30cm〜52cm、 0〜4匹、 ツバメウオ。 38cm、 0〜2匹。 イトヨリ、 25cm〜32cm、 0〜6匹。 イナダ、 43cm。 クロダイ、 38cm。 オオモンハタ、 45cm。 ハタ、 40cm。 ソーダカツオ、 トップ8匹。 本日も魚種多彩でした。 潮、朝は緩やかでしたが、 後半は潮早く釣りづらかったです。,26.3℃,NULL,chowari/かりゆし丸
かりゆし丸,平塚港,2026/09/15,1,0,マダイ,マダイ,サブ,マダイ,NULL,,,,0,,,,,NULL,平塚沖,NULL,NULL,1,NULL,NULL,26.3,26.3,NULL,南,4.4m/s,中潮,南南東 0.7m/s,曇り一時雨,NULL,NULL,NULL,9/15 かりゆし丸２号船。 釣果。本日はショートルアー＆五目船で出船しました。 平塚沖。 天候は晴れ。 潮は西へ流れる。 風向きは南。 カンパチ、 33cm〜43cm、 0〜4匹。 アジ、 30cm〜35cm、 0〜7匹。 タイハナダイ、 30cm〜52cm、 0〜4匹、 ツバメウオ。 38cm、 0〜2匹。 イトヨリ、 25cm〜32cm、 0〜6匹。 イナダ、 43cm。 クロダイ、 38cm。 オオモンハタ、 45cm。 ハタ、 40cm。 ソーダカツオ、 トップ8匹。 本日も魚種多彩でした。 潮、朝は緩やかでしたが、 後半は潮早く釣りづらかったです。,26.3℃,NULL,chowari/かりゆし丸
ことぶき丸,会瀬漁港,2026/09/01,1,0,ハナダイ,ハナダイ,サブ,ハナダイ,NULL,2.0,5.0,3.5,0,25.0,30.0,,,NULL,茨城県 日立市 会瀬漁港,NULL,NULL,1,NULL,NULL,25.1,25.1,NULL,北東,2.6m/s,中潮,東 1.2m/s,曇り,NULL,NULL,NULL,"午前一つテンヤマダイ、タイラバで出船しました。 水温22℃ マダイ最大で1.8kgその他1kg、0.6kg...トップで20尾でした。マダイ0.3～1.8kg4～20尾。ハナダイ20～30cm2～5尾。ゲストでマハタ、カサゴ、メバル、ヒラメ2kg、ハナダイ、ショウサイフグでした。本日、乗船の皆様ありがとうございました。 【お知らせ】 明日9月2日（水）は午前一つテンヤマダイで出船致します。お早いご予約お待ちしております。 テンヤマダイ船集合4時30分になります！ アマダイ、アマラバ船集合4時30分になります！ ※誠に勝手ながら満船時の当日キャンセルは乗船料の100%頂きます。ご了承下さい！ 一つテンヤマダイ 12,000円（エサ、氷付き） 集合4時30時になり",25.1℃,NULL,chowari/ことぶき丸
ことぶき丸,会瀬漁港,2026/09/01,1,0,ヒラメ,ヒラメ,サブ,ヒラメ,NULL,0.0,1.0,0.5,0,,,1.0,2.0,NULL,茨城県 日立市 会瀬漁港,NULL,NULL,1,NULL,NULL,25.1,25.1,NULL,北東,2.6m/s,中潮,東 1.2m/s,曇り,NULL,NULL,NULL,"午前一つテンヤマダイ、タイラバで出船しました。 水温22℃ マダイ最大で1.8kgその他1kg、0.6kg...トップで20尾でした。マダイ0.3～1.8kg4～20尾。ハナダイ20～30cm2～5尾。ゲストでマハタ、カサゴ、メバル、ヒラメ2kg、ハナダイ、ショウサイフグでした。本日、乗船の皆様ありがとうございました。 【お知らせ】 明日9月2日（水）は午前一つテンヤマダイで出船致します。お早いご予約お待ちしております。 テンヤマダイ船集合4時30分になります！ アマダイ、アマラバ船集合4時30分になります！ ※誠に勝手ながら満船時の当日キャンセルは乗船料の100%頂きます。ご了承下さい！ 一つテンヤマダイ 12,000円（エサ、氷付き） 集合4時30時になり",25.1℃,NULL,chowari/ことぶき丸
ことぶき丸,会瀬漁港,2026/09/01,1,0,マダイ,マダイ,メイン,マダイ,NULL,3.0,20.0,11.5,0,,,0.3,1.8,NULL,茨城県 日立市 会瀬漁港,NULL,NULL,1,NULL,NULL,25.1,25.1,NULL,北東,2.6m/s,中潮,東 1.2m/s,曇り,ハナダイ・ヒラメ・マハタ,NULL,NULL,"午前一つテンヤマダイ、タイラバで出船しました。 水温22℃ マダイ最大で1.8kgその他1kg、0.6kg...トップで20尾でした。マダイ0.3～1.8kg4～20尾。ハナダイ20～30cm2～5尾。ゲストでマハタ、カサゴ、メバル、ヒラメ2kg、ハナダイ、ショウサイフグでした。本日、乗船の皆様ありがとうございました。 【お知らせ】 明日9月2日（水）は午前一つテンヤマダイで出船致します。お早いご予約お待ちしております。 テンヤマダイ船集合4時30分になります！ アマダイ、アマラバ船集合4時30分になります！ ※誠に勝手ながら満船時の当日キャンセルは乗船料の100%頂きます。ご了承下さい！ 一つテンヤマダイ 12,000円（エサ、氷付き） 集合4時30時になり",25.1℃,NULL,chowari/ことぶき丸
ことぶき丸,会瀬漁港,2026/09/01,1,0,マハタ,マハタ,サブ,マハタ,NULL,0.0,1.0,0.5,0,28.0,36.0,,,NULL,茨城県 日立市 会瀬漁港,NULL,NULL,1,NULL,NULL,25.1,25.1,NULL,北東,2.6m/s,中潮,東 1.2m/s,曇り,NULL,NULL,NULL,"午前一つテンヤマダイ、タイラバで出船しました。 水温22℃ マダイ最大で1.8kgその他1kg、0.6kg...トップで20尾でした。マダイ0.3～1.8kg4～20尾。ハナダイ20～30cm2～5尾。ゲストでマハタ、カサゴ、メバル、ヒラメ2kg、ハナダイ、ショウサイフグでした。本日、乗船の皆様ありがとうございました。 【お知らせ】 明日9月2日（水）は午前一つテンヤマダイで出船致します。お早いご予約お待ちしております。 テンヤマダイ船集合4時30分になります！ アマダイ、アマラバ船集合4時30分になります！ ※誠に勝手ながら満船時の当日キャンセルは乗船料の100%頂きます。ご了承下さい！ 一つテンヤマダイ 12,000円（エサ、氷付き） 集合4時30時になり",25.1℃,NULL,chowari/ことぶき丸
ことぶき丸,会瀬漁港,2026/09/02,1,0,マダイ,マダイ,メイン,マダイ,NULL,1.0,5.0,3.0,0,,,0.3,1.5,NULL,茨城県 日立市 会瀬漁港,NULL,NULL,1,NULL,NULL,25.0,25.0,NULL,南,1.3m/s,中潮,東 1.1m/s,曇り,マハタ,NULL,NULL,"午前一つテンヤマダイ、タイラバで出船しました。 水温24.5℃ マダイ最大で1.5kgその他1kg、0.5kg...トップで5尾でした。マダイ0.3～1kg1～5尾。ハナダイ20～30cm5～10尾。ゲストでマハタ、マゾイ、カサゴ、メバル、ヒラメ、ハナダイ、ショウサイフグでした。本日、乗船の皆様ありがとうございました。 【お知らせ】 明日9月3日（木）は午前一つテンヤマダイで出船致します。お早いご予約お待ちしております。 テンヤマダイ船集合4時30分になります！ アマダイ、アマラバ船集合4時30分になります！ ※誠に勝手ながら満船時の当日キャンセルは乗船料の100%頂きます。ご了承下さい！ 一つテンヤマダイ 12,000円（エサ、氷付き） 集合4時30時に",25.0℃,NULL,chowari/ことぶき丸
ことぶき丸,会瀬漁港,2026/09/02,1,0,マハタ,マハタ,サブ,マハタ,NULL,0.0,1.0,0.5,0,28.0,35.0,,,NULL,茨城県 日立市 会瀬漁港,NULL,NULL,1,NULL,NULL,25.0,25.0,NULL,南,1.3m/s,中潮,東 1.1m/s,曇り,NULL,NULL,NULL,"午前一つテンヤマダイ、タイラバで出船しました。 水温24.5℃ マダイ最大で1.5kgその他1kg、0.5kg...トップで5尾でした。マダイ0.3～1kg1～5尾。ハナダイ20～30cm5～10尾。ゲストでマハタ、マゾイ、カサゴ、メバル、ヒラメ、ハナダイ、ショウサイフグでした。本日、乗船の皆様ありがとうございました。 【お知らせ】 明日9月3日（木）は午前一つテンヤマダイで出船致します。お早いご予約お待ちしております。 テンヤマダイ船集合4時30分になります！ アマダイ、アマラバ船集合4時30分になります！ ※誠に勝手ながら満船時の当日キャンセルは乗船料の100%頂きます。ご了承下さい！ 一つテンヤマダイ 12,000円（エサ、氷付き） 集合4時30時に",25.0℃,NULL,chowari/ことぶき丸
ことぶき丸,会瀬漁港,2026/09/05,1,0,カサゴ,カサゴ,サブ,カサゴ,NULL,0.0,2.0,1.0,0,25.0,30.0,,,NULL,茨城県 日立市 会瀬漁港,NULL,NULL,1,NULL,NULL,24.9,24.9,NULL,東北東,3.8m/s,小潮,東南東 0.9m/s,曇り,NULL,NULL,NULL,"午前一つテンヤマダイ、タイラバで出船しました。 水温24.5℃ マダイ最大で1.2kgその他1kg、0.6kg...トップで14尾でした。マダイ0.3～1.2kg1～14尾。ハナダイ20～30cm3～5尾。ゲストでマハタ、カサゴ、ヒラメ2.5kg、2kg、1.5kg、1kg、ホウボウ、アジ、ハナダイ、ショウサイフグでした。本日、乗船の皆様ありがとうございました。 【お知らせ】 明日9月6日（日）は予報悪く出船中止せます。 テンヤマダイ船集合4時30分になります！ アマダイ、アマラバ船集合4時30分になります！ ※誠に勝手ながら満船時の当日キャンセルは乗船料の100%頂きます。ご了承下さい！ 一つテンヤマダイ 12,000円（エサ、氷付き） 集合4時30時になります。 アマダ",24.9℃,NULL,chowari/ことぶき丸
ことぶき丸,会瀬漁港,2026/09/05,1,0,ハナダイ,ハナダイ,サブ,ハナダイ,NULL,3.0,5.0,4.0,0,20.0,30.0,,,NULL,茨城県 日立市 会瀬漁港,NULL,NULL,1,NULL,NULL,24.9,24.9,NULL,東北東,3.8m/s,小潮,東南東 0.9m/s,曇り,NULL,NULL,NULL,"午前一つテンヤマダイ、タイラバで出船しました。 水温24.5℃ マダイ最大で1.2kgその他1kg、0.6kg...トップで14尾でした。マダイ0.3～1.2kg1～14尾。ハナダイ20～30cm3～5尾。ゲストでマハタ、カサゴ、ヒラメ2.5kg、2kg、1.5kg、1kg、ホウボウ、アジ、ハナダイ、ショウサイフグでした。本日、乗船の皆様ありがとうございました。 【お知らせ】 明日9月6日（日）は予報悪く出船中止せます。 テンヤマダイ船集合4時30分になります！ アマダイ、アマラバ船集合4時30分になります！ ※誠に勝手ながら満船時の当日キャンセルは乗船料の100%頂きます。ご了承下さい！ 一つテンヤマダイ 12,000円（エサ、氷付き） 集合4時30時になります。 アマダ",24.9℃,NULL,chowari/ことぶき丸
ことぶき丸,会瀬漁港,2026/09/05,1,0,ヒラメ,ヒラメ,サブ,ヒラメ,NULL,0.0,4.0,2.0,0,,,0.8,2.5,NULL,茨城県 日立市 会瀬漁港,NULL,NULL,1,NULL,NULL,24.9,24.9,NULL,東北東,3.8m/s,小潮,東南東 0.9m/s,曇り,NULL,NULL,NULL,"午前一つテンヤマダイ、タイラバで出船しました。 水温24.5℃ マダイ最大で1.2kgその他1kg、0.6kg...トップで14尾でした。マダイ0.3～1.2kg1～14尾。ハナダイ20～30cm3～5尾。ゲストでマハタ、カサゴ、ヒラメ2.5kg、2kg、1.5kg、1kg、ホウボウ、アジ、ハナダイ、ショウサイフグでした。本日、乗船の皆様ありがとうございました。 【お知らせ】 明日9月6日（日）は予報悪く出船中止せます。 テンヤマダイ船集合4時30分になります！ アマダイ、アマラバ船集合4時30分になります！ ※誠に勝手ながら満船時の当日キャンセルは乗船料の100%頂きます。ご了承下さい！ 一つテンヤマダイ 12,000円（エサ、氷付き） 集合4時30時になります。 アマダ",24.9℃,NULL,chowari/ことぶき丸
ことぶき丸,会瀬漁港,2026/09/05,1,0,マダイ,マダイ,メイン,マダイ,NULL,1.0,14.0,7.5,0,,,0.3,1.2,NULL,茨城県 日立市 会瀬漁港,NULL,NULL,1,NULL,NULL,24.9,24.9,NULL,東北東,3.8m/s,小潮,東南東 0.9m/s,曇り,カサゴ・ハナダイ・ヒラメ・マハタ,NULL,NULL,"午前一つテンヤマダイ、タイラバで出船しました。 水温24.5℃ マダイ最大で1.2kgその他1kg、0.6kg...トップで14尾でした。マダイ0.3～1.2kg1～14尾。ハナダイ20～30cm3～5尾。ゲストでマハタ、カサゴ、ヒラメ2.5kg、2kg、1.5kg、1kg、ホウボウ、アジ、ハナダイ、ショウサイフグでした。本日、乗船の皆様ありがとうございました。 【お知らせ】 明日9月6日（日）は予報悪く出船中止せます。 テンヤマダイ船集合4時30分になります！ アマダイ、アマラバ船集合4時30分になります！ ※誠に勝手ながら満船時の当日キャンセルは乗船料の100%頂きます。ご了承下さい！ 一つテンヤマダイ 12,000円（エサ、氷付き） 集合4時30時になります。 アマダ",24.9℃,NULL,chowari/ことぶき丸
ことぶき丸,会瀬漁港,2026/09/05,1,0,マハタ,マハタ,サブ,マハタ,NULL,0.0,2.0,1.0,0,28.0,38.0,,,NULL,茨城県 日立市 会瀬漁港,NULL,NULL,1,NULL,NULL,24.9,24.9,NULL,東北東,3.8m/s,小潮,東南東 0.9m/s,曇り,NULL,NULL,NULL,"午前一つテンヤマダイ、タイラバで出船しました。 水温24.5℃ マダイ最大で1.2kgその他1kg、0.6kg...トップで14尾でした。マダイ0.3～1.2kg1～14尾。ハナダイ20～30cm3～5尾。ゲストでマハタ、カサゴ、ヒラメ2.5kg、2kg、1.5kg、1kg、ホウボウ、アジ、ハナダイ、ショウサイフグでした。本日、乗船の皆様ありがとうございました。 【お知らせ】 明日9月6日（日）は予報悪く出船中止せます。 テンヤマダイ船集合4時30分になります！ アマダイ、アマラバ船集合4時30分になります！ ※誠に勝手ながら満船時の当日キャンセルは乗船料の100%頂きます。ご了承下さい！ 一つテンヤマダイ 12,000円（エサ、氷付き） 集合4時30時になります。 アマダ",24.9℃,NULL,chowari/ことぶき丸
ことぶき丸,会瀬漁港,2026/09/12,1,0,カサゴ,カサゴ,サブ,カサゴ,NULL,0.0,2.0,1.0,0,25.0,30.0,,,NULL,茨城県 日立市 会瀬漁港,NULL,NULL,1,NULL,NULL,24.3,24.3,NULL,北東,2.7m/s,大潮,東 0.8m/s,曇り,NULL,NULL,NULL,"午前一つテンヤマダイ、タイラバで出船しました。 水温22.5℃ マダイ最大で0.6kgその他0.5kg...トップで4尾でした。マダイ0.3～0.6kg1～4尾。ハナダイ20～30cm0～6尾。ゲストでマハタ、カサゴ、ヒラメ1kg、イシダイ、ホウボウ、カワハギ、ハナダイ、ショウサイフグでした。本日、乗船の皆様ありがとうございました。 【お知らせ】 明日9月13日（日）も一つテンヤマダイ出船致します。お早いご予約お待ちしております。 テンヤマダイ船集合4時30分になります！ アマダイ、アマラバ船集合4時30分になります！ ※誠に勝手ながら満船時の当日キャンセルは乗船料の100%頂きます。ご了承下さい！ 一つテンヤマダイ 12,000円（エサ、氷付き） 集合4",24.3℃,NULL,chowari/ことぶき丸
ことぶき丸,会瀬漁港,2026/09/12,1,0,マダイ,マダイ,メイン,マダイ,NULL,1.0,4.0,2.5,0,,,0.3,0.6,NULL,茨城県 日立市 会瀬漁港,NULL,NULL,1,NULL,NULL,24.3,24.3,NULL,北東,2.7m/s,大潮,東 0.8m/s,曇り,カサゴ・マハタ,NULL,NULL,"午前一つテンヤマダイ、タイラバで出船しました。 水温22.5℃ マダイ最大で0.6kgその他0.5kg...トップで4尾でした。マダイ0.3～0.6kg1～4尾。ハナダイ20～30cm0～6尾。ゲストでマハタ、カサゴ、ヒラメ1kg、イシダイ、ホウボウ、カワハギ、ハナダイ、ショウサイフグでした。本日、乗船の皆様ありがとうございました。 【お知らせ】 明日9月13日（日）も一つテンヤマダイ出船致します。お早いご予約お待ちしております。 テンヤマダイ船集合4時30分になります！ アマダイ、アマラバ船集合4時30分になります！ ※誠に勝手ながら満船時の当日キャンセルは乗船料の100%頂きます。ご了承下さい！ 一つテンヤマダイ 12,000円（エサ、氷付き） 集合4",24.3℃,NULL,chowari/ことぶき丸
ことぶき丸,会瀬漁港,2026/09/12,1,0,マハタ,マハタ,サブ,マハタ,NULL,0.0,1.0,0.5,0,28.0,35.0,,,NULL,茨城県 日立市 会瀬漁港,NULL,NULL,1,NULL,NULL,24.3,24.3,NULL,北東,2.7m/s,大潮,東 0.8m/s,曇り,NULL,NULL,NULL,"午前一つテンヤマダイ、タイラバで出船しました。 水温22.5℃ マダイ最大で0.6kgその他0.5kg...トップで4尾でした。マダイ0.3～0.6kg1～4尾。ハナダイ20～30cm0～6尾。ゲストでマハタ、カサゴ、ヒラメ1kg、イシダイ、ホウボウ、カワハギ、ハナダイ、ショウサイフグでした。本日、乗船の皆様ありがとうございました。 【お知らせ】 明日9月13日（日）も一つテンヤマダイ出船致します。お早いご予約お待ちしております。 テンヤマダイ船集合4時30分になります！ アマダイ、アマラバ船集合4時30分になります！ ※誠に勝手ながら満船時の当日キャンセルは乗船料の100%頂きます。ご了承下さい！ 一つテンヤマダイ 12,000円（エサ、氷付き） 集合4",24.3℃,NULL,chowari/ことぶき丸
ことぶき丸,会瀬漁港,2026/09/13,1,0,カサゴ,カサゴ,サブ,カサゴ,NULL,0.0,2.0,1.0,0,25.0,30.0,,,NULL,茨城県 日立市 会瀬漁港,NULL,NULL,1,NULL,NULL,23.9,23.9,NULL,北東,3.1m/s,中潮,東 1.1m/s,曇り,NULL,NULL,NULL,"午前一つテンヤマダイ、タイラバで出船しました。 水温23.2℃ マダイ最大で2kgその他0.8kg、0.6kg...トップで4尾でした。マダイ0.3～2kg0～4尾。ハナダイ20～30cm0～10尾。ゲストでマハタ、カサゴ、メバル、トラブグ、キジハタ、ハナダイ、イナダ、ショウサイフグでした。本日、乗船の皆様ありがとうございました。 【お知らせ】 明日9月14日（月）も一つテンヤマダイ出船致します。お早いご予約お待ちしております。 テンヤマダイ船集合4時30分になります！ アマダイ、アマラバ船集合4時30分になります！ ※誠に勝手ながら満船時の当日キャンセルは乗船料の100%頂きます。ご了承下さい！ 一つテンヤマダイ 12,000円（エサ、氷付き） 集合4",23.9℃,NULL,chowari/ことぶき丸
ことぶき丸,会瀬漁港,2026/09/13,1,0,トラフグ,トラフグ,サブ,トラフグ,NULL,0.0,1.0,0.5,0,,,1.0,1.5,NULL,茨城県 日立市 会瀬漁港,NULL,NULL,1,NULL,NULL,23.9,23.9,NULL,北東,3.1m/s,中潮,東 1.1m/s,曇り,NULL,NULL,NULL,"午前一つテンヤマダイ、タイラバで出船しました。 水温23.2℃ マダイ最大で2kgその他0.8kg、0.6kg...トップで4尾でした。マダイ0.3～2kg0～4尾。ハナダイ20～30cm0～10尾。ゲストでマハタ、カサゴ、メバル、トラブグ、キジハタ、ハナダイ、イナダ、ショウサイフグでした。本日、乗船の皆様ありがとうございました。 【お知らせ】 明日9月14日（月）も一つテンヤマダイ出船致します。お早いご予約お待ちしております。 テンヤマダイ船集合4時30分になります！ アマダイ、アマラバ船集合4時30分になります！ ※誠に勝手ながら満船時の当日キャンセルは乗船料の100%頂きます。ご了承下さい！ 一つテンヤマダイ 12,000円（エサ、氷付き） 集合4",23.9℃,NULL,chowari/ことぶき丸
ことぶき丸,会瀬漁港,2026/09/13,1,0,マダイ,マダイ,メイン,マダイ,NULL,0.0,4.0,2.0,0,,,0.3,2.0,NULL,茨城県 日立市 会瀬漁港,NULL,NULL,1,NULL,NULL,23.9,23.9,NULL,北東,3.1m/s,中潮,東 1.1m/s,曇り,カサゴ・トラフグ・マハタ,NULL,NULL,"午前一つテンヤマダイ、タイラバで出船しました。 水温23.2℃ マダイ最大で2kgその他0.8kg、0.6kg...トップで4尾でした。マダイ0.3～2kg0～4尾。ハナダイ20～30cm0～10尾。ゲストでマハタ、カサゴ、メバル、トラブグ、キジハタ、ハナダイ、イナダ、ショウサイフグでした。本日、乗船の皆様ありがとうございました。 【お知らせ】 明日9月14日（月）も一つテンヤマダイ出船致します。お早いご予約お待ちしております。 テンヤマダイ船集合4時30分になります！ アマダイ、アマラバ船集合4時30分になります！ ※誠に勝手ながら満船時の当日キャンセルは乗船料の100%頂きます。ご了承下さい！ 一つテンヤマダイ 12,000円（エサ、氷付き） 集合4",23.9℃,NULL,chowari/ことぶき丸
ことぶき丸,会瀬漁港,2026/09/13,1,0,マハタ,マハタ,サブ,マハタ,NULL,0.0,1.0,0.5,0,28.0,40.0,,,NULL,茨城県 日立市 会瀬漁港,NULL,NULL,1,NULL,NULL,23.9,23.9,NULL,北東,3.1m/s,中潮,東 1.1m/s,曇り,NULL,NULL,NULL,"午前一つテンヤマダイ、タイラバで出船しました。 水温23.2℃ マダイ最大で2kgその他0.8kg、0.6kg...トップで4尾でした。マダイ0.3～2kg0～4尾。ハナダイ20～30cm0～10尾。ゲストでマハタ、カサゴ、メバル、トラブグ、キジハタ、ハナダイ、イナダ、ショウサイフグでした。本日、乗船の皆様ありがとうございました。 【お知らせ】 明日9月14日（月）も一つテンヤマダイ出船致します。お早いご予約お待ちしております。 テンヤマダイ船集合4時30分になります！ アマダイ、アマラバ船集合4時30分になります！ ※誠に勝手ながら満船時の当日キャンセルは乗船料の100%頂きます。ご了承下さい！ 一つテンヤマダイ 12,000円（エサ、氷付き） 集合4",23.9℃,NULL,chowari/ことぶき丸
ことぶき丸,会瀬漁港,2026/09/14,1,0,ハナダイ,ハナダイ,サブ,ハナダイ,NULL,1.0,3.0,2.0,0,20.0,30.0,,,NULL,茨城県 日立市 会瀬漁港,NULL,NULL,1,NULL,NULL,23.9,23.9,NULL,南南西,3.1m/s,中潮,東 1.0m/s,晴れ後時々曇り,NULL,NULL,NULL,"午前一つテンヤマダイ、タイラバで出船しました。 水温23.9℃ マダイ最大で3.3kgその他1.5kg、0.8kg、0.6kg...トップで7尾でした。マダイ0.3～2kg3～7尾。ハナダイ20～30cm1～3尾。ゲストでマハタ、カサゴ、ハナダイ、イナダ、アジ、ショウサイフグでした。本日、乗船の皆様ありがとうございました。 【お知らせ】 明日9月15日（火）も一つテンヤマダイ出船致します。お早いご予約お待ちしております。 テンヤマダイ船集合4時30分になります！ アマダイ、アマラバ船集合4時30分になります！ ※誠に勝手ながら満船時の当日キャンセルは乗船料の100%頂きます。ご了承下さい！ 一つテンヤマダイ 12,000円（エサ、氷付き） 集合4時30時になりま",23.9℃,NULL,chowari/ことぶき丸
ことぶき丸,会瀬漁港,2026/09/14,1,0,マダイ,マダイ,メイン,マダイ,NULL,3.0,7.0,5.0,0,,,0.3,3.3,NULL,茨城県 日立市 会瀬漁港,NULL,NULL,1,NULL,NULL,23.9,23.9,NULL,南南西,3.1m/s,中潮,東 1.0m/s,晴れ後時々曇り,ハナダイ・マハタ,NULL,NULL,"午前一つテンヤマダイ、タイラバで出船しました。 水温23.9℃ マダイ最大で3.3kgその他1.5kg、0.8kg、0.6kg...トップで7尾でした。マダイ0.3～2kg3～7尾。ハナダイ20～30cm1～3尾。ゲストでマハタ、カサゴ、ハナダイ、イナダ、アジ、ショウサイフグでした。本日、乗船の皆様ありがとうございました。 【お知らせ】 明日9月15日（火）も一つテンヤマダイ出船致します。お早いご予約お待ちしております。 テンヤマダイ船集合4時30分になります！ アマダイ、アマラバ船集合4時30分になります！ ※誠に勝手ながら満船時の当日キャンセルは乗船料の100%頂きます。ご了承下さい！ 一つテンヤマダイ 12,000円（エサ、氷付き） 集合4時30時になりま",23.9℃,NULL,chowari/ことぶき丸
ことぶき丸,会瀬漁港,2026/09/14,1,0,マハタ,マハタ,サブ,マハタ,NULL,0.0,1.0,0.5,0,28.0,35.0,,,NULL,茨城県 日立市 会瀬漁港,NULL,NULL,1,NULL,NULL,23.9,23.9,NULL,南南西,3.1m/s,中潮,東 1.0m/s,晴れ後時々曇り,NULL,NULL,NULL,"午前一つテンヤマダイ、タイラバで出船しました。 水温23.9℃ マダイ最大で3.3kgその他1.5kg、0.8kg、0.6kg...トップで7尾でした。マダイ0.3～2kg3～7尾。ハナダイ20～30cm1～3尾。ゲストでマハタ、カサゴ、ハナダイ、イナダ、アジ、ショウサイフグでした。本日、乗船の皆様ありがとうございました。 【お知らせ】 明日9月15日（火）も一つテンヤマダイ出船致します。お早いご予約お待ちしております。 テンヤマダイ船集合4時30分になります！ アマダイ、アマラバ船集合4時30分になります！ ※誠に勝手ながら満船時の当日キャンセルは乗船料の100%頂きます。ご了承下さい！ 一つテンヤマダイ 12,000円（エサ、氷付き） 集合4時30時になりま",23.9℃,NULL,chowari/ことぶき丸
とも丸,平潟,2026/09/02,1,0,マダイ,マダイ,メイン,マダイ,NULL,,,,0,,,2.0,5.0,NULL,茨城県 北茨城市 平潟港,NULL,NULL,1,NULL,NULL,24.3,24.3,NULL,南,2.9m/s,中潮,東 1.2m/s,晴れ後時々曇り,,NULL,NULL,2～3kgが3枚 小さいサイズ少なめであたりすくなかったですが いいサイズあがったので嬉しいです。,24.3℃,NULL,chowari/とも丸
とも丸,平潟,2026/09/11,1,0,アイナメ,NULL,サブ,アイナメ,NULL,,,,0,,,,,NULL,茨城県 北茨城市 平潟港,NULL,NULL,1,NULL,NULL,23.7,23.7,NULL,北北西,2.2m/s,大潮,東 0.9m/s,雨のち曇り,NULL,NULL,NULL,青物。ヒラメよく探せばかたまってるとこあるかもしれないですね。 釣れたとこではパタパタ釣れました。 アジの反応もありますが足速めなので 落とすタイミング悪いとこ食ってこないです。 雨なので写真なしですすいません。 本日も乗船ありがとうございました。,23.7℃,NULL,chowari/とも丸
とも丸,平潟,2026/09/11,1,0,アジ,アジ,サブ,アジ,NULL,,,,0,,,,,NULL,茨城県 北茨城市 平潟港,NULL,NULL,1,NULL,NULL,23.7,23.7,NULL,北北西,2.2m/s,大潮,東 0.9m/s,雨のち曇り,NULL,NULL,NULL,青物。ヒラメよく探せばかたまってるとこあるかもしれないですね。 釣れたとこではパタパタ釣れました。 アジの反応もありますが足速めなので 落とすタイミング悪いとこ食ってこないです。 雨なので写真なしですすいません。 本日も乗船ありがとうございました。,23.7℃,NULL,chowari/とも丸
とも丸,平潟,2026/09/11,1,0,トラフグ,トラフグ,サブ,トラフグ,NULL,,,,0,,,,,NULL,茨城県 北茨城市 平潟港,NULL,NULL,1,NULL,NULL,23.7,23.7,NULL,北北西,2.2m/s,大潮,東 0.9m/s,雨のち曇り,NULL,NULL,NULL,青物。ヒラメよく探せばかたまってるとこあるかもしれないですね。 釣れたとこではパタパタ釣れました。 アジの反応もありますが足速めなので 落とすタイミング悪いとこ食ってこないです。 雨なので写真なしですすいません。 本日も乗船ありがとうございました。,23.7℃,NULL,chowari/とも丸
とも丸,平潟,2026/09/11,1,0,ヒラメ,ヒラメ,メイン,ヒラメ,NULL,,,,0,,,,,NULL,茨城県 北茨城市 平潟港,NULL,NULL,1,NULL,NULL,23.7,23.7,NULL,北北西,2.2m/s,大潮,東 0.9m/s,雨のち曇り,アイナメ・アジ・トラフグ・ホウボウ,NULL,NULL,青物。ヒラメよく探せばかたまってるとこあるかもしれないですね。 釣れたとこではパタパタ釣れました。 アジの反応もありますが足速めなので 落とすタイミング悪いとこ食ってこないです。 雨なので写真なしですすいません。 本日も乗船ありがとうございました。,23.7℃,NULL,chowari/とも丸
とも丸,平潟,2026/09/11,1,0,ホウボウ,ホウボウ,サブ,ホウボウ,NULL,,,,0,,,,,NULL,茨城県 北茨城市 平潟港,NULL,NULL,1,NULL,NULL,23.7,23.7,NULL,北北西,2.2m/s,大潮,東 0.9m/s,雨のち曇り,NULL,NULL,NULL,青物。ヒラメよく探せばかたまってるとこあるかもしれないですね。 釣れたとこではパタパタ釣れました。 アジの反応もありますが足速めなので 落とすタイミング悪いとこ食ってこないです。 雨なので写真なしですすいません。 本日も乗船ありがとうございました。,23.7℃,NULL,chowari/とも丸
とも丸,平潟,2026/09/12,1,0,マダイ,マダイ,メイン,マダイ,NULL,,,,0,,,2.0,4.8,NULL,茨城県 北茨城市 平潟港,NULL,NULL,1,NULL,NULL,23.1,23.1,NULL,東北東,2.9m/s,大潮,東 0.9m/s,曇り,も大きそうなの掛かりましたが残念ながら逃げられてしまいました,NULL,NULL,他にも大きそうなの掛かりましたが残念ながら逃げられてしまいました。 反応の多さの割にあたりは少な目でした。 スローは、アジ中心にぽつぽつ 2種目やると時間ないので簡単な釣りに行きがちになります。 本日も乗船ありがとうございました。,23.1℃,NULL,chowari/とも丸
とも丸,平潟,2026/09/13,1,0,イシガキダイ,NULL,サブ,イシガキダイ,NULL,,,,0,,,,,NULL,茨城県 北茨城市 平潟港,NULL,NULL,1,NULL,NULL,22.8,22.8,NULL,北北東,2.7m/s,中潮,東 1.1m/s,曇り,NULL,NULL,NULL,どうも、とも丸です。 今日のテンヤは久しぶりに良い感じでした。 チャリコのような小型の鯛は少なく大鯛も複数あがりました。 本日もご利用ありがとうございました！ またよろしくお願いします。,22.8℃,NULL,chowari/とも丸
とも丸,平潟,2026/09/13,1,0,タイ,マダイ,メイン,タイ,NULL,,,,0,,,5.1,5.1,NULL,茨城県 北茨城市 平潟港,NULL,NULL,1,NULL,NULL,22.8,22.8,NULL,北北東,2.7m/s,中潮,東 1.1m/s,曇り,イシガキダイ・ヒラメ,NULL,NULL,どうも、とも丸です。 今日のテンヤは久しぶりに良い感じでした。 チャリコのような小型の鯛は少なく大鯛も複数あがりました。 本日もご利用ありがとうございました！ またよろしくお願いします。,22.8℃,NULL,chowari/とも丸
とも丸,平潟,2026/09/13,1,0,ヒラメ,ヒラメ,サブ,ヒラメ,NULL,,,,0,,,3.0,3.0,NULL,茨城県 北茨城市 平潟港,NULL,NULL,1,NULL,NULL,22.8,22.8,NULL,北北東,2.7m/s,中潮,東 1.1m/s,曇り,NULL,NULL,NULL,どうも、とも丸です。 今日のテンヤは久しぶりに良い感じでした。 チャリコのような小型の鯛は少なく大鯛も複数あがりました。 本日もご利用ありがとうございました！ またよろしくお願いします。,22.8℃,NULL,chowari/とも丸
とも丸,平潟,2026/09/14,1,0,イシナギ,ヒラメ,サブ,イシナギ,NULL,,,,0,,,,,NULL,茨城県 北茨城市 平潟港,NULL,NULL,1,NULL,NULL,23.3,23.3,NULL,南南西,4.4m/s,中潮,東 1.0m/s,晴れ後時々曇り,NULL,NULL,NULL,青物 ぼちぼちでした。 小さいのはリリースして大きくなってから 帰って来てもらいましょう。,23.3℃,NULL,chowari/とも丸
とも丸,平潟,2026/09/14,1,0,ソイ,ソイ,サブ,ソイ,NULL,,,,0,,,,,NULL,茨城県 北茨城市 平潟港,NULL,NULL,1,NULL,NULL,23.3,23.3,NULL,南南西,4.4m/s,中潮,東 1.0m/s,晴れ後時々曇り,NULL,NULL,NULL,青物 ぼちぼちでした。 小さいのはリリースして大きくなってから 帰って来てもらいましょう。,23.3℃,NULL,chowari/とも丸
とも丸,平潟,2026/09/14,1,0,ヒラメ,ヒラメ,メイン,ヒラメ,NULL,23.0,23.0,23.0,0,,,,,NULL,茨城県 北茨城市 平潟港,NULL,NULL,1,NULL,NULL,23.3,23.3,NULL,南南西,4.4m/s,中潮,東 1.0m/s,晴れ後時々曇り,イシナギ・ソイ・マハタ,NULL,NULL,青物 ぼちぼちでした。 小さいのはリリースして大きくなってから 帰って来てもらいましょう。,23.3℃,NULL,chowari/とも丸
とも丸,平潟,2026/09/14,1,0,マハタ,マハタ,サブ,マハタ,NULL,,,,0,,,,,NULL,茨城県 北茨城市 平潟港,NULL,NULL,1,NULL,NULL,23.3,23.3,NULL,南南西,4.4m/s,中潮,東 1.0m/s,晴れ後時々曇り,NULL,NULL,NULL,青物 ぼちぼちでした。 小さいのはリリースして大きくなってから 帰って来てもらいましょう。,23.3℃,NULL,chowari/とも丸
はやぶさ丸,柴漁港,2026/09/02,1,0,アジ,アジ,メイン,アジ,NULL,3.0,28.0,15.5,0,20.0,45.0,,,NULL,神奈川県 横浜市 柴漁港,NULL,NULL,1,NULL,NULL,27.7,27.7,NULL,南,0.9m/s,中潮,南南東 0.2m/s,曇り時々晴れ,,NULL,NULL,今日は、型見れてる所では、サバフグに道糸 切られる事案が多く、ビシを3つ取られるお客様も いて、やってられないので、移動して移動先では 出方悪いですが、特大も混じって どうにかオカズだけは確保出来ました。 竿頭、新座市、加賀美様。 大田区、ダンバンファ様。,27.7℃,NULL,chowari/はやぶさ丸
はやぶさ丸,柴漁港,2026/09/09,1,0,アジ,アジ,メイン,アジ,NULL,20.0,51.0,35.5,0,20.0,44.0,,,NULL,神奈川県 横浜市 柴漁港,NULL,NULL,1,NULL,NULL,27.7,27.7,NULL,南南西,8.3m/s,中潮,南 0.4m/s,曇りのち一時雨,,NULL,NULL,超久々に出船出来ました、 前半は、特大アジばかりで、バラシもあって 数伸びず、移動してからは、幅広中アジ中心に、 帰りまで、ポツポツ食い、お土産取れました。 竿頭、新宿区、田内様。,27.7℃,NULL,chowari/はやぶさ丸
はやぶさ丸,柴漁港,2026/09/11,1,0,アジ,アジ,メイン,アジ,NULL,9.0,44.0,26.5,0,20.0,33.0,,,NULL,神奈川県 横浜市 柴漁港,NULL,NULL,1,NULL,NULL,27.3,27.3,NULL,北北東,3.9m/s,大潮,東北東 0.2m/s,雨,カサゴ・マダイ・メバル,NULL,NULL,今日は、潮早く型出ても、中々続かず。 港前の浅場で、お土産に徹して数伸ばせました。 竿頭、杉並区、谷口様。,27.3℃,NULL,chowari/はやぶさ丸
はやぶさ丸,柴漁港,2026/09/11,1,0,カサゴ,カサゴ,サブ,カサゴ,NULL,,,,0,,,,,NULL,神奈川県 横浜市 柴漁港,NULL,NULL,1,NULL,NULL,27.3,27.3,NULL,北北東,3.9m/s,大潮,東北東 0.2m/s,雨,NULL,NULL,NULL,今日は、潮早く型出ても、中々続かず。 港前の浅場で、お土産に徹して数伸ばせました。 竿頭、杉並区、谷口様。,27.3℃,NULL,chowari/はやぶさ丸
はやぶさ丸,柴漁港,2026/09/11,1,0,マダイ,マダイ,サブ,マダイ,NULL,,,,0,,,,,NULL,神奈川県 横浜市 柴漁港,NULL,NULL,1,NULL,NULL,27.3,27.3,NULL,北北東,3.9m/s,大潮,東北東 0.2m/s,雨,NULL,NULL,NULL,今日は、潮早く型出ても、中々続かず。 港前の浅場で、お土産に徹して数伸ばせました。 竿頭、杉並区、谷口様。,27.3℃,NULL,chowari/はやぶさ丸
はやぶさ丸,柴漁港,2026/09/11,1,0,メバル,メバル,サブ,メバル,NULL,,,,0,,,,,NULL,神奈川県 横浜市 柴漁港,NULL,NULL,1,NULL,NULL,27.3,27.3,NULL,北北東,3.9m/s,大潮,東北東 0.2m/s,雨,NULL,NULL,NULL,今日は、潮早く型出ても、中々続かず。 港前の浅場で、お土産に徹して数伸ばせました。 竿頭、杉並区、谷口様。,27.3℃,NULL,chowari/はやぶさ丸
はやぶさ丸,柴漁港,2026/09/12,1,0,アジ,アジ,メイン,アジ,NULL,,,,0,,,,,NULL,神奈川県 横浜市 柴漁港,NULL,NULL,1,NULL,NULL,25.9,25.9,NULL,北北東,5.0m/s,大潮,北北東 0.2m/s,雨のち曇り,,NULL,NULL,今日は、グループ様のみの出船で、 航路内は、潮が早いので、特大は出ませんが、 湊前で良型多く、クーラー重たくなりました。 明日も出船決定してますが、まだまだ余裕ありなので アジハンターお待ちしております。,25.9℃,NULL,chowari/はやぶさ丸
はやぶさ丸,柴漁港,2026/09/13,1,0,アジ,アジ,メイン,アジ,NULL,10.0,46.0,28.0,0,20.0,43.0,,,NULL,神奈川県 横浜市 柴漁港,NULL,NULL,1,NULL,NULL,25.4,25.4,NULL,北,4.3m/s,中潮,北北東 0.2m/s,曇りのち時々晴れ,,NULL,NULL,今日は、近場でどうにか見れてましたが、 前日より、やや小ぶり多く、沖の潮がたるんだ、 との事で、帰りまで特大アジ混じりで、 お土産取れました。 竿頭、横浜市南区、伊棟様。,25.4℃,NULL,chowari/はやぶさ丸
はやぶさ丸,柴漁港,2026/09/14,1,0,アジ,アジ,メイン,アジ,NULL,12.0,61.0,36.5,0,20.0,47.0,,,NULL,神奈川県 横浜市 柴漁港,NULL,NULL,1,NULL,NULL,25.8,25.8,NULL,南南西,6.0m/s,中潮,南 0.2m/s,晴れ後時々曇り,,NULL,NULL,今日は、前半特大アジも出ましたが、 混じった程度で、長く続かず、 後半は中アジポツポツ食い、 お土産取れました。 やはりマメな棚取りと、コマセワークで、 数に差が出るので、キーパーに、置いての待ち方は、 オススメしません。 竿頭、新宿区、田内様,25.8℃,NULL,chowari/はやぶさ丸
ひらい丸,品川区品川堀,2026/09/03,1,0,アジ,アジ,メイン,アジ,NULL,,,,0,18.0,28.0,,,NULL,東京都 品川区 品川堀,NULL,NULL,1,NULL,NULL,28.6,28.6,NULL,南南西,4.1m/s,小潮,南 0.2m/s,曇りのち一時雨,,NULL,NULL,BBQ仕立船です。アジのBBQ船で出船しました！ 朝からスカの連続でアレレ…。 南下したポイントで地味～にカタは見れててサイズも良かったのでここは我慢。 反応も出たり入ったりと落ち着かずどうしようかとウロウロしていたところ大先輩より神のひと声が！ 合流させてもらうとブッコミから数人巻いてくれダブルだったりと短時間ながらお土産になりました,28.6℃,NULL,chowari/ひらい丸
ひらい丸,品川区品川堀,2026/09/05,1,0,タチウオ,タチウオ,メイン,タチウオ,NULL,8.0,20.0,14.0,0,65.0,105.0,,,NULL,東京都 品川区 品川堀,NULL,NULL,1,NULL,NULL,28.5,28.5,NULL,北東,2.3m/s,小潮,南 0.2m/s,曇り,,NULL,NULL,タチウオ仕立船です。天ビンの釣果！ タチウオ。 70-115cm3-17本。 テンヤの釣果！朝から反応バラバラでアタリっぷりもイマイチ…。 アタリだけは出せてたのですが掛かり悪くバラしも多かったですね。 あれこれやりながら上手いこと攻略できた方はポツポツヒット。 時間の経過とともに反応もまとまり始めてアタリっぷりも上々。 今日は小型が少なくメーター絡みも多くガサありましたね！ テンヤ、天秤ともに満遍なくアタリも出せてお土産になりました。,28.5℃,NULL,chowari/ひらい丸
ひらい丸,品川区品川堀,2026/09/05,2,0,マダコ,マダコ,メイン,マダコ,NULL,2.0,8.0,5.0,0,,,0.3,0.5,NULL,東京都 品川区 品川堀,NULL,NULL,1,NULL,NULL,28.5,28.5,NULL,北東,2.3m/s,小潮,南 0.2m/s,曇り,,NULL,NULL,マダコ乗合船です。マダコ乗合船で出船！ 朝から4カ所空振りしていまい…泣。 5カ所目でバラシもありながら数杯見れて一安心！ その後は転々と拾い釣りでしたが、連発する流しもあり皆様お土産確保できました！ 明日のマダコ船は、出船中止となったので本日が今シーズンのマダコ船最終日となりました！ 今シーズンも多くのマダコファンのお客様にご乗船いただき、ありがとうございました！,28.5℃,NULL,chowari/ひらい丸
ひらい丸,品川区品川堀,2026/09/12,1,0,タチウオ,タチウオ,メイン,タチウオ,NULL,,,,0,65.0,95.0,,,NULL,東京都 品川区 品川堀,NULL,NULL,1,NULL,NULL,27.5,27.5,NULL,北北東,4.1m/s,大潮,北 0.2m/s,曇り,,NULL,NULL,タチウオ仕立船です。タチウオ仕立船で出船！ 皆様貸し竿での利用のお客様でしたが、バラシも多数ありながらポツリポツリGETでき、お土産確保できました！ お客様の希望で12時30に早上がりしました！ ご乗船のお客様ありがとうございました！,27.5℃,NULL,chowari/ひらい丸
ひらい丸,品川区品川堀,2026/09/12,2,0,タチウオ,タチウオ,メイン,タチウオ,NULL,1.0,19.0,10.0,0,65.0,105.0,,,NULL,東京都 品川区 品川堀,NULL,NULL,1,NULL,NULL,27.5,27.5,NULL,北北東,4.1m/s,"大潮・潮が速,下げ潮,潮変わり",北 0.2m/s,曇り,,NULL,NULL,タチウオ乗合船です。天ビンの釣果！ルアーのお客様1名様21本！ タチウオ。 70-110cm1-8本。タチウオ船は走水から～ 下げ潮が速くやりにくそうでしたが開始早々巨大反応に遭遇でき勢いはないもののポツリポツリとヒット。 海中に汚れが出てくるとそれを嫌ってか難易度アップ…。 潮変わりからは西側へと移動し、派手なアタリ方はないものの朝よりかは魚もイージーになってくれたようでアタリを出せた方は針掛りまで上手く持ってけるような感じで今日の中では打率も良くアタってくれましたね。,27.5℃,NULL,chowari/ひらい丸
ひらい丸,品川区品川堀,2026/09/13,1,0,イワシ,NULL,サブ,イワシ,NULL,,,,0,,,,,NULL,東京都 品川区 品川堀,NULL,NULL,1,NULL,NULL,26.7,26.7,NULL,北,3.6m/s,中潮,北 0.2m/s,曇りのち時々晴れ,NULL,NULL,NULL,LTアジ仕立船です。LTアジ仕立てにて出船！ 朝から南下しようと思いましたが1ヶ所近場へ寄り道して、反応もあったので開始！バタバタ食う感じじゃないですが、釣れれば25センチから30センチクラス揃い！たまにダブルもありました。 良型をお土産ゲットし、その後は南下！先にやっていた僚船に声かけていただき合流しました！開始すぐからバタバタ食い出して、サイズ大中小混じりでしたがダブル、数人同時巻きも多数あり沖上がりまで楽しめました！,26.7℃,NULL,chowari/ひらい丸
ひらい丸,品川区品川堀,2026/09/13,1,0,カサゴ,カサゴ,サブ,カサゴ,NULL,,,,0,,,,,NULL,東京都 品川区 品川堀,NULL,NULL,1,NULL,NULL,26.7,26.7,NULL,北,3.6m/s,中潮,北 0.2m/s,曇りのち時々晴れ,NULL,NULL,NULL,ショートLTアジ乗合船です。ショートLTアジ乗合船で出船！ 朝から良型主体で順調に当たり、コマセがきいてくると、ダブル、トリプルも多数あり好調！ やってるうちに段々と当たりが遠くなり移動！ 次のポイントでも型は見れるのですが、派手な当たりなくまた移動！2カ所空振りしてしまい後半は先輩船長に呼んでいただき、沖上がりの時間まで順調にGETできました！ ご乗船のお客様ありがとうございました！,26.7℃,NULL,chowari/ひらい丸
ひらい丸,品川区品川堀,2026/09/13,1,0,サバ,サバ,サブ,サバ,NULL,,,,0,,,,,NULL,東京都 品川区 品川堀,NULL,NULL,1,NULL,NULL,26.7,26.7,NULL,北,3.6m/s,中潮,北 0.2m/s,曇りのち時々晴れ,NULL,NULL,NULL,ショートLTアジ乗合船です。ショートLTアジ乗合船で出船！ 朝から良型主体で順調に当たり、コマセがきいてくると、ダブル、トリプルも多数あり好調！ やってるうちに段々と当たりが遠くなり移動！ 次のポイントでも型は見れるのですが、派手な当たりなくまた移動！2カ所空振りしてしまい後半は先輩船長に呼んでいただき、沖上がりの時間まで順調にGETできました！ ご乗船のお客様ありがとうございました！,26.7℃,NULL,chowari/ひらい丸
ひらい丸,品川区品川堀,2026/09/13,1,0,マアジ,アジ,メイン,マアジ,NULL,31.0,94.0,62.5,0,18.0,28.0,,,NULL,東京都 品川区 品川堀,NULL,NULL,1,NULL,NULL,26.7,26.7,NULL,北,3.6m/s,中潮,北 0.2m/s,曇りのち時々晴れ,カサゴ・サバ,NULL,NULL,ショートLTアジ乗合船です。ショートLTアジ乗合船で出船！ 朝から良型主体で順調に当たり、コマセがきいてくると、ダブル、トリプルも多数あり好調！ やってるうちに段々と当たりが遠くなり移動！ 次のポイントでも型は見れるのですが、派手な当たりなくまた移動！2カ所空振りしてしまい後半は先輩船長に呼んでいただき、沖上がりの時間まで順調にGETできました！ ご乗船のお客様ありがとうございました！,26.7℃,NULL,chowari/ひらい丸
ひらい丸,品川区品川堀,2026/09/13,2,0,カサゴ,カサゴ,サブ,カサゴ,NULL,,,,0,,,,,NULL,東京都 品川区 品川堀,NULL,NULL,1,NULL,NULL,26.7,26.7,NULL,北,3.6m/s,中潮,北 0.2m/s,曇りのち時々晴れ,NULL,NULL,NULL,ショートLTアジ乗合船です。ショートLTアジ乗合船で出船！ 朝から良型主体で順調に当たり、コマセがきいてくると、ダブル、トリプルも多数あり好調！ やってるうちに段々と当たりが遠くなり移動！ 次のポイントでも型は見れるのですが、派手な当たりなくまた移動！2カ所空振りしてしまい後半は先輩船長に呼んでいただき、沖上がりの時間まで順調にGETできました！ ご乗船のお客様ありがとうございました！,26.7℃,NULL,chowari/ひらい丸
ひらい丸,品川区品川堀,2026/09/13,2,0,サバ,サバ,サブ,サバ,NULL,,,,0,,,,,NULL,東京都 品川区 品川堀,NULL,NULL,1,NULL,NULL,26.7,26.7,NULL,北,3.6m/s,中潮,北 0.2m/s,曇りのち時々晴れ,NULL,NULL,NULL,ショートLTアジ乗合船です。ショートLTアジ乗合船で出船！ 朝から良型主体で順調に当たり、コマセがきいてくると、ダブル、トリプルも多数あり好調！ やってるうちに段々と当たりが遠くなり移動！ 次のポイントでも型は見れるのですが、派手な当たりなくまた移動！2カ所空振りしてしまい後半は先輩船長に呼んでいただき、沖上がりの時間まで順調にGETできました！ ご乗船のお客様ありがとうございました！,26.7℃,NULL,chowari/ひらい丸
ひらい丸,品川区品川堀,2026/09/13,2,0,タチウオ,タチウオ,メイン,タチウオ,NULL,2.0,25.0,13.5,0,65.0,105.0,,,NULL,東京都 品川区 品川堀,NULL,NULL,1,NULL,NULL,26.7,26.7,NULL,北,3.6m/s,中潮・下げ潮,北 0.2m/s,曇りのち時々晴れ,,NULL,NULL,タチウオ乗合船です。天ビンの釣果！ タチウオ。 70-110cm6-7本。 テンヤの釣果！相も変わらず朝から下げ潮激流…。 ですが何の具合か今日はタチウオさん素直にアタリを出せて打率次第で数も伸びそうな感じがしましたね。 中盤戦でアタリも一服しましたが終盤戦、潮が淀んだタイミングで西側へと向かいこちらでも昨日よりエサの取られ方と針掛り率も良くサイズももう少しでメーターサイズ主体に沖上がりがもったいないぐらいアタってくれましたが残念ながらタイムアップとなってしまいました。反応にも困ることなかったので明日も期待大ですね。,26.7℃,NULL,chowari/ひらい丸
ひらい丸,品川区品川堀,2026/09/13,2,0,マアジ,アジ,メイン,マアジ,NULL,31.0,94.0,62.5,0,18.0,28.0,,,NULL,東京都 品川区 品川堀,NULL,NULL,1,NULL,NULL,26.7,26.7,NULL,北,3.6m/s,中潮,北 0.2m/s,曇りのち時々晴れ,カサゴ・サバ,NULL,NULL,ショートLTアジ乗合船です。ショートLTアジ乗合船で出船！ 朝から良型主体で順調に当たり、コマセがきいてくると、ダブル、トリプルも多数あり好調！ やってるうちに段々と当たりが遠くなり移動！ 次のポイントでも型は見れるのですが、派手な当たりなくまた移動！2カ所空振りしてしまい後半は先輩船長に呼んでいただき、沖上がりの時間まで順調にGETできました！ ご乗船のお客様ありがとうございました！,26.7℃,NULL,chowari/ひらい丸
ひらい丸,品川区品川堀,2026/09/13,3,0,タチウオ,タチウオ,メイン,タチウオ,NULL,2.0,25.0,13.5,0,65.0,105.0,,,NULL,東京都 品川区 品川堀,NULL,NULL,1,NULL,NULL,26.7,26.7,NULL,北,3.6m/s,中潮・下げ潮,北 0.2m/s,曇りのち時々晴れ,,NULL,NULL,タチウオ乗合船です。天ビンの釣果！ タチウオ。 70-110cm6-7本。 テンヤの釣果！相も変わらず朝から下げ潮激流…。 ですが何の具合か今日はタチウオさん素直にアタリを出せて打率次第で数も伸びそうな感じがしましたね。 中盤戦でアタリも一服しましたが終盤戦、潮が淀んだタイミングで西側へと向かいこちらでも昨日よりエサの取られ方と針掛り率も良くサイズももう少しでメーターサイズ主体に沖上がりがもったいないぐらいアタってくれましたが残念ながらタイムアップとなってしまいました。反応にも困ることなかったので明日も期待大ですね。,26.7℃,NULL,chowari/ひらい丸
ひらい丸,品川区品川堀,2026/09/14,1,0,タチウオ,タチウオ,メイン,タチウオ,NULL,4.0,23.0,13.5,0,65.0,105.0,,,NULL,東京都 品川区 品川堀,NULL,NULL,1,NULL,NULL,26.2,26.2,NULL,南南西,8.5m/s,中潮,南 0.5m/s,晴れ後時々曇り,,NULL,NULL,タチウオ乗合船です。天ビンの釣果！ タチウオ。 70-118cm4-19本。 テンヤの釣果！ここ数日のメインポイントは反応イマイチのようで昨日の帰り際やった西側のポイントから！ 入れっぱなは潮速かったのですが開始からポツリポツリとヒット。 あまりにもやりにくくなってしまったので流しかえ流しかえでコツコツ貯めていきました。 速い潮が取れてくると反応に乗ってられる時間が多くなり天秤、テンヤ、ルアーともに手の合う方は打率もよくバシバシ掛けていきましたよ～。 沖上がりまでアタリは続いてくれ平均的にお土産になりました。 ルアーの釣果！ 10〜34本！,26.2℃,NULL,chowari/ひらい丸
ひらい丸,品川区品川堀,2026/09/16,1,0,マアジ,アジ,メイン,マアジ,NULL,90.0,221.0,155.5,0,18.0,30.0,,,NULL,東京都 品川区 品川堀,NULL,NULL,1,NULL,NULL,26.2,26.2,NULL,北東,4.2m/s,中潮,南 0.2m/s,雨,,NULL,NULL,ショートLTアジ乗合船です。朝から雨陽気で雰囲気はムンムン！ 1ヵ所目からガッツリした反応確認できブッコミからアジさんとご対面～。 コマセが効いてくると反応がどんどん上ずってきて上からタナ取れる方は食いダナが浅い分グングン数も伸びていきました。 やりこんでいくうちに間も長くなってしまったところで小移動。 お次はストラクチャー周りで再スタート！ 反応探しながらウロウロして広範囲に反応確認できこちらでもブッコミからバラバラっと釣れてくれましたね。 こちらでは下からの反応でしたが高みもあっていかにもヤル気がありそうな感じ。 雨陽気に助けられ大きな移動もなく一日遊べました。 サイズも20cmオーバー主体に25c,26.2℃,NULL,chowari/ひらい丸
ひらい丸,品川区品川堀,2026/09/17,1,0,マアジ,アジ,メイン,マアジ,NULL,17.0,91.0,54.0,0,18.0,30.0,,,NULL,東京都 品川区 品川堀,NULL,NULL,1,NULL,NULL,25.6,25.6,NULL,北北東,6.1m/s,小潮,北北東 0.4m/s,曇り,,NULL,NULL,ショートLTアジ乗合船です。良型主体。朝から風がそよそよしてましたがアジの食いは活発。 慣れてない方も多かったのですがコツを掴むと連チャンしたりダブルで釣れたりといい感じの釣れ具合。 波がやや高く釣りづらかったのですがサイズも良くアタリっぷりも良くお土産バッチリでしたね。,25.6℃,NULL,chowari/ひらい丸
ひらい丸,品川区品川堀,2026/09/17,2,0,アジ,アジ,メイン,アジ,NULL,,,,0,18.0,30.0,,,NULL,東京都 品川区 品川堀,NULL,NULL,1,NULL,NULL,25.6,25.6,NULL,北北東,6.1m/s,小潮,北北東 0.4m/s,曇り,,NULL,NULL,BBQ仕立船です。,25.6℃,NULL,chowari/ひらい丸
ひろの丸,波崎港,2026/09/02,1,0,アカムツ,アカムツ,メイン,アカムツ,NULL,3.0,8.0,5.5,0,23.0,36.0,,,NULL,茨城県 神栖市 波崎港,NULL,NULL,1,NULL,NULL,25.2,25.2,NULL,南南東,2.8m/s,中潮,東 1.2m/s,曇り時々晴れ,アジ・アラ・オキカサゴ・カンコ・ホウボウ・ムシガレイ,NULL,NULL,アカムツ釣り。終日ポツポツの食いで規定数３名と好調でした。,25.2℃,NULL,chowari/ひろの丸
ひろの丸,波崎港,2026/09/02,1,0,アジ,アジ,サブ,アジ,NULL,,,,0,,,,,NULL,茨城県 神栖市 波崎港,NULL,NULL,1,NULL,NULL,25.2,25.2,NULL,南南東,2.8m/s,中潮,東 1.2m/s,曇り時々晴れ,NULL,NULL,NULL,アカムツ釣り。終日ポツポツの食いで規定数３名と好調でした。,25.2℃,NULL,chowari/ひろの丸
ひろの丸,波崎港,2026/09/02,1,0,アラ,アラ,サブ,アラ,NULL,,,,0,,,,,NULL,茨城県 神栖市 波崎港,NULL,NULL,1,NULL,NULL,25.2,25.2,NULL,南南東,2.8m/s,中潮,東 1.2m/s,曇り時々晴れ,NULL,NULL,NULL,アカムツ釣り。終日ポツポツの食いで規定数３名と好調でした。,25.2℃,NULL,chowari/ひろの丸
ひろの丸,波崎港,2026/09/02,1,0,オキカサゴ,カサゴ,サブ,オキカサゴ,NULL,,,,0,,,,,NULL,茨城県 神栖市 波崎港,NULL,NULL,1,NULL,NULL,25.2,25.2,NULL,南南東,2.8m/s,中潮,東 1.2m/s,曇り時々晴れ,NULL,NULL,NULL,アカムツ釣り。終日ポツポツの食いで規定数３名と好調でした。,25.2℃,NULL,chowari/ひろの丸
ひろの丸,波崎港,2026/09/02,1,0,カンコ,カンコ,サブ,カンコ,NULL,,,,0,,,,,NULL,茨城県 神栖市 波崎港,NULL,NULL,1,NULL,NULL,25.2,25.2,NULL,南南東,2.8m/s,中潮,東 1.2m/s,曇り時々晴れ,NULL,NULL,NULL,アカムツ釣り。終日ポツポツの食いで規定数３名と好調でした。,25.2℃,NULL,chowari/ひろの丸
ひろの丸,波崎港,2026/09/02,1,0,ホウボウ,ホウボウ,サブ,ホウボウ,NULL,,,,0,,,,,NULL,茨城県 神栖市 波崎港,NULL,NULL,1,NULL,NULL,25.2,25.2,NULL,南南東,2.8m/s,中潮,東 1.2m/s,曇り時々晴れ,NULL,NULL,NULL,アカムツ釣り。終日ポツポツの食いで規定数３名と好調でした。,25.2℃,NULL,chowari/ひろの丸
ひろの丸,波崎港,2026/09/02,1,0,ムシガレイ,カレイ,サブ,ムシガレイ,NULL,,,,0,,,,,NULL,茨城県 神栖市 波崎港,NULL,NULL,1,NULL,NULL,25.2,25.2,NULL,南南東,2.8m/s,中潮,東 1.2m/s,曇り時々晴れ,NULL,NULL,NULL,アカムツ釣り。終日ポツポツの食いで規定数３名と好調でした。,25.2℃,NULL,chowari/ひろの丸
ひろの丸,波崎港,2026/09/12,1,0,アカムツ,アカムツ,メイン,アカムツ,NULL,0.0,8.0,4.0,0,23.0,36.0,,,NULL,茨城県 神栖市 波崎港,NULL,NULL,1,NULL,NULL,24.5,24.5,NULL,北東,6.8m/s,大潮,東北東 1.2m/s,曇り一時雨,アジ・オキカサゴ・カンコ・ホウボウ・ムシガレイ,NULL,NULL,終日ポツポツの食いで型見ずの方も何回もバラシ有りで規定数３名と好調でした。,24.5℃,NULL,chowari/ひろの丸
ひろの丸,波崎港,2026/09/12,1,0,アジ,アジ,サブ,アジ,NULL,,,,0,,,,,NULL,茨城県 神栖市 波崎港,NULL,NULL,1,NULL,NULL,24.5,24.5,NULL,北東,6.8m/s,大潮,東北東 1.2m/s,曇り一時雨,NULL,NULL,NULL,終日ポツポツの食いで型見ずの方も何回もバラシ有りで規定数３名と好調でした。,24.5℃,NULL,chowari/ひろの丸
ひろの丸,波崎港,2026/09/12,1,0,オキカサゴ,カサゴ,サブ,オキカサゴ,NULL,,,,0,,,,,NULL,茨城県 神栖市 波崎港,NULL,NULL,1,NULL,NULL,24.5,24.5,NULL,北東,6.8m/s,大潮,東北東 1.2m/s,曇り一時雨,NULL,NULL,NULL,終日ポツポツの食いで型見ずの方も何回もバラシ有りで規定数３名と好調でした。,24.5℃,NULL,chowari/ひろの丸
ひろの丸,波崎港,2026/09/12,1,0,カンコ,カンコ,サブ,カンコ,NULL,,,,0,,,,,NULL,茨城県 神栖市 波崎港,NULL,NULL,1,NULL,NULL,24.5,24.5,NULL,北東,6.8m/s,大潮,東北東 1.2m/s,曇り一時雨,NULL,NULL,NULL,終日ポツポツの食いで型見ずの方も何回もバラシ有りで規定数３名と好調でした。,24.5℃,NULL,chowari/ひろの丸
ひろの丸,波崎港,2026/09/12,1,0,ホウボウ,ホウボウ,サブ,ホウボウ,NULL,,,,0,,,,,NULL,茨城県 神栖市 波崎港,NULL,NULL,1,NULL,NULL,24.5,24.5,NULL,北東,6.8m/s,大潮,東北東 1.2m/s,曇り一時雨,NULL,NULL,NULL,終日ポツポツの食いで型見ずの方も何回もバラシ有りで規定数３名と好調でした。,24.5℃,NULL,chowari/ひろの丸
ひろの丸,波崎港,2026/09/12,1,0,ムシガレイ,カレイ,サブ,ムシガレイ,NULL,,,,0,,,,,NULL,茨城県 神栖市 波崎港,NULL,NULL,1,NULL,NULL,24.5,24.5,NULL,北東,6.8m/s,大潮,東北東 1.2m/s,曇り一時雨,NULL,NULL,NULL,終日ポツポツの食いで型見ずの方も何回もバラシ有りで規定数３名と好調でした。,24.5℃,NULL,chowari/ひろの丸
ひろの丸,波崎港,2026/09/13,1,0,アカムツ,アカムツ,メイン,アカムツ,NULL,2.0,8.0,5.0,0,23.0,36.0,,,NULL,茨城県 神栖市 波崎港,NULL,NULL,1,NULL,NULL,24.2,24.2,NULL,北北東,6.2m/s,中潮,東 1.3m/s,曇りのち時々晴れ,アジ・アマダイ・アラ・オキカサゴ・ホウボウ,NULL,NULL,終日ポツポツの食いで時頭６尾二名５尾が二名と全員型を見る事ができました。,24.2℃,NULL,chowari/ひろの丸
ひろの丸,波崎港,2026/09/13,1,0,アジ,アジ,サブ,アジ,NULL,,,,0,,,,,NULL,茨城県 神栖市 波崎港,NULL,NULL,1,NULL,NULL,24.2,24.2,NULL,北北東,6.2m/s,中潮,東 1.3m/s,曇りのち時々晴れ,NULL,NULL,NULL,終日ポツポツの食いで時頭６尾二名５尾が二名と全員型を見る事ができました。,24.2℃,NULL,chowari/ひろの丸
ひろの丸,波崎港,2026/09/13,1,0,アマダイ,アマダイ,サブ,アマダイ,NULL,,,,0,,,,,NULL,茨城県 神栖市 波崎港,NULL,NULL,1,NULL,NULL,24.2,24.2,NULL,北北東,6.2m/s,中潮,東 1.3m/s,曇りのち時々晴れ,NULL,NULL,NULL,終日ポツポツの食いで時頭６尾二名５尾が二名と全員型を見る事ができました。,24.2℃,NULL,chowari/ひろの丸
ひろの丸,波崎港,2026/09/13,1,0,アラ,アラ,サブ,アラ,NULL,,,,0,,,,,NULL,茨城県 神栖市 波崎港,NULL,NULL,1,NULL,NULL,24.2,24.2,NULL,北北東,6.2m/s,中潮,東 1.3m/s,曇りのち時々晴れ,NULL,NULL,NULL,終日ポツポツの食いで時頭６尾二名５尾が二名と全員型を見る事ができました。,24.2℃,NULL,chowari/ひろの丸
ひろの丸,波崎港,2026/09/13,1,0,オキカサゴ,カサゴ,サブ,オキカサゴ,NULL,,,,0,,,,,NULL,茨城県 神栖市 波崎港,NULL,NULL,1,NULL,NULL,24.2,24.2,NULL,北北東,6.2m/s,中潮,東 1.3m/s,曇りのち時々晴れ,NULL,NULL,NULL,終日ポツポツの食いで時頭６尾二名５尾が二名と全員型を見る事ができました。,24.2℃,NULL,chowari/ひろの丸
ひろの丸,波崎港,2026/09/13,1,0,ホウボウ,ホウボウ,サブ,ホウボウ,NULL,,,,0,,,,,NULL,茨城県 神栖市 波崎港,NULL,NULL,1,NULL,NULL,24.2,24.2,NULL,北北東,6.2m/s,中潮,東 1.3m/s,曇りのち時々晴れ,NULL,NULL,NULL,終日ポツポツの食いで時頭６尾二名５尾が二名と全員型を見る事ができました。,24.2℃,NULL,chowari/ひろの丸
ひろの丸,波崎港,2026/09/15,1,0,アカムツ,アカムツ,メイン,アカムツ,NULL,1.0,8.0,4.5,0,23.0,40.0,,,NULL,茨城県 神栖市 波崎港,NULL,NULL,1,NULL,NULL,24.0,24.0,NULL,南西,5.3m/s,中潮,東 1.0m/s,雨時々止む,アジ・アラ・オキカサゴ・オニカサゴ・カンコ・ムシガレイ,NULL,NULL,終日ポツポツの食いで規定数２名で時頭７尾６尾２名と今日も全員型を見る事ができました。,24.0℃,NULL,chowari/ひろの丸
ひろの丸,波崎港,2026/09/15,1,0,アジ,アジ,サブ,アジ,NULL,,,,0,,,,,NULL,茨城県 神栖市 波崎港,NULL,NULL,1,NULL,NULL,24.0,24.0,NULL,南西,5.3m/s,中潮,東 1.0m/s,雨時々止む,NULL,NULL,NULL,終日ポツポツの食いで規定数２名で時頭７尾６尾２名と今日も全員型を見る事ができました。,24.0℃,NULL,chowari/ひろの丸
ひろの丸,波崎港,2026/09/15,1,0,アラ,アラ,サブ,アラ,NULL,,,,0,,,,,NULL,茨城県 神栖市 波崎港,NULL,NULL,1,NULL,NULL,24.0,24.0,NULL,南西,5.3m/s,中潮,東 1.0m/s,雨時々止む,NULL,NULL,NULL,終日ポツポツの食いで規定数２名で時頭７尾６尾２名と今日も全員型を見る事ができました。,24.0℃,NULL,chowari/ひろの丸
ひろの丸,波崎港,2026/09/15,1,0,オキカサゴ,カサゴ,サブ,オキカサゴ,NULL,,,,0,,,,,NULL,茨城県 神栖市 波崎港,NULL,NULL,1,NULL,NULL,24.0,24.0,NULL,南西,5.3m/s,中潮,東 1.0m/s,雨時々止む,NULL,NULL,NULL,終日ポツポツの食いで規定数２名で時頭７尾６尾２名と今日も全員型を見る事ができました。,24.0℃,NULL,chowari/ひろの丸
ひろの丸,波崎港,2026/09/15,1,0,オニカサゴ,オニカサゴ,サブ,オニカサゴ,NULL,,,,0,,,,,NULL,茨城県 神栖市 波崎港,NULL,NULL,1,NULL,NULL,24.0,24.0,NULL,南西,5.3m/s,中潮,東 1.0m/s,雨時々止む,NULL,NULL,NULL,終日ポツポツの食いで規定数２名で時頭７尾６尾２名と今日も全員型を見る事ができました。,24.0℃,NULL,chowari/ひろの丸
ひろの丸,波崎港,2026/09/15,1,0,カンコ,カンコ,サブ,カンコ,NULL,,,,0,,,,,NULL,茨城県 神栖市 波崎港,NULL,NULL,1,NULL,NULL,24.0,24.0,NULL,南西,5.3m/s,中潮,東 1.0m/s,雨時々止む,NULL,NULL,NULL,終日ポツポツの食いで規定数２名で時頭７尾６尾２名と今日も全員型を見る事ができました。,24.0℃,NULL,chowari/ひろの丸
ひろの丸,波崎港,2026/09/15,1,0,ムシガレイ,カレイ,サブ,ムシガレイ,NULL,,,,0,,,,,NULL,茨城県 神栖市 波崎港,NULL,NULL,1,NULL,NULL,24.0,24.0,NULL,南西,5.3m/s,中潮,東 1.0m/s,雨時々止む,NULL,NULL,NULL,終日ポツポツの食いで規定数２名で時頭７尾６尾２名と今日も全員型を見る事ができました。,24.0℃,NULL,chowari/ひろの丸
ふじしめ丸,久慈,2026/09/05,1,0,ハマチ,ワラサ,メイン,ハマチ,NULL,,,,0,,,,,NULL,茨城県 日立市 久慈漁港,NULL,NULL,1,NULL,NULL,24.9,24.9,NULL,東北東,3.8m/s,小潮,東 1.1m/s,曇り,マダイ,NULL,NULL,今日は風が少し強かったのでよく流れてくれたせいか色々釣れました♪ 青物最大6.8kgでした。,24.9℃,NULL,chowari/ふじしめ丸
ふじしめ丸,久慈,2026/09/05,1,0,マダイ,マダイ,サブ,マダイ,NULL,,,,0,,,,,NULL,茨城県 日立市 久慈漁港,NULL,NULL,1,NULL,NULL,24.9,24.9,NULL,東北東,3.8m/s,小潮,東 1.1m/s,曇り,NULL,NULL,NULL,今日は風が少し強かったのでよく流れてくれたせいか色々釣れました♪ 青物最大6.8kgでした。,24.9℃,NULL,chowari/ふじしめ丸
ふじなみ丸,西伊豆町安良里港,2026/09/10,1,0,シイラ,シイラ,メイン,シイラ,NULL,,,,0,,,,,NULL,静岡県 賀茂郡西伊豆町 安良里港,NULL,NULL,1,NULL,NULL,26.5,26.5,NULL,東,3.5m/s,大潮,南南西 0.8m/s,雨,,NULL,NULL,シイラキャスティングに出船。雨やら風やらで久しぶりの出船。今日は良い群れに当たって食い良かったです。まだまだデカイのも見えてます。チャレンジお待ちしてます。,26.5℃,NULL,chowari/ふじなみ丸
ふじなみ丸,西伊豆町安良里港,2026/09/12,1,0,シイラ,シイラ,メイン,シイラ,NULL,,,,0,,,,,NULL,静岡県 賀茂郡西伊豆町 安良里港,NULL,NULL,1,NULL,NULL,25.9,25.9,NULL,東,2.1m/s,大潮,南南西 0.6m/s,曇り,,NULL,NULL,シイラキャスティングに出船。今日は良い群れもありましたが小型が多かったです。メーターオーバーはバラシでゲットならずでした。,25.9℃,NULL,chowari/ふじなみ丸
ふじなみ丸,西伊豆町安良里港,2026/09/13,1,0,アカハタ,ハタ,サブ,アカハタ,NULL,,,,0,,,,,NULL,静岡県 賀茂郡西伊豆町 安良里港,NULL,NULL,1,NULL,NULL,25.6,25.6,NULL,東,1.1m/s,中潮,南南西 0.2m/s,雨のち曇り,NULL,NULL,NULL,ジギングに出船。今日は潮わるかったですが魚の食いは良くホウキハタ、アカハタ、カンコ、アヤメカサゴ、オオモンハタ、イナダ、イサキ、ヒラソウダなどがヒットしました。,25.6℃,NULL,chowari/ふじなみ丸
ふじなみ丸,西伊豆町安良里港,2026/09/13,1,0,アヤメカサゴ,カサゴ,サブ,アヤメカサゴ,NULL,,,,0,,,,,NULL,静岡県 賀茂郡西伊豆町 安良里港,NULL,NULL,1,NULL,NULL,25.6,25.6,NULL,東,1.1m/s,中潮,南南西 0.2m/s,雨のち曇り,NULL,NULL,NULL,ジギングに出船。今日は潮わるかったですが魚の食いは良くホウキハタ、アカハタ、カンコ、アヤメカサゴ、オオモンハタ、イナダ、イサキ、ヒラソウダなどがヒットしました。,25.6℃,NULL,chowari/ふじなみ丸
ふじなみ丸,西伊豆町安良里港,2026/09/13,1,0,イサキ,イサキ,サブ,イサキ,NULL,,,,0,,,,,NULL,静岡県 賀茂郡西伊豆町 安良里港,NULL,NULL,1,NULL,NULL,25.6,25.6,NULL,東,1.1m/s,中潮,南南西 0.2m/s,雨のち曇り,NULL,NULL,NULL,ジギングに出船。今日は潮わるかったですが魚の食いは良くホウキハタ、アカハタ、カンコ、アヤメカサゴ、オオモンハタ、イナダ、イサキ、ヒラソウダなどがヒットしました。,25.6℃,NULL,chowari/ふじなみ丸
ふじなみ丸,西伊豆町安良里港,2026/09/13,1,0,イナダ,イナダ,サブ,イナダ,NULL,,,,0,,,,,NULL,静岡県 賀茂郡西伊豆町 安良里港,NULL,NULL,1,NULL,NULL,25.6,25.6,NULL,東,1.1m/s,中潮,南南西 0.2m/s,雨のち曇り,NULL,NULL,NULL,ジギングに出船。今日は潮わるかったですが魚の食いは良くホウキハタ、アカハタ、カンコ、アヤメカサゴ、オオモンハタ、イナダ、イサキ、ヒラソウダなどがヒットしました。,25.6℃,NULL,chowari/ふじなみ丸
ふじなみ丸,西伊豆町安良里港,2026/09/13,1,0,オオモンハタ,ハタ,サブ,オオモンハタ,NULL,,,,0,,,,,NULL,静岡県 賀茂郡西伊豆町 安良里港,NULL,NULL,1,NULL,NULL,25.6,25.6,NULL,東,1.1m/s,中潮,南南西 0.2m/s,雨のち曇り,NULL,NULL,NULL,ジギングに出船。今日は潮わるかったですが魚の食いは良くホウキハタ、アカハタ、カンコ、アヤメカサゴ、オオモンハタ、イナダ、イサキ、ヒラソウダなどがヒットしました。,25.6℃,NULL,chowari/ふじなみ丸
ふじなみ丸,西伊豆町安良里港,2026/09/13,1,0,カンコ,カンコ,サブ,カンコ,NULL,,,,0,,,,,NULL,静岡県 賀茂郡西伊豆町 安良里港,NULL,NULL,1,NULL,NULL,25.6,25.6,NULL,東,1.1m/s,中潮,南南西 0.2m/s,雨のち曇り,NULL,NULL,NULL,ジギングに出船。今日は潮わるかったですが魚の食いは良くホウキハタ、アカハタ、カンコ、アヤメカサゴ、オオモンハタ、イナダ、イサキ、ヒラソウダなどがヒットしました。,25.6℃,NULL,chowari/ふじなみ丸
ふじなみ丸,西伊豆町安良里港,2026/09/13,1,0,ヒラソウダ,NULL,サブ,ヒラソウダ,NULL,,,,0,,,,,NULL,静岡県 賀茂郡西伊豆町 安良里港,NULL,NULL,1,NULL,NULL,25.6,25.6,NULL,東,1.1m/s,中潮,南南西 0.2m/s,雨のち曇り,NULL,NULL,NULL,ジギングに出船。今日は潮わるかったですが魚の食いは良くホウキハタ、アカハタ、カンコ、アヤメカサゴ、オオモンハタ、イナダ、イサキ、ヒラソウダなどがヒットしました。,25.6℃,NULL,chowari/ふじなみ丸
ふじなみ丸,西伊豆町安良里港,2026/09/13,1,0,ホウキハタ,ハタ,メイン,ホウキハタ,NULL,,,,0,,,,,NULL,静岡県 賀茂郡西伊豆町 安良里港,NULL,NULL,1,NULL,NULL,25.6,25.6,NULL,東,1.1m/s,中潮,南南西 0.2m/s,雨のち曇り,アカハタ・アヤメカサゴ・イサキ・イナダ・オオモンハタ・カンコ・ヒラソウダ,NULL,NULL,ジギングに出船。今日は潮わるかったですが魚の食いは良くホウキハタ、アカハタ、カンコ、アヤメカサゴ、オオモンハタ、イナダ、イサキ、ヒラソウダなどがヒットしました。,25.6℃,NULL,chowari/ふじなみ丸
ふじ丸,戸田港,2026/09/08,1,0,アカハタ,ハタ,メイン,アカハタ,NULL,20.0,20.0,20.0,0,,,,,NULL,静岡県 沼津市 戸田港,NULL,NULL,1,NULL,NULL,27.3,27.3,NULL,南西,1.1m/s,中潮,南南西 1.1m/s・凪,曇りのち一時雨,オオモンハタ,NULL,NULL,午前便。型も良く皆さんほとんどつ抜け。 ワーム、ジクで狙いオオモンハタもヒット。 前半から終了迄、中だるみもありましたが楽しめました。海上も凪釣りやすかったです。 アジの落とし込み泳がせも続投中宜しくお願いします。,27.3℃,NULL,chowari/ふじ丸
ふじ丸,戸田港,2026/09/08,1,0,オオモンハタ,ハタ,サブ,オオモンハタ,NULL,,,,0,,,,,NULL,静岡県 沼津市 戸田港,NULL,NULL,1,NULL,NULL,27.3,27.3,NULL,南西,1.1m/s,中潮,南南西 1.1m/s・凪,曇りのち一時雨,NULL,NULL,NULL,午前便。型も良く皆さんほとんどつ抜け。 ワーム、ジクで狙いオオモンハタもヒット。 前半から終了迄、中だるみもありましたが楽しめました。海上も凪釣りやすかったです。 アジの落とし込み泳がせも続投中宜しくお願いします。,27.3℃,NULL,chowari/ふじ丸
ふじ丸,戸田港,2026/09/12,1,0,アカハタ,ハタ,メイン,アカハタ,NULL,25.0,25.0,25.0,0,,,,,NULL,静岡県 沼津市 戸田港,NULL,NULL,1,NULL,NULL,25.9,25.9,NULL,東,2.1m/s,大潮,南南西 0.6m/s,曇り,アジ,NULL,NULL,午前便、朝一アジ喰わせ、エサのアジ喰い良し。 型も良くなってます。喰わせサビキに即喰いつくも青物の当たりは遠く…ヒットには至りませんでした。 その後、アカハタこちらはイワシの回遊で元気ついたのか大型が好喰い。 アカハタやる気満々でしよ。 明日も朝一アジ喰わせ〜アカハタ狙い。 午後はショートタイムアジ釣りに喰わせサビキもどうぞ 宜しくお願いします。,25.9℃,NULL,chowari/ふじ丸
ふじ丸,戸田港,2026/09/12,1,0,アジ,アジ,サブ,アジ,NULL,,,,0,,,,,NULL,静岡県 沼津市 戸田港,NULL,NULL,1,NULL,NULL,25.9,25.9,NULL,東,2.1m/s,大潮,南南西 0.6m/s,曇り,NULL,NULL,NULL,午前便、朝一アジ喰わせ、エサのアジ喰い良し。 型も良くなってます。喰わせサビキに即喰いつくも青物の当たりは遠く…ヒットには至りませんでした。 その後、アカハタこちらはイワシの回遊で元気ついたのか大型が好喰い。 アカハタやる気満々でしよ。 明日も朝一アジ喰わせ〜アカハタ狙い。 午後はショートタイムアジ釣りに喰わせサビキもどうぞ 宜しくお願いします。,25.9℃,NULL,chowari/ふじ丸
ふじ丸,戸田港,2026/09/13,1,0,アジ,アジ,メイン,アジ,NULL,,,,0,,,,,NULL,静岡県 沼津市 戸田港,NULL,NULL,1,NULL,NULL,25.6,25.6,NULL,東,1.1m/s,中潮,南南西 0.2m/s,雨のち曇り,,NULL,NULL,午後手ぶらフィッシング。 アジサビキ釣りで、喰い良し。 港内ですので初心者さんでも、充分に楽しめます。 船釣り初めての方でも楽しめます。宜しくお願いします。,25.6℃,NULL,chowari/ふじ丸
ふじ丸,戸田港,2026/09/13,2,0,アカハタ,ハタ,メイン,アカハタ,NULL,10.0,10.0,10.0,0,,,,,NULL,静岡県 沼津市 戸田港,NULL,NULL,1,NULL,NULL,25.6,25.6,NULL,東,1.1m/s,中潮,南南西 0.2m/s,雨のち曇り,,NULL,NULL,午前便、 朝一アジ泳がせ喰わせ。 アジは喰い喰い何ですがねー。 青物ヒットせず…。 ならば昨日好調だったアカハタ。 だけど喰いイマイチ… アカハタまだまだ続きます。宜しくお願いします。,25.6℃,NULL,chowari/ふじ丸
ふじ丸,戸田港,2026/09/14,1,0,スルメイカ,スルメイカ,メイン,スルメイカ,NULL,,,,0,,,,,NULL,静岡県 沼津市 戸田港,NULL,NULL,1,NULL,NULL,25.7,25.7,NULL,西,1.7m/s,中潮,南南西 0.2m/s,晴れ後一時雨,,NULL,NULL,ポツポツ釣れました！ 途中雨で反応がなくなり焦った。 雨上がって反応バリバリ！！！ だけど乗らない。 どーゆーことーーー！！！！ まあそんな時もあるよね。 海のことなので、 またリベンジです!! よろしくお願いします。,25.7℃,NULL,chowari/ふじ丸
ふじ丸,戸田港,2026/09/16,1,0,アカハタ,ハタ,サブ,アカハタ,NULL,25.0,25.0,25.0,0,,,,,NULL,静岡県 沼津市 戸田港,NULL,NULL,1,NULL,NULL,25.2,25.2,NULL,東,1.3m/s,中潮,南南西 0.2m/s,雨,NULL,NULL,NULL,午前便、 朝一アジ泳がせ喰わせ。 まずはエサのアジ狙いに順調な喰いです。今日はカマスもかかり良かったですね。 あーっいう間にエサ兼お土産は確保！ 肝心の泳がせは残念。不発に。 後にアカハタこちらはポツポツヒット。皆んな10匹位は確保。アカハタは順調に喰ってます。 宜しくお願いします。,25.2℃,NULL,chowari/ふじ丸
ふじ丸,戸田港,2026/09/16,1,0,アジ,アジ,サブ,アジ,NULL,,,,0,,,,,NULL,静岡県 沼津市 戸田港,NULL,NULL,1,NULL,NULL,25.2,25.2,NULL,東,1.3m/s,中潮,南南西 0.2m/s,雨,NULL,NULL,NULL,午前便、 朝一アジ泳がせ喰わせ。 まずはエサのアジ狙いに順調な喰いです。今日はカマスもかかり良かったですね。 あーっいう間にエサ兼お土産は確保！ 肝心の泳がせは残念。不発に。 後にアカハタこちらはポツポツヒット。皆んな10匹位は確保。アカハタは順調に喰ってます。 宜しくお願いします。,25.2℃,NULL,chowari/ふじ丸
ふじ丸,戸田港,2026/09/16,1,0,オオモンハタ,ハタ,サブ,オオモンハタ,NULL,,,,0,,,,,NULL,静岡県 沼津市 戸田港,NULL,NULL,1,NULL,NULL,25.2,25.2,NULL,東,1.3m/s,中潮,南南西 0.2m/s,雨,NULL,NULL,NULL,午前便、 朝一アジ泳がせ喰わせ。 まずはエサのアジ狙いに順調な喰いです。今日はカマスもかかり良かったですね。 あーっいう間にエサ兼お土産は確保！ 肝心の泳がせは残念。不発に。 後にアカハタこちらはポツポツヒット。皆んな10匹位は確保。アカハタは順調に喰ってます。 宜しくお願いします。,25.2℃,NULL,chowari/ふじ丸
ふじ丸,戸田港,2026/09/16,1,0,カサゴ,カサゴ,サブ,カサゴ,NULL,,,,0,,,,,NULL,静岡県 沼津市 戸田港,NULL,NULL,1,NULL,NULL,25.2,25.2,NULL,東,1.3m/s,中潮,南南西 0.2m/s,雨,NULL,NULL,NULL,午前便、 朝一アジ泳がせ喰わせ。 まずはエサのアジ狙いに順調な喰いです。今日はカマスもかかり良かったですね。 あーっいう間にエサ兼お土産は確保！ 肝心の泳がせは残念。不発に。 後にアカハタこちらはポツポツヒット。皆んな10匹位は確保。アカハタは順調に喰ってます。 宜しくお願いします。,25.2℃,NULL,chowari/ふじ丸
ふじ丸,戸田港,2026/09/16,1,0,カマス,カマス,メイン,カマス,NULL,,,,0,,,,,NULL,静岡県 沼津市 戸田港,NULL,NULL,1,NULL,NULL,25.2,25.2,NULL,東,1.3m/s,中潮,南南西 0.2m/s,雨,アカハタ・アジ・オオモンハタ・カサゴ,NULL,NULL,午前便、 朝一アジ泳がせ喰わせ。 まずはエサのアジ狙いに順調な喰いです。今日はカマスもかかり良かったですね。 あーっいう間にエサ兼お土産は確保！ 肝心の泳がせは残念。不発に。 後にアカハタこちらはポツポツヒット。皆んな10匹位は確保。アカハタは順調に喰ってます。 宜しくお願いします。,25.2℃,NULL,chowari/ふじ丸
ふじ丸,戸田港,2026/09/17,1,0,アカハタ,ハタ,メイン,アカハタ,NULL,4.0,15.0,9.5,0,,,,,NULL,静岡県 沼津市 戸田港,NULL,NULL,1,NULL,NULL,25.2,25.2,NULL,東北東,5.0m/s,小潮,東 0.2m/s,晴れ時々曇り,オオモンハタ,NULL,NULL,アジ泳がせ＆ロックフィッシュ。 アジ泳がせで青物は不発でした。 デカオオモンハタが釣れたからおっけー。風強くて、少し釣りしにくかったと思いますが、頑張ってくれました。ありがとうございました。またお願いします。,25.2℃,NULL,chowari/ふじ丸
ふじ丸,戸田港,2026/09/17,1,0,オオモンハタ,ハタ,サブ,オオモンハタ,NULL,,,,0,,,,,NULL,静岡県 沼津市 戸田港,NULL,NULL,1,NULL,NULL,25.2,25.2,NULL,東北東,5.0m/s,小潮,東 0.2m/s,晴れ時々曇り,NULL,NULL,NULL,アジ泳がせ＆ロックフィッシュ。 アジ泳がせで青物は不発でした。 デカオオモンハタが釣れたからおっけー。風強くて、少し釣りしにくかったと思いますが、頑張ってくれました。ありがとうございました。またお願いします。,25.2℃,NULL,chowari/ふじ丸
まなぶ丸,片瀬漁港,2026/09/02,1,0,アマダイ,アマダイ,サブ,アマダイ,NULL,0.0,2.0,1.0,0,28.0,35.0,,,NULL,神奈川県 藤沢市 片瀬漁港,NULL,NULL,1,NULL,NULL,27.7,27.7,NULL,南南東,1.3m/s,中潮,南南東 0.3m/s,曇り時々晴れ,NULL,NULL,NULL,根魚アマダイ五目船。 今日も出船しましたー！！！ オニカサゴも出て、写真撮ろうとしたら３０センチくらいのだったんでリリース！！！！写真撮らせて(´&#8979;`)笑 でもサイズ気に食わない時即リリースは気持ち分かるっす(´&#8979;`)笑,27.7℃,NULL,chowari/まなぶ丸
まなぶ丸,片瀬漁港,2026/09/02,1,0,アラ,アラ,サブ,アラ,NULL,,,,0,,,,,NULL,神奈川県 藤沢市 片瀬漁港,NULL,NULL,1,NULL,NULL,27.7,27.7,NULL,南南東,1.3m/s,中潮,南南東 0.3m/s,曇り時々晴れ,NULL,NULL,NULL,根魚アマダイ五目船。 今日も出船しましたー！！！ オニカサゴも出て、写真撮ろうとしたら３０センチくらいのだったんでリリース！！！！写真撮らせて(´&#8979;`)笑 でもサイズ気に食わない時即リリースは気持ち分かるっす(´&#8979;`)笑,27.7℃,NULL,chowari/まなぶ丸
まなぶ丸,片瀬漁港,2026/09/02,1,0,イトヨリダイ,イトヨリ,サブ,イトヨリダイ,NULL,,,,0,,,,,NULL,神奈川県 藤沢市 片瀬漁港,NULL,NULL,1,NULL,NULL,27.7,27.7,NULL,南南東,1.3m/s,中潮,南南東 0.3m/s,曇り時々晴れ,NULL,NULL,NULL,根魚アマダイ五目船。 今日も出船しましたー！！！ オニカサゴも出て、写真撮ろうとしたら３０センチくらいのだったんでリリース！！！！写真撮らせて(´&#8979;`)笑 でもサイズ気に食わない時即リリースは気持ち分かるっす(´&#8979;`)笑,27.7℃,NULL,chowari/まなぶ丸
まなぶ丸,片瀬漁港,2026/09/02,1,0,オニカサゴ,オニカサゴ,メイン,オニカサゴ,NULL,0.0,2.0,1.0,0,25.0,35.0,,,NULL,神奈川県 藤沢市 片瀬漁港,NULL,NULL,1,NULL,NULL,27.7,27.7,NULL,南南東,1.3m/s,中潮,南南東 0.3m/s,曇り時々晴れ,アマダイ・アラ・イトヨリダイ・カンコ・ヒメコダイ,NULL,NULL,根魚アマダイ五目船。 今日も出船しましたー！！！ オニカサゴも出て、写真撮ろうとしたら３０センチくらいのだったんでリリース！！！！写真撮らせて(´&#8979;`)笑 でもサイズ気に食わない時即リリースは気持ち分かるっす(´&#8979;`)笑,27.7℃,NULL,chowari/まなぶ丸
まなぶ丸,片瀬漁港,2026/09/02,1,0,カンコ,カンコ,サブ,カンコ,NULL,,,,0,,,,,NULL,神奈川県 藤沢市 片瀬漁港,NULL,NULL,1,NULL,NULL,27.7,27.7,NULL,南南東,1.3m/s,中潮,南南東 0.3m/s,曇り時々晴れ,NULL,NULL,NULL,根魚アマダイ五目船。 今日も出船しましたー！！！ オニカサゴも出て、写真撮ろうとしたら３０センチくらいのだったんでリリース！！！！写真撮らせて(´&#8979;`)笑 でもサイズ気に食わない時即リリースは気持ち分かるっす(´&#8979;`)笑,27.7℃,NULL,chowari/まなぶ丸
まなぶ丸,片瀬漁港,2026/09/02,1,0,ヒメコダイ,NULL,サブ,ヒメコダイ,NULL,,,,0,,,,,NULL,神奈川県 藤沢市 片瀬漁港,NULL,NULL,1,NULL,NULL,27.7,27.7,NULL,南南東,1.3m/s,中潮,南南東 0.3m/s,曇り時々晴れ,NULL,NULL,NULL,根魚アマダイ五目船。 今日も出船しましたー！！！ オニカサゴも出て、写真撮ろうとしたら３０センチくらいのだったんでリリース！！！！写真撮らせて(´&#8979;`)笑 でもサイズ気に食わない時即リリースは気持ち分かるっす(´&#8979;`)笑,27.7℃,NULL,chowari/まなぶ丸
まなぶ丸,片瀬漁港,2026/09/04,1,0,アマダイ,アマダイ,メイン,アマダイ,NULL,3.0,5.0,4.0,0,28.0,38.0,,,NULL,神奈川県 藤沢市 片瀬漁港,NULL,NULL,1,NULL,NULL,28.0,28.0,NULL,北,2.1m/s,小潮,南 0.6m/s,雨時々止む,アラ・イトヨリダイ・オニカサゴ・ヒメコダイ・レンコダイ,NULL,NULL,根魚アマダイ五目船。 今日は全体的に喰い◎！！イッカで釣れるなんて珍しいのにそれが2回ありましたからね(*^^*) レンコダイもデカいの混じったり悪くなかったです(*^^*) もし当たり遠いなーって方いたら、道具入れっぱなしじゃなくて、5分とか10分に1回くらいは道具あげてエサつけ直してやってみてください(*^^*)結構いれてすぐって当たりあったりするんで(*^^*),28.0℃,NULL,chowari/まなぶ丸
まなぶ丸,片瀬漁港,2026/09/04,1,0,アラ,アラ,サブ,アラ,NULL,,,,0,,,,,NULL,神奈川県 藤沢市 片瀬漁港,NULL,NULL,1,NULL,NULL,28.0,28.0,NULL,北,2.1m/s,小潮,南 0.6m/s,雨時々止む,NULL,NULL,NULL,根魚アマダイ五目船。 今日は全体的に喰い◎！！イッカで釣れるなんて珍しいのにそれが2回ありましたからね(*^^*) レンコダイもデカいの混じったり悪くなかったです(*^^*) もし当たり遠いなーって方いたら、道具入れっぱなしじゃなくて、5分とか10分に1回くらいは道具あげてエサつけ直してやってみてください(*^^*)結構いれてすぐって当たりあったりするんで(*^^*),28.0℃,NULL,chowari/まなぶ丸
まなぶ丸,片瀬漁港,2026/09/04,1,0,イトヨリダイ,イトヨリ,サブ,イトヨリダイ,NULL,,,,0,,,,,NULL,神奈川県 藤沢市 片瀬漁港,NULL,NULL,1,NULL,NULL,28.0,28.0,NULL,北,2.1m/s,小潮,南 0.6m/s,雨時々止む,NULL,NULL,NULL,根魚アマダイ五目船。 今日は全体的に喰い◎！！イッカで釣れるなんて珍しいのにそれが2回ありましたからね(*^^*) レンコダイもデカいの混じったり悪くなかったです(*^^*) もし当たり遠いなーって方いたら、道具入れっぱなしじゃなくて、5分とか10分に1回くらいは道具あげてエサつけ直してやってみてください(*^^*)結構いれてすぐって当たりあったりするんで(*^^*),28.0℃,NULL,chowari/まなぶ丸
まなぶ丸,片瀬漁港,2026/09/04,1,0,オニカサゴ,オニカサゴ,サブ,オニカサゴ,NULL,0.0,1.0,0.5,0,25.0,35.0,,,NULL,神奈川県 藤沢市 片瀬漁港,NULL,NULL,1,NULL,NULL,28.0,28.0,NULL,北,2.1m/s,小潮,南 0.6m/s,雨時々止む,NULL,NULL,NULL,根魚アマダイ五目船。 今日は全体的に喰い◎！！イッカで釣れるなんて珍しいのにそれが2回ありましたからね(*^^*) レンコダイもデカいの混じったり悪くなかったです(*^^*) もし当たり遠いなーって方いたら、道具入れっぱなしじゃなくて、5分とか10分に1回くらいは道具あげてエサつけ直してやってみてください(*^^*)結構いれてすぐって当たりあったりするんで(*^^*),28.0℃,NULL,chowari/まなぶ丸
まなぶ丸,片瀬漁港,2026/09/04,1,0,ヒメコダイ,NULL,サブ,ヒメコダイ,NULL,,,,0,,,,,NULL,神奈川県 藤沢市 片瀬漁港,NULL,NULL,1,NULL,NULL,28.0,28.0,NULL,北,2.1m/s,小潮,南 0.6m/s,雨時々止む,NULL,NULL,NULL,根魚アマダイ五目船。 今日は全体的に喰い◎！！イッカで釣れるなんて珍しいのにそれが2回ありましたからね(*^^*) レンコダイもデカいの混じったり悪くなかったです(*^^*) もし当たり遠いなーって方いたら、道具入れっぱなしじゃなくて、5分とか10分に1回くらいは道具あげてエサつけ直してやってみてください(*^^*)結構いれてすぐって当たりあったりするんで(*^^*),28.0℃,NULL,chowari/まなぶ丸
まなぶ丸,片瀬漁港,2026/09/04,1,0,レンコダイ,NULL,サブ,レンコダイ,NULL,,,,0,,,,,NULL,神奈川県 藤沢市 片瀬漁港,NULL,NULL,1,NULL,NULL,28.0,28.0,NULL,北,2.1m/s,小潮,南 0.6m/s,雨時々止む,NULL,NULL,NULL,根魚アマダイ五目船。 今日は全体的に喰い◎！！イッカで釣れるなんて珍しいのにそれが2回ありましたからね(*^^*) レンコダイもデカいの混じったり悪くなかったです(*^^*) もし当たり遠いなーって方いたら、道具入れっぱなしじゃなくて、5分とか10分に1回くらいは道具あげてエサつけ直してやってみてください(*^^*)結構いれてすぐって当たりあったりするんで(*^^*),28.0℃,NULL,chowari/まなぶ丸
まなぶ丸,片瀬漁港,2026/09/05,1,0,アマダイ,アマダイ,メイン,アマダイ,NULL,0.0,5.0,2.5,0,25.0,36.0,,,NULL,神奈川県 藤沢市 片瀬漁港,NULL,NULL,1,NULL,NULL,27.6,27.6,NULL,北東,3.0m/s,小潮,南 0.7m/s,曇り,イトヨリダイ・オニカサゴ・カンコ・サバ・ヒメコダイ・レンコダイ,NULL,NULL,根魚アマダイ五目船。 今日も喰いは良かったです(*^^*) 全体的にポチポチ顔は見れてましたね(*^^*) お姉さんもイッカでしたしね(*^^*),27.6℃,NULL,chowari/まなぶ丸
まなぶ丸,片瀬漁港,2026/09/05,1,0,イトヨリダイ,イトヨリ,サブ,イトヨリダイ,NULL,,,,0,,,,,NULL,神奈川県 藤沢市 片瀬漁港,NULL,NULL,1,NULL,NULL,27.6,27.6,NULL,北東,3.0m/s,小潮,南 0.7m/s,曇り,NULL,NULL,NULL,根魚アマダイ五目船。 今日も喰いは良かったです(*^^*) 全体的にポチポチ顔は見れてましたね(*^^*) お姉さんもイッカでしたしね(*^^*),27.6℃,NULL,chowari/まなぶ丸
まなぶ丸,片瀬漁港,2026/09/05,1,0,オニカサゴ,オニカサゴ,サブ,オニカサゴ,NULL,0.0,2.0,1.0,0,25.0,35.0,,,NULL,神奈川県 藤沢市 片瀬漁港,NULL,NULL,1,NULL,NULL,27.6,27.6,NULL,北東,3.0m/s,小潮,南 0.7m/s,曇り,NULL,NULL,NULL,根魚アマダイ五目船。 今日も喰いは良かったです(*^^*) 全体的にポチポチ顔は見れてましたね(*^^*) お姉さんもイッカでしたしね(*^^*),27.6℃,NULL,chowari/まなぶ丸
まなぶ丸,片瀬漁港,2026/09/05,1,0,カンコ,カンコ,サブ,カンコ,NULL,,,,0,,,,,NULL,神奈川県 藤沢市 片瀬漁港,NULL,NULL,1,NULL,NULL,27.6,27.6,NULL,北東,3.0m/s,小潮,南 0.7m/s,曇り,NULL,NULL,NULL,根魚アマダイ五目船。 今日も喰いは良かったです(*^^*) 全体的にポチポチ顔は見れてましたね(*^^*) お姉さんもイッカでしたしね(*^^*),27.6℃,NULL,chowari/まなぶ丸
まなぶ丸,片瀬漁港,2026/09/05,1,0,サバ,サバ,サブ,サバ,NULL,,,,0,,,,,NULL,神奈川県 藤沢市 片瀬漁港,NULL,NULL,1,NULL,NULL,27.6,27.6,NULL,北東,3.0m/s,小潮,南 0.7m/s,曇り,NULL,NULL,NULL,根魚アマダイ五目船。 今日も喰いは良かったです(*^^*) 全体的にポチポチ顔は見れてましたね(*^^*) お姉さんもイッカでしたしね(*^^*),27.6℃,NULL,chowari/まなぶ丸
まなぶ丸,片瀬漁港,2026/09/05,1,0,ヒメコダイ,NULL,サブ,ヒメコダイ,NULL,,,,0,,,,,NULL,神奈川県 藤沢市 片瀬漁港,NULL,NULL,1,NULL,NULL,27.6,27.6,NULL,北東,3.0m/s,小潮,南 0.7m/s,曇り,NULL,NULL,NULL,根魚アマダイ五目船。 今日も喰いは良かったです(*^^*) 全体的にポチポチ顔は見れてましたね(*^^*) お姉さんもイッカでしたしね(*^^*),27.6℃,NULL,chowari/まなぶ丸
まなぶ丸,片瀬漁港,2026/09/05,1,0,レンコダイ,NULL,サブ,レンコダイ,NULL,,,,0,,,,,NULL,神奈川県 藤沢市 片瀬漁港,NULL,NULL,1,NULL,NULL,27.6,27.6,NULL,北東,3.0m/s,小潮,南 0.7m/s,曇り,NULL,NULL,NULL,根魚アマダイ五目船。 今日も喰いは良かったです(*^^*) 全体的にポチポチ顔は見れてましたね(*^^*) お姉さんもイッカでしたしね(*^^*),27.6℃,NULL,chowari/まなぶ丸
まなぶ丸,片瀬漁港,2026/09/06,1,0,アマダイ,アマダイ,メイン,アマダイ,NULL,2.0,7.0,4.5,0,25.0,37.0,,,NULL,神奈川県 藤沢市 片瀬漁港,NULL,NULL,1,NULL,NULL,27.6,27.6,NULL,北,6.7m/s,長潮,南東 0.8m/s,雨,イトヨリダイ・カンコ・レンコダイ,NULL,NULL,アマダイ五目船。 今日は雨の中ありがとうございました！！！ 食い気◎の11時早上がり！文句なし！！！,27.6℃,NULL,chowari/まなぶ丸
まなぶ丸,片瀬漁港,2026/09/06,1,0,イトヨリダイ,イトヨリ,サブ,イトヨリダイ,NULL,,,,0,,,,,NULL,神奈川県 藤沢市 片瀬漁港,NULL,NULL,1,NULL,NULL,27.6,27.6,NULL,北,6.7m/s,長潮,南東 0.8m/s,雨,NULL,NULL,NULL,アマダイ五目船。 今日は雨の中ありがとうございました！！！ 食い気◎の11時早上がり！文句なし！！！,27.6℃,NULL,chowari/まなぶ丸
まなぶ丸,片瀬漁港,2026/09/06,1,0,カンコ,カンコ,サブ,カンコ,NULL,,,,0,,,,,NULL,神奈川県 藤沢市 片瀬漁港,NULL,NULL,1,NULL,NULL,27.6,27.6,NULL,北,6.7m/s,長潮,南東 0.8m/s,雨,NULL,NULL,NULL,アマダイ五目船。 今日は雨の中ありがとうございました！！！ 食い気◎の11時早上がり！文句なし！！！,27.6℃,NULL,chowari/まなぶ丸
まなぶ丸,片瀬漁港,2026/09/06,1,0,レンコダイ,NULL,サブ,レンコダイ,NULL,,,,0,,,,,NULL,神奈川県 藤沢市 片瀬漁港,NULL,NULL,1,NULL,NULL,27.6,27.6,NULL,北,6.7m/s,長潮,南東 0.8m/s,雨,NULL,NULL,NULL,アマダイ五目船。 今日は雨の中ありがとうございました！！！ 食い気◎の11時早上がり！文句なし！！！,27.6℃,NULL,chowari/まなぶ丸
まなぶ丸,片瀬漁港,2026/09/12,1,0,アマダイ,アマダイ,メイン,アマダイ,NULL,0.0,6.0,3.0,0,,,,,NULL,神奈川県 藤沢市 片瀬漁港,NULL,NULL,1,NULL,NULL,25.9,25.9,NULL,北北東,3.9m/s,大潮,南 0.6m/s,雨のち曇り,,NULL,NULL,３号船オヤジ船。 サイズ外道共に僕と同じ(*^^*),25.9℃,NULL,chowari/まなぶ丸
まなぶ丸,片瀬漁港,2026/09/12,2,0,アマダイ,アマダイ,メイン,アマダイ,NULL,0.0,5.0,2.5,0,25.0,37.0,,,NULL,神奈川県 藤沢市 片瀬漁港,NULL,NULL,1,NULL,NULL,25.9,25.9,普通,北北東,3.9m/s,大潮,南 0.6m/s,雨のち曇り,イトヨリダイ・カンコ・ヒメコダイ・ミシマオコゼ・レンコダイ,NULL,NULL,８号船。 今日僕は仕立て(*^^*) かかれば３０↑くらいでしたね(*^^*)平均サイズは普通くらい(*^^*),25.9℃,NULL,chowari/まなぶ丸
まなぶ丸,片瀬漁港,2026/09/12,2,0,イトヨリダイ,イトヨリ,サブ,イトヨリダイ,NULL,,,,0,,,,,NULL,神奈川県 藤沢市 片瀬漁港,NULL,NULL,1,NULL,NULL,25.9,25.9,普通,北北東,3.9m/s,大潮,南 0.6m/s,雨のち曇り,NULL,NULL,NULL,８号船。 今日僕は仕立て(*^^*) かかれば３０↑くらいでしたね(*^^*)平均サイズは普通くらい(*^^*),25.9℃,NULL,chowari/まなぶ丸
まなぶ丸,片瀬漁港,2026/09/12,2,0,カンコ,カンコ,サブ,カンコ,NULL,,,,0,,,,,NULL,神奈川県 藤沢市 片瀬漁港,NULL,NULL,1,NULL,NULL,25.9,25.9,普通,北北東,3.9m/s,大潮,南 0.6m/s,雨のち曇り,NULL,NULL,NULL,８号船。 今日僕は仕立て(*^^*) かかれば３０↑くらいでしたね(*^^*)平均サイズは普通くらい(*^^*),25.9℃,NULL,chowari/まなぶ丸
まなぶ丸,片瀬漁港,2026/09/12,2,0,ヒメコダイ,NULL,サブ,ヒメコダイ,NULL,,,,0,,,,,NULL,神奈川県 藤沢市 片瀬漁港,NULL,NULL,1,NULL,NULL,25.9,25.9,普通,北北東,3.9m/s,大潮,南 0.6m/s,雨のち曇り,NULL,NULL,NULL,８号船。 今日僕は仕立て(*^^*) かかれば３０↑くらいでしたね(*^^*)平均サイズは普通くらい(*^^*),25.9℃,NULL,chowari/まなぶ丸
まなぶ丸,片瀬漁港,2026/09/12,2,0,ミシマオコゼ,NULL,サブ,ミシマオコゼ,NULL,,,,0,,,,,NULL,神奈川県 藤沢市 片瀬漁港,NULL,NULL,1,NULL,NULL,25.9,25.9,普通,北北東,3.9m/s,大潮,南 0.6m/s,雨のち曇り,NULL,NULL,NULL,８号船。 今日僕は仕立て(*^^*) かかれば３０↑くらいでしたね(*^^*)平均サイズは普通くらい(*^^*),25.9℃,NULL,chowari/まなぶ丸
まなぶ丸,片瀬漁港,2026/09/12,2,0,レンコダイ,NULL,サブ,レンコダイ,NULL,,,,0,,,,,NULL,神奈川県 藤沢市 片瀬漁港,NULL,NULL,1,NULL,NULL,25.9,25.9,普通,北北東,3.9m/s,大潮,南 0.6m/s,雨のち曇り,NULL,NULL,NULL,８号船。 今日僕は仕立て(*^^*) かかれば３０↑くらいでしたね(*^^*)平均サイズは普通くらい(*^^*),25.9℃,NULL,chowari/まなぶ丸
まなぶ丸,片瀬漁港,2026/09/13,1,0,アマダイ,アマダイ,メイン,アマダイ,NULL,0.0,5.0,2.5,0,25.0,35.0,,,NULL,神奈川県 藤沢市 片瀬漁港,NULL,NULL,1,NULL,NULL,25.4,25.4,NULL,北北東,2.8m/s,中潮,南南東 0.3m/s,曇りのち時々晴れ,アラ,NULL,NULL,根魚アマダイ船。 ３号船。 外道は僕の釣果にアラが増えたくらい？ 竿頭はアンドーさん！(*^^*) それではまた！,25.4℃,NULL,chowari/まなぶ丸
まなぶ丸,片瀬漁港,2026/09/13,1,0,アラ,アラ,サブ,アラ,NULL,,,,0,,,,,NULL,神奈川県 藤沢市 片瀬漁港,NULL,NULL,1,NULL,NULL,25.4,25.4,NULL,北北東,2.8m/s,中潮,南南東 0.3m/s,曇りのち時々晴れ,NULL,NULL,NULL,根魚アマダイ船。 ３号船。 外道は僕の釣果にアラが増えたくらい？ 竿頭はアンドーさん！(*^^*) それではまた！,25.4℃,NULL,chowari/まなぶ丸
まなぶ丸,片瀬漁港,2026/09/13,2,0,アマダイ,アマダイ,メイン,アマダイ,NULL,0.0,2.0,1.0,0,25.0,32.0,,,NULL,神奈川県 藤沢市 片瀬漁港,NULL,NULL,1,NULL,NULL,25.4,25.4,NULL,北北東,2.8m/s,中潮,南南東 0.3m/s,曇りのち時々晴れ,イトヨリダイ・ヒメコダイ・レンコダイ,NULL,NULL,根魚アマダイ船 ８号船。,25.4℃,NULL,chowari/まなぶ丸
まなぶ丸,片瀬漁港,2026/09/13,2,0,イトヨリダイ,イトヨリ,サブ,イトヨリダイ,NULL,,,,0,,,,,NULL,神奈川県 藤沢市 片瀬漁港,NULL,NULL,1,NULL,NULL,25.4,25.4,NULL,北北東,2.8m/s,中潮,南南東 0.3m/s,曇りのち時々晴れ,NULL,NULL,NULL,根魚アマダイ船 ８号船。,25.4℃,NULL,chowari/まなぶ丸
まなぶ丸,片瀬漁港,2026/09/13,2,0,ヒメコダイ,NULL,サブ,ヒメコダイ,NULL,,,,0,,,,,NULL,神奈川県 藤沢市 片瀬漁港,NULL,NULL,1,NULL,NULL,25.4,25.4,NULL,北北東,2.8m/s,中潮,南南東 0.3m/s,曇りのち時々晴れ,NULL,NULL,NULL,根魚アマダイ船 ８号船。,25.4℃,NULL,chowari/まなぶ丸
まなぶ丸,片瀬漁港,2026/09/13,2,0,レンコダイ,NULL,サブ,レンコダイ,NULL,,,,0,,,,,NULL,神奈川県 藤沢市 片瀬漁港,NULL,NULL,1,NULL,NULL,25.4,25.4,NULL,北北東,2.8m/s,中潮,南南東 0.3m/s,曇りのち時々晴れ,NULL,NULL,NULL,根魚アマダイ船 ８号船。,25.4℃,NULL,chowari/まなぶ丸
まなぶ丸,片瀬漁港,2026/09/16,1,0,アマダイ,アマダイ,メイン,アマダイ,NULL,0.0,4.0,2.0,0,25.0,35.0,,,NULL,神奈川県 藤沢市 片瀬漁港,NULL,NULL,1,NULL,NULL,25.9,25.9,NULL,北北東,3.5m/s,中潮・二枚潮,南南東 0.6m/s,雨,イトヨリダイ・カンコ・レンコダイ,NULL,NULL,根アマダイ五目船。 なんか流れの割に出が悪かったっすね(´&#8979;`) 二枚潮っぽさもあり難しい海ではあったと思います(´&#8979;`)でも裏を返せば潮流れてるっていうことなんで、流れてないよりはマシ！諦めずに色々チャレンジしてみてください！(*^^*),25.9℃,NULL,chowari/まなぶ丸
まなぶ丸,片瀬漁港,2026/09/16,1,0,イトヨリダイ,イトヨリ,サブ,イトヨリダイ,NULL,,,,0,,,,,NULL,神奈川県 藤沢市 片瀬漁港,NULL,NULL,1,NULL,NULL,25.9,25.9,NULL,北北東,3.5m/s,中潮・二枚潮,南南東 0.6m/s,雨,NULL,NULL,NULL,根アマダイ五目船。 なんか流れの割に出が悪かったっすね(´&#8979;`) 二枚潮っぽさもあり難しい海ではあったと思います(´&#8979;`)でも裏を返せば潮流れてるっていうことなんで、流れてないよりはマシ！諦めずに色々チャレンジしてみてください！(*^^*),25.9℃,NULL,chowari/まなぶ丸
まなぶ丸,片瀬漁港,2026/09/16,1,0,カンコ,カンコ,サブ,カンコ,NULL,,,,0,,,,,NULL,神奈川県 藤沢市 片瀬漁港,NULL,NULL,1,NULL,NULL,25.9,25.9,NULL,北北東,3.5m/s,中潮・二枚潮,南南東 0.6m/s,雨,NULL,NULL,NULL,根アマダイ五目船。 なんか流れの割に出が悪かったっすね(´&#8979;`) 二枚潮っぽさもあり難しい海ではあったと思います(´&#8979;`)でも裏を返せば潮流れてるっていうことなんで、流れてないよりはマシ！諦めずに色々チャレンジしてみてください！(*^^*),25.9℃,NULL,chowari/まなぶ丸
まなぶ丸,片瀬漁港,2026/09/16,1,0,レンコダイ,NULL,サブ,レンコダイ,NULL,,,,0,,,,,NULL,神奈川県 藤沢市 片瀬漁港,NULL,NULL,1,NULL,NULL,25.9,25.9,NULL,北北東,3.5m/s,中潮・二枚潮,南南東 0.6m/s,雨,NULL,NULL,NULL,根アマダイ五目船。 なんか流れの割に出が悪かったっすね(´&#8979;`) 二枚潮っぽさもあり難しい海ではあったと思います(´&#8979;`)でも裏を返せば潮流れてるっていうことなんで、流れてないよりはマシ！諦めずに色々チャレンジしてみてください！(*^^*),25.9℃,NULL,chowari/まなぶ丸
ゆうせい丸,片瀬漁港,2026/09/02,1,0,アジ,アジ,メイン,アジ,NULL,5.0,15.0,10.0,0,24.0,32.0,,,NULL,神奈川県 藤沢市 片瀬漁港,NULL,NULL,1,NULL,NULL,27.7,27.7,NULL,南南東,1.3m/s,中潮,南南東 0.3m/s,曇り時々晴れ,,NULL,NULL,イナダ五目船。 今日はイナダ五目船での出船。 イナダは撃沈でしたが、イトヨリ0―4匹、ハナダイ、アジ、サバ、ソウダガツオでお土産確保できました。 レンタルの方々も楽しめたと思いますよ。 五目釣り主体で出船します。 皆さんの御予約宜しくお願い致します。,27.7℃,NULL,chowari/ゆうせい丸
ゆうせい丸,片瀬漁港,2026/09/03,1,0,アマダイ,アマダイ,メイン,アマダイ,NULL,0.0,7.0,3.5,0,24.0,43.0,,,NULL,神奈川県 藤沢市 片瀬漁港,NULL,NULL,1,NULL,NULL,27.7,27.7,NULL,南,3.1m/s,小潮,南 0.5m/s,曇りのち一時雨,"オニカサゴ,アオハタ,ホウボウ・シロアマダイ",NULL,NULL,アマダイ船。 今日はアマダイ船での出船。 アマダイはたま～に顔見る程度で、イトヨリはたまにはポッツリポッツリ。 イトヨリ良い方はツ抜けしてました。 他にオニカサゴ、アオハタ、ホウボウ、ヒメコダイ、レンコダイ、ガンゾウヒラメ。 皆さんの御予約宜しくお願い致します。,27.7℃,NULL,chowari/ゆうせい丸
ゆうせい丸,片瀬漁港,2026/09/03,1,0,シロアマダイ,シロアマダイ,サブ,シロアマダイ,NULL,3.0,3.0,3.0,0,,,,,NULL,神奈川県 藤沢市 片瀬漁港,NULL,NULL,1,NULL,NULL,27.7,27.7,NULL,南,3.1m/s,小潮,南 0.5m/s,曇りのち一時雨,NULL,NULL,NULL,アマダイ船。 今日はアマダイ船での出船。 アマダイはたま～に顔見る程度で、イトヨリはたまにはポッツリポッツリ。 イトヨリ良い方はツ抜けしてました。 他にオニカサゴ、アオハタ、ホウボウ、ヒメコダイ、レンコダイ、ガンゾウヒラメ。 皆さんの御予約宜しくお願い致します。,27.7℃,NULL,chowari/ゆうせい丸
ゆうせい丸,片瀬漁港,2026/09/04,1,0,アマダイ,アマダイ,メイン,アマダイ,NULL,1.0,5.0,3.0,0,23.0,33.0,,,NULL,神奈川県 藤沢市 片瀬漁港,NULL,NULL,1,NULL,NULL,28.0,28.0,NULL,北,2.1m/s,小潮,南 0.6m/s,雨時々止む,"オニカサゴ,イトヨリ,ホウボウ",NULL,NULL,アマダイ船。 今日もアマダイ船での出船。 朝のうち浅場で白アマダイ狙うも外道のみ。 後に赤アマダイ狙いたま～にポッツリでなかなか厳しかったです。 6名様で5匹、5匹、4匹、2匹、１匹、１匹でした。 他にオニカサゴ、イトヨリ、ホウボウ、ヒメコダイ、レンコダイ、ハナダイ、ガンゾウヒラメ。,28.0℃,NULL,chowari/ゆうせい丸
ゆうせい丸,片瀬漁港,2026/09/05,1,0,カツオ,カツオ,メイン,カツオ,NULL,0.0,2.0,1.0,0,,,2.3,3.5,NULL,神奈川県 藤沢市 片瀬漁港,NULL,NULL,1,NULL,NULL,27.6,27.6,NULL,北東,3.0m/s,小潮,南 0.7m/s,曇り,,NULL,NULL,カツオ・キハダ船。 今日は群れ浮きましたね。仲間の僚船が見つけてくれたので助かりました。 良い反応でしたが食い足は当たると良くて3人くらいで1人2人の特、当たらない事もしばしば、船中7本でしたが半分ちょっとバラシました。 明日はカツオ船は休みになります。 またの食いに期待しましょう。,27.6℃,NULL,chowari/ゆうせい丸
ゆうせい丸,片瀬漁港,2026/09/05,2,0,アマダイ,アマダイ,メイン,アマダイ,NULL,2.0,5.0,3.5,0,20.0,33.0,,,NULL,神奈川県 藤沢市 片瀬漁港,NULL,NULL,1,NULL,NULL,27.6,27.6,NULL,北東,3.0m/s,小潮,南 0.7m/s,曇り,,NULL,NULL,アマダイ船。 今日もアマダイでの出船。 朝のうち浅場で白アマダイ狙うも顔見ず。 後に赤アマダイ狙い、良型は出なかったものの皆さん顔見れました。 試しに深場も狙ってみましたが小型でした。 後日の食いに期待しましょう。 皆さんの御予約宜しくお願い致します。 写真サイズ無し。 良型は次回に期待。,27.6℃,NULL,chowari/ゆうせい丸
ゆうせい丸,片瀬漁港,2026/09/05,3,0,イナダ,イナダ,メイン,イナダ,NULL,1.0,3.0,2.0,0,33.0,40.0,,,NULL,神奈川県 藤沢市 片瀬漁港,NULL,NULL,1,NULL,NULL,27.6,27.6,NULL,北東,3.0m/s,小潮,南 0.7m/s,曇り,カンパチ,NULL,NULL,イナダ五目船。 今日は昨日釣れたの事で期待して行って見ましたが昨日みたいな事はなく全員何とか顔見れましたが後続かなく、良型アジ、サバ、ハナダイ交じりでした。また出たら頑張ってみますので宜しくお願い致します。,27.6℃,NULL,chowari/ゆうせい丸
ゆうせい丸,片瀬漁港,2026/09/05,3,0,カンパチ,カンパチ,サブ,カンパチ,NULL,0.0,3.0,1.5,0,27.0,35.0,,,NULL,神奈川県 藤沢市 片瀬漁港,NULL,NULL,1,NULL,NULL,27.6,27.6,NULL,北東,3.0m/s,小潮,南 0.7m/s,曇り,NULL,NULL,NULL,イナダ五目船。 今日は昨日釣れたの事で期待して行って見ましたが昨日みたいな事はなく全員何とか顔見れましたが後続かなく、良型アジ、サバ、ハナダイ交じりでした。また出たら頑張ってみますので宜しくお願い致します。,27.6℃,NULL,chowari/ゆうせい丸
ゆうせい丸,片瀬漁港,2026/09/10,1,0,カサゴ,カサゴ,メイン,カサゴ,NULL,0.0,26.0,13.0,0,15.0,33.0,,,NULL,神奈川県 藤沢市 片瀬漁港,NULL,NULL,1,NULL,NULL,27.5,27.5,NULL,北北東,4.9m/s,大潮,南 1.0m/s,雨時々止む,,NULL,NULL,ライト泳がせヒラメ＆ロックフィッシュ五目船。 今日は久し振りにロックフィッシュに行きました。ベイト反応少なくお一人様は泳がせとの事でサビキで何とか餌確保もアタリは１回のみ、カサゴの方は小さめから中型は何とかアタリ、ナイスサイズ、キジハタ、アカハタ交じりでロックフィッシュ狙ったお客様は最低で7匹ゲットでおかず位にはなり釣れた人はポツポツ拾ってくれました。 明日もご予約頂き出船です。頑張ってみますので宜しくお願い致します。泳がせの方はベイト次第ですね。,27.5℃,NULL,chowari/ゆうせい丸
ゆうせい丸,片瀬漁港,2026/09/11,1,0,アマダイ,アマダイ,メイン,アマダイ,NULL,0.0,3.0,1.5,0,25.0,39.0,,,NULL,神奈川県 藤沢市 片瀬漁港,NULL,NULL,1,NULL,NULL,27.3,27.3,NULL,北北東,3.0m/s,大潮・潮流れず,南 0.5m/s,雨,"オニカサゴ,イトヨリ,ホウボウ",NULL,NULL,アマダイ船。 今日はアマダイ船での出船。 潮流れずに、なかなかアタリ少なく厳しかったです。 明日の潮流れに期待です。 アマダイ他にオニカサゴ、イトヨリ、ホウボウ、ヒメコダイ、レンコダイ、アジ、サバ。 明日も皆さんの御予約宜しくお願い致します。,27.3℃,NULL,chowari/ゆうせい丸
ゆうせい丸,片瀬漁港,2026/09/12,1,0,アマダイ,アマダイ,メイン,アマダイ,NULL,0.0,4.0,2.0,0,22.0,50.0,,,NULL,神奈川県 藤沢市 片瀬漁港,NULL,NULL,1,NULL,NULL,25.9,25.9,NULL,北北東,3.9m/s,大潮,南 0.6m/s,雨のち曇り,"オニカサゴ,イトヨリ,ホウボウ",NULL,NULL,アマダイ船。 今日はアマダイ船での出船。 朝のうち浅場で白アマダイ狙うも顔見ず。 レンタルの方に良いアタリ有りましたが、ハリス切れ。 イトヨリは良型交じりでポツポツと釣れました。 後に赤アマダイ狙い、今日は大型50cm出ました。 なかなか厳しかったです。 アマダイ他にオニカサゴ、イトヨリ、ホウボウ、ヒメコダイ、レンコダイ、アジ、サバ。 明日も出船確定です。 皆さんの御予約宜しくお願い致します。,25.9℃,NULL,chowari/ゆうせい丸
ゆうせい丸,片瀬漁港,2026/09/12,2,0,アジ,アジ,サブ,アジ,NULL,3.0,16.0,9.5,0,28.0,38.0,,,NULL,神奈川県 藤沢市 片瀬漁港,NULL,NULL,1,NULL,NULL,25.9,25.9,NULL,北北東,3.9m/s,大潮,南 0.6m/s,雨のち曇り,NULL,NULL,NULL,イナダ五目船。 今日は回ってくるとイナダ、良型アジが顔見れました。皆さんお土産にはなったと思います。マダイ、ハナダイ、ソーダ、サバ交じり。,25.9℃,NULL,chowari/ゆうせい丸
ゆうせい丸,片瀬漁港,2026/09/12,2,0,イナダ,イナダ,メイン,イナダ,NULL,0.0,6.0,3.0,0,36.0,45.0,,,NULL,神奈川県 藤沢市 片瀬漁港,NULL,NULL,1,NULL,NULL,25.9,25.9,NULL,北北東,3.9m/s,大潮,南 0.6m/s,雨のち曇り,アジ,NULL,NULL,イナダ五目船。 今日は回ってくるとイナダ、良型アジが顔見れました。皆さんお土産にはなったと思います。マダイ、ハナダイ、ソーダ、サバ交じり。,25.9℃,NULL,chowari/ゆうせい丸
ゆうせい丸,片瀬漁港,2026/09/13,1,0,カツオ,カツオ,メイン,カツオ,NULL,0.0,3.0,1.5,0,,,2.5,3.5,NULL,神奈川県 藤沢市 片瀬漁港,NULL,NULL,1,NULL,NULL,25.4,25.4,NULL,北北東,2.8m/s,中潮,南南東 0.3m/s,曇りのち時々晴れ,,NULL,NULL,カツオ・キハダ船。 今日は群れが浮き顔見れました！反応かなり通るけどなかなかあたりませんでしたね、バラシもありました、また食えばいいですね！,25.4℃,NULL,chowari/ゆうせい丸
ゆうせい丸,片瀬漁港,2026/09/13,2,0,アマダイ,アマダイ,メイン,アマダイ,NULL,0.0,2.0,1.0,0,23.0,35.0,,,NULL,神奈川県 藤沢市 片瀬漁港,NULL,NULL,1,NULL,NULL,25.4,25.4,NULL,北北東,2.8m/s,中潮,南南東 0.3m/s,曇りのち時々晴れ,"オニカサゴ,イトヨリ,ホウボウ・シロアマダイ",NULL,NULL,アマダイ船。 今日もアマダイ船での出船。 朝のうち浅場から釣りイトヨリがポッツリポッツリ。 後に赤アマダイ狙い浅場から深場まで狙いましたが、今日は良い所無しの一日でした。 ハリス切れも有り。 また出たら頑張ってみます。 皆さんの御予約宜しくお願い致します。 アマダイ他にオニカサゴ、イトヨリ、ホウボウ、ヒメコダイ、レンコダイ、アジ、サバ。,25.4℃,NULL,chowari/ゆうせい丸
ゆうせい丸,片瀬漁港,2026/09/13,2,0,シロアマダイ,シロアマダイ,サブ,シロアマダイ,NULL,0.0,1.0,0.5,0,,,,,NULL,神奈川県 藤沢市 片瀬漁港,NULL,NULL,1,NULL,NULL,25.4,25.4,NULL,北北東,2.8m/s,中潮,南南東 0.3m/s,曇りのち時々晴れ,NULL,NULL,NULL,アマダイ船。 今日もアマダイ船での出船。 朝のうち浅場から釣りイトヨリがポッツリポッツリ。 後に赤アマダイ狙い浅場から深場まで狙いましたが、今日は良い所無しの一日でした。 ハリス切れも有り。 また出たら頑張ってみます。 皆さんの御予約宜しくお願い致します。 アマダイ他にオニカサゴ、イトヨリ、ホウボウ、ヒメコダイ、レンコダイ、アジ、サバ。,25.4℃,NULL,chowari/ゆうせい丸
ゆうせい丸,片瀬漁港,2026/09/14,1,0,アジ,アジ,メイン,アジ,NULL,5.0,13.0,9.0,0,28.0,38.0,,,NULL,神奈川県 藤沢市 片瀬漁港,NULL,NULL,1,NULL,NULL,25.8,25.8,NULL,南南西,4.9m/s,中潮,南 0.6m/s,晴れ後時々曇り,,NULL,NULL,イナダ五目船。 今日は朝天秤仕掛けでイナダ狙うも中々アタリです、途中から良型アジ、サバ狙いポツポツ釣れお土産程度にはなりました。ビギナーさんばかりで手返しいかず。ハナダイ、サバ、イトヨリ交じり。また出たら頑張ってみますので宜しくお願い致します。,25.8℃,NULL,chowari/ゆうせい丸
ゆうせい丸,片瀬漁港,2026/09/16,1,0,アジ,アジ,メイン,アジ,NULL,9.0,13.0,11.0,0,28.0,38.0,,,NULL,神奈川県 藤沢市 片瀬漁港,NULL,NULL,1,NULL,NULL,25.9,25.9,NULL,北北東,3.5m/s,中潮,南南東 0.6m/s,雨,,NULL,NULL,イナダ五目船。 今日もイナダから狙うも顔見れず人数もいなくコマセ効かず苦戦。 後半アジサバ狙うもコマセ効かず、すぐ反応抜けてしまったりでしたが何とかお土産になり、ハナダイ0－2匹、モクアジ、サバ、イトヨリ、ヒラソーダ交じり。また出たら頑張ってみますので宜しくお願い致します。,25.9℃,NULL,chowari/ゆうせい丸
ゆうせい丸,片瀬漁港,2026/09/17,1,0,カサゴ,カサゴ,メイン,カサゴ,NULL,13.0,28.0,20.5,0,15.0,27.0,,,NULL,神奈川県 藤沢市 片瀬漁港,NULL,NULL,1,NULL,NULL,25.7,25.7,NULL,北,5.7m/s,小潮,東 0.6m/s,曇り時々晴れ,,NULL,NULL,ライト泳がせヒラメ＆ロックフィッシュ五目船。 今日は北風強めで釣りにくい状況でしたが、ポツポツ釣れ、アタリ多くリリースサイズ多数交じりましたが、キープサイズでお二人様共にお土産バッチリでした。 また出たら頑張ってみますので宜しくお願い致します。,25.7℃,NULL,chowari/ゆうせい丸
ゆうせい丸,片瀬漁港,2026/09/18,1,0,アマダイ,アマダイ,メイン,アマダイ,NULL,0.0,5.0,2.5,0,20.0,36.0,,,NULL,神奈川県 藤沢市 片瀬漁港,NULL,NULL,1,NULL,NULL,26.1,26.1,NULL,北,7.1m/s,小潮,北東 0.6m/s,曇り,,NULL,NULL,アマダイ船。 今日は北風強めで釣りにくい状況でしたが何とか単発ながらも顔見れトップ5匹、3匹3名様、残念ながらお一人様坊主出てしまいました。イトヨリも0-5匹、ヒメコダイ、サバ、レンコダイ交じりでした。また次回出船の食いに期待してみましょう。,26.1℃,NULL,chowari/ゆうせい丸
ゆうせい丸,片瀬漁港,2026/09/19,1,0,アジ,アジ,サブ,アジ,NULL,5.0,21.0,13.0,0,28.0,40.0,,,NULL,神奈川県 藤沢市 片瀬漁港,NULL,NULL,1,NULL,NULL,25.9,25.9,NULL,北北東,5.7m/s,小潮,南東 0.9m/s,曇り一時雨,NULL,NULL,NULL,イナダ五目船。 今日は朝のうちはアタリなく苦戦でしたが途中からアタリ出てくれ良型アジがポツポツ釣れてくれそのうちイナダも忘れた頃顔見れトップ3匹2名様、船中13匹位交じり、良型サバ、カイワリ、ハナダイなどでお土産十分、明日も出船です。宜しくお願い致します。,25.9℃,NULL,chowari/ゆうせい丸
ゆうせい丸,片瀬漁港,2026/09/19,1,0,イナダ,イナダ,メイン,イナダ,NULL,0.0,3.0,1.5,0,41.0,56.0,,,NULL,神奈川県 藤沢市 片瀬漁港,NULL,NULL,1,NULL,NULL,25.9,25.9,NULL,北北東,5.7m/s,小潮,南東 0.9m/s,曇り一時雨,アジ,NULL,NULL,イナダ五目船。 今日は朝のうちはアタリなく苦戦でしたが途中からアタリ出てくれ良型アジがポツポツ釣れてくれそのうちイナダも忘れた頃顔見れトップ3匹2名様、船中13匹位交じり、良型サバ、カイワリ、ハナダイなどでお土産十分、明日も出船です。宜しくお願い致します。,25.9℃,NULL,chowari/ゆうせい丸
ゆうせい丸,片瀬漁港,2026/09/19,2,0,アカハタ,ハタ,サブ,アカハタ,NULL,0.0,4.0,2.0,0,22.0,28.0,,,NULL,神奈川県 藤沢市 片瀬漁港,NULL,NULL,1,NULL,NULL,25.9,25.9,NULL,北北東,5.7m/s,小潮,南東 0.9m/s・ウネリ,曇り一時雨,NULL,NULL,NULL,ライト泳がせヒラメ＆ロックフィッシュ五目船。 ウネリ高くて浅場のポイントは当たりなく深めの25mくらいにポイント限定でやっていきました。更に深めはフグ多く苦戦。ポイント流しかえるつどカサゴは顔だしてくれ楽しめたお客様もいました。きょうはこあじなど餌反応少なく泳がせは餌不足で不発でした。 他にはアカハタ0〜4尾オオモンハタ0〜2尾こあじベラトラギス等。 カサゴ類は熱心に誘えば楽しめそうです。 本日はありがとうございました。,25.9℃,NULL,chowari/ゆうせい丸
ゆうせい丸,片瀬漁港,2026/09/19,2,0,カサゴ,カサゴ,メイン,カサゴ,NULL,3.0,30.0,16.5,0,15.0,27.0,,,NULL,神奈川県 藤沢市 片瀬漁港,NULL,NULL,1,NULL,NULL,25.9,25.9,NULL,北北東,5.7m/s,小潮,南東 0.9m/s・ウネリ,曇り一時雨,はアカハタ0〜4尾オオモンハタ0〜2尾こあじベラトラギス等・アカハタ,NULL,NULL,ライト泳がせヒラメ＆ロックフィッシュ五目船。 ウネリ高くて浅場のポイントは当たりなく深めの25mくらいにポイント限定でやっていきました。更に深めはフグ多く苦戦。ポイント流しかえるつどカサゴは顔だしてくれ楽しめたお客様もいました。きょうはこあじなど餌反応少なく泳がせは餌不足で不発でした。 他にはアカハタ0〜4尾オオモンハタ0〜2尾こあじベラトラギス等。 カサゴ類は熱心に誘えば楽しめそうです。 本日はありがとうございました。,25.9℃,NULL,chowari/ゆうせい丸
ゴーゴーガイドサービス,大田区呑川,2026/09/02,1,0,サゴシ,サワラ,メイン,サゴシ,NULL,,,,0,,,,,NULL,東京都 大田区 呑川,NULL,NULL,1,NULL,NULL,28.5,28.5,NULL,南南東,1.3m/s,中潮,南 0.2m/s,曇り,,NULL,NULL,今日は風もなく流れも無く キビシイ戦いでした(泣) ミノーだけではダメですね。 ブレード巻き巻きもお持ち下さい。 来週平日空いておりますm(__)m 乗り合いリクエスト もちろんチャーターもお待ちしておりますm(__)m,28.5℃,NULL,chowari/ゴーゴーガイドサービス
ゴーゴーガイドサービス,大田区呑川,2026/09/03,1,0,サゴシ,サワラ,サブ,サゴシ,NULL,,,,0,,,,,NULL,東京都 大田区 呑川,NULL,NULL,1,NULL,NULL,28.6,28.6,NULL,南南西,4.3m/s,小潮,南 0.2m/s,曇りのち一時雨,NULL,NULL,NULL,ご新規様サワラ便。 反応バリバリのなかなかなか。 食わない時間が続きブレード巻き巻きしていただいて、 なんとかキャッチ。 やはりおしゃべりパターンは健在ですね(笑) 最後の最後のバラシ。 残念でした(泣) またいつでもお待ちしております。,28.6℃,NULL,chowari/ゴーゴーガイドサービス
ゴーゴーガイドサービス,大田区呑川,2026/09/03,1,0,サワラ,サワラ,メイン,サワラ,NULL,,,,0,,,,,NULL,東京都 大田区 呑川,NULL,NULL,1,NULL,NULL,28.6,28.6,NULL,南南西,4.3m/s,小潮,南 0.2m/s,曇りのち一時雨,サゴシ,NULL,NULL,ご新規様サワラ便。 反応バリバリのなかなかなか。 食わない時間が続きブレード巻き巻きしていただいて、 なんとかキャッチ。 やはりおしゃべりパターンは健在ですね(笑) 最後の最後のバラシ。 残念でした(泣) またいつでもお待ちしております。,28.6℃,NULL,chowari/ゴーゴーガイドサービス
ゴーゴーガイドサービス,大田区呑川,2026/09/05,1,0,サワラ,サワラ,メイン,サワラ,NULL,,,,0,,,,,NULL,東京都 大田区 呑川,NULL,NULL,1,NULL,NULL,28.5,28.5,NULL,東北東,3.1m/s,小潮,南 0.2m/s,曇り,,NULL,NULL,雨のサワラ便。 お久しぶりのお客様。 バラシ多くなかなか船に上がりません(泣) それがサワラくじ。 ミノーもブレードも両方お持ち下さい。 楽しくやれました。 X80マグナム使いやすくてよく釣れます。 サワラ乗り合い募集しています。 時化後どうなるか気になる方は 是非遊びにいらして下さい。,28.5℃,NULL,chowari/ゴーゴーガイドサービス
ゴーゴーガイドサービス,大田区呑川,2026/09/07,1,0,チヌ,クロダイ,サブ,チヌ,NULL,,,,0,,,,,NULL,東京都 大田区 呑川,NULL,NULL,1,NULL,NULL,28.4,28.4,NULL,北北西,2.0m/s,若潮,南 0.8m/s,曇り一時雨,NULL,NULL,NULL,前回の午後便。 マゴチがヤバイ。 ずっとバイトがあって、 ずっと釣れる。 チヌもキビレもたまに混じる。 やっとご乗船できたので 良かったです。 風変わって最後１時間は通常チニングで ポロポロ釣れる感じでした。 マゴチヌも釣れてます。,28.4℃,NULL,chowari/ゴーゴーガイドサービス
ゴーゴーガイドサービス,大田区呑川,2026/09/07,1,0,マゴチ,マゴチ,メイン,マゴチ,NULL,,,,0,,,,,NULL,東京都 大田区 呑川,NULL,NULL,1,NULL,NULL,28.4,28.4,NULL,北北西,2.0m/s,若潮,南 0.8m/s,曇り一時雨,チヌ,NULL,NULL,前回の午後便。 マゴチがヤバイ。 ずっとバイトがあって、 ずっと釣れる。 チヌもキビレもたまに混じる。 やっとご乗船できたので 良かったです。 風変わって最後１時間は通常チニングで ポロポロ釣れる感じでした。 マゴチヌも釣れてます。,28.4℃,NULL,chowari/ゴーゴーガイドサービス
ゴーゴーガイドサービス,大田区呑川,2026/09/08,1,0,サワラ,サワラ,メイン,サワラ,NULL,,,,0,,,,,NULL,東京都 大田区 呑川,NULL,NULL,1,NULL,NULL,28.5,28.5,NULL,北北西,0.7m/s,中潮,南 0.6m/s,曇りのち一時雨,タチウオ,NULL,NULL,お久しぶりのお客様。 お一人様チャーターサワラ。 まずは太刀魚から(汗) 途中ミノー3バラシ(泣) その後メタマジゴーゴーで パツレン。 いつもありがとうございます。,28.5℃,NULL,chowari/ゴーゴーガイドサービス
ゴーゴーガイドサービス,大田区呑川,2026/09/08,1,0,タチウオ,タチウオ,サブ,タチウオ,NULL,,,,0,,,,,NULL,東京都 大田区 呑川,NULL,NULL,1,NULL,NULL,28.5,28.5,NULL,北北西,0.7m/s,中潮,南 0.6m/s,曇りのち一時雨,NULL,NULL,NULL,お久しぶりのお客様。 お一人様チャーターサワラ。 まずは太刀魚から(汗) 途中ミノー3バラシ(泣) その後メタマジゴーゴーで パツレン。 いつもありがとうございます。,28.5℃,NULL,chowari/ゴーゴーガイドサービス
ゴーゴーガイドサービス,大田区呑川,2026/09/09,1,0,サワラ,サワラ,メイン,サワラ,NULL,,,,0,,,,,NULL,東京都 大田区 呑川,NULL,NULL,1,NULL,NULL,28.3,28.3,NULL,南南西,10.1m/s,中潮,南 1.0m/s,曇りのち一時雨,,NULL,NULL,サワラ午後便。 風あってやりづらい中、 黙々と投げて巻きまくって頂いてましたがなかなか食わず(汗) おしゃべりに変えた途端食った(笑) 早くからおしゃべりパターンしてれば(笑) いつもありがとうございます。 TGベイトに ヴァンフックピンクブレード。,28.3℃,NULL,chowari/ゴーゴーガイドサービス
ゴーゴーガイドサービス,大田区呑川,2026/09/10,1,0,サワラ,サワラ,メイン,サワラ,NULL,,,,0,,,,,NULL,東京都 大田区 呑川,NULL,NULL,1,NULL,NULL,28.1,28.1,NULL,北北東,6.5m/s,大潮,南南東 0.6m/s,曇りのち一時雨,,NULL,NULL,サワラ便。 あいにくの雨模様しかも寒い(泣) 巻き巻きしてもらってる、 お客様は暑そうでした。 今日は、 よくヒット。 よくバラシ。 よくカットされ。 よくキャッチ。 バクバクではないけど。 お一人様4キャッチなら良かったです。 ゴーゴーカラーでありがとうございます。 次回はミノーでキャッチして下さい。 マグナム全部食われちゃいましたね(泣),28.1℃,NULL,chowari/ゴーゴーガイドサービス
ゴーゴーガイドサービス,大田区呑川,2026/09/11,1,0,サワラ,サワラ,メイン,サワラ,NULL,,,,0,,,,,NULL,東京都 大田区 呑川,NULL,NULL,1,NULL,NULL,27.9,27.9,NULL,北北東,4.3m/s,大潮,南 0.2m/s,雨時々止む,,NULL,NULL,サワラ便。 寒い中ありがとうございました。 ニュータックル入魂おめでとうございます。,27.9℃,NULL,chowari/ゴーゴーガイドサービス
ゴーゴーガイドサービス,大田区呑川,2026/09/11,1,0,チヌ,クロダイ,メイン,チヌ,NULL,,,,0,,,,,NULL,東京都 大田区 呑川,NULL,NULL,1,NULL,NULL,27.9,27.9,NULL,北北東,4.3m/s,大潮,南 0.2m/s,雨時々止む,マゴチ,NULL,NULL,ご新規様マゴチヌ便。 雨の中ありがとうございました。 お父さんも息子さんも エイのファイト楽しんでいただき(笑) マゴチにチヌ水悪い中お見事でした。 風引かないようにして下さいね。,27.9℃,NULL,chowari/ゴーゴーガイドサービス
ゴーゴーガイドサービス,大田区呑川,2026/09/11,1,0,マゴチ,マゴチ,サブ,マゴチ,NULL,,,,0,,,,,NULL,東京都 大田区 呑川,NULL,NULL,1,NULL,NULL,27.9,27.9,NULL,北北東,4.3m/s,大潮,南 0.2m/s,雨時々止む,NULL,NULL,NULL,ご新規様マゴチヌ便。 雨の中ありがとうございました。 お父さんも息子さんも エイのファイト楽しんでいただき(笑) マゴチにチヌ水悪い中お見事でした。 風引かないようにして下さいね。,27.9℃,NULL,chowari/ゴーゴーガイドサービス
ゴーゴーガイドサービス,大田区呑川,2026/09/11,2,0,チヌ,クロダイ,メイン,チヌ,NULL,,,,0,,,,,NULL,東京都 大田区 呑川,NULL,NULL,1,NULL,NULL,27.9,27.9,NULL,北北東,4.3m/s,大潮,南 0.2m/s,雨時々止む,マゴチ,NULL,NULL,ご新規様マゴチヌ便。 雨の中ありがとうございました。 お父さんも息子さんも エイのファイト楽しんでいただき(笑) マゴチにチヌ水悪い中お見事でした。 風引かないようにして下さいね。,27.9℃,NULL,chowari/ゴーゴーガイドサービス
ゴーゴーガイドサービス,大田区呑川,2026/09/11,2,0,マゴチ,マゴチ,サブ,マゴチ,NULL,,,,0,,,,,NULL,東京都 大田区 呑川,NULL,NULL,1,NULL,NULL,27.9,27.9,NULL,北北東,4.3m/s,大潮,南 0.2m/s,雨時々止む,NULL,NULL,NULL,ご新規様マゴチヌ便。 雨の中ありがとうございました。 お父さんも息子さんも エイのファイト楽しんでいただき(笑) マゴチにチヌ水悪い中お見事でした。 風引かないようにして下さいね。,27.9℃,NULL,chowari/ゴーゴーガイドサービス
ゴーゴーガイドサービス,大田区呑川,2026/09/13,1,0,サワラ,サワラ,メイン,サワラ,NULL,,,,0,,,,,NULL,東京都 大田区 呑川,NULL,NULL,1,NULL,NULL,26.7,26.7,NULL,北,4.4m/s,中潮,北北東 0.2m/s,曇りのち時々晴れ,,NULL,NULL,サワラくじチャーター午前便。 お久しぶりの6名様で出船。 雨振ってますが、 巻き巻きしていただき 全員安打。 1等サワラ。 ありがとうございました。 毎度楽しい便になりました。,26.7℃,NULL,chowari/ゴーゴーガイドサービス
ゴーゴーガイドサービス,大田区呑川,2026/09/14,1,0,サワラ,サワラ,メイン,サワラ,NULL,,,,0,,,,,NULL,東京都 大田区 呑川,NULL,NULL,1,NULL,NULL,26.2,26.2,NULL,南南西,7.8m/s,中潮,南 0.5m/s,晴れ後時々曇り,,NULL,NULL,午後サワラくじ。 そうそうにナイス1等サワラ かと思いきやタモバラシ(泣) すいませんm(__)m マズメはサワラバンバン跳ね出して バラシも増えて 全員安打いきませんでした。 すいませんm(__)m 惜しかった。,26.2℃,NULL,chowari/ゴーゴーガイドサービス
ゴーゴーガイドサービス,大田区呑川,2026/09/15,1,0,サワラ,サワラ,メイン,サワラ,NULL,,,,0,,,,,NULL,東京都 大田区 呑川,NULL,NULL,1,NULL,NULL,26.2,26.2,NULL,南,7.6m/s,中潮,南 0.5m/s,雨時々止む,,NULL,NULL,常連様雨のロングサワラクジ。 前半ばらしまくりで 後半爆裂。 タモ入れバラシ入れたら相当 かけましたね。 やはり前回3日間サワラ修行した方は、 仲間の20倍サワラかけてました。 まだまだこれからサワラサワラです。 乗り合い募集もしてます。 乗り合いリクエスト。 もちろんチャーターもお待ちしておりますm(__)m,26.2℃,NULL,chowari/ゴーゴーガイドサービス
ゴーゴーガイドサービス,大田区呑川,2026/09/16,1,0,タチウオ,タチウオ,サブ,タチウオ,NULL,,,,0,,,,,NULL,東京都 大田区 呑川,NULL,NULL,1,NULL,NULL,26.2,26.2,NULL,北東,3.9m/s,中潮,南 0.2m/s,雨,NULL,NULL,NULL,ワラサ狙い便。 サワラではなくワラサが釣りたい、 と言う事で行って参りました。 なんとかキャッチ出来ました。 良かった。,26.2℃,NULL,chowari/ゴーゴーガイドサービス
ゴーゴーガイドサービス,大田区呑川,2026/09/16,1,0,ワラサ,ワラサ,メイン,ワラサ,NULL,,,,0,,,,,NULL,東京都 大田区 呑川,NULL,NULL,1,NULL,NULL,26.2,26.2,NULL,北東,3.9m/s,中潮,南 0.2m/s,雨,タチウオ,NULL,NULL,ワラサ狙い便。 サワラではなくワラサが釣りたい、 と言う事で行って参りました。 なんとかキャッチ出来ました。 良かった。,26.2℃,NULL,chowari/ゴーゴーガイドサービス
ゴーゴーガイドサービス,大田区呑川,2026/09/18,1,0,サワラ,サワラ,メイン,サワラ,NULL,,,,0,,,,,NULL,東京都 大田区 呑川,NULL,NULL,1,NULL,NULL,25.8,25.8,NULL,北,8.9m/s,小潮,北 0.5m/s,曇り,,NULL,NULL,サワラクジ。 ウネウネ土砂降りの中、 お見事でした。 バラシもありましたが、 1名様だけ顔見れず残念。 またリベンジお待ちしております。,25.8℃,NULL,chowari/ゴーゴーガイドサービス
シーホース,江東区東京湾マリーナ,2026/09/02,1,0,サワラ,サワラ,メイン,サワラ,NULL,,,,0,92.0,92.0,,,NULL,東京都 江東区 東京湾マリーナ,NULL,NULL,1,NULL,NULL,28.5,28.5,NULL,南南東,2.0m/s,中潮・潮止まり,南 0.2m/s,曇り,,NULL,NULL,今朝はチャーターで出船。サワラ便です。 状況不調から復活している様で、期待大で出船。ポイント到着するとバンバンと跳ねてます♪ ミノーとスピンジグと分かれて攻めていきます。ミノーには反応無し･･。 スピンジグでレンジ探りながら狙ってるゲストに早々とバイトあったがバイトと同時にラインブレイク･･･残念。 その後もスピンジグにバイトあるもバレちゃったり切られちゃったり･･･。 そんな中で潮止まり間際にランカークラスの９０ｕｐゲット♪ 潮止まりで一度食い止まって、下げが利きだしたころからポツポツとバイトあってサワラからサゴシまで。 追加ヒットあり最後まで楽しめました。 最大９２ｃｍ（他８０～６０ｃｍ）まで,28.5℃,NULL,chowari/シーホース
シーホース,江東区東京湾マリーナ,2026/09/12,1,0,サワラ,サワラ,メイン,サワラ,NULL,,,,0,60.0,60.0,,,NULL,東京都 江東区 東京湾マリーナ,NULL,NULL,1,NULL,NULL,27.5,27.5,NULL,北北東,4.1m/s,大潮,西北西 0.2m/s,曇り,タチウオ・マゴチ,NULL,NULL,今朝はチャーターで出船。サワラ＆マゴチ便です。 前半から中盤はサワラ狙い。期待したが跳ね少なくバイトも少ない･･･。 タチウオ連発からのサゴシまで。 終盤はマゴチ狙ってこちらはランカー含め連発出来ました～～♪,27.5℃,NULL,chowari/シーホース
シーホース,江東区東京湾マリーナ,2026/09/12,1,0,タチウオ,タチウオ,サブ,タチウオ,NULL,,,,0,,,,,NULL,東京都 江東区 東京湾マリーナ,NULL,NULL,1,NULL,NULL,27.5,27.5,NULL,北北東,4.1m/s,大潮,西北西 0.2m/s,曇り,NULL,NULL,NULL,今朝はチャーターで出船。サワラ＆マゴチ便です。 前半から中盤はサワラ狙い。期待したが跳ね少なくバイトも少ない･･･。 タチウオ連発からのサゴシまで。 終盤はマゴチ狙ってこちらはランカー含め連発出来ました～～♪,27.5℃,NULL,chowari/シーホース
シーホース,江東区東京湾マリーナ,2026/09/12,1,0,マゴチ,マゴチ,サブ,マゴチ,NULL,,,,0,60.0,60.0,,,NULL,東京都 江東区 東京湾マリーナ,NULL,NULL,1,NULL,NULL,27.5,27.5,NULL,北北東,4.1m/s,大潮,西北西 0.2m/s,曇り,NULL,NULL,NULL,今朝はチャーターで出船。サワラ＆マゴチ便です。 前半から中盤はサワラ狙い。期待したが跳ね少なくバイトも少ない･･･。 タチウオ連発からのサゴシまで。 終盤はマゴチ狙ってこちらはランカー含め連発出来ました～～♪,27.5℃,NULL,chowari/シーホース
ミナミ釣船,大田区六郷水門,2026/09/02,1,0,アジ,アジ,サブ,アジ,NULL,8.0,48.0,28.0,0,14.0,27.0,,,NULL,木更津沖,木更津沖,NULL,2,NULL,NULL,27.7,27.7,NULL,南南東,1.3m/s,中潮・上げ潮,南 0.2m/s,曇り時々晴れ,NULL,NULL,NULL,"☆マダコｰアジ(+カサゴ)で‥(第８)出てました‥ ……北東ｰ南風そよそよｰ …… マダコから‥ 木更津沖まわりを‥ズラしｰズラしｰして‥空振りまくり‥(^_^;)‥ ‥ところ.どころで‥ポッン.と.(^o^).ゲット♪ 全体的には‥乗らず,釣れず‥(>_<)‥ (小ぶりｰ小中サイズ) ‥‥ 日中にアジを‥ 木更津沖まわりを‥最初のうちは‥ポッン(^o^)ポッンと‥小ぶりサイズが主体で‥ →ポイントを‥転々と.して‥ ところ.どころで‥間が.空きながら‥中小サイズが‥ポッン.(^o^).と‥(カサゴは‥やや小ぶりｰ中小に‥良型サイズ♪)…… 上げ潮時に‥マダコ狙ったり,アジを狙ったりしたが‥ どっちも‥うまくハマれず‥(^o^;)‥ 沖めからｰキワまわりを→クルージング状態→(+_+) あぁｰぁ.で‥沖",27.7℃,NULL,chowari/ミナミ釣船
ミナミ釣船,大田区六郷水門,2026/09/02,1,0,カサゴ,カサゴ,サブ,カサゴ,NULL,,,,0,,,,,NULL,木更津沖,木更津沖,NULL,2,NULL,NULL,27.7,27.7,NULL,南南東,1.3m/s,中潮・上げ潮,南 0.2m/s,曇り時々晴れ,NULL,NULL,NULL,"☆マダコｰアジ(+カサゴ)で‥(第８)出てました‥ ……北東ｰ南風そよそよｰ …… マダコから‥ 木更津沖まわりを‥ズラしｰズラしｰして‥空振りまくり‥(^_^;)‥ ‥ところ.どころで‥ポッン.と.(^o^).ゲット♪ 全体的には‥乗らず,釣れず‥(>_<)‥ (小ぶりｰ小中サイズ) ‥‥ 日中にアジを‥ 木更津沖まわりを‥最初のうちは‥ポッン(^o^)ポッンと‥小ぶりサイズが主体で‥ →ポイントを‥転々と.して‥ ところ.どころで‥間が.空きながら‥中小サイズが‥ポッン.(^o^).と‥(カサゴは‥やや小ぶりｰ中小に‥良型サイズ♪)…… 上げ潮時に‥マダコ狙ったり,アジを狙ったりしたが‥ どっちも‥うまくハマれず‥(^o^;)‥ 沖めからｰキワまわりを→クルージング状態→(+_+) あぁｰぁ.で‥沖",27.7℃,NULL,chowari/ミナミ釣船
ミナミ釣船,大田区六郷水門,2026/09/02,1,0,マダコ,マダコ,メイン,マダコ,NULL,0.0,4.0,2.0,0,,,0.3,0.6,NULL,木更津沖,木更津沖,NULL,2,NULL,NULL,27.7,27.7,NULL,南南東,1.3m/s,中潮・上げ潮,南 0.2m/s,曇り時々晴れ,アジ・カサゴ・マハタ,NULL,NULL,"☆マダコｰアジ(+カサゴ)で‥(第８)出てました‥ ……北東ｰ南風そよそよｰ …… マダコから‥ 木更津沖まわりを‥ズラしｰズラしｰして‥空振りまくり‥(^_^;)‥ ‥ところ.どころで‥ポッン.と.(^o^).ゲット♪ 全体的には‥乗らず,釣れず‥(>_<)‥ (小ぶりｰ小中サイズ) ‥‥ 日中にアジを‥ 木更津沖まわりを‥最初のうちは‥ポッン(^o^)ポッンと‥小ぶりサイズが主体で‥ →ポイントを‥転々と.して‥ ところ.どころで‥間が.空きながら‥中小サイズが‥ポッン.(^o^).と‥(カサゴは‥やや小ぶりｰ中小に‥良型サイズ♪)…… 上げ潮時に‥マダコ狙ったり,アジを狙ったりしたが‥ どっちも‥うまくハマれず‥(^o^;)‥ 沖めからｰキワまわりを→クルージング状態→(+_+) あぁｰぁ.で‥沖",27.7℃,NULL,chowari/ミナミ釣船
ミナミ釣船,大田区六郷水門,2026/09/02,1,0,マハタ,マハタ,サブ,マハタ,NULL,,,,0,,,,,NULL,木更津沖,木更津沖,NULL,2,NULL,NULL,27.7,27.7,NULL,南南東,1.3m/s,中潮・上げ潮,南 0.2m/s,曇り時々晴れ,NULL,NULL,NULL,"☆マダコｰアジ(+カサゴ)で‥(第８)出てました‥ ……北東ｰ南風そよそよｰ …… マダコから‥ 木更津沖まわりを‥ズラしｰズラしｰして‥空振りまくり‥(^_^;)‥ ‥ところ.どころで‥ポッン.と.(^o^).ゲット♪ 全体的には‥乗らず,釣れず‥(>_<)‥ (小ぶりｰ小中サイズ) ‥‥ 日中にアジを‥ 木更津沖まわりを‥最初のうちは‥ポッン(^o^)ポッンと‥小ぶりサイズが主体で‥ →ポイントを‥転々と.して‥ ところ.どころで‥間が.空きながら‥中小サイズが‥ポッン.(^o^).と‥(カサゴは‥やや小ぶりｰ中小に‥良型サイズ♪)…… 上げ潮時に‥マダコ狙ったり,アジを狙ったりしたが‥ どっちも‥うまくハマれず‥(^o^;)‥ 沖めからｰキワまわりを→クルージング状態→(+_+) あぁｰぁ.で‥沖",27.7℃,NULL,chowari/ミナミ釣船
ミナミ釣船,大田区六郷水門,2026/09/03,1,0,アジ,アジ,サブ,アジ,NULL,,,,0,,,,,NULL,走水沖,竹岡沖,NULL,2,NULL,NULL,27.7,27.7,NULL,南南西,4.3m/s,小潮,南 0.2m/s,曇りのち一時雨,NULL,NULL,NULL,"☆タチウオｰカワハギ(+マダコ)で‥(第８)出てました‥南風そよそよｰ …… タチウオから‥ 猿島ｰ走水沖の船団まわりに‥ 水深は50ｰ65m前後, あたりダナは‥下から5ｰ20mぐらいで‥ 誘いと,合わせのタイミングが合う方は‥ポッン.(^o^).ポッン.と‥ (小ぶりｰやや小ぶりに.まぁまぁサイズにｰ良型も)後半‥カワハギ(+マダコ)を‥ 大貫ｰ竹岡沖まわりを‥転々と.して‥ズラしｰズラしｰして‥空振りながらも‥ ‥どっちも.ところ.どころで‥ポッン(^o^)と‥ ‥‥ カワハギ‥手のひら.ちょっとの.まぁまぁサイズ マダコ‥小ぶりｰ中小サイズ‥‥‥ →多摩川に入り‥もうじき水門って所で‥北風が.ふわふわ.と‥(雨はセーフ) ‥‥ 16時15分‥そのまま水門の中に‥ …… お付き合い",27.7℃,NULL,chowari/ミナミ釣船
ミナミ釣船,大田区六郷水門,2026/09/03,1,0,カサゴ,カサゴ,サブ,カサゴ,NULL,,,,0,,,,,NULL,走水沖,竹岡沖,NULL,2,NULL,NULL,27.7,27.7,NULL,南南西,4.3m/s,小潮,南 0.2m/s,曇りのち一時雨,NULL,NULL,NULL,"☆タチウオｰカワハギ(+マダコ)で‥(第８)出てました‥南風そよそよｰ …… タチウオから‥ 猿島ｰ走水沖の船団まわりに‥ 水深は50ｰ65m前後, あたりダナは‥下から5ｰ20mぐらいで‥ 誘いと,合わせのタイミングが合う方は‥ポッン.(^o^).ポッン.と‥ (小ぶりｰやや小ぶりに.まぁまぁサイズにｰ良型も)後半‥カワハギ(+マダコ)を‥ 大貫ｰ竹岡沖まわりを‥転々と.して‥ズラしｰズラしｰして‥空振りながらも‥ ‥どっちも.ところ.どころで‥ポッン(^o^)と‥ ‥‥ カワハギ‥手のひら.ちょっとの.まぁまぁサイズ マダコ‥小ぶりｰ中小サイズ‥‥‥ →多摩川に入り‥もうじき水門って所で‥北風が.ふわふわ.と‥(雨はセーフ) ‥‥ 16時15分‥そのまま水門の中に‥ …… お付き合い",27.7℃,NULL,chowari/ミナミ釣船
ミナミ釣船,大田区六郷水門,2026/09/03,1,0,カワハギ,カワハギ,サブ,カワハギ,NULL,0.0,2.0,1.0,0,23.0,26.0,,,NULL,走水沖,竹岡沖,NULL,2,NULL,NULL,27.7,27.7,NULL,南南西,4.3m/s,小潮,南 0.2m/s,曇りのち一時雨,NULL,NULL,NULL,"☆タチウオｰカワハギ(+マダコ)で‥(第８)出てました‥南風そよそよｰ …… タチウオから‥ 猿島ｰ走水沖の船団まわりに‥ 水深は50ｰ65m前後, あたりダナは‥下から5ｰ20mぐらいで‥ 誘いと,合わせのタイミングが合う方は‥ポッン.(^o^).ポッン.と‥ (小ぶりｰやや小ぶりに.まぁまぁサイズにｰ良型も)後半‥カワハギ(+マダコ)を‥ 大貫ｰ竹岡沖まわりを‥転々と.して‥ズラしｰズラしｰして‥空振りながらも‥ ‥どっちも.ところ.どころで‥ポッン(^o^)と‥ ‥‥ カワハギ‥手のひら.ちょっとの.まぁまぁサイズ マダコ‥小ぶりｰ中小サイズ‥‥‥ →多摩川に入り‥もうじき水門って所で‥北風が.ふわふわ.と‥(雨はセーフ) ‥‥ 16時15分‥そのまま水門の中に‥ …… お付き合い",27.7℃,NULL,chowari/ミナミ釣船
ミナミ釣船,大田区六郷水門,2026/09/03,1,0,タチウオ,タチウオ,メイン,タチウオ,NULL,1.0,6.0,3.5,0,60.0,113.0,,,NULL,走水沖,竹岡沖,NULL,2,NULL,NULL,27.7,27.7,NULL,南南西,4.3m/s,小潮,南 0.2m/s,曇りのち一時雨,アジ・カサゴ・カワハギ・ベラ・マダコ,NULL,NULL,"☆タチウオｰカワハギ(+マダコ)で‥(第８)出てました‥南風そよそよｰ …… タチウオから‥ 猿島ｰ走水沖の船団まわりに‥ 水深は50ｰ65m前後, あたりダナは‥下から5ｰ20mぐらいで‥ 誘いと,合わせのタイミングが合う方は‥ポッン.(^o^).ポッン.と‥ (小ぶりｰやや小ぶりに.まぁまぁサイズにｰ良型も)後半‥カワハギ(+マダコ)を‥ 大貫ｰ竹岡沖まわりを‥転々と.して‥ズラしｰズラしｰして‥空振りながらも‥ ‥どっちも.ところ.どころで‥ポッン(^o^)と‥ ‥‥ カワハギ‥手のひら.ちょっとの.まぁまぁサイズ マダコ‥小ぶりｰ中小サイズ‥‥‥ →多摩川に入り‥もうじき水門って所で‥北風が.ふわふわ.と‥(雨はセーフ) ‥‥ 16時15分‥そのまま水門の中に‥ …… お付き合い",27.7℃,NULL,chowari/ミナミ釣船
ミナミ釣船,大田区六郷水門,2026/09/03,1,0,ベラ,NULL,サブ,ベラ,NULL,,,,0,,,,,NULL,走水沖,竹岡沖,NULL,2,NULL,NULL,27.7,27.7,NULL,南南西,4.3m/s,小潮,南 0.2m/s,曇りのち一時雨,NULL,NULL,NULL,"☆タチウオｰカワハギ(+マダコ)で‥(第８)出てました‥南風そよそよｰ …… タチウオから‥ 猿島ｰ走水沖の船団まわりに‥ 水深は50ｰ65m前後, あたりダナは‥下から5ｰ20mぐらいで‥ 誘いと,合わせのタイミングが合う方は‥ポッン.(^o^).ポッン.と‥ (小ぶりｰやや小ぶりに.まぁまぁサイズにｰ良型も)後半‥カワハギ(+マダコ)を‥ 大貫ｰ竹岡沖まわりを‥転々と.して‥ズラしｰズラしｰして‥空振りながらも‥ ‥どっちも.ところ.どころで‥ポッン(^o^)と‥ ‥‥ カワハギ‥手のひら.ちょっとの.まぁまぁサイズ マダコ‥小ぶりｰ中小サイズ‥‥‥ →多摩川に入り‥もうじき水門って所で‥北風が.ふわふわ.と‥(雨はセーフ) ‥‥ 16時15分‥そのまま水門の中に‥ …… お付き合い",27.7℃,NULL,chowari/ミナミ釣船
ミナミ釣船,大田区六郷水門,2026/09/03,1,0,マダコ,マダコ,サブ,マダコ,NULL,0.0,3.0,1.5,0,,,0.3,0.6,NULL,走水沖,竹岡沖,NULL,2,NULL,NULL,27.7,27.7,NULL,南南西,4.3m/s,小潮,南 0.2m/s,曇りのち一時雨,NULL,NULL,NULL,"☆タチウオｰカワハギ(+マダコ)で‥(第８)出てました‥南風そよそよｰ …… タチウオから‥ 猿島ｰ走水沖の船団まわりに‥ 水深は50ｰ65m前後, あたりダナは‥下から5ｰ20mぐらいで‥ 誘いと,合わせのタイミングが合う方は‥ポッン.(^o^).ポッン.と‥ (小ぶりｰやや小ぶりに.まぁまぁサイズにｰ良型も)後半‥カワハギ(+マダコ)を‥ 大貫ｰ竹岡沖まわりを‥転々と.して‥ズラしｰズラしｰして‥空振りながらも‥ ‥どっちも.ところ.どころで‥ポッン(^o^)と‥ ‥‥ カワハギ‥手のひら.ちょっとの.まぁまぁサイズ マダコ‥小ぶりｰ中小サイズ‥‥‥ →多摩川に入り‥もうじき水門って所で‥北風が.ふわふわ.と‥(雨はセーフ) ‥‥ 16時15分‥そのまま水門の中に‥ …… お付き合い",27.7℃,NULL,chowari/ミナミ釣船
ミナミ釣船,大田区六郷水門,2026/09/04,1,0,アジ,アジ,サブ,アジ,NULL,5.0,27.0,16.0,0,15.0,27.0,,,NULL,走水沖,木更津沖,NULL,2,NULL,NULL,28.0,28.0,NULL,北北東,2.9m/s,小潮・下げ潮,南 0.2m/s,雨時々止む,NULL,NULL,NULL,"☆マダコｰアジｰタチウオで‥(第８)出てました‥ ……北東風そよそよｰ …… タチウオから‥ →走水沖の船団まわりに‥ (下げ潮はトロり‥) 水深は65m前後, あたりダナは‥下から5ｰ12mぐらいで‥ ‥誘いと,合わせのタイミングが合う方は‥ポッン.(^o^).ポッン.と‥ (小ぶりｰやや小ぶりに.まぁまぁサイズにｰ良型も) …… 後半に‥マダコｰアジを‥ 木更津沖まわりを‥転々と.して‥ズラしｰズラしｰして‥ どっちも‥ところ.どころで‥お強い方は‥ポッン.(^o^).ポッン.と‥ ‥‥ マダコ‥小ぶりｰ中小サイズ‥平均には釣れず(^_^;)‥ ‥‥ アジは‥中小サイズ主体に‥小ぶりまじり ○コマセの振り出しの‥タイミングが合う方はポッ.ポッ(^o^)と‥ ‥‥ カサゴは‥良型サイズに",28.0℃,NULL,chowari/ミナミ釣船
ミナミ釣船,大田区六郷水門,2026/09/04,1,0,イシモチ,イシモチ,サブ,イシモチ,NULL,,,,0,,,,,NULL,走水沖,木更津沖,NULL,2,NULL,NULL,28.0,28.0,NULL,北北東,2.9m/s,小潮・下げ潮,南 0.2m/s,雨時々止む,NULL,NULL,NULL,"☆マダコｰアジｰタチウオで‥(第８)出てました‥ ……北東風そよそよｰ …… タチウオから‥ →走水沖の船団まわりに‥ (下げ潮はトロり‥) 水深は65m前後, あたりダナは‥下から5ｰ12mぐらいで‥ ‥誘いと,合わせのタイミングが合う方は‥ポッン.(^o^).ポッン.と‥ (小ぶりｰやや小ぶりに.まぁまぁサイズにｰ良型も) …… 後半に‥マダコｰアジを‥ 木更津沖まわりを‥転々と.して‥ズラしｰズラしｰして‥ どっちも‥ところ.どころで‥お強い方は‥ポッン.(^o^).ポッン.と‥ ‥‥ マダコ‥小ぶりｰ中小サイズ‥平均には釣れず(^_^;)‥ ‥‥ アジは‥中小サイズ主体に‥小ぶりまじり ○コマセの振り出しの‥タイミングが合う方はポッ.ポッ(^o^)と‥ ‥‥ カサゴは‥良型サイズに",28.0℃,NULL,chowari/ミナミ釣船
ミナミ釣船,大田区六郷水門,2026/09/04,1,0,カサゴ,カサゴ,サブ,カサゴ,NULL,,,,0,,,,,NULL,走水沖,木更津沖,NULL,2,NULL,NULL,28.0,28.0,NULL,北北東,2.9m/s,小潮・下げ潮,南 0.2m/s,雨時々止む,NULL,NULL,NULL,"☆マダコｰアジｰタチウオで‥(第８)出てました‥ ……北東風そよそよｰ …… タチウオから‥ →走水沖の船団まわりに‥ (下げ潮はトロり‥) 水深は65m前後, あたりダナは‥下から5ｰ12mぐらいで‥ ‥誘いと,合わせのタイミングが合う方は‥ポッン.(^o^).ポッン.と‥ (小ぶりｰやや小ぶりに.まぁまぁサイズにｰ良型も) …… 後半に‥マダコｰアジを‥ 木更津沖まわりを‥転々と.して‥ズラしｰズラしｰして‥ どっちも‥ところ.どころで‥お強い方は‥ポッン.(^o^).ポッン.と‥ ‥‥ マダコ‥小ぶりｰ中小サイズ‥平均には釣れず(^_^;)‥ ‥‥ アジは‥中小サイズ主体に‥小ぶりまじり ○コマセの振り出しの‥タイミングが合う方はポッ.ポッ(^o^)と‥ ‥‥ カサゴは‥良型サイズに",28.0℃,NULL,chowari/ミナミ釣船
ミナミ釣船,大田区六郷水門,2026/09/04,1,0,シロギス,シロギス,サブ,シロギス,NULL,,,,0,,,,,NULL,走水沖,木更津沖,NULL,2,NULL,NULL,28.0,28.0,NULL,北北東,2.9m/s,小潮・下げ潮,南 0.2m/s,雨時々止む,NULL,NULL,NULL,"☆マダコｰアジｰタチウオで‥(第８)出てました‥ ……北東風そよそよｰ …… タチウオから‥ →走水沖の船団まわりに‥ (下げ潮はトロり‥) 水深は65m前後, あたりダナは‥下から5ｰ12mぐらいで‥ ‥誘いと,合わせのタイミングが合う方は‥ポッン.(^o^).ポッン.と‥ (小ぶりｰやや小ぶりに.まぁまぁサイズにｰ良型も) …… 後半に‥マダコｰアジを‥ 木更津沖まわりを‥転々と.して‥ズラしｰズラしｰして‥ どっちも‥ところ.どころで‥お強い方は‥ポッン.(^o^).ポッン.と‥ ‥‥ マダコ‥小ぶりｰ中小サイズ‥平均には釣れず(^_^;)‥ ‥‥ アジは‥中小サイズ主体に‥小ぶりまじり ○コマセの振り出しの‥タイミングが合う方はポッ.ポッ(^o^)と‥ ‥‥ カサゴは‥良型サイズに",28.0℃,NULL,chowari/ミナミ釣船
ミナミ釣船,大田区六郷水門,2026/09/04,1,0,タチウオ,タチウオ,メイン,タチウオ,NULL,2.0,7.0,4.5,0,60.0,105.0,,,NULL,走水沖,木更津沖,NULL,2,NULL,NULL,28.0,28.0,NULL,北北東,2.9m/s,小潮・下げ潮,南 0.2m/s,雨時々止む,アジ・イシモチ・カサゴ・シロギス・マダコ,NULL,NULL,"☆マダコｰアジｰタチウオで‥(第８)出てました‥ ……北東風そよそよｰ …… タチウオから‥ →走水沖の船団まわりに‥ (下げ潮はトロり‥) 水深は65m前後, あたりダナは‥下から5ｰ12mぐらいで‥ ‥誘いと,合わせのタイミングが合う方は‥ポッン.(^o^).ポッン.と‥ (小ぶりｰやや小ぶりに.まぁまぁサイズにｰ良型も) …… 後半に‥マダコｰアジを‥ 木更津沖まわりを‥転々と.して‥ズラしｰズラしｰして‥ どっちも‥ところ.どころで‥お強い方は‥ポッン.(^o^).ポッン.と‥ ‥‥ マダコ‥小ぶりｰ中小サイズ‥平均には釣れず(^_^;)‥ ‥‥ アジは‥中小サイズ主体に‥小ぶりまじり ○コマセの振り出しの‥タイミングが合う方はポッ.ポッ(^o^)と‥ ‥‥ カサゴは‥良型サイズに",28.0℃,NULL,chowari/ミナミ釣船
ミナミ釣船,大田区六郷水門,2026/09/04,1,0,マダコ,マダコ,サブ,マダコ,NULL,0.0,5.0,2.5,0,,,0.3,0.6,NULL,走水沖,木更津沖,NULL,2,NULL,NULL,28.0,28.0,NULL,北北東,2.9m/s,小潮・下げ潮,南 0.2m/s,雨時々止む,NULL,NULL,NULL,"☆マダコｰアジｰタチウオで‥(第８)出てました‥ ……北東風そよそよｰ …… タチウオから‥ →走水沖の船団まわりに‥ (下げ潮はトロり‥) 水深は65m前後, あたりダナは‥下から5ｰ12mぐらいで‥ ‥誘いと,合わせのタイミングが合う方は‥ポッン.(^o^).ポッン.と‥ (小ぶりｰやや小ぶりに.まぁまぁサイズにｰ良型も) …… 後半に‥マダコｰアジを‥ 木更津沖まわりを‥転々と.して‥ズラしｰズラしｰして‥ どっちも‥ところ.どころで‥お強い方は‥ポッン.(^o^).ポッン.と‥ ‥‥ マダコ‥小ぶりｰ中小サイズ‥平均には釣れず(^_^;)‥ ‥‥ アジは‥中小サイズ主体に‥小ぶりまじり ○コマセの振り出しの‥タイミングが合う方はポッ.ポッ(^o^)と‥ ‥‥ カサゴは‥良型サイズに",28.0℃,NULL,chowari/ミナミ釣船
ミナミ釣船,大田区六郷水門,2026/09/05,1,0,シロギス,シロギス,サブ,シロギス,NULL,,,,0,,,,,NULL,猿島沖,大師沖,NULL,2,NULL,NULL,27.6,27.6,NULL,東北東,3.1m/s,小潮,南 0.2m/s,曇り,NULL,NULL,NULL,前半に‥タチウオを‥ (第８)と一緒に‥猿島沖の船団まわりで‥じっくりと(^o^)‥ …… 後半にマダコを‥ →西まわりに‥富岡ｰ扇大島ｰ大師沖まわりを‥転々と‥ 他シロギスいくつか‥ …… 詳しくは‥しょういちの気まぐれ日記を‥ ‥‥ →16時半‥そのまま水門の中に‥ …… お付き合いしてくれた.お客様ありがとうございました(*^^*) …………,27.6℃,NULL,chowari/ミナミ釣船
ミナミ釣船,大田区六郷水門,2026/09/05,1,0,タチウオ,タチウオ,メイン,タチウオ,NULL,0.0,7.0,3.5,0,60.0,105.0,,,NULL,猿島沖,大師沖,NULL,2,NULL,NULL,27.6,27.6,NULL,東北東,3.1m/s,小潮,南 0.2m/s,曇り,シロギス・マダコ,NULL,NULL,前半に‥タチウオを‥ (第８)と一緒に‥猿島沖の船団まわりで‥じっくりと(^o^)‥ …… 後半にマダコを‥ →西まわりに‥富岡ｰ扇大島ｰ大師沖まわりを‥転々と‥ 他シロギスいくつか‥ …… 詳しくは‥しょういちの気まぐれ日記を‥ ‥‥ →16時半‥そのまま水門の中に‥ …… お付き合いしてくれた.お客様ありがとうございました(*^^*) …………,27.6℃,NULL,chowari/ミナミ釣船
ミナミ釣船,大田区六郷水門,2026/09/05,1,0,マダコ,マダコ,サブ,マダコ,NULL,0.0,4.0,2.0,0,,,0.3,1.3,NULL,猿島沖,大師沖,NULL,2,NULL,NULL,27.6,27.6,NULL,東北東,3.1m/s,小潮,南 0.2m/s,曇り,NULL,NULL,NULL,前半に‥タチウオを‥ (第８)と一緒に‥猿島沖の船団まわりで‥じっくりと(^o^)‥ …… 後半にマダコを‥ →西まわりに‥富岡ｰ扇大島ｰ大師沖まわりを‥転々と‥ 他シロギスいくつか‥ …… 詳しくは‥しょういちの気まぐれ日記を‥ ‥‥ →16時半‥そのまま水門の中に‥ …… お付き合いしてくれた.お客様ありがとうございました(*^^*) …………,27.6℃,NULL,chowari/ミナミ釣船
ミナミ釣船,大田区六郷水門,2026/09/05,2,0,アジ,アジ,サブ,アジ,NULL,6.0,32.0,19.0,0,15.0,27.0,,,NULL,猿島沖,木更津沖,NULL,2,NULL,NULL,27.6,27.6,NULL,東北東,3.1m/s,小潮,南 0.2m/s,曇り,NULL,NULL,NULL,"☆タチウオｰちょいマダコｰアジで‥(第８)‥ …… ☆プラン通りに‥行けました‥(^o^)‥北東風そよそよｰ …… 朝‥潮待ち‥８時半に‥みんな前の方に‥乗ってもらい出れて→ ‥‥ タチウオから‥ →猿島沖の船団まわりに‥ (潮の流れなく.じっくり‥) 水深は63m前後, あたりダナは‥下から8ｰ17mぐらいで‥ ‥誘いと,合わせのタイミングが合う方は‥ポッン.(^o^).ポッン.と‥ (小ぶりｰやや小ぶりに.まぁまぁサイズにｰ良型まじり)他.でかアジ …… 昼からに‥アジ.マダコを‥ 木更津沖まわりを‥転々と.して‥ズラしｰズラしｰして‥ どっちも‥ところ.どころで‥ポッン.(^o^).と‥ ‥‥ マダコ‥小ぶりｰ小中サイズ‥平均には釣れず(^_^;) ‥‥ アジは‥中小サイズに小ぶりまじ",27.6℃,NULL,chowari/ミナミ釣船
ミナミ釣船,大田区六郷水門,2026/09/05,2,0,シロギス,シロギス,サブ,シロギス,NULL,,,,0,,,,,NULL,猿島沖,木更津沖,NULL,2,NULL,NULL,27.6,27.6,NULL,東北東,3.1m/s,小潮,南 0.2m/s,曇り,NULL,NULL,NULL,"☆タチウオｰちょいマダコｰアジで‥(第８)‥ …… ☆プラン通りに‥行けました‥(^o^)‥北東風そよそよｰ …… 朝‥潮待ち‥８時半に‥みんな前の方に‥乗ってもらい出れて→ ‥‥ タチウオから‥ →猿島沖の船団まわりに‥ (潮の流れなく.じっくり‥) 水深は63m前後, あたりダナは‥下から8ｰ17mぐらいで‥ ‥誘いと,合わせのタイミングが合う方は‥ポッン.(^o^).ポッン.と‥ (小ぶりｰやや小ぶりに.まぁまぁサイズにｰ良型まじり)他.でかアジ …… 昼からに‥アジ.マダコを‥ 木更津沖まわりを‥転々と.して‥ズラしｰズラしｰして‥ どっちも‥ところ.どころで‥ポッン.(^o^).と‥ ‥‥ マダコ‥小ぶりｰ小中サイズ‥平均には釣れず(^_^;) ‥‥ アジは‥中小サイズに小ぶりまじ",27.6℃,NULL,chowari/ミナミ釣船
ミナミ釣船,大田区六郷水門,2026/09/05,2,0,タチウオ,タチウオ,メイン,タチウオ,NULL,0.0,7.0,3.5,0,60.0,107.0,,,NULL,猿島沖,木更津沖,NULL,2,NULL,NULL,27.6,27.6,NULL,東北東,3.1m/s,小潮,南 0.2m/s,曇り,アジ・シロギス・ベラ・マダコ・メバル,NULL,NULL,"☆タチウオｰちょいマダコｰアジで‥(第８)‥ …… ☆プラン通りに‥行けました‥(^o^)‥北東風そよそよｰ …… 朝‥潮待ち‥８時半に‥みんな前の方に‥乗ってもらい出れて→ ‥‥ タチウオから‥ →猿島沖の船団まわりに‥ (潮の流れなく.じっくり‥) 水深は63m前後, あたりダナは‥下から8ｰ17mぐらいで‥ ‥誘いと,合わせのタイミングが合う方は‥ポッン.(^o^).ポッン.と‥ (小ぶりｰやや小ぶりに.まぁまぁサイズにｰ良型まじり)他.でかアジ …… 昼からに‥アジ.マダコを‥ 木更津沖まわりを‥転々と.して‥ズラしｰズラしｰして‥ どっちも‥ところ.どころで‥ポッン.(^o^).と‥ ‥‥ マダコ‥小ぶりｰ小中サイズ‥平均には釣れず(^_^;) ‥‥ アジは‥中小サイズに小ぶりまじ",27.6℃,NULL,chowari/ミナミ釣船
ミナミ釣船,大田区六郷水門,2026/09/05,2,0,ベラ,NULL,サブ,ベラ,NULL,,,,0,,,,,NULL,猿島沖,木更津沖,NULL,2,NULL,NULL,27.6,27.6,NULL,東北東,3.1m/s,小潮,南 0.2m/s,曇り,NULL,NULL,NULL,"☆タチウオｰちょいマダコｰアジで‥(第８)‥ …… ☆プラン通りに‥行けました‥(^o^)‥北東風そよそよｰ …… 朝‥潮待ち‥８時半に‥みんな前の方に‥乗ってもらい出れて→ ‥‥ タチウオから‥ →猿島沖の船団まわりに‥ (潮の流れなく.じっくり‥) 水深は63m前後, あたりダナは‥下から8ｰ17mぐらいで‥ ‥誘いと,合わせのタイミングが合う方は‥ポッン.(^o^).ポッン.と‥ (小ぶりｰやや小ぶりに.まぁまぁサイズにｰ良型まじり)他.でかアジ …… 昼からに‥アジ.マダコを‥ 木更津沖まわりを‥転々と.して‥ズラしｰズラしｰして‥ どっちも‥ところ.どころで‥ポッン.(^o^).と‥ ‥‥ マダコ‥小ぶりｰ小中サイズ‥平均には釣れず(^_^;) ‥‥ アジは‥中小サイズに小ぶりまじ",27.6℃,NULL,chowari/ミナミ釣船
ミナミ釣船,大田区六郷水門,2026/09/05,2,0,マダコ,マダコ,サブ,マダコ,NULL,0.0,2.0,1.0,0,,,0.3,0.6,NULL,猿島沖,木更津沖,NULL,2,NULL,NULL,27.6,27.6,NULL,東北東,3.1m/s,小潮,南 0.2m/s,曇り,NULL,NULL,NULL,"☆タチウオｰちょいマダコｰアジで‥(第８)‥ …… ☆プラン通りに‥行けました‥(^o^)‥北東風そよそよｰ …… 朝‥潮待ち‥８時半に‥みんな前の方に‥乗ってもらい出れて→ ‥‥ タチウオから‥ →猿島沖の船団まわりに‥ (潮の流れなく.じっくり‥) 水深は63m前後, あたりダナは‥下から8ｰ17mぐらいで‥ ‥誘いと,合わせのタイミングが合う方は‥ポッン.(^o^).ポッン.と‥ (小ぶりｰやや小ぶりに.まぁまぁサイズにｰ良型まじり)他.でかアジ …… 昼からに‥アジ.マダコを‥ 木更津沖まわりを‥転々と.して‥ズラしｰズラしｰして‥ どっちも‥ところ.どころで‥ポッン.(^o^).と‥ ‥‥ マダコ‥小ぶりｰ小中サイズ‥平均には釣れず(^_^;) ‥‥ アジは‥中小サイズに小ぶりまじ",27.6℃,NULL,chowari/ミナミ釣船
ミナミ釣船,大田区六郷水門,2026/09/05,2,0,メバル,メバル,サブ,メバル,NULL,,,,0,,,,,NULL,猿島沖,木更津沖,NULL,2,NULL,NULL,27.6,27.6,NULL,東北東,3.1m/s,小潮,南 0.2m/s,曇り,NULL,NULL,NULL,"☆タチウオｰちょいマダコｰアジで‥(第８)‥ …… ☆プラン通りに‥行けました‥(^o^)‥北東風そよそよｰ …… 朝‥潮待ち‥８時半に‥みんな前の方に‥乗ってもらい出れて→ ‥‥ タチウオから‥ →猿島沖の船団まわりに‥ (潮の流れなく.じっくり‥) 水深は63m前後, あたりダナは‥下から8ｰ17mぐらいで‥ ‥誘いと,合わせのタイミングが合う方は‥ポッン.(^o^).ポッン.と‥ (小ぶりｰやや小ぶりに.まぁまぁサイズにｰ良型まじり)他.でかアジ …… 昼からに‥アジ.マダコを‥ 木更津沖まわりを‥転々と.して‥ズラしｰズラしｰして‥ どっちも‥ところ.どころで‥ポッン.(^o^).と‥ ‥‥ マダコ‥小ぶりｰ小中サイズ‥平均には釣れず(^_^;) ‥‥ アジは‥中小サイズに小ぶりまじ",27.6℃,NULL,chowari/ミナミ釣船
ミナミ釣船,大田区六郷水門,2026/09/11,1,0,カサゴ,カサゴ,サブ,カサゴ,NULL,,,,0,,,,,NULL,扇島沖,走水沖,木更津沖,3,NULL,NULL,27.3,27.3,NULL,北北東,4.3m/s,大潮,南 0.2m/s,雨,NULL,NULL,NULL,☆マダコｰタチウオで‥(第８)出てました‥北北東風そよそよｰ …… ひさびさに沖に(^_^;)→ 朝‥ちょいマダコを‥ 扇島沖まわりを‥転々と.したが‥ ゴミ(流れ物)が多く‥水っけしてる為か‥なかなか乗らず‥(^_^;)‥ 単発で‥ポッン.(^o^;).と‥だけで‥ …… 早めに→タチウオへ‥ 走水沖の船団まわりの水深は50ｰ65m前後‥ ○下から10mぐらいで‥あたりを出せて‥ ‥誘いと合わせのタイミングが合う方は.ポッン(^o^)ポッンと♪ ‥‥ (小ぶりｰやや小ぶりに.まぁまぁサイズに良型サイズも) …… →帰りがけに‥マダコを‥木更津沖まわりを‥転々と.して‥根のキツい所は仕掛けのロストも目立ったが‥ ところ.どころで‥ポッン.ポッン.(^o^).ゲット♪ (小ぶりｰ小中サイズ),27.3℃,NULL,chowari/ミナミ釣船
ミナミ釣船,大田区六郷水門,2026/09/11,1,0,シロギス,シロギス,サブ,シロギス,NULL,,,,0,,,,,NULL,扇島沖,走水沖,木更津沖,3,NULL,NULL,27.3,27.3,NULL,北北東,4.3m/s,大潮,南 0.2m/s,雨,NULL,NULL,NULL,☆マダコｰタチウオで‥(第８)出てました‥北北東風そよそよｰ …… ひさびさに沖に(^_^;)→ 朝‥ちょいマダコを‥ 扇島沖まわりを‥転々と.したが‥ ゴミ(流れ物)が多く‥水っけしてる為か‥なかなか乗らず‥(^_^;)‥ 単発で‥ポッン.(^o^;).と‥だけで‥ …… 早めに→タチウオへ‥ 走水沖の船団まわりの水深は50ｰ65m前後‥ ○下から10mぐらいで‥あたりを出せて‥ ‥誘いと合わせのタイミングが合う方は.ポッン(^o^)ポッンと♪ ‥‥ (小ぶりｰやや小ぶりに.まぁまぁサイズに良型サイズも) …… →帰りがけに‥マダコを‥木更津沖まわりを‥転々と.して‥根のキツい所は仕掛けのロストも目立ったが‥ ところ.どころで‥ポッン.ポッン.(^o^).ゲット♪ (小ぶりｰ小中サイズ),27.3℃,NULL,chowari/ミナミ釣船
ミナミ釣船,大田区六郷水門,2026/09/11,1,0,タチウオ,タチウオ,メイン,タチウオ,NULL,2.0,11.0,6.5,0,65.0,105.0,,,NULL,扇島沖,走水沖,木更津沖,3,NULL,NULL,27.3,27.3,NULL,北北東,4.3m/s,大潮,南 0.2m/s,雨,カサゴ・シロギス・ベラ・マダコ,NULL,NULL,☆マダコｰタチウオで‥(第８)出てました‥北北東風そよそよｰ …… ひさびさに沖に(^_^;)→ 朝‥ちょいマダコを‥ 扇島沖まわりを‥転々と.したが‥ ゴミ(流れ物)が多く‥水っけしてる為か‥なかなか乗らず‥(^_^;)‥ 単発で‥ポッン.(^o^;).と‥だけで‥ …… 早めに→タチウオへ‥ 走水沖の船団まわりの水深は50ｰ65m前後‥ ○下から10mぐらいで‥あたりを出せて‥ ‥誘いと合わせのタイミングが合う方は.ポッン(^o^)ポッンと♪ ‥‥ (小ぶりｰやや小ぶりに.まぁまぁサイズに良型サイズも) …… →帰りがけに‥マダコを‥木更津沖まわりを‥転々と.して‥根のキツい所は仕掛けのロストも目立ったが‥ ところ.どころで‥ポッン.ポッン.(^o^).ゲット♪ (小ぶりｰ小中サイズ),27.3℃,NULL,chowari/ミナミ釣船
ミナミ釣船,大田区六郷水門,2026/09/11,1,0,ベラ,NULL,サブ,ベラ,NULL,,,,0,,,,,NULL,扇島沖,走水沖,木更津沖,3,NULL,NULL,27.3,27.3,NULL,北北東,4.3m/s,大潮,南 0.2m/s,雨,NULL,NULL,NULL,☆マダコｰタチウオで‥(第８)出てました‥北北東風そよそよｰ …… ひさびさに沖に(^_^;)→ 朝‥ちょいマダコを‥ 扇島沖まわりを‥転々と.したが‥ ゴミ(流れ物)が多く‥水っけしてる為か‥なかなか乗らず‥(^_^;)‥ 単発で‥ポッン.(^o^;).と‥だけで‥ …… 早めに→タチウオへ‥ 走水沖の船団まわりの水深は50ｰ65m前後‥ ○下から10mぐらいで‥あたりを出せて‥ ‥誘いと合わせのタイミングが合う方は.ポッン(^o^)ポッンと♪ ‥‥ (小ぶりｰやや小ぶりに.まぁまぁサイズに良型サイズも) …… →帰りがけに‥マダコを‥木更津沖まわりを‥転々と.して‥根のキツい所は仕掛けのロストも目立ったが‥ ところ.どころで‥ポッン.ポッン.(^o^).ゲット♪ (小ぶりｰ小中サイズ),27.3℃,NULL,chowari/ミナミ釣船
ミナミ釣船,大田区六郷水門,2026/09/11,1,0,マダコ,マダコ,サブ,マダコ,NULL,0.0,3.0,1.5,0,,,0.3,0.6,NULL,扇島沖,走水沖,木更津沖,3,NULL,NULL,27.3,27.3,NULL,北北東,4.3m/s,大潮,南 0.2m/s,雨,NULL,NULL,NULL,☆マダコｰタチウオで‥(第８)出てました‥北北東風そよそよｰ …… ひさびさに沖に(^_^;)→ 朝‥ちょいマダコを‥ 扇島沖まわりを‥転々と.したが‥ ゴミ(流れ物)が多く‥水っけしてる為か‥なかなか乗らず‥(^_^;)‥ 単発で‥ポッン.(^o^;).と‥だけで‥ …… 早めに→タチウオへ‥ 走水沖の船団まわりの水深は50ｰ65m前後‥ ○下から10mぐらいで‥あたりを出せて‥ ‥誘いと合わせのタイミングが合う方は.ポッン(^o^)ポッンと♪ ‥‥ (小ぶりｰやや小ぶりに.まぁまぁサイズに良型サイズも) …… →帰りがけに‥マダコを‥木更津沖まわりを‥転々と.して‥根のキツい所は仕掛けのロストも目立ったが‥ ところ.どころで‥ポッン.ポッン.(^o^).ゲット♪ (小ぶりｰ小中サイズ),27.3℃,NULL,chowari/ミナミ釣船
ミナミ釣船,大田区六郷水門,2026/09/12,1,0,アジ,アジ,サブ,アジ,NULL,,,,0,,,,,NULL,走水沖,木更津沖,NULL,2,NULL,NULL,25.9,25.9,NULL,北北東,4.9m/s,大潮・下げ潮,東北東 0.4m/s,雨のち曇り,NULL,NULL,NULL,"北ｰ北東風そよそよｰ ‥‥ タチウオから‥ →走水沖の船団まわりを‥ 下げ潮やや速め‥(^_^;)‥あたる(エサは‥かじられる)けどｰ掛からないカンジの方が‥目立った‥(^o^;)‥ ‥水深は50ｰ70m前後‥ 下から8ｰ15mぐらいで‥あたりが出せて‥ ‥誘いと,合わせのタイミングが合う方は‥ポッン.と.(^o^).ゲット♪ (小ぶりｰやや小ぶりに‥まぁまぁサイズ.良型まじり) 他でかアジ ‥‥‥ 後半にアジを‥ 木更津沖まわりからｰ近場を‥転々と.して‥ ところ.どころで‥間が.空きながらｰあたりが出て‥ コマセの振り出しのタイミングが合う方は‥ポッ.ポッ.(^o^)ゲット♪ ‥‥ アジは‥(小ぶりｰ小中に.中小サイズ) カサゴは(小ぶりｰ中小サイズにｰ良型まじり) 16時20分‥その",25.9℃,NULL,chowari/ミナミ釣船
ミナミ釣船,大田区六郷水門,2026/09/12,1,0,カサゴ,カサゴ,サブ,カサゴ,NULL,,,,0,,,,,NULL,走水沖,木更津沖,NULL,2,NULL,NULL,25.9,25.9,NULL,北北東,4.9m/s,大潮・下げ潮,東北東 0.4m/s,雨のち曇り,NULL,NULL,NULL,"北ｰ北東風そよそよｰ ‥‥ タチウオから‥ →走水沖の船団まわりを‥ 下げ潮やや速め‥(^_^;)‥あたる(エサは‥かじられる)けどｰ掛からないカンジの方が‥目立った‥(^o^;)‥ ‥水深は50ｰ70m前後‥ 下から8ｰ15mぐらいで‥あたりが出せて‥ ‥誘いと,合わせのタイミングが合う方は‥ポッン.と.(^o^).ゲット♪ (小ぶりｰやや小ぶりに‥まぁまぁサイズ.良型まじり) 他でかアジ ‥‥‥ 後半にアジを‥ 木更津沖まわりからｰ近場を‥転々と.して‥ ところ.どころで‥間が.空きながらｰあたりが出て‥ コマセの振り出しのタイミングが合う方は‥ポッ.ポッ.(^o^)ゲット♪ ‥‥ アジは‥(小ぶりｰ小中に.中小サイズ) カサゴは(小ぶりｰ中小サイズにｰ良型まじり) 16時20分‥その",25.9℃,NULL,chowari/ミナミ釣船
ミナミ釣船,大田区六郷水門,2026/09/12,1,0,クロダイ,クロダイ,サブ,クロダイ,NULL,2.0,2.0,2.0,0,,,,,NULL,走水沖,木更津沖,NULL,2,NULL,NULL,25.9,25.9,NULL,北北東,4.9m/s,大潮・下げ潮,東北東 0.4m/s,雨のち曇り,NULL,NULL,NULL,"北ｰ北東風そよそよｰ ‥‥ タチウオから‥ →走水沖の船団まわりを‥ 下げ潮やや速め‥(^_^;)‥あたる(エサは‥かじられる)けどｰ掛からないカンジの方が‥目立った‥(^o^;)‥ ‥水深は50ｰ70m前後‥ 下から8ｰ15mぐらいで‥あたりが出せて‥ ‥誘いと,合わせのタイミングが合う方は‥ポッン.と.(^o^).ゲット♪ (小ぶりｰやや小ぶりに‥まぁまぁサイズ.良型まじり) 他でかアジ ‥‥‥ 後半にアジを‥ 木更津沖まわりからｰ近場を‥転々と.して‥ ところ.どころで‥間が.空きながらｰあたりが出て‥ コマセの振り出しのタイミングが合う方は‥ポッ.ポッ.(^o^)ゲット♪ ‥‥ アジは‥(小ぶりｰ小中に.中小サイズ) カサゴは(小ぶりｰ中小サイズにｰ良型まじり) 16時20分‥その",25.9℃,NULL,chowari/ミナミ釣船
ミナミ釣船,大田区六郷水門,2026/09/12,1,0,タチウオ,タチウオ,メイン,タチウオ,NULL,0.0,8.0,4.0,0,60.0,115.0,,,NULL,走水沖,木更津沖,NULL,2,NULL,NULL,25.9,25.9,NULL,北北東,4.9m/s,大潮・下げ潮,東北東 0.4m/s,雨のち曇り,アジ・カサゴ・クロダイ,NULL,NULL,"北ｰ北東風そよそよｰ ‥‥ タチウオから‥ →走水沖の船団まわりを‥ 下げ潮やや速め‥(^_^;)‥あたる(エサは‥かじられる)けどｰ掛からないカンジの方が‥目立った‥(^o^;)‥ ‥水深は50ｰ70m前後‥ 下から8ｰ15mぐらいで‥あたりが出せて‥ ‥誘いと,合わせのタイミングが合う方は‥ポッン.と.(^o^).ゲット♪ (小ぶりｰやや小ぶりに‥まぁまぁサイズ.良型まじり) 他でかアジ ‥‥‥ 後半にアジを‥ 木更津沖まわりからｰ近場を‥転々と.して‥ ところ.どころで‥間が.空きながらｰあたりが出て‥ コマセの振り出しのタイミングが合う方は‥ポッ.ポッ.(^o^)ゲット♪ ‥‥ アジは‥(小ぶりｰ小中に.中小サイズ) カサゴは(小ぶりｰ中小サイズにｰ良型まじり) 16時20分‥その",25.9℃,NULL,chowari/ミナミ釣船
ミナミ釣船,大田区六郷水門,2026/09/13,1,0,アジ,アジ,サブ,アジ,NULL,2.0,26.0,14.0,0,17.0,25.0,,,NULL,走水沖,木更津沖,NULL,2,NULL,NULL,25.4,25.4,NULL,北,4.4m/s,"中潮・上げ潮,下げ潮",北北東 0.2m/s,曇りのち時々晴れ,NULL,NULL,NULL,"☆タチウオｰアジで(第８)出てました‥ ……北ｰ東風そよそよｰ ‥‥ タチウオから‥ →走水沖の船団まわりを‥ 下げ潮は.やや速め‥(^_^;)‥ ‥‥ ‥水深は55ｰ75m前後‥ 下から5ｰ15mぐらいで‥あたりを出せたが‥ エサを‥かじられるけどｰなかなか針に掛からないカンジで‥(^o^;)‥ ‥‥ ○誘いと,合わせのタイミングが合う方は‥ポッン.ポッン.(^o^).ゲット♪ (小ぶりｰやや小ぶりに‥まぁまぁサイズまじり) ‥‥‥ 後半にアジを→木更津沖まわりに‥ ‥まだ上げ潮きてなくて‥うまくハマれず‥(^o^;)‥ぐるーと‥クルージングして→近場まわりに‥ 間が.空きながらｰあたり出て‥じっくり粘ったが‥全体的には.釣れず(^o^;)‥ ‥‥ ○コマセの振り出しのタイミングが合う方は‥",25.4℃,NULL,chowari/ミナミ釣船
ミナミ釣船,大田区六郷水門,2026/09/13,1,0,タチウオ,タチウオ,メイン,タチウオ,NULL,1.0,12.0,6.5,0,65.0,95.0,,,NULL,走水沖,木更津沖,NULL,2,NULL,NULL,25.4,25.4,NULL,北,4.4m/s,"中潮・上げ潮,下げ潮",北北東 0.2m/s,曇りのち時々晴れ,アジ,NULL,NULL,"☆タチウオｰアジで(第８)出てました‥ ……北ｰ東風そよそよｰ ‥‥ タチウオから‥ →走水沖の船団まわりを‥ 下げ潮は.やや速め‥(^_^;)‥ ‥‥ ‥水深は55ｰ75m前後‥ 下から5ｰ15mぐらいで‥あたりを出せたが‥ エサを‥かじられるけどｰなかなか針に掛からないカンジで‥(^o^;)‥ ‥‥ ○誘いと,合わせのタイミングが合う方は‥ポッン.ポッン.(^o^).ゲット♪ (小ぶりｰやや小ぶりに‥まぁまぁサイズまじり) ‥‥‥ 後半にアジを→木更津沖まわりに‥ ‥まだ上げ潮きてなくて‥うまくハマれず‥(^o^;)‥ぐるーと‥クルージングして→近場まわりに‥ 間が.空きながらｰあたり出て‥じっくり粘ったが‥全体的には.釣れず(^o^;)‥ ‥‥ ○コマセの振り出しのタイミングが合う方は‥",25.4℃,NULL,chowari/ミナミ釣船
ミナミ釣船,大田区六郷水門,2026/09/13,2,0,シロギス,シロギス,サブ,シロギス,NULL,2.0,26.0,14.0,0,14.0,23.0,,,NULL,走水沖,瀬沖,NULL,2,NULL,NULL,25.4,25.4,NULL,北,4.4m/s,中潮,北北東 0.2m/s,曇りのち時々晴れ,NULL,NULL,NULL,☆タチウオｰシロギス+マゴチ(第７)出てました‥北ｰ東風そよそよｰ ‥‥ →タチウオから‥ (第８)と一緒に‥走水沖の船団まわりを‥ ‥‥ 後半に‥シロギス+マゴチを‥ 中の瀬沖まわりを‥ズラしｰズラしｰして‥ 誘いが合う方は‥ポッン.ポッン.(^o^)と‥ マゴチはルアーで‥渡辺さんがゲット(^o^) …… 16時過ぎ‥そのまま水門の中に‥ …… お付き合いしてくれたお客様ありがとうございました(^_^),25.4℃,NULL,chowari/ミナミ釣船
ミナミ釣船,大田区六郷水門,2026/09/13,2,0,タチウオ,タチウオ,メイン,タチウオ,NULL,1.0,9.0,5.0,0,65.0,105.0,,,NULL,走水沖,瀬沖,NULL,2,NULL,NULL,25.4,25.4,NULL,北,4.4m/s,中潮,北北東 0.2m/s,曇りのち時々晴れ,シロギス・マゴチ,NULL,NULL,☆タチウオｰシロギス+マゴチ(第７)出てました‥北ｰ東風そよそよｰ ‥‥ →タチウオから‥ (第８)と一緒に‥走水沖の船団まわりを‥ ‥‥ 後半に‥シロギス+マゴチを‥ 中の瀬沖まわりを‥ズラしｰズラしｰして‥ 誘いが合う方は‥ポッン.ポッン.(^o^)と‥ マゴチはルアーで‥渡辺さんがゲット(^o^) …… 16時過ぎ‥そのまま水門の中に‥ …… お付き合いしてくれたお客様ありがとうございました(^_^),25.4℃,NULL,chowari/ミナミ釣船
ミナミ釣船,大田区六郷水門,2026/09/13,2,0,マゴチ,マゴチ,サブ,マゴチ,NULL,,,,0,43.0,43.0,,,NULL,走水沖,瀬沖,NULL,2,NULL,NULL,25.4,25.4,NULL,北,4.4m/s,中潮,北北東 0.2m/s,曇りのち時々晴れ,NULL,NULL,NULL,☆タチウオｰシロギス+マゴチ(第７)出てました‥北ｰ東風そよそよｰ ‥‥ →タチウオから‥ (第８)と一緒に‥走水沖の船団まわりを‥ ‥‥ 後半に‥シロギス+マゴチを‥ 中の瀬沖まわりを‥ズラしｰズラしｰして‥ 誘いが合う方は‥ポッン.ポッン.(^o^)と‥ マゴチはルアーで‥渡辺さんがゲット(^o^) …… 16時過ぎ‥そのまま水門の中に‥ …… お付き合いしてくれたお客様ありがとうございました(^_^),25.4℃,NULL,chowari/ミナミ釣船
ミナミ釣船,大田区六郷水門,2026/09/14,1,0,アジ,アジ,サブ,アジ,NULL,5.0,32.0,18.5,0,17.0,25.0,,,NULL,猿島沖,本牧沖,NULL,2,NULL,NULL,25.8,25.8,NULL,南南西,7.8m/s,"中潮・潮が緩,下げ潮",南 0.5m/s,晴れ後時々曇り,NULL,NULL,NULL,"☆タチウオｰマダコ(+ちょいアジ)で‥(第８)出てました‥南風そよそよｰふわふわｰ …… 朝‥多摩川の出口は‥そんなに悪くは.なく→タチウオへ‥ 走水ｰ猿島沖の船団まわりの‥水深は75ｰ50m前後‥ 下げ潮は.ちょい速め(^_^;) ,あたりは‥下から5ｰ15mぐらい‥間が.空きながら‥どっかで‥誰かが‥ポッン(^o^)と‥ ‥下げ潮が緩んだら‥ちょっと食い付きが(^o^)良くなったカンジでした. ‥‥ 誘いと,合わせのタイミングが合う方は‥ポッン.ポッン.(^o^).ゲット♪ (小ぶりｰやや小ぶりに‥まぁまぁサイズまじり) ‥‥ マダコは‥富岡ｰ本牧沖の風影まわりを‥ ズラしｰズラしｰして‥空振りまくり(+_+)仕掛けのロストも.ありながら‥ 単発で.ポッン.(^o^)と‥４杯ゲット 全体",25.8℃,NULL,chowari/ミナミ釣船
ミナミ釣船,大田区六郷水門,2026/09/14,1,0,タチウオ,タチウオ,メイン,タチウオ,NULL,2.0,10.0,6.0,0,60.0,105.0,,,NULL,猿島沖,本牧沖,NULL,2,NULL,NULL,25.8,25.8,NULL,南南西,7.8m/s,"中潮・潮が緩,下げ潮",南 0.5m/s,晴れ後時々曇り,アジ・マダコ,NULL,NULL,"☆タチウオｰマダコ(+ちょいアジ)で‥(第８)出てました‥南風そよそよｰふわふわｰ …… 朝‥多摩川の出口は‥そんなに悪くは.なく→タチウオへ‥ 走水ｰ猿島沖の船団まわりの‥水深は75ｰ50m前後‥ 下げ潮は.ちょい速め(^_^;) ,あたりは‥下から5ｰ15mぐらい‥間が.空きながら‥どっかで‥誰かが‥ポッン(^o^)と‥ ‥下げ潮が緩んだら‥ちょっと食い付きが(^o^)良くなったカンジでした. ‥‥ 誘いと,合わせのタイミングが合う方は‥ポッン.ポッン.(^o^).ゲット♪ (小ぶりｰやや小ぶりに‥まぁまぁサイズまじり) ‥‥ マダコは‥富岡ｰ本牧沖の風影まわりを‥ ズラしｰズラしｰして‥空振りまくり(+_+)仕掛けのロストも.ありながら‥ 単発で.ポッン.(^o^)と‥４杯ゲット 全体",25.8℃,NULL,chowari/ミナミ釣船
ミナミ釣船,大田区六郷水門,2026/09/14,1,0,マダコ,マダコ,サブ,マダコ,NULL,0.0,1.0,0.5,0,,,0.3,0.5,NULL,猿島沖,本牧沖,NULL,2,NULL,NULL,25.8,25.8,NULL,南南西,7.8m/s,"中潮・潮が緩,下げ潮",南 0.5m/s,晴れ後時々曇り,NULL,NULL,NULL,"☆タチウオｰマダコ(+ちょいアジ)で‥(第８)出てました‥南風そよそよｰふわふわｰ …… 朝‥多摩川の出口は‥そんなに悪くは.なく→タチウオへ‥ 走水ｰ猿島沖の船団まわりの‥水深は75ｰ50m前後‥ 下げ潮は.ちょい速め(^_^;) ,あたりは‥下から5ｰ15mぐらい‥間が.空きながら‥どっかで‥誰かが‥ポッン(^o^)と‥ ‥下げ潮が緩んだら‥ちょっと食い付きが(^o^)良くなったカンジでした. ‥‥ 誘いと,合わせのタイミングが合う方は‥ポッン.ポッン.(^o^).ゲット♪ (小ぶりｰやや小ぶりに‥まぁまぁサイズまじり) ‥‥ マダコは‥富岡ｰ本牧沖の風影まわりを‥ ズラしｰズラしｰして‥空振りまくり(+_+)仕掛けのロストも.ありながら‥ 単発で.ポッン.(^o^)と‥４杯ゲット 全体",25.8℃,NULL,chowari/ミナミ釣船
ミナミ釣船,大田区六郷水門,2026/09/18,1,0,アジ,アジ,サブ,アジ,NULL,14.0,53.0,33.5,0,15.0,30.0,,,NULL,扇島沖,扇島沖,NULL,2,NULL,NULL,25.9,25.9,NULL,北,8.9m/s,小潮,北 0.5m/s,曇り,NULL,NULL,NULL,☆マダコ+シロギスｰ(アジ+カサゴ)で‥(第８)出てました‥船長判断で‥臨機応変のリレー釣りを‥ ……… タチウオ.狙わず(‥南下せず)シロギス‥いくつか(^o^)ゲット ‥‥北北東ｰ北東風ふわふわｰ …… 朝から北風がハンパに強く‥ タチウオには‥行かず‥ ‥(海ホタルｰ観音崎の‥風速12m前後)‥やんわり.せず …… マダコから‥扇島沖まわりを‥ うまくハマれず(^_^;)‥ 空振りまくり‥仕掛けのロストも目立ち(+_+)‥ ☆泉さんだけ‥.ポッン.(^o^)とゲット‥ ‥‥ 早めに→アジを 扇島沖の‥ちょい沖めで‥ 間が.空きながらｰあたりが出せて‥ コマセの振り出しのタイミングが合う方は‥ポッン.(^o^).ポッン.ゲット♪ (中小サイズに中型まじり) ‥‥ でも‥全体的には.あ,25.9℃,NULL,chowari/ミナミ釣船
ミナミ釣船,大田区六郷水門,2026/09/18,1,0,カサゴ,カサゴ,サブ,カサゴ,NULL,,,,0,30.0,30.0,,,NULL,扇島沖,扇島沖,NULL,2,NULL,NULL,25.9,25.9,NULL,北,8.9m/s,小潮,北 0.5m/s,曇り,NULL,NULL,NULL,☆マダコ+シロギスｰ(アジ+カサゴ)で‥(第８)出てました‥船長判断で‥臨機応変のリレー釣りを‥ ……… タチウオ.狙わず(‥南下せず)シロギス‥いくつか(^o^)ゲット ‥‥北北東ｰ北東風ふわふわｰ …… 朝から北風がハンパに強く‥ タチウオには‥行かず‥ ‥(海ホタルｰ観音崎の‥風速12m前後)‥やんわり.せず …… マダコから‥扇島沖まわりを‥ うまくハマれず(^_^;)‥ 空振りまくり‥仕掛けのロストも目立ち(+_+)‥ ☆泉さんだけ‥.ポッン.(^o^)とゲット‥ ‥‥ 早めに→アジを 扇島沖の‥ちょい沖めで‥ 間が.空きながらｰあたりが出せて‥ コマセの振り出しのタイミングが合う方は‥ポッン.(^o^).ポッン.ゲット♪ (中小サイズに中型まじり) ‥‥ でも‥全体的には.あ,25.9℃,NULL,chowari/ミナミ釣船
ミナミ釣船,大田区六郷水門,2026/09/18,1,0,シロギス,シロギス,サブ,シロギス,NULL,,,,0,,,,,NULL,扇島沖,扇島沖,NULL,2,NULL,NULL,25.9,25.9,NULL,北,8.9m/s,小潮,北 0.5m/s,曇り,NULL,NULL,NULL,☆マダコ+シロギスｰ(アジ+カサゴ)で‥(第８)出てました‥船長判断で‥臨機応変のリレー釣りを‥ ……… タチウオ.狙わず(‥南下せず)シロギス‥いくつか(^o^)ゲット ‥‥北北東ｰ北東風ふわふわｰ …… 朝から北風がハンパに強く‥ タチウオには‥行かず‥ ‥(海ホタルｰ観音崎の‥風速12m前後)‥やんわり.せず …… マダコから‥扇島沖まわりを‥ うまくハマれず(^_^;)‥ 空振りまくり‥仕掛けのロストも目立ち(+_+)‥ ☆泉さんだけ‥.ポッン.(^o^)とゲット‥ ‥‥ 早めに→アジを 扇島沖の‥ちょい沖めで‥ 間が.空きながらｰあたりが出せて‥ コマセの振り出しのタイミングが合う方は‥ポッン.(^o^).ポッン.ゲット♪ (中小サイズに中型まじり) ‥‥ でも‥全体的には.あ,25.9℃,NULL,chowari/ミナミ釣船
ミナミ釣船,大田区六郷水門,2026/09/18,1,0,マダコ,マダコ,メイン,マダコ,NULL,0.0,1.0,0.5,0,,,0.3,0.5,NULL,扇島沖,扇島沖,NULL,2,NULL,NULL,25.9,25.9,NULL,北,8.9m/s,小潮,北 0.5m/s,曇り,アジ・カサゴ・シロギス,NULL,NULL,☆マダコ+シロギスｰ(アジ+カサゴ)で‥(第８)出てました‥船長判断で‥臨機応変のリレー釣りを‥ ……… タチウオ.狙わず(‥南下せず)シロギス‥いくつか(^o^)ゲット ‥‥北北東ｰ北東風ふわふわｰ …… 朝から北風がハンパに強く‥ タチウオには‥行かず‥ ‥(海ホタルｰ観音崎の‥風速12m前後)‥やんわり.せず …… マダコから‥扇島沖まわりを‥ うまくハマれず(^_^;)‥ 空振りまくり‥仕掛けのロストも目立ち(+_+)‥ ☆泉さんだけ‥.ポッン.(^o^)とゲット‥ ‥‥ 早めに→アジを 扇島沖の‥ちょい沖めで‥ 間が.空きながらｰあたりが出せて‥ コマセの振り出しのタイミングが合う方は‥ポッン.(^o^).ポッン.ゲット♪ (中小サイズに中型まじり) ‥‥ でも‥全体的には.あ,25.9℃,NULL,chowari/ミナミ釣船
丸天丸,波崎新港,2026/09/12,1,0,アカムツ,アカムツ,メイン,アカムツ,NULL,,,,0,,,,,NULL,茨城県 神栖市 波崎新港,NULL,NULL,1,NULL,NULL,24.5,24.5,NULL,北東,6.8m/s,大潮,東北東 1.2m/s,曇り一時雨,アジ・カサゴ・カンコ・サバ・ドンコ・ホウボウ・ムシガレイ・ユメカサゴ,NULL,NULL,朝から、食い活発。 明日も第3(大きい方)で出船致します。,24.5℃,NULL,chowari/丸天丸
丸天丸,波崎新港,2026/09/12,1,0,アジ,アジ,サブ,アジ,NULL,,,,0,,,,,NULL,茨城県 神栖市 波崎新港,NULL,NULL,1,NULL,NULL,24.5,24.5,NULL,北東,6.8m/s,大潮,東北東 1.2m/s,曇り一時雨,NULL,NULL,NULL,朝から、食い活発。 明日も第3(大きい方)で出船致します。,24.5℃,NULL,chowari/丸天丸
丸天丸,波崎新港,2026/09/12,1,0,カサゴ,カサゴ,サブ,カサゴ,NULL,,,,0,,,,,NULL,茨城県 神栖市 波崎新港,NULL,NULL,1,NULL,NULL,24.5,24.5,NULL,北東,6.8m/s,大潮,東北東 1.2m/s,曇り一時雨,NULL,NULL,NULL,朝から、食い活発。 明日も第3(大きい方)で出船致します。,24.5℃,NULL,chowari/丸天丸
丸天丸,波崎新港,2026/09/12,1,0,カンコ,カンコ,サブ,カンコ,NULL,,,,0,,,,,NULL,茨城県 神栖市 波崎新港,NULL,NULL,1,NULL,NULL,24.5,24.5,NULL,北東,6.8m/s,大潮,東北東 1.2m/s,曇り一時雨,NULL,NULL,NULL,朝から、食い活発。 明日も第3(大きい方)で出船致します。,24.5℃,NULL,chowari/丸天丸
丸天丸,波崎新港,2026/09/12,1,0,サバ,サバ,サブ,サバ,NULL,,,,0,,,,,NULL,茨城県 神栖市 波崎新港,NULL,NULL,1,NULL,NULL,24.5,24.5,NULL,北東,6.8m/s,大潮,東北東 1.2m/s,曇り一時雨,NULL,NULL,NULL,朝から、食い活発。 明日も第3(大きい方)で出船致します。,24.5℃,NULL,chowari/丸天丸
丸天丸,波崎新港,2026/09/12,1,0,ドンコ,NULL,サブ,ドンコ,NULL,,,,0,,,,,NULL,茨城県 神栖市 波崎新港,NULL,NULL,1,NULL,NULL,24.5,24.5,NULL,北東,6.8m/s,大潮,東北東 1.2m/s,曇り一時雨,NULL,NULL,NULL,朝から、食い活発。 明日も第3(大きい方)で出船致します。,24.5℃,NULL,chowari/丸天丸
丸天丸,波崎新港,2026/09/12,1,0,ホウボウ,ホウボウ,サブ,ホウボウ,NULL,,,,0,,,,,NULL,茨城県 神栖市 波崎新港,NULL,NULL,1,NULL,NULL,24.5,24.5,NULL,北東,6.8m/s,大潮,東北東 1.2m/s,曇り一時雨,NULL,NULL,NULL,朝から、食い活発。 明日も第3(大きい方)で出船致します。,24.5℃,NULL,chowari/丸天丸
丸天丸,波崎新港,2026/09/12,1,0,ムシガレイ,カレイ,サブ,ムシガレイ,NULL,,,,0,,,,,NULL,茨城県 神栖市 波崎新港,NULL,NULL,1,NULL,NULL,24.5,24.5,NULL,北東,6.8m/s,大潮,東北東 1.2m/s,曇り一時雨,NULL,NULL,NULL,朝から、食い活発。 明日も第3(大きい方)で出船致します。,24.5℃,NULL,chowari/丸天丸
丸天丸,波崎新港,2026/09/12,1,0,ユメカサゴ,カサゴ,サブ,ユメカサゴ,NULL,,,,0,,,,,NULL,茨城県 神栖市 波崎新港,NULL,NULL,1,NULL,NULL,24.5,24.5,NULL,北東,6.8m/s,大潮,東北東 1.2m/s,曇り一時雨,NULL,NULL,NULL,朝から、食い活発。 明日も第3(大きい方)で出船致します。,24.5℃,NULL,chowari/丸天丸
丸天丸,波崎新港,2026/09/13,1,0,アカムツ,アカムツ,メイン,アカムツ,NULL,1.0,6.0,3.5,0,,,,,NULL,茨城県 神栖市 波崎新港,NULL,NULL,1,NULL,NULL,24.2,24.2,NULL,北北東,6.2m/s,中潮,東 1.3m/s,曇りのち時々晴れ,アジ・カンコ・サバ・ドンコ・ホウボウ・ホンガツオ・ムシガレイ・ユメカサゴ,NULL,NULL,昨日とは違い、食い渋く大苦戦。 食いも浅いのか、バラシが多数目立ちました。,24.2℃,NULL,chowari/丸天丸
丸天丸,波崎新港,2026/09/13,1,0,アジ,アジ,サブ,アジ,NULL,,,,0,,,,,NULL,茨城県 神栖市 波崎新港,NULL,NULL,1,NULL,NULL,24.2,24.2,NULL,北北東,6.2m/s,中潮,東 1.3m/s,曇りのち時々晴れ,NULL,NULL,NULL,昨日とは違い、食い渋く大苦戦。 食いも浅いのか、バラシが多数目立ちました。,24.2℃,NULL,chowari/丸天丸
丸天丸,波崎新港,2026/09/13,1,0,カンコ,カンコ,サブ,カンコ,NULL,,,,0,,,,,NULL,茨城県 神栖市 波崎新港,NULL,NULL,1,NULL,NULL,24.2,24.2,NULL,北北東,6.2m/s,中潮,東 1.3m/s,曇りのち時々晴れ,NULL,NULL,NULL,昨日とは違い、食い渋く大苦戦。 食いも浅いのか、バラシが多数目立ちました。,24.2℃,NULL,chowari/丸天丸
丸天丸,波崎新港,2026/09/13,1,0,サバ,サバ,サブ,サバ,NULL,,,,0,,,,,NULL,茨城県 神栖市 波崎新港,NULL,NULL,1,NULL,NULL,24.2,24.2,NULL,北北東,6.2m/s,中潮,東 1.3m/s,曇りのち時々晴れ,NULL,NULL,NULL,昨日とは違い、食い渋く大苦戦。 食いも浅いのか、バラシが多数目立ちました。,24.2℃,NULL,chowari/丸天丸
丸天丸,波崎新港,2026/09/13,1,0,ドンコ,NULL,サブ,ドンコ,NULL,,,,0,,,,,NULL,茨城県 神栖市 波崎新港,NULL,NULL,1,NULL,NULL,24.2,24.2,NULL,北北東,6.2m/s,中潮,東 1.3m/s,曇りのち時々晴れ,NULL,NULL,NULL,昨日とは違い、食い渋く大苦戦。 食いも浅いのか、バラシが多数目立ちました。,24.2℃,NULL,chowari/丸天丸
丸天丸,波崎新港,2026/09/13,1,0,ホウボウ,ホウボウ,サブ,ホウボウ,NULL,,,,0,,,,,NULL,茨城県 神栖市 波崎新港,NULL,NULL,1,NULL,NULL,24.2,24.2,NULL,北北東,6.2m/s,中潮,東 1.3m/s,曇りのち時々晴れ,NULL,NULL,NULL,昨日とは違い、食い渋く大苦戦。 食いも浅いのか、バラシが多数目立ちました。,24.2℃,NULL,chowari/丸天丸
丸天丸,波崎新港,2026/09/13,1,0,ホンガツオ,NULL,サブ,ホンガツオ,NULL,,,,0,,,,,NULL,茨城県 神栖市 波崎新港,NULL,NULL,1,NULL,NULL,24.2,24.2,NULL,北北東,6.2m/s,中潮,東 1.3m/s,曇りのち時々晴れ,NULL,NULL,NULL,昨日とは違い、食い渋く大苦戦。 食いも浅いのか、バラシが多数目立ちました。,24.2℃,NULL,chowari/丸天丸
丸天丸,波崎新港,2026/09/13,1,0,ムシガレイ,カレイ,サブ,ムシガレイ,NULL,,,,0,,,,,NULL,茨城県 神栖市 波崎新港,NULL,NULL,1,NULL,NULL,24.2,24.2,NULL,北北東,6.2m/s,中潮,東 1.3m/s,曇りのち時々晴れ,NULL,NULL,NULL,昨日とは違い、食い渋く大苦戦。 食いも浅いのか、バラシが多数目立ちました。,24.2℃,NULL,chowari/丸天丸
丸天丸,波崎新港,2026/09/13,1,0,ユメカサゴ,カサゴ,サブ,ユメカサゴ,NULL,,,,0,,,,,NULL,茨城県 神栖市 波崎新港,NULL,NULL,1,NULL,NULL,24.2,24.2,NULL,北北東,6.2m/s,中潮,東 1.3m/s,曇りのち時々晴れ,NULL,NULL,NULL,昨日とは違い、食い渋く大苦戦。 食いも浅いのか、バラシが多数目立ちました。,24.2℃,NULL,chowari/丸天丸
丸裕,港区京浜運河,2026/09/13,1,0,アジ,アジ,メイン,アジ,NULL,20.0,74.0,47.0,0,14.0,27.0,,,NULL,東京都 港区 京浜運河,NULL,NULL,1,NULL,NULL,26.7,26.7,NULL,北,3.6m/s,中潮,北 0.2m/s・凪,曇りのち時々晴れ,,NULL,NULL,天候悪くようやく出船してきました。 凪でポイントは反応がイマイチ？ やっている内に反応良くなり 早めの納竿となりました。 平均は50尾と内容良かったです。,26.7℃,NULL,chowari/丸裕
丸裕,港区京浜運河,2026/09/18,1,0,アジ,アジ,メイン,アジ,NULL,4.0,20.0,12.0,0,17.0,27.0,,,NULL,東京都 港区 京浜運河,NULL,NULL,1,NULL,NULL,25.5,25.5,NULL,北,7.3m/s,小潮,北 0.4m/s,曇り,,NULL,NULL,本日、LTアジ仕立てにて レクチャー後に出船して予報より 風が強くポイント限られてしまいましたが、船中５人で73尾と頑張って頂きました。,25.5℃,NULL,chowari/丸裕
久寿丸,須崎港,2026/09/13,1,0,メダイ,メダイ,メイン,メダイ,NULL,10.0,16.0,13.0,0,,,1.8,4.0,NULL,白浜東方沖,NULL,NULL,1,NULL,NULL,26.3,26.3,NULL,北東,3.0m/s,中潮,東 1.0m/s,曇り時々晴れ,,NULL,NULL,今日は白浜東方沖のメダイ釣りに出船しました。朝から丁度良い潮が流れておりメダイの喰いも順調で少ない方でも10枚以上と好調でした。サバもサメも少ないのでまだまだ期待できそうですね！,26.3℃,NULL,chowari/久寿丸
久寿丸,須崎港,2026/09/14,1,0,カサゴ,カサゴ,メイン,カサゴ,NULL,20.0,60.0,40.0,0,24.0,40.0,,,NULL,神子元沖,NULL,NULL,1,NULL,NULL,26.5,26.5,NULL,南西,1.4m/s,中潮・潮が悪,東南東 0.9m/s,晴れ後時々曇り,,NULL,NULL,今日は神子元沖のカサゴ釣りに出船しました。幾分潮が悪く釣り難い面もありましたがカサゴの喰いは順調そのもので皆さんお土産十分でした。少ない方は途中から休憩していましたね！また希望があれば出船したいと思います。,26.5℃,NULL,chowari/久寿丸
久寿丸,須崎港,2026/09/15,1,0,イサギ,NULL,メイン,イサギ,NULL,30.0,48.0,39.0,0,26.0,34.0,,,NULL,神子元沖,NULL,NULL,1,NULL,NULL,26.5,26.5,NULL,南,0.9m/s,中潮,東南東 1.0m/s,雨時々止む,ウメイロ・マダイ,NULL,NULL,今日は希望により神子元沖のウメイロ、イサギ釣りに出船しました。途中何回かサメにも邪魔されましたがポイント移動を繰り返し皆さん良いお土産になりました。潮の変わり目には良型のマダイなどもまじり賑わしてくれました。,26.5℃,NULL,chowari/久寿丸
久寿丸,須崎港,2026/09/15,1,0,ウメイロ,ウメイロ,サブ,ウメイロ,NULL,15.0,18.0,16.5,0,25.0,36.0,,,NULL,神子元沖,NULL,NULL,1,NULL,NULL,26.5,26.5,NULL,南,0.9m/s,中潮,東南東 1.0m/s,雨時々止む,NULL,NULL,NULL,今日は希望により神子元沖のウメイロ、イサギ釣りに出船しました。途中何回かサメにも邪魔されましたがポイント移動を繰り返し皆さん良いお土産になりました。潮の変わり目には良型のマダイなどもまじり賑わしてくれました。,26.5℃,NULL,chowari/久寿丸
久寿丸,須崎港,2026/09/15,1,0,マダイ,マダイ,サブ,マダイ,NULL,1.0,1.0,1.0,0,,,3.0,3.0,NULL,神子元沖,NULL,NULL,1,NULL,NULL,26.5,26.5,NULL,南,0.9m/s,中潮,東南東 1.0m/s,雨時々止む,NULL,NULL,NULL,今日は希望により神子元沖のウメイロ、イサギ釣りに出船しました。途中何回かサメにも邪魔されましたがポイント移動を繰り返し皆さん良いお土産になりました。潮の変わり目には良型のマダイなどもまじり賑わしてくれました。,26.5℃,NULL,chowari/久寿丸
九左衛門丸,伊戸,2026/09/02,1,0,マダイ,マダイ,メイン,マダイ,NULL,4.0,4.0,4.0,0,,,1.2,3.6,NULL,千葉県 館山市 伊戸漁港,NULL,NULL,1,NULL,NULL,27.5,27.5,NULL,東南東,1.9m/s,中潮,南南東 0.5m/s,曇り時々晴れ,,NULL,NULL,平等2,27.5℃,NULL,chowari/九左衛門丸
九左衛門丸,伊戸,2026/09/03,1,0,マダイ,マダイ,メイン,マダイ,NULL,1.0,1.0,1.0,0,,,2.2,2.2,NULL,千葉県 館山市 伊戸漁港,NULL,NULL,1,NULL,NULL,27.6,27.6,NULL,南西,3.7m/s,小潮,南南東 0.6m/s,曇りのち一時雨,,NULL,NULL,1枚でした。,27.6℃,NULL,chowari/九左衛門丸
九左衛門丸,伊戸,2026/09/06,1,0,マダイ,マダイ,メイン,マダイ,NULL,12.0,12.0,12.0,0,,,1.2,3.5,NULL,千葉県 館山市 伊戸漁港,NULL,NULL,1,NULL,NULL,27.4,27.4,NULL,北東,9.5m/s,長潮,南東 1.1m/s,雨,,NULL,NULL,ずーっと雨です。,27.4℃,NULL,chowari/九左衛門丸
九左衛門丸,伊戸,2026/09/11,1,0,マダイ,マダイ,メイン,マダイ,NULL,4.0,4.0,4.0,0,,,1.1,2.8,NULL,千葉県 館山市 伊戸漁港,NULL,NULL,1,NULL,NULL,27.0,27.0,NULL,北北東,4.1m/s,大潮,南 0.7m/s,雨,,NULL,NULL,降り止まぬ雨,27.0℃,NULL,chowari/九左衛門丸
九左衛門丸,伊戸,2026/09/12,1,0,マダイ,マダイ,メイン,マダイ,NULL,6.0,6.0,6.0,0,,,0.8,2.2,NULL,千葉県 館山市 伊戸漁港,NULL,NULL,1,NULL,NULL,25.8,25.8,NULL,北北東,5.7m/s,大潮,南 0.8m/s,曇り一時雨,,NULL,NULL,雨蛙が乗船してました。,25.8℃,NULL,chowari/九左衛門丸
九左衛門丸,伊戸,2026/09/14,1,0,マダイ,マダイ,メイン,マダイ,NULL,10.0,10.0,10.0,0,,,0.8,1.8,NULL,千葉県 館山市 伊戸漁港,NULL,NULL,1,NULL,NULL,25.8,25.8,NULL,南西,4.6m/s,中潮,南東 0.6m/s,晴れ後時々曇り,,NULL,NULL,夏が戻ってきました。,25.8℃,NULL,chowari/九左衛門丸
二階屋丸,宇佐美港,2026/09/03,1,0,カマス,カマス,メイン,カマス,NULL,,,,0,,,,,NULL,静岡県 伊東市 宇佐美港,NULL,NULL,1,NULL,NULL,27.7,27.7,NULL,南西,2.4m/s,小潮,東南東 0.5m/s,曇り,ヒラメ,NULL,NULL,朝カマスの様子見に行って来ました。 食い復活良く釣れました。 泳がせカマスで62センチヒラメゲット出来ました。,27.7℃,NULL,chowari/二階屋丸
二階屋丸,宇佐美港,2026/09/03,1,0,ヒラメ,ヒラメ,サブ,ヒラメ,NULL,,,,0,62.0,62.0,,,NULL,静岡県 伊東市 宇佐美港,NULL,NULL,1,NULL,NULL,27.7,27.7,NULL,南西,2.4m/s,小潮,東南東 0.5m/s,曇り,NULL,NULL,NULL,朝カマスの様子見に行って来ました。 食い復活良く釣れました。 泳がせカマスで62センチヒラメゲット出来ました。,27.7℃,NULL,chowari/二階屋丸
二階屋丸,宇佐美港,2026/09/12,1,0,アカハタ,ハタ,メイン,アカハタ,NULL,,,,0,40.0,40.0,,,NULL,静岡県 伊東市 宇佐美港,NULL,NULL,1,NULL,NULL,26.8,26.8,NULL,北東,3.5m/s,大潮,東南東 0.6m/s,曇り,キジハタ,NULL,NULL,午後便。 アカハタはロックフィッシュに出船しました。 最大39.5センチ。 ポツポツ釣れる時間帯もありました。,26.8℃,NULL,chowari/二階屋丸
二階屋丸,宇佐美港,2026/09/12,1,0,キジハタ,ハタ,サブ,キジハタ,NULL,,,,0,,,,,NULL,静岡県 伊東市 宇佐美港,NULL,NULL,1,NULL,NULL,26.8,26.8,NULL,北東,3.5m/s,大潮,東南東 0.6m/s,曇り,NULL,NULL,NULL,午後便。 アカハタはロックフィッシュに出船しました。 最大39.5センチ。 ポツポツ釣れる時間帯もありました。,26.8℃,NULL,chowari/二階屋丸
二階屋丸,宇佐美港,2026/09/13,1,0,オオモンハタ,ハタ,メイン,オオモンハタ,NULL,,,,0,50.0,50.0,,,NULL,静岡県 伊東市 宇佐美港,NULL,NULL,1,NULL,NULL,26.1,26.1,NULL,北東,2.3m/s,中潮,東南東 0.6m/s,曇り,,NULL,NULL,午前便。カマス泳がせに出船。 オオモンハタ50センチ。 アタリますが食い込まないのが多かったです。,26.1℃,NULL,chowari/二階屋丸
二階屋丸,宇佐美港,2026/09/14,1,0,アオリイカ,アオリイカ,メイン,アオリイカ,NULL,0.0,3.0,1.5,0,,,,,NULL,静岡県 伊東市 宇佐美港,NULL,NULL,1,NULL,NULL,26.3,26.3,NULL,南西,3.4m/s,中潮,東南東 0.6m/s,晴れ後一時雨,,NULL,NULL,午前便。 アオリイカ。 今シーズン初ティップランエギングに出船しました。 朝1本目の流しで顔見れ良いかな？なんて思ったら30分程で潮向き変わりその後は苦戦しました。 0〜3杯でした。,26.3℃,NULL,chowari/二階屋丸
二階屋丸,宇佐美港,2026/09/16,1,0,アオリイカ,アオリイカ,メイン,アオリイカ,NULL,4.0,9.0,6.5,0,,,,,NULL,静岡県 伊東市 宇佐美港,NULL,NULL,1,NULL,NULL,26.4,26.4,NULL,北東,3.3m/s,中潮,東南東 0.6m/s,雨,,NULL,NULL,午前便。 アオリイカ。ティップランエギングに出船しました。4-4-4-4-9杯。 朝イチからヒットしました。 後半まで誰かが釣れても連チャンなく拾い釣りでした。,26.4℃,NULL,chowari/二階屋丸
仁丸,金沢漁港,2026/09/02,1,0,アジ,アジ,メイン,アジ,NULL,10.0,20.0,15.0,0,16.0,28.0,,,NULL,神奈川県 横浜市 金沢漁港,NULL,NULL,1,NULL,NULL,27.7,27.7,NULL,南,0.9m/s,中潮,南南東 0.2m/s,曇り時々晴れ,,NULL,NULL,カサゴ、ヒラメ1枚、黒ダイ1枚混じりでした。,27.7℃,NULL,chowari/仁丸
仁丸,金沢漁港,2026/09/05,1,0,アジ,アジ,メイン,アジ,NULL,50.0,96.0,73.0,0,16.0,28.0,,,NULL,神奈川県 横浜市 金沢漁港,NULL,NULL,1,NULL,NULL,27.6,27.6,NULL,北東,3.3m/s,小潮,東 0.2m/s,曇り,,NULL,NULL,カサゴ混じりでした。 暑さ対策は万全にお願いします。,27.6℃,NULL,chowari/仁丸
仁丸,金沢漁港,2026/09/06,1,0,アジ,アジ,メイン,アジ,NULL,7.0,93.0,50.0,0,16.0,28.0,,,NULL,神奈川県 横浜市 金沢漁港,NULL,NULL,1,NULL,NULL,27.6,27.6,NULL,北北東,7.8m/s,長潮,北北東 0.6m/s,雨,,NULL,NULL,カサゴ混じりでした。 朝から生憎の雨でした。,27.6℃,NULL,chowari/仁丸
仁丸,金沢漁港,2026/09/09,1,0,アジ,アジ,メイン,アジ,NULL,32.0,74.0,53.0,0,16.0,29.0,,,NULL,神奈川県 横浜市 金沢漁港,NULL,NULL,1,NULL,NULL,27.7,27.7,NULL,南南西,8.3m/s,中潮,南 0.4m/s,曇りのち一時雨,,NULL,NULL,カサゴ混じりでした。 南西風強く、釣り辛かったです。,27.7℃,NULL,chowari/仁丸
仁丸,金沢漁港,2026/09/11,1,0,アジ,アジ,メイン,アジ,NULL,33.0,121.0,77.0,0,16.0,29.0,,,NULL,神奈川県 横浜市 金沢漁港,NULL,NULL,1,NULL,NULL,27.3,27.3,NULL,北北東,3.9m/s,大潮,東北東 0.2m/s,雨,,NULL,NULL,カサゴ混じりでした。 生憎の天気でしたが、アジの機嫌よく食い活発でした。,27.3℃,NULL,chowari/仁丸
仁丸,金沢漁港,2026/09/12,1,0,アジ,アジ,メイン,アジ,NULL,5.0,40.0,22.5,0,16.0,28.0,,,NULL,神奈川県 横浜市 金沢漁港,NULL,NULL,1,NULL,NULL,25.9,25.9,NULL,北北東,5.0m/s,大潮,北北東 0.2m/s,雨のち曇り,,NULL,NULL,黒ダイ1枚、カサゴ混じりでした。 LTアジ仕立船での出船。 初めて乗船され方、船酔いしそうな方は、早めに酔い止めの服用をお願いします。,25.9℃,NULL,chowari/仁丸
仁丸,金沢漁港,2026/09/13,1,0,アジ,アジ,メイン,アジ,NULL,8.0,58.0,33.0,0,16.0,27.0,,,NULL,神奈川県 横浜市 金沢漁港,NULL,NULL,1,NULL,NULL,25.4,25.4,NULL,北,4.3m/s,中潮,北北東 0.2m/s,曇りのち時々晴れ,,NULL,NULL,イシモチ、カサゴ、黒ダイ1枚混じりでした。,25.4℃,NULL,chowari/仁丸
仁丸,金沢漁港,2026/09/14,1,0,アジ,アジ,メイン,アジ,NULL,3.0,20.0,11.5,0,16.0,28.0,,,NULL,神奈川県 横浜市 金沢漁港,NULL,NULL,1,NULL,NULL,25.8,25.8,NULL,南南西,6.0m/s,中潮,南 0.2m/s,晴れ後時々曇り,,NULL,NULL,カサゴ混じりでした。 潮はやく、釣り辛かったです。,25.8℃,NULL,chowari/仁丸
仁丸,金沢漁港,2026/09/15,1,0,アジ,アジ,メイン,アジ,NULL,12.0,52.0,32.0,0,16.0,34.0,,,NULL,神奈川県 横浜市 金沢漁港,NULL,NULL,1,NULL,NULL,25.8,25.8,NULL,南,5.7m/s,中潮,南 0.2m/s,曇り一時雨,,NULL,NULL,カサゴ混じりでした。 金アジは良型揃いでした。,25.8℃,NULL,chowari/仁丸
仁丸,金沢漁港,2026/09/18,1,0,アジ,アジ,メイン,アジ,NULL,10.0,34.0,22.0,0,16.0,30.0,,,NULL,神奈川県 横浜市 金沢漁港,NULL,NULL,1,NULL,NULL,26.1,26.1,NULL,北,8.9m/s,小潮,北北東 0.6m/s,曇り,,NULL,NULL,サバ、カサゴ混じりでした。 船酔い多数で早上がりしました。,26.1℃,NULL,chowari/仁丸
仁丸,金沢漁港,2026/09/19,1,0,アジ,アジ,メイン,アジ,NULL,20.0,55.0,37.5,0,16.0,30.0,,,NULL,神奈川県 横浜市 金沢漁港,NULL,NULL,1,NULL,NULL,25.9,25.9,NULL,北,6.9m/s,小潮,北 0.5m/s,曇り一時雨,,NULL,NULL,カサゴ、黒ダイ1枚混じりでした。,25.9℃,NULL,chowari/仁丸
仙昇丸,那珂湊港,2026/09/01,1,0,マルイカ,マルイカ,サブ,マルイカ,NULL,2.0,16.0,9.0,0,20.0,30.0,,,NULL,那珂湊沖,NULL,NULL,1,NULL,NULL,25.1,25.1,NULL,北東,3.8m/s,中潮,東 1.4m/s,曇り,NULL,NULL,NULL,那珂湊沖、夜イカ船に出船。 本日乗船下さったお客様ありがとうございました。,25.1℃,NULL,chowari/仙昇丸
仙昇丸,那珂湊港,2026/09/01,1,0,ムギイカ,ムギイカ,メイン,ムギイカ,NULL,2.0,29.0,15.5,0,25.0,35.0,,,NULL,那珂湊沖,NULL,NULL,1,NULL,NULL,25.1,25.1,NULL,北東,3.8m/s,中潮,東 1.4m/s,曇り,マルイカ,NULL,NULL,那珂湊沖、夜イカ船に出船。 本日乗船下さったお客様ありがとうございました。,25.1℃,NULL,chowari/仙昇丸
仙昇丸,那珂湊港,2026/09/02,1,0,マルイカ,マルイカ,サブ,マルイカ,NULL,2.0,12.0,7.0,0,20.0,30.0,,,NULL,那珂湊沖,NULL,NULL,1,NULL,NULL,25.0,25.0,NULL,南,1.3m/s,中潮,東 1.2m/s,曇り,NULL,NULL,NULL,那珂湊沖、夜イカ船に出船。本日乗船下さったお客様大変お疲れ様でした。 ありがとうございました。,25.0℃,NULL,chowari/仙昇丸
仙昇丸,那珂湊港,2026/09/02,1,0,ムギイカ,ムギイカ,メイン,ムギイカ,NULL,2.0,21.0,11.5,0,25.0,35.0,,,NULL,那珂湊沖,NULL,NULL,1,NULL,NULL,25.0,25.0,NULL,南,1.3m/s,中潮,東 1.2m/s,曇り,マルイカ,NULL,NULL,那珂湊沖、夜イカ船に出船。本日乗船下さったお客様大変お疲れ様でした。 ありがとうございました。,25.0℃,NULL,chowari/仙昇丸
仙昇丸,那珂湊港,2026/09/03,1,0,マルイカ,マルイカ,サブ,マルイカ,NULL,10.0,18.0,14.0,0,20.0,30.0,,,NULL,那珂湊沖,NULL,NULL,1,NULL,NULL,25.1,25.1,NULL,南西,1.1m/s,小潮,東 1.0m/s,雨時々止む,NULL,NULL,NULL,那珂湊沖、夜イカ船に出船。 本日乗船下さったお客様ありがとうございました。,25.1℃,NULL,chowari/仙昇丸
仙昇丸,那珂湊港,2026/09/03,1,0,ムギイカ,ムギイカ,メイン,ムギイカ,NULL,25.0,75.0,50.0,0,25.0,35.0,,,NULL,那珂湊沖,NULL,NULL,1,NULL,NULL,25.1,25.1,NULL,南西,1.1m/s,小潮,東 1.0m/s,雨時々止む,マルイカ,NULL,NULL,那珂湊沖、夜イカ船に出船。 本日乗船下さったお客様ありがとうございました。,25.1℃,NULL,chowari/仙昇丸
仙昇丸,那珂湊港,2026/09/04,1,0,マルイカ,マルイカ,サブ,マルイカ,NULL,1.0,12.0,6.5,0,20.0,30.0,,,NULL,那珂湊沖,NULL,NULL,1,NULL,NULL,25.2,25.2,NULL,東南東,2.3m/s,小潮,東 0.8m/s,曇りのち一時雨,NULL,NULL,NULL,那珂湊沖、夜イカ船に出船。 本日乗船下さったお客様雨の中大変お疲れ様でした。 明日から予報悪く出船中止です。,25.2℃,NULL,chowari/仙昇丸
仙昇丸,那珂湊港,2026/09/04,1,0,ムギイカ,ムギイカ,メイン,ムギイカ,NULL,12.0,99.0,55.5,0,25.0,35.0,,,NULL,那珂湊沖,NULL,NULL,1,NULL,NULL,25.2,25.2,NULL,東南東,2.3m/s,小潮,東 0.8m/s,曇りのち一時雨,マルイカ,NULL,NULL,那珂湊沖、夜イカ船に出船。 本日乗船下さったお客様雨の中大変お疲れ様でした。 明日から予報悪く出船中止です。,25.2℃,NULL,chowari/仙昇丸
仙昇丸,那珂湊港,2026/09/11,1,0,マルイカ,マルイカ,メイン,マルイカ,NULL,4.0,28.0,16.0,0,20.0,30.0,,,NULL,那珂湊沖,NULL,NULL,1,NULL,NULL,24.6,24.6,NULL,北,3.5m/s,大潮,東 0.9m/s,雨のち曇り,ムギイカ,NULL,NULL,那珂湊沖、夜イカ船に出船。 本日乗船下さったお客様雨のなかお疲れ様でした。,24.6℃,NULL,chowari/仙昇丸
仙昇丸,那珂湊港,2026/09/11,1,0,ムギイカ,ムギイカ,サブ,ムギイカ,NULL,4.0,45.0,24.5,0,25.0,35.0,,,NULL,那珂湊沖,NULL,NULL,1,NULL,NULL,24.6,24.6,NULL,北,3.5m/s,大潮,東 0.9m/s,雨のち曇り,NULL,NULL,NULL,那珂湊沖、夜イカ船に出船。 本日乗船下さったお客様雨のなかお疲れ様でした。,24.6℃,NULL,chowari/仙昇丸
仙昇丸,那珂湊港,2026/09/12,1,0,マルイカ,マルイカ,サブ,マルイカ,NULL,0.0,23.0,11.5,0,20.0,30.0,,,NULL,那珂湊沖,NULL,NULL,1,NULL,NULL,24.3,24.3,NULL,北東,4.1m/s,大潮,東 1.0m/s,曇り,NULL,NULL,NULL,那珂湊沖、夜イカ船に出船。 本日乗船下さったお客様ありがとうございました。 残念ながら０杯は船酔い再度チャレンジお待ちしております。 明日も夜イカ船に出船します。 空席多数、予約受付中。,24.3℃,NULL,chowari/仙昇丸
仙昇丸,那珂湊港,2026/09/12,1,0,ムギイカ,ムギイカ,メイン,ムギイカ,NULL,0.0,49.0,24.5,0,20.0,40.0,,,NULL,那珂湊沖,NULL,NULL,1,NULL,NULL,24.3,24.3,NULL,北東,4.1m/s,大潮,東 1.0m/s,曇り,マルイカ,NULL,NULL,那珂湊沖、夜イカ船に出船。 本日乗船下さったお客様ありがとうございました。 残念ながら０杯は船酔い再度チャレンジお待ちしております。 明日も夜イカ船に出船します。 空席多数、予約受付中。,24.3℃,NULL,chowari/仙昇丸
仙昇丸,那珂湊港,2026/09/13,1,0,マルイカ,マルイカ,サブ,マルイカ,NULL,0.0,18.0,9.0,0,20.0,30.0,,,NULL,那珂湊沖,NULL,NULL,1,NULL,NULL,23.9,23.9,NULL,北北東,4.8m/s,中潮,東 1.2m/s,曇り,NULL,NULL,NULL,那珂湊沖、夜イカ船に出船。 本日乗船下さったお客様ありがとうございました。 明日も夜イカ船に出船予定。 空席多数、予約受付中。,23.9℃,NULL,chowari/仙昇丸
仙昇丸,那珂湊港,2026/09/13,1,0,ムギイカ,ムギイカ,メイン,ムギイカ,NULL,6.0,50.0,28.0,0,25.0,40.0,,,NULL,那珂湊沖,NULL,NULL,1,NULL,NULL,23.9,23.9,NULL,北北東,4.8m/s,中潮,東 1.2m/s,曇り,マルイカ,NULL,NULL,那珂湊沖、夜イカ船に出船。 本日乗船下さったお客様ありがとうございました。 明日も夜イカ船に出船予定。 空席多数、予約受付中。,23.9℃,NULL,chowari/仙昇丸
仙昇丸,那珂湊港,2026/09/14,1,0,マルイカ,マルイカ,サブ,マルイカ,NULL,2.0,12.0,7.0,0,20.0,30.0,,,NULL,那珂湊沖,NULL,NULL,1,NULL,NULL,23.9,23.9,NULL,南南西,3.7m/s,中潮,東 1.0m/s,晴れ後時々曇り,NULL,NULL,NULL,那珂湊沖、夜イカ船に出船。 本日乗船下さったお客様ありがとうございました。 明日から予報悪く出船中止です。,23.9℃,NULL,chowari/仙昇丸
仙昇丸,那珂湊港,2026/09/14,1,0,ムギイカ,ムギイカ,メイン,ムギイカ,NULL,10.0,55.0,32.5,0,25.0,40.0,,,NULL,那珂湊沖,NULL,NULL,1,NULL,NULL,23.9,23.9,NULL,南南西,3.7m/s,中潮,東 1.0m/s,晴れ後時々曇り,マルイカ,NULL,NULL,那珂湊沖、夜イカ船に出船。 本日乗船下さったお客様ありがとうございました。 明日から予報悪く出船中止です。,23.9℃,NULL,chowari/仙昇丸
伊勝丸,沼津市江の浦港,2026/09/12,1,0,スジイカ,スジイカ,サブ,スジイカ,NULL,10.0,50.0,30.0,0,22.0,27.0,,,NULL,静岡県 沼津市 江の浦港,NULL,NULL,1,NULL,NULL,25.9,25.9,NULL,東,1.9m/s,大潮,南南西 0.2m/s,曇り,NULL,NULL,NULL,スジイカ多め 時間で良型ムラサキイカ連発！,25.9℃,NULL,chowari/伊勝丸
伊勝丸,沼津市江の浦港,2026/09/12,1,0,ムラサキイカ,アカイカ,メイン,ムラサキイカ,NULL,2.0,20.0,11.0,0,26.0,33.0,,,NULL,静岡県 沼津市 江の浦港,NULL,NULL,1,NULL,NULL,25.9,25.9,NULL,東,1.9m/s,大潮,南南西 0.2m/s,曇り,スジイカ,NULL,NULL,スジイカ多め 時間で良型ムラサキイカ連発！,25.9℃,NULL,chowari/伊勝丸
伊勝丸,沼津市江の浦港,2026/09/14,1,0,ムラサキイカ,アカイカ,メイン,ムラサキイカ,NULL,15.0,55.0,35.0,0,30.0,45.0,,,NULL,静岡県 沼津市 江の浦港,NULL,NULL,1,NULL,NULL,25.7,25.7,NULL,西南西,1.9m/s,中潮・潮が悪,南南西 0.2m/s,晴れ後一時雨,,NULL,NULL,9/14ムラサキイカ&スジイカ 最初のポイントは潮が悪く早々に移動 移動後は良型ムラサキイカ連発！ 一升瓶サイズ混じりました！！ ムラサキイカ９割 ムラサキイカ釣りらしいお下品な引きを堪能できました。,25.7℃,NULL,chowari/伊勝丸
伊勝丸,沼津市江の浦港,2026/09/15,1,0,アジ,アジ,メイン,アジ,NULL,3.0,10.0,6.5,0,25.0,42.0,,,NULL,静岡県 沼津市 江の浦港,NULL,NULL,1,NULL,NULL,25.7,25.7,NULL,西南西,0.6m/s,中潮,南南西 0.2m/s,曇り一時雨,,NULL,NULL,深場のアジ、数は少ないが良型！あちこちで型が見れたので今後が楽しみです！,25.7℃,NULL,chowari/伊勝丸
伝五郎丸,松輪江奈港,2026/09/01,1,0,ワラサ,ワラサ,メイン,ワラサ,NULL,0.0,2.0,1.0,0,,,2.0,3.0,NULL,神奈川県 三浦市 松輪江奈漁港,NULL,NULL,1,NULL,NULL,27.0,27.0,NULL,北北東,4.8m/s,中潮・潮が速,南 0.4m/s,晴れ後時々曇り,,NULL,NULL,朝のうち少し潮が速く、バラシ多く苦戦しましたが、反応はあるので明日から気持ち入れ替えて頑張ります。ワラサトップ2本でた。2日も出船しますので、さらなるお問い合わせお待ちしております。本日もご乗船いただきありがとうございました。,27.0℃,NULL,chowari/伝五郎丸
伝五郎丸,松輪江奈港,2026/09/02,1,0,ワラサ,ワラサ,メイン,ワラサ,NULL,0.0,3.0,1.5,0,,,2.0,3.0,NULL,神奈川県 三浦市 松輪江奈漁港,NULL,NULL,1,NULL,NULL,27.5,27.5,NULL,東南東,0.3m/s,中潮,南 0.4m/s,曇り時々晴れ,,NULL,NULL,反応あるも口使わず苦戦し、バラシもありトップ3本でイナダ、ハナダイ混じりでした。広範囲に反応はあるので、今後に期待します。3日も出船確定していますが、空きありますので更なるお問い合わせお待ちしております。本日もご乗船いただきありがとうございました。,27.5℃,NULL,chowari/伝五郎丸
伝五郎丸,松輪江奈港,2026/09/03,1,0,ワラサ,ワラサ,メイン,ワラサ,NULL,0.0,5.0,2.5,0,,,2.0,4.0,NULL,神奈川県 三浦市 松輪江奈漁港,NULL,NULL,1,NULL,NULL,27.6,27.6,NULL,南南西,4.4m/s,小潮,南 0.5m/s,曇りのち一時雨,"イナダ,ハナダイ混じりでした",NULL,NULL,朝一当たり良くほとんどのお客様が顔見ることができました。その後もポツポツ当たりが続き、バラシも多く残念でしたが、トップ5本、続いて4本のお客様もいて盛り上がり、他にイナダ、ハナダイ混じりでした。まだまだワラサ好調継続中です。開始直後は皆さんで協力してコマセをガンガン撒いてワラサを引き寄せましょう。4日も出船確定していますが、空きありますので、更なるお問い合わせお待ちしております。ワラサ用ハリス6～8号6mを用意して下さい。本日もご乗船いただきありがとうございました。,27.6℃,NULL,chowari/伝五郎丸
伝五郎丸,松輪江奈港,2026/09/04,1,0,ワラサ,ワラサ,メイン,ワラサ,NULL,0.0,5.0,2.5,0,,,2.0,4.0,NULL,神奈川県 三浦市 松輪江奈漁港,NULL,NULL,1,NULL,NULL,27.8,27.8,NULL,北北東,3.7m/s,小潮,南 0.7m/s,曇りのち一時雨,,NULL,NULL,朝一から入れ喰いタイム突入！ワラサモード全開で皆様コマセを振っていただき、バラシもありましたがトップ5本釣ることができ、残念ながらお一人0の方が出てしまいました。ワラサは朝一が狙い目ですので、全員で協力してコマセを振ってワラサを引き寄せましょう。5日も出船しますので、さらなるお問い合わせお待ちしております。本日もご乗船いただきありがとうございました。,27.8℃,NULL,chowari/伝五郎丸
伝五郎丸,松輪江奈港,2026/09/05,1,0,ワラサ,ワラサ,メイン,ワラサ,NULL,0.0,3.0,1.5,0,,,2.0,4.0,NULL,神奈川県 三浦市 松輪江奈漁港,NULL,NULL,1,NULL,NULL,27.5,27.5,NULL,北東,5.4m/s,小潮,南南西 0.8m/s,曇り,,NULL,NULL,反応あるもバラシ多く、難しい釣りになり、トップ3本で残念ながら0の方も出てしまいました。反応あるので今後に期待したいと思います。6日も出船確定していましが、空き多数ありますので、更なるご予約お待ちしたております。本日もご乗船いただきありがとうございました。,27.5℃,NULL,chowari/伝五郎丸
伝五郎丸,松輪江奈港,2026/09/06,1,0,ワラサ,ワラサ,メイン,ワラサ,NULL,1.0,6.0,3.5,0,,,2.0,4.0,NULL,神奈川県 三浦市 松輪江奈漁港,NULL,NULL,1,NULL,NULL,27.4,27.4,NULL,北北東,9.7m/s,長潮,南東 0.8m/s,雨,,NULL,NULL,朝から雨の降り続く中での出船でしたが、ワラサはポツポツ釣れトップ6本でバラシもありましたが、皆様ボウズ無く釣る事ができ混じりはイナダ、マダイでした。雨、風共に強くなり10時半早上がりとなりました。7日は天候悪く出船中止とさせていただきます。本日もご乗船いただきありがとうございました。,27.4℃,NULL,chowari/伝五郎丸
伝五郎丸,松輪江奈港,2026/09/08,1,0,ワラサ,ワラサ,メイン,ワラサ,NULL,2.0,7.0,4.5,0,,,2.0,5.0,NULL,神奈川県 三浦市 松輪江奈漁港,NULL,NULL,1,NULL,NULL,27.4,27.4,NULL,南西,2.9m/s,中潮,南 1.6m/s,曇り一時雨,,NULL,NULL,ワラサは朝から喰い良く好調に釣ることができ、トップ7本でボウズ無くワラサGETできました。混じりは,27.4℃,NULL,chowari/伝五郎丸
伝五郎丸,松輪江奈港,2026/09/08,2,0,ワラサ,ワラサ,メイン,ワラサ,NULL,1.0,5.0,3.0,0,,,2.0,4.5,NULL,神奈川県 三浦市 松輪江奈漁港,NULL,NULL,1,NULL,NULL,27.4,27.4,NULL,南西,2.9m/s,中潮,南 1.6m/s,曇り一時雨,,NULL,NULL,朝からワラサの当たり良く、バラシも多く残念でした。トップ8本掛けて5本。次に4本、3本とボウズ無く釣ることができ、途中マダイ狙いに行き、なんとかマダイの顔も見れました。まだまだワラサ好調持続中です。釣れてる今がチャンスです。お客様も空いていますので、皆様のご予約お待ちしております。本日もご乗船いただきありがとうございました。,27.4℃,NULL,chowari/伝五郎丸
伝五郎丸,松輪江奈港,2026/09/10,1,0,マダイ,マダイ,サブ,マダイ,NULL,0.0,3.0,1.5,0,,,0.5,2.0,NULL,神奈川県 三浦市 松輪江奈漁港,NULL,NULL,1,NULL,NULL,27.1,27.1,NULL,北北東,8.3m/s,大潮,南 1.1m/s,曇り一時雨,NULL,NULL,NULL,ワラサは朝一と後半に当たり良くバラシもありましたが、トップ4本で残念ながら0の方も出てしまいました。今日はマダイも良型混じりトップ3匹釣ることができ、他にシマアシが混じりました。開始直後はコマセをしっかり撒いて、皆さんで協力してワラサを引き寄せましょう。11日も出船確定していますが、空き多数ありますので、更なるお問合せお待ちしております。本日もご乗船いただきありがとうございました。,27.1℃,NULL,chowari/伝五郎丸
伝五郎丸,松輪江奈港,2026/09/10,1,0,ワラサ,ワラサ,メイン,ワラサ,NULL,0.0,4.0,2.0,0,,,2.0,4.0,NULL,神奈川県 三浦市 松輪江奈漁港,NULL,NULL,1,NULL,NULL,27.1,27.1,NULL,北北東,8.3m/s,大潮,南 1.1m/s,曇り一時雨,シマアシが混じりました・マダイ,NULL,NULL,ワラサは朝一と後半に当たり良くバラシもありましたが、トップ4本で残念ながら0の方も出てしまいました。今日はマダイも良型混じりトップ3匹釣ることができ、他にシマアシが混じりました。開始直後はコマセをしっかり撒いて、皆さんで協力してワラサを引き寄せましょう。11日も出船確定していますが、空き多数ありますので、更なるお問合せお待ちしております。本日もご乗船いただきありがとうございました。,27.1℃,NULL,chowari/伝五郎丸
伝五郎丸,松輪江奈港,2026/09/11,1,0,マダイ,マダイ,サブ,マダイ,NULL,0.0,1.0,0.5,0,,,0.5,1.0,NULL,神奈川県 三浦市 松輪江奈漁港,NULL,NULL,1,NULL,NULL,27.0,27.0,NULL,北北東,4.9m/s,大潮,南 0.5m/s,雨,NULL,NULL,NULL,朝当たり良くワラサを釣ることができ、バラシ、ハリス切れもあり残念でしたが、トップ6本で全員ワラサGETする事ができました。ゲストにシマアジ、イナダ、キジハタが混じりでした。ワラサ好調持続中でまだまだ期待できます。12日は２隻体制で出船しますので、更なるお問合せお待ちしております。本日は雨の降る中ご乗船いただきありがとうございました。,27.0℃,NULL,chowari/伝五郎丸
伝五郎丸,松輪江奈港,2026/09/11,1,0,ワラサ,ワラサ,メイン,ワラサ,NULL,1.0,6.0,3.5,0,,,2.0,4.0,NULL,神奈川県 三浦市 松輪江奈漁港,NULL,NULL,1,NULL,NULL,27.0,27.0,NULL,北北東,4.9m/s,大潮,南 0.5m/s,雨,マダイ,NULL,NULL,朝当たり良くワラサを釣ることができ、バラシ、ハリス切れもあり残念でしたが、トップ6本で全員ワラサGETする事ができました。ゲストにシマアジ、イナダ、キジハタが混じりでした。ワラサ好調持続中でまだまだ期待できます。12日は２隻体制で出船しますので、更なるお問合せお待ちしております。本日は雨の降る中ご乗船いただきありがとうございました。,27.0℃,NULL,chowari/伝五郎丸
伝五郎丸,松輪江奈港,2026/09/12,1,0,ワラサ,ワラサ,メイン,ワラサ,NULL,0.0,2.0,1.0,0,,,2.0,4.0,NULL,神奈川県 三浦市 松輪江奈漁港,NULL,NULL,1,NULL,NULL,25.8,25.8,NULL,北北東,6.7m/s,大潮・潮速く,南 0.7m/s,曇り一時雨,,NULL,NULL,２隻の釣果。反応あるも潮速くバラシもあり、難しい釣りになりトップ2本でイナダ、キジハタ、ハナダイ混じりでした。13日も出船確定していますが、空きありますので、更なるお問い合わせお待ちしております。本日は雨の降る中ご乗船いただきありがとうございました。,25.8℃,NULL,chowari/伝五郎丸
伝五郎丸,松輪江奈港,2026/09/13,1,0,マダイ,マダイ,サブ,マダイ,NULL,0.0,1.0,0.5,0,,,1.5,2.3,NULL,神奈川県 三浦市 松輪江奈漁港,NULL,NULL,1,NULL,NULL,25.3,25.3,NULL,北,5.5m/s,中潮,南南東 0.5m/s,曇りのち時々晴れ,NULL,NULL,NULL,２隻の釣果。開始直後は雨も降っていてワラサの当たり少なく苦戦しましたが、潮が変わった後半に立て続けに釣ることができ一安心し、バラシもありましたがトップ3本釣れ、マダイも2匹でしたが良型が釣れました。他にシマアシ、ヒラソーダが混じりました。14日は定休日です。15日はワラサ・マダイ船に出船します。本日もご乗船いただきありがとうございました。,25.3℃,NULL,chowari/伝五郎丸
伝五郎丸,松輪江奈港,2026/09/13,1,0,ワラサ,ワラサ,メイン,ワラサ,NULL,0.0,3.0,1.5,0,,,2.0,4.0,NULL,神奈川県 三浦市 松輪江奈漁港,NULL,NULL,1,NULL,NULL,25.3,25.3,NULL,北,5.5m/s,中潮,南南東 0.5m/s,曇りのち時々晴れ,"シマアシ,ヒラソーダが混じりました・マダイ",NULL,NULL,２隻の釣果。開始直後は雨も降っていてワラサの当たり少なく苦戦しましたが、潮が変わった後半に立て続けに釣ることができ一安心し、バラシもありましたがトップ3本釣れ、マダイも2匹でしたが良型が釣れました。他にシマアシ、ヒラソーダが混じりました。14日は定休日です。15日はワラサ・マダイ船に出船します。本日もご乗船いただきありがとうございました。,25.3℃,NULL,chowari/伝五郎丸
伝五郎丸,松輪江奈港,2026/09/15,1,0,ワラサ,ワラサ,メイン,ワラサ,NULL,2.0,7.0,4.5,0,,,2.0,5.0,NULL,神奈川県 三浦市 松輪江奈漁港,NULL,NULL,1,NULL,NULL,25.8,25.8,NULL,南南西,5.8m/s,中潮,南 0.8m/s,雨時々止む,,NULL,NULL,朝から喰い良く潮が変わってからは爆調になり絶好調でトップ7本、スソでも2本と皆様ボウズ無く釣ることができ、混じりはマダイ、シマアジ、イナダ、ヒラソウダでした。16日も出船しますので、さらなるお問い合わせお待ちしております。本日もご乗船いただきありがとうございました。,25.8℃,NULL,chowari/伝五郎丸
伝五郎丸,松輪江奈港,2026/09/16,1,0,ワラサ,ワラサ,メイン,ワラサ,NULL,0.0,3.0,1.5,0,,,2.0,4.0,NULL,神奈川県 三浦市 松輪江奈漁港,NULL,NULL,1,NULL,NULL,25.8,25.8,NULL,北北東,3.1m/s,中潮,南南東 0.6m/s,雨,,NULL,NULL,ワラサはポツポツ当たりがあり、全員getとは行かず、バラシ、ハリス切れもありトップ3本で残念ながらお二人0の方が出てしまいました。混じりはマダイ、イシダイ、イナダ、ヒラソウダでした。開始直後は手返し良くコマセを撒いてワラサを引き寄せるようにしましょう。17日も出船確定していますので、さらなるお問い合わせお待ちしております。本日は雨の中ご乗船いただきありがとうございました。,25.8℃,NULL,chowari/伝五郎丸
伝五郎丸,松輪江奈港,2026/09/17,1,0,ワラサ,ワラサ,メイン,ワラサ,NULL,0.0,6.0,3.0,0,,,2.0,4.0,NULL,神奈川県 三浦市 松輪江奈漁港,NULL,NULL,1,NULL,NULL,25.7,25.7,NULL,北北東,10.1m/s,小潮・潮変わり,東北東 0.7m/s,曇り,,NULL,NULL,朝一入れ喰いになり、潮変わりにもポツポツ釣れ、バラシも多くもったいなかったです。トップ6本で混じりはマダイ、シマアジ、アオハタでバラシのみで0の方も出てしまいましたが、ほとんどのお客様がお土産確保できました。18日も出船しますので、さらなるお問い合わせお待ちしております。本日もご乗船いただきありがとうございました。,25.7℃,NULL,chowari/伝五郎丸
伝五郎丸,松輪江奈港,2026/09/18,1,0,ワラサ,ワラサ,メイン,ワラサ,NULL,0.0,3.0,1.5,0,,,2.0,4.0,NULL,神奈川県 三浦市 松輪江奈漁港,NULL,NULL,1,NULL,NULL,26.1,26.1,NULL,北,11.6m/s,小潮,北北東 0.8m/s,曇り,,NULL,NULL,朝から強風吹く中での出船でした。バラシ、ポロリが多くもったいなくて、全員安打とはいかず残念ながら0の方が1人出てしまいました。混じりはマダイ、シマアジ、イナダ、ヒラソウダでした。台風の進路も気になる所ですが、19日も出船確定しています。本日は風強い中ご乗船いただきありがとうございました。お疲れ様でした。,26.1℃,NULL,chowari/伝五郎丸
伝五郎丸,松輪江奈港,2026/09/19,1,0,ワラサ,ワラサ,メイン,ワラサ,NULL,1.0,5.0,3.0,0,,,2.5,4.2,NULL,神奈川県 三浦市 松輪江奈漁港,NULL,NULL,1,NULL,NULL,25.8,25.8,NULL,北北東,9.6m/s,小潮,南東 1.0m/s,曇り一時雨,,NULL,NULL,２隻の釣果。今日も風強い中での出船でした。朝からワラサの顔見れて盛り上がりましたが、バラシも多く残念でした。8号船トップ5本でホウズなし！3号船トップ3本が4人でお一人バラシのみで顔見れず、混じりはジャンボアジでした。19日も出船します。本日も風強い中ご乗船いただきありがとうございました。,25.8℃,NULL,chowari/伝五郎丸
佐島海楽園,佐島,2026/09/01,1,0,アジ,アジ,サブ,アジ,NULL,0.0,3.0,1.5,0,25.0,36.0,,,NULL,城ヶ島沖,NULL,NULL,1,NULL,NULL,27.0,27.0,薄濁り,北北東,3.8m/s,中潮,南南西 0.3m/s,曇り,NULL,NULL,NULL,北東風そ〜よそよ水色薄濁の今日は５名のお客様と三戸〜城ヶ島沖で五目船。前半は潮流れ速かったもののイサキの当たり良く止まりかけまでポッツリポッツリと釣れて久しぶりに全員ツヌケで数も伸びました。マアジは反応動き回りで苦戦も良型主体,27.0℃,NULL,chowari/佐島海楽園
佐島海楽園,佐島,2026/09/01,1,0,イサキ,イサキ,メイン,イサキ,NULL,11.0,38.0,24.5,0,17.0,30.0,,,NULL,城ヶ島沖,NULL,NULL,1,NULL,NULL,27.0,27.0,薄濁り,北北東,3.8m/s,中潮,南南西 0.3m/s,曇り,アジ・ウマズラ・マダイ・マルソウダ・メジナ・ワカシ,NULL,NULL,北東風そ〜よそよ水色薄濁の今日は５名のお客様と三戸〜城ヶ島沖で五目船。前半は潮流れ速かったもののイサキの当たり良く止まりかけまでポッツリポッツリと釣れて久しぶりに全員ツヌケで数も伸びました。マアジは反応動き回りで苦戦も良型主体,27.0℃,NULL,chowari/佐島海楽園
佐島海楽園,佐島,2026/09/01,1,0,ウマズラ,ウマヅラハギ,サブ,ウマズラ,NULL,,,,0,,,,,NULL,城ヶ島沖,NULL,NULL,1,NULL,NULL,27.0,27.0,薄濁り,北北東,3.8m/s,中潮,南南西 0.3m/s,曇り,NULL,NULL,NULL,北東風そ〜よそよ水色薄濁の今日は５名のお客様と三戸〜城ヶ島沖で五目船。前半は潮流れ速かったもののイサキの当たり良く止まりかけまでポッツリポッツリと釣れて久しぶりに全員ツヌケで数も伸びました。マアジは反応動き回りで苦戦も良型主体,27.0℃,NULL,chowari/佐島海楽園
佐島海楽園,佐島,2026/09/01,1,0,カサゴ,カサゴ,サブ,カサゴ,NULL,,,,0,,,,,NULL,神奈川県 横須賀市 佐島港,NULL,NULL,1,NULL,NULL,27.0,27.0,濁り,北北東,3.8m/s,中潮・濁り潮,南南西 0.3m/s・凪,曇り,NULL,NULL,NULL,カワハギ船。 涼しい1日でした、凪も良かったです。 今シーズン初日のカワハギ釣りは型が良かったです。数の方は、この先水温が下がってきてからではないでしょうか？2番手6枚、3番手5枚と接戦でした。 アタリ少なめでしたが、皆さん最後まで頑張ってくれました。 潮は濁り潮で、流れはかなりゆっくりでした…,27.0℃,NULL,chowari/佐島海楽園
佐島海楽園,佐島,2026/09/01,1,0,カワハギ,カワハギ,メイン,カワハギ,NULL,1.0,7.0,4.0,0,24.0,29.0,,,NULL,神奈川県 横須賀市 佐島港,NULL,NULL,1,NULL,NULL,27.0,27.0,濁り,北北東,3.8m/s,中潮・濁り潮,南南西 0.3m/s・凪,曇り,カサゴ・フエフキダイ・メイチダイ,NULL,NULL,カワハギ船。 涼しい1日でした、凪も良かったです。 今シーズン初日のカワハギ釣りは型が良かったです。数の方は、この先水温が下がってきてからではないでしょうか？2番手6枚、3番手5枚と接戦でした。 アタリ少なめでしたが、皆さん最後まで頑張ってくれました。 潮は濁り潮で、流れはかなりゆっくりでした…,27.0℃,NULL,chowari/佐島海楽園
佐島海楽園,佐島,2026/09/01,1,0,フエフキダイ,NULL,サブ,フエフキダイ,NULL,,,,0,,,,,NULL,神奈川県 横須賀市 佐島港,NULL,NULL,1,NULL,NULL,27.0,27.0,濁り,北北東,3.8m/s,中潮・濁り潮,南南西 0.3m/s・凪,曇り,NULL,NULL,NULL,カワハギ船。 涼しい1日でした、凪も良かったです。 今シーズン初日のカワハギ釣りは型が良かったです。数の方は、この先水温が下がってきてからではないでしょうか？2番手6枚、3番手5枚と接戦でした。 アタリ少なめでしたが、皆さん最後まで頑張ってくれました。 潮は濁り潮で、流れはかなりゆっくりでした…,27.0℃,NULL,chowari/佐島海楽園
佐島海楽園,佐島,2026/09/01,1,0,マダイ,マダイ,サブ,マダイ,NULL,,,,0,,,,,NULL,城ヶ島沖,NULL,NULL,1,NULL,NULL,27.0,27.0,薄濁り,北北東,3.8m/s,中潮,南南西 0.3m/s,曇り,NULL,NULL,NULL,北東風そ〜よそよ水色薄濁の今日は５名のお客様と三戸〜城ヶ島沖で五目船。前半は潮流れ速かったもののイサキの当たり良く止まりかけまでポッツリポッツリと釣れて久しぶりに全員ツヌケで数も伸びました。マアジは反応動き回りで苦戦も良型主体,27.0℃,NULL,chowari/佐島海楽園
佐島海楽園,佐島,2026/09/01,1,0,マルソウダ,NULL,サブ,マルソウダ,NULL,,,,0,,,,,NULL,城ヶ島沖,NULL,NULL,1,NULL,NULL,27.0,27.0,薄濁り,北北東,3.8m/s,中潮,南南西 0.3m/s,曇り,NULL,NULL,NULL,北東風そ〜よそよ水色薄濁の今日は５名のお客様と三戸〜城ヶ島沖で五目船。前半は潮流れ速かったもののイサキの当たり良く止まりかけまでポッツリポッツリと釣れて久しぶりに全員ツヌケで数も伸びました。マアジは反応動き回りで苦戦も良型主体,27.0℃,NULL,chowari/佐島海楽園
佐島海楽園,佐島,2026/09/01,1,0,メイチダイ,NULL,サブ,メイチダイ,NULL,,,,0,,,,,NULL,神奈川県 横須賀市 佐島港,NULL,NULL,1,NULL,NULL,27.0,27.0,濁り,北北東,3.8m/s,中潮・濁り潮,南南西 0.3m/s・凪,曇り,NULL,NULL,NULL,カワハギ船。 涼しい1日でした、凪も良かったです。 今シーズン初日のカワハギ釣りは型が良かったです。数の方は、この先水温が下がってきてからではないでしょうか？2番手6枚、3番手5枚と接戦でした。 アタリ少なめでしたが、皆さん最後まで頑張ってくれました。 潮は濁り潮で、流れはかなりゆっくりでした…,27.0℃,NULL,chowari/佐島海楽園
佐島海楽園,佐島,2026/09/01,1,0,メジナ,メジナ,サブ,メジナ,NULL,0.0,1.0,0.5,0,,,,,NULL,城ヶ島沖,NULL,NULL,1,NULL,NULL,27.0,27.0,薄濁り,北北東,3.8m/s,中潮,南南西 0.3m/s,曇り,NULL,NULL,NULL,北東風そ〜よそよ水色薄濁の今日は５名のお客様と三戸〜城ヶ島沖で五目船。前半は潮流れ速かったもののイサキの当たり良く止まりかけまでポッツリポッツリと釣れて久しぶりに全員ツヌケで数も伸びました。マアジは反応動き回りで苦戦も良型主体,27.0℃,NULL,chowari/佐島海楽園
佐島海楽園,佐島,2026/09/01,1,0,ワカシ,イナダ,サブ,ワカシ,NULL,,,,0,,,,,NULL,城ヶ島沖,NULL,NULL,1,NULL,NULL,27.0,27.0,薄濁り,北北東,3.8m/s,中潮,南南西 0.3m/s,曇り,NULL,NULL,NULL,北東風そ〜よそよ水色薄濁の今日は５名のお客様と三戸〜城ヶ島沖で五目船。前半は潮流れ速かったもののイサキの当たり良く止まりかけまでポッツリポッツリと釣れて久しぶりに全員ツヌケで数も伸びました。マアジは反応動き回りで苦戦も良型主体,27.0℃,NULL,chowari/佐島海楽園
佐島海楽園,佐島,2026/09/01,2,0,アジ,アジ,サブ,アジ,NULL,0.0,3.0,1.5,0,25.0,36.0,,,NULL,城ヶ島沖,NULL,NULL,1,NULL,NULL,27.0,27.0,薄濁り,北北東,3.8m/s,中潮,南南西 0.3m/s,曇り,NULL,NULL,NULL,北東風そ〜よそよ水色薄濁の今日は５名のお客様と三戸〜城ヶ島沖で五目船。前半は潮流れ速かったもののイサキの当たり良く止まりかけまでポッツリポッツリと釣れて久しぶりに全員ツヌケで数も伸びました。マアジは反応動き回りで苦戦も良型主体,27.0℃,NULL,chowari/佐島海楽園
佐島海楽園,佐島,2026/09/01,2,0,イサキ,イサキ,メイン,イサキ,NULL,11.0,38.0,24.5,0,17.0,30.0,,,NULL,城ヶ島沖,NULL,NULL,1,NULL,NULL,27.0,27.0,薄濁り,北北東,3.8m/s,中潮,南南西 0.3m/s,曇り,アジ・ウマズラ・マダイ・マルソウダ・メジナ・ワカシ,NULL,NULL,北東風そ〜よそよ水色薄濁の今日は５名のお客様と三戸〜城ヶ島沖で五目船。前半は潮流れ速かったもののイサキの当たり良く止まりかけまでポッツリポッツリと釣れて久しぶりに全員ツヌケで数も伸びました。マアジは反応動き回りで苦戦も良型主体,27.0℃,NULL,chowari/佐島海楽園
佐島海楽園,佐島,2026/09/01,2,0,ウマズラ,ウマヅラハギ,サブ,ウマズラ,NULL,,,,0,,,,,NULL,城ヶ島沖,NULL,NULL,1,NULL,NULL,27.0,27.0,薄濁り,北北東,3.8m/s,中潮,南南西 0.3m/s,曇り,NULL,NULL,NULL,北東風そ〜よそよ水色薄濁の今日は５名のお客様と三戸〜城ヶ島沖で五目船。前半は潮流れ速かったもののイサキの当たり良く止まりかけまでポッツリポッツリと釣れて久しぶりに全員ツヌケで数も伸びました。マアジは反応動き回りで苦戦も良型主体,27.0℃,NULL,chowari/佐島海楽園
佐島海楽園,佐島,2026/09/01,2,0,マダイ,マダイ,サブ,マダイ,NULL,,,,0,,,,,NULL,城ヶ島沖,NULL,NULL,1,NULL,NULL,27.0,27.0,薄濁り,北北東,3.8m/s,中潮,南南西 0.3m/s,曇り,NULL,NULL,NULL,北東風そ〜よそよ水色薄濁の今日は５名のお客様と三戸〜城ヶ島沖で五目船。前半は潮流れ速かったもののイサキの当たり良く止まりかけまでポッツリポッツリと釣れて久しぶりに全員ツヌケで数も伸びました。マアジは反応動き回りで苦戦も良型主体,27.0℃,NULL,chowari/佐島海楽園
佐島海楽園,佐島,2026/09/01,2,0,マルソウダ,NULL,サブ,マルソウダ,NULL,,,,0,,,,,NULL,城ヶ島沖,NULL,NULL,1,NULL,NULL,27.0,27.0,薄濁り,北北東,3.8m/s,中潮,南南西 0.3m/s,曇り,NULL,NULL,NULL,北東風そ〜よそよ水色薄濁の今日は５名のお客様と三戸〜城ヶ島沖で五目船。前半は潮流れ速かったもののイサキの当たり良く止まりかけまでポッツリポッツリと釣れて久しぶりに全員ツヌケで数も伸びました。マアジは反応動き回りで苦戦も良型主体,27.0℃,NULL,chowari/佐島海楽園
佐島海楽園,佐島,2026/09/01,2,0,メジナ,メジナ,サブ,メジナ,NULL,0.0,1.0,0.5,0,,,,,NULL,城ヶ島沖,NULL,NULL,1,NULL,NULL,27.0,27.0,薄濁り,北北東,3.8m/s,中潮,南南西 0.3m/s,曇り,NULL,NULL,NULL,北東風そ〜よそよ水色薄濁の今日は５名のお客様と三戸〜城ヶ島沖で五目船。前半は潮流れ速かったもののイサキの当たり良く止まりかけまでポッツリポッツリと釣れて久しぶりに全員ツヌケで数も伸びました。マアジは反応動き回りで苦戦も良型主体,27.0℃,NULL,chowari/佐島海楽園
佐島海楽園,佐島,2026/09/01,2,0,ワカシ,イナダ,サブ,ワカシ,NULL,,,,0,,,,,NULL,城ヶ島沖,NULL,NULL,1,NULL,NULL,27.0,27.0,薄濁り,北北東,3.8m/s,中潮,南南西 0.3m/s,曇り,NULL,NULL,NULL,北東風そ〜よそよ水色薄濁の今日は５名のお客様と三戸〜城ヶ島沖で五目船。前半は潮流れ速かったもののイサキの当たり良く止まりかけまでポッツリポッツリと釣れて久しぶりに全員ツヌケで数も伸びました。マアジは反応動き回りで苦戦も良型主体,27.0℃,NULL,chowari/佐島海楽園
佐島海楽園,佐島,2026/09/02,1,0,カサゴ,カサゴ,サブ,カサゴ,NULL,,,,0,,,,,NULL,神奈川県 横須賀市 佐島港,NULL,NULL,1,NULL,NULL,27.7,27.7,濁り,南,0.9m/s,中潮・濁り潮,南 0.2m/s・凪,曇り時々晴れ,NULL,NULL,NULL,カワハギ船。 今日も良い凪でした。 濁り潮でしたが昨日よりもほどよく流れ、雰囲気は良かったです。しかしながら数は伸びませんでした…きのう同様型は良かったです。1匹だけワッペンサイズが混ざりましたが、それ以外は全て良型でしたね。,27.7℃,NULL,chowari/佐島海楽園
佐島海楽園,佐島,2026/09/02,1,0,カワハギ,カワハギ,メイン,カワハギ,NULL,2.0,5.0,3.5,0,14.0,29.0,,,NULL,神奈川県 横須賀市 佐島港,NULL,NULL,1,NULL,NULL,27.7,27.7,濁り,南,0.9m/s,中潮・濁り潮,南 0.2m/s・凪,曇り時々晴れ,カサゴ,NULL,NULL,カワハギ船。 今日も良い凪でした。 濁り潮でしたが昨日よりもほどよく流れ、雰囲気は良かったです。しかしながら数は伸びませんでした…きのう同様型は良かったです。1匹だけワッペンサイズが混ざりましたが、それ以外は全て良型でしたね。,27.7℃,NULL,chowari/佐島海楽園
佐島海楽園,佐島,2026/09/02,2,0,アジ,アジ,サブ,アジ,NULL,0.0,5.0,2.5,0,27.0,36.0,,,NULL,城ヶ島沖,NULL,NULL,1,NULL,NULL,27.7,27.7,澄み,南,0.9m/s,中潮,南 0.2m/s・ベタ凪,曇り時々晴れ,NULL,NULL,NULL,北東ベタ凪のち南西風そよそよ水色澄みウネリ有りの今日は４名のお客様と三戸〜城ヶ島沖で五目船。前半潮流れ速く水色が変わったせいか難しかった１日。マアジも潮流れ速く反応の割に当たり悪かったですが釣れれば良型主体でした。,27.7℃,NULL,chowari/佐島海楽園
佐島海楽園,佐島,2026/09/02,2,0,イサキ,イサキ,メイン,イサキ,NULL,3.0,18.0,10.5,0,17.0,30.0,,,NULL,城ヶ島沖,NULL,NULL,1,NULL,NULL,27.7,27.7,澄み,南,0.9m/s,中潮,南 0.2m/s・ベタ凪,曇り時々晴れ,アジ・ウマズラ・ニザダイ・マダイ・メジナ,NULL,NULL,北東ベタ凪のち南西風そよそよ水色澄みウネリ有りの今日は４名のお客様と三戸〜城ヶ島沖で五目船。前半潮流れ速く水色が変わったせいか難しかった１日。マアジも潮流れ速く反応の割に当たり悪かったですが釣れれば良型主体でした。,27.7℃,NULL,chowari/佐島海楽園
佐島海楽園,佐島,2026/09/02,2,0,ウマズラ,ウマヅラハギ,サブ,ウマズラ,NULL,,,,0,,,,,NULL,城ヶ島沖,NULL,NULL,1,NULL,NULL,27.7,27.7,澄み,南,0.9m/s,中潮,南 0.2m/s・ベタ凪,曇り時々晴れ,NULL,NULL,NULL,北東ベタ凪のち南西風そよそよ水色澄みウネリ有りの今日は４名のお客様と三戸〜城ヶ島沖で五目船。前半潮流れ速く水色が変わったせいか難しかった１日。マアジも潮流れ速く反応の割に当たり悪かったですが釣れれば良型主体でした。,27.7℃,NULL,chowari/佐島海楽園
佐島海楽園,佐島,2026/09/02,2,0,ニザダイ,NULL,サブ,ニザダイ,NULL,,,,0,,,,,NULL,城ヶ島沖,NULL,NULL,1,NULL,NULL,27.7,27.7,澄み,南,0.9m/s,中潮,南 0.2m/s・ベタ凪,曇り時々晴れ,NULL,NULL,NULL,北東ベタ凪のち南西風そよそよ水色澄みウネリ有りの今日は４名のお客様と三戸〜城ヶ島沖で五目船。前半潮流れ速く水色が変わったせいか難しかった１日。マアジも潮流れ速く反応の割に当たり悪かったですが釣れれば良型主体でした。,27.7℃,NULL,chowari/佐島海楽園
佐島海楽園,佐島,2026/09/02,2,0,マダイ,マダイ,サブ,マダイ,NULL,,,,0,,,,,NULL,城ヶ島沖,NULL,NULL,1,NULL,NULL,27.7,27.7,澄み,南,0.9m/s,中潮,南 0.2m/s・ベタ凪,曇り時々晴れ,NULL,NULL,NULL,北東ベタ凪のち南西風そよそよ水色澄みウネリ有りの今日は４名のお客様と三戸〜城ヶ島沖で五目船。前半潮流れ速く水色が変わったせいか難しかった１日。マアジも潮流れ速く反応の割に当たり悪かったですが釣れれば良型主体でした。,27.7℃,NULL,chowari/佐島海楽園
佐島海楽園,佐島,2026/09/02,2,0,メジナ,メジナ,サブ,メジナ,NULL,0.0,1.0,0.5,0,,,,,NULL,城ヶ島沖,NULL,NULL,1,NULL,NULL,27.7,27.7,澄み,南,0.9m/s,中潮,南 0.2m/s・ベタ凪,曇り時々晴れ,NULL,NULL,NULL,北東ベタ凪のち南西風そよそよ水色澄みウネリ有りの今日は４名のお客様と三戸〜城ヶ島沖で五目船。前半潮流れ速く水色が変わったせいか難しかった１日。マアジも潮流れ速く反応の割に当たり悪かったですが釣れれば良型主体でした。,27.7℃,NULL,chowari/佐島海楽園
佐島海楽園,佐島,2026/09/05,1,0,カサゴ,カサゴ,サブ,カサゴ,NULL,,,,0,,,,,NULL,神奈川県 横須賀市 佐島港,NULL,NULL,1,NULL,NULL,27.6,27.6,濁り,北東,3.3m/s,小潮,南南西 0.7m/s,曇り,NULL,NULL,NULL,カワハギ船。 雨のち曇りで、肌寒い1日でした。 先日よりもエサの取るポイント多かったです、しかし食いが浅く、巻き上げ途中や水面でのハリ外れが何度かありました。型は全体的に小ぶりな感じでしたね。 潮は濁り、ゆっくりと流れました。,27.6℃,NULL,chowari/佐島海楽園
佐島海楽園,佐島,2026/09/05,1,0,カワハギ,カワハギ,メイン,カワハギ,NULL,0.0,7.0,3.5,0,15.0,27.0,,,NULL,神奈川県 横須賀市 佐島港,NULL,NULL,1,NULL,NULL,27.6,27.6,濁り,北東,3.3m/s,小潮,南南西 0.7m/s,曇り,カサゴ・フエフキダイ・ホウボウ,NULL,NULL,カワハギ船。 雨のち曇りで、肌寒い1日でした。 先日よりもエサの取るポイント多かったです、しかし食いが浅く、巻き上げ途中や水面でのハリ外れが何度かありました。型は全体的に小ぶりな感じでしたね。 潮は濁り、ゆっくりと流れました。,27.6℃,NULL,chowari/佐島海楽園
佐島海楽園,佐島,2026/09/05,1,0,フエフキダイ,NULL,サブ,フエフキダイ,NULL,,,,0,,,,,NULL,神奈川県 横須賀市 佐島港,NULL,NULL,1,NULL,NULL,27.6,27.6,濁り,北東,3.3m/s,小潮,南南西 0.7m/s,曇り,NULL,NULL,NULL,カワハギ船。 雨のち曇りで、肌寒い1日でした。 先日よりもエサの取るポイント多かったです、しかし食いが浅く、巻き上げ途中や水面でのハリ外れが何度かありました。型は全体的に小ぶりな感じでしたね。 潮は濁り、ゆっくりと流れました。,27.6℃,NULL,chowari/佐島海楽園
佐島海楽園,佐島,2026/09/05,1,0,ホウボウ,ホウボウ,サブ,ホウボウ,NULL,,,,0,,,,,NULL,神奈川県 横須賀市 佐島港,NULL,NULL,1,NULL,NULL,27.6,27.6,濁り,北東,3.3m/s,小潮,南南西 0.7m/s,曇り,NULL,NULL,NULL,カワハギ船。 雨のち曇りで、肌寒い1日でした。 先日よりもエサの取るポイント多かったです、しかし食いが浅く、巻き上げ途中や水面でのハリ外れが何度かありました。型は全体的に小ぶりな感じでしたね。 潮は濁り、ゆっくりと流れました。,27.6℃,NULL,chowari/佐島海楽園
佐島海楽園,佐島,2026/09/05,2,0,アジ,アジ,サブ,アジ,NULL,3.0,15.0,9.0,0,25.0,40.0,,,NULL,城ヶ島沖,NULL,NULL,1,NULL,NULL,27.6,27.6,NULL,北東,3.3m/s,小潮,南南西 0.7m/s,曇り,NULL,NULL,NULL,今日は５名のお客様と三戸〜城ヶ島沖で五目船。マアジは良型主体で全員釣れて少しお土産になりました。 イサキは前半潮流れ速く釣れても後が続かず各ポイントで拾い釣りでしたが後半に流れ大人しくなり当たり出せるお客様はポッツリポッツリと釣れましたが難易度高めでした。,27.6℃,NULL,chowari/佐島海楽園
佐島海楽園,佐島,2026/09/05,2,0,イサキ,イサキ,メイン,イサキ,NULL,3.0,28.0,15.5,0,16.0,30.0,,,NULL,城ヶ島沖,NULL,NULL,1,NULL,NULL,27.6,27.6,NULL,北東,3.3m/s,小潮,南南西 0.7m/s,曇り,アジ・イトヨリ・ウマヅラ・ニザダイ・ヒラソーダ,NULL,NULL,今日は５名のお客様と三戸〜城ヶ島沖で五目船。マアジは良型主体で全員釣れて少しお土産になりました。 イサキは前半潮流れ速く釣れても後が続かず各ポイントで拾い釣りでしたが後半に流れ大人しくなり当たり出せるお客様はポッツリポッツリと釣れましたが難易度高めでした。,27.6℃,NULL,chowari/佐島海楽園
佐島海楽園,佐島,2026/09/05,2,0,イトヨリ,イトヨリ,サブ,イトヨリ,NULL,,,,0,,,,,NULL,城ヶ島沖,NULL,NULL,1,NULL,NULL,27.6,27.6,NULL,北東,3.3m/s,小潮,南南西 0.7m/s,曇り,NULL,NULL,NULL,今日は５名のお客様と三戸〜城ヶ島沖で五目船。マアジは良型主体で全員釣れて少しお土産になりました。 イサキは前半潮流れ速く釣れても後が続かず各ポイントで拾い釣りでしたが後半に流れ大人しくなり当たり出せるお客様はポッツリポッツリと釣れましたが難易度高めでした。,27.6℃,NULL,chowari/佐島海楽園
佐島海楽園,佐島,2026/09/05,2,0,ウマヅラ,ウマヅラハギ,サブ,ウマヅラ,NULL,,,,0,,,,,NULL,城ヶ島沖,NULL,NULL,1,NULL,NULL,27.6,27.6,NULL,北東,3.3m/s,小潮,南南西 0.7m/s,曇り,NULL,NULL,NULL,今日は５名のお客様と三戸〜城ヶ島沖で五目船。マアジは良型主体で全員釣れて少しお土産になりました。 イサキは前半潮流れ速く釣れても後が続かず各ポイントで拾い釣りでしたが後半に流れ大人しくなり当たり出せるお客様はポッツリポッツリと釣れましたが難易度高めでした。,27.6℃,NULL,chowari/佐島海楽園
佐島海楽園,佐島,2026/09/05,2,0,ニザダイ,NULL,サブ,ニザダイ,NULL,,,,0,,,,,NULL,城ヶ島沖,NULL,NULL,1,NULL,NULL,27.6,27.6,NULL,北東,3.3m/s,小潮,南南西 0.7m/s,曇り,NULL,NULL,NULL,今日は５名のお客様と三戸〜城ヶ島沖で五目船。マアジは良型主体で全員釣れて少しお土産になりました。 イサキは前半潮流れ速く釣れても後が続かず各ポイントで拾い釣りでしたが後半に流れ大人しくなり当たり出せるお客様はポッツリポッツリと釣れましたが難易度高めでした。,27.6℃,NULL,chowari/佐島海楽園
佐島海楽園,佐島,2026/09/05,2,0,ヒラソーダ,NULL,サブ,ヒラソーダ,NULL,,,,0,,,,,NULL,城ヶ島沖,NULL,NULL,1,NULL,NULL,27.6,27.6,NULL,北東,3.3m/s,小潮,南南西 0.7m/s,曇り,NULL,NULL,NULL,今日は５名のお客様と三戸〜城ヶ島沖で五目船。マアジは良型主体で全員釣れて少しお土産になりました。 イサキは前半潮流れ速く釣れても後が続かず各ポイントで拾い釣りでしたが後半に流れ大人しくなり当たり出せるお客様はポッツリポッツリと釣れましたが難易度高めでした。,27.6℃,NULL,chowari/佐島海楽園
佐島海楽園,佐島,2026/09/12,1,0,アジ,アジ,サブ,アジ,NULL,10.0,20.0,15.0,0,25.0,37.0,,,NULL,神奈川県 横須賀市 佐島港,NULL,NULL,1,NULL,NULL,25.9,25.9,澄み,北北東,5.0m/s,大潮,南南西 0.6m/s・ウネリ,雨のち曇り,NULL,NULL,NULL,北東風そよそよ、ウネリ有り、水色澄みの今日は五目船。 後半迄潮流れ大人かったのですが、イサキは顔出すだけで続かず苦戦も、その変わり良型マアジが少し遊んでくれました。,25.9℃,NULL,chowari/佐島海楽園
佐島海楽園,佐島,2026/09/12,1,0,イサキ,イサキ,メイン,イサキ,NULL,2.0,5.0,3.5,0,17.0,30.0,,,NULL,神奈川県 横須賀市 佐島港,NULL,NULL,1,NULL,NULL,25.9,25.9,澄み,北北東,5.0m/s,大潮,南南西 0.6m/s・ウネリ,雨のち曇り,アジ・サバ・マルソウダ・メジナ,NULL,NULL,北東風そよそよ、ウネリ有り、水色澄みの今日は五目船。 後半迄潮流れ大人かったのですが、イサキは顔出すだけで続かず苦戦も、その変わり良型マアジが少し遊んでくれました。,25.9℃,NULL,chowari/佐島海楽園
佐島海楽園,佐島,2026/09/12,1,0,カワハギ,カワハギ,メイン,カワハギ,NULL,7.0,8.0,7.5,0,18.0,26.0,,,NULL,神奈川県 横須賀市 佐島港,NULL,NULL,1,NULL,NULL,25.9,25.9,NULL,北北東,5.0m/s,大潮,南南西 0.6m/s,雨のち曇り,フエフキダイ・メイチダイ,NULL,NULL,カワハギ船。 風は弱かったのですが、小雨が降ったり止んだりとすっきりしない1日でしたね。 今日も良型主体でした！前半は潮がほとんど流れずアタリ少なかったです…後半になると、ゆっくり流れ単発拾い釣りな感じでした。数は伸びませんでしたが、エサの取りはいつになく良かったです。,25.9℃,NULL,chowari/佐島海楽園
佐島海楽園,佐島,2026/09/12,1,0,サバ,サバ,サブ,サバ,NULL,,,,0,,,,,NULL,神奈川県 横須賀市 佐島港,NULL,NULL,1,NULL,NULL,25.9,25.9,澄み,北北東,5.0m/s,大潮,南南西 0.6m/s・ウネリ,雨のち曇り,NULL,NULL,NULL,北東風そよそよ、ウネリ有り、水色澄みの今日は五目船。 後半迄潮流れ大人かったのですが、イサキは顔出すだけで続かず苦戦も、その変わり良型マアジが少し遊んでくれました。,25.9℃,NULL,chowari/佐島海楽園
佐島海楽園,佐島,2026/09/12,1,0,フエフキダイ,NULL,サブ,フエフキダイ,NULL,,,,0,,,,,NULL,神奈川県 横須賀市 佐島港,NULL,NULL,1,NULL,NULL,25.9,25.9,NULL,北北東,5.0m/s,大潮,南南西 0.6m/s,雨のち曇り,NULL,NULL,NULL,カワハギ船。 風は弱かったのですが、小雨が降ったり止んだりとすっきりしない1日でしたね。 今日も良型主体でした！前半は潮がほとんど流れずアタリ少なかったです…後半になると、ゆっくり流れ単発拾い釣りな感じでした。数は伸びませんでしたが、エサの取りはいつになく良かったです。,25.9℃,NULL,chowari/佐島海楽園
佐島海楽園,佐島,2026/09/12,1,0,マルソウダ,NULL,サブ,マルソウダ,NULL,,,,0,,,,,NULL,神奈川県 横須賀市 佐島港,NULL,NULL,1,NULL,NULL,25.9,25.9,澄み,北北東,5.0m/s,大潮,南南西 0.6m/s・ウネリ,雨のち曇り,NULL,NULL,NULL,北東風そよそよ、ウネリ有り、水色澄みの今日は五目船。 後半迄潮流れ大人かったのですが、イサキは顔出すだけで続かず苦戦も、その変わり良型マアジが少し遊んでくれました。,25.9℃,NULL,chowari/佐島海楽園
佐島海楽園,佐島,2026/09/12,1,0,メイチダイ,NULL,サブ,メイチダイ,NULL,,,,0,,,,,NULL,神奈川県 横須賀市 佐島港,NULL,NULL,1,NULL,NULL,25.9,25.9,NULL,北北東,5.0m/s,大潮,南南西 0.6m/s,雨のち曇り,NULL,NULL,NULL,カワハギ船。 風は弱かったのですが、小雨が降ったり止んだりとすっきりしない1日でしたね。 今日も良型主体でした！前半は潮がほとんど流れずアタリ少なかったです…後半になると、ゆっくり流れ単発拾い釣りな感じでした。数は伸びませんでしたが、エサの取りはいつになく良かったです。,25.9℃,NULL,chowari/佐島海楽園
佐島海楽園,佐島,2026/09/12,1,0,メジナ,メジナ,サブ,メジナ,NULL,0.0,2.0,1.0,0,,,,,NULL,神奈川県 横須賀市 佐島港,NULL,NULL,1,NULL,NULL,25.9,25.9,澄み,北北東,5.0m/s,大潮,南南西 0.6m/s・ウネリ,雨のち曇り,NULL,NULL,NULL,北東風そよそよ、ウネリ有り、水色澄みの今日は五目船。 後半迄潮流れ大人かったのですが、イサキは顔出すだけで続かず苦戦も、その変わり良型マアジが少し遊んでくれました。,25.9℃,NULL,chowari/佐島海楽園
佐島海楽園,佐島,2026/09/12,2,0,アジ,アジ,サブ,アジ,NULL,10.0,20.0,15.0,0,25.0,37.0,,,NULL,神奈川県 横須賀市 佐島港,NULL,NULL,1,NULL,NULL,25.9,25.9,澄み,北北東,5.0m/s,大潮,南南西 0.6m/s・ウネリ,雨のち曇り,NULL,NULL,NULL,北東風そよそよ、ウネリ有り、水色澄みの今日は五目船。 後半迄潮流れ大人かったのですが、イサキは顔出すだけで続かず苦戦も、その変わり良型マアジが少し遊んでくれました。,25.9℃,NULL,chowari/佐島海楽園
佐島海楽園,佐島,2026/09/12,2,0,イサキ,イサキ,メイン,イサキ,NULL,2.0,5.0,3.5,0,17.0,30.0,,,NULL,神奈川県 横須賀市 佐島港,NULL,NULL,1,NULL,NULL,25.9,25.9,澄み,北北東,5.0m/s,大潮,南南西 0.6m/s・ウネリ,雨のち曇り,アジ・サバ・マルソウダ・メジナ,NULL,NULL,北東風そよそよ、ウネリ有り、水色澄みの今日は五目船。 後半迄潮流れ大人かったのですが、イサキは顔出すだけで続かず苦戦も、その変わり良型マアジが少し遊んでくれました。,25.9℃,NULL,chowari/佐島海楽園
佐島海楽園,佐島,2026/09/12,2,0,サバ,サバ,サブ,サバ,NULL,,,,0,,,,,NULL,神奈川県 横須賀市 佐島港,NULL,NULL,1,NULL,NULL,25.9,25.9,澄み,北北東,5.0m/s,大潮,南南西 0.6m/s・ウネリ,雨のち曇り,NULL,NULL,NULL,北東風そよそよ、ウネリ有り、水色澄みの今日は五目船。 後半迄潮流れ大人かったのですが、イサキは顔出すだけで続かず苦戦も、その変わり良型マアジが少し遊んでくれました。,25.9℃,NULL,chowari/佐島海楽園
佐島海楽園,佐島,2026/09/12,2,0,マルソウダ,NULL,サブ,マルソウダ,NULL,,,,0,,,,,NULL,神奈川県 横須賀市 佐島港,NULL,NULL,1,NULL,NULL,25.9,25.9,澄み,北北東,5.0m/s,大潮,南南西 0.6m/s・ウネリ,雨のち曇り,NULL,NULL,NULL,北東風そよそよ、ウネリ有り、水色澄みの今日は五目船。 後半迄潮流れ大人かったのですが、イサキは顔出すだけで続かず苦戦も、その変わり良型マアジが少し遊んでくれました。,25.9℃,NULL,chowari/佐島海楽園
佐島海楽園,佐島,2026/09/12,2,0,メジナ,メジナ,サブ,メジナ,NULL,0.0,2.0,1.0,0,,,,,NULL,神奈川県 横須賀市 佐島港,NULL,NULL,1,NULL,NULL,25.9,25.9,澄み,北北東,5.0m/s,大潮,南南西 0.6m/s・ウネリ,雨のち曇り,NULL,NULL,NULL,北東風そよそよ、ウネリ有り、水色澄みの今日は五目船。 後半迄潮流れ大人かったのですが、イサキは顔出すだけで続かず苦戦も、その変わり良型マアジが少し遊んでくれました。,25.9℃,NULL,chowari/佐島海楽園
佐島海楽園,佐島,2026/09/13,1,0,ウマヅラ,ウマヅラハギ,サブ,ウマヅラ,NULL,,,,0,,,,,NULL,神奈川県 横須賀市 佐島港,NULL,NULL,1,NULL,NULL,25.4,25.4,薄濁り,北,4.3m/s,中潮,南 0.2m/s・凪,曇りのち時々晴れ,NULL,NULL,NULL,カワハギ船。 朝は曇りで肌寒かったです…お昼頃には晴れて暑くなりましたね。風は弱く良い凪でした。 型はまあまあサイズ多かったのですが、相変わらずの単発な食いでした。しかし外道は多かったです。そして今季初のツ抜けの方が出現しました！ ボーズの方もいましたが、これからが本番のカワハギ釣りです、リベンジお待ちしております。 潮は薄濁りで後半のほうが流れましたね。,25.4℃,NULL,chowari/佐島海楽園
佐島海楽園,佐島,2026/09/13,1,0,カサゴ,カサゴ,サブ,カサゴ,NULL,,,,0,,,,,NULL,神奈川県 横須賀市 佐島港,NULL,NULL,1,NULL,NULL,25.4,25.4,薄濁り,北,4.3m/s,中潮,南 0.2m/s・凪,曇りのち時々晴れ,NULL,NULL,NULL,カワハギ船。 朝は曇りで肌寒かったです…お昼頃には晴れて暑くなりましたね。風は弱く良い凪でした。 型はまあまあサイズ多かったのですが、相変わらずの単発な食いでした。しかし外道は多かったです。そして今季初のツ抜けの方が出現しました！ ボーズの方もいましたが、これからが本番のカワハギ釣りです、リベンジお待ちしております。 潮は薄濁りで後半のほうが流れましたね。,25.4℃,NULL,chowari/佐島海楽園
佐島海楽園,佐島,2026/09/13,1,0,カワハギ,カワハギ,メイン,カワハギ,NULL,0.0,10.0,5.0,0,18.0,26.0,,,NULL,神奈川県 横須賀市 佐島港,NULL,NULL,1,NULL,NULL,25.4,25.4,薄濁り,北,4.3m/s,中潮,南 0.2m/s・凪,曇りのち時々晴れ,ウマヅラ・カサゴ・フエフキダイ・メイチダイ,NULL,NULL,カワハギ船。 朝は曇りで肌寒かったです…お昼頃には晴れて暑くなりましたね。風は弱く良い凪でした。 型はまあまあサイズ多かったのですが、相変わらずの単発な食いでした。しかし外道は多かったです。そして今季初のツ抜けの方が出現しました！ ボーズの方もいましたが、これからが本番のカワハギ釣りです、リベンジお待ちしております。 潮は薄濁りで後半のほうが流れましたね。,25.4℃,NULL,chowari/佐島海楽園
佐島海楽園,佐島,2026/09/13,1,0,フエフキダイ,NULL,サブ,フエフキダイ,NULL,,,,0,,,,,NULL,神奈川県 横須賀市 佐島港,NULL,NULL,1,NULL,NULL,25.4,25.4,薄濁り,北,4.3m/s,中潮,南 0.2m/s・凪,曇りのち時々晴れ,NULL,NULL,NULL,カワハギ船。 朝は曇りで肌寒かったです…お昼頃には晴れて暑くなりましたね。風は弱く良い凪でした。 型はまあまあサイズ多かったのですが、相変わらずの単発な食いでした。しかし外道は多かったです。そして今季初のツ抜けの方が出現しました！ ボーズの方もいましたが、これからが本番のカワハギ釣りです、リベンジお待ちしております。 潮は薄濁りで後半のほうが流れましたね。,25.4℃,NULL,chowari/佐島海楽園
佐島海楽園,佐島,2026/09/13,1,0,メイチダイ,NULL,サブ,メイチダイ,NULL,,,,0,,,,,NULL,神奈川県 横須賀市 佐島港,NULL,NULL,1,NULL,NULL,25.4,25.4,薄濁り,北,4.3m/s,中潮,南 0.2m/s・凪,曇りのち時々晴れ,NULL,NULL,NULL,カワハギ船。 朝は曇りで肌寒かったです…お昼頃には晴れて暑くなりましたね。風は弱く良い凪でした。 型はまあまあサイズ多かったのですが、相変わらずの単発な食いでした。しかし外道は多かったです。そして今季初のツ抜けの方が出現しました！ ボーズの方もいましたが、これからが本番のカワハギ釣りです、リベンジお待ちしております。 潮は薄濁りで後半のほうが流れましたね。,25.4℃,NULL,chowari/佐島海楽園
佐島海楽園,佐島,2026/09/13,2,0,アジ,アジ,サブ,アジ,NULL,1.0,9.0,5.0,0,25.0,38.0,,,NULL,神奈川県 横須賀市 佐島港,NULL,NULL,1,NULL,NULL,25.4,25.4,澄み,北,4.3m/s,中潮,南 0.2m/s,曇りのち時々晴れ,NULL,NULL,NULL,北東のち南風そよそよ水色澄みの今日は９名のお客様と五目船。アシポイントは潮流れ速くサバのお邪魔もありましたが全員釣れました。イサキは良型主体でしたが難しい１日。,25.4℃,NULL,chowari/佐島海楽園
佐島海楽園,佐島,2026/09/13,2,0,イサキ,イサキ,メイン,イサキ,NULL,3.0,16.0,9.5,0,17.0,30.0,,,NULL,神奈川県 横須賀市 佐島港,NULL,NULL,1,NULL,NULL,25.4,25.4,澄み,北,4.3m/s,中潮,南 0.2m/s,曇りのち時々晴れ,アジ・ウマズラ・サバ・ハナダイ・ヒラソーダ・マダイ,NULL,NULL,北東のち南風そよそよ水色澄みの今日は９名のお客様と五目船。アシポイントは潮流れ速くサバのお邪魔もありましたが全員釣れました。イサキは良型主体でしたが難しい１日。,25.4℃,NULL,chowari/佐島海楽園
佐島海楽園,佐島,2026/09/13,2,0,ウマズラ,ウマヅラハギ,サブ,ウマズラ,NULL,,,,0,,,,,NULL,神奈川県 横須賀市 佐島港,NULL,NULL,1,NULL,NULL,25.4,25.4,澄み,北,4.3m/s,中潮,南 0.2m/s,曇りのち時々晴れ,NULL,NULL,NULL,北東のち南風そよそよ水色澄みの今日は９名のお客様と五目船。アシポイントは潮流れ速くサバのお邪魔もありましたが全員釣れました。イサキは良型主体でしたが難しい１日。,25.4℃,NULL,chowari/佐島海楽園
佐島海楽園,佐島,2026/09/13,2,0,サバ,サバ,サブ,サバ,NULL,,,,0,,,,,NULL,神奈川県 横須賀市 佐島港,NULL,NULL,1,NULL,NULL,25.4,25.4,澄み,北,4.3m/s,中潮,南 0.2m/s,曇りのち時々晴れ,NULL,NULL,NULL,北東のち南風そよそよ水色澄みの今日は９名のお客様と五目船。アシポイントは潮流れ速くサバのお邪魔もありましたが全員釣れました。イサキは良型主体でしたが難しい１日。,25.4℃,NULL,chowari/佐島海楽園
佐島海楽園,佐島,2026/09/13,2,0,ハナダイ,ハナダイ,サブ,ハナダイ,NULL,,,,0,,,,,NULL,神奈川県 横須賀市 佐島港,NULL,NULL,1,NULL,NULL,25.4,25.4,澄み,北,4.3m/s,中潮,南 0.2m/s,曇りのち時々晴れ,NULL,NULL,NULL,北東のち南風そよそよ水色澄みの今日は９名のお客様と五目船。アシポイントは潮流れ速くサバのお邪魔もありましたが全員釣れました。イサキは良型主体でしたが難しい１日。,25.4℃,NULL,chowari/佐島海楽園
佐島海楽園,佐島,2026/09/13,2,0,ヒラソーダ,NULL,サブ,ヒラソーダ,NULL,,,,0,,,,,NULL,神奈川県 横須賀市 佐島港,NULL,NULL,1,NULL,NULL,25.4,25.4,澄み,北,4.3m/s,中潮,南 0.2m/s,曇りのち時々晴れ,NULL,NULL,NULL,北東のち南風そよそよ水色澄みの今日は９名のお客様と五目船。アシポイントは潮流れ速くサバのお邪魔もありましたが全員釣れました。イサキは良型主体でしたが難しい１日。,25.4℃,NULL,chowari/佐島海楽園
佐島海楽園,佐島,2026/09/13,2,0,マダイ,マダイ,サブ,マダイ,NULL,0.0,2.0,1.0,0,,,,,NULL,神奈川県 横須賀市 佐島港,NULL,NULL,1,NULL,NULL,25.4,25.4,澄み,北,4.3m/s,中潮,南 0.2m/s,曇りのち時々晴れ,NULL,NULL,NULL,北東のち南風そよそよ水色澄みの今日は９名のお客様と五目船。アシポイントは潮流れ速くサバのお邪魔もありましたが全員釣れました。イサキは良型主体でしたが難しい１日。,25.4℃,NULL,chowari/佐島海楽園
佐島海楽園,佐島,2026/09/16,1,0,アジ,アジ,サブ,アジ,NULL,0.0,6.0,3.0,0,25.0,41.0,,,NULL,神奈川県 横須賀市 佐島港,NULL,NULL,1,NULL,NULL,25.9,25.9,澄み,北北東,3.3m/s,中潮,南 0.5m/s・ウネリ,雨,NULL,NULL,NULL,水色澄みウネリ有りの今日は久しぶりに出船。五目船。イサキは潮流れおとなしくなった時に少し当たり全員ツヌケ。マアジは反応動き回りで難しかったけど良型主体でした。,25.9℃,NULL,chowari/佐島海楽園
佐島海楽園,佐島,2026/09/16,1,0,イサキ,イサキ,メイン,イサキ,NULL,12.0,21.0,16.5,0,16.0,30.0,,,NULL,神奈川県 横須賀市 佐島港,NULL,NULL,1,NULL,NULL,25.9,25.9,澄み,北北東,3.3m/s,中潮,南 0.5m/s・ウネリ,雨,アジ・サバ・ヒラソーダ,NULL,NULL,水色澄みウネリ有りの今日は久しぶりに出船。五目船。イサキは潮流れおとなしくなった時に少し当たり全員ツヌケ。マアジは反応動き回りで難しかったけど良型主体でした。,25.9℃,NULL,chowari/佐島海楽園
佐島海楽園,佐島,2026/09/16,1,0,サバ,サバ,サブ,サバ,NULL,,,,0,,,,,NULL,神奈川県 横須賀市 佐島港,NULL,NULL,1,NULL,NULL,25.9,25.9,澄み,北北東,3.3m/s,中潮,南 0.5m/s・ウネリ,雨,NULL,NULL,NULL,水色澄みウネリ有りの今日は久しぶりに出船。五目船。イサキは潮流れおとなしくなった時に少し当たり全員ツヌケ。マアジは反応動き回りで難しかったけど良型主体でした。,25.9℃,NULL,chowari/佐島海楽園
佐島海楽園,佐島,2026/09/16,1,0,ヒラソーダ,NULL,サブ,ヒラソーダ,NULL,,,,0,,,,,NULL,神奈川県 横須賀市 佐島港,NULL,NULL,1,NULL,NULL,25.9,25.9,澄み,北北東,3.3m/s,中潮,南 0.5m/s・ウネリ,雨,NULL,NULL,NULL,水色澄みウネリ有りの今日は久しぶりに出船。五目船。イサキは潮流れおとなしくなった時に少し当たり全員ツヌケ。マアジは反応動き回りで難しかったけど良型主体でした。,25.9℃,NULL,chowari/佐島海楽園
佐島海楽園,佐島,2026/09/19,1,0,カサゴ,カサゴ,サブ,カサゴ,NULL,,,,0,,,,,NULL,神奈川県 横須賀市 佐島港,NULL,NULL,1,NULL,NULL,25.5,25.5,NULL,北,6.9m/s,小潮,南東 0.6m/s,曇り一時雨,NULL,NULL,NULL,いつになく渋かったです…潮がほとんど流れなかったせいか、外道もあまりうるさくなかったですね。型はまずまずでしたが、やはり数は伸びませんでした…。,25.5℃,NULL,chowari/佐島海楽園
佐島海楽園,佐島,2026/09/19,1,0,カワハギ,カワハギ,メイン,カワハギ,NULL,0.0,5.0,2.5,0,18.0,29.0,,,NULL,神奈川県 横須賀市 佐島港,NULL,NULL,1,NULL,NULL,25.5,25.5,NULL,北,6.9m/s,小潮,南東 0.6m/s,曇り一時雨,カサゴ・カンパチ・フエフキダイ・メイチダイ,NULL,NULL,いつになく渋かったです…潮がほとんど流れなかったせいか、外道もあまりうるさくなかったですね。型はまずまずでしたが、やはり数は伸びませんでした…。,25.5℃,NULL,chowari/佐島海楽園
佐島海楽園,佐島,2026/09/19,1,0,カンパチ,カンパチ,サブ,カンパチ,NULL,,,,0,,,,,NULL,神奈川県 横須賀市 佐島港,NULL,NULL,1,NULL,NULL,25.5,25.5,NULL,北,6.9m/s,小潮,南東 0.6m/s,曇り一時雨,NULL,NULL,NULL,いつになく渋かったです…潮がほとんど流れなかったせいか、外道もあまりうるさくなかったですね。型はまずまずでしたが、やはり数は伸びませんでした…。,25.5℃,NULL,chowari/佐島海楽園
佐島海楽園,佐島,2026/09/19,1,0,フエフキダイ,NULL,サブ,フエフキダイ,NULL,,,,0,,,,,NULL,神奈川県 横須賀市 佐島港,NULL,NULL,1,NULL,NULL,25.5,25.5,NULL,北,6.9m/s,小潮,南東 0.6m/s,曇り一時雨,NULL,NULL,NULL,いつになく渋かったです…潮がほとんど流れなかったせいか、外道もあまりうるさくなかったですね。型はまずまずでしたが、やはり数は伸びませんでした…。,25.5℃,NULL,chowari/佐島海楽園
佐島海楽園,佐島,2026/09/19,1,0,メイチダイ,NULL,サブ,メイチダイ,NULL,,,,0,,,,,NULL,神奈川県 横須賀市 佐島港,NULL,NULL,1,NULL,NULL,25.5,25.5,NULL,北,6.9m/s,小潮,南東 0.6m/s,曇り一時雨,NULL,NULL,NULL,いつになく渋かったです…潮がほとんど流れなかったせいか、外道もあまりうるさくなかったですね。型はまずまずでしたが、やはり数は伸びませんでした…。,25.5℃,NULL,chowari/佐島海楽園
佑幸丸,松輪江奈港,2026/09/08,1,0,ワラサ,ワラサ,メイン,ワラサ,NULL,1.0,3.0,2.0,0,,,2.5,3.0,NULL,神奈川県 三浦市 松輪江奈漁港,NULL,NULL,1,NULL,NULL,27.4,27.4,NULL,南西,2.9m/s,中潮,南 1.6m/s,曇り一時雨,,NULL,NULL,本日はワラサ狙いで出船しました！ 朝1投目からいきなりヒットしワラサをゲット すると連続して当たり今度はダブルヒットでワラサ、マダイが上がりました！ その後少し間を置いて再びヒット！又もワラサ、マダイが上がり、坊主無くお土産になりました🥳,27.4℃,NULL,chowari/佑幸丸
佑幸丸,松輪江奈港,2026/09/18,1,0,シマアジ,シマアジ,サブ,シマアジ,NULL,1.0,1.0,1.0,0,,,1.1,1.1,NULL,神奈川県 三浦市 松輪江奈漁港,NULL,NULL,1,NULL,NULL,26.1,26.1,NULL,北,11.6m/s,小潮,北北東 0.8m/s,曇り,NULL,NULL,NULL,本日はワラサ狙いで出船しました！ 朝からワラサの当たり良く連続ヒットする日でした！ 途中マダイ、シマアジも混ざりつつ終了までワラサが出てくれました コマセを撒けば撒くほど当たる感じで、皆様頑張ってコマセをやってくださいました♪,26.1℃,NULL,chowari/佑幸丸
佑幸丸,松輪江奈港,2026/09/18,1,0,マダイ,マダイ,サブ,マダイ,NULL,1.0,1.0,1.0,0,,,0.6,0.6,NULL,神奈川県 三浦市 松輪江奈漁港,NULL,NULL,1,NULL,NULL,26.1,26.1,NULL,北,11.6m/s,小潮,北北東 0.8m/s,曇り,NULL,NULL,NULL,本日はワラサ狙いで出船しました！ 朝からワラサの当たり良く連続ヒットする日でした！ 途中マダイ、シマアジも混ざりつつ終了までワラサが出てくれました コマセを撒けば撒くほど当たる感じで、皆様頑張ってコマセをやってくださいました♪,26.1℃,NULL,chowari/佑幸丸
佑幸丸,松輪江奈港,2026/09/18,1,0,ワラサ,ワラサ,メイン,ワラサ,NULL,0.0,7.0,3.5,0,,,2.3,3.4,NULL,神奈川県 三浦市 松輪江奈漁港,NULL,NULL,1,NULL,NULL,26.1,26.1,NULL,北,11.6m/s,小潮,北北東 0.8m/s,曇り,シマアジ・マダイ,NULL,NULL,本日はワラサ狙いで出船しました！ 朝からワラサの当たり良く連続ヒットする日でした！ 途中マダイ、シマアジも混ざりつつ終了までワラサが出てくれました コマセを撒けば撒くほど当たる感じで、皆様頑張ってコマセをやってくださいました♪,26.1℃,NULL,chowari/佑幸丸
作栄丸,浜行川,2026/09/01,1,0,ショウゴ,カンパチ,メイン,ショウゴ,NULL,0.0,3.0,1.5,0,,,0.5,0.8,NULL,千葉県 勝浦市 浜行川港,NULL,NULL,1,NULL,NULL,27.0,27.0,NULL,北東,2.9m/s,中潮,東 1.2m/s,晴れ後時々曇り,,NULL,NULL,泳がせ釣り好調でショウゴはよくアタリましたがエサのアジが少なく 数延びず、アジの釣れなかった方は0でした。 コマセ釣りはダメでした,27.0℃,NULL,chowari/作栄丸
作栄丸,浜行川,2026/09/02,1,0,シマアジ,シマアジ,メイン,シマアジ,NULL,1.0,1.0,1.0,0,,,0.8,0.8,NULL,千葉県 勝浦市 浜行川港,NULL,NULL,1,NULL,NULL,27.5,27.5,NULL,南東,2.0m/s,中潮,東 1.2m/s,曇り時々晴れ,マダイ,NULL,NULL,バラシもあり 泳がせ釣りではアカハタ上がりました,27.5℃,NULL,chowari/作栄丸
作栄丸,浜行川,2026/09/02,1,0,マダイ,マダイ,サブ,マダイ,NULL,0.0,1.0,0.5,0,,,1.3,1.6,NULL,千葉県 勝浦市 浜行川港,NULL,NULL,1,NULL,NULL,27.5,27.5,NULL,南東,2.0m/s,中潮,東 1.2m/s,曇り時々晴れ,NULL,NULL,NULL,バラシもあり 泳がせ釣りではアカハタ上がりました,27.5℃,NULL,chowari/作栄丸
作栄丸,浜行川,2026/09/03,1,0,シマアジ,シマアジ,メイン,シマアジ,NULL,0.0,1.0,0.5,0,,,0.5,0.7,NULL,千葉県 勝浦市 浜行川港,NULL,NULL,1,NULL,NULL,27.6,27.6,NULL,南南西,3.0m/s,小潮,東南東 1.1m/s,曇りのち一時雨,ヒラメ,NULL,NULL,反応ある割にはアタリ少ない,27.6℃,NULL,chowari/作栄丸
作栄丸,浜行川,2026/09/03,1,0,ヒラメ,ヒラメ,サブ,ヒラメ,NULL,1.0,1.0,1.0,0,,,1.5,1.5,NULL,千葉県 勝浦市 浜行川港,NULL,NULL,1,NULL,NULL,27.6,27.6,NULL,南南西,3.0m/s,小潮,東南東 1.1m/s,曇りのち一時雨,NULL,NULL,NULL,反応ある割にはアタリ少ない,27.6℃,NULL,chowari/作栄丸
作栄丸,浜行川,2026/09/11,1,0,シマアジ,シマアジ,メイン,シマアジ,NULL,0.0,2.0,1.0,0,,,0.6,1.26,NULL,千葉県 勝浦市 浜行川港,NULL,NULL,1,NULL,NULL,27.0,27.0,NULL,北東,2.5m/s,大潮,東南東 1.1m/s,雨,ショウゴ・マダイ,NULL,NULL,バラシもあってポツ～リ！ポツリとアタリありました,27.0℃,NULL,chowari/作栄丸
作栄丸,浜行川,2026/09/11,1,0,ショウゴ,カンパチ,サブ,ショウゴ,NULL,0.0,3.0,1.5,0,,,0.6,0.7,NULL,千葉県 勝浦市 浜行川港,NULL,NULL,1,NULL,NULL,27.0,27.0,NULL,北東,2.5m/s,大潮,東南東 1.1m/s,雨,NULL,NULL,NULL,バラシもあってポツ～リ！ポツリとアタリありました,27.0℃,NULL,chowari/作栄丸
作栄丸,浜行川,2026/09/11,1,0,マダイ,マダイ,サブ,マダイ,NULL,0.0,3.0,1.5,0,,,1.0,2.5,NULL,千葉県 勝浦市 浜行川港,NULL,NULL,1,NULL,NULL,27.0,27.0,NULL,北東,2.5m/s,大潮,東南東 1.1m/s,雨,NULL,NULL,NULL,バラシもあってポツ～リ！ポツリとアタリありました,27.0℃,NULL,chowari/作栄丸
作栄丸,浜行川,2026/09/12,1,0,シマアジ,シマアジ,メイン,シマアジ,NULL,0.0,2.0,1.0,0,,,0.5,0.7,NULL,千葉県 勝浦市 浜行川港,NULL,NULL,1,NULL,NULL,25.8,25.8,NULL,北北東,3.5m/s,大潮,東南東 1.1m/s,曇り一時雨,ショウゴ・マダイ,NULL,NULL,今日はバラシの方が多くなってしまいました,25.8℃,NULL,chowari/作栄丸
作栄丸,浜行川,2026/09/12,1,0,ショウゴ,カンパチ,サブ,ショウゴ,NULL,0.0,2.0,1.0,0,,,0.7,0.9,NULL,千葉県 勝浦市 浜行川港,NULL,NULL,1,NULL,NULL,25.8,25.8,NULL,北北東,3.5m/s,大潮,東南東 1.1m/s,曇り一時雨,NULL,NULL,NULL,今日はバラシの方が多くなってしまいました,25.8℃,NULL,chowari/作栄丸
作栄丸,浜行川,2026/09/12,1,0,マダイ,マダイ,サブ,マダイ,NULL,0.0,2.0,1.0,0,,,0.7,1.3,NULL,千葉県 勝浦市 浜行川港,NULL,NULL,1,NULL,NULL,25.8,25.8,NULL,北北東,3.5m/s,大潮,東南東 1.1m/s,曇り一時雨,NULL,NULL,NULL,今日はバラシの方が多くなってしまいました,25.8℃,NULL,chowari/作栄丸
作栄丸,浜行川,2026/09/13,1,0,シマアジ,シマアジ,メイン,シマアジ,NULL,0.0,3.0,1.5,0,,,0.5,0.8,NULL,千葉県 勝浦市 浜行川港,NULL,NULL,1,NULL,NULL,25.3,25.3,NULL,北北東,2.6m/s,中潮,東 1.1m/s,曇りのち時々晴れ,ショウゴ・マダイ,NULL,NULL,昨日ほどのアタリは無かったものの シマアジ、ショウゴと食ってくれました,25.3℃,NULL,chowari/作栄丸
作栄丸,浜行川,2026/09/13,1,0,ショウゴ,カンパチ,サブ,ショウゴ,NULL,0.0,1.0,0.5,0,,,0.6,0.8,NULL,千葉県 勝浦市 浜行川港,NULL,NULL,1,NULL,NULL,25.3,25.3,NULL,北北東,2.6m/s,中潮,東 1.1m/s,曇りのち時々晴れ,NULL,NULL,NULL,昨日ほどのアタリは無かったものの シマアジ、ショウゴと食ってくれました,25.3℃,NULL,chowari/作栄丸
作栄丸,浜行川,2026/09/13,1,0,マダイ,マダイ,サブ,マダイ,NULL,1.0,1.0,1.0,0,,,0.6,0.6,NULL,千葉県 勝浦市 浜行川港,NULL,NULL,1,NULL,NULL,25.3,25.3,NULL,北北東,2.6m/s,中潮,東 1.1m/s,曇りのち時々晴れ,NULL,NULL,NULL,昨日ほどのアタリは無かったものの シマアジ、ショウゴと食ってくれました,25.3℃,NULL,chowari/作栄丸
作栄丸,浜行川,2026/09/14,1,0,シマアジ,シマアジ,メイン,シマアジ,NULL,0.0,3.0,1.5,0,,,0.6,0.8,NULL,千葉県 勝浦市 浜行川港,NULL,NULL,1,NULL,NULL,25.8,25.8,NULL,南南西,3.6m/s,中潮,東南東 1.2m/s,晴れ後時々曇り,マダイ,NULL,NULL,1人で6回アタリあった方も半分の3匹しかとれず他の方もとれた方とれなかった方とありバラシの多い1日でした,25.8℃,NULL,chowari/作栄丸
作栄丸,浜行川,2026/09/14,1,0,マダイ,マダイ,サブ,マダイ,NULL,0.0,1.0,0.5,0,,,0.7,1.2,NULL,千葉県 勝浦市 浜行川港,NULL,NULL,1,NULL,NULL,25.8,25.8,NULL,南南西,3.6m/s,中潮,東南東 1.2m/s,晴れ後時々曇り,NULL,NULL,NULL,1人で6回アタリあった方も半分の3匹しかとれず他の方もとれた方とれなかった方とありバラシの多い1日でした,25.8℃,NULL,chowari/作栄丸
作栄丸,浜行川,2026/09/15,1,0,シマアジ,シマアジ,メイン,シマアジ,NULL,0.0,3.0,1.5,0,,,0.5,0.8,NULL,千葉県 勝浦市 浜行川港,NULL,NULL,1,NULL,NULL,25.8,25.8,NULL,南西,2.1m/s,中潮,東南東 1.3m/s,雨時々止む,ショウゴ・マダイ,NULL,NULL,潮の流れが定まらずやりにくなった シマアジは全員アタリましたが 残念ながらバラしが数回あり1名の方が0でした それでも真鯛は釣ったのでお土産はありました,25.8℃,NULL,chowari/作栄丸
作栄丸,浜行川,2026/09/15,1,0,ショウゴ,カンパチ,サブ,ショウゴ,NULL,1.0,1.0,1.0,0,,,1.0,1.0,NULL,千葉県 勝浦市 浜行川港,NULL,NULL,1,NULL,NULL,25.8,25.8,NULL,南西,2.1m/s,中潮,東南東 1.3m/s,雨時々止む,NULL,NULL,NULL,潮の流れが定まらずやりにくなった シマアジは全員アタリましたが 残念ながらバラしが数回あり1名の方が0でした それでも真鯛は釣ったのでお土産はありました,25.8℃,NULL,chowari/作栄丸
作栄丸,浜行川,2026/09/15,1,0,マダイ,マダイ,サブ,マダイ,NULL,0.0,1.0,0.5,0,,,0.6,1.3,NULL,千葉県 勝浦市 浜行川港,NULL,NULL,1,NULL,NULL,25.8,25.8,NULL,南西,2.1m/s,中潮,東南東 1.3m/s,雨時々止む,NULL,NULL,NULL,潮の流れが定まらずやりにくなった シマアジは全員アタリましたが 残念ながらバラしが数回あり1名の方が0でした それでも真鯛は釣ったのでお土産はありました,25.8℃,NULL,chowari/作栄丸
作栄丸,浜行川,2026/09/16,1,0,シマアジ,シマアジ,メイン,シマアジ,NULL,2.0,6.0,4.0,0,,,0.6,1.62,NULL,千葉県 勝浦市 浜行川港,NULL,NULL,1,NULL,NULL,25.8,25.8,NULL,東南東,1.1m/s,中潮,東南東 1.2m/s,雨,マダイ,NULL,NULL,皆さんシマアジのお土産あり最高の一日！ 1.62キロの他1.6キロと良型の バラシもありました マダイやクロダイ、イナダ混じりました 明日一日出た後に台風に備えて 陸上げするかもわかりません,25.8℃,NULL,chowari/作栄丸
作栄丸,浜行川,2026/09/16,1,0,マダイ,マダイ,サブ,マダイ,NULL,2.0,2.0,2.0,0,,,1.2,1.6,NULL,千葉県 勝浦市 浜行川港,NULL,NULL,1,NULL,NULL,25.8,25.8,NULL,東南東,1.1m/s,中潮,東南東 1.2m/s,雨,NULL,NULL,NULL,皆さんシマアジのお土産あり最高の一日！ 1.62キロの他1.6キロと良型の バラシもありました マダイやクロダイ、イナダ混じりました 明日一日出た後に台風に備えて 陸上げするかもわかりません,25.8℃,NULL,chowari/作栄丸
作栄丸,浜行川,2026/09/17,1,0,シマアジ,シマアジ,メイン,シマアジ,NULL,2.0,7.0,4.5,0,,,0.6,0.8,NULL,千葉県 勝浦市 浜行川港,NULL,NULL,1,NULL,NULL,25.7,25.7,NULL,北北東,5.8m/s,小潮,東 1.5m/s,曇り,ショウゴ・マダイ,NULL,NULL,今日も小型シマアジ中心に好調でした。,25.7℃,NULL,chowari/作栄丸
作栄丸,浜行川,2026/09/17,1,0,ショウゴ,カンパチ,サブ,ショウゴ,NULL,2.0,2.0,2.0,0,,,1.0,1.3,NULL,千葉県 勝浦市 浜行川港,NULL,NULL,1,NULL,NULL,25.7,25.7,NULL,北北東,5.8m/s,小潮,東 1.5m/s,曇り,NULL,NULL,NULL,今日も小型シマアジ中心に好調でした。,25.7℃,NULL,chowari/作栄丸
作栄丸,浜行川,2026/09/17,1,0,マダイ,マダイ,サブ,マダイ,NULL,1.0,1.0,1.0,0,,,1.1,1.1,NULL,千葉県 勝浦市 浜行川港,NULL,NULL,1,NULL,NULL,25.7,25.7,NULL,北北東,5.8m/s,小潮,東 1.5m/s,曇り,NULL,NULL,NULL,今日も小型シマアジ中心に好調でした。,25.7℃,NULL,chowari/作栄丸
健清丸,大洗港,2026/09/05,1,0,アジ,アジ,メイン,アジ,NULL,8.0,20.0,14.0,0,15.0,42.0,,,NULL,茨城県 東茨城郡大洗町 大洗港,NULL,NULL,1,NULL,NULL,24.9,24.9,NULL,東北東,6.3m/s,小潮,東 1.1m/s,曇り,チカメキントキ,NULL,NULL,アジ・チカメキントキで出船ポイント探りながらでしたがアジあいかわらず良型が多かったです、チカメキントキもポイント探りながらでしたがいい反応にのれ3点・4点かけもありいいお土産になりました。SLJでも良型のアジ・チカメキントキ釣れていました。 平日も人数そろえば出船いたします。,24.9℃,NULL,chowari/健清丸
健清丸,大洗港,2026/09/05,1,0,チカメキントキ,キントキ,サブ,チカメキントキ,NULL,16.0,28.0,22.0,0,20.0,36.0,,,NULL,茨城県 東茨城郡大洗町 大洗港,NULL,NULL,1,NULL,NULL,24.9,24.9,NULL,東北東,6.3m/s,小潮,東 1.1m/s,曇り,NULL,NULL,NULL,アジ・チカメキントキで出船ポイント探りながらでしたがアジあいかわらず良型が多かったです、チカメキントキもポイント探りながらでしたがいい反応にのれ3点・4点かけもありいいお土産になりました。SLJでも良型のアジ・チカメキントキ釣れていました。 平日も人数そろえば出船いたします。,24.9℃,NULL,chowari/健清丸
健清丸,大洗港,2026/09/13,1,0,アジ,アジ,メイン,アジ,NULL,15.0,38.0,26.5,0,23.0,35.0,,,NULL,チカメキントキ沖,NULL,NULL,1,NULL,NULL,23.9,23.9,NULL,北北東,4.8m/s,中潮,東 1.2m/s,曇り,チカメキントキ,NULL,NULL,アジ朝のうちやりましたが反応あるも食い渋く苦戦しましたがポイント探してどうにかお土産釣れまたチカメキントキ沖の状況悪く数少なかったです。状況良くなれば又数釣りできると思います。連休中もまだ空席有ります。 19日土曜タコエギで出船予定空席有ります。,23.9℃,NULL,chowari/健清丸
健清丸,大洗港,2026/09/13,1,0,チカメキントキ,キントキ,サブ,チカメキントキ,NULL,0.0,5.0,2.5,0,32.0,35.0,,,NULL,チカメキントキ沖,NULL,NULL,1,NULL,NULL,23.9,23.9,NULL,北北東,4.8m/s,中潮,東 1.2m/s,曇り,NULL,NULL,NULL,アジ朝のうちやりましたが反応あるも食い渋く苦戦しましたがポイント探してどうにかお土産釣れまたチカメキントキ沖の状況悪く数少なかったです。状況良くなれば又数釣りできると思います。連休中もまだ空席有ります。 19日土曜タコエギで出船予定空席有ります。,23.9℃,NULL,chowari/健清丸
優光丸,飯岡港,2026/09/02,1,0,マダイ,マダイ,メイン,マダイ,NULL,4.0,8.0,6.0,0,,,0.8,4.0,NULL,千葉県 旭市 飯岡漁港,NULL,NULL,1,NULL,NULL,25.2,25.2,NULL,南南東,1.7m/s,中潮,東 1.1m/s,曇り時々晴れ,,NULL,NULL,はーい活きエビ解禁初出船。結果は大成功ーーーーッ！！！ビックヒット連発ッ！！！1.5キロ！3.5キロ！！4.0キロ！！！無事ゲットーーーーッ。 活きエビパワー爆発！？アタリ多し！！！掛けて掛けて掛けまくる。ゲストの活性も良し！お土産もモリモリでした。,25.2℃,NULL,chowari/優光丸
優光丸,飯岡港,2026/09/03,1,0,ハナダイ,ハナダイ,サブ,ハナダイ,NULL,,,,0,,,,,NULL,千葉県 旭市 飯岡漁港,NULL,NULL,1,NULL,NULL,25.2,25.2,NULL,南,2.1m/s,小潮,東南東 0.9m/s,曇りのち一時雨,NULL,NULL,NULL,朝イチから終始アタリ多し！！良型主体で全員本命確保ッ.。花鯛も混じりますが真鯛が食い気良し！！キロサイズの真鯛と花鯛ゲット。あとはシーラ！シーラが邪魔。青物やヒラメも混じってくるので本日もクーラーパンパン！。活きエビパワー爆発しております。,25.2℃,NULL,chowari/優光丸
優光丸,飯岡港,2026/09/03,1,0,マダイ,マダイ,メイン,マダイ,NULL,4.0,25.0,14.5,0,,,0.5,1.5,NULL,千葉県 旭市 飯岡漁港,NULL,NULL,1,NULL,NULL,25.2,25.2,NULL,南,2.1m/s,小潮,東南東 0.9m/s,曇りのち一時雨,ハナダイ,NULL,NULL,朝イチから終始アタリ多し！！良型主体で全員本命確保ッ.。花鯛も混じりますが真鯛が食い気良し！！キロサイズの真鯛と花鯛ゲット。あとはシーラ！シーラが邪魔。青物やヒラメも混じってくるので本日もクーラーパンパン！。活きエビパワー爆発しております。,25.2℃,NULL,chowari/優光丸
優光丸,飯岡港,2026/09/05,1,0,ヒラメ,ヒラメ,メイン,ヒラメ,NULL,2.0,5.0,3.5,0,,,0.5,2.0,NULL,千葉県 旭市 飯岡漁港,NULL,NULL,1,NULL,NULL,25.0,25.0,NULL,東,1.7m/s,小潮,南東 1.0m/s,曇り,,NULL,NULL,雨にも負けず皆様大奮闘！！朝からアタリ多し。 皆様早めに本命確保となりましたッ！！しかし型狙いでポイント変えアタックするも中々サイズアップ難しい(泣)。ｳｰﾑ…可愛いサイズが目立つw明日はもう少しポイント絞って型狙い頑張りたいと思います！！。,25.0℃,NULL,chowari/優光丸
優光丸,飯岡港,2026/09/06,1,0,ソゲ,NULL,サブ,ソゲ,NULL,,,,0,,,,,NULL,千葉県 旭市 飯岡漁港,NULL,NULL,1,NULL,NULL,25.0,25.0,NULL,北東,4.8m/s,長潮,東 1.6m/s・うねり,雨,NULL,NULL,NULL,本日も朝から雨降りしきる中アタリ多し！ソゲ混じるも良型ヒラメも食い気良し！！ただバラシも目立ちまーす(笑)。 中盤から雨激しく、うねりも伴い始めやりづらい状況…型狙いでポイントアタックするもかけ損じ(泣)。 予報より早めに海悪くなり始めたためいつもより30分早めに切り上げ…！。 皆様本命ゲット出来たので良かったです。,25.0℃,NULL,chowari/優光丸
優光丸,飯岡港,2026/09/06,1,0,ヒラメ,ヒラメ,メイン,ヒラメ,NULL,2.0,5.0,3.5,0,,,0.4,2.7,NULL,千葉県 旭市 飯岡漁港,NULL,NULL,1,NULL,NULL,25.0,25.0,NULL,北東,4.8m/s,長潮,東 1.6m/s・うねり,雨,ソゲ,NULL,NULL,本日も朝から雨降りしきる中アタリ多し！ソゲ混じるも良型ヒラメも食い気良し！！ただバラシも目立ちまーす(笑)。 中盤から雨激しく、うねりも伴い始めやりづらい状況…型狙いでポイントアタックするもかけ損じ(泣)。 予報より早めに海悪くなり始めたためいつもより30分早めに切り上げ…！。 皆様本命ゲット出来たので良かったです。,25.0℃,NULL,chowari/優光丸
優光丸,飯岡港,2026/09/12,1,0,ヒラマサ,ヒラマサ,サブ,ヒラマサ,NULL,,,,0,,,,,NULL,千葉県 旭市 飯岡漁港,NULL,NULL,1,NULL,NULL,24.5,24.5,NULL,北北東,3.2m/s,大潮,東南東 1.0m/s,曇り一時雨,NULL,NULL,NULL,本日もアタリ多く良型主体で本命確保ッ！！活きエビパワー爆発しております！花鯛、カンパチ、ヒラマサ等の青物に邪魔されるも好調、好調。お土産含めて皆様ナイスキャッチ。仕立て船の方も皆様キロ超サイズゲット！！乗合船も初めての方しっかり本命上がりにっこり。明日もこのまま突っ走りたいですね！！。,24.5℃,NULL,chowari/優光丸
優光丸,飯岡港,2026/09/12,1,0,ヒラメ,ヒラメ,サブ,ヒラメ,NULL,,,,0,,,,,NULL,千葉県 旭市 飯岡漁港,NULL,NULL,1,NULL,NULL,24.5,24.5,NULL,北北東,3.2m/s,大潮,東南東 1.0m/s,曇り一時雨,NULL,NULL,NULL,本日もアタリ多く良型主体で本命確保ッ！！活きエビパワー爆発しております！花鯛、カンパチ、ヒラマサ等の青物に邪魔されるも好調、好調。お土産含めて皆様ナイスキャッチ。仕立て船の方も皆様キロ超サイズゲット！！乗合船も初めての方しっかり本命上がりにっこり。明日もこのまま突っ走りたいですね！！。,24.5℃,NULL,chowari/優光丸
優光丸,飯岡港,2026/09/12,1,0,マダイ,マダイ,メイン,マダイ,NULL,2.0,13.0,7.5,0,,,0.5,2.8,NULL,千葉県 旭市 飯岡漁港,NULL,NULL,1,NULL,NULL,24.5,24.5,NULL,北北東,3.2m/s,大潮,東南東 1.0m/s,曇り一時雨,ヒラマサ・ヒラメ,NULL,NULL,本日もアタリ多く良型主体で本命確保ッ！！活きエビパワー爆発しております！花鯛、カンパチ、ヒラマサ等の青物に邪魔されるも好調、好調。お土産含めて皆様ナイスキャッチ。仕立て船の方も皆様キロ超サイズゲット！！乗合船も初めての方しっかり本命上がりにっこり。明日もこのまま突っ走りたいですね！！。,24.5℃,NULL,chowari/優光丸
優光丸,飯岡港,2026/09/13,1,0,イシダイ,イシダイ,サブ,イシダイ,NULL,,,,0,,,,,NULL,千葉県 旭市 飯岡漁港,NULL,NULL,1,NULL,NULL,24.2,24.2,NULL,北北東,3.0m/s,中潮・潮流れず,東 1.1m/s,曇りのち時々晴れ,NULL,NULL,NULL,本日潮流れず苦戦！。昨日より活性落ち、食い気渋い…(泣)。アタリ自体はポツポツ出るもかけ損じ多数！。本命の枚数は伸びずッ。 しかし初めての方や貸し竿のお客様も無事本命ゲット。良型の花鯛やヒラメ、青物等のお土産も確保出来良かったです！！明日はポイント少しずらして頑張ります！！。,24.2℃,NULL,chowari/優光丸
優光丸,飯岡港,2026/09/13,1,0,ハナダイ,ハナダイ,サブ,ハナダイ,NULL,,,,0,,,,,NULL,千葉県 旭市 飯岡漁港,NULL,NULL,1,NULL,NULL,24.2,24.2,NULL,北北東,3.0m/s,中潮・潮流れず,東 1.1m/s,曇りのち時々晴れ,NULL,NULL,NULL,本日潮流れず苦戦！。昨日より活性落ち、食い気渋い…(泣)。アタリ自体はポツポツ出るもかけ損じ多数！。本命の枚数は伸びずッ。 しかし初めての方や貸し竿のお客様も無事本命ゲット。良型の花鯛やヒラメ、青物等のお土産も確保出来良かったです！！明日はポイント少しずらして頑張ります！！。,24.2℃,NULL,chowari/優光丸
優光丸,飯岡港,2026/09/13,1,0,ヒラメ,ヒラメ,サブ,ヒラメ,NULL,,,,0,,,,,NULL,千葉県 旭市 飯岡漁港,NULL,NULL,1,NULL,NULL,24.2,24.2,NULL,北北東,3.0m/s,中潮・潮流れず,東 1.1m/s,曇りのち時々晴れ,NULL,NULL,NULL,本日潮流れず苦戦！。昨日より活性落ち、食い気渋い…(泣)。アタリ自体はポツポツ出るもかけ損じ多数！。本命の枚数は伸びずッ。 しかし初めての方や貸し竿のお客様も無事本命ゲット。良型の花鯛やヒラメ、青物等のお土産も確保出来良かったです！！明日はポイント少しずらして頑張ります！！。,24.2℃,NULL,chowari/優光丸
優光丸,飯岡港,2026/09/13,1,0,マダイ,マダイ,メイン,マダイ,NULL,1.0,8.0,4.5,0,,,0.5,1.5,NULL,千葉県 旭市 飯岡漁港,NULL,NULL,1,NULL,NULL,24.2,24.2,NULL,北北東,3.0m/s,中潮・潮流れず,東 1.1m/s,曇りのち時々晴れ,イシダイ・ハナダイ・ヒラメ,NULL,NULL,本日潮流れず苦戦！。昨日より活性落ち、食い気渋い…(泣)。アタリ自体はポツポツ出るもかけ損じ多数！。本命の枚数は伸びずッ。 しかし初めての方や貸し竿のお客様も無事本命ゲット。良型の花鯛やヒラメ、青物等のお土産も確保出来良かったです！！明日はポイント少しずらして頑張ります！！。,24.2℃,NULL,chowari/優光丸
優光丸,飯岡港,2026/09/14,1,0,マダイ,マダイ,メイン,マダイ,NULL,6.0,12.0,9.0,0,,,0.4,1.5,NULL,千葉県 旭市 飯岡漁港,NULL,NULL,1,NULL,NULL,24.1,24.1,NULL,南南西,3.8m/s,中潮,東南東 1.0m/s,晴れ後時々曇り,,NULL,NULL,戻ったーーーーーっ！！本日終始アタリ多しッ！！エサ切れで終了。 ヨシヨシヨシッ、前半は可愛いサイズと花鯛の猛攻…。しかし中盤からサイズアップ、良型主体で本命確保！！仕掛けは5～8号を使用！誘導テンヤで枚数勝負！固定テンヤで型狙い(ただバラシ多しw)。 潮流れも良く活性上がり、ゲストの食い気も良き～落としゃ釣れ～落としゃ釣れ～。,24.1℃,NULL,chowari/優光丸
優光丸,飯岡港,2026/09/16,1,0,ハナダイ,ハナダイ,サブ,ハナダイ,NULL,,,,0,,,,,NULL,千葉県 旭市 飯岡漁港,NULL,NULL,1,NULL,NULL,23.9,23.9,NULL,北東,2.7m/s,中潮,東南東 1.1m/s,雨,NULL,NULL,NULL,朝イチからアタリ多しッ！しかも良型主体ッ！！花鯛もポチポチとした食い気で邪魔なく最高。 中盤戦で本命のアタリラッシュ～中鯛ゲット。 キタキタキターーーッ。終始アタリ多しなので活きエビパワーでチャンスタイム乗せやすい状況です！。,23.9℃,NULL,chowari/優光丸
優光丸,飯岡港,2026/09/16,1,0,マダイ,マダイ,メイン,マダイ,NULL,2.0,12.0,7.0,0,,,0.5,3.5,NULL,千葉県 旭市 飯岡漁港,NULL,NULL,1,NULL,NULL,23.9,23.9,NULL,北東,2.7m/s,中潮,東南東 1.1m/s,雨,ハナダイ・マハタ,NULL,NULL,朝イチからアタリ多しッ！しかも良型主体ッ！！花鯛もポチポチとした食い気で邪魔なく最高。 中盤戦で本命のアタリラッシュ～中鯛ゲット。 キタキタキターーーッ。終始アタリ多しなので活きエビパワーでチャンスタイム乗せやすい状況です！。,23.9℃,NULL,chowari/優光丸
優光丸,飯岡港,2026/09/16,1,0,マハタ,マハタ,サブ,マハタ,NULL,,,,0,,,,,NULL,千葉県 旭市 飯岡漁港,NULL,NULL,1,NULL,NULL,23.9,23.9,NULL,北東,2.7m/s,中潮,東南東 1.1m/s,雨,NULL,NULL,NULL,朝イチからアタリ多しッ！しかも良型主体ッ！！花鯛もポチポチとした食い気で邪魔なく最高。 中盤戦で本命のアタリラッシュ～中鯛ゲット。 キタキタキターーーッ。終始アタリ多しなので活きエビパワーでチャンスタイム乗せやすい状況です！。,23.9℃,NULL,chowari/優光丸
優神丸,平塚港,2026/09/01,1,0,キハダ,キハダマグロ,メイン,キハダ,NULL,1.0,1.0,1.0,0,,,70.0,70.0,NULL,神奈川県 平塚市 平塚漁港,NULL,NULL,1,NULL,NULL,27.1,27.1,NULL,北東,2.8m/s,中潮,南南東 0.3m/s,曇り,,NULL,NULL,キハダキャスティング！ 近海モンスター討伐成功、７０㌔でした。 4号100ポンドとライト気味なタックルでしたが PEリーダーシステム結束と 限界値をしっかり分かってるからとれた魚でしたね。 キハダは3HIT1キャッチ！ 160ポンドをぶった切ってくやつもいましたね。 恐らく歯があたっちゃったかな？運ですね。 あとはダイレクトシャークもありました。,27.1℃,NULL,chowari/優神丸
優神丸,平塚港,2026/09/02,1,0,アジ,アジ,サブ,アジ,NULL,,,,0,,,,,NULL,神奈川県 平塚市 平塚漁港,NULL,NULL,1,NULL,NULL,27.6,27.6,NULL,南南東,1.3m/s,中潮,南南東 0.4m/s,曇り時々晴れ,NULL,NULL,NULL,第2優神丸は中深海でした。 今日はポイントによりヨゴレが有り ポツポツ釣れました。 型も良型多く、皆さんお土産十分釣れました。 小型キンメ、メダイ、シロムツ アジ、サバが混じりました。,27.6℃,NULL,chowari/優神丸
優神丸,平塚港,2026/09/02,1,0,キンメ,キンメダイ,サブ,キンメ,NULL,,,,0,,,,,NULL,神奈川県 平塚市 平塚漁港,NULL,NULL,1,NULL,NULL,27.6,27.6,NULL,南南東,1.3m/s,中潮,南南東 0.4m/s,曇り時々晴れ,NULL,NULL,NULL,第2優神丸は中深海でした。 今日はポイントによりヨゴレが有り ポツポツ釣れました。 型も良型多く、皆さんお土産十分釣れました。 小型キンメ、メダイ、シロムツ アジ、サバが混じりました。,27.6℃,NULL,chowari/優神丸
優神丸,平塚港,2026/09/02,1,0,クロムツ,クロムツ,メイン,クロムツ,NULL,,,,0,,,,,NULL,神奈川県 平塚市 平塚漁港,NULL,NULL,1,NULL,NULL,27.6,27.6,NULL,南南東,1.3m/s,中潮,南南東 0.4m/s,曇り時々晴れ,アジ・キンメ・サバ・シロムツ・メダイ,NULL,NULL,第2優神丸は中深海でした。 今日はポイントによりヨゴレが有り ポツポツ釣れました。 型も良型多く、皆さんお土産十分釣れました。 小型キンメ、メダイ、シロムツ アジ、サバが混じりました。,27.6℃,NULL,chowari/優神丸
優神丸,平塚港,2026/09/02,1,0,サバ,サバ,サブ,サバ,NULL,,,,0,,,,,NULL,神奈川県 平塚市 平塚漁港,NULL,NULL,1,NULL,NULL,27.6,27.6,NULL,南南東,1.3m/s,中潮,南南東 0.4m/s,曇り時々晴れ,NULL,NULL,NULL,第2優神丸は中深海でした。 今日はポイントによりヨゴレが有り ポツポツ釣れました。 型も良型多く、皆さんお土産十分釣れました。 小型キンメ、メダイ、シロムツ アジ、サバが混じりました。,27.6℃,NULL,chowari/優神丸
優神丸,平塚港,2026/09/02,1,0,シロムツ,クロムツ,サブ,シロムツ,NULL,,,,0,,,,,NULL,神奈川県 平塚市 平塚漁港,NULL,NULL,1,NULL,NULL,27.6,27.6,NULL,南南東,1.3m/s,中潮,南南東 0.4m/s,曇り時々晴れ,NULL,NULL,NULL,第2優神丸は中深海でした。 今日はポイントによりヨゴレが有り ポツポツ釣れました。 型も良型多く、皆さんお土産十分釣れました。 小型キンメ、メダイ、シロムツ アジ、サバが混じりました。,27.6℃,NULL,chowari/優神丸
優神丸,平塚港,2026/09/02,1,0,メダイ,メダイ,サブ,メダイ,NULL,,,,0,,,,,NULL,神奈川県 平塚市 平塚漁港,NULL,NULL,1,NULL,NULL,27.6,27.6,NULL,南南東,1.3m/s,中潮,南南東 0.4m/s,曇り時々晴れ,NULL,NULL,NULL,第2優神丸は中深海でした。 今日はポイントによりヨゴレが有り ポツポツ釣れました。 型も良型多く、皆さんお土産十分釣れました。 小型キンメ、メダイ、シロムツ アジ、サバが混じりました。,27.6℃,NULL,chowari/優神丸
優神丸,平塚港,2026/09/04,1,0,キハダ,キハダマグロ,サブ,キハダ,NULL,1.0,1.0,1.0,0,,,51.0,51.0,NULL,神奈川県 平塚市 平塚漁港,NULL,NULL,1,NULL,NULL,28.0,28.0,NULL,北,2.1m/s,小潮,南 0.6m/s,雨時々止む,NULL,NULL,NULL,今日はシイラ！ とみせかけてキハダも狙っちゃぞシリーズ。 なのでキハダがいるエリアでシイラ探し！ ミニラの大群から親分を召喚作戦は不発。 エンドレスミニラでした。 キハダ跳ねました！ ファーストヒットはダイレクトシャーク。 その後はシイラやって時待ち。 そしてキハダチャンス到来。 シッカリHIT！ 強気のドラグ＆ファイトで15分くらいでGET、５１キロでした。 初キハダおめでとうございます。 最後にグランドフィナーレありましたがダメでした。 ミニラばっかでごめんだけど キハダ釣れたから良いよね。,28.0℃,NULL,chowari/優神丸
優神丸,平塚港,2026/09/04,1,0,シイラ,シイラ,メイン,シイラ,NULL,,,,0,,,,,NULL,神奈川県 平塚市 平塚漁港,NULL,NULL,1,NULL,NULL,28.0,28.0,NULL,北,2.1m/s,小潮,南 0.6m/s,雨時々止む,キハダ,NULL,NULL,今日はシイラ！ とみせかけてキハダも狙っちゃぞシリーズ。 なのでキハダがいるエリアでシイラ探し！ ミニラの大群から親分を召喚作戦は不発。 エンドレスミニラでした。 キハダ跳ねました！ ファーストヒットはダイレクトシャーク。 その後はシイラやって時待ち。 そしてキハダチャンス到来。 シッカリHIT！ 強気のドラグ＆ファイトで15分くらいでGET、５１キロでした。 初キハダおめでとうございます。 最後にグランドフィナーレありましたがダメでした。 ミニラばっかでごめんだけど キハダ釣れたから良いよね。,28.0℃,NULL,chowari/優神丸
優神丸,平塚港,2026/09/10,1,0,イナダ,イナダ,メイン,イナダ,NULL,,,,0,,,,,NULL,神奈川県 平塚市 平塚漁港,NULL,NULL,1,NULL,NULL,27.4,27.4,NULL,北北東,4.9m/s,大潮,南 0.9m/s,雨時々止む,サゴシ・サワラ,NULL,NULL,今日はシイラからのワンチャンキハダ！ シイラ姿は見えましたがね〜HITもしましたがね〜。 その変わりにイナダが跳ねてて入れ喰い。 サゴシ、サワラも跳ねててボチボチと楽しめました。 キハダは昨日の雨で風邪ひいたのかな？ 反応深めで最後にちょこっと跳ね見えた程度でした。 それでも楽しく終えて良かったです。,27.4℃,NULL,chowari/優神丸
優神丸,平塚港,2026/09/10,1,0,サゴシ,サワラ,サブ,サゴシ,NULL,,,,0,,,,,NULL,神奈川県 平塚市 平塚漁港,NULL,NULL,1,NULL,NULL,27.4,27.4,NULL,北北東,4.9m/s,大潮,南 0.9m/s,雨時々止む,NULL,NULL,NULL,今日はシイラからのワンチャンキハダ！ シイラ姿は見えましたがね〜HITもしましたがね〜。 その変わりにイナダが跳ねてて入れ喰い。 サゴシ、サワラも跳ねててボチボチと楽しめました。 キハダは昨日の雨で風邪ひいたのかな？ 反応深めで最後にちょこっと跳ね見えた程度でした。 それでも楽しく終えて良かったです。,27.4℃,NULL,chowari/優神丸
優神丸,平塚港,2026/09/10,1,0,サワラ,サワラ,サブ,サワラ,NULL,,,,0,,,,,NULL,神奈川県 平塚市 平塚漁港,NULL,NULL,1,NULL,NULL,27.4,27.4,NULL,北北東,4.9m/s,大潮,南 0.9m/s,雨時々止む,NULL,NULL,NULL,今日はシイラからのワンチャンキハダ！ シイラ姿は見えましたがね〜HITもしましたがね〜。 その変わりにイナダが跳ねてて入れ喰い。 サゴシ、サワラも跳ねててボチボチと楽しめました。 キハダは昨日の雨で風邪ひいたのかな？ 反応深めで最後にちょこっと跳ね見えた程度でした。 それでも楽しく終えて良かったです。,27.4℃,NULL,chowari/優神丸
優神丸,平塚港,2026/09/11,1,0,クロムツ,クロムツ,メイン,クロムツ,NULL,,,,0,,,,,NULL,神奈川県 平塚市 平塚漁港,NULL,NULL,1,NULL,NULL,27.3,27.3,NULL,北北東,3.0m/s,大潮,南 0.5m/s,雨,ワラサ,NULL,NULL,第2優神丸は久しぶりの出船でした。 中深海からの深場の落し込みでした。 前半のクロムツはポツポツ当たる流しが有りました。 ダブル、トリプルも有りお土産になりました。 ただ雨が降っていたので写真は撮りませんでした。 後半の落し込みはベイトの掛かりが良い所と悪い所で反応は見られました。 水温が高く、サメが居るので難しいですが なんとかワラサを0〜2本で3本見れました。 本日は雨のなかありがとうございました！,27.3℃,NULL,chowari/優神丸
優神丸,平塚港,2026/09/11,1,0,ワラサ,ワラサ,サブ,ワラサ,NULL,0.0,2.0,1.0,0,,,,,NULL,神奈川県 平塚市 平塚漁港,NULL,NULL,1,NULL,NULL,27.3,27.3,NULL,北北東,3.0m/s,大潮,南 0.5m/s,雨,NULL,NULL,NULL,第2優神丸は久しぶりの出船でした。 中深海からの深場の落し込みでした。 前半のクロムツはポツポツ当たる流しが有りました。 ダブル、トリプルも有りお土産になりました。 ただ雨が降っていたので写真は撮りませんでした。 後半の落し込みはベイトの掛かりが良い所と悪い所で反応は見られました。 水温が高く、サメが居るので難しいですが なんとかワラサを0〜2本で3本見れました。 本日は雨のなかありがとうございました！,27.3℃,NULL,chowari/優神丸
優神丸,平塚港,2026/09/11,2,0,イナダ,イナダ,サブ,イナダ,NULL,,,,0,,,,,NULL,神奈川県 平塚市 平塚漁港,NULL,NULL,1,NULL,NULL,27.3,27.3,NULL,北北東,3.0m/s,大潮,南 0.5m/s,雨,NULL,NULL,NULL,青物ジギングでしたが、朝イチ、マグロ族ボッコボコで闘いに。 3HIT？の0でした。 青物ジギングは良かったですね〜。 潮色も潮流れも天候も全部良かったですね。 9キロのブリンブリンのブリGET。 イナワラ〜イナダ、サゴシ〜サワラMAX2.8キロ バラし、アシスト切れ当たりはあったので 雨でしたが楽しめました。,27.3℃,NULL,chowari/優神丸
優神丸,平塚港,2026/09/11,2,0,イナワラ,ワラサ,サブ,イナワラ,NULL,,,,0,,,,,NULL,神奈川県 平塚市 平塚漁港,NULL,NULL,1,NULL,NULL,27.3,27.3,NULL,北北東,3.0m/s,大潮,南 0.5m/s,雨,NULL,NULL,NULL,青物ジギングでしたが、朝イチ、マグロ族ボッコボコで闘いに。 3HIT？の0でした。 青物ジギングは良かったですね〜。 潮色も潮流れも天候も全部良かったですね。 9キロのブリンブリンのブリGET。 イナワラ〜イナダ、サゴシ〜サワラMAX2.8キロ バラし、アシスト切れ当たりはあったので 雨でしたが楽しめました。,27.3℃,NULL,chowari/優神丸
優神丸,平塚港,2026/09/11,2,0,サゴシ,サワラ,サブ,サゴシ,NULL,,,,0,,,,,NULL,神奈川県 平塚市 平塚漁港,NULL,NULL,1,NULL,NULL,27.3,27.3,NULL,北北東,3.0m/s,大潮,南 0.5m/s,雨,NULL,NULL,NULL,青物ジギングでしたが、朝イチ、マグロ族ボッコボコで闘いに。 3HIT？の0でした。 青物ジギングは良かったですね〜。 潮色も潮流れも天候も全部良かったですね。 9キロのブリンブリンのブリGET。 イナワラ〜イナダ、サゴシ〜サワラMAX2.8キロ バラし、アシスト切れ当たりはあったので 雨でしたが楽しめました。,27.3℃,NULL,chowari/優神丸
優神丸,平塚港,2026/09/11,2,0,サワラ,サワラ,サブ,サワラ,NULL,,,,0,,,2.8,2.8,NULL,神奈川県 平塚市 平塚漁港,NULL,NULL,1,NULL,NULL,27.3,27.3,NULL,北北東,3.0m/s,大潮,南 0.5m/s,雨,NULL,NULL,NULL,青物ジギングでしたが、朝イチ、マグロ族ボッコボコで闘いに。 3HIT？の0でした。 青物ジギングは良かったですね〜。 潮色も潮流れも天候も全部良かったですね。 9キロのブリンブリンのブリGET。 イナワラ〜イナダ、サゴシ〜サワラMAX2.8キロ バラし、アシスト切れ当たりはあったので 雨でしたが楽しめました。,27.3℃,NULL,chowari/優神丸
優神丸,平塚港,2026/09/11,2,0,ブリ,ブリ,メイン,ブリ,NULL,,,,0,,,,,NULL,神奈川県 平塚市 平塚漁港,NULL,NULL,1,NULL,NULL,27.3,27.3,NULL,北北東,3.0m/s,大潮,南 0.5m/s,雨,イナダ・イナワラ・サゴシ・サワラ,NULL,NULL,青物ジギングでしたが、朝イチ、マグロ族ボッコボコで闘いに。 3HIT？の0でした。 青物ジギングは良かったですね〜。 潮色も潮流れも天候も全部良かったですね。 9キロのブリンブリンのブリGET。 イナワラ〜イナダ、サゴシ〜サワラMAX2.8キロ バラし、アシスト切れ当たりはあったので 雨でしたが楽しめました。,27.3℃,NULL,chowari/優神丸
優神丸,平塚港,2026/09/12,1,0,アジ,アジ,サブ,アジ,NULL,,,,0,,,,,NULL,神奈川県 平塚市 平塚漁港,NULL,NULL,1,NULL,NULL,27.2,27.2,NULL,北北東,3.9m/s,大潮,南 0.5m/s,雨のち曇り,NULL,NULL,NULL,第2優神丸はライトジギングでした。 ポイントによってはベイト反応が見られ イナダとカンパチが顔出しましたね。 皆さん全員が青物ゲット出来ました。 コマセは使わなかったけど 皆さん手馴れていたので、お土産十分になりました。 ホウボウ、スマガツオ、ソーダガツオ アジ、サバが混じりました。 今日もありがとうございました。,27.2℃,NULL,chowari/優神丸
優神丸,平塚港,2026/09/12,1,0,イナダ,イナダ,サブ,イナダ,NULL,,,,0,,,,,NULL,神奈川県 平塚市 平塚漁港,NULL,NULL,1,NULL,NULL,27.2,27.2,NULL,北北東,3.9m/s,大潮,南 0.5m/s,雨のち曇り,NULL,NULL,NULL,第2優神丸はライトジギングでした。 ポイントによってはベイト反応が見られ イナダとカンパチが顔出しましたね。 皆さん全員が青物ゲット出来ました。 コマセは使わなかったけど 皆さん手馴れていたので、お土産十分になりました。 ホウボウ、スマガツオ、ソーダガツオ アジ、サバが混じりました。 今日もありがとうございました。,27.2℃,NULL,chowari/優神丸
優神丸,平塚港,2026/09/12,1,0,カンパチ,カンパチ,メイン,カンパチ,NULL,,,,0,,,,,NULL,神奈川県 平塚市 平塚漁港,NULL,NULL,1,NULL,NULL,27.2,27.2,NULL,北北東,3.9m/s,大潮,南 0.5m/s,雨のち曇り,アジ・イナダ・サバ・スマガツオ・ソーダガツオ・ホウボウ,NULL,NULL,第2優神丸はライトジギングでした。 ポイントによってはベイト反応が見られ イナダとカンパチが顔出しましたね。 皆さん全員が青物ゲット出来ました。 コマセは使わなかったけど 皆さん手馴れていたので、お土産十分になりました。 ホウボウ、スマガツオ、ソーダガツオ アジ、サバが混じりました。 今日もありがとうございました。,27.2℃,NULL,chowari/優神丸
優神丸,平塚港,2026/09/12,1,0,サバ,サバ,サブ,サバ,NULL,,,,0,,,,,NULL,神奈川県 平塚市 平塚漁港,NULL,NULL,1,NULL,NULL,27.2,27.2,NULL,北北東,3.9m/s,大潮,南 0.5m/s,雨のち曇り,NULL,NULL,NULL,第2優神丸はライトジギングでした。 ポイントによってはベイト反応が見られ イナダとカンパチが顔出しましたね。 皆さん全員が青物ゲット出来ました。 コマセは使わなかったけど 皆さん手馴れていたので、お土産十分になりました。 ホウボウ、スマガツオ、ソーダガツオ アジ、サバが混じりました。 今日もありがとうございました。,27.2℃,NULL,chowari/優神丸
優神丸,平塚港,2026/09/12,1,0,スマガツオ,NULL,サブ,スマガツオ,NULL,,,,0,,,,,NULL,神奈川県 平塚市 平塚漁港,NULL,NULL,1,NULL,NULL,27.2,27.2,NULL,北北東,3.9m/s,大潮,南 0.5m/s,雨のち曇り,NULL,NULL,NULL,第2優神丸はライトジギングでした。 ポイントによってはベイト反応が見られ イナダとカンパチが顔出しましたね。 皆さん全員が青物ゲット出来ました。 コマセは使わなかったけど 皆さん手馴れていたので、お土産十分になりました。 ホウボウ、スマガツオ、ソーダガツオ アジ、サバが混じりました。 今日もありがとうございました。,27.2℃,NULL,chowari/優神丸
優神丸,平塚港,2026/09/12,1,0,ソーダガツオ,NULL,サブ,ソーダガツオ,NULL,,,,0,,,,,NULL,神奈川県 平塚市 平塚漁港,NULL,NULL,1,NULL,NULL,27.2,27.2,NULL,北北東,3.9m/s,大潮,南 0.5m/s,雨のち曇り,NULL,NULL,NULL,第2優神丸はライトジギングでした。 ポイントによってはベイト反応が見られ イナダとカンパチが顔出しましたね。 皆さん全員が青物ゲット出来ました。 コマセは使わなかったけど 皆さん手馴れていたので、お土産十分になりました。 ホウボウ、スマガツオ、ソーダガツオ アジ、サバが混じりました。 今日もありがとうございました。,27.2℃,NULL,chowari/優神丸
優神丸,平塚港,2026/09/12,1,0,ホウボウ,ホウボウ,サブ,ホウボウ,NULL,,,,0,,,,,NULL,神奈川県 平塚市 平塚漁港,NULL,NULL,1,NULL,NULL,27.2,27.2,NULL,北北東,3.9m/s,大潮,南 0.5m/s,雨のち曇り,NULL,NULL,NULL,第2優神丸はライトジギングでした。 ポイントによってはベイト反応が見られ イナダとカンパチが顔出しましたね。 皆さん全員が青物ゲット出来ました。 コマセは使わなかったけど 皆さん手馴れていたので、お土産十分になりました。 ホウボウ、スマガツオ、ソーダガツオ アジ、サバが混じりました。 今日もありがとうございました。,27.2℃,NULL,chowari/優神丸
優神丸,平塚港,2026/09/12,2,0,イナダ,イナダ,メイン,イナダ,NULL,,,,0,,,,,NULL,神奈川県 平塚市 平塚漁港,NULL,NULL,1,NULL,NULL,27.2,27.2,NULL,北北東,3.9m/s,大潮,南 0.5m/s,雨のち曇り,サゴシ・サワラ・ショゴ,NULL,NULL,今日もジギング。 浅場のショゴ、イナダもやりましたよ。 誰かが喰わせたらゴング。 なかなか楽しめましたね。 その後は大物狙いへ。 イナワラ食ってきましたがまさかの デッケーカジキに横取りされました。ビビったな〜笑 イナワラ〜ワラサ不発も サワラがプチラッシュあって 食ったバレた切られた〜と皆さん楽しめました。 釣れて良かった〜。,27.2℃,NULL,chowari/優神丸
優神丸,平塚港,2026/09/12,2,0,サゴシ,サワラ,サブ,サゴシ,NULL,,,,0,,,,,NULL,神奈川県 平塚市 平塚漁港,NULL,NULL,1,NULL,NULL,27.2,27.2,NULL,北北東,3.9m/s,大潮,南 0.5m/s,雨のち曇り,NULL,NULL,NULL,今日もジギング。 浅場のショゴ、イナダもやりましたよ。 誰かが喰わせたらゴング。 なかなか楽しめましたね。 その後は大物狙いへ。 イナワラ食ってきましたがまさかの デッケーカジキに横取りされました。ビビったな〜笑 イナワラ〜ワラサ不発も サワラがプチラッシュあって 食ったバレた切られた〜と皆さん楽しめました。 釣れて良かった〜。,27.2℃,NULL,chowari/優神丸
優神丸,平塚港,2026/09/12,2,0,サワラ,サワラ,サブ,サワラ,NULL,,,,0,,,,,NULL,神奈川県 平塚市 平塚漁港,NULL,NULL,1,NULL,NULL,27.2,27.2,NULL,北北東,3.9m/s,大潮,南 0.5m/s,雨のち曇り,NULL,NULL,NULL,今日もジギング。 浅場のショゴ、イナダもやりましたよ。 誰かが喰わせたらゴング。 なかなか楽しめましたね。 その後は大物狙いへ。 イナワラ食ってきましたがまさかの デッケーカジキに横取りされました。ビビったな〜笑 イナワラ〜ワラサ不発も サワラがプチラッシュあって 食ったバレた切られた〜と皆さん楽しめました。 釣れて良かった〜。,27.2℃,NULL,chowari/優神丸
優神丸,平塚港,2026/09/12,2,0,ショゴ,カンパチ,サブ,ショゴ,NULL,,,,0,,,,,NULL,神奈川県 平塚市 平塚漁港,NULL,NULL,1,NULL,NULL,27.2,27.2,NULL,北北東,3.9m/s,大潮,南 0.5m/s,雨のち曇り,NULL,NULL,NULL,今日もジギング。 浅場のショゴ、イナダもやりましたよ。 誰かが喰わせたらゴング。 なかなか楽しめましたね。 その後は大物狙いへ。 イナワラ食ってきましたがまさかの デッケーカジキに横取りされました。ビビったな〜笑 イナワラ〜ワラサ不発も サワラがプチラッシュあって 食ったバレた切られた〜と皆さん楽しめました。 釣れて良かった〜。,27.2℃,NULL,chowari/優神丸
優神丸,平塚港,2026/09/17,1,0,クロムツ,クロムツ,メイン,クロムツ,NULL,,,,0,,,,,NULL,神奈川県 平塚市 平塚漁港,NULL,NULL,1,NULL,NULL,26.1,26.1,NULL,北,5.7m/s,小潮,南東 0.5m/s,曇り時々晴れ,シロムツ,NULL,NULL,第2優神丸は中深海でした。 良かったです。 メンバーもベテランさんだったので、手返し良く ポイントによってはバリバリ当たり有り。 今日もありがとうございました。,26.1℃,NULL,chowari/優神丸
優神丸,平塚港,2026/09/17,1,0,シロムツ,クロムツ,サブ,シロムツ,NULL,,,,0,,,,,NULL,神奈川県 平塚市 平塚漁港,NULL,NULL,1,NULL,NULL,26.1,26.1,NULL,北,5.7m/s,小潮,南東 0.5m/s,曇り時々晴れ,NULL,NULL,NULL,第2優神丸は中深海でした。 良かったです。 メンバーもベテランさんだったので、手返し良く ポイントによってはバリバリ当たり有り。 今日もありがとうございました。,26.1℃,NULL,chowari/優神丸
光義丸,早川漁港,2026/09/02,1,0,アカハタ,ハタ,サブ,アカハタ,NULL,,,,0,,,,,NULL,神奈川県 小田原市 早川漁港,NULL,NULL,1,NULL,NULL,27.6,27.6,NULL,南東,2.1m/s,中潮,南東 0.4m/s,曇り時々晴れ,NULL,NULL,NULL,港の前から開始！早々に中型やら小型が出てアタリは結構ある感じ。小さいのは逃がしてくれました。時々、ポツリ、ポツリと良型が釣れ、良かったです。朝のうちはカマスもいて、落とし込みをやっていたらデカいアタリがあり根に引き込まれていい魚だったかな？そんなのもあり、終盤港の前の朝と違うとこを流したところ、いいサイズのキジハタGET！！良型が割と釣れ楽しめましたよ〜。今日は大きめのワームに喰ってましたね〜15cmくらいの長めのワームだったり、最後はアオリのシルエットのワームでしたね。慣れていない方でも手軽に楽しめると思います♪,27.6℃,NULL,chowari/光義丸
光義丸,早川漁港,2026/09/02,1,0,キジハタ,ハタ,メイン,キジハタ,NULL,,,,0,,,,,NULL,神奈川県 小田原市 早川漁港,NULL,NULL,1,NULL,NULL,27.6,27.6,NULL,南東,2.1m/s,中潮,南東 0.4m/s,曇り時々晴れ,アカハタ,NULL,NULL,港の前から開始！早々に中型やら小型が出てアタリは結構ある感じ。小さいのは逃がしてくれました。時々、ポツリ、ポツリと良型が釣れ、良かったです。朝のうちはカマスもいて、落とし込みをやっていたらデカいアタリがあり根に引き込まれていい魚だったかな？そんなのもあり、終盤港の前の朝と違うとこを流したところ、いいサイズのキジハタGET！！良型が割と釣れ楽しめましたよ〜。今日は大きめのワームに喰ってましたね〜15cmくらいの長めのワームだったり、最後はアオリのシルエットのワームでしたね。慣れていない方でも手軽に楽しめると思います♪,27.6℃,NULL,chowari/光義丸
光義丸,早川漁港,2026/09/05,1,0,カツオ,カツオ,メイン,カツオ,NULL,,,,0,,,,,NULL,神奈川県 小田原市 早川漁港,NULL,NULL,1,NULL,NULL,27.7,27.7,NULL,東北東,1.7m/s,小潮,南東 0.7m/s,曇り,,NULL,NULL,【乗合カツオ、キハダ船】朝はなかなか群れがなかなか見つかりませんでしたが、模様をもらい駆けつけると何人かアタリがでて1本釣れ、しばらくしてまた釣れ、なんとか顔見るできました。その後は当たるも釣れませんでした。ここ最近だといい方なのかな？,27.7℃,NULL,chowari/光義丸
光義丸,早川漁港,2026/09/09,1,0,アジ,アジ,サブ,アジ,NULL,,,,0,,,,,NULL,神奈川県 小田原市 早川漁港,NULL,NULL,1,NULL,NULL,27.6,27.6,NULL,南南西,3.9m/s,中潮,南南東 1.6m/s,曇りのち一時雨,NULL,NULL,NULL,【仕立LT五目船】港を出てすぐ、かなり海の状態が悪くて少し離れた場所から開始！少し落ち着いたところでやってみるとイトヨリ、サバが見れました。その後移動し、やってみると今度は潮が早いんですが、魚の活性はよく、イナダ、ホウボウ、アジ、などが釣れお土産もでき、楽しめたと思います。イナダはだんだんサイズも良くなり、1つは1キロ近いかなと思います。,27.6℃,NULL,chowari/光義丸
光義丸,早川漁港,2026/09/09,1,0,イトヨリ,イトヨリ,メイン,イトヨリ,NULL,,,,0,,,,,NULL,神奈川県 小田原市 早川漁港,NULL,NULL,1,NULL,NULL,27.6,27.6,NULL,南南西,3.9m/s,中潮,南南東 1.6m/s,曇りのち一時雨,アジ・イナダ・サバ・ホウボウ,NULL,NULL,【仕立LT五目船】港を出てすぐ、かなり海の状態が悪くて少し離れた場所から開始！少し落ち着いたところでやってみるとイトヨリ、サバが見れました。その後移動し、やってみると今度は潮が早いんですが、魚の活性はよく、イナダ、ホウボウ、アジ、などが釣れお土産もでき、楽しめたと思います。イナダはだんだんサイズも良くなり、1つは1キロ近いかなと思います。,27.6℃,NULL,chowari/光義丸
光義丸,早川漁港,2026/09/09,1,0,イナダ,イナダ,サブ,イナダ,NULL,,,,0,,,,,NULL,神奈川県 小田原市 早川漁港,NULL,NULL,1,NULL,NULL,27.6,27.6,NULL,南南西,3.9m/s,中潮,南南東 1.6m/s,曇りのち一時雨,NULL,NULL,NULL,【仕立LT五目船】港を出てすぐ、かなり海の状態が悪くて少し離れた場所から開始！少し落ち着いたところでやってみるとイトヨリ、サバが見れました。その後移動し、やってみると今度は潮が早いんですが、魚の活性はよく、イナダ、ホウボウ、アジ、などが釣れお土産もでき、楽しめたと思います。イナダはだんだんサイズも良くなり、1つは1キロ近いかなと思います。,27.6℃,NULL,chowari/光義丸
光義丸,早川漁港,2026/09/09,1,0,サバ,サバ,サブ,サバ,NULL,,,,0,,,,,NULL,神奈川県 小田原市 早川漁港,NULL,NULL,1,NULL,NULL,27.6,27.6,NULL,南南西,3.9m/s,中潮,南南東 1.6m/s,曇りのち一時雨,NULL,NULL,NULL,【仕立LT五目船】港を出てすぐ、かなり海の状態が悪くて少し離れた場所から開始！少し落ち着いたところでやってみるとイトヨリ、サバが見れました。その後移動し、やってみると今度は潮が早いんですが、魚の活性はよく、イナダ、ホウボウ、アジ、などが釣れお土産もでき、楽しめたと思います。イナダはだんだんサイズも良くなり、1つは1キロ近いかなと思います。,27.6℃,NULL,chowari/光義丸
光義丸,早川漁港,2026/09/09,1,0,ホウボウ,ホウボウ,サブ,ホウボウ,NULL,,,,0,,,,,NULL,神奈川県 小田原市 早川漁港,NULL,NULL,1,NULL,NULL,27.6,27.6,NULL,南南西,3.9m/s,中潮,南南東 1.6m/s,曇りのち一時雨,NULL,NULL,NULL,【仕立LT五目船】港を出てすぐ、かなり海の状態が悪くて少し離れた場所から開始！少し落ち着いたところでやってみるとイトヨリ、サバが見れました。その後移動し、やってみると今度は潮が早いんですが、魚の活性はよく、イナダ、ホウボウ、アジ、などが釣れお土産もでき、楽しめたと思います。イナダはだんだんサイズも良くなり、1つは1キロ近いかなと思います。,27.6℃,NULL,chowari/光義丸
光義丸,早川漁港,2026/09/11,1,0,アジ,アジ,メイン,アジ,NULL,,,,0,,,,,NULL,魚礁,NULL,NULL,1,NULL,NULL,27.3,27.3,NULL,東北東,1.3m/s,大潮,南南東 0.5m/s,雨,イトヨリ・イナダ・カンパチ・サバ,NULL,NULL,【乗合LT五目船】朝は近場から探索し、アジ、サバ、イトヨリといつもの魚は健在！しかし活性が低いのか、アタリ悪く移動。魚礁周りをやってみるとすぐにアタリが出て、最初に上がってきたのはクロダイ〜♪その後、小アジがつくと大きいアタリがありカンパチ、イナダがHITHIT！！ハリスが細いせいか切られ続出。すぐに落とし込みに変えて、よく当たりました。最後に少し深めを流してみると良型のアジがポツポツと喰い十分楽しめたみたいで良かったです。雨の中、ご乗船いただきありがとうございました。またのお越し心よりお待ちしております。イナダ本番か？これからが楽しみですね。,27.3℃,NULL,chowari/光義丸
光義丸,早川漁港,2026/09/11,1,0,イトヨリ,イトヨリ,サブ,イトヨリ,NULL,,,,0,,,,,NULL,魚礁,NULL,NULL,1,NULL,NULL,27.3,27.3,NULL,東北東,1.3m/s,大潮,南南東 0.5m/s,雨,NULL,NULL,NULL,【乗合LT五目船】朝は近場から探索し、アジ、サバ、イトヨリといつもの魚は健在！しかし活性が低いのか、アタリ悪く移動。魚礁周りをやってみるとすぐにアタリが出て、最初に上がってきたのはクロダイ〜♪その後、小アジがつくと大きいアタリがありカンパチ、イナダがHITHIT！！ハリスが細いせいか切られ続出。すぐに落とし込みに変えて、よく当たりました。最後に少し深めを流してみると良型のアジがポツポツと喰い十分楽しめたみたいで良かったです。雨の中、ご乗船いただきありがとうございました。またのお越し心よりお待ちしております。イナダ本番か？これからが楽しみですね。,27.3℃,NULL,chowari/光義丸
光義丸,早川漁港,2026/09/11,1,0,イナダ,イナダ,サブ,イナダ,NULL,,,,0,,,,,NULL,魚礁,NULL,NULL,1,NULL,NULL,27.3,27.3,NULL,東北東,1.3m/s,大潮,南南東 0.5m/s,雨,NULL,NULL,NULL,【乗合LT五目船】朝は近場から探索し、アジ、サバ、イトヨリといつもの魚は健在！しかし活性が低いのか、アタリ悪く移動。魚礁周りをやってみるとすぐにアタリが出て、最初に上がってきたのはクロダイ〜♪その後、小アジがつくと大きいアタリがありカンパチ、イナダがHITHIT！！ハリスが細いせいか切られ続出。すぐに落とし込みに変えて、よく当たりました。最後に少し深めを流してみると良型のアジがポツポツと喰い十分楽しめたみたいで良かったです。雨の中、ご乗船いただきありがとうございました。またのお越し心よりお待ちしております。イナダ本番か？これからが楽しみですね。,27.3℃,NULL,chowari/光義丸
光義丸,早川漁港,2026/09/11,1,0,カンパチ,カンパチ,サブ,カンパチ,NULL,,,,0,,,,,NULL,魚礁,NULL,NULL,1,NULL,NULL,27.3,27.3,NULL,東北東,1.3m/s,大潮,南南東 0.5m/s,雨,NULL,NULL,NULL,【乗合LT五目船】朝は近場から探索し、アジ、サバ、イトヨリといつもの魚は健在！しかし活性が低いのか、アタリ悪く移動。魚礁周りをやってみるとすぐにアタリが出て、最初に上がってきたのはクロダイ〜♪その後、小アジがつくと大きいアタリがありカンパチ、イナダがHITHIT！！ハリスが細いせいか切られ続出。すぐに落とし込みに変えて、よく当たりました。最後に少し深めを流してみると良型のアジがポツポツと喰い十分楽しめたみたいで良かったです。雨の中、ご乗船いただきありがとうございました。またのお越し心よりお待ちしております。イナダ本番か？これからが楽しみですね。,27.3℃,NULL,chowari/光義丸
光義丸,早川漁港,2026/09/11,1,0,サバ,サバ,サブ,サバ,NULL,,,,0,,,,,NULL,魚礁,NULL,NULL,1,NULL,NULL,27.3,27.3,NULL,東北東,1.3m/s,大潮,南南東 0.5m/s,雨,NULL,NULL,NULL,【乗合LT五目船】朝は近場から探索し、アジ、サバ、イトヨリといつもの魚は健在！しかし活性が低いのか、アタリ悪く移動。魚礁周りをやってみるとすぐにアタリが出て、最初に上がってきたのはクロダイ〜♪その後、小アジがつくと大きいアタリがありカンパチ、イナダがHITHIT！！ハリスが細いせいか切られ続出。すぐに落とし込みに変えて、よく当たりました。最後に少し深めを流してみると良型のアジがポツポツと喰い十分楽しめたみたいで良かったです。雨の中、ご乗船いただきありがとうございました。またのお越し心よりお待ちしております。イナダ本番か？これからが楽しみですね。,27.3℃,NULL,chowari/光義丸
光義丸,早川漁港,2026/09/13,1,0,カツオ,カツオ,メイン,カツオ,NULL,1.0,1.0,1.0,0,,,,,NULL,神奈川県 小田原市 早川漁港,NULL,NULL,1,NULL,NULL,26.4,26.4,NULL,東北東,1.2m/s,中潮,南東 0.5m/s,曇りのち時々晴れ,,NULL,NULL,【仕立カツオ、キハダ船】朝のうち船団にてカツオのアタリありました。しかし、バラしたり、切れてしまったりとありましたがなんとかカツオ1本取れました。マグロの方は船下にゾロゾロ出てきても、スルーされっぱなし。また出たら頑張りまーす！,26.4℃,NULL,chowari/光義丸
光義丸,早川漁港,2026/09/16,1,0,アカハタ,ハタ,メイン,アカハタ,NULL,,,,0,,,,,NULL,神奈川県 小田原市 早川漁港,NULL,NULL,1,NULL,NULL,26.3,26.3,NULL,北東,1.5m/s,中潮,南東 0.7m/s,雨,ワニゴチ,NULL,NULL,【仕立ロックフィッシュ船】 いつものように港の前から開始！ 幸先良くすぐに小振りでしたが釣れました。 その後点々と流して行きき、なかなか数伸びなかったんですが、終盤に連チャンする場面もあり、一盛り上がりありで終了しました。,26.3℃,NULL,chowari/光義丸
光義丸,早川漁港,2026/09/16,1,0,ワニゴチ,NULL,サブ,ワニゴチ,NULL,,,,0,,,,,NULL,神奈川県 小田原市 早川漁港,NULL,NULL,1,NULL,NULL,26.3,26.3,NULL,北東,1.5m/s,中潮,南東 0.7m/s,雨,NULL,NULL,NULL,【仕立ロックフィッシュ船】 いつものように港の前から開始！ 幸先良くすぐに小振りでしたが釣れました。 その後点々と流して行きき、なかなか数伸びなかったんですが、終盤に連チャンする場面もあり、一盛り上がりありで終了しました。,26.3℃,NULL,chowari/光義丸
冲帆丸,福田港,2026/09/14,1,0,イサキ,イサキ,メイン,イサキ,NULL,,,,0,,,,,NULL,静岡県 磐田市 福田漁港,NULL,NULL,1,NULL,NULL,26.4,26.4,NULL,東南東,1.0m/s,中潮,南東 0.6m/s,曇り一時雨,,NULL,NULL,五目釣りに行ってきました。 今日はぽつぽつでした。,26.4℃,NULL,chowari/冲帆丸
利喜丸,鹿島,2026/09/12,1,0,カサゴ,カサゴ,サブ,カサゴ,NULL,1.0,1.0,1.0,0,30.0,30.0,,,NULL,茨城県 鹿嶋市 鹿嶋旧港,NULL,NULL,1,NULL,NULL,24.5,24.5,NULL,北北東,3.1m/s,大潮,東北東 1.1m/s,曇り一時雨,NULL,NULL,NULL,久しぶり出船、てんや真鯛釣りで出船しました 朝から雨風強く、釣りずらく苦戦しましたが、タイゲットしました🎵 大タイらしい、ハリス切れあり、残念 今後もテンヤ真鯛船出船します、予約受け付け中,24.5℃,NULL,chowari/利喜丸
利喜丸,鹿島,2026/09/12,1,0,マダイ,マダイ,メイン,マダイ,NULL,1.0,1.0,1.0,0,,,0.8,0.8,NULL,茨城県 鹿嶋市 鹿嶋旧港,NULL,NULL,1,NULL,NULL,24.5,24.5,NULL,北北東,3.1m/s,大潮,東北東 1.1m/s,曇り一時雨,カサゴ,NULL,NULL,久しぶり出船、てんや真鯛釣りで出船しました 朝から雨風強く、釣りずらく苦戦しましたが、タイゲットしました🎵 大タイらしい、ハリス切れあり、残念 今後もテンヤ真鯛船出船します、予約受け付け中,24.5℃,NULL,chowari/利喜丸
利喜丸,鹿島,2026/09/13,1,0,アジ,アジ,メイン,アジ,NULL,20.0,45.0,32.5,0,10.0,15.0,,,NULL,茨城県 鹿嶋市 鹿嶋旧港,NULL,NULL,1,NULL,NULL,24.2,24.2,NULL,北北東,3.4m/s,中潮,東 1.4m/s・波高,曇りのち時々晴れ,イナダ・カサゴ・サバ,NULL,NULL,今日は一日北東の風強く、波高く、釣りづらかったです。 小魚多少小ぶりでしたが入れ食いの時間あり数釣れました。 流れ良く、青物や根魚かかりお土産になりました！,24.2℃,NULL,chowari/利喜丸
利喜丸,鹿島,2026/09/13,1,0,イナダ,イナダ,サブ,イナダ,NULL,2.0,4.0,3.0,0,40.0,55.0,,,NULL,茨城県 鹿嶋市 鹿嶋旧港,NULL,NULL,1,NULL,NULL,24.2,24.2,NULL,北北東,3.4m/s,中潮,東 1.4m/s・波高,曇りのち時々晴れ,NULL,NULL,NULL,今日は一日北東の風強く、波高く、釣りづらかったです。 小魚多少小ぶりでしたが入れ食いの時間あり数釣れました。 流れ良く、青物や根魚かかりお土産になりました！,24.2℃,NULL,chowari/利喜丸
利喜丸,鹿島,2026/09/13,1,0,カサゴ,カサゴ,サブ,カサゴ,NULL,1.0,1.0,1.0,0,26.0,26.0,,,NULL,茨城県 鹿嶋市 鹿嶋旧港,NULL,NULL,1,NULL,NULL,24.2,24.2,NULL,北北東,3.4m/s,中潮,東 1.4m/s・波高,曇りのち時々晴れ,NULL,NULL,NULL,今日は一日北東の風強く、波高く、釣りづらかったです。 小魚多少小ぶりでしたが入れ食いの時間あり数釣れました。 流れ良く、青物や根魚かかりお土産になりました！,24.2℃,NULL,chowari/利喜丸
利喜丸,鹿島,2026/09/13,1,0,サバ,サバ,サブ,サバ,NULL,15.0,30.0,22.5,0,12.0,16.0,,,NULL,茨城県 鹿嶋市 鹿嶋旧港,NULL,NULL,1,NULL,NULL,24.2,24.2,NULL,北北東,3.4m/s,中潮,東 1.4m/s・波高,曇りのち時々晴れ,NULL,NULL,NULL,今日は一日北東の風強く、波高く、釣りづらかったです。 小魚多少小ぶりでしたが入れ食いの時間あり数釣れました。 流れ良く、青物や根魚かかりお土産になりました！,24.2℃,NULL,chowari/利喜丸
利喜丸,鹿島,2026/09/14,1,0,アジ,アジ,サブ,アジ,NULL,10.0,30.0,20.0,0,13.0,20.0,,,NULL,茨城県 鹿嶋市 鹿嶋旧港,NULL,NULL,1,NULL,NULL,24.1,24.1,NULL,南南西,3.2m/s,中潮,東 1.0m/s,晴れ後時々曇り,NULL,NULL,NULL,今日は2隻で五目船でした。 小魚の群れ当たり、終始入れ食い状態でした！ 青物かかり良く、みなさんクーラー満タンでお土産十分でした！ 明日まで予報良さそうなので、五目船大募集です！！,24.1℃,NULL,chowari/利喜丸
利喜丸,鹿島,2026/09/14,1,0,イナダ,イナダ,サブ,イナダ,NULL,1.0,3.0,2.0,0,46.0,52.0,,,NULL,茨城県 鹿嶋市 鹿嶋旧港,NULL,NULL,1,NULL,NULL,24.1,24.1,NULL,南南西,3.2m/s,中潮,東 1.0m/s,晴れ後時々曇り,NULL,NULL,NULL,今日は2隻で五目船でした。 小魚の群れ当たり、終始入れ食い状態でした！ 青物かかり良く、みなさんクーラー満タンでお土産十分でした！ 明日まで予報良さそうなので、五目船大募集です！！,24.1℃,NULL,chowari/利喜丸
利喜丸,鹿島,2026/09/14,1,0,ウツボ,NULL,サブ,ウツボ,NULL,1.0,1.0,1.0,0,70.0,70.0,,,NULL,茨城県 鹿嶋市 鹿嶋旧港,NULL,NULL,1,NULL,NULL,24.1,24.1,NULL,南南西,3.2m/s,中潮,東 1.0m/s,晴れ後時々曇り,NULL,NULL,NULL,今日は2隻で五目船でした。 小魚の群れ当たり、終始入れ食い状態でした！ 青物かかり良く、みなさんクーラー満タンでお土産十分でした！ 明日まで予報良さそうなので、五目船大募集です！！,24.1℃,NULL,chowari/利喜丸
利喜丸,鹿島,2026/09/14,1,0,カマス,カマス,サブ,カマス,NULL,1.0,1.0,1.0,0,26.0,26.0,,,NULL,茨城県 鹿嶋市 鹿嶋旧港,NULL,NULL,1,NULL,NULL,24.1,24.1,NULL,南南西,3.2m/s,中潮,東 1.0m/s,晴れ後時々曇り,NULL,NULL,NULL,今日は2隻で五目船でした。 小魚の群れ当たり、終始入れ食い状態でした！ 青物かかり良く、みなさんクーラー満タンでお土産十分でした！ 明日まで予報良さそうなので、五目船大募集です！！,24.1℃,NULL,chowari/利喜丸
利喜丸,鹿島,2026/09/14,1,0,サバ,サバ,メイン,サバ,NULL,40.0,65.0,52.5,0,16.0,25.0,,,NULL,茨城県 鹿嶋市 鹿嶋旧港,NULL,NULL,1,NULL,NULL,24.1,24.1,NULL,南南西,3.2m/s,中潮,東 1.0m/s,晴れ後時々曇り,アジ・イナダ・ウツボ・カマス・マダコ,NULL,NULL,今日は2隻で五目船でした。 小魚の群れ当たり、終始入れ食い状態でした！ 青物かかり良く、みなさんクーラー満タンでお土産十分でした！ 明日まで予報良さそうなので、五目船大募集です！！,24.1℃,NULL,chowari/利喜丸
利喜丸,鹿島,2026/09/14,1,0,マダコ,マダコ,サブ,マダコ,NULL,1.0,1.0,1.0,0,,,1.0,1.0,NULL,茨城県 鹿嶋市 鹿嶋旧港,NULL,NULL,1,NULL,NULL,24.1,24.1,NULL,南南西,3.2m/s,中潮,東 1.0m/s,晴れ後時々曇り,NULL,NULL,NULL,今日は2隻で五目船でした。 小魚の群れ当たり、終始入れ食い状態でした！ 青物かかり良く、みなさんクーラー満タンでお土産十分でした！ 明日まで予報良さそうなので、五目船大募集です！！,24.1℃,NULL,chowari/利喜丸
利永丸,大原港,2026/09/01,1,0,ショウサイフグ,ショウサイフグ,メイン,ショウサイフグ,NULL,0.0,10.0,5.0,0,16.0,34.0,,,NULL,北目沖,NULL,NULL,1,NULL,NULL,28.0,28.0,NULL,北東,3.1m/s,中潮,東 1.3m/s,曇り,ヒガンフグ,NULL,NULL,今日は、ショウサイフグ解禁日。 港出てから、少しずつ北目沖へ走って、朝から、１船で、探索船して、段々と沖へ向け、 今度は、灘の浅場向けて、型出ても、大きさ、数が、納得いかなくて、 思う所なく２日分以上燃料使い走りぱなしでした。 途中、良型ヒガン（アカメ）フグが、船中３匹釣れました。 最後、また沖走り船団に入りました。 今日は、釣れても、このフグじゃ、うれしくない模様でした。 明日こそ、良型フグを、１ッ発当てたいので、探索したいと思います。 ９月から、ショウサイフグ解禁、受付開始募集中。 乗り合い、仕立て船、出船中。連日沢山空き有りますので、 明日から,28.0℃,NULL,chowari/利永丸
利永丸,大原港,2026/09/01,1,0,ヒガンフグ,フグ,サブ,ヒガンフグ,NULL,3.0,3.0,3.0,0,,,,,NULL,北目沖,NULL,NULL,1,NULL,NULL,28.0,28.0,NULL,北東,3.1m/s,中潮,東 1.3m/s,曇り,NULL,NULL,NULL,今日は、ショウサイフグ解禁日。 港出てから、少しずつ北目沖へ走って、朝から、１船で、探索船して、段々と沖へ向け、 今度は、灘の浅場向けて、型出ても、大きさ、数が、納得いかなくて、 思う所なく２日分以上燃料使い走りぱなしでした。 途中、良型ヒガン（アカメ）フグが、船中３匹釣れました。 最後、また沖走り船団に入りました。 今日は、釣れても、このフグじゃ、うれしくない模様でした。 明日こそ、良型フグを、１ッ発当てたいので、探索したいと思います。 ９月から、ショウサイフグ解禁、受付開始募集中。 乗り合い、仕立て船、出船中。連日沢山空き有りますので、 明日から,28.0℃,NULL,chowari/利永丸
利永丸,大原港,2026/09/02,1,0,ショウサイフグ,ショウサイフグ,メイン,ショウサイフグ,NULL,4.0,15.0,9.5,0,18.0,38.0,,,NULL,太東沖,NULL,NULL,1,NULL,NULL,28.5,28.5,NULL,南東,1.7m/s,中潮,東 1.2m/s,曇り時々晴れ,,NULL,NULL,太東沖２５ｍの場所着いて、直ぐ仕掛け入れると、良型主体のデカフグ釣れて、 １流し目で、ポツポツ気持ち良い位当って、昨日と違い、良型の開始出来ました。 潮回りしても、型出るので、２５～２７ｍを横流し状態の地道な貯め釣りで、少しずつ釣果伸びます。 １匹の大きさの価値違って、昨日、どうにもならない位、 苦戦したのが、不思議な位に思えます。 いつ爆発するか、楽しみです。 明日も、出船しますので、遊びに来て下さい。 ９月から、ショウサイフグ解禁、受付開始募集中。 乗り合い、仕立て船、出船中。連日沢山空き有りますので、 明日からの嬉しい夢のドアを叩いてくれる、ハンター,28.5℃,NULL,chowari/利永丸
利永丸,大原港,2026/09/03,1,0,ショウサイフグ,ショウサイフグ,メイン,ショウサイフグ,NULL,2.0,8.0,5.0,0,22.0,40.0,,,NULL,太東沖,NULL,NULL,1,NULL,NULL,28.6,28.6,NULL,南,2.0m/s,小潮,東南東 1.0m/s・凪ぎ,曇りのち一時雨,,NULL,NULL,太東沖２５ｍで、開始の１流しから、横流しの凪ぎ状態の中、 良型主体のデカイフグで、釣果よりも、型狙いで、 １匹釣れれば嬉しい大きさなので、好調です。 ８時半頃まで、この付近で、貯めましたが、後半、良い群れ探しに向けて見ましたが、 型出る内は、貯めた方が、正解だったかな。 朝の場所に、広範囲に、広がっているのが、群れ固まれば、面白いですね。 明日０４日出船します。 ０６日を考えている方は、大雨なので、０５日に、御予約御願いします。 ９月から、ショウサイフグ解禁、受付開始募集中。 乗り合い、仕立て船、出船中。連日沢山空き有りますので、 明日からの嬉しい夢のドアを叩いてく,28.6℃,NULL,chowari/利永丸
利永丸,大原港,2026/09/04,1,0,ショウサイフグ,ショウサイフグ,メイン,ショウサイフグ,NULL,1.0,12.0,6.5,0,22.0,40.0,,,NULL,太東沖,NULL,NULL,1,NULL,NULL,28.8,28.8,NULL,北北東,1.6m/s,小潮,南東 0.9m/s,雨時々止む,トラフグ,NULL,NULL,太東沖２５ｍ付近で、朝の開始から、良型主体の型程度ですが、釣れれば大きいフグです。 横流しで、フグ型の単発ですが、少しずつ増やして、この付近で、型見れればと思い粘りました。 最後、４０分位、明日からの為に、沖２７ｍに、勝負賭けて見ました。 今期第１号のスペシャルゲストのトラフグと、良型デカイショウサイが、何匹か釣れて良かったです。フグ釣りを０６日を考えている方は、大雨なので、 ０５日、朝釣りのいフグ船は、まだ空き有りますので、御願いします。 ９月から、ショウサイフグ解禁、受付開始募集中。 乗り合い、仕立て船、出船中。連日沢山空き有りますので、 明日からの嬉しい夢のドア,28.8℃,NULL,chowari/利永丸
利永丸,大原港,2026/09/04,1,0,トラフグ,トラフグ,サブ,トラフグ,NULL,,,,0,,,,,NULL,太東沖,NULL,NULL,1,NULL,NULL,28.8,28.8,NULL,北北東,1.6m/s,小潮,南東 0.9m/s,雨時々止む,NULL,NULL,NULL,太東沖２５ｍ付近で、朝の開始から、良型主体の型程度ですが、釣れれば大きいフグです。 横流しで、フグ型の単発ですが、少しずつ増やして、この付近で、型見れればと思い粘りました。 最後、４０分位、明日からの為に、沖２７ｍに、勝負賭けて見ました。 今期第１号のスペシャルゲストのトラフグと、良型デカイショウサイが、何匹か釣れて良かったです。フグ釣りを０６日を考えている方は、大雨なので、 ０５日、朝釣りのいフグ船は、まだ空き有りますので、御願いします。 ９月から、ショウサイフグ解禁、受付開始募集中。 乗り合い、仕立て船、出船中。連日沢山空き有りますので、 明日からの嬉しい夢のドア,28.8℃,NULL,chowari/利永丸
利永丸,大原港,2026/09/05,1,0,ショウサイフグ,ショウサイフグ,メイン,ショウサイフグ,NULL,0.0,7.0,3.5,0,20.0,38.0,,,NULL,太東沖,NULL,NULL,1,NULL,NULL,28.3,28.3,NULL,東北東,2.3m/s,小潮,東南東 1.3m/s・ウネリ,曇り,トラフグ,NULL,NULL,港出たら、風ウネリ少し有るので、時間掛けて場所着きました。太東沖２５ｍ付近から開始しましたが、ウネリで、反応出難いので、流し釣りで、貯めました。 思うように、釣れ無く、船中で、良型フグが、型見れますが、船の中に、行き渡らないので、 ２１～２８ｍの移動の繰り返しの中で、何処か、群れ欲しいけども、 せめて、良型１匹確保でも、思い、後半程、南移動いて行きました。 今期第２号のスペシャルゲストのトラフグ釣れた事が、今日の嬉しい救いですね。 明日０６日は、之から、予報悪くなり、この場所まで、来るのが辛く、 ウネリ増し大雨と風模様なので、出船中止しました。 解禁の初日曜日なの,28.3℃,NULL,chowari/利永丸
利永丸,大原港,2026/09/05,1,0,トラフグ,トラフグ,サブ,トラフグ,NULL,,,,0,,,,,NULL,太東沖,NULL,NULL,1,NULL,NULL,28.3,28.3,NULL,東北東,2.3m/s,小潮,東南東 1.3m/s・ウネリ,曇り,NULL,NULL,NULL,港出たら、風ウネリ少し有るので、時間掛けて場所着きました。太東沖２５ｍ付近から開始しましたが、ウネリで、反応出難いので、流し釣りで、貯めました。 思うように、釣れ無く、船中で、良型フグが、型見れますが、船の中に、行き渡らないので、 ２１～２８ｍの移動の繰り返しの中で、何処か、群れ欲しいけども、 せめて、良型１匹確保でも、思い、後半程、南移動いて行きました。 今期第２号のスペシャルゲストのトラフグ釣れた事が、今日の嬉しい救いですね。 明日０６日は、之から、予報悪くなり、この場所まで、来るのが辛く、 ウネリ増し大雨と風模様なので、出船中止しました。 解禁の初日曜日なの,28.3℃,NULL,chowari/利永丸
利永丸,大原港,2026/09/12,1,0,ショウサイフグ,ショウサイフグ,メイン,ショウサイフグ,NULL,10.0,19.0,14.5,0,20.0,38.0,,,NULL,太東沖,NULL,NULL,1,NULL,NULL,26.8,26.8,NULL,北北東,3.3m/s,大潮,東 1.2m/s,曇り,,NULL,NULL,太東沖２７ｍで、開始から、釣果よりも、型狙いで、ポツポツと地道ですが、 １匹釣れれば嬉しい大きさなので、良型フグの貯め釣りしていきました。 トラフグなのか、巻いていて、ハリスと餌の親針折れてしまいました。 雨模様でしたが、御客様２名です。 明日１３日、２名、１４日、１名の御予約なので、釣りに来てください。 ９月から、ショウサイフグ解禁、受付開始募集中。 乗り合い、仕立て船、出船中。連日沢山空き有りますので、 明日からの嬉しい夢のドアを叩いてくれる、ハンターの御予約お待ちしています。 ０９月は、３時４０分集合、４時１５分出船です。 ３時４０分、船灯り付けます。付近で、待機してください。,26.8℃,NULL,chowari/利永丸
利永丸,大原港,2026/09/13,1,0,ショウサイフグ,ショウサイフグ,メイン,ショウサイフグ,NULL,15.0,36.0,25.5,0,20.0,40.0,,,NULL,太東沖,NULL,NULL,1,NULL,NULL,26.1,26.1,NULL,北,2.8m/s,中潮,東 1.2m/s,曇りのち時々晴れ,,NULL,NULL,太東沖２７ｍから開始して、良型フグを型程度貯めていき、段々と北灘へ探索していき、少しずつ増えていきました。 すると、８時半頃、２３ｍで、フグ群れ当りました。 反応は、流していて転々の感じですが、広範囲の状態です。 最初は、１匹、２匹の状態でしたが、餌落ちだしたら、船の中で、ポツポツ食いだしました。 まさかの、良型デカフグ爆発なり、さっきまでの船中、何匹が、バケツの中が、デカフグで、賑やかになりました。 良型なので、１０匹釣れれば満足だと思いますが、今日の御客様は、デカイショウサイ一杯釣りました。 御客様が、動けば、いつか、まぐれでも、当たると言ってました。 今日は、嬉しい釣り爆日,26.1℃,NULL,chowari/利永丸
利永丸,大原港,2026/09/14,1,0,ショウサイフグ,ショウサイフグ,メイン,ショウサイフグ,NULL,10.0,32.0,21.0,0,20.0,40.0,,,NULL,太東沖,NULL,NULL,1,NULL,NULL,26.0,26.0,NULL,南南西,3.4m/s,中潮,東南東 1.1m/s,晴れ後時々曇り,,NULL,NULL,朝の荒食い狙いで、早め出船して、昨日釣れた場所の太東沖２３ｍに、 少し早めに着いて、仕掛け投入したら、餌待っていたように、 直ぐ良型フグが、型出て、飽きずにポツポツ釣れるので、 流していき、少しずつ貯めていきました。 ８～９時頃、当りが、型程度になったので、大流ししました。 すると１０時頃、また釣れだして、流していて、反応出る位ですが、 船の中で、ポツポツ釣れだし、終わり際に、フグ活性しだしました。 後半の追い上げで、デカイショウサイの良い釣果なりよかったです。 今日は、朝イチと終わり際に、釣れたので、御客様嬉しく満足なお土産になり、 来た甲斐有りましたね。良型フグ狙い、今チ,26.0℃,NULL,chowari/利永丸
利永丸,大原港,2026/09/15,1,0,ショウサイフグ,ショウサイフグ,メイン,ショウサイフグ,NULL,14.0,33.0,23.5,0,20.0,40.0,,,NULL,太東沖,NULL,NULL,1,NULL,NULL,26.0,26.0,NULL,南西,2.6m/s,中潮,東南東 1.2m/s,雨時々止む,,NULL,NULL,太東沖２３ｍから開始して、一投目から、良型主体に、型有ります。 潮余り流れないので、風任せして、少しでも、場所見れる」ように流しました。 型程度ですが、良い流しなど有るので、反応など見たりしながら、 時折の雨の中降る中、貯めていきました。 御客様３名様の釣果。 良型フグなので、型勝負で、楽しめ、お土産になりました。 明日も、出船します。 ９月から、ショウサイフグ解禁、受付開始募集中。 乗り合い、仕立て船、出船中。連日沢山空き有りますので、 明日からの嬉しい夢のドアを叩いてくれる、ハンターの御予約お待ちしています。 ０９月は、３時４０分集合、４時１５分出船です。 ３時４０,26.0℃,NULL,chowari/利永丸
利永丸,大原港,2026/09/16,1,0,ショウサイフグ,ショウサイフグ,メイン,ショウサイフグ,NULL,3.0,17.0,10.0,0,16.0,38.0,,,NULL,太東沖,NULL,NULL,1,NULL,NULL,25.9,25.9,NULL,北東,1.9m/s,中潮・潮動かず,東南東 1.1m/s・ウネリ,雨,トラフグ,NULL,NULL,太東沖２３ｍから狙いましたが、昨日と違い、小型混じってしまうので、 我慢出来ず南へ転々と見て行きました。 しばらくして、朝の場所戻り、潮動かずの広範囲場所見れないので、 少しでも、流れるようにしました。 今期第３号のスペシャルゲストのトラフグ釣れました。 朝からの雨降りの風ウネリの辛い中の型程度ですが、良型デカフグ混じるので、 反応探したりしながら、この付近で、場所変えながら、 デカフグ、大、中、小のフグを帰港まで狙いました。 明日の出船は、海上で、洗礼受けるので、中止にしました。 ９月から、ショウサイフグ解禁、受付開始募集中。 乗り合い、仕立て船、出船中。連日沢山空き,25.9℃,NULL,chowari/利永丸
利永丸,大原港,2026/09/16,1,0,トラフグ,トラフグ,サブ,トラフグ,NULL,,,,0,,,,,NULL,太東沖,NULL,NULL,1,NULL,NULL,25.9,25.9,NULL,北東,1.9m/s,中潮・潮動かず,東南東 1.1m/s・ウネリ,雨,NULL,NULL,NULL,太東沖２３ｍから狙いましたが、昨日と違い、小型混じってしまうので、 我慢出来ず南へ転々と見て行きました。 しばらくして、朝の場所戻り、潮動かずの広範囲場所見れないので、 少しでも、流れるようにしました。 今期第３号のスペシャルゲストのトラフグ釣れました。 朝からの雨降りの風ウネリの辛い中の型程度ですが、良型デカフグ混じるので、 反応探したりしながら、この付近で、場所変えながら、 デカフグ、大、中、小のフグを帰港まで狙いました。 明日の出船は、海上で、洗礼受けるので、中止にしました。 ９月から、ショウサイフグ解禁、受付開始募集中。 乗り合い、仕立て船、出船中。連日沢山空き,25.9℃,NULL,chowari/利永丸
加幸丸,大原港,2026/09/01,1,0,スズキ,シーバス,サブ,スズキ,NULL,,,,0,,,,,NULL,千葉県 いすみ市 大原港,NULL,NULL,1,NULL,NULL,28.0,28.0,NULL,北東,3.1m/s,中潮,東 1.3m/s,曇り,NULL,NULL,NULL,ハタ釣り。明日も出船します。,28.0℃,NULL,chowari/加幸丸
加幸丸,大原港,2026/09/01,1,0,ハタ,ハタ,メイン,ハタ,NULL,,,,0,,,,,NULL,千葉県 いすみ市 大原港,NULL,NULL,1,NULL,NULL,28.0,28.0,NULL,北東,3.1m/s,中潮,東 1.3m/s,曇り,スズキ・ワラサ,NULL,NULL,ハタ釣り。明日も出船します。,28.0℃,NULL,chowari/加幸丸
加幸丸,大原港,2026/09/01,1,0,ワラサ,ワラサ,サブ,ワラサ,NULL,,,,0,,,,,NULL,千葉県 いすみ市 大原港,NULL,NULL,1,NULL,NULL,28.0,28.0,NULL,北東,3.1m/s,中潮,東 1.3m/s,曇り,NULL,NULL,NULL,ハタ釣り。明日も出船します。,28.0℃,NULL,chowari/加幸丸
加幸丸,大原港,2026/09/02,1,0,ハタ,ハタ,メイン,ハタ,NULL,,,,0,,,2.3,2.3,NULL,千葉県 いすみ市 大原港,NULL,NULL,1,NULL,NULL,28.5,28.5,NULL,南東,1.7m/s,中潮,東 1.2m/s,曇り時々晴れ,ワラサ,NULL,NULL,ハタ釣り。 台風で、次は、いつ出船出来るか、 わからないので、また連絡します。 とりあえず、１２．１３日は、ふたり です。,28.5℃,NULL,chowari/加幸丸
加幸丸,大原港,2026/09/02,1,0,ワラサ,ワラサ,サブ,ワラサ,NULL,0.0,1.0,0.5,0,,,2.2,2.2,NULL,千葉県 いすみ市 大原港,NULL,NULL,1,NULL,NULL,28.5,28.5,NULL,南東,1.7m/s,中潮,東 1.2m/s,曇り時々晴れ,NULL,NULL,NULL,ハタ釣り。 台風で、次は、いつ出船出来るか、 わからないので、また連絡します。 とりあえず、１２．１３日は、ふたり です。,28.5℃,NULL,chowari/加幸丸
加幸丸,大原港,2026/09/12,1,0,ハタ,ハタ,メイン,ハタ,NULL,2.0,2.0,2.0,0,,,1.2,2.5,NULL,千葉県 いすみ市 大原港,NULL,NULL,1,NULL,NULL,26.8,26.8,NULL,北北東,3.3m/s,大潮,東 1.2m/s,曇り,マダイ,NULL,NULL,ハタ釣り。 明日もハタ釣りです。 １８日、ふたり、左空いてます。 1９日、４名、とも空いてます。 ２０日、ふたり、とも空いてます。 ２１日５名、みよし空いてます。 ２２日４名、とも空いてます。 ２３日〜２６日まで、祭典の為、お休みします。 ２７日３名。左空いてます。 よろしくお願いします。,26.8℃,NULL,chowari/加幸丸
加幸丸,大原港,2026/09/12,1,0,マダイ,マダイ,サブ,マダイ,NULL,0.0,1.0,0.5,0,,,4.0,4.0,NULL,千葉県 いすみ市 大原港,NULL,NULL,1,NULL,NULL,26.8,26.8,NULL,北北東,3.3m/s,大潮,東 1.2m/s,曇り,NULL,NULL,NULL,ハタ釣り。 明日もハタ釣りです。 １８日、ふたり、左空いてます。 1９日、４名、とも空いてます。 ２０日、ふたり、とも空いてます。 ２１日５名、みよし空いてます。 ２２日４名、とも空いてます。 ２３日〜２６日まで、祭典の為、お休みします。 ２７日３名。左空いてます。 よろしくお願いします。,26.8℃,NULL,chowari/加幸丸
加幸丸,大原港,2026/09/13,1,0,ハタ,ハタ,サブ,ハタ,NULL,6.0,6.0,6.0,0,,,2.0,2.0,NULL,千葉県 いすみ市 大原港,NULL,NULL,1,NULL,NULL,26.1,26.1,NULL,北,2.8m/s,中潮,東 1.2m/s,曇りのち時々晴れ,NULL,NULL,NULL,ハタ釣り。,26.1℃,NULL,chowari/加幸丸
加幸丸,大原港,2026/09/13,1,0,ヒラメ,ヒラメ,メイン,ヒラメ,NULL,6.0,6.0,6.0,0,,,5.8,5.8,NULL,千葉県 いすみ市 大原港,NULL,NULL,1,NULL,NULL,26.1,26.1,NULL,北,2.8m/s,中潮,東 1.2m/s,曇りのち時々晴れ,ハタ,NULL,NULL,ハタ釣り。,26.1℃,NULL,chowari/加幸丸
勝丸-勝浦-,勝浦,2026/09/01,1,0,スルメイカ,スルメイカ,メイン,スルメイカ,NULL,1.0,14.0,7.5,0,30.0,41.0,,,NULL,千葉県 勝浦市 勝浦港,NULL,NULL,1,NULL,NULL,27.0,27.0,NULL,北東,4.9m/s,中潮,東 1.2m/s,晴れ後時々曇り,,NULL,NULL,スルメイカ狙いで出船しました 反応はありましたが、朝から潮悪く苦戦しました。 明日もスルメイカ狙いで出船します 9月から集合時間が4時30分になります。よろしくお願いします,27.0℃,NULL,chowari/勝丸-勝浦-
勝丸-勝浦-,勝浦,2026/09/02,1,0,スルメイカ,スルメイカ,メイン,スルメイカ,NULL,0.0,6.0,3.0,0,30.0,40.0,,,NULL,千葉県 勝浦市 勝浦港,NULL,NULL,1,NULL,NULL,27.5,27.5,NULL,東南東,2.5m/s,中潮・潮が緩,東 1.2m/s,曇り時々晴れ,,NULL,NULL,スルメイカ狙いで出船しました。 潮の流れがかなり速く、ほとんど釣りになりませんでした。 後半は少し潮が緩くなりましたが、低調 明日は悪天候のためお休みします,27.5℃,NULL,chowari/勝丸-勝浦-
勝丸-勝浦-,勝浦,2026/09/06,1,0,スルメイカ,スルメイカ,メイン,スルメイカ,NULL,8.0,41.0,24.5,0,30.0,40.0,,,NULL,千葉県 勝浦市 勝浦港,NULL,NULL,1,NULL,NULL,27.4,27.4,NULL,北東,8.8m/s,長潮,東 1.9m/s・高波,雨,,NULL,NULL,スルメイカ狙いで出船しました 一日中高波大雨で大変でしたが、イカはポツポツ乗りました。 明日明後日は強風のためお休みします,27.4℃,NULL,chowari/勝丸-勝浦-
勝丸-勝浦-,勝浦,2026/09/11,1,0,スルメイカ,スルメイカ,メイン,スルメイカ,NULL,1.0,29.0,15.0,0,30.0,41.0,,,NULL,千葉県 勝浦市 勝浦港,NULL,NULL,1,NULL,NULL,27.0,27.0,NULL,北東,3.5m/s,大潮,東南東 1.1m/s,雨,,NULL,NULL,スルメイカ狙いで出船しました 一日中雨降りで厳しいコンディションでした。 朝から反応はありましたが、乗り悪く苦戦しました。 明日は定休日でお休みします,27.0℃,NULL,chowari/勝丸-勝浦-
勝丸-勝浦-,勝浦,2026/09/13,1,0,スルメイカ,スルメイカ,メイン,スルメイカ,NULL,2.0,8.0,5.0,0,30.0,42.0,,,NULL,千葉県 勝浦市 勝浦港,NULL,NULL,1,NULL,NULL,25.3,25.3,NULL,北北東,4.8m/s,中潮,東 1.2m/s,曇りのち時々晴れ,,NULL,NULL,潮は悪くなかったのですが、反応が薄く低調でした。 明日もスルメイカ狙いで出船します,25.3℃,NULL,chowari/勝丸-勝浦-
勝丸-勝浦-,勝浦,2026/09/14,1,0,スルメイカ,スルメイカ,メイン,スルメイカ,NULL,3.0,8.0,5.5,0,30.0,42.0,,,NULL,千葉県 勝浦市 勝浦港,NULL,NULL,1,NULL,NULL,25.8,25.8,NULL,南南西,5.2m/s,中潮,東南東 1.1m/s,晴れ後時々曇り,,NULL,NULL,スルメイカ狙いで出船しました。 潮は少し落ち着きましたが、朝から反応が薄く低調でした。,25.8℃,NULL,chowari/勝丸-勝浦-
勝丸-勝浦-,勝浦,2026/09/16,1,0,スルメイカ,スルメイカ,メイン,スルメイカ,NULL,2.0,14.0,8.0,0,30.0,42.0,,,NULL,千葉県 勝浦市 勝浦港,NULL,NULL,1,NULL,NULL,25.8,25.8,NULL,東北東,1.5m/s,中潮,東南東 1.2m/s,雨,,NULL,NULL,スルメイカ狙いで出船しました。 反応はありましたが、潮がかなり早く大苦戦でした。 着乗りも多かったので、潮が治れば期待できそうです。 明日もスルメ狙いで出船します,25.8℃,NULL,chowari/勝丸-勝浦-
勝美丸,小田原新港,2026/09/12,1,0,スルメイカ,スルメイカ,メイン,スルメイカ,NULL,2.0,8.0,5.0,0,,,,,NULL,神奈川県 小田原市 小田原新港,NULL,NULL,1,NULL,NULL,27.2,27.2,NULL,北東,1.7m/s,大潮,南東 0.5m/s,雨のち曇り,,NULL,NULL,前半ポツポツでした。ヤリイカまじりました。,27.2℃,NULL,chowari/勝美丸
勝美丸,小田原新港,2026/09/13,1,0,スルメイカ,スルメイカ,メイン,スルメイカ,NULL,2.0,10.0,6.0,0,,,,,NULL,神奈川県 小田原市 小田原新港,NULL,NULL,1,NULL,NULL,26.4,26.4,NULL,東北東,1.2m/s,中潮,南東 0.5m/s,曇りのち時々晴れ,,NULL,NULL,地味に拾う感じでした。ヤリイカまじりました。,26.4℃,NULL,chowari/勝美丸
千とせ丸,戸又港,2026/09/01,1,0,アカイサキ,イサキ,サブ,アカイサキ,NULL,,,,0,,,,,NULL,静岡県 熱海市 戸又港,NULL,NULL,1,NULL,NULL,27.2,27.2,NULL,北東,3.3m/s,中潮,東南東 0.5m/s,晴れ後時々曇り,NULL,NULL,NULL,貸竿の皆さん、コマセ五目で出船しました。メダイの引きは楽しそうでしたね～。当たらなかった方はリベンジしてくださーい。またお待ちしております。,27.2℃,NULL,chowari/千とせ丸
千とせ丸,戸又港,2026/09/01,1,0,ゴマサバ,サバ,サブ,ゴマサバ,NULL,,,,0,,,,,NULL,静岡県 熱海市 戸又港,NULL,NULL,1,NULL,NULL,27.2,27.2,NULL,北東,3.3m/s,中潮,東南東 0.5m/s,晴れ後時々曇り,NULL,NULL,NULL,貸竿の皆さん、コマセ五目で出船しました。メダイの引きは楽しそうでしたね～。当たらなかった方はリベンジしてくださーい。またお待ちしております。,27.2℃,NULL,chowari/千とせ丸
千とせ丸,戸又港,2026/09/01,1,0,シキシマハナダイ,ハナダイ,サブ,シキシマハナダイ,NULL,,,,0,,,,,NULL,静岡県 熱海市 戸又港,NULL,NULL,1,NULL,NULL,27.2,27.2,NULL,北東,3.3m/s,中潮,東南東 0.5m/s,晴れ後時々曇り,NULL,NULL,NULL,貸竿の皆さん、コマセ五目で出船しました。メダイの引きは楽しそうでしたね～。当たらなかった方はリベンジしてくださーい。またお待ちしております。,27.2℃,NULL,chowari/千とせ丸
千とせ丸,戸又港,2026/09/01,1,0,ハナダイ,ハナダイ,サブ,ハナダイ,NULL,,,,0,,,,,NULL,静岡県 熱海市 戸又港,NULL,NULL,1,NULL,NULL,27.2,27.2,NULL,北東,3.3m/s,中潮,東南東 0.5m/s,晴れ後時々曇り,NULL,NULL,NULL,貸竿の皆さん、コマセ五目で出船しました。メダイの引きは楽しそうでしたね～。当たらなかった方はリベンジしてくださーい。またお待ちしております。,27.2℃,NULL,chowari/千とせ丸
千とせ丸,戸又港,2026/09/01,1,0,ヒメ,NULL,サブ,ヒメ,NULL,,,,0,,,,,NULL,静岡県 熱海市 戸又港,NULL,NULL,1,NULL,NULL,27.2,27.2,NULL,北東,3.3m/s,中潮,東南東 0.5m/s,晴れ後時々曇り,NULL,NULL,NULL,貸竿の皆さん、コマセ五目で出船しました。メダイの引きは楽しそうでしたね～。当たらなかった方はリベンジしてくださーい。またお待ちしております。,27.2℃,NULL,chowari/千とせ丸
千とせ丸,戸又港,2026/09/01,1,0,メダイ,メダイ,メイン,メダイ,NULL,,,,0,,,,,NULL,静岡県 熱海市 戸又港,NULL,NULL,1,NULL,NULL,27.2,27.2,NULL,北東,3.3m/s,中潮,東南東 0.5m/s,晴れ後時々曇り,アカイサキ・ゴマサバ・シキシマハナダイ・ハナダイ・ヒメ,NULL,NULL,貸竿の皆さん、コマセ五目で出船しました。メダイの引きは楽しそうでしたね～。当たらなかった方はリベンジしてくださーい。またお待ちしております。,27.2℃,NULL,chowari/千とせ丸
南伊豆忠兵衛丸,南伊豆町手石港,2026/09/03,1,0,スルメ,スルメイカ,メイン,スルメ,NULL,,,,0,,,,,NULL,白浜沖,NULL,NULL,1,NULL,NULL,27.6,27.6,NULL,西,1.5m/s,小潮,南東 1.0m/s,曇りのち一時雨,,NULL,NULL,23号船、 白浜沖のスルメに参戦してきました。 朝一と後半で時合いに当たり数釣れました！ 反応も良く期待できそうですね。,27.6℃,NULL,chowari/南伊豆忠兵衛丸
南伊豆忠兵衛丸,南伊豆町手石港,2026/09/12,1,0,ウメイロ,ウメイロ,サブ,ウメイロ,NULL,,,,0,,,,,NULL,静岡県 賀茂郡南伊豆町 手石港,NULL,NULL,1,NULL,NULL,26.7,26.7,NULL,北東,4.7m/s,大潮,南東 1.2m/s,曇り一時雨,NULL,NULL,NULL,21号船、スルメ、 安定して型広いできました！！ あいにくの雨で干せませんでした！ 後半よかったです！ 昨日今日と釣れてるのでチャンスです。 23号船、銭洲好調です！ カンパチ、2.0kg〜10.4kg、0〜5本、船中18本うちルアー2本リリースあり。 他ツムブリ船中7本、五目ウメイロポツポツ、泳がせみんなに当たりはありました！サメに5本取られました、あとはバラシ抜かれまくり…。 早合わせ厳禁でお願いします！！ やっとチビムロらしいシーズン到来！！チャンスです,26.7℃,NULL,chowari/南伊豆忠兵衛丸
南伊豆忠兵衛丸,南伊豆町手石港,2026/09/12,1,0,カンパチ,カンパチ,メイン,カンパチ,NULL,0.0,5.0,2.5,0,,,2.0,10.4,NULL,静岡県 賀茂郡南伊豆町 手石港,NULL,NULL,1,NULL,NULL,26.7,26.7,NULL,北東,4.7m/s,大潮,南東 1.2m/s,曇り一時雨,ウメイロ・ツムブリ,NULL,NULL,21号船、スルメ、 安定して型広いできました！！ あいにくの雨で干せませんでした！ 後半よかったです！ 昨日今日と釣れてるのでチャンスです。 23号船、銭洲好調です！ カンパチ、2.0kg〜10.4kg、0〜5本、船中18本うちルアー2本リリースあり。 他ツムブリ船中7本、五目ウメイロポツポツ、泳がせみんなに当たりはありました！サメに5本取られました、あとはバラシ抜かれまくり…。 早合わせ厳禁でお願いします！！ やっとチビムロらしいシーズン到来！！チャンスです,26.7℃,NULL,chowari/南伊豆忠兵衛丸
南伊豆忠兵衛丸,南伊豆町手石港,2026/09/12,1,0,ツムブリ,ブリ,サブ,ツムブリ,NULL,7.0,7.0,7.0,0,,,,,NULL,静岡県 賀茂郡南伊豆町 手石港,NULL,NULL,1,NULL,NULL,26.7,26.7,NULL,北東,4.7m/s,大潮,南東 1.2m/s,曇り一時雨,NULL,NULL,NULL,21号船、スルメ、 安定して型広いできました！！ あいにくの雨で干せませんでした！ 後半よかったです！ 昨日今日と釣れてるのでチャンスです。 23号船、銭洲好調です！ カンパチ、2.0kg〜10.4kg、0〜5本、船中18本うちルアー2本リリースあり。 他ツムブリ船中7本、五目ウメイロポツポツ、泳がせみんなに当たりはありました！サメに5本取られました、あとはバラシ抜かれまくり…。 早合わせ厳禁でお願いします！！ やっとチビムロらしいシーズン到来！！チャンスです,26.7℃,NULL,chowari/南伊豆忠兵衛丸
南伊豆忠兵衛丸,南伊豆町手石港,2026/09/13,1,0,ウメイロ,ウメイロ,サブ,ウメイロ,NULL,,,,0,,,,,NULL,静岡県 賀茂郡南伊豆町 手石港,NULL,NULL,1,NULL,NULL,26.3,26.3,NULL,北東,3.0m/s,中潮,東南東 1.0m/s,曇り時々晴れ,NULL,NULL,NULL,21号船、スルメ、 型広いできました！！ 反応はあるのでまだまだチャンスありますよー！ 明日も空きありです！！23号船銭洲好調です！ カンパチ、3.3kg〜12.5kg、0〜4本、船中20本、他モロコ、ツムブリ船中6本、真鯛、五目ウメイロお土産、餌抜かれバラシ連発。 カンパチバリバリモード突入か！？ 明日から銭洲船空きありありです。 釣れてるうちがチャンスなので遊び来てください。,26.3℃,NULL,chowari/南伊豆忠兵衛丸
南伊豆忠兵衛丸,南伊豆町手石港,2026/09/13,1,0,カンパチ,カンパチ,メイン,カンパチ,NULL,0.0,4.0,2.0,0,,,3.3,12.5,NULL,静岡県 賀茂郡南伊豆町 手石港,NULL,NULL,1,NULL,NULL,26.3,26.3,NULL,北東,3.0m/s,中潮,東南東 1.0m/s,曇り時々晴れ,ウメイロ・ツムブリ・マダイ・モロコ,NULL,NULL,21号船、スルメ、 型広いできました！！ 反応はあるのでまだまだチャンスありますよー！ 明日も空きありです！！23号船銭洲好調です！ カンパチ、3.3kg〜12.5kg、0〜4本、船中20本、他モロコ、ツムブリ船中6本、真鯛、五目ウメイロお土産、餌抜かれバラシ連発。 カンパチバリバリモード突入か！？ 明日から銭洲船空きありありです。 釣れてるうちがチャンスなので遊び来てください。,26.3℃,NULL,chowari/南伊豆忠兵衛丸
南伊豆忠兵衛丸,南伊豆町手石港,2026/09/13,1,0,ツムブリ,ブリ,サブ,ツムブリ,NULL,6.0,6.0,6.0,0,,,,,NULL,静岡県 賀茂郡南伊豆町 手石港,NULL,NULL,1,NULL,NULL,26.3,26.3,NULL,北東,3.0m/s,中潮,東南東 1.0m/s,曇り時々晴れ,NULL,NULL,NULL,21号船、スルメ、 型広いできました！！ 反応はあるのでまだまだチャンスありますよー！ 明日も空きありです！！23号船銭洲好調です！ カンパチ、3.3kg〜12.5kg、0〜4本、船中20本、他モロコ、ツムブリ船中6本、真鯛、五目ウメイロお土産、餌抜かれバラシ連発。 カンパチバリバリモード突入か！？ 明日から銭洲船空きありありです。 釣れてるうちがチャンスなので遊び来てください。,26.3℃,NULL,chowari/南伊豆忠兵衛丸
南伊豆忠兵衛丸,南伊豆町手石港,2026/09/13,1,0,マダイ,マダイ,サブ,マダイ,NULL,,,,0,,,,,NULL,静岡県 賀茂郡南伊豆町 手石港,NULL,NULL,1,NULL,NULL,26.3,26.3,NULL,北東,3.0m/s,中潮,東南東 1.0m/s,曇り時々晴れ,NULL,NULL,NULL,21号船、スルメ、 型広いできました！！ 反応はあるのでまだまだチャンスありますよー！ 明日も空きありです！！23号船銭洲好調です！ カンパチ、3.3kg〜12.5kg、0〜4本、船中20本、他モロコ、ツムブリ船中6本、真鯛、五目ウメイロお土産、餌抜かれバラシ連発。 カンパチバリバリモード突入か！？ 明日から銭洲船空きありありです。 釣れてるうちがチャンスなので遊び来てください。,26.3℃,NULL,chowari/南伊豆忠兵衛丸
南伊豆忠兵衛丸,南伊豆町手石港,2026/09/13,1,0,モロコ,モロコ,サブ,モロコ,NULL,,,,0,,,,,NULL,静岡県 賀茂郡南伊豆町 手石港,NULL,NULL,1,NULL,NULL,26.3,26.3,NULL,北東,3.0m/s,中潮,東南東 1.0m/s,曇り時々晴れ,NULL,NULL,NULL,21号船、スルメ、 型広いできました！！ 反応はあるのでまだまだチャンスありますよー！ 明日も空きありです！！23号船銭洲好調です！ カンパチ、3.3kg〜12.5kg、0〜4本、船中20本、他モロコ、ツムブリ船中6本、真鯛、五目ウメイロお土産、餌抜かれバラシ連発。 カンパチバリバリモード突入か！？ 明日から銭洲船空きありありです。 釣れてるうちがチャンスなので遊び来てください。,26.3℃,NULL,chowari/南伊豆忠兵衛丸
南伊豆忠兵衛丸,南伊豆町手石港,2026/09/16,1,0,カンパチ,カンパチ,メイン,カンパチ,NULL,0.0,3.0,1.5,0,,,3.9,12.4,NULL,静岡県 賀茂郡南伊豆町 手石港,NULL,NULL,1,NULL,NULL,26.6,26.6,NULL,東,2.1m/s,中潮,東南東 1.0m/s,雨,ツムブリ・ヒメダイ,NULL,NULL,21号船、スルメ。 今日も型広いできました！！ トップ65杯、 ヤリイカも混じりました！ まだまだチャンスありますよ。 23号船、銭洲船、 カンパチ、3.9kg〜12.4kg、0〜3本、船中10本、バラシまくり、餌やられ抜かれも。 他ツムブリ7本、ヒメダイ。 いい反応結構見えぼちぼち当たりましたがバラシまくりでした。ハリス切れもあったので油断できません！！ シケ後に期待します。,26.6℃,NULL,chowari/南伊豆忠兵衛丸
南伊豆忠兵衛丸,南伊豆町手石港,2026/09/16,1,0,ツムブリ,ブリ,サブ,ツムブリ,NULL,7.0,7.0,7.0,0,,,,,NULL,静岡県 賀茂郡南伊豆町 手石港,NULL,NULL,1,NULL,NULL,26.6,26.6,NULL,東,2.1m/s,中潮,東南東 1.0m/s,雨,NULL,NULL,NULL,21号船、スルメ。 今日も型広いできました！！ トップ65杯、 ヤリイカも混じりました！ まだまだチャンスありますよ。 23号船、銭洲船、 カンパチ、3.9kg〜12.4kg、0〜3本、船中10本、バラシまくり、餌やられ抜かれも。 他ツムブリ7本、ヒメダイ。 いい反応結構見えぼちぼち当たりましたがバラシまくりでした。ハリス切れもあったので油断できません！！ シケ後に期待します。,26.6℃,NULL,chowari/南伊豆忠兵衛丸
南伊豆忠兵衛丸,南伊豆町手石港,2026/09/16,1,0,ヒメダイ,メダイ,サブ,ヒメダイ,NULL,,,,0,,,,,NULL,静岡県 賀茂郡南伊豆町 手石港,NULL,NULL,1,NULL,NULL,26.6,26.6,NULL,東,2.1m/s,中潮,東南東 1.0m/s,雨,NULL,NULL,NULL,21号船、スルメ。 今日も型広いできました！！ トップ65杯、 ヤリイカも混じりました！ まだまだチャンスありますよ。 23号船、銭洲船、 カンパチ、3.9kg〜12.4kg、0〜3本、船中10本、バラシまくり、餌やられ抜かれも。 他ツムブリ7本、ヒメダイ。 いい反応結構見えぼちぼち当たりましたがバラシまくりでした。ハリス切れもあったので油断できません！！ シケ後に期待します。,26.6℃,NULL,chowari/南伊豆忠兵衛丸
和彦丸,品川区鮫洲勝島運河,2026/09/05,1,0,アジ,アジ,メイン,アジ,NULL,,,,0,51.0,51.0,,,NULL,東京都 品川区 鮫洲勝島運河,NULL,NULL,1,NULL,NULL,28.5,28.5,NULL,東北東,3.1m/s,小潮,南 0.2m/s,曇り,,NULL,NULL,ショートビシアジ乗合に出船しました。25メートルほどのポイントでスタート。45センチ前後の特大サイズも混じりながら、ダブルダブルで好調な時間もあり楽しめました。バラシやハリス切れ多発も最大50.5センチの大物ゲット。 アジ。 25-44cm、38-46匹。 アジ（バチコン）。 25-50.5cm、13-39匹。,28.5℃,NULL,chowari/和彦丸
和彦丸,品川区鮫洲勝島運河,2026/09/12,1,0,アジ,アジ,メイン,アジ,NULL,8.0,22.0,15.0,0,25.0,47.0,,,NULL,東京都 品川区 鮫洲勝島運河,NULL,NULL,1,NULL,NULL,27.5,27.5,NULL,北北東,4.9m/s,"大潮・潮が速,潮緩",東北東 0.4m/s,曇り,,NULL,NULL,ショートビシアジ乗合に出船しました。最初のポイントは20メートルほど、一投目でポチポチっと釣れて食いは良さそうな雰囲気も潮が速すぎて断念。潮緩めのポイントで特大サイズもポツポツ混じりながら皆さんお土産になりました。最大47センチ、40センチオーバー多数で楽しめました。 明日はショートビシアジ乗合、ショートライトアジ乗合に出船決定です。空席多数ですのでこれからのご予約お待ちしております。 アジ。 25-4cm、11-22匹。 アジ（バチコン） 25-47cm、8-18匹。,27.5℃,NULL,chowari/和彦丸
和彦丸,品川区鮫洲勝島運河,2026/09/13,1,0,アジ,アジ,メイン,アジ,NULL,15.0,46.0,30.5,0,12.0,47.0,,,NULL,東京都 品川区 鮫洲勝島運河,NULL,NULL,1,NULL,NULL,26.7,26.7,NULL,北,4.4m/s,中潮・潮が速,北北東 0.2m/s,曇りのち時々晴れ,,NULL,NULL,ショートビシアジ乗合に出船しました。今日も潮が速かったですが、40センチオーバー多数混じり最大47センチをゲット。大型のハリス切れ、バラシも多数でしたが多くの方が特大サイズゲット出来ました。 明日のショートビシアジ乗合は満席です。来週からの連休中はまだ空きがある日もあります。皆様のご予約お待ちしております。 アジ、 22-47cm15-40匹。 アジ（バチコン）、 12-24cm22-46匹。,26.7℃,NULL,chowari/和彦丸
和彦丸,品川区鮫洲勝島運河,2026/09/14,1,0,アジ,アジ,メイン,アジ,NULL,5.0,36.0,20.5,0,25.0,46.0,,,NULL,東京都 品川区 鮫洲勝島運河,NULL,NULL,1,NULL,NULL,26.2,26.2,NULL,南南西,7.8m/s,中潮・潮が速,南 0.5m/s,晴れ後時々曇り,,NULL,NULL,ショートビシアジ乗合に出船しました。最初は40メートルほどのポイントでスタート。一投目からポツリ、その後40センチオーバーも混じりながら順調でしたが潮が速くなってくるとアタリが遠くなり、20メートルほどのポイントへ移動。こちらも40センチオーバー多数ヒットも強烈な引きで、ハリス切れだったり針が曲がったり針が折れたりアタリの割りには船に上がらず。途中ダブルなんかもあり数も伸びたところで終了間際に再び特大チャンス到来！ハリス切れ多発でしたが多くの方が40センチオーバーゲット、数本取れた方も多くいらっしゃいました。 最大46センチ、まだまだ大物がうようよいるようです。引き続き頑張って行きましょう！,26.2℃,NULL,chowari/和彦丸
哲夫丸,長井港,2026/09/01,1,0,キハダ,キハダマグロ,メイン,キハダ,NULL,1.0,1.0,1.0,0,,,42.0,42.0,NULL,神奈川県 横須賀市 長井港,NULL,NULL,1,NULL,NULL,27.0,27.0,NULL,北北東,3.8m/s,中潮,南南西 0.3m/s,曇り,,NULL,NULL,1人チャーター！ クソデケーのばっかりの激アツナブラ打ちにて1番ちっこいの食ったねってあがってきたら42キロ！ 全然小さくなかったです 今の魚サイズエグいです！ タックル万全での御乗船をお願いします 本日もありがとうございました♪ 9月空き状況！ ７日空だけど予報悪し 10日、18日、23日、24日、28日、30日 空っぽです！ お問い合わせお待ちしてます。,27.0℃,NULL,chowari/哲夫丸
哲夫丸,長井港,2026/09/02,1,0,キハダ,キハダマグロ,メイン,キハダ,NULL,1.0,1.0,1.0,0,,,35.0,35.0,NULL,神奈川県 横須賀市 長井港,NULL,NULL,1,NULL,NULL,27.7,27.7,NULL,南,0.9m/s,中潮,南 0.2m/s,曇り時々晴れ,"もバイトあったりでしたが残念乗らず‥,シューティングゲームのようなクソ速いヤツらでした！,本日もありがとうございました～",NULL,NULL,マンダラパターン！ 跳ね終わりの誘い出しで35キロ！ 他にもバイトあったりでしたが残念乗らず‥ シューティングゲームのようなクソ速いヤツらでした！ 本日もありがとうございました～ ７日出られそう？な気がしてきました！ 空っぽなので仕立ても可！ お問い合わせお待ちしてます,27.7℃,NULL,chowari/哲夫丸
哲夫丸,長井港,2026/09/04,1,0,キハダ,キハダマグロ,メイン,キハダ,NULL,0.0,2.0,1.0,0,,,26.0,40.0,NULL,神奈川県 横須賀市 長井港,NULL,NULL,1,NULL,NULL,28.0,28.0,NULL,北北東,3.2m/s,小潮,南 0.6m/s,雨時々止む,,NULL,NULL,昨日はウワサのマイワシ場で一日中張り込んでみましたが即バラしで終了 多動気味の俺には少し辛かったので今日は野良キハダ探し！ ソーダパターンで誘い出し、ナブラ打ちにて 40キロ筆頭に3本キャッチ！2本キャッチの方も！ 水面ラインブレイクした魚はデカかった～ 本日もありがとうございました♪ 9月空き日！ 18日 23日 24日 空っぽなので仕立ても可！ 30日乗り合い、あと4名乗れます お問い合わせお待ちしてます,28.0℃,NULL,chowari/哲夫丸
哲夫丸,長井港,2026/09/05,1,0,キハダ,キハダマグロ,メイン,キハダ,NULL,1.0,1.0,1.0,0,,,42.0,42.0,NULL,神奈川県 横須賀市 長井港,NULL,NULL,1,NULL,NULL,27.6,27.6,NULL,北東,3.3m/s,小潮,南南西 0.7m/s,曇り,,NULL,NULL,誘い出しでドカンと４２キロ！ 自己記録更新おめでとう御座います♪ お裾分けもありがとうございました 長～いシケ予報で次回いつ出られるのか？ シケで潰れる皆様、リスケお待ちしてます,27.6℃,NULL,chowari/哲夫丸
哲夫丸,長井港,2026/09/12,1,0,キメジ,キメジ,メイン,キメジ,NULL,1.0,1.0,1.0,0,,,7.0,7.0,NULL,神奈川県 横須賀市 長井港,NULL,NULL,1,NULL,NULL,25.9,25.9,NULL,北北東,5.0m/s,大潮,南南西 0.6m/s,雨のち曇り,,NULL,NULL,なげー休みでした！ 心も体もリフレッシュ！ 今日もでかいの跳ねてたけど？？ 運良くヒット頂きキメジ7キロの顔見られました♪ 実はコレ美味いらしいですよね？ 本日もありがとうございました！,25.9℃,NULL,chowari/哲夫丸
喜久丸,腰越港,2026/09/01,1,0,アジ,アジ,サブ,アジ,NULL,4.0,8.0,6.0,0,23.0,58.0,,,NULL,神奈川県 鎌倉市 腰越漁港,NULL,NULL,1,NULL,NULL,27.0,27.0,NULL,北東,2.8m/s,中潮,南 0.3m/s,曇り,NULL,NULL,NULL,ウィリーアマダイ五目 ターゲットのハナダイアマダイイトヨリホウボウのいずれかを皆さんGetしてくれましたゲストはBigサイズ57㎝アジを筆頭にサバソーダとお土産にも恵まれ嬉しい帰港です！,27.0℃,NULL,chowari/喜久丸
喜久丸,腰越港,2026/09/01,1,0,アマダイ,アマダイ,サブ,アマダイ,NULL,0.0,1.0,0.5,0,28.0,35.0,,,NULL,神奈川県 鎌倉市 腰越漁港,NULL,NULL,1,NULL,NULL,27.0,27.0,NULL,北東,2.8m/s,中潮,南 0.3m/s,曇り,NULL,NULL,NULL,ウィリーアマダイ五目 ターゲットのハナダイアマダイイトヨリホウボウのいずれかを皆さんGetしてくれましたゲストはBigサイズ57㎝アジを筆頭にサバソーダとお土産にも恵まれ嬉しい帰港です！,27.0℃,NULL,chowari/喜久丸
喜久丸,腰越港,2026/09/01,1,0,イトヨリ,イトヨリ,サブ,イトヨリ,NULL,0.0,1.0,0.5,0,23.0,35.0,,,NULL,神奈川県 鎌倉市 腰越漁港,NULL,NULL,1,NULL,NULL,27.0,27.0,NULL,北東,2.8m/s,中潮,南 0.3m/s,曇り,NULL,NULL,NULL,ウィリーアマダイ五目 ターゲットのハナダイアマダイイトヨリホウボウのいずれかを皆さんGetしてくれましたゲストはBigサイズ57㎝アジを筆頭にサバソーダとお土産にも恵まれ嬉しい帰港です！,27.0℃,NULL,chowari/喜久丸
喜久丸,腰越港,2026/09/01,1,0,ゴマサバ,サバ,サブ,ゴマサバ,NULL,3.0,5.0,4.0,0,23.0,30.0,,,NULL,神奈川県 鎌倉市 腰越漁港,NULL,NULL,1,NULL,NULL,27.0,27.0,NULL,北東,2.8m/s,中潮,南 0.3m/s,曇り,NULL,NULL,NULL,ウィリーアマダイ五目 ターゲットのハナダイアマダイイトヨリホウボウのいずれかを皆さんGetしてくれましたゲストはBigサイズ57㎝アジを筆頭にサバソーダとお土産にも恵まれ嬉しい帰港です！,27.0℃,NULL,chowari/喜久丸
喜久丸,腰越港,2026/09/01,1,0,ハナダイ,ハナダイ,メイン,ハナダイ,NULL,0.0,1.0,0.5,0,,,0.5,0.7,NULL,神奈川県 鎌倉市 腰越漁港,NULL,NULL,1,NULL,NULL,27.0,27.0,NULL,北東,2.8m/s,中潮,南 0.3m/s,曇り,アジ・アマダイ・イトヨリ・ゴマサバ,NULL,NULL,ウィリーアマダイ五目 ターゲットのハナダイアマダイイトヨリホウボウのいずれかを皆さんGetしてくれましたゲストはBigサイズ57㎝アジを筆頭にサバソーダとお土産にも恵まれ嬉しい帰港です！,27.0℃,NULL,chowari/喜久丸
喜久丸,腰越港,2026/09/02,1,0,アジ,アジ,サブ,アジ,NULL,1.0,15.0,8.0,0,25.0,35.0,,,NULL,神奈川県 鎌倉市 腰越漁港,NULL,NULL,1,NULL,NULL,27.7,27.7,NULL,南南東,1.3m/s,中潮,南 0.3m/s,曇り時々晴れ,NULL,NULL,NULL,ウィリーアマダイ五目 皆さんレンタルロッドで出船レクチャーとうりに棚トリをしてくれてイトヨリアジサバとお土産はバッチリで楽しんでもらえて帰港です！,27.7℃,NULL,chowari/喜久丸
喜久丸,腰越港,2026/09/02,1,0,イトヨリ,イトヨリ,メイン,イトヨリ,NULL,0.0,3.0,1.5,0,20.0,30.0,,,NULL,神奈川県 鎌倉市 腰越漁港,NULL,NULL,1,NULL,NULL,27.7,27.7,NULL,南南東,1.3m/s,中潮,南 0.3m/s,曇り時々晴れ,アジ・ゴマサバ,NULL,NULL,ウィリーアマダイ五目 皆さんレンタルロッドで出船レクチャーとうりに棚トリをしてくれてイトヨリアジサバとお土産はバッチリで楽しんでもらえて帰港です！,27.7℃,NULL,chowari/喜久丸
喜久丸,腰越港,2026/09/02,1,0,ゴマサバ,サバ,サブ,ゴマサバ,NULL,4.0,12.0,8.0,0,23.0,35.0,,,NULL,神奈川県 鎌倉市 腰越漁港,NULL,NULL,1,NULL,NULL,27.7,27.7,NULL,南南東,1.3m/s,中潮,南 0.3m/s,曇り時々晴れ,NULL,NULL,NULL,ウィリーアマダイ五目 皆さんレンタルロッドで出船レクチャーとうりに棚トリをしてくれてイトヨリアジサバとお土産はバッチリで楽しんでもらえて帰港です！,27.7℃,NULL,chowari/喜久丸
喜久丸,腰越港,2026/09/05,1,0,アジ,アジ,サブ,アジ,NULL,0.0,8.0,4.0,0,30.0,50.0,,,NULL,神奈川県 鎌倉市 腰越漁港,NULL,NULL,1,NULL,NULL,27.6,27.6,NULL,北東,3.0m/s,小潮,南 0.7m/s,曇り,NULL,NULL,NULL,ウィリーアマダイ五目 朝の内は小雨混じりでコンデションは今ひとつでしたが皆さん頑張ってくれてターゲットのハナダシロアマダイイナダイトヨリと顔を見ることが出来ましたゲストもアジサバとお土産バッチリで良かったです！,27.6℃,NULL,chowari/喜久丸
喜久丸,腰越港,2026/09/05,1,0,イトヨリ,イトヨリ,サブ,イトヨリ,NULL,0.0,2.0,1.0,0,23.0,35.0,,,NULL,神奈川県 鎌倉市 腰越漁港,NULL,NULL,1,NULL,NULL,27.6,27.6,NULL,北東,3.0m/s,小潮,南 0.7m/s,曇り,NULL,NULL,NULL,ウィリーアマダイ五目 朝の内は小雨混じりでコンデションは今ひとつでしたが皆さん頑張ってくれてターゲットのハナダシロアマダイイナダイトヨリと顔を見ることが出来ましたゲストもアジサバとお土産バッチリで良かったです！,27.6℃,NULL,chowari/喜久丸
喜久丸,腰越港,2026/09/05,1,0,イナダ,イナダ,サブ,イナダ,NULL,0.0,2.0,1.0,0,28.0,35.0,,,NULL,神奈川県 鎌倉市 腰越漁港,NULL,NULL,1,NULL,NULL,27.6,27.6,NULL,北東,3.0m/s,小潮,南 0.7m/s,曇り,NULL,NULL,NULL,ウィリーアマダイ五目 朝の内は小雨混じりでコンデションは今ひとつでしたが皆さん頑張ってくれてターゲットのハナダシロアマダイイナダイトヨリと顔を見ることが出来ましたゲストもアジサバとお土産バッチリで良かったです！,27.6℃,NULL,chowari/喜久丸
喜久丸,腰越港,2026/09/05,1,0,ゴマサバ,サバ,サブ,ゴマサバ,NULL,0.0,8.0,4.0,0,23.0,32.0,,,NULL,神奈川県 鎌倉市 腰越漁港,NULL,NULL,1,NULL,NULL,27.6,27.6,NULL,北東,3.0m/s,小潮,南 0.7m/s,曇り,NULL,NULL,NULL,ウィリーアマダイ五目 朝の内は小雨混じりでコンデションは今ひとつでしたが皆さん頑張ってくれてターゲットのハナダシロアマダイイナダイトヨリと顔を見ることが出来ましたゲストもアジサバとお土産バッチリで良かったです！,27.6℃,NULL,chowari/喜久丸
喜久丸,腰越港,2026/09/05,1,0,シロアマダイ,シロアマダイ,サブ,シロアマダイ,NULL,0.0,1.0,0.5,0,23.0,35.0,,,NULL,神奈川県 鎌倉市 腰越漁港,NULL,NULL,1,NULL,NULL,27.6,27.6,NULL,北東,3.0m/s,小潮,南 0.7m/s,曇り,NULL,NULL,NULL,ウィリーアマダイ五目 朝の内は小雨混じりでコンデションは今ひとつでしたが皆さん頑張ってくれてターゲットのハナダシロアマダイイナダイトヨリと顔を見ることが出来ましたゲストもアジサバとお土産バッチリで良かったです！,27.6℃,NULL,chowari/喜久丸
喜久丸,腰越港,2026/09/05,1,0,ハナダイ,ハナダイ,メイン,ハナダイ,NULL,0.0,2.0,1.0,0,,,0.5,0.8,NULL,神奈川県 鎌倉市 腰越漁港,NULL,NULL,1,NULL,NULL,27.6,27.6,NULL,北東,3.0m/s,小潮,南 0.7m/s,曇り,アジ・イトヨリ・イナダ・ゴマサバ・シロアマダイ,NULL,NULL,ウィリーアマダイ五目 朝の内は小雨混じりでコンデションは今ひとつでしたが皆さん頑張ってくれてターゲットのハナダシロアマダイイナダイトヨリと顔を見ることが出来ましたゲストもアジサバとお土産バッチリで良かったです！,27.6℃,NULL,chowari/喜久丸
喜久丸,腰越港,2026/09/08,1,0,イトヨリ,イトヨリ,サブ,イトヨリ,NULL,1.0,2.0,1.5,0,23.0,28.0,,,NULL,神奈川県 鎌倉市 腰越漁港,NULL,NULL,1,NULL,NULL,27.6,27.6,NULL,東南東,1.1m/s,中潮,南 1.3m/s・ウネリ,曇りのち一時雨,NULL,NULL,NULL,ウィリーアマダイ五目 海上はややウネリがあり棚トリが難しいなかターゲットのハナダイイトヨリアジと顔を見てもらえて良かったです！ PS明日は悪天候のため休船しますm(__)m,27.6℃,NULL,chowari/喜久丸
喜久丸,腰越港,2026/09/08,1,0,ハナダイ,ハナダイ,メイン,ハナダイ,NULL,1.0,2.0,1.5,0,,,0.5,0.8,NULL,神奈川県 鎌倉市 腰越漁港,NULL,NULL,1,NULL,NULL,27.6,27.6,NULL,東南東,1.1m/s,中潮,南 1.3m/s・ウネリ,曇りのち一時雨,イトヨリ,NULL,NULL,ウィリーアマダイ五目 海上はややウネリがあり棚トリが難しいなかターゲットのハナダイイトヨリアジと顔を見てもらえて良かったです！ PS明日は悪天候のため休船しますm(__)m,27.6℃,NULL,chowari/喜久丸
喜久丸,腰越港,2026/09/12,1,0,アジ,アジ,サブ,アジ,NULL,0.0,5.0,2.5,0,25.0,38.0,,,NULL,神奈川県 鎌倉市 腰越漁港,NULL,NULL,1,NULL,NULL,25.9,25.9,NULL,北北東,3.9m/s,大潮,南 0.5m/s,雨のち曇り,NULL,NULL,NULL,ウィリーアマダイ五目 時折小雨が降るなかでしたが釣りガールの皆さんも頑張ってくれてハナダイイナダイトヨリ始めアジサバソーダモクアジとお土産はバッチリキープしてもらえて良かったです！,25.9℃,NULL,chowari/喜久丸
喜久丸,腰越港,2026/09/12,1,0,イトヨリ,イトヨリ,サブ,イトヨリ,NULL,0.0,2.0,1.0,0,23.0,30.0,,,NULL,神奈川県 鎌倉市 腰越漁港,NULL,NULL,1,NULL,NULL,25.9,25.9,NULL,北北東,3.9m/s,大潮,南 0.5m/s,雨のち曇り,NULL,NULL,NULL,ウィリーアマダイ五目 時折小雨が降るなかでしたが釣りガールの皆さんも頑張ってくれてハナダイイナダイトヨリ始めアジサバソーダモクアジとお土産はバッチリキープしてもらえて良かったです！,25.9℃,NULL,chowari/喜久丸
喜久丸,腰越港,2026/09/12,1,0,ゴマサバ,サバ,サブ,ゴマサバ,NULL,1.0,10.0,5.5,0,27.0,33.0,,,NULL,神奈川県 鎌倉市 腰越漁港,NULL,NULL,1,NULL,NULL,25.9,25.9,NULL,北北東,3.9m/s,大潮,南 0.5m/s,雨のち曇り,NULL,NULL,NULL,ウィリーアマダイ五目 時折小雨が降るなかでしたが釣りガールの皆さんも頑張ってくれてハナダイイナダイトヨリ始めアジサバソーダモクアジとお土産はバッチリキープしてもらえて良かったです！,25.9℃,NULL,chowari/喜久丸
喜久丸,腰越港,2026/09/12,1,0,ハナダイ,ハナダイ,メイン,ハナダイ,NULL,0.0,2.0,1.0,0,,,0.4,0.7,NULL,神奈川県 鎌倉市 腰越漁港,NULL,NULL,1,NULL,NULL,25.9,25.9,NULL,北北東,3.9m/s,大潮,南 0.5m/s,雨のち曇り,アジ・イトヨリ・ゴマサバ,NULL,NULL,ウィリーアマダイ五目 時折小雨が降るなかでしたが釣りガールの皆さんも頑張ってくれてハナダイイナダイトヨリ始めアジサバソーダモクアジとお土産はバッチリキープしてもらえて良かったです！,25.9℃,NULL,chowari/喜久丸
喜久丸,腰越港,2026/09/13,1,0,アジ,アジ,サブ,アジ,NULL,0.0,8.0,4.0,0,32.0,45.0,,,NULL,神奈川県 鎌倉市 腰越漁港,NULL,NULL,1,NULL,NULL,25.4,25.4,NULL,北北東,2.8m/s,中潮,南南東 0.3m/s,曇りのち時々晴れ,NULL,NULL,NULL,ウィリーアマダイ五目 ターゲットのハナダイクロダイカンパチイナダイトヨリと顔を見ることが出来ましたゲストにも恵まれ良型アジサバモクアジとお土産バッチリで良かったです！ チャーター船 ビギナーの皆さんも頑張ってくれてハナダイクロダイイトヨリタチウオイナダ良型アジサバソーダEtcと楽しい時間を過ごしてもらえて嬉しい帰港です！,25.4℃,NULL,chowari/喜久丸
喜久丸,腰越港,2026/09/13,1,0,イナダ,イナダ,サブ,イナダ,NULL,0.0,2.0,1.0,0,35.0,40.0,,,NULL,神奈川県 鎌倉市 腰越漁港,NULL,NULL,1,NULL,NULL,25.4,25.4,NULL,北北東,2.8m/s,中潮,南南東 0.3m/s,曇りのち時々晴れ,NULL,NULL,NULL,ウィリーアマダイ五目 ターゲットのハナダイクロダイカンパチイナダイトヨリと顔を見ることが出来ましたゲストにも恵まれ良型アジサバモクアジとお土産バッチリで良かったです！ チャーター船 ビギナーの皆さんも頑張ってくれてハナダイクロダイイトヨリタチウオイナダ良型アジサバソーダEtcと楽しい時間を過ごしてもらえて嬉しい帰港です！,25.4℃,NULL,chowari/喜久丸
喜久丸,腰越港,2026/09/13,1,0,カンパチ,カンパチ,サブ,カンパチ,NULL,0.0,2.0,1.0,0,25.0,32.0,,,NULL,神奈川県 鎌倉市 腰越漁港,NULL,NULL,1,NULL,NULL,25.4,25.4,NULL,北北東,2.8m/s,中潮,南南東 0.3m/s,曇りのち時々晴れ,NULL,NULL,NULL,ウィリーアマダイ五目 ターゲットのハナダイクロダイカンパチイナダイトヨリと顔を見ることが出来ましたゲストにも恵まれ良型アジサバモクアジとお土産バッチリで良かったです！ チャーター船 ビギナーの皆さんも頑張ってくれてハナダイクロダイイトヨリタチウオイナダ良型アジサバソーダEtcと楽しい時間を過ごしてもらえて嬉しい帰港です！,25.4℃,NULL,chowari/喜久丸
喜久丸,腰越港,2026/09/13,1,0,ハナダイ,ハナダイ,メイン,ハナダイ,NULL,0.0,3.0,1.5,0,,,0.6,0.8,NULL,神奈川県 鎌倉市 腰越漁港,NULL,NULL,1,NULL,NULL,25.4,25.4,NULL,北北東,2.8m/s,中潮,南南東 0.3m/s,曇りのち時々晴れ,アジ・イナダ・カンパチ,NULL,NULL,ウィリーアマダイ五目 ターゲットのハナダイクロダイカンパチイナダイトヨリと顔を見ることが出来ましたゲストにも恵まれ良型アジサバモクアジとお土産バッチリで良かったです！ チャーター船 ビギナーの皆さんも頑張ってくれてハナダイクロダイイトヨリタチウオイナダ良型アジサバソーダEtcと楽しい時間を過ごしてもらえて嬉しい帰港です！,25.4℃,NULL,chowari/喜久丸
喜久丸,腰越港,2026/09/14,1,0,アジ,アジ,サブ,アジ,NULL,6.0,20.0,13.0,0,35.0,45.0,,,NULL,神奈川県 鎌倉市 腰越漁港,NULL,NULL,1,NULL,NULL,25.8,25.8,NULL,南南西,4.9m/s,中潮,南 0.5m/s・ウネリ,晴れ後時々曇り,NULL,NULL,NULL,ウィリーアマダイ五目 久しぶりに太陽が顔だしてくれましたね海上はややウネリがありましたが皆さんの丁寧な棚トリでターゲットのハナダイクロダイイナダのいずれかをGetしてもらえましたゲストは良型アジサバとお土産バッチリ嬉しい帰港です。,25.8℃,NULL,chowari/喜久丸
喜久丸,腰越港,2026/09/14,1,0,イナダ,イナダ,サブ,イナダ,NULL,0.0,2.0,1.0,0,38.0,48.0,,,NULL,神奈川県 鎌倉市 腰越漁港,NULL,NULL,1,NULL,NULL,25.8,25.8,NULL,南南西,4.9m/s,中潮,南 0.5m/s・ウネリ,晴れ後時々曇り,NULL,NULL,NULL,ウィリーアマダイ五目 久しぶりに太陽が顔だしてくれましたね海上はややウネリがありましたが皆さんの丁寧な棚トリでターゲットのハナダイクロダイイナダのいずれかをGetしてもらえましたゲストは良型アジサバとお土産バッチリ嬉しい帰港です。,25.8℃,NULL,chowari/喜久丸
喜久丸,腰越港,2026/09/14,1,0,クロダイ,クロダイ,サブ,クロダイ,NULL,0.0,2.0,1.0,0,,,0.6,0.8,NULL,神奈川県 鎌倉市 腰越漁港,NULL,NULL,1,NULL,NULL,25.8,25.8,NULL,南南西,4.9m/s,中潮,南 0.5m/s・ウネリ,晴れ後時々曇り,NULL,NULL,NULL,ウィリーアマダイ五目 久しぶりに太陽が顔だしてくれましたね海上はややウネリがありましたが皆さんの丁寧な棚トリでターゲットのハナダイクロダイイナダのいずれかをGetしてもらえましたゲストは良型アジサバとお土産バッチリ嬉しい帰港です。,25.8℃,NULL,chowari/喜久丸
喜久丸,腰越港,2026/09/14,1,0,ゴマサバ,サバ,サブ,ゴマサバ,NULL,1.0,5.0,3.0,0,30.0,40.0,,,NULL,神奈川県 鎌倉市 腰越漁港,NULL,NULL,1,NULL,NULL,25.8,25.8,NULL,南南西,4.9m/s,中潮,南 0.5m/s・ウネリ,晴れ後時々曇り,NULL,NULL,NULL,ウィリーアマダイ五目 久しぶりに太陽が顔だしてくれましたね海上はややウネリがありましたが皆さんの丁寧な棚トリでターゲットのハナダイクロダイイナダのいずれかをGetしてもらえましたゲストは良型アジサバとお土産バッチリ嬉しい帰港です。,25.8℃,NULL,chowari/喜久丸
喜久丸,腰越港,2026/09/14,1,0,ハナダイ,ハナダイ,メイン,ハナダイ,NULL,0.0,1.0,0.5,0,,,0.6,0.8,NULL,神奈川県 鎌倉市 腰越漁港,NULL,NULL,1,NULL,NULL,25.8,25.8,NULL,南南西,4.9m/s,中潮,南 0.5m/s・ウネリ,晴れ後時々曇り,アジ・イナダ・クロダイ・ゴマサバ,NULL,NULL,ウィリーアマダイ五目 久しぶりに太陽が顔だしてくれましたね海上はややウネリがありましたが皆さんの丁寧な棚トリでターゲットのハナダイクロダイイナダのいずれかをGetしてもらえましたゲストは良型アジサバとお土産バッチリ嬉しい帰港です。,25.8℃,NULL,chowari/喜久丸
喜久丸,腰越港,2026/09/18,1,0,イトヨリ,イトヨリ,サブ,イトヨリ,NULL,0.0,3.0,1.5,0,23.0,48.0,,,NULL,神奈川県 鎌倉市 腰越漁港,NULL,NULL,1,NULL,NULL,26.1,26.1,NULL,北,7.1m/s,小潮,北東 0.4m/s,曇り,NULL,NULL,NULL,ウィリーアマダイ五目タイ・ハナダイ0.6~1㎏0~2枚イナダ38~45㎝0~2匹イトヨリ23~48㎝0~3枚サバ23~32㎝2~8匹ソーダ20~40㎝2~10匹アオハタカンパチEtc 海上は北風が強く棚トリが難しいなか皆さん頑張ってくれてターゲットのタイハナダイイナダイトヨリカンパチアオハタと顔を出してくれました他にソーダサバとお土産はキープ出来ました。,26.1℃,NULL,chowari/喜久丸
喜久丸,腰越港,2026/09/18,1,0,イナダ,イナダ,サブ,イナダ,NULL,0.0,2.0,1.0,0,38.0,45.0,,,NULL,神奈川県 鎌倉市 腰越漁港,NULL,NULL,1,NULL,NULL,26.1,26.1,NULL,北,7.1m/s,小潮,北東 0.4m/s,曇り,NULL,NULL,NULL,ウィリーアマダイ五目タイ・ハナダイ0.6~1㎏0~2枚イナダ38~45㎝0~2匹イトヨリ23~48㎝0~3枚サバ23~32㎝2~8匹ソーダ20~40㎝2~10匹アオハタカンパチEtc 海上は北風が強く棚トリが難しいなか皆さん頑張ってくれてターゲットのタイハナダイイナダイトヨリカンパチアオハタと顔を出してくれました他にソーダサバとお土産はキープ出来ました。,26.1℃,NULL,chowari/喜久丸
喜久丸,腰越港,2026/09/18,1,0,ゴマサバ,サバ,サブ,ゴマサバ,NULL,2.0,8.0,5.0,0,23.0,32.0,,,NULL,神奈川県 鎌倉市 腰越漁港,NULL,NULL,1,NULL,NULL,26.1,26.1,NULL,北,7.1m/s,小潮,北東 0.4m/s,曇り,NULL,NULL,NULL,ウィリーアマダイ五目タイ・ハナダイ0.6~1㎏0~2枚イナダ38~45㎝0~2匹イトヨリ23~48㎝0~3枚サバ23~32㎝2~8匹ソーダ20~40㎝2~10匹アオハタカンパチEtc 海上は北風が強く棚トリが難しいなか皆さん頑張ってくれてターゲットのタイハナダイイナダイトヨリカンパチアオハタと顔を出してくれました他にソーダサバとお土産はキープ出来ました。,26.1℃,NULL,chowari/喜久丸
喜久丸,腰越港,2026/09/18,1,0,ソーダ,NULL,サブ,ソーダ,NULL,2.0,10.0,6.0,0,20.0,40.0,,,NULL,神奈川県 鎌倉市 腰越漁港,NULL,NULL,1,NULL,NULL,26.1,26.1,NULL,北,7.1m/s,小潮,北東 0.4m/s,曇り,NULL,NULL,NULL,ウィリーアマダイ五目タイ・ハナダイ0.6~1㎏0~2枚イナダ38~45㎝0~2匹イトヨリ23~48㎝0~3枚サバ23~32㎝2~8匹ソーダ20~40㎝2~10匹アオハタカンパチEtc 海上は北風が強く棚トリが難しいなか皆さん頑張ってくれてターゲットのタイハナダイイナダイトヨリカンパチアオハタと顔を出してくれました他にソーダサバとお土産はキープ出来ました。,26.1℃,NULL,chowari/喜久丸
喜久丸,腰越港,2026/09/18,1,0,ハナダイ,ハナダイ,メイン,ハナダイ,NULL,0.0,2.0,1.0,0,,,0.6,1.0,NULL,神奈川県 鎌倉市 腰越漁港,NULL,NULL,1,NULL,NULL,26.1,26.1,NULL,北,7.1m/s,小潮,北東 0.4m/s,曇り,イトヨリ・イナダ・ゴマサバ・ソーダ・ソーダサバとお土産はキープ出来ました,NULL,NULL,ウィリーアマダイ五目タイ・ハナダイ0.6~1㎏0~2枚イナダ38~45㎝0~2匹イトヨリ23~48㎝0~3枚サバ23~32㎝2~8匹ソーダ20~40㎝2~10匹アオハタカンパチEtc 海上は北風が強く棚トリが難しいなか皆さん頑張ってくれてターゲットのタイハナダイイナダイトヨリカンパチアオハタと顔を出してくれました他にソーダサバとお土産はキープ出来ました。,26.1℃,NULL,chowari/喜久丸
嘉丸,宇佐美港,2026/09/02,1,0,タイ,マダイ,メイン,タイ,NULL,0.0,2.0,1.0,0,,,0.7,0.9,NULL,静岡県 伊東市 宇佐美港,NULL,NULL,1,NULL,NULL,27.7,27.7,NULL,東,1.2m/s,中潮,東南東 0.5m/s,晴れ後時々曇り,ワラサ,NULL,NULL,タイの食い渋くバラシも出たり釣果伸びず。,27.7℃,NULL,chowari/嘉丸
嘉丸,宇佐美港,2026/09/02,1,0,ワラサ,ワラサ,サブ,ワラサ,NULL,1.0,1.0,1.0,0,,,2.4,2.4,NULL,静岡県 伊東市 宇佐美港,NULL,NULL,1,NULL,NULL,27.7,27.7,NULL,東,1.2m/s,中潮,東南東 0.5m/s,晴れ後時々曇り,NULL,NULL,NULL,タイの食い渋くバラシも出たり釣果伸びず。,27.7℃,NULL,chowari/嘉丸
嘉丸,宇佐美港,2026/09/03,1,0,アオハタ,ハタ,サブ,アオハタ,NULL,1.0,1.0,1.0,0,,,1.6,1.6,NULL,静岡県 伊東市 宇佐美港,NULL,NULL,1,NULL,NULL,27.7,27.7,NULL,南西,2.4m/s,小潮,東南東 0.5m/s,曇り,NULL,NULL,NULL,ソーダが回り苦戦したがタイは当たり釣果に。,27.7℃,NULL,chowari/嘉丸
嘉丸,宇佐美港,2026/09/03,1,0,タイ,マダイ,メイン,タイ,NULL,0.0,2.0,1.0,0,,,0.8,2.0,NULL,静岡県 伊東市 宇佐美港,NULL,NULL,1,NULL,NULL,27.7,27.7,NULL,南西,2.4m/s,小潮,東南東 0.5m/s,曇り,アオハタ,NULL,NULL,ソーダが回り苦戦したがタイは当たり釣果に。,27.7℃,NULL,chowari/嘉丸
嘉丸,宇佐美港,2026/09/04,1,0,タイ,マダイ,メイン,タイ,NULL,0.0,2.0,1.0,0,,,0.6,2.5,NULL,静岡県 伊東市 宇佐美港,NULL,NULL,1,NULL,NULL,28.0,28.0,NULL,北,1.6m/s,小潮,南東 0.5m/s,曇りのち一時雨,,NULL,NULL,ソーダが回り苦戦したがタイはポツポツ当たり貸し竿のビギナーの方々も当たり１2打数８安打でバラシ3回はハリス切れでした。,28.0℃,NULL,chowari/嘉丸
嘉丸,宇佐美港,2026/09/12,1,0,アジ,アジ,サブ,アジ,NULL,0.0,1.0,0.5,0,30.0,39.0,,,NULL,静岡県 伊東市 宇佐美港,NULL,NULL,1,NULL,NULL,26.8,26.8,NULL,北東,3.5m/s,大潮,東南東 0.6m/s,曇り,NULL,NULL,NULL,タイの型は見たがソーダが多く邪魔をして苦戦。,26.8℃,NULL,chowari/嘉丸
嘉丸,宇佐美港,2026/09/12,1,0,イナダ,イナダ,サブ,イナダ,NULL,0.0,1.0,0.5,0,40.0,43.0,,,NULL,静岡県 伊東市 宇佐美港,NULL,NULL,1,NULL,NULL,26.8,26.8,NULL,北東,3.5m/s,大潮,東南東 0.6m/s,曇り,NULL,NULL,NULL,タイの型は見たがソーダが多く邪魔をして苦戦。,26.8℃,NULL,chowari/嘉丸
嘉丸,宇佐美港,2026/09/12,1,0,タイ,マダイ,メイン,タイ,NULL,0.0,1.0,0.5,0,,,1.2,2.2,NULL,静岡県 伊東市 宇佐美港,NULL,NULL,1,NULL,NULL,26.8,26.8,NULL,北東,3.5m/s,大潮,東南東 0.6m/s,曇り,アジ・イナダ,NULL,NULL,タイの型は見たがソーダが多く邪魔をして苦戦。,26.8℃,NULL,chowari/嘉丸
嘉丸,宇佐美港,2026/09/13,1,0,アカアマダイ,アカアマダイ,サブ,アカアマダイ,NULL,0.0,2.0,1.0,0,35.0,40.0,,,NULL,静岡県 伊東市 宇佐美港,NULL,NULL,1,NULL,NULL,26.1,26.1,NULL,北東,2.3m/s,中潮,東南東 0.6m/s,曇り,NULL,NULL,NULL,タイの型は見たがソーダが多く貸し竿の方が多くトラブル多発で途中五目に移動。,26.1℃,NULL,chowari/嘉丸
嘉丸,宇佐美港,2026/09/13,1,0,イトヨリ,イトヨリ,サブ,イトヨリ,NULL,0.0,4.0,2.0,0,20.0,30.0,,,NULL,静岡県 伊東市 宇佐美港,NULL,NULL,1,NULL,NULL,26.1,26.1,NULL,北東,2.3m/s,中潮,東南東 0.6m/s,曇り,NULL,NULL,NULL,タイの型は見たがソーダが多く貸し竿の方が多くトラブル多発で途中五目に移動。,26.1℃,NULL,chowari/嘉丸
嘉丸,宇佐美港,2026/09/13,1,0,タイ,マダイ,メイン,タイ,NULL,1.0,1.0,1.0,0,,,1.5,1.5,NULL,静岡県 伊東市 宇佐美港,NULL,NULL,1,NULL,NULL,26.1,26.1,NULL,北東,2.3m/s,中潮,東南東 0.6m/s,曇り,アカアマダイ・イトヨリ・ハナダイ・レンコダイ・ワラサ,NULL,NULL,タイの型は見たがソーダが多く貸し竿の方が多くトラブル多発で途中五目に移動。,26.1℃,NULL,chowari/嘉丸
嘉丸,宇佐美港,2026/09/13,1,0,ハナダイ,ハナダイ,サブ,ハナダイ,NULL,0.0,3.0,1.5,0,25.0,30.0,,,NULL,静岡県 伊東市 宇佐美港,NULL,NULL,1,NULL,NULL,26.1,26.1,NULL,北東,2.3m/s,中潮,東南東 0.6m/s,曇り,NULL,NULL,NULL,タイの型は見たがソーダが多く貸し竿の方が多くトラブル多発で途中五目に移動。,26.1℃,NULL,chowari/嘉丸
嘉丸,宇佐美港,2026/09/13,1,0,レンコダイ,NULL,サブ,レンコダイ,NULL,1.0,5.0,3.0,0,20.0,35.0,,,NULL,静岡県 伊東市 宇佐美港,NULL,NULL,1,NULL,NULL,26.1,26.1,NULL,北東,2.3m/s,中潮,東南東 0.6m/s,曇り,NULL,NULL,NULL,タイの型は見たがソーダが多く貸し竿の方が多くトラブル多発で途中五目に移動。,26.1℃,NULL,chowari/嘉丸
嘉丸,宇佐美港,2026/09/13,1,0,ワラサ,ワラサ,サブ,ワラサ,NULL,1.0,1.0,1.0,0,,,3.5,3.5,NULL,静岡県 伊東市 宇佐美港,NULL,NULL,1,NULL,NULL,26.1,26.1,NULL,北東,2.3m/s,中潮,東南東 0.6m/s,曇り,NULL,NULL,NULL,タイの型は見たがソーダが多く貸し竿の方が多くトラブル多発で途中五目に移動。,26.1℃,NULL,chowari/嘉丸
嘉丸,宇佐美港,2026/09/14,1,0,イトヨリ,イトヨリ,サブ,イトヨリ,NULL,5.0,6.0,5.5,0,20.0,25.0,,,NULL,静岡県 伊東市 宇佐美港,NULL,NULL,1,NULL,NULL,26.3,26.3,NULL,南西,3.4m/s,中潮,東南東 0.6m/s,晴れ後一時雨,NULL,NULL,NULL,貸し竿で出船、タイの型は見たがソーダが邪魔してトラブルが多く五目に。,26.3℃,NULL,chowari/嘉丸
嘉丸,宇佐美港,2026/09/14,1,0,タイ,マダイ,メイン,タイ,NULL,0.0,1.0,0.5,0,,,0.9,1.6,NULL,静岡県 伊東市 宇佐美港,NULL,NULL,1,NULL,NULL,26.3,26.3,NULL,南西,3.4m/s,中潮,東南東 0.6m/s,晴れ後一時雨,イトヨリ・レンコダイ,NULL,NULL,貸し竿で出船、タイの型は見たがソーダが邪魔してトラブルが多く五目に。,26.3℃,NULL,chowari/嘉丸
嘉丸,宇佐美港,2026/09/14,1,0,レンコダイ,NULL,サブ,レンコダイ,NULL,2.0,5.0,3.5,0,20.0,28.0,,,NULL,静岡県 伊東市 宇佐美港,NULL,NULL,1,NULL,NULL,26.3,26.3,NULL,南西,3.4m/s,中潮,東南東 0.6m/s,晴れ後一時雨,NULL,NULL,NULL,貸し竿で出船、タイの型は見たがソーダが邪魔してトラブルが多く五目に。,26.3℃,NULL,chowari/嘉丸
増福丸,御前崎港,2026/09/02,1,0,スルメイカ,スルメイカ,メイン,スルメイカ,NULL,25.0,70.0,47.5,0,23.0,30.0,,,NULL,静岡県 御前崎市 御前崎港,NULL,NULL,1,NULL,NULL,27.7,27.7,NULL,東,1.6m/s,中潮,南東 0.7m/s,晴れ後時々曇り,,NULL,NULL,スルメイカで出船、ボツボツ釣れてます。,27.7℃,NULL,chowari/増福丸
増福丸,御前崎港,2026/09/04,1,0,スルメイカ,スルメイカ,メイン,スルメイカ,NULL,45.0,88.0,66.5,0,23.0,30.0,,,NULL,静岡県 御前崎市 御前崎港,NULL,NULL,1,NULL,NULL,27.9,27.9,NULL,北西,2.5m/s,小潮,南 0.9m/s,曇りのち一時雨,,NULL,NULL,スルメイカで出船スルメイカまだまだ釣れてます。,27.9℃,NULL,chowari/増福丸
増福丸,御前崎港,2026/09/12,1,0,オニカサゴ,オニカサゴ,サブ,オニカサゴ,NULL,,,,0,,,,,NULL,静岡県 御前崎市 御前崎港,NULL,NULL,1,NULL,NULL,26.5,26.5,NULL,東北東,3.9m/s,大潮,南南東 1.0m/s,曇り,NULL,NULL,NULL,スルメイカ鬼カサゴのリレー釣り。,26.5℃,NULL,chowari/増福丸
増福丸,御前崎港,2026/09/12,1,0,スルメイカ,スルメイカ,メイン,スルメイカ,NULL,,,,0,,,,,NULL,静岡県 御前崎市 御前崎港,NULL,NULL,1,NULL,NULL,26.5,26.5,NULL,東北東,3.9m/s,大潮,南南東 1.0m/s,曇り,オニカサゴ,NULL,NULL,スルメイカ鬼カサゴのリレー釣り。,26.5℃,NULL,chowari/増福丸
増福丸,御前崎港,2026/09/13,1,0,オニカサゴ,オニカサゴ,サブ,オニカサゴ,NULL,1.0,3.0,2.0,0,25.0,43.0,,,NULL,静岡県 御前崎市 御前崎港,NULL,NULL,1,NULL,NULL,25.8,25.8,NULL,東,2.5m/s,中潮,東南東 0.7m/s,曇り,NULL,NULL,NULL,イカと鬼カサゴのリレー釣り。ヤリイカ釣れだしました。,25.8℃,NULL,chowari/増福丸
増福丸,御前崎港,2026/09/13,1,0,カンコ,カンコ,サブ,カンコ,NULL,,,,0,,,,,NULL,静岡県 御前崎市 御前崎港,NULL,NULL,1,NULL,NULL,25.8,25.8,NULL,東,2.5m/s,中潮,東南東 0.7m/s,曇り,NULL,NULL,NULL,イカと鬼カサゴのリレー釣り。ヤリイカ釣れだしました。,25.8℃,NULL,chowari/増福丸
増福丸,御前崎港,2026/09/13,1,0,サバ,サバ,サブ,サバ,NULL,,,,0,,,,,NULL,静岡県 御前崎市 御前崎港,NULL,NULL,1,NULL,NULL,25.8,25.8,NULL,東,2.5m/s,中潮,東南東 0.7m/s,曇り,NULL,NULL,NULL,イカと鬼カサゴのリレー釣り。ヤリイカ釣れだしました。,25.8℃,NULL,chowari/増福丸
増福丸,御前崎港,2026/09/13,1,0,スルメイカ,スルメイカ,サブ,スルメイカ,NULL,2.0,8.0,5.0,0,23.0,30.0,,,NULL,静岡県 御前崎市 御前崎港,NULL,NULL,1,NULL,NULL,25.8,25.8,NULL,東,2.5m/s,中潮,東南東 0.7m/s,曇り,NULL,NULL,NULL,イカと鬼カサゴのリレー釣り。ヤリイカ釣れだしました。,25.8℃,NULL,chowari/増福丸
増福丸,御前崎港,2026/09/13,1,0,ヤリイカ,ヤリイカ,メイン,ヤリイカ,NULL,2.0,7.0,4.5,0,20.0,23.0,,,NULL,静岡県 御前崎市 御前崎港,NULL,NULL,1,NULL,NULL,25.8,25.8,NULL,東,2.5m/s,中潮,東南東 0.7m/s,曇り,オニカサゴ・カンコ・サバ・スルメイカ,NULL,NULL,イカと鬼カサゴのリレー釣り。ヤリイカ釣れだしました。,25.8℃,NULL,chowari/増福丸
増福丸,御前崎港,2026/09/14,1,0,ウメイロ,ウメイロ,サブ,ウメイロ,NULL,,,,0,,,,,NULL,静岡県 御前崎市 御前崎港,NULL,NULL,1,NULL,NULL,25.9,25.9,NULL,東南東,0.8m/s,中潮,東南東 0.7m/s,晴れ後一時雨,NULL,NULL,NULL,スルメイカと金洲五目のリレー釣り。色々釣れてます。,25.9℃,NULL,chowari/増福丸
増福丸,御前崎港,2026/09/14,1,0,カワハギ,カワハギ,サブ,カワハギ,NULL,,,,0,,,,,NULL,静岡県 御前崎市 御前崎港,NULL,NULL,1,NULL,NULL,25.9,25.9,NULL,東南東,0.8m/s,中潮,東南東 0.7m/s,晴れ後一時雨,NULL,NULL,NULL,スルメイカと金洲五目のリレー釣り。色々釣れてます。,25.9℃,NULL,chowari/増福丸
増福丸,御前崎港,2026/09/14,1,0,キビレ,NULL,サブ,キビレ,NULL,,,,0,,,,,NULL,静岡県 御前崎市 御前崎港,NULL,NULL,1,NULL,NULL,25.9,25.9,NULL,東南東,0.8m/s,中潮,東南東 0.7m/s,晴れ後一時雨,NULL,NULL,NULL,スルメイカと金洲五目のリレー釣り。色々釣れてます。,25.9℃,NULL,chowari/増福丸
増福丸,御前崎港,2026/09/14,1,0,サバ,サバ,サブ,サバ,NULL,,,,0,,,,,NULL,静岡県 御前崎市 御前崎港,NULL,NULL,1,NULL,NULL,25.9,25.9,NULL,東南東,0.8m/s,中潮,東南東 0.7m/s,晴れ後一時雨,NULL,NULL,NULL,スルメイカと金洲五目のリレー釣り。色々釣れてます。,25.9℃,NULL,chowari/増福丸
増福丸,御前崎港,2026/09/14,1,0,スルメイカ,スルメイカ,メイン,スルメイカ,NULL,7.0,20.0,13.5,0,23.0,30.0,,,NULL,静岡県 御前崎市 御前崎港,NULL,NULL,1,NULL,NULL,25.9,25.9,NULL,東南東,0.8m/s,中潮,東南東 0.7m/s,晴れ後一時雨,ウメイロ・カワハギ・キビレ・サバ・ヒメダイ・ムロアジ,NULL,NULL,スルメイカと金洲五目のリレー釣り。色々釣れてます。,25.9℃,NULL,chowari/増福丸
増福丸,御前崎港,2026/09/14,1,0,ヒメダイ,メダイ,サブ,ヒメダイ,NULL,17.0,32.0,24.5,0,23.0,40.0,,,NULL,静岡県 御前崎市 御前崎港,NULL,NULL,1,NULL,NULL,25.9,25.9,NULL,東南東,0.8m/s,中潮,東南東 0.7m/s,晴れ後一時雨,NULL,NULL,NULL,スルメイカと金洲五目のリレー釣り。色々釣れてます。,25.9℃,NULL,chowari/増福丸
増福丸,御前崎港,2026/09/14,1,0,ムロアジ,アジ,サブ,ムロアジ,NULL,,,,0,,,,,NULL,静岡県 御前崎市 御前崎港,NULL,NULL,1,NULL,NULL,25.9,25.9,NULL,東南東,0.8m/s,中潮,東南東 0.7m/s,晴れ後一時雨,NULL,NULL,NULL,スルメイカと金洲五目のリレー釣り。色々釣れてます。,25.9℃,NULL,chowari/増福丸
増福丸,御前崎港,2026/09/16,1,0,サバ,サバ,サブ,サバ,NULL,,,,0,,,,,NULL,静岡県 御前崎市 御前崎港,NULL,NULL,1,NULL,NULL,25.7,25.7,NULL,東,1.8m/s,中潮,南東 0.8m/s,雨,NULL,NULL,NULL,スルメイカ金洲五目のリレー釣り。色々釣れてます。,25.7℃,NULL,chowari/増福丸
増福丸,御前崎港,2026/09/16,1,0,スルメイカ,スルメイカ,メイン,スルメイカ,NULL,17.0,25.0,21.0,0,23.0,30.0,,,NULL,静岡県 御前崎市 御前崎港,NULL,NULL,1,NULL,NULL,25.7,25.7,NULL,東,1.8m/s,中潮,南東 0.8m/s,雨,サバ・ヒメダイ・マダイ・ムロアジ,NULL,NULL,スルメイカ金洲五目のリレー釣り。色々釣れてます。,25.7℃,NULL,chowari/増福丸
増福丸,御前崎港,2026/09/16,1,0,ヒメダイ,メダイ,サブ,ヒメダイ,NULL,14.0,18.0,16.0,0,23.0,43.0,,,NULL,静岡県 御前崎市 御前崎港,NULL,NULL,1,NULL,NULL,25.7,25.7,NULL,東,1.8m/s,中潮,南東 0.8m/s,雨,NULL,NULL,NULL,スルメイカ金洲五目のリレー釣り。色々釣れてます。,25.7℃,NULL,chowari/増福丸
増福丸,御前崎港,2026/09/16,1,0,マダイ,マダイ,サブ,マダイ,NULL,2.0,2.0,2.0,0,50.0,55.0,,,NULL,静岡県 御前崎市 御前崎港,NULL,NULL,1,NULL,NULL,25.7,25.7,NULL,東,1.8m/s,中潮,南東 0.8m/s,雨,NULL,NULL,NULL,スルメイカ金洲五目のリレー釣り。色々釣れてます。,25.7℃,NULL,chowari/増福丸
増福丸,御前崎港,2026/09/16,1,0,ムロアジ,アジ,サブ,ムロアジ,NULL,,,,0,,,,,NULL,静岡県 御前崎市 御前崎港,NULL,NULL,1,NULL,NULL,25.7,25.7,NULL,東,1.8m/s,中潮,南東 0.8m/s,雨,NULL,NULL,NULL,スルメイカ金洲五目のリレー釣り。色々釣れてます。,25.7℃,NULL,chowari/増福丸
大松丸,松輪江奈港,2026/09/01,1,0,ワラサ,ワラサ,メイン,ワラサ,NULL,0.0,4.0,2.0,0,,,3.0,4.0,NULL,神奈川県 三浦市 松輪江奈漁港,NULL,NULL,1,NULL,NULL,27.0,27.0,NULL,北北東,4.8m/s,中潮,南 0.4m/s,晴れ後時々曇り,,NULL,NULL,開始早々からワラサの顔を見れ、朝から好スタート！その後もアタリの良い時間帯に同時ヒット、連続ヒットと盛り上がりました！トップ４本とほとんどの方がワラサGETでき連日好調でした！ 青物の雰囲気ありこれから期待大です！！ オモリは８０号 ワラサ用ハリス ５～８号６m前後 幅広くご用意下さい。,27.0℃,NULL,chowari/大松丸
大松丸,松輪江奈港,2026/09/02,1,0,マアジ,アジ,メイン,マアジ,NULL,20.0,50.0,35.0,0,25.0,45.0,,,NULL,神奈川県 三浦市 松輪江奈漁港,NULL,NULL,1,NULL,NULL,27.5,27.5,NULL,東南東,0.3m/s,中潮,南 0.4m/s,曇り時々晴れ,,NULL,NULL,１日を通してポツポツと釣れました！ジャンボアジ交じり、皆様クーラーいっぱい好調でした。明日もガラガラに空いてますので飛び乗りでもOKです。お待ちしてます！ オモリ１３０号 赤タンは船にあります。,27.5℃,NULL,chowari/大松丸
大松丸,松輪江奈港,2026/09/02,1,0,ワラサ,ワラサ,メイン,ワラサ,NULL,0.0,6.0,3.0,0,,,3.0,4.0,NULL,神奈川県 三浦市 松輪江奈漁港,NULL,NULL,1,NULL,NULL,27.5,27.5,NULL,東南東,0.3m/s,中潮,南 0.4m/s,曇り時々晴れ,,NULL,NULL,軽く２隻に分け出船しました。朝からアタリ活発！その後もアタリの良い時間帯に同時ヒット、連続ヒットと盛り上がりました！トップ６本とほとんどの方がワラサGETでき連日好調でした！ 青物の雰囲気ありこれから期待大です！！ ２～３隻体制です。空いてますので、飛び乗りOKです。お待ちしてます。 オモリは８０号 ワラサ用ハリス ５～８号６m前後 幅広くご用意下さい。 ※コマセは船の中で割らないようお願いします。（岸壁で割るようお願いします。） ※出船時間の１５分前に船を離しますので早めに乗船して下さい。,27.5℃,NULL,chowari/大松丸
大松丸,松輪江奈港,2026/09/02,2,0,マアジ,アジ,メイン,マアジ,NULL,20.0,50.0,35.0,0,25.0,45.0,,,NULL,神奈川県 三浦市 松輪江奈漁港,NULL,NULL,1,NULL,NULL,27.5,27.5,NULL,東南東,0.3m/s,中潮,南 0.4m/s,曇り時々晴れ,,NULL,NULL,１日を通してポツポツと釣れました！ジャンボアジ交じり、皆様クーラーいっぱい好調でした。明日もガラガラに空いてますので飛び乗りでもOKです。お待ちしてます！ オモリ１３０号 赤タンは船にあります。,27.5℃,NULL,chowari/大松丸
大松丸,松輪江奈港,2026/09/03,1,0,ワラサ,ワラサ,メイン,ワラサ,NULL,0.0,4.0,2.0,0,,,3.0,4.0,NULL,神奈川県 三浦市 松輪江奈漁港,NULL,NULL,1,NULL,NULL,27.6,27.6,NULL,南南西,4.4m/s,小潮,南 0.5m/s,曇りのち一時雨,,NULL,NULL,朝からアタリ活発！その後もアタリの良い時間帯に同時ヒット、連続ヒットと盛り上がりました！トップ４本とほとんどの方がワラサGETでき連日好調でした！ 青物の雰囲気ありこれから期待大です！！ ２～３隻体制です。空いてますので、飛び乗りOKです。お待ちしてます。 オモリは８０号 ワラサ用ハリス ５～８号６m前後 幅広くご用意下さい。 ※コマセは船の中で割らないようお願いします。（岸壁で割るようお願いします。） ※出船時間の１５分前に船を離しますので早めに乗船して下さい。,27.6℃,NULL,chowari/大松丸
大松丸,松輪江奈港,2026/09/04,1,0,マアジ,アジ,メイン,マアジ,NULL,45.0,70.0,57.5,0,25.0,45.0,,,NULL,神奈川県 三浦市 松輪江奈漁港,NULL,NULL,1,NULL,NULL,27.8,27.8,NULL,北北東,3.7m/s,小潮,南 0.7m/s,曇りのち一時雨,,NULL,NULL,１日を通してポツポツと釣れました！ジャンボアジ交じり、皆様クーラーいっぱい絶好調でした！ オモリ１３０号 赤タンは船にあります。,27.8℃,NULL,chowari/大松丸
大松丸,松輪江奈港,2026/09/04,1,0,ワラサ,ワラサ,メイン,ワラサ,NULL,0.0,4.0,2.0,0,,,3.0,4.0,NULL,神奈川県 三浦市 松輪江奈漁港,NULL,NULL,1,NULL,NULL,27.8,27.8,NULL,北北東,3.7m/s,小潮,南 0.7m/s,曇りのち一時雨,,NULL,NULL,軽く２隻で出船しました。朝からアタリ活発！その後もアタリの良い時間帯に同時ヒット、連続ヒットと盛り上がりました！トップ４本とほとんどの方がワラサGETでき連日好調でした！ 明日は大型船２隻で出船します。空いてますので飛び乗りでもＯＫです。御予約もお待ちしてます。 オモリは８０号 ワラサ用ハリス ５～８号６m前後 幅広くご用意下さい。 ※コマセは船の中で割らないようお願いします。（岸壁で割るようお願いします。） ※出船時間の１５分前に船を離しますので早めに乗船して下さい。,27.8℃,NULL,chowari/大松丸
大松丸,松輪江奈港,2026/09/04,2,0,ワラサ,ワラサ,メイン,ワラサ,NULL,0.0,4.0,2.0,0,,,3.0,4.0,NULL,神奈川県 三浦市 松輪江奈漁港,NULL,NULL,1,NULL,NULL,27.8,27.8,NULL,北北東,3.7m/s,小潮,南 0.7m/s,曇りのち一時雨,,NULL,NULL,軽く２隻で出船しました。朝からアタリ活発！その後もアタリの良い時間帯に同時ヒット、連続ヒットと盛り上がりました！トップ４本とほとんどの方がワラサGETでき連日好調でした！ 明日は大型船２隻で出船します。空いてますので飛び乗りでもＯＫです。御予約もお待ちしてます。 オモリは８０号 ワラサ用ハリス ５～８号６m前後 幅広くご用意下さい。 ※コマセは船の中で割らないようお願いします。（岸壁で割るようお願いします。） ※出船時間の１５分前に船を離しますので早めに乗船して下さい。,27.8℃,NULL,chowari/大松丸
大松丸,松輪江奈港,2026/09/05,1,0,ワラサ,ワラサ,メイン,ワラサ,NULL,0.0,6.0,3.0,0,,,3.0,4.0,NULL,神奈川県 三浦市 松輪江奈漁港,NULL,NULL,1,NULL,NULL,27.5,27.5,NULL,北東,5.4m/s,小潮,南南西 0.8m/s,曇り,,NULL,NULL,軽く２隻で出船しました。朝から同時ヒット、連続ヒットとアタリ活発！その後もポツポツと釣れトップ６本とほとんどの方がワラサGETでき連日好調でした！ ２～３隻体制です。空いてますので、飛び乗りOKです。お待ちしてます。 オモリは８０号 ワラサ用ハリス ５～８号６m前後 幅広くご用意下さい。 ※コマセは船の中で割らないようお願いします。（岸壁で割るようお願いします。） ※出船時間の１５分前に船を離しますので早めに乗船して下さい。,27.5℃,NULL,chowari/大松丸
大松丸,松輪江奈港,2026/09/06,1,0,ワラサ,ワラサ,メイン,ワラサ,NULL,2.0,12.0,7.0,0,,,3.0,4.0,NULL,神奈川県 三浦市 松輪江奈漁港,NULL,NULL,1,NULL,NULL,27.4,27.4,NULL,北北東,9.7m/s,長潮,南東 0.8m/s,雨,,NULL,NULL,ワラサフィーバー！朝から同時ヒット、連続ヒットとアタリ活発！皆様クーラーいっぱい１０時に早上がりしました。連日絶好調！ ２～３隻体制です。空いてますので、飛び乗りOKです。お待ちしてます。 オモリは８０号 ワラサ用ハリス ５～８号６m前後 幅広くご用意下さい。 ※コマセは船の中で割らないようお願いします。（岸壁で割るようお願いします。） ※出船時間の１５分前に船を離しますので早めに乗船して下さい。,27.4℃,NULL,chowari/大松丸
大松丸,松輪江奈港,2026/09/08,1,0,マアジ,アジ,メイン,マアジ,NULL,12.0,40.0,26.0,0,25.0,45.0,,,NULL,神奈川県 三浦市 松輪江奈漁港,NULL,NULL,1,NULL,NULL,27.4,27.4,NULL,南西,2.9m/s,中潮,南 1.6m/s,曇り一時雨,,NULL,NULL,１日を通してポツポツと釣れました！ジャンボアジ交じり、皆様お土産GETでした！ オモリ１３０号 赤タンは船にあります。,27.4℃,NULL,chowari/大松丸
大松丸,松輪江奈港,2026/09/08,1,0,ワラサ,ワラサ,メイン,ワラサ,NULL,0.0,10.0,5.0,0,,,3.0,4.0,NULL,神奈川県 三浦市 松輪江奈漁港,NULL,NULL,1,NULL,NULL,27.4,27.4,NULL,南西,2.9m/s,中潮,南 1.6m/s,曇り一時雨,,NULL,NULL,ワラサ、朝から同時ヒット、連続ヒットとアタリ活発！トップ１０本と好調でした。連日絶好調！ ２～３隻体制です。空いてますので、飛び乗りOKです。お待ちしてます。 オモリは８０号 ワラサ用ハリス ５～８号６m前後 幅広くご用意下さい。,27.4℃,NULL,chowari/大松丸
大松丸,松輪江奈港,2026/09/08,2,0,マアジ,アジ,メイン,マアジ,NULL,12.0,40.0,26.0,0,25.0,45.0,,,NULL,神奈川県 三浦市 松輪江奈漁港,NULL,NULL,1,NULL,NULL,27.4,27.4,NULL,南西,2.9m/s,中潮,南 1.6m/s,曇り一時雨,,NULL,NULL,１日を通してポツポツと釣れました！ジャンボアジ交じり、皆様お土産GETでした！ オモリ１３０号 赤タンは船にあります。,27.4℃,NULL,chowari/大松丸
大松丸,松輪江奈港,2026/09/10,1,0,ワラサ,ワラサ,メイン,ワラサ,NULL,0.0,11.0,5.5,0,,,3.0,4.0,NULL,神奈川県 三浦市 松輪江奈漁港,NULL,NULL,1,NULL,NULL,27.1,27.1,NULL,北北東,8.3m/s,大潮,南 1.1m/s,曇り一時雨,,NULL,NULL,３隻で出船しました。シケ明けもワラサフィーバー！アタリの良い時間帯に同時ヒット、連続ヒットと盛り上がりました！トップ１１本と１隻はボウズなくほとんどの方がGETでき絶好調でした！連日絶好調！ ２～３隻体制です。空いてますので、飛び乗りOKです。お待ちしてます。 オモリは８０号 ワラサ用ハリス ５～８号６m前後 幅広くご用意下さい。 ※コマセは船の中で割らないようお願いします。（岸壁で割るようお願いします。） ※出船時間の１５分前に船を離しますので早めに乗船して下さい。,27.1℃,NULL,chowari/大松丸
大松丸,松輪江奈港,2026/09/11,1,0,ワラサ,ワラサ,メイン,ワラサ,NULL,0.0,5.0,2.5,0,,,3.0,4.0,NULL,神奈川県 三浦市 松輪江奈漁港,NULL,NULL,1,NULL,NULL,27.0,27.0,NULL,北北東,4.9m/s,大潮,南 0.5m/s,雨,,NULL,NULL,２隻で出船しました。朝からアタリ活発！同時ヒット、連続ヒットと盛り上がりました！その後も流し変える度にポツポツと釣れトップ５本とほとんどの方がGETでき連日好調でした！ ２～３隻体制です。空いてますので、飛び乗りOKです。お待ちしてます。 オモリは８０号 ワラサ用ハリス ５～８号６m前後 幅広くご用意下さい。 ※コマセは船の中で割らないようお願いします。（岸壁で割るようお願いします。） ※出船時間の１５分前に船を離しますので早めに乗船して下さい。,27.0℃,NULL,chowari/大松丸
大松丸,松輪江奈港,2026/09/12,1,0,ワラサ,ワラサ,メイン,ワラサ,NULL,0.0,4.0,2.0,0,,,3.0,4.0,NULL,神奈川県 三浦市 松輪江奈漁港,NULL,NULL,1,NULL,NULL,25.8,25.8,NULL,北北東,6.7m/s,大潮,南 0.7m/s,曇り一時雨,,NULL,NULL,２隻で出船しました。朝一アタリ活発！同時ヒット、連続ヒットと盛り上がりました！その後は食いが落ち着いた時間帯になりましたが、最後にもうひと盛り上がりがありポツポツと追加GETできました！トップ４本と連日順調！明日も期待！明日は３隻で出船します。飛び乗りでもOKです。お待ちしてます。 ２～３隻体制です。空いてますので、飛び乗りOKです。お待ちしてます。 オモリは８０号 ワラサ用ハリス ５～８号６m前後 幅広くご用意下さい。 ※コマセは船の中で割らないようお願いします。（岸壁で割るようお願いします。） ※出船時間の１５分前に船を離しますので早めに乗船して下さい。,25.8℃,NULL,chowari/大松丸
大松丸,松輪江奈港,2026/09/13,1,0,ワラサ,ワラサ,メイン,ワラサ,NULL,0.0,4.0,2.0,0,,,3.0,4.0,NULL,神奈川県 三浦市 松輪江奈漁港,NULL,NULL,1,NULL,NULL,25.3,25.3,NULL,北,5.5m/s,中潮・潮変わり,南南東 0.5m/s,曇りのち時々晴れ,,NULL,NULL,３隻で出船しました。朝一から顔見た程度でしたが、その後潮変わりのタイミングで同時ヒット、連続ヒットなどあり後半はポツポツと流し変える度にアタリました！トップ４本と連日順調！明日も期待！飛び乗りでもOKです。お待ちしてます。 ２～３隻体制です。空いてますので、飛び乗りOKです。お待ちしてます。 オモリは８０号 ワラサ用ハリス ５～８号６m前後 幅広くご用意下さい。,25.3℃,NULL,chowari/大松丸
大松丸,松輪江奈港,2026/09/14,1,0,ワラサ,ワラサ,メイン,ワラサ,NULL,0.0,12.0,6.0,0,,,3.0,4.0,NULL,神奈川県 三浦市 松輪江奈漁港,NULL,NULL,1,NULL,NULL,25.8,25.8,NULL,南南西,5.9m/s,中潮,南 0.6m/s,晴れ後時々曇り,,NULL,NULL,ワラサフィーバー！開始１投目からヒット！その後もアタリ良く４、５人同時ヒット等あり盛り上がりました！その後も終始アタリがあり喰いの良い１日でした！バラシも多数！クーラーいっぱい連日好調でした！ ２～３隻体制です。空いてますので、飛び乗りOKです。お待ちしてます。 オモリは８０号 ワラサ用ハリス ５～８号６m前後 幅広くご用意下さい。 ※コマセは船の中で割らないようお願いします。（岸壁で割るようお願いします。） ※出船時間の１５分前に船を離しますので早めに乗船して下さい。,25.8℃,NULL,chowari/大松丸
大松丸,松輪江奈港,2026/09/15,1,0,ワラサ,ワラサ,メイン,ワラサ,NULL,0.0,7.0,3.5,0,,,3.0,4.0,NULL,神奈川県 三浦市 松輪江奈漁港,NULL,NULL,1,NULL,NULL,25.8,25.8,NULL,南南西,5.8m/s,中潮,南 0.8m/s,雨時々止む,,NULL,NULL,連日ワラサフィーバー！開始早々から同時ヒット！連続ヒットと盛り上がりました！その後も終始アタリの良い１日でした！バラシも多数！クーラーいっぱい連日好調でした！ ２～３隻体制です。空いてますので、飛び乗りOKです。お待ちしてます。 オモリは８０号 ワラサ用ハリス ５～８号６m前後 幅広くご用意下さい。 ※コマセは船の中で割らないようお願いします。（岸壁で割るようお願いします。） ※出船時間の１５分前に船を離しますので早めに乗船して下さい。,25.8℃,NULL,chowari/大松丸
大松丸,松輪江奈港,2026/09/16,1,0,ワラサ,ワラサ,メイン,ワラサ,NULL,0.0,5.0,2.5,0,,,3.0,4.0,NULL,神奈川県 三浦市 松輪江奈漁港,NULL,NULL,1,NULL,NULL,25.8,25.8,NULL,北北東,3.1m/s,中潮,南南東 0.6m/s,雨,,NULL,NULL,２隻でゆったり出船しました。連日ワラサ好調！開始早々からヒットありました！その後はポツポツとアタリ、トップ５本と好調でした！バラシも多数！ ２～３隻体制です。空いてますので、飛び乗りOKです。お待ちしてます。,25.8℃,NULL,chowari/大松丸
大松丸,松輪江奈港,2026/09/17,1,0,ワラサ,ワラサ,メイン,ワラサ,NULL,1.0,9.0,5.0,0,,,3.0,4.0,NULL,神奈川県 三浦市 松輪江奈漁港,NULL,NULL,1,NULL,NULL,25.7,25.7,NULL,北北東,10.1m/s,小潮,東北東 0.7m/s,曇り,,NULL,NULL,軽く２隻で出船しました。ワラサフィーバー！連日好調！開始早々から同時ヒット等あり盛り上がりました！その後も終始ポツポツとアタリがあり、バラシも多数！クーラーいっぱい好調でした！ ２～３隻体制です。空いてますので、飛び乗りOKです。お待ちしてます。 オモリは８０号 ワラサ用ハリス ５～８号６m前後 幅広くご用意下さい。 ※コマセは船の中で割らないようお願いします。（岸壁で割るようお願いします。） ※出船時間の１５分前に船を離しますので早めに乗船して下さい。,25.7℃,NULL,chowari/大松丸
大松丸,松輪江奈港,2026/09/18,1,0,ワラサ,ワラサ,メイン,ワラサ,NULL,0.0,5.0,2.5,0,,,3.0,4.0,NULL,神奈川県 三浦市 松輪江奈漁港,NULL,NULL,1,NULL,NULL,25.9,25.9,NULL,北,11.6m/s,小潮,北北東 0.8m/s,曇り,,NULL,NULL,２隻で出船しました。朝からワラサフィーバー！開始早々から同時ヒット、連続ヒットと盛り上がりました！その後もポツポツと釣れました！バラシも多数！連日好調でした！ ２～３隻体制です。空いてますので、飛び乗りOKです。お待ちしてます。 オモリは８０号 ワラサ用ハリス ５～８号６m前後 幅広くご用意下さい。 ※コマセは船の中で割らないようお願いします。（岸壁で割るようお願いします。） ※出船時間の１５分前に船を離しますので早めに乗船して下さい。,25.9℃,NULL,chowari/大松丸
大松丸,松輪江奈港,2026/09/19,1,0,ワラサ,ワラサ,メイン,ワラサ,NULL,0.0,5.0,2.5,0,,,3.0,4.0,NULL,神奈川県 三浦市 松輪江奈漁港,NULL,NULL,1,NULL,NULL,25.8,25.8,NULL,北北東,9.6m/s,小潮,南東 1.0m/s,曇り一時雨,,NULL,NULL,２隻で出船しました。朝一フィーバータイムあり、同時ヒット！連続ヒット！と盛り上がりました！バラシも多数！トップ５本と連日好調でした！ ２～３隻体制です。空いてますので、飛び乗りOKです。お待ちしてます。 オモリは８０号 ワラサ用ハリス ５～８号６m前後 幅広くご用意下さい。 ※コマセは船の中で割らないようお願いします。（岸壁で割るようお願いします。） ※出船時間の１５分前に船を離しますので早めに乗船して下さい。,25.8℃,NULL,chowari/大松丸
天陽丸,焼津港,2026/09/02,1,0,アカムツ,アカムツ,サブ,アカムツ,NULL,,,,0,,,,,NULL,静岡県 焼津市 焼津港,NULL,NULL,1,NULL,NULL,27.7,27.7,NULL,東,1.2m/s,中潮,南南東 0.5m/s,晴れ後時々曇り,NULL,NULL,NULL,初心者向け太刀リレー〜の五目。 お疲れ様です。 明け方、太刀テンヤからの餌五目狙い^_^,27.7℃,NULL,chowari/天陽丸
天陽丸,焼津港,2026/09/02,1,0,ウッカリカサゴ,カサゴ,サブ,ウッカリカサゴ,NULL,,,,0,,,,,NULL,静岡県 焼津市 焼津港,NULL,NULL,1,NULL,NULL,27.7,27.7,NULL,東,1.2m/s,中潮,南南東 0.5m/s,晴れ後時々曇り,NULL,NULL,NULL,初心者向け太刀リレー〜の五目。 お疲れ様です。 明け方、太刀テンヤからの餌五目狙い^_^,27.7℃,NULL,chowari/天陽丸
天陽丸,焼津港,2026/09/02,1,0,タチウオ,タチウオ,メイン,タチウオ,NULL,,,,0,,,,,NULL,静岡県 焼津市 焼津港,NULL,NULL,1,NULL,NULL,27.7,27.7,NULL,東,1.2m/s,中潮,南南東 0.5m/s,晴れ後時々曇り,アカムツ・ウッカリカサゴ,NULL,NULL,初心者向け太刀リレー〜の五目。 お疲れ様です。 明け方、太刀テンヤからの餌五目狙い^_^,27.7℃,NULL,chowari/天陽丸
天陽丸,焼津港,2026/09/13,1,0,アカムツ,アカムツ,メイン,アカムツ,NULL,7.0,7.0,7.0,0,,,,,NULL,静岡県 焼津市 焼津港,NULL,NULL,1,NULL,NULL,25.8,25.8,NULL,東北東,1.4m/s,中潮,南東 0.4m/s,曇り,シロムツ・ドンコ・ユメカサゴ,NULL,NULL,あちこちで秋の長雨。 ここ焼津も朝方はしっかり雨が降り、最初はテンション高まらず＆アタリも渋いスタートでした。 ですが！夜明けとともに雨風が弱まり、時合い到来！ 中深海五目でアカムツ、白ムツ、カサゴが顔を出してくれました！型が見れて一安心です。 あつ〜い夏が終わり、寒〜い冬が来る前の絶好のチャンス。 皆様のご乗船、参戦をお待ちしております！ 季節の変わり目ですので、船長も体調に気をつけて出航なさってくださいね！応援しております！,25.8℃,NULL,chowari/天陽丸
天陽丸,焼津港,2026/09/13,1,0,シロムツ,クロムツ,サブ,シロムツ,NULL,,,,0,,,,,NULL,静岡県 焼津市 焼津港,NULL,NULL,1,NULL,NULL,25.8,25.8,NULL,東北東,1.4m/s,中潮,南東 0.4m/s,曇り,NULL,NULL,NULL,あちこちで秋の長雨。 ここ焼津も朝方はしっかり雨が降り、最初はテンション高まらず＆アタリも渋いスタートでした。 ですが！夜明けとともに雨風が弱まり、時合い到来！ 中深海五目でアカムツ、白ムツ、カサゴが顔を出してくれました！型が見れて一安心です。 あつ〜い夏が終わり、寒〜い冬が来る前の絶好のチャンス。 皆様のご乗船、参戦をお待ちしております！ 季節の変わり目ですので、船長も体調に気をつけて出航なさってくださいね！応援しております！,25.8℃,NULL,chowari/天陽丸
天陽丸,焼津港,2026/09/13,1,0,ドンコ,NULL,サブ,ドンコ,NULL,,,,0,,,,,NULL,静岡県 焼津市 焼津港,NULL,NULL,1,NULL,NULL,25.8,25.8,NULL,東北東,1.4m/s,中潮,南東 0.4m/s,曇り,NULL,NULL,NULL,あちこちで秋の長雨。 ここ焼津も朝方はしっかり雨が降り、最初はテンション高まらず＆アタリも渋いスタートでした。 ですが！夜明けとともに雨風が弱まり、時合い到来！ 中深海五目でアカムツ、白ムツ、カサゴが顔を出してくれました！型が見れて一安心です。 あつ〜い夏が終わり、寒〜い冬が来る前の絶好のチャンス。 皆様のご乗船、参戦をお待ちしております！ 季節の変わり目ですので、船長も体調に気をつけて出航なさってくださいね！応援しております！,25.8℃,NULL,chowari/天陽丸
天陽丸,焼津港,2026/09/13,1,0,ユメカサゴ,カサゴ,サブ,ユメカサゴ,NULL,,,,0,,,,,NULL,静岡県 焼津市 焼津港,NULL,NULL,1,NULL,NULL,25.8,25.8,NULL,東北東,1.4m/s,中潮,南東 0.4m/s,曇り,NULL,NULL,NULL,あちこちで秋の長雨。 ここ焼津も朝方はしっかり雨が降り、最初はテンション高まらず＆アタリも渋いスタートでした。 ですが！夜明けとともに雨風が弱まり、時合い到来！ 中深海五目でアカムツ、白ムツ、カサゴが顔を出してくれました！型が見れて一安心です。 あつ〜い夏が終わり、寒〜い冬が来る前の絶好のチャンス。 皆様のご乗船、参戦をお待ちしております！ 季節の変わり目ですので、船長も体調に気をつけて出航なさってくださいね！応援しております！,25.8℃,NULL,chowari/天陽丸
孝漁丸,長井新宿港,2026/09/02,1,0,アカハタ,ハタ,メイン,アカハタ,NULL,0.0,10.0,5.0,0,30.0,40.0,,,NULL,神奈川県 横須賀市 長井新宿港,NULL,NULL,1,NULL,NULL,27.7,27.7,NULL,東南東,0.3m/s,中潮・潮が速,南 0.4m/s,曇り時々晴れ,カワハギ,NULL,NULL,本日はアカハタとカワハギのリレー釣りに出船しました。朝のうち潮が速く場所も移動したりしたり、難しかったです。それでもトップ１０匹釣れました。カワハギは水色悪く食い悪かったです。今日はありがとうございました。暑い中，お疲れ様でした。,27.7℃,NULL,chowari/孝漁丸
孝漁丸,長井新宿港,2026/09/02,1,0,カワハギ,カワハギ,サブ,カワハギ,NULL,1.0,2.0,1.5,0,24.0,27.0,,,NULL,神奈川県 横須賀市 長井新宿港,NULL,NULL,1,NULL,NULL,27.7,27.7,NULL,東南東,0.3m/s,中潮・潮が速,南 0.4m/s,曇り時々晴れ,NULL,NULL,NULL,本日はアカハタとカワハギのリレー釣りに出船しました。朝のうち潮が速く場所も移動したりしたり、難しかったです。それでもトップ１０匹釣れました。カワハギは水色悪く食い悪かったです。今日はありがとうございました。暑い中，お疲れ様でした。,27.7℃,NULL,chowari/孝漁丸
孝漁丸,長井新宿港,2026/09/04,1,0,ワラサ,ワラサ,メイン,ワラサ,NULL,0.0,1.0,0.5,0,60.0,65.0,,,NULL,神奈川県 横須賀市 長井新宿港,NULL,NULL,1,NULL,NULL,28.0,28.0,NULL,北北東,3.7m/s,小潮,南 0.7m/s,雨時々止む,,NULL,NULL,本日はアジの泳がせ乗合に出船しました。アジが大きすぎて小アジが釣れませんでした。それでもワラサ２匹ゲットできました。大物バラシありました。これからおもしろそうです。本日はありがとうございました。,28.0℃,NULL,chowari/孝漁丸
孝漁丸,長井新宿港,2026/09/08,1,0,アカハタ,ハタ,メイン,アカハタ,NULL,4.0,7.0,5.5,0,30.0,40.0,,,NULL,神奈川県 横須賀市 長井新宿港,NULL,NULL,1,NULL,NULL,27.6,27.6,NULL,南西,2.9m/s,中潮,南 1.6m/s・凪,曇りのち一時雨,,NULL,NULL,本日はアカハタ乗合リクエストいただき出船しました。朝からウネリあるものの、良い凪でした。前半潮が動かず応り少なかったです。後に良型が釣れはじめましたが、変な潮で後が続かなかったです。一生懸命がんばっていただき、ありがとうございました。またよろしくお願いします。,27.6℃,NULL,chowari/孝漁丸
孝漁丸,長井新宿港,2026/09/12,1,0,アカハタ,ハタ,メイン,アカハタ,NULL,5.0,25.0,15.0,0,30.0,40.0,,,NULL,神奈川県 横須賀市 長井新宿港,NULL,NULL,1,NULL,NULL,25.9,25.9,NULL,北北東,6.7m/s,大潮,南 0.7m/s,雨のち曇り,,NULL,NULL,本日はロックフィッシュに出船しました。テンヤでアカハタを狙い皆さんお土産になりました。トップは２５匹で見事でした。カサゴもトップ１０匹にオオモンハタも釣れました。まだまだアカハタも釣れそうですのでよろしくお願いします。本日はありがとうございました。,25.9℃,NULL,chowari/孝漁丸
孝漁丸,長井新宿港,2026/09/13,1,0,イサキ,イサキ,メイン,イサキ,NULL,5.0,10.0,7.5,0,30.0,35.0,,,NULL,神奈川県 横須賀市 長井新宿港,NULL,NULL,1,NULL,NULL,25.4,25.4,NULL,北,5.5m/s,中潮,南南東 0.5m/s,曇りのち時々晴れ,,NULL,NULL,本日はイサキ釣りに出船しました。城ヶ島で潮の流れが難しくどうにかお土産になりました。都合でお昼に帰港しました。お疲れ様でした。またよろしくお願いします。,25.4℃,NULL,chowari/孝漁丸
孝漁丸,長井新宿港,2026/09/16,1,0,アカハタ,ハタ,メイン,アカハタ,NULL,5.0,8.0,6.5,0,30.0,40.0,,,NULL,神奈川県 横須賀市 長井新宿港,NULL,NULL,1,NULL,NULL,25.9,25.9,NULL,北北東,3.1m/s,中潮・潮が速,南南東 0.6m/s,雨,イサキ,NULL,NULL,本日はアカハタとイサキ釣りのリレー乗合に出船しました。今日は潮が速く、旋回繰り返し、ポツポツと釣れました。イサキも旋回多く繰り返してお土産になりました。オオモンハタにカワハギも釣れました。今日は雨の中お疲れ様でした。ありがとうございました。,25.9℃,NULL,chowari/孝漁丸
孝漁丸,長井新宿港,2026/09/16,1,0,イサキ,イサキ,サブ,イサキ,NULL,5.0,15.0,10.0,0,30.0,35.0,,,NULL,神奈川県 横須賀市 長井新宿港,NULL,NULL,1,NULL,NULL,25.9,25.9,NULL,北北東,3.1m/s,中潮・潮が速,南南東 0.6m/s,雨,NULL,NULL,NULL,本日はアカハタとイサキ釣りのリレー乗合に出船しました。今日は潮が速く、旋回繰り返し、ポツポツと釣れました。イサキも旋回多く繰り返してお土産になりました。オオモンハタにカワハギも釣れました。今日は雨の中お疲れ様でした。ありがとうございました。,25.9℃,NULL,chowari/孝漁丸
安田丸,相浜,2026/09/01,1,0,アカハタ,ハタ,サブ,アカハタ,NULL,,,,0,,,,,NULL,千葉県 館山市 相浜港,NULL,NULL,1,NULL,NULL,27.0,27.0,NULL,北東,4.6m/s,中潮,東 1.1m/s・凪,晴れ後時々曇り,NULL,NULL,NULL,今日も一日、海上は凪模様に恵まれ、シマアジ狙いに出船してまいり、今日も潮の流れは良く、ときおり、シマちゃんのいいあたりもあったのですが、今日は久しぶりに横取り君の猛攻撃を浴びてしまい、今日は非常に悔しく、横取り君の餌食にやられてしまい、悲しい沖上がりとなってしまいました。 「今日もあたりがあるだけに、ほんと、頭にくるな〜・・・」,27.0℃,NULL,chowari/安田丸
安田丸,相浜,2026/09/01,1,0,イサキ,イサキ,メイン,イサキ,NULL,,,,0,,,,,NULL,千葉県 館山市 相浜港,NULL,NULL,1,NULL,NULL,27.0,27.0,NULL,北東,4.6m/s,中潮,東 1.1m/s・凪,晴れ後時々曇り,アカハタ・ウマ・カサゴ・ムロアジ・メイチダイ・メジナ,NULL,NULL,今日も一日、海上は凪模様に恵まれ、シマアジ狙いに出船してまいり、今日も潮の流れは良く、ときおり、シマちゃんのいいあたりもあったのですが、今日は久しぶりに横取り君の猛攻撃を浴びてしまい、今日は非常に悔しく、横取り君の餌食にやられてしまい、悲しい沖上がりとなってしまいました。 「今日もあたりがあるだけに、ほんと、頭にくるな〜・・・」,27.0℃,NULL,chowari/安田丸
安田丸,相浜,2026/09/01,1,0,ウマ,ウマヅラハギ,サブ,ウマ,NULL,,,,0,,,,,NULL,千葉県 館山市 相浜港,NULL,NULL,1,NULL,NULL,27.0,27.0,NULL,北東,4.6m/s,中潮,東 1.1m/s・凪,晴れ後時々曇り,NULL,NULL,NULL,今日も一日、海上は凪模様に恵まれ、シマアジ狙いに出船してまいり、今日も潮の流れは良く、ときおり、シマちゃんのいいあたりもあったのですが、今日は久しぶりに横取り君の猛攻撃を浴びてしまい、今日は非常に悔しく、横取り君の餌食にやられてしまい、悲しい沖上がりとなってしまいました。 「今日もあたりがあるだけに、ほんと、頭にくるな〜・・・」,27.0℃,NULL,chowari/安田丸
安田丸,相浜,2026/09/01,1,0,カサゴ,カサゴ,サブ,カサゴ,NULL,,,,0,,,,,NULL,千葉県 館山市 相浜港,NULL,NULL,1,NULL,NULL,27.0,27.0,NULL,北東,4.6m/s,中潮,東 1.1m/s・凪,晴れ後時々曇り,NULL,NULL,NULL,今日も一日、海上は凪模様に恵まれ、シマアジ狙いに出船してまいり、今日も潮の流れは良く、ときおり、シマちゃんのいいあたりもあったのですが、今日は久しぶりに横取り君の猛攻撃を浴びてしまい、今日は非常に悔しく、横取り君の餌食にやられてしまい、悲しい沖上がりとなってしまいました。 「今日もあたりがあるだけに、ほんと、頭にくるな〜・・・」,27.0℃,NULL,chowari/安田丸
安田丸,相浜,2026/09/01,1,0,ムロアジ,アジ,サブ,ムロアジ,NULL,,,,0,,,,,NULL,千葉県 館山市 相浜港,NULL,NULL,1,NULL,NULL,27.0,27.0,NULL,北東,4.6m/s,中潮,東 1.1m/s・凪,晴れ後時々曇り,NULL,NULL,NULL,今日も一日、海上は凪模様に恵まれ、シマアジ狙いに出船してまいり、今日も潮の流れは良く、ときおり、シマちゃんのいいあたりもあったのですが、今日は久しぶりに横取り君の猛攻撃を浴びてしまい、今日は非常に悔しく、横取り君の餌食にやられてしまい、悲しい沖上がりとなってしまいました。 「今日もあたりがあるだけに、ほんと、頭にくるな〜・・・」,27.0℃,NULL,chowari/安田丸
安田丸,相浜,2026/09/01,1,0,メイチダイ,NULL,サブ,メイチダイ,NULL,,,,0,,,,,NULL,千葉県 館山市 相浜港,NULL,NULL,1,NULL,NULL,27.0,27.0,NULL,北東,4.6m/s,中潮,東 1.1m/s・凪,晴れ後時々曇り,NULL,NULL,NULL,今日も一日、海上は凪模様に恵まれ、シマアジ狙いに出船してまいり、今日も潮の流れは良く、ときおり、シマちゃんのいいあたりもあったのですが、今日は久しぶりに横取り君の猛攻撃を浴びてしまい、今日は非常に悔しく、横取り君の餌食にやられてしまい、悲しい沖上がりとなってしまいました。 「今日もあたりがあるだけに、ほんと、頭にくるな〜・・・」,27.0℃,NULL,chowari/安田丸
安田丸,相浜,2026/09/01,1,0,メジナ,メジナ,サブ,メジナ,NULL,,,,0,,,,,NULL,千葉県 館山市 相浜港,NULL,NULL,1,NULL,NULL,27.0,27.0,NULL,北東,4.6m/s,中潮,東 1.1m/s・凪,晴れ後時々曇り,NULL,NULL,NULL,今日も一日、海上は凪模様に恵まれ、シマアジ狙いに出船してまいり、今日も潮の流れは良く、ときおり、シマちゃんのいいあたりもあったのですが、今日は久しぶりに横取り君の猛攻撃を浴びてしまい、今日は非常に悔しく、横取り君の餌食にやられてしまい、悲しい沖上がりとなってしまいました。 「今日もあたりがあるだけに、ほんと、頭にくるな〜・・・」,27.0℃,NULL,chowari/安田丸
安田丸,相浜,2026/09/02,1,0,アカハタ,ハタ,サブ,アカハタ,NULL,,,,0,,,,,NULL,千葉県 館山市 相浜港,NULL,NULL,1,NULL,NULL,27.5,27.5,NULL,東南東,1.9m/s,中潮,東 1.1m/s・凪,曇り時々晴れ,NULL,NULL,NULL,午前便4時半集合定休日第２、第４水曜日人数様限定 今日も一日、海上は凪模様に恵まれ、シマアジ狙いに出船してまいりましたが、今日は一日中、潮が全く、全く動いてくれず、お魚ちゃん達の活性も上がらず大苦戦をしいられ、今日も数回、いいあたりはあったのですが、またしてもバレに泣かされ、今日は潮君のイジメに完敗となってしまい、寂しい釣果となってしまいました。 「今日も反応はバッチリ出ておりますので、明日は潮の回復に期待したいところですね」,27.5℃,NULL,chowari/安田丸
安田丸,相浜,2026/09/02,1,0,イサキ,イサキ,メイン,イサキ,NULL,,,,0,,,,,NULL,千葉県 館山市 相浜港,NULL,NULL,1,NULL,NULL,27.5,27.5,NULL,東南東,1.9m/s,中潮,東 1.1m/s・凪,曇り時々晴れ,アカハタ・ウマ・カサゴ・ムロアジ・メイチダイ・メジナ,NULL,NULL,午前便4時半集合定休日第２、第４水曜日人数様限定 今日も一日、海上は凪模様に恵まれ、シマアジ狙いに出船してまいりましたが、今日は一日中、潮が全く、全く動いてくれず、お魚ちゃん達の活性も上がらず大苦戦をしいられ、今日も数回、いいあたりはあったのですが、またしてもバレに泣かされ、今日は潮君のイジメに完敗となってしまい、寂しい釣果となってしまいました。 「今日も反応はバッチリ出ておりますので、明日は潮の回復に期待したいところですね」,27.5℃,NULL,chowari/安田丸
安田丸,相浜,2026/09/02,1,0,ウマ,ウマヅラハギ,サブ,ウマ,NULL,,,,0,,,,,NULL,千葉県 館山市 相浜港,NULL,NULL,1,NULL,NULL,27.5,27.5,NULL,東南東,1.9m/s,中潮,東 1.1m/s・凪,曇り時々晴れ,NULL,NULL,NULL,午前便4時半集合定休日第２、第４水曜日人数様限定 今日も一日、海上は凪模様に恵まれ、シマアジ狙いに出船してまいりましたが、今日は一日中、潮が全く、全く動いてくれず、お魚ちゃん達の活性も上がらず大苦戦をしいられ、今日も数回、いいあたりはあったのですが、またしてもバレに泣かされ、今日は潮君のイジメに完敗となってしまい、寂しい釣果となってしまいました。 「今日も反応はバッチリ出ておりますので、明日は潮の回復に期待したいところですね」,27.5℃,NULL,chowari/安田丸
安田丸,相浜,2026/09/02,1,0,カサゴ,カサゴ,サブ,カサゴ,NULL,,,,0,,,,,NULL,千葉県 館山市 相浜港,NULL,NULL,1,NULL,NULL,27.5,27.5,NULL,東南東,1.9m/s,中潮,東 1.1m/s・凪,曇り時々晴れ,NULL,NULL,NULL,午前便4時半集合定休日第２、第４水曜日人数様限定 今日も一日、海上は凪模様に恵まれ、シマアジ狙いに出船してまいりましたが、今日は一日中、潮が全く、全く動いてくれず、お魚ちゃん達の活性も上がらず大苦戦をしいられ、今日も数回、いいあたりはあったのですが、またしてもバレに泣かされ、今日は潮君のイジメに完敗となってしまい、寂しい釣果となってしまいました。 「今日も反応はバッチリ出ておりますので、明日は潮の回復に期待したいところですね」,27.5℃,NULL,chowari/安田丸
安田丸,相浜,2026/09/02,1,0,ムロアジ,アジ,サブ,ムロアジ,NULL,,,,0,,,,,NULL,千葉県 館山市 相浜港,NULL,NULL,1,NULL,NULL,27.5,27.5,NULL,東南東,1.9m/s,中潮,東 1.1m/s・凪,曇り時々晴れ,NULL,NULL,NULL,午前便4時半集合定休日第２、第４水曜日人数様限定 今日も一日、海上は凪模様に恵まれ、シマアジ狙いに出船してまいりましたが、今日は一日中、潮が全く、全く動いてくれず、お魚ちゃん達の活性も上がらず大苦戦をしいられ、今日も数回、いいあたりはあったのですが、またしてもバレに泣かされ、今日は潮君のイジメに完敗となってしまい、寂しい釣果となってしまいました。 「今日も反応はバッチリ出ておりますので、明日は潮の回復に期待したいところですね」,27.5℃,NULL,chowari/安田丸
安田丸,相浜,2026/09/02,1,0,メイチダイ,NULL,サブ,メイチダイ,NULL,,,,0,,,,,NULL,千葉県 館山市 相浜港,NULL,NULL,1,NULL,NULL,27.5,27.5,NULL,東南東,1.9m/s,中潮,東 1.1m/s・凪,曇り時々晴れ,NULL,NULL,NULL,午前便4時半集合定休日第２、第４水曜日人数様限定 今日も一日、海上は凪模様に恵まれ、シマアジ狙いに出船してまいりましたが、今日は一日中、潮が全く、全く動いてくれず、お魚ちゃん達の活性も上がらず大苦戦をしいられ、今日も数回、いいあたりはあったのですが、またしてもバレに泣かされ、今日は潮君のイジメに完敗となってしまい、寂しい釣果となってしまいました。 「今日も反応はバッチリ出ておりますので、明日は潮の回復に期待したいところですね」,27.5℃,NULL,chowari/安田丸
安田丸,相浜,2026/09/02,1,0,メジナ,メジナ,サブ,メジナ,NULL,,,,0,,,,,NULL,千葉県 館山市 相浜港,NULL,NULL,1,NULL,NULL,27.5,27.5,NULL,東南東,1.9m/s,中潮,東 1.1m/s・凪,曇り時々晴れ,NULL,NULL,NULL,午前便4時半集合定休日第２、第４水曜日人数様限定 今日も一日、海上は凪模様に恵まれ、シマアジ狙いに出船してまいりましたが、今日は一日中、潮が全く、全く動いてくれず、お魚ちゃん達の活性も上がらず大苦戦をしいられ、今日も数回、いいあたりはあったのですが、またしてもバレに泣かされ、今日は潮君のイジメに完敗となってしまい、寂しい釣果となってしまいました。 「今日も反応はバッチリ出ておりますので、明日は潮の回復に期待したいところですね」,27.5℃,NULL,chowari/安田丸
安田丸,相浜,2026/09/05,1,0,アカハタ,ハタ,サブ,アカハタ,NULL,,,,0,,,,,NULL,千葉県 館山市 相浜港,NULL,NULL,1,NULL,NULL,27.5,27.5,NULL,北東,6.4m/s,小潮,南東 1.3m/s,曇り,NULL,NULL,NULL,明日も張り切ってリベンジしたいところでしたが、明日は予報も悪く、キャンセルも多くなってしまいましたので、出船を見合わせます。来週もご予約表は非常に悲しい状況ですので、ご予約のお電話お待ちしておりま〜す！！！,27.5℃,NULL,chowari/安田丸
安田丸,相浜,2026/09/05,1,0,イサキ,イサキ,サブ,イサキ,NULL,,,,0,,,,,NULL,千葉県 館山市 相浜港,NULL,NULL,1,NULL,NULL,27.5,27.5,NULL,北東,6.4m/s,小潮,南東 1.3m/s,曇り,NULL,NULL,NULL,明日も張り切ってリベンジしたいところでしたが、明日は予報も悪く、キャンセルも多くなってしまいましたので、出船を見合わせます。来週もご予約表は非常に悲しい状況ですので、ご予約のお電話お待ちしておりま〜す！！！,27.5℃,NULL,chowari/安田丸
安田丸,相浜,2026/09/05,1,0,ウマ,ウマヅラハギ,サブ,ウマ,NULL,,,,0,,,,,NULL,千葉県 館山市 相浜港,NULL,NULL,1,NULL,NULL,27.5,27.5,NULL,北東,6.4m/s,小潮,南東 1.3m/s,曇り,NULL,NULL,NULL,明日も張り切ってリベンジしたいところでしたが、明日は予報も悪く、キャンセルも多くなってしまいましたので、出船を見合わせます。来週もご予約表は非常に悲しい状況ですので、ご予約のお電話お待ちしておりま〜す！！！,27.5℃,NULL,chowari/安田丸
安田丸,相浜,2026/09/05,1,0,カサゴ,カサゴ,サブ,カサゴ,NULL,,,,0,,,,,NULL,千葉県 館山市 相浜港,NULL,NULL,1,NULL,NULL,27.5,27.5,NULL,北東,6.4m/s,小潮,南東 1.3m/s,曇り,NULL,NULL,NULL,明日も張り切ってリベンジしたいところでしたが、明日は予報も悪く、キャンセルも多くなってしまいましたので、出船を見合わせます。来週もご予約表は非常に悲しい状況ですので、ご予約のお電話お待ちしておりま〜す！！！,27.5℃,NULL,chowari/安田丸
安田丸,相浜,2026/09/05,1,0,シマアジ,シマアジ,メイン,シマアジ,NULL,0.0,1.0,0.5,0,,,,,NULL,千葉県 館山市 相浜港,NULL,NULL,1,NULL,NULL,27.5,27.5,NULL,北東,6.4m/s,小潮,南東 1.3m/s,曇り,アカハタ・イサキ・ウマ・カサゴ・ツムブリ・ニザダイ・フエフキ・ムロアジ・メイチダイ・メジナ,NULL,NULL,明日も張り切ってリベンジしたいところでしたが、明日は予報も悪く、キャンセルも多くなってしまいましたので、出船を見合わせます。来週もご予約表は非常に悲しい状況ですので、ご予約のお電話お待ちしておりま〜す！！！,27.5℃,NULL,chowari/安田丸
安田丸,相浜,2026/09/05,1,0,ツムブリ,ブリ,サブ,ツムブリ,NULL,,,,0,,,,,NULL,千葉県 館山市 相浜港,NULL,NULL,1,NULL,NULL,27.5,27.5,NULL,北東,6.4m/s,小潮,南東 1.3m/s,曇り,NULL,NULL,NULL,明日も張り切ってリベンジしたいところでしたが、明日は予報も悪く、キャンセルも多くなってしまいましたので、出船を見合わせます。来週もご予約表は非常に悲しい状況ですので、ご予約のお電話お待ちしておりま〜す！！！,27.5℃,NULL,chowari/安田丸
安田丸,相浜,2026/09/05,1,0,ニザダイ,NULL,サブ,ニザダイ,NULL,,,,0,,,,,NULL,千葉県 館山市 相浜港,NULL,NULL,1,NULL,NULL,27.5,27.5,NULL,北東,6.4m/s,小潮,南東 1.3m/s,曇り,NULL,NULL,NULL,明日も張り切ってリベンジしたいところでしたが、明日は予報も悪く、キャンセルも多くなってしまいましたので、出船を見合わせます。来週もご予約表は非常に悲しい状況ですので、ご予約のお電話お待ちしておりま〜す！！！,27.5℃,NULL,chowari/安田丸
安田丸,相浜,2026/09/05,1,0,フエフキ,NULL,サブ,フエフキ,NULL,,,,0,,,,,NULL,千葉県 館山市 相浜港,NULL,NULL,1,NULL,NULL,27.5,27.5,NULL,北東,6.4m/s,小潮,南東 1.3m/s,曇り,NULL,NULL,NULL,明日も張り切ってリベンジしたいところでしたが、明日は予報も悪く、キャンセルも多くなってしまいましたので、出船を見合わせます。来週もご予約表は非常に悲しい状況ですので、ご予約のお電話お待ちしておりま〜す！！！,27.5℃,NULL,chowari/安田丸
安田丸,相浜,2026/09/05,1,0,ムロアジ,アジ,サブ,ムロアジ,NULL,,,,0,,,,,NULL,千葉県 館山市 相浜港,NULL,NULL,1,NULL,NULL,27.5,27.5,NULL,北東,6.4m/s,小潮,南東 1.3m/s,曇り,NULL,NULL,NULL,明日も張り切ってリベンジしたいところでしたが、明日は予報も悪く、キャンセルも多くなってしまいましたので、出船を見合わせます。来週もご予約表は非常に悲しい状況ですので、ご予約のお電話お待ちしておりま〜す！！！,27.5℃,NULL,chowari/安田丸
安田丸,相浜,2026/09/05,1,0,メイチダイ,NULL,サブ,メイチダイ,NULL,,,,0,,,,,NULL,千葉県 館山市 相浜港,NULL,NULL,1,NULL,NULL,27.5,27.5,NULL,北東,6.4m/s,小潮,南東 1.3m/s,曇り,NULL,NULL,NULL,明日も張り切ってリベンジしたいところでしたが、明日は予報も悪く、キャンセルも多くなってしまいましたので、出船を見合わせます。来週もご予約表は非常に悲しい状況ですので、ご予約のお電話お待ちしておりま〜す！！！,27.5℃,NULL,chowari/安田丸
安田丸,相浜,2026/09/05,1,0,メジナ,メジナ,サブ,メジナ,NULL,,,,0,,,,,NULL,千葉県 館山市 相浜港,NULL,NULL,1,NULL,NULL,27.5,27.5,NULL,北東,6.4m/s,小潮,南東 1.3m/s,曇り,NULL,NULL,NULL,明日も張り切ってリベンジしたいところでしたが、明日は予報も悪く、キャンセルも多くなってしまいましたので、出船を見合わせます。来週もご予約表は非常に悲しい状況ですので、ご予約のお電話お待ちしておりま〜す！！！,27.5℃,NULL,chowari/安田丸
安田丸,相浜,2026/09/11,1,0,イサキ,イサキ,メイン,イサキ,NULL,,,,0,,,,,NULL,千葉県 館山市 相浜港,NULL,NULL,1,NULL,NULL,27.0,27.0,NULL,北北東,4.1m/s,大潮,東南東 1.1m/s・凪,雨,ウマ・ツムブリ・ニザダイ・フエフキ・ムロアジ・メイチダイ・メジナ,NULL,NULL,今日も一日、雨模様にみまわれてしまいましたが、海上は凪模様に恵まれ、お客様、3名様（1組様）で寂しく貸し切りでの出船となり、今日も潮の流れは良く、シマちゃん反応もバッチリ出ているのですが、潮具合い気に入らないのか、シマちゃんのあたりは悪く苦戦をしいられてしまい、今日も小物君のあたり良く、おみやげはバッチリでしたが、今日も残念ながらシマちゃんのお顔を見ることはできず、明日へのリベンジとなってしまいました。 「今日もシマちゃん反応はバッチリありますので、明日こそは、潮具合回復に期待したいところですね！！！」,27.0℃,NULL,chowari/安田丸
安田丸,相浜,2026/09/11,1,0,ウマ,ウマヅラハギ,サブ,ウマ,NULL,,,,0,,,,,NULL,千葉県 館山市 相浜港,NULL,NULL,1,NULL,NULL,27.0,27.0,NULL,北北東,4.1m/s,大潮,東南東 1.1m/s・凪,雨,NULL,NULL,NULL,今日も一日、雨模様にみまわれてしまいましたが、海上は凪模様に恵まれ、お客様、3名様（1組様）で寂しく貸し切りでの出船となり、今日も潮の流れは良く、シマちゃん反応もバッチリ出ているのですが、潮具合い気に入らないのか、シマちゃんのあたりは悪く苦戦をしいられてしまい、今日も小物君のあたり良く、おみやげはバッチリでしたが、今日も残念ながらシマちゃんのお顔を見ることはできず、明日へのリベンジとなってしまいました。 「今日もシマちゃん反応はバッチリありますので、明日こそは、潮具合回復に期待したいところですね！！！」,27.0℃,NULL,chowari/安田丸
安田丸,相浜,2026/09/11,1,0,ツムブリ,ブリ,サブ,ツムブリ,NULL,,,,0,,,,,NULL,千葉県 館山市 相浜港,NULL,NULL,1,NULL,NULL,27.0,27.0,NULL,北北東,4.1m/s,大潮,東南東 1.1m/s・凪,雨,NULL,NULL,NULL,今日も一日、雨模様にみまわれてしまいましたが、海上は凪模様に恵まれ、お客様、3名様（1組様）で寂しく貸し切りでの出船となり、今日も潮の流れは良く、シマちゃん反応もバッチリ出ているのですが、潮具合い気に入らないのか、シマちゃんのあたりは悪く苦戦をしいられてしまい、今日も小物君のあたり良く、おみやげはバッチリでしたが、今日も残念ながらシマちゃんのお顔を見ることはできず、明日へのリベンジとなってしまいました。 「今日もシマちゃん反応はバッチリありますので、明日こそは、潮具合回復に期待したいところですね！！！」,27.0℃,NULL,chowari/安田丸
安田丸,相浜,2026/09/11,1,0,ニザダイ,NULL,サブ,ニザダイ,NULL,,,,0,,,,,NULL,千葉県 館山市 相浜港,NULL,NULL,1,NULL,NULL,27.0,27.0,NULL,北北東,4.1m/s,大潮,東南東 1.1m/s・凪,雨,NULL,NULL,NULL,今日も一日、雨模様にみまわれてしまいましたが、海上は凪模様に恵まれ、お客様、3名様（1組様）で寂しく貸し切りでの出船となり、今日も潮の流れは良く、シマちゃん反応もバッチリ出ているのですが、潮具合い気に入らないのか、シマちゃんのあたりは悪く苦戦をしいられてしまい、今日も小物君のあたり良く、おみやげはバッチリでしたが、今日も残念ながらシマちゃんのお顔を見ることはできず、明日へのリベンジとなってしまいました。 「今日もシマちゃん反応はバッチリありますので、明日こそは、潮具合回復に期待したいところですね！！！」,27.0℃,NULL,chowari/安田丸
安田丸,相浜,2026/09/11,1,0,フエフキ,NULL,サブ,フエフキ,NULL,,,,0,,,,,NULL,千葉県 館山市 相浜港,NULL,NULL,1,NULL,NULL,27.0,27.0,NULL,北北東,4.1m/s,大潮,東南東 1.1m/s・凪,雨,NULL,NULL,NULL,今日も一日、雨模様にみまわれてしまいましたが、海上は凪模様に恵まれ、お客様、3名様（1組様）で寂しく貸し切りでの出船となり、今日も潮の流れは良く、シマちゃん反応もバッチリ出ているのですが、潮具合い気に入らないのか、シマちゃんのあたりは悪く苦戦をしいられてしまい、今日も小物君のあたり良く、おみやげはバッチリでしたが、今日も残念ながらシマちゃんのお顔を見ることはできず、明日へのリベンジとなってしまいました。 「今日もシマちゃん反応はバッチリありますので、明日こそは、潮具合回復に期待したいところですね！！！」,27.0℃,NULL,chowari/安田丸
安田丸,相浜,2026/09/11,1,0,ムロアジ,アジ,サブ,ムロアジ,NULL,,,,0,,,,,NULL,千葉県 館山市 相浜港,NULL,NULL,1,NULL,NULL,27.0,27.0,NULL,北北東,4.1m/s,大潮,東南東 1.1m/s・凪,雨,NULL,NULL,NULL,今日も一日、雨模様にみまわれてしまいましたが、海上は凪模様に恵まれ、お客様、3名様（1組様）で寂しく貸し切りでの出船となり、今日も潮の流れは良く、シマちゃん反応もバッチリ出ているのですが、潮具合い気に入らないのか、シマちゃんのあたりは悪く苦戦をしいられてしまい、今日も小物君のあたり良く、おみやげはバッチリでしたが、今日も残念ながらシマちゃんのお顔を見ることはできず、明日へのリベンジとなってしまいました。 「今日もシマちゃん反応はバッチリありますので、明日こそは、潮具合回復に期待したいところですね！！！」,27.0℃,NULL,chowari/安田丸
安田丸,相浜,2026/09/11,1,0,メイチダイ,NULL,サブ,メイチダイ,NULL,,,,0,,,,,NULL,千葉県 館山市 相浜港,NULL,NULL,1,NULL,NULL,27.0,27.0,NULL,北北東,4.1m/s,大潮,東南東 1.1m/s・凪,雨,NULL,NULL,NULL,今日も一日、雨模様にみまわれてしまいましたが、海上は凪模様に恵まれ、お客様、3名様（1組様）で寂しく貸し切りでの出船となり、今日も潮の流れは良く、シマちゃん反応もバッチリ出ているのですが、潮具合い気に入らないのか、シマちゃんのあたりは悪く苦戦をしいられてしまい、今日も小物君のあたり良く、おみやげはバッチリでしたが、今日も残念ながらシマちゃんのお顔を見ることはできず、明日へのリベンジとなってしまいました。 「今日もシマちゃん反応はバッチリありますので、明日こそは、潮具合回復に期待したいところですね！！！」,27.0℃,NULL,chowari/安田丸
安田丸,相浜,2026/09/11,1,0,メジナ,メジナ,サブ,メジナ,NULL,,,,0,,,,,NULL,千葉県 館山市 相浜港,NULL,NULL,1,NULL,NULL,27.0,27.0,NULL,北北東,4.1m/s,大潮,東南東 1.1m/s・凪,雨,NULL,NULL,NULL,今日も一日、雨模様にみまわれてしまいましたが、海上は凪模様に恵まれ、お客様、3名様（1組様）で寂しく貸し切りでの出船となり、今日も潮の流れは良く、シマちゃん反応もバッチリ出ているのですが、潮具合い気に入らないのか、シマちゃんのあたりは悪く苦戦をしいられてしまい、今日も小物君のあたり良く、おみやげはバッチリでしたが、今日も残念ながらシマちゃんのお顔を見ることはできず、明日へのリベンジとなってしまいました。 「今日もシマちゃん反応はバッチリありますので、明日こそは、潮具合回復に期待したいところですね！！！」,27.0℃,NULL,chowari/安田丸
安田丸,相浜,2026/09/12,1,0,イサキ,イサキ,サブ,イサキ,NULL,,,,0,,,,,NULL,千葉県 館山市 相浜港,NULL,NULL,1,NULL,NULL,25.8,25.8,NULL,北北東,5.7m/s,大潮,南東 1.1m/s・凪,曇り一時雨,NULL,NULL,NULL,今日も一日、海上は凪模様に恵まれ、本船、別船（仕立て船）共にシマアジ狙いで出船してまいり、今日は両船共にほとんどのお客様が貸し竿さんでの戦いとなり、今日はシマちゃんのいいあたりも多くみられましたが、皆さん、バレに泣かされてしまい、今日も非常に悔しく、シマちゃんのお顔を見ることはできませんでしたが、今日も小物君のあたりは非常に良く、皆さん、おかずはバッチリ確保することはできましたよ〜！！！と、明日は何としてでも、シマちゃんのお顔を見たいところですね！！！,25.8℃,NULL,chowari/安田丸
安田丸,相浜,2026/09/12,1,0,イシダイ,イシダイ,サブ,イシダイ,NULL,,,,0,,,,,NULL,千葉県 館山市 相浜港,NULL,NULL,1,NULL,NULL,25.8,25.8,NULL,北北東,5.7m/s,大潮,南東 1.1m/s・凪,曇り一時雨,NULL,NULL,NULL,今日も一日、海上は凪模様に恵まれ、本船、別船（仕立て船）共にシマアジ狙いで出船してまいり、今日は両船共にほとんどのお客様が貸し竿さんでの戦いとなり、今日はシマちゃんのいいあたりも多くみられましたが、皆さん、バレに泣かされてしまい、今日も非常に悔しく、シマちゃんのお顔を見ることはできませんでしたが、今日も小物君のあたりは非常に良く、皆さん、おかずはバッチリ確保することはできましたよ〜！！！と、明日は何としてでも、シマちゃんのお顔を見たいところですね！！！,25.8℃,NULL,chowari/安田丸
安田丸,相浜,2026/09/12,1,0,ウマ,ウマヅラハギ,サブ,ウマ,NULL,,,,0,,,,,NULL,千葉県 館山市 相浜港,NULL,NULL,1,NULL,NULL,25.8,25.8,NULL,北北東,5.7m/s,大潮,南東 1.1m/s・凪,曇り一時雨,NULL,NULL,NULL,今日も一日、海上は凪模様に恵まれ、本船、別船（仕立て船）共にシマアジ狙いで出船してまいり、今日は両船共にほとんどのお客様が貸し竿さんでの戦いとなり、今日はシマちゃんのいいあたりも多くみられましたが、皆さん、バレに泣かされてしまい、今日も非常に悔しく、シマちゃんのお顔を見ることはできませんでしたが、今日も小物君のあたりは非常に良く、皆さん、おかずはバッチリ確保することはできましたよ〜！！！と、明日は何としてでも、シマちゃんのお顔を見たいところですね！！！,25.8℃,NULL,chowari/安田丸
安田丸,相浜,2026/09/12,1,0,オジサン,NULL,サブ,オジサン,NULL,,,,0,,,,,NULL,千葉県 館山市 相浜港,NULL,NULL,1,NULL,NULL,25.8,25.8,NULL,北北東,5.7m/s,大潮,南東 1.1m/s・凪,曇り一時雨,NULL,NULL,NULL,今日も一日、海上は凪模様に恵まれ、本船、別船（仕立て船）共にシマアジ狙いで出船してまいり、今日は両船共にほとんどのお客様が貸し竿さんでの戦いとなり、今日はシマちゃんのいいあたりも多くみられましたが、皆さん、バレに泣かされてしまい、今日も非常に悔しく、シマちゃんのお顔を見ることはできませんでしたが、今日も小物君のあたりは非常に良く、皆さん、おかずはバッチリ確保することはできましたよ〜！！！と、明日は何としてでも、シマちゃんのお顔を見たいところですね！！！,25.8℃,NULL,chowari/安田丸
安田丸,相浜,2026/09/12,1,0,ツムブリ,ブリ,サブ,ツムブリ,NULL,,,,0,,,,,NULL,千葉県 館山市 相浜港,NULL,NULL,1,NULL,NULL,25.8,25.8,NULL,北北東,5.7m/s,大潮,南東 1.1m/s・凪,曇り一時雨,NULL,NULL,NULL,今日も一日、海上は凪模様に恵まれ、本船、別船（仕立て船）共にシマアジ狙いで出船してまいり、今日は両船共にほとんどのお客様が貸し竿さんでの戦いとなり、今日はシマちゃんのいいあたりも多くみられましたが、皆さん、バレに泣かされてしまい、今日も非常に悔しく、シマちゃんのお顔を見ることはできませんでしたが、今日も小物君のあたりは非常に良く、皆さん、おかずはバッチリ確保することはできましたよ〜！！！と、明日は何としてでも、シマちゃんのお顔を見たいところですね！！！,25.8℃,NULL,chowari/安田丸
安田丸,相浜,2026/09/12,1,0,ニザダイ,NULL,サブ,ニザダイ,NULL,,,,0,,,,,NULL,千葉県 館山市 相浜港,NULL,NULL,1,NULL,NULL,25.8,25.8,NULL,北北東,5.7m/s,大潮,南東 1.1m/s・凪,曇り一時雨,NULL,NULL,NULL,今日も一日、海上は凪模様に恵まれ、本船、別船（仕立て船）共にシマアジ狙いで出船してまいり、今日は両船共にほとんどのお客様が貸し竿さんでの戦いとなり、今日はシマちゃんのいいあたりも多くみられましたが、皆さん、バレに泣かされてしまい、今日も非常に悔しく、シマちゃんのお顔を見ることはできませんでしたが、今日も小物君のあたりは非常に良く、皆さん、おかずはバッチリ確保することはできましたよ〜！！！と、明日は何としてでも、シマちゃんのお顔を見たいところですね！！！,25.8℃,NULL,chowari/安田丸
安田丸,相浜,2026/09/12,1,0,フエフキ,NULL,サブ,フエフキ,NULL,,,,0,,,,,NULL,千葉県 館山市 相浜港,NULL,NULL,1,NULL,NULL,25.8,25.8,NULL,北北東,5.7m/s,大潮,南東 1.1m/s・凪,曇り一時雨,NULL,NULL,NULL,今日も一日、海上は凪模様に恵まれ、本船、別船（仕立て船）共にシマアジ狙いで出船してまいり、今日は両船共にほとんどのお客様が貸し竿さんでの戦いとなり、今日はシマちゃんのいいあたりも多くみられましたが、皆さん、バレに泣かされてしまい、今日も非常に悔しく、シマちゃんのお顔を見ることはできませんでしたが、今日も小物君のあたりは非常に良く、皆さん、おかずはバッチリ確保することはできましたよ〜！！！と、明日は何としてでも、シマちゃんのお顔を見たいところですね！！！,25.8℃,NULL,chowari/安田丸
安田丸,相浜,2026/09/12,1,0,マダイ,マダイ,メイン,マダイ,NULL,,,,0,,,,,NULL,千葉県 館山市 相浜港,NULL,NULL,1,NULL,NULL,25.8,25.8,NULL,北北東,5.7m/s,大潮,南東 1.1m/s・凪,曇り一時雨,イサキ・イシダイ・ウマ・オジサン・ツムブリ・ニザダイ・フエフキ・ムロアジ・メイチダイ・メジナ,NULL,NULL,今日も一日、海上は凪模様に恵まれ、本船、別船（仕立て船）共にシマアジ狙いで出船してまいり、今日は両船共にほとんどのお客様が貸し竿さんでの戦いとなり、今日はシマちゃんのいいあたりも多くみられましたが、皆さん、バレに泣かされてしまい、今日も非常に悔しく、シマちゃんのお顔を見ることはできませんでしたが、今日も小物君のあたりは非常に良く、皆さん、おかずはバッチリ確保することはできましたよ〜！！！と、明日は何としてでも、シマちゃんのお顔を見たいところですね！！！,25.8℃,NULL,chowari/安田丸
安田丸,相浜,2026/09/12,1,0,ムロアジ,アジ,サブ,ムロアジ,NULL,,,,0,,,,,NULL,千葉県 館山市 相浜港,NULL,NULL,1,NULL,NULL,25.8,25.8,NULL,北北東,5.7m/s,大潮,南東 1.1m/s・凪,曇り一時雨,NULL,NULL,NULL,今日も一日、海上は凪模様に恵まれ、本船、別船（仕立て船）共にシマアジ狙いで出船してまいり、今日は両船共にほとんどのお客様が貸し竿さんでの戦いとなり、今日はシマちゃんのいいあたりも多くみられましたが、皆さん、バレに泣かされてしまい、今日も非常に悔しく、シマちゃんのお顔を見ることはできませんでしたが、今日も小物君のあたりは非常に良く、皆さん、おかずはバッチリ確保することはできましたよ〜！！！と、明日は何としてでも、シマちゃんのお顔を見たいところですね！！！,25.8℃,NULL,chowari/安田丸
安田丸,相浜,2026/09/12,1,0,メイチダイ,NULL,サブ,メイチダイ,NULL,,,,0,,,,,NULL,千葉県 館山市 相浜港,NULL,NULL,1,NULL,NULL,25.8,25.8,NULL,北北東,5.7m/s,大潮,南東 1.1m/s・凪,曇り一時雨,NULL,NULL,NULL,今日も一日、海上は凪模様に恵まれ、本船、別船（仕立て船）共にシマアジ狙いで出船してまいり、今日は両船共にほとんどのお客様が貸し竿さんでの戦いとなり、今日はシマちゃんのいいあたりも多くみられましたが、皆さん、バレに泣かされてしまい、今日も非常に悔しく、シマちゃんのお顔を見ることはできませんでしたが、今日も小物君のあたりは非常に良く、皆さん、おかずはバッチリ確保することはできましたよ〜！！！と、明日は何としてでも、シマちゃんのお顔を見たいところですね！！！,25.8℃,NULL,chowari/安田丸
安田丸,相浜,2026/09/12,1,0,メジナ,メジナ,サブ,メジナ,NULL,,,,0,,,,,NULL,千葉県 館山市 相浜港,NULL,NULL,1,NULL,NULL,25.8,25.8,NULL,北北東,5.7m/s,大潮,南東 1.1m/s・凪,曇り一時雨,NULL,NULL,NULL,今日も一日、海上は凪模様に恵まれ、本船、別船（仕立て船）共にシマアジ狙いで出船してまいり、今日は両船共にほとんどのお客様が貸し竿さんでの戦いとなり、今日はシマちゃんのいいあたりも多くみられましたが、皆さん、バレに泣かされてしまい、今日も非常に悔しく、シマちゃんのお顔を見ることはできませんでしたが、今日も小物君のあたりは非常に良く、皆さん、おかずはバッチリ確保することはできましたよ〜！！！と、明日は何としてでも、シマちゃんのお顔を見たいところですね！！！,25.8℃,NULL,chowari/安田丸
安田丸,相浜,2026/09/13,1,0,イサキ,イサキ,サブ,イサキ,NULL,,,,0,,,,,NULL,千葉県 館山市 相浜港,NULL,NULL,1,NULL,NULL,25.3,25.3,NULL,北,4.4m/s,中潮,東 1.1m/s・凪,曇りのち時々晴れ,NULL,NULL,NULL,今日も一日、海上は凪模様に恵まれ、久しぶりにお天道様もお目見えいたし、本船、別船（仕立て船）共にシマアジ狙いで出船してまいり、今日も両船共に貸し竿さんが多くの戦いとなりましたが、今日は小型ながら、久しぶりにシマちゃんのお顔を見ることができましたよ〜！！！と、明日からもご予約表は非常に寂しい状況ですので、ご予約のお電話、お待ちしておりま〜す！！！,25.3℃,NULL,chowari/安田丸
安田丸,相浜,2026/09/13,1,0,イシダイ,イシダイ,サブ,イシダイ,NULL,,,,0,,,,,NULL,千葉県 館山市 相浜港,NULL,NULL,1,NULL,NULL,25.3,25.3,NULL,北,4.4m/s,中潮,東 1.1m/s・凪,曇りのち時々晴れ,NULL,NULL,NULL,今日も一日、海上は凪模様に恵まれ、久しぶりにお天道様もお目見えいたし、本船、別船（仕立て船）共にシマアジ狙いで出船してまいり、今日も両船共に貸し竿さんが多くの戦いとなりましたが、今日は小型ながら、久しぶりにシマちゃんのお顔を見ることができましたよ〜！！！と、明日からもご予約表は非常に寂しい状況ですので、ご予約のお電話、お待ちしておりま〜す！！！,25.3℃,NULL,chowari/安田丸
安田丸,相浜,2026/09/13,1,0,ウマ,ウマヅラハギ,サブ,ウマ,NULL,,,,0,,,,,NULL,千葉県 館山市 相浜港,NULL,NULL,1,NULL,NULL,25.3,25.3,NULL,北,4.4m/s,中潮,東 1.1m/s・凪,曇りのち時々晴れ,NULL,NULL,NULL,今日も一日、海上は凪模様に恵まれ、久しぶりにお天道様もお目見えいたし、本船、別船（仕立て船）共にシマアジ狙いで出船してまいり、今日も両船共に貸し竿さんが多くの戦いとなりましたが、今日は小型ながら、久しぶりにシマちゃんのお顔を見ることができましたよ〜！！！と、明日からもご予約表は非常に寂しい状況ですので、ご予約のお電話、お待ちしておりま〜す！！！,25.3℃,NULL,chowari/安田丸
安田丸,相浜,2026/09/13,1,0,オオモンハタ,ハタ,サブ,オオモンハタ,NULL,,,,0,,,,,NULL,千葉県 館山市 相浜港,NULL,NULL,1,NULL,NULL,25.3,25.3,NULL,北,4.4m/s,中潮,東 1.1m/s・凪,曇りのち時々晴れ,NULL,NULL,NULL,今日も一日、海上は凪模様に恵まれ、久しぶりにお天道様もお目見えいたし、本船、別船（仕立て船）共にシマアジ狙いで出船してまいり、今日も両船共に貸し竿さんが多くの戦いとなりましたが、今日は小型ながら、久しぶりにシマちゃんのお顔を見ることができましたよ〜！！！と、明日からもご予約表は非常に寂しい状況ですので、ご予約のお電話、お待ちしておりま〜す！！！,25.3℃,NULL,chowari/安田丸
安田丸,相浜,2026/09/13,1,0,シマアジ,シマアジ,サブ,シマアジ,NULL,,,,0,,,,,NULL,千葉県 館山市 相浜港,NULL,NULL,1,NULL,NULL,25.3,25.3,NULL,北,4.4m/s,中潮,東 1.1m/s・凪,曇りのち時々晴れ,NULL,NULL,NULL,今日も一日、海上は凪模様に恵まれ、久しぶりにお天道様もお目見えいたし、本船、別船（仕立て船）共にシマアジ狙いで出船してまいり、今日も両船共に貸し竿さんが多くの戦いとなりましたが、今日は小型ながら、久しぶりにシマちゃんのお顔を見ることができましたよ〜！！！と、明日からもご予約表は非常に寂しい状況ですので、ご予約のお電話、お待ちしておりま〜す！！！,25.3℃,NULL,chowari/安田丸
安田丸,相浜,2026/09/13,1,0,ツムブリ,ブリ,サブ,ツムブリ,NULL,,,,0,,,,,NULL,千葉県 館山市 相浜港,NULL,NULL,1,NULL,NULL,25.3,25.3,NULL,北,4.4m/s,中潮,東 1.1m/s・凪,曇りのち時々晴れ,NULL,NULL,NULL,今日も一日、海上は凪模様に恵まれ、久しぶりにお天道様もお目見えいたし、本船、別船（仕立て船）共にシマアジ狙いで出船してまいり、今日も両船共に貸し竿さんが多くの戦いとなりましたが、今日は小型ながら、久しぶりにシマちゃんのお顔を見ることができましたよ〜！！！と、明日からもご予約表は非常に寂しい状況ですので、ご予約のお電話、お待ちしておりま〜す！！！,25.3℃,NULL,chowari/安田丸
安田丸,相浜,2026/09/13,1,0,ニザダイ,NULL,サブ,ニザダイ,NULL,,,,0,,,,,NULL,千葉県 館山市 相浜港,NULL,NULL,1,NULL,NULL,25.3,25.3,NULL,北,4.4m/s,中潮,東 1.1m/s・凪,曇りのち時々晴れ,NULL,NULL,NULL,今日も一日、海上は凪模様に恵まれ、久しぶりにお天道様もお目見えいたし、本船、別船（仕立て船）共にシマアジ狙いで出船してまいり、今日も両船共に貸し竿さんが多くの戦いとなりましたが、今日は小型ながら、久しぶりにシマちゃんのお顔を見ることができましたよ〜！！！と、明日からもご予約表は非常に寂しい状況ですので、ご予約のお電話、お待ちしておりま〜す！！！,25.3℃,NULL,chowari/安田丸
安田丸,相浜,2026/09/13,1,0,マダイ,マダイ,メイン,マダイ,NULL,,,,0,,,,,NULL,千葉県 館山市 相浜港,NULL,NULL,1,NULL,NULL,25.3,25.3,NULL,北,4.4m/s,中潮,東 1.1m/s・凪,曇りのち時々晴れ,イサキ・イシダイ・ウマ・オオモンハタ・シマアジ・ツムブリ・ニザダイ・ムロアジ・メイチダイ・メジナ,NULL,NULL,今日も一日、海上は凪模様に恵まれ、久しぶりにお天道様もお目見えいたし、本船、別船（仕立て船）共にシマアジ狙いで出船してまいり、今日も両船共に貸し竿さんが多くの戦いとなりましたが、今日は小型ながら、久しぶりにシマちゃんのお顔を見ることができましたよ〜！！！と、明日からもご予約表は非常に寂しい状況ですので、ご予約のお電話、お待ちしておりま〜す！！！,25.3℃,NULL,chowari/安田丸
安田丸,相浜,2026/09/13,1,0,ムロアジ,アジ,サブ,ムロアジ,NULL,,,,0,,,,,NULL,千葉県 館山市 相浜港,NULL,NULL,1,NULL,NULL,25.3,25.3,NULL,北,4.4m/s,中潮,東 1.1m/s・凪,曇りのち時々晴れ,NULL,NULL,NULL,今日も一日、海上は凪模様に恵まれ、久しぶりにお天道様もお目見えいたし、本船、別船（仕立て船）共にシマアジ狙いで出船してまいり、今日も両船共に貸し竿さんが多くの戦いとなりましたが、今日は小型ながら、久しぶりにシマちゃんのお顔を見ることができましたよ〜！！！と、明日からもご予約表は非常に寂しい状況ですので、ご予約のお電話、お待ちしておりま〜す！！！,25.3℃,NULL,chowari/安田丸
安田丸,相浜,2026/09/13,1,0,メイチダイ,NULL,サブ,メイチダイ,NULL,,,,0,,,,,NULL,千葉県 館山市 相浜港,NULL,NULL,1,NULL,NULL,25.3,25.3,NULL,北,4.4m/s,中潮,東 1.1m/s・凪,曇りのち時々晴れ,NULL,NULL,NULL,今日も一日、海上は凪模様に恵まれ、久しぶりにお天道様もお目見えいたし、本船、別船（仕立て船）共にシマアジ狙いで出船してまいり、今日も両船共に貸し竿さんが多くの戦いとなりましたが、今日は小型ながら、久しぶりにシマちゃんのお顔を見ることができましたよ〜！！！と、明日からもご予約表は非常に寂しい状況ですので、ご予約のお電話、お待ちしておりま〜す！！！,25.3℃,NULL,chowari/安田丸
安田丸,相浜,2026/09/13,1,0,メジナ,メジナ,サブ,メジナ,NULL,,,,0,,,,,NULL,千葉県 館山市 相浜港,NULL,NULL,1,NULL,NULL,25.3,25.3,NULL,北,4.4m/s,中潮,東 1.1m/s・凪,曇りのち時々晴れ,NULL,NULL,NULL,今日も一日、海上は凪模様に恵まれ、久しぶりにお天道様もお目見えいたし、本船、別船（仕立て船）共にシマアジ狙いで出船してまいり、今日も両船共に貸し竿さんが多くの戦いとなりましたが、今日は小型ながら、久しぶりにシマちゃんのお顔を見ることができましたよ〜！！！と、明日からもご予約表は非常に寂しい状況ですので、ご予約のお電話、お待ちしておりま〜す！！！,25.3℃,NULL,chowari/安田丸
安田丸,相浜,2026/09/14,1,0,アカハタ,ハタ,サブ,アカハタ,NULL,,,,0,,,,,NULL,千葉県 館山市 相浜港,NULL,NULL,1,NULL,NULL,25.8,25.8,NULL,南西,4.6m/s,中潮,東南東 1.1m/s・凪,晴れ後時々曇り,NULL,NULL,NULL,今日も一日、お天道様はカンカンに海上も凪模様に恵まれ、本船、別船（仕立て船）共にシマアジ狙いで出船してまいり、今日も潮の流れは良く、シマちゃん反応もどっさり出ておりましたが、今日は何が気に入らなかったかな〜？とあたりは悪く苦戦をしいられ、今日も数回、いいあたりはあったのですが、バレにやられ、今日は非常に悔しく、シマちゃんのお顔を見れず、明日へのリベンジとなってしまいました。明日はキャンセルもあり、今週はご予約表が非常に寂しい状況ですので、ご予約のお電話、お待ちしておりま〜す！！！,25.8℃,NULL,chowari/安田丸
安田丸,相浜,2026/09/14,1,0,イサキ,イサキ,メイン,イサキ,NULL,,,,0,,,,,NULL,千葉県 館山市 相浜港,NULL,NULL,1,NULL,NULL,25.8,25.8,NULL,南西,4.6m/s,中潮,東南東 1.1m/s・凪,晴れ後時々曇り,アカハタ・ウマ・カサゴ・ツムブリ・ニザダイ・ムロアジ・メイチダイ・メジナ,NULL,NULL,今日も一日、お天道様はカンカンに海上も凪模様に恵まれ、本船、別船（仕立て船）共にシマアジ狙いで出船してまいり、今日も潮の流れは良く、シマちゃん反応もどっさり出ておりましたが、今日は何が気に入らなかったかな〜？とあたりは悪く苦戦をしいられ、今日も数回、いいあたりはあったのですが、バレにやられ、今日は非常に悔しく、シマちゃんのお顔を見れず、明日へのリベンジとなってしまいました。明日はキャンセルもあり、今週はご予約表が非常に寂しい状況ですので、ご予約のお電話、お待ちしておりま〜す！！！,25.8℃,NULL,chowari/安田丸
安田丸,相浜,2026/09/14,1,0,ウマ,ウマヅラハギ,サブ,ウマ,NULL,,,,0,,,,,NULL,千葉県 館山市 相浜港,NULL,NULL,1,NULL,NULL,25.8,25.8,NULL,南西,4.6m/s,中潮,東南東 1.1m/s・凪,晴れ後時々曇り,NULL,NULL,NULL,今日も一日、お天道様はカンカンに海上も凪模様に恵まれ、本船、別船（仕立て船）共にシマアジ狙いで出船してまいり、今日も潮の流れは良く、シマちゃん反応もどっさり出ておりましたが、今日は何が気に入らなかったかな〜？とあたりは悪く苦戦をしいられ、今日も数回、いいあたりはあったのですが、バレにやられ、今日は非常に悔しく、シマちゃんのお顔を見れず、明日へのリベンジとなってしまいました。明日はキャンセルもあり、今週はご予約表が非常に寂しい状況ですので、ご予約のお電話、お待ちしておりま〜す！！！,25.8℃,NULL,chowari/安田丸
安田丸,相浜,2026/09/14,1,0,カサゴ,カサゴ,サブ,カサゴ,NULL,,,,0,,,,,NULL,千葉県 館山市 相浜港,NULL,NULL,1,NULL,NULL,25.8,25.8,NULL,南西,4.6m/s,中潮,東南東 1.1m/s・凪,晴れ後時々曇り,NULL,NULL,NULL,今日も一日、お天道様はカンカンに海上も凪模様に恵まれ、本船、別船（仕立て船）共にシマアジ狙いで出船してまいり、今日も潮の流れは良く、シマちゃん反応もどっさり出ておりましたが、今日は何が気に入らなかったかな〜？とあたりは悪く苦戦をしいられ、今日も数回、いいあたりはあったのですが、バレにやられ、今日は非常に悔しく、シマちゃんのお顔を見れず、明日へのリベンジとなってしまいました。明日はキャンセルもあり、今週はご予約表が非常に寂しい状況ですので、ご予約のお電話、お待ちしておりま〜す！！！,25.8℃,NULL,chowari/安田丸
安田丸,相浜,2026/09/14,1,0,ツムブリ,ブリ,サブ,ツムブリ,NULL,,,,0,,,,,NULL,千葉県 館山市 相浜港,NULL,NULL,1,NULL,NULL,25.8,25.8,NULL,南西,4.6m/s,中潮,東南東 1.1m/s・凪,晴れ後時々曇り,NULL,NULL,NULL,今日も一日、お天道様はカンカンに海上も凪模様に恵まれ、本船、別船（仕立て船）共にシマアジ狙いで出船してまいり、今日も潮の流れは良く、シマちゃん反応もどっさり出ておりましたが、今日は何が気に入らなかったかな〜？とあたりは悪く苦戦をしいられ、今日も数回、いいあたりはあったのですが、バレにやられ、今日は非常に悔しく、シマちゃんのお顔を見れず、明日へのリベンジとなってしまいました。明日はキャンセルもあり、今週はご予約表が非常に寂しい状況ですので、ご予約のお電話、お待ちしておりま〜す！！！,25.8℃,NULL,chowari/安田丸
安田丸,相浜,2026/09/14,1,0,ニザダイ,NULL,サブ,ニザダイ,NULL,,,,0,,,,,NULL,千葉県 館山市 相浜港,NULL,NULL,1,NULL,NULL,25.8,25.8,NULL,南西,4.6m/s,中潮,東南東 1.1m/s・凪,晴れ後時々曇り,NULL,NULL,NULL,今日も一日、お天道様はカンカンに海上も凪模様に恵まれ、本船、別船（仕立て船）共にシマアジ狙いで出船してまいり、今日も潮の流れは良く、シマちゃん反応もどっさり出ておりましたが、今日は何が気に入らなかったかな〜？とあたりは悪く苦戦をしいられ、今日も数回、いいあたりはあったのですが、バレにやられ、今日は非常に悔しく、シマちゃんのお顔を見れず、明日へのリベンジとなってしまいました。明日はキャンセルもあり、今週はご予約表が非常に寂しい状況ですので、ご予約のお電話、お待ちしておりま〜す！！！,25.8℃,NULL,chowari/安田丸
安田丸,相浜,2026/09/14,1,0,ムロアジ,アジ,サブ,ムロアジ,NULL,,,,0,,,,,NULL,千葉県 館山市 相浜港,NULL,NULL,1,NULL,NULL,25.8,25.8,NULL,南西,4.6m/s,中潮,東南東 1.1m/s・凪,晴れ後時々曇り,NULL,NULL,NULL,今日も一日、お天道様はカンカンに海上も凪模様に恵まれ、本船、別船（仕立て船）共にシマアジ狙いで出船してまいり、今日も潮の流れは良く、シマちゃん反応もどっさり出ておりましたが、今日は何が気に入らなかったかな〜？とあたりは悪く苦戦をしいられ、今日も数回、いいあたりはあったのですが、バレにやられ、今日は非常に悔しく、シマちゃんのお顔を見れず、明日へのリベンジとなってしまいました。明日はキャンセルもあり、今週はご予約表が非常に寂しい状況ですので、ご予約のお電話、お待ちしておりま〜す！！！,25.8℃,NULL,chowari/安田丸
安田丸,相浜,2026/09/14,1,0,メイチダイ,NULL,サブ,メイチダイ,NULL,,,,0,,,,,NULL,千葉県 館山市 相浜港,NULL,NULL,1,NULL,NULL,25.8,25.8,NULL,南西,4.6m/s,中潮,東南東 1.1m/s・凪,晴れ後時々曇り,NULL,NULL,NULL,今日も一日、お天道様はカンカンに海上も凪模様に恵まれ、本船、別船（仕立て船）共にシマアジ狙いで出船してまいり、今日も潮の流れは良く、シマちゃん反応もどっさり出ておりましたが、今日は何が気に入らなかったかな〜？とあたりは悪く苦戦をしいられ、今日も数回、いいあたりはあったのですが、バレにやられ、今日は非常に悔しく、シマちゃんのお顔を見れず、明日へのリベンジとなってしまいました。明日はキャンセルもあり、今週はご予約表が非常に寂しい状況ですので、ご予約のお電話、お待ちしておりま〜す！！！,25.8℃,NULL,chowari/安田丸
安田丸,相浜,2026/09/14,1,0,メジナ,メジナ,サブ,メジナ,NULL,,,,0,,,,,NULL,千葉県 館山市 相浜港,NULL,NULL,1,NULL,NULL,25.8,25.8,NULL,南西,4.6m/s,中潮,東南東 1.1m/s・凪,晴れ後時々曇り,NULL,NULL,NULL,今日も一日、お天道様はカンカンに海上も凪模様に恵まれ、本船、別船（仕立て船）共にシマアジ狙いで出船してまいり、今日も潮の流れは良く、シマちゃん反応もどっさり出ておりましたが、今日は何が気に入らなかったかな〜？とあたりは悪く苦戦をしいられ、今日も数回、いいあたりはあったのですが、バレにやられ、今日は非常に悔しく、シマちゃんのお顔を見れず、明日へのリベンジとなってしまいました。明日はキャンセルもあり、今週はご予約表が非常に寂しい状況ですので、ご予約のお電話、お待ちしておりま〜す！！！,25.8℃,NULL,chowari/安田丸
安田丸,相浜,2026/09/16,1,0,アカハタ,ハタ,サブ,アカハタ,NULL,,,,0,,,,,NULL,千葉県 館山市 相浜港,NULL,NULL,1,NULL,NULL,25.8,25.8,NULL,東南東,0.9m/s,中潮,東南東 1.2m/s・凪,雨,NULL,NULL,NULL,今日は一日、海上は雨降りさんになってしまいましたが、海上は凪模様に恵まれ、本船、お客様、3名様、別船（仕立て船）共にシマアジ狙いに出船してまいり、今日も潮の流れは良く、小物君のあたりも良く、ときおり、シマちゃんのいいあたりもあったのですが、今日もすっぽ抜けやハリス切れにやられてしまい、今日も非常に悔しく、シマちゃんに遊ばれてしまい、明日への敵討ちとなってしまいました。 明日は只今、ご予約者様、1名様待機中と今週もご予約表が非常に寂しい状況ですので、ご予約のお電話、お待ちしておりま〜す！！！,25.8℃,NULL,chowari/安田丸
安田丸,相浜,2026/09/16,1,0,イサキ,イサキ,サブ,イサキ,NULL,,,,0,,,,,NULL,千葉県 館山市 相浜港,NULL,NULL,1,NULL,NULL,25.8,25.8,NULL,東南東,0.9m/s,中潮,東南東 1.2m/s・凪,雨,NULL,NULL,NULL,今日は一日、海上は雨降りさんになってしまいましたが、海上は凪模様に恵まれ、本船、お客様、3名様、別船（仕立て船）共にシマアジ狙いに出船してまいり、今日も潮の流れは良く、小物君のあたりも良く、ときおり、シマちゃんのいいあたりもあったのですが、今日もすっぽ抜けやハリス切れにやられてしまい、今日も非常に悔しく、シマちゃんに遊ばれてしまい、明日への敵討ちとなってしまいました。 明日は只今、ご予約者様、1名様待機中と今週もご予約表が非常に寂しい状況ですので、ご予約のお電話、お待ちしておりま〜す！！！,25.8℃,NULL,chowari/安田丸
安田丸,相浜,2026/09/16,1,0,ウマ,ウマヅラハギ,サブ,ウマ,NULL,,,,0,,,,,NULL,千葉県 館山市 相浜港,NULL,NULL,1,NULL,NULL,25.8,25.8,NULL,東南東,0.9m/s,中潮,東南東 1.2m/s・凪,雨,NULL,NULL,NULL,今日は一日、海上は雨降りさんになってしまいましたが、海上は凪模様に恵まれ、本船、お客様、3名様、別船（仕立て船）共にシマアジ狙いに出船してまいり、今日も潮の流れは良く、小物君のあたりも良く、ときおり、シマちゃんのいいあたりもあったのですが、今日もすっぽ抜けやハリス切れにやられてしまい、今日も非常に悔しく、シマちゃんに遊ばれてしまい、明日への敵討ちとなってしまいました。 明日は只今、ご予約者様、1名様待機中と今週もご予約表が非常に寂しい状況ですので、ご予約のお電話、お待ちしておりま〜す！！！,25.8℃,NULL,chowari/安田丸
安田丸,相浜,2026/09/16,1,0,カンダイ,NULL,サブ,カンダイ,NULL,,,,0,,,,,NULL,千葉県 館山市 相浜港,NULL,NULL,1,NULL,NULL,25.8,25.8,NULL,東南東,0.9m/s,中潮,東南東 1.2m/s・凪,雨,NULL,NULL,NULL,今日は一日、海上は雨降りさんになってしまいましたが、海上は凪模様に恵まれ、本船、お客様、3名様、別船（仕立て船）共にシマアジ狙いに出船してまいり、今日も潮の流れは良く、小物君のあたりも良く、ときおり、シマちゃんのいいあたりもあったのですが、今日もすっぽ抜けやハリス切れにやられてしまい、今日も非常に悔しく、シマちゃんに遊ばれてしまい、明日への敵討ちとなってしまいました。 明日は只今、ご予約者様、1名様待機中と今週もご予約表が非常に寂しい状況ですので、ご予約のお電話、お待ちしておりま〜す！！！,25.8℃,NULL,chowari/安田丸
安田丸,相浜,2026/09/16,1,0,ツムブリ,ブリ,サブ,ツムブリ,NULL,,,,0,,,,,NULL,千葉県 館山市 相浜港,NULL,NULL,1,NULL,NULL,25.8,25.8,NULL,東南東,0.9m/s,中潮,東南東 1.2m/s・凪,雨,NULL,NULL,NULL,今日は一日、海上は雨降りさんになってしまいましたが、海上は凪模様に恵まれ、本船、お客様、3名様、別船（仕立て船）共にシマアジ狙いに出船してまいり、今日も潮の流れは良く、小物君のあたりも良く、ときおり、シマちゃんのいいあたりもあったのですが、今日もすっぽ抜けやハリス切れにやられてしまい、今日も非常に悔しく、シマちゃんに遊ばれてしまい、明日への敵討ちとなってしまいました。 明日は只今、ご予約者様、1名様待機中と今週もご予約表が非常に寂しい状況ですので、ご予約のお電話、お待ちしておりま〜す！！！,25.8℃,NULL,chowari/安田丸
安田丸,相浜,2026/09/16,1,0,マダイ,マダイ,メイン,マダイ,NULL,,,,0,,,,,NULL,千葉県 館山市 相浜港,NULL,NULL,1,NULL,NULL,25.8,25.8,NULL,東南東,0.9m/s,中潮,東南東 1.2m/s・凪,雨,アカハタ・イサキ・ウマ・カンダイ・ツムブリ・ムロアジ・メイチダイ・メジナ,NULL,NULL,今日は一日、海上は雨降りさんになってしまいましたが、海上は凪模様に恵まれ、本船、お客様、3名様、別船（仕立て船）共にシマアジ狙いに出船してまいり、今日も潮の流れは良く、小物君のあたりも良く、ときおり、シマちゃんのいいあたりもあったのですが、今日もすっぽ抜けやハリス切れにやられてしまい、今日も非常に悔しく、シマちゃんに遊ばれてしまい、明日への敵討ちとなってしまいました。 明日は只今、ご予約者様、1名様待機中と今週もご予約表が非常に寂しい状況ですので、ご予約のお電話、お待ちしておりま〜す！！！,25.8℃,NULL,chowari/安田丸
安田丸,相浜,2026/09/16,1,0,ムロアジ,アジ,サブ,ムロアジ,NULL,,,,0,,,,,NULL,千葉県 館山市 相浜港,NULL,NULL,1,NULL,NULL,25.8,25.8,NULL,東南東,0.9m/s,中潮,東南東 1.2m/s・凪,雨,NULL,NULL,NULL,今日は一日、海上は雨降りさんになってしまいましたが、海上は凪模様に恵まれ、本船、お客様、3名様、別船（仕立て船）共にシマアジ狙いに出船してまいり、今日も潮の流れは良く、小物君のあたりも良く、ときおり、シマちゃんのいいあたりもあったのですが、今日もすっぽ抜けやハリス切れにやられてしまい、今日も非常に悔しく、シマちゃんに遊ばれてしまい、明日への敵討ちとなってしまいました。 明日は只今、ご予約者様、1名様待機中と今週もご予約表が非常に寂しい状況ですので、ご予約のお電話、お待ちしておりま〜す！！！,25.8℃,NULL,chowari/安田丸
安田丸,相浜,2026/09/16,1,0,メイチダイ,NULL,サブ,メイチダイ,NULL,,,,0,,,,,NULL,千葉県 館山市 相浜港,NULL,NULL,1,NULL,NULL,25.8,25.8,NULL,東南東,0.9m/s,中潮,東南東 1.2m/s・凪,雨,NULL,NULL,NULL,今日は一日、海上は雨降りさんになってしまいましたが、海上は凪模様に恵まれ、本船、お客様、3名様、別船（仕立て船）共にシマアジ狙いに出船してまいり、今日も潮の流れは良く、小物君のあたりも良く、ときおり、シマちゃんのいいあたりもあったのですが、今日もすっぽ抜けやハリス切れにやられてしまい、今日も非常に悔しく、シマちゃんに遊ばれてしまい、明日への敵討ちとなってしまいました。 明日は只今、ご予約者様、1名様待機中と今週もご予約表が非常に寂しい状況ですので、ご予約のお電話、お待ちしておりま〜す！！！,25.8℃,NULL,chowari/安田丸
安田丸,相浜,2026/09/16,1,0,メジナ,メジナ,サブ,メジナ,NULL,,,,0,,,,,NULL,千葉県 館山市 相浜港,NULL,NULL,1,NULL,NULL,25.8,25.8,NULL,東南東,0.9m/s,中潮,東南東 1.2m/s・凪,雨,NULL,NULL,NULL,今日は一日、海上は雨降りさんになってしまいましたが、海上は凪模様に恵まれ、本船、お客様、3名様、別船（仕立て船）共にシマアジ狙いに出船してまいり、今日も潮の流れは良く、小物君のあたりも良く、ときおり、シマちゃんのいいあたりもあったのですが、今日もすっぽ抜けやハリス切れにやられてしまい、今日も非常に悔しく、シマちゃんに遊ばれてしまい、明日への敵討ちとなってしまいました。 明日は只今、ご予約者様、1名様待機中と今週もご予約表が非常に寂しい状況ですので、ご予約のお電話、お待ちしておりま〜す！！！,25.8℃,NULL,chowari/安田丸
安田丸,相浜,2026/09/18,1,0,アカハタ,ハタ,サブ,アカハタ,NULL,,,,0,,,,,NULL,千葉県 館山市 相浜港,NULL,NULL,1,NULL,NULL,25.9,25.9,NULL,北北東,10.3m/s,小潮,東 1.7m/s,曇り,NULL,NULL,NULL,今日まだまだ、台風の影響もなく、ご乗船者様、3名様で寂しくシマアジ狙いに出船してまいり、今日も潮の流れは良く、ときおり、シマちゃんのいいあたりもあったのですが、今日もシマちゃんにしてやられてしまい、今日も残念ながらシマちゃんに遊ばれ、明日へのリベンジとなってしまいました。明日までは台風の影響もなく、出船できそうですので、ご予約のお電話、お待ちしておりま〜す！！！ 尚、日曜日より、台風通過までお休みとなりそうですので、ご予約されているお客様、ご連絡いただければ助かります。,25.9℃,NULL,chowari/安田丸
安田丸,相浜,2026/09/18,1,0,イサキ,イサキ,メイン,イサキ,NULL,,,,0,,,,,NULL,千葉県 館山市 相浜港,NULL,NULL,1,NULL,NULL,25.9,25.9,NULL,北北東,10.3m/s,小潮,東 1.7m/s,曇り,アカハタ・ウマ・ツムブリ・ムロアジ・メイチダイ・メジナ,NULL,NULL,今日まだまだ、台風の影響もなく、ご乗船者様、3名様で寂しくシマアジ狙いに出船してまいり、今日も潮の流れは良く、ときおり、シマちゃんのいいあたりもあったのですが、今日もシマちゃんにしてやられてしまい、今日も残念ながらシマちゃんに遊ばれ、明日へのリベンジとなってしまいました。明日までは台風の影響もなく、出船できそうですので、ご予約のお電話、お待ちしておりま〜す！！！ 尚、日曜日より、台風通過までお休みとなりそうですので、ご予約されているお客様、ご連絡いただければ助かります。,25.9℃,NULL,chowari/安田丸
安田丸,相浜,2026/09/18,1,0,ウマ,ウマヅラハギ,サブ,ウマ,NULL,,,,0,,,,,NULL,千葉県 館山市 相浜港,NULL,NULL,1,NULL,NULL,25.9,25.9,NULL,北北東,10.3m/s,小潮,東 1.7m/s,曇り,NULL,NULL,NULL,今日まだまだ、台風の影響もなく、ご乗船者様、3名様で寂しくシマアジ狙いに出船してまいり、今日も潮の流れは良く、ときおり、シマちゃんのいいあたりもあったのですが、今日もシマちゃんにしてやられてしまい、今日も残念ながらシマちゃんに遊ばれ、明日へのリベンジとなってしまいました。明日までは台風の影響もなく、出船できそうですので、ご予約のお電話、お待ちしておりま〜す！！！ 尚、日曜日より、台風通過までお休みとなりそうですので、ご予約されているお客様、ご連絡いただければ助かります。,25.9℃,NULL,chowari/安田丸
安田丸,相浜,2026/09/18,1,0,ツムブリ,ブリ,サブ,ツムブリ,NULL,,,,0,,,,,NULL,千葉県 館山市 相浜港,NULL,NULL,1,NULL,NULL,25.9,25.9,NULL,北北東,10.3m/s,小潮,東 1.7m/s,曇り,NULL,NULL,NULL,今日まだまだ、台風の影響もなく、ご乗船者様、3名様で寂しくシマアジ狙いに出船してまいり、今日も潮の流れは良く、ときおり、シマちゃんのいいあたりもあったのですが、今日もシマちゃんにしてやられてしまい、今日も残念ながらシマちゃんに遊ばれ、明日へのリベンジとなってしまいました。明日までは台風の影響もなく、出船できそうですので、ご予約のお電話、お待ちしておりま〜す！！！ 尚、日曜日より、台風通過までお休みとなりそうですので、ご予約されているお客様、ご連絡いただければ助かります。,25.9℃,NULL,chowari/安田丸
安田丸,相浜,2026/09/18,1,0,ムロアジ,アジ,サブ,ムロアジ,NULL,,,,0,,,,,NULL,千葉県 館山市 相浜港,NULL,NULL,1,NULL,NULL,25.9,25.9,NULL,北北東,10.3m/s,小潮,東 1.7m/s,曇り,NULL,NULL,NULL,今日まだまだ、台風の影響もなく、ご乗船者様、3名様で寂しくシマアジ狙いに出船してまいり、今日も潮の流れは良く、ときおり、シマちゃんのいいあたりもあったのですが、今日もシマちゃんにしてやられてしまい、今日も残念ながらシマちゃんに遊ばれ、明日へのリベンジとなってしまいました。明日までは台風の影響もなく、出船できそうですので、ご予約のお電話、お待ちしておりま〜す！！！ 尚、日曜日より、台風通過までお休みとなりそうですので、ご予約されているお客様、ご連絡いただければ助かります。,25.9℃,NULL,chowari/安田丸
安田丸,相浜,2026/09/18,1,0,メイチダイ,NULL,サブ,メイチダイ,NULL,,,,0,,,,,NULL,千葉県 館山市 相浜港,NULL,NULL,1,NULL,NULL,25.9,25.9,NULL,北北東,10.3m/s,小潮,東 1.7m/s,曇り,NULL,NULL,NULL,今日まだまだ、台風の影響もなく、ご乗船者様、3名様で寂しくシマアジ狙いに出船してまいり、今日も潮の流れは良く、ときおり、シマちゃんのいいあたりもあったのですが、今日もシマちゃんにしてやられてしまい、今日も残念ながらシマちゃんに遊ばれ、明日へのリベンジとなってしまいました。明日までは台風の影響もなく、出船できそうですので、ご予約のお電話、お待ちしておりま〜す！！！ 尚、日曜日より、台風通過までお休みとなりそうですので、ご予約されているお客様、ご連絡いただければ助かります。,25.9℃,NULL,chowari/安田丸
安田丸,相浜,2026/09/18,1,0,メジナ,メジナ,サブ,メジナ,NULL,,,,0,,,,,NULL,千葉県 館山市 相浜港,NULL,NULL,1,NULL,NULL,25.9,25.9,NULL,北北東,10.3m/s,小潮,東 1.7m/s,曇り,NULL,NULL,NULL,今日まだまだ、台風の影響もなく、ご乗船者様、3名様で寂しくシマアジ狙いに出船してまいり、今日も潮の流れは良く、ときおり、シマちゃんのいいあたりもあったのですが、今日もシマちゃんにしてやられてしまい、今日も残念ながらシマちゃんに遊ばれ、明日へのリベンジとなってしまいました。明日までは台風の影響もなく、出船できそうですので、ご予約のお電話、お待ちしておりま〜す！！！ 尚、日曜日より、台風通過までお休みとなりそうですので、ご予約されているお客様、ご連絡いただければ助かります。,25.9℃,NULL,chowari/安田丸
安菜丸,網代港,2026/09/12,1,0,アジ,アジ,サブ,アジ,NULL,2.0,8.0,5.0,0,25.0,40.0,,,NULL,静岡県 熱海市 網代港,NULL,NULL,1,NULL,NULL,26.8,26.8,NULL,北東,3.5m/s,大潮,東南東 0.6m/s,曇り,NULL,NULL,NULL,貸し竿さんでコマセ五目で出船他イトヨリレンコダイなど午後は潮がマッタリでアジとイトヨリ顔見ただけでした,26.8℃,NULL,chowari/安菜丸
安菜丸,網代港,2026/09/12,1,0,アマダイ,アマダイ,サブ,アマダイ,NULL,0.0,2.0,1.0,0,30.0,35.0,,,NULL,静岡県 熱海市 網代港,NULL,NULL,1,NULL,NULL,26.8,26.8,NULL,北東,3.5m/s,大潮,東南東 0.6m/s,曇り,NULL,NULL,NULL,貸し竿さんでコマセ五目で出船他イトヨリレンコダイなど午後は潮がマッタリでアジとイトヨリ顔見ただけでした,26.8℃,NULL,chowari/安菜丸
安菜丸,網代港,2026/09/12,1,0,カンコ,カンコ,サブ,カンコ,NULL,2.0,2.0,2.0,0,,,1.0,1.2,NULL,静岡県 熱海市 網代港,NULL,NULL,1,NULL,NULL,26.8,26.8,NULL,北東,3.5m/s,大潮,東南東 0.6m/s,曇り,NULL,NULL,NULL,貸し竿さんでコマセ五目で出船他イトヨリレンコダイなど午後は潮がマッタリでアジとイトヨリ顔見ただけでした,26.8℃,NULL,chowari/安菜丸
安菜丸,網代港,2026/09/12,1,0,マダイ,マダイ,メイン,マダイ,NULL,1.0,1.0,1.0,0,,,1.0,1.0,NULL,静岡県 熱海市 網代港,NULL,NULL,1,NULL,NULL,26.8,26.8,NULL,北東,3.5m/s,大潮,東南東 0.6m/s,曇り,アジ・アマダイ・カンコ,NULL,NULL,貸し竿さんでコマセ五目で出船他イトヨリレンコダイなど午後は潮がマッタリでアジとイトヨリ顔見ただけでした,26.8℃,NULL,chowari/安菜丸
安菜丸,網代港,2026/09/13,1,0,アジ,アジ,メイン,アジ,NULL,7.0,7.0,7.0,0,25.0,35.0,,,NULL,静岡県 熱海市 網代港,NULL,NULL,1,NULL,NULL,26.1,26.1,NULL,北東,2.3m/s,中潮,東南東 0.6m/s,曇り,アマダイ・マダイ,NULL,NULL,コマセ五目で出船朝一から潮が行ってポッツリ後半マッタリって感じでした他イトヨリレンコダイなど,26.1℃,NULL,chowari/安菜丸
安菜丸,網代港,2026/09/13,1,0,アマダイ,アマダイ,サブ,アマダイ,NULL,2.0,2.0,2.0,0,30.0,30.0,,,NULL,静岡県 熱海市 網代港,NULL,NULL,1,NULL,NULL,26.1,26.1,NULL,北東,2.3m/s,中潮,東南東 0.6m/s,曇り,NULL,NULL,NULL,コマセ五目で出船朝一から潮が行ってポッツリ後半マッタリって感じでした他イトヨリレンコダイなど,26.1℃,NULL,chowari/安菜丸
安菜丸,網代港,2026/09/13,1,0,マダイ,マダイ,サブ,マダイ,NULL,1.0,1.0,1.0,0,,,0.5,0.5,NULL,静岡県 熱海市 網代港,NULL,NULL,1,NULL,NULL,26.1,26.1,NULL,北東,2.3m/s,中潮,東南東 0.6m/s,曇り,NULL,NULL,NULL,コマセ五目で出船朝一から潮が行ってポッツリ後半マッタリって感じでした他イトヨリレンコダイなど,26.1℃,NULL,chowari/安菜丸
富八丸,宇佐美港,2026/09/01,1,0,マダイ,マダイ,メイン,マダイ,NULL,1.0,1.0,1.0,0,,,0.6,1.6,NULL,静岡県 伊東市 宇佐美港,NULL,NULL,1,NULL,NULL,27.2,27.2,NULL,北東,3.3m/s,中潮,東南東 0.5m/s,晴れ後時々曇り,,NULL,NULL,今日ははじめから終わりまでソーダに邪魔され苦戦しました。,27.2℃,NULL,chowari/富八丸
富八丸,宇佐美港,2026/09/02,1,0,アジ,アジ,サブ,アジ,NULL,,,,0,,,,,NULL,静岡県 伊東市 宇佐美港,NULL,NULL,1,NULL,NULL,27.7,27.7,NULL,東,1.2m/s,中潮,東南東 0.5m/s,晴れ後時々曇り,NULL,NULL,NULL,やりはじめ当たりましたがソーダが回ってあと苦戦しましたアジ、ハナダイがまじりました。,27.7℃,NULL,chowari/富八丸
富八丸,宇佐美港,2026/09/02,1,0,ハナダイ,ハナダイ,サブ,ハナダイ,NULL,,,,0,,,,,NULL,静岡県 伊東市 宇佐美港,NULL,NULL,1,NULL,NULL,27.7,27.7,NULL,東,1.2m/s,中潮,東南東 0.5m/s,晴れ後時々曇り,NULL,NULL,NULL,やりはじめ当たりましたがソーダが回ってあと苦戦しましたアジ、ハナダイがまじりました。,27.7℃,NULL,chowari/富八丸
富八丸,宇佐美港,2026/09/02,1,0,マダイ,マダイ,メイン,マダイ,NULL,0.0,3.0,1.5,0,,,0.7,1.3,NULL,静岡県 伊東市 宇佐美港,NULL,NULL,1,NULL,NULL,27.7,27.7,NULL,東,1.2m/s,中潮,東南東 0.5m/s,晴れ後時々曇り,アジ・ハナダイ,NULL,NULL,やりはじめ当たりましたがソーダが回ってあと苦戦しましたアジ、ハナダイがまじりました。,27.7℃,NULL,chowari/富八丸
富八丸,宇佐美港,2026/09/03,1,0,マダイ,マダイ,メイン,マダイ,NULL,0.0,1.0,0.5,0,,,0.6,0.6,NULL,静岡県 伊東市 宇佐美港,NULL,NULL,1,NULL,NULL,27.7,27.7,NULL,南西,2.4m/s,小潮,東南東 0.5m/s,曇り,,NULL,NULL,今日は食い渋く苦戦。,27.7℃,NULL,chowari/富八丸
富八丸,宇佐美港,2026/09/04,1,0,マダイ,マダイ,メイン,マダイ,NULL,1.0,3.0,2.0,0,,,1.0,1.2,NULL,静岡県 伊東市 宇佐美港,NULL,NULL,1,NULL,NULL,28.0,28.0,NULL,北,1.6m/s,小潮,南東 0.5m/s,曇りのち一時雨,,NULL,NULL,今日もソーダが邪魔してやりずらかった。,28.0℃,NULL,chowari/富八丸
富八丸,宇佐美港,2026/09/12,1,0,アジ,アジ,サブ,アジ,NULL,,,,0,,,,,NULL,静岡県 伊東市 宇佐美港,NULL,NULL,1,NULL,NULL,26.8,26.8,NULL,北東,3.5m/s,大潮,東南東 0.6m/s,曇り,NULL,NULL,NULL,今日は真鯛は顔見れずカイワリ、小型のヒラマサ、アジ、イナダあがりました。,26.8℃,NULL,chowari/富八丸
富八丸,宇佐美港,2026/09/12,1,0,イナダ,イナダ,メイン,イナダ,NULL,,,,0,,,,,NULL,静岡県 伊東市 宇佐美港,NULL,NULL,1,NULL,NULL,26.8,26.8,NULL,北東,3.5m/s,大潮,東南東 0.6m/s,曇り,アジ・カイワリ・ヒラマサ,NULL,NULL,今日は真鯛は顔見れずカイワリ、小型のヒラマサ、アジ、イナダあがりました。,26.8℃,NULL,chowari/富八丸
富八丸,宇佐美港,2026/09/12,1,0,カイワリ,カイワリ,サブ,カイワリ,NULL,,,,0,,,,,NULL,静岡県 伊東市 宇佐美港,NULL,NULL,1,NULL,NULL,26.8,26.8,NULL,北東,3.5m/s,大潮,東南東 0.6m/s,曇り,NULL,NULL,NULL,今日は真鯛は顔見れずカイワリ、小型のヒラマサ、アジ、イナダあがりました。,26.8℃,NULL,chowari/富八丸
富八丸,宇佐美港,2026/09/12,1,0,ヒラマサ,ヒラマサ,サブ,ヒラマサ,NULL,,,,0,,,,,NULL,静岡県 伊東市 宇佐美港,NULL,NULL,1,NULL,NULL,26.8,26.8,NULL,北東,3.5m/s,大潮,東南東 0.6m/s,曇り,NULL,NULL,NULL,今日は真鯛は顔見れずカイワリ、小型のヒラマサ、アジ、イナダあがりました。,26.8℃,NULL,chowari/富八丸
富八丸,宇佐美港,2026/09/13,1,0,アジ,アジ,サブ,アジ,NULL,,,,0,,,,,NULL,静岡県 伊東市 宇佐美港,NULL,NULL,1,NULL,NULL,26.1,26.1,NULL,北東,2.3m/s,中潮,東南東 0.6m/s,曇り,NULL,NULL,NULL,今日もソーダがすごくて苦戦途中から鯖も回って場所移動して顔だけ見れました、アジ、イサキがまじりました。,26.1℃,NULL,chowari/富八丸
富八丸,宇佐美港,2026/09/13,1,0,イサキ,イサキ,サブ,イサキ,NULL,,,,0,,,,,NULL,静岡県 伊東市 宇佐美港,NULL,NULL,1,NULL,NULL,26.1,26.1,NULL,北東,2.3m/s,中潮,東南東 0.6m/s,曇り,NULL,NULL,NULL,今日もソーダがすごくて苦戦途中から鯖も回って場所移動して顔だけ見れました、アジ、イサキがまじりました。,26.1℃,NULL,chowari/富八丸
富八丸,宇佐美港,2026/09/13,1,0,マダイ,マダイ,メイン,マダイ,NULL,0.0,1.0,0.5,0,,,1.1,1.1,NULL,静岡県 伊東市 宇佐美港,NULL,NULL,1,NULL,NULL,26.1,26.1,NULL,北東,2.3m/s,中潮,東南東 0.6m/s,曇り,アジ・イサキ,NULL,NULL,今日もソーダがすごくて苦戦途中から鯖も回って場所移動して顔だけ見れました、アジ、イサキがまじりました。,26.1℃,NULL,chowari/富八丸
富八丸,宇佐美港,2026/09/16,1,0,アジ,アジ,サブ,アジ,NULL,,,,0,,,,,NULL,静岡県 伊東市 宇佐美港,NULL,NULL,1,NULL,NULL,26.4,26.4,NULL,北東,3.3m/s,中潮,東南東 0.6m/s,雨,NULL,NULL,NULL,ソーダと小サバが最後まで邪魔して苦戦しました。,26.4℃,NULL,chowari/富八丸
富八丸,宇佐美港,2026/09/16,1,0,イナダ,イナダ,メイン,イナダ,NULL,,,,0,,,,,NULL,静岡県 伊東市 宇佐美港,NULL,NULL,1,NULL,NULL,26.4,26.4,NULL,北東,3.3m/s,中潮,東南東 0.6m/s,雨,アジ・マダイ・ワラサ,NULL,NULL,ソーダと小サバが最後まで邪魔して苦戦しました。,26.4℃,NULL,chowari/富八丸
富八丸,宇佐美港,2026/09/16,1,0,マダイ,マダイ,サブ,マダイ,NULL,0.0,1.0,0.5,0,,,1.1,1.1,NULL,静岡県 伊東市 宇佐美港,NULL,NULL,1,NULL,NULL,26.4,26.4,NULL,北東,3.3m/s,中潮,東南東 0.6m/s,雨,NULL,NULL,NULL,ソーダと小サバが最後まで邪魔して苦戦しました。,26.4℃,NULL,chowari/富八丸
富八丸,宇佐美港,2026/09/16,1,0,ワラサ,ワラサ,サブ,ワラサ,NULL,,,,0,,,,,NULL,静岡県 伊東市 宇佐美港,NULL,NULL,1,NULL,NULL,26.4,26.4,NULL,北東,3.3m/s,中潮,東南東 0.6m/s,雨,NULL,NULL,NULL,ソーダと小サバが最後まで邪魔して苦戦しました。,26.4℃,NULL,chowari/富八丸
富士丸,大原港,2026/09/01,1,0,カサゴ,カサゴ,サブ,カサゴ,NULL,,,,0,,,,,NULL,千葉県 いすみ市 大原港,NULL,NULL,1,NULL,NULL,28.0,28.0,NULL,北東,3.1m/s,中潮,東 1.3m/s,曇り,NULL,NULL,NULL,マダイ船。マダイ、カサゴ、ハタなどが釣れました。,28.0℃,NULL,chowari/富士丸
富士丸,大原港,2026/09/01,1,0,ハタ,ハタ,サブ,ハタ,NULL,,,,0,,,,,NULL,千葉県 いすみ市 大原港,NULL,NULL,1,NULL,NULL,28.0,28.0,NULL,北東,3.1m/s,中潮,東 1.3m/s,曇り,NULL,NULL,NULL,マダイ船。マダイ、カサゴ、ハタなどが釣れました。,28.0℃,NULL,chowari/富士丸
富士丸,大原港,2026/09/01,1,0,マダイ,マダイ,メイン,マダイ,NULL,1.0,8.0,4.5,0,,,0.4,6.0,NULL,千葉県 いすみ市 大原港,NULL,NULL,1,NULL,NULL,28.0,28.0,NULL,北東,3.1m/s,中潮,東 1.3m/s,曇り,カサゴ・ハタ,NULL,NULL,マダイ船。マダイ、カサゴ、ハタなどが釣れました。,28.0℃,NULL,chowari/富士丸
富士丸,大原港,2026/09/02,1,0,カサゴ,カサゴ,サブ,カサゴ,NULL,,,,0,,,,,NULL,千葉県 いすみ市 大原港,NULL,NULL,1,NULL,NULL,28.5,28.5,NULL,南東,1.7m/s,中潮,東 1.2m/s,曇り時々晴れ,NULL,NULL,NULL,マダイ船。マダイ、カサゴ、ハタなどが釣れました。,28.5℃,NULL,chowari/富士丸
富士丸,大原港,2026/09/02,1,0,ハタ,ハタ,サブ,ハタ,NULL,,,,0,,,,,NULL,千葉県 いすみ市 大原港,NULL,NULL,1,NULL,NULL,28.5,28.5,NULL,南東,1.7m/s,中潮,東 1.2m/s,曇り時々晴れ,NULL,NULL,NULL,マダイ船。マダイ、カサゴ、ハタなどが釣れました。,28.5℃,NULL,chowari/富士丸
富士丸,大原港,2026/09/02,1,0,マダイ,マダイ,メイン,マダイ,NULL,4.0,8.0,6.0,0,,,0.4,2.0,NULL,千葉県 いすみ市 大原港,NULL,NULL,1,NULL,NULL,28.5,28.5,NULL,南東,1.7m/s,中潮,東 1.2m/s,曇り時々晴れ,カサゴ・ハタ,NULL,NULL,マダイ船。マダイ、カサゴ、ハタなどが釣れました。,28.5℃,NULL,chowari/富士丸
富士丸,大原港,2026/09/04,1,0,ウマヅラハギ,ウマヅラハギ,サブ,ウマヅラハギ,NULL,,,,0,,,,,NULL,千葉県 いすみ市 大原港,NULL,NULL,1,NULL,NULL,28.8,28.8,NULL,北北東,1.6m/s,小潮,南東 0.9m/s,雨時々止む,NULL,NULL,NULL,マダイ、ハタ、カサゴ、ウマヅラハギなどが釣れました。,28.8℃,NULL,chowari/富士丸
富士丸,大原港,2026/09/04,1,0,カサゴ,カサゴ,サブ,カサゴ,NULL,,,,0,,,,,NULL,千葉県 いすみ市 大原港,NULL,NULL,1,NULL,NULL,28.8,28.8,NULL,北北東,1.6m/s,小潮,南東 0.9m/s,雨時々止む,NULL,NULL,NULL,マダイ、ハタ、カサゴ、ウマヅラハギなどが釣れました。,28.8℃,NULL,chowari/富士丸
富士丸,大原港,2026/09/04,1,0,ハタ,ハタ,サブ,ハタ,NULL,,,,0,,,,,NULL,千葉県 いすみ市 大原港,NULL,NULL,1,NULL,NULL,28.8,28.8,NULL,北北東,1.6m/s,小潮,南東 0.9m/s,雨時々止む,NULL,NULL,NULL,マダイ、ハタ、カサゴ、ウマヅラハギなどが釣れました。,28.8℃,NULL,chowari/富士丸
富士丸,大原港,2026/09/04,1,0,マダイ,マダイ,メイン,マダイ,NULL,1.0,6.0,3.5,0,,,0.3,1.3,NULL,千葉県 いすみ市 大原港,NULL,NULL,1,NULL,NULL,28.8,28.8,NULL,北北東,1.6m/s,小潮,南東 0.9m/s,雨時々止む,ウマヅラハギ・カサゴ・ハタ,NULL,NULL,マダイ、ハタ、カサゴ、ウマヅラハギなどが釣れました。,28.8℃,NULL,chowari/富士丸
富士丸,大原港,2026/09/05,1,0,ウマヅラハギ,ウマヅラハギ,サブ,ウマヅラハギ,NULL,,,,0,,,,,NULL,千葉県 いすみ市 大原港,NULL,NULL,1,NULL,NULL,28.3,28.3,NULL,東北東,2.3m/s,小潮,東南東 1.3m/s,曇り,NULL,NULL,NULL,マダイ船。マダイ、ハタ、カサゴ、ウマヅラハギなどが釣れました。,28.3℃,NULL,chowari/富士丸
富士丸,大原港,2026/09/05,1,0,カサゴ,カサゴ,サブ,カサゴ,NULL,,,,0,,,,,NULL,千葉県 いすみ市 大原港,NULL,NULL,1,NULL,NULL,28.3,28.3,NULL,東北東,2.3m/s,小潮,東南東 1.3m/s,曇り,NULL,NULL,NULL,マダイ船。マダイ、ハタ、カサゴ、ウマヅラハギなどが釣れました。,28.3℃,NULL,chowari/富士丸
富士丸,大原港,2026/09/05,1,0,ハタ,ハタ,サブ,ハタ,NULL,,,,0,,,,,NULL,千葉県 いすみ市 大原港,NULL,NULL,1,NULL,NULL,28.3,28.3,NULL,東北東,2.3m/s,小潮,東南東 1.3m/s,曇り,NULL,NULL,NULL,マダイ船。マダイ、ハタ、カサゴ、ウマヅラハギなどが釣れました。,28.3℃,NULL,chowari/富士丸
富士丸,大原港,2026/09/05,1,0,マダイ,マダイ,メイン,マダイ,NULL,0.0,7.0,3.5,0,,,0.4,2.5,NULL,千葉県 いすみ市 大原港,NULL,NULL,1,NULL,NULL,28.3,28.3,NULL,東北東,2.3m/s,小潮,東南東 1.3m/s,曇り,ウマヅラハギ・カサゴ・ハタ,NULL,NULL,マダイ船。マダイ、ハタ、カサゴ、ウマヅラハギなどが釣れました。,28.3℃,NULL,chowari/富士丸
富士丸,大原港,2026/09/12,1,0,カサゴ,カサゴ,サブ,カサゴ,NULL,,,,0,,,,,NULL,千葉県 いすみ市 大原港,NULL,NULL,1,NULL,NULL,26.8,26.8,NULL,北北東,3.3m/s,大潮,東 1.2m/s,曇り,NULL,NULL,NULL,午後マダイ船。マダイ、ハタ、カサゴ、カンダイなどが釣れました。,26.8℃,NULL,chowari/富士丸
富士丸,大原港,2026/09/12,1,0,カンダイ,NULL,サブ,カンダイ,NULL,,,,0,,,,,NULL,千葉県 いすみ市 大原港,NULL,NULL,1,NULL,NULL,26.8,26.8,NULL,北北東,3.3m/s,大潮,東 1.2m/s,曇り,NULL,NULL,NULL,午後マダイ船。マダイ、ハタ、カサゴ、カンダイなどが釣れました。,26.8℃,NULL,chowari/富士丸
富士丸,大原港,2026/09/12,1,0,ハタ,ハタ,サブ,ハタ,NULL,,,,0,,,,,NULL,千葉県 いすみ市 大原港,NULL,NULL,1,NULL,NULL,26.8,26.8,NULL,北北東,3.3m/s,大潮,東 1.2m/s,曇り,NULL,NULL,NULL,午後マダイ船。マダイ、ハタ、カサゴ、カンダイなどが釣れました。,26.8℃,NULL,chowari/富士丸
富士丸,大原港,2026/09/12,1,0,マダイ,マダイ,メイン,マダイ,NULL,1.0,10.0,5.5,0,,,0.4,1.0,NULL,千葉県 いすみ市 大原港,NULL,NULL,1,NULL,NULL,26.8,26.8,NULL,北北東,3.3m/s,大潮,東 1.2m/s,曇り,カサゴ・カンダイ・ハタ,NULL,NULL,午後マダイ船。マダイ、ハタ、カサゴ、カンダイなどが釣れました。,26.8℃,NULL,chowari/富士丸
富士丸,大原港,2026/09/12,2,0,マダイ,マダイ,メイン,マダイ,NULL,,,,0,,,,,NULL,千葉県 いすみ市 大原港,NULL,NULL,1,NULL,NULL,26.8,26.8,NULL,北北東,3.3m/s,大潮,東 1.2m/s,曇り,,NULL,NULL,マダイ船。マダイが釣れました。,26.8℃,NULL,chowari/富士丸
富士丸,大原港,2026/09/13,1,0,マダイ,マダイ,メイン,マダイ,NULL,0.0,16.0,8.0,0,,,0.4,5.3,NULL,千葉県 いすみ市 大原港,NULL,NULL,1,NULL,NULL,26.1,26.1,NULL,北,2.8m/s,中潮,東 1.2m/s,曇りのち時々晴れ,,NULL,NULL,マダイ船。マダイが釣れました。,26.1℃,NULL,chowari/富士丸
小林丸,品川区立会川勝島運河,2026/09/12,1,0,アジ,アジ,メイン,アジ,NULL,45.0,50.0,47.5,0,16.0,25.0,,,NULL,東京都 品川区 立会川勝島運河,NULL,NULL,1,NULL,NULL,27.5,27.5,NULL,北北東,4.9m/s,大潮,東北東 0.4m/s,曇り,,NULL,NULL,竿頭、地元の荒木さん。 平均的に釣れた。 カサゴ、黒鯛混じり。,27.5℃,NULL,chowari/小林丸
小林丸,品川区立会川勝島運河,2026/09/18,1,0,アジ,アジ,メイン,アジ,NULL,6.0,40.0,23.0,0,15.0,24.0,,,NULL,東京都 品川区 立会川勝島運河,NULL,NULL,1,NULL,NULL,25.6,25.6,NULL,北,8.9m/s,小潮,北 0.5m/s,曇り,,NULL,NULL,竿頭、地元の熊谷さん。 イシモチ、クロダイ混じった。,25.6℃,NULL,chowari/小林丸
山千丸,鹿島,2026/09/12,1,0,アジ,アジ,サブ,アジ,NULL,20.0,35.0,27.5,0,,,,,NULL,茨城県 鹿嶋市 鹿嶋旧港,NULL,NULL,1,NULL,NULL,24.5,24.5,NULL,北北東,3.1m/s,大潮,東北東 1.1m/s,曇り一時雨,NULL,NULL,NULL,根魚五目。 竿頭は、富里市の神崎様でした。,24.5℃,NULL,chowari/山千丸
山千丸,鹿島,2026/09/12,1,0,イナダ,イナダ,サブ,イナダ,NULL,,,,0,,,,,NULL,茨城県 鹿嶋市 鹿嶋旧港,NULL,NULL,1,NULL,NULL,24.5,24.5,NULL,北北東,3.1m/s,大潮,東北東 1.1m/s,曇り一時雨,NULL,NULL,NULL,根魚五目。 竿頭は、富里市の神崎様でした。,24.5℃,NULL,chowari/山千丸
山千丸,鹿島,2026/09/12,1,0,サバ,サバ,メイン,サバ,NULL,,,,0,,,,,NULL,茨城県 鹿嶋市 鹿嶋旧港,NULL,NULL,1,NULL,NULL,24.5,24.5,NULL,北北東,3.1m/s,大潮,東北東 1.1m/s,曇り一時雨,アジ・イナダ・ヒラメ・ワカシ,NULL,NULL,根魚五目。 竿頭は、富里市の神崎様でした。,24.5℃,NULL,chowari/山千丸
山千丸,鹿島,2026/09/12,1,0,ヒラメ,ヒラメ,サブ,ヒラメ,NULL,,,,0,,,,,NULL,茨城県 鹿嶋市 鹿嶋旧港,NULL,NULL,1,NULL,NULL,24.5,24.5,NULL,北北東,3.1m/s,大潮,東北東 1.1m/s,曇り一時雨,NULL,NULL,NULL,根魚五目。 竿頭は、富里市の神崎様でした。,24.5℃,NULL,chowari/山千丸
山千丸,鹿島,2026/09/12,1,0,ワカシ,イナダ,サブ,ワカシ,NULL,,,,0,,,,,NULL,茨城県 鹿嶋市 鹿嶋旧港,NULL,NULL,1,NULL,NULL,24.5,24.5,NULL,北北東,3.1m/s,大潮,東北東 1.1m/s,曇り一時雨,NULL,NULL,NULL,根魚五目。 竿頭は、富里市の神崎様でした。,24.5℃,NULL,chowari/山千丸
山大丸,清水港,2026/09/13,1,0,マダイ,マダイ,メイン,マダイ,NULL,1.0,1.0,1.0,0,,,0.7,0.7,NULL,静岡県 静岡市 清水港,NULL,NULL,1,NULL,NULL,25.8,25.8,NULL,東,0.8m/s,中潮,南 0.2m/s,曇り,,NULL,NULL,雨続きでなかなかタイミング合わず、久しぶりにお客様との出船でした。 反応は見えるも口使わず。辛うじて1枚ゲットしましたが、お土産も少なく残念。 今後も人数集まり次第出船予定です！また天候良くない日続くようで... シルバーウィークもまだガラガラですので、御予約お待ちしております！！ 10月からはシロアマダイ船スタート！ワクワク、ドキドキですが、ありがたいことに御予約はいただいております。楽しめるシーズンになれば良いですね！今後も御予約はいつでも受け付けております。,25.8℃,NULL,chowari/山大丸
島きち丸,片瀬漁港,2026/09/02,1,0,アマダイ,アマダイ,メイン,アマダイ,NULL,0.0,6.0,3.0,0,23.0,46.0,,,NULL,神奈川県 藤沢市 片瀬漁港,NULL,NULL,1,NULL,NULL,27.7,27.7,NULL,南南東,1.3m/s,中潮,南南東 0.3m/s,曇り時々晴れ,,NULL,NULL,良型まじる！ 白アマダイもまじりました！ 外道；イトヨリ・ヒメコダイ・ガンゾウ,27.7℃,NULL,chowari/島きち丸
島きち丸,片瀬漁港,2026/09/02,1,0,キハダ,キハダマグロ,メイン,キハダ,NULL,1.0,1.0,1.0,0,,,42.5,42.5,NULL,神奈川県 藤沢市 片瀬漁港,NULL,NULL,1,NULL,NULL,27.7,27.7,NULL,南南東,1.3m/s,中潮,南南東 0.3m/s,曇り時々晴れ,,NULL,NULL,やりました👏👏👏 初マグロGET❗❗ 明日のチャレンジャー大募集👍️,27.7℃,NULL,chowari/島きち丸
島きち丸,片瀬漁港,2026/09/02,2,0,アマダイ,アマダイ,メイン,アマダイ,NULL,0.0,6.0,3.0,0,23.0,46.0,,,NULL,神奈川県 藤沢市 片瀬漁港,NULL,NULL,1,NULL,NULL,27.7,27.7,NULL,南南東,1.3m/s,中潮,南南東 0.3m/s,曇り時々晴れ,,NULL,NULL,良型まじる！ 白アマダイもまじりました！ 外道；イトヨリ・ヒメコダイ・ガンゾウ,27.7℃,NULL,chowari/島きち丸
島きち丸,片瀬漁港,2026/09/03,1,0,イナダ,イナダ,メイン,イナダ,NULL,0.0,5.0,2.5,0,37.0,43.0,,,NULL,神奈川県 藤沢市 片瀬漁港,NULL,NULL,1,NULL,NULL,27.7,27.7,NULL,南,3.1m/s,小潮,南 0.5m/s,曇りのち一時雨,,NULL,NULL,ＬＴルアー船 今日はイナダ！ スマガツオ・カマス・ハタまじる！,27.7℃,NULL,chowari/島きち丸
島きち丸,片瀬漁港,2026/09/04,1,0,イナダ,イナダ,サブ,イナダ,NULL,0.0,10.0,5.0,0,30.0,40.0,,,NULL,神奈川県 藤沢市 片瀬漁港,NULL,NULL,1,NULL,NULL,28.0,28.0,NULL,北,2.1m/s,小潮,南 0.6m/s,雨時々止む,NULL,NULL,NULL,ＬＴルアー船 豆アジ多数！ カンパチ・ホウボウ・カサゴ・サバ,28.0℃,NULL,chowari/島きち丸
島きち丸,片瀬漁港,2026/09/04,1,0,カマス,カマス,メイン,カマス,NULL,5.0,15.0,10.0,0,21.0,27.0,,,NULL,神奈川県 藤沢市 片瀬漁港,NULL,NULL,1,NULL,NULL,28.0,28.0,NULL,北,2.1m/s,小潮,南 0.6m/s,雨時々止む,イナダ,NULL,NULL,ＬＴルアー船 豆アジ多数！ カンパチ・ホウボウ・カサゴ・サバ,28.0℃,NULL,chowari/島きち丸
島きち丸,片瀬漁港,2026/09/05,1,0,アマダイ,アマダイ,メイン,アマダイ,NULL,3.0,6.0,4.5,0,25.0,38.0,,,NULL,神奈川県 藤沢市 片瀬漁港,NULL,NULL,1,NULL,NULL,27.6,27.6,NULL,北東,3.0m/s,小潮,南 0.7m/s,曇り,,NULL,NULL,白アマダイまじる！ 外道：レンコダイ・ヒメコダイ・イトヨリ・アジ・サバ,27.6℃,NULL,chowari/島きち丸
島きち丸,片瀬漁港,2026/09/05,2,0,カマス,カマス,メイン,カマス,NULL,2.0,7.0,4.5,0,21.0,27.0,,,NULL,神奈川県 藤沢市 片瀬漁港,NULL,NULL,1,NULL,NULL,27.6,27.6,NULL,北東,3.0m/s,小潮,南 0.7m/s,曇り,タチウオ,NULL,NULL,ＬＴルアー船 豆アジ多数 イナダ・カンパチ・大アジ・アカハタ,27.6℃,NULL,chowari/島きち丸
島きち丸,片瀬漁港,2026/09/05,2,0,タチウオ,タチウオ,サブ,タチウオ,NULL,0.0,3.0,1.5,0,53.0,55.0,,,NULL,神奈川県 藤沢市 片瀬漁港,NULL,NULL,1,NULL,NULL,27.6,27.6,NULL,北東,3.0m/s,小潮,南 0.7m/s,曇り,NULL,NULL,NULL,ＬＴルアー船 豆アジ多数 イナダ・カンパチ・大アジ・アカハタ,27.6℃,NULL,chowari/島きち丸
島きち丸,片瀬漁港,2026/09/10,1,0,カマス,カマス,メイン,カマス,NULL,4.0,10.0,7.0,0,21.0,27.0,,,NULL,神奈川県 藤沢市 片瀬漁港,NULL,NULL,1,NULL,NULL,27.5,27.5,NULL,北北東,4.9m/s,大潮,南 1.0m/s,雨時々止む,,NULL,NULL,ＬＴルアー船 イナダ・カンパチ・丸ソーダ・豆アジまじる！,27.5℃,NULL,chowari/島きち丸
島きち丸,片瀬漁港,2026/09/12,1,0,アマダイ,アマダイ,メイン,アマダイ,NULL,0.0,5.0,2.5,0,23.0,46.0,,,NULL,神奈川県 藤沢市 片瀬漁港,NULL,NULL,1,NULL,NULL,25.9,25.9,NULL,北北東,3.9m/s,大潮,南 0.6m/s,雨のち曇り,シロアマダイ,NULL,NULL,外道：イトヨリ・レンコダイ・ヒメコダイ・イトヨリ,25.9℃,NULL,chowari/島きち丸
島きち丸,片瀬漁港,2026/09/12,1,0,イナダ,イナダ,サブ,イナダ,NULL,0.0,2.0,1.0,0,39.0,41.0,,,NULL,神奈川県 藤沢市 片瀬漁港,NULL,NULL,1,NULL,NULL,25.9,25.9,NULL,北北東,3.9m/s,大潮,南 0.6m/s,雨のち曇り,NULL,NULL,NULL,ＬＴルアー船 アカハタ・マハタまじる！,25.9℃,NULL,chowari/島きち丸
島きち丸,片瀬漁港,2026/09/12,1,0,カマス,カマス,メイン,カマス,NULL,3.0,10.0,6.5,0,21.0,27.0,,,NULL,神奈川県 藤沢市 片瀬漁港,NULL,NULL,1,NULL,NULL,25.9,25.9,NULL,北北東,3.9m/s,大潮,南 0.6m/s,雨のち曇り,イナダ,NULL,NULL,ＬＴルアー船 アカハタ・マハタまじる！,25.9℃,NULL,chowari/島きち丸
島きち丸,片瀬漁港,2026/09/12,1,0,シロアマダイ,シロアマダイ,サブ,シロアマダイ,NULL,0.0,2.0,1.0,0,36.0,47.0,,,NULL,神奈川県 藤沢市 片瀬漁港,NULL,NULL,1,NULL,NULL,25.9,25.9,NULL,北北東,3.9m/s,大潮,南 0.6m/s,雨のち曇り,NULL,NULL,NULL,外道：イトヨリ・レンコダイ・ヒメコダイ・イトヨリ,25.9℃,NULL,chowari/島きち丸
島きち丸,片瀬漁港,2026/09/12,2,0,アマダイ,アマダイ,メイン,アマダイ,NULL,0.0,5.0,2.5,0,23.0,46.0,,,NULL,神奈川県 藤沢市 片瀬漁港,NULL,NULL,1,NULL,NULL,25.9,25.9,NULL,北北東,3.9m/s,大潮,南 0.6m/s,雨のち曇り,シロアマダイ,NULL,NULL,外道：イトヨリ・レンコダイ・ヒメコダイ・イトヨリ,25.9℃,NULL,chowari/島きち丸
島きち丸,片瀬漁港,2026/09/12,2,0,シロアマダイ,シロアマダイ,サブ,シロアマダイ,NULL,0.0,2.0,1.0,0,36.0,47.0,,,NULL,神奈川県 藤沢市 片瀬漁港,NULL,NULL,1,NULL,NULL,25.9,25.9,NULL,北北東,3.9m/s,大潮,南 0.6m/s,雨のち曇り,NULL,NULL,NULL,外道：イトヨリ・レンコダイ・ヒメコダイ・イトヨリ,25.9℃,NULL,chowari/島きち丸
島きち丸,片瀬漁港,2026/09/13,1,0,アマダイ,アマダイ,メイン,アマダイ,NULL,0.0,5.0,2.5,0,37.0,44.0,,,NULL,神奈川県 藤沢市 片瀬漁港,NULL,NULL,1,NULL,NULL,25.4,25.4,NULL,北北東,2.8m/s,中潮,南南東 0.3m/s,曇りのち時々晴れ,,NULL,NULL,外道：カサゴ・マゴチ・イトヨリ・アオハタ・アジ・サバ,25.4℃,NULL,chowari/島きち丸
島きち丸,片瀬漁港,2026/09/13,1,0,カマス,カマス,メイン,カマス,NULL,6.0,25.0,15.5,0,21.0,27.0,,,NULL,神奈川県 藤沢市 片瀬漁港,NULL,NULL,1,NULL,NULL,25.4,25.4,NULL,北北東,2.8m/s,中潮,南南東 0.3m/s,曇りのち時々晴れ,,NULL,NULL,ＬＴルアー船 イナダ２本・タチウオ３匹・ハナダイ・アジ・サバまじる！,25.4℃,NULL,chowari/島きち丸
島きち丸,片瀬漁港,2026/09/13,2,0,アマダイ,アマダイ,メイン,アマダイ,NULL,0.0,5.0,2.5,0,37.0,44.0,,,NULL,神奈川県 藤沢市 片瀬漁港,NULL,NULL,1,NULL,NULL,25.4,25.4,NULL,北北東,2.8m/s,中潮,南南東 0.3m/s,曇りのち時々晴れ,,NULL,NULL,外道：カサゴ・マゴチ・イトヨリ・アオハタ・アジ・サバ,25.4℃,NULL,chowari/島きち丸
島きち丸,片瀬漁港,2026/09/16,1,0,カマス,カマス,メイン,カマス,NULL,12.0,65.0,38.5,0,21.0,27.0,,,NULL,神奈川県 藤沢市 片瀬漁港,NULL,NULL,1,NULL,NULL,25.9,25.9,NULL,北北東,3.5m/s,中潮,南南東 0.6m/s,雨,,NULL,NULL,ＬＴルアー船 カマス爆釣👍️👍️👍️ サワラ・カンパチ・イナダ・アジ・サバまじる！,25.9℃,NULL,chowari/島きち丸
島きち丸,片瀬漁港,2026/09/18,1,0,カマス,カマス,メイン,カマス,NULL,40.0,61.0,50.5,0,21.0,26.0,,,NULL,神奈川県 藤沢市 片瀬漁港,NULL,NULL,1,NULL,NULL,26.1,26.1,NULL,北,7.1m/s,小潮,北東 0.6m/s,曇り,,NULL,NULL,ＬＴルアー船 カンパチ・丸ソーダ・サバまじる！,26.1℃,NULL,chowari/島きち丸
島きち丸,片瀬漁港,2026/09/19,1,0,アジ,アジ,メイン,アジ,NULL,6.0,15.0,10.5,0,18.0,30.0,,,NULL,神奈川県 藤沢市 片瀬漁港,NULL,NULL,1,NULL,NULL,25.9,25.9,NULL,北北東,5.7m/s,小潮,南東 0.9m/s・波が高,曇り一時雨,,NULL,NULL,ＬＴルアー船 波が高過ぎでカマスの場所は出来ず… イナダ・ハタ・サバまじる！,25.9℃,NULL,chowari/島きち丸
島きち丸,片瀬漁港,2026/09/19,2,0,アマダイ,アマダイ,メイン,アマダイ,NULL,0.0,2.0,1.0,0,28.0,38.0,,,NULL,神奈川県 藤沢市 片瀬漁港,NULL,NULL,1,NULL,NULL,25.9,25.9,NULL,北北東,5.7m/s,小潮,南東 0.9m/s,曇り一時雨,,NULL,NULL,今日は２隻の予定でしたがエンジントラブルで合同になってしまい申し訳ありませんでした。 外道：イトヨリ・オニカサゴ・ガンゾウ・レンコダイ・アジ・サバ シロアマダイまじる！,25.9℃,NULL,chowari/島きち丸
広島屋,横浜,2026/09/05,1,0,シロギス,シロギス,メイン,シロギス,NULL,10.0,130.0,70.0,0,14.0,23.0,,,NULL,神奈川県 横浜市 横浜港新山下,NULL,NULL,1,NULL,NULL,27.6,27.6,NULL,北東,3.3m/s,小潮・下げ潮,東南東 0.2m/s,曇り,,NULL,NULL,本日は「シロギス」で出船しました。潮流れ緩慢でポツンポツンの食いでしたが、帰り際には下げ潮が流れ活発にあたりました。 スソは残念ながら船酔いされてしまった方でした。,27.6℃,NULL,chowari/広島屋
広島屋,横浜,2026/09/12,1,0,シロギス,シロギス,メイン,シロギス,NULL,22.0,86.0,54.0,0,14.0,24.0,,,NULL,神奈川県 横浜市 横浜港新山下,NULL,NULL,1,NULL,NULL,25.9,25.9,NULL,北,5.1m/s,"大潮・二枚潮,潮が速",北東 0.2m/s,雨のち曇り,,NULL,NULL,「シロギス」で出船しました。終日小雨が降ったり止んだりで肌寒い1日でした。 型は見れるものの二枚潮で上層の潮が速く釣り辛かった。 後半になり潮が落ち着いてくると食いが立って来ました。 40匹台の方が多かったです。,25.9℃,NULL,chowari/広島屋
広島屋,横浜,2026/09/12,2,0,アジ,アジ,メイン,アジ,NULL,20.0,88.0,54.0,0,18.0,28.0,,,NULL,神奈川県 横浜市 横浜港新山下,NULL,NULL,1,NULL,NULL,27.3,27.3,NULL,北,5.1m/s,大潮,北東 0.2m/s,雨のち曇り,イシモチ・クロダイ,NULL,NULL,｢ＬＴアジ｣で出船しました。派手な食いはないものの終日ポツンポツンあたりました。,27.3℃,NULL,chowari/広島屋
広島屋,横浜,2026/09/12,2,0,イシモチ,イシモチ,サブ,イシモチ,NULL,,,,0,,,,,NULL,神奈川県 横浜市 横浜港新山下,NULL,NULL,1,NULL,NULL,27.3,27.3,NULL,北,5.1m/s,大潮,北東 0.2m/s,雨のち曇り,NULL,NULL,NULL,｢ＬＴアジ｣で出船しました。派手な食いはないものの終日ポツンポツンあたりました。,27.3℃,NULL,chowari/広島屋
広島屋,横浜,2026/09/12,2,0,クロダイ,クロダイ,サブ,クロダイ,NULL,,,,0,,,,,NULL,神奈川県 横浜市 横浜港新山下,NULL,NULL,1,NULL,NULL,27.3,27.3,NULL,北,5.1m/s,大潮,北東 0.2m/s,雨のち曇り,NULL,NULL,NULL,｢ＬＴアジ｣で出船しました。派手な食いはないものの終日ポツンポツンあたりました。,27.3℃,NULL,chowari/広島屋
広島屋,横浜,2026/09/13,1,0,シロギス,シロギス,メイン,シロギス,NULL,12.0,113.0,62.5,0,14.0,24.0,,,NULL,神奈川県 横浜市 横浜港新山下,NULL,NULL,1,NULL,NULL,25.4,25.4,NULL,北,4.4m/s,中潮,北東 0.2m/s・凪,曇りのち時々晴れ,,NULL,NULL,「シロギス」で出船しました。午前中、何度か小雨がパラつきましたが海上は凪でした。 キスは良型交じりに終日ポツンポツンあたりました。,25.4℃,NULL,chowari/広島屋
広島屋,横浜,2026/09/13,2,0,アジ,アジ,メイン,アジ,NULL,30.0,91.0,60.5,0,18.0,28.0,,,NULL,神奈川県 横浜市 横浜港新山下,NULL,NULL,1,NULL,NULL,25.4,25.4,NULL,北,4.4m/s,中潮,北東 0.2m/s,曇りのち時々晴れ,クロダイ,NULL,NULL,｢ＬＴアジ｣で出船しました。終日ポツンポツンあたり皆さんお土産分は釣って頂けました。,25.4℃,NULL,chowari/広島屋
広島屋,横浜,2026/09/13,2,0,クロダイ,クロダイ,サブ,クロダイ,NULL,,,,0,,,,,NULL,神奈川県 横浜市 横浜港新山下,NULL,NULL,1,NULL,NULL,25.4,25.4,NULL,北,4.4m/s,中潮,北東 0.2m/s,曇りのち時々晴れ,NULL,NULL,NULL,｢ＬＴアジ｣で出船しました。終日ポツンポツンあたり皆さんお土産分は釣って頂けました。,25.4℃,NULL,chowari/広島屋
広島屋,横浜,2026/09/14,1,0,アジ,アジ,メイン,アジ,NULL,63.0,115.0,89.0,0,17.0,26.0,,,NULL,神奈川県 横浜市 横浜港新山下,NULL,NULL,1,NULL,NULL,25.8,25.8,NULL,南南西,6.9m/s,中潮,南 0.3m/s,晴れ後時々曇り,,NULL,NULL,「LTアジ」で出船しました。南南西の風がやや強く風かげより開始しました。 アジは20〜24㎝級が主体でポツポツあたりました。 皆さんお土産分は釣って頂き希望で12時半に早上がりしました。,25.8℃,NULL,chowari/広島屋
弁天丸,会瀬漁港,2026/09/12,1,0,アマダイ,アマダイ,メイン,アマダイ,NULL,0.0,5.0,2.5,0,20.0,45.0,,,NULL,茨城県 日立市 会瀬漁港,NULL,NULL,1,NULL,NULL,24.8,24.8,NULL,北東,2.7m/s,大潮,東 0.8m/s,曇り,,NULL,NULL,アマダイの釣果です。 トップ5匹でした！,24.8℃,NULL,chowari/弁天丸
弁天丸,会瀬漁港,2026/09/12,1,0,マダイ,マダイ,メイン,マダイ,NULL,2.0,6.0,4.0,0,,,0.3,2.5,NULL,茨城県 日立市 会瀬漁港,NULL,NULL,1,NULL,NULL,24.3,24.3,NULL,北東,2.7m/s,大潮,東 0.8m/s,曇り,,NULL,NULL,テンヤマダイ午後船の釣果です。 2.5kg頭にグローブサイズが交じりました！,24.3℃,NULL,chowari/弁天丸
弁天丸,会瀬漁港,2026/09/12,2,0,アマダイ,アマダイ,メイン,アマダイ,NULL,0.0,5.0,2.5,0,20.0,45.0,,,NULL,茨城県 日立市 会瀬漁港,NULL,NULL,1,NULL,NULL,24.3,24.3,NULL,北東,2.7m/s,大潮,東 0.8m/s,曇り,,NULL,NULL,アマダイの釣果です。 トップ5匹でした！,24.3℃,NULL,chowari/弁天丸
弁天丸,会瀬漁港,2026/09/13,1,0,マダイ,マダイ,メイン,マダイ,NULL,3.0,6.0,4.5,0,,,0.3,1.5,NULL,茨城県 日立市 会瀬漁港,NULL,NULL,1,NULL,NULL,23.9,23.9,NULL,北東,3.1m/s,中潮,東 1.1m/s,曇り,,NULL,NULL,テンヤマダイの釣果です。 1.5kg頭に1.2kg×2、1.0kg、グローブサイズが交じりました！,23.9℃,NULL,chowari/弁天丸
弁天丸,会瀬漁港,2026/09/14,1,0,マダイ,マダイ,メイン,マダイ,NULL,2.0,7.0,4.5,0,,,0.3,5.0,NULL,茨城県 日立市 会瀬漁港,NULL,NULL,1,NULL,NULL,23.9,23.9,NULL,南南西,3.1m/s,中潮,東 1.0m/s,晴れ後時々曇り,,NULL,NULL,テンヤマダイの釣果です。 5.0kgの大鯛浮上しました！,23.9℃,NULL,chowari/弁天丸
志平丸,佐島,2026/09/03,1,0,カワハギ,カワハギ,メイン,カワハギ,NULL,2.0,11.0,6.5,0,18.0,27.0,,,NULL,神奈川県 横須賀市 佐島港,NULL,NULL,1,NULL,NULL,27.7,27.7,NULL,南南西,4.1m/s,小潮,南 0.4m/s,曇りのち一時雨,,NULL,NULL,潮通し悪くバレあり,27.7℃,NULL,chowari/志平丸
志平丸,佐島,2026/09/10,1,0,アジ,アジ,サブ,アジ,NULL,0.0,6.0,3.0,0,25.0,38.0,,,NULL,神奈川県 横須賀市 佐島港,NULL,NULL,1,NULL,NULL,27.5,27.5,NULL,北北東,6.3m/s,大潮,南 0.9m/s,雨時々止む,NULL,NULL,NULL,メジナ０～３匹、キダイ、 ウマヅラハギ、サバ,27.5℃,NULL,chowari/志平丸
志平丸,佐島,2026/09/10,1,0,イサキ,イサキ,メイン,イサキ,NULL,0.0,10.0,5.0,0,16.0,28.0,,,NULL,神奈川県 横須賀市 佐島港,NULL,NULL,1,NULL,NULL,27.5,27.5,NULL,北北東,6.3m/s,大潮,南 0.9m/s,雨時々止む,アジ,NULL,NULL,メジナ０～３匹、キダイ、 ウマヅラハギ、サバ,27.5℃,NULL,chowari/志平丸
志平丸,佐島,2026/09/11,1,0,アジ,アジ,サブ,アジ,NULL,0.0,2.0,1.0,0,26.0,32.0,,,NULL,神奈川県 横須賀市 佐島港,NULL,NULL,1,NULL,NULL,27.3,27.3,NULL,北北東,3.9m/s,大潮,南 0.5m/s,雨,NULL,NULL,NULL,真鯛1.1kg、イナダ、サバ,27.3℃,NULL,chowari/志平丸
志平丸,佐島,2026/09/11,1,0,イサキ,イサキ,メイン,イサキ,NULL,1.0,13.0,7.0,0,17.0,30.0,,,NULL,神奈川県 横須賀市 佐島港,NULL,NULL,1,NULL,NULL,27.3,27.3,NULL,北北東,3.9m/s,大潮,南 0.5m/s,雨,アジ・メジナ,NULL,NULL,真鯛1.1kg、イナダ、サバ,27.3℃,NULL,chowari/志平丸
志平丸,佐島,2026/09/11,1,0,メジナ,メジナ,サブ,メジナ,NULL,0.0,5.0,2.5,0,,,0.5,1.0,NULL,神奈川県 横須賀市 佐島港,NULL,NULL,1,NULL,NULL,27.3,27.3,NULL,北北東,3.9m/s,大潮,南 0.5m/s,雨,NULL,NULL,NULL,真鯛1.1kg、イナダ、サバ,27.3℃,NULL,chowari/志平丸
志平丸,佐島,2026/09/13,1,0,イサキ,イサキ,メイン,イサキ,NULL,5.0,39.0,22.0,0,17.0,30.0,,,NULL,神奈川県 横須賀市 佐島港,NULL,NULL,1,NULL,NULL,25.4,25.4,NULL,北,4.3m/s,中潮,南 0.2m/s,曇りのち時々晴れ,,NULL,NULL,アジ25～40cm1～10匹 メジナ0.5～1kg0～3匹 ハナダイ、メイチダイ、平ソウダ、サバ,25.4℃,NULL,chowari/志平丸
忠彦丸,金沢漁港,2026/09/04,1,0,アジ,アジ,メイン,アジ,NULL,,,,0,,,,,NULL,神奈川県 横浜市 金沢漁港,NULL,NULL,1,NULL,NULL,28.0,28.0,NULL,北北東,3.2m/s,小潮,南東 0.2m/s,雨時々止む,,NULL,NULL,ライトアジ船。アジが釣れました。,28.0℃,NULL,chowari/忠彦丸
忠彦丸,金沢漁港,2026/09/04,2,0,タチウオ,タチウオ,メイン,タチウオ,NULL,,,,0,,,,,NULL,神奈川県 横浜市 金沢漁港,NULL,NULL,1,NULL,NULL,28.0,28.0,NULL,北北東,3.2m/s,小潮,南東 0.2m/s,雨時々止む,,NULL,NULL,テンヤタチウオ船。太刀魚が釣れました。,28.0℃,NULL,chowari/忠彦丸
忠彦丸,金沢漁港,2026/09/05,1,0,アジ,アジ,メイン,アジ,NULL,,,,0,17.0,28.0,,,NULL,神奈川県 横浜市 金沢漁港,NULL,NULL,1,NULL,NULL,27.6,27.6,NULL,北東,3.3m/s,小潮,東 0.2m/s,曇り,,NULL,NULL,午後ライトアジ乗合船。 午後⇒17～28㎝、～匹。 今日は南本牧にて 数投で顔見れその後はダブルありでぽちぽちと！ 大人の事情で移動となり、最後の30分は少し深めの平場で拾い釣りでした。,27.6℃,NULL,chowari/忠彦丸
忠彦丸,金沢漁港,2026/09/05,1,0,マダコ,マダコ,メイン,マダコ,NULL,2.0,13.0,7.5,0,,,1.0,1.0,NULL,神奈川県 横浜市 金沢漁港,NULL,NULL,1,NULL,NULL,27.2,27.2,NULL,北東,3.3m/s,小潮,東 0.2m/s,曇り,,NULL,NULL,１日マダコ乗合船。 最大1㎏２～１３杯。,27.2℃,NULL,chowari/忠彦丸
忠彦丸,金沢漁港,2026/09/05,2,0,アジ,アジ,メイン,アジ,NULL,17.0,37.0,27.0,0,17.0,28.0,,,NULL,神奈川県 横浜市 金沢漁港,NULL,NULL,1,NULL,NULL,27.6,27.6,NULL,北東,3.3m/s,小潮,東 0.2m/s,曇り,,NULL,NULL,午前ライトアジ乗合船。 午前⇒17～28㎝１７～３７匹。 今日は南本牧にて 数投で顔見れその後はダブルありでぽちぽちと！ 大人の事情で移動となり、最後の30分は少し深めの平場で拾い釣りでした。,27.6℃,NULL,chowari/忠彦丸
忠彦丸,金沢漁港,2026/09/05,3,0,アジ,アジ,メイン,アジ,NULL,17.0,37.0,27.0,0,17.0,28.0,,,NULL,神奈川県 横浜市 金沢漁港,NULL,NULL,1,NULL,NULL,27.2,27.2,NULL,北東,3.3m/s,小潮,東 0.2m/s,曇り,,NULL,NULL,午前ライトアジ乗合船。 午前⇒17～28㎝１７～３７匹。 今日は南本牧にて 数投で顔見れその後はダブルありでぽちぽちと！ 大人の事情で移動となり、最後の30分は少し深めの平場で拾い釣りでした。,27.2℃,NULL,chowari/忠彦丸
忠彦丸,金沢漁港,2026/09/06,1,0,サワラ,サワラ,サブ,サワラ,NULL,,,,0,,,,,NULL,神奈川県 横浜市 金沢漁港,NULL,NULL,1,NULL,NULL,27.6,27.6,NULL,北北東,7.8m/s,長潮,北北東 0.6m/s,雨,NULL,NULL,NULL,テンヤタチウオ船。太刀魚、サワラなどが釣れました。,27.6℃,NULL,chowari/忠彦丸
忠彦丸,金沢漁港,2026/09/06,1,0,タチウオ,タチウオ,メイン,タチウオ,NULL,,,,0,,,,,NULL,神奈川県 横浜市 金沢漁港,NULL,NULL,1,NULL,NULL,27.6,27.6,NULL,北北東,7.8m/s,長潮,北北東 0.6m/s,雨,サワラ,NULL,NULL,テンヤタチウオ船。太刀魚、サワラなどが釣れました。,27.6℃,NULL,chowari/忠彦丸
忠彦丸,金沢漁港,2026/09/06,2,0,マダコ,マダコ,メイン,マダコ,NULL,,,,0,,,,,NULL,神奈川県 横浜市 金沢漁港,NULL,NULL,1,NULL,NULL,27.6,27.6,NULL,北北東,7.8m/s,長潮,北北東 0.6m/s,雨,,NULL,NULL,マダコ船。マダコが釣れました。,27.6℃,NULL,chowari/忠彦丸
忠彦丸,金沢漁港,2026/09/06,3,0,タチウオ,タチウオ,メイン,タチウオ,NULL,,,,0,,,,,NULL,神奈川県 横浜市 金沢漁港,NULL,NULL,1,NULL,NULL,27.6,27.6,NULL,北北東,7.8m/s,長潮,北北東 0.6m/s,雨,,NULL,NULL,天秤タチウオ船。太刀魚が釣れました。,27.6℃,NULL,chowari/忠彦丸
忠彦丸,金沢漁港,2026/09/06,4,0,アジ,アジ,メイン,アジ,NULL,,,,0,,,,,NULL,神奈川県 横浜市 金沢漁港,NULL,NULL,1,NULL,NULL,27.6,27.6,NULL,北北東,7.8m/s,長潮,北北東 0.6m/s,雨,ショウサイフグ,NULL,NULL,ウィリー船。アジが釣れました。,27.6℃,NULL,chowari/忠彦丸
忠彦丸,金沢漁港,2026/09/06,4,0,ショウサイフグ,ショウサイフグ,サブ,ショウサイフグ,NULL,,,,0,,,,,NULL,神奈川県 横浜市 金沢漁港,NULL,NULL,1,NULL,NULL,27.6,27.6,NULL,北北東,7.8m/s,長潮,北北東 0.6m/s,雨,NULL,NULL,NULL,ウィリー船。アジが釣れました。,27.6℃,NULL,chowari/忠彦丸
忠彦丸,金沢漁港,2026/09/08,1,0,サワラ,サワラ,サブ,サワラ,NULL,,,,0,,,,,NULL,神奈川県 横浜市 金沢漁港,NULL,NULL,1,NULL,NULL,27.6,27.6,NULL,南西,0.7m/s,中潮,南南東 0.2m/s,曇りのち一時雨,NULL,NULL,NULL,テンヤタチウオ船。太刀魚、サワラが釣れました。,27.6℃,NULL,chowari/忠彦丸
忠彦丸,金沢漁港,2026/09/08,1,0,シロギス,シロギス,メイン,シロギス,NULL,,,,0,,,,,NULL,神奈川県 横浜市 金沢漁港,NULL,NULL,1,NULL,NULL,27.6,27.6,NULL,南西,0.7m/s,中潮,南南東 0.2m/s,曇りのち一時雨,,NULL,NULL,シロギス船。シロギスが釣れました。,27.6℃,NULL,chowari/忠彦丸
忠彦丸,金沢漁港,2026/09/08,1,0,タチウオ,タチウオ,メイン,タチウオ,NULL,,,,0,,,,,NULL,神奈川県 横浜市 金沢漁港,NULL,NULL,1,NULL,NULL,27.6,27.6,NULL,南西,0.7m/s,中潮,南南東 0.2m/s,曇りのち一時雨,サワラ,NULL,NULL,テンヤタチウオ船。太刀魚、サワラが釣れました。,27.6℃,NULL,chowari/忠彦丸
忠彦丸,金沢漁港,2026/09/08,2,0,アジ,アジ,メイン,アジ,NULL,,,,0,,,,,NULL,神奈川県 横浜市 金沢漁港,NULL,NULL,1,NULL,NULL,27.6,27.6,NULL,南西,0.7m/s,中潮,南南東 0.2m/s,曇りのち一時雨,,NULL,NULL,ライトアジ船。アジが釣れました。,27.6℃,NULL,chowari/忠彦丸
忠彦丸,金沢漁港,2026/09/08,2,0,サワラ,サワラ,サブ,サワラ,NULL,,,,0,,,,,NULL,神奈川県 横浜市 金沢漁港,NULL,NULL,1,NULL,NULL,27.6,27.6,NULL,南西,0.7m/s,中潮,南南東 0.2m/s,曇りのち一時雨,NULL,NULL,NULL,テンヤタチウオ船。太刀魚、サワラが釣れました。,27.6℃,NULL,chowari/忠彦丸
忠彦丸,金沢漁港,2026/09/08,2,0,タチウオ,タチウオ,メイン,タチウオ,NULL,,,,0,,,,,NULL,神奈川県 横浜市 金沢漁港,NULL,NULL,1,NULL,NULL,27.6,27.6,NULL,南西,0.7m/s,中潮,南南東 0.2m/s,曇りのち一時雨,サワラ,NULL,NULL,テンヤタチウオ船。太刀魚、サワラが釣れました。,27.6℃,NULL,chowari/忠彦丸
忠彦丸,金沢漁港,2026/09/09,1,0,サワラ,サワラ,サブ,サワラ,NULL,,,,0,,,,,NULL,神奈川県 横浜市 金沢漁港,NULL,NULL,1,NULL,NULL,27.7,27.7,NULL,南南西,8.3m/s,中潮,南 0.4m/s,曇りのち一時雨,NULL,NULL,NULL,テンヤタチウオ船。太刀魚が釣れました。,27.7℃,NULL,chowari/忠彦丸
忠彦丸,金沢漁港,2026/09/09,1,0,タチウオ,タチウオ,メイン,タチウオ,NULL,,,,0,,,,,NULL,神奈川県 横浜市 金沢漁港,NULL,NULL,1,NULL,NULL,27.7,27.7,NULL,南南西,8.3m/s,中潮,南 0.4m/s,曇りのち一時雨,サワラ,NULL,NULL,テンヤタチウオ船。太刀魚が釣れました。,27.7℃,NULL,chowari/忠彦丸
忠彦丸,金沢漁港,2026/09/09,2,0,タチウオ,タチウオ,メイン,タチウオ,NULL,,,,0,,,,,NULL,神奈川県 横浜市 金沢漁港,NULL,NULL,1,NULL,NULL,27.7,27.7,NULL,南南西,8.3m/s,中潮,南 0.4m/s,曇りのち一時雨,,NULL,NULL,天秤タチウオ船。太刀魚が釣れました。,27.7℃,NULL,chowari/忠彦丸
忠彦丸,金沢漁港,2026/09/11,1,0,アジ,アジ,メイン,アジ,NULL,,,,0,,,,,NULL,神奈川県 横浜市 金沢漁港,NULL,NULL,1,NULL,NULL,27.3,27.3,NULL,北北東,3.9m/s,大潮,東北東 0.2m/s,雨,ハナダイ,NULL,NULL,ライトアジ船。アジが釣れました。,27.3℃,NULL,chowari/忠彦丸
忠彦丸,金沢漁港,2026/09/11,1,0,タチウオ,タチウオ,メイン,タチウオ,NULL,,,,0,,,,,NULL,神奈川県 横浜市 金沢漁港,NULL,NULL,1,NULL,NULL,27.3,27.3,NULL,北北東,3.9m/s,大潮,東北東 0.2m/s,雨,,NULL,NULL,天秤タチウオ船。太刀魚が釣れました。,27.3℃,NULL,chowari/忠彦丸
忠彦丸,金沢漁港,2026/09/11,1,0,ハナダイ,ハナダイ,サブ,ハナダイ,NULL,,,,0,,,,,NULL,神奈川県 横浜市 金沢漁港,NULL,NULL,1,NULL,NULL,27.3,27.3,NULL,北北東,3.9m/s,大潮,東北東 0.2m/s,雨,NULL,NULL,NULL,ライトアジ船。アジが釣れました。,27.3℃,NULL,chowari/忠彦丸
忠彦丸,金沢漁港,2026/09/11,2,0,サワラ,サワラ,サブ,サワラ,NULL,,,,0,,,,,NULL,神奈川県 横浜市 金沢漁港,NULL,NULL,1,NULL,NULL,27.3,27.3,NULL,北北東,3.9m/s,大潮,東北東 0.2m/s,雨,NULL,NULL,NULL,テンヤタチウオ船。太刀魚が釣れました。,27.3℃,NULL,chowari/忠彦丸
忠彦丸,金沢漁港,2026/09/11,2,0,タチウオ,タチウオ,メイン,タチウオ,NULL,,,,0,,,,,NULL,神奈川県 横浜市 金沢漁港,NULL,NULL,1,NULL,NULL,27.3,27.3,NULL,北北東,3.9m/s,大潮,東北東 0.2m/s,雨,,NULL,NULL,天秤タチウオ船。太刀魚が釣れました。,27.3℃,NULL,chowari/忠彦丸
忠彦丸,金沢漁港,2026/09/11,3,0,サワラ,サワラ,サブ,サワラ,NULL,,,,0,,,,,NULL,神奈川県 横浜市 金沢漁港,NULL,NULL,1,NULL,NULL,27.3,27.3,NULL,北北東,3.9m/s,大潮,東北東 0.2m/s,雨,NULL,NULL,NULL,テンヤタチウオ船。太刀魚が釣れました。,27.3℃,NULL,chowari/忠彦丸
忠彦丸,金沢漁港,2026/09/11,3,0,タチウオ,タチウオ,メイン,タチウオ,NULL,,,,0,,,,,NULL,神奈川県 横浜市 金沢漁港,NULL,NULL,1,NULL,NULL,27.3,27.3,NULL,北北東,3.9m/s,大潮,東北東 0.2m/s,雨,サワラ,NULL,NULL,テンヤタチウオ船。太刀魚が釣れました。,27.3℃,NULL,chowari/忠彦丸
忠彦丸,金沢漁港,2026/09/12,1,0,アジ,アジ,メイン,アジ,NULL,,,,0,,,,,NULL,神奈川県 横浜市 金沢漁港,NULL,NULL,1,NULL,NULL,25.9,25.9,NULL,北北東,5.0m/s,大潮,北北東 0.2m/s,雨のち曇り,,NULL,NULL,ライトアジ船。アジが釣れました。,25.9℃,NULL,chowari/忠彦丸
忠彦丸,金沢漁港,2026/09/12,2,0,タチウオ,タチウオ,メイン,タチウオ,NULL,,,,0,,,,,NULL,神奈川県 横浜市 金沢漁港,NULL,NULL,1,NULL,NULL,25.9,25.9,NULL,北北東,5.0m/s,大潮,北北東 0.2m/s,雨のち曇り,,NULL,NULL,天秤タチウオ船。太刀魚が釣れました。,25.9℃,NULL,chowari/忠彦丸
忠彦丸,金沢漁港,2026/09/12,2,0,マダコ,マダコ,メイン,マダコ,NULL,,,,0,,,,,NULL,神奈川県 横浜市 金沢漁港,NULL,NULL,1,NULL,NULL,25.9,25.9,NULL,北北東,5.0m/s,大潮,北北東 0.2m/s,雨のち曇り,,NULL,NULL,マダコ船。マダコが釣れました。,25.9℃,NULL,chowari/忠彦丸
忠彦丸,金沢漁港,2026/09/12,3,0,サワラ,サワラ,サブ,サワラ,NULL,,,,0,,,,,NULL,神奈川県 横浜市 金沢漁港,NULL,NULL,1,NULL,NULL,25.9,25.9,NULL,北北東,5.0m/s,大潮,北北東 0.2m/s,雨のち曇り,NULL,NULL,NULL,テンヤタチウオ船。太刀魚が釣れました。,25.9℃,NULL,chowari/忠彦丸
忠彦丸,金沢漁港,2026/09/12,3,0,タチウオ,タチウオ,メイン,タチウオ,NULL,,,,0,,,,,NULL,神奈川県 横浜市 金沢漁港,NULL,NULL,1,NULL,NULL,25.9,25.9,NULL,北北東,5.0m/s,大潮,北北東 0.2m/s,雨のち曇り,サワラ,NULL,NULL,テンヤタチウオ船。太刀魚が釣れました。,25.9℃,NULL,chowari/忠彦丸
忠彦丸,金沢漁港,2026/09/12,3,0,マダコ,マダコ,メイン,マダコ,NULL,,,,0,,,,,NULL,神奈川県 横浜市 金沢漁港,NULL,NULL,1,NULL,NULL,27.6,27.6,NULL,北北東,5.0m/s,大潮,北北東 0.2m/s,雨のち曇り,,NULL,NULL,マダコ船。マダコが釣れました。,27.6℃,NULL,chowari/忠彦丸
忠彦丸,金沢漁港,2026/09/12,4,0,サワラ,サワラ,サブ,サワラ,NULL,,,,0,,,,,NULL,神奈川県 横浜市 金沢漁港,NULL,NULL,1,NULL,NULL,27.6,27.6,NULL,北北東,5.0m/s,大潮,北北東 0.2m/s,雨のち曇り,NULL,NULL,NULL,テンヤタチウオ船。太刀魚が釣れました。,27.6℃,NULL,chowari/忠彦丸
忠彦丸,金沢漁港,2026/09/12,4,0,タチウオ,タチウオ,メイン,タチウオ,NULL,,,,0,,,,,NULL,神奈川県 横浜市 金沢漁港,NULL,NULL,1,NULL,NULL,27.6,27.6,NULL,北北東,5.0m/s,大潮,北北東 0.2m/s,雨のち曇り,サワラ,NULL,NULL,テンヤタチウオ船。太刀魚が釣れました。,27.6℃,NULL,chowari/忠彦丸
忠彦丸,金沢漁港,2026/09/13,1,0,アジ,アジ,メイン,アジ,NULL,,,,0,,,,,NULL,神奈川県 横浜市 金沢漁港,NULL,NULL,1,NULL,NULL,25.4,25.4,NULL,北,4.3m/s,中潮,北北東 0.2m/s,曇りのち時々晴れ,,NULL,NULL,ライトアジ船。アジが釣れました。,25.4℃,NULL,chowari/忠彦丸
忠彦丸,金沢漁港,2026/09/13,2,0,サワラ,サワラ,サブ,サワラ,NULL,,,,0,,,,,NULL,神奈川県 横浜市 金沢漁港,NULL,NULL,1,NULL,NULL,25.4,25.4,NULL,北,4.3m/s,中潮,北北東 0.2m/s,曇りのち時々晴れ,NULL,NULL,NULL,テンヤタチウオ船。太刀魚、サワラなどが釣れました。,25.4℃,NULL,chowari/忠彦丸
忠彦丸,金沢漁港,2026/09/13,2,0,タチウオ,タチウオ,メイン,タチウオ,NULL,,,,0,,,,,NULL,神奈川県 横浜市 金沢漁港,NULL,NULL,1,NULL,NULL,25.4,25.4,NULL,北,4.3m/s,中潮,北北東 0.2m/s,曇りのち時々晴れ,サワラ,NULL,NULL,テンヤタチウオ船。太刀魚、サワラなどが釣れました。,25.4℃,NULL,chowari/忠彦丸
忠彦丸,金沢漁港,2026/09/13,2,0,マダコ,マダコ,メイン,マダコ,NULL,,,,0,,,,,NULL,神奈川県 横浜市 金沢漁港,NULL,NULL,1,NULL,NULL,25.4,25.4,NULL,北,4.3m/s,中潮,北北東 0.2m/s,曇りのち時々晴れ,,NULL,NULL,マダコ船。マダコが釣れました。,25.4℃,NULL,chowari/忠彦丸
忠彦丸,金沢漁港,2026/09/13,3,0,イサキ,イサキ,サブ,イサキ,NULL,,,,0,,,,,NULL,神奈川県 横浜市 金沢漁港,NULL,NULL,1,NULL,NULL,25.4,25.4,NULL,北,4.3m/s,中潮,北北東 0.2m/s,曇りのち時々晴れ,NULL,NULL,NULL,ウィリー船。メダイ、ハナダイ、イサキ、イトヨリなどが釣れました。,25.4℃,NULL,chowari/忠彦丸
忠彦丸,金沢漁港,2026/09/13,3,0,イトヨリ,イトヨリ,サブ,イトヨリ,NULL,,,,0,,,,,NULL,神奈川県 横浜市 金沢漁港,NULL,NULL,1,NULL,NULL,25.4,25.4,NULL,北,4.3m/s,中潮,北北東 0.2m/s,曇りのち時々晴れ,NULL,NULL,NULL,ウィリー船。メダイ、ハナダイ、イサキ、イトヨリなどが釣れました。,25.4℃,NULL,chowari/忠彦丸
忠彦丸,金沢漁港,2026/09/13,3,0,サワラ,サワラ,サブ,サワラ,NULL,,,,0,,,,,NULL,神奈川県 横浜市 金沢漁港,NULL,NULL,1,NULL,NULL,25.4,25.4,NULL,北,4.3m/s,中潮,北北東 0.2m/s,曇りのち時々晴れ,NULL,NULL,NULL,テンヤタチウオ船。太刀魚、サワラなどが釣れました。,25.4℃,NULL,chowari/忠彦丸
忠彦丸,金沢漁港,2026/09/13,3,0,タチウオ,タチウオ,メイン,タチウオ,NULL,,,,0,,,,,NULL,神奈川県 横浜市 金沢漁港,NULL,NULL,1,NULL,NULL,25.4,25.4,NULL,北,4.3m/s,中潮,北北東 0.2m/s,曇りのち時々晴れ,サワラ,NULL,NULL,テンヤタチウオ船。太刀魚、サワラなどが釣れました。,25.4℃,NULL,chowari/忠彦丸
忠彦丸,金沢漁港,2026/09/13,3,0,ハナダイ,ハナダイ,サブ,ハナダイ,NULL,,,,0,,,,,NULL,神奈川県 横浜市 金沢漁港,NULL,NULL,1,NULL,NULL,25.4,25.4,NULL,北,4.3m/s,中潮,北北東 0.2m/s,曇りのち時々晴れ,NULL,NULL,NULL,ウィリー船。メダイ、ハナダイ、イサキ、イトヨリなどが釣れました。,25.4℃,NULL,chowari/忠彦丸
忠彦丸,金沢漁港,2026/09/13,3,0,マトウダイ,NULL,サブ,マトウダイ,NULL,,,,0,,,,,NULL,神奈川県 横浜市 金沢漁港,NULL,NULL,1,NULL,NULL,25.4,25.4,NULL,北,4.3m/s,中潮,北北東 0.2m/s,曇りのち時々晴れ,NULL,NULL,NULL,ウィリー船。メダイ、ハナダイ、イサキ、イトヨリなどが釣れました。,25.4℃,NULL,chowari/忠彦丸
忠彦丸,金沢漁港,2026/09/13,3,0,メダイ,メダイ,メイン,メダイ,NULL,,,,0,,,,,NULL,神奈川県 横浜市 金沢漁港,NULL,NULL,1,NULL,NULL,25.4,25.4,NULL,北,4.3m/s,中潮,北北東 0.2m/s,曇りのち時々晴れ,イサキ・イトヨリ・ハナダイ・マトウダイ,NULL,NULL,ウィリー船。メダイ、ハナダイ、イサキ、イトヨリなどが釣れました。,25.4℃,NULL,chowari/忠彦丸
忠彦丸,金沢漁港,2026/09/13,4,0,イサキ,イサキ,サブ,イサキ,NULL,,,,0,,,,,NULL,神奈川県 横浜市 金沢漁港,NULL,NULL,1,NULL,NULL,27.2,27.2,NULL,北,4.3m/s,中潮,北北東 0.2m/s,曇りのち時々晴れ,NULL,NULL,NULL,ウィリー船。メダイ、ハナダイ、イサキ、イトヨリなどが釣れました。,27.2℃,NULL,chowari/忠彦丸
忠彦丸,金沢漁港,2026/09/13,4,0,イトヨリ,イトヨリ,サブ,イトヨリ,NULL,,,,0,,,,,NULL,神奈川県 横浜市 金沢漁港,NULL,NULL,1,NULL,NULL,27.2,27.2,NULL,北,4.3m/s,中潮,北北東 0.2m/s,曇りのち時々晴れ,NULL,NULL,NULL,ウィリー船。メダイ、ハナダイ、イサキ、イトヨリなどが釣れました。,27.2℃,NULL,chowari/忠彦丸
忠彦丸,金沢漁港,2026/09/13,4,0,タチウオ,タチウオ,メイン,タチウオ,NULL,,,,0,,,,,NULL,神奈川県 横浜市 金沢漁港,NULL,NULL,1,NULL,NULL,25.4,25.4,NULL,北,4.3m/s,中潮,北北東 0.2m/s,曇りのち時々晴れ,,NULL,NULL,天秤タチウオ船。太刀魚が釣れました。,25.4℃,NULL,chowari/忠彦丸
忠彦丸,金沢漁港,2026/09/13,4,0,ハナダイ,ハナダイ,サブ,ハナダイ,NULL,,,,0,,,,,NULL,神奈川県 横浜市 金沢漁港,NULL,NULL,1,NULL,NULL,27.2,27.2,NULL,北,4.3m/s,中潮,北北東 0.2m/s,曇りのち時々晴れ,NULL,NULL,NULL,ウィリー船。メダイ、ハナダイ、イサキ、イトヨリなどが釣れました。,27.2℃,NULL,chowari/忠彦丸
忠彦丸,金沢漁港,2026/09/13,4,0,マトウダイ,NULL,サブ,マトウダイ,NULL,,,,0,,,,,NULL,神奈川県 横浜市 金沢漁港,NULL,NULL,1,NULL,NULL,27.2,27.2,NULL,北,4.3m/s,中潮,北北東 0.2m/s,曇りのち時々晴れ,NULL,NULL,NULL,ウィリー船。メダイ、ハナダイ、イサキ、イトヨリなどが釣れました。,27.2℃,NULL,chowari/忠彦丸
忠彦丸,金沢漁港,2026/09/13,4,0,メダイ,メダイ,メイン,メダイ,NULL,,,,0,,,,,NULL,神奈川県 横浜市 金沢漁港,NULL,NULL,1,NULL,NULL,27.2,27.2,NULL,北,4.3m/s,中潮,北北東 0.2m/s,曇りのち時々晴れ,イサキ・イトヨリ・ハナダイ・マトウダイ,NULL,NULL,ウィリー船。メダイ、ハナダイ、イサキ、イトヨリなどが釣れました。,27.2℃,NULL,chowari/忠彦丸
忠彦丸,金沢漁港,2026/09/14,1,0,アジ,アジ,メイン,アジ,NULL,,,,0,,,,,NULL,神奈川県 横浜市 金沢漁港,NULL,NULL,1,NULL,NULL,25.8,25.8,NULL,南南西,6.0m/s,中潮,南 0.2m/s,晴れ後時々曇り,,NULL,NULL,ライトアジ船。アジが釣れました。,25.8℃,NULL,chowari/忠彦丸
忠彦丸,金沢漁港,2026/09/14,1,0,サワラ,サワラ,サブ,サワラ,NULL,,,,0,,,,,NULL,神奈川県 横浜市 金沢漁港,NULL,NULL,1,NULL,NULL,25.8,25.8,NULL,南南西,6.0m/s,中潮,南 0.2m/s,晴れ後時々曇り,NULL,NULL,NULL,テンヤタチウオ船。太刀魚、サワラなどが釣れました。,25.8℃,NULL,chowari/忠彦丸
忠彦丸,金沢漁港,2026/09/14,1,0,タチウオ,タチウオ,メイン,タチウオ,NULL,,,,0,,,,,NULL,神奈川県 横浜市 金沢漁港,NULL,NULL,1,NULL,NULL,25.8,25.8,NULL,南南西,6.0m/s,中潮,南 0.2m/s,晴れ後時々曇り,サワラ,NULL,NULL,テンヤタチウオ船。太刀魚、サワラなどが釣れました。,25.8℃,NULL,chowari/忠彦丸
忠彦丸,金沢漁港,2026/09/14,2,0,サワラ,サワラ,サブ,サワラ,NULL,,,,0,,,,,NULL,神奈川県 横浜市 金沢漁港,NULL,NULL,1,NULL,NULL,25.8,25.8,NULL,南南西,6.0m/s,中潮,南 0.2m/s,晴れ後時々曇り,NULL,NULL,NULL,テンヤタチウオ船。太刀魚、サワラなどが釣れました。,25.8℃,NULL,chowari/忠彦丸
忠彦丸,金沢漁港,2026/09/14,2,0,タチウオ,タチウオ,メイン,タチウオ,NULL,,,,0,,,,,NULL,神奈川県 横浜市 金沢漁港,NULL,NULL,1,NULL,NULL,25.8,25.8,NULL,南南西,6.0m/s,中潮,南 0.2m/s,晴れ後時々曇り,サワラ,NULL,NULL,テンヤタチウオ船。太刀魚、サワラなどが釣れました。,25.8℃,NULL,chowari/忠彦丸
忠彦丸,金沢漁港,2026/09/15,1,0,サワラ,サワラ,サブ,サワラ,NULL,,,,0,,,,,NULL,神奈川県 横浜市 金沢漁港,NULL,NULL,1,NULL,NULL,25.8,25.8,NULL,南,5.7m/s,中潮,南 0.2m/s,曇り一時雨,NULL,NULL,NULL,テンヤタチウオ船。太刀魚が釣れました。,25.8℃,NULL,chowari/忠彦丸
忠彦丸,金沢漁港,2026/09/15,1,0,タチウオ,タチウオ,メイン,タチウオ,NULL,,,,0,,,,,NULL,神奈川県 横浜市 金沢漁港,NULL,NULL,1,NULL,NULL,25.8,25.8,NULL,南,5.7m/s,中潮,南 0.2m/s,曇り一時雨,サワラ,NULL,NULL,テンヤタチウオ船。太刀魚が釣れました。,25.8℃,NULL,chowari/忠彦丸
忠彦丸,金沢漁港,2026/09/16,1,0,アジ,アジ,メイン,アジ,NULL,,,,0,,,,,NULL,神奈川県 横浜市 金沢漁港,NULL,NULL,1,NULL,NULL,25.9,25.9,NULL,北北東,3.3m/s,中潮,東 0.2m/s,雨,,NULL,NULL,仕立船。アジが釣れました。,25.9℃,NULL,chowari/忠彦丸
忠彦丸,金沢漁港,2026/09/16,1,0,サワラ,サワラ,サブ,サワラ,NULL,,,,0,,,,,NULL,神奈川県 横浜市 金沢漁港,NULL,NULL,1,NULL,NULL,25.9,25.9,NULL,北北東,3.3m/s,中潮,東 0.2m/s,雨,NULL,NULL,NULL,テンヤタチウオ船。太刀魚が釣れました。,25.9℃,NULL,chowari/忠彦丸
忠彦丸,金沢漁港,2026/09/16,1,0,タチウオ,タチウオ,メイン,タチウオ,NULL,,,,0,,,,,NULL,神奈川県 横浜市 金沢漁港,NULL,NULL,1,NULL,NULL,25.9,25.9,NULL,北北東,3.3m/s,中潮,東 0.2m/s,雨,サワラ,NULL,NULL,テンヤタチウオ船。太刀魚が釣れました。,25.9℃,NULL,chowari/忠彦丸
忠彦丸,金沢漁港,2026/09/16,2,0,サワラ,サワラ,サブ,サワラ,NULL,,,,0,,,,,NULL,神奈川県 横浜市 金沢漁港,NULL,NULL,1,NULL,NULL,25.9,25.9,NULL,北北東,3.3m/s,中潮,東 0.2m/s,雨,NULL,NULL,NULL,テンヤタチウオ船。太刀魚が釣れました。,25.9℃,NULL,chowari/忠彦丸
忠彦丸,金沢漁港,2026/09/16,2,0,タチウオ,タチウオ,メイン,タチウオ,NULL,,,,0,,,,,NULL,神奈川県 横浜市 金沢漁港,NULL,NULL,1,NULL,NULL,25.9,25.9,NULL,北北東,3.3m/s,中潮,東 0.2m/s,雨,,NULL,NULL,天秤タチウオ船。太刀魚が釣れました。,25.9℃,NULL,chowari/忠彦丸
忠彦丸,金沢漁港,2026/09/16,3,0,イサキ,イサキ,メイン,イサキ,NULL,,,,0,,,,,NULL,神奈川県 横浜市 金沢漁港,NULL,NULL,1,NULL,NULL,25.9,25.9,NULL,北北東,3.3m/s,中潮,東 0.2m/s,雨,,NULL,NULL,ウィリー船。イサキが釣れました。,25.9℃,NULL,chowari/忠彦丸
忠彦丸,金沢漁港,2026/09/16,3,0,タチウオ,タチウオ,メイン,タチウオ,NULL,,,,0,,,,,NULL,神奈川県 横浜市 金沢漁港,NULL,NULL,1,NULL,NULL,25.9,25.9,NULL,北北東,3.3m/s,中潮,東 0.2m/s,雨,,NULL,NULL,天秤タチウオ船。太刀魚が釣れました。,25.9℃,NULL,chowari/忠彦丸
忠彦丸,金沢漁港,2026/09/16,4,0,イサキ,イサキ,メイン,イサキ,NULL,,,,0,,,,,NULL,神奈川県 横浜市 金沢漁港,NULL,NULL,1,NULL,NULL,24.3,24.3,NULL,北北東,3.3m/s,中潮,東 0.2m/s,雨,,NULL,NULL,ウィリー船。イサキが釣れました。,24.3℃,NULL,chowari/忠彦丸
忠彦丸,金沢漁港,2026/09/18,1,0,タチウオ,タチウオ,メイン,タチウオ,NULL,,,,0,,,,,NULL,神奈川県 横浜市 金沢漁港,NULL,NULL,1,NULL,NULL,26.1,26.1,NULL,北,8.9m/s,小潮,北北東 0.6m/s,曇り,,NULL,NULL,天秤タチウオ船。太刀魚が釣れました。,26.1℃,NULL,chowari/忠彦丸
忠彦丸,金沢漁港,2026/09/19,1,0,ショウサイフグ,ショウサイフグ,メイン,ショウサイフグ,NULL,,,,0,,,,,NULL,神奈川県 横浜市 金沢漁港,NULL,NULL,1,NULL,NULL,25.9,25.9,NULL,北,6.9m/s,小潮,北 0.5m/s,曇り一時雨,,NULL,NULL,フグ船。ショウサイフグが釣れました。,25.9℃,NULL,chowari/忠彦丸
忠彦丸,金沢漁港,2026/09/19,2,0,イサキ,イサキ,サブ,イサキ,NULL,,,,0,,,,,NULL,神奈川県 横浜市 金沢漁港,NULL,NULL,1,NULL,NULL,25.9,25.9,NULL,北,6.9m/s,小潮,北 0.5m/s,曇り一時雨,NULL,NULL,NULL,ウィリー船。マダイ、イナダ、イサキなどが釣れました。,25.9℃,NULL,chowari/忠彦丸
忠彦丸,金沢漁港,2026/09/19,2,0,イナダ,イナダ,サブ,イナダ,NULL,,,,0,,,,,NULL,神奈川県 横浜市 金沢漁港,NULL,NULL,1,NULL,NULL,25.9,25.9,NULL,北,6.9m/s,小潮,北 0.5m/s,曇り一時雨,NULL,NULL,NULL,ウィリー船。マダイ、イナダ、イサキなどが釣れました。,25.9℃,NULL,chowari/忠彦丸
忠彦丸,金沢漁港,2026/09/19,2,0,マダイ,マダイ,メイン,マダイ,NULL,,,,0,,,,,NULL,神奈川県 横浜市 金沢漁港,NULL,NULL,1,NULL,NULL,25.9,25.9,NULL,北,6.9m/s,小潮,北 0.5m/s,曇り一時雨,イサキ・イナダ,NULL,NULL,ウィリー船。マダイ、イナダ、イサキなどが釣れました。,25.9℃,NULL,chowari/忠彦丸
忠彦丸,金沢漁港,2026/09/19,3,0,アジ,アジ,メイン,アジ,NULL,,,,0,,,,,NULL,神奈川県 横浜市 金沢漁港,NULL,NULL,1,NULL,NULL,25.9,25.9,NULL,北,6.9m/s,小潮,北 0.5m/s,曇り一時雨,,NULL,NULL,ライトアジ船。アジが釣れました。,25.9℃,NULL,chowari/忠彦丸
恵丸,南伊豆町手石港,2026/09/03,1,0,キハダマグロ,キハダマグロ,メイン,キハダマグロ,NULL,1.0,1.0,1.0,0,,,37.0,37.0,NULL,静岡県 賀茂郡南伊豆町 手石港,NULL,NULL,1,NULL,NULL,27.6,27.6,NULL,西,1.5m/s,小潮,南東 1.0m/s,曇りのち一時雨,,NULL,NULL,今日はキハダキャスティング、なんとか、１本ゲット、2打数1安打、昨日はフックアウトのバラシ、逃がした魚はでかい？,27.6℃,NULL,chowari/恵丸
成銀丸,松輪江奈港,2026/09/01,1,0,マダイ,マダイ,サブ,マダイ,NULL,0.0,2.0,1.0,0,,,1.0,2.0,NULL,神奈川県 三浦市 松輪江奈漁港,NULL,NULL,1,NULL,NULL,27.0,27.0,NULL,北北東,4.8m/s,中潮,南 0.4m/s,晴れ後時々曇り,NULL,NULL,NULL,朝の1投目からタブルヒットし本日も幸先の良いスタート。その後も昨日よりも若干口が重たい印象でしたが、旋回する度に当たりがあり、残念ながら1名ゲット成らずでしたが、何とかラストまで当たりが続きました。,27.0℃,NULL,chowari/成銀丸
成銀丸,松輪江奈港,2026/09/01,1,0,ワラサ,ワラサ,メイン,ワラサ,NULL,0.0,4.0,2.0,0,,,2.0,3.5,NULL,神奈川県 三浦市 松輪江奈漁港,NULL,NULL,1,NULL,NULL,27.0,27.0,NULL,北北東,4.8m/s,中潮,南 0.4m/s,晴れ後時々曇り,マダイ,NULL,NULL,朝の1投目からタブルヒットし本日も幸先の良いスタート。その後も昨日よりも若干口が重たい印象でしたが、旋回する度に当たりがあり、残念ながら1名ゲット成らずでしたが、何とかラストまで当たりが続きました。,27.0℃,NULL,chowari/成銀丸
成銀丸,松輪江奈港,2026/09/02,1,0,マダイ,マダイ,サブ,マダイ,NULL,0.0,1.0,0.5,0,,,0.5,1.0,NULL,神奈川県 三浦市 松輪江奈漁港,NULL,NULL,1,NULL,NULL,27.5,27.5,NULL,東南東,0.3m/s,中潮,南 0.4m/s,曇り時々晴れ,NULL,NULL,NULL,2隻に分かれて出船させて致しました。1流し目からポツポツと当たりが出だし幸先の良いスタート。その後は旋回する度に反応は確認できるものの、当たりが悪く苦戦しましたが、何とか後半に当たりが出る場面がありました。,27.5℃,NULL,chowari/成銀丸
成銀丸,松輪江奈港,2026/09/02,1,0,ワラサ,ワラサ,メイン,ワラサ,NULL,0.0,3.0,1.5,0,,,2.0,3.0,NULL,神奈川県 三浦市 松輪江奈漁港,NULL,NULL,1,NULL,NULL,27.5,27.5,NULL,東南東,0.3m/s,中潮,南 0.4m/s,曇り時々晴れ,マダイ,NULL,NULL,2隻に分かれて出船させて致しました。1流し目からポツポツと当たりが出だし幸先の良いスタート。その後は旋回する度に反応は確認できるものの、当たりが悪く苦戦しましたが、何とか後半に当たりが出る場面がありました。,27.5℃,NULL,chowari/成銀丸
成銀丸,松輪江奈港,2026/09/03,1,0,マアジ,アジ,メイン,マアジ,NULL,42.0,58.0,50.0,0,25.0,45.0,,,NULL,剣崎沖,NULL,NULL,1,NULL,NULL,27.6,27.6,NULL,南南西,4.4m/s,小潮,南 0.5m/s,曇りのち一時雨,,NULL,NULL,お客様２名で剣崎沖へ出船！！ 反応はどこでも濃厚に見られ、潮も比較的ぬるくて釣りやすく、活性の良いチャンス時に良型(30～40センチオーバー)揃いでポツポツ、コンスタントに集中してヒットし、とても楽しめました‼️ デカアジはバラシやハリス切れもあり。 それぞれ２名で５８匹、４２匹と高釣果でした‼️ 外道にクロムツ、シロムツ多数、サバなど ※ハリスは2～3号、針はムツ針の10～11号、シンプルな銀針、ハリスだけの仕掛けがオススメです！ (マアジのタックル) 竿ビシアジ2m前後 ハリス太さ3号前後、長さ2m前後 ハリムツ針10～12号前後 ビシアンドンビシ130～150号 付けエサ 赤タン(船にもあります)、又は青イソメ(船にはなし、※サ,27.6℃,NULL,chowari/成銀丸
成銀丸,松輪江奈港,2026/09/03,1,0,マダイ,マダイ,サブ,マダイ,NULL,0.0,1.0,0.5,0,,,0.5,1.0,NULL,神奈川県 三浦市 松輪江奈漁港,NULL,NULL,1,NULL,NULL,27.6,27.6,NULL,南南西,4.4m/s,小潮,南 0.5m/s,曇りのち一時雨,NULL,NULL,NULL,開始直後から当たりよく、朝の1流し目は切れ間なく当たりが続きました。本日はその後も旋回する度に何とか拾う事ができ、マダイ・イナダ・サワラ混じりでラスト一投までゲットする事ができました。,27.6℃,NULL,chowari/成銀丸
成銀丸,松輪江奈港,2026/09/03,1,0,ワラサ,ワラサ,メイン,ワラサ,NULL,0.0,5.0,2.5,0,,,2.0,3.5,NULL,神奈川県 三浦市 松輪江奈漁港,NULL,NULL,1,NULL,NULL,27.6,27.6,NULL,南南西,4.4m/s,小潮,南 0.5m/s,曇りのち一時雨,マダイ,NULL,NULL,開始直後から当たりよく、朝の1流し目は切れ間なく当たりが続きました。本日はその後も旋回する度に何とか拾う事ができ、マダイ・イナダ・サワラ混じりでラスト一投までゲットする事ができました。,27.6℃,NULL,chowari/成銀丸
成銀丸,松輪江奈港,2026/09/03,2,0,マダイ,マダイ,サブ,マダイ,NULL,0.0,1.0,0.5,0,,,0.5,1.0,NULL,神奈川県 三浦市 松輪江奈漁港,NULL,NULL,1,NULL,NULL,27.6,27.6,NULL,南南西,4.4m/s,小潮,南 0.5m/s,曇りのち一時雨,NULL,NULL,NULL,開始直後から当たりよく、朝の1流し目は切れ間なく当たりが続きました。本日はその後も旋回する度に何とか拾う事ができ、マダイ・イナダ・サワラ混じりでラスト一投までゲットする事ができました。,27.6℃,NULL,chowari/成銀丸
成銀丸,松輪江奈港,2026/09/03,2,0,ワラサ,ワラサ,メイン,ワラサ,NULL,0.0,5.0,2.5,0,,,2.0,3.5,NULL,神奈川県 三浦市 松輪江奈漁港,NULL,NULL,1,NULL,NULL,27.6,27.6,NULL,南南西,4.4m/s,小潮,南 0.5m/s,曇りのち一時雨,マダイ,NULL,NULL,開始直後から当たりよく、朝の1流し目は切れ間なく当たりが続きました。本日はその後も旋回する度に何とか拾う事ができ、マダイ・イナダ・サワラ混じりでラスト一投までゲットする事ができました。,27.6℃,NULL,chowari/成銀丸
成銀丸,松輪江奈港,2026/09/04,1,0,イナダ,イナダ,サブ,イナダ,NULL,0.0,5.0,2.5,0,,,0.8,1.2,NULL,神奈川県 三浦市 松輪江奈漁港,NULL,NULL,1,NULL,NULL,27.8,27.8,NULL,北北東,3.7m/s,小潮,南 0.7m/s,曇りのち一時雨,NULL,NULL,NULL,朝イチからポツポツと当たりが出だし、皆様のコマセワークで1流し目は切れ間なく当たりが続きました。その後も旋回する度に当たりが有りました。後半にはイナダ混じりで当たりが良い流しもあり、皆様お土産確保できました。,27.8℃,NULL,chowari/成銀丸
成銀丸,松輪江奈港,2026/09/04,1,0,マアジ,アジ,メイン,マアジ,NULL,20.0,58.0,39.0,0,25.0,45.0,,,NULL,剣崎沖,NULL,NULL,1,NULL,NULL,27.8,27.8,NULL,北北東,3.7m/s,小潮,南 0.7m/s,曇りのち一時雨,"５２匹が２名と好調でした‼️,外道にクロムツ多数,サバ",NULL,NULL,剣崎沖へ出船！！ 反応は濃厚に見られ、潮の流れもぬるくて釣りやすく、マアジの活性もゴキゲンで終始アタリ良く、良型(30～40センチオーバー)揃いでポツポツ、コンスタントに釣れて、とても楽しめました‼️ デカアジはバラシやハリス切れもあり。 それでもトップは５８匹、他に５２匹が２名と好調でした‼️ 外道にクロムツ多数、サバなど ※ハリスは2～3号、針はムツ針の10～11号、シンプルな銀針、ハリスだけの仕掛けがオススメです！ (マアジのタックル) 竿ビシアジ2m前後 ハリス太さ3号前後、長さ2m前後 ハリムツ針10～12号前後 ビシアンドンビシ130～150号 付けエサ 赤タン(船にもあります)、又は青イソメ(船にはなし、※サバが多く混じ,27.8℃,NULL,chowari/成銀丸
成銀丸,松輪江奈港,2026/09/04,1,0,マダイ,マダイ,サブ,マダイ,NULL,0.0,1.0,0.5,0,,,0.5,1.0,NULL,神奈川県 三浦市 松輪江奈漁港,NULL,NULL,1,NULL,NULL,27.8,27.8,NULL,北北東,3.7m/s,小潮,南 0.7m/s,曇りのち一時雨,NULL,NULL,NULL,朝イチからポツポツと当たりが出だし、皆様のコマセワークで1流し目は切れ間なく当たりが続きました。その後も旋回する度に当たりが有りました。後半にはイナダ混じりで当たりが良い流しもあり、皆様お土産確保できました。,27.8℃,NULL,chowari/成銀丸
成銀丸,松輪江奈港,2026/09/04,1,0,ワラサ,ワラサ,メイン,ワラサ,NULL,0.0,7.0,3.5,0,,,2.0,3.5,NULL,神奈川県 三浦市 松輪江奈漁港,NULL,NULL,1,NULL,NULL,27.8,27.8,NULL,北北東,3.7m/s,小潮,南 0.7m/s,曇りのち一時雨,イナダ・マダイ,NULL,NULL,朝イチからポツポツと当たりが出だし、皆様のコマセワークで1流し目は切れ間なく当たりが続きました。その後も旋回する度に当たりが有りました。後半にはイナダ混じりで当たりが良い流しもあり、皆様お土産確保できました。,27.8℃,NULL,chowari/成銀丸
成銀丸,松輪江奈港,2026/09/04,2,0,マアジ,アジ,メイン,マアジ,NULL,20.0,58.0,39.0,0,25.0,45.0,,,NULL,剣崎沖,NULL,NULL,1,NULL,NULL,27.8,27.8,NULL,北北東,3.7m/s,小潮,南 0.7m/s,曇りのち一時雨,"５２匹が２名と好調でした‼️,外道にクロムツ多数,サバ",NULL,NULL,剣崎沖へ出船！！ 反応は濃厚に見られ、潮の流れもぬるくて釣りやすく、マアジの活性もゴキゲンで終始アタリ良く、良型(30～40センチオーバー)揃いでポツポツ、コンスタントに釣れて、とても楽しめました‼️ デカアジはバラシやハリス切れもあり。 それでもトップは５８匹、他に５２匹が２名と好調でした‼️ 外道にクロムツ多数、サバなど ※ハリスは2～3号、針はムツ針の10～11号、シンプルな銀針、ハリスだけの仕掛けがオススメです！ (マアジのタックル) 竿ビシアジ2m前後 ハリス太さ3号前後、長さ2m前後 ハリムツ針10～12号前後 ビシアンドンビシ130～150号 付けエサ 赤タン(船にもあります)、又は青イソメ(船にはなし、※サバが多く混じ,27.8℃,NULL,chowari/成銀丸
成銀丸,松輪江奈港,2026/09/05,1,0,マダイ,マダイ,サブ,マダイ,NULL,0.0,2.0,1.0,0,,,0.8,1.0,NULL,神奈川県 三浦市 松輪江奈漁港,NULL,NULL,1,NULL,NULL,27.5,27.5,NULL,北東,5.4m/s,小潮,南南西 0.8m/s,曇り,NULL,NULL,NULL,朝イチから反応多く、投入直後から当たりが有り、開始1時間程はダブル・トリプルヒットと好スタート。その後の流しも残念なバラシも多くございましたが、何とか旋回する度に当たりが続きました。,27.5℃,NULL,chowari/成銀丸
成銀丸,松輪江奈港,2026/09/05,1,0,ワラサ,ワラサ,メイン,ワラサ,NULL,0.0,4.0,2.0,0,,,3.5,4.5,NULL,剣崎沖,NULL,NULL,1,NULL,NULL,27.5,27.5,NULL,北東,5.4m/s,小潮,南南西 0.8m/s,曇り,,NULL,NULL,剣崎沖へワラサ狙いで出船！ 反応は濃厚でチャンスの場面は所々であり、その際にポツポツヒットし、バラシもありながらゲットできました‼️ ゲストにマダイやイナダなど ワラサ仕掛けはハリス8～10号、針はヒラマサ13号前後のワラサ仕様で行い、釣り方も手返しよく(インターバル2、3分前後)、コマセワークを強めなバリバリのスタイルで行います‼️ (ワラサのタックル) ・竿2m前後(硬め) ・PE4～6号 ・片テンビンビシ80号または100号 ・クッションゴム2.5～3mm/50～100cm ・ハリス8～10号前後 ・ハリスの長さ4～6m前後 ・ヒラマサ針13号前後,27.5℃,NULL,chowari/成銀丸
成銀丸,松輪江奈港,2026/09/05,2,0,マダイ,マダイ,サブ,マダイ,NULL,0.0,2.0,1.0,0,,,0.8,1.0,NULL,神奈川県 三浦市 松輪江奈漁港,NULL,NULL,1,NULL,NULL,27.5,27.5,NULL,北東,5.4m/s,小潮,南南西 0.8m/s,曇り,NULL,NULL,NULL,朝イチから反応多く、投入直後から当たりが有り、開始1時間程はダブル・トリプルヒットと好スタート。その後の流しも残念なバラシも多くございましたが、何とか旋回する度に当たりが続きました。,27.5℃,NULL,chowari/成銀丸
成銀丸,松輪江奈港,2026/09/05,2,0,ワラサ,ワラサ,メイン,ワラサ,NULL,0.0,3.0,1.5,0,,,2.0,3.5,NULL,神奈川県 三浦市 松輪江奈漁港,NULL,NULL,1,NULL,NULL,27.5,27.5,NULL,北東,5.4m/s,小潮,南南西 0.8m/s,曇り,マダイ,NULL,NULL,朝イチから反応多く、投入直後から当たりが有り、開始1時間程はダブル・トリプルヒットと好スタート。その後の流しも残念なバラシも多くございましたが、何とか旋回する度に当たりが続きました。,27.5℃,NULL,chowari/成銀丸
成銀丸,松輪江奈港,2026/09/06,1,0,マダイ,マダイ,サブ,マダイ,NULL,0.0,1.0,0.5,0,,,0.5,1.5,NULL,神奈川県 三浦市 松輪江奈漁港,NULL,NULL,1,NULL,NULL,27.4,27.4,NULL,北北東,9.7m/s,長潮,南東 0.8m/s,雨,NULL,NULL,NULL,朝の1投目から船全体で当たり良く、ダブル・トリプルヒットと当たりが続きました。その後も失速すること無くゲットでき、クーラー満タンの方も多数でお土産十分という事もあり、雨風強まり11時早上がりとさせて頂きました。,27.4℃,NULL,chowari/成銀丸
成銀丸,松輪江奈港,2026/09/06,1,0,ワラサ,ワラサ,メイン,ワラサ,NULL,2.0,11.0,6.5,0,,,2.0,3.2,NULL,神奈川県 三浦市 松輪江奈漁港,NULL,NULL,1,NULL,NULL,27.4,27.4,NULL,北北東,9.7m/s,長潮,南東 0.8m/s,雨,マダイ,NULL,NULL,朝の1投目から船全体で当たり良く、ダブル・トリプルヒットと当たりが続きました。その後も失速すること無くゲットでき、クーラー満タンの方も多数でお土産十分という事もあり、雨風強まり11時早上がりとさせて頂きました。,27.4℃,NULL,chowari/成銀丸
成銀丸,松輪江奈港,2026/09/08,1,0,マダイ,マダイ,サブ,マダイ,NULL,0.0,1.0,0.5,0,,,0.5,1.0,NULL,神奈川県 三浦市 松輪江奈漁港,NULL,NULL,1,NULL,NULL,27.4,27.4,NULL,南西,2.9m/s,中潮,南 1.6m/s,曇り一時雨,NULL,NULL,NULL,2隻にゆったりと分かれて出船させて致しました。時化後でしたが、朝イチから安定の数名ヒットで好スタート。その後も2時間ほどは切れ間なく当たりが続きました。終日潮の流れ緩く、後半も何とか拾う事ができ、残念ながらバラしてしまいゲット成らずの方もいらっしゃいましたが、皆様に当たりは有りました。,27.4℃,NULL,chowari/成銀丸
成銀丸,松輪江奈港,2026/09/08,1,0,ワラサ,ワラサ,メイン,ワラサ,NULL,0.0,10.0,5.0,0,,,2.0,3.5,NULL,神奈川県 三浦市 松輪江奈漁港,NULL,NULL,1,NULL,NULL,27.4,27.4,NULL,南西,2.9m/s,中潮,南 1.6m/s,曇り一時雨,マダイ,NULL,NULL,2隻にゆったりと分かれて出船させて致しました。時化後でしたが、朝イチから安定の数名ヒットで好スタート。その後も2時間ほどは切れ間なく当たりが続きました。終日潮の流れ緩く、後半も何とか拾う事ができ、残念ながらバラしてしまいゲット成らずの方もいらっしゃいましたが、皆様に当たりは有りました。,27.4℃,NULL,chowari/成銀丸
成銀丸,松輪江奈港,2026/09/10,1,0,マダイ,マダイ,サブ,マダイ,NULL,0.0,1.0,0.5,0,,,0.7,2.5,NULL,神奈川県 三浦市 松輪江奈漁港,NULL,NULL,1,NULL,NULL,27.1,27.1,NULL,北北東,8.3m/s,大潮・潮変わり,南 1.1m/s,曇り一時雨,NULL,NULL,NULL,時化後でしたが、朝の1流し目から当たりが出だし、旋回する度に何とか拾う事ができました。潮変わりの時間帯には良型のマダイやカイワリも混じり、バラしもありゲット成らずの方もいらっしゃいましたが、殆どの方に当たりは有りました。,27.1℃,NULL,chowari/成銀丸
成銀丸,松輪江奈港,2026/09/10,1,0,ワラサ,ワラサ,メイン,ワラサ,NULL,0.0,4.0,2.0,0,,,2.0,3.5,NULL,神奈川県 三浦市 松輪江奈漁港,NULL,NULL,1,NULL,NULL,27.1,27.1,NULL,北北東,8.3m/s,大潮・潮変わり,南 1.1m/s,曇り一時雨,マダイ,NULL,NULL,時化後でしたが、朝の1流し目から当たりが出だし、旋回する度に何とか拾う事ができました。潮変わりの時間帯には良型のマダイやカイワリも混じり、バラしもありゲット成らずの方もいらっしゃいましたが、殆どの方に当たりは有りました。,27.1℃,NULL,chowari/成銀丸
成銀丸,松輪江奈港,2026/09/11,1,0,マダイ,マダイ,サブ,マダイ,NULL,0.0,3.0,1.5,0,,,0.5,1.0,NULL,神奈川県 三浦市 松輪江奈漁港,NULL,NULL,1,NULL,NULL,27.0,27.0,NULL,北北東,4.9m/s,大潮・潮変わり,南 0.5m/s,雨,NULL,NULL,NULL,朝イチからポツポツと当たりが出だし幸先の良いスタート。その後も旋回する度に当たりが有り、潮変わりの時間帯にはマダイ・シマアジも混じりクーラー賑わいました。9割程の方に当たりは有りましたが、残念なバラシも多く総員ゲットとは成りませんでした。,27.0℃,NULL,chowari/成銀丸
成銀丸,松輪江奈港,2026/09/11,1,0,ワラサ,ワラサ,メイン,ワラサ,NULL,0.0,6.0,3.0,0,,,2.0,3.5,NULL,神奈川県 三浦市 松輪江奈漁港,NULL,NULL,1,NULL,NULL,27.0,27.0,NULL,北北東,4.9m/s,大潮・潮変わり,南 0.5m/s,雨,マダイ,NULL,NULL,朝イチからポツポツと当たりが出だし幸先の良いスタート。その後も旋回する度に当たりが有り、潮変わりの時間帯にはマダイ・シマアジも混じりクーラー賑わいました。9割程の方に当たりは有りましたが、残念なバラシも多く総員ゲットとは成りませんでした。,27.0℃,NULL,chowari/成銀丸
成銀丸,松輪江奈港,2026/09/12,1,0,ワラサ,ワラサ,メイン,ワラサ,NULL,0.0,2.0,1.0,0,,,3.0,4.5,NULL,剣崎沖,NULL,NULL,1,NULL,NULL,25.8,25.8,NULL,北北東,6.7m/s,大潮,南 0.7m/s,曇り一時雨,,NULL,NULL,剣崎沖へワラサ狙いで出船！ ワラサはチャンスの場面でヒットが続き、その際にコマセワークと早い手返しで同時ヒットや連続で釣れたりと盛り上がりました！！ ゲストにマダイ、イナダ、珍しいソトイワシなど多数 ワラサ仕掛けはハリス8～10号、針はヒラマサ13号前後のワラサ仕様で行い、釣り方も手返しよく(インターバル2、3分前後)、コマセワークを強めなバリバリのスタイルで行います！ (ワラサのタックル) ・竿2m前後(硬め) ・PE4～6号 ・片テンビンビシ80号または100号 ・クッションゴム2.5～3mm/50～100cm ・ハリス8～10号前後 ・ハリスの長さ4～6m前後 ・ヒラマサ針13号前後,25.8℃,NULL,chowari/成銀丸
成銀丸,松輪江奈港,2026/09/12,2,0,ワラサ,ワラサ,メイン,ワラサ,NULL,0.0,1.0,0.5,0,,,2.0,3.5,NULL,神奈川県 三浦市 松輪江奈漁港,NULL,NULL,1,NULL,NULL,25.8,25.8,NULL,北北東,6.7m/s,大潮,南 0.7m/s,曇り一時雨,,NULL,NULL,朝イチからワラサの顔を拝め幸先の良いスタートでしたが、その後の当たりは単発ヒットが多く、終日反応は確認する事ができましたが、数伸び悩みました。,25.8℃,NULL,chowari/成銀丸
成銀丸,松輪江奈港,2026/09/13,1,0,ワラサ,ワラサ,メイン,ワラサ,NULL,0.0,3.0,1.5,0,,,2.0,3.5,NULL,神奈川県 三浦市 松輪江奈漁港,NULL,NULL,1,NULL,NULL,25.3,25.3,NULL,北,5.5m/s,中潮,南南東 0.5m/s,曇りのち時々晴れ,,NULL,NULL,朝の1投目からワラサの顔を拝め幸先の良いスタート。旋回する度に反応多く、当たりが出せず苦戦する時間帯もございましたが、後半からダブル・トリプルヒットと当たりのよい場面もあり、ラスト一投まで当たりが続きました。,25.3℃,NULL,chowari/成銀丸
成銀丸,松輪江奈港,2026/09/14,1,0,ワラサ,ワラサ,メイン,ワラサ,NULL,0.0,13.0,6.5,0,,,2.0,3.5,NULL,神奈川県 三浦市 松輪江奈漁港,NULL,NULL,1,NULL,NULL,25.8,25.8,NULL,南南西,5.9m/s,中潮,南 0.6m/s,晴れ後時々曇り,,NULL,NULL,2隻に分かれて出船させて致しました。朝イチからダブル・トリプルと当たり良く、その後も好条件で終日切れ間なく船の中で当たりが続きました。2隻にで残念ながら2名ゲット成らずでしたが、爆釣の方からのお裾分けもあり、皆様お土産確保できました。,25.8℃,NULL,chowari/成銀丸
成銀丸,松輪江奈港,2026/09/15,1,0,マダイ,マダイ,サブ,マダイ,NULL,0.0,2.0,1.0,0,,,0.8,1.2,NULL,神奈川県 三浦市 松輪江奈漁港,NULL,NULL,1,NULL,NULL,25.8,25.8,NULL,南南西,5.8m/s,中潮,南 0.8m/s,雨時々止む,NULL,NULL,NULL,ポイント到着直後から4人ヒットしロケットスタート。終日大流しにて、旋回する度に空振りなくポツポツと好調に数を伸ばすことができました。マダイやヒラソーダも混ざり、皆様お土産バッチリ確保できました。,25.8℃,NULL,chowari/成銀丸
成銀丸,松輪江奈港,2026/09/15,1,0,ワラサ,ワラサ,メイン,ワラサ,NULL,1.0,10.0,5.5,0,,,2.0,3.5,NULL,神奈川県 三浦市 松輪江奈漁港,NULL,NULL,1,NULL,NULL,25.8,25.8,NULL,南南西,5.8m/s,中潮,南 0.8m/s,雨時々止む,マダイ,NULL,NULL,ポイント到着直後から4人ヒットしロケットスタート。終日大流しにて、旋回する度に空振りなくポツポツと好調に数を伸ばすことができました。マダイやヒラソーダも混ざり、皆様お土産バッチリ確保できました。,25.8℃,NULL,chowari/成銀丸
成銀丸,松輪江奈港,2026/09/16,1,0,ワラサ,ワラサ,メイン,ワラサ,NULL,0.0,8.0,4.0,0,,,3.0,5.0,NULL,神奈川県 三浦市 松輪江奈漁港,NULL,NULL,1,NULL,NULL,25.8,25.8,NULL,北北東,3.1m/s,中潮,南南東 0.6m/s,雨,,NULL,NULL,ワラサはチャンスの場面は所々であり、その際に同時ヒットや連続でアタリ、バラシもかなりある中ほとんどの方がゲットできました‼️ トップは8本、続いて６本‼️ ゲストにマダイ、平ソーダ、サバなど ワラサ仕掛けはハリス8～10号、針はヒラマサ13号前後のワラサ仕様で行い、釣り方も手返しよく(インターバル2、3分前後)、コマセワークを強めなバリバリのスタイルで行います！ (ワラサのタックル) ・竿2m前後(硬め) ・PE4～6号 ・片テンビンビシ80号または100号 ・クッションゴム2.5～3mm/50～100cm ・ハリス8～10号前後 ・ハリスの長さ4～6m前後 ・ヒラマサ針13号前後,25.8℃,NULL,chowari/成銀丸
成銀丸,松輪江奈港,2026/09/16,2,0,ワラサ,ワラサ,メイン,ワラサ,NULL,0.0,5.0,2.5,0,,,2.0,3.5,NULL,神奈川県 三浦市 松輪江奈漁港,NULL,NULL,1,NULL,NULL,25.8,25.8,NULL,北北東,3.1m/s,中潮,南南東 0.6m/s,雨,,NULL,NULL,朝の1流し目からダブル・トリプルヒットと当たり良く好スタート。速い潮流なく大流しにてポツポツと継続して当たりがありました。残念ながら1名ヒットせずでしたが、殆どの方に当たりがあり好調キープできました。,25.8℃,NULL,chowari/成銀丸
成銀丸,松輪江奈港,2026/09/17,1,0,ワラサ,ワラサ,メイン,ワラサ,NULL,1.0,9.0,5.0,0,,,2.0,3.5,NULL,神奈川県 三浦市 松輪江奈漁港,NULL,NULL,1,NULL,NULL,25.7,25.7,NULL,北北東,10.1m/s,小潮,東北東 0.7m/s,曇り,,NULL,NULL,朝の1流し目から当たり良く、3時間程は潮の流れも緩く、大流しにて船全体で切れ間なく当たりが続き、皆様ゲットする事ができました。後半潮が流れ出してからも旋回する度に当たりが有り、3本超の方多くクーラー満タンの方多数で、本日も好調キープできました。,25.7℃,NULL,chowari/成銀丸
成銀丸,松輪江奈港,2026/09/17,2,0,ワラサ,ワラサ,メイン,ワラサ,NULL,1.0,9.0,5.0,0,,,2.0,3.5,NULL,神奈川県 三浦市 松輪江奈漁港,NULL,NULL,1,NULL,NULL,25.4,25.4,NULL,北北東,10.1m/s,小潮,東北東 0.7m/s,雨のち曇り,,NULL,NULL,朝の1流し目から当たり良く、3時間程は潮の流れも緩く、大流しにて船全体で切れ間なく当たりが続き、皆様ゲットする事ができました。後半潮が流れ出してからも旋回する度に当たりが有り、3本超の方多くクーラー満タンの方多数で、本日も好調キープできました。,25.4℃,NULL,chowari/成銀丸
成銀丸,松輪江奈港,2026/09/18,1,0,マダイ,マダイ,サブ,マダイ,NULL,0.0,2.0,1.0,0,,,1.0,1.2,NULL,神奈川県 三浦市 松輪江奈漁港,NULL,NULL,1,NULL,NULL,26.1,26.1,NULL,北,11.6m/s,小潮,北北東 0.8m/s,曇り,NULL,NULL,NULL,朝イチからポツポツと当たりが出だし安定の好スタート。北風爆風でしたが、旋回する度に当たりが続き、ラスト一投まで拾う事ができました。,26.1℃,NULL,chowari/成銀丸
成銀丸,松輪江奈港,2026/09/18,1,0,ワラサ,ワラサ,メイン,ワラサ,NULL,0.0,3.0,1.5,0,,,2.5,4.0,NULL,剣崎沖,NULL,NULL,1,NULL,NULL,26.1,26.1,NULL,北,11.6m/s,小潮,北北東 0.8m/s,曇り,,NULL,NULL,剣崎沖へワラサ狙いで出船！ ワラサはチャンスの場面は所々であり、その際にゲットでき、バラシもあり！ ゲストにシマアジ、マダイ、平ソーダ、サバなど ワラサ仕掛けはハリス8～10号、針はヒラマサ13号前後のワラサ仕様で行い、釣り方も手返しよく(インターバル2、3分前後)、コマセワークを強めなバリバリのスタイルで行います！ (ワラサのタックル) ・竿2m前後(硬め) ・PE4～6号 ・片テンビンビシ80号または100号 ・クッションゴム2.5～3mm/50～100cm ・ハリス8～10号前後 ・ハリスの長さ4～6m前後 ・ヒラマサ針13号前後,26.1℃,NULL,chowari/成銀丸
成銀丸,松輪江奈港,2026/09/18,2,0,マダイ,マダイ,サブ,マダイ,NULL,0.0,2.0,1.0,0,,,1.0,1.2,NULL,神奈川県 三浦市 松輪江奈漁港,NULL,NULL,1,NULL,NULL,26.1,26.1,NULL,北,11.6m/s,小潮,北北東 0.8m/s,曇り,NULL,NULL,NULL,朝イチからポツポツと当たりが出だし安定の好スタート。北風爆風でしたが、旋回する度に当たりが続き、ラスト一投まで拾う事ができました。,26.1℃,NULL,chowari/成銀丸
成銀丸,松輪江奈港,2026/09/18,2,0,ワラサ,ワラサ,メイン,ワラサ,NULL,0.0,4.0,2.0,0,,,2.0,3.5,NULL,神奈川県 三浦市 松輪江奈漁港,NULL,NULL,1,NULL,NULL,26.1,26.1,NULL,北,11.6m/s,小潮,北北東 0.8m/s,曇り,マダイ,NULL,NULL,朝イチからポツポツと当たりが出だし安定の好スタート。北風爆風でしたが、旋回する度に当たりが続き、ラスト一投まで拾う事ができました。,26.1℃,NULL,chowari/成銀丸
成銀丸,松輪江奈港,2026/09/19,1,0,ワラサ,ワラサ,メイン,ワラサ,NULL,0.0,6.0,3.0,0,,,2.5,4.0,NULL,剣崎沖,NULL,NULL,1,NULL,NULL,25.8,25.8,NULL,北北東,9.6m/s,小潮,南東 1.0m/s,曇り一時雨,,NULL,NULL,剣崎沖へワラサ狙いで出船！ ワラサは開始からチャンスの場面は所々であり、その際にコマセワークと素早い手返しでバリバリとヒット、バラシもあるなかみなさん頑張ってゲットしました！！ ゲストにマダイ、平ソーダなど ワラサ仕掛けはハリス8～10号、針はヒラマサ13号前後のワラサ仕様で行い、釣り方も手返しよく(インターバル2、3分前後)、コマセワークを強めなバリバリのスタイルで行います！ (ワラサのタックル) ・竿2m前後(硬め) ・PE4～6号 ・片テンビンビシ80号または100号 ・クッションゴム2.5～3mm/50～100cm ・ハリス8～10号前後 ・ハリスの長さ4～6m前後 ・ヒラマサ針13号前後,25.8℃,NULL,chowari/成銀丸
成銀丸,松輪江奈港,2026/09/19,2,0,ワラサ,ワラサ,メイン,ワラサ,NULL,0.0,8.0,4.0,0,,,2.0,3.5,NULL,神奈川県 三浦市 松輪江奈漁港,NULL,NULL,1,NULL,NULL,25.8,25.8,NULL,北北東,9.6m/s,小潮,南東 1.0m/s,曇り一時雨,,NULL,NULL,朝イチからダブル・トリプルと当たり良く安定の好スタート。開始2時間ほどは連投でゲットする方もいらっしゃいました。中弛みの時間帯もございましたが、後半にもひと盛り上がりがあり、ラスト一投まで当たりが続きました。,25.8℃,NULL,chowari/成銀丸
房丸,鴨居大室港,2026/09/02,1,0,アジ,アジ,サブ,アジ,NULL,10.0,27.0,18.5,0,23.0,33.0,,,NULL,神奈川県 横須賀市 鴨居大室漁港,NULL,NULL,1,NULL,NULL,27.7,27.7,NULL,南,0.9m/s,中潮,南 0.2m/s,曇り時々晴れ,NULL,NULL,NULL,【午前アジ】 18-23匹。 【午後アジ】 10-27匹。外道マダイ。 9/3午前出ます。午後も出船。,27.7℃,NULL,chowari/房丸
房丸,鴨居大室港,2026/09/03,1,0,アジ,アジ,サブ,アジ,NULL,12.0,17.0,14.5,0,22.0,32.0,,,NULL,神奈川県 横須賀市 鴨居大室漁港,NULL,NULL,1,NULL,NULL,27.7,27.7,NULL,南南西,4.1m/s,小潮,南 0.3m/s,曇りのち一時雨,NULL,NULL,NULL,【午前アジ】 【午後アジ】 12-17。外道マダイ。 明日9/4午前アジ出ます。午後はあと2名で出船。,27.7℃,NULL,chowari/房丸
房丸,鴨居大室港,2026/09/04,1,0,アジ,アジ,メイン,アジ,NULL,17.0,48.0,32.5,0,23.0,38.0,,,NULL,神奈川県 横須賀市 鴨居大室漁港,NULL,NULL,1,NULL,NULL,28.0,28.0,NULL,北北東,3.2m/s,小潮,南 0.4m/s,雨時々止む,,NULL,NULL,【午前アジ】 17.18.27.48匹。トップ熊谷さん。23-38センチ。 明日9/5午前アジ、午後アジ、夜メバル出ます。空いてます。,28.0℃,NULL,chowari/房丸
房丸,鴨居大室港,2026/09/05,1,0,アジ,アジ,サブ,アジ,NULL,7.0,23.0,15.0,0,23.0,38.0,,,NULL,神奈川県 横須賀市 鴨居大室漁港,NULL,NULL,1,NULL,NULL,27.6,27.6,NULL,北東,3.3m/s,小潮,南南西 0.5m/s,曇り,NULL,NULL,NULL,【午前アジ】 29.40匹。好調でした。 【午後アジ】 7.8.8.12.23。ポツポツ釣れました。 【夜メバル】 3-15匹。ダントツトップは鈴木さん。 明日は悪天候で出船中止です。,27.6℃,NULL,chowari/房丸
房丸,鴨居大室港,2026/09/05,1,0,メバル,メバル,サブ,メバル,NULL,3.0,15.0,9.0,0,13.0,24.0,,,NULL,神奈川県 横須賀市 鴨居大室漁港,NULL,NULL,1,NULL,NULL,27.6,27.6,NULL,北東,3.3m/s,小潮,南南西 0.5m/s,曇り,NULL,NULL,NULL,【午前アジ】 29.40匹。好調でした。 【午後アジ】 7.8.8.12.23。ポツポツ釣れました。 【夜メバル】 3-15匹。ダントツトップは鈴木さん。 明日は悪天候で出船中止です。,27.6℃,NULL,chowari/房丸
房丸,鴨居大室港,2026/09/08,1,0,アジ,アジ,メイン,アジ,NULL,13.0,23.0,18.0,0,21.0,35.0,,,NULL,神奈川県 横須賀市 鴨居大室漁港,NULL,NULL,1,NULL,NULL,27.6,27.6,NULL,南西,0.7m/s,中潮,南 1.0m/s,曇りのち一時雨,,NULL,NULL,【午前アジ】 13-23匹。外道サバ。前半釣れました。 明日9/9はお客様キャンセル出船しません。 9/10は造船所で船底塗り替えで休みます。,27.6℃,NULL,chowari/房丸
房丸,鴨居大室港,2026/09/13,1,0,マダイ,マダイ,メイン,マダイ,NULL,0.0,2.0,1.0,0,,,0.8,3.5,NULL,神奈川県 横須賀市 鴨居大室漁港,NULL,NULL,1,NULL,NULL,25.4,25.4,NULL,北,4.3m/s,中潮,南南西 0.2m/s,曇りのち時々晴れ,,NULL,NULL,【マダイ】 3.5キロ房丸賞。,25.4℃,NULL,chowari/房丸
房丸,鴨居大室港,2026/09/14,1,0,マダイ,マダイ,メイン,マダイ,NULL,0.0,2.0,1.0,0,,,0.5,0.8,NULL,神奈川県 横須賀市 鴨居大室漁港,NULL,NULL,1,NULL,NULL,25.8,25.8,NULL,南南西,6.0m/s,中潮,南南西 0.4m/s,晴れ後時々曇り,,NULL,NULL,【マダイ】 0-2枚。船中6枚。外道ホウボウ、カサゴ、アジ、ワラサ逃がす。 明日はあと2名で出ます。9/16からアジ釣りに変わります。,25.8℃,NULL,chowari/房丸
房丸,鴨居大室港,2026/09/16,1,0,アジ,アジ,メイン,アジ,NULL,5.0,10.0,7.5,0,21.0,33.0,,,NULL,神奈川県 横須賀市 鴨居大室漁港,NULL,NULL,1,NULL,NULL,25.9,25.9,NULL,北北東,3.3m/s,中潮,南 0.3m/s,雨,,NULL,NULL,【午前アジ】 5-10匹。21-33センチ。外道カサゴ。前半釣れました。 明日の午前アジあと1名で出ます。,25.9℃,NULL,chowari/房丸
房丸,鴨居大室港,2026/09/17,1,0,アジ,アジ,メイン,アジ,NULL,1.0,25.0,13.0,0,23.0,38.0,,,NULL,神奈川県 横須賀市 鴨居大室漁港,NULL,NULL,1,NULL,NULL,25.7,25.7,NULL,北,7.6m/s,小潮,北 0.6m/s,曇り時々晴れ,,NULL,NULL,午前アジ 1.10.25匹。外道マダイ。風強く釣り辛い。帰る間際に釣れはじめ、後ろ髪を引かれながら帰りました。明日も午前アジ出ます。予約無しでも乗れます。,25.7℃,NULL,chowari/房丸
房丸,鴨居大室港,2026/09/18,1,0,アジ,アジ,メイン,アジ,NULL,12.0,20.0,16.0,0,23.0,33.0,,,NULL,神奈川県 横須賀市 鴨居大室漁港,NULL,NULL,1,NULL,NULL,26.1,26.1,NULL,北,8.9m/s,小潮,北 0.6m/s・ウネリ,曇り,,NULL,NULL,【午前アジ】 12.20匹。23-33センチ。外道カサゴ。ポツリポツリ釣れました。 明日9/19出船予定。波もウネリも多少あります。,26.1℃,NULL,chowari/房丸
房丸,鴨居大室港,2026/09/19,1,0,アジ,アジ,サブ,アジ,NULL,8.0,26.0,17.0,0,22.0,35.0,,,NULL,神奈川県 横須賀市 鴨居大室漁港,NULL,NULL,1,NULL,NULL,25.5,25.5,NULL,北,6.9m/s,小潮,北北東 0.5m/s,曇り一時雨,NULL,NULL,NULL,【午前アジ】 1-24匹。外道カサゴ。後半釣れました。 【午後アジ】 8-26匹。外道カサゴ。ポツリポツリ釣れました。 明日は午前だけ出ます。,25.5℃,NULL,chowari/房丸
政勝丸,外川港,2026/09/01,1,0,アラ,アラ,メイン,アラ,NULL,6.0,10.0,8.0,0,,,0.4,2.1,NULL,千葉県 銚子市 外川漁港,NULL,NULL,1,NULL,NULL,25.3,25.3,NULL,北東,5.2m/s,中潮,東 1.3m/s,曇り,,NULL,NULL,ゲストに、アカムツ、カンコ、ムシガレイ、沖メバル、アジ、ユメカサゴ 潮の流れ良くみなさん釣れました。,25.3℃,NULL,chowari/政勝丸
政勝丸,外川港,2026/09/01,1,0,クロムツ,クロムツ,メイン,クロムツ,NULL,5.0,22.0,13.5,0,30.0,42.0,,,NULL,千葉県 銚子市 外川漁港,NULL,NULL,1,NULL,NULL,25.3,25.3,NULL,北東,5.2m/s,中潮,東 1.3m/s,曇り,,NULL,NULL,その他オニカサゴ、カンコ、ムシガレイ、ユメカサゴなど 明日も出船します 予約お待ちしています,25.3℃,NULL,chowari/政勝丸
政勝丸,外川港,2026/09/01,2,0,クロムツ,クロムツ,メイン,クロムツ,NULL,5.0,22.0,13.5,0,30.0,42.0,,,NULL,千葉県 銚子市 外川漁港,NULL,NULL,1,NULL,NULL,26.7,26.7,NULL,北東,5.2m/s,中潮,東 1.3m/s,曇り,,NULL,NULL,その他オニカサゴ、カンコ、ムシガレイ、ユメカサゴなど 明日も出船します 予約お待ちしています,26.7℃,NULL,chowari/政勝丸
政勝丸,外川港,2026/09/02,1,0,アラ,アラ,メイン,アラ,NULL,5.0,10.0,7.5,0,,,0.4,2.3,NULL,千葉県 銚子市 外川漁港,NULL,NULL,1,NULL,NULL,25.2,25.2,NULL,南南東,2.8m/s,中潮,東 1.2m/s,曇り時々晴れ,,NULL,NULL,ゲストに、アカムツ、カンコ、ムシガレイ、沖メバル、アジ、ユメカサゴ、ドンコ 潮の流れあったので、ポツポツアタリありました。,25.2℃,NULL,chowari/政勝丸
政勝丸,外川港,2026/09/02,2,0,カンコ,カンコ,サブ,カンコ,NULL,0.0,3.0,1.5,0,,,0.8,2.0,NULL,千葉県 銚子市 外川漁港,NULL,NULL,1,NULL,NULL,25.2,25.2,NULL,南南東,2.8m/s,中潮,東 1.2m/s,曇り時々晴れ,NULL,NULL,NULL,その他ホウボウ、ムシガレイ、オキメバル、ユメカサゴなど,25.2℃,NULL,chowari/政勝丸
政勝丸,外川港,2026/09/02,2,0,クロムツ,クロムツ,メイン,クロムツ,NULL,4.0,16.0,10.0,0,30.0,43.0,,,NULL,千葉県 銚子市 外川漁港,NULL,NULL,1,NULL,NULL,25.2,25.2,NULL,南南東,2.8m/s,中潮,東 1.2m/s,曇り時々晴れ,カンコ,NULL,NULL,その他ホウボウ、ムシガレイ、オキメバル、ユメカサゴなど,25.2℃,NULL,chowari/政勝丸
政勝丸,外川港,2026/09/03,1,0,アラ,アラ,メイン,アラ,NULL,5.0,10.0,7.5,0,,,0.4,1.9,NULL,千葉県 銚子市 外川漁港,NULL,NULL,1,NULL,NULL,25.2,25.2,NULL,南南西,3.6m/s,小潮・潮流れず,東南東 1.0m/s,曇りのち一時雨,,NULL,NULL,ゲストに、カンコ、メダイ、沖メバル、ムシガレイ、ユメカサゴ 朝は潮流れずイマイチでしたが、潮流れ出してからはアタリ多かったです。 大きいアタリありましたが、残念ハリス切れで姿見れずでした。,25.2℃,NULL,chowari/政勝丸
政勝丸,外川港,2026/09/05,1,0,アラ,アラ,メイン,アラ,NULL,1.0,10.0,5.5,0,,,0.3,1.5,NULL,千葉県 銚子市 外川漁港,NULL,NULL,1,NULL,NULL,25.0,25.0,NULL,東,3.8m/s,小潮,南東 1.1m/s,曇り,カンコ,NULL,NULL,その他アカムツ、オキメバル、ユメカサゴなど,25.0℃,NULL,chowari/政勝丸
政勝丸,外川港,2026/09/05,1,0,カンコ,カンコ,サブ,カンコ,NULL,0.0,6.0,3.0,0,,,0.5,2.0,NULL,千葉県 銚子市 外川漁港,NULL,NULL,1,NULL,NULL,25.0,25.0,NULL,東,3.8m/s,小潮,南東 1.1m/s,曇り,NULL,NULL,NULL,その他アカムツ、オキメバル、ユメカサゴなど,25.0℃,NULL,chowari/政勝丸
政勝丸,外川港,2026/09/11,1,0,アカムツ,アカムツ,サブ,アカムツ,NULL,0.0,3.0,1.5,0,25.0,38.0,,,NULL,千葉県 銚子市 外川漁港,NULL,NULL,1,NULL,NULL,24.7,24.7,NULL,北北東,4.3m/s,大潮,東南東 1.0m/s,雨,NULL,NULL,NULL,その他カンコ、オキメバル、ムシガレイ、アジ、ユメカサゴなど,24.7℃,NULL,chowari/政勝丸
政勝丸,外川港,2026/09/11,1,0,アラ,アラ,メイン,アラ,NULL,5.0,10.0,7.5,0,,,0.3,1.5,NULL,千葉県 銚子市 外川漁港,NULL,NULL,1,NULL,NULL,24.7,24.7,NULL,北北東,4.3m/s,大潮,東南東 1.0m/s,雨,アカムツ,NULL,NULL,その他カンコ、オキメバル、ムシガレイ、アジ、ユメカサゴなど,24.7℃,NULL,chowari/政勝丸
政勝丸,外川港,2026/09/11,1,0,ヒラメ,ヒラメ,メイン,ヒラメ,NULL,2.0,7.0,4.5,0,,,0.4,1.4,NULL,千葉県 銚子市 外川漁港,NULL,NULL,1,NULL,NULL,24.7,24.7,NULL,北北東,4.3m/s,大潮,東南東 1.0m/s,雨,,NULL,NULL,ゲストに、イナダ 青物の活性高く、朝はイナダ祭りでした。 潮の流れは1日あったので、後半ヒラメのアタリ多くなりみなさんお土産になりました。,24.7℃,NULL,chowari/政勝丸
政勝丸,外川港,2026/09/11,2,0,ヒラメ,ヒラメ,メイン,ヒラメ,NULL,2.0,7.0,4.5,0,,,0.4,1.4,NULL,千葉県 銚子市 外川漁港,NULL,NULL,1,NULL,NULL,24.7,24.7,NULL,北北東,4.3m/s,大潮,東南東 1.0m/s,雨,,NULL,NULL,ゲストに、イナダ 青物の活性高く、朝はイナダ祭りでした。 潮の流れは1日あったので、後半ヒラメのアタリ多くなりみなさんお土産になりました。,24.7℃,NULL,chowari/政勝丸
政勝丸,外川港,2026/09/13,1,0,アラ,アラ,メイン,アラ,NULL,4.0,10.0,7.0,0,,,0.4,1.8,NULL,千葉県 銚子市 外川漁港,NULL,NULL,1,NULL,NULL,24.2,24.2,NULL,北北東,6.2m/s,中潮,東 1.2m/s,曇りのち時々晴れ,,NULL,NULL,ゲストに、アカムツ、アマダイ、カンコ、ムシガレイ、アジ、ユメカサゴ、ドンコ 朝からポツポツと本命釣れるも、まとまったアタリなく苦戦しました。 アカムツやアマダイなど嬉しいゲストが混ざったので、みなさんお土産になりました。,24.2℃,NULL,chowari/政勝丸
政勝丸,外川港,2026/09/13,1,0,クロムツ,クロムツ,メイン,クロムツ,NULL,0.0,15.0,7.5,0,28.0,43.0,,,NULL,千葉県 銚子市 外川漁港,NULL,NULL,1,NULL,NULL,24.2,24.2,NULL,北北東,6.2m/s,中潮,東 1.2m/s,曇りのち時々晴れ,,NULL,NULL,その他アラ、カンコ、オキメバル ムシガレイ、アジ、ユメカサゴなど ０匹は船酔いの方,24.2℃,NULL,chowari/政勝丸
政勝丸,外川港,2026/09/13,2,0,アラ,アラ,メイン,アラ,NULL,4.0,10.0,7.0,0,,,0.4,1.8,NULL,千葉県 銚子市 外川漁港,NULL,NULL,1,NULL,NULL,24.5,24.5,NULL,北北東,6.2m/s,中潮,東 1.2m/s,曇りのち時々晴れ,,NULL,NULL,ゲストに、アカムツ、アマダイ、カンコ、ムシガレイ、アジ、ユメカサゴ、ドンコ 朝からポツポツと本命釣れるも、まとまったアタリなく苦戦しました。 アカムツやアマダイなど嬉しいゲストが混ざったので、みなさんお土産になりました。,24.5℃,NULL,chowari/政勝丸
政勝丸,外川港,2026/09/14,1,0,アラ,アラ,サブ,アラ,NULL,1.0,1.0,1.0,0,,,2.5,2.5,NULL,千葉県 銚子市 外川漁港,NULL,NULL,1,NULL,NULL,24.1,24.1,NULL,南南西,6.0m/s,中潮,東南東 1.1m/s,晴れ後時々曇り,NULL,NULL,NULL,その他メダイ、アジ、ユメカサゴなど,24.1℃,NULL,chowari/政勝丸
政勝丸,外川港,2026/09/14,1,0,オニカサゴ,オニカサゴ,サブ,オニカサゴ,NULL,0.0,2.0,1.0,0,,,0.5,1.5,NULL,千葉県 銚子市 外川漁港,NULL,NULL,1,NULL,NULL,24.1,24.1,NULL,南南西,6.0m/s,中潮,東南東 1.1m/s,晴れ後時々曇り,NULL,NULL,NULL,その他メダイ、アジ、ユメカサゴなど,24.1℃,NULL,chowari/政勝丸
政勝丸,外川港,2026/09/14,1,0,カンコ,カンコ,サブ,カンコ,NULL,0.0,5.0,2.5,0,,,0.5,3.0,NULL,千葉県 銚子市 外川漁港,NULL,NULL,1,NULL,NULL,24.1,24.1,NULL,南南西,6.0m/s,中潮,東南東 1.1m/s,晴れ後時々曇り,NULL,NULL,NULL,その他メダイ、アジ、ユメカサゴなど,24.1℃,NULL,chowari/政勝丸
政勝丸,外川港,2026/09/14,1,0,クロムツ,クロムツ,メイン,クロムツ,NULL,3.0,11.0,7.0,0,28.0,42.0,,,NULL,千葉県 銚子市 外川漁港,NULL,NULL,1,NULL,NULL,24.1,24.1,NULL,南南西,6.0m/s,中潮,東南東 1.1m/s,晴れ後時々曇り,アラ・オニカサゴ・カンコ,NULL,NULL,その他メダイ、アジ、ユメカサゴなど,24.1℃,NULL,chowari/政勝丸
政勝丸,外川港,2026/09/14,2,0,ヒラメ,ヒラメ,メイン,ヒラメ,NULL,1.0,3.0,2.0,0,,,0.6,2.1,NULL,千葉県 銚子市 外川漁港,NULL,NULL,1,NULL,NULL,24.1,24.1,NULL,南南西,6.0m/s,中潮,東南東 1.1m/s,晴れ後時々曇り,,NULL,NULL,ゲストに、マハタ、イナダ、カサゴ、ガンゾウ 水色悪くアタリ少なかったです。 深場はアタリは多かったですが、ゲストばかりで本命数伸びず。,24.1℃,NULL,chowari/政勝丸
政勝丸,外川港,2026/09/15,1,0,アラ,アラ,メイン,アラ,NULL,5.0,10.0,7.5,0,,,0.3,1.7,NULL,千葉県 銚子市 外川漁港,NULL,NULL,1,NULL,NULL,24.0,24.0,NULL,南西,5.3m/s,中潮,南東 1.3m/s,雨時々止む,,NULL,NULL,ゲストに、アカムツ、カンコ、沖メバル、アジ、ユメカサゴ、ドンコ 水色暗く、アタリ遠い難しい1日でしたがなんとかみなさん釣れて良かったです。 みなさん雨の中頑張っていただきありがとうございました。,24.0℃,NULL,chowari/政勝丸
政勝丸,外川港,2026/09/16,1,0,アラ,アラ,メイン,アラ,NULL,7.0,10.0,8.5,0,,,0.3,2.2,NULL,千葉県 銚子市 外川漁港,NULL,NULL,1,NULL,NULL,23.9,23.9,NULL,北東,4.8m/s,中潮,東南東 1.2m/s・ウネリ,雨,,NULL,NULL,ゲストに、アカムツ、アジ、沖メバル、ユメカサゴ、ドンコ ウネリ高くオマツリ多かったですが、魚の活性は高くアタリ多かったです。,23.9℃,NULL,chowari/政勝丸
政美丸,腰越港,2026/09/01,1,0,アジ,アジ,メイン,アジ,NULL,4.0,12.0,8.0,0,26.0,40.0,,,NULL,神奈川県 鎌倉市 腰越漁港,NULL,NULL,1,NULL,NULL,27.0,27.0,NULL,北東,2.8m/s,中潮・潮流れない,南 0.3m/s,曇り,アマダイ・イトヨリ・サバ・ハナダイ・マルソウダ,NULL,NULL,遊べました！ 今日も、出船させて頂きました！有り難うございます。 水深浅めで仕掛け落とせば大型マアジが釣れちゃう状態！ハナダイとイトヨリ交じってました他ヒラソーダ。 後水深ちょい深54mで中サバ中マアジにハナダイ交じりポツポツ。 後半時間短めになってしまいましたがコマセカゴ外しアマダイ狙い皆さんアマダイ釣りも初めての挑戦。 潮流れない悪条件でしたがとりあえず型は見れ！ 3人グループの方々は昼前からお昼寝してたのでアマダイはなし。。船の昼寝はなんとも気持ち良いもので◯ 釣果アジ26〜40cm4〜12匹・ハナダイ0.2〜0.5k〜4枚・アマダイ23〜35cm0〜1枚・サバ5〜8本・イトヨリ0〜3枚他。 2日出船確定。 予約3名様。 3日定,27.0℃,NULL,chowari/政美丸
政美丸,腰越港,2026/09/01,1,0,アマダイ,アマダイ,サブ,アマダイ,NULL,0.0,1.0,0.5,0,23.0,25.0,,,NULL,神奈川県 鎌倉市 腰越漁港,NULL,NULL,1,NULL,NULL,27.0,27.0,NULL,北東,2.8m/s,中潮・潮流れない,南 0.3m/s,曇り,NULL,NULL,NULL,遊べました！ 今日も、出船させて頂きました！有り難うございます。 水深浅めで仕掛け落とせば大型マアジが釣れちゃう状態！ハナダイとイトヨリ交じってました他ヒラソーダ。 後水深ちょい深54mで中サバ中マアジにハナダイ交じりポツポツ。 後半時間短めになってしまいましたがコマセカゴ外しアマダイ狙い皆さんアマダイ釣りも初めての挑戦。 潮流れない悪条件でしたがとりあえず型は見れ！ 3人グループの方々は昼前からお昼寝してたのでアマダイはなし。。船の昼寝はなんとも気持ち良いもので◯ 釣果アジ26〜40cm4〜12匹・ハナダイ0.2〜0.5k〜4枚・アマダイ23〜35cm0〜1枚・サバ5〜8本・イトヨリ0〜3枚他。 2日出船確定。 予約3名様。 3日定,27.0℃,NULL,chowari/政美丸
政美丸,腰越港,2026/09/01,1,0,イトヨリ,イトヨリ,サブ,イトヨリ,NULL,0.0,3.0,1.5,0,,,,,NULL,神奈川県 鎌倉市 腰越漁港,NULL,NULL,1,NULL,NULL,27.0,27.0,NULL,北東,2.8m/s,中潮・潮流れない,南 0.3m/s,曇り,NULL,NULL,NULL,遊べました！ 今日も、出船させて頂きました！有り難うございます。 水深浅めで仕掛け落とせば大型マアジが釣れちゃう状態！ハナダイとイトヨリ交じってました他ヒラソーダ。 後水深ちょい深54mで中サバ中マアジにハナダイ交じりポツポツ。 後半時間短めになってしまいましたがコマセカゴ外しアマダイ狙い皆さんアマダイ釣りも初めての挑戦。 潮流れない悪条件でしたがとりあえず型は見れ！ 3人グループの方々は昼前からお昼寝してたのでアマダイはなし。。船の昼寝はなんとも気持ち良いもので◯ 釣果アジ26〜40cm4〜12匹・ハナダイ0.2〜0.5k〜4枚・アマダイ23〜35cm0〜1枚・サバ5〜8本・イトヨリ0〜3枚他。 2日出船確定。 予約3名様。 3日定,27.0℃,NULL,chowari/政美丸
政美丸,腰越港,2026/09/01,1,0,サバ,サバ,サブ,サバ,NULL,5.0,8.0,6.5,0,,,,,NULL,神奈川県 鎌倉市 腰越漁港,NULL,NULL,1,NULL,NULL,27.0,27.0,NULL,北東,2.8m/s,中潮・潮流れない,南 0.3m/s,曇り,NULL,NULL,NULL,遊べました！ 今日も、出船させて頂きました！有り難うございます。 水深浅めで仕掛け落とせば大型マアジが釣れちゃう状態！ハナダイとイトヨリ交じってました他ヒラソーダ。 後水深ちょい深54mで中サバ中マアジにハナダイ交じりポツポツ。 後半時間短めになってしまいましたがコマセカゴ外しアマダイ狙い皆さんアマダイ釣りも初めての挑戦。 潮流れない悪条件でしたがとりあえず型は見れ！ 3人グループの方々は昼前からお昼寝してたのでアマダイはなし。。船の昼寝はなんとも気持ち良いもので◯ 釣果アジ26〜40cm4〜12匹・ハナダイ0.2〜0.5k〜4枚・アマダイ23〜35cm0〜1枚・サバ5〜8本・イトヨリ0〜3枚他。 2日出船確定。 予約3名様。 3日定,27.0℃,NULL,chowari/政美丸
政美丸,腰越港,2026/09/01,1,0,ハナダイ,ハナダイ,サブ,ハナダイ,NULL,4.0,4.0,4.0,0,,,0.2,0.5,NULL,神奈川県 鎌倉市 腰越漁港,NULL,NULL,1,NULL,NULL,27.0,27.0,NULL,北東,2.8m/s,中潮・潮流れない,南 0.3m/s,曇り,NULL,NULL,NULL,遊べました！ 今日も、出船させて頂きました！有り難うございます。 水深浅めで仕掛け落とせば大型マアジが釣れちゃう状態！ハナダイとイトヨリ交じってました他ヒラソーダ。 後水深ちょい深54mで中サバ中マアジにハナダイ交じりポツポツ。 後半時間短めになってしまいましたがコマセカゴ外しアマダイ狙い皆さんアマダイ釣りも初めての挑戦。 潮流れない悪条件でしたがとりあえず型は見れ！ 3人グループの方々は昼前からお昼寝してたのでアマダイはなし。。船の昼寝はなんとも気持ち良いもので◯ 釣果アジ26〜40cm4〜12匹・ハナダイ0.2〜0.5k〜4枚・アマダイ23〜35cm0〜1枚・サバ5〜8本・イトヨリ0〜3枚他。 2日出船確定。 予約3名様。 3日定,27.0℃,NULL,chowari/政美丸
政美丸,腰越港,2026/09/01,1,0,マルソウダ,NULL,サブ,マルソウダ,NULL,,,,0,,,,,NULL,神奈川県 鎌倉市 腰越漁港,NULL,NULL,1,NULL,NULL,27.0,27.0,NULL,北東,2.8m/s,中潮・潮流れない,南 0.3m/s,曇り,NULL,NULL,NULL,遊べました！ 今日も、出船させて頂きました！有り難うございます。 水深浅めで仕掛け落とせば大型マアジが釣れちゃう状態！ハナダイとイトヨリ交じってました他ヒラソーダ。 後水深ちょい深54mで中サバ中マアジにハナダイ交じりポツポツ。 後半時間短めになってしまいましたがコマセカゴ外しアマダイ狙い皆さんアマダイ釣りも初めての挑戦。 潮流れない悪条件でしたがとりあえず型は見れ！ 3人グループの方々は昼前からお昼寝してたのでアマダイはなし。。船の昼寝はなんとも気持ち良いもので◯ 釣果アジ26〜40cm4〜12匹・ハナダイ0.2〜0.5k〜4枚・アマダイ23〜35cm0〜1枚・サバ5〜8本・イトヨリ0〜3枚他。 2日出船確定。 予約3名様。 3日定,27.0℃,NULL,chowari/政美丸
政美丸,腰越港,2026/09/02,1,0,アジ,アジ,サブ,アジ,NULL,,,,0,,,,,NULL,神奈川県 鎌倉市 腰越漁港,NULL,NULL,1,NULL,NULL,27.7,27.7,NULL,南南東,1.3m/s,中潮,南 0.3m/s,曇り時々晴れ,NULL,NULL,NULL,遊べました！,27.7℃,NULL,chowari/政美丸
政美丸,腰越港,2026/09/02,1,0,アマダイ,アマダイ,メイン,アマダイ,NULL,,,,0,,,,,NULL,神奈川県 鎌倉市 腰越漁港,NULL,NULL,1,NULL,NULL,27.7,27.7,NULL,南南東,1.3m/s,中潮,南 0.3m/s,曇り時々晴れ,アジ・イトヨリ,NULL,NULL,遊べました！,27.7℃,NULL,chowari/政美丸
政美丸,腰越港,2026/09/02,1,0,イトヨリ,イトヨリ,サブ,イトヨリ,NULL,,,,0,,,,,NULL,神奈川県 鎌倉市 腰越漁港,NULL,NULL,1,NULL,NULL,27.7,27.7,NULL,南南東,1.3m/s,中潮,南 0.3m/s,曇り時々晴れ,NULL,NULL,NULL,遊べました！,27.7℃,NULL,chowari/政美丸
政美丸,腰越港,2026/09/05,1,0,アジ,アジ,メイン,アジ,NULL,,,,0,,,,,NULL,神奈川県 鎌倉市 腰越漁港,NULL,NULL,1,NULL,NULL,27.6,27.6,NULL,北東,3.0m/s,小潮,南 0.7m/s,曇り,クロダイ・サバ・ショゴ・ハナダイ・マダイ・マルソーダ,NULL,NULL,明け方まで振り続いてた雨は8時頃には曇り空に。 キンアジ針数にショゴとハナダイ・クロダイ・マルソーダ。 後良型マアジサバがぽちぽち釣れてのマダイハナダイ型見れ。 乗船された初釣りの方々予想以上に釣れてのビックリされて！ 明日仕立出船。 雨は夕方から北風が気になりますが,27.6℃,NULL,chowari/政美丸
政美丸,腰越港,2026/09/05,1,0,クロダイ,クロダイ,サブ,クロダイ,NULL,,,,0,,,,,NULL,神奈川県 鎌倉市 腰越漁港,NULL,NULL,1,NULL,NULL,27.6,27.6,NULL,北東,3.0m/s,小潮,南 0.7m/s,曇り,NULL,NULL,NULL,明け方まで振り続いてた雨は8時頃には曇り空に。 キンアジ針数にショゴとハナダイ・クロダイ・マルソーダ。 後良型マアジサバがぽちぽち釣れてのマダイハナダイ型見れ。 乗船された初釣りの方々予想以上に釣れてのビックリされて！ 明日仕立出船。 雨は夕方から北風が気になりますが,27.6℃,NULL,chowari/政美丸
政美丸,腰越港,2026/09/05,1,0,サバ,サバ,サブ,サバ,NULL,,,,0,,,,,NULL,神奈川県 鎌倉市 腰越漁港,NULL,NULL,1,NULL,NULL,27.6,27.6,NULL,北東,3.0m/s,小潮,南 0.7m/s,曇り,NULL,NULL,NULL,明け方まで振り続いてた雨は8時頃には曇り空に。 キンアジ針数にショゴとハナダイ・クロダイ・マルソーダ。 後良型マアジサバがぽちぽち釣れてのマダイハナダイ型見れ。 乗船された初釣りの方々予想以上に釣れてのビックリされて！ 明日仕立出船。 雨は夕方から北風が気になりますが,27.6℃,NULL,chowari/政美丸
政美丸,腰越港,2026/09/05,1,0,ショゴ,カンパチ,サブ,ショゴ,NULL,,,,0,,,,,NULL,神奈川県 鎌倉市 腰越漁港,NULL,NULL,1,NULL,NULL,27.6,27.6,NULL,北東,3.0m/s,小潮,南 0.7m/s,曇り,NULL,NULL,NULL,明け方まで振り続いてた雨は8時頃には曇り空に。 キンアジ針数にショゴとハナダイ・クロダイ・マルソーダ。 後良型マアジサバがぽちぽち釣れてのマダイハナダイ型見れ。 乗船された初釣りの方々予想以上に釣れてのビックリされて！ 明日仕立出船。 雨は夕方から北風が気になりますが,27.6℃,NULL,chowari/政美丸
政美丸,腰越港,2026/09/05,1,0,ハナダイ,ハナダイ,サブ,ハナダイ,NULL,,,,0,,,,,NULL,神奈川県 鎌倉市 腰越漁港,NULL,NULL,1,NULL,NULL,27.6,27.6,NULL,北東,3.0m/s,小潮,南 0.7m/s,曇り,NULL,NULL,NULL,明け方まで振り続いてた雨は8時頃には曇り空に。 キンアジ針数にショゴとハナダイ・クロダイ・マルソーダ。 後良型マアジサバがぽちぽち釣れてのマダイハナダイ型見れ。 乗船された初釣りの方々予想以上に釣れてのビックリされて！ 明日仕立出船。 雨は夕方から北風が気になりますが,27.6℃,NULL,chowari/政美丸
政美丸,腰越港,2026/09/05,1,0,マダイ,マダイ,サブ,マダイ,NULL,,,,0,,,,,NULL,神奈川県 鎌倉市 腰越漁港,NULL,NULL,1,NULL,NULL,27.6,27.6,NULL,北東,3.0m/s,小潮,南 0.7m/s,曇り,NULL,NULL,NULL,明け方まで振り続いてた雨は8時頃には曇り空に。 キンアジ針数にショゴとハナダイ・クロダイ・マルソーダ。 後良型マアジサバがぽちぽち釣れてのマダイハナダイ型見れ。 乗船された初釣りの方々予想以上に釣れてのビックリされて！ 明日仕立出船。 雨は夕方から北風が気になりますが,27.6℃,NULL,chowari/政美丸
政美丸,腰越港,2026/09/05,1,0,マルソーダ,NULL,サブ,マルソーダ,NULL,,,,0,,,,,NULL,神奈川県 鎌倉市 腰越漁港,NULL,NULL,1,NULL,NULL,27.6,27.6,NULL,北東,3.0m/s,小潮,南 0.7m/s,曇り,NULL,NULL,NULL,明け方まで振り続いてた雨は8時頃には曇り空に。 キンアジ針数にショゴとハナダイ・クロダイ・マルソーダ。 後良型マアジサバがぽちぽち釣れてのマダイハナダイ型見れ。 乗船された初釣りの方々予想以上に釣れてのビックリされて！ 明日仕立出船。 雨は夕方から北風が気になりますが,27.6℃,NULL,chowari/政美丸
政美丸,腰越港,2026/09/06,1,0,イナダ,イナダ,サブ,イナダ,NULL,,,,0,,,,,NULL,神奈川県 鎌倉市 腰越漁港,NULL,NULL,1,NULL,NULL,27.6,27.6,NULL,北,6.7m/s,長潮,南南東 0.6m/s,雨,NULL,NULL,NULL,仕立タイラバで出船。 ホウボウぽつぽつイナダにトラフグ。 女性３名雨と寒さに耐え切れず9時早上がりに。 明日時化予想。,27.6℃,NULL,chowari/政美丸
政美丸,腰越港,2026/09/06,1,0,トラフグ,トラフグ,サブ,トラフグ,NULL,,,,0,,,,,NULL,神奈川県 鎌倉市 腰越漁港,NULL,NULL,1,NULL,NULL,27.6,27.6,NULL,北,6.7m/s,長潮,南南東 0.6m/s,雨,NULL,NULL,NULL,仕立タイラバで出船。 ホウボウぽつぽつイナダにトラフグ。 女性３名雨と寒さに耐え切れず9時早上がりに。 明日時化予想。,27.6℃,NULL,chowari/政美丸
政美丸,腰越港,2026/09/06,1,0,ホウボウ,ホウボウ,メイン,ホウボウ,NULL,,,,0,,,,,NULL,神奈川県 鎌倉市 腰越漁港,NULL,NULL,1,NULL,NULL,27.6,27.6,NULL,北,6.7m/s,長潮,南南東 0.6m/s,雨,イナダ・トラフグ,NULL,NULL,仕立タイラバで出船。 ホウボウぽつぽつイナダにトラフグ。 女性３名雨と寒さに耐え切れず9時早上がりに。 明日時化予想。,27.6℃,NULL,chowari/政美丸
政美丸,腰越港,2026/09/11,1,0,アマダイ,アマダイ,サブ,アマダイ,NULL,,,,0,,,,,NULL,神奈川県 鎌倉市 腰越漁港,NULL,NULL,1,NULL,NULL,27.3,27.3,NULL,北北東,3.0m/s,大潮,南 0.5m/s,雨,NULL,NULL,NULL,久し振りの出船。 大降りでなく良かった曇時々雨。 今日の気温良いです過ごしやすく！ デカマアジ水深割と53mでバッチリお土産に！5〜12匹。 他ハナダイ、アマダイ、イトヨリ、サバ。 朝はキンアジ喰い良く全て針に！ スマガツオ、ハナダイ、カワハギ、カサゴ、ヒラソーダ、マルソーダ。 キンアジ泳がせで遊んだ方は2回あたり2回ハリス切れ。 明後日予約少な目現在3名様。 是非是非予約下さい！,27.3℃,NULL,chowari/政美丸
政美丸,腰越港,2026/09/11,1,0,イトヨリ,イトヨリ,サブ,イトヨリ,NULL,,,,0,,,,,NULL,神奈川県 鎌倉市 腰越漁港,NULL,NULL,1,NULL,NULL,27.3,27.3,NULL,北北東,3.0m/s,大潮,南 0.5m/s,雨,NULL,NULL,NULL,久し振りの出船。 大降りでなく良かった曇時々雨。 今日の気温良いです過ごしやすく！ デカマアジ水深割と53mでバッチリお土産に！5〜12匹。 他ハナダイ、アマダイ、イトヨリ、サバ。 朝はキンアジ喰い良く全て針に！ スマガツオ、ハナダイ、カワハギ、カサゴ、ヒラソーダ、マルソーダ。 キンアジ泳がせで遊んだ方は2回あたり2回ハリス切れ。 明後日予約少な目現在3名様。 是非是非予約下さい！,27.3℃,NULL,chowari/政美丸
政美丸,腰越港,2026/09/11,1,0,カサゴ,カサゴ,サブ,カサゴ,NULL,,,,0,,,,,NULL,神奈川県 鎌倉市 腰越漁港,NULL,NULL,1,NULL,NULL,27.3,27.3,NULL,北北東,3.0m/s,大潮,南 0.5m/s,雨,NULL,NULL,NULL,久し振りの出船。 大降りでなく良かった曇時々雨。 今日の気温良いです過ごしやすく！ デカマアジ水深割と53mでバッチリお土産に！5〜12匹。 他ハナダイ、アマダイ、イトヨリ、サバ。 朝はキンアジ喰い良く全て針に！ スマガツオ、ハナダイ、カワハギ、カサゴ、ヒラソーダ、マルソーダ。 キンアジ泳がせで遊んだ方は2回あたり2回ハリス切れ。 明後日予約少な目現在3名様。 是非是非予約下さい！,27.3℃,NULL,chowari/政美丸
政美丸,腰越港,2026/09/11,1,0,カワハギ,カワハギ,サブ,カワハギ,NULL,,,,0,,,,,NULL,神奈川県 鎌倉市 腰越漁港,NULL,NULL,1,NULL,NULL,27.3,27.3,NULL,北北東,3.0m/s,大潮,南 0.5m/s,雨,NULL,NULL,NULL,久し振りの出船。 大降りでなく良かった曇時々雨。 今日の気温良いです過ごしやすく！ デカマアジ水深割と53mでバッチリお土産に！5〜12匹。 他ハナダイ、アマダイ、イトヨリ、サバ。 朝はキンアジ喰い良く全て針に！ スマガツオ、ハナダイ、カワハギ、カサゴ、ヒラソーダ、マルソーダ。 キンアジ泳がせで遊んだ方は2回あたり2回ハリス切れ。 明後日予約少な目現在3名様。 是非是非予約下さい！,27.3℃,NULL,chowari/政美丸
政美丸,腰越港,2026/09/11,1,0,サバ,サバ,サブ,サバ,NULL,,,,0,,,,,NULL,神奈川県 鎌倉市 腰越漁港,NULL,NULL,1,NULL,NULL,27.3,27.3,NULL,北北東,3.0m/s,大潮,南 0.5m/s,雨,NULL,NULL,NULL,久し振りの出船。 大降りでなく良かった曇時々雨。 今日の気温良いです過ごしやすく！ デカマアジ水深割と53mでバッチリお土産に！5〜12匹。 他ハナダイ、アマダイ、イトヨリ、サバ。 朝はキンアジ喰い良く全て針に！ スマガツオ、ハナダイ、カワハギ、カサゴ、ヒラソーダ、マルソーダ。 キンアジ泳がせで遊んだ方は2回あたり2回ハリス切れ。 明後日予約少な目現在3名様。 是非是非予約下さい！,27.3℃,NULL,chowari/政美丸
政美丸,腰越港,2026/09/11,1,0,スマガツオ,NULL,サブ,スマガツオ,NULL,,,,0,,,,,NULL,神奈川県 鎌倉市 腰越漁港,NULL,NULL,1,NULL,NULL,27.3,27.3,NULL,北北東,3.0m/s,大潮,南 0.5m/s,雨,NULL,NULL,NULL,久し振りの出船。 大降りでなく良かった曇時々雨。 今日の気温良いです過ごしやすく！ デカマアジ水深割と53mでバッチリお土産に！5〜12匹。 他ハナダイ、アマダイ、イトヨリ、サバ。 朝はキンアジ喰い良く全て針に！ スマガツオ、ハナダイ、カワハギ、カサゴ、ヒラソーダ、マルソーダ。 キンアジ泳がせで遊んだ方は2回あたり2回ハリス切れ。 明後日予約少な目現在3名様。 是非是非予約下さい！,27.3℃,NULL,chowari/政美丸
政美丸,腰越港,2026/09/11,1,0,ハナダイ,ハナダイ,サブ,ハナダイ,NULL,,,,0,,,,,NULL,神奈川県 鎌倉市 腰越漁港,NULL,NULL,1,NULL,NULL,27.3,27.3,NULL,北北東,3.0m/s,大潮,南 0.5m/s,雨,NULL,NULL,NULL,久し振りの出船。 大降りでなく良かった曇時々雨。 今日の気温良いです過ごしやすく！ デカマアジ水深割と53mでバッチリお土産に！5〜12匹。 他ハナダイ、アマダイ、イトヨリ、サバ。 朝はキンアジ喰い良く全て針に！ スマガツオ、ハナダイ、カワハギ、カサゴ、ヒラソーダ、マルソーダ。 キンアジ泳がせで遊んだ方は2回あたり2回ハリス切れ。 明後日予約少な目現在3名様。 是非是非予約下さい！,27.3℃,NULL,chowari/政美丸
政美丸,腰越港,2026/09/11,1,0,ヒラソーダ,NULL,サブ,ヒラソーダ,NULL,,,,0,,,,,NULL,神奈川県 鎌倉市 腰越漁港,NULL,NULL,1,NULL,NULL,27.3,27.3,NULL,北北東,3.0m/s,大潮,南 0.5m/s,雨,NULL,NULL,NULL,久し振りの出船。 大降りでなく良かった曇時々雨。 今日の気温良いです過ごしやすく！ デカマアジ水深割と53mでバッチリお土産に！5〜12匹。 他ハナダイ、アマダイ、イトヨリ、サバ。 朝はキンアジ喰い良く全て針に！ スマガツオ、ハナダイ、カワハギ、カサゴ、ヒラソーダ、マルソーダ。 キンアジ泳がせで遊んだ方は2回あたり2回ハリス切れ。 明後日予約少な目現在3名様。 是非是非予約下さい！,27.3℃,NULL,chowari/政美丸
政美丸,腰越港,2026/09/11,1,0,マアジ,アジ,メイン,マアジ,NULL,5.0,12.0,8.5,0,,,,,NULL,神奈川県 鎌倉市 腰越漁港,NULL,NULL,1,NULL,NULL,27.3,27.3,NULL,北北東,3.0m/s,大潮,南 0.5m/s,雨,アマダイ・イトヨリ・カサゴ・カワハギ・サバ・スマガツオ・ハナダイ・ヒラソーダ・マルソーダ,NULL,NULL,久し振りの出船。 大降りでなく良かった曇時々雨。 今日の気温良いです過ごしやすく！ デカマアジ水深割と53mでバッチリお土産に！5〜12匹。 他ハナダイ、アマダイ、イトヨリ、サバ。 朝はキンアジ喰い良く全て針に！ スマガツオ、ハナダイ、カワハギ、カサゴ、ヒラソーダ、マルソーダ。 キンアジ泳がせで遊んだ方は2回あたり2回ハリス切れ。 明後日予約少な目現在3名様。 是非是非予約下さい！,27.3℃,NULL,chowari/政美丸
政美丸,腰越港,2026/09/11,1,0,マルソーダ,NULL,サブ,マルソーダ,NULL,,,,0,,,,,NULL,神奈川県 鎌倉市 腰越漁港,NULL,NULL,1,NULL,NULL,27.3,27.3,NULL,北北東,3.0m/s,大潮,南 0.5m/s,雨,NULL,NULL,NULL,久し振りの出船。 大降りでなく良かった曇時々雨。 今日の気温良いです過ごしやすく！ デカマアジ水深割と53mでバッチリお土産に！5〜12匹。 他ハナダイ、アマダイ、イトヨリ、サバ。 朝はキンアジ喰い良く全て針に！ スマガツオ、ハナダイ、カワハギ、カサゴ、ヒラソーダ、マルソーダ。 キンアジ泳がせで遊んだ方は2回あたり2回ハリス切れ。 明後日予約少な目現在3名様。 是非是非予約下さい！,27.3℃,NULL,chowari/政美丸
政美丸,腰越港,2026/09/12,1,0,アジ,アジ,メイン,アジ,NULL,,,,0,,,,,NULL,神奈川県 鎌倉市 腰越漁港,NULL,NULL,1,NULL,NULL,25.9,25.9,NULL,北北東,3.9m/s,大潮,南 0.5m/s,雨のち曇り,ショゴ,NULL,NULL,遊べました。 （アジ、ショゴ）,25.9℃,NULL,chowari/政美丸
政美丸,腰越港,2026/09/12,1,0,ショゴ,カンパチ,サブ,ショゴ,NULL,,,,0,,,,,NULL,神奈川県 鎌倉市 腰越漁港,NULL,NULL,1,NULL,NULL,25.9,25.9,NULL,北北東,3.9m/s,大潮,南 0.5m/s,雨のち曇り,NULL,NULL,NULL,遊べました。 （アジ、ショゴ）,25.9℃,NULL,chowari/政美丸
政美丸,腰越港,2026/09/13,1,0,アジ,アジ,メイン,アジ,NULL,8.0,30.0,19.0,0,16.0,40.0,,,NULL,神奈川県 鎌倉市 腰越漁港,NULL,NULL,1,NULL,NULL,25.4,25.4,NULL,北北東,2.8m/s,中潮,南南東 0.3m/s,曇りのち時々晴れ,アマダイ・イトヨリ・カンパチ・サバ・ハナダイ・マダイ,NULL,NULL,遊べました。 朝一時曇時折雨からの、久し振りの陽射しで気温上昇。 どちらを選択したらと。 スタート水深25m金アジ魚影濃くカンパチハナダイとヒラソーダマルソーダにスマガツオ交じりワカシイナダ。 アジ泳がせでカンパチ、シャクリでカンパチ 後水深55mへの大マアジサバ釣り間があり今一つではありますがお土産にはバッチリ26〜40cmcm3〜15匹。 マダイアマダイハナダイイトヨリモクアジカサゴに良型ヒラソーダが一時回り。 釣果アジ16〜40cm8〜30匹・カンパチ0〜3本・マダイハナダイ0.2〜1.3k0〜3枚・イトヨリ0〜2枚・大中サバ2〜5本。 毎日出船したいと思いつつ。 皆さんからの予約お待ちしております。 9月10月仕立予約も宜しくお願いい,25.4℃,NULL,chowari/政美丸
政美丸,腰越港,2026/09/13,1,0,アマダイ,アマダイ,サブ,アマダイ,NULL,,,,0,,,,,NULL,神奈川県 鎌倉市 腰越漁港,NULL,NULL,1,NULL,NULL,25.4,25.4,NULL,北北東,2.8m/s,中潮,南南東 0.3m/s,曇りのち時々晴れ,NULL,NULL,NULL,遊べました。 朝一時曇時折雨からの、久し振りの陽射しで気温上昇。 どちらを選択したらと。 スタート水深25m金アジ魚影濃くカンパチハナダイとヒラソーダマルソーダにスマガツオ交じりワカシイナダ。 アジ泳がせでカンパチ、シャクリでカンパチ 後水深55mへの大マアジサバ釣り間があり今一つではありますがお土産にはバッチリ26〜40cmcm3〜15匹。 マダイアマダイハナダイイトヨリモクアジカサゴに良型ヒラソーダが一時回り。 釣果アジ16〜40cm8〜30匹・カンパチ0〜3本・マダイハナダイ0.2〜1.3k0〜3枚・イトヨリ0〜2枚・大中サバ2〜5本。 毎日出船したいと思いつつ。 皆さんからの予約お待ちしております。 9月10月仕立予約も宜しくお願いい,25.4℃,NULL,chowari/政美丸
政美丸,腰越港,2026/09/13,1,0,イトヨリ,イトヨリ,サブ,イトヨリ,NULL,0.0,2.0,1.0,0,,,,,NULL,神奈川県 鎌倉市 腰越漁港,NULL,NULL,1,NULL,NULL,25.4,25.4,NULL,北北東,2.8m/s,中潮,南南東 0.3m/s,曇りのち時々晴れ,NULL,NULL,NULL,遊べました。 朝一時曇時折雨からの、久し振りの陽射しで気温上昇。 どちらを選択したらと。 スタート水深25m金アジ魚影濃くカンパチハナダイとヒラソーダマルソーダにスマガツオ交じりワカシイナダ。 アジ泳がせでカンパチ、シャクリでカンパチ 後水深55mへの大マアジサバ釣り間があり今一つではありますがお土産にはバッチリ26〜40cmcm3〜15匹。 マダイアマダイハナダイイトヨリモクアジカサゴに良型ヒラソーダが一時回り。 釣果アジ16〜40cm8〜30匹・カンパチ0〜3本・マダイハナダイ0.2〜1.3k0〜3枚・イトヨリ0〜2枚・大中サバ2〜5本。 毎日出船したいと思いつつ。 皆さんからの予約お待ちしております。 9月10月仕立予約も宜しくお願いい,25.4℃,NULL,chowari/政美丸
政美丸,腰越港,2026/09/13,1,0,カンパチ,カンパチ,サブ,カンパチ,NULL,0.0,3.0,1.5,0,,,,,NULL,神奈川県 鎌倉市 腰越漁港,NULL,NULL,1,NULL,NULL,25.4,25.4,NULL,北北東,2.8m/s,中潮,南南東 0.3m/s,曇りのち時々晴れ,NULL,NULL,NULL,遊べました。 朝一時曇時折雨からの、久し振りの陽射しで気温上昇。 どちらを選択したらと。 スタート水深25m金アジ魚影濃くカンパチハナダイとヒラソーダマルソーダにスマガツオ交じりワカシイナダ。 アジ泳がせでカンパチ、シャクリでカンパチ 後水深55mへの大マアジサバ釣り間があり今一つではありますがお土産にはバッチリ26〜40cmcm3〜15匹。 マダイアマダイハナダイイトヨリモクアジカサゴに良型ヒラソーダが一時回り。 釣果アジ16〜40cm8〜30匹・カンパチ0〜3本・マダイハナダイ0.2〜1.3k0〜3枚・イトヨリ0〜2枚・大中サバ2〜5本。 毎日出船したいと思いつつ。 皆さんからの予約お待ちしております。 9月10月仕立予約も宜しくお願いい,25.4℃,NULL,chowari/政美丸
政美丸,腰越港,2026/09/13,1,0,サバ,サバ,サブ,サバ,NULL,2.0,5.0,3.5,0,,,,,NULL,神奈川県 鎌倉市 腰越漁港,NULL,NULL,1,NULL,NULL,25.4,25.4,NULL,北北東,2.8m/s,中潮,南南東 0.3m/s,曇りのち時々晴れ,NULL,NULL,NULL,遊べました。 朝一時曇時折雨からの、久し振りの陽射しで気温上昇。 どちらを選択したらと。 スタート水深25m金アジ魚影濃くカンパチハナダイとヒラソーダマルソーダにスマガツオ交じりワカシイナダ。 アジ泳がせでカンパチ、シャクリでカンパチ 後水深55mへの大マアジサバ釣り間があり今一つではありますがお土産にはバッチリ26〜40cmcm3〜15匹。 マダイアマダイハナダイイトヨリモクアジカサゴに良型ヒラソーダが一時回り。 釣果アジ16〜40cm8〜30匹・カンパチ0〜3本・マダイハナダイ0.2〜1.3k0〜3枚・イトヨリ0〜2枚・大中サバ2〜5本。 毎日出船したいと思いつつ。 皆さんからの予約お待ちしております。 9月10月仕立予約も宜しくお願いい,25.4℃,NULL,chowari/政美丸
政美丸,腰越港,2026/09/13,1,0,ハナダイ,ハナダイ,サブ,ハナダイ,NULL,,,,0,,,,,NULL,神奈川県 鎌倉市 腰越漁港,NULL,NULL,1,NULL,NULL,25.4,25.4,NULL,北北東,2.8m/s,中潮,南南東 0.3m/s,曇りのち時々晴れ,NULL,NULL,NULL,遊べました。 朝一時曇時折雨からの、久し振りの陽射しで気温上昇。 どちらを選択したらと。 スタート水深25m金アジ魚影濃くカンパチハナダイとヒラソーダマルソーダにスマガツオ交じりワカシイナダ。 アジ泳がせでカンパチ、シャクリでカンパチ 後水深55mへの大マアジサバ釣り間があり今一つではありますがお土産にはバッチリ26〜40cmcm3〜15匹。 マダイアマダイハナダイイトヨリモクアジカサゴに良型ヒラソーダが一時回り。 釣果アジ16〜40cm8〜30匹・カンパチ0〜3本・マダイハナダイ0.2〜1.3k0〜3枚・イトヨリ0〜2枚・大中サバ2〜5本。 毎日出船したいと思いつつ。 皆さんからの予約お待ちしております。 9月10月仕立予約も宜しくお願いい,25.4℃,NULL,chowari/政美丸
政美丸,腰越港,2026/09/13,1,0,マダイ,マダイ,サブ,マダイ,NULL,,,,0,,,,,NULL,神奈川県 鎌倉市 腰越漁港,NULL,NULL,1,NULL,NULL,25.4,25.4,NULL,北北東,2.8m/s,中潮,南南東 0.3m/s,曇りのち時々晴れ,NULL,NULL,NULL,遊べました。 朝一時曇時折雨からの、久し振りの陽射しで気温上昇。 どちらを選択したらと。 スタート水深25m金アジ魚影濃くカンパチハナダイとヒラソーダマルソーダにスマガツオ交じりワカシイナダ。 アジ泳がせでカンパチ、シャクリでカンパチ 後水深55mへの大マアジサバ釣り間があり今一つではありますがお土産にはバッチリ26〜40cmcm3〜15匹。 マダイアマダイハナダイイトヨリモクアジカサゴに良型ヒラソーダが一時回り。 釣果アジ16〜40cm8〜30匹・カンパチ0〜3本・マダイハナダイ0.2〜1.3k0〜3枚・イトヨリ0〜2枚・大中サバ2〜5本。 毎日出船したいと思いつつ。 皆さんからの予約お待ちしております。 9月10月仕立予約も宜しくお願いい,25.4℃,NULL,chowari/政美丸
政美丸,腰越港,2026/09/16,1,0,アカアマダイ,アカアマダイ,サブ,アカアマダイ,NULL,,,,0,,,,,NULL,神奈川県 鎌倉市 腰越漁港,NULL,NULL,1,NULL,NULL,25.9,25.9,NULL,北北東,3.5m/s,中潮,南南東 0.5m/s・凪,雨,NULL,NULL,NULL,雨降り海上凪！ 暑いより良いかな。 朝水深浅くのポイントで、カンパチイナダハナダイがアジ釣れながら交じりツムブリスマガツオ。 ポイント移動し、 大アジ大サバ釣りなが、ハナダイイトヨリカサゴ。 明日は定休日。 釣果アジ18〜43cm10〜32匹・カンパチ0〜1本・イナダ0〜2本ハナダイ0.3〜0.6k0〜2枚イトヨリ0〜6本・サバ0〜4本・ソーダ2〜6本。 仕立船は朝イナダぽつぽつ良い感じで釣れその後アマダイアジ釣りにシロアマダイアカアマダイ0〜2本イトヨリトップ6本他大アジサバはバッチリ他ヒラソーダスマガツオ。 釣れて天候はそっちのけで楽しく一日を！,25.9℃,NULL,chowari/政美丸
政美丸,腰越港,2026/09/16,1,0,アジ,アジ,メイン,アジ,NULL,10.0,32.0,21.0,0,18.0,43.0,,,NULL,神奈川県 鎌倉市 腰越漁港,NULL,NULL,1,NULL,NULL,25.9,25.9,NULL,北北東,3.5m/s,中潮,南南東 0.5m/s・凪,雨,アカアマダイ・イトヨリ・イナダ・カンパチ・サバ・シロアマダイ・スマガツオ・ソーダ・ハナダイ・ヒラソーダ,NULL,NULL,雨降り海上凪！ 暑いより良いかな。 朝水深浅くのポイントで、カンパチイナダハナダイがアジ釣れながら交じりツムブリスマガツオ。 ポイント移動し、 大アジ大サバ釣りなが、ハナダイイトヨリカサゴ。 明日は定休日。 釣果アジ18〜43cm10〜32匹・カンパチ0〜1本・イナダ0〜2本ハナダイ0.3〜0.6k0〜2枚イトヨリ0〜6本・サバ0〜4本・ソーダ2〜6本。 仕立船は朝イナダぽつぽつ良い感じで釣れその後アマダイアジ釣りにシロアマダイアカアマダイ0〜2本イトヨリトップ6本他大アジサバはバッチリ他ヒラソーダスマガツオ。 釣れて天候はそっちのけで楽しく一日を！,25.9℃,NULL,chowari/政美丸
政美丸,腰越港,2026/09/16,1,0,イトヨリ,イトヨリ,サブ,イトヨリ,NULL,6.0,6.0,6.0,0,,,,,NULL,神奈川県 鎌倉市 腰越漁港,NULL,NULL,1,NULL,NULL,25.9,25.9,NULL,北北東,3.5m/s,中潮,南南東 0.5m/s・凪,雨,NULL,NULL,NULL,雨降り海上凪！ 暑いより良いかな。 朝水深浅くのポイントで、カンパチイナダハナダイがアジ釣れながら交じりツムブリスマガツオ。 ポイント移動し、 大アジ大サバ釣りなが、ハナダイイトヨリカサゴ。 明日は定休日。 釣果アジ18〜43cm10〜32匹・カンパチ0〜1本・イナダ0〜2本ハナダイ0.3〜0.6k0〜2枚イトヨリ0〜6本・サバ0〜4本・ソーダ2〜6本。 仕立船は朝イナダぽつぽつ良い感じで釣れその後アマダイアジ釣りにシロアマダイアカアマダイ0〜2本イトヨリトップ6本他大アジサバはバッチリ他ヒラソーダスマガツオ。 釣れて天候はそっちのけで楽しく一日を！,25.9℃,NULL,chowari/政美丸
政美丸,腰越港,2026/09/16,1,0,イナダ,イナダ,サブ,イナダ,NULL,0.0,2.0,1.0,0,,,,,NULL,神奈川県 鎌倉市 腰越漁港,NULL,NULL,1,NULL,NULL,25.9,25.9,NULL,北北東,3.5m/s,中潮,南南東 0.5m/s・凪,雨,NULL,NULL,NULL,雨降り海上凪！ 暑いより良いかな。 朝水深浅くのポイントで、カンパチイナダハナダイがアジ釣れながら交じりツムブリスマガツオ。 ポイント移動し、 大アジ大サバ釣りなが、ハナダイイトヨリカサゴ。 明日は定休日。 釣果アジ18〜43cm10〜32匹・カンパチ0〜1本・イナダ0〜2本ハナダイ0.3〜0.6k0〜2枚イトヨリ0〜6本・サバ0〜4本・ソーダ2〜6本。 仕立船は朝イナダぽつぽつ良い感じで釣れその後アマダイアジ釣りにシロアマダイアカアマダイ0〜2本イトヨリトップ6本他大アジサバはバッチリ他ヒラソーダスマガツオ。 釣れて天候はそっちのけで楽しく一日を！,25.9℃,NULL,chowari/政美丸
政美丸,腰越港,2026/09/16,1,0,カンパチ,カンパチ,サブ,カンパチ,NULL,0.0,1.0,0.5,0,,,,,NULL,神奈川県 鎌倉市 腰越漁港,NULL,NULL,1,NULL,NULL,25.9,25.9,NULL,北北東,3.5m/s,中潮,南南東 0.5m/s・凪,雨,NULL,NULL,NULL,雨降り海上凪！ 暑いより良いかな。 朝水深浅くのポイントで、カンパチイナダハナダイがアジ釣れながら交じりツムブリスマガツオ。 ポイント移動し、 大アジ大サバ釣りなが、ハナダイイトヨリカサゴ。 明日は定休日。 釣果アジ18〜43cm10〜32匹・カンパチ0〜1本・イナダ0〜2本ハナダイ0.3〜0.6k0〜2枚イトヨリ0〜6本・サバ0〜4本・ソーダ2〜6本。 仕立船は朝イナダぽつぽつ良い感じで釣れその後アマダイアジ釣りにシロアマダイアカアマダイ0〜2本イトヨリトップ6本他大アジサバはバッチリ他ヒラソーダスマガツオ。 釣れて天候はそっちのけで楽しく一日を！,25.9℃,NULL,chowari/政美丸
政美丸,腰越港,2026/09/16,1,0,サバ,サバ,サブ,サバ,NULL,0.0,4.0,2.0,0,,,,,NULL,神奈川県 鎌倉市 腰越漁港,NULL,NULL,1,NULL,NULL,25.9,25.9,NULL,北北東,3.5m/s,中潮,南南東 0.5m/s・凪,雨,NULL,NULL,NULL,雨降り海上凪！ 暑いより良いかな。 朝水深浅くのポイントで、カンパチイナダハナダイがアジ釣れながら交じりツムブリスマガツオ。 ポイント移動し、 大アジ大サバ釣りなが、ハナダイイトヨリカサゴ。 明日は定休日。 釣果アジ18〜43cm10〜32匹・カンパチ0〜1本・イナダ0〜2本ハナダイ0.3〜0.6k0〜2枚イトヨリ0〜6本・サバ0〜4本・ソーダ2〜6本。 仕立船は朝イナダぽつぽつ良い感じで釣れその後アマダイアジ釣りにシロアマダイアカアマダイ0〜2本イトヨリトップ6本他大アジサバはバッチリ他ヒラソーダスマガツオ。 釣れて天候はそっちのけで楽しく一日を！,25.9℃,NULL,chowari/政美丸
政美丸,腰越港,2026/09/16,1,0,シロアマダイ,シロアマダイ,サブ,シロアマダイ,NULL,,,,0,,,,,NULL,神奈川県 鎌倉市 腰越漁港,NULL,NULL,1,NULL,NULL,25.9,25.9,NULL,北北東,3.5m/s,中潮,南南東 0.5m/s・凪,雨,NULL,NULL,NULL,雨降り海上凪！ 暑いより良いかな。 朝水深浅くのポイントで、カンパチイナダハナダイがアジ釣れながら交じりツムブリスマガツオ。 ポイント移動し、 大アジ大サバ釣りなが、ハナダイイトヨリカサゴ。 明日は定休日。 釣果アジ18〜43cm10〜32匹・カンパチ0〜1本・イナダ0〜2本ハナダイ0.3〜0.6k0〜2枚イトヨリ0〜6本・サバ0〜4本・ソーダ2〜6本。 仕立船は朝イナダぽつぽつ良い感じで釣れその後アマダイアジ釣りにシロアマダイアカアマダイ0〜2本イトヨリトップ6本他大アジサバはバッチリ他ヒラソーダスマガツオ。 釣れて天候はそっちのけで楽しく一日を！,25.9℃,NULL,chowari/政美丸
政美丸,腰越港,2026/09/16,1,0,スマガツオ,NULL,サブ,スマガツオ,NULL,,,,0,,,,,NULL,神奈川県 鎌倉市 腰越漁港,NULL,NULL,1,NULL,NULL,25.9,25.9,NULL,北北東,3.5m/s,中潮,南南東 0.5m/s・凪,雨,NULL,NULL,NULL,雨降り海上凪！ 暑いより良いかな。 朝水深浅くのポイントで、カンパチイナダハナダイがアジ釣れながら交じりツムブリスマガツオ。 ポイント移動し、 大アジ大サバ釣りなが、ハナダイイトヨリカサゴ。 明日は定休日。 釣果アジ18〜43cm10〜32匹・カンパチ0〜1本・イナダ0〜2本ハナダイ0.3〜0.6k0〜2枚イトヨリ0〜6本・サバ0〜4本・ソーダ2〜6本。 仕立船は朝イナダぽつぽつ良い感じで釣れその後アマダイアジ釣りにシロアマダイアカアマダイ0〜2本イトヨリトップ6本他大アジサバはバッチリ他ヒラソーダスマガツオ。 釣れて天候はそっちのけで楽しく一日を！,25.9℃,NULL,chowari/政美丸
政美丸,腰越港,2026/09/16,1,0,ソーダ,NULL,サブ,ソーダ,NULL,2.0,6.0,4.0,0,,,,,NULL,神奈川県 鎌倉市 腰越漁港,NULL,NULL,1,NULL,NULL,25.9,25.9,NULL,北北東,3.5m/s,中潮,南南東 0.5m/s・凪,雨,NULL,NULL,NULL,雨降り海上凪！ 暑いより良いかな。 朝水深浅くのポイントで、カンパチイナダハナダイがアジ釣れながら交じりツムブリスマガツオ。 ポイント移動し、 大アジ大サバ釣りなが、ハナダイイトヨリカサゴ。 明日は定休日。 釣果アジ18〜43cm10〜32匹・カンパチ0〜1本・イナダ0〜2本ハナダイ0.3〜0.6k0〜2枚イトヨリ0〜6本・サバ0〜4本・ソーダ2〜6本。 仕立船は朝イナダぽつぽつ良い感じで釣れその後アマダイアジ釣りにシロアマダイアカアマダイ0〜2本イトヨリトップ6本他大アジサバはバッチリ他ヒラソーダスマガツオ。 釣れて天候はそっちのけで楽しく一日を！,25.9℃,NULL,chowari/政美丸
政美丸,腰越港,2026/09/16,1,0,ハナダイ,ハナダイ,サブ,ハナダイ,NULL,0.0,2.0,1.0,0,,,0.3,0.6,NULL,神奈川県 鎌倉市 腰越漁港,NULL,NULL,1,NULL,NULL,25.9,25.9,NULL,北北東,3.5m/s,中潮,南南東 0.5m/s・凪,雨,NULL,NULL,NULL,雨降り海上凪！ 暑いより良いかな。 朝水深浅くのポイントで、カンパチイナダハナダイがアジ釣れながら交じりツムブリスマガツオ。 ポイント移動し、 大アジ大サバ釣りなが、ハナダイイトヨリカサゴ。 明日は定休日。 釣果アジ18〜43cm10〜32匹・カンパチ0〜1本・イナダ0〜2本ハナダイ0.3〜0.6k0〜2枚イトヨリ0〜6本・サバ0〜4本・ソーダ2〜6本。 仕立船は朝イナダぽつぽつ良い感じで釣れその後アマダイアジ釣りにシロアマダイアカアマダイ0〜2本イトヨリトップ6本他大アジサバはバッチリ他ヒラソーダスマガツオ。 釣れて天候はそっちのけで楽しく一日を！,25.9℃,NULL,chowari/政美丸
政美丸,腰越港,2026/09/16,1,0,ヒラソーダ,NULL,サブ,ヒラソーダ,NULL,,,,0,,,,,NULL,神奈川県 鎌倉市 腰越漁港,NULL,NULL,1,NULL,NULL,25.9,25.9,NULL,北北東,3.5m/s,中潮,南南東 0.5m/s・凪,雨,NULL,NULL,NULL,雨降り海上凪！ 暑いより良いかな。 朝水深浅くのポイントで、カンパチイナダハナダイがアジ釣れながら交じりツムブリスマガツオ。 ポイント移動し、 大アジ大サバ釣りなが、ハナダイイトヨリカサゴ。 明日は定休日。 釣果アジ18〜43cm10〜32匹・カンパチ0〜1本・イナダ0〜2本ハナダイ0.3〜0.6k0〜2枚イトヨリ0〜6本・サバ0〜4本・ソーダ2〜6本。 仕立船は朝イナダぽつぽつ良い感じで釣れその後アマダイアジ釣りにシロアマダイアカアマダイ0〜2本イトヨリトップ6本他大アジサバはバッチリ他ヒラソーダスマガツオ。 釣れて天候はそっちのけで楽しく一日を！,25.9℃,NULL,chowari/政美丸
新徳丸,松輪江奈港,2026/09/01,1,0,イサキ,イサキ,サブ,イサキ,NULL,,,,0,,,,,NULL,神奈川県 三浦市 松輪江奈漁港,NULL,NULL,1,NULL,NULL,27.0,27.0,NULL,北北東,4.8m/s,中潮,南 0.4m/s,晴れ後時々曇り,NULL,NULL,NULL,今日は、朝の当たりが有りましたが食いが渋く苦戦しましたがバラシも多数有りましたがトップ3匹釣る事が出来ました。他イナダ、イサキ混じりポツポツと釣れました。明日も出船します宜しくお願いします。,27.0℃,NULL,chowari/新徳丸
新徳丸,松輪江奈港,2026/09/01,1,0,イナダ,イナダ,サブ,イナダ,NULL,,,,0,,,,,NULL,神奈川県 三浦市 松輪江奈漁港,NULL,NULL,1,NULL,NULL,27.0,27.0,NULL,北北東,4.8m/s,中潮,南 0.4m/s,晴れ後時々曇り,NULL,NULL,NULL,今日は、朝の当たりが有りましたが食いが渋く苦戦しましたがバラシも多数有りましたがトップ3匹釣る事が出来ました。他イナダ、イサキ混じりポツポツと釣れました。明日も出船します宜しくお願いします。,27.0℃,NULL,chowari/新徳丸
新徳丸,松輪江奈港,2026/09/01,1,0,シマアジ,シマアジ,メイン,シマアジ,NULL,0.0,3.0,1.5,0,,,0.5,1.0,NULL,神奈川県 三浦市 松輪江奈漁港,NULL,NULL,1,NULL,NULL,27.0,27.0,NULL,北北東,4.8m/s,中潮,南 0.4m/s,晴れ後時々曇り,イサキ・イナダ,NULL,NULL,今日は、朝の当たりが有りましたが食いが渋く苦戦しましたがバラシも多数有りましたがトップ3匹釣る事が出来ました。他イナダ、イサキ混じりポツポツと釣れました。明日も出船します宜しくお願いします。,27.0℃,NULL,chowari/新徳丸
新徳丸,松輪江奈港,2026/09/02,1,0,イサキ,イサキ,サブ,イサキ,NULL,,,,0,,,,,NULL,神奈川県 三浦市 松輪江奈漁港,NULL,NULL,1,NULL,NULL,27.5,27.5,NULL,東南東,0.3m/s,中潮,南 0.4m/s,曇り時々晴れ,NULL,NULL,NULL,今日は、朝からポツポツと釣れバラシも多数有りましたがトップ5匹釣る事が出来ました。他イナダ、イサキ混じり釣れお土産になりました。明日も出船します宜しくお願いします。,27.5℃,NULL,chowari/新徳丸
新徳丸,松輪江奈港,2026/09/02,1,0,イナダ,イナダ,サブ,イナダ,NULL,,,,0,,,,,NULL,神奈川県 三浦市 松輪江奈漁港,NULL,NULL,1,NULL,NULL,27.5,27.5,NULL,東南東,0.3m/s,中潮,南 0.4m/s,曇り時々晴れ,NULL,NULL,NULL,今日は、朝からポツポツと釣れバラシも多数有りましたがトップ5匹釣る事が出来ました。他イナダ、イサキ混じり釣れお土産になりました。明日も出船します宜しくお願いします。,27.5℃,NULL,chowari/新徳丸
新徳丸,松輪江奈港,2026/09/02,1,0,シマアジ,シマアジ,メイン,シマアジ,NULL,0.0,5.0,2.5,0,,,0.5,1.2,NULL,神奈川県 三浦市 松輪江奈漁港,NULL,NULL,1,NULL,NULL,27.5,27.5,NULL,東南東,0.3m/s,中潮,南 0.4m/s,曇り時々晴れ,イサキ・イナダ,NULL,NULL,今日は、朝からポツポツと釣れバラシも多数有りましたがトップ5匹釣る事が出来ました。他イナダ、イサキ混じり釣れお土産になりました。明日も出船します宜しくお願いします。,27.5℃,NULL,chowari/新徳丸
新徳丸,松輪江奈港,2026/09/03,1,0,シマアジ,シマアジ,メイン,シマアジ,NULL,0.0,1.0,0.5,0,,,0.6,0.6,NULL,神奈川県 三浦市 松輪江奈漁港,NULL,NULL,1,NULL,NULL,27.6,27.6,NULL,南南西,4.4m/s,小潮,南 0.5m/s,曇りのち一時雨,,NULL,NULL,今日は、朝の内は、イサキ混じりポツポツと釣れましたがシマアジの食いが渋かったが後半は、シマアジの当たりが多数有りましたがバラシ、ハリス切れが多数有り残念でしたが何とか1匹釣れました。他イナダ、ワラサ、イサキ混じり釣れました。明日も出船します宜しくお願いします。,27.6℃,NULL,chowari/新徳丸
新徳丸,松輪江奈港,2026/09/04,1,0,シマアジ,シマアジ,メイン,シマアジ,NULL,0.0,2.0,1.0,0,,,0.5,1.0,NULL,神奈川県 三浦市 松輪江奈漁港,NULL,NULL,1,NULL,NULL,27.8,27.8,NULL,北北東,3.7m/s,小潮,南 0.7m/s,曇りのち一時雨,,NULL,NULL,今日は、朝からシマアジが当たりバラシ、ハリス切れも多数有りましたがトップ2匹釣れ他イサキがポツポツと釣れお土産になりました。明日も出船します宜しくお願いします。,27.8℃,NULL,chowari/新徳丸
新徳丸,松輪江奈港,2026/09/05,1,0,シマアジ,シマアジ,メイン,シマアジ,NULL,0.0,2.0,1.0,0,,,0.5,1.0,NULL,神奈川県 三浦市 松輪江奈漁港,NULL,NULL,1,NULL,NULL,27.5,27.5,NULL,北東,5.4m/s,小潮,南南西 0.8m/s,曇り,,NULL,NULL,今日は、朝の内シマアジがすぐ釣れバラシも多数有りましたがトップ2匹が2名でした他イナダ、イサキ混じり釣れました。明日も出船します宜しくお願いします。,27.5℃,NULL,chowari/新徳丸
新徳丸,松輪江奈港,2026/09/06,1,0,シマアジ,シマアジ,メイン,シマアジ,NULL,0.0,3.0,1.5,0,,,0.5,1.0,NULL,神奈川県 三浦市 松輪江奈漁港,NULL,NULL,1,NULL,NULL,27.4,27.4,NULL,北北東,9.7m/s,長潮,南東 0.8m/s,雨,,NULL,NULL,今日は、朝からイサキがポツポツと釣れました。その後シマアジが当たり出しましたがバラシ、ハリス切れが多数有りましたがトップ3匹でした。明日は、天候が悪い為お休みします。,27.4℃,NULL,chowari/新徳丸
新徳丸,松輪江奈港,2026/09/08,1,0,イサキ,イサキ,サブ,イサキ,NULL,,,,0,,,,,NULL,神奈川県 三浦市 松輪江奈漁港,NULL,NULL,1,NULL,NULL,27.4,27.4,NULL,南西,2.9m/s,中潮,南 1.6m/s,曇り一時雨,NULL,NULL,NULL,今日は、4名で出船しました。朝からシマアジの当たりは、ポツポツと有りましたがバラシ、ハリス切れが多数有り残念でした。皆さん当たりは、有りましたがトップ3匹釣る事が出来ました。他イナダイサキ混じり釣れお土産になりました。明日は、お休みします。,27.4℃,NULL,chowari/新徳丸
新徳丸,松輪江奈港,2026/09/08,1,0,イナダ,イナダ,サブ,イナダ,NULL,,,,0,,,,,NULL,神奈川県 三浦市 松輪江奈漁港,NULL,NULL,1,NULL,NULL,27.4,27.4,NULL,南西,2.9m/s,中潮,南 1.6m/s,曇り一時雨,NULL,NULL,NULL,今日は、4名で出船しました。朝からシマアジの当たりは、ポツポツと有りましたがバラシ、ハリス切れが多数有り残念でした。皆さん当たりは、有りましたがトップ3匹釣る事が出来ました。他イナダイサキ混じり釣れお土産になりました。明日は、お休みします。,27.4℃,NULL,chowari/新徳丸
新徳丸,松輪江奈港,2026/09/08,1,0,シマアジ,シマアジ,メイン,シマアジ,NULL,0.0,3.0,1.5,0,,,0.5,1.0,NULL,神奈川県 三浦市 松輪江奈漁港,NULL,NULL,1,NULL,NULL,27.4,27.4,NULL,南西,2.9m/s,中潮,南 1.6m/s,曇り一時雨,イサキ・イナダ,NULL,NULL,今日は、4名で出船しました。朝からシマアジの当たりは、ポツポツと有りましたがバラシ、ハリス切れが多数有り残念でした。皆さん当たりは、有りましたがトップ3匹釣る事が出来ました。他イナダイサキ混じり釣れお土産になりました。明日は、お休みします。,27.4℃,NULL,chowari/新徳丸
新徳丸,松輪江奈港,2026/09/10,1,0,イサキ,イサキ,サブ,イサキ,NULL,,,,0,,,,,NULL,神奈川県 三浦市 松輪江奈漁港,NULL,NULL,1,NULL,NULL,27.1,27.1,NULL,北北東,8.3m/s,大潮,南 1.1m/s,曇り一時雨,NULL,NULL,NULL,今日は、釣り人2名で出船しました朝から、イサキがポツポツと釣れ、シマアジもすぐ釣れましたがバラシ、ハリス切れが多数有りましたが2名とも釣る事が出来ました。明日も出船します宜しくお願いします。,27.1℃,NULL,chowari/新徳丸
新徳丸,松輪江奈港,2026/09/10,1,0,シマアジ,シマアジ,メイン,シマアジ,NULL,1.0,2.0,1.5,0,,,0.6,1.2,NULL,神奈川県 三浦市 松輪江奈漁港,NULL,NULL,1,NULL,NULL,27.1,27.1,NULL,北北東,8.3m/s,大潮,南 1.1m/s,曇り一時雨,イサキ,NULL,NULL,今日は、釣り人2名で出船しました朝から、イサキがポツポツと釣れ、シマアジもすぐ釣れましたがバラシ、ハリス切れが多数有りましたが2名とも釣る事が出来ました。明日も出船します宜しくお願いします。,27.1℃,NULL,chowari/新徳丸
新徳丸,松輪江奈港,2026/09/11,1,0,シマアジ,シマアジ,メイン,シマアジ,NULL,0.0,1.0,0.5,0,,,0.6,1.2,NULL,神奈川県 三浦市 松輪江奈漁港,NULL,NULL,1,NULL,NULL,27.0,27.0,NULL,北北東,4.9m/s,大潮,南 0.5m/s,雨,,NULL,NULL,今日は、朝からシマアジの当たりは、ポツポツと当たりましたがバラシ、ハリス切れが多く苦戦しましたが何とか釣る事が出来ました。他イナダ、イサキ混じり釣れお土産になりました。明日も出船します宜しくお願いします。,27.0℃,NULL,chowari/新徳丸
新徳丸,松輪江奈港,2026/09/12,1,0,シマアジ,シマアジ,メイン,シマアジ,NULL,0.0,2.0,1.0,0,,,0.8,1.2,NULL,神奈川県 三浦市 松輪江奈漁港,NULL,NULL,1,NULL,NULL,25.8,25.8,NULL,北北東,6.7m/s,大潮,南 0.7m/s,曇り一時雨,,NULL,NULL,今日は、釣り人5名で出船しました朝からシマアジの当たりは、良かったのですがバラシが多く残念でしたそでもトップ2匹釣る事が出来ました。明日も出船します宜しくお願いします。,25.8℃,NULL,chowari/新徳丸
新徳丸,松輪江奈港,2026/09/13,1,0,シマアジ,シマアジ,メイン,シマアジ,NULL,0.0,1.0,0.5,0,,,0.6,1.0,NULL,神奈川県 三浦市 松輪江奈漁港,NULL,NULL,1,NULL,NULL,25.3,25.3,NULL,北,5.5m/s,中潮,南南東 0.5m/s,曇りのち時々晴れ,,NULL,NULL,今日は、朝からシマアジの食いが渋く苦戦イサキは、ポツポツと釣れましたがシマアジは、顔見ただけでした。明日も出船します宜しくお願いします。,25.3℃,NULL,chowari/新徳丸
新徳丸,松輪江奈港,2026/09/15,1,0,シマアジ,シマアジ,メイン,シマアジ,NULL,0.0,1.0,0.5,0,,,0.6,1.2,NULL,神奈川県 三浦市 松輪江奈漁港,NULL,NULL,1,NULL,NULL,25.8,25.8,NULL,南南西,5.8m/s,中潮,南 0.8m/s,雨時々止む,,NULL,NULL,今日は、朝の内イサキは、ポツポツと釣れ、ポイント移動したらシマアジがポツポツと皆さん当たりましたがバラシ、ハリス切れが有り残念でしたなんかシマアジを釣る事がでした他ワラサ、イナダ、イサキ混じり釣れお土産になりました明日も出船します宜しくお願いします。,25.8℃,NULL,chowari/新徳丸
新徳丸,松輪江奈港,2026/09/16,1,0,イサキ,イサキ,サブ,イサキ,NULL,,,,0,,,,,NULL,神奈川県 三浦市 松輪江奈漁港,NULL,NULL,1,NULL,NULL,25.8,25.8,NULL,北北東,3.1m/s,中潮,南南東 0.6m/s,雨,NULL,NULL,NULL,今日は、朝からシマアジの当たりがポツポツと有りました。皆さん当たりが有りましたがバラシ、ハリス切れが多数有り残念でしたがそれでもトップ4匹釣る事がでした他ワラサ、イナダ、イサキ混じり釣れお土産になりました。明日は、予約が入らない為お休みします。,25.8℃,NULL,chowari/新徳丸
新徳丸,松輪江奈港,2026/09/16,1,0,イナダ,イナダ,サブ,イナダ,NULL,,,,0,,,,,NULL,神奈川県 三浦市 松輪江奈漁港,NULL,NULL,1,NULL,NULL,25.8,25.8,NULL,北北東,3.1m/s,中潮,南南東 0.6m/s,雨,NULL,NULL,NULL,今日は、朝からシマアジの当たりがポツポツと有りました。皆さん当たりが有りましたがバラシ、ハリス切れが多数有り残念でしたがそれでもトップ4匹釣る事がでした他ワラサ、イナダ、イサキ混じり釣れお土産になりました。明日は、予約が入らない為お休みします。,25.8℃,NULL,chowari/新徳丸
新徳丸,松輪江奈港,2026/09/16,1,0,シマアジ,シマアジ,メイン,シマアジ,NULL,0.0,4.0,2.0,0,,,0.6,1.3,NULL,神奈川県 三浦市 松輪江奈漁港,NULL,NULL,1,NULL,NULL,25.8,25.8,NULL,北北東,3.1m/s,中潮,南南東 0.6m/s,雨,イサキ・イナダ・ワラサ,NULL,NULL,今日は、朝からシマアジの当たりがポツポツと有りました。皆さん当たりが有りましたがバラシ、ハリス切れが多数有り残念でしたがそれでもトップ4匹釣る事がでした他ワラサ、イナダ、イサキ混じり釣れお土産になりました。明日は、予約が入らない為お休みします。,25.8℃,NULL,chowari/新徳丸
新徳丸,松輪江奈港,2026/09/16,1,0,ワラサ,ワラサ,サブ,ワラサ,NULL,,,,0,,,,,NULL,神奈川県 三浦市 松輪江奈漁港,NULL,NULL,1,NULL,NULL,25.8,25.8,NULL,北北東,3.1m/s,中潮,南南東 0.6m/s,雨,NULL,NULL,NULL,今日は、朝からシマアジの当たりがポツポツと有りました。皆さん当たりが有りましたがバラシ、ハリス切れが多数有り残念でしたがそれでもトップ4匹釣る事がでした他ワラサ、イナダ、イサキ混じり釣れお土産になりました。明日は、予約が入らない為お休みします。,25.8℃,NULL,chowari/新徳丸
新栄丸,江見,2026/09/02,1,0,アジ,アジ,サブ,アジ,NULL,10.0,10.0,10.0,0,,,,,NULL,千葉県 鴨川市 江見漁港,NULL,NULL,1,NULL,NULL,27.5,27.5,NULL,南東,2.0m/s,中潮・二枚潮,東 1.1m/s,曇り時々晴れ,NULL,NULL,NULL,黒ムツ・マダイ五目で出船！いい感じ～(^^♪(^^♪ 今日は二枚潮がなおって釣りやすかったようです。美味しいお魚はお刺身サイズ中心に多点掛けでバリバリ。黒ムツは小型ながら多点掛け入れ食いでした。後半のマダイ五目釣り。明日も黒ムツ・マダイ五目で出船ですが、またまた鴨川漁港より出船致します。台風の影響で江見は港口が急に悪くなったりするので安全のため・・・。,27.5℃,NULL,chowari/新栄丸
新栄丸,江見,2026/09/02,1,0,イサキ,イサキ,サブ,イサキ,NULL,,,,0,,,,,NULL,千葉県 鴨川市 江見漁港,NULL,NULL,1,NULL,NULL,27.5,27.5,NULL,南東,2.0m/s,中潮・二枚潮,東 1.1m/s,曇り時々晴れ,NULL,NULL,NULL,黒ムツ・マダイ五目で出船！いい感じ～(^^♪(^^♪ 今日は二枚潮がなおって釣りやすかったようです。美味しいお魚はお刺身サイズ中心に多点掛けでバリバリ。黒ムツは小型ながら多点掛け入れ食いでした。後半のマダイ五目釣り。明日も黒ムツ・マダイ五目で出船ですが、またまた鴨川漁港より出船致します。台風の影響で江見は港口が急に悪くなったりするので安全のため・・・。,27.5℃,NULL,chowari/新栄丸
新栄丸,江見,2026/09/02,1,0,クロムツ,クロムツ,メイン,クロムツ,NULL,20.0,20.0,20.0,0,,,,,NULL,千葉県 鴨川市 江見漁港,NULL,NULL,1,NULL,NULL,27.5,27.5,NULL,南東,2.0m/s,中潮・二枚潮,東 1.1m/s,曇り時々晴れ,アジ・イサキ・サバ・シマアジ・ソーダガツオ・マダイ・メイチダイ・メジナ・メダイ,NULL,NULL,黒ムツ・マダイ五目で出船！いい感じ～(^^♪(^^♪ 今日は二枚潮がなおって釣りやすかったようです。美味しいお魚はお刺身サイズ中心に多点掛けでバリバリ。黒ムツは小型ながら多点掛け入れ食いでした。後半のマダイ五目釣り。明日も黒ムツ・マダイ五目で出船ですが、またまた鴨川漁港より出船致します。台風の影響で江見は港口が急に悪くなったりするので安全のため・・・。,27.5℃,NULL,chowari/新栄丸
新栄丸,江見,2026/09/02,1,0,サバ,サバ,サブ,サバ,NULL,,,,0,,,,,NULL,千葉県 鴨川市 江見漁港,NULL,NULL,1,NULL,NULL,27.5,27.5,NULL,南東,2.0m/s,中潮・二枚潮,東 1.1m/s,曇り時々晴れ,NULL,NULL,NULL,黒ムツ・マダイ五目で出船！いい感じ～(^^♪(^^♪ 今日は二枚潮がなおって釣りやすかったようです。美味しいお魚はお刺身サイズ中心に多点掛けでバリバリ。黒ムツは小型ながら多点掛け入れ食いでした。後半のマダイ五目釣り。明日も黒ムツ・マダイ五目で出船ですが、またまた鴨川漁港より出船致します。台風の影響で江見は港口が急に悪くなったりするので安全のため・・・。,27.5℃,NULL,chowari/新栄丸
新栄丸,江見,2026/09/02,1,0,シマアジ,シマアジ,サブ,シマアジ,NULL,,,,0,,,,,NULL,千葉県 鴨川市 江見漁港,NULL,NULL,1,NULL,NULL,27.5,27.5,NULL,南東,2.0m/s,中潮・二枚潮,東 1.1m/s,曇り時々晴れ,NULL,NULL,NULL,黒ムツ・マダイ五目で出船！いい感じ～(^^♪(^^♪ 今日は二枚潮がなおって釣りやすかったようです。美味しいお魚はお刺身サイズ中心に多点掛けでバリバリ。黒ムツは小型ながら多点掛け入れ食いでした。後半のマダイ五目釣り。明日も黒ムツ・マダイ五目で出船ですが、またまた鴨川漁港より出船致します。台風の影響で江見は港口が急に悪くなったりするので安全のため・・・。,27.5℃,NULL,chowari/新栄丸
新栄丸,江見,2026/09/02,1,0,ソーダガツオ,NULL,サブ,ソーダガツオ,NULL,,,,0,,,,,NULL,千葉県 鴨川市 江見漁港,NULL,NULL,1,NULL,NULL,27.5,27.5,NULL,南東,2.0m/s,中潮・二枚潮,東 1.1m/s,曇り時々晴れ,NULL,NULL,NULL,黒ムツ・マダイ五目で出船！いい感じ～(^^♪(^^♪ 今日は二枚潮がなおって釣りやすかったようです。美味しいお魚はお刺身サイズ中心に多点掛けでバリバリ。黒ムツは小型ながら多点掛け入れ食いでした。後半のマダイ五目釣り。明日も黒ムツ・マダイ五目で出船ですが、またまた鴨川漁港より出船致します。台風の影響で江見は港口が急に悪くなったりするので安全のため・・・。,27.5℃,NULL,chowari/新栄丸
新栄丸,江見,2026/09/02,1,0,マダイ,マダイ,メイン,マダイ,NULL,4.0,4.0,4.0,0,,,,,NULL,千葉県 鴨川市 江見漁港,NULL,NULL,1,NULL,NULL,27.5,27.5,NULL,南東,2.0m/s,中潮・二枚潮,東 1.1m/s,曇り時々晴れ,アジ・イサキ・クロムツ・サバ・シマアジ・ソーダガツオ・メイチダイ・メジナ・メダイ,NULL,NULL,黒ムツ・マダイ五目で出船！いい感じ～(^^♪(^^♪ 今日は二枚潮がなおって釣りやすかったようです。美味しいお魚はお刺身サイズ中心に多点掛けでバリバリ。黒ムツは小型ながら多点掛け入れ食いでした。後半のマダイ五目釣り。明日も黒ムツ・マダイ五目で出船ですが、またまた鴨川漁港より出船致します。台風の影響で江見は港口が急に悪くなったりするので安全のため・・・。,27.5℃,NULL,chowari/新栄丸
新栄丸,江見,2026/09/02,1,0,メイチダイ,NULL,サブ,メイチダイ,NULL,,,,0,,,,,NULL,千葉県 鴨川市 江見漁港,NULL,NULL,1,NULL,NULL,27.5,27.5,NULL,南東,2.0m/s,中潮・二枚潮,東 1.1m/s,曇り時々晴れ,NULL,NULL,NULL,黒ムツ・マダイ五目で出船！いい感じ～(^^♪(^^♪ 今日は二枚潮がなおって釣りやすかったようです。美味しいお魚はお刺身サイズ中心に多点掛けでバリバリ。黒ムツは小型ながら多点掛け入れ食いでした。後半のマダイ五目釣り。明日も黒ムツ・マダイ五目で出船ですが、またまた鴨川漁港より出船致します。台風の影響で江見は港口が急に悪くなったりするので安全のため・・・。,27.5℃,NULL,chowari/新栄丸
新栄丸,江見,2026/09/02,1,0,メジナ,メジナ,サブ,メジナ,NULL,,,,0,,,,,NULL,千葉県 鴨川市 江見漁港,NULL,NULL,1,NULL,NULL,27.5,27.5,NULL,南東,2.0m/s,中潮・二枚潮,東 1.1m/s,曇り時々晴れ,NULL,NULL,NULL,黒ムツ・マダイ五目で出船！いい感じ～(^^♪(^^♪ 今日は二枚潮がなおって釣りやすかったようです。美味しいお魚はお刺身サイズ中心に多点掛けでバリバリ。黒ムツは小型ながら多点掛け入れ食いでした。後半のマダイ五目釣り。明日も黒ムツ・マダイ五目で出船ですが、またまた鴨川漁港より出船致します。台風の影響で江見は港口が急に悪くなったりするので安全のため・・・。,27.5℃,NULL,chowari/新栄丸
新栄丸,江見,2026/09/02,1,0,メダイ,メダイ,サブ,メダイ,NULL,,,,0,,,,,NULL,千葉県 鴨川市 江見漁港,NULL,NULL,1,NULL,NULL,27.5,27.5,NULL,南東,2.0m/s,中潮・二枚潮,東 1.1m/s,曇り時々晴れ,NULL,NULL,NULL,黒ムツ・マダイ五目で出船！いい感じ～(^^♪(^^♪ 今日は二枚潮がなおって釣りやすかったようです。美味しいお魚はお刺身サイズ中心に多点掛けでバリバリ。黒ムツは小型ながら多点掛け入れ食いでした。後半のマダイ五目釣り。明日も黒ムツ・マダイ五目で出船ですが、またまた鴨川漁港より出船致します。台風の影響で江見は港口が急に悪くなったりするので安全のため・・・。,27.5℃,NULL,chowari/新栄丸
新栄丸,江見,2026/09/03,1,0,アジ,アジ,サブ,アジ,NULL,,,,0,,,,,NULL,千葉県 鴨川市 江見漁港,NULL,NULL,1,NULL,NULL,27.6,27.6,NULL,南南西,3.0m/s,小潮,東南東 1.0m/s,曇りのち一時雨,NULL,NULL,NULL,黒ムツ・マダイ五目で出船 順調な日々が続いております(#^.^#)フラッシャーサビキ釣り、美味しい魚・黒ムツは中・小中心ですが多点掛け入れ食いです。連日規定の達成(^^)v美味しいお魚も盛り上がったみたい・・・。後半のマダイ五目は、マダイ・シマアジ・ワラサ狙い！！今日もクーラーいっぱいです。美味しく食べてあげてください。明日も鴨川漁港より黒ムツ・マダイ五目で出船致します。まだ２名ですのでお電話お待ちしております。,27.6℃,NULL,chowari/新栄丸
新栄丸,江見,2026/09/03,1,0,イサキ,イサキ,サブ,イサキ,NULL,,,,0,,,,,NULL,千葉県 鴨川市 江見漁港,NULL,NULL,1,NULL,NULL,27.6,27.6,NULL,南南西,3.0m/s,小潮,東南東 1.0m/s,曇りのち一時雨,NULL,NULL,NULL,黒ムツ・マダイ五目で出船 順調な日々が続いております(#^.^#)フラッシャーサビキ釣り、美味しい魚・黒ムツは中・小中心ですが多点掛け入れ食いです。連日規定の達成(^^)v美味しいお魚も盛り上がったみたい・・・。後半のマダイ五目は、マダイ・シマアジ・ワラサ狙い！！今日もクーラーいっぱいです。美味しく食べてあげてください。明日も鴨川漁港より黒ムツ・マダイ五目で出船致します。まだ２名ですのでお電話お待ちしております。,27.6℃,NULL,chowari/新栄丸
新栄丸,江見,2026/09/03,1,0,オアカムロ,NULL,サブ,オアカムロ,NULL,,,,0,,,,,NULL,千葉県 鴨川市 江見漁港,NULL,NULL,1,NULL,NULL,27.6,27.6,NULL,南南西,3.0m/s,小潮,東南東 1.0m/s,曇りのち一時雨,NULL,NULL,NULL,黒ムツ・マダイ五目で出船 順調な日々が続いております(#^.^#)フラッシャーサビキ釣り、美味しい魚・黒ムツは中・小中心ですが多点掛け入れ食いです。連日規定の達成(^^)v美味しいお魚も盛り上がったみたい・・・。後半のマダイ五目は、マダイ・シマアジ・ワラサ狙い！！今日もクーラーいっぱいです。美味しく食べてあげてください。明日も鴨川漁港より黒ムツ・マダイ五目で出船致します。まだ２名ですのでお電話お待ちしております。,27.6℃,NULL,chowari/新栄丸
新栄丸,江見,2026/09/03,1,0,クロムツ,クロムツ,メイン,クロムツ,NULL,30.0,30.0,30.0,0,,,,,NULL,千葉県 鴨川市 江見漁港,NULL,NULL,1,NULL,NULL,27.6,27.6,NULL,南南西,3.0m/s,小潮,東南東 1.0m/s,曇りのち一時雨,アジ・イサキ・オアカムロ・サバ・ソーダガツオ・マダイ・メイチダイ・メジナ,NULL,NULL,黒ムツ・マダイ五目で出船 順調な日々が続いております(#^.^#)フラッシャーサビキ釣り、美味しい魚・黒ムツは中・小中心ですが多点掛け入れ食いです。連日規定の達成(^^)v美味しいお魚も盛り上がったみたい・・・。後半のマダイ五目は、マダイ・シマアジ・ワラサ狙い！！今日もクーラーいっぱいです。美味しく食べてあげてください。明日も鴨川漁港より黒ムツ・マダイ五目で出船致します。まだ２名ですのでお電話お待ちしております。,27.6℃,NULL,chowari/新栄丸
新栄丸,江見,2026/09/03,1,0,サバ,サバ,サブ,サバ,NULL,,,,0,,,,,NULL,千葉県 鴨川市 江見漁港,NULL,NULL,1,NULL,NULL,27.6,27.6,NULL,南南西,3.0m/s,小潮,東南東 1.0m/s,曇りのち一時雨,NULL,NULL,NULL,黒ムツ・マダイ五目で出船 順調な日々が続いております(#^.^#)フラッシャーサビキ釣り、美味しい魚・黒ムツは中・小中心ですが多点掛け入れ食いです。連日規定の達成(^^)v美味しいお魚も盛り上がったみたい・・・。後半のマダイ五目は、マダイ・シマアジ・ワラサ狙い！！今日もクーラーいっぱいです。美味しく食べてあげてください。明日も鴨川漁港より黒ムツ・マダイ五目で出船致します。まだ２名ですのでお電話お待ちしております。,27.6℃,NULL,chowari/新栄丸
新栄丸,江見,2026/09/03,1,0,ソーダガツオ,NULL,サブ,ソーダガツオ,NULL,,,,0,,,,,NULL,千葉県 鴨川市 江見漁港,NULL,NULL,1,NULL,NULL,27.6,27.6,NULL,南南西,3.0m/s,小潮,東南東 1.0m/s,曇りのち一時雨,NULL,NULL,NULL,黒ムツ・マダイ五目で出船 順調な日々が続いております(#^.^#)フラッシャーサビキ釣り、美味しい魚・黒ムツは中・小中心ですが多点掛け入れ食いです。連日規定の達成(^^)v美味しいお魚も盛り上がったみたい・・・。後半のマダイ五目は、マダイ・シマアジ・ワラサ狙い！！今日もクーラーいっぱいです。美味しく食べてあげてください。明日も鴨川漁港より黒ムツ・マダイ五目で出船致します。まだ２名ですのでお電話お待ちしております。,27.6℃,NULL,chowari/新栄丸
新栄丸,江見,2026/09/03,1,0,マダイ,マダイ,メイン,マダイ,NULL,3.0,3.0,3.0,0,,,,,NULL,千葉県 鴨川市 江見漁港,NULL,NULL,1,NULL,NULL,27.6,27.6,NULL,南南西,3.0m/s,小潮,東南東 1.0m/s,曇りのち一時雨,アジ・イサキ・オアカムロ・クロムツ・サバ・ソーダガツオ・メイチダイ・メジナ,NULL,NULL,黒ムツ・マダイ五目で出船 順調な日々が続いております(#^.^#)フラッシャーサビキ釣り、美味しい魚・黒ムツは中・小中心ですが多点掛け入れ食いです。連日規定の達成(^^)v美味しいお魚も盛り上がったみたい・・・。後半のマダイ五目は、マダイ・シマアジ・ワラサ狙い！！今日もクーラーいっぱいです。美味しく食べてあげてください。明日も鴨川漁港より黒ムツ・マダイ五目で出船致します。まだ２名ですのでお電話お待ちしております。,27.6℃,NULL,chowari/新栄丸
新栄丸,江見,2026/09/03,1,0,メイチダイ,NULL,サブ,メイチダイ,NULL,,,,0,,,,,NULL,千葉県 鴨川市 江見漁港,NULL,NULL,1,NULL,NULL,27.6,27.6,NULL,南南西,3.0m/s,小潮,東南東 1.0m/s,曇りのち一時雨,NULL,NULL,NULL,黒ムツ・マダイ五目で出船 順調な日々が続いております(#^.^#)フラッシャーサビキ釣り、美味しい魚・黒ムツは中・小中心ですが多点掛け入れ食いです。連日規定の達成(^^)v美味しいお魚も盛り上がったみたい・・・。後半のマダイ五目は、マダイ・シマアジ・ワラサ狙い！！今日もクーラーいっぱいです。美味しく食べてあげてください。明日も鴨川漁港より黒ムツ・マダイ五目で出船致します。まだ２名ですのでお電話お待ちしております。,27.6℃,NULL,chowari/新栄丸
新栄丸,江見,2026/09/03,1,0,メジナ,メジナ,サブ,メジナ,NULL,,,,0,,,,,NULL,千葉県 鴨川市 江見漁港,NULL,NULL,1,NULL,NULL,27.6,27.6,NULL,南南西,3.0m/s,小潮,東南東 1.0m/s,曇りのち一時雨,NULL,NULL,NULL,黒ムツ・マダイ五目で出船 順調な日々が続いております(#^.^#)フラッシャーサビキ釣り、美味しい魚・黒ムツは中・小中心ですが多点掛け入れ食いです。連日規定の達成(^^)v美味しいお魚も盛り上がったみたい・・・。後半のマダイ五目は、マダイ・シマアジ・ワラサ狙い！！今日もクーラーいっぱいです。美味しく食べてあげてください。明日も鴨川漁港より黒ムツ・マダイ五目で出船致します。まだ２名ですのでお電話お待ちしております。,27.6℃,NULL,chowari/新栄丸
新栄丸,江見,2026/09/04,1,0,アジ,アジ,サブ,アジ,NULL,5.0,20.0,12.5,0,25.0,33.0,,,NULL,千葉県 鴨川市 江見漁港,NULL,NULL,1,NULL,NULL,27.8,27.8,NULL,北北東,1.8m/s,小潮,南東 0.9m/s,曇りのち一時雨,NULL,NULL,NULL,連日絶好調 美味しい最高級魚 多点掛け入れ食い 総数70匹超え コマセ五目釣りは 1時間半 美味しい最高級魚❓ 電話にてお願いします,27.8℃,NULL,chowari/新栄丸
新栄丸,江見,2026/09/04,1,0,クロムツ,クロムツ,サブ,クロムツ,NULL,15.0,30.0,22.5,0,21.0,30.0,,,NULL,千葉県 鴨川市 江見漁港,NULL,NULL,1,NULL,NULL,27.8,27.8,NULL,北北東,1.8m/s,小潮,南東 0.9m/s,曇りのち一時雨,NULL,NULL,NULL,連日絶好調 美味しい最高級魚 多点掛け入れ食い 総数70匹超え コマセ五目釣りは 1時間半 美味しい最高級魚❓ 電話にてお願いします,27.8℃,NULL,chowari/新栄丸
新栄丸,江見,2026/09/04,1,0,マダイ,マダイ,メイン,マダイ,NULL,0.0,1.0,0.5,0,,,0.7,8.6,NULL,千葉県 鴨川市 江見漁港,NULL,NULL,1,NULL,NULL,27.8,27.8,NULL,北北東,1.8m/s,小潮,南東 0.9m/s,曇りのち一時雨,アジ・クロムツ・マハタ・ワラサ,NULL,NULL,連日絶好調 美味しい最高級魚 多点掛け入れ食い 総数70匹超え コマセ五目釣りは 1時間半 美味しい最高級魚❓ 電話にてお願いします,27.8℃,NULL,chowari/新栄丸
新栄丸,江見,2026/09/04,1,0,マハタ,マハタ,サブ,マハタ,NULL,1.0,1.0,1.0,0,,,2.5,2.5,NULL,千葉県 鴨川市 江見漁港,NULL,NULL,1,NULL,NULL,27.8,27.8,NULL,北北東,1.8m/s,小潮,南東 0.9m/s,曇りのち一時雨,NULL,NULL,NULL,連日絶好調 美味しい最高級魚 多点掛け入れ食い 総数70匹超え コマセ五目釣りは 1時間半 美味しい最高級魚❓ 電話にてお願いします,27.8℃,NULL,chowari/新栄丸
新栄丸,江見,2026/09/04,1,0,ワラサ,ワラサ,サブ,ワラサ,NULL,0.0,1.0,0.5,0,,,3.0,4.0,NULL,千葉県 鴨川市 江見漁港,NULL,NULL,1,NULL,NULL,27.8,27.8,NULL,北北東,1.8m/s,小潮,南東 0.9m/s,曇りのち一時雨,NULL,NULL,NULL,連日絶好調 美味しい最高級魚 多点掛け入れ食い 総数70匹超え コマセ五目釣りは 1時間半 美味しい最高級魚❓ 電話にてお願いします,27.8℃,NULL,chowari/新栄丸
新栄丸,江見,2026/09/05,1,0,アジ,アジ,サブ,アジ,NULL,12.0,12.0,12.0,0,,,,,NULL,千葉県 鴨川市 江見漁港,NULL,NULL,1,NULL,NULL,27.5,27.5,NULL,北東,3.2m/s,小潮,南東 1.1m/s,曇り,NULL,NULL,NULL,黒ムツ・マダイ五目で出船。 雨の中皆さん頑張って下さりありがとうございました 連日絶好調のフラッシャーサビキ釣り、今日も良く釣れました(^^♪貸し竿さん多めでしたが皆さんの協力でお土産は十分とれました。手返しの差は出ましたが・・・・・。美味しいお魚クーラーいっぱいの方もいて、後半のコマセ五目はシマアジから入って、小型中心ながら船中１５匹くらいでほとんどの方が型をみました。最後にマダイ狙いですが、大型出ず・・残念。明日は黒ムツ・マダイ五目でお１人様のご予約ありますのでもう１名入って下されば出船できます。,27.5℃,NULL,chowari/新栄丸
新栄丸,江見,2026/09/05,1,0,イサキ,イサキ,サブ,イサキ,NULL,,,,0,,,,,NULL,千葉県 鴨川市 江見漁港,NULL,NULL,1,NULL,NULL,27.5,27.5,NULL,北東,3.2m/s,小潮,南東 1.1m/s,曇り,NULL,NULL,NULL,黒ムツ・マダイ五目で出船。 雨の中皆さん頑張って下さりありがとうございました 連日絶好調のフラッシャーサビキ釣り、今日も良く釣れました(^^♪貸し竿さん多めでしたが皆さんの協力でお土産は十分とれました。手返しの差は出ましたが・・・・・。美味しいお魚クーラーいっぱいの方もいて、後半のコマセ五目はシマアジから入って、小型中心ながら船中１５匹くらいでほとんどの方が型をみました。最後にマダイ狙いですが、大型出ず・・残念。明日は黒ムツ・マダイ五目でお１人様のご予約ありますのでもう１名入って下されば出船できます。,27.5℃,NULL,chowari/新栄丸
新栄丸,江見,2026/09/05,1,0,オアカムロ,NULL,サブ,オアカムロ,NULL,,,,0,,,,,NULL,千葉県 鴨川市 江見漁港,NULL,NULL,1,NULL,NULL,27.5,27.5,NULL,北東,3.2m/s,小潮,南東 1.1m/s,曇り,NULL,NULL,NULL,黒ムツ・マダイ五目で出船。 雨の中皆さん頑張って下さりありがとうございました 連日絶好調のフラッシャーサビキ釣り、今日も良く釣れました(^^♪貸し竿さん多めでしたが皆さんの協力でお土産は十分とれました。手返しの差は出ましたが・・・・・。美味しいお魚クーラーいっぱいの方もいて、後半のコマセ五目はシマアジから入って、小型中心ながら船中１５匹くらいでほとんどの方が型をみました。最後にマダイ狙いですが、大型出ず・・残念。明日は黒ムツ・マダイ五目でお１人様のご予約ありますのでもう１名入って下されば出船できます。,27.5℃,NULL,chowari/新栄丸
新栄丸,江見,2026/09/05,1,0,カンパチ,カンパチ,サブ,カンパチ,NULL,,,,0,,,,,NULL,千葉県 鴨川市 江見漁港,NULL,NULL,1,NULL,NULL,27.5,27.5,NULL,北東,3.2m/s,小潮,南東 1.1m/s,曇り,NULL,NULL,NULL,黒ムツ・マダイ五目で出船。 雨の中皆さん頑張って下さりありがとうございました 連日絶好調のフラッシャーサビキ釣り、今日も良く釣れました(^^♪貸し竿さん多めでしたが皆さんの協力でお土産は十分とれました。手返しの差は出ましたが・・・・・。美味しいお魚クーラーいっぱいの方もいて、後半のコマセ五目はシマアジから入って、小型中心ながら船中１５匹くらいでほとんどの方が型をみました。最後にマダイ狙いですが、大型出ず・・残念。明日は黒ムツ・マダイ五目でお１人様のご予約ありますのでもう１名入って下されば出船できます。,27.5℃,NULL,chowari/新栄丸
新栄丸,江見,2026/09/05,1,0,クロムツ,クロムツ,メイン,クロムツ,NULL,15.0,15.0,15.0,0,,,,,NULL,千葉県 鴨川市 江見漁港,NULL,NULL,1,NULL,NULL,27.5,27.5,NULL,北東,3.2m/s,小潮,南東 1.1m/s,曇り,アジ・イサキ・オアカムロ・カンパチ・サバ・シマアジ・ヒラソーダ・マダイ・メイチダイ・メジナ,NULL,NULL,黒ムツ・マダイ五目で出船。 雨の中皆さん頑張って下さりありがとうございました 連日絶好調のフラッシャーサビキ釣り、今日も良く釣れました(^^♪貸し竿さん多めでしたが皆さんの協力でお土産は十分とれました。手返しの差は出ましたが・・・・・。美味しいお魚クーラーいっぱいの方もいて、後半のコマセ五目はシマアジから入って、小型中心ながら船中１５匹くらいでほとんどの方が型をみました。最後にマダイ狙いですが、大型出ず・・残念。明日は黒ムツ・マダイ五目でお１人様のご予約ありますのでもう１名入って下されば出船できます。,27.5℃,NULL,chowari/新栄丸
新栄丸,江見,2026/09/05,1,0,サバ,サバ,サブ,サバ,NULL,,,,0,,,,,NULL,千葉県 鴨川市 江見漁港,NULL,NULL,1,NULL,NULL,27.5,27.5,NULL,北東,3.2m/s,小潮,南東 1.1m/s,曇り,NULL,NULL,NULL,黒ムツ・マダイ五目で出船。 雨の中皆さん頑張って下さりありがとうございました 連日絶好調のフラッシャーサビキ釣り、今日も良く釣れました(^^♪貸し竿さん多めでしたが皆さんの協力でお土産は十分とれました。手返しの差は出ましたが・・・・・。美味しいお魚クーラーいっぱいの方もいて、後半のコマセ五目はシマアジから入って、小型中心ながら船中１５匹くらいでほとんどの方が型をみました。最後にマダイ狙いですが、大型出ず・・残念。明日は黒ムツ・マダイ五目でお１人様のご予約ありますのでもう１名入って下されば出船できます。,27.5℃,NULL,chowari/新栄丸
新栄丸,江見,2026/09/05,1,0,シマアジ,シマアジ,サブ,シマアジ,NULL,3.0,3.0,3.0,0,,,,,NULL,千葉県 鴨川市 江見漁港,NULL,NULL,1,NULL,NULL,27.5,27.5,NULL,北東,3.2m/s,小潮,南東 1.1m/s,曇り,NULL,NULL,NULL,黒ムツ・マダイ五目で出船。 雨の中皆さん頑張って下さりありがとうございました 連日絶好調のフラッシャーサビキ釣り、今日も良く釣れました(^^♪貸し竿さん多めでしたが皆さんの協力でお土産は十分とれました。手返しの差は出ましたが・・・・・。美味しいお魚クーラーいっぱいの方もいて、後半のコマセ五目はシマアジから入って、小型中心ながら船中１５匹くらいでほとんどの方が型をみました。最後にマダイ狙いですが、大型出ず・・残念。明日は黒ムツ・マダイ五目でお１人様のご予約ありますのでもう１名入って下されば出船できます。,27.5℃,NULL,chowari/新栄丸
新栄丸,江見,2026/09/05,1,0,ヒラソーダ,NULL,サブ,ヒラソーダ,NULL,,,,0,,,,,NULL,千葉県 鴨川市 江見漁港,NULL,NULL,1,NULL,NULL,27.5,27.5,NULL,北東,3.2m/s,小潮,南東 1.1m/s,曇り,NULL,NULL,NULL,黒ムツ・マダイ五目で出船。 雨の中皆さん頑張って下さりありがとうございました 連日絶好調のフラッシャーサビキ釣り、今日も良く釣れました(^^♪貸し竿さん多めでしたが皆さんの協力でお土産は十分とれました。手返しの差は出ましたが・・・・・。美味しいお魚クーラーいっぱいの方もいて、後半のコマセ五目はシマアジから入って、小型中心ながら船中１５匹くらいでほとんどの方が型をみました。最後にマダイ狙いですが、大型出ず・・残念。明日は黒ムツ・マダイ五目でお１人様のご予約ありますのでもう１名入って下されば出船できます。,27.5℃,NULL,chowari/新栄丸
新栄丸,江見,2026/09/05,1,0,マダイ,マダイ,メイン,マダイ,NULL,,,,0,,,,,NULL,千葉県 鴨川市 江見漁港,NULL,NULL,1,NULL,NULL,27.5,27.5,NULL,北東,3.2m/s,小潮,南東 1.1m/s,曇り,アジ・イサキ・オアカムロ・カンパチ・クロムツ・サバ・シマアジ・ヒラソーダ・メイチダイ・メジナ,NULL,NULL,黒ムツ・マダイ五目で出船。 雨の中皆さん頑張って下さりありがとうございました 連日絶好調のフラッシャーサビキ釣り、今日も良く釣れました(^^♪貸し竿さん多めでしたが皆さんの協力でお土産は十分とれました。手返しの差は出ましたが・・・・・。美味しいお魚クーラーいっぱいの方もいて、後半のコマセ五目はシマアジから入って、小型中心ながら船中１５匹くらいでほとんどの方が型をみました。最後にマダイ狙いですが、大型出ず・・残念。明日は黒ムツ・マダイ五目でお１人様のご予約ありますのでもう１名入って下されば出船できます。,27.5℃,NULL,chowari/新栄丸
新栄丸,江見,2026/09/05,1,0,メイチダイ,NULL,サブ,メイチダイ,NULL,,,,0,,,,,NULL,千葉県 鴨川市 江見漁港,NULL,NULL,1,NULL,NULL,27.5,27.5,NULL,北東,3.2m/s,小潮,南東 1.1m/s,曇り,NULL,NULL,NULL,黒ムツ・マダイ五目で出船。 雨の中皆さん頑張って下さりありがとうございました 連日絶好調のフラッシャーサビキ釣り、今日も良く釣れました(^^♪貸し竿さん多めでしたが皆さんの協力でお土産は十分とれました。手返しの差は出ましたが・・・・・。美味しいお魚クーラーいっぱいの方もいて、後半のコマセ五目はシマアジから入って、小型中心ながら船中１５匹くらいでほとんどの方が型をみました。最後にマダイ狙いですが、大型出ず・・残念。明日は黒ムツ・マダイ五目でお１人様のご予約ありますのでもう１名入って下されば出船できます。,27.5℃,NULL,chowari/新栄丸
新栄丸,江見,2026/09/05,1,0,メジナ,メジナ,サブ,メジナ,NULL,,,,0,,,,,NULL,千葉県 鴨川市 江見漁港,NULL,NULL,1,NULL,NULL,27.5,27.5,NULL,北東,3.2m/s,小潮,南東 1.1m/s,曇り,NULL,NULL,NULL,黒ムツ・マダイ五目で出船。 雨の中皆さん頑張って下さりありがとうございました 連日絶好調のフラッシャーサビキ釣り、今日も良く釣れました(^^♪貸し竿さん多めでしたが皆さんの協力でお土産は十分とれました。手返しの差は出ましたが・・・・・。美味しいお魚クーラーいっぱいの方もいて、後半のコマセ五目はシマアジから入って、小型中心ながら船中１５匹くらいでほとんどの方が型をみました。最後にマダイ狙いですが、大型出ず・・残念。明日は黒ムツ・マダイ五目でお１人様のご予約ありますのでもう１名入って下されば出船できます。,27.5℃,NULL,chowari/新栄丸
新栄丸,江見,2026/09/06,1,0,アジ,アジ,サブ,アジ,NULL,,,,0,,,,,NULL,千葉県 鴨川市 江見漁港,NULL,NULL,1,NULL,NULL,27.4,27.4,NULL,北東,5.9m/s,長潮,東南東 1.7m/s,雨,NULL,NULL,NULL,黒ムツ・マダイ五目で出船今日も雨の中有難うございました 貸し竿さん、ビギナーさん多く船長厳しくなってしまったようですねm(__)m海が悪かったので船酔いの方も多く、初心者さんにはちょっと辛かったかも・・・。しかしながら美味しいお魚と黒ムツの中・小型、良型アジ等でしっかりクーラーいっぱいのお客様もいらっしゃいました。多点掛け、入れ食いタイムもあり！ 後半のコマセ五目はシマアジ不発、マダイ・青物バラシ・イサキ・メイチダイ・ソーダカツオ等が釣れています。雨強く写真は撮れませんでした。 明日は予報悪くお休みします。明後日から募集します。雨の様子見ての出船になりそうです。,27.4℃,NULL,chowari/新栄丸
新栄丸,江見,2026/09/06,1,0,イサキ,イサキ,サブ,イサキ,NULL,,,,0,,,,,NULL,千葉県 鴨川市 江見漁港,NULL,NULL,1,NULL,NULL,27.4,27.4,NULL,北東,5.9m/s,長潮,東南東 1.7m/s,雨,NULL,NULL,NULL,黒ムツ・マダイ五目で出船今日も雨の中有難うございました 貸し竿さん、ビギナーさん多く船長厳しくなってしまったようですねm(__)m海が悪かったので船酔いの方も多く、初心者さんにはちょっと辛かったかも・・・。しかしながら美味しいお魚と黒ムツの中・小型、良型アジ等でしっかりクーラーいっぱいのお客様もいらっしゃいました。多点掛け、入れ食いタイムもあり！ 後半のコマセ五目はシマアジ不発、マダイ・青物バラシ・イサキ・メイチダイ・ソーダカツオ等が釣れています。雨強く写真は撮れませんでした。 明日は予報悪くお休みします。明後日から募集します。雨の様子見ての出船になりそうです。,27.4℃,NULL,chowari/新栄丸
新栄丸,江見,2026/09/06,1,0,オアカムロ,NULL,サブ,オアカムロ,NULL,,,,0,,,,,NULL,千葉県 鴨川市 江見漁港,NULL,NULL,1,NULL,NULL,27.4,27.4,NULL,北東,5.9m/s,長潮,東南東 1.7m/s,雨,NULL,NULL,NULL,黒ムツ・マダイ五目で出船今日も雨の中有難うございました 貸し竿さん、ビギナーさん多く船長厳しくなってしまったようですねm(__)m海が悪かったので船酔いの方も多く、初心者さんにはちょっと辛かったかも・・・。しかしながら美味しいお魚と黒ムツの中・小型、良型アジ等でしっかりクーラーいっぱいのお客様もいらっしゃいました。多点掛け、入れ食いタイムもあり！ 後半のコマセ五目はシマアジ不発、マダイ・青物バラシ・イサキ・メイチダイ・ソーダカツオ等が釣れています。雨強く写真は撮れませんでした。 明日は予報悪くお休みします。明後日から募集します。雨の様子見ての出船になりそうです。,27.4℃,NULL,chowari/新栄丸
新栄丸,江見,2026/09/06,1,0,クロムツ,クロムツ,メイン,クロムツ,NULL,,,,0,,,,,NULL,千葉県 鴨川市 江見漁港,NULL,NULL,1,NULL,NULL,27.4,27.4,NULL,北東,5.9m/s,長潮,東南東 1.7m/s,雨,アジ・イサキ・オアカムロ・サバ・ソーダガツオ・ハチビキ・マダイ・メイチダイ,NULL,NULL,黒ムツ・マダイ五目で出船今日も雨の中有難うございました 貸し竿さん、ビギナーさん多く船長厳しくなってしまったようですねm(__)m海が悪かったので船酔いの方も多く、初心者さんにはちょっと辛かったかも・・・。しかしながら美味しいお魚と黒ムツの中・小型、良型アジ等でしっかりクーラーいっぱいのお客様もいらっしゃいました。多点掛け、入れ食いタイムもあり！ 後半のコマセ五目はシマアジ不発、マダイ・青物バラシ・イサキ・メイチダイ・ソーダカツオ等が釣れています。雨強く写真は撮れませんでした。 明日は予報悪くお休みします。明後日から募集します。雨の様子見ての出船になりそうです。,27.4℃,NULL,chowari/新栄丸
新栄丸,江見,2026/09/06,1,0,サバ,サバ,サブ,サバ,NULL,,,,0,,,,,NULL,千葉県 鴨川市 江見漁港,NULL,NULL,1,NULL,NULL,27.4,27.4,NULL,北東,5.9m/s,長潮,東南東 1.7m/s,雨,NULL,NULL,NULL,黒ムツ・マダイ五目で出船今日も雨の中有難うございました 貸し竿さん、ビギナーさん多く船長厳しくなってしまったようですねm(__)m海が悪かったので船酔いの方も多く、初心者さんにはちょっと辛かったかも・・・。しかしながら美味しいお魚と黒ムツの中・小型、良型アジ等でしっかりクーラーいっぱいのお客様もいらっしゃいました。多点掛け、入れ食いタイムもあり！ 後半のコマセ五目はシマアジ不発、マダイ・青物バラシ・イサキ・メイチダイ・ソーダカツオ等が釣れています。雨強く写真は撮れませんでした。 明日は予報悪くお休みします。明後日から募集します。雨の様子見ての出船になりそうです。,27.4℃,NULL,chowari/新栄丸
新栄丸,江見,2026/09/06,1,0,ソーダガツオ,NULL,サブ,ソーダガツオ,NULL,,,,0,,,,,NULL,千葉県 鴨川市 江見漁港,NULL,NULL,1,NULL,NULL,27.4,27.4,NULL,北東,5.9m/s,長潮,東南東 1.7m/s,雨,NULL,NULL,NULL,黒ムツ・マダイ五目で出船今日も雨の中有難うございました 貸し竿さん、ビギナーさん多く船長厳しくなってしまったようですねm(__)m海が悪かったので船酔いの方も多く、初心者さんにはちょっと辛かったかも・・・。しかしながら美味しいお魚と黒ムツの中・小型、良型アジ等でしっかりクーラーいっぱいのお客様もいらっしゃいました。多点掛け、入れ食いタイムもあり！ 後半のコマセ五目はシマアジ不発、マダイ・青物バラシ・イサキ・メイチダイ・ソーダカツオ等が釣れています。雨強く写真は撮れませんでした。 明日は予報悪くお休みします。明後日から募集します。雨の様子見ての出船になりそうです。,27.4℃,NULL,chowari/新栄丸
新栄丸,江見,2026/09/06,1,0,ハチビキ,NULL,サブ,ハチビキ,NULL,,,,0,,,,,NULL,千葉県 鴨川市 江見漁港,NULL,NULL,1,NULL,NULL,27.4,27.4,NULL,北東,5.9m/s,長潮,東南東 1.7m/s,雨,NULL,NULL,NULL,黒ムツ・マダイ五目で出船今日も雨の中有難うございました 貸し竿さん、ビギナーさん多く船長厳しくなってしまったようですねm(__)m海が悪かったので船酔いの方も多く、初心者さんにはちょっと辛かったかも・・・。しかしながら美味しいお魚と黒ムツの中・小型、良型アジ等でしっかりクーラーいっぱいのお客様もいらっしゃいました。多点掛け、入れ食いタイムもあり！ 後半のコマセ五目はシマアジ不発、マダイ・青物バラシ・イサキ・メイチダイ・ソーダカツオ等が釣れています。雨強く写真は撮れませんでした。 明日は予報悪くお休みします。明後日から募集します。雨の様子見ての出船になりそうです。,27.4℃,NULL,chowari/新栄丸
新栄丸,江見,2026/09/06,1,0,マダイ,マダイ,メイン,マダイ,NULL,,,,0,,,,,NULL,千葉県 鴨川市 江見漁港,NULL,NULL,1,NULL,NULL,27.4,27.4,NULL,北東,5.9m/s,長潮,東南東 1.7m/s,雨,アジ・イサキ・オアカムロ・クロムツ・サバ・ソーダガツオ・ハチビキ・メイチダイ,NULL,NULL,黒ムツ・マダイ五目で出船今日も雨の中有難うございました 貸し竿さん、ビギナーさん多く船長厳しくなってしまったようですねm(__)m海が悪かったので船酔いの方も多く、初心者さんにはちょっと辛かったかも・・・。しかしながら美味しいお魚と黒ムツの中・小型、良型アジ等でしっかりクーラーいっぱいのお客様もいらっしゃいました。多点掛け、入れ食いタイムもあり！ 後半のコマセ五目はシマアジ不発、マダイ・青物バラシ・イサキ・メイチダイ・ソーダカツオ等が釣れています。雨強く写真は撮れませんでした。 明日は予報悪くお休みします。明後日から募集します。雨の様子見ての出船になりそうです。,27.4℃,NULL,chowari/新栄丸
新栄丸,江見,2026/09/06,1,0,メイチダイ,NULL,サブ,メイチダイ,NULL,,,,0,,,,,NULL,千葉県 鴨川市 江見漁港,NULL,NULL,1,NULL,NULL,27.4,27.4,NULL,北東,5.9m/s,長潮,東南東 1.7m/s,雨,NULL,NULL,NULL,黒ムツ・マダイ五目で出船今日も雨の中有難うございました 貸し竿さん、ビギナーさん多く船長厳しくなってしまったようですねm(__)m海が悪かったので船酔いの方も多く、初心者さんにはちょっと辛かったかも・・・。しかしながら美味しいお魚と黒ムツの中・小型、良型アジ等でしっかりクーラーいっぱいのお客様もいらっしゃいました。多点掛け、入れ食いタイムもあり！ 後半のコマセ五目はシマアジ不発、マダイ・青物バラシ・イサキ・メイチダイ・ソーダカツオ等が釣れています。雨強く写真は撮れませんでした。 明日は予報悪くお休みします。明後日から募集します。雨の様子見ての出船になりそうです。,27.4℃,NULL,chowari/新栄丸
新栄丸,江見,2026/09/11,1,0,アジ,アジ,サブ,アジ,NULL,,,,0,,,,,NULL,千葉県 鴨川市 江見漁港,NULL,NULL,1,NULL,NULL,27.0,27.0,NULL,北東,2.5m/s,大潮,東南東 1.0m/s,雨,NULL,NULL,NULL,黒ムツ・マダイ五目で出船！！ 久～～しぶりの出船です前半はフラッシャーサビキ釣り、美味しいお魚お土産・黒ムツ・アジ・さばどれも反応多めで、黒ムツは中・小型ですが規定全員達成コマセの時間に合わせてシマアジ狙い、小型ですが釣りました。１発狙いでマダイ・マハタ・青物狙い…水温低下？不発。明日も黒ムツ・マダイ五目で出船致しますのでご予約お待ちしております。１３日（日）も黒ムツ・マダイ五目でガラガラですのでこちらもご予約お待ちしております。１９（土）～２３（水）の連休中はガラガラです(T_T)(T_T) ＊明日は８：１５集合で２便船、マダイ・ハタ五目で出船致しますのでご希望のお客様お待ちしております ＊マダイ竿の,27.0℃,NULL,chowari/新栄丸
新栄丸,江見,2026/09/11,1,0,イサキ,イサキ,サブ,イサキ,NULL,,,,0,,,,,NULL,千葉県 鴨川市 江見漁港,NULL,NULL,1,NULL,NULL,27.0,27.0,NULL,北東,2.5m/s,大潮,東南東 1.0m/s,雨,NULL,NULL,NULL,黒ムツ・マダイ五目で出船！！ 久～～しぶりの出船です前半はフラッシャーサビキ釣り、美味しいお魚お土産・黒ムツ・アジ・さばどれも反応多めで、黒ムツは中・小型ですが規定全員達成コマセの時間に合わせてシマアジ狙い、小型ですが釣りました。１発狙いでマダイ・マハタ・青物狙い…水温低下？不発。明日も黒ムツ・マダイ五目で出船致しますのでご予約お待ちしております。１３日（日）も黒ムツ・マダイ五目でガラガラですのでこちらもご予約お待ちしております。１９（土）～２３（水）の連休中はガラガラです(T_T)(T_T) ＊明日は８：１５集合で２便船、マダイ・ハタ五目で出船致しますのでご希望のお客様お待ちしております ＊マダイ竿の,27.0℃,NULL,chowari/新栄丸
新栄丸,江見,2026/09/11,1,0,クロムツ,クロムツ,メイン,クロムツ,NULL,30.0,30.0,30.0,0,,,,,NULL,千葉県 鴨川市 江見漁港,NULL,NULL,1,NULL,NULL,27.0,27.0,NULL,北東,2.5m/s,大潮,東南東 1.0m/s,雨,アジ・イサキ・シマアジ・メジナ,NULL,NULL,黒ムツ・マダイ五目で出船！！ 久～～しぶりの出船です前半はフラッシャーサビキ釣り、美味しいお魚お土産・黒ムツ・アジ・さばどれも反応多めで、黒ムツは中・小型ですが規定全員達成コマセの時間に合わせてシマアジ狙い、小型ですが釣りました。１発狙いでマダイ・マハタ・青物狙い…水温低下？不発。明日も黒ムツ・マダイ五目で出船致しますのでご予約お待ちしております。１３日（日）も黒ムツ・マダイ五目でガラガラですのでこちらもご予約お待ちしております。１９（土）～２３（水）の連休中はガラガラです(T_T)(T_T) ＊明日は８：１５集合で２便船、マダイ・ハタ五目で出船致しますのでご希望のお客様お待ちしております ＊マダイ竿の,27.0℃,NULL,chowari/新栄丸
新栄丸,江見,2026/09/11,1,0,シマアジ,シマアジ,サブ,シマアジ,NULL,2.0,2.0,2.0,0,,,,,NULL,千葉県 鴨川市 江見漁港,NULL,NULL,1,NULL,NULL,27.0,27.0,NULL,北東,2.5m/s,大潮,東南東 1.0m/s,雨,NULL,NULL,NULL,黒ムツ・マダイ五目で出船！！ 久～～しぶりの出船です前半はフラッシャーサビキ釣り、美味しいお魚お土産・黒ムツ・アジ・さばどれも反応多めで、黒ムツは中・小型ですが規定全員達成コマセの時間に合わせてシマアジ狙い、小型ですが釣りました。１発狙いでマダイ・マハタ・青物狙い…水温低下？不発。明日も黒ムツ・マダイ五目で出船致しますのでご予約お待ちしております。１３日（日）も黒ムツ・マダイ五目でガラガラですのでこちらもご予約お待ちしております。１９（土）～２３（水）の連休中はガラガラです(T_T)(T_T) ＊明日は８：１５集合で２便船、マダイ・ハタ五目で出船致しますのでご希望のお客様お待ちしております ＊マダイ竿の,27.0℃,NULL,chowari/新栄丸
新栄丸,江見,2026/09/11,1,0,メジナ,メジナ,サブ,メジナ,NULL,,,,0,,,,,NULL,千葉県 鴨川市 江見漁港,NULL,NULL,1,NULL,NULL,27.0,27.0,NULL,北東,2.5m/s,大潮,東南東 1.0m/s,雨,NULL,NULL,NULL,黒ムツ・マダイ五目で出船！！ 久～～しぶりの出船です前半はフラッシャーサビキ釣り、美味しいお魚お土産・黒ムツ・アジ・さばどれも反応多めで、黒ムツは中・小型ですが規定全員達成コマセの時間に合わせてシマアジ狙い、小型ですが釣りました。１発狙いでマダイ・マハタ・青物狙い…水温低下？不発。明日も黒ムツ・マダイ五目で出船致しますのでご予約お待ちしております。１３日（日）も黒ムツ・マダイ五目でガラガラですのでこちらもご予約お待ちしております。１９（土）～２３（水）の連休中はガラガラです(T_T)(T_T) ＊明日は８：１５集合で２便船、マダイ・ハタ五目で出船致しますのでご希望のお客様お待ちしております ＊マダイ竿の,27.0℃,NULL,chowari/新栄丸
新栄丸,江見,2026/09/12,1,0,アジ,アジ,サブ,アジ,NULL,,,,0,,,,,NULL,千葉県 鴨川市 江見漁港,NULL,NULL,1,NULL,NULL,25.8,25.8,NULL,北北東,3.5m/s,大潮,東南東 0.9m/s,曇り一時雨,NULL,NULL,NULL,黒ムツ・マダイ五目で出船。 ・・・・・何時も絶好調のフラッシャーサビキ釣りいつも通りの良い反応あるのに数付き悪く苦戦(T_T)(T_T)昨日全員規定数の黒ムツも渋渋で・・・ポイント行ったり来たり、明るくなるころから口つかってきて美味しいお魚・しっかりお土産になった方もいましたが全体的にはさみしかったかなそんなわけでコマセ釣りは１時間半、（４５分延長）適当に遊べた感じです。明日も黒ムツ・マダイ五目で出船しますのでご予約お待ちしております。１４日（月）は臨時休業、１５日（火）定休日ですので１６日（水）からのご予約お待ちしております。シルバーウィーク、ガラガラですのでお待ちしております。,25.8℃,NULL,chowari/新栄丸
新栄丸,江見,2026/09/12,1,0,イサキ,イサキ,サブ,イサキ,NULL,,,,0,,,,,NULL,千葉県 鴨川市 江見漁港,NULL,NULL,1,NULL,NULL,25.8,25.8,NULL,北北東,3.5m/s,大潮,東南東 0.9m/s,曇り一時雨,NULL,NULL,NULL,黒ムツ・マダイ五目で出船。 ・・・・・何時も絶好調のフラッシャーサビキ釣りいつも通りの良い反応あるのに数付き悪く苦戦(T_T)(T_T)昨日全員規定数の黒ムツも渋渋で・・・ポイント行ったり来たり、明るくなるころから口つかってきて美味しいお魚・しっかりお土産になった方もいましたが全体的にはさみしかったかなそんなわけでコマセ釣りは１時間半、（４５分延長）適当に遊べた感じです。明日も黒ムツ・マダイ五目で出船しますのでご予約お待ちしております。１４日（月）は臨時休業、１５日（火）定休日ですので１６日（水）からのご予約お待ちしております。シルバーウィーク、ガラガラですのでお待ちしております。,25.8℃,NULL,chowari/新栄丸
新栄丸,江見,2026/09/12,1,0,ウマヅラハギ,ウマヅラハギ,サブ,ウマヅラハギ,NULL,,,,0,,,,,NULL,千葉県 鴨川市 江見漁港,NULL,NULL,1,NULL,NULL,25.8,25.8,NULL,北北東,3.5m/s,大潮,東南東 0.9m/s,曇り一時雨,NULL,NULL,NULL,黒ムツ・マダイ五目で出船。 ・・・・・何時も絶好調のフラッシャーサビキ釣りいつも通りの良い反応あるのに数付き悪く苦戦(T_T)(T_T)昨日全員規定数の黒ムツも渋渋で・・・ポイント行ったり来たり、明るくなるころから口つかってきて美味しいお魚・しっかりお土産になった方もいましたが全体的にはさみしかったかなそんなわけでコマセ釣りは１時間半、（４５分延長）適当に遊べた感じです。明日も黒ムツ・マダイ五目で出船しますのでご予約お待ちしております。１４日（月）は臨時休業、１５日（火）定休日ですので１６日（水）からのご予約お待ちしております。シルバーウィーク、ガラガラですのでお待ちしております。,25.8℃,NULL,chowari/新栄丸
新栄丸,江見,2026/09/12,1,0,クロムツ,クロムツ,メイン,クロムツ,NULL,,,,0,,,,,NULL,千葉県 鴨川市 江見漁港,NULL,NULL,1,NULL,NULL,25.8,25.8,NULL,北北東,3.5m/s,大潮,東南東 0.9m/s,曇り一時雨,アジ・イサキ・ウマヅラハギ・サバ・ハチビキ・マダイ・メイチダイ・メジナ,NULL,NULL,黒ムツ・マダイ五目で出船。 ・・・・・何時も絶好調のフラッシャーサビキ釣りいつも通りの良い反応あるのに数付き悪く苦戦(T_T)(T_T)昨日全員規定数の黒ムツも渋渋で・・・ポイント行ったり来たり、明るくなるころから口つかってきて美味しいお魚・しっかりお土産になった方もいましたが全体的にはさみしかったかなそんなわけでコマセ釣りは１時間半、（４５分延長）適当に遊べた感じです。明日も黒ムツ・マダイ五目で出船しますのでご予約お待ちしております。１４日（月）は臨時休業、１５日（火）定休日ですので１６日（水）からのご予約お待ちしております。シルバーウィーク、ガラガラですのでお待ちしております。,25.8℃,NULL,chowari/新栄丸
新栄丸,江見,2026/09/12,1,0,サバ,サバ,サブ,サバ,NULL,,,,0,,,,,NULL,千葉県 鴨川市 江見漁港,NULL,NULL,1,NULL,NULL,25.8,25.8,NULL,北北東,3.5m/s,大潮,東南東 0.9m/s,曇り一時雨,NULL,NULL,NULL,黒ムツ・マダイ五目で出船。 ・・・・・何時も絶好調のフラッシャーサビキ釣りいつも通りの良い反応あるのに数付き悪く苦戦(T_T)(T_T)昨日全員規定数の黒ムツも渋渋で・・・ポイント行ったり来たり、明るくなるころから口つかってきて美味しいお魚・しっかりお土産になった方もいましたが全体的にはさみしかったかなそんなわけでコマセ釣りは１時間半、（４５分延長）適当に遊べた感じです。明日も黒ムツ・マダイ五目で出船しますのでご予約お待ちしております。１４日（月）は臨時休業、１５日（火）定休日ですので１６日（水）からのご予約お待ちしております。シルバーウィーク、ガラガラですのでお待ちしております。,25.8℃,NULL,chowari/新栄丸
新栄丸,江見,2026/09/12,1,0,ハチビキ,NULL,サブ,ハチビキ,NULL,,,,0,,,,,NULL,千葉県 鴨川市 江見漁港,NULL,NULL,1,NULL,NULL,25.8,25.8,NULL,北北東,3.5m/s,大潮,東南東 0.9m/s,曇り一時雨,NULL,NULL,NULL,黒ムツ・マダイ五目で出船。 ・・・・・何時も絶好調のフラッシャーサビキ釣りいつも通りの良い反応あるのに数付き悪く苦戦(T_T)(T_T)昨日全員規定数の黒ムツも渋渋で・・・ポイント行ったり来たり、明るくなるころから口つかってきて美味しいお魚・しっかりお土産になった方もいましたが全体的にはさみしかったかなそんなわけでコマセ釣りは１時間半、（４５分延長）適当に遊べた感じです。明日も黒ムツ・マダイ五目で出船しますのでご予約お待ちしております。１４日（月）は臨時休業、１５日（火）定休日ですので１６日（水）からのご予約お待ちしております。シルバーウィーク、ガラガラですのでお待ちしております。,25.8℃,NULL,chowari/新栄丸
新栄丸,江見,2026/09/12,1,0,マダイ,マダイ,メイン,マダイ,NULL,3.0,3.0,3.0,0,,,1.8,1.8,NULL,千葉県 鴨川市 江見漁港,NULL,NULL,1,NULL,NULL,25.8,25.8,NULL,北北東,3.5m/s,大潮,東南東 0.9m/s,曇り一時雨,アジ・イサキ・ウマヅラハギ・クロムツ・サバ・ハチビキ・メイチダイ・メジナ,NULL,NULL,黒ムツ・マダイ五目で出船。 ・・・・・何時も絶好調のフラッシャーサビキ釣りいつも通りの良い反応あるのに数付き悪く苦戦(T_T)(T_T)昨日全員規定数の黒ムツも渋渋で・・・ポイント行ったり来たり、明るくなるころから口つかってきて美味しいお魚・しっかりお土産になった方もいましたが全体的にはさみしかったかなそんなわけでコマセ釣りは１時間半、（４５分延長）適当に遊べた感じです。明日も黒ムツ・マダイ五目で出船しますのでご予約お待ちしております。１４日（月）は臨時休業、１５日（火）定休日ですので１６日（水）からのご予約お待ちしております。シルバーウィーク、ガラガラですのでお待ちしております。,25.8℃,NULL,chowari/新栄丸
新栄丸,江見,2026/09/12,1,0,メイチダイ,NULL,サブ,メイチダイ,NULL,,,,0,,,,,NULL,千葉県 鴨川市 江見漁港,NULL,NULL,1,NULL,NULL,25.8,25.8,NULL,北北東,3.5m/s,大潮,東南東 0.9m/s,曇り一時雨,NULL,NULL,NULL,黒ムツ・マダイ五目で出船。 ・・・・・何時も絶好調のフラッシャーサビキ釣りいつも通りの良い反応あるのに数付き悪く苦戦(T_T)(T_T)昨日全員規定数の黒ムツも渋渋で・・・ポイント行ったり来たり、明るくなるころから口つかってきて美味しいお魚・しっかりお土産になった方もいましたが全体的にはさみしかったかなそんなわけでコマセ釣りは１時間半、（４５分延長）適当に遊べた感じです。明日も黒ムツ・マダイ五目で出船しますのでご予約お待ちしております。１４日（月）は臨時休業、１５日（火）定休日ですので１６日（水）からのご予約お待ちしております。シルバーウィーク、ガラガラですのでお待ちしております。,25.8℃,NULL,chowari/新栄丸
新栄丸,江見,2026/09/12,1,0,メジナ,メジナ,サブ,メジナ,NULL,,,,0,,,,,NULL,千葉県 鴨川市 江見漁港,NULL,NULL,1,NULL,NULL,25.8,25.8,NULL,北北東,3.5m/s,大潮,東南東 0.9m/s,曇り一時雨,NULL,NULL,NULL,黒ムツ・マダイ五目で出船。 ・・・・・何時も絶好調のフラッシャーサビキ釣りいつも通りの良い反応あるのに数付き悪く苦戦(T_T)(T_T)昨日全員規定数の黒ムツも渋渋で・・・ポイント行ったり来たり、明るくなるころから口つかってきて美味しいお魚・しっかりお土産になった方もいましたが全体的にはさみしかったかなそんなわけでコマセ釣りは１時間半、（４５分延長）適当に遊べた感じです。明日も黒ムツ・マダイ五目で出船しますのでご予約お待ちしております。１４日（月）は臨時休業、１５日（火）定休日ですので１６日（水）からのご予約お待ちしております。シルバーウィーク、ガラガラですのでお待ちしております。,25.8℃,NULL,chowari/新栄丸
新栄丸,江見,2026/09/12,2,0,アジ,アジ,サブ,アジ,NULL,,,,0,,,,,NULL,千葉県 鴨川市 江見漁港,NULL,NULL,1,NULL,NULL,25.8,25.8,NULL,北北東,3.5m/s,大潮,東南東 0.9m/s,曇り一時雨,NULL,NULL,NULL,黒ムツ・マダイ五目で出船。 ・・・・・何時も絶好調のフラッシャーサビキ釣りいつも通りの良い反応あるのに数付き悪く苦戦(T_T)(T_T)昨日全員規定数の黒ムツも渋渋で・・・ポイント行ったり来たり、明るくなるころから口つかってきて美味しいお魚・しっかりお土産になった方もいましたが全体的にはさみしかったかなそんなわけでコマセ釣りは１時間半、（４５分延長）適当に遊べた感じです。明日も黒ムツ・マダイ五目で出船しますのでご予約お待ちしております。１４日（月）は臨時休業、１５日（火）定休日ですので１６日（水）からのご予約お待ちしております。シルバーウィーク、ガラガラですのでお待ちしております。,25.8℃,NULL,chowari/新栄丸
新栄丸,江見,2026/09/12,2,0,イサキ,イサキ,サブ,イサキ,NULL,,,,0,,,,,NULL,千葉県 鴨川市 江見漁港,NULL,NULL,1,NULL,NULL,25.8,25.8,NULL,北北東,3.5m/s,大潮,東南東 0.9m/s,曇り一時雨,NULL,NULL,NULL,黒ムツ・マダイ五目で出船。 ・・・・・何時も絶好調のフラッシャーサビキ釣りいつも通りの良い反応あるのに数付き悪く苦戦(T_T)(T_T)昨日全員規定数の黒ムツも渋渋で・・・ポイント行ったり来たり、明るくなるころから口つかってきて美味しいお魚・しっかりお土産になった方もいましたが全体的にはさみしかったかなそんなわけでコマセ釣りは１時間半、（４５分延長）適当に遊べた感じです。明日も黒ムツ・マダイ五目で出船しますのでご予約お待ちしております。１４日（月）は臨時休業、１５日（火）定休日ですので１６日（水）からのご予約お待ちしております。シルバーウィーク、ガラガラですのでお待ちしております。,25.8℃,NULL,chowari/新栄丸
新栄丸,江見,2026/09/12,2,0,ウマヅラハギ,ウマヅラハギ,サブ,ウマヅラハギ,NULL,,,,0,,,,,NULL,千葉県 鴨川市 江見漁港,NULL,NULL,1,NULL,NULL,25.8,25.8,NULL,北北東,3.5m/s,大潮,東南東 0.9m/s,曇り一時雨,NULL,NULL,NULL,黒ムツ・マダイ五目で出船。 ・・・・・何時も絶好調のフラッシャーサビキ釣りいつも通りの良い反応あるのに数付き悪く苦戦(T_T)(T_T)昨日全員規定数の黒ムツも渋渋で・・・ポイント行ったり来たり、明るくなるころから口つかってきて美味しいお魚・しっかりお土産になった方もいましたが全体的にはさみしかったかなそんなわけでコマセ釣りは１時間半、（４５分延長）適当に遊べた感じです。明日も黒ムツ・マダイ五目で出船しますのでご予約お待ちしております。１４日（月）は臨時休業、１５日（火）定休日ですので１６日（水）からのご予約お待ちしております。シルバーウィーク、ガラガラですのでお待ちしております。,25.8℃,NULL,chowari/新栄丸
新栄丸,江見,2026/09/12,2,0,クロムツ,クロムツ,メイン,クロムツ,NULL,,,,0,,,,,NULL,千葉県 鴨川市 江見漁港,NULL,NULL,1,NULL,NULL,25.8,25.8,NULL,北北東,3.5m/s,大潮,東南東 0.9m/s,曇り一時雨,アジ・イサキ・ウマヅラハギ・サバ・ハチビキ・マダイ・メイチダイ・メジナ,NULL,NULL,黒ムツ・マダイ五目で出船。 ・・・・・何時も絶好調のフラッシャーサビキ釣りいつも通りの良い反応あるのに数付き悪く苦戦(T_T)(T_T)昨日全員規定数の黒ムツも渋渋で・・・ポイント行ったり来たり、明るくなるころから口つかってきて美味しいお魚・しっかりお土産になった方もいましたが全体的にはさみしかったかなそんなわけでコマセ釣りは１時間半、（４５分延長）適当に遊べた感じです。明日も黒ムツ・マダイ五目で出船しますのでご予約お待ちしております。１４日（月）は臨時休業、１５日（火）定休日ですので１６日（水）からのご予約お待ちしております。シルバーウィーク、ガラガラですのでお待ちしております。,25.8℃,NULL,chowari/新栄丸
新栄丸,江見,2026/09/12,2,0,サバ,サバ,サブ,サバ,NULL,,,,0,,,,,NULL,千葉県 鴨川市 江見漁港,NULL,NULL,1,NULL,NULL,25.8,25.8,NULL,北北東,3.5m/s,大潮,東南東 0.9m/s,曇り一時雨,NULL,NULL,NULL,黒ムツ・マダイ五目で出船。 ・・・・・何時も絶好調のフラッシャーサビキ釣りいつも通りの良い反応あるのに数付き悪く苦戦(T_T)(T_T)昨日全員規定数の黒ムツも渋渋で・・・ポイント行ったり来たり、明るくなるころから口つかってきて美味しいお魚・しっかりお土産になった方もいましたが全体的にはさみしかったかなそんなわけでコマセ釣りは１時間半、（４５分延長）適当に遊べた感じです。明日も黒ムツ・マダイ五目で出船しますのでご予約お待ちしております。１４日（月）は臨時休業、１５日（火）定休日ですので１６日（水）からのご予約お待ちしております。シルバーウィーク、ガラガラですのでお待ちしております。,25.8℃,NULL,chowari/新栄丸
新栄丸,江見,2026/09/12,2,0,ハチビキ,NULL,サブ,ハチビキ,NULL,,,,0,,,,,NULL,千葉県 鴨川市 江見漁港,NULL,NULL,1,NULL,NULL,25.8,25.8,NULL,北北東,3.5m/s,大潮,東南東 0.9m/s,曇り一時雨,NULL,NULL,NULL,黒ムツ・マダイ五目で出船。 ・・・・・何時も絶好調のフラッシャーサビキ釣りいつも通りの良い反応あるのに数付き悪く苦戦(T_T)(T_T)昨日全員規定数の黒ムツも渋渋で・・・ポイント行ったり来たり、明るくなるころから口つかってきて美味しいお魚・しっかりお土産になった方もいましたが全体的にはさみしかったかなそんなわけでコマセ釣りは１時間半、（４５分延長）適当に遊べた感じです。明日も黒ムツ・マダイ五目で出船しますのでご予約お待ちしております。１４日（月）は臨時休業、１５日（火）定休日ですので１６日（水）からのご予約お待ちしております。シルバーウィーク、ガラガラですのでお待ちしております。,25.8℃,NULL,chowari/新栄丸
新栄丸,江見,2026/09/12,2,0,マダイ,マダイ,メイン,マダイ,NULL,3.0,3.0,3.0,0,,,1.8,1.8,NULL,千葉県 鴨川市 江見漁港,NULL,NULL,1,NULL,NULL,25.8,25.8,NULL,北北東,3.5m/s,大潮,東南東 0.9m/s,曇り一時雨,アジ・イサキ・ウマヅラハギ・クロムツ・サバ・ハチビキ・メイチダイ・メジナ,NULL,NULL,黒ムツ・マダイ五目で出船。 ・・・・・何時も絶好調のフラッシャーサビキ釣りいつも通りの良い反応あるのに数付き悪く苦戦(T_T)(T_T)昨日全員規定数の黒ムツも渋渋で・・・ポイント行ったり来たり、明るくなるころから口つかってきて美味しいお魚・しっかりお土産になった方もいましたが全体的にはさみしかったかなそんなわけでコマセ釣りは１時間半、（４５分延長）適当に遊べた感じです。明日も黒ムツ・マダイ五目で出船しますのでご予約お待ちしております。１４日（月）は臨時休業、１５日（火）定休日ですので１６日（水）からのご予約お待ちしております。シルバーウィーク、ガラガラですのでお待ちしております。,25.8℃,NULL,chowari/新栄丸
新栄丸,江見,2026/09/12,2,0,メイチダイ,NULL,サブ,メイチダイ,NULL,,,,0,,,,,NULL,千葉県 鴨川市 江見漁港,NULL,NULL,1,NULL,NULL,25.8,25.8,NULL,北北東,3.5m/s,大潮,東南東 0.9m/s,曇り一時雨,NULL,NULL,NULL,黒ムツ・マダイ五目で出船。 ・・・・・何時も絶好調のフラッシャーサビキ釣りいつも通りの良い反応あるのに数付き悪く苦戦(T_T)(T_T)昨日全員規定数の黒ムツも渋渋で・・・ポイント行ったり来たり、明るくなるころから口つかってきて美味しいお魚・しっかりお土産になった方もいましたが全体的にはさみしかったかなそんなわけでコマセ釣りは１時間半、（４５分延長）適当に遊べた感じです。明日も黒ムツ・マダイ五目で出船しますのでご予約お待ちしております。１４日（月）は臨時休業、１５日（火）定休日ですので１６日（水）からのご予約お待ちしております。シルバーウィーク、ガラガラですのでお待ちしております。,25.8℃,NULL,chowari/新栄丸
新栄丸,江見,2026/09/12,2,0,メジナ,メジナ,サブ,メジナ,NULL,,,,0,,,,,NULL,千葉県 鴨川市 江見漁港,NULL,NULL,1,NULL,NULL,25.8,25.8,NULL,北北東,3.5m/s,大潮,東南東 0.9m/s,曇り一時雨,NULL,NULL,NULL,黒ムツ・マダイ五目で出船。 ・・・・・何時も絶好調のフラッシャーサビキ釣りいつも通りの良い反応あるのに数付き悪く苦戦(T_T)(T_T)昨日全員規定数の黒ムツも渋渋で・・・ポイント行ったり来たり、明るくなるころから口つかってきて美味しいお魚・しっかりお土産になった方もいましたが全体的にはさみしかったかなそんなわけでコマセ釣りは１時間半、（４５分延長）適当に遊べた感じです。明日も黒ムツ・マダイ五目で出船しますのでご予約お待ちしております。１４日（月）は臨時休業、１５日（火）定休日ですので１６日（水）からのご予約お待ちしております。シルバーウィーク、ガラガラですのでお待ちしております。,25.8℃,NULL,chowari/新栄丸
新栄丸,江見,2026/09/13,1,0,アジ,アジ,サブ,アジ,NULL,,,,0,,,,,NULL,千葉県 鴨川市 江見漁港,NULL,NULL,1,NULL,NULL,25.3,25.3,NULL,北北東,2.6m/s,中潮,東 1.0m/s,曇りのち時々晴れ,NULL,NULL,NULL,今日はフラッシャーサビキ釣りは最初から多点掛け入れ食いで潮も良くのんびりできました。黒ムツも小型中心ですが、美味しいお魚も規定数数人達成し。後半のマダイ五目釣りは、こちらも昨日同様絶好調！コマセ釣りは１時間半くらいです。,25.3℃,NULL,chowari/新栄丸
新栄丸,江見,2026/09/13,1,0,カンパチ,カンパチ,サブ,カンパチ,NULL,,,,0,,,,,NULL,千葉県 鴨川市 江見漁港,NULL,NULL,1,NULL,NULL,25.3,25.3,NULL,北北東,2.6m/s,中潮,東 1.0m/s,曇りのち時々晴れ,NULL,NULL,NULL,今日はフラッシャーサビキ釣りは最初から多点掛け入れ食いで潮も良くのんびりできました。黒ムツも小型中心ですが、美味しいお魚も規定数数人達成し。後半のマダイ五目釣りは、こちらも昨日同様絶好調！コマセ釣りは１時間半くらいです。,25.3℃,NULL,chowari/新栄丸
新栄丸,江見,2026/09/13,1,0,クロムツ,クロムツ,サブ,クロムツ,NULL,20.0,20.0,20.0,0,,,,,NULL,千葉県 鴨川市 江見漁港,NULL,NULL,1,NULL,NULL,25.3,25.3,NULL,北北東,2.6m/s,中潮,東 1.0m/s,曇りのち時々晴れ,NULL,NULL,NULL,今日はフラッシャーサビキ釣りは最初から多点掛け入れ食いで潮も良くのんびりできました。黒ムツも小型中心ですが、美味しいお魚も規定数数人達成し。後半のマダイ五目釣りは、こちらも昨日同様絶好調！コマセ釣りは１時間半くらいです。,25.3℃,NULL,chowari/新栄丸
新栄丸,江見,2026/09/13,1,0,サバ,サバ,サブ,サバ,NULL,,,,0,,,,,NULL,千葉県 鴨川市 江見漁港,NULL,NULL,1,NULL,NULL,25.3,25.3,NULL,北北東,2.6m/s,中潮,東 1.0m/s,曇りのち時々晴れ,NULL,NULL,NULL,今日はフラッシャーサビキ釣りは最初から多点掛け入れ食いで潮も良くのんびりできました。黒ムツも小型中心ですが、美味しいお魚も規定数数人達成し。後半のマダイ五目釣りは、こちらも昨日同様絶好調！コマセ釣りは１時間半くらいです。,25.3℃,NULL,chowari/新栄丸
新栄丸,江見,2026/09/13,1,0,ハチビキ,NULL,サブ,ハチビキ,NULL,,,,0,,,,,NULL,千葉県 鴨川市 江見漁港,NULL,NULL,1,NULL,NULL,25.3,25.3,NULL,北北東,2.6m/s,中潮,東 1.0m/s,曇りのち時々晴れ,NULL,NULL,NULL,今日はフラッシャーサビキ釣りは最初から多点掛け入れ食いで潮も良くのんびりできました。黒ムツも小型中心ですが、美味しいお魚も規定数数人達成し。後半のマダイ五目釣りは、こちらも昨日同様絶好調！コマセ釣りは１時間半くらいです。,25.3℃,NULL,chowari/新栄丸
新栄丸,江見,2026/09/13,1,0,マダイ,マダイ,サブ,マダイ,NULL,5.0,5.0,5.0,0,,,1.5,1.5,NULL,千葉県 鴨川市 江見漁港,NULL,NULL,1,NULL,NULL,25.3,25.3,NULL,北北東,2.6m/s,中潮,東 1.0m/s,曇りのち時々晴れ,NULL,NULL,NULL,今日はフラッシャーサビキ釣りは最初から多点掛け入れ食いで潮も良くのんびりできました。黒ムツも小型中心ですが、美味しいお魚も規定数数人達成し。後半のマダイ五目釣りは、こちらも昨日同様絶好調！コマセ釣りは１時間半くらいです。,25.3℃,NULL,chowari/新栄丸
新栄丸,江見,2026/09/13,1,0,メジナ,メジナ,サブ,メジナ,NULL,,,,0,,,,,NULL,千葉県 鴨川市 江見漁港,NULL,NULL,1,NULL,NULL,25.3,25.3,NULL,北北東,2.6m/s,中潮,東 1.0m/s,曇りのち時々晴れ,NULL,NULL,NULL,今日はフラッシャーサビキ釣りは最初から多点掛け入れ食いで潮も良くのんびりできました。黒ムツも小型中心ですが、美味しいお魚も規定数数人達成し。後半のマダイ五目釣りは、こちらも昨日同様絶好調！コマセ釣りは１時間半くらいです。,25.3℃,NULL,chowari/新栄丸
新栄丸,江見,2026/09/16,1,0,アジ,アジ,サブ,アジ,NULL,,,,0,,,,,NULL,千葉県 鴨川市 江見漁港,NULL,NULL,1,NULL,NULL,25.8,25.8,NULL,東南東,1.1m/s,中潮・二枚潮,東南東 1.1m/s,雨,NULL,NULL,NULL,黒ムツ・マダイ五目で出船、フラッシャーサビキ釣りは多点掛け入れ食いでほとんどの方が規定数釣りました。二枚潮で釣り辛かったようですが数付きが良かったみたいです。黒ムツは良型中心に１時間程度でトップは１０匹ほど・・・。黒ムツ早めにやっていれば釣れたかな？って感じ、余裕でマダイ五目釣りへ今日は大型は残念(T_T)明日も黒ムツ・マダイ五目で出船いたしますが、台風接近のため江見の港口が悪くなる前にお隣の吉浦・太夫崎港に船を移しましたので吉浦・太夫崎港から出船です。よろしくお願いいたします,25.8℃,NULL,chowari/新栄丸
新栄丸,江見,2026/09/16,1,0,イサキ,イサキ,サブ,イサキ,NULL,,,,0,,,,,NULL,千葉県 鴨川市 江見漁港,NULL,NULL,1,NULL,NULL,25.8,25.8,NULL,東南東,1.1m/s,中潮・二枚潮,東南東 1.1m/s,雨,NULL,NULL,NULL,黒ムツ・マダイ五目で出船、フラッシャーサビキ釣りは多点掛け入れ食いでほとんどの方が規定数釣りました。二枚潮で釣り辛かったようですが数付きが良かったみたいです。黒ムツは良型中心に１時間程度でトップは１０匹ほど・・・。黒ムツ早めにやっていれば釣れたかな？って感じ、余裕でマダイ五目釣りへ今日は大型は残念(T_T)明日も黒ムツ・マダイ五目で出船いたしますが、台風接近のため江見の港口が悪くなる前にお隣の吉浦・太夫崎港に船を移しましたので吉浦・太夫崎港から出船です。よろしくお願いいたします,25.8℃,NULL,chowari/新栄丸
新栄丸,江見,2026/09/16,1,0,オアカムロ,NULL,サブ,オアカムロ,NULL,,,,0,,,,,NULL,千葉県 鴨川市 江見漁港,NULL,NULL,1,NULL,NULL,25.8,25.8,NULL,東南東,1.1m/s,中潮・二枚潮,東南東 1.1m/s,雨,NULL,NULL,NULL,黒ムツ・マダイ五目で出船、フラッシャーサビキ釣りは多点掛け入れ食いでほとんどの方が規定数釣りました。二枚潮で釣り辛かったようですが数付きが良かったみたいです。黒ムツは良型中心に１時間程度でトップは１０匹ほど・・・。黒ムツ早めにやっていれば釣れたかな？って感じ、余裕でマダイ五目釣りへ今日は大型は残念(T_T)明日も黒ムツ・マダイ五目で出船いたしますが、台風接近のため江見の港口が悪くなる前にお隣の吉浦・太夫崎港に船を移しましたので吉浦・太夫崎港から出船です。よろしくお願いいたします,25.8℃,NULL,chowari/新栄丸
新栄丸,江見,2026/09/16,1,0,カンパチ,カンパチ,サブ,カンパチ,NULL,,,,0,,,,,NULL,千葉県 鴨川市 江見漁港,NULL,NULL,1,NULL,NULL,25.8,25.8,NULL,東南東,1.1m/s,中潮・二枚潮,東南東 1.1m/s,雨,NULL,NULL,NULL,黒ムツ・マダイ五目で出船、フラッシャーサビキ釣りは多点掛け入れ食いでほとんどの方が規定数釣りました。二枚潮で釣り辛かったようですが数付きが良かったみたいです。黒ムツは良型中心に１時間程度でトップは１０匹ほど・・・。黒ムツ早めにやっていれば釣れたかな？って感じ、余裕でマダイ五目釣りへ今日は大型は残念(T_T)明日も黒ムツ・マダイ五目で出船いたしますが、台風接近のため江見の港口が悪くなる前にお隣の吉浦・太夫崎港に船を移しましたので吉浦・太夫崎港から出船です。よろしくお願いいたします,25.8℃,NULL,chowari/新栄丸
新栄丸,江見,2026/09/16,1,0,クロムツ,クロムツ,メイン,クロムツ,NULL,10.0,10.0,10.0,0,,,,,NULL,千葉県 鴨川市 江見漁港,NULL,NULL,1,NULL,NULL,25.8,25.8,NULL,東南東,1.1m/s,中潮・二枚潮,東南東 1.1m/s,雨,アジ・イサキ・オアカムロ・カンパチ・サバ・ヒラソーダ・マダイ・メダイ,NULL,NULL,黒ムツ・マダイ五目で出船、フラッシャーサビキ釣りは多点掛け入れ食いでほとんどの方が規定数釣りました。二枚潮で釣り辛かったようですが数付きが良かったみたいです。黒ムツは良型中心に１時間程度でトップは１０匹ほど・・・。黒ムツ早めにやっていれば釣れたかな？って感じ、余裕でマダイ五目釣りへ今日は大型は残念(T_T)明日も黒ムツ・マダイ五目で出船いたしますが、台風接近のため江見の港口が悪くなる前にお隣の吉浦・太夫崎港に船を移しましたので吉浦・太夫崎港から出船です。よろしくお願いいたします,25.8℃,NULL,chowari/新栄丸
新栄丸,江見,2026/09/16,1,0,サバ,サバ,サブ,サバ,NULL,,,,0,,,,,NULL,千葉県 鴨川市 江見漁港,NULL,NULL,1,NULL,NULL,25.8,25.8,NULL,東南東,1.1m/s,中潮・二枚潮,東南東 1.1m/s,雨,NULL,NULL,NULL,黒ムツ・マダイ五目で出船、フラッシャーサビキ釣りは多点掛け入れ食いでほとんどの方が規定数釣りました。二枚潮で釣り辛かったようですが数付きが良かったみたいです。黒ムツは良型中心に１時間程度でトップは１０匹ほど・・・。黒ムツ早めにやっていれば釣れたかな？って感じ、余裕でマダイ五目釣りへ今日は大型は残念(T_T)明日も黒ムツ・マダイ五目で出船いたしますが、台風接近のため江見の港口が悪くなる前にお隣の吉浦・太夫崎港に船を移しましたので吉浦・太夫崎港から出船です。よろしくお願いいたします,25.8℃,NULL,chowari/新栄丸
新栄丸,江見,2026/09/16,1,0,ヒラソーダ,NULL,サブ,ヒラソーダ,NULL,,,,0,,,,,NULL,千葉県 鴨川市 江見漁港,NULL,NULL,1,NULL,NULL,25.8,25.8,NULL,東南東,1.1m/s,中潮・二枚潮,東南東 1.1m/s,雨,NULL,NULL,NULL,黒ムツ・マダイ五目で出船、フラッシャーサビキ釣りは多点掛け入れ食いでほとんどの方が規定数釣りました。二枚潮で釣り辛かったようですが数付きが良かったみたいです。黒ムツは良型中心に１時間程度でトップは１０匹ほど・・・。黒ムツ早めにやっていれば釣れたかな？って感じ、余裕でマダイ五目釣りへ今日は大型は残念(T_T)明日も黒ムツ・マダイ五目で出船いたしますが、台風接近のため江見の港口が悪くなる前にお隣の吉浦・太夫崎港に船を移しましたので吉浦・太夫崎港から出船です。よろしくお願いいたします,25.8℃,NULL,chowari/新栄丸
新栄丸,江見,2026/09/16,1,0,マダイ,マダイ,メイン,マダイ,NULL,,,,0,,,,,NULL,千葉県 鴨川市 江見漁港,NULL,NULL,1,NULL,NULL,25.8,25.8,NULL,東南東,1.1m/s,中潮・二枚潮,東南東 1.1m/s,雨,アジ・イサキ・オアカムロ・カンパチ・クロムツ・サバ・ヒラソーダ・メダイ,NULL,NULL,黒ムツ・マダイ五目で出船、フラッシャーサビキ釣りは多点掛け入れ食いでほとんどの方が規定数釣りました。二枚潮で釣り辛かったようですが数付きが良かったみたいです。黒ムツは良型中心に１時間程度でトップは１０匹ほど・・・。黒ムツ早めにやっていれば釣れたかな？って感じ、余裕でマダイ五目釣りへ今日は大型は残念(T_T)明日も黒ムツ・マダイ五目で出船いたしますが、台風接近のため江見の港口が悪くなる前にお隣の吉浦・太夫崎港に船を移しましたので吉浦・太夫崎港から出船です。よろしくお願いいたします,25.8℃,NULL,chowari/新栄丸
新栄丸,江見,2026/09/16,1,0,メダイ,メダイ,サブ,メダイ,NULL,2.0,2.0,2.0,0,,,2.5,2.5,NULL,千葉県 鴨川市 江見漁港,NULL,NULL,1,NULL,NULL,25.8,25.8,NULL,東南東,1.1m/s,中潮・二枚潮,東南東 1.1m/s,雨,NULL,NULL,NULL,黒ムツ・マダイ五目で出船、フラッシャーサビキ釣りは多点掛け入れ食いでほとんどの方が規定数釣りました。二枚潮で釣り辛かったようですが数付きが良かったみたいです。黒ムツは良型中心に１時間程度でトップは１０匹ほど・・・。黒ムツ早めにやっていれば釣れたかな？って感じ、余裕でマダイ五目釣りへ今日は大型は残念(T_T)明日も黒ムツ・マダイ五目で出船いたしますが、台風接近のため江見の港口が悪くなる前にお隣の吉浦・太夫崎港に船を移しましたので吉浦・太夫崎港から出船です。よろしくお願いいたします,25.8℃,NULL,chowari/新栄丸
新栄丸,江見,2026/09/17,1,0,イサキ,イサキ,サブ,イサキ,NULL,,,,0,,,,,NULL,小湊沖,NULL,NULL,1,NULL,NULL,25.7,25.7,NULL,北北東,5.8m/s,小潮,東 1.3m/s,曇り,NULL,NULL,NULL,黒ムツ・マダイ五目で出船吉浦・太夫崎港より出船しております 今日もフラッシャーサビキ釣りは絶好調(^^)v多点掛け入れ食いで全員規定の３０匹です。ハチビキは７点掛け等あり、ここまででクーラーはいっぱいです。 後半は小湊沖でシマアジ狙ってみました。小型のみ・・・。 明日もう１日出来そう・・・明日も黒ムツ・マダイ五目で出船いたしますが、台風接近のため江見の港口が悪くなる前にお隣の吉浦・太夫崎港に船を移しましたので吉浦・太夫崎港から出船です。よろしくお願いいたします,25.7℃,NULL,chowari/新栄丸
新栄丸,江見,2026/09/17,1,0,オアカムロ,NULL,サブ,オアカムロ,NULL,,,,0,,,,,NULL,小湊沖,NULL,NULL,1,NULL,NULL,25.7,25.7,NULL,北北東,5.8m/s,小潮,東 1.3m/s,曇り,NULL,NULL,NULL,黒ムツ・マダイ五目で出船吉浦・太夫崎港より出船しております 今日もフラッシャーサビキ釣りは絶好調(^^)v多点掛け入れ食いで全員規定の３０匹です。ハチビキは７点掛け等あり、ここまででクーラーはいっぱいです。 後半は小湊沖でシマアジ狙ってみました。小型のみ・・・。 明日もう１日出来そう・・・明日も黒ムツ・マダイ五目で出船いたしますが、台風接近のため江見の港口が悪くなる前にお隣の吉浦・太夫崎港に船を移しましたので吉浦・太夫崎港から出船です。よろしくお願いいたします,25.7℃,NULL,chowari/新栄丸
新栄丸,江見,2026/09/17,1,0,クロムツ,クロムツ,メイン,クロムツ,NULL,10.0,10.0,10.0,0,,,,,NULL,小湊沖,NULL,NULL,1,NULL,NULL,25.7,25.7,NULL,北北東,5.8m/s,小潮,東 1.3m/s,曇り,イサキ・オアカムロ・サバ・シマアジ・ニザダイ・ハチビキ・マダイ,NULL,NULL,黒ムツ・マダイ五目で出船吉浦・太夫崎港より出船しております 今日もフラッシャーサビキ釣りは絶好調(^^)v多点掛け入れ食いで全員規定の３０匹です。ハチビキは７点掛け等あり、ここまででクーラーはいっぱいです。 後半は小湊沖でシマアジ狙ってみました。小型のみ・・・。 明日もう１日出来そう・・・明日も黒ムツ・マダイ五目で出船いたしますが、台風接近のため江見の港口が悪くなる前にお隣の吉浦・太夫崎港に船を移しましたので吉浦・太夫崎港から出船です。よろしくお願いいたします,25.7℃,NULL,chowari/新栄丸
新栄丸,江見,2026/09/17,1,0,サバ,サバ,サブ,サバ,NULL,,,,0,,,,,NULL,小湊沖,NULL,NULL,1,NULL,NULL,25.7,25.7,NULL,北北東,5.8m/s,小潮,東 1.3m/s,曇り,NULL,NULL,NULL,黒ムツ・マダイ五目で出船吉浦・太夫崎港より出船しております 今日もフラッシャーサビキ釣りは絶好調(^^)v多点掛け入れ食いで全員規定の３０匹です。ハチビキは７点掛け等あり、ここまででクーラーはいっぱいです。 後半は小湊沖でシマアジ狙ってみました。小型のみ・・・。 明日もう１日出来そう・・・明日も黒ムツ・マダイ五目で出船いたしますが、台風接近のため江見の港口が悪くなる前にお隣の吉浦・太夫崎港に船を移しましたので吉浦・太夫崎港から出船です。よろしくお願いいたします,25.7℃,NULL,chowari/新栄丸
新栄丸,江見,2026/09/17,1,0,シマアジ,シマアジ,サブ,シマアジ,NULL,2.0,2.0,2.0,0,,,,,NULL,小湊沖,NULL,NULL,1,NULL,NULL,25.7,25.7,NULL,北北東,5.8m/s,小潮,東 1.3m/s,曇り,NULL,NULL,NULL,黒ムツ・マダイ五目で出船吉浦・太夫崎港より出船しております 今日もフラッシャーサビキ釣りは絶好調(^^)v多点掛け入れ食いで全員規定の３０匹です。ハチビキは７点掛け等あり、ここまででクーラーはいっぱいです。 後半は小湊沖でシマアジ狙ってみました。小型のみ・・・。 明日もう１日出来そう・・・明日も黒ムツ・マダイ五目で出船いたしますが、台風接近のため江見の港口が悪くなる前にお隣の吉浦・太夫崎港に船を移しましたので吉浦・太夫崎港から出船です。よろしくお願いいたします,25.7℃,NULL,chowari/新栄丸
新栄丸,江見,2026/09/17,1,0,ニザダイ,NULL,サブ,ニザダイ,NULL,,,,0,,,,,NULL,小湊沖,NULL,NULL,1,NULL,NULL,25.7,25.7,NULL,北北東,5.8m/s,小潮,東 1.3m/s,曇り,NULL,NULL,NULL,黒ムツ・マダイ五目で出船吉浦・太夫崎港より出船しております 今日もフラッシャーサビキ釣りは絶好調(^^)v多点掛け入れ食いで全員規定の３０匹です。ハチビキは７点掛け等あり、ここまででクーラーはいっぱいです。 後半は小湊沖でシマアジ狙ってみました。小型のみ・・・。 明日もう１日出来そう・・・明日も黒ムツ・マダイ五目で出船いたしますが、台風接近のため江見の港口が悪くなる前にお隣の吉浦・太夫崎港に船を移しましたので吉浦・太夫崎港から出船です。よろしくお願いいたします,25.7℃,NULL,chowari/新栄丸
新栄丸,江見,2026/09/17,1,0,ハチビキ,NULL,サブ,ハチビキ,NULL,,,,0,,,,,NULL,小湊沖,NULL,NULL,1,NULL,NULL,25.7,25.7,NULL,北北東,5.8m/s,小潮,東 1.3m/s,曇り,NULL,NULL,NULL,黒ムツ・マダイ五目で出船吉浦・太夫崎港より出船しております 今日もフラッシャーサビキ釣りは絶好調(^^)v多点掛け入れ食いで全員規定の３０匹です。ハチビキは７点掛け等あり、ここまででクーラーはいっぱいです。 後半は小湊沖でシマアジ狙ってみました。小型のみ・・・。 明日もう１日出来そう・・・明日も黒ムツ・マダイ五目で出船いたしますが、台風接近のため江見の港口が悪くなる前にお隣の吉浦・太夫崎港に船を移しましたので吉浦・太夫崎港から出船です。よろしくお願いいたします,25.7℃,NULL,chowari/新栄丸
新栄丸,江見,2026/09/17,1,0,マダイ,マダイ,メイン,マダイ,NULL,,,,0,,,,,NULL,小湊沖,NULL,NULL,1,NULL,NULL,25.7,25.7,NULL,北北東,5.8m/s,小潮,東 1.3m/s,曇り,イサキ・オアカムロ・クロムツ・サバ・シマアジ・ニザダイ・ハチビキ,NULL,NULL,黒ムツ・マダイ五目で出船吉浦・太夫崎港より出船しております 今日もフラッシャーサビキ釣りは絶好調(^^)v多点掛け入れ食いで全員規定の３０匹です。ハチビキは７点掛け等あり、ここまででクーラーはいっぱいです。 後半は小湊沖でシマアジ狙ってみました。小型のみ・・・。 明日もう１日出来そう・・・明日も黒ムツ・マダイ五目で出船いたしますが、台風接近のため江見の港口が悪くなる前にお隣の吉浦・太夫崎港に船を移しましたので吉浦・太夫崎港から出船です。よろしくお願いいたします,25.7℃,NULL,chowari/新栄丸
新栄丸,江見,2026/09/18,1,0,アジ,アジ,サブ,アジ,NULL,10.0,10.0,10.0,0,,,,,NULL,千葉県 鴨川市 江見漁港,NULL,NULL,1,NULL,NULL,25.9,25.9,普通,北北東,5.8m/s,小潮,東 1.5m/s,曇り,NULL,NULL,NULL,黒ムツ・マダイ五目で出船 フラッシャーサビキ釣りは相変わらず好調ですいつもの爆釣！ではなかったようですが普通にできれば、美味しいお魚多点掛け多く規定の３０匹達成できる感じ・・・・・。黒ムツ、小型無で最高４点掛け。後半のマダイ五目釣り、,25.9℃,NULL,chowari/新栄丸
新栄丸,江見,2026/09/18,1,0,イサキ,イサキ,サブ,イサキ,NULL,,,,0,,,,,NULL,千葉県 鴨川市 江見漁港,NULL,NULL,1,NULL,NULL,25.9,25.9,普通,北北東,5.8m/s,小潮,東 1.5m/s,曇り,NULL,NULL,NULL,黒ムツ・マダイ五目で出船 フラッシャーサビキ釣りは相変わらず好調ですいつもの爆釣！ではなかったようですが普通にできれば、美味しいお魚多点掛け多く規定の３０匹達成できる感じ・・・・・。黒ムツ、小型無で最高４点掛け。後半のマダイ五目釣り、,25.9℃,NULL,chowari/新栄丸
新栄丸,江見,2026/09/18,1,0,イナダ,イナダ,サブ,イナダ,NULL,,,,0,,,,,NULL,千葉県 鴨川市 江見漁港,NULL,NULL,1,NULL,NULL,25.9,25.9,普通,北北東,5.8m/s,小潮,東 1.5m/s,曇り,NULL,NULL,NULL,黒ムツ・マダイ五目で出船 フラッシャーサビキ釣りは相変わらず好調ですいつもの爆釣！ではなかったようですが普通にできれば、美味しいお魚多点掛け多く規定の３０匹達成できる感じ・・・・・。黒ムツ、小型無で最高４点掛け。後半のマダイ五目釣り、,25.9℃,NULL,chowari/新栄丸
新栄丸,江見,2026/09/18,1,0,イラ,NULL,サブ,イラ,NULL,,,,0,,,,,NULL,千葉県 鴨川市 江見漁港,NULL,NULL,1,NULL,NULL,25.9,25.9,普通,北北東,5.8m/s,小潮,東 1.5m/s,曇り,NULL,NULL,NULL,黒ムツ・マダイ五目で出船 フラッシャーサビキ釣りは相変わらず好調ですいつもの爆釣！ではなかったようですが普通にできれば、美味しいお魚多点掛け多く規定の３０匹達成できる感じ・・・・・。黒ムツ、小型無で最高４点掛け。後半のマダイ五目釣り、,25.9℃,NULL,chowari/新栄丸
新栄丸,江見,2026/09/18,1,0,オアカムロ,NULL,サブ,オアカムロ,NULL,,,,0,,,,,NULL,千葉県 鴨川市 江見漁港,NULL,NULL,1,NULL,NULL,25.9,25.9,普通,北北東,5.8m/s,小潮,東 1.5m/s,曇り,NULL,NULL,NULL,黒ムツ・マダイ五目で出船 フラッシャーサビキ釣りは相変わらず好調ですいつもの爆釣！ではなかったようですが普通にできれば、美味しいお魚多点掛け多く規定の３０匹達成できる感じ・・・・・。黒ムツ、小型無で最高４点掛け。後半のマダイ五目釣り、,25.9℃,NULL,chowari/新栄丸
新栄丸,江見,2026/09/18,1,0,クロムツ,クロムツ,メイン,クロムツ,NULL,10.0,10.0,10.0,0,,,,,NULL,千葉県 鴨川市 江見漁港,NULL,NULL,1,NULL,NULL,25.9,25.9,普通,北北東,5.8m/s,小潮,東 1.5m/s,曇り,アジ・イサキ・イナダ・イラ・オアカムロ・マダイ・マハタ・メイチダイ・メダイ,NULL,NULL,黒ムツ・マダイ五目で出船 フラッシャーサビキ釣りは相変わらず好調ですいつもの爆釣！ではなかったようですが普通にできれば、美味しいお魚多点掛け多く規定の３０匹達成できる感じ・・・・・。黒ムツ、小型無で最高４点掛け。後半のマダイ五目釣り、,25.9℃,NULL,chowari/新栄丸
新栄丸,江見,2026/09/18,1,0,マダイ,マダイ,メイン,マダイ,NULL,,,,0,,,,,NULL,千葉県 鴨川市 江見漁港,NULL,NULL,1,NULL,NULL,25.9,25.9,普通,北北東,5.8m/s,小潮,東 1.5m/s,曇り,アジ・イサキ・イナダ・イラ・オアカムロ・クロムツ・マハタ・メイチダイ・メダイ,NULL,NULL,黒ムツ・マダイ五目で出船 フラッシャーサビキ釣りは相変わらず好調ですいつもの爆釣！ではなかったようですが普通にできれば、美味しいお魚多点掛け多く規定の３０匹達成できる感じ・・・・・。黒ムツ、小型無で最高４点掛け。後半のマダイ五目釣り、,25.9℃,NULL,chowari/新栄丸
新栄丸,江見,2026/09/18,1,0,マハタ,マハタ,サブ,マハタ,NULL,,,,0,,,,,NULL,千葉県 鴨川市 江見漁港,NULL,NULL,1,NULL,NULL,25.9,25.9,普通,北北東,5.8m/s,小潮,東 1.5m/s,曇り,NULL,NULL,NULL,黒ムツ・マダイ五目で出船 フラッシャーサビキ釣りは相変わらず好調ですいつもの爆釣！ではなかったようですが普通にできれば、美味しいお魚多点掛け多く規定の３０匹達成できる感じ・・・・・。黒ムツ、小型無で最高４点掛け。後半のマダイ五目釣り、,25.9℃,NULL,chowari/新栄丸
新栄丸,江見,2026/09/18,1,0,メイチダイ,NULL,サブ,メイチダイ,NULL,,,,0,,,,,NULL,千葉県 鴨川市 江見漁港,NULL,NULL,1,NULL,NULL,25.9,25.9,普通,北北東,5.8m/s,小潮,東 1.5m/s,曇り,NULL,NULL,NULL,黒ムツ・マダイ五目で出船 フラッシャーサビキ釣りは相変わらず好調ですいつもの爆釣！ではなかったようですが普通にできれば、美味しいお魚多点掛け多く規定の３０匹達成できる感じ・・・・・。黒ムツ、小型無で最高４点掛け。後半のマダイ五目釣り、,25.9℃,NULL,chowari/新栄丸
新栄丸,江見,2026/09/18,1,0,メダイ,メダイ,サブ,メダイ,NULL,,,,0,,,,,NULL,千葉県 鴨川市 江見漁港,NULL,NULL,1,NULL,NULL,25.9,25.9,普通,北北東,5.8m/s,小潮,東 1.5m/s,曇り,NULL,NULL,NULL,黒ムツ・マダイ五目で出船 フラッシャーサビキ釣りは相変わらず好調ですいつもの爆釣！ではなかったようですが普通にできれば、美味しいお魚多点掛け多く規定の３０匹達成できる感じ・・・・・。黒ムツ、小型無で最高４点掛け。後半のマダイ五目釣り、,25.9℃,NULL,chowari/新栄丸
日立丸,日立,2026/09/01,1,0,スルメイカ,スルメイカ,サブ,スルメイカ,NULL,0.0,4.0,2.0,0,25.0,43.0,,,NULL,茨城県 日立市 日立港第五埠頭,NULL,NULL,1,NULL,NULL,25.1,25.1,NULL,北東,2.6m/s,中潮,東 1.3m/s,曇り,NULL,NULL,NULL,今夜も海上は24℃ だいぶ涼しくなってきました 振り返れば、今年の夏は陸の暑さとは裏腹に、海の上は涼しい夜が多かったですね マルイカは序盤こそポツポツでしたが、後半になって潮が動き始めると状況が一変 仕掛けを落とすたびにイカが乗り、そこから一気に入れ乗りとなりました 今夜は皆さんしっかりマルイカを釣り上げました トップ48杯、 2番手45杯、 3番手42杯、 4番手40杯、 5番手39杯、 6番手37杯、 7番手21杯 イカメタルやオモリグが有効です 潮が動けば、海の中も一気にスイッチが入ります 明日も出船します まだ参加者募集中です 涼しくなってきた海で、マルイカの入れ乗りを狙ってみませんか,25.1℃,NULL,chowari/日立丸
日立丸,日立,2026/09/01,1,0,マルイカ,マルイカ,メイン,マルイカ,NULL,21.0,48.0,34.5,0,28.0,33.0,,,NULL,茨城県 日立市 日立港第五埠頭,NULL,NULL,1,NULL,NULL,25.1,25.1,NULL,北東,2.6m/s,中潮,東 1.3m/s,曇り,スルメイカ,NULL,NULL,今夜も海上は24℃ だいぶ涼しくなってきました 振り返れば、今年の夏は陸の暑さとは裏腹に、海の上は涼しい夜が多かったですね マルイカは序盤こそポツポツでしたが、後半になって潮が動き始めると状況が一変 仕掛けを落とすたびにイカが乗り、そこから一気に入れ乗りとなりました 今夜は皆さんしっかりマルイカを釣り上げました トップ48杯、 2番手45杯、 3番手42杯、 4番手40杯、 5番手39杯、 6番手37杯、 7番手21杯 イカメタルやオモリグが有効です 潮が動けば、海の中も一気にスイッチが入ります 明日も出船します まだ参加者募集中です 涼しくなってきた海で、マルイカの入れ乗りを狙ってみませんか,25.1℃,NULL,chowari/日立丸
日立丸,日立,2026/09/02,1,0,スルメイカ,スルメイカ,サブ,スルメイカ,NULL,0.0,3.0,1.5,0,25.0,35.0,,,NULL,茨城県 日立市 日立港第五埠頭,NULL,NULL,1,NULL,NULL,25.0,25.0,NULL,南,1.3m/s,中潮,東 1.2m/s,曇り,NULL,NULL,NULL,マルイカは30cmクラスが多くなっています はじめは風がそよそよと吹いていて、海も少しだけ流れていた マルイカはポツポツと乗ってきて、今日はこのままいけるかと思った ところが後半、風がぴたりと止む 海も止まり、さっきまであった小さなアタリまで遠くなった 海は正直で、風ひとつ、潮ひとつで、釣りの景色が変わってしまう 仕掛けはイカメタルやオモリグが有効 ヒットカラーもその日の状況で変わるので、色は一つに決めず、いろいろ用意しておくのがおすすめです マルイカのアタリはとにかく小さい だからこそ、手巻きリールのライトタックルが面白い 竿先に出るほんの小さな変化を拾っていく 電動リールでは、この繊細なアタリを取り,25.0℃,NULL,chowari/日立丸
日立丸,日立,2026/09/02,1,0,マルイカ,マルイカ,メイン,マルイカ,NULL,6.0,26.0,16.0,0,27.0,33.0,,,NULL,茨城県 日立市 日立港第五埠頭,NULL,NULL,1,NULL,NULL,25.0,25.0,NULL,南,1.3m/s,中潮,東 1.2m/s,曇り,スルメイカ,NULL,NULL,マルイカは30cmクラスが多くなっています はじめは風がそよそよと吹いていて、海も少しだけ流れていた マルイカはポツポツと乗ってきて、今日はこのままいけるかと思った ところが後半、風がぴたりと止む 海も止まり、さっきまであった小さなアタリまで遠くなった 海は正直で、風ひとつ、潮ひとつで、釣りの景色が変わってしまう 仕掛けはイカメタルやオモリグが有効 ヒットカラーもその日の状況で変わるので、色は一つに決めず、いろいろ用意しておくのがおすすめです マルイカのアタリはとにかく小さい だからこそ、手巻きリールのライトタックルが面白い 竿先に出るほんの小さな変化を拾っていく 電動リールでは、この繊細なアタリを取り,25.0℃,NULL,chowari/日立丸
日立丸,日立,2026/09/04,1,0,スルメイカ,スルメイカ,サブ,スルメイカ,NULL,0.0,7.0,3.5,0,25.0,45.0,,,NULL,茨城県 日立市 日立港第五埠頭,NULL,NULL,1,NULL,NULL,25.2,25.2,NULL,東南東,1.6m/s,小潮,東 0.8m/s,曇りのち一時雨,NULL,NULL,NULL,今夜の海は久しぶりに気持ちのいい夜だった 雨模様の空は厚い雲にすっぽり覆われ、そのおかげなのか、イカたちは警戒する様子もなく、最後まで入れ乗り しかも今夜はアタリが繊細ではなく、「ガツン！」とスッテに乗ってくる 竿先を見ていなくても分かるほどで、なんとも釣り人には嬉しい夜だった 仕掛けはイカメタル、オモリグが圧倒的に有利 初挑戦の方も26杯まで数を伸ばしました トップ57杯、 2番手50杯、 3番手49杯、 4番手48杯、 5番手45杯、 6番手39杯、 7番手36杯、 8番手35杯、 9番手26杯 海は毎晩、少しずつ顔を変える ヒットカラーもその日によって変わりますので、色々なカラーを用意して、その日のイカの気分に付き合ってあげて,25.2℃,NULL,chowari/日立丸
日立丸,日立,2026/09/04,1,0,マルイカ,マルイカ,メイン,マルイカ,NULL,26.0,57.0,41.5,0,27.0,33.0,,,NULL,茨城県 日立市 日立港第五埠頭,NULL,NULL,1,NULL,NULL,25.2,25.2,NULL,東南東,1.6m/s,小潮,東 0.8m/s,曇りのち一時雨,スルメイカ,NULL,NULL,今夜の海は久しぶりに気持ちのいい夜だった 雨模様の空は厚い雲にすっぽり覆われ、そのおかげなのか、イカたちは警戒する様子もなく、最後まで入れ乗り しかも今夜はアタリが繊細ではなく、「ガツン！」とスッテに乗ってくる 竿先を見ていなくても分かるほどで、なんとも釣り人には嬉しい夜だった 仕掛けはイカメタル、オモリグが圧倒的に有利 初挑戦の方も26杯まで数を伸ばしました トップ57杯、 2番手50杯、 3番手49杯、 4番手48杯、 5番手45杯、 6番手39杯、 7番手36杯、 8番手35杯、 9番手26杯 海は毎晩、少しずつ顔を変える ヒットカラーもその日によって変わりますので、色々なカラーを用意して、その日のイカの気分に付き合ってあげて,25.2℃,NULL,chowari/日立丸
日立丸,日立,2026/09/08,1,0,マルイカ,マルイカ,メイン,マルイカ,NULL,15.0,31.0,23.0,0,29.0,33.0,,,NULL,茨城県 日立市 日立港第五埠頭,NULL,NULL,1,NULL,NULL,24.7,24.7,NULL,東南東,0.9m/s,中潮,東南東 1.4m/s,曇り一時雨,,NULL,NULL,雨が降り、空は分厚い雲に覆われていた 今夜もいけそうだな、と思って海へ出た ところが風はなく潮もほとんど動かない イカはいるのに仕掛けを落としてもポツポツとしか乗ってこない 中盤になってようやく潮が少し流れ始める すると面白いように仕掛けを落とすたびにイカが乗ってきた 「やっぱり潮だな」 そう思ったのも束の間後半になるとまた潮が止まりイカの乗りも静かになってしまった 潮がもう少し流れてくれていたら釣果は倍になっていたかもしれない トップ31杯 2番手30杯 3番手22杯 その日の状況でヒットカラーも変わります 一色に決めつけず、多彩なカラーを用意して その日の当たりを探してみてください,24.7℃,NULL,chowari/日立丸
日立丸,日立,2026/09/11,1,0,スルメイカ,スルメイカ,サブ,スルメイカ,NULL,0.0,11.0,5.5,0,30.0,45.0,,,NULL,茨城県 日立市 日立港第五埠頭,NULL,NULL,1,NULL,NULL,24.6,24.6,NULL,北,2.2m/s,大潮,東 0.9m/s,雨のち曇り,NULL,NULL,NULL,今夜も雨模様。 厚い雲が海の上を低く覆い、これはひょっとすると、と期待しながらの出船となりました。 ところが、始めてみるとイカはなかなか乗ってこない。 海は静かで、どうにも気配が薄い。 そこで思い切って移動すると、これが正解。 仕掛けを落とせばイカが乗り始め、ようやく海が動き出しました。 しかし、しばらくすると潮の流れがまた弱くなり、もう一度移動。 すると今度は、なんとマルイカの入れ乗り。 落とせば乗る、また落とせば乗る。 今期最高と言っていい、見事な乗りになりました。 40cmクラスも混じり初めてきました 初めての方も次々とイカを掛け、終わってみればなんと40杯。 雨の夜の海が、最後にとびきりのご褒美を,24.6℃,NULL,chowari/日立丸
日立丸,日立,2026/09/11,1,0,マルイカ,マルイカ,メイン,マルイカ,NULL,25.0,64.0,44.5,0,28.0,41.0,,,NULL,茨城県 日立市 日立港第五埠頭,NULL,NULL,1,NULL,NULL,24.6,24.6,NULL,北,2.2m/s,大潮,東 0.9m/s,雨のち曇り,スルメイカ,NULL,NULL,今夜も雨模様。 厚い雲が海の上を低く覆い、これはひょっとすると、と期待しながらの出船となりました。 ところが、始めてみるとイカはなかなか乗ってこない。 海は静かで、どうにも気配が薄い。 そこで思い切って移動すると、これが正解。 仕掛けを落とせばイカが乗り始め、ようやく海が動き出しました。 しかし、しばらくすると潮の流れがまた弱くなり、もう一度移動。 すると今度は、なんとマルイカの入れ乗り。 落とせば乗る、また落とせば乗る。 今期最高と言っていい、見事な乗りになりました。 40cmクラスも混じり初めてきました 初めての方も次々とイカを掛け、終わってみればなんと40杯。 雨の夜の海が、最後にとびきりのご褒美を,24.6℃,NULL,chowari/日立丸
日立丸,日立,2026/09/12,1,0,スルメイカ,スルメイカ,サブ,スルメイカ,NULL,0.0,15.0,7.5,0,26.0,47.0,,,NULL,茨城県 日立市 日立港第五埠頭,NULL,NULL,1,NULL,NULL,24.3,24.3,NULL,北東,2.7m/s,大潮・潮が速,東 0.9m/s,曇り,NULL,NULL,NULL,今夜は潮が速く、仕掛けがどんどん流される、なかなか手強い夜でした。 それでも海の中では、イカはちゃんと待っている。 ただし、何でもいいわけではありません。 4～5号の大きなスッテやエギには、今夜はほとんど反応なし。 やはり、その日の状況に合った仕掛けを選ぶことが大切です。 イカ釣りは、海とイカとの小さな駆け引き。 指定の仕掛けをご用意いただくことをおすすめします。,24.3℃,NULL,chowari/日立丸
日立丸,日立,2026/09/12,1,0,マルイカ,マルイカ,メイン,マルイカ,NULL,1.0,13.0,7.0,0,27.0,35.0,,,NULL,茨城県 日立市 日立港第五埠頭,NULL,NULL,1,NULL,NULL,24.3,24.3,NULL,北東,2.7m/s,大潮・潮が速,東 0.9m/s,曇り,スルメイカ,NULL,NULL,今夜は潮が速く、仕掛けがどんどん流される、なかなか手強い夜でした。 それでも海の中では、イカはちゃんと待っている。 ただし、何でもいいわけではありません。 4～5号の大きなスッテやエギには、今夜はほとんど反応なし。 やはり、その日の状況に合った仕掛けを選ぶことが大切です。 イカ釣りは、海とイカとの小さな駆け引き。 指定の仕掛けをご用意いただくことをおすすめします。,24.3℃,NULL,chowari/日立丸
日立丸,日立,2026/09/13,1,0,スルメイカ,スルメイカ,サブ,スルメイカ,NULL,1.0,13.0,7.0,0,25.0,47.0,,,NULL,茨城県 日立市 日立港第五埠頭,NULL,NULL,1,NULL,NULL,23.9,23.9,NULL,北東,3.1m/s,中潮,東 1.2m/s,曇り,NULL,NULL,NULL,今夜の海は、どこへ行っても潮が動かなかった。 昨日はあれほど速く流れていたのに、今日はまるで時間まで止まったように静かです。 海というものは、毎日同じ顔をしてくれません。 昨日うまくいったからといって、今日も同じとは限らない。 速すぎても釣りづらく、流れなければまた難しい。 その日の海に合わせて、こちらも考えながら魚を探す。 どうやら今夜は、海に「もう少しゆっくりしていけ」と言われたようです。,23.9℃,NULL,chowari/日立丸
日立丸,日立,2026/09/13,1,0,マルイカ,マルイカ,メイン,マルイカ,NULL,1.0,14.0,7.5,0,27.0,34.0,,,NULL,茨城県 日立市 日立港第五埠頭,NULL,NULL,1,NULL,NULL,23.9,23.9,NULL,北東,3.1m/s,中潮,東 1.2m/s,曇り,スルメイカ,NULL,NULL,今夜の海は、どこへ行っても潮が動かなかった。 昨日はあれほど速く流れていたのに、今日はまるで時間まで止まったように静かです。 海というものは、毎日同じ顔をしてくれません。 昨日うまくいったからといって、今日も同じとは限らない。 速すぎても釣りづらく、流れなければまた難しい。 その日の海に合わせて、こちらも考えながら魚を探す。 どうやら今夜は、海に「もう少しゆっくりしていけ」と言われたようです。,23.9℃,NULL,chowari/日立丸
日立丸,日立,2026/09/13,2,0,マダコ,マダコ,メイン,マダコ,NULL,2.0,19.0,10.5,0,,,0.4,1.5,NULL,茨城県 日立市 日立港第五埠頭,NULL,NULL,1,NULL,NULL,23.9,23.9,NULL,北東,3.1m/s,中潮,東 1.2m/s,曇り,,NULL,NULL,マダコ船、今シーズンは好調なスタートとなりました。 まだ平均サイズは少し小ぶりながら、海の中ではマダコたちが元気に動き回っているようです。 初めて釣りをするレンタルタックルの方も、最初は少し戸惑いながら、それでもしっかりとマダコを釣り上げていました。 海は毎日、同じ顔をしているようで、じつは一日として同じではありません。 これから型も少しずつ大きくなって、ますます面白くなってきそうです。 今後のマダコに期待ですね。,23.9℃,NULL,chowari/日立丸
早川丸,洲崎,2026/09/01,1,0,カワハギ,カワハギ,メイン,カワハギ,NULL,7.0,23.0,15.0,0,20.0,25.0,,,NULL,千葉県 館山市 洲崎栄ノ浦港,NULL,NULL,1,NULL,NULL,27.0,27.0,NULL,北東,4.6m/s,中潮,南南東 0.5m/s,晴れ後時々曇り,,NULL,NULL,ハギ退治初日！いい感じに潮流れてポツポツと拾えました。リリース無し良型揃いでした！,27.0℃,NULL,chowari/早川丸
早川丸,洲崎,2026/09/02,1,0,カワハギ,カワハギ,メイン,カワハギ,NULL,1.0,12.0,6.5,0,20.0,25.0,,,NULL,千葉県 館山市 洲崎栄ノ浦港,NULL,NULL,1,NULL,NULL,27.5,27.5,濁り,東南東,1.9m/s,中潮,南南東 0.5m/s,曇り時々晴れ,,NULL,NULL,濁り入り前日に比べて反応も少なく、餌への反応も悪かったです。,27.5℃,NULL,chowari/早川丸
早川丸,洲崎,2026/09/02,1,0,スルメイカ,スルメイカ,メイン,スルメイカ,NULL,4.0,18.0,11.0,0,28.0,40.0,,,NULL,千葉県 館山市 洲崎栄ノ浦港,NULL,NULL,1,NULL,NULL,27.5,27.5,NULL,東南東,1.9m/s,中潮,南南東 0.5m/s,曇り時々晴れ,,NULL,NULL,派手なノリはなかったが順調に乗りあった 慣れない方はブランコ仕掛けがいいかな,27.5℃,NULL,chowari/早川丸
早川丸,洲崎,2026/09/02,2,0,カワハギ,カワハギ,メイン,カワハギ,NULL,1.0,12.0,6.5,0,20.0,25.0,,,NULL,千葉県 館山市 洲崎栄ノ浦港,NULL,NULL,1,NULL,NULL,27.7,27.7,濁り,東南東,1.9m/s,中潮,南南東 0.5m/s,曇り時々晴れ,,NULL,NULL,濁り入り前日に比べて反応も少なく、餌への反応も悪かったです。,27.7℃,NULL,chowari/早川丸
早川丸,洲崎,2026/09/03,1,0,スルメイカ,スルメイカ,メイン,スルメイカ,NULL,17.0,20.0,18.5,0,30.0,42.0,,,NULL,洲崎沖,NULL,NULL,1,NULL,NULL,27.6,27.6,NULL,南西,3.7m/s,小潮,南南東 0.6m/s,曇りのち一時雨,,NULL,NULL,早朝はいい感じで乗りあったがそのうち反応消えてしまい二時間くらい迷走 仕方なく洲崎沖へ移動後は小さな反応でも投入のたびに顔見れてどうにかなれました,27.6℃,NULL,chowari/早川丸
早川丸,洲崎,2026/09/03,2,0,カワハギ,カワハギ,メイン,カワハギ,NULL,4.0,11.0,7.5,0,20.0,25.0,,,NULL,千葉県 館山市 洲崎栄ノ浦港,NULL,NULL,1,NULL,NULL,27.6,27.6,NULL,南西,3.7m/s,小潮,南南東 0.6m/s,曇りのち一時雨,,NULL,NULL,エサ取ったり取られなかったりと難しかった。型は良型でした。,27.6℃,NULL,chowari/早川丸
早川丸,洲崎,2026/09/04,1,0,カワハギ,カワハギ,メイン,カワハギ,NULL,3.0,7.0,5.0,0,20.0,25.0,,,NULL,千葉県 館山市 洲崎栄ノ浦港,NULL,NULL,1,NULL,NULL,27.8,27.8,NULL,北,3.3m/s,小潮,南 0.8m/s,曇りのち一時雨,,NULL,NULL,反応はちょこちょこ見れましたが、知らん顔でした。,27.8℃,NULL,chowari/早川丸
早川丸,洲崎,2026/09/05,1,0,カワハギ,カワハギ,メイン,カワハギ,NULL,3.0,8.0,5.5,0,20.0,26.0,,,NULL,千葉県 館山市 洲崎栄ノ浦港,NULL,NULL,1,NULL,NULL,27.5,27.5,NULL,北東,6.4m/s,小潮・潮流れず,南 0.9m/s,曇り,,NULL,NULL,たいして潮流れずで拾えませんでした。,27.5℃,NULL,chowari/早川丸
早川丸,洲崎,2026/09/10,1,0,カワハギ,カワハギ,メイン,カワハギ,NULL,5.0,23.0,14.0,0,20.0,25.0,,,NULL,千葉県 館山市 洲崎栄ノ浦港,NULL,NULL,1,NULL,NULL,27.1,27.1,濁り,北北東,7.1m/s,大潮,南 1.2m/s,曇り一時雨,,NULL,NULL,濁りありましたが、いい群れにも当たり、連チャンもありました。,27.1℃,NULL,chowari/早川丸
早川丸,洲崎,2026/09/12,1,0,カワハギ,カワハギ,メイン,カワハギ,NULL,15.0,32.0,23.5,0,20.0,25.0,,,NULL,千葉県 館山市 洲崎栄ノ浦港,NULL,NULL,1,NULL,NULL,25.8,25.8,NULL,北北東,5.7m/s,大潮,南 0.8m/s,曇り一時雨,,NULL,NULL,潮は流れませんでしたが、やる気ある群れに何度か当たり、数伸びした。型も良型揃いでした。,25.8℃,NULL,chowari/早川丸
早川丸,洲崎,2026/09/12,1,0,スルメイカ,スルメイカ,メイン,スルメイカ,NULL,34.0,52.0,43.0,0,32.0,40.0,,,NULL,千葉県 館山市 洲崎栄ノ浦港,NULL,NULL,1,NULL,NULL,25.8,25.8,NULL,北北東,5.7m/s,大潮,南 0.8m/s,曇り一時雨,,NULL,NULL,終日好調に乗りがありました 6杯掛けあり,25.8℃,NULL,chowari/早川丸
早川丸,洲崎,2026/09/12,2,0,カワハギ,カワハギ,メイン,カワハギ,NULL,15.0,32.0,23.5,0,20.0,25.0,,,NULL,千葉県 館山市 洲崎栄ノ浦港,NULL,NULL,1,NULL,NULL,25.8,25.8,NULL,北北東,5.7m/s,大潮,南 0.8m/s,曇り一時雨,,NULL,NULL,潮は流れませんでしたが、やる気ある群れに何度か当たり、数伸びした。型も良型揃いでした。,25.8℃,NULL,chowari/早川丸
早川丸,洲崎,2026/09/13,1,0,カワハギ,カワハギ,メイン,カワハギ,NULL,4.0,19.0,11.5,0,20.0,25.0,,,NULL,千葉県 館山市 洲崎栄ノ浦港,NULL,NULL,1,NULL,NULL,25.3,25.3,NULL,北,4.4m/s,中潮,東南東 0.6m/s,曇りのち時々晴れ,,NULL,NULL,連チャンタイムは無かったけど、あっちこっちでポツポツとでした。,25.3℃,NULL,chowari/早川丸
早川丸,洲崎,2026/09/13,1,0,スルメイカ,スルメイカ,メイン,スルメイカ,NULL,22.0,36.0,29.0,0,30.0,42.0,,,NULL,千葉県 館山市 洲崎栄ノ浦港,NULL,NULL,1,NULL,NULL,25.3,25.3,NULL,北,4.4m/s,中潮,東南東 0.6m/s,曇りのち時々晴れ,,NULL,NULL,いいペースだったけど後半失速,25.3℃,NULL,chowari/早川丸
早川丸,洲崎,2026/09/13,2,0,カワハギ,カワハギ,メイン,カワハギ,NULL,4.0,19.0,11.5,0,20.0,25.0,,,NULL,千葉県 館山市 洲崎栄ノ浦港,NULL,NULL,1,NULL,NULL,25.3,25.3,NULL,北,4.4m/s,中潮,東南東 0.6m/s,曇りのち時々晴れ,,NULL,NULL,連チャンタイムは無かったけど、あっちこっちでポツポツとでした。,25.3℃,NULL,chowari/早川丸
早川丸,洲崎,2026/09/14,1,0,カワハギ,カワハギ,メイン,カワハギ,NULL,8.0,11.0,9.5,0,18.0,25.0,,,NULL,千葉県 館山市 洲崎栄ノ浦港,NULL,NULL,1,NULL,NULL,25.8,25.8,NULL,南西,4.6m/s,中潮,南東 0.6m/s,晴れ後時々曇り,,NULL,NULL,前日までのポイントは反応少なく、顔みれるだけだったので、別ポイントでした。こちらは潮流れて広範囲にポツポツとありました。潮次第です。,25.8℃,NULL,chowari/早川丸
早川丸,洲崎,2026/09/15,1,0,カワハギ,カワハギ,メイン,カワハギ,NULL,4.0,9.0,6.5,0,20.0,25.0,,,NULL,千葉県 館山市 洲崎栄ノ浦港,NULL,NULL,1,NULL,NULL,25.8,25.8,NULL,南西,3.0m/s,中潮,南南東 0.8m/s,雨時々止む,,NULL,NULL,反応はバッチリありましたが、難しいようでなかなか針掛かりしませんでした。,25.8℃,NULL,chowari/早川丸
早川丸,洲崎,2026/09/16,1,0,スルメイカ,スルメイカ,メイン,スルメイカ,NULL,3.0,15.0,9.0,0,30.0,42.0,,,NULL,白浜沖,洲崎沖,NULL,2,NULL,NULL,25.8,25.8,NULL,東南東,0.9m/s,中潮,南南東 0.7m/s,雨,,NULL,NULL,白浜沖からのスタートでしたが反応見れず2時間のロスタイム 洲崎沖へ移動後顔見れ出した,25.8℃,NULL,chowari/早川丸
早川丸,洲崎,2026/09/16,2,0,カワハギ,カワハギ,メイン,カワハギ,NULL,12.0,17.0,14.5,0,20.0,25.0,,,NULL,千葉県 館山市 洲崎栄ノ浦港,NULL,NULL,1,NULL,NULL,25.8,25.8,NULL,東南東,0.9m/s,中潮,南南東 0.7m/s,雨,,NULL,NULL,潮ながれなかったが、たまに連チャンもありでまずまずの結果でした。,25.8℃,NULL,chowari/早川丸
春栄丸,大原港,2026/09/01,1,0,イサキ,イサキ,メイン,イサキ,NULL,40.0,50.0,45.0,0,24.0,38.0,,,NULL,千葉県 いすみ市 大原港,NULL,NULL,1,NULL,NULL,28.0,28.0,NULL,北東,3.1m/s,中潮,東 1.3m/s,曇り,,NULL,NULL,☆午前イサキ(ｼﾏｱｼﾞ)釣り釣果報告です☆ ＊イサキ→２４～３８㎝､４０～５０匹｡ ＊ゲスト→マダイ数混じる。 今日は２名様＋１名(お手伝いさん)での出船❗ 朝からシマアジのアタリでて､バラしとハリス切れが多く､もう少しの所まで上がって来たのもあり残念でした(泣)が､アタリはあり🐜その後はイサキ２～３点掛けで良いサイズも混じり､喰い活発で全員クーラーずっしり重く､定量達成者もいて､お土産十分でした✨本日も好調継続です🍀明日は､午前イサキ(ｼﾏｱｼﾞ)釣り出船確定､３名様と空き多数(ｶﾞﾗｶﾞﾗ泣)大募集中です!今月は週末や連休含め､出船確定できて無い日ばかりですので､連日チャレンジャー大募集中です❗ ☆９月の釣りモノ☆ ＊午前イサキ(ｼﾏｱｼﾞ),28.0℃,NULL,chowari/春栄丸
春栄丸,大原港,2026/09/11,1,0,マハタ,マハタ,メイン,マハタ,NULL,1.0,3.0,2.0,0,,,0.6,1.5,NULL,千葉県 いすみ市 大原港,NULL,NULL,1,NULL,NULL,27.8,27.8,NULL,北北東,2.2m/s,大潮,東南東 1.1m/s,雨,,NULL,NULL,☆午前(４名様の)釣果報告です☆ ＊マハタ→０.６～１.５㎏､１～３匹｡ ＊ゲスト→ハガツオ(５㎏)・キントキ(数)・ワラサ(数)・ヤガラ混じる。 今日は出船できました｡少数精鋭での出船❗ 明るくなってきてからアタリでて､バラしとハリス多く､大型のハリス切れも数回あり根に入られたりもあって残念でしたが､一人喰わすと同時ヒットあり良い所入れば連チャンヒットもあり､ゲストも多彩にまじって､全員お魚複数匹get🍀してくれ､お土産になり好調？でした(笑)明日は､雨は少しあるかもですがナギ予報の様子なので､午前イサキ(ｼﾏｱｼﾞ)釣り出船確定です❗２名様と空き多数(ｶﾞﾗｶﾞﾗ泣)ですので､大募集中ですので､皆様宜しくお願いします🙏 ☆９月の釣りモノ☆ ○,27.8℃,NULL,chowari/春栄丸
春栄丸,大原港,2026/09/12,1,0,イサキ,イサキ,メイン,イサキ,NULL,20.0,37.0,28.5,0,24.0,37.0,,,NULL,千葉県 いすみ市 大原港,NULL,NULL,1,NULL,NULL,26.8,26.8,NULL,北北東,3.3m/s,大潮,東 1.2m/s,曇り,,NULL,NULL,☆午前イサキ(ｼﾏｱｼﾞ)釣り(３名様の)釣果報告です☆ ＊イサキ→２４～３７㎝､２０～３８匹｡ ＊ゲスト→マダイ・メジナ混じる。 今日も少数精鋭での出船❗ 朝からシマアジのアタリでて､バラしとハリス切れが多く､もう少しの所まで上がって来てスッポ抜けもあり残念でした(泣)が､アタリは🐜その後も転々とし､イサキの型はあつり☆ポイント大移動して､イサキは２～３点掛けで良いサイズも混じり､好調の流しも✨､慣れて無い方達も頑張ってくれ､クーラーずっしり重い方もいて､皆様お土産になり､好調継続です🍀今月は､午前イサキ(ｼﾏｱｼﾞ)釣りOrヒラメ(マハタ)釣りで､出船予定です早めのご予約助かりますm(__)m出船確定できて無い日ばかりですので､連日チャレ,26.8℃,NULL,chowari/春栄丸
春栄丸,大原港,2026/09/13,1,0,キントキ,キントキ,サブ,キントキ,NULL,0.0,3.0,1.5,0,,,0.5,1.0,NULL,千葉県 いすみ市 大原港,NULL,NULL,1,NULL,NULL,26.1,26.1,NULL,北,2.8m/s,中潮,東 1.2m/s,曇りのち時々晴れ,NULL,NULL,NULL,☆午前ヒラメマハタ釣り釣果報告です☆ ＊マハタ→０.６～２.２８㎏､０～３匹２名｡ ＊ゲスト→ヒラメ・キントキ(数)・カンパチ(４.７９㎏)混じる。 今日も明るくなってきてからアタリました✨流れもあり良いとこ入ってアタリ続き､バラしとハリス多く､大型のハリス切れも数回あり根に入られたりもあって残念でしたが､同時ヒットや連チャンヒットありマハタ主体に釣れキントキ混じりで､お魚複数匹getの方達増えてくれました🍀良いサイズのカンパチもgetでき､ヒラメは今季初getできました☆その後も転々としアタリでてました🎵好調継続？でした(笑)明日は､午前ヒラメ(マハタ)釣り出船確定できましたが､２名様と空き多数(ｶﾞﾗｶﾞﾗ泣)ですので､大募集中ですの,26.1℃,NULL,chowari/春栄丸
春栄丸,大原港,2026/09/13,1,0,マハタ,マハタ,メイン,マハタ,NULL,0.0,3.0,1.5,0,,,0.6,2.28,NULL,千葉県 いすみ市 大原港,NULL,NULL,1,NULL,NULL,26.1,26.1,NULL,北,2.8m/s,中潮,東 1.2m/s,曇りのち時々晴れ,キントキ,NULL,NULL,☆午前ヒラメマハタ釣り釣果報告です☆ ＊マハタ→０.６～２.２８㎏､０～３匹２名｡ ＊ゲスト→ヒラメ・キントキ(数)・カンパチ(４.７９㎏)混じる。 今日も明るくなってきてからアタリました✨流れもあり良いとこ入ってアタリ続き､バラしとハリス多く､大型のハリス切れも数回あり根に入られたりもあって残念でしたが､同時ヒットや連チャンヒットありマハタ主体に釣れキントキ混じりで､お魚複数匹getの方達増えてくれました🍀良いサイズのカンパチもgetでき､ヒラメは今季初getできました☆その後も転々としアタリでてました🎵好調継続？でした(笑)明日は､午前ヒラメ(マハタ)釣り出船確定できましたが､２名様と空き多数(ｶﾞﾗｶﾞﾗ泣)ですので､大募集中ですの,26.1℃,NULL,chowari/春栄丸
春栄丸,大原港,2026/09/14,1,0,キントキ,キントキ,サブ,キントキ,NULL,0.0,2.0,1.0,0,,,0.5,0.8,NULL,千葉県 いすみ市 大原港,NULL,NULL,1,NULL,NULL,26.0,26.0,NULL,南南西,3.4m/s,中潮,東南東 1.1m/s,晴れ後時々曇り,NULL,NULL,NULL,☆午前ヒラメマハタ釣り(４名様)釣果報告です☆ ＊マハタ→０.６～２.７４㎏､０～２匹｡ ＊ゲスト→ヒラメ・キントキ(数)・ワラサ・カサゴ(数)混じる。 今日も明るくなってきてからアタリました✨流れもなかったけど､アタリでてバラしとハリス多く､大型のばらしとハリス切れも数回ずつあり根に入られたりもあって朝は､アタリ多くバラし多数で残念(泣)でしたが､ポイント移動先で､良いとこ入って同時ヒットもありゲストもたまに混じって１名以外は､お魚複数匹getしてくれてました🍀良型２.７４㎏のマハタもgetでき､ヒラメの型ありました🎵朝はバラし多数でしたが流れれば､もっと良くなるかと☆好調継続？でした(笑)明日は､午前ヒラメ(マハタ)釣り２名様と,26.0℃,NULL,chowari/春栄丸
春栄丸,大原港,2026/09/14,1,0,マハタ,マハタ,メイン,マハタ,NULL,0.0,2.0,1.0,0,,,0.6,2.74,NULL,千葉県 いすみ市 大原港,NULL,NULL,1,NULL,NULL,26.0,26.0,NULL,南南西,3.4m/s,中潮,東南東 1.1m/s,晴れ後時々曇り,キントキ,NULL,NULL,☆午前ヒラメマハタ釣り(４名様)釣果報告です☆ ＊マハタ→０.６～２.７４㎏､０～２匹｡ ＊ゲスト→ヒラメ・キントキ(数)・ワラサ・カサゴ(数)混じる。 今日も明るくなってきてからアタリました✨流れもなかったけど､アタリでてバラしとハリス多く､大型のばらしとハリス切れも数回ずつあり根に入られたりもあって朝は､アタリ多くバラし多数で残念(泣)でしたが､ポイント移動先で､良いとこ入って同時ヒットもありゲストもたまに混じって１名以外は､お魚複数匹getしてくれてました🍀良型２.７４㎏のマハタもgetでき､ヒラメの型ありました🎵朝はバラし多数でしたが流れれば､もっと良くなるかと☆好調継続？でした(笑)明日は､午前ヒラメ(マハタ)釣り２名様と,26.0℃,NULL,chowari/春栄丸
春栄丸,大原港,2026/09/16,1,0,マハタ,マハタ,メイン,マハタ,NULL,0.0,3.0,1.5,0,,,0.8,1.7,NULL,千葉県 いすみ市 大原港,NULL,NULL,1,NULL,NULL,25.9,25.9,NULL,北東,1.9m/s,中潮,東南東 1.1m/s,雨,,NULL,NULL,☆午前ヒラメマハタ釣り(３名様)釣果報告です☆ ＊マハタ→０.８～１.７㎏､０～３匹｡ ＊ゲスト→ヒラメ・キントキ・ワラサ・カサゴ混じる。 今日も朝からアタリでてました✨流れと潮方も良かったですが､アタリでてバラしとハリス多く､大型のばらしとハリス切れも数回あって､バラし多くで残念(泣)でしたが､流れあったので､良いとこ入って同時ヒットもありゲストもたまに混じって１名以外は､お魚複数匹getしてくれてました🍀良型マハタもgetでき､ヒラメの型あり🎵その後はポイント移動しながらアタリはありました✨好調継続？でした(笑)お客様のご都合で早上がりでしたが､お土産になりました☆明日はご予約無く｡明後日は､午前ヒラメ(マハタ)釣り２名様,25.9℃,NULL,chowari/春栄丸
村本海事,横浜市金沢八景乙舳,2026/09/05,1,0,マダイ,マダイ,メイン,マダイ,NULL,1.0,2.0,1.5,0,,,0.7,2.3,NULL,神奈川県 横浜市 金沢八景乙舳,NULL,NULL,1,NULL,NULL,27.6,27.6,NULL,北東,3.3m/s,小潮・大潮,東 0.2m/s,曇り,,NULL,NULL,BakuBakuタイラバ船 9月5日(土) ターゲット：マダイ（タイラバ） コース：乗合 釣果：1～2枚0.7～2kg!!2.3kg!! 外道:ホウボウ、マゴチ 夏休み明けの本日は6名様全員マダイゲット🤩 お見事でした👏👏 最大は2.3kg!! 2kg!もナイスでした🤩🤩 皆さまありがとうございました！ 明日も頑張ります！ 船中7枚でした。 タイラバ初心者＆初挑戦は レンタルをオススメしております！！ 釣れますよ～＾＾ 安全運航の為大潮回りは両舷流しを基本とします、大潮回りの土曜日は乗合を優先します ＊9月&10月の予約を受付しております。 #東京湾 #鯛ラバ #タイラバ #マダイ #村本海事,27.6℃,NULL,chowari/村本海事
村本海事,横浜市金沢八景乙舳,2026/09/06,1,0,タコ,マダコ,メイン,タコ,NULL,3.0,4.0,3.5,0,,,0.3,0.7,NULL,神奈川県 横浜市 金沢八景乙舳,NULL,NULL,1,NULL,NULL,27.6,27.6,NULL,北北東,7.8m/s,長潮,北北東 0.6m/s,雨,,NULL,NULL,BakuBaku旬の釣船 9月6日(日) ターゲット:タコ コース:乗り合い 釣果:3杯～4杯0.3kg～0.7kg 外道: 本日はキャンセルも出てしまい2名様で出船しました。 今日は朝から雨風の予報でしたが、風の方は大したこと無く出船出来ました。朝からポツポツと乗ってくれてすぐに全員型を見れましたが、雨の方は次第に大粒になりとても寒い中の釣りとなりました。お二人とも複数釣れたタイミングでお客様のご要望により早上がりしました。寒い雨の中ありがとうございました😊 タコが乗ったと思ったら合わせは思いっきりお願いします💪 根掛かりの多い場所もやりますので、エギ、錘は多めにご持参お願いします。錘は20号推奨ですが30号まで有るといいです。 本,27.6℃,NULL,chowari/村本海事
村本海事,横浜市金沢八景乙舳,2026/09/11,1,0,アオリイカ,アオリイカ,メイン,アオリイカ,NULL,2.0,2.0,2.0,0,,,0.2,0.3,NULL,神奈川県 横浜市 金沢八景乙舳,NULL,NULL,1,NULL,NULL,27.3,27.3,NULL,北北東,3.9m/s,大潮,東北東 0.2m/s,雨,,NULL,NULL,BakuBaku旬の釣船 9月11日(土) ターゲット:アオリイカ コース:乗り合い 釣果:0杯～2杯 外道:シリヤケイカ 本日は今季初のティップラン🦑2名様で出船しました。 本来は19日からですが、ちょい事情があって代わりに出しました😅釣果はというと、型を見るのに苦労しましたがなんとか釣れました‼️雨の影響で水潮だったからと思います。。 19日からはコンタントに釣れると期待して明日はタイラバ頑張ります。 本日はご乗船いただきましてありがとうございます。 ＊9月&10月の予約を受け付け中 #村本海事#東京湾#旬の釣船#ティップラン#アオリイカ,27.3℃,NULL,chowari/村本海事
村本海事,横浜市金沢八景乙舳,2026/09/12,1,0,マダイ,マダイ,メイン,マダイ,NULL,0.0,2.0,1.0,0,,,0.5,1.2,NULL,神奈川県 横浜市 金沢八景乙舳,NULL,NULL,1,NULL,NULL,25.9,25.9,NULL,北北東,5.0m/s,大潮,北北東 0.2m/s,雨のち曇り,,NULL,NULL,BakuBaku旬の釣船 9月12日(日) ターゲット:マダイ(タイラバ) コース:チャーター 釣果:0枚～２枚 外道:フグ 本日は久しぶりにタイラバチャーター4名様で出船しました。 久しぶりなのでとりあえずのポイントから初めましたが、 数回流してパタパタと釣れてくれてホッとしました。 この時点で型を見れてない人は残り1人。 頑張ってもらいましたが当たりはあっても掛からない、掛かってもバレるが数回。 お客様のご希望で13時着岸だったので追加は出来ませんでした。 本日はご乗船いただきましてありがとうございます。 ＊9月&10月の予約を受け付け中 #村本海事#東京湾#旬の釣船#タイラバ#マダイ,25.9℃,NULL,chowari/村本海事
村本海事,横浜市金沢八景乙舳,2026/09/12,2,0,マダイ,マダイ,メイン,マダイ,NULL,0.0,2.0,1.0,0,,,0.5,1.2,NULL,神奈川県 横浜市 金沢八景乙舳,NULL,NULL,1,NULL,NULL,25.9,25.9,NULL,北北東,5.0m/s,大潮,北北東 0.2m/s,雨のち曇り,,NULL,NULL,BakuBaku旬の釣船 9月12日(日) ターゲット:マダイ(タイラバ) コース:チャーター 釣果:0枚～２枚 外道:フグ 本日は久しぶりにタイラバチャーター4名様で出船しました。 久しぶりなのでとりあえずのポイントから初めましたが、 数回流してパタパタと釣れてくれてホッとしました。 この時点で型を見れてない人は残り1人。 頑張ってもらいましたが当たりはあっても掛からない、掛かってもバレるが数回。 お客様のご希望で13時着岸だったので追加は出来ませんでした。 本日はご乗船いただきましてありがとうございます。 ＊9月&10月の予約を受け付け中 #村本海事#東京湾#旬の釣船#タイラバ#マダイ,25.9℃,NULL,chowari/村本海事
村本海事,横浜市金沢八景乙舳,2026/09/13,1,0,マダイ,マダイ,メイン,マダイ,NULL,0.0,3.0,1.5,0,,,0.4,3.7,NULL,神奈川県 横浜市 金沢八景乙舳,NULL,NULL,1,NULL,NULL,25.4,25.4,NULL,北,4.3m/s,中潮・大潮,北北東 0.2m/s,曇りのち時々晴れ,,NULL,NULL,BakuBakuタイラバ船 9月13日(日) ターゲット：マダイ（タイラバ） コース：乗合 釣果：0～2枚0.4～3.7kg!! 外道:タチウオ、イネゴチ 本日良い人3枚は3名様🤩 最大は3.7kg!!🌈 ナイスでした🤩 皆さまありがとうございました！ 明日も頑張ります！ 船中13枚 タイラバ初心者＆初挑戦は レンタルをオススメしております！！ 釣れますよ～＾＾ 安全運航の為大潮回りは両舷流しを基本とします、大潮回りの土曜日は乗合を優先します ＊9月&10月の予約を受付しております。 #東京湾 #鯛ラバ #タイラバ #マダイ #村本海事,25.4℃,NULL,chowari/村本海事
村本海事,横浜市金沢八景乙舳,2026/09/13,2,0,アジ,アジ,メイン,アジ,NULL,6.0,14.0,10.0,0,20.0,45.0,,,NULL,神奈川県 横浜市 金沢八景乙舳,NULL,NULL,1,NULL,NULL,25.4,25.4,NULL,北,4.3m/s,中潮,北北東 0.2m/s,曇りのち時々晴れ,,NULL,NULL,BakuBaku午前黄金アジ船 9月13日(日) ターゲット:黄金アジ コース:乗り合い 釣果:6～14匹20～45cm バチコン0～6匹 外道：シロギス、ホウボ 今日はバチコンで45cmのに大アジが出ました、一瞬イナダかと思思った位です、全体的には型は良かったのですが数は伸びませんでした また頑張ります ＊9月&10月&11月の予約を受け付け中 #村本海事#黄金アジ船#LTアジ#バチコン,25.4℃,NULL,chowari/村本海事
村本海事,横浜市金沢八景乙舳,2026/09/13,2,0,タコ,マダコ,メイン,タコ,NULL,0.0,1.0,0.5,0,,,0.5,0.7,NULL,神奈川県 横浜市 金沢八景乙舳,NULL,NULL,1,NULL,NULL,25.4,25.4,NULL,北,4.3m/s,中潮,北北東 0.2m/s,曇りのち時々晴れ,,NULL,NULL,BakuBaku旬の釣船 9月13日(日) ターゲット:タコ コース:乗り合い 釣果:0杯～1杯0.3kg～0.7kg 外道: 本日は一週間振りのタコでした。 数日間の雨の影響でしょうか。当たり少なく大苦戦でした。いつもの場所もあっちも駄目でした。それでもなんとか型は見れました。寒い雨の中ありがとうございました🙇‍♂️ タコが乗ったと思ったら合わせは思いっきりお願いします💪 根掛かりの多い場所もやりますので、エギ、錘は多めにご持参お願いします。錘は20号推奨ですが30号まで有るといいです。 本日はご乗船いただきましてありがとうございます。 ＊9月&10月の予約を受け付け中 #村本海事#東京湾#旬の釣船#エギタコ#マダコ,25.4℃,NULL,chowari/村本海事
村本海事,横浜市金沢八景乙舳,2026/09/13,3,0,タコ,マダコ,メイン,タコ,NULL,0.0,1.0,0.5,0,,,0.5,0.7,NULL,神奈川県 横浜市 金沢八景乙舳,NULL,NULL,1,NULL,NULL,25.4,25.4,NULL,北,4.3m/s,中潮,北北東 0.2m/s,曇りのち時々晴れ,,NULL,NULL,BakuBaku旬の釣船 9月13日(日) ターゲット:タコ コース:乗り合い 釣果:0杯～1杯0.3kg～0.7kg 外道: 本日は一週間振りのタコでした。 数日間の雨の影響でしょうか。当たり少なく大苦戦でした。いつもの場所もあっちも駄目でした。それでもなんとか型は見れました。寒い雨の中ありがとうございました🙇‍♂️ タコが乗ったと思ったら合わせは思いっきりお願いします💪 根掛かりの多い場所もやりますので、エギ、錘は多めにご持参お願いします。錘は20号推奨ですが30号まで有るといいです。 本日はご乗船いただきましてありがとうございます。 ＊9月&10月の予約を受け付け中 #村本海事#東京湾#旬の釣船#エギタコ#マダコ,25.4℃,NULL,chowari/村本海事
村本海事,横浜市金沢八景乙舳,2026/09/14,1,0,アジ,アジ,メイン,アジ,NULL,12.0,35.0,23.5,0,16.0,26.0,,,NULL,神奈川県 横浜市 金沢八景乙舳,NULL,NULL,1,NULL,NULL,25.8,25.8,NULL,南南西,6.0m/s,中潮,南 0.2m/s,晴れ後時々曇り,,NULL,NULL,BakuBaku午前黄金アジ船 9月14日(月) ターゲット:黄金アジ コース:乗り合い 釣果:12～35匹.16～26cm 外道：シロギス、イシモチ、(ヒラメ) 朝一はポツポツ釣れたのですが直ぐに遠のき、場所を変えたらポツポツ顔見れたのですが埒があかず、大きく移動しようとしたら反応が出て来て最後まで釣れてくれました 針がかりはするもののバレが多い1日でした ＊9月&10月&11月の予約を受け付け中 #村本海事#黄金アジ船#LTアジ#バチコン,25.8℃,NULL,chowari/村本海事
村本海事,横浜市金沢八景乙舳,2026/09/14,1,0,マダイ,マダイ,メイン,マダイ,NULL,0.0,5.0,2.5,0,,,0.4,1.7,NULL,神奈川県 横浜市 金沢八景乙舳,NULL,NULL,1,NULL,NULL,25.8,25.8,NULL,南南西,6.0m/s,中潮・大潮,南 0.2m/s,晴れ後時々曇り,,NULL,NULL,BakuBakuタイラバ船 9月14日(月) ターゲット：マダイ（タイラバ） コース：乗合 釣果：0～5枚0.4～1.7kg 外道:ホウボウ、マゴチ、カサゴ 本日は良い人5枚🤩🌈 2番手2枚は2名様でした🤩 最大は美味しいサイズ1.7kg ナイスでした🤩 皆さまありがとうございました！ 明日も頑張ります！ 船中13枚 タイラバ初心者＆初挑戦は レンタルをオススメしております！！ 釣れますよ～＾＾ 安全運航の為大潮回りは両舷流しを基本とします、大潮回りの土曜日は乗合を優先します ＊9月&10月の予約を受付しております。 #東京湾 #鯛ラバ #タイラバ #マダイ #村本海事,25.8℃,NULL,chowari/村本海事
村本海事,横浜市金沢八景乙舳,2026/09/14,2,0,アジ,アジ,メイン,アジ,NULL,12.0,35.0,23.5,0,16.0,26.0,,,NULL,神奈川県 横浜市 金沢八景乙舳,NULL,NULL,1,NULL,NULL,25.5,25.5,NULL,南南西,6.0m/s,中潮,南 0.2m/s,晴れ後時々曇り,,NULL,NULL,BakuBaku午前黄金アジ船 9月14日(月) ターゲット:黄金アジ コース:乗り合い 釣果:12～35匹.16～26cm 外道：シロギス、イシモチ、(ヒラメ) 朝一はポツポツ釣れたのですが直ぐに遠のき、場所を変えたらポツポツ顔見れたのですが埒があかず、大きく移動しようとしたら反応が出て来て最後まで釣れてくれました 針がかりはするもののバレが多い1日でした ＊9月&10月&11月の予約を受け付け中 #村本海事#黄金アジ船#LTアジ#バチコン,25.5℃,NULL,chowari/村本海事
村本海事,横浜市金沢八景乙舳,2026/09/15,1,0,マダイ,マダイ,メイン,マダイ,NULL,0.0,1.0,0.5,0,,,0.6,1.1,NULL,神奈川県 横浜市 金沢八景乙舳,NULL,NULL,1,NULL,NULL,25.8,25.8,NULL,南,5.7m/s,中潮・大潮,南 0.2m/s,曇り一時雨,,NULL,NULL,BakuBakuタイラバ船 9月15日(火) ターゲット：マダイ（タイラバ） コース：乗合 釣果：0～1枚0.6～1.1kg 外道:ホウボウ、マゴチ、カサゴ 本日は厳しい状況でしたが なんとか顔見れてよかったです。 皆さまありがとうございました！ 明日も懲りずに頑張ります！ 船中2枚 タイラバ初心者＆初挑戦は レンタルをオススメしております！！ 釣れますよ～＾＾ 安全運航の為大潮回りは両舷流しを基本とします、大潮回りの土曜日は乗合を優先します ＊9月&10月＆11月の予約を受付しております。 #東京湾 #鯛ラバ #タイラバ #マダイ #村本海事,25.8℃,NULL,chowari/村本海事
村本海事,横浜市金沢八景乙舳,2026/09/16,1,0,マダイ,マダイ,メイン,マダイ,NULL,0.0,2.0,1.0,0,,,0.5,1.1,NULL,神奈川県 横浜市 金沢八景乙舳,NULL,NULL,1,NULL,NULL,25.9,25.9,NULL,北北東,3.3m/s,中潮・大潮,東 0.2m/s,雨,,NULL,NULL,BakuBakuタイラバ船 9月16日(水) ターゲット：マダイ（タイラバ） コース：乗合 釣果：0～3枚0.5～1.1kg 外道:ホウボウ 本日良い人2枚は4名様🤩 初挑戦のお客様は初めてのマダイ2枚ゲット👍 楽しんでいただけてよかったです😊 皆さまありがとうございました！ 船中10枚 タイラバ初心者＆初挑戦は レンタルをオススメしております！！ 釣れますよ～＾＾ 安全運航の為大潮回りは両舷流しを基本とします、大潮回りの土曜日は乗合を優先します ＊9月&10月＆11月の予約を受付しております。 #東京湾 #鯛ラバ #タイラバ #マダイ #村本海事,25.9℃,NULL,chowari/村本海事
村本海事,横浜市金沢八景乙舳,2026/09/16,2,0,アオリイカ,アオリイカ,メイン,アオリイカ,NULL,0.0,3.0,1.5,0,,,0.1,0.2,NULL,神奈川県 横浜市 金沢八景乙舳,NULL,NULL,1,NULL,NULL,25.9,25.9,NULL,北北東,3.3m/s,中潮,東 0.2m/s,雨,,NULL,NULL,BakuBaku旬の釣船 9月16日(水) ターゲット:アオリイカ コース:乗り合い 釣果:0杯～3杯 外道:シリヤケイカ 本日は2名様で出船しました。 ボートフィッシングご予約のお客様でしたがこちらで出船。 小降りなアオリイカとシリヤケイカが釣れました🦑 型が小さいので3号エギと3号ティップランエギ共に必須でご用意ください。シンカーも色々と有ると良いです。 本日はご乗船いただきましてありがとうございます。 ＊9月&10月&11月の予約を受け付け中 #村本海事#東京湾#旬の釣船#ティップラン#アオリイカ,25.9℃,NULL,chowari/村本海事
村本海事,横浜市金沢八景乙舳,2026/09/19,1,0,アオリイカ,アオリイカ,メイン,アオリイカ,NULL,0.0,2.0,1.0,0,,,0.1,0.3,NULL,神奈川県 横浜市 金沢八景乙舳,NULL,NULL,1,NULL,NULL,25.9,25.9,NULL,北,6.9m/s,小潮,北 0.5m/s,曇り一時雨,,NULL,NULL,BakuBaku旬の釣船 9月19日(土) ターゲット:アオリイカ コース:乗り合い 釣果:0杯～2杯 外道:シリヤケイカ、オオモンハタ 本日はティップランで出船しました。 風が有りましたのでコンディションは良くなかったですが、 なんとか型は見れました。まだ始まったばかりなのでこれからに期待したいところです。 型が小さいので3号エギと3号ティップランエギ共に必須でご用意ください。シンカーも色々と有ると良いです。 本日はご乗船いただきましてありがとうございます。 ＊9月&10月&11月の予約を受け付け中 #村本海事#東京湾#旬の釣船#ティップラン#アオリイカ,25.9℃,NULL,chowari/村本海事
村正丸,伊東,2026/09/01,1,0,アジ,アジ,メイン,アジ,NULL,4.0,4.0,4.0,0,35.0,51.0,,,NULL,静岡県 伊東市 伊東港,NULL,NULL,1,NULL,NULL,27.2,27.2,NULL,北東,4.5m/s,中潮,東南東 0.8m/s,晴れ後時々曇り,イサキ・イトヨリ・カイワリ・カワハギ・サバ・ソウダ・マダイ・メジナ,NULL,NULL,ジャンボアジ船中15匹。 今日はサバ＆ソウダに邪魔されましたー。 いろいろ釣れますよ！特大アジ五目＾＾！ ご予約お待ちしております。,27.2℃,NULL,chowari/村正丸
村正丸,伊東,2026/09/01,1,0,イサキ,イサキ,サブ,イサキ,NULL,,,,0,,,,,NULL,静岡県 伊東市 伊東港,NULL,NULL,1,NULL,NULL,27.2,27.2,NULL,北東,4.5m/s,中潮,東南東 0.8m/s,晴れ後時々曇り,NULL,NULL,NULL,ジャンボアジ船中15匹。 今日はサバ＆ソウダに邪魔されましたー。 いろいろ釣れますよ！特大アジ五目＾＾！ ご予約お待ちしております。,27.2℃,NULL,chowari/村正丸
村正丸,伊東,2026/09/01,1,0,イトヨリ,イトヨリ,サブ,イトヨリ,NULL,,,,0,,,,,NULL,静岡県 伊東市 伊東港,NULL,NULL,1,NULL,NULL,27.2,27.2,NULL,北東,4.5m/s,中潮,東南東 0.8m/s,晴れ後時々曇り,NULL,NULL,NULL,ジャンボアジ船中15匹。 今日はサバ＆ソウダに邪魔されましたー。 いろいろ釣れますよ！特大アジ五目＾＾！ ご予約お待ちしております。,27.2℃,NULL,chowari/村正丸
村正丸,伊東,2026/09/01,1,0,カイワリ,カイワリ,サブ,カイワリ,NULL,10.0,10.0,10.0,0,,,,,NULL,静岡県 伊東市 伊東港,NULL,NULL,1,NULL,NULL,27.2,27.2,NULL,北東,4.5m/s,中潮,東南東 0.8m/s,晴れ後時々曇り,NULL,NULL,NULL,ジャンボアジ船中15匹。 今日はサバ＆ソウダに邪魔されましたー。 いろいろ釣れますよ！特大アジ五目＾＾！ ご予約お待ちしております。,27.2℃,NULL,chowari/村正丸
村正丸,伊東,2026/09/01,1,0,カワハギ,カワハギ,サブ,カワハギ,NULL,,,,0,,,,,NULL,静岡県 伊東市 伊東港,NULL,NULL,1,NULL,NULL,27.2,27.2,NULL,北東,4.5m/s,中潮,東南東 0.8m/s,晴れ後時々曇り,NULL,NULL,NULL,ジャンボアジ船中15匹。 今日はサバ＆ソウダに邪魔されましたー。 いろいろ釣れますよ！特大アジ五目＾＾！ ご予約お待ちしております。,27.2℃,NULL,chowari/村正丸
村正丸,伊東,2026/09/01,1,0,サバ,サバ,サブ,サバ,NULL,,,,0,,,,,NULL,静岡県 伊東市 伊東港,NULL,NULL,1,NULL,NULL,27.2,27.2,NULL,北東,4.5m/s,中潮,東南東 0.8m/s,晴れ後時々曇り,NULL,NULL,NULL,ジャンボアジ船中15匹。 今日はサバ＆ソウダに邪魔されましたー。 いろいろ釣れますよ！特大アジ五目＾＾！ ご予約お待ちしております。,27.2℃,NULL,chowari/村正丸
村正丸,伊東,2026/09/01,1,0,ソウダ,NULL,サブ,ソウダ,NULL,,,,0,,,,,NULL,静岡県 伊東市 伊東港,NULL,NULL,1,NULL,NULL,27.2,27.2,NULL,北東,4.5m/s,中潮,東南東 0.8m/s,晴れ後時々曇り,NULL,NULL,NULL,ジャンボアジ船中15匹。 今日はサバ＆ソウダに邪魔されましたー。 いろいろ釣れますよ！特大アジ五目＾＾！ ご予約お待ちしております。,27.2℃,NULL,chowari/村正丸
村正丸,伊東,2026/09/01,1,0,マダイ,マダイ,サブ,マダイ,NULL,3.0,3.0,3.0,0,,,,,NULL,静岡県 伊東市 伊東港,NULL,NULL,1,NULL,NULL,27.2,27.2,NULL,北東,4.5m/s,中潮,東南東 0.8m/s,晴れ後時々曇り,NULL,NULL,NULL,ジャンボアジ船中15匹。 今日はサバ＆ソウダに邪魔されましたー。 いろいろ釣れますよ！特大アジ五目＾＾！ ご予約お待ちしております。,27.2℃,NULL,chowari/村正丸
村正丸,伊東,2026/09/01,1,0,メジナ,メジナ,サブ,メジナ,NULL,,,,0,,,,,NULL,静岡県 伊東市 伊東港,NULL,NULL,1,NULL,NULL,27.2,27.2,NULL,北東,4.5m/s,中潮,東南東 0.8m/s,晴れ後時々曇り,NULL,NULL,NULL,ジャンボアジ船中15匹。 今日はサバ＆ソウダに邪魔されましたー。 いろいろ釣れますよ！特大アジ五目＾＾！ ご予約お待ちしております。,27.2℃,NULL,chowari/村正丸
村正丸,伊東,2026/09/02,1,0,アジ,アジ,メイン,アジ,NULL,5.0,5.0,5.0,0,35.0,48.0,,,NULL,静岡県 伊東市 伊東港,NULL,NULL,1,NULL,NULL,27.7,27.7,NULL,東北東,1.6m/s,中潮,東南東 0.7m/s,晴れ後時々曇り,イトヨリ・イナダ・カイワリ・サバ・ソウダ・ハナダイ・マダイ,NULL,NULL,ジャンボアジ船中10匹。 マダイとカイワリが多くなってきました！！ ご予約お待ちしております。,27.7℃,NULL,chowari/村正丸
村正丸,伊東,2026/09/02,1,0,イトヨリ,イトヨリ,サブ,イトヨリ,NULL,,,,0,,,,,NULL,静岡県 伊東市 伊東港,NULL,NULL,1,NULL,NULL,27.7,27.7,NULL,東北東,1.6m/s,中潮,東南東 0.7m/s,晴れ後時々曇り,NULL,NULL,NULL,ジャンボアジ船中10匹。 マダイとカイワリが多くなってきました！！ ご予約お待ちしております。,27.7℃,NULL,chowari/村正丸
村正丸,伊東,2026/09/02,1,0,イナダ,イナダ,サブ,イナダ,NULL,,,,0,,,,,NULL,静岡県 伊東市 伊東港,NULL,NULL,1,NULL,NULL,27.7,27.7,NULL,東北東,1.6m/s,中潮,東南東 0.7m/s,晴れ後時々曇り,NULL,NULL,NULL,ジャンボアジ船中10匹。 マダイとカイワリが多くなってきました！！ ご予約お待ちしております。,27.7℃,NULL,chowari/村正丸
村正丸,伊東,2026/09/02,1,0,カイワリ,カイワリ,サブ,カイワリ,NULL,16.0,16.0,16.0,0,,,,,NULL,静岡県 伊東市 伊東港,NULL,NULL,1,NULL,NULL,27.7,27.7,NULL,東北東,1.6m/s,中潮,東南東 0.7m/s,晴れ後時々曇り,NULL,NULL,NULL,ジャンボアジ船中10匹。 マダイとカイワリが多くなってきました！！ ご予約お待ちしております。,27.7℃,NULL,chowari/村正丸
村正丸,伊東,2026/09/02,1,0,サバ,サバ,サブ,サバ,NULL,,,,0,,,,,NULL,静岡県 伊東市 伊東港,NULL,NULL,1,NULL,NULL,27.7,27.7,NULL,東北東,1.6m/s,中潮,東南東 0.7m/s,晴れ後時々曇り,NULL,NULL,NULL,ジャンボアジ船中10匹。 マダイとカイワリが多くなってきました！！ ご予約お待ちしております。,27.7℃,NULL,chowari/村正丸
村正丸,伊東,2026/09/02,1,0,ソウダ,NULL,サブ,ソウダ,NULL,,,,0,,,,,NULL,静岡県 伊東市 伊東港,NULL,NULL,1,NULL,NULL,27.7,27.7,NULL,東北東,1.6m/s,中潮,東南東 0.7m/s,晴れ後時々曇り,NULL,NULL,NULL,ジャンボアジ船中10匹。 マダイとカイワリが多くなってきました！！ ご予約お待ちしております。,27.7℃,NULL,chowari/村正丸
村正丸,伊東,2026/09/02,1,0,ハナダイ,ハナダイ,サブ,ハナダイ,NULL,,,,0,,,,,NULL,静岡県 伊東市 伊東港,NULL,NULL,1,NULL,NULL,27.7,27.7,NULL,東北東,1.6m/s,中潮,東南東 0.7m/s,晴れ後時々曇り,NULL,NULL,NULL,ジャンボアジ船中10匹。 マダイとカイワリが多くなってきました！！ ご予約お待ちしております。,27.7℃,NULL,chowari/村正丸
村正丸,伊東,2026/09/02,1,0,マダイ,マダイ,サブ,マダイ,NULL,,,,0,,,,,NULL,静岡県 伊東市 伊東港,NULL,NULL,1,NULL,NULL,27.7,27.7,NULL,東北東,1.6m/s,中潮,東南東 0.7m/s,晴れ後時々曇り,NULL,NULL,NULL,ジャンボアジ船中10匹。 マダイとカイワリが多くなってきました！！ ご予約お待ちしております。,27.7℃,NULL,chowari/村正丸
村正丸,伊東,2026/09/09,1,0,アジ,アジ,メイン,アジ,NULL,10.0,10.0,10.0,0,35.0,48.0,,,NULL,静岡県 伊東市 伊東港,NULL,NULL,1,NULL,NULL,27.4,27.4,NULL,南西,6.4m/s,中潮,南 1.9m/s,雨,イトヨリ・カイワリ・サバ・ソウダ・マダイ,NULL,NULL,ジャンボアジは朝好調でした。 ご予約お待ちしております。,27.4℃,NULL,chowari/村正丸
村正丸,伊東,2026/09/09,1,0,イトヨリ,イトヨリ,サブ,イトヨリ,NULL,,,,0,,,,,NULL,静岡県 伊東市 伊東港,NULL,NULL,1,NULL,NULL,27.4,27.4,NULL,南西,6.4m/s,中潮,南 1.9m/s,雨,NULL,NULL,NULL,ジャンボアジは朝好調でした。 ご予約お待ちしております。,27.4℃,NULL,chowari/村正丸
村正丸,伊東,2026/09/09,1,0,カイワリ,カイワリ,サブ,カイワリ,NULL,,,,0,,,,,NULL,静岡県 伊東市 伊東港,NULL,NULL,1,NULL,NULL,27.4,27.4,NULL,南西,6.4m/s,中潮,南 1.9m/s,雨,NULL,NULL,NULL,ジャンボアジは朝好調でした。 ご予約お待ちしております。,27.4℃,NULL,chowari/村正丸
村正丸,伊東,2026/09/09,1,0,サバ,サバ,サブ,サバ,NULL,,,,0,,,,,NULL,静岡県 伊東市 伊東港,NULL,NULL,1,NULL,NULL,27.4,27.4,NULL,南西,6.4m/s,中潮,南 1.9m/s,雨,NULL,NULL,NULL,ジャンボアジは朝好調でした。 ご予約お待ちしております。,27.4℃,NULL,chowari/村正丸
村正丸,伊東,2026/09/09,1,0,ソウダ,NULL,サブ,ソウダ,NULL,,,,0,,,,,NULL,静岡県 伊東市 伊東港,NULL,NULL,1,NULL,NULL,27.4,27.4,NULL,南西,6.4m/s,中潮,南 1.9m/s,雨,NULL,NULL,NULL,ジャンボアジは朝好調でした。 ご予約お待ちしております。,27.4℃,NULL,chowari/村正丸
村正丸,伊東,2026/09/09,1,0,マダイ,マダイ,サブ,マダイ,NULL,2.0,2.0,2.0,0,,,,,NULL,静岡県 伊東市 伊東港,NULL,NULL,1,NULL,NULL,27.4,27.4,NULL,南西,6.4m/s,中潮,南 1.9m/s,雨,NULL,NULL,NULL,ジャンボアジは朝好調でした。 ご予約お待ちしております。,27.4℃,NULL,chowari/村正丸
村正丸,伊東,2026/09/12,1,0,アジ,アジ,メイン,アジ,NULL,3.0,3.0,3.0,0,35.0,50.0,,,NULL,静岡県 伊東市 伊東港,NULL,NULL,1,NULL,NULL,26.8,26.8,NULL,北北東,5.4m/s,大潮,東南東 0.9m/s,曇り,イサキ・イナダ・カイワリ・サバ・ソウダ・マダイ・メイチダイ,NULL,NULL,朝シマアジ狙いましたが不発でした。 後半ジャンボアジ五目やりました。,26.8℃,NULL,chowari/村正丸
村正丸,伊東,2026/09/12,1,0,イサキ,イサキ,サブ,イサキ,NULL,,,,0,,,,,NULL,静岡県 伊東市 伊東港,NULL,NULL,1,NULL,NULL,26.8,26.8,NULL,北北東,5.4m/s,大潮,東南東 0.9m/s,曇り,NULL,NULL,NULL,朝シマアジ狙いましたが不発でした。 後半ジャンボアジ五目やりました。,26.8℃,NULL,chowari/村正丸
村正丸,伊東,2026/09/12,1,0,イナダ,イナダ,サブ,イナダ,NULL,,,,0,,,,,NULL,静岡県 伊東市 伊東港,NULL,NULL,1,NULL,NULL,26.8,26.8,NULL,北北東,5.4m/s,大潮,東南東 0.9m/s,曇り,NULL,NULL,NULL,朝シマアジ狙いましたが不発でした。 後半ジャンボアジ五目やりました。,26.8℃,NULL,chowari/村正丸
村正丸,伊東,2026/09/12,1,0,カイワリ,カイワリ,サブ,カイワリ,NULL,,,,0,,,,,NULL,静岡県 伊東市 伊東港,NULL,NULL,1,NULL,NULL,26.8,26.8,NULL,北北東,5.4m/s,大潮,東南東 0.9m/s,曇り,NULL,NULL,NULL,朝シマアジ狙いましたが不発でした。 後半ジャンボアジ五目やりました。,26.8℃,NULL,chowari/村正丸
村正丸,伊東,2026/09/12,1,0,サバ,サバ,サブ,サバ,NULL,,,,0,,,,,NULL,静岡県 伊東市 伊東港,NULL,NULL,1,NULL,NULL,26.8,26.8,NULL,北北東,5.4m/s,大潮,東南東 0.9m/s,曇り,NULL,NULL,NULL,朝シマアジ狙いましたが不発でした。 後半ジャンボアジ五目やりました。,26.8℃,NULL,chowari/村正丸
村正丸,伊東,2026/09/12,1,0,ソウダ,NULL,サブ,ソウダ,NULL,,,,0,,,,,NULL,静岡県 伊東市 伊東港,NULL,NULL,1,NULL,NULL,26.8,26.8,NULL,北北東,5.4m/s,大潮,東南東 0.9m/s,曇り,NULL,NULL,NULL,朝シマアジ狙いましたが不発でした。 後半ジャンボアジ五目やりました。,26.8℃,NULL,chowari/村正丸
村正丸,伊東,2026/09/12,1,0,マダイ,マダイ,サブ,マダイ,NULL,2.0,2.0,2.0,0,,,,,NULL,静岡県 伊東市 伊東港,NULL,NULL,1,NULL,NULL,26.8,26.8,NULL,北北東,5.4m/s,大潮,東南東 0.9m/s,曇り,NULL,NULL,NULL,朝シマアジ狙いましたが不発でした。 後半ジャンボアジ五目やりました。,26.8℃,NULL,chowari/村正丸
村正丸,伊東,2026/09/12,1,0,メイチダイ,NULL,サブ,メイチダイ,NULL,,,,0,,,,,NULL,静岡県 伊東市 伊東港,NULL,NULL,1,NULL,NULL,26.8,26.8,NULL,北北東,5.4m/s,大潮,東南東 0.9m/s,曇り,NULL,NULL,NULL,朝シマアジ狙いましたが不発でした。 後半ジャンボアジ五目やりました。,26.8℃,NULL,chowari/村正丸
村正丸,伊東,2026/09/13,1,0,アオハタ,ハタ,サブ,アオハタ,NULL,,,,0,,,,,NULL,静岡県 伊東市 伊東港,NULL,NULL,1,NULL,NULL,26.1,26.1,NULL,北北東,3.7m/s,中潮,東南東 0.8m/s,曇り,NULL,NULL,NULL,サバとソウダが邪魔でしたー,26.1℃,NULL,chowari/村正丸
村正丸,伊東,2026/09/13,1,0,アジ,アジ,メイン,アジ,NULL,4.0,4.0,4.0,0,35.0,50.0,,,NULL,静岡県 伊東市 伊東港,NULL,NULL,1,NULL,NULL,26.1,26.1,NULL,北北東,3.7m/s,中潮,東南東 0.8m/s,曇り,アオハタ・イサキ・カイワリ・サバ・ソウダ・ハナダイ・ホウボウ・マダイ・メジナ,NULL,NULL,サバとソウダが邪魔でしたー,26.1℃,NULL,chowari/村正丸
村正丸,伊東,2026/09/13,1,0,イサキ,イサキ,サブ,イサキ,NULL,,,,0,,,,,NULL,静岡県 伊東市 伊東港,NULL,NULL,1,NULL,NULL,26.1,26.1,NULL,北北東,3.7m/s,中潮,東南東 0.8m/s,曇り,NULL,NULL,NULL,サバとソウダが邪魔でしたー,26.1℃,NULL,chowari/村正丸
村正丸,伊東,2026/09/13,1,0,カイワリ,カイワリ,サブ,カイワリ,NULL,,,,0,,,,,NULL,静岡県 伊東市 伊東港,NULL,NULL,1,NULL,NULL,26.1,26.1,NULL,北北東,3.7m/s,中潮,東南東 0.8m/s,曇り,NULL,NULL,NULL,サバとソウダが邪魔でしたー,26.1℃,NULL,chowari/村正丸
村正丸,伊東,2026/09/13,1,0,サバ,サバ,サブ,サバ,NULL,,,,0,,,,,NULL,静岡県 伊東市 伊東港,NULL,NULL,1,NULL,NULL,26.1,26.1,NULL,北北東,3.7m/s,中潮,東南東 0.8m/s,曇り,NULL,NULL,NULL,サバとソウダが邪魔でしたー,26.1℃,NULL,chowari/村正丸
村正丸,伊東,2026/09/13,1,0,ソウダ,NULL,サブ,ソウダ,NULL,,,,0,,,,,NULL,静岡県 伊東市 伊東港,NULL,NULL,1,NULL,NULL,26.1,26.1,NULL,北北東,3.7m/s,中潮,東南東 0.8m/s,曇り,NULL,NULL,NULL,サバとソウダが邪魔でしたー,26.1℃,NULL,chowari/村正丸
村正丸,伊東,2026/09/13,1,0,ハナダイ,ハナダイ,サブ,ハナダイ,NULL,,,,0,,,,,NULL,静岡県 伊東市 伊東港,NULL,NULL,1,NULL,NULL,26.1,26.1,NULL,北北東,3.7m/s,中潮,東南東 0.8m/s,曇り,NULL,NULL,NULL,サバとソウダが邪魔でしたー,26.1℃,NULL,chowari/村正丸
村正丸,伊東,2026/09/13,1,0,ホウボウ,ホウボウ,サブ,ホウボウ,NULL,,,,0,,,,,NULL,静岡県 伊東市 伊東港,NULL,NULL,1,NULL,NULL,26.1,26.1,NULL,北北東,3.7m/s,中潮,東南東 0.8m/s,曇り,NULL,NULL,NULL,サバとソウダが邪魔でしたー,26.1℃,NULL,chowari/村正丸
村正丸,伊東,2026/09/13,1,0,マダイ,マダイ,サブ,マダイ,NULL,4.0,4.0,4.0,0,,,,,NULL,静岡県 伊東市 伊東港,NULL,NULL,1,NULL,NULL,26.1,26.1,NULL,北北東,3.7m/s,中潮,東南東 0.8m/s,曇り,NULL,NULL,NULL,サバとソウダが邪魔でしたー,26.1℃,NULL,chowari/村正丸
村正丸,伊東,2026/09/13,1,0,メジナ,メジナ,サブ,メジナ,NULL,,,,0,,,,,NULL,静岡県 伊東市 伊東港,NULL,NULL,1,NULL,NULL,26.1,26.1,NULL,北北東,3.7m/s,中潮,東南東 0.8m/s,曇り,NULL,NULL,NULL,サバとソウダが邪魔でしたー,26.1℃,NULL,chowari/村正丸
松栄丸,大原港,2026/09/01,1,0,ヒラメ,ヒラメ,メイン,ヒラメ,NULL,5.0,5.0,5.0,0,,,3.5,3.5,NULL,千葉県 いすみ市 大原港,NULL,NULL,1,NULL,NULL,28.0,28.0,NULL,北東,3.1m/s,中潮,東 1.3m/s,曇り,マダイ・マハタ,NULL,NULL,ヒラメ.マハタは、潮の流れ無く苦戦しながらもポイント移動しながら何処でもヒラメ.マハタの型あり。 ヒラメのトップは5匹で2番手も4匹！ 大鯛も！,28.0℃,NULL,chowari/松栄丸
松栄丸,大原港,2026/09/01,1,0,マダイ,マダイ,サブ,マダイ,NULL,,,,0,,,3.5,3.5,NULL,千葉県 いすみ市 大原港,NULL,NULL,1,NULL,NULL,28.0,28.0,NULL,北東,3.1m/s,中潮,東 1.3m/s,曇り,NULL,NULL,NULL,ヒラメ.マハタは、潮の流れ無く苦戦しながらもポイント移動しながら何処でもヒラメ.マハタの型あり。 ヒラメのトップは5匹で2番手も4匹！ 大鯛も！,28.0℃,NULL,chowari/松栄丸
松栄丸,大原港,2026/09/01,1,0,マハタ,マハタ,サブ,マハタ,NULL,2.0,2.0,2.0,0,,,2.5,2.5,NULL,千葉県 いすみ市 大原港,NULL,NULL,1,NULL,NULL,28.0,28.0,NULL,北東,3.1m/s,中潮,東 1.3m/s,曇り,NULL,NULL,NULL,ヒラメ.マハタは、潮の流れ無く苦戦しながらもポイント移動しながら何処でもヒラメ.マハタの型あり。 ヒラメのトップは5匹で2番手も4匹！ 大鯛も！,28.0℃,NULL,chowari/松栄丸
松栄丸,大原港,2026/09/01,2,0,ショウサイフグ,ショウサイフグ,メイン,ショウサイフグ,NULL,1.0,8.0,4.5,0,45.0,45.0,,,NULL,千葉県 いすみ市 大原港,NULL,NULL,1,NULL,NULL,28.0,28.0,NULL,北東,3.1m/s,中潮,東 1.3m/s,曇り,トラフグ,NULL,NULL,ショウサイフグはほとんど大型でしたが数伸びず。,28.0℃,NULL,chowari/松栄丸
松栄丸,大原港,2026/09/01,2,0,トラフグ,トラフグ,サブ,トラフグ,NULL,2.0,2.0,2.0,0,,,,,NULL,千葉県 いすみ市 大原港,NULL,NULL,1,NULL,NULL,28.0,28.0,NULL,北東,3.1m/s,中潮,東 1.3m/s,曇り,NULL,NULL,NULL,ショウサイフグはほとんど大型でしたが数伸びず。,28.0℃,NULL,chowari/松栄丸
松栄丸,大原港,2026/09/02,1,0,ショウサイフグ,ショウサイフグ,メイン,ショウサイフグ,NULL,20.0,20.0,20.0,0,,,,,NULL,千葉県 いすみ市 大原港,NULL,NULL,1,NULL,NULL,28.5,28.5,NULL,南東,1.7m/s,中潮,東 1.2m/s,曇り時々晴れ,,NULL,NULL,フグは朝の内は良型交じりポツポツと当たる。,28.5℃,NULL,chowari/松栄丸
松栄丸,大原港,2026/09/02,1,0,ヒラメ,ヒラメ,メイン,ヒラメ,NULL,5.0,5.0,5.0,0,,,3.5,3.5,NULL,千葉県 いすみ市 大原港,NULL,NULL,1,NULL,NULL,28.5,28.5,NULL,南東,1.7m/s,中潮,東 1.2m/s・凪,曇り時々晴れ,マハタ,NULL,NULL,ヒラメ.マハタは今日もいい凪で釣り安くヒラメ，マハタはみんな良型主！ ヒラメのトップは5匹で最大3.5k！今日も2番手は4匹でした。 マハタはトップ１匹で最大4.0k！,28.5℃,NULL,chowari/松栄丸
松栄丸,大原港,2026/09/02,1,0,マハタ,マハタ,サブ,マハタ,NULL,1.0,1.0,1.0,0,,,4.0,4.0,NULL,千葉県 いすみ市 大原港,NULL,NULL,1,NULL,NULL,28.5,28.5,NULL,南東,1.7m/s,中潮,東 1.2m/s・凪,曇り時々晴れ,NULL,NULL,NULL,ヒラメ.マハタは今日もいい凪で釣り安くヒラメ，マハタはみんな良型主！ ヒラメのトップは5匹で最大3.5k！今日も2番手は4匹でした。 マハタはトップ１匹で最大4.0k！,28.5℃,NULL,chowari/松栄丸
松栄丸,大原港,2026/09/02,2,0,ヒラメ,ヒラメ,メイン,ヒラメ,NULL,5.0,5.0,5.0,0,,,3.5,3.5,NULL,千葉県 いすみ市 大原港,NULL,NULL,1,NULL,NULL,28.5,28.5,NULL,南東,1.7m/s,中潮,東 1.2m/s・凪,曇り時々晴れ,マハタ,NULL,NULL,ヒラメ.マハタは今日もいい凪で釣り安くヒラメ，マハタはみんな良型主！ ヒラメのトップは5匹で最大3.5k！今日も2番手は4匹でした。 マハタはトップ１匹で最大4.0k！,28.5℃,NULL,chowari/松栄丸
松栄丸,大原港,2026/09/02,2,0,マハタ,マハタ,サブ,マハタ,NULL,1.0,1.0,1.0,0,,,4.0,4.0,NULL,千葉県 いすみ市 大原港,NULL,NULL,1,NULL,NULL,28.5,28.5,NULL,南東,1.7m/s,中潮,東 1.2m/s・凪,曇り時々晴れ,NULL,NULL,NULL,ヒラメ.マハタは今日もいい凪で釣り安くヒラメ，マハタはみんな良型主！ ヒラメのトップは5匹で最大3.5k！今日も2番手は4匹でした。 マハタはトップ１匹で最大4.0k！,28.5℃,NULL,chowari/松栄丸
松栄丸,大原港,2026/09/04,1,0,ショウサイフグ,ショウサイフグ,メイン,ショウサイフグ,NULL,15.0,15.0,15.0,0,,,,,NULL,千葉県 いすみ市 大原港,NULL,NULL,1,NULL,NULL,28.8,28.8,NULL,北北東,1.6m/s,小潮,南東 0.9m/s,雨時々止む,トラフグ,NULL,NULL,ショウサイフグはなかなか厳しく、何とかトップは15匹で大型が多い！,28.8℃,NULL,chowari/松栄丸
松栄丸,大原港,2026/09/04,1,0,トラフグ,トラフグ,サブ,トラフグ,NULL,,,,0,,,,,NULL,千葉県 いすみ市 大原港,NULL,NULL,1,NULL,NULL,28.8,28.8,NULL,北北東,1.6m/s,小潮,南東 0.9m/s,雨時々止む,NULL,NULL,NULL,ショウサイフグはなかなか厳しく、何とかトップは15匹で大型が多い！,28.8℃,NULL,chowari/松栄丸
松栄丸,大原港,2026/09/04,2,0,ヒラメ,ヒラメ,サブ,ヒラメ,NULL,2.0,2.0,2.0,0,,,4.8,4.8,NULL,千葉県 いすみ市 大原港,NULL,NULL,1,NULL,NULL,28.8,28.8,NULL,北北東,1.6m/s,小潮,南東 0.9m/s・凪,雨時々止む,NULL,NULL,NULL,ヒラメ.マハタは今日もいい凪でしたが、朝一のポイントは潮が激早でマハタの型見てすぐに退却。 流れの弱い何処で、移動するたびにヒラメ.マハタの型有り！マハタはボーズ無し！,28.8℃,NULL,chowari/松栄丸
松栄丸,大原港,2026/09/04,2,0,マハタ,マハタ,メイン,マハタ,NULL,7.0,7.0,7.0,0,,,2.5,2.5,NULL,千葉県 いすみ市 大原港,NULL,NULL,1,NULL,NULL,28.8,28.8,NULL,北北東,1.6m/s,小潮,南東 0.9m/s・凪,雨時々止む,ヒラメ,NULL,NULL,ヒラメ.マハタは今日もいい凪でしたが、朝一のポイントは潮が激早でマハタの型見てすぐに退却。 流れの弱い何処で、移動するたびにヒラメ.マハタの型有り！マハタはボーズ無し！,28.8℃,NULL,chowari/松栄丸
松栄丸,大原港,2026/09/05,1,0,ショウサイフグ,ショウサイフグ,メイン,ショウサイフグ,NULL,11.0,11.0,11.0,0,,,,,NULL,千葉県 いすみ市 大原港,NULL,NULL,1,NULL,NULL,28.3,28.3,NULL,東北東,2.3m/s,小潮,東南東 1.3m/s,曇り,トラフグ,NULL,NULL,ショウサイフグは今日もなかなか厳しく、何とかトップは11匹大型ばかり！ トラフグも交じりました。,28.3℃,NULL,chowari/松栄丸
松栄丸,大原港,2026/09/05,1,0,トラフグ,トラフグ,サブ,トラフグ,NULL,,,,0,,,,,NULL,千葉県 いすみ市 大原港,NULL,NULL,1,NULL,NULL,28.3,28.3,NULL,東北東,2.3m/s,小潮,東南東 1.3m/s,曇り,NULL,NULL,NULL,ショウサイフグは今日もなかなか厳しく、何とかトップは11匹大型ばかり！ トラフグも交じりました。,28.3℃,NULL,chowari/松栄丸
松栄丸,大原港,2026/09/05,2,0,ヒラメ,ヒラメ,サブ,ヒラメ,NULL,3.0,3.0,3.0,0,,,4.5,4.5,NULL,千葉県 いすみ市 大原港,NULL,NULL,1,NULL,NULL,28.3,28.3,NULL,東北東,2.3m/s,小潮,東南東 1.3m/s,曇り,NULL,NULL,NULL,ヒラメ.マハタは潮の流れがどこのポイントも早すぎ、なんとか流すたびに魚の型有りました。,28.3℃,NULL,chowari/松栄丸
松栄丸,大原港,2026/09/05,2,0,マハタ,マハタ,メイン,マハタ,NULL,4.0,4.0,4.0,0,,,1.5,1.5,NULL,千葉県 いすみ市 大原港,NULL,NULL,1,NULL,NULL,28.3,28.3,NULL,東北東,2.3m/s,小潮,東南東 1.3m/s,曇り,ヒラメ,NULL,NULL,ヒラメ.マハタは潮の流れがどこのポイントも早すぎ、なんとか流すたびに魚の型有りました。,28.3℃,NULL,chowari/松栄丸
松栄丸,大原港,2026/09/09,1,0,ヒラメ,ヒラメ,サブ,ヒラメ,NULL,3.0,3.0,3.0,0,,,3.5,3.5,NULL,案外沖,NULL,NULL,1,NULL,NULL,28.0,28.0,濁り,南南西,5.4m/s,中潮,南 2.3m/s,曇りのち一時雨,NULL,NULL,NULL,今日はマハタ.ヒラメ狙いに出船‼️ 朝から南の風が強くてどうかなって思いながら港出て、案外沖のポイントに行けましたが流れ無く、濁りきつく朝一はアタリ無く途中からアタリ出しなんとか釣れました。 人数揃えばタイラバ、ビンビンスイッチ専門で餌無しのマダイ狙いも出船します。,28.0℃,NULL,chowari/松栄丸
松栄丸,大原港,2026/09/09,1,0,マハタ,マハタ,メイン,マハタ,NULL,2.0,2.0,2.0,0,,,0.4,0.4,NULL,案外沖,NULL,NULL,1,NULL,NULL,28.0,28.0,濁り,南南西,5.4m/s,中潮,南 2.3m/s,曇りのち一時雨,ヒラメ,NULL,NULL,今日はマハタ.ヒラメ狙いに出船‼️ 朝から南の風が強くてどうかなって思いながら港出て、案外沖のポイントに行けましたが流れ無く、濁りきつく朝一はアタリ無く途中からアタリ出しなんとか釣れました。 人数揃えばタイラバ、ビンビンスイッチ専門で餌無しのマダイ狙いも出船します。,28.0℃,NULL,chowari/松栄丸
松栄丸,大原港,2026/09/11,1,0,ヒラメ,ヒラメ,メイン,ヒラメ,NULL,3.0,3.0,3.0,0,,,3.5,3.5,NULL,千葉県 いすみ市 大原港,NULL,NULL,1,NULL,NULL,27.8,27.8,NULL,北北東,2.2m/s,大潮,東南東 1.1m/s,雨,マダイ・マハタ・ワラサ,NULL,NULL,今日はマハタ.ヒラメ狙いに出船。 お天気が悪くてかないません。 マハタ、ヒラメ共にポツポツアタリました。 ゲストにマダイの3kと6k交じる。,27.8℃,NULL,chowari/松栄丸
松栄丸,大原港,2026/09/11,1,0,マダイ,マダイ,サブ,マダイ,NULL,,,,0,,,6.0,6.0,NULL,千葉県 いすみ市 大原港,NULL,NULL,1,NULL,NULL,27.8,27.8,NULL,北北東,2.2m/s,大潮,東南東 1.1m/s,雨,NULL,NULL,NULL,今日はマハタ.ヒラメ狙いに出船。 お天気が悪くてかないません。 マハタ、ヒラメ共にポツポツアタリました。 ゲストにマダイの3kと6k交じる。,27.8℃,NULL,chowari/松栄丸
松栄丸,大原港,2026/09/11,1,0,マハタ,マハタ,サブ,マハタ,NULL,1.0,1.0,1.0,0,,,1.3,1.3,NULL,千葉県 いすみ市 大原港,NULL,NULL,1,NULL,NULL,27.8,27.8,NULL,北北東,2.2m/s,大潮,東南東 1.1m/s,雨,NULL,NULL,NULL,今日はマハタ.ヒラメ狙いに出船。 お天気が悪くてかないません。 マハタ、ヒラメ共にポツポツアタリました。 ゲストにマダイの3kと6k交じる。,27.8℃,NULL,chowari/松栄丸
松栄丸,大原港,2026/09/11,1,0,ワラサ,ワラサ,サブ,ワラサ,NULL,,,,0,,,,,NULL,千葉県 いすみ市 大原港,NULL,NULL,1,NULL,NULL,27.8,27.8,NULL,北北東,2.2m/s,大潮,東南東 1.1m/s,雨,NULL,NULL,NULL,今日はマハタ.ヒラメ狙いに出船。 お天気が悪くてかないません。 マハタ、ヒラメ共にポツポツアタリました。 ゲストにマダイの3kと6k交じる。,27.8℃,NULL,chowari/松栄丸
松栄丸,大原港,2026/09/12,1,0,ショウサイフグ,ショウサイフグ,メイン,ショウサイフグ,NULL,5.0,5.0,5.0,0,,,,,NULL,千葉県 いすみ市 大原港,NULL,NULL,1,NULL,NULL,26.8,26.8,NULL,北北東,3.3m/s,大潮,東 1.2m/s,曇り,,NULL,NULL,ショウサイフグは釣れれば大型でしたが、アタリ渋めでした。,26.8℃,NULL,chowari/松栄丸
松栄丸,大原港,2026/09/12,1,0,マダイ,マダイ,メイン,マダイ,NULL,15.0,15.0,15.0,0,,,4.0,4.0,NULL,千葉県 いすみ市 大原港,NULL,NULL,1,NULL,NULL,26.8,26.8,NULL,北北東,3.3m/s,大潮,東 1.2m/s,曇り,,NULL,NULL,午後テンヤマダイ釣り。 アタリ活発！,26.8℃,NULL,chowari/松栄丸
松栄丸,大原港,2026/09/12,2,0,ショウサイフグ,ショウサイフグ,メイン,ショウサイフグ,NULL,5.0,5.0,5.0,0,,,,,NULL,千葉県 いすみ市 大原港,NULL,NULL,1,NULL,NULL,26.8,26.8,NULL,北北東,3.3m/s,大潮,東 1.2m/s,曇り,,NULL,NULL,ショウサイフグは釣れれば大型でしたが、アタリ渋めでした。,26.8℃,NULL,chowari/松栄丸
松栄丸,大原港,2026/09/12,2,0,ヒラマサ,ヒラマサ,サブ,ヒラマサ,NULL,,,,0,,,,,NULL,朝一沖,NULL,NULL,1,NULL,NULL,26.8,26.8,NULL,北北東,3.3m/s,大潮,東 1.2m/s,曇り,NULL,NULL,NULL,今日はマハタ.ヒラメ狙いとショウサイフグ狙いに出船！ 朝一沖の深場狙い、ヒラメの型はあるんだけど潮が2枚潮でオマツリが多くて大苦戦、だんだん浅場に。,26.8℃,NULL,chowari/松栄丸
松栄丸,大原港,2026/09/12,2,0,ヒラメ,ヒラメ,サブ,ヒラメ,NULL,2.0,2.0,2.0,0,,,4.0,4.0,NULL,朝一沖,NULL,NULL,1,NULL,NULL,26.8,26.8,NULL,北北東,3.3m/s,大潮,東 1.2m/s,曇り,NULL,NULL,NULL,今日はマハタ.ヒラメ狙いとショウサイフグ狙いに出船！ 朝一沖の深場狙い、ヒラメの型はあるんだけど潮が2枚潮でオマツリが多くて大苦戦、だんだん浅場に。,26.8℃,NULL,chowari/松栄丸
松栄丸,大原港,2026/09/12,2,0,マハタ,マハタ,メイン,マハタ,NULL,2.0,2.0,2.0,0,,,2.5,2.5,NULL,朝一沖,NULL,NULL,1,NULL,NULL,26.8,26.8,NULL,北北東,3.3m/s,大潮,東 1.2m/s,曇り,ヒラマサ・ヒラメ・ワラサ,NULL,NULL,今日はマハタ.ヒラメ狙いとショウサイフグ狙いに出船！ 朝一沖の深場狙い、ヒラメの型はあるんだけど潮が2枚潮でオマツリが多くて大苦戦、だんだん浅場に。,26.8℃,NULL,chowari/松栄丸
松栄丸,大原港,2026/09/12,2,0,ワラサ,ワラサ,サブ,ワラサ,NULL,,,,0,,,,,NULL,朝一沖,NULL,NULL,1,NULL,NULL,26.8,26.8,NULL,北北東,3.3m/s,大潮,東 1.2m/s,曇り,NULL,NULL,NULL,今日はマハタ.ヒラメ狙いとショウサイフグ狙いに出船！ 朝一沖の深場狙い、ヒラメの型はあるんだけど潮が2枚潮でオマツリが多くて大苦戦、だんだん浅場に。,26.8℃,NULL,chowari/松栄丸
松栄丸,大原港,2026/09/12,3,0,ヒラマサ,ヒラマサ,サブ,ヒラマサ,NULL,,,,0,,,,,NULL,朝一沖,NULL,NULL,1,NULL,NULL,26.8,26.8,NULL,北北東,3.3m/s,大潮,東 1.2m/s,曇り,NULL,NULL,NULL,今日はマハタ.ヒラメ狙いとショウサイフグ狙いに出船！ 朝一沖の深場狙い、ヒラメの型はあるんだけど潮が2枚潮でオマツリが多くて大苦戦、だんだん浅場に。,26.8℃,NULL,chowari/松栄丸
松栄丸,大原港,2026/09/12,3,0,ヒラメ,ヒラメ,サブ,ヒラメ,NULL,2.0,2.0,2.0,0,,,4.0,4.0,NULL,朝一沖,NULL,NULL,1,NULL,NULL,26.8,26.8,NULL,北北東,3.3m/s,大潮,東 1.2m/s,曇り,NULL,NULL,NULL,今日はマハタ.ヒラメ狙いとショウサイフグ狙いに出船！ 朝一沖の深場狙い、ヒラメの型はあるんだけど潮が2枚潮でオマツリが多くて大苦戦、だんだん浅場に。,26.8℃,NULL,chowari/松栄丸
松栄丸,大原港,2026/09/12,3,0,マハタ,マハタ,メイン,マハタ,NULL,2.0,2.0,2.0,0,,,2.5,2.5,NULL,朝一沖,NULL,NULL,1,NULL,NULL,26.8,26.8,NULL,北北東,3.3m/s,大潮,東 1.2m/s,曇り,ヒラマサ・ヒラメ・ワラサ,NULL,NULL,今日はマハタ.ヒラメ狙いとショウサイフグ狙いに出船！ 朝一沖の深場狙い、ヒラメの型はあるんだけど潮が2枚潮でオマツリが多くて大苦戦、だんだん浅場に。,26.8℃,NULL,chowari/松栄丸
松栄丸,大原港,2026/09/12,3,0,ワラサ,ワラサ,サブ,ワラサ,NULL,,,,0,,,,,NULL,朝一沖,NULL,NULL,1,NULL,NULL,26.8,26.8,NULL,北北東,3.3m/s,大潮,東 1.2m/s,曇り,NULL,NULL,NULL,今日はマハタ.ヒラメ狙いとショウサイフグ狙いに出船！ 朝一沖の深場狙い、ヒラメの型はあるんだけど潮が2枚潮でオマツリが多くて大苦戦、だんだん浅場に。,26.8℃,NULL,chowari/松栄丸
松栄丸,大原港,2026/09/13,1,0,ショウサイフグ,ショウサイフグ,メイン,ショウサイフグ,NULL,26.0,26.0,26.0,0,,,,,NULL,千葉県 いすみ市 大原港,NULL,NULL,1,NULL,NULL,26.1,26.1,NULL,北,2.8m/s,中潮,東 1.2m/s,曇りのち時々晴れ,,NULL,NULL,ショウサイフグは朝の内は当たらず、諦めモードでしたが、途中大型フグの反応みんなで見つけて良く釣れました。 ボーズ無し！,26.1℃,NULL,chowari/松栄丸
松栄丸,大原港,2026/09/13,1,0,マダイ,マダイ,メイン,マダイ,NULL,,,,0,,,,,NULL,千葉県 いすみ市 大原港,NULL,NULL,1,NULL,NULL,26.1,26.1,NULL,北,2.8m/s,中潮,東 1.2m/s,曇りのち時々晴れ,,NULL,NULL,午後テンヤマダイ釣り出船。 トップは10匹以上でした。,26.1℃,NULL,chowari/松栄丸
松栄丸,大原港,2026/09/13,2,0,ショウサイフグ,ショウサイフグ,メイン,ショウサイフグ,NULL,26.0,26.0,26.0,0,,,,,NULL,千葉県 いすみ市 大原港,NULL,NULL,1,NULL,NULL,26.1,26.1,NULL,北,2.8m/s,中潮,東 1.2m/s,曇りのち時々晴れ,,NULL,NULL,ショウサイフグは朝の内は当たらず、諦めモードでしたが、途中大型フグの反応みんなで見つけて良く釣れました。 ボーズ無し！,26.1℃,NULL,chowari/松栄丸
松栄丸,大原港,2026/09/13,2,0,ヒラメ,ヒラメ,サブ,ヒラメ,NULL,2.0,2.0,2.0,0,,,3.0,3.0,NULL,朝一沖,NULL,NULL,1,NULL,NULL,26.1,26.1,NULL,北,2.8m/s,中潮,東 1.2m/s,曇りのち時々晴れ,NULL,NULL,NULL,今日はマハタ.ヒラメ狙い。 朝一沖の深場狙い、今日は昨日より2枚潮がひどくで釣りに成らず、せっかく沖まで出たのに、直ぐに灘に移動。直ぐにヒラメ、マハタの型有りましたが続かず、ポイント移動は結構しました。,26.1℃,NULL,chowari/松栄丸
松栄丸,大原港,2026/09/13,2,0,マハタ,マハタ,メイン,マハタ,NULL,1.0,1.0,1.0,0,,,1.5,1.5,NULL,朝一沖,NULL,NULL,1,NULL,NULL,26.1,26.1,NULL,北,2.8m/s,中潮,東 1.2m/s,曇りのち時々晴れ,ヒラメ,NULL,NULL,今日はマハタ.ヒラメ狙い。 朝一沖の深場狙い、今日は昨日より2枚潮がひどくで釣りに成らず、せっかく沖まで出たのに、直ぐに灘に移動。直ぐにヒラメ、マハタの型有りましたが続かず、ポイント移動は結構しました。,26.1℃,NULL,chowari/松栄丸
松栄丸,大原港,2026/09/13,3,0,ヒラメ,ヒラメ,サブ,ヒラメ,NULL,2.0,2.0,2.0,0,,,3.0,3.0,NULL,朝一沖,NULL,NULL,1,NULL,NULL,26.1,26.1,NULL,北,2.8m/s,中潮,東 1.2m/s,曇りのち時々晴れ,NULL,NULL,NULL,今日はマハタ.ヒラメ狙い。 朝一沖の深場狙い、今日は昨日より2枚潮がひどくで釣りに成らず、せっかく沖まで出たのに、直ぐに灘に移動。直ぐにヒラメ、マハタの型有りましたが続かず、ポイント移動は結構しました。,26.1℃,NULL,chowari/松栄丸
松栄丸,大原港,2026/09/13,3,0,マハタ,マハタ,メイン,マハタ,NULL,1.0,1.0,1.0,0,,,1.5,1.5,NULL,朝一沖,NULL,NULL,1,NULL,NULL,26.1,26.1,NULL,北,2.8m/s,中潮,東 1.2m/s,曇りのち時々晴れ,ヒラメ,NULL,NULL,今日はマハタ.ヒラメ狙い。 朝一沖の深場狙い、今日は昨日より2枚潮がひどくで釣りに成らず、せっかく沖まで出たのに、直ぐに灘に移動。直ぐにヒラメ、マハタの型有りましたが続かず、ポイント移動は結構しました。,26.1℃,NULL,chowari/松栄丸
松栄丸,大原港,2026/09/14,1,0,キントキ,キントキ,メイン,キントキ,NULL,12.0,42.0,27.0,0,,,,,NULL,千葉県 いすみ市 大原港,NULL,NULL,1,NULL,NULL,26.0,26.0,NULL,南南西,3.4m/s,中潮,東南東 1.1m/s,晴れ後時々曇り,,NULL,NULL,キントキは爆！,26.0℃,NULL,chowari/松栄丸
松栄丸,大原港,2026/09/14,1,0,ヒラメ,ヒラメ,サブ,ヒラメ,NULL,3.0,3.0,3.0,0,,,4.8,4.8,NULL,千葉県 いすみ市 大原港,NULL,NULL,1,NULL,NULL,26.0,26.0,NULL,南南西,3.4m/s,中潮,東南東 1.1m/s,晴れ後時々曇り,NULL,NULL,NULL,マハタ・ヒラメ狙い。 今日は朝からいい感じみたいです。 昨日とまったく違う、海は分からないな。,26.0℃,NULL,chowari/松栄丸
松栄丸,大原港,2026/09/14,1,0,マハタ,マハタ,メイン,マハタ,NULL,3.0,3.0,3.0,0,,,4.3,4.3,NULL,千葉県 いすみ市 大原港,NULL,NULL,1,NULL,NULL,26.0,26.0,NULL,南南西,3.4m/s,中潮,東南東 1.1m/s,晴れ後時々曇り,ヒラメ,NULL,NULL,マハタ・ヒラメ狙い。 今日は朝からいい感じみたいです。 昨日とまったく違う、海は分からないな。,26.0℃,NULL,chowari/松栄丸
松栄丸,大原港,2026/09/14,2,0,ヒラメ,ヒラメ,サブ,ヒラメ,NULL,3.0,3.0,3.0,0,,,4.8,4.8,NULL,千葉県 いすみ市 大原港,NULL,NULL,1,NULL,NULL,26.0,26.0,NULL,南南西,3.4m/s,中潮,東南東 1.1m/s,晴れ後時々曇り,NULL,NULL,NULL,マハタ・ヒラメ狙い。 今日は朝からいい感じみたいです。 昨日とまったく違う、海は分からないな。,26.0℃,NULL,chowari/松栄丸
松栄丸,大原港,2026/09/14,2,0,マハタ,マハタ,メイン,マハタ,NULL,3.0,3.0,3.0,0,,,4.3,4.3,NULL,千葉県 いすみ市 大原港,NULL,NULL,1,NULL,NULL,26.0,26.0,NULL,南南西,3.4m/s,中潮,東南東 1.1m/s,晴れ後時々曇り,ヒラメ,NULL,NULL,マハタ・ヒラメ狙い。 今日は朝からいい感じみたいです。 昨日とまったく違う、海は分からないな。,26.0℃,NULL,chowari/松栄丸
松栄丸,大原港,2026/09/15,1,0,ショウサイフグ,ショウサイフグ,メイン,ショウサイフグ,NULL,13.0,13.0,13.0,0,38.0,38.0,,,NULL,千葉県 いすみ市 大原港,NULL,NULL,1,NULL,NULL,26.0,26.0,NULL,南西,2.6m/s,中潮,東南東 1.2m/s,雨時々止む,,NULL,NULL,ショウサイフグは朝一なかなか型出ずその内何とか型出始める！ ショウサイフグのトップはボーズ無し。ほとんど大型。,26.0℃,NULL,chowari/松栄丸
松栄丸,大原港,2026/09/15,2,0,カサゴ,カサゴ,サブ,カサゴ,NULL,,,,0,,,,,NULL,千葉県 いすみ市 大原港,NULL,NULL,1,NULL,NULL,26.0,26.0,NULL,南西,2.6m/s,中潮,東南東 1.2m/s・凪,雨時々止む,NULL,NULL,NULL,マハタ.ヒラメ狙い海はいい凪でしたが雨が邪魔で、昨日よりアタリが今一でしたが何とかお土産に！,26.0℃,NULL,chowari/松栄丸
松栄丸,大原港,2026/09/15,2,0,ヒラメ,ヒラメ,サブ,ヒラメ,NULL,1.0,1.0,1.0,0,,,3.5,3.5,NULL,千葉県 いすみ市 大原港,NULL,NULL,1,NULL,NULL,26.0,26.0,NULL,南西,2.6m/s,中潮,東南東 1.2m/s・凪,雨時々止む,NULL,NULL,NULL,マハタ.ヒラメ狙い海はいい凪でしたが雨が邪魔で、昨日よりアタリが今一でしたが何とかお土産に！,26.0℃,NULL,chowari/松栄丸
松栄丸,大原港,2026/09/15,2,0,マハタ,マハタ,メイン,マハタ,NULL,3.0,3.0,3.0,0,,,1.6,1.6,NULL,千葉県 いすみ市 大原港,NULL,NULL,1,NULL,NULL,26.0,26.0,NULL,南西,2.6m/s,中潮,東南東 1.2m/s・凪,雨時々止む,カサゴ・ヒラメ,NULL,NULL,マハタ.ヒラメ狙い海はいい凪でしたが雨が邪魔で、昨日よりアタリが今一でしたが何とかお土産に！,26.0℃,NULL,chowari/松栄丸
松栄丸,大原港,2026/09/16,1,0,ショウサイフグ,ショウサイフグ,メイン,ショウサイフグ,NULL,13.0,13.0,13.0,0,38.0,38.0,,,NULL,千葉県 いすみ市 大原港,NULL,NULL,1,NULL,NULL,25.9,25.9,NULL,北東,1.9m/s,中潮,東南東 1.1m/s,雨,,NULL,NULL,ショウサイフグは大型なんだけどアタリは今一、昨日と同じような感じでした。 ショウサイフグはボーズ無し。ほとんど大型でした。,25.9℃,NULL,chowari/松栄丸
松栄丸,大原港,2026/09/16,2,0,ヒラメ,ヒラメ,サブ,ヒラメ,NULL,1.0,1.0,1.0,0,,,2.0,2.0,NULL,千葉県 いすみ市 大原港,NULL,NULL,1,NULL,NULL,25.9,25.9,NULL,北東,1.9m/s,中潮,東南東 1.1m/s,雨,NULL,NULL,NULL,マハタ.ヒラメ狙いは潮が早くて風も有り海悪いなかでの釣り、何とかなりました。,25.9℃,NULL,chowari/松栄丸
松栄丸,大原港,2026/09/16,2,0,マハタ,マハタ,メイン,マハタ,NULL,4.0,4.0,4.0,0,,,4.0,4.0,NULL,千葉県 いすみ市 大原港,NULL,NULL,1,NULL,NULL,25.9,25.9,NULL,北東,1.9m/s,中潮,東南東 1.1m/s,雨,ヒラメ,NULL,NULL,マハタ.ヒラメ狙いは潮が早くて風も有り海悪いなかでの釣り、何とかなりました。,25.9℃,NULL,chowari/松栄丸
板倉丸,大原港,2026/09/13,1,0,ハマチ,ワラサ,メイン,ハマチ,NULL,,,,0,,,,,NULL,千葉県 いすみ市 大原港,NULL,NULL,1,NULL,NULL,26.1,26.1,NULL,北,2.8m/s,中潮・潮が流れず,東 1.2m/s,曇りのち時々晴れ,,NULL,NULL,８時ごろから、10時近くまで、誰かしら食わすので、いい人は、ツ抜け。 １人だけダメでしたが、４人で３２匹位釣れましたよ。 午後は潮が流れず、同じ場所で、４〜５匹。 流れる場所を探して、動いたら、ドコモ流れず苦戦。,26.1℃,NULL,chowari/板倉丸
柊丸,江戸川区今井水門,2026/09/05,1,0,サゴシ,サワラ,サブ,サゴシ,NULL,0.0,2.0,1.0,0,45.0,65.0,,,NULL,千葉県 木更津市 木更津港,NULL,NULL,1,NULL,NULL,27.6,27.6,NULL,東北東,2.3m/s,小潮,南西 0.2m/s,曇り,NULL,NULL,NULL,1流し目から3キャッチ 最後までポツポツとアタリ続け サワラ8サゴシ4キャッチ その他太刀魚、トラフグ,27.6℃,NULL,chowari/柊丸
柊丸,江戸川区今井水門,2026/09/05,1,0,サワラ,サワラ,メイン,サワラ,NULL,0.0,5.0,2.5,0,70.0,85.0,,,NULL,千葉県 木更津市 木更津港,NULL,NULL,1,NULL,NULL,27.6,27.6,NULL,東北東,2.3m/s,小潮,南西 0.2m/s,曇り,サゴシ・タチウオ・トラフグ,NULL,NULL,1流し目から3キャッチ 最後までポツポツとアタリ続け サワラ8サゴシ4キャッチ その他太刀魚、トラフグ,27.6℃,NULL,chowari/柊丸
柊丸,江戸川区今井水門,2026/09/05,1,0,タチウオ,タチウオ,サブ,タチウオ,NULL,0.0,1.0,0.5,0,80.0,100.0,,,NULL,千葉県 木更津市 木更津港,NULL,NULL,1,NULL,NULL,27.6,27.6,NULL,東北東,2.3m/s,小潮,南西 0.2m/s,曇り,NULL,NULL,NULL,1流し目から3キャッチ 最後までポツポツとアタリ続け サワラ8サゴシ4キャッチ その他太刀魚、トラフグ,27.6℃,NULL,chowari/柊丸
柊丸,江戸川区今井水門,2026/09/05,1,0,トラフグ,トラフグ,サブ,トラフグ,NULL,1.0,1.0,1.0,0,30.0,30.0,,,NULL,千葉県 木更津市 木更津港,NULL,NULL,1,NULL,NULL,27.6,27.6,NULL,東北東,2.3m/s,小潮,南西 0.2m/s,曇り,NULL,NULL,NULL,1流し目から3キャッチ 最後までポツポツとアタリ続け サワラ8サゴシ4キャッチ その他太刀魚、トラフグ,27.6℃,NULL,chowari/柊丸
柊丸,江戸川区今井水門,2026/09/06,1,0,サワラ,サワラ,メイン,サワラ,NULL,0.0,3.0,1.5,0,70.0,80.0,,,NULL,千葉県 木更津市 木更津港,NULL,NULL,1,NULL,NULL,27.6,27.6,NULL,北北東,5.6m/s,長潮,北 0.5m/s,雨,トラフグ,NULL,NULL,サワラ4サゴシ2 その他トラフグ,27.6℃,NULL,chowari/柊丸
柊丸,江戸川区今井水門,2026/09/06,1,0,トラフグ,トラフグ,サブ,トラフグ,NULL,1.0,1.0,1.0,0,,,1.2,1.2,NULL,千葉県 木更津市 木更津港,NULL,NULL,1,NULL,NULL,27.6,27.6,NULL,北北東,5.6m/s,長潮,北 0.5m/s,雨,NULL,NULL,NULL,サワラ4サゴシ2 その他トラフグ,27.6℃,NULL,chowari/柊丸
柊丸,江戸川区今井水門,2026/09/13,1,0,サゴシ,サワラ,サブ,サゴシ,NULL,0.0,3.0,1.5,0,50.0,68.0,,,NULL,千葉県 木更津市 木更津港,NULL,NULL,1,NULL,NULL,25.4,25.4,NULL,北,3.2m/s,中潮,北 0.2m/s,曇りのち時々晴れ,NULL,NULL,NULL,朝から沖あがりまでポツポツとアタリは続きました サワラ15サゴシ6,25.4℃,NULL,chowari/柊丸
柊丸,江戸川区今井水門,2026/09/13,1,0,サワラ,サワラ,メイン,サワラ,NULL,0.0,3.0,1.5,0,70.0,85.0,,,NULL,千葉県 木更津市 木更津港,NULL,NULL,1,NULL,NULL,25.4,25.4,NULL,北,3.2m/s,中潮,北 0.2m/s,曇りのち時々晴れ,サゴシ・タチウオ,NULL,NULL,朝から沖あがりまでポツポツとアタリは続きました サワラ15サゴシ6,25.4℃,NULL,chowari/柊丸
柊丸,江戸川区今井水門,2026/09/13,1,0,タチウオ,タチウオ,サブ,タチウオ,NULL,2.0,2.0,2.0,0,80.0,85.0,,,NULL,千葉県 木更津市 木更津港,NULL,NULL,1,NULL,NULL,25.4,25.4,NULL,北,3.2m/s,中潮,北 0.2m/s,曇りのち時々晴れ,NULL,NULL,NULL,朝から沖あがりまでポツポツとアタリは続きました サワラ15サゴシ6,25.4℃,NULL,chowari/柊丸
栄光丸,大洗港,2026/09/02,1,0,アジ,アジ,メイン,アジ,NULL,30.0,30.0,30.0,0,,,,,NULL,茨城県 東茨城郡大洗町 大洗港,NULL,NULL,1,NULL,NULL,25.0,25.0,NULL,南,1.3m/s,中潮,東 1.1m/s,曇り,,NULL,NULL,メガアジ混じりで良く釣れ、なかにはギガサイズも。 アジは良く釣れた方で３０匹前後、皆様２０匹前後はお土産になりました。,25.0℃,NULL,chowari/栄光丸
栄光丸,大洗港,2026/09/12,1,0,マダコ,マダコ,メイン,マダコ,NULL,14.0,14.0,14.0,0,,,,,NULL,茨城県 東茨城郡大洗町 大洗港,NULL,NULL,1,NULL,NULL,24.3,24.3,NULL,北東,4.1m/s,大潮,東 0.9m/s,曇り,,NULL,NULL,真蛸釣りの釣果。 １番１４匹、２番１１匹、３番１０匹。,24.3℃,NULL,chowari/栄光丸
栄光丸,大洗港,2026/09/12,2,0,マダイ,マダイ,メイン,マダイ,NULL,10.0,10.0,10.0,0,,,4.0,4.0,NULL,茨城県 東茨城郡大洗町 大洗港,NULL,NULL,1,NULL,NULL,24.3,24.3,NULL,北東,4.1m/s,大潮,東 0.9m/s,曇り,,NULL,NULL,タイラバ真鯛の釣果。 ４㎏１枚、３㎏２枚、あとは１㎏前後～１㎏以下。 良く釣れた方で１０枚。,24.3℃,NULL,chowari/栄光丸
栄光丸,大洗港,2026/09/13,1,0,マダコ,マダコ,メイン,マダコ,NULL,3.0,12.0,7.5,0,,,,,NULL,茨城県 東茨城郡大洗町 大洗港,NULL,NULL,1,NULL,NULL,23.9,23.9,NULL,北北東,4.8m/s,中潮,東 1.2m/s,曇り,,NULL,NULL,真蛸釣りの釣果。 １番１２杯で３～１２杯。,23.9℃,NULL,chowari/栄光丸
栄光丸,大洗港,2026/09/13,2,0,マダイ,マダイ,メイン,マダイ,NULL,8.0,8.0,8.0,0,,,2.0,2.0,NULL,茨城県 東茨城郡大洗町 大洗港,NULL,NULL,1,NULL,NULL,23.9,23.9,NULL,北北東,4.8m/s,中潮,東 1.2m/s,曇り,,NULL,NULL,タイラバ真鯛の釣果。 ２㎏２枚、あとは１㎏前後～１㎏以下。 良く釣れた方で８枚。,23.9℃,NULL,chowari/栄光丸
植田丸,鹿島,2026/09/03,1,0,マアジ,アジ,メイン,マアジ,NULL,1.0,1.0,1.0,0,25.0,25.0,,,NULL,茨城県 鹿嶋市 鹿嶋旧港,NULL,NULL,1,NULL,NULL,25.2,25.2,NULL,南南西,1.2m/s,小潮,東 1.0m/s,曇りのち一時雨,,NULL,NULL,集客なかったので 船長1人でアジ釣り 港前で入れ食いでした サイズが非常に良かったので1.5号ハリスのサビキだとブチブチでした😅 明日雨予報なくなったので 釣りしたい人集まったら出船します,25.2℃,NULL,chowari/植田丸
植田丸,鹿島,2026/09/04,1,0,ベラ,NULL,メイン,ベラ,NULL,1.0,1.0,1.0,0,15.0,15.0,,,NULL,茨城県 鹿嶋市 鹿嶋旧港,NULL,NULL,1,NULL,NULL,25.2,25.2,NULL,東,1.0m/s,小潮,東 0.8m/s・凪,曇りのち一時雨,,NULL,NULL,８時～１１時便 アジ、マダイ、カサゴ類、マハタ、イナダ、ヒラメなど アジは堤防周りで好調 平均サイズ25センチとサイズもバッチリです👌 沖の根回り 潮風良好で釣りやすく好調 エサでも巻物でも👌 餌取りアタリ少なく 非常に集中した釣りできます 鯛系はマダイ10割でした ～6枚程 カサゴ類少々、マハタ少々と言った感じ マダイもリリースサイズほぼ無く 600～700サイズで揃い割と理想的な感じの釣りでした ジグでも飽きる前にアタリあるので 巻物だけでも終始やってられる感じです まさに初秋の釣りといった感じで凄く良い感じでしたね 次回出船は未定です 凪予報が全くないので当分休みになりそうです ハナダイの旬が終わり,25.2℃,NULL,chowari/植田丸
植田丸,鹿島,2026/09/13,1,0,ベラ,NULL,メイン,ベラ,NULL,1.0,1.0,1.0,0,15.0,15.0,,,NULL,茨城県 鹿嶋市 鹿嶋旧港,NULL,NULL,1,NULL,NULL,24.2,24.2,NULL,北北東,3.4m/s,中潮,東 1.4m/s,曇りのち時々晴れ,,NULL,NULL,午後テンマキ マダイ、ハナダイ、カサゴ類、マハタ、ヒラメ、イナダ、キジハタ、ウマヅラハギ、ホンカワハギなど 久々出船 まだまだ海の状態悪いのか アタリあるゾーンはすごく狭かったですが、なんとかかんとか楽しめる釣りは出来ました マダイ、ハナダイ共にサイズは500～800メイン 船長まぐれで中鯛 イナダがちょいちょいまじり SLJでちょうど楽しめるサイズです ヒラメも少々 釣りがやりやすい潮の状態の時は 結構色々釣れて良かったです 明日 午前テンマキのみ出船 15日～18日はまた非常に予報悪いので休みです 19日以降は詳しい予報でたらお知らせします,24.2℃,NULL,chowari/植田丸
植田丸,鹿島,2026/09/14,1,0,ベラ,NULL,メイン,ベラ,NULL,1.0,1.0,1.0,0,15.0,15.0,,,NULL,茨城県 鹿嶋市 鹿嶋旧港,NULL,NULL,1,NULL,NULL,24.1,24.1,NULL,南南西,3.2m/s,中潮,東 1.0m/s,晴れ後時々曇り,,NULL,NULL,午前テンマキ マダイ、ハナダイ、カサゴ類、マハタ、ヒラメ、イナダなど 朝と帰り間際だけで中盤はさっぱりでした 終了間際に鯛系と青物が元気だしてきましたが時間切れでした🥲 鯛系はジグ有利だったようですが バラしもすごーく多かったです 18日まで大荒れ休みです,24.1℃,NULL,chowari/植田丸
橋安丸,焼津小川港,2026/09/01,1,0,タチウオ,タチウオ,メイン,タチウオ,NULL,,,,0,,,,,NULL,静岡県 焼津市 焼津小川港,NULL,NULL,1,NULL,NULL,27.4,27.4,NULL,東,2.0m/s,中潮,南南東 0.5m/s,晴れ時々曇り,,NULL,NULL,本日は朝帰り太刀魚にて出船しました。前半からパターン合ってるお客様は入れ食い、後半ポッツポツ。餌釣りは３５本・３５本・１５本・F5～F2.5。餌釣りトップは富士市の大澤様・静岡市の長谷川様。,27.4℃,NULL,chowari/橋安丸
橋安丸,焼津小川港,2026/09/02,1,0,タチウオ,タチウオ,メイン,タチウオ,NULL,,,,0,,,,,NULL,静岡県 焼津市 焼津小川港,NULL,NULL,1,NULL,NULL,27.7,27.7,NULL,東,1.2m/s,中潮,南南東 0.5m/s,晴れ後時々曇り,,NULL,NULL,本日は朝帰り太刀魚にて出船しました。１日ポッツポツでしたが、食わない時間は無かったです。餌釣りは５２本～２５本。テンヤは１５本・F5～F2.5。ジギングは４７本～３５本・F4～F2・最大０．９３ｋｇ。餌釣りトップは静岡市の中塚様。ジギングトップは沼津市の佐藤様。,27.7℃,NULL,chowari/橋安丸
橋安丸,焼津小川港,2026/09/03,1,0,タチウオ,タチウオ,メイン,タチウオ,NULL,,,,0,,,,,NULL,静岡県 焼津市 焼津小川港,NULL,NULL,1,NULL,NULL,27.8,27.8,NULL,南南東,0.9m/s,小潮,南 0.6m/s,曇り,,NULL,NULL,本日は朝帰り太刀魚にて出船しました。１日ポッツポツでしたが、食わない時間は無かったです。餌釣りは３３本～２０本・F４～F2.5。餌釣りトップは田原市の小川様。,27.8℃,NULL,chowari/橋安丸
橋安丸,焼津小川港,2026/09/04,1,0,タチウオ,タチウオ,メイン,タチウオ,NULL,,,,0,,,,,NULL,静岡県 焼津市 焼津小川港,NULL,NULL,1,NULL,NULL,27.9,27.9,NULL,北西,1.4m/s,小潮,南 0.8m/s,曇りのち一時雨,,NULL,NULL,本日は朝帰り太刀魚にて出船しました。前半ポッツポツ、明け方プチ入れ食いタイムあり、後半ポッツポツ。ジギング乗り合い（餌釣り少し）２６本～１３本・F４～F2。後半はサイズアップ東のご夫婦様と西のカップル様でどちらも女性様が釣ってくれました。,27.9℃,NULL,chowari/橋安丸
橋安丸,焼津小川港,2026/09/05,1,0,タチウオ,タチウオ,メイン,タチウオ,NULL,,,,0,,,,,NULL,静岡県 焼津市 焼津小川港,NULL,NULL,1,NULL,NULL,27.7,27.7,NULL,東北東,2.8m/s,小潮,南 0.8m/s,曇り,,NULL,NULL,本日は朝帰り太刀魚にて出船しました。風と潮に角度ありクラクラして初心者様船酔いあり、1日ポツポツ食いました。１投１匹の時間帯あり、餌釣り。３１本～１６本・F4～F3。テンヤは１８本・F4.5～F3.0。ジギングは５１本～３本（船酔いのお客様）・F5～F2。餌釣りトップは島田市の増田様。ジギングトップは静岡市の石野様。,27.7℃,NULL,chowari/橋安丸
橋安丸,焼津小川港,2026/09/05,2,0,タチウオ,タチウオ,メイン,タチウオ,NULL,,,,0,,,,,NULL,静岡県 焼津市 焼津小川港,NULL,NULL,1,NULL,NULL,27.7,27.7,NULL,東北東,2.8m/s,小潮,南 0.8m/s,曇り,,NULL,NULL,本日は朝帰り太刀魚にて出船しました。潮無く１日ポッツポツでした。餌釣りは２８本～９本。ジギングは３６本～１５本。テンヤは２１本～１５本・F４．５～F２．５。餌釣りトップは長野県の忍田様。ジギングトップは浜松市の松島様。,27.7℃,NULL,chowari/橋安丸
橋安丸,焼津小川港,2026/09/12,1,0,タチウオ,タチウオ,メイン,タチウオ,NULL,,,,0,,,,,NULL,静岡県 焼津市 焼津小川港,NULL,NULL,1,NULL,NULL,26.5,26.5,NULL,北東,2.6m/s,大潮,南 0.7m/s,曇り,,NULL,NULL,本日は朝帰り太刀魚にて出船しました。風と潮に角度ありクラクラして初心者様船酔いあり、1日ポツポツ食いました。１投１匹の時間帯あり。餌釣りは３１本～１６本・F4～F3。テンヤは１８本・F4.5～F3.0。ジギングは５１本～３本（船酔いのお客様）F5～F2。餌釣りトップは島田市の増田様。ジギングトップは静岡市の石野様。,26.5℃,NULL,chowari/橋安丸
橋安丸,焼津小川港,2026/09/13,1,0,タチウオ,タチウオ,メイン,タチウオ,NULL,,,,0,,,,,NULL,静岡県 焼津市 焼津小川港,NULL,NULL,1,NULL,NULL,25.8,25.8,NULL,東北東,1.4m/s,中潮,南東 0.4m/s,曇り,,NULL,NULL,本日は朝帰り太刀魚にて出船しました。前半潮無くポッツポツ後半も潮無くポッツポツ、明け方ポツポツ。餌釣りは３３本～１０本。テンヤは８本～６本。ジギングは１０本・F5～F2.5。ジギングはお一人様でポツポツ食いましたがヒットジグロストしてから迷走してました。餌釣りトップは吉田市の水沢様。テンヤドラゴン１．００ｋｇ。,25.8℃,NULL,chowari/橋安丸
橋安丸,焼津小川港,2026/09/14,1,0,タチウオ,タチウオ,メイン,タチウオ,NULL,,,,0,,,,,NULL,静岡県 焼津市 焼津小川港,NULL,NULL,1,NULL,NULL,25.9,25.9,NULL,南東,1.1m/s,中潮,南東 0.5m/s,晴れ後一時雨,,NULL,NULL,本日は朝帰り太刀魚にて出船しました。前後半ポツポツ。ジギングは３５本～１０本。餌釣りは３１本～２０本。テンヤは１８本～８本・Ｆ５～Ｆ２。餌釣りトップは浜松市の竹内様。ジギングトップは静岡市の池田様。,25.9℃,NULL,chowari/橋安丸
正八丸,平潟,2026/09/05,1,0,イナダ,イナダ,サブ,イナダ,NULL,,,,0,,,,,NULL,茨城県 北茨城市 平潟港,NULL,NULL,1,NULL,NULL,24.1,24.1,NULL,東,2.3m/s,小潮,東南東 0.9m/s,晴れ後時々曇り,NULL,NULL,NULL,本日、スロージギングで出船しました。 本日は乗船していただきありがとうございました。 お疲れさまでした。,24.1℃,NULL,chowari/正八丸
正八丸,平潟,2026/09/05,1,0,ヒラメ,ヒラメ,メイン,ヒラメ,NULL,,,,0,,,,,NULL,茨城県 北茨城市 平潟港,NULL,NULL,1,NULL,NULL,24.1,24.1,NULL,東,2.3m/s,小潮,東南東 0.9m/s,晴れ後時々曇り,イナダ・ホウボウ,NULL,NULL,本日、スロージギングで出船しました。 本日は乗船していただきありがとうございました。 お疲れさまでした。,24.1℃,NULL,chowari/正八丸
正八丸,平潟,2026/09/05,1,0,ホウボウ,ホウボウ,サブ,ホウボウ,NULL,,,,0,,,,,NULL,茨城県 北茨城市 平潟港,NULL,NULL,1,NULL,NULL,24.1,24.1,NULL,東,2.3m/s,小潮,東南東 0.9m/s,晴れ後時々曇り,NULL,NULL,NULL,本日、スロージギングで出船しました。 本日は乗船していただきありがとうございました。 お疲れさまでした。,24.1℃,NULL,chowari/正八丸
正八丸,平潟,2026/09/12,1,0,イナダ,イナダ,サブ,イナダ,NULL,15.0,15.0,15.0,0,,,,,NULL,茨城県 北茨城市 平潟港,NULL,NULL,1,NULL,NULL,23.1,23.1,NULL,東北東,2.9m/s,大潮,東 0.9m/s,曇り,NULL,NULL,NULL,スロージギングで出船。,23.1℃,NULL,chowari/正八丸
正八丸,平潟,2026/09/12,1,0,ソイ,ソイ,サブ,ソイ,NULL,,,,0,,,,,NULL,茨城県 北茨城市 平潟港,NULL,NULL,1,NULL,NULL,23.1,23.1,NULL,東北東,2.9m/s,大潮,東 0.9m/s,曇り,NULL,NULL,NULL,スロージギングで出船。,23.1℃,NULL,chowari/正八丸
正八丸,平潟,2026/09/12,1,0,ヒラマサ,ヒラマサ,サブ,ヒラマサ,NULL,,,,0,,,,,NULL,茨城県 北茨城市 平潟港,NULL,NULL,1,NULL,NULL,23.1,23.1,NULL,東北東,2.9m/s,大潮,東 0.9m/s,曇り,NULL,NULL,NULL,スロージギングで出船。,23.1℃,NULL,chowari/正八丸
正八丸,平潟,2026/09/12,1,0,ヒラメ,ヒラメ,メイン,ヒラメ,NULL,16.0,16.0,16.0,0,,,,,NULL,茨城県 北茨城市 平潟港,NULL,NULL,1,NULL,NULL,23.1,23.1,NULL,東北東,2.9m/s,大潮,東 0.9m/s,曇り,イナダ・ソイ・ヒラマサ,NULL,NULL,スロージギングで出船。,23.1℃,NULL,chowari/正八丸
正八丸,平潟,2026/09/13,1,0,イナダ,イナダ,サブ,イナダ,NULL,,,,0,,,,,NULL,茨城県 北茨城市 平潟港,NULL,NULL,1,NULL,NULL,22.8,22.8,NULL,北北東,2.7m/s,中潮,東 1.1m/s,曇り,NULL,NULL,NULL,本日、スロージギングで出船しました。 明日もテンヤ船でタイハタヒラメなど狙う予定です。 まだまだ空きがありますご予約お待ちしております。 本日は乗船していただきありがとうございました。 ありがとうございました。,22.8℃,NULL,chowari/正八丸
正八丸,平潟,2026/09/13,1,0,カサゴ,カサゴ,サブ,カサゴ,NULL,,,,0,,,,,NULL,茨城県 北茨城市 平潟港,NULL,NULL,1,NULL,NULL,22.8,22.8,NULL,北北東,2.7m/s,中潮,東 1.1m/s,曇り,NULL,NULL,NULL,本日、スロージギングで出船しました。 明日もテンヤ船でタイハタヒラメなど狙う予定です。 まだまだ空きがありますご予約お待ちしております。 本日は乗船していただきありがとうございました。 ありがとうございました。,22.8℃,NULL,chowari/正八丸
正八丸,平潟,2026/09/13,1,0,ヒラメ,ヒラメ,メイン,ヒラメ,NULL,12.0,12.0,12.0,0,60.0,70.0,,,NULL,茨城県 北茨城市 平潟港,NULL,NULL,1,NULL,NULL,22.8,22.8,NULL,北北東,2.7m/s,中潮,東 1.1m/s,曇り,イナダ・カサゴ・ホウボウ,NULL,NULL,本日、スロージギングで出船しました。 明日もテンヤ船でタイハタヒラメなど狙う予定です。 まだまだ空きがありますご予約お待ちしております。 本日は乗船していただきありがとうございました。 ありがとうございました。,22.8℃,NULL,chowari/正八丸
正八丸,平潟,2026/09/13,1,0,ホウボウ,ホウボウ,サブ,ホウボウ,NULL,,,,0,,,,,NULL,茨城県 北茨城市 平潟港,NULL,NULL,1,NULL,NULL,22.8,22.8,NULL,北北東,2.7m/s,中潮,東 1.1m/s,曇り,NULL,NULL,NULL,本日、スロージギングで出船しました。 明日もテンヤ船でタイハタヒラメなど狙う予定です。 まだまだ空きがありますご予約お待ちしております。 本日は乗船していただきありがとうございました。 ありがとうございました。,22.8℃,NULL,chowari/正八丸
正海丸,松輪江奈港,2026/09/01,1,0,カツオ,カツオ,サブ,カツオ,NULL,0.0,1.0,0.5,0,,,1.2,3.5,NULL,神奈川県 三浦市 松輪江奈漁港,NULL,NULL,1,NULL,NULL,27.0,27.0,NULL,北北東,4.8m/s,中潮,南 0.4m/s,晴れ後時々曇り,NULL,NULL,NULL,今日はワラサ＆カツオマグロリレー乗合に出船いたしました。 朝は港前でワラサを狙いワラサ、マダイがヒットいたしまた。 2時間ばかりの釣行でしたが、 楽しくやらせていただきました。 その後カツオに移動、カツオがすぐにヒット、エビング、コマセにもキメジヒットいたしましたが、どちらもやり取りした後針外れになり残念でした。 明日は予約4名様です。 ワラサ主体で状況によりカツオに出船！ 週末まで予約無く苦戦してます。 皆さんのお越しをお待ちしております。 よろしくお願いいたします。,27.0℃,NULL,chowari/正海丸
正海丸,松輪江奈港,2026/09/01,1,0,マダイ,マダイ,サブ,マダイ,NULL,1.0,1.0,1.0,0,,,3.4,3.4,NULL,神奈川県 三浦市 松輪江奈漁港,NULL,NULL,1,NULL,NULL,27.0,27.0,NULL,北北東,4.8m/s,中潮,南 0.4m/s,晴れ後時々曇り,NULL,NULL,NULL,今日はワラサ＆カツオマグロリレー乗合に出船いたしました。 朝は港前でワラサを狙いワラサ、マダイがヒットいたしまた。 2時間ばかりの釣行でしたが、 楽しくやらせていただきました。 その後カツオに移動、カツオがすぐにヒット、エビング、コマセにもキメジヒットいたしましたが、どちらもやり取りした後針外れになり残念でした。 明日は予約4名様です。 ワラサ主体で状況によりカツオに出船！ 週末まで予約無く苦戦してます。 皆さんのお越しをお待ちしております。 よろしくお願いいたします。,27.0℃,NULL,chowari/正海丸
正海丸,松輪江奈港,2026/09/01,1,0,ワラサ,ワラサ,メイン,ワラサ,NULL,0.0,1.0,0.5,0,,,3.0,3.8,NULL,神奈川県 三浦市 松輪江奈漁港,NULL,NULL,1,NULL,NULL,27.0,27.0,NULL,北北東,4.8m/s,中潮,南 0.4m/s,晴れ後時々曇り,カツオ・マダイ,NULL,NULL,今日はワラサ＆カツオマグロリレー乗合に出船いたしました。 朝は港前でワラサを狙いワラサ、マダイがヒットいたしまた。 2時間ばかりの釣行でしたが、 楽しくやらせていただきました。 その後カツオに移動、カツオがすぐにヒット、エビング、コマセにもキメジヒットいたしましたが、どちらもやり取りした後針外れになり残念でした。 明日は予約4名様です。 ワラサ主体で状況によりカツオに出船！ 週末まで予約無く苦戦してます。 皆さんのお越しをお待ちしております。 よろしくお願いいたします。,27.0℃,NULL,chowari/正海丸
正海丸,松輪江奈港,2026/09/02,1,0,イナダ,イナダ,サブ,イナダ,NULL,0.0,1.0,0.5,0,,,1.0,1.8,NULL,神奈川県 三浦市 松輪江奈漁港,NULL,NULL,1,NULL,NULL,27.5,27.5,NULL,東南東,0.3m/s,中潮,南 0.4m/s,曇り時々晴れ,NULL,NULL,NULL,今日はワラサ乗合お客様4名で出船いたしました。 朝からワラサ顔を出しましたが、 続かず、その後イナダ、ワラサも当たりましたが、単発でした。 途中まだいも釣れましたが、目の前で外れ残念でした。途中2回ほどカツオ遼船に連絡を入れましたが、まだ釣れないとのことで今日は遠征しませんでした。 明日もワラサ狙いで出船いたします。 当日のご乗船もできますのでよろしくお願いいたします。,27.5℃,NULL,chowari/正海丸
正海丸,松輪江奈港,2026/09/02,1,0,ワラサ,ワラサ,メイン,ワラサ,NULL,0.0,1.0,0.5,0,,,3.0,3.5,NULL,神奈川県 三浦市 松輪江奈漁港,NULL,NULL,1,NULL,NULL,27.5,27.5,NULL,東南東,0.3m/s,中潮,南 0.4m/s,曇り時々晴れ,イナダ,NULL,NULL,今日はワラサ乗合お客様4名で出船いたしました。 朝からワラサ顔を出しましたが、 続かず、その後イナダ、ワラサも当たりましたが、単発でした。 途中まだいも釣れましたが、目の前で外れ残念でした。途中2回ほどカツオ遼船に連絡を入れましたが、まだ釣れないとのことで今日は遠征しませんでした。 明日もワラサ狙いで出船いたします。 当日のご乗船もできますのでよろしくお願いいたします。,27.5℃,NULL,chowari/正海丸
正海丸,松輪江奈港,2026/09/03,1,0,イナダ,イナダ,サブ,イナダ,NULL,1.0,3.0,2.0,0,,,1.0,1.8,NULL,神奈川県 三浦市 松輪江奈漁港,NULL,NULL,1,NULL,NULL,27.6,27.6,NULL,南南西,4.4m/s,小潮,南 0.5m/s,曇りのち一時雨,NULL,NULL,NULL,今日はワラサ＆カツオマグロリレー乗合に出船いたしました。 港前のワラサ狙いで出港いたしました。 朝一からワラサ活発に当たりました。途中マダイ連発でヒットの場面もありまずまずでした。 沖のカツオ模様も聞いてはいるのですが、中々うまく行かずと言うことで最後までワラサ狙いで頑張りました。 ワラサも全員ヒットいたしましたがハリス切れになり残念です。 明日もワラサ狙いから頑張って見ます。 料金もカツオに行かない場合は返金分がありますのでお返ししていますのでご安心ください。 明日も出船確定ですが、当日のご乗船もできますのでよろしくお願いいたします。 週末土日も予約無くよろしくお願いいたします。,27.6℃,NULL,chowari/正海丸
正海丸,松輪江奈港,2026/09/03,1,0,マダイ,マダイ,サブ,マダイ,NULL,0.0,1.0,0.5,0,,,1.0,2.0,NULL,神奈川県 三浦市 松輪江奈漁港,NULL,NULL,1,NULL,NULL,27.6,27.6,NULL,南南西,4.4m/s,小潮,南 0.5m/s,曇りのち一時雨,NULL,NULL,NULL,今日はワラサ＆カツオマグロリレー乗合に出船いたしました。 港前のワラサ狙いで出港いたしました。 朝一からワラサ活発に当たりました。途中マダイ連発でヒットの場面もありまずまずでした。 沖のカツオ模様も聞いてはいるのですが、中々うまく行かずと言うことで最後までワラサ狙いで頑張りました。 ワラサも全員ヒットいたしましたがハリス切れになり残念です。 明日もワラサ狙いから頑張って見ます。 料金もカツオに行かない場合は返金分がありますのでお返ししていますのでご安心ください。 明日も出船確定ですが、当日のご乗船もできますのでよろしくお願いいたします。 週末土日も予約無くよろしくお願いいたします。,27.6℃,NULL,chowari/正海丸
正海丸,松輪江奈港,2026/09/03,1,0,ワラサ,ワラサ,メイン,ワラサ,NULL,0.0,2.0,1.0,0,,,3.0,4.0,NULL,神奈川県 三浦市 松輪江奈漁港,NULL,NULL,1,NULL,NULL,27.6,27.6,NULL,南南西,4.4m/s,小潮,南 0.5m/s,曇りのち一時雨,イナダ・マダイ,NULL,NULL,今日はワラサ＆カツオマグロリレー乗合に出船いたしました。 港前のワラサ狙いで出港いたしました。 朝一からワラサ活発に当たりました。途中マダイ連発でヒットの場面もありまずまずでした。 沖のカツオ模様も聞いてはいるのですが、中々うまく行かずと言うことで最後までワラサ狙いで頑張りました。 ワラサも全員ヒットいたしましたがハリス切れになり残念です。 明日もワラサ狙いから頑張って見ます。 料金もカツオに行かない場合は返金分がありますのでお返ししていますのでご安心ください。 明日も出船確定ですが、当日のご乗船もできますのでよろしくお願いいたします。 週末土日も予約無くよろしくお願いいたします。,27.6℃,NULL,chowari/正海丸
正海丸,松輪江奈港,2026/09/04,1,0,イナダ,イナダ,サブ,イナダ,NULL,2.0,5.0,3.5,0,,,1.0,1.8,NULL,神奈川県 三浦市 松輪江奈漁港,NULL,NULL,1,NULL,NULL,27.8,27.8,NULL,北北東,3.7m/s,小潮,南 0.7m/s,曇りのち一時雨,NULL,NULL,NULL,今日はワラサ＆カツオマグロリレー乗合に出船いたしました。 朝一は港前からワラサ狙いで、 朝からワラサ連発ヒットでした。 ハリス切れもあり残念でしたが、 イナダも良く釣れお土産になりました。またマダイもゲット！ 今日はお土産になりましたのでカツオマグロに移動をいたしました。 着いてすぐにマグロカツオの魚影に合流、追っかけですぐに コマセマグロにヒット！ 隣の僚船でした。 またもコマセマグロにヒット！ 今度も同じ僚船、 おかしいなぁ～聞いたらカツオ仕掛けなので少し短いのかな？ ようやくコマセに食ったって感じでした。 明日は予約3名様で出船確定です。 当日のご乗船もお待ちしてます。 日曜日は出船確定ですが、天気次,27.8℃,NULL,chowari/正海丸
正海丸,松輪江奈港,2026/09/04,1,0,ワラサ,ワラサ,メイン,ワラサ,NULL,0.0,3.0,1.5,0,,,2.8,3.8,NULL,神奈川県 三浦市 松輪江奈漁港,NULL,NULL,1,NULL,NULL,27.8,27.8,NULL,北北東,3.7m/s,小潮,南 0.7m/s,曇りのち一時雨,イナダ,NULL,NULL,今日はワラサ＆カツオマグロリレー乗合に出船いたしました。 朝一は港前からワラサ狙いで、 朝からワラサ連発ヒットでした。 ハリス切れもあり残念でしたが、 イナダも良く釣れお土産になりました。またマダイもゲット！ 今日はお土産になりましたのでカツオマグロに移動をいたしました。 着いてすぐにマグロカツオの魚影に合流、追っかけですぐに コマセマグロにヒット！ 隣の僚船でした。 またもコマセマグロにヒット！ 今度も同じ僚船、 おかしいなぁ～聞いたらカツオ仕掛けなので少し短いのかな？ ようやくコマセに食ったって感じでした。 明日は予約3名様で出船確定です。 当日のご乗船もお待ちしてます。 日曜日は出船確定ですが、天気次,27.8℃,NULL,chowari/正海丸
正海丸,松輪江奈港,2026/09/05,1,0,イサキ,イサキ,サブ,イサキ,NULL,4.0,13.0,8.5,0,23.0,35.0,,,NULL,神奈川県 三浦市 松輪江奈漁港,NULL,NULL,1,NULL,NULL,27.5,27.5,NULL,北東,5.4m/s,小潮,南南西 0.8m/s,曇り,NULL,NULL,NULL,今日はワラサ乗合に出船いたしました。 少数精鋭で出船でしたが、朝一からワラサ活発に当たりワラサ連発ヒットでした。 途中マダイ混じり当たり後半に入りワラサ連発ヒットになりました。 皆さん複数本当たりましたが、 ハリス切れも多くもう少しトップも伸びたようでした。 明日も予約3名様ですが出船確定です。 よろしくお願いいたします。,27.5℃,NULL,chowari/正海丸
正海丸,松輪江奈港,2026/09/05,1,0,マダイ,マダイ,サブ,マダイ,NULL,0.0,1.0,0.5,0,,,1.0,1.8,NULL,神奈川県 三浦市 松輪江奈漁港,NULL,NULL,1,NULL,NULL,27.5,27.5,NULL,北東,5.4m/s,小潮,南南西 0.8m/s,曇り,NULL,NULL,NULL,今日はワラサ乗合に出船いたしました。 少数精鋭で出船でしたが、朝一からワラサ活発に当たりワラサ連発ヒットでした。 途中マダイ混じり当たり後半に入りワラサ連発ヒットになりました。 皆さん複数本当たりましたが、 ハリス切れも多くもう少しトップも伸びたようでした。 明日も予約3名様ですが出船確定です。 よろしくお願いいたします。,27.5℃,NULL,chowari/正海丸
正海丸,松輪江奈港,2026/09/05,1,0,ワラサ,ワラサ,メイン,ワラサ,NULL,1.0,6.0,3.5,0,,,2.8,4.0,NULL,神奈川県 三浦市 松輪江奈漁港,NULL,NULL,1,NULL,NULL,27.5,27.5,NULL,北東,5.4m/s,小潮,南南西 0.8m/s,曇り,イサキ・マダイ,NULL,NULL,今日はワラサ乗合に出船いたしました。 少数精鋭で出船でしたが、朝一からワラサ活発に当たりワラサ連発ヒットでした。 途中マダイ混じり当たり後半に入りワラサ連発ヒットになりました。 皆さん複数本当たりましたが、 ハリス切れも多くもう少しトップも伸びたようでした。 明日も予約3名様ですが出船確定です。 よろしくお願いいたします。,27.5℃,NULL,chowari/正海丸
正海丸,松輪江奈港,2026/09/06,1,0,イナダ,イナダ,サブ,イナダ,NULL,0.0,2.0,1.0,0,,,1.0,1.8,NULL,神奈川県 三浦市 松輪江奈漁港,NULL,NULL,1,NULL,NULL,27.4,27.4,NULL,北北東,9.7m/s,長潮,南東 0.8m/s,雨,NULL,NULL,NULL,今日はワラサ乗合に出船いたしました。 朝一からワラサ活発に当たり皆さん連発ヒットでした。 複数本当たるもハリス切れや水面ハズレなどあり残念です。 トップの方も12打数7安打でした。風雨が強くなり10時頃には早上がりをいたしました。 しかも、皆さんコマセ無くなっちゃうほど頑張りました。 明日は予報悪くお休みいたします。 明後日(火)はおさまるようでしたら、出船いたします。 よろしくお願いいたします。,27.4℃,NULL,chowari/正海丸
正海丸,松輪江奈港,2026/09/06,1,0,マダイ,マダイ,サブ,マダイ,NULL,0.0,1.0,0.5,0,,,0.8,1.8,NULL,神奈川県 三浦市 松輪江奈漁港,NULL,NULL,1,NULL,NULL,27.4,27.4,NULL,北北東,9.7m/s,長潮,南東 0.8m/s,雨,NULL,NULL,NULL,今日はワラサ乗合に出船いたしました。 朝一からワラサ活発に当たり皆さん連発ヒットでした。 複数本当たるもハリス切れや水面ハズレなどあり残念です。 トップの方も12打数7安打でした。風雨が強くなり10時頃には早上がりをいたしました。 しかも、皆さんコマセ無くなっちゃうほど頑張りました。 明日は予報悪くお休みいたします。 明後日(火)はおさまるようでしたら、出船いたします。 よろしくお願いいたします。,27.4℃,NULL,chowari/正海丸
正海丸,松輪江奈港,2026/09/06,1,0,ワラサ,ワラサ,メイン,ワラサ,NULL,1.0,7.0,4.0,0,,,3.0,4.0,NULL,神奈川県 三浦市 松輪江奈漁港,NULL,NULL,1,NULL,NULL,27.4,27.4,NULL,北北東,9.7m/s,長潮,南東 0.8m/s,雨,イナダ・マダイ,NULL,NULL,今日はワラサ乗合に出船いたしました。 朝一からワラサ活発に当たり皆さん連発ヒットでした。 複数本当たるもハリス切れや水面ハズレなどあり残念です。 トップの方も12打数7安打でした。風雨が強くなり10時頃には早上がりをいたしました。 しかも、皆さんコマセ無くなっちゃうほど頑張りました。 明日は予報悪くお休みいたします。 明後日(火)はおさまるようでしたら、出船いたします。 よろしくお願いいたします。,27.4℃,NULL,chowari/正海丸
正海丸,松輪江奈港,2026/09/08,1,0,イナダ,イナダ,サブ,イナダ,NULL,1.0,2.0,1.5,0,,,1.0,1.8,NULL,神奈川県 三浦市 松輪江奈漁港,NULL,NULL,1,NULL,NULL,27.4,27.4,NULL,南西,2.9m/s,中潮,南 1.6m/s・凪,曇り一時雨,NULL,NULL,NULL,今日はワラサ＆カツオマグロリレー乗合に出船いたしました。 朝からワラサ活発に当たりワラサ連発ヒットで始まりました。 皆さん複数本ゲットいたしました。 トップ10本とキリが良かったので ８時頃カツオマグロ狙いに移動をいたしました。 マグロとカツオの跳ねてるのが 見えましたが中々口使わず苦戦いたしました。 予報より天気良く凪になりびっくりいたしました。 予報は少しハズレてますね！ 明日水曜日は出船いたします。 明後日木曜日はワラサ乗合で出船 いたします。 毎日、当日のご乗船もできますのでよろしくお願いいたします。,27.4℃,NULL,chowari/正海丸
正海丸,松輪江奈港,2026/09/08,1,0,ワラサ,ワラサ,メイン,ワラサ,NULL,2.0,10.0,6.0,0,,,3.0,4.5,NULL,神奈川県 三浦市 松輪江奈漁港,NULL,NULL,1,NULL,NULL,27.4,27.4,NULL,南西,2.9m/s,中潮,南 1.6m/s・凪,曇り一時雨,イナダ,NULL,NULL,今日はワラサ＆カツオマグロリレー乗合に出船いたしました。 朝からワラサ活発に当たりワラサ連発ヒットで始まりました。 皆さん複数本ゲットいたしました。 トップ10本とキリが良かったので ８時頃カツオマグロ狙いに移動をいたしました。 マグロとカツオの跳ねてるのが 見えましたが中々口使わず苦戦いたしました。 予報より天気良く凪になりびっくりいたしました。 予報は少しハズレてますね！ 明日水曜日は出船いたします。 明後日木曜日はワラサ乗合で出船 いたします。 毎日、当日のご乗船もできますのでよろしくお願いいたします。,27.4℃,NULL,chowari/正海丸
正海丸,松輪江奈港,2026/09/09,1,0,イナダ,イナダ,サブ,イナダ,NULL,1.0,4.0,2.5,0,,,1.0,1.5,NULL,神奈川県 三浦市 松輪江奈漁港,NULL,NULL,1,NULL,NULL,27.3,27.3,NULL,南南西,10.2m/s,中潮,南 2.4m/s,曇りのち一時雨,NULL,NULL,NULL,今日はワラサ乗合に出船いたしました。 朝からワラサ活発に当たり皆さん複数本ゲットいたしました。 当たりも途切れることはなく釣れ、バラシが多く残念です。 今日は風も少しあり取り込みずらかったのかな？ 段々と波だって来たので９時に早上がりさせていただきました。 トップは13打数9安打でした。 明日もワラサ乗合に出船いたします。カツオ催行人数にならず、 ワラサマダイ釣り頑張ります。 当日のご乗船も可能です。 よろしくお願いいたします。,27.3℃,NULL,chowari/正海丸
正海丸,松輪江奈港,2026/09/09,1,0,マダイ,マダイ,サブ,マダイ,NULL,0.0,1.0,0.5,0,,,0.6,1.4,NULL,神奈川県 三浦市 松輪江奈漁港,NULL,NULL,1,NULL,NULL,27.3,27.3,NULL,南南西,10.2m/s,中潮,南 2.4m/s,曇りのち一時雨,NULL,NULL,NULL,今日はワラサ乗合に出船いたしました。 朝からワラサ活発に当たり皆さん複数本ゲットいたしました。 当たりも途切れることはなく釣れ、バラシが多く残念です。 今日は風も少しあり取り込みずらかったのかな？ 段々と波だって来たので９時に早上がりさせていただきました。 トップは13打数9安打でした。 明日もワラサ乗合に出船いたします。カツオ催行人数にならず、 ワラサマダイ釣り頑張ります。 当日のご乗船も可能です。 よろしくお願いいたします。,27.3℃,NULL,chowari/正海丸
正海丸,松輪江奈港,2026/09/09,1,0,ワラサ,ワラサ,メイン,ワラサ,NULL,2.0,9.0,5.5,0,,,3.0,4.8,NULL,神奈川県 三浦市 松輪江奈漁港,NULL,NULL,1,NULL,NULL,27.3,27.3,NULL,南南西,10.2m/s,中潮,南 2.4m/s,曇りのち一時雨,イナダ・マダイ,NULL,NULL,今日はワラサ乗合に出船いたしました。 朝からワラサ活発に当たり皆さん複数本ゲットいたしました。 当たりも途切れることはなく釣れ、バラシが多く残念です。 今日は風も少しあり取り込みずらかったのかな？ 段々と波だって来たので９時に早上がりさせていただきました。 トップは13打数9安打でした。 明日もワラサ乗合に出船いたします。カツオ催行人数にならず、 ワラサマダイ釣り頑張ります。 当日のご乗船も可能です。 よろしくお願いいたします。,27.3℃,NULL,chowari/正海丸
正海丸,松輪江奈港,2026/09/10,1,0,マダイ,マダイ,サブ,マダイ,NULL,0.0,1.0,0.5,0,,,0.6,1.7,NULL,神奈川県 三浦市 松輪江奈漁港,NULL,NULL,1,NULL,NULL,27.1,27.1,NULL,北北東,8.3m/s,大潮,南 1.1m/s,曇り一時雨,NULL,NULL,NULL,今日はワラサ乗合に出船いたしました。 朝からワラサが当たりました。 後半から当たりが活発になりましたがバラシも多く残念です。 マダイも顔だし賑わってくれます。 明日11日金曜日はワラサ乗合で 出船確定ですが予約5名様と少なく 当日のご乗船も可能です。 土曜日はワラサ＆カツオマグロは定員締切になりました。 ありがとうございます。,27.1℃,NULL,chowari/正海丸
正海丸,松輪江奈港,2026/09/10,1,0,ワラサ,ワラサ,メイン,ワラサ,NULL,0.0,6.0,3.0,0,,,3.0,4.2,NULL,神奈川県 三浦市 松輪江奈漁港,NULL,NULL,1,NULL,NULL,27.1,27.1,NULL,北北東,8.3m/s,大潮,南 1.1m/s,曇り一時雨,マダイ,NULL,NULL,今日はワラサ乗合に出船いたしました。 朝からワラサが当たりました。 後半から当たりが活発になりましたがバラシも多く残念です。 マダイも顔だし賑わってくれます。 明日11日金曜日はワラサ乗合で 出船確定ですが予約5名様と少なく 当日のご乗船も可能です。 土曜日はワラサ＆カツオマグロは定員締切になりました。 ありがとうございます。,27.1℃,NULL,chowari/正海丸
正海丸,松輪江奈港,2026/09/11,1,0,シマアジ,シマアジ,サブ,シマアジ,NULL,0.0,1.0,0.5,0,,,0.5,1.0,NULL,神奈川県 三浦市 松輪江奈漁港,NULL,NULL,1,NULL,NULL,27.0,27.0,NULL,北北東,4.9m/s,大潮,南 0.5m/s,雨,NULL,NULL,NULL,今日はワラサ乗合6名様で出船いたしました。 朝からワラサ活発に当たりました。皆さんに当たりありましたがバラシてしまい残念です。 嬉しいゲストにシマアジ、マダイが混じり面白くなってきました。 明日、明後日はワラサ＆カツオマグロに出船いたします。 定員締切になりありがとうございます。 月曜日はワラサ乗合で出船、 少数ですか出船確定です。 よろしくお願いいたします。,27.0℃,NULL,chowari/正海丸
正海丸,松輪江奈港,2026/09/11,1,0,マダイ,マダイ,サブ,マダイ,NULL,0.0,1.0,0.5,0,,,0.6,1.0,NULL,神奈川県 三浦市 松輪江奈漁港,NULL,NULL,1,NULL,NULL,27.0,27.0,NULL,北北東,4.9m/s,大潮,南 0.5m/s,雨,NULL,NULL,NULL,今日はワラサ乗合6名様で出船いたしました。 朝からワラサ活発に当たりました。皆さんに当たりありましたがバラシてしまい残念です。 嬉しいゲストにシマアジ、マダイが混じり面白くなってきました。 明日、明後日はワラサ＆カツオマグロに出船いたします。 定員締切になりありがとうございます。 月曜日はワラサ乗合で出船、 少数ですか出船確定です。 よろしくお願いいたします。,27.0℃,NULL,chowari/正海丸
正海丸,松輪江奈港,2026/09/11,1,0,ワラサ,ワラサ,メイン,ワラサ,NULL,0.0,3.0,1.5,0,,,3.0,4.5,NULL,神奈川県 三浦市 松輪江奈漁港,NULL,NULL,1,NULL,NULL,27.0,27.0,NULL,北北東,4.9m/s,大潮,南 0.5m/s,雨,シマアジ・マダイ,NULL,NULL,今日はワラサ乗合6名様で出船いたしました。 朝からワラサ活発に当たりました。皆さんに当たりありましたがバラシてしまい残念です。 嬉しいゲストにシマアジ、マダイが混じり面白くなってきました。 明日、明後日はワラサ＆カツオマグロに出船いたします。 定員締切になりありがとうございます。 月曜日はワラサ乗合で出船、 少数ですか出船確定です。 よろしくお願いいたします。,27.0℃,NULL,chowari/正海丸
正海丸,松輪江奈港,2026/09/14,1,0,ワラサ,ワラサ,メイン,ワラサ,NULL,2.0,11.0,6.5,0,,,3.0,4.8,NULL,神奈川県 三浦市 松輪江奈漁港,NULL,NULL,1,NULL,NULL,25.8,25.8,NULL,南南西,5.9m/s,中潮,南 0.6m/s,晴れ後時々曇り,,NULL,NULL,今日はワラサ乗合9名様で出船いたしました。 朝からワラサ活発に当たり皆さん複数本ゲットできました。 トップの方11本ゲット途中クーラー満杯の為、やめちゃいました^_^ 明日もワラサ乗合に出船いたします。予約は5名と少なく狙い目です。 今後ば当分ワラサ乗合に出船いたします。 よろしくお願いいたします。,25.8℃,NULL,chowari/正海丸
正海丸,松輪江奈港,2026/09/15,1,0,シマアジ,シマアジ,サブ,シマアジ,NULL,1.0,1.0,1.0,0,35.0,35.0,,,NULL,神奈川県 三浦市 松輪江奈漁港,NULL,NULL,1,NULL,NULL,25.8,25.8,NULL,南南西,5.8m/s,中潮,南 0.8m/s,雨時々止む,NULL,NULL,NULL,今日はワラサ乗合6名様で出船いたしました。 朝からワラサ活発に当たり良く釣れました。 少しバラシもありましたが、 1日当たりがあり楽しく釣れました。初めての釣りで、レンタルタックルで6本も釣りました。 明日も予約少数ですが、ワラサ乗合出船確定です。 当日のご乗船もできますのでよろしくお願いいたします。,25.8℃,NULL,chowari/正海丸
正海丸,松輪江奈港,2026/09/15,1,0,ワラサ,ワラサ,メイン,ワラサ,NULL,3.0,8.0,5.5,0,,,3.0,4.5,NULL,神奈川県 三浦市 松輪江奈漁港,NULL,NULL,1,NULL,NULL,25.8,25.8,NULL,南南西,5.8m/s,中潮,南 0.8m/s,雨時々止む,シマアジ,NULL,NULL,今日はワラサ乗合6名様で出船いたしました。 朝からワラサ活発に当たり良く釣れました。 少しバラシもありましたが、 1日当たりがあり楽しく釣れました。初めての釣りで、レンタルタックルで6本も釣りました。 明日も予約少数ですが、ワラサ乗合出船確定です。 当日のご乗船もできますのでよろしくお願いいたします。,25.8℃,NULL,chowari/正海丸
正海丸,松輪江奈港,2026/09/16,1,0,ヒラソーダカツオ,カツオ,サブ,ヒラソーダカツオ,NULL,0.0,2.0,1.0,0,,,0.6,1.3,NULL,神奈川県 三浦市 松輪江奈漁港,NULL,NULL,1,NULL,NULL,25.8,25.8,NULL,北北東,3.1m/s,中潮,南南東 0.6m/s,雨,NULL,NULL,NULL,今日はワラサ乗合に出船いたしました。 朝からワラサ連発モードになり流すたびにヒットいたしました。 少しバラシもあり残念でした。 坊主はお一人でした。 トップは6打数4安打でお二人いました。 明日はワラサ乗合出船確定です。 予約少数5名様で皆さんのご乗船をお待ちしております。,25.8℃,NULL,chowari/正海丸
正海丸,松輪江奈港,2026/09/16,1,0,ワラサ,ワラサ,メイン,ワラサ,NULL,0.0,4.0,2.0,0,,,3.0,4.8,NULL,神奈川県 三浦市 松輪江奈漁港,NULL,NULL,1,NULL,NULL,25.8,25.8,NULL,北北東,3.1m/s,中潮,南南東 0.6m/s,雨,ヒラソーダカツオ,NULL,NULL,今日はワラサ乗合に出船いたしました。 朝からワラサ連発モードになり流すたびにヒットいたしました。 少しバラシもあり残念でした。 坊主はお一人でした。 トップは6打数4安打でお二人いました。 明日はワラサ乗合出船確定です。 予約少数5名様で皆さんのご乗船をお待ちしております。,25.8℃,NULL,chowari/正海丸
正海丸,松輪江奈港,2026/09/17,1,0,サワラ,サワラ,サブ,サワラ,NULL,1.0,1.0,1.0,0,,,2.5,2.5,NULL,神奈川県 三浦市 松輪江奈漁港,NULL,NULL,1,NULL,NULL,25.7,25.7,NULL,北北東,10.1m/s,小潮,東北東 0.7m/s,曇り,NULL,NULL,NULL,今日はワラサ乗合8名様で出船いたしました。 朝からワラサ連発モードに入り 活発にヒット！ 皆さん坊主無く当たりました。 明日もワラサ乗合出船確定です。 予約5名様と少なく皆様のお越しをお待ちしております。,25.7℃,NULL,chowari/正海丸
正海丸,松輪江奈港,2026/09/17,1,0,ヒラソーダカツオ,カツオ,サブ,ヒラソーダカツオ,NULL,0.0,2.0,1.0,0,35.0,38.0,,,NULL,神奈川県 三浦市 松輪江奈漁港,NULL,NULL,1,NULL,NULL,25.7,25.7,NULL,北北東,10.1m/s,小潮,東北東 0.7m/s,曇り,NULL,NULL,NULL,今日はワラサ乗合8名様で出船いたしました。 朝からワラサ連発モードに入り 活発にヒット！ 皆さん坊主無く当たりました。 明日もワラサ乗合出船確定です。 予約5名様と少なく皆様のお越しをお待ちしております。,25.7℃,NULL,chowari/正海丸
正海丸,松輪江奈港,2026/09/17,1,0,ワラサ,ワラサ,メイン,ワラサ,NULL,1.0,6.0,3.5,0,,,3.0,5.0,NULL,神奈川県 三浦市 松輪江奈漁港,NULL,NULL,1,NULL,NULL,25.7,25.7,NULL,北北東,10.1m/s,小潮,東北東 0.7m/s,曇り,サワラ・ヒラソーダカツオ,NULL,NULL,今日はワラサ乗合8名様で出船いたしました。 朝からワラサ連発モードに入り 活発にヒット！ 皆さん坊主無く当たりました。 明日もワラサ乗合出船確定です。 予約5名様と少なく皆様のお越しをお待ちしております。,25.7℃,NULL,chowari/正海丸
正海丸,松輪江奈港,2026/09/18,1,0,マダイ,マダイ,サブ,マダイ,NULL,0.0,2.0,1.0,0,,,0.6,2.0,NULL,神奈川県 三浦市 松輪江奈漁港,NULL,NULL,1,NULL,NULL,26.1,26.1,NULL,北,11.6m/s,小潮,北北東 0.8m/s,曇り,NULL,NULL,NULL,今日はワラサ乗合に出船いたしました。 朝からワラサ爆釣りスタート 全員にヒットでしたが、若干1名バラシで終わっちゃいました。 トップはなんと12打数4安打で大派手にバラシ、2番手も8打数4安打と水面バラシがほとんどで、 少し波があったのも災いしたのか？ 残念なワラサ爆釣り祭りでした。 明日はワラサ乗合いつもより早めに定員締切にいたしました。,26.1℃,NULL,chowari/正海丸
正海丸,松輪江奈港,2026/09/18,1,0,ワラサ,ワラサ,メイン,ワラサ,NULL,0.0,4.0,2.0,0,,,3.0,4.8,NULL,神奈川県 三浦市 松輪江奈漁港,NULL,NULL,1,NULL,NULL,26.1,26.1,NULL,北,11.6m/s,小潮,北北東 0.8m/s,曇り,マダイ,NULL,NULL,今日はワラサ乗合に出船いたしました。 朝からワラサ爆釣りスタート 全員にヒットでしたが、若干1名バラシで終わっちゃいました。 トップはなんと12打数4安打で大派手にバラシ、2番手も8打数4安打と水面バラシがほとんどで、 少し波があったのも災いしたのか？ 残念なワラサ爆釣り祭りでした。 明日はワラサ乗合いつもより早めに定員締切にいたしました。,26.1℃,NULL,chowari/正海丸
正海丸,松輪江奈港,2026/09/19,1,0,マダイ,マダイ,サブ,マダイ,NULL,0.0,1.0,0.5,0,,,1.0,1.8,NULL,神奈川県 三浦市 松輪江奈漁港,NULL,NULL,1,NULL,NULL,25.8,25.8,NULL,北北東,9.6m/s,小潮,南東 1.0m/s,曇り一時雨,NULL,NULL,NULL,今日はワラサ乗合に出船いたしました。 今日は昨日よりも北風は弱く 良かったです。 朝からワラサ活発に当たり、 トップは10打数8安打、次頭10打数6安打でした。 バラシも多い原因は良型が多いので少し硬めの竿がベストですね！ 明日は出船確定です。 予約は少ないですが台風の進行が遅くなり出船いたします。 よろしくお願いいたします。,25.8℃,NULL,chowari/正海丸
正海丸,松輪江奈港,2026/09/19,1,0,ワラサ,ワラサ,メイン,ワラサ,NULL,0.0,8.0,4.0,0,,,3.0,4.8,NULL,神奈川県 三浦市 松輪江奈漁港,NULL,NULL,1,NULL,NULL,25.8,25.8,NULL,北北東,9.6m/s,小潮,南東 1.0m/s,曇り一時雨,マダイ,NULL,NULL,今日はワラサ乗合に出船いたしました。 今日は昨日よりも北風は弱く 良かったです。 朝からワラサ活発に当たり、 トップは10打数8安打、次頭10打数6安打でした。 バラシも多い原因は良型が多いので少し硬めの竿がベストですね！ 明日は出船確定です。 予約は少ないですが台風の進行が遅くなり出船いたします。 よろしくお願いいたします。,25.8℃,NULL,chowari/正海丸
池田丸,腰越港,2026/09/02,1,0,アジ,アジ,メイン,アジ,NULL,8.0,21.0,14.5,0,25.0,38.0,,,NULL,神奈川県 鎌倉市 腰越漁港,NULL,NULL,1,NULL,NULL,27.7,27.7,NULL,南南東,1.3m/s,中潮,南 0.3m/s,曇り時々晴れ,サバ・ハナダイ,NULL,NULL,イトヨリ、アマダイ、カイワリ交じり好調でした。 電動バッテリーご持参下さい。,27.7℃,NULL,chowari/池田丸
池田丸,腰越港,2026/09/02,1,0,サバ,サバ,サブ,サバ,NULL,10.0,20.0,15.0,0,30.0,40.0,,,NULL,神奈川県 鎌倉市 腰越漁港,NULL,NULL,1,NULL,NULL,27.7,27.7,NULL,南南東,1.3m/s,中潮,南 0.3m/s,曇り時々晴れ,NULL,NULL,NULL,イトヨリ、アマダイ、カイワリ交じり好調でした。 電動バッテリーご持参下さい。,27.7℃,NULL,chowari/池田丸
池田丸,腰越港,2026/09/02,1,0,ハナダイ,ハナダイ,サブ,ハナダイ,NULL,0.0,2.0,1.0,0,30.0,35.0,,,NULL,神奈川県 鎌倉市 腰越漁港,NULL,NULL,1,NULL,NULL,27.7,27.7,NULL,南南東,1.3m/s,中潮,南 0.3m/s,曇り時々晴れ,NULL,NULL,NULL,イトヨリ、アマダイ、カイワリ交じり好調でした。 電動バッテリーご持参下さい。,27.7℃,NULL,chowari/池田丸
池田丸,腰越港,2026/09/04,1,0,アジ,アジ,サブ,アジ,NULL,2.0,10.0,6.0,0,22.0,35.0,,,NULL,神奈川県 鎌倉市 腰越漁港,NULL,NULL,1,NULL,NULL,28.0,28.0,NULL,北,2.1m/s,小潮,南 0.6m/s・凪,雨時々止む,NULL,NULL,NULL,凪良く、イトヨリ、イサキ、ソウダ交じリ好調でした。,28.0℃,NULL,chowari/池田丸
池田丸,腰越港,2026/09/04,1,0,イナダ,イナダ,メイン,イナダ,NULL,0.0,7.0,3.5,0,30.0,45.0,,,NULL,神奈川県 鎌倉市 腰越漁港,NULL,NULL,1,NULL,NULL,28.0,28.0,NULL,北,2.1m/s,小潮,南 0.6m/s・凪,雨時々止む,アジ・サバ・ハナダイ・マダイ,NULL,NULL,凪良く、イトヨリ、イサキ、ソウダ交じリ好調でした。,28.0℃,NULL,chowari/池田丸
池田丸,腰越港,2026/09/04,1,0,サバ,サバ,サブ,サバ,NULL,2.0,10.0,6.0,0,30.0,40.0,,,NULL,神奈川県 鎌倉市 腰越漁港,NULL,NULL,1,NULL,NULL,28.0,28.0,NULL,北,2.1m/s,小潮,南 0.6m/s・凪,雨時々止む,NULL,NULL,NULL,凪良く、イトヨリ、イサキ、ソウダ交じリ好調でした。,28.0℃,NULL,chowari/池田丸
池田丸,腰越港,2026/09/04,1,0,ハナダイ,ハナダイ,サブ,ハナダイ,NULL,0.0,2.0,1.0,0,28.0,32.0,,,NULL,神奈川県 鎌倉市 腰越漁港,NULL,NULL,1,NULL,NULL,28.0,28.0,NULL,北,2.1m/s,小潮,南 0.6m/s・凪,雨時々止む,NULL,NULL,NULL,凪良く、イトヨリ、イサキ、ソウダ交じリ好調でした。,28.0℃,NULL,chowari/池田丸
池田丸,腰越港,2026/09/04,1,0,マダイ,マダイ,サブ,マダイ,NULL,0.0,3.0,1.5,0,,,0.3,1.0,NULL,神奈川県 鎌倉市 腰越漁港,NULL,NULL,1,NULL,NULL,28.0,28.0,NULL,北,2.1m/s,小潮,南 0.6m/s・凪,雨時々止む,NULL,NULL,NULL,凪良く、イトヨリ、イサキ、ソウダ交じリ好調でした。,28.0℃,NULL,chowari/池田丸
池田丸,腰越港,2026/09/05,1,0,アジ,アジ,メイン,アジ,NULL,1.0,20.0,10.5,0,20.0,41.0,,,NULL,神奈川県 鎌倉市 腰越漁港,NULL,NULL,1,NULL,NULL,27.6,27.6,NULL,北東,3.0m/s,小潮,南 0.7m/s,曇り,イナダ・マダイ,NULL,NULL,ｌｔ五目釣り船にハナダイ、アマダイ、イトヨリ交じり好調でした。,27.6℃,NULL,chowari/池田丸
池田丸,腰越港,2026/09/05,1,0,イナダ,イナダ,サブ,イナダ,NULL,0.0,2.0,1.0,0,30.0,38.0,,,NULL,神奈川県 鎌倉市 腰越漁港,NULL,NULL,1,NULL,NULL,27.6,27.6,NULL,北東,3.0m/s,小潮,南 0.7m/s,曇り,NULL,NULL,NULL,ｌｔ五目釣り船にハナダイ、アマダイ、イトヨリ交じり好調でした。,27.6℃,NULL,chowari/池田丸
池田丸,腰越港,2026/09/05,1,0,マダイ,マダイ,サブ,マダイ,NULL,0.0,1.0,0.5,0,28.0,35.0,,,NULL,神奈川県 鎌倉市 腰越漁港,NULL,NULL,1,NULL,NULL,27.6,27.6,NULL,北東,3.0m/s,小潮,南 0.7m/s,曇り,NULL,NULL,NULL,ｌｔ五目釣り船にハナダイ、アマダイ、イトヨリ交じり好調でした。,27.6℃,NULL,chowari/池田丸
池田丸,腰越港,2026/09/06,1,0,アジ,アジ,サブ,アジ,NULL,1.0,5.0,3.0,0,25.0,48.0,,,NULL,神奈川県 鎌倉市 腰越漁港,NULL,NULL,1,NULL,NULL,27.6,27.6,NULL,北,6.7m/s,長潮,南南東 0.6m/s,雨,NULL,NULL,NULL,雨の強い１日でした。ソウダ、イラなども交じり、好調でした。,27.6℃,NULL,chowari/池田丸
池田丸,腰越港,2026/09/06,1,0,イナダ,イナダ,サブ,イナダ,NULL,0.0,2.0,1.0,0,30.0,38.0,,,NULL,神奈川県 鎌倉市 腰越漁港,NULL,NULL,1,NULL,NULL,27.6,27.6,NULL,北,6.7m/s,長潮,南南東 0.6m/s,雨,NULL,NULL,NULL,雨の強い１日でした。ソウダ、イラなども交じり、好調でした。,27.6℃,NULL,chowari/池田丸
池田丸,腰越港,2026/09/06,1,0,ハナダイ,ハナダイ,メイン,ハナダイ,NULL,1.0,4.0,2.5,0,24.0,35.0,,,NULL,神奈川県 鎌倉市 腰越漁港,NULL,NULL,1,NULL,NULL,27.6,27.6,NULL,北,6.7m/s,長潮,南南東 0.6m/s,雨,アジ・イナダ,NULL,NULL,雨の強い１日でした。ソウダ、イラなども交じり、好調でした。,27.6℃,NULL,chowari/池田丸
池田丸,腰越港,2026/09/11,1,0,アジ,アジ,サブ,アジ,NULL,3.0,4.0,3.5,0,26.0,40.0,,,NULL,神奈川県 鎌倉市 腰越漁港,NULL,NULL,1,NULL,NULL,27.3,27.3,NULL,北北東,3.0m/s,大潮,南 0.5m/s,雨,NULL,NULL,NULL,あいにくの雨の悪天候、初めての人２人で出船しました。コマセ効かず苦戦しましたが、ハナダイ、ソウダ交じリお土産になりました。,27.3℃,NULL,chowari/池田丸
池田丸,腰越港,2026/09/11,1,0,イトヨリ,イトヨリ,メイン,イトヨリ,NULL,1.0,2.0,1.5,0,23.0,30.0,,,NULL,神奈川県 鎌倉市 腰越漁港,NULL,NULL,1,NULL,NULL,27.3,27.3,NULL,北北東,3.0m/s,大潮,南 0.5m/s,雨,アジ・サバ,NULL,NULL,あいにくの雨の悪天候、初めての人２人で出船しました。コマセ効かず苦戦しましたが、ハナダイ、ソウダ交じリお土産になりました。,27.3℃,NULL,chowari/池田丸
池田丸,腰越港,2026/09/11,1,0,サバ,サバ,サブ,サバ,NULL,0.0,3.0,1.5,0,30.0,35.0,,,NULL,神奈川県 鎌倉市 腰越漁港,NULL,NULL,1,NULL,NULL,27.3,27.3,NULL,北北東,3.0m/s,大潮,南 0.5m/s,雨,NULL,NULL,NULL,あいにくの雨の悪天候、初めての人２人で出船しました。コマセ効かず苦戦しましたが、ハナダイ、ソウダ交じリお土産になりました。,27.3℃,NULL,chowari/池田丸
池田丸,腰越港,2026/09/12,1,0,アジ,アジ,サブ,アジ,NULL,3.0,12.0,7.5,0,24.0,38.0,,,NULL,神奈川県 鎌倉市 腰越漁港,NULL,NULL,1,NULL,NULL,25.9,25.9,NULL,北北東,3.9m/s,大潮,南 0.5m/s,雨のち曇り,NULL,NULL,NULL,ソウダ、サバ、イトヨリ交じり好調でした。,25.9℃,NULL,chowari/池田丸
池田丸,腰越港,2026/09/12,1,0,イナダ,イナダ,メイン,イナダ,NULL,0.0,2.0,1.0,0,30.0,45.0,,,NULL,神奈川県 鎌倉市 腰越漁港,NULL,NULL,1,NULL,NULL,25.9,25.9,NULL,北北東,3.9m/s,大潮,南 0.5m/s,雨のち曇り,アジ・カンパチ・ハナダイ,NULL,NULL,ソウダ、サバ、イトヨリ交じり好調でした。,25.9℃,NULL,chowari/池田丸
池田丸,腰越港,2026/09/12,1,0,カンパチ,カンパチ,サブ,カンパチ,NULL,0.0,5.0,2.5,0,28.0,38.0,,,NULL,神奈川県 鎌倉市 腰越漁港,NULL,NULL,1,NULL,NULL,25.9,25.9,NULL,北北東,3.9m/s,大潮,南 0.5m/s,雨のち曇り,NULL,NULL,NULL,ソウダ、サバ、イトヨリ交じり好調でした。,25.9℃,NULL,chowari/池田丸
池田丸,腰越港,2026/09/12,1,0,ハナダイ,ハナダイ,サブ,ハナダイ,NULL,0.0,3.0,1.5,0,28.0,30.0,,,NULL,神奈川県 鎌倉市 腰越漁港,NULL,NULL,1,NULL,NULL,25.9,25.9,NULL,北北東,3.9m/s,大潮,南 0.5m/s,雨のち曇り,NULL,NULL,NULL,ソウダ、サバ、イトヨリ交じり好調でした。,25.9℃,NULL,chowari/池田丸
池田丸,腰越港,2026/09/13,1,0,アジ,アジ,サブ,アジ,NULL,0.0,9.0,4.5,0,26.0,40.0,,,NULL,神奈川県 鎌倉市 腰越漁港,NULL,NULL,1,NULL,NULL,25.4,25.4,NULL,北北東,2.8m/s,中潮,南南東 0.3m/s・凪,曇りのち時々晴れ,NULL,NULL,NULL,ｌｔ五目船、いい凪で色々釣れました。サバ、ソウダ交じる。,25.4℃,NULL,chowari/池田丸
池田丸,腰越港,2026/09/13,1,0,イトヨリ,イトヨリ,サブ,イトヨリ,NULL,0.0,3.0,1.5,0,20.0,32.0,,,NULL,神奈川県 鎌倉市 腰越漁港,NULL,NULL,1,NULL,NULL,25.4,25.4,NULL,北北東,2.8m/s,中潮,南南東 0.3m/s・凪,曇りのち時々晴れ,NULL,NULL,NULL,ｌｔ五目船、いい凪で色々釣れました。サバ、ソウダ交じる。,25.4℃,NULL,chowari/池田丸
池田丸,腰越港,2026/09/13,1,0,カンパチ,カンパチ,メイン,カンパチ,NULL,0.0,4.0,2.0,0,26.0,38.0,,,NULL,神奈川県 鎌倉市 腰越漁港,NULL,NULL,1,NULL,NULL,25.4,25.4,NULL,北北東,2.8m/s,中潮,南南東 0.3m/s・凪,曇りのち時々晴れ,アジ・イトヨリ・ハナダイ・メジナ,NULL,NULL,ｌｔ五目船、いい凪で色々釣れました。サバ、ソウダ交じる。,25.4℃,NULL,chowari/池田丸
池田丸,腰越港,2026/09/13,1,0,ハナダイ,ハナダイ,サブ,ハナダイ,NULL,0.0,2.0,1.0,0,24.0,30.0,,,NULL,神奈川県 鎌倉市 腰越漁港,NULL,NULL,1,NULL,NULL,25.4,25.4,NULL,北北東,2.8m/s,中潮,南南東 0.3m/s・凪,曇りのち時々晴れ,NULL,NULL,NULL,ｌｔ五目船、いい凪で色々釣れました。サバ、ソウダ交じる。,25.4℃,NULL,chowari/池田丸
池田丸,腰越港,2026/09/13,1,0,メジナ,メジナ,サブ,メジナ,NULL,0.0,2.0,1.0,0,30.0,38.0,,,NULL,神奈川県 鎌倉市 腰越漁港,NULL,NULL,1,NULL,NULL,25.4,25.4,NULL,北北東,2.8m/s,中潮,南南東 0.3m/s・凪,曇りのち時々晴れ,NULL,NULL,NULL,ｌｔ五目船、いい凪で色々釣れました。サバ、ソウダ交じる。,25.4℃,NULL,chowari/池田丸
池田丸,腰越港,2026/09/14,1,0,アジ,アジ,サブ,アジ,NULL,0.0,5.0,2.5,0,20.0,30.0,,,NULL,神奈川県 鎌倉市 腰越漁港,NULL,NULL,1,NULL,NULL,25.8,25.8,NULL,南南西,4.9m/s,中潮,南 0.5m/s,晴れ後時々曇り,NULL,NULL,NULL,南風がありましたが、イトヨリ、サバ交じリ好調でした。,25.8℃,NULL,chowari/池田丸
池田丸,腰越港,2026/09/14,1,0,イナダ,イナダ,メイン,イナダ,NULL,0.0,3.0,1.5,0,30.0,38.0,,,NULL,神奈川県 鎌倉市 腰越漁港,NULL,NULL,1,NULL,NULL,25.8,25.8,NULL,南南西,4.9m/s,中潮,南 0.5m/s,晴れ後時々曇り,アジ・カンパチ・ハナダイ,NULL,NULL,南風がありましたが、イトヨリ、サバ交じリ好調でした。,25.8℃,NULL,chowari/池田丸
池田丸,腰越港,2026/09/14,1,0,カンパチ,カンパチ,サブ,カンパチ,NULL,0.0,2.0,1.0,0,28.0,35.0,,,NULL,神奈川県 鎌倉市 腰越漁港,NULL,NULL,1,NULL,NULL,25.8,25.8,NULL,南南西,4.9m/s,中潮,南 0.5m/s,晴れ後時々曇り,NULL,NULL,NULL,南風がありましたが、イトヨリ、サバ交じリ好調でした。,25.8℃,NULL,chowari/池田丸
池田丸,腰越港,2026/09/14,1,0,ハナダイ,ハナダイ,サブ,ハナダイ,NULL,0.0,3.0,1.5,0,25.0,32.0,,,NULL,神奈川県 鎌倉市 腰越漁港,NULL,NULL,1,NULL,NULL,25.8,25.8,NULL,南南西,4.9m/s,中潮,南 0.5m/s,晴れ後時々曇り,NULL,NULL,NULL,南風がありましたが、イトヨリ、サバ交じリ好調でした。,25.8℃,NULL,chowari/池田丸
池田丸,腰越港,2026/09/15,1,0,アジ,アジ,サブ,アジ,NULL,0.0,4.0,2.0,0,26.0,38.0,,,NULL,神奈川県 鎌倉市 腰越漁港,NULL,NULL,1,NULL,NULL,25.8,25.8,NULL,南,4.4m/s,中潮,南 0.7m/s・凪,曇り一時雨,NULL,NULL,NULL,朝方雨、あいにくの天候、日中はいい凪でした。カンパチ、イラ、ハナダイ、サバ、イトヨリなど色々釣れました。,25.8℃,NULL,chowari/池田丸
池田丸,腰越港,2026/09/15,1,0,イナダ,イナダ,メイン,イナダ,NULL,0.0,3.0,1.5,0,30.0,38.0,,,NULL,神奈川県 鎌倉市 腰越漁港,NULL,NULL,1,NULL,NULL,25.8,25.8,NULL,南,4.4m/s,中潮,南 0.7m/s・凪,曇り一時雨,アジ,NULL,NULL,朝方雨、あいにくの天候、日中はいい凪でした。カンパチ、イラ、ハナダイ、サバ、イトヨリなど色々釣れました。,25.8℃,NULL,chowari/池田丸
池田丸,腰越港,2026/09/16,1,0,イナダ,イナダ,メイン,イナダ,NULL,0.0,4.0,2.0,0,30.0,38.0,,,NULL,神奈川県 鎌倉市 腰越漁港,NULL,NULL,1,NULL,NULL,25.9,25.9,NULL,北北東,3.5m/s,中潮,南南東 0.5m/s,雨,ハナダイ,NULL,NULL,あいにくの天候でした。大型ハナダイ、カンパチ、イトヨリ、サバ、ソウダ交じリ五目釣りで色々釣れました。,25.9℃,NULL,chowari/池田丸
池田丸,腰越港,2026/09/16,1,0,ハナダイ,ハナダイ,サブ,ハナダイ,NULL,0.0,5.0,2.5,0,28.0,35.0,,,NULL,神奈川県 鎌倉市 腰越漁港,NULL,NULL,1,NULL,NULL,25.9,25.9,NULL,北北東,3.5m/s,中潮,南南東 0.5m/s,雨,NULL,NULL,NULL,あいにくの天候でした。大型ハナダイ、カンパチ、イトヨリ、サバ、ソウダ交じリ五目釣りで色々釣れました。,25.9℃,NULL,chowari/池田丸
治久丸,宇佐美港,2026/09/01,1,0,アラ,アラ,メイン,アラ,NULL,,,,0,,,,,NULL,静岡県 伊東市 宇佐美港,NULL,NULL,1,NULL,NULL,27.2,27.2,NULL,北東,3.3m/s,中潮,東南東 0.5m/s,晴れ後時々曇り,,NULL,NULL,今日はアラで出船。,27.2℃,NULL,chowari/治久丸
治久丸,宇佐美港,2026/09/02,1,0,アカハタ,ハタ,サブ,アカハタ,NULL,,,,0,,,,,NULL,静岡県 伊東市 宇佐美港,NULL,NULL,1,NULL,NULL,27.7,27.7,NULL,東,1.2m/s,中潮,東南東 0.5m/s,晴れ後時々曇り,NULL,NULL,NULL,良いヒラメでした、2キロサイズ。最新、アコウ、キジハタ、オオモンハタも上手。今日は皆様ヒラメの顔見れてます。ヒラメ、1〜２枚、2.0〜2.５キロ。オオモンハタ、アカハタなど交じる。ハリス８号、２度キレる。明日３日、午前泳がせ出船。,27.7℃,NULL,chowari/治久丸
治久丸,宇佐美港,2026/09/02,1,0,アコウ,NULL,サブ,アコウ,NULL,,,,0,,,,,NULL,静岡県 伊東市 宇佐美港,NULL,NULL,1,NULL,NULL,27.7,27.7,NULL,東,1.2m/s,中潮,東南東 0.5m/s,晴れ後時々曇り,NULL,NULL,NULL,良いヒラメでした、2キロサイズ。最新、アコウ、キジハタ、オオモンハタも上手。今日は皆様ヒラメの顔見れてます。ヒラメ、1〜２枚、2.0〜2.５キロ。オオモンハタ、アカハタなど交じる。ハリス８号、２度キレる。明日３日、午前泳がせ出船。,27.7℃,NULL,chowari/治久丸
治久丸,宇佐美港,2026/09/02,1,0,オオモンハタ,ハタ,サブ,オオモンハタ,NULL,,,,0,,,,,NULL,静岡県 伊東市 宇佐美港,NULL,NULL,1,NULL,NULL,27.7,27.7,NULL,東,1.2m/s,中潮,東南東 0.5m/s,晴れ後時々曇り,NULL,NULL,NULL,良いヒラメでした、2キロサイズ。最新、アコウ、キジハタ、オオモンハタも上手。今日は皆様ヒラメの顔見れてます。ヒラメ、1〜２枚、2.0〜2.５キロ。オオモンハタ、アカハタなど交じる。ハリス８号、２度キレる。明日３日、午前泳がせ出船。,27.7℃,NULL,chowari/治久丸
治久丸,宇佐美港,2026/09/02,1,0,キジハタ,ハタ,サブ,キジハタ,NULL,,,,0,,,,,NULL,静岡県 伊東市 宇佐美港,NULL,NULL,1,NULL,NULL,27.7,27.7,NULL,東,1.2m/s,中潮,東南東 0.5m/s,晴れ後時々曇り,NULL,NULL,NULL,良いヒラメでした、2キロサイズ。最新、アコウ、キジハタ、オオモンハタも上手。今日は皆様ヒラメの顔見れてます。ヒラメ、1〜２枚、2.0〜2.５キロ。オオモンハタ、アカハタなど交じる。ハリス８号、２度キレる。明日３日、午前泳がせ出船。,27.7℃,NULL,chowari/治久丸
治久丸,宇佐美港,2026/09/02,1,0,ヒラメ,ヒラメ,メイン,ヒラメ,NULL,1.0,2.0,1.5,0,,,2.0,2.5,NULL,静岡県 伊東市 宇佐美港,NULL,NULL,1,NULL,NULL,27.7,27.7,NULL,東,1.2m/s,中潮,東南東 0.5m/s,晴れ後時々曇り,アカハタ・アコウ・オオモンハタ・キジハタ,NULL,NULL,良いヒラメでした、2キロサイズ。最新、アコウ、キジハタ、オオモンハタも上手。今日は皆様ヒラメの顔見れてます。ヒラメ、1〜２枚、2.0〜2.５キロ。オオモンハタ、アカハタなど交じる。ハリス８号、２度キレる。明日３日、午前泳がせ出船。,27.7℃,NULL,chowari/治久丸
治久丸,宇佐美港,2026/09/03,1,0,ヒラメ,ヒラメ,メイン,ヒラメ,NULL,,,,0,,,,,NULL,静岡県 伊東市 宇佐美港,NULL,NULL,1,NULL,NULL,27.7,27.7,NULL,南西,2.4m/s,小潮,東南東 0.5m/s,曇り,,NULL,NULL,おめでとう。今日はアタリが出てもハリスギレやすっぽ抜けでお魚が上がって来ません。後半どうでしょう。,27.7℃,NULL,chowari/治久丸
治久丸,宇佐美港,2026/09/05,1,0,アラ,アラ,メイン,アラ,NULL,4.0,9.0,6.5,0,,,0.8,1.2,NULL,静岡県 伊東市 宇佐美港,NULL,NULL,1,NULL,NULL,27.7,27.7,NULL,東北東,4.2m/s,小潮,東南東 0.7m/s,雨のち曇り,,NULL,NULL,午後船はアラで出船。始めからポツポツ釣れてました。0.8～1.2キロ、4〜9匹。小型でも味は美味しいです。,27.7℃,NULL,chowari/治久丸
治久丸,宇佐美港,2026/09/08,1,0,カイワリ,カイワリ,メイン,カイワリ,NULL,,,,0,,,,,NULL,静岡県 伊東市 宇佐美港,NULL,NULL,1,NULL,NULL,27.5,27.5,NULL,南,1.3m/s,中潮,南東 1.0m/s・凪,曇りのち一時雨,カンパチ・ショゴ,NULL,NULL,おはようございます。雨も上がり良い凪です。今日は久しぶりのカイワリたまには餌を撒きに来ました。 今年もやっと出て来てくれました。カンパチ、ショゴですが美味しいよ。カッタクリで遊べます。ハリス６号クッション無し。今シーズンもやっとカンパチ、ショゴ出て来たよ。トップ１３本、カッタクリで大丈夫です。,27.5℃,NULL,chowari/治久丸
治久丸,宇佐美港,2026/09/08,1,0,カンパチ,カンパチ,サブ,カンパチ,NULL,,,,0,,,,,NULL,静岡県 伊東市 宇佐美港,NULL,NULL,1,NULL,NULL,27.5,27.5,NULL,南,1.3m/s,中潮,南東 1.0m/s・凪,曇りのち一時雨,NULL,NULL,NULL,おはようございます。雨も上がり良い凪です。今日は久しぶりのカイワリたまには餌を撒きに来ました。 今年もやっと出て来てくれました。カンパチ、ショゴですが美味しいよ。カッタクリで遊べます。ハリス６号クッション無し。今シーズンもやっとカンパチ、ショゴ出て来たよ。トップ１３本、カッタクリで大丈夫です。,27.5℃,NULL,chowari/治久丸
治久丸,宇佐美港,2026/09/08,1,0,ショゴ,カンパチ,サブ,ショゴ,NULL,,,,0,,,,,NULL,静岡県 伊東市 宇佐美港,NULL,NULL,1,NULL,NULL,27.5,27.5,NULL,南,1.3m/s,中潮,南東 1.0m/s・凪,曇りのち一時雨,NULL,NULL,NULL,おはようございます。雨も上がり良い凪です。今日は久しぶりのカイワリたまには餌を撒きに来ました。 今年もやっと出て来てくれました。カンパチ、ショゴですが美味しいよ。カッタクリで遊べます。ハリス６号クッション無し。今シーズンもやっとカンパチ、ショゴ出て来たよ。トップ１３本、カッタクリで大丈夫です。,27.5℃,NULL,chowari/治久丸
治久丸,宇佐美港,2026/09/10,1,0,アカハタ,ハタ,メイン,アカハタ,NULL,,,,0,,,,,NULL,静岡県 伊東市 宇佐美港,NULL,NULL,1,NULL,NULL,27.2,27.2,濁り,北東,4.9m/s,大潮,東南東 0.7m/s・凪,雨,ヒラメ,NULL,NULL,午後船は凪です。潮が少し濁りです。餌カマスはよく釣れます。最新、カマスサビキはハリスは５号〜上で。沢山仕掛けがある人は細くてもオッケー。,27.2℃,NULL,chowari/治久丸
治久丸,宇佐美港,2026/09/10,1,0,ヒラメ,ヒラメ,サブ,ヒラメ,NULL,,,,0,,,,,NULL,静岡県 伊東市 宇佐美港,NULL,NULL,1,NULL,NULL,27.2,27.2,濁り,北東,4.9m/s,大潮,東南東 0.7m/s・凪,雨,NULL,NULL,NULL,午後船は凪です。潮が少し濁りです。餌カマスはよく釣れます。最新、カマスサビキはハリスは５号〜上で。沢山仕掛けがある人は細くてもオッケー。,27.2℃,NULL,chowari/治久丸
治久丸,宇佐美港,2026/09/11,1,0,カンパチ,カンパチ,メイン,カンパチ,NULL,3.0,5.0,4.0,0,,,,,NULL,静岡県 伊東市 宇佐美港,NULL,NULL,1,NULL,NULL,27.0,27.0,NULL,北東,2.6m/s,大潮,東南東 0.5m/s,雨,,NULL,NULL,午後船はスタートカンパチ。後半サビキ、毎年カンパチは１〜２週間で終わり。早めにどうぞです。 午後船のカマスは夕方から食いが良いです。カンパチはカッタクリで３〜５本。明日は午後からカンパチ出船。,27.0℃,NULL,chowari/治久丸
治久丸,宇佐美港,2026/09/11,2,0,オオモンハタ,ハタ,サブ,オオモンハタ,NULL,,,,0,,,,,NULL,静岡県 伊東市 宇佐美港,NULL,NULL,1,NULL,NULL,27.0,27.0,NULL,北東,2.6m/s,大潮,東南東 0.5m/s,雨,NULL,NULL,NULL,カマス餌が無くなったお客様はカッタクリでカンパチ４本釣れてます。,27.0℃,NULL,chowari/治久丸
治久丸,宇佐美港,2026/09/11,2,0,カンパチ,カンパチ,メイン,カンパチ,NULL,4.0,4.0,4.0,0,,,,,NULL,静岡県 伊東市 宇佐美港,NULL,NULL,1,NULL,NULL,27.0,27.0,NULL,北東,2.6m/s,大潮,東南東 0.5m/s,雨,オオモンハタ,NULL,NULL,カマス餌が無くなったお客様はカッタクリでカンパチ４本釣れてます。,27.0℃,NULL,chowari/治久丸
治久丸,宇佐美港,2026/09/12,1,0,ウメイロ,ウメイロ,サブ,ウメイロ,NULL,,,,0,,,,,NULL,静岡県 伊東市 宇佐美港,NULL,NULL,1,NULL,NULL,26.8,26.8,NULL,北東,3.5m/s,大潮,東南東 0.6m/s,曇り,NULL,NULL,NULL,おはようございます。午前船中止午後船はカンパチで出船。昨日はカンパチ、午前船、1〜６本。午後船、3〜4本。バラしは多いです。,26.8℃,NULL,chowari/治久丸
治久丸,宇佐美港,2026/09/12,1,0,オオモンハタ,ハタ,サブ,オオモンハタ,NULL,,,,0,,,,,NULL,静岡県 伊東市 宇佐美港,NULL,NULL,1,NULL,NULL,26.8,26.8,NULL,北東,3.5m/s,大潮,東南東 0.6m/s,曇り,NULL,NULL,NULL,おはようございます。午前船中止午後船はカンパチで出船。昨日はカンパチ、午前船、1〜６本。午後船、3〜4本。バラしは多いです。,26.8℃,NULL,chowari/治久丸
治久丸,宇佐美港,2026/09/12,1,0,ショゴ,カンパチ,メイン,ショゴ,NULL,,,,0,,,1.0,1.5,NULL,静岡県 伊東市 宇佐美港,NULL,NULL,1,NULL,NULL,26.8,26.8,NULL,北東,3.5m/s,大潮,東南東 0.6m/s,曇り,ウメイロ・オオモンハタ,NULL,NULL,おはようございます。午前船中止午後船はカンパチで出船。昨日はカンパチ、午前船、1〜６本。午後船、3〜4本。バラしは多いです。,26.8℃,NULL,chowari/治久丸
治久丸,宇佐美港,2026/09/13,1,0,イナダ,イナダ,サブ,イナダ,NULL,0.0,2.0,1.0,0,,,,,NULL,静岡県 伊東市 宇佐美港,NULL,NULL,1,NULL,NULL,26.1,26.1,NULL,北東,2.3m/s,中潮,東南東 0.6m/s,曇り,NULL,NULL,NULL,おはようございます。カンパチ、カッタクリからスタート。ポツポツ釣れてます。いい人７本。リレーでカイワリ行ってきます。 最新、カンパチ７〜０本、イナダ０〜２本、カイワリ船中2枚。カイワリのポイントは反応があるので諦めず出船しますよ。,26.1℃,NULL,chowari/治久丸
治久丸,宇佐美港,2026/09/13,1,0,カイワリ,カイワリ,サブ,カイワリ,NULL,2.0,2.0,2.0,0,,,,,NULL,静岡県 伊東市 宇佐美港,NULL,NULL,1,NULL,NULL,26.1,26.1,NULL,北東,2.3m/s,中潮,東南東 0.6m/s,曇り,NULL,NULL,NULL,おはようございます。カンパチ、カッタクリからスタート。ポツポツ釣れてます。いい人７本。リレーでカイワリ行ってきます。 最新、カンパチ７〜０本、イナダ０〜２本、カイワリ船中2枚。カイワリのポイントは反応があるので諦めず出船しますよ。,26.1℃,NULL,chowari/治久丸
治久丸,宇佐美港,2026/09/13,1,0,カンパチ,カンパチ,メイン,カンパチ,NULL,0.0,7.0,3.5,0,,,,,NULL,静岡県 伊東市 宇佐美港,NULL,NULL,1,NULL,NULL,26.1,26.1,NULL,北東,2.3m/s,中潮,東南東 0.6m/s,曇り,イナダ・カイワリ,NULL,NULL,おはようございます。カンパチ、カッタクリからスタート。ポツポツ釣れてます。いい人７本。リレーでカイワリ行ってきます。 最新、カンパチ７〜０本、イナダ０〜２本、カイワリ船中2枚。カイワリのポイントは反応があるので諦めず出船しますよ。,26.1℃,NULL,chowari/治久丸
治久丸,宇佐美港,2026/09/14,1,0,アカハタ,ハタ,サブ,アカハタ,NULL,,,,0,,,,,NULL,静岡県 伊東市 宇佐美港,NULL,NULL,1,NULL,NULL,26.3,26.3,NULL,南西,3.4m/s,中潮,東南東 0.6m/s,晴れ後一時雨,NULL,NULL,NULL,空を見上げてました。出来れば隠したい。４名様でカマス４匹、鯵７匹、カンパチ1匹、カサゴ、アカハタです。お魚ありがたい。,26.3℃,NULL,chowari/治久丸
治久丸,宇佐美港,2026/09/14,1,0,アジ,アジ,サブ,アジ,NULL,7.0,7.0,7.0,0,,,,,NULL,静岡県 伊東市 宇佐美港,NULL,NULL,1,NULL,NULL,26.3,26.3,NULL,南西,3.4m/s,中潮,東南東 0.6m/s,晴れ後一時雨,NULL,NULL,NULL,空を見上げてました。出来れば隠したい。４名様でカマス４匹、鯵７匹、カンパチ1匹、カサゴ、アカハタです。お魚ありがたい。,26.3℃,NULL,chowari/治久丸
治久丸,宇佐美港,2026/09/14,1,0,カサゴ,カサゴ,サブ,カサゴ,NULL,,,,0,,,,,NULL,静岡県 伊東市 宇佐美港,NULL,NULL,1,NULL,NULL,26.3,26.3,NULL,南西,3.4m/s,中潮,東南東 0.6m/s,晴れ後一時雨,NULL,NULL,NULL,空を見上げてました。出来れば隠したい。４名様でカマス４匹、鯵７匹、カンパチ1匹、カサゴ、アカハタです。お魚ありがたい。,26.3℃,NULL,chowari/治久丸
治久丸,宇佐美港,2026/09/14,1,0,カマス,カマス,メイン,カマス,NULL,4.0,4.0,4.0,0,,,,,NULL,静岡県 伊東市 宇佐美港,NULL,NULL,1,NULL,NULL,26.3,26.3,NULL,南西,3.4m/s,中潮,東南東 0.6m/s,晴れ後一時雨,アカハタ・アジ・カサゴ・カンパチ,NULL,NULL,空を見上げてました。出来れば隠したい。４名様でカマス４匹、鯵７匹、カンパチ1匹、カサゴ、アカハタです。お魚ありがたい。,26.3℃,NULL,chowari/治久丸
治久丸,宇佐美港,2026/09/14,1,0,カンパチ,カンパチ,サブ,カンパチ,NULL,1.0,1.0,1.0,0,,,,,NULL,静岡県 伊東市 宇佐美港,NULL,NULL,1,NULL,NULL,26.3,26.3,NULL,南西,3.4m/s,中潮,東南東 0.6m/s,晴れ後一時雨,NULL,NULL,NULL,空を見上げてました。出来れば隠したい。４名様でカマス４匹、鯵７匹、カンパチ1匹、カサゴ、アカハタです。お魚ありがたい。,26.3℃,NULL,chowari/治久丸
治久丸,宇佐美港,2026/09/15,1,0,ショゴ,カンパチ,サブ,ショゴ,NULL,,,,0,,,,,NULL,静岡県 伊東市 宇佐美港,NULL,NULL,1,NULL,NULL,26.3,26.3,NULL,南南西,2.6m/s,中潮,東南東 0.7m/s,雨時々止む,NULL,NULL,NULL,午後船、季節先取り白甘鯛、もういるぞ。今年もデカイよ。何処の船にやられる前に、笑。,26.3℃,NULL,chowari/治久丸
治久丸,宇佐美港,2026/09/15,1,0,シロアマダイ,シロアマダイ,メイン,シロアマダイ,NULL,,,,0,,,,,NULL,静岡県 伊東市 宇佐美港,NULL,NULL,1,NULL,NULL,26.3,26.3,NULL,南南西,2.6m/s,中潮,東南東 0.7m/s,雨時々止む,ショゴ,NULL,NULL,午後船、季節先取り白甘鯛、もういるぞ。今年もデカイよ。何処の船にやられる前に、笑。,26.3℃,NULL,chowari/治久丸
治久丸,宇佐美港,2026/09/15,2,0,アカアマダイ,アカアマダイ,メイン,アカアマダイ,NULL,,,,0,,,,,NULL,静岡県 伊東市 宇佐美港,NULL,NULL,1,NULL,NULL,26.3,26.3,NULL,南南西,2.6m/s,中潮,東南東 0.7m/s,雨時々止む,も名の分からなない魚が・カイワリ,NULL,NULL,午前船、おはようございます。今日は朝イチから笑顔を頂きましたよ^_^7時、トップ４本、3名様で9本。他にも名の分からなない魚が。,26.3℃,NULL,chowari/治久丸
治久丸,宇佐美港,2026/09/15,2,0,カイワリ,カイワリ,サブ,カイワリ,NULL,,,,0,,,,,NULL,静岡県 伊東市 宇佐美港,NULL,NULL,1,NULL,NULL,26.3,26.3,NULL,南南西,2.6m/s,中潮,東南東 0.7m/s,雨時々止む,NULL,NULL,NULL,午前船、おはようございます。今日は朝イチから笑顔を頂きましたよ^_^7時、トップ４本、3名様で9本。他にも名の分からなない魚が。,26.3℃,NULL,chowari/治久丸
治久丸,宇佐美港,2026/09/16,1,0,アマダイ,アマダイ,メイン,アマダイ,NULL,,,,0,,,,,NULL,静岡県 伊東市 宇佐美港,NULL,NULL,1,NULL,NULL,26.4,26.4,NULL,北東,3.3m/s,中潮,東南東 0.6m/s,雨,イトヨリ・カイワリ,NULL,NULL,今日は潮が動いてくれず、甘鯛は顔見ただけです。カイワリは3枚、レンコン、イトヨリなど。今シーズンもアオリイカ募集です。,26.4℃,NULL,chowari/治久丸
治久丸,宇佐美港,2026/09/16,1,0,イトヨリ,イトヨリ,サブ,イトヨリ,NULL,,,,0,,,,,NULL,静岡県 伊東市 宇佐美港,NULL,NULL,1,NULL,NULL,26.4,26.4,NULL,北東,3.3m/s,中潮,東南東 0.6m/s,雨,NULL,NULL,NULL,今日は潮が動いてくれず、甘鯛は顔見ただけです。カイワリは3枚、レンコン、イトヨリなど。今シーズンもアオリイカ募集です。,26.4℃,NULL,chowari/治久丸
治久丸,宇佐美港,2026/09/16,1,0,カイワリ,カイワリ,サブ,カイワリ,NULL,3.0,3.0,3.0,0,,,,,NULL,静岡県 伊東市 宇佐美港,NULL,NULL,1,NULL,NULL,26.4,26.4,NULL,北東,3.3m/s,中潮,東南東 0.6m/s,雨,NULL,NULL,NULL,今日は潮が動いてくれず、甘鯛は顔見ただけです。カイワリは3枚、レンコン、イトヨリなど。今シーズンもアオリイカ募集です。,26.4℃,NULL,chowari/治久丸
浜べ丸,波崎港,2026/09/12,1,0,イナダ,イナダ,メイン,イナダ,NULL,,,,0,,,,,NULL,茨城県 神栖市 波崎港,NULL,NULL,1,NULL,NULL,24.5,24.5,NULL,北東,6.8m/s,大潮,東北東 1.2m/s,曇り一時雨,,NULL,NULL,ジギング青物０～４尾。 沖はシイラで疲れました。,24.5℃,NULL,chowari/浜べ丸
深川 吉野屋,江東区木場,2026/09/02,1,0,サワラ,サワラ,メイン,サワラ,NULL,0.0,4.0,2.0,0,52.0,92.0,,,NULL,横浜沖,NULL,NULL,1,NULL,NULL,28.5,28.5,NULL,南南東,2.0m/s,中潮,南 0.2m/s,曇り,,NULL,NULL,【サワラ船】今日は２隻で出船しました。湾奥から捜索しながら南下し、近場のポイントからスタート。反応も広範囲に出ており早々からアタリが出せ、本命サワラを船内に！その後も順調にアタリが出せましたが、ちょっとバラシも目立ち・・。後半は横浜沖周辺まで南下し、こちらでもたまにポツリとアタリが続いてくれました！１５号船は船中２０匹。７号船は船中１２匹。全体的にバラシも多めでもうちょい取りたかった感じでした・・。,28.5℃,NULL,chowari/深川 吉野屋
深川 吉野屋,江東区木場,2026/09/02,1,0,タチウオ,タチウオ,メイン,タチウオ,NULL,2.0,24.0,13.0,0,60.0,116.0,,,NULL,走水沖,NULL,NULL,1,NULL,NULL,28.5,28.5,NULL,南南東,2.0m/s,中潮,南 0.2m/s,曇り,,NULL,NULL,【タチウオ船】朝イチは浅場のポイントからスタート。ここのところは良い感じでしたが、今日は反応も乏しく・・。深追いせず早めに走水沖に移動。こちらは広範囲に反応が！ただ、アタリっぷりはちょっとテクニカルな感じでフォールのアタリが多く、慣れない方にはＨＩＴさせるのが難しい感じ・・。帰り際まで高活性になる事はありませんでしたが、貸竿の方もなんとか皆さんＧＥＴでき帰航となりました！,28.5℃,NULL,chowari/深川 吉野屋
深川 吉野屋,江東区木場,2026/09/02,2,0,タチウオ,タチウオ,メイン,タチウオ,NULL,2.0,24.0,13.0,0,60.0,116.0,,,NULL,走水沖,NULL,NULL,1,NULL,NULL,28.5,28.5,NULL,南南東,2.0m/s,中潮,南 0.2m/s,曇り,,NULL,NULL,【タチウオ船】朝イチは浅場のポイントからスタート。ここのところは良い感じでしたが、今日は反応も乏しく・・。深追いせず早めに走水沖に移動。こちらは広範囲に反応が！ただ、アタリっぷりはちょっとテクニカルな感じでフォールのアタリが多く、慣れない方にはＨＩＴさせるのが難しい感じ・・。帰り際まで高活性になる事はありませんでしたが、貸竿の方もなんとか皆さんＧＥＴでき帰航となりました！,28.5℃,NULL,chowari/深川 吉野屋
深川 吉野屋,江東区木場,2026/09/03,1,0,サワラ,サワラ,メイン,サワラ,NULL,1.0,5.0,3.0,0,55.0,94.0,,,NULL,東京都 江東区 木場,NULL,NULL,1,NULL,NULL,28.6,28.6,NULL,南南西,4.1m/s,小潮,南南西 0.2m/s,曇りのち一時雨,,NULL,NULL,【サワラ船】今日も近場のポイントからスタート。早々にサワラがＨＩＴし無事に玉網に！ただ、その後はアタリも出せず、横浜周辺まで南下。跳ねはところどころに見えて雰囲気だけはバッチリも、たまにアタリが出せる程度・・。またまた湾奥のポイントに戻りじっくりと狙っているとこちらもたまにアタリが出せる程度。貴重なアタリを皆さん慎重にやり取りし、５人と少人数でしたが皆さんサワラを仕留めることができました！今日はシルエットの小さめなミノーがアタリも多く出せた感じでした！,28.6℃,NULL,chowari/深川 吉野屋
深川 吉野屋,江東区木場,2026/09/03,2,0,タチウオ,タチウオ,メイン,タチウオ,NULL,0.0,19.0,9.5,0,65.0,105.0,,,NULL,走水沖,NULL,NULL,1,NULL,NULL,28.6,28.6,NULL,南南西,4.1m/s,小潮,南南西 0.2m/s,曇りのち一時雨,,NULL,NULL,【タチウオ船】今日も浅場のポイントから捜索。転々と探るもなかなか反応も見当たらず、深追いせず走水沖に向かいました。こちらはしっかりとした反応も広範囲に出ており、ジグを落とすとポツポツと順調な食いっぷり！午前中は良い感じもその後は徐々にテクニカルモードに・・。後半は反応もバラバラになってしまい方を見るのがやっとな感じになってしまいました・・。,28.6℃,NULL,chowari/深川 吉野屋
深川 吉野屋,江東区木場,2026/09/04,1,0,サワラ,サワラ,メイン,サワラ,NULL,1.0,4.0,2.5,0,50.0,78.0,,,NULL,東京都 江東区 木場,NULL,NULL,1,NULL,NULL,28.9,28.9,NULL,北北東,1.2m/s,小潮,南南西 0.2m/s,雨時々止む,,NULL,NULL,【サワラ船】今日も近場のポイントからスタート。早々にサワラもＨＩＴしてくれましたが、その後はアタリも出せず南下しながらキャストを繰り返していきました。横浜周辺まで来るとようやくアタリが！その周辺をじっくりと流すと時折、サワラの跳ねも見受けられ、間が空きながらポツリとアタリが続きました！帰り際まで地味に貯めていき、皆さんＧＥＴとなり帰航できました！今日はブレードジグ・ミノーと同じようにアタリが出せた感じでした！,28.9℃,NULL,chowari/深川 吉野屋
深川 吉野屋,江東区木場,2026/09/04,2,0,タチウオ,タチウオ,メイン,タチウオ,NULL,5.0,36.0,20.5,0,60.0,118.0,,,NULL,走水沖,NULL,NULL,1,NULL,NULL,28.9,28.9,NULL,北北東,1.2m/s,小潮,南南西 0.2m/s,雨時々止む,,NULL,NULL,【タチウオ船】朝イチは浅場のポイントからスタート。昨日はまるっきりでしたが、今日は反応も点在しており、ジグを落とすと活発にポツポツとＨＩＴ！アタリも落ち着いてくると走水沖に移動。反応はいつものようにしっかりと確認できるも、ちょっと活性はイマイチ・・。テクニカルながらなんとかアタリは続いてくれ、後半は良型も多めにＨＩＴしてくれました！,28.9℃,NULL,chowari/深川 吉野屋
深川 吉野屋,江東区木場,2026/09/05,1,0,マアジ,アジ,メイン,マアジ,NULL,25.0,80.0,52.5,0,18.0,29.0,,,NULL,扇島沖,横浜沖,NULL,2,NULL,NULL,28.5,28.5,NULL,北東,2.3m/s,小潮,南 0.2m/s,曇り,,NULL,NULL,【マアジ船】今日は扇島沖のストラクチャー周りからスタート。反応は確認できるもなかなかアタリが出せず、転々と移動。横浜沖まで南下しようやく活性の高めの群れに遭遇！コマセが効いてくるとバタバタっと連発してＨＩＴ！慣れない方もダブルを連発！帰り際まで好調に続いてくれ、皆さんお土産分はバッチリ確保となりました！,28.5℃,NULL,chowari/深川 吉野屋
深川 吉野屋,江東区木場,2026/09/05,2,0,サワラ,サワラ,メイン,サワラ,NULL,0.0,6.0,3.0,0,50.0,88.0,,,NULL,横浜沖,NULL,NULL,1,NULL,NULL,28.5,28.5,NULL,北東,2.3m/s,小潮,南 0.2m/s,曇り,,NULL,NULL,【サワラ船】今日も近場の海域からスタート。反応は点在しているのですがアタリは遠く、横浜沖まで南下。ようやくサワラがＨＩＴすると、流し変えの度にポツポツとＨＩＴ！時間帯の寄っては２・３人同時にＨＩＴする場面もあり、船内も盛り上がりました！後半は取れたり、バラしたりを繰り返し帰り際までなんとか３２本を仕留めることができました！！,28.5℃,NULL,chowari/深川 吉野屋
深川 吉野屋,江東区木場,2026/09/05,2,0,タチウオ,タチウオ,メイン,タチウオ,NULL,2.0,36.0,19.0,0,60.0,123.0,,,NULL,走水沖,NULL,NULL,1,NULL,NULL,28.5,28.5,NULL,北東,2.3m/s,小潮,南 0.2m/s,曇り,,NULL,NULL,【タチウオ船】今日は２隻で出船しました。ともに海堡北側の浅場のポイントからスタート。派手な感じはないものの、反応にのっていられればポツポツと順調にＨＩＴ！しばらくして皆さん釣ったタイミングで走水沖に移動。こちらは反応の割にはテクニカルな感じでしたが、今日は全体的にサイズの良いのが目立ち、メーターＵＰが連発する場面も！最大は１２３㎝のドラゴンも浮上しました！,28.5℃,NULL,chowari/深川 吉野屋
深川 吉野屋,江東区木場,2026/09/05,3,0,タチウオ,タチウオ,メイン,タチウオ,NULL,2.0,36.0,19.0,0,60.0,123.0,,,NULL,走水沖,NULL,NULL,1,NULL,NULL,29.0,29.0,NULL,北東,2.3m/s,小潮,南 0.2m/s,曇り,,NULL,NULL,【タチウオ船】今日は２隻で出船しました。ともに海堡北側の浅場のポイントからスタート。派手な感じはないものの、反応にのっていられればポツポツと順調にＨＩＴ！しばらくして皆さん釣ったタイミングで走水沖に移動。こちらは反応の割にはテクニカルな感じでしたが、今日は全体的にサイズの良いのが目立ち、メーターＵＰが連発する場面も！最大は１２３㎝のドラゴンも浮上しました！,29.0℃,NULL,chowari/深川 吉野屋
深川 吉野屋,江東区木場,2026/09/06,1,0,サワラ,サワラ,メイン,サワラ,NULL,0.0,3.0,1.5,0,60.0,97.0,,,NULL,横浜沖,NULL,NULL,1,NULL,NULL,28.4,28.4,NULL,北北東,7.0m/s,長潮,北北東 0.4m/s,雨,,NULL,NULL,【サワラ船】昨日、様子の良かった横浜沖からスタート。ただ、反応も乏しくすっかりと変わってしまったようでアタリも出せず・・。北上しながら湾奥に向けていると、僚船が型を見れたとの事で合流。するとバタバタっと連発してＨＩＴしサワラをＧＥＴ！その後は間が空きながらもサワラがＨＩＴしたり、湾奥の極太タチウオが掛かってきたりしましたが、ちょっと残念なバラシ＆ラインブレイクもあり数は伸びませんでした・・。,28.4℃,NULL,chowari/深川 吉野屋
深川 吉野屋,江東区木場,2026/09/06,1,0,タチウオ,タチウオ,メイン,タチウオ,NULL,4.0,19.0,11.5,0,65.0,118.0,,,NULL,走水沖,NULL,NULL,1,NULL,NULL,28.4,28.4,NULL,北北東,7.0m/s,長潮,北北東 0.4m/s,雨,,NULL,NULL,【タチウオ船】今日は雨も風も強まってくる予報でしたので、走水沖に直行しました。朝のうちは小ぶり主体ながらポツポツとＨＩＴ。ただ、それほどの活性は無いようでたまに上がってくる程度。後半になるとアタリっぷりは同じような感じでしたが、メーター前後の良型もポツポツと混じるようになり盛り上がりました！予想通り北東の風も強まり雨も酷くなってきたので、ちょっと早めに帰航しました。,28.4℃,NULL,chowari/深川 吉野屋
深川 吉野屋,江東区木場,2026/09/06,2,0,タチウオ,タチウオ,メイン,タチウオ,NULL,4.0,19.0,11.5,0,65.0,118.0,,,NULL,走水沖,NULL,NULL,1,NULL,NULL,28.4,28.4,NULL,北北東,7.0m/s,長潮,北北東 0.4m/s,雨,,NULL,NULL,【タチウオ船】今日は雨も風も強まってくる予報でしたので、走水沖に直行しました。朝のうちは小ぶり主体ながらポツポツとＨＩＴ。ただ、それほどの活性は無いようでたまに上がってくる程度。後半になるとアタリっぷりは同じような感じでしたが、メーター前後の良型もポツポツと混じるようになり盛り上がりました！予想通り北東の風も強まり雨も酷くなってきたので、ちょっと早めに帰航しました。,28.4℃,NULL,chowari/深川 吉野屋
深川 吉野屋,江東区木場,2026/09/10,1,0,サワラ,サワラ,メイン,サワラ,NULL,0.0,9.0,4.5,0,50.0,82.0,,,NULL,東京都 江東区 木場,NULL,NULL,1,NULL,NULL,28.1,28.1,NULL,北北東,5.4m/s,"大潮・潮が緩,下げ潮",北北東 0.4m/s,曇りのち一時雨,,NULL,NULL,【サワラ船】今日も湾奥の近場のポイントからスタート。反応も広範囲に出ており、すぐにサゴシ級がバタバタっと連発してＨＩＴ！次第にナブラが立ち始めるとサワラ級も回ってきて、時間帯によっては２・３人同時にＨＩＴしたりと船内も大忙しでした！下げ潮が緩んでくると間が空きながらのアタリっぷりになりましたが、帰り際まで順調にアタリが！曇天陽気も手伝ってか、活性の高い一日になりました！,28.1℃,NULL,chowari/深川 吉野屋
深川 吉野屋,江東区木場,2026/09/10,1,0,タチウオ,タチウオ,メイン,タチウオ,NULL,2.0,39.0,20.5,0,65.0,119.0,,,NULL,走水沖,NULL,NULL,1,NULL,NULL,28.1,28.1,NULL,北北東,5.4m/s,大潮・上げ潮,北北東 0.4m/s,曇りのち一時雨,,NULL,NULL,【タチウオ船】今日は走水沖からスタートしました。夏タチサイズ主体ながら好調な食いっぷりで開始。バシバシと好調でしたが、上げ潮に変わるとアタリもひと段落・・。後半は猿島寄りに移動。こちらは反応バッチリも活性はイマイチでテクニカルなアタリっぷり・・。ただ、掛かってくればメーター前後の良型主体な感じでドラゴンに近い極太サイズも浮上し楽しめました！,28.1℃,NULL,chowari/深川 吉野屋
深川 吉野屋,江東区木場,2026/09/10,2,0,タチウオ,タチウオ,メイン,タチウオ,NULL,2.0,39.0,20.5,0,65.0,119.0,,,NULL,走水沖,NULL,NULL,1,NULL,NULL,28.1,28.1,NULL,北北東,5.4m/s,大潮・上げ潮,北北東 0.4m/s,曇りのち一時雨,,NULL,NULL,【タチウオ船】今日は走水沖からスタートしました。夏タチサイズ主体ながら好調な食いっぷりで開始。バシバシと好調でしたが、上げ潮に変わるとアタリもひと段落・・。後半は猿島寄りに移動。こちらは反応バッチリも活性はイマイチでテクニカルなアタリっぷり・・。ただ、掛かってくればメーター前後の良型主体な感じでドラゴンに近い極太サイズも浮上し楽しめました！,28.1℃,NULL,chowari/深川 吉野屋
深川 吉野屋,江東区木場,2026/09/11,1,0,サワラ,サワラ,メイン,サワラ,NULL,0.0,7.0,3.5,0,55.0,80.0,,,NULL,横浜沖,木更津沖,NULL,2,NULL,NULL,27.9,27.9,NULL,北北東,3.8m/s,大潮,南南西 0.2m/s,雨時々止む,,NULL,NULL,【サワラ船】本日はサワラ船のみの出船でした。先日模様のあった海域からスタート。反応も広く出ているもののアタリは一向に出せず・・。横浜沖に移動し、ようやく本命のサワラをＧＥＴできましたが、後がなかなか続かず・・。西に東に大捜索をしていると木更津沖でバタバタっと連発してＨＩＴ！後半は腰を据えてじっくりと狙い、バラシやラインブレイクも多々ありながら、船中２５匹まで持っていけました！,27.9℃,NULL,chowari/深川 吉野屋
深川 吉野屋,江東区木場,2026/09/12,1,0,サワラ,サワラ,メイン,サワラ,NULL,0.0,3.0,1.5,0,55.0,88.0,,,NULL,東京都 江東区 木場,NULL,NULL,1,NULL,NULL,27.5,27.5,NULL,北北東,4.1m/s,大潮,西北西 0.2m/s,曇り,,NULL,NULL,【サワラ船】今日は湾奥の近場のポイントから捜索しながらスタート。ベイト付きの反応も点在しており、数か所目でサワラがＨＩＴ！その後も流し変えの度にバタバタっと連発したり幸先の良いスタートでした！ただ、その後は木更津～横浜方面まで狙ってみるも単発のアタリのみ・・。貴重なアタリのバラシも目立ち、後半は数も伸びず苦戦気味でした・・。,27.5℃,NULL,chowari/深川 吉野屋
深川 吉野屋,江東区木場,2026/09/12,1,0,マアジ,アジ,メイン,マアジ,NULL,10.0,92.0,51.0,0,16.0,30.0,,,NULL,東京都 江東区 木場,NULL,NULL,1,NULL,NULL,27.5,27.5,NULL,北北東,4.1m/s,大潮,西北西 0.2m/s,曇り,,NULL,NULL,【マアジ仕立船】マアジ船は仕立船で出船しました。貸し竿でチャレンジの初心者の方も多く、レクチャーしながらスタート。最初は慣れなくてもコツをつかんでくるとダブルもあり、皆さんＧＥＴ！今日はくもり陽気でアジの活性も高めな感じ！帰り際まで好調に続いてくれました！,27.5℃,NULL,chowari/深川 吉野屋
深川 吉野屋,江東区木場,2026/09/12,2,0,サワラ,サワラ,メイン,サワラ,NULL,0.0,3.0,1.5,0,55.0,88.0,,,NULL,東京都 江東区 木場,NULL,NULL,1,NULL,NULL,27.5,27.5,NULL,北北東,4.1m/s,大潮,西北西 0.2m/s,曇り,,NULL,NULL,【サワラ船】今日は湾奥の近場のポイントから捜索しながらスタート。ベイト付きの反応も点在しており、数か所目でサワラがＨＩＴ！その後も流し変えの度にバタバタっと連発したり幸先の良いスタートでした！ただ、その後は木更津～横浜方面まで狙ってみるも単発のアタリのみ・・。貴重なアタリのバラシも目立ち、後半は数も伸びず苦戦気味でした・・。,27.5℃,NULL,chowari/深川 吉野屋
深川 吉野屋,江東区木場,2026/09/12,2,0,タチウオ,タチウオ,メイン,タチウオ,NULL,2.0,29.0,15.5,0,65.0,120.0,,,NULL,走水沖,NULL,NULL,1,NULL,NULL,27.5,27.5,NULL,北北東,4.1m/s,"大潮・潮が緩,上げ潮,下げ潮",西北西 0.2m/s,曇り,,NULL,NULL,【タチウオ船】タチウオ船は今日も２隻で出船しました。ともに走水沖からスタート。反応はあるもののなかなかのテクニカルモード・・。下げ潮もちょっと早めで、釣りづらい感じが続きましたが、潮が緩んでくるとようやくポツポツと順調にＨＩＴ！上げ潮に変わるとメーターＵＰもちらほらと！１２０㎝のドラゴンも浮上し後半は楽しめました！ 浅場は６０～８０ｇ・深場は１００～１２０ｇのジグを使用します！,27.5℃,NULL,chowari/深川 吉野屋
深川 吉野屋,江東区木場,2026/09/12,3,0,タチウオ,タチウオ,メイン,タチウオ,NULL,2.0,29.0,15.5,0,65.0,120.0,,,NULL,走水沖,NULL,NULL,1,NULL,NULL,27.8,27.8,NULL,北北東,4.1m/s,"大潮・潮が緩,上げ潮,下げ潮",西北西 0.2m/s,曇り,,NULL,NULL,【タチウオ船】タチウオ船は今日も２隻で出船しました。ともに走水沖からスタート。反応はあるもののなかなかのテクニカルモード・・。下げ潮もちょっと早めで、釣りづらい感じが続きましたが、潮が緩んでくるとようやくポツポツと順調にＨＩＴ！上げ潮に変わるとメーターＵＰもちらほらと！１２０㎝のドラゴンも浮上し後半は楽しめました！ 浅場は６０～８０ｇ・深場は１００～１２０ｇのジグを使用します！,27.8℃,NULL,chowari/深川 吉野屋
深川 吉野屋,江東区木場,2026/09/13,1,0,サワラ,サワラ,メイン,サワラ,NULL,0.0,5.0,2.5,0,55.0,88.0,,,NULL,東京都 江東区 木場,NULL,NULL,1,NULL,NULL,26.7,26.7,NULL,北,3.6m/s,中潮,北西 0.2m/s,曇りのち時々晴れ,,NULL,NULL,【サワラ船】今日も湾奥のポイントから捜索。なかなかいい反応も見当たりませんでしたが、海底付近の反応を狙ってみるとバタバタっと連発してサワラがＨＩＴ！ただ、バラシやラインブレイクも多々あり、思うようにＧＥＴとはいかず・・。途中、大規模な大鳥山もありましたが、船内に取り込めたのは１匹のみ・・。後半も怒涛の入れ食い状態になる時間帯があり、２・３人同時にＨＩＴする山場があるも、地味にポツポツと玉網にはいる程度で、今日はかなりの数をバラしてしまいました・・。船中で５０本はいきたかったですが、かなりの魚影を感じられました！今後も期待できそうです！,26.7℃,NULL,chowari/深川 吉野屋
深川 吉野屋,江東区木場,2026/09/13,1,0,マアジ,アジ,メイン,マアジ,NULL,15.0,58.0,36.5,0,16.0,28.0,,,NULL,東京都 江東区 木場,NULL,NULL,1,NULL,NULL,26.7,26.7,NULL,北,3.6m/s,中潮,北西 0.2m/s,曇りのち時々晴れ,,NULL,NULL,【マアジ船】今日は扇島周辺からスタート。ストラクチャー周りで反応がありじっくりと狙っているとポツポツと順調にＨＩＴ！途中、ポイントを移動しまた狙っていると２５㎝前後の良型主体に活発な食いっぷりに！帰り際までじっくりと狙い、頭数は伸びませんでしたが、初心者の方も２０・３０匹と高活性な一日でした！,26.7℃,NULL,chowari/深川 吉野屋
深川 吉野屋,江東区木場,2026/09/13,2,0,サワラ,サワラ,メイン,サワラ,NULL,0.0,5.0,2.5,0,55.0,88.0,,,NULL,東京都 江東区 木場,NULL,NULL,1,NULL,NULL,26.7,26.7,NULL,北,3.6m/s,中潮,北西 0.2m/s,曇りのち時々晴れ,,NULL,NULL,【サワラ船】今日も湾奥のポイントから捜索。なかなかいい反応も見当たりませんでしたが、海底付近の反応を狙ってみるとバタバタっと連発してサワラがＨＩＴ！ただ、バラシやラインブレイクも多々あり、思うようにＧＥＴとはいかず・・。途中、大規模な大鳥山もありましたが、船内に取り込めたのは１匹のみ・・。後半も怒涛の入れ食い状態になる時間帯があり、２・３人同時にＨＩＴする山場があるも、地味にポツポツと玉網にはいる程度で、今日はかなりの数をバラしてしまいました・・。船中で５０本はいきたかったですが、かなりの魚影を感じられました！今後も期待できそうです！,26.7℃,NULL,chowari/深川 吉野屋
深川 吉野屋,江東区木場,2026/09/13,2,0,タチウオ,タチウオ,メイン,タチウオ,NULL,1.0,38.0,19.5,0,65.0,125.0,,,NULL,走水沖,NULL,NULL,1,NULL,NULL,26.7,26.7,NULL,北,3.6m/s,"中潮・潮が緩,上げ潮,下げ潮",北西 0.2m/s,曇りのち時々晴れ,,NULL,NULL,【タチウオ船】今日も走水沖からスタート。朝のうちは下げ潮もちょっと早めで、反応はあるのですがかなりのテクニカルモード・・。アタリを取るのが難しい様子でした・・。ただ、潮が緩んでくると徐々にアタリも増えていき、上げ潮に変わると一気に活性もＵＰ！メーター前後の良型も増えていき、１２５㎝を筆頭にドラゴンも数匹浮上！帰り際にかけて好調な食いっぷりを楽しめました！,26.7℃,NULL,chowari/深川 吉野屋
深川 吉野屋,江東区木場,2026/09/13,3,0,タチウオ,タチウオ,メイン,タチウオ,NULL,1.0,38.0,19.5,0,65.0,125.0,,,NULL,走水沖,NULL,NULL,1,NULL,NULL,26.7,26.7,NULL,北,3.6m/s,"中潮・潮が緩,上げ潮,下げ潮",北西 0.2m/s,曇りのち時々晴れ,,NULL,NULL,【タチウオ船】今日も走水沖からスタート。朝のうちは下げ潮もちょっと早めで、反応はあるのですがかなりのテクニカルモード・・。アタリを取るのが難しい様子でした・・。ただ、潮が緩んでくると徐々にアタリも増えていき、上げ潮に変わると一気に活性もＵＰ！メーター前後の良型も増えていき、１２５㎝を筆頭にドラゴンも数匹浮上！帰り際にかけて好調な食いっぷりを楽しめました！,26.7℃,NULL,chowari/深川 吉野屋
深川 吉野屋,江東区木場,2026/09/16,1,0,サワラ,サワラ,メイン,サワラ,NULL,0.0,1.0,0.5,0,60.0,80.0,,,NULL,横浜沖,木更津沖,NULL,2,NULL,NULL,26.2,26.2,NULL,北東,4.2m/s,中潮,南 0.2m/s,雨,,NULL,NULL,【サワラ船】 横浜沖からスタートしました。水面付近の反応を発見しキャストすると直ぐにサワラがヒットしましたが後が続かず周辺でキャストを繰り返してもアタリが遠く…。木更津沖へ渡ってみましたがたまにのアタリも外れたりラインブレイクしたりと船に入ったのは4匹のみ。雨風の中皆さん諦めずキャストを繰り返していただきましたが時間切れとなってしまいました。,26.2℃,NULL,chowari/深川 吉野屋
深川 吉野屋,江東区木場,2026/09/16,1,0,タチウオ,タチウオ,メイン,タチウオ,NULL,1.0,30.0,15.5,0,65.0,130.0,,,NULL,走水沖,NULL,NULL,1,NULL,NULL,25.5,25.5,NULL,北東,4.2m/s,中潮,南 0.2m/s,雨,,NULL,NULL,【タチウオ船】 今日も走水沖へと直行！40メートル前後浮いた反応広くあり午前中は良型まじりポツポツとあり、ドラゴンサイズもゲット出来ました！後半は反応バラつき始めアタリも遠くなってしまいしりつぼみでした。,25.5℃,NULL,chowari/深川 吉野屋
深川 吉野屋,江東区木場,2026/09/16,2,0,サワラ,サワラ,メイン,サワラ,NULL,0.0,1.0,0.5,0,60.0,80.0,,,NULL,横浜沖,木更津沖,NULL,2,NULL,NULL,25.5,25.5,NULL,北東,4.2m/s,中潮,南 0.2m/s,雨,,NULL,NULL,【サワラ船】 横浜沖からスタートしました。水面付近の反応を発見しキャストすると直ぐにサワラがヒットしましたが後が続かず周辺でキャストを繰り返してもアタリが遠く…。木更津沖へ渡ってみましたがたまにのアタリも外れたりラインブレイクしたりと船に入ったのは4匹のみ。雨風の中皆さん諦めずキャストを繰り返していただきましたが時間切れとなってしまいました。,25.5℃,NULL,chowari/深川 吉野屋
深川 吉野屋,江東区木場,2026/09/17,1,0,サワラ,サワラ,メイン,サワラ,NULL,0.0,3.0,1.5,0,65.0,83.0,,,NULL,木更津沖,NULL,NULL,1,NULL,NULL,26.0,26.0,NULL,北北東,6.1m/s,小潮,北北東 0.4m/s,曇り,,NULL,NULL,【サワラ船】木更津沖からスタート。ベイト反応は多くあり周辺を捜索していると砕けた反応を発見しキャストしてみると直ぐにヒットしサワラをゲット！同じエサ場で数匹釣るとパッタリとアタリが無くなったので新規の群れを探してまた数匹釣っての繰り返しでポツリポツリと貯められましたが風も強まり早めの帰港となりました。今日はサワラ主体でサゴシサイズはは1匹のみでした！,26.0℃,NULL,chowari/深川 吉野屋
深川 吉野屋,江東区木場,2026/09/17,2,0,タチウオ,タチウオ,メイン,タチウオ,NULL,3.0,19.0,11.0,0,65.0,117.0,,,NULL,走水沖,NULL,NULL,1,NULL,NULL,26.0,26.0,NULL,北北東,6.1m/s,小潮・下げ潮,北北東 0.4m/s,曇り,,NULL,NULL,【タチウオ船】今日も走水沖からスタート。朝イチは反応乗れていてもなかなかアタリ出せずでしたが、下げ潮が流れてくるとポツポツとアタリ出せました！波風強く釣りづらい中でもみなさんゲットできました！強風の為早めの撤収となりました。,26.0℃,NULL,chowari/深川 吉野屋
深川 吉野屋,江東区木場,2026/09/18,1,0,サワラ,サワラ,メイン,サワラ,NULL,0.0,2.0,1.0,0,72.0,88.0,,,NULL,木更津沖,NULL,NULL,1,NULL,NULL,25.8,25.8,NULL,北,7.3m/s,小潮,北 0.4m/s,曇り,,NULL,NULL,【サワラ船】今日は木更津沖周辺を狙いました。広範囲にベイト反応を確認でき、じっくりと大流ししているとたまにアタリが出せサワラもＨＩＴ！後半は北上し、こちらも広く反応が！大きく流し込んでアタリが出たり、空振りだったりを繰り返しながらバラシも目立つも、アタリは帰り際まで続いてくれました！今日はサゴシ級はまじらず、立派なサワラでそろいました！,25.8℃,NULL,chowari/深川 吉野屋
深川 吉野屋,江東区木場,2026/09/18,2,0,タチウオ,タチウオ,メイン,タチウオ,NULL,1.0,21.0,11.0,0,65.0,116.0,,,NULL,走水沖,NULL,NULL,1,NULL,NULL,25.8,25.8,NULL,北,7.3m/s,小潮,北 0.4m/s,曇り,,NULL,NULL,【タチウオ船】今日も走水沖からスタート。北東の風もちょっと強めに吹いていましたが、反応の方はバッチリと出ており、ジグを落とすとポツポツとＨＩＴ！アタリっぷりは悪くはないようでしたが、波も多少あったのでバラシも多めに・・。昼前には慣れない方も皆さん釣り上げましたが、一向に収まらない北東の強風で今日はちょっと早めに帰航となりました。,25.8℃,NULL,chowari/深川 吉野屋
深川冨士見,江東区釣船橋,2026/09/12,1,0,キス,シロギス,メイン,キス,NULL,18.0,81.0,49.5,0,14.0,21.0,,,NULL,東京都 江東区 釣船橋,NULL,NULL,1,NULL,NULL,27.5,27.5,NULL,北北東,4.1m/s,大潮,西北西 0.2m/s,曇り,,NULL,NULL,こんばんは！の時間になってしましました！ いつもご覧いただきありがとうございます 今日はキス乗合船が出ました。 釣果をお知らせいたします。,27.5℃,NULL,chowari/深川冨士見
深川冨士見,江東区釣船橋,2026/09/13,1,0,キス,シロギス,メイン,キス,NULL,20.0,69.0,44.5,0,14.0,21.0,,,NULL,東京都 江東区 釣船橋,NULL,NULL,1,NULL,NULL,26.7,26.7,NULL,北,3.6m/s,中潮,北西 0.2m/s,曇りのち時々晴れ,,NULL,NULL,こんにちわ☆若女将です(*^^)v 今日はキス乗合船とハゼ仕立船が 出ました！ 天気は心配でしたが、帰船時は晴れ間が☆彡 久々に晴れて気分も上がりますね♪ 釣果をお知らせします。,26.7℃,NULL,chowari/深川冨士見
深田正夫丸,佐島,2026/09/12,1,0,アカハタ,ハタ,サブ,アカハタ,NULL,0.0,5.0,2.5,0,,,0.5,0.8,NULL,神奈川県 横須賀市 佐島港,NULL,NULL,1,NULL,NULL,25.9,25.9,NULL,北北東,5.0m/s,大潮,南南西 0.6m/s,雨のち曇り,NULL,NULL,NULL,６名様で出船しました！ カサゴは小ぶりなのが結構喰いましたが小さいのは逃したので数にはいれませんでした！ ベラ等の外道含めアタリの多いポイントもありそれなりにお客様も楽しめたかなと思います！ 要望により1時間早くあがりました！,25.9℃,NULL,chowari/深田正夫丸
深田正夫丸,佐島,2026/09/12,1,0,カサゴ,カサゴ,メイン,カサゴ,NULL,12.0,20.0,16.0,0,20.0,28.0,,,NULL,神奈川県 横須賀市 佐島港,NULL,NULL,1,NULL,NULL,25.9,25.9,NULL,北北東,5.0m/s,大潮,南南西 0.6m/s,雨のち曇り,アカハタ,NULL,NULL,６名様で出船しました！ カサゴは小ぶりなのが結構喰いましたが小さいのは逃したので数にはいれませんでした！ ベラ等の外道含めアタリの多いポイントもありそれなりにお客様も楽しめたかなと思います！ 要望により1時間早くあがりました！,25.9℃,NULL,chowari/深田正夫丸
清勝丸,飯岡港,2026/09/02,1,0,ヒラメ,ヒラメ,メイン,ヒラメ,NULL,2.0,7.0,4.5,0,,,0.5,3.0,NULL,千葉県 旭市 飯岡漁港,NULL,NULL,1,NULL,NULL,25.2,25.2,NULL,南南東,1.7m/s,中潮,東 1.1m/s,曇り時々晴れ,,NULL,NULL,明日はヒラメとイサキハナダイ 午後マダイとシロギスで出船予定です！(ワラサ、イナダ、カサゴ混) 平均的に釣れゲストも混じりお土産になりました。 明日もはりきって行きましょう(ﾉ･∀･)ﾉ 午前ヒラメ毎日！イサキハナダイ五目、沖根魚(アラ鬼カサゴ)、マダイ 午後マダイ、ハナダイイサキ五目(午後は土日祝のみ)、シロギス お知らせ7月1日よりヒラメが14000円と値上がります。餌の高騰燃料費の値上がりなどで申し訳ございませんがご理解よろしくお願いいたします。 変更、お知らせあればまたこちらで載せます。 人数が集まらないと出船できません。 人数と釣果次第で変更します。 天候の変わりやすい季節です、中止等お知らせ,25.2℃,NULL,chowari/清勝丸
清勝丸,飯岡港,2026/09/03,1,0,ヒラメ,ヒラメ,メイン,ヒラメ,NULL,1.0,6.0,3.5,0,,,0.5,2.2,NULL,千葉県 旭市 飯岡漁港,NULL,NULL,1,NULL,NULL,25.2,25.2,NULL,南,2.1m/s,小潮,東南東 0.9m/s,曇りのち一時雨,,NULL,NULL,明日はヒラメとイサキハナダイ 午後マダイとシロギスで出船予定です！潮流れ悪くでした…(ノД`)…6匹5匹と続きました。 明日もはりきって行きましょう(ﾉ･∀･)ﾉ 午前ヒラメ毎日！イサキハナダイ五目、沖根魚(アラ鬼カサゴ)、マダイ 午後マダイ、ハナダイイサキ五目(午後は土日祝のみ)、シロギス お知らせ7月1日よりヒラメが14000円と値上がります。餌の高騰燃料費の値上がりなどで申し訳ございませんがご理解よろしくお願いいたします。 変更、お知らせあればまたこちらで載せます。 人数が集まらないと出船できません。 人数と釣果次第で変更します。 天候の変わりやすい季節です、中止等お知らせで載せますが、遅い時間になる時もあ,25.2℃,NULL,chowari/清勝丸
清勝丸,飯岡港,2026/09/04,1,0,イサキ,イサキ,メイン,イサキ,NULL,12.0,50.0,31.0,0,20.0,37.0,,,NULL,千葉県 旭市 飯岡漁港,NULL,NULL,1,NULL,NULL,25.2,25.2,NULL,北東,0.8m/s,小潮,南東 0.9m/s,曇りのち一時雨,ハナダイ・ヒラメ,NULL,NULL,明日はヒラメとイサキハナダイ 午後マダイとシロギスで出船予定です！ (マダイ、ウマズラ混)（イナダ、ハタ、ガンゾウ混) 天気予報がずれて明日も出船します！ 明日もはりきって行きましょう(ﾉ･∀･)ﾉ 午前ヒラメ毎日！イサキハナダイ五目、沖根魚(アラ鬼カサゴ)、マダイ 午後マダイ、ハナダイイサキ五目(午後は土日祝のみ)、シロギス お知らせ7月1日よりヒラメが14000円と値上がります。餌の高騰燃料費の値上がりなどで申し訳ございませんがご理解よろしくお願いいたします。 変更、お知らせあればまたこちらで載せます。 人数が集まらないと出船できません。 人数と釣果次第で変更します。 天候の変わりやすい季節です、中止,25.2℃,NULL,chowari/清勝丸
清勝丸,飯岡港,2026/09/04,1,0,ハナダイ,ハナダイ,サブ,ハナダイ,NULL,5.0,13.0,9.0,0,20.0,23.0,,,NULL,千葉県 旭市 飯岡漁港,NULL,NULL,1,NULL,NULL,25.2,25.2,NULL,北東,0.8m/s,小潮,南東 0.9m/s,曇りのち一時雨,NULL,NULL,NULL,明日はヒラメとイサキハナダイ 午後マダイとシロギスで出船予定です！ (マダイ、ウマズラ混)（イナダ、ハタ、ガンゾウ混) 天気予報がずれて明日も出船します！ 明日もはりきって行きましょう(ﾉ･∀･)ﾉ 午前ヒラメ毎日！イサキハナダイ五目、沖根魚(アラ鬼カサゴ)、マダイ 午後マダイ、ハナダイイサキ五目(午後は土日祝のみ)、シロギス お知らせ7月1日よりヒラメが14000円と値上がります。餌の高騰燃料費の値上がりなどで申し訳ございませんがご理解よろしくお願いいたします。 変更、お知らせあればまたこちらで載せます。 人数が集まらないと出船できません。 人数と釣果次第で変更します。 天候の変わりやすい季節です、中止,25.2℃,NULL,chowari/清勝丸
清勝丸,飯岡港,2026/09/04,1,0,ヒラメ,ヒラメ,サブ,ヒラメ,NULL,1.0,5.0,3.0,0,,,0.5,1.8,NULL,千葉県 旭市 飯岡漁港,NULL,NULL,1,NULL,NULL,25.2,25.2,NULL,北東,0.8m/s,小潮,南東 0.9m/s,曇りのち一時雨,NULL,NULL,NULL,明日はヒラメとイサキハナダイ 午後マダイとシロギスで出船予定です！ (マダイ、ウマズラ混)（イナダ、ハタ、ガンゾウ混) 天気予報がずれて明日も出船します！ 明日もはりきって行きましょう(ﾉ･∀･)ﾉ 午前ヒラメ毎日！イサキハナダイ五目、沖根魚(アラ鬼カサゴ)、マダイ 午後マダイ、ハナダイイサキ五目(午後は土日祝のみ)、シロギス お知らせ7月1日よりヒラメが14000円と値上がります。餌の高騰燃料費の値上がりなどで申し訳ございませんがご理解よろしくお願いいたします。 変更、お知らせあればまたこちらで載せます。 人数が集まらないと出船できません。 人数と釣果次第で変更します。 天候の変わりやすい季節です、中止,25.2℃,NULL,chowari/清勝丸
清勝丸,飯岡港,2026/09/06,1,0,ヒラメ,ヒラメ,メイン,ヒラメ,NULL,1.0,4.0,2.5,0,,,0.5,1.7,NULL,千葉県 旭市 飯岡漁港,NULL,NULL,1,NULL,NULL,25.0,25.0,NULL,北東,4.8m/s,長潮,東 1.6m/s,雨,,NULL,NULL,明日は予報悪く休船、火曜日は定休日です。 9日(水)はヒラメとイサキハナダイ 午後マダイとシロギスで出船予定です！(イナダ、カサゴ混) 天気良かったが浅場はイマイチでした。 予報悪く明日は休船、明後日は定休日です。 明日もはりきって行きましょう(ﾉ･∀･)ﾉ シルバーウィーク19日(土)から23日(水)は 午前ヒラメ、マダイ、ハナダイイサキ五目、沖根魚 午後マダイ、シロギス、ハナダイイサキ 午前ヒラメ毎日！イサキハナダイ五目、沖根魚(アラ鬼カサゴ)、マダイ 午後マダイ、ハナダイイサキ五目(午後は土日祝のみ)、シロギス お知らせ7月1日よりヒラメが14000円と値上がります。餌の高騰燃料費の値上がりなどで申し訳,25.0℃,NULL,chowari/清勝丸
清勝丸,飯岡港,2026/09/13,1,0,ヒラメ,ヒラメ,メイン,ヒラメ,NULL,0.0,4.0,2.0,0,,,0.5,2.0,NULL,千葉県 旭市 飯岡漁港,NULL,NULL,1,NULL,NULL,24.2,24.2,NULL,北北東,3.0m/s,中潮,東 1.1m/s,曇りのち時々晴れ,,NULL,NULL,（イナダ、ワラサ、カンパチ、カサゴ混) 残念ながらオデコの方も…(ノД`)…泣 青物ゲストが多かったです！ 明日もはりきって行きましょう！ シルバーウィーク19日(土)から23日(水)は 午前ヒラメ、マダイ、ハナダイイサキ五目、沖根魚 午後マダイ、ハナダイイサキ 午後シロギスは人数集まれば出船します！ 20日(日)午前マダイ決定&募集中！ 午前ヒラメ毎日！イサキハナダイ五目、沖根魚(アラ鬼カサゴ)、マダイ 午後マダイ、ハナダイイサキ五目(午後は土日祝のみ)、シロギス お知らせ7月1日よりヒラメが14000円と値上がります。餌の高騰燃料費の値上がりなどで申し訳ございませんがご理解よろしくお願いいたします。 変更、,24.2℃,NULL,chowari/清勝丸
清勝丸,飯岡港,2026/09/14,1,0,ヒラメ,ヒラメ,メイン,ヒラメ,NULL,1.0,8.0,4.5,0,,,0.5,3.3,NULL,千葉県 旭市 飯岡漁港,NULL,NULL,1,NULL,NULL,24.1,24.1,NULL,南南西,3.8m/s,中潮,東南東 1.0m/s,晴れ後時々曇り,,NULL,NULL,3.3キロ、3キロと続きました(ﾉ･∀･)ﾉ 明日もはりきって行きましょう！ シルバーウィーク19日(土)から23日(水)は 午前ヒラメ、マダイ、ハナダイイサキ五目、沖根魚 午後マダイ、ハナダイイサキ 午後シロギスは人数集まれば出船します！ 20日(日)ヒラメと午前マダイ決定&募集中！ 24日(木)マダコ募集 午前ヒラメ毎日！イサキハナダイ五目、沖根魚(アラ鬼カサゴ)、マダイ 午後マダイ、ハナダイイサキ五目(午後は土日祝のみ)、シロギス お知らせ7月1日よりヒラメが14000円と値上がります。餌の高騰燃料費の値上がりなどで申し訳ございませんがご理解よろしくお願いいたします。 変更、お知らせあればまたこちらで載せます。 人,24.1℃,NULL,chowari/清勝丸
清栄丸,鹿島,2026/09/13,1,0,イナダ,イナダ,サブ,イナダ,NULL,,,,0,,,,,NULL,茨城県 鹿嶋市 鹿嶋旧港,NULL,NULL,1,NULL,NULL,24.2,24.2,NULL,北北東,3.4m/s,中潮,東 1.4m/s,曇りのち時々晴れ,NULL,NULL,NULL,本日久々の出船でしたが、本命外道とアタリ少なく大苦戦の中、なんと大鯛が上がりました！マダイダービーの順位変わりました。今後もテンヤ真鯛船に出船します。ご予約受付中です。,24.2℃,NULL,chowari/清栄丸
清栄丸,鹿島,2026/09/13,1,0,ハタ,ハタ,サブ,ハタ,NULL,,,,0,,,,,NULL,茨城県 鹿嶋市 鹿嶋旧港,NULL,NULL,1,NULL,NULL,24.2,24.2,NULL,北北東,3.4m/s,中潮,東 1.4m/s,曇りのち時々晴れ,NULL,NULL,NULL,本日久々の出船でしたが、本命外道とアタリ少なく大苦戦の中、なんと大鯛が上がりました！マダイダービーの順位変わりました。今後もテンヤ真鯛船に出船します。ご予約受付中です。,24.2℃,NULL,chowari/清栄丸
清栄丸,鹿島,2026/09/13,1,0,ハナダイ,ハナダイ,サブ,ハナダイ,NULL,,,,0,,,,,NULL,茨城県 鹿嶋市 鹿嶋旧港,NULL,NULL,1,NULL,NULL,24.2,24.2,NULL,北北東,3.4m/s,中潮,東 1.4m/s,曇りのち時々晴れ,NULL,NULL,NULL,本日久々の出船でしたが、本命外道とアタリ少なく大苦戦の中、なんと大鯛が上がりました！マダイダービーの順位変わりました。今後もテンヤ真鯛船に出船します。ご予約受付中です。,24.2℃,NULL,chowari/清栄丸
清栄丸,鹿島,2026/09/13,1,0,マダイ,マダイ,メイン,マダイ,NULL,0.0,2.0,1.0,0,,,0.5,7.65,NULL,茨城県 鹿嶋市 鹿嶋旧港,NULL,NULL,1,NULL,NULL,24.2,24.2,NULL,北北東,3.4m/s,中潮,東 1.4m/s,曇りのち時々晴れ,イナダ・ハタ・ハナダイ,NULL,NULL,本日久々の出船でしたが、本命外道とアタリ少なく大苦戦の中、なんと大鯛が上がりました！マダイダービーの順位変わりました。今後もテンヤ真鯛船に出船します。ご予約受付中です。,24.2℃,NULL,chowari/清栄丸
濱生丸,横浜市八幡橋,2026/09/01,1,0,マゴチ,マゴチ,メイン,マゴチ,NULL,13.0,13.0,13.0,0,,,,,NULL,神奈川県 横浜市 八幡橋,NULL,NULL,1,NULL,NULL,27.0,27.0,NULL,北北東,3.8m/s,中潮,北東 0.2m/s,曇り,,NULL,NULL,ショート便マゴチ。 満員近くのご乗船ありがとうございました。 今日もマゴチは釣れすぎです。 夏の展開も終わりに近づき秋マゴチもあちこち模様が出てくることでしょう。今はカイホー周辺がメインですけどね。 ルアーマンは、是非、秋はマゴチに挑戦してみてください。 活餌はしばらくハゼオンリーで頑張ります。育ってきたハゼ餌は、マゴチ最高の餌だと濱生丸は考えております。 全員マゴチゲット成功。 トップ中山さん、ツ抜けは都合3名でした。,27.0℃,NULL,chowari/濱生丸
濱生丸,横浜市八幡橋,2026/09/04,1,0,マゴチ,マゴチ,メイン,マゴチ,NULL,2.0,14.0,8.0,0,65.0,65.0,,,NULL,神奈川県 横浜市 八幡橋,NULL,NULL,1,NULL,NULL,28.0,28.0,NULL,北北東,3.2m/s,小潮,南東 0.2m/s,雨時々止む,,NULL,NULL,ショート便マゴチ。 マゴチ釣れすぎです。 ６５cmも浮上しました。 トップ１４本（国本さん）続いて13本、10本 スソで5本でした。初挑戦のお姉さんも8本ゲットその内の1本は58cmでした。 ルアーは2人で少し手が合わずで4本と2本。,28.0℃,NULL,chowari/濱生丸
濱生丸,横浜市八幡橋,2026/09/05,1,0,マゴチ,マゴチ,メイン,マゴチ,NULL,0.0,10.0,5.0,0,61.0,61.0,,,NULL,神奈川県 横浜市 八幡橋,NULL,NULL,1,NULL,NULL,27.6,27.6,NULL,北東,3.3m/s,小潮,東 0.2m/s,曇り,,NULL,NULL,サンセット便マゴチ。 近場の照りコチポイントを攻めました。 釣れすぎですとしか言えないです。マゴチ高級魚ですから…,27.6℃,NULL,chowari/濱生丸
濱生丸,横浜市八幡橋,2026/09/05,2,0,マゴチ,マゴチ,メイン,マゴチ,NULL,1.0,15.0,8.0,0,,,,,NULL,神奈川県 横浜市 八幡橋,NULL,NULL,1,NULL,NULL,27.6,27.6,NULL,北東,3.3m/s,小潮,東 0.2m/s,曇り,,NULL,NULL,ショート便マゴチ。 餌3本～１５本（松永さん）。 ルアー1本～10本。 釣れすぎですとしか言えないです。マゴチ高級魚ですから…,27.6℃,NULL,chowari/濱生丸
濱生丸,横浜市八幡橋,2026/09/06,1,0,マゴチ,マゴチ,メイン,マゴチ,NULL,9.0,9.0,9.0,0,,,,,NULL,神奈川県 横浜市 八幡橋,NULL,NULL,1,NULL,NULL,27.6,27.6,NULL,北北東,7.8m/s,長潮,北北東 0.6m/s,雨,,NULL,NULL,ショート便マゴチ。 天気予報が滅茶苦茶悪かったのですが 10名お集まりいただき出船。 殆どが初挑戦か経験2回程度のメンバー構成でしたが、雨風強い中厳しい条件の中、全員ゲット成功してくれました。トップで9本（初挑戦）。 なかなかハードな釣りとなりました。寒かったなぁ…,27.6℃,NULL,chowari/濱生丸
濱生丸,横浜市八幡橋,2026/09/11,1,0,マゴチ,マゴチ,メイン,マゴチ,NULL,10.0,10.0,10.0,0,,,,,NULL,神奈川県 横浜市 八幡橋,NULL,NULL,1,NULL,NULL,27.3,27.3,NULL,北北東,3.9m/s,大潮・下げ潮,東北東 0.2m/s,雨,,NULL,NULL,ショート便マゴチ 今週は天気悪すぎて久々の出船。 朝から連発アタリなのですが、バラシラッシュ… オマケにハリス切れ連発…下げ潮時は餌組打率1割以下のヤバヤバ状態でしたが、潮の淀みからなんとかフッキングさせてくれました。 全員ゲット成功でトップ芳野さん。 大型多かったです。 秋になって更に千葉県側は魚影濃くなっている感じで、餌はハゼとなります。 ルアーにはベストシーズンですが、やはり経験値は必要です。ジグヘッド14g～50gにワーム4inch程度が基本的なタックルとなります。,27.3℃,NULL,chowari/濱生丸
濱生丸,横浜市八幡橋,2026/09/12,1,0,マゴチ,マゴチ,メイン,マゴチ,NULL,0.0,6.0,3.0,0,58.0,58.0,,,NULL,神奈川県 横浜市 八幡橋,NULL,NULL,1,NULL,NULL,25.9,25.9,NULL,北北東,5.0m/s,大潮,北北東 0.2m/s,雨のち曇り,,NULL,NULL,サンセット便。 2番手5本。 ルアーでお一人残念賞にでした。,25.9℃,NULL,chowari/濱生丸
濱生丸,横浜市八幡橋,2026/09/12,2,0,マゴチ,マゴチ,メイン,マゴチ,NULL,2.0,11.0,6.5,0,59.0,59.0,,,NULL,神奈川県 横浜市 八幡橋,NULL,NULL,1,NULL,NULL,25.9,25.9,NULL,北北東,5.0m/s,大潮,北北東 0.2m/s,雨のち曇り,,NULL,NULL,ショート便。 バラシ多数も全員ゲット成功で、高級魚マゴチ釣れすぎです。,25.9℃,NULL,chowari/濱生丸
濱生丸,横浜市八幡橋,2026/09/13,1,0,ヒラメ,ヒラメ,サブ,ヒラメ,NULL,,,,0,,,,,NULL,神奈川県 横浜市 八幡橋,NULL,NULL,1,NULL,NULL,25.4,25.4,NULL,北,4.3m/s,中潮,北北東 0.2m/s,曇りのち時々晴れ,NULL,NULL,NULL,本日も潮が大きいのでカイホー周辺へ 朝からパコパコタイム突入で大漁でした。 釣れすぎです… ルアーのトップは12本でした。,25.4℃,NULL,chowari/濱生丸
濱生丸,横浜市八幡橋,2026/09/13,1,0,マゴチ,マゴチ,メイン,マゴチ,NULL,15.0,15.0,15.0,0,,,,,NULL,神奈川県 横浜市 八幡橋,NULL,NULL,1,NULL,NULL,25.4,25.4,NULL,北,4.3m/s,中潮,北北東 0.2m/s,曇りのち時々晴れ,ヒラメ,NULL,NULL,本日も潮が大きいのでカイホー周辺へ 朝からパコパコタイム突入で大漁でした。 釣れすぎです… ルアーのトップは12本でした。,25.4℃,NULL,chowari/濱生丸
濱生丸,横浜市八幡橋,2026/09/14,1,0,ヒラメ,ヒラメ,サブ,ヒラメ,NULL,,,,0,,,,,NULL,神奈川県 横浜市 八幡橋,NULL,NULL,1,NULL,NULL,25.8,25.8,NULL,南南西,6.0m/s,中潮,南 0.2m/s,晴れ後時々曇り,NULL,NULL,NULL,ショート便マゴチ 本日もカイホー周辺へ。 今日は人によりバラシ凄かったですが、パコパコタイムもあり楽しめました。61cmと60cm2本のモンスターマゴチ浮上しました。マゴチの他にここの所ヒラメソゲがかなり多くなり、マゴラメ状態になりつつあります。 トップ10本で虎ちゃん餌組は全員釣れたのですが、初挑戦のルアーでの方が残念賞になってしまいました。,25.8℃,NULL,chowari/濱生丸
濱生丸,横浜市八幡橋,2026/09/14,1,0,マゴチ,マゴチ,メイン,マゴチ,NULL,0.0,10.0,5.0,0,61.0,61.0,,,NULL,神奈川県 横浜市 八幡橋,NULL,NULL,1,NULL,NULL,25.8,25.8,NULL,南南西,6.0m/s,中潮,南 0.2m/s,晴れ後時々曇り,"ここの所ヒラメソゲがかなり多くなり,マゴラメ状態になりつつあります・ヒラメ",NULL,NULL,ショート便マゴチ 本日もカイホー周辺へ。 今日は人によりバラシ凄かったですが、パコパコタイムもあり楽しめました。61cmと60cm2本のモンスターマゴチ浮上しました。マゴチの他にここの所ヒラメソゲがかなり多くなり、マゴラメ状態になりつつあります。 トップ10本で虎ちゃん餌組は全員釣れたのですが、初挑戦のルアーでの方が残念賞になってしまいました。,25.8℃,NULL,chowari/濱生丸
濱生丸,横浜市八幡橋,2026/09/15,1,0,ヒラメ,ヒラメ,サブ,ヒラメ,NULL,,,,0,,,,,NULL,神奈川県 横浜市 八幡橋,NULL,NULL,1,NULL,NULL,25.8,25.8,NULL,南,5.7m/s,中潮,南 0.2m/s,曇り一時雨,NULL,NULL,NULL,ショート便マゴチ 今日も秋の展開のカイホー周辺へ。 またまたモンスターマゴチ62cm出ました。他にも59cm、58cm大型多くて、今日もソゲ級ですが、ヒラメも多くなってきました。 十分に釣れたので、帰りに少しアコウ（キジハタ）狙って早めに帰港しました。,25.8℃,NULL,chowari/濱生丸
濱生丸,横浜市八幡橋,2026/09/15,1,0,マゴチ,マゴチ,メイン,マゴチ,NULL,3.0,10.0,6.5,0,62.0,62.0,,,NULL,神奈川県 横浜市 八幡橋,NULL,NULL,1,NULL,NULL,25.8,25.8,NULL,南,5.7m/s,中潮,南 0.2m/s,曇り一時雨,"も59cm,58cm大型多くて,今日もソゲ級ですが・ヒラメ",NULL,NULL,ショート便マゴチ 今日も秋の展開のカイホー周辺へ。 またまたモンスターマゴチ62cm出ました。他にも59cm、58cm大型多くて、今日もソゲ級ですが、ヒラメも多くなってきました。 十分に釣れたので、帰りに少しアコウ（キジハタ）狙って早めに帰港しました。,25.8℃,NULL,chowari/濱生丸
濱生丸,横浜市八幡橋,2026/09/16,1,0,アコウ,NULL,サブ,アコウ,NULL,,,,0,,,,,NULL,神奈川県 横浜市 八幡橋,NULL,NULL,1,NULL,NULL,25.9,25.9,NULL,北北東,3.3m/s,中潮,東 0.2m/s,雨,NULL,NULL,NULL,ショート便マゴチ 豪雨風…連日困ったんもんですね・・ スカッと秋晴が待ち遠しいです。 まだ寒くないし、雨だけならしっかりしたカッパを来てくれば問題なしです。 本日も 秋の展開のカイホー周辺へ直行。 マゴチは絶好調！ 朝から連発パコハコタイム！人数も少なかったしアッと言う間に高級魚マゴチのお土産十分になりました。他にヒラメも 雨風強まり、希望もあったので風影のアコウ（キジハタ）ポイントに避難して、アコウ追加して早目の帰港となりました。,25.9℃,NULL,chowari/濱生丸
濱生丸,横浜市八幡橋,2026/09/16,1,0,ヒラメ,ヒラメ,サブ,ヒラメ,NULL,,,,0,,,,,NULL,神奈川県 横浜市 八幡橋,NULL,NULL,1,NULL,NULL,25.9,25.9,NULL,北北東,3.3m/s,中潮,東 0.2m/s,雨,NULL,NULL,NULL,ショート便マゴチ 豪雨風…連日困ったんもんですね・・ スカッと秋晴が待ち遠しいです。 まだ寒くないし、雨だけならしっかりしたカッパを来てくれば問題なしです。 本日も 秋の展開のカイホー周辺へ直行。 マゴチは絶好調！ 朝から連発パコハコタイム！人数も少なかったしアッと言う間に高級魚マゴチのお土産十分になりました。他にヒラメも 雨風強まり、希望もあったので風影のアコウ（キジハタ）ポイントに避難して、アコウ追加して早目の帰港となりました。,25.9℃,NULL,chowari/濱生丸
濱生丸,横浜市八幡橋,2026/09/16,1,0,マゴチ,マゴチ,メイン,マゴチ,NULL,13.0,13.0,13.0,0,,,,,NULL,神奈川県 横浜市 八幡橋,NULL,NULL,1,NULL,NULL,25.9,25.9,NULL,北北東,3.3m/s,中潮,東 0.2m/s,雨,"アコウ・ヒラメ・ヒラメも,雨風強まり,希望もあったので風影のアコウ（キジハタ）ポイントに避難して",NULL,NULL,ショート便マゴチ 豪雨風…連日困ったんもんですね・・ スカッと秋晴が待ち遠しいです。 まだ寒くないし、雨だけならしっかりしたカッパを来てくれば問題なしです。 本日も 秋の展開のカイホー周辺へ直行。 マゴチは絶好調！ 朝から連発パコハコタイム！人数も少なかったしアッと言う間に高級魚マゴチのお土産十分になりました。他にヒラメも 雨風強まり、希望もあったので風影のアコウ（キジハタ）ポイントに避難して、アコウ追加して早目の帰港となりました。,25.9℃,NULL,chowari/濱生丸
濱生丸,横浜市八幡橋,2026/09/19,1,0,ヒラメ,ヒラメ,サブ,ヒラメ,NULL,,,,0,,,,,NULL,神奈川県 横浜市 八幡橋,NULL,NULL,1,NULL,NULL,25.5,25.5,NULL,北,6.9m/s,小潮,北 0.5m/s,曇り一時雨,NULL,NULL,NULL,ショート便マゴチ。,25.5℃,NULL,chowari/濱生丸
濱生丸,横浜市八幡橋,2026/09/19,1,0,マゴチ,マゴチ,メイン,マゴチ,NULL,,,,0,,,,,NULL,神奈川県 横浜市 八幡橋,NULL,NULL,1,NULL,NULL,25.5,25.5,NULL,北,6.9m/s,小潮,北 0.5m/s,曇り一時雨,ヒラメ,NULL,NULL,ショート便マゴチ。,25.5℃,NULL,chowari/濱生丸
瀬戸丸,松輪江奈港,2026/09/02,1,0,カワハギ,カワハギ,メイン,カワハギ,NULL,0.0,6.0,3.0,0,18.0,28.0,,,NULL,神奈川県 三浦市 松輪江奈漁港,NULL,NULL,1,NULL,NULL,27.5,27.5,NULL,東南東,0.3m/s,中潮,南 0.4m/s,曇り時々晴れ,,NULL,NULL,インスタフォローで500円引き📱✨ 港の🅿️代金に是非🚗✨ 🎣今年もカワハギビギナー様応援📣✨ 🎁仕掛け無料‼️🎁オモリ無料‼️ 🏆赤字覚悟の…✨ 今年もコロナ禍から始めた 年間パスポート（カワハギ1枚の重量勝負）やってます～🎉🐟 デカくて重そうなカワハギが釣れたら😊✨ お帰りの際に宿で検量してくださいね～‼️ お気軽にチャレンジしてくださいね～😊🐟✨ もちろんレクチャー希望の方は😊🎣 早めに乗船して頂ければ✨ 丁寧にレクチャー致します‼️ レクチャー希望の方は必ずお声掛け頂くか😊✨ ご予約時に「レクチャー希望」とお伝え下さい‼️🎣 ギリギリの乗船や遅めの乗船ですと💦 レクチャーしたくても出来ない場合がありますので😭 そ,27.5℃,NULL,chowari/瀬戸丸
瀬戸丸,松輪江奈港,2026/09/02,1,0,ワラサ,ワラサ,メイン,ワラサ,NULL,0.0,4.0,2.0,0,,,2.6,4.6,NULL,神奈川県 三浦市 松輪江奈漁港,NULL,NULL,1,NULL,NULL,27.5,27.5,NULL,東南東,0.3m/s,中潮,南 0.4m/s,曇り時々晴れ,,NULL,NULL,インスタフォローで500円引き📱✨ 港の🅿️代金に是非🚗✨ 🎣今年もカワハギビギナー様応援📣✨ 🎁仕掛け無料‼️🎁オモリ無料‼️ 🏆赤字覚悟の…✨ 今年もコロナ禍から始めた 年間パスポート（カワハギ1枚の重量勝負）やってます～🎉🐟 デカくて重そうなカワハギが釣れたら😊✨ お帰りの際に宿で検量してくださいね～‼️ お気軽にチャレンジしてくださいね～😊🐟✨ もちろんレクチャー希望の方は😊🎣 早めに乗船して頂ければ✨ 丁寧にレクチャー致します‼️ レクチャー希望の方は必ずお声掛け頂くか😊✨ ご予約時に「レクチャー希望」とお伝え下さい‼️🎣 ギリギリの乗船や遅めの乗船ですと💦 レクチャーしたくても出来ない場合がありますので😭 そ,27.5℃,NULL,chowari/瀬戸丸
瀬戸丸,松輪江奈港,2026/09/02,2,0,ワラサ,ワラサ,メイン,ワラサ,NULL,0.0,4.0,2.0,0,,,2.6,4.6,NULL,神奈川県 三浦市 松輪江奈漁港,NULL,NULL,1,NULL,NULL,27.5,27.5,NULL,東南東,0.3m/s,中潮,南 0.4m/s,曇り時々晴れ,,NULL,NULL,インスタフォローで500円引き📱✨ 港の🅿️代金に是非🚗✨ 🎣今年もカワハギビギナー様応援📣✨ 🎁仕掛け無料‼️🎁オモリ無料‼️ 🏆赤字覚悟の…✨ 今年もコロナ禍から始めた 年間パスポート（カワハギ1枚の重量勝負）やってます～🎉🐟 デカくて重そうなカワハギが釣れたら😊✨ お帰りの際に宿で検量してくださいね～‼️ お気軽にチャレンジしてくださいね～😊🐟✨ もちろんレクチャー希望の方は😊🎣 早めに乗船して頂ければ✨ 丁寧にレクチャー致します‼️ レクチャー希望の方は必ずお声掛け頂くか😊✨ ご予約時に「レクチャー希望」とお伝え下さい‼️🎣 ギリギリの乗船や遅めの乗船ですと💦 レクチャーしたくても出来ない場合がありますので😭 そ,27.5℃,NULL,chowari/瀬戸丸
瀬戸丸,松輪江奈港,2026/09/04,1,0,カワハギ,カワハギ,メイン,カワハギ,NULL,2.0,15.0,8.5,0,17.0,29.0,,,NULL,神奈川県 三浦市 松輪江奈漁港,NULL,NULL,1,NULL,NULL,27.8,27.8,NULL,北北東,3.7m/s,小潮・速潮,南 0.7m/s,曇りのち一時雨,,NULL,NULL,インスタフォローで500円引き📱✨ 港の🅿️代金に是非🚗✨ 🎣今年もカワハギビギナー様応援📣 🎁仕掛け無料‼️オモリ無料‼️ 🏆赤字覚悟の年間パスポート✨ カワハギ1枚の重量勝負やってます～🐟🔥 デカハギGETしたらお帰りの際に宿で検量してください😊 🎣レクチャー希望の方はご予約時か早めの乗船時にお声掛けください😊 ギリギリ・遅めの乗船ですと対応出来ない場合がありますのでご了承ください🙏 カワハギ情報です～🐟🎣✨ こちらも今日は潮目が全く動かず…😭🌊 条件としては決して良くなかったんですが💦 ここ最近のぶっ飛び速潮目よりは良いのかな～🤔⁉️ そんな感じで今日はポツポツと🐟🎣 良型カワハギも顔を出してくれました～😊✨,27.8℃,NULL,chowari/瀬戸丸
瀬戸丸,松輪江奈港,2026/09/04,1,0,ワラサ,ワラサ,メイン,ワラサ,NULL,3.0,18.0,10.5,0,,,2.5,4.2,NULL,神奈川県 三浦市 松輪江奈漁港,NULL,NULL,1,NULL,NULL,27.8,27.8,NULL,北北東,3.7m/s,小潮,南 0.7m/s,曇りのち一時雨,,NULL,NULL,インスタフォローで500円引き📱✨ 港の🅿️代金に是非🚗✨ 🎣今年もカワハギビギナー様応援📣 🎁仕掛け無料‼️オモリ無料‼️ 🏆赤字覚悟の年間パスポート✨ カワハギ1枚の重量勝負やってます～🐟🔥 デカハギGETしたらお帰りの際に宿で検量してください😊 🎣レクチャー希望の方はご予約時か早めの乗船時にお声掛けください😊 ギリギリ・遅めの乗船ですと対応出来ない場合がありますのでご了承ください🙏 ワラサ情報です～‼️🐟🔥 今日は今季初‼️ 1号船ワラサで行ってきました～🚢🎣✨ 3～18本‼️ 2.5～4.2kg‼️🐟🔥 トップ18本～‼️👏👏✨ 朝からワラサの反応バリバリ～😆🔥 3連続HITなどなど🎣🐟🐟🐟 反応だけ見てれば…👀✨ 「今日は入れ食いで,27.8℃,NULL,chowari/瀬戸丸
瀬戸丸,松輪江奈港,2026/09/04,2,0,ワラサ,ワラサ,メイン,ワラサ,NULL,3.0,18.0,10.5,0,,,2.5,4.2,NULL,神奈川県 三浦市 松輪江奈漁港,NULL,NULL,1,NULL,NULL,27.8,27.8,NULL,北北東,3.7m/s,小潮,南 0.7m/s,曇りのち一時雨,,NULL,NULL,インスタフォローで500円引き📱✨ 港の🅿️代金に是非🚗✨ 🎣今年もカワハギビギナー様応援📣 🎁仕掛け無料‼️オモリ無料‼️ 🏆赤字覚悟の年間パスポート✨ カワハギ1枚の重量勝負やってます～🐟🔥 デカハギGETしたらお帰りの際に宿で検量してください😊 🎣レクチャー希望の方はご予約時か早めの乗船時にお声掛けください😊 ギリギリ・遅めの乗船ですと対応出来ない場合がありますのでご了承ください🙏 ワラサ情報です～‼️🐟🔥 今日は今季初‼️ 1号船ワラサで行ってきました～🚢🎣✨ 3～18本‼️ 2.5～4.2kg‼️🐟🔥 トップ18本～‼️👏👏✨ 朝からワラサの反応バリバリ～😆🔥 3連続HITなどなど🎣🐟🐟🐟 反応だけ見てれば…👀✨ 「今日は入れ食いで,27.8℃,NULL,chowari/瀬戸丸
瀬戸丸,松輪江奈港,2026/09/05,1,0,カワハギ,カワハギ,メイン,カワハギ,NULL,2.0,17.0,9.5,0,18.0,30.0,,,NULL,神奈川県 三浦市 松輪江奈漁港,NULL,NULL,1,NULL,NULL,27.5,27.5,NULL,北東,5.4m/s,小潮,南南西 0.8m/s,曇り,,NULL,NULL,インスタフォローで500円引き📱✨ 港の🅿️代金に是非🚗✨ 🎣今年もカワハギビギナー様応援📣 🎁仕掛け無料‼️オモリ無料‼️ 🏆赤字覚悟の年間パスポート✨ カワハギ1枚の重量勝負やってます～🐟🔥 デカハギGETしたらお帰りの際に宿で検量してください😊 🎣レクチャー希望の方はご予約時か早めの乗船時にお声掛けください😊 ギリギリ・遅めの乗船ですと対応出来ない場合がありますのでご了承ください🙏 カワハギ情報です～🐟🎣✨ 今日は沢山のお客様に来ていただきました～😊🙏 ご乗船ありがとうございました‼️✨ 朝、ワラサ船に潮目を聞いてみると📣🌊 「悪くないよ～」との事だったので👍✨ 今日は水深30mをメインに‼️ 良型カワハギ狙いでほ,27.5℃,NULL,chowari/瀬戸丸
瀬戸丸,松輪江奈港,2026/09/05,1,0,ワラサ,ワラサ,メイン,ワラサ,NULL,0.0,7.0,3.5,0,,,3.0,4.3,NULL,神奈川県 三浦市 松輪江奈漁港,NULL,NULL,1,NULL,NULL,27.5,27.5,NULL,北東,5.4m/s,小潮,南南西 0.8m/s,曇り,,NULL,NULL,インスタフォローで500円引き📱✨ 港の🅿️代金に是非🚗✨ 🎣今年もカワハギビギナー様応援📣 🎁仕掛け無料‼️オモリ無料‼️ 🏆赤字覚悟の年間パスポート✨ カワハギ1枚の重量勝負やってます～🐟🔥 デカハギGETしたらお帰りの際に宿で検量してください😊 🎣レクチャー希望の方はご予約時か早めの乗船時にお声掛けください😊 ギリギリ・遅めの乗船ですと対応出来ない場合がありますのでご了承ください🙏 ワラサ情報です～🐟🔥 トップ7本‼️ サイズ3～4.3kg‼️🐟✨ 今日は朝から反応はかなり出てました～👀🔥 反応だけ見てると‼️ 「これはバリバリ当たりそうだな～😆🎣」 って感じだったんですが… 思ったより当たりが悪く🤔💦 反応はバリバリな,27.5℃,NULL,chowari/瀬戸丸
瀬戸丸,松輪江奈港,2026/09/05,2,0,カワハギ,カワハギ,メイン,カワハギ,NULL,2.0,17.0,9.5,0,18.0,30.0,,,NULL,神奈川県 三浦市 松輪江奈漁港,NULL,NULL,1,NULL,NULL,27.5,27.5,NULL,北東,5.4m/s,小潮,南南西 0.8m/s,曇り,,NULL,NULL,インスタフォローで500円引き📱✨ 港の🅿️代金に是非🚗✨ 🎣今年もカワハギビギナー様応援📣 🎁仕掛け無料‼️オモリ無料‼️ 🏆赤字覚悟の年間パスポート✨ カワハギ1枚の重量勝負やってます～🐟🔥 デカハギGETしたらお帰りの際に宿で検量してください😊 🎣レクチャー希望の方はご予約時か早めの乗船時にお声掛けください😊 ギリギリ・遅めの乗船ですと対応出来ない場合がありますのでご了承ください🙏 カワハギ情報です～🐟🎣✨ 今日は沢山のお客様に来ていただきました～😊🙏 ご乗船ありがとうございました‼️✨ 朝、ワラサ船に潮目を聞いてみると📣🌊 「悪くないよ～」との事だったので👍✨ 今日は水深30mをメインに‼️ 良型カワハギ狙いでほ,27.5℃,NULL,chowari/瀬戸丸
瀬戸丸,松輪江奈港,2026/09/10,1,0,カワハギ,カワハギ,メイン,カワハギ,NULL,4.0,11.0,7.5,0,19.0,30.0,,,NULL,神奈川県 三浦市 松輪江奈漁港,NULL,NULL,1,NULL,NULL,27.1,27.1,NULL,北北東,8.3m/s,大潮・速潮,南 1.1m/s,曇り一時雨,,NULL,NULL,インスタフォローで500円引き📱✨ 港の🅿️代金に是非🚗✨ 🎣カワハギビギナー様応援📣 仕掛け＆オモリ無料‼️ 🏆赤字覚悟の年間パスポートも開催中～🐟🔥 レクチャー希望の方はご予約時か早めにお声掛けください😊 ※遅めの乗船ですと対応出来ない場合があります🙏 カワハギ情報です～🐟🎣✨ 月曜日は定休日で🙏 その後はシケ🌊💨シケ🌊💨シケ～😭💦 なかなか出船出来ませんでしたが… 今日は久しぶりに行ってきました～😊🚢✨ ここ数日は速潮が来ても後半だったのに… 今日は朝少ししたら速潮～😭🌊💨 それでもいつもより少しマシかな❓🤔 少しだけかな❓🤔 ……まぁ速かったか～🤣💦 今日も最近狙っている 水深30～35mをメインに🎣✨ 良型カ,27.1℃,NULL,chowari/瀬戸丸
瀬戸丸,松輪江奈港,2026/09/10,1,0,ワラサ,ワラサ,メイン,ワラサ,NULL,0.0,5.0,2.5,0,,,3.2,4.7,NULL,神奈川県 三浦市 松輪江奈漁港,NULL,NULL,1,NULL,NULL,27.1,27.1,NULL,北北東,8.3m/s,大潮,南 1.1m/s,曇り一時雨,,NULL,NULL,インスタフォローで500円引き📱✨ 港の🅿️代金に是非🚗✨ 🎣カワハギビギナー様応援📣 仕掛け＆オモリ無料‼️ 🏆赤字覚悟の年間パスポートも開催中～🐟🔥 レクチャー希望の方はご予約時か早めにお声掛けください😊 ※遅めの乗船ですと対応出来ない場合があります🙏 ワラサ情報です～🐟🔥 トップ5本‼️ サイズ3.2～4.5kg‼️✨ バラシ超多数😭💦 ハリス切れも多数でした～😭🎣 今日は朝のうちは当たりがイマイチで🤔💦 少し静かなスタートでしたが… 途中から徐々に当たりが良くなってきました～😆🔥 ここから数伸びるかな～‼️ って感じだったんですが… 今日はとにかくバラシ＆ハリス切れが多発😭💦 せっかく当たりが増えてきただけに 非常～～,27.1℃,NULL,chowari/瀬戸丸
瀬戸丸,松輪江奈港,2026/09/10,2,0,カワハギ,カワハギ,メイン,カワハギ,NULL,4.0,11.0,7.5,0,19.0,30.0,,,NULL,神奈川県 三浦市 松輪江奈漁港,NULL,NULL,1,NULL,NULL,27.1,27.1,NULL,北北東,8.3m/s,大潮・速潮,南 1.1m/s,曇り一時雨,,NULL,NULL,インスタフォローで500円引き📱✨ 港の🅿️代金に是非🚗✨ 🎣カワハギビギナー様応援📣 仕掛け＆オモリ無料‼️ 🏆赤字覚悟の年間パスポートも開催中～🐟🔥 レクチャー希望の方はご予約時か早めにお声掛けください😊 ※遅めの乗船ですと対応出来ない場合があります🙏 カワハギ情報です～🐟🎣✨ 月曜日は定休日で🙏 その後はシケ🌊💨シケ🌊💨シケ～😭💦 なかなか出船出来ませんでしたが… 今日は久しぶりに行ってきました～😊🚢✨ ここ数日は速潮が来ても後半だったのに… 今日は朝少ししたら速潮～😭🌊💨 それでもいつもより少しマシかな❓🤔 少しだけかな❓🤔 ……まぁ速かったか～🤣💦 今日も最近狙っている 水深30～35mをメインに🎣✨ 良型カ,27.1℃,NULL,chowari/瀬戸丸
瀬戸丸,松輪江奈港,2026/09/11,1,0,カワハギ,カワハギ,メイン,カワハギ,NULL,4.0,8.0,6.0,0,20.0,29.0,,,NULL,神奈川県 三浦市 松輪江奈漁港,NULL,NULL,1,NULL,NULL,27.0,27.0,NULL,北北東,4.9m/s,大潮・速潮,南 0.5m/s,雨,,NULL,NULL,インスタフォローで500円引き📱✨ 港の🅿️代金に是非🚗✨ 🎣カワハギビギナー様応援📣 仕掛け＆オモリ無料‼️ 🏆赤字覚悟の年間パスポートも開催中～🐟🔥 レクチャー希望の方はご予約時か早めにお声掛けください😊 ※遅めの乗船ですと対応出来ない場合があります🙏 カワハギ情報です～🐟🎣✨ 今日は18号船、大船頭で行ってきました～🚢✨ 今日のが❓今日も❓またぁ～😭 さらに早い時間から速潮目に～😂😭😂🌊💨 いや～今日も潮目に苦労しました💦💦 お客様は5名様と空いていたので🎣 なんとか出来ましたが… この速潮目には本当に悩まされますね～😭🌊 そして明日は🤔 1号船の自分がまたカワハギ船に戻ります～🚢🎣🔥 ただ…… 潮目次第では,27.0℃,NULL,chowari/瀬戸丸
瀬戸丸,松輪江奈港,2026/09/11,1,0,ワラサ,ワラサ,メイン,ワラサ,NULL,1.0,7.0,4.0,0,,,3.1,4.6,NULL,神奈川県 三浦市 松輪江奈漁港,NULL,NULL,1,NULL,NULL,27.0,27.0,NULL,北北東,4.9m/s,大潮,南 0.5m/s,雨,,NULL,NULL,インスタフォローで500円引き📱✨ 港の🅿️代金に是非🚗✨ 🎣カワハギビギナー様応援📣 仕掛け＆オモリ無料‼️ 🏆赤字覚悟の年間パスポートも開催中～🐟🔥 レクチャー希望の方はご予約時か早めにお声掛けください😊 ※遅めの乗船ですと対応出来ない場合があります🙏 ワラサ情報です～🐟🔥 1～7本‼️3.1ー4.6kg✨️船中49本😆😆😆 そしてバラシ15本以上～😭🤣💦 今日は21号船で行く予定だったんですが🚢✨ まぁ全然21号船でも余裕の人数でしたが😊 朝、急遽1号船に乗り換えてもらって🚢💨 ゆったりと1号船で行ってきました～🎣✨ ポイントに着いて投入すると…… いきなりバタバタっと連続HIT～‼️🔥🔥 からの…… バタバタっと連続バラシ～🤣🤣💦,27.0℃,NULL,chowari/瀬戸丸
瀬戸丸,松輪江奈港,2026/09/11,2,0,ワラサ,ワラサ,メイン,ワラサ,NULL,1.0,7.0,4.0,0,,,3.1,4.6,NULL,神奈川県 三浦市 松輪江奈漁港,NULL,NULL,1,NULL,NULL,27.0,27.0,NULL,北北東,4.9m/s,大潮,南 0.5m/s,雨,,NULL,NULL,インスタフォローで500円引き📱✨ 港の🅿️代金に是非🚗✨ 🎣カワハギビギナー様応援📣 仕掛け＆オモリ無料‼️ 🏆赤字覚悟の年間パスポートも開催中～🐟🔥 レクチャー希望の方はご予約時か早めにお声掛けください😊 ※遅めの乗船ですと対応出来ない場合があります🙏 ワラサ情報です～🐟🔥 1～7本‼️3.1ー4.6kg✨️船中49本😆😆😆 そしてバラシ15本以上～😭🤣💦 今日は21号船で行く予定だったんですが🚢✨ まぁ全然21号船でも余裕の人数でしたが😊 朝、急遽1号船に乗り換えてもらって🚢💨 ゆったりと1号船で行ってきました～🎣✨ ポイントに着いて投入すると…… いきなりバタバタっと連続HIT～‼️🔥🔥 からの…… バタバタっと連続バラシ～🤣🤣💦,27.0℃,NULL,chowari/瀬戸丸
瀬戸丸,松輪江奈港,2026/09/12,1,0,カワハギ,カワハギ,メイン,カワハギ,NULL,0.0,10.0,5.0,0,19.0,30.0,,,NULL,剣崎沖,剣崎沖,NULL,2,NULL,NULL,25.8,25.8,NULL,北北東,6.7m/s,大潮・速潮,南 0.7m/s,曇り一時雨,,NULL,NULL,インスタフォローで500円引き📱✨ 港の🅿️代金に是非🚗✨ 🎣カワハギビギナー様応援📣 仕掛け＆オモリ無料‼️ 🏆赤字覚悟の年間パスポートも開催中～🐟🔥 レクチャー希望の方はご予約時か早めにお声掛けください😊 ※遅めの乗船ですと対応出来ない場合があります🙏 カワハギ情報です～🐟🎣✨ こちらもワラサ船と狙っているポイントが近いので🌊 同じく速潮目に苦戦しました～😭💦 しかもカワハギは錘30号と軽い分… さらに速潮目の影響をモロに受けてしまいました～😭🌊💨 今日はポイントも珍しく結構探索～🚢💨 剣崎沖からスタートして🎣 剣崎→城ヶ島→下浦→再び剣崎沖と🌊 あっちこっち走って探してきました～💦 潮目の良さそうな所を探しな,25.8℃,NULL,chowari/瀬戸丸
瀬戸丸,松輪江奈港,2026/09/12,1,0,ワラサ,ワラサ,メイン,ワラサ,NULL,0.0,3.0,1.5,0,,,3.2,4.4,NULL,神奈川県 三浦市 松輪江奈漁港,NULL,NULL,1,NULL,NULL,25.8,25.8,NULL,北北東,6.7m/s,"大潮・速潮,上げ潮,下げ潮",南 0.7m/s,曇り一時雨,,NULL,NULL,インスタフォローで500円引き📱✨ 港の🅿️代金に是非🚗✨ 🎣カワハギビギナー様応援📣 仕掛け＆オモリ無料‼️ 🏆赤字覚悟の年間パスポートも開催中～🐟🔥 レクチャー希望の方はご予約時か早めにお声掛けください😊 ※遅めの乗船ですと対応出来ない場合があります🙏 ワラサ情報です～🐟🔥 (明日は予約🈵です🙏) 今日は21号船＆18号船の2隻で行ってきました～🚢🚢🎣 今日は朝から例の…… 速潮目～😭🌊💨 上げ潮目が速く💦 ようやく止まりかけたかな～🤔✨ と思ったら…… 今度は下げ潮目がぶっ飛び～😭🌊💨💨 今年は良い潮目が2～3日続いたと思ったら😊 またすぐ速潮目になったりと😭💦 本当に潮目が極端ですね～🌊 それでも‼️ 朝から連続HITす,25.8℃,NULL,chowari/瀬戸丸
瀬戸丸,松輪江奈港,2026/09/12,2,0,カワハギ,カワハギ,メイン,カワハギ,NULL,0.0,10.0,5.0,0,19.0,30.0,,,NULL,剣崎沖,剣崎沖,NULL,2,NULL,NULL,25.8,25.8,NULL,北北東,6.7m/s,大潮・速潮,南 0.7m/s,曇り一時雨,,NULL,NULL,インスタフォローで500円引き📱✨ 港の🅿️代金に是非🚗✨ 🎣カワハギビギナー様応援📣 仕掛け＆オモリ無料‼️ 🏆赤字覚悟の年間パスポートも開催中～🐟🔥 レクチャー希望の方はご予約時か早めにお声掛けください😊 ※遅めの乗船ですと対応出来ない場合があります🙏 カワハギ情報です～🐟🎣✨ こちらもワラサ船と狙っているポイントが近いので🌊 同じく速潮目に苦戦しました～😭💦 しかもカワハギは錘30号と軽い分… さらに速潮目の影響をモロに受けてしまいました～😭🌊💨 今日はポイントも珍しく結構探索～🚢💨 剣崎沖からスタートして🎣 剣崎→城ヶ島→下浦→再び剣崎沖と🌊 あっちこっち走って探してきました～💦 潮目の良さそうな所を探しな,25.8℃,NULL,chowari/瀬戸丸
瀬戸丸,松輪江奈港,2026/09/13,1,0,カワハギ,カワハギ,メイン,カワハギ,NULL,0.0,10.0,5.0,0,19.0,29.0,,,NULL,神奈川県 三浦市 松輪江奈漁港,NULL,NULL,1,NULL,NULL,25.3,25.3,NULL,北,5.5m/s,中潮・速潮,南南東 0.5m/s,曇りのち時々晴れ,,NULL,NULL,インスタフォローで500円引き📱✨ 港の🅿️代金に是非🚗✨ 🎣カワハギビギナー様応援📣 仕掛け＆オモリ無料‼️ 🏆赤字覚悟の年間パスポートも開催中～🐟🔥 レクチャー希望の方はご予約時か早めにお声掛けください😊 ※遅めの乗船ですと対応出来ない場合があります🙏 カワハギ情報です～🐟🎣✨ 私用でUP遅くなりすいません～🙏💦 今日は簡潔にいきます～‼️ 今日もまた⁉️まだ⁉️ もういいんでない⁉️🤣💦 ……の速潮目～😭🌊💨 いや～本当に今年は速潮目に悩まされますね～😭💦 そんな訳で今日は内容的にも厳しい1日となってしまいました🙏💦 残念ながら今日もボウズの方が1名様😭🙏 なんとか全員GETしてもらいたかったんですけどね～💦 そんな厳,25.3℃,NULL,chowari/瀬戸丸
瀬戸丸,松輪江奈港,2026/09/13,1,0,ワラサ,ワラサ,メイン,ワラサ,NULL,0.0,3.0,1.5,0,,,3.3,4.7,NULL,神奈川県 三浦市 松輪江奈漁港,NULL,NULL,1,NULL,NULL,25.3,25.3,NULL,北,5.5m/s,中潮,南南東 0.5m/s,曇りのち時々晴れ,,NULL,NULL,すいません💦 用事ありで🙏🙇‍♂️ 文章は今日はほぼ無しで🙏 朝のうちイマイチからの 中後半～後半に当たりだし✨️ 3人同時4人同時5人同時HIT‼️ 等など😊 やはりコマセはしっかり撒いて 1日通さないとワラサは 全員での共同作業なので‼️ 皆さん明日からも全員で 頑張ってコマセ撒いてバンバン 当てましょーー‼️ 1日ありがとうございました🙏 カワハギ情報は少し遅れますので ご了承ください🙇‍♂️,25.3℃,NULL,chowari/瀬戸丸
瀬戸丸,松輪江奈港,2026/09/13,2,0,ワラサ,ワラサ,メイン,ワラサ,NULL,0.0,3.0,1.5,0,,,3.3,4.7,NULL,神奈川県 三浦市 松輪江奈漁港,NULL,NULL,1,NULL,NULL,25.3,25.3,NULL,北,5.5m/s,中潮,南南東 0.5m/s,曇りのち時々晴れ,,NULL,NULL,すいません💦 用事ありで🙏🙇‍♂️ 文章は今日はほぼ無しで🙏 朝のうちイマイチからの 中後半～後半に当たりだし✨️ 3人同時4人同時5人同時HIT‼️ 等など😊 やはりコマセはしっかり撒いて 1日通さないとワラサは 全員での共同作業なので‼️ 皆さん明日からも全員で 頑張ってコマセ撒いてバンバン 当てましょーー‼️ 1日ありがとうございました🙏 カワハギ情報は少し遅れますので ご了承ください🙇‍♂️,25.3℃,NULL,chowari/瀬戸丸
瀬戸丸,松輪江奈港,2026/09/14,1,0,カワハギ,カワハギ,メイン,カワハギ,NULL,1.0,11.0,6.0,0,20.0,28.0,,,NULL,神奈川県 三浦市 松輪江奈漁港,NULL,NULL,1,NULL,NULL,25.8,25.8,NULL,南南西,5.9m/s,"中潮・潮が速,潮が緩",南 0.6m/s,晴れ後時々曇り,,NULL,NULL,インスタフォローで500円引き📱✨ 港の🅿️代金に是非🚗✨ 🎣カワハギビギナー様応援📣 仕掛け＆オモリ無料‼️ 🏆赤字覚悟の年間パスポートも開催中～🐟🔥 レクチャー希望の方はご予約時か早めにお声掛けください😊 ※遅めの乗船ですと対応出来ない場合があります🙏 🎣カワハギ情報です～‼️ 🐟1～11枚 📏20～28cm 🌊水深20～30m 今日は朝から潮が速くて💦 なかなか厳しい状況でした～😭🌊 潮が速すぎる影響なのか🤔 カワハギの食いも渋め…😭💦 それでも中盤‼️ 少し潮が緩くなったタイミングでは✨ なんと4連チャンする方も～😆🎣🎣🎣🎣🔥 やっぱり潮が緩めば食ってくるんですよね～🤔✨ このまま良い感じになってくれるかな～⁉️ と思ったの,25.8℃,NULL,chowari/瀬戸丸
瀬戸丸,松輪江奈港,2026/09/14,2,0,ワラサ,ワラサ,メイン,ワラサ,NULL,1.0,8.0,4.5,0,,,3.2,5.1,NULL,神奈川県 三浦市 松輪江奈漁港,NULL,NULL,1,NULL,NULL,25.8,25.8,NULL,南南西,5.9m/s,中潮,南 0.6m/s,晴れ後時々曇り,,NULL,NULL,インスタフォローで500円引き📱✨ 港の🅿️代金に是非🚗✨ 🎣カワハギビギナー様応援📣 仕掛け＆オモリ無料‼️ 🏆赤字覚悟の年間パスポートも開催中～🐟🔥 レクチャー希望の方はご予約時か早めにお声掛けください😊 ※遅めの乗船ですと対応出来ない場合があります🙏 🎣ワラサ情報です～‼️ 今日はまた1号船でゆったりと行ってきました～🤣🚢✨ 他船は乗り台までお客さん乗せてるから… ウチもいっぱい乗せたい～🤣🤣💦 あ‼️ 肝心のワラサは今日も好調でした～🐟🔥🔥 GETしたワラサだけで50本弱✨️ 中盤～後半まで潮目が程良かったので🌊✨ やっぱり潮目が良いと当たりますね～😆👍🎣 多分…ですが…🤔 今日当たった本数は 70～80本近くあったと,25.8℃,NULL,chowari/瀬戸丸
瀬戸丸,松輪江奈港,2026/09/15,1,0,ワラサ,ワラサ,メイン,ワラサ,NULL,2.0,6.0,4.0,0,,,3.2,4.6,NULL,神奈川県 三浦市 松輪江奈漁港,NULL,NULL,1,NULL,NULL,25.8,25.8,NULL,南南西,5.8m/s,中潮,南 0.8m/s,雨時々止む,,NULL,NULL,インスタフォローで500円引き📱✨ 港の🅿️代金に是非🚗✨ 🎣カワハギビギナー様応援📣 仕掛け＆オモリ無料‼️ 🏆赤字覚悟の年間パスポートも開催中～🐟🔥 レクチャー希望の方はご予約時か早めにお声掛けください😊 ※遅めの乗船ですと対応出来ない場合があります🙏 🎣ワラサ情報です～‼️ すいません～💦🙏 今日は自分、1号船お休みでしたので情報遅くなりました🙇‍♂️💦 簡単に載せますぅ～🙇‍♂️ 🐟ワラサ2～6本‼️ ✨トップ6本が2名様 ⚖️3.2～4.5kg 🚢船中43本‼️ 😭バラシ15本以上💦 シマアジ＆ヒラソウダも混じりました～😆🎣✨ 今日は朝からパラパラとワラサが当たり🐟🔥 ポツポツGET出来てました～😆👍 中盤からまた潮が変わると🌊 そこから再び,25.8℃,NULL,chowari/瀬戸丸
瀬戸丸,松輪江奈港,2026/09/16,1,0,カワハギ,カワハギ,メイン,カワハギ,NULL,4.0,9.0,6.5,0,20.0,30.0,,,NULL,神奈川県 三浦市 松輪江奈漁港,NULL,NULL,1,NULL,NULL,25.8,25.8,NULL,北北東,3.1m/s,中潮・速潮,南南東 0.6m/s,雨,,NULL,NULL,インスタフォローで500円引き📱✨ 港の🅿️代金に是非🚗✨ 🎣カワハギビギナー様応援📣 仕掛け＆オモリ無料‼️ 🏆赤字覚悟の年間パスポートも開催中～🐟🔥 レクチャー希望の方はご予約時か早めにお声掛けください😊 ※遅めの乗船ですと対応出来ない場合があります🙏 🎣カワハギ情報です～‼️ 今日もまたまた速潮目～😭🌊💨 いや～本当にこの潮には苦戦させられますね～💦 さらに今日は途中から土砂降りの雨☔️💦 そんな悪条件の中、皆さん頑張ってくれました～😭🙏✨ 釣果はトップ9枚🐟🎣 数はなかなか伸びませんでしたが、型は剣崎サイズのデカハギ多め～😆🔥 良型が結構混じってくれました🐟✨ 潮さえもう少し大人しくなってくれれば…🤔🌊 もう,25.8℃,NULL,chowari/瀬戸丸
瀬戸丸,松輪江奈港,2026/09/16,1,0,ワラサ,ワラサ,メイン,ワラサ,NULL,0.0,10.0,5.0,0,,,3.3,4.8,NULL,神奈川県 三浦市 松輪江奈漁港,NULL,NULL,1,NULL,NULL,25.8,25.8,NULL,北北東,3.1m/s,中潮,南南東 0.6m/s,雨,,NULL,NULL,インスタフォローで500円引き📱✨ 港の🅿️代金に是非🚗✨ 🎣カワハギビギナー様応援📣 仕掛け＆オモリ無料‼️ 🏆赤字覚悟の年間パスポートも開催中～🐟🔥 レクチャー希望の方はご予約時か早めにお声掛けください😊 ※遅めの乗船ですと対応出来ない場合があります🙏 🎣ワラサ情報です～‼️ 🐟0～10本 ✨二番手5本 ⚖️3.3～4.8kg 今日は朝のうちはポツポツとアタリが出る感じでした～🎣🐟 そして中盤‼️ 潮が変わったタイミングから🌊✨ 当たる人はバリバリ当たってましたね～😆🔥 その当たる人達に共通してたのが… とにかく棚取りをしっかりして‼️ 体感30秒～1分くらいでコマセの手返し🎣🔥 これがかなり大事ですね～😆👍 特に… お⁉️ 当たり始,25.8℃,NULL,chowari/瀬戸丸
瀬戸丸,松輪江奈港,2026/09/16,2,0,ワラサ,ワラサ,メイン,ワラサ,NULL,0.0,10.0,5.0,0,,,3.3,4.8,NULL,神奈川県 三浦市 松輪江奈漁港,NULL,NULL,1,NULL,NULL,24.5,24.5,NULL,北北東,3.1m/s,中潮,南南東 0.6m/s,雨,,NULL,NULL,インスタフォローで500円引き📱✨ 港の🅿️代金に是非🚗✨ 🎣カワハギビギナー様応援📣 仕掛け＆オモリ無料‼️ 🏆赤字覚悟の年間パスポートも開催中～🐟🔥 レクチャー希望の方はご予約時か早めにお声掛けください😊 ※遅めの乗船ですと対応出来ない場合があります🙏 🎣ワラサ情報です～‼️ 🐟0～10本 ✨二番手5本 ⚖️3.3～4.8kg 今日は朝のうちはポツポツとアタリが出る感じでした～🎣🐟 そして中盤‼️ 潮が変わったタイミングから🌊✨ 当たる人はバリバリ当たってましたね～😆🔥 その当たる人達に共通してたのが… とにかく棚取りをしっかりして‼️ 体感30秒～1分くらいでコマセの手返し🎣🔥 これがかなり大事ですね～😆👍 特に… お⁉️ 当たり始,24.5℃,NULL,chowari/瀬戸丸
瀬戸丸,松輪江奈港,2026/09/17,1,0,カワハギ,カワハギ,メイン,カワハギ,NULL,4.0,8.0,6.0,0,23.0,29.0,,,NULL,剣崎沖,NULL,NULL,1,NULL,NULL,25.7,25.7,NULL,北北東,10.1m/s,小潮,東北東 0.7m/s,曇り,,NULL,NULL,インスタフォローで500円引き📱✨ 港の🅿️代金に是非🚗✨ 🎣カワハギビギナー様応援📣 仕掛け＆オモリ無料‼️ 🏆赤字覚悟の年間パスポートも開催中～🐟🔥 レクチャー希望の方はご予約時か早めにお声掛けください😊 ※遅めの乗船ですと対応出来ない場合があります🙏 🎣カワハギ情報です～‼️ 今日はお客様3名様で父親船出動～🚢🎣✨ 北風爆風～🌬️💨💨 港前～剣崎沖は狙えず💦 今日は城ヶ島周りを探索してきました～🔍🎣 数はなかなか伸びませんでしたが💦 上がってくるカワハギはサイズ良し😆👍 良型のカワハギばかりでした～🐟🔥 今年はハイシーズンになるとカワハギが居るポイントに 早いうちから魚が居るんですよね～🤔✨ まだ解禁したばか,25.7℃,NULL,chowari/瀬戸丸
瀬戸丸,松輪江奈港,2026/09/17,2,0,ワラサ,ワラサ,メイン,ワラサ,NULL,1.0,10.0,5.5,0,,,3.3,4.9,NULL,神奈川県 三浦市 松輪江奈漁港,NULL,NULL,1,NULL,NULL,25.7,25.7,NULL,北北東,10.1m/s,小潮,東北東 0.7m/s,曇り,,NULL,NULL,インスタフォローで500円引き📱✨ 港の🅿️代金に是非🚗✨ 🎣カワハギビギナー様応援📣 仕掛け＆オモリ無料‼️ 🏆赤字覚悟の年間パスポートも開催中～🐟🔥 レクチャー希望の方はご予約時か早めにお声掛けください😊 ※遅めの乗船ですと対応出来ない場合があります🙏 🎣ワラサ情報です～‼️ 1ー10本3.3ー4.9kg(バラシ多数😭) 今日はまた1号船でワラサ行ってきました～☺️🚢✨ 朝イチからバタバタとアタリ出しましたね～😆🎣🔥 そしてバタバタとバレました😂😂😂 やはりGET率はお客さんによってかなり差が💦 今日はほとんどの方がGET率5割くらいだったかな⁉️🤔 レンタルのお客様も頑張ってくれて💪✨ 3本❗️4本としっかりGET～😆🐟🎣 トップは10本,25.7℃,NULL,chowari/瀬戸丸
瀬戸丸,松輪江奈港,2026/09/18,1,0,ワラサ,ワラサ,メイン,ワラサ,NULL,0.0,7.0,3.5,0,,,3.3,4.8,NULL,神奈川県 三浦市 松輪江奈漁港,NULL,NULL,1,NULL,NULL,26.1,26.1,NULL,北,11.6m/s,小潮,北北東 0.8m/s,曇り,,NULL,NULL,🎣カワハギビギナー様応援📣 仕掛け＆オモリ無料‼️ 🏆赤字覚悟の年間パスポートも開催中～🐟🔥 レクチャー希望の方はご予約時か早めにお声掛けください😊 ※遅めの乗船ですと対応出来ない場合があります🙏 🎣ワラサ情報です～‼️ この後出掛けるので🙏💦 今日は情報簡単に載せておきます～😊 🐟0～7本 ⚖️3.3～4.8kg ※0は2隻で1名様💦 ワラサは今日も変わらず好調～😆🎣🔥 バラシもあり💦 残念ながら2隻で1名様だけボウズとなってしまいました😭🙏 今日は朝からポツポツと途切れない程度にアタリ🎣✨ そのまま魚の気配は続いて～🐟🔥 後半になると‼️ 3人同時HIT～😆🎣🎣🎣 さらに4人同時HIT～🤣🎣🎣🎣🎣🔥 などなど‼️ 相変わらずワラサ好調,26.1℃,NULL,chowari/瀬戸丸
瀬戸丸,松輪江奈港,2026/09/19,1,0,ワラサ,ワラサ,メイン,ワラサ,NULL,0.0,3.0,1.5,0,,,3.5,4.4,NULL,神奈川県 三浦市 松輪江奈漁港,NULL,NULL,1,NULL,NULL,25.8,25.8,NULL,北北東,9.6m/s,小潮,南東 1.0m/s,曇り一時雨,,NULL,NULL,インスタフォローで500円引き📱✨港の🅿️代金に是非✨ 🎣カワハギビギナー様応援📣仕掛け＆オモリ無料‼️ 🏆赤字覚悟の年間パスポートも開催中～🐟🔥 レクチャー希望の方はご予約時か早めにお声掛けください😊 ※遅めの乗船ですと対応出来ない場合があります🙏 🎣ワラサ情報です～‼️ すいません～🙏💦 今日は船洗いで細かいところまで洗っていたので、情報遅くなりました🙇‍♂️ さらにこの後出掛けるので、今日は簡単に載せます～🙏💦 🐟ワラサ0～3本 (40本以上当てて20安打😭) ⚖️3.5～4.4kg ✨シマアジ・ヒラソウダ混じり 今日はアタリ自体は良かったのですが… とにかくバラシ＆ハリス切れが多かった～😭💦 船中40以上当たりましたが‼️ GET出来,25.8℃,NULL,chowari/瀬戸丸
直正丸,宇佐美港,2026/09/01,1,0,ヒラメ,ヒラメ,メイン,ヒラメ,NULL,,,,0,,,,,NULL,静岡県 伊東市 宇佐美港,NULL,NULL,1,NULL,NULL,27.2,27.2,NULL,北東,3.3m/s,中潮,東南東 0.5m/s,晴れ後時々曇り,,NULL,NULL,ヒラメが釣れました。,27.2℃,NULL,chowari/直正丸
直正丸,宇佐美港,2026/09/02,1,0,ヒラメ,ヒラメ,メイン,ヒラメ,NULL,,,,0,,,,,NULL,静岡県 伊東市 宇佐美港,NULL,NULL,1,NULL,NULL,27.7,27.7,NULL,東,1.2m/s,中潮,東南東 0.5m/s,晴れ後時々曇り,,NULL,NULL,ヒラメが釣れました。,27.7℃,NULL,chowari/直正丸
直正丸,宇佐美港,2026/09/03,1,0,クロムツ,クロムツ,メイン,クロムツ,NULL,,,,0,,,,,NULL,静岡県 伊東市 宇佐美港,NULL,NULL,1,NULL,NULL,27.7,27.7,NULL,南西,2.4m/s,小潮,東南東 0.5m/s,曇り,メダイ,NULL,NULL,クロムツ、メダイなどが釣れました。,27.7℃,NULL,chowari/直正丸
直正丸,宇佐美港,2026/09/03,1,0,メダイ,メダイ,サブ,メダイ,NULL,,,,0,,,,,NULL,静岡県 伊東市 宇佐美港,NULL,NULL,1,NULL,NULL,27.7,27.7,NULL,南西,2.4m/s,小潮,東南東 0.5m/s,曇り,NULL,NULL,NULL,クロムツ、メダイなどが釣れました。,27.7℃,NULL,chowari/直正丸
直正丸,宇佐美港,2026/09/05,1,0,アジ,アジ,サブ,アジ,NULL,11.0,11.0,11.0,0,33.0,40.0,,,NULL,静岡県 伊東市 宇佐美港,NULL,NULL,1,NULL,NULL,27.7,27.7,NULL,東北東,4.2m/s,小潮,東南東 0.7m/s,雨のち曇り,NULL,NULL,NULL,アマダイ38～52cm。ジャンボ鯵33～40cm、11匹｡ マアジ７匹｡他ハナダイ､ソウダ等々でした。,27.7℃,NULL,chowari/直正丸
直正丸,宇佐美港,2026/09/05,1,0,アマダイ,アマダイ,メイン,アマダイ,NULL,,,,0,38.0,52.0,,,NULL,静岡県 伊東市 宇佐美港,NULL,NULL,1,NULL,NULL,27.7,27.7,NULL,東北東,4.2m/s,小潮,東南東 0.7m/s,雨のち曇り,アジ・ウマヅラ・ソウダ・ハナダイ・マアジ,NULL,NULL,アマダイ38～52cm。ジャンボ鯵33～40cm、11匹｡ マアジ７匹｡他ハナダイ､ソウダ等々でした。,27.7℃,NULL,chowari/直正丸
直正丸,宇佐美港,2026/09/05,1,0,ウマヅラ,ウマヅラハギ,サブ,ウマヅラ,NULL,,,,0,,,,,NULL,静岡県 伊東市 宇佐美港,NULL,NULL,1,NULL,NULL,27.7,27.7,NULL,東北東,4.2m/s,小潮,東南東 0.7m/s,雨のち曇り,NULL,NULL,NULL,アマダイ38～52cm。ジャンボ鯵33～40cm、11匹｡ マアジ７匹｡他ハナダイ､ソウダ等々でした。,27.7℃,NULL,chowari/直正丸
直正丸,宇佐美港,2026/09/05,1,0,ソウダ,NULL,サブ,ソウダ,NULL,,,,0,,,,,NULL,静岡県 伊東市 宇佐美港,NULL,NULL,1,NULL,NULL,27.7,27.7,NULL,東北東,4.2m/s,小潮,東南東 0.7m/s,雨のち曇り,NULL,NULL,NULL,アマダイ38～52cm。ジャンボ鯵33～40cm、11匹｡ マアジ７匹｡他ハナダイ､ソウダ等々でした。,27.7℃,NULL,chowari/直正丸
直正丸,宇佐美港,2026/09/05,1,0,ハナダイ,ハナダイ,サブ,ハナダイ,NULL,,,,0,,,,,NULL,静岡県 伊東市 宇佐美港,NULL,NULL,1,NULL,NULL,27.7,27.7,NULL,東北東,4.2m/s,小潮,東南東 0.7m/s,雨のち曇り,NULL,NULL,NULL,アマダイ38～52cm。ジャンボ鯵33～40cm、11匹｡ マアジ７匹｡他ハナダイ､ソウダ等々でした。,27.7℃,NULL,chowari/直正丸
直正丸,宇佐美港,2026/09/05,1,0,マアジ,アジ,サブ,マアジ,NULL,7.0,7.0,7.0,0,,,,,NULL,静岡県 伊東市 宇佐美港,NULL,NULL,1,NULL,NULL,27.7,27.7,NULL,東北東,4.2m/s,小潮,東南東 0.7m/s,雨のち曇り,NULL,NULL,NULL,アマダイ38～52cm。ジャンボ鯵33～40cm、11匹｡ マアジ７匹｡他ハナダイ､ソウダ等々でした。,27.7℃,NULL,chowari/直正丸
直正丸,宇佐美港,2026/09/10,1,0,アジ,アジ,メイン,アジ,NULL,,,,0,40.0,40.0,,,NULL,静岡県 伊東市 宇佐美港,NULL,NULL,1,NULL,NULL,27.2,27.2,NULL,北東,4.9m/s,大潮,東南東 0.7m/s,雨,アマダイ・キダイ,NULL,NULL,午後からは、アマダイ五目船。 オオアジ40cm､アマダイ38cm､キダイ多数でした。,27.2℃,NULL,chowari/直正丸
直正丸,宇佐美港,2026/09/10,1,0,アマダイ,アマダイ,サブ,アマダイ,NULL,,,,0,38.0,38.0,,,NULL,静岡県 伊東市 宇佐美港,NULL,NULL,1,NULL,NULL,27.2,27.2,NULL,北東,4.9m/s,大潮,東南東 0.7m/s,雨,NULL,NULL,NULL,午後からは、アマダイ五目船。 オオアジ40cm､アマダイ38cm､キダイ多数でした。,27.2℃,NULL,chowari/直正丸
直正丸,宇佐美港,2026/09/10,1,0,キダイ,NULL,サブ,キダイ,NULL,,,,0,,,,,NULL,静岡県 伊東市 宇佐美港,NULL,NULL,1,NULL,NULL,27.2,27.2,NULL,北東,4.9m/s,大潮,東南東 0.7m/s,雨,NULL,NULL,NULL,午後からは、アマダイ五目船。 オオアジ40cm､アマダイ38cm､キダイ多数でした。,27.2℃,NULL,chowari/直正丸
直正丸,宇佐美港,2026/09/10,2,0,ヒラメ,ヒラメ,メイン,ヒラメ,NULL,,,,0,,,,,NULL,静岡県 伊東市 宇佐美港,NULL,NULL,1,NULL,NULL,27.2,27.2,NULL,北東,4.9m/s,大潮,東南東 0.7m/s,雨,,NULL,NULL,午前オヨガセ。ヒラメが釣れました。,27.2℃,NULL,chowari/直正丸
直正丸,宇佐美港,2026/09/13,1,0,アジ,アジ,メイン,アジ,NULL,,,,0,,,,,NULL,静岡県 伊東市 宇佐美港,NULL,NULL,1,NULL,NULL,26.1,26.1,NULL,北東,2.3m/s,中潮,東南東 0.6m/s,曇り,カイワリ・カマス・キダイ・サバ・マダイ,NULL,NULL,アジ、カイワリ、マダイ、キダイ、サバ、カマスなどが釣れました。,26.1℃,NULL,chowari/直正丸
直正丸,宇佐美港,2026/09/13,1,0,カイワリ,カイワリ,サブ,カイワリ,NULL,,,,0,,,,,NULL,静岡県 伊東市 宇佐美港,NULL,NULL,1,NULL,NULL,26.1,26.1,NULL,北東,2.3m/s,中潮,東南東 0.6m/s,曇り,NULL,NULL,NULL,アジ、カイワリ、マダイ、キダイ、サバ、カマスなどが釣れました。,26.1℃,NULL,chowari/直正丸
直正丸,宇佐美港,2026/09/13,1,0,カマス,カマス,サブ,カマス,NULL,,,,0,,,,,NULL,静岡県 伊東市 宇佐美港,NULL,NULL,1,NULL,NULL,26.1,26.1,NULL,北東,2.3m/s,中潮,東南東 0.6m/s,曇り,NULL,NULL,NULL,アジ、カイワリ、マダイ、キダイ、サバ、カマスなどが釣れました。,26.1℃,NULL,chowari/直正丸
直正丸,宇佐美港,2026/09/13,1,0,キダイ,NULL,サブ,キダイ,NULL,,,,0,,,,,NULL,静岡県 伊東市 宇佐美港,NULL,NULL,1,NULL,NULL,26.1,26.1,NULL,北東,2.3m/s,中潮,東南東 0.6m/s,曇り,NULL,NULL,NULL,アジ、カイワリ、マダイ、キダイ、サバ、カマスなどが釣れました。,26.1℃,NULL,chowari/直正丸
直正丸,宇佐美港,2026/09/13,1,0,サバ,サバ,サブ,サバ,NULL,,,,0,,,,,NULL,静岡県 伊東市 宇佐美港,NULL,NULL,1,NULL,NULL,26.1,26.1,NULL,北東,2.3m/s,中潮,東南東 0.6m/s,曇り,NULL,NULL,NULL,アジ、カイワリ、マダイ、キダイ、サバ、カマスなどが釣れました。,26.1℃,NULL,chowari/直正丸
直正丸,宇佐美港,2026/09/13,1,0,マダイ,マダイ,サブ,マダイ,NULL,,,,0,,,,,NULL,静岡県 伊東市 宇佐美港,NULL,NULL,1,NULL,NULL,26.1,26.1,NULL,北東,2.3m/s,中潮,東南東 0.6m/s,曇り,NULL,NULL,NULL,アジ、カイワリ、マダイ、キダイ、サバ、カマスなどが釣れました。,26.1℃,NULL,chowari/直正丸
直重丸,久慈,2026/09/13,1,0,カサゴ,カサゴ,サブ,カサゴ,NULL,,,,0,,,,,NULL,茨城県 日立市 久慈漁港,NULL,NULL,1,NULL,NULL,23.9,23.9,NULL,北東,3.1m/s,中潮,東 1.2m/s,曇り,NULL,NULL,NULL,朝のうち食い渋りましたが、中盤よりポツポツとアタリ始めました。 2.4kgの良型真鯛も浮上！その後も良型らしきアタリがあり、後半までポツポツと楽しめました。 【連休の出船予定＆ご案内】 連休中もテンヤマダイ船で出船決定！まだまだ空席あります。 皆様のお越しをお待ちしております！,23.9℃,NULL,chowari/直重丸
直重丸,久慈,2026/09/13,1,0,マダイ,マダイ,メイン,マダイ,NULL,5.0,10.0,7.5,0,,,0.3,2.4,NULL,茨城県 日立市 久慈漁港,NULL,NULL,1,NULL,NULL,23.9,23.9,NULL,北東,3.1m/s,中潮,東 1.2m/s,曇り,カサゴ,NULL,NULL,朝のうち食い渋りましたが、中盤よりポツポツとアタリ始めました。 2.4kgの良型真鯛も浮上！その後も良型らしきアタリがあり、後半までポツポツと楽しめました。 【連休の出船予定＆ご案内】 連休中もテンヤマダイ船で出船決定！まだまだ空席あります。 皆様のお越しをお待ちしております！,23.9℃,NULL,chowari/直重丸
祥福丸,湯河原町福浦港,2026/09/12,1,0,シロアマダイ,シロアマダイ,メイン,シロアマダイ,NULL,1.0,1.0,1.0,0,32.0,32.0,,,NULL,神奈川県 足柄下郡湯河原町 福浦港,NULL,NULL,1,NULL,NULL,27.2,27.2,NULL,北東,3.5m/s,大潮,南東 0.6m/s,雨のち曇り,,NULL,NULL,シロアマダイが釣れました～(*´▽｀*) ほか、アジ、サバ、ワカシ、ハナダイ、イトヨリダイ,27.2℃,NULL,chowari/祥福丸
祥福丸,湯河原町福浦港,2026/09/17,1,0,マダイ,マダイ,メイン,マダイ,NULL,1.0,1.0,1.0,0,,,3.1,3.1,NULL,神奈川県 足柄下郡湯河原町 福浦港,NULL,NULL,1,NULL,NULL,26.1,26.1,NULL,北北東,6.1m/s,小潮,東南東 0.7m/s,曇り時々晴れ,,NULL,NULL,マダイが釣れました～(*´▽｀*) ほか、アジ、サバ、アマダイなど。,26.1℃,NULL,chowari/祥福丸
竜一丸,川名,2026/09/01,1,0,イサキ,イサキ,サブ,イサキ,NULL,,,,0,,,,,NULL,千葉県 館山市 川名漁港,NULL,NULL,1,NULL,NULL,27.0,27.0,NULL,北東,4.6m/s,中潮,南南東 0.5m/s,晴れ後時々曇り,NULL,NULL,NULL,2026.9.1&#12843; 午前船コマセ五目。 マダイ1.0kg、 0枚〜1枚。 外道。 イシダイ1.5kg。 イサキ。 オナガメジナ。 ウマズラハギ。 前半、潮通し良く、マダイ、イシダイゲット‼ 中半〜後半、潮の流れ変わり外道ボツボツ食い‼ 泳がせは当たりなし。 今後も期待大です。 ✨ ご乗船ありがとうございました。 皆様、お疲れ様でした。 ＜お願い＞ ご予約日の前日１９時に必ず船宿に電話をいただきます様お願いいたします。 出船の有無の確認も行えます。 ご協力の程、お願いいたします。,27.0℃,NULL,chowari/竜一丸
竜一丸,川名,2026/09/01,1,0,イシダイ,イシダイ,サブ,イシダイ,NULL,,,,0,,,1.5,1.5,NULL,千葉県 館山市 川名漁港,NULL,NULL,1,NULL,NULL,27.0,27.0,NULL,北東,4.6m/s,中潮,南南東 0.5m/s,晴れ後時々曇り,NULL,NULL,NULL,2026.9.1&#12843; 午前船コマセ五目。 マダイ1.0kg、 0枚〜1枚。 外道。 イシダイ1.5kg。 イサキ。 オナガメジナ。 ウマズラハギ。 前半、潮通し良く、マダイ、イシダイゲット‼ 中半〜後半、潮の流れ変わり外道ボツボツ食い‼ 泳がせは当たりなし。 今後も期待大です。 ✨ ご乗船ありがとうございました。 皆様、お疲れ様でした。 ＜お願い＞ ご予約日の前日１９時に必ず船宿に電話をいただきます様お願いいたします。 出船の有無の確認も行えます。 ご協力の程、お願いいたします。,27.0℃,NULL,chowari/竜一丸
竜一丸,川名,2026/09/01,1,0,ウマズラハギ,ウマヅラハギ,サブ,ウマズラハギ,NULL,,,,0,,,,,NULL,千葉県 館山市 川名漁港,NULL,NULL,1,NULL,NULL,27.0,27.0,NULL,北東,4.6m/s,中潮,南南東 0.5m/s,晴れ後時々曇り,NULL,NULL,NULL,2026.9.1&#12843; 午前船コマセ五目。 マダイ1.0kg、 0枚〜1枚。 外道。 イシダイ1.5kg。 イサキ。 オナガメジナ。 ウマズラハギ。 前半、潮通し良く、マダイ、イシダイゲット‼ 中半〜後半、潮の流れ変わり外道ボツボツ食い‼ 泳がせは当たりなし。 今後も期待大です。 ✨ ご乗船ありがとうございました。 皆様、お疲れ様でした。 ＜お願い＞ ご予約日の前日１９時に必ず船宿に電話をいただきます様お願いいたします。 出船の有無の確認も行えます。 ご協力の程、お願いいたします。,27.0℃,NULL,chowari/竜一丸
竜一丸,川名,2026/09/01,1,0,マダイ,マダイ,メイン,マダイ,NULL,0.0,1.0,0.5,0,,,1.0,1.0,NULL,千葉県 館山市 川名漁港,NULL,NULL,1,NULL,NULL,27.0,27.0,NULL,北東,4.6m/s,中潮,南南東 0.5m/s,晴れ後時々曇り,イサキ・イシダイ・ウマズラハギ・メジナ,NULL,NULL,2026.9.1&#12843; 午前船コマセ五目。 マダイ1.0kg、 0枚〜1枚。 外道。 イシダイ1.5kg。 イサキ。 オナガメジナ。 ウマズラハギ。 前半、潮通し良く、マダイ、イシダイゲット‼ 中半〜後半、潮の流れ変わり外道ボツボツ食い‼ 泳がせは当たりなし。 今後も期待大です。 ✨ ご乗船ありがとうございました。 皆様、お疲れ様でした。 ＜お願い＞ ご予約日の前日１９時に必ず船宿に電話をいただきます様お願いいたします。 出船の有無の確認も行えます。 ご協力の程、お願いいたします。,27.0℃,NULL,chowari/竜一丸
竜一丸,川名,2026/09/01,1,0,メジナ,メジナ,サブ,メジナ,NULL,,,,0,,,,,NULL,千葉県 館山市 川名漁港,NULL,NULL,1,NULL,NULL,27.0,27.0,NULL,北東,4.6m/s,中潮,南南東 0.5m/s,晴れ後時々曇り,NULL,NULL,NULL,2026.9.1&#12843; 午前船コマセ五目。 マダイ1.0kg、 0枚〜1枚。 外道。 イシダイ1.5kg。 イサキ。 オナガメジナ。 ウマズラハギ。 前半、潮通し良く、マダイ、イシダイゲット‼ 中半〜後半、潮の流れ変わり外道ボツボツ食い‼ 泳がせは当たりなし。 今後も期待大です。 ✨ ご乗船ありがとうございました。 皆様、お疲れ様でした。 ＜お願い＞ ご予約日の前日１９時に必ず船宿に電話をいただきます様お願いいたします。 出船の有無の確認も行えます。 ご協力の程、お願いいたします。,27.0℃,NULL,chowari/竜一丸
竜一丸,川名,2026/09/03,1,0,イサキ,イサキ,サブ,イサキ,NULL,,,,0,,,,,NULL,千葉県 館山市 川名漁港,NULL,NULL,1,NULL,NULL,27.6,27.6,NULL,南西,3.7m/s,小潮・潮流れず,南南東 0.6m/s,曇りのち一時雨,NULL,NULL,NULL,2026.9.3&#12845; 午前船コマセ五目。 マダイ： 大きさ1.9kg。 釣果0〜1枚。 外道： イサキ・ オナガメジナ・ クチブトメジナ・ メイチダイ・ ソーダカツオ・ ウマズラハギ。 前半、潮通し良くマダイゲット‼ 外道ボツボツ食い‼ 中半、潮の流れ遅くなり、外道ボツボツ食い‼ 後半、潮流れず苦戦💦,27.6℃,NULL,chowari/竜一丸
竜一丸,川名,2026/09/03,1,0,ウマズラハギ,ウマヅラハギ,サブ,ウマズラハギ,NULL,,,,0,,,,,NULL,千葉県 館山市 川名漁港,NULL,NULL,1,NULL,NULL,27.6,27.6,NULL,南西,3.7m/s,小潮・潮流れず,南南東 0.6m/s,曇りのち一時雨,NULL,NULL,NULL,2026.9.3&#12845; 午前船コマセ五目。 マダイ： 大きさ1.9kg。 釣果0〜1枚。 外道： イサキ・ オナガメジナ・ クチブトメジナ・ メイチダイ・ ソーダカツオ・ ウマズラハギ。 前半、潮通し良くマダイゲット‼ 外道ボツボツ食い‼ 中半、潮の流れ遅くなり、外道ボツボツ食い‼ 後半、潮流れず苦戦💦,27.6℃,NULL,chowari/竜一丸
竜一丸,川名,2026/09/03,1,0,ソーダカツオ,カツオ,サブ,ソーダカツオ,NULL,,,,0,,,,,NULL,千葉県 館山市 川名漁港,NULL,NULL,1,NULL,NULL,27.6,27.6,NULL,南西,3.7m/s,小潮・潮流れず,南南東 0.6m/s,曇りのち一時雨,NULL,NULL,NULL,2026.9.3&#12845; 午前船コマセ五目。 マダイ： 大きさ1.9kg。 釣果0〜1枚。 外道： イサキ・ オナガメジナ・ クチブトメジナ・ メイチダイ・ ソーダカツオ・ ウマズラハギ。 前半、潮通し良くマダイゲット‼ 外道ボツボツ食い‼ 中半、潮の流れ遅くなり、外道ボツボツ食い‼ 後半、潮流れず苦戦💦,27.6℃,NULL,chowari/竜一丸
竜一丸,川名,2026/09/03,1,0,マダイ,マダイ,メイン,マダイ,NULL,0.0,1.0,0.5,0,,,1.9,1.9,NULL,千葉県 館山市 川名漁港,NULL,NULL,1,NULL,NULL,27.6,27.6,NULL,南西,3.7m/s,小潮・潮流れず,南南東 0.6m/s,曇りのち一時雨,イサキ・ウマズラハギ・ソーダカツオ・メイチダイ・メジナ,NULL,NULL,2026.9.3&#12845; 午前船コマセ五目。 マダイ： 大きさ1.9kg。 釣果0〜1枚。 外道： イサキ・ オナガメジナ・ クチブトメジナ・ メイチダイ・ ソーダカツオ・ ウマズラハギ。 前半、潮通し良くマダイゲット‼ 外道ボツボツ食い‼ 中半、潮の流れ遅くなり、外道ボツボツ食い‼ 後半、潮流れず苦戦💦,27.6℃,NULL,chowari/竜一丸
竜一丸,川名,2026/09/03,1,0,メイチダイ,NULL,サブ,メイチダイ,NULL,,,,0,,,,,NULL,千葉県 館山市 川名漁港,NULL,NULL,1,NULL,NULL,27.6,27.6,NULL,南西,3.7m/s,小潮・潮流れず,南南東 0.6m/s,曇りのち一時雨,NULL,NULL,NULL,2026.9.3&#12845; 午前船コマセ五目。 マダイ： 大きさ1.9kg。 釣果0〜1枚。 外道： イサキ・ オナガメジナ・ クチブトメジナ・ メイチダイ・ ソーダカツオ・ ウマズラハギ。 前半、潮通し良くマダイゲット‼ 外道ボツボツ食い‼ 中半、潮の流れ遅くなり、外道ボツボツ食い‼ 後半、潮流れず苦戦💦,27.6℃,NULL,chowari/竜一丸
竜一丸,川名,2026/09/03,1,0,メジナ,メジナ,サブ,メジナ,NULL,,,,0,,,,,NULL,千葉県 館山市 川名漁港,NULL,NULL,1,NULL,NULL,27.6,27.6,NULL,南西,3.7m/s,小潮・潮流れず,南南東 0.6m/s,曇りのち一時雨,NULL,NULL,NULL,2026.9.3&#12845; 午前船コマセ五目。 マダイ： 大きさ1.9kg。 釣果0〜1枚。 外道： イサキ・ オナガメジナ・ クチブトメジナ・ メイチダイ・ ソーダカツオ・ ウマズラハギ。 前半、潮通し良くマダイゲット‼ 外道ボツボツ食い‼ 中半、潮の流れ遅くなり、外道ボツボツ食い‼ 後半、潮流れず苦戦💦,27.6℃,NULL,chowari/竜一丸
竜一丸,川名,2026/09/12,1,0,イサキ,イサキ,サブ,イサキ,NULL,,,,0,,,,,NULL,千葉県 館山市 川名漁港,NULL,NULL,1,NULL,NULL,25.8,25.8,NULL,北北東,5.7m/s,大潮・潮流れず,南 0.8m/s,曇り一時雨,NULL,NULL,NULL,2026.9.12&#12847; 午前船コマセ五目。 マダイ0.8kg〜1.8kg、 0枚〜3枚。 外道： イサキ・ オナガメジナ・ クチブトメジナ・ ウマズラハギ。 前半〜中半まで、潮の流れ遅く、マダイボツボツの食い‼ 外道ボツボツの食い‼ 後半、潮流れず苦戦‼ 今後も期待大です。 ✨ ご乗船ありがとうございました。 皆様、お疲れ様でした。 ＜お願い＞ ご予約日の前日１９時に必ず船宿に電話をいただきます様お願いいたします。 出船の有無の確認も行えます。 ご協力の程、お願いいたします。,25.8℃,NULL,chowari/竜一丸
竜一丸,川名,2026/09/12,1,0,ウマズラハギ,ウマヅラハギ,サブ,ウマズラハギ,NULL,,,,0,,,,,NULL,千葉県 館山市 川名漁港,NULL,NULL,1,NULL,NULL,25.8,25.8,NULL,北北東,5.7m/s,大潮・潮流れず,南 0.8m/s,曇り一時雨,NULL,NULL,NULL,2026.9.12&#12847; 午前船コマセ五目。 マダイ0.8kg〜1.8kg、 0枚〜3枚。 外道： イサキ・ オナガメジナ・ クチブトメジナ・ ウマズラハギ。 前半〜中半まで、潮の流れ遅く、マダイボツボツの食い‼ 外道ボツボツの食い‼ 後半、潮流れず苦戦‼ 今後も期待大です。 ✨ ご乗船ありがとうございました。 皆様、お疲れ様でした。 ＜お願い＞ ご予約日の前日１９時に必ず船宿に電話をいただきます様お願いいたします。 出船の有無の確認も行えます。 ご協力の程、お願いいたします。,25.8℃,NULL,chowari/竜一丸
竜一丸,川名,2026/09/12,1,0,クチブトメジナ,メジナ,サブ,クチブトメジナ,NULL,,,,0,,,,,NULL,千葉県 館山市 川名漁港,NULL,NULL,1,NULL,NULL,25.8,25.8,NULL,北北東,5.7m/s,大潮・潮流れず,南 0.8m/s,曇り一時雨,NULL,NULL,NULL,2026.9.12&#12847; 午前船コマセ五目。 マダイ0.8kg〜1.8kg、 0枚〜3枚。 外道： イサキ・ オナガメジナ・ クチブトメジナ・ ウマズラハギ。 前半〜中半まで、潮の流れ遅く、マダイボツボツの食い‼ 外道ボツボツの食い‼ 後半、潮流れず苦戦‼ 今後も期待大です。 ✨ ご乗船ありがとうございました。 皆様、お疲れ様でした。 ＜お願い＞ ご予約日の前日１９時に必ず船宿に電話をいただきます様お願いいたします。 出船の有無の確認も行えます。 ご協力の程、お願いいたします。,25.8℃,NULL,chowari/竜一丸
竜一丸,川名,2026/09/12,1,0,マダイ,マダイ,メイン,マダイ,NULL,0.0,3.0,1.5,0,,,0.8,1.8,NULL,千葉県 館山市 川名漁港,NULL,NULL,1,NULL,NULL,25.8,25.8,NULL,北北東,5.7m/s,大潮・潮流れず,南 0.8m/s,曇り一時雨,イサキ・ウマズラハギ・クチブトメジナ・メジナ,NULL,NULL,2026.9.12&#12847; 午前船コマセ五目。 マダイ0.8kg〜1.8kg、 0枚〜3枚。 外道： イサキ・ オナガメジナ・ クチブトメジナ・ ウマズラハギ。 前半〜中半まで、潮の流れ遅く、マダイボツボツの食い‼ 外道ボツボツの食い‼ 後半、潮流れず苦戦‼ 今後も期待大です。 ✨ ご乗船ありがとうございました。 皆様、お疲れ様でした。 ＜お願い＞ ご予約日の前日１９時に必ず船宿に電話をいただきます様お願いいたします。 出船の有無の確認も行えます。 ご協力の程、お願いいたします。,25.8℃,NULL,chowari/竜一丸
竜一丸,川名,2026/09/12,1,0,メジナ,メジナ,サブ,メジナ,NULL,,,,0,,,,,NULL,千葉県 館山市 川名漁港,NULL,NULL,1,NULL,NULL,25.8,25.8,NULL,北北東,5.7m/s,大潮・潮流れず,南 0.8m/s,曇り一時雨,NULL,NULL,NULL,2026.9.12&#12847; 午前船コマセ五目。 マダイ0.8kg〜1.8kg、 0枚〜3枚。 外道： イサキ・ オナガメジナ・ クチブトメジナ・ ウマズラハギ。 前半〜中半まで、潮の流れ遅く、マダイボツボツの食い‼ 外道ボツボツの食い‼ 後半、潮流れず苦戦‼ 今後も期待大です。 ✨ ご乗船ありがとうございました。 皆様、お疲れ様でした。 ＜お願い＞ ご予約日の前日１９時に必ず船宿に電話をいただきます様お願いいたします。 出船の有無の確認も行えます。 ご協力の程、お願いいたします。,25.8℃,NULL,chowari/竜一丸
竜一丸,川名,2026/09/14,1,0,イサキ,イサキ,サブ,イサキ,NULL,,,,0,,,,,NULL,千葉県 館山市 川名漁港,NULL,NULL,1,NULL,NULL,25.4,25.4,NULL,南西,4.6m/s,中潮・二枚潮,南東 0.6m/s,晴れ後時々曇り,NULL,NULL,NULL,2026.9.14&#12842; 午前船コマセ五目。 シマアジ、 大きさ2.0kg、 釣果0〜1枚。 外道： オオモンハタ0〜2匹。 イサキ。 オナガメジナ。 クチブトメジナ。 メイチダイ。 ソーダカツオ。 ウマズラハギ。 前半、二枚潮で苦戦💦。 外道ボツボツ食い‼ 中半〜後半、潮の流れ変わり、シマアジゲット‼ ＜お願い＞ ご予約日の前日１９時に必ず船宿に電話をいただきます様お願いいたします。 出船の有無の確認も行えます。 ご協力の程、お願いいたします。,25.4℃,NULL,chowari/竜一丸
竜一丸,川名,2026/09/14,1,0,ウマズラハギ,ウマヅラハギ,サブ,ウマズラハギ,NULL,,,,0,,,,,NULL,千葉県 館山市 川名漁港,NULL,NULL,1,NULL,NULL,25.4,25.4,NULL,南西,4.6m/s,中潮・二枚潮,南東 0.6m/s,晴れ後時々曇り,NULL,NULL,NULL,2026.9.14&#12842; 午前船コマセ五目。 シマアジ、 大きさ2.0kg、 釣果0〜1枚。 外道： オオモンハタ0〜2匹。 イサキ。 オナガメジナ。 クチブトメジナ。 メイチダイ。 ソーダカツオ。 ウマズラハギ。 前半、二枚潮で苦戦💦。 外道ボツボツ食い‼ 中半〜後半、潮の流れ変わり、シマアジゲット‼ ＜お願い＞ ご予約日の前日１９時に必ず船宿に電話をいただきます様お願いいたします。 出船の有無の確認も行えます。 ご協力の程、お願いいたします。,25.4℃,NULL,chowari/竜一丸
竜一丸,川名,2026/09/14,1,0,オオモンハタ,ハタ,サブ,オオモンハタ,NULL,0.0,2.0,1.0,0,,,,,NULL,千葉県 館山市 川名漁港,NULL,NULL,1,NULL,NULL,25.4,25.4,NULL,南西,4.6m/s,中潮・二枚潮,南東 0.6m/s,晴れ後時々曇り,NULL,NULL,NULL,2026.9.14&#12842; 午前船コマセ五目。 シマアジ、 大きさ2.0kg、 釣果0〜1枚。 外道： オオモンハタ0〜2匹。 イサキ。 オナガメジナ。 クチブトメジナ。 メイチダイ。 ソーダカツオ。 ウマズラハギ。 前半、二枚潮で苦戦💦。 外道ボツボツ食い‼ 中半〜後半、潮の流れ変わり、シマアジゲット‼ ＜お願い＞ ご予約日の前日１９時に必ず船宿に電話をいただきます様お願いいたします。 出船の有無の確認も行えます。 ご協力の程、お願いいたします。,25.4℃,NULL,chowari/竜一丸
竜一丸,川名,2026/09/14,1,0,クチブトメジナ,メジナ,サブ,クチブトメジナ,NULL,,,,0,,,,,NULL,千葉県 館山市 川名漁港,NULL,NULL,1,NULL,NULL,25.4,25.4,NULL,南西,4.6m/s,中潮・二枚潮,南東 0.6m/s,晴れ後時々曇り,NULL,NULL,NULL,2026.9.14&#12842; 午前船コマセ五目。 シマアジ、 大きさ2.0kg、 釣果0〜1枚。 外道： オオモンハタ0〜2匹。 イサキ。 オナガメジナ。 クチブトメジナ。 メイチダイ。 ソーダカツオ。 ウマズラハギ。 前半、二枚潮で苦戦💦。 外道ボツボツ食い‼ 中半〜後半、潮の流れ変わり、シマアジゲット‼ ＜お願い＞ ご予約日の前日１９時に必ず船宿に電話をいただきます様お願いいたします。 出船の有無の確認も行えます。 ご協力の程、お願いいたします。,25.4℃,NULL,chowari/竜一丸
竜一丸,川名,2026/09/14,1,0,シマアジ,シマアジ,メイン,シマアジ,NULL,0.0,1.0,0.5,0,,,2.0,2.0,NULL,千葉県 館山市 川名漁港,NULL,NULL,1,NULL,NULL,25.4,25.4,NULL,南西,4.6m/s,中潮・二枚潮,南東 0.6m/s,晴れ後時々曇り,イサキ・ウマズラハギ・オオモンハタ・クチブトメジナ・ソーダカツオ・メイチダイ・メジナ,NULL,NULL,2026.9.14&#12842; 午前船コマセ五目。 シマアジ、 大きさ2.0kg、 釣果0〜1枚。 外道： オオモンハタ0〜2匹。 イサキ。 オナガメジナ。 クチブトメジナ。 メイチダイ。 ソーダカツオ。 ウマズラハギ。 前半、二枚潮で苦戦💦。 外道ボツボツ食い‼ 中半〜後半、潮の流れ変わり、シマアジゲット‼ ＜お願い＞ ご予約日の前日１９時に必ず船宿に電話をいただきます様お願いいたします。 出船の有無の確認も行えます。 ご協力の程、お願いいたします。,25.4℃,NULL,chowari/竜一丸
竜一丸,川名,2026/09/14,1,0,ソーダカツオ,カツオ,サブ,ソーダカツオ,NULL,,,,0,,,,,NULL,千葉県 館山市 川名漁港,NULL,NULL,1,NULL,NULL,25.4,25.4,NULL,南西,4.6m/s,中潮・二枚潮,南東 0.6m/s,晴れ後時々曇り,NULL,NULL,NULL,2026.9.14&#12842; 午前船コマセ五目。 シマアジ、 大きさ2.0kg、 釣果0〜1枚。 外道： オオモンハタ0〜2匹。 イサキ。 オナガメジナ。 クチブトメジナ。 メイチダイ。 ソーダカツオ。 ウマズラハギ。 前半、二枚潮で苦戦💦。 外道ボツボツ食い‼ 中半〜後半、潮の流れ変わり、シマアジゲット‼ ＜お願い＞ ご予約日の前日１９時に必ず船宿に電話をいただきます様お願いいたします。 出船の有無の確認も行えます。 ご協力の程、お願いいたします。,25.4℃,NULL,chowari/竜一丸
竜一丸,川名,2026/09/14,1,0,メイチダイ,NULL,サブ,メイチダイ,NULL,,,,0,,,,,NULL,千葉県 館山市 川名漁港,NULL,NULL,1,NULL,NULL,25.4,25.4,NULL,南西,4.6m/s,中潮・二枚潮,南東 0.6m/s,晴れ後時々曇り,NULL,NULL,NULL,2026.9.14&#12842; 午前船コマセ五目。 シマアジ、 大きさ2.0kg、 釣果0〜1枚。 外道： オオモンハタ0〜2匹。 イサキ。 オナガメジナ。 クチブトメジナ。 メイチダイ。 ソーダカツオ。 ウマズラハギ。 前半、二枚潮で苦戦💦。 外道ボツボツ食い‼ 中半〜後半、潮の流れ変わり、シマアジゲット‼ ＜お願い＞ ご予約日の前日１９時に必ず船宿に電話をいただきます様お願いいたします。 出船の有無の確認も行えます。 ご協力の程、お願いいたします。,25.4℃,NULL,chowari/竜一丸
竜一丸,川名,2026/09/14,1,0,メジナ,メジナ,サブ,メジナ,NULL,,,,0,,,,,NULL,千葉県 館山市 川名漁港,NULL,NULL,1,NULL,NULL,25.4,25.4,NULL,南西,4.6m/s,中潮・二枚潮,南東 0.6m/s,晴れ後時々曇り,NULL,NULL,NULL,2026.9.14&#12842; 午前船コマセ五目。 シマアジ、 大きさ2.0kg、 釣果0〜1枚。 外道： オオモンハタ0〜2匹。 イサキ。 オナガメジナ。 クチブトメジナ。 メイチダイ。 ソーダカツオ。 ウマズラハギ。 前半、二枚潮で苦戦💦。 外道ボツボツ食い‼ 中半〜後半、潮の流れ変わり、シマアジゲット‼ ＜お願い＞ ご予約日の前日１９時に必ず船宿に電話をいただきます様お願いいたします。 出船の有無の確認も行えます。 ご協力の程、お願いいたします。,25.4℃,NULL,chowari/竜一丸
第1二三丸,片貝港,2026/09/01,1,0,カサゴ,カサゴ,サブ,カサゴ,NULL,,,,0,,,,,NULL,千葉県 山武市 片貝旧港,NULL,NULL,1,NULL,NULL,28.0,28.0,NULL,北東,2.3m/s,中潮,東 1.0m/s,曇り,NULL,NULL,NULL,最近のお決まりパターンに成ってしまった中弛み。 今日も朝のポイントはポツポツアタリは出ていたが、 中盤が全然アタリが出せず移動の連続、 終盤に成りやっとまたアタリが出て、 オデコの人が後1人に成ったが残念でした、 4～5回のアタリは有った様だが食い込まなかったり、 ハリスの中間に結び目が出来ていて切れてしまったりで、 とうとう時間切れになってしまいました、残念です。,28.0℃,NULL,chowari/第1二三丸
第1二三丸,片貝港,2026/09/01,1,0,ガンゾウビラメ,NULL,サブ,ガンゾウビラメ,NULL,,,,0,,,,,NULL,千葉県 山武市 片貝旧港,NULL,NULL,1,NULL,NULL,28.0,28.0,NULL,北東,2.3m/s,中潮,東 1.0m/s,曇り,NULL,NULL,NULL,最近のお決まりパターンに成ってしまった中弛み。 今日も朝のポイントはポツポツアタリは出ていたが、 中盤が全然アタリが出せず移動の連続、 終盤に成りやっとまたアタリが出て、 オデコの人が後1人に成ったが残念でした、 4～5回のアタリは有った様だが食い込まなかったり、 ハリスの中間に結び目が出来ていて切れてしまったりで、 とうとう時間切れになってしまいました、残念です。,28.0℃,NULL,chowari/第1二三丸
第1二三丸,片貝港,2026/09/01,1,0,ヒゲソリダイ,NULL,サブ,ヒゲソリダイ,NULL,,,,0,,,,,NULL,千葉県 山武市 片貝旧港,NULL,NULL,1,NULL,NULL,28.0,28.0,NULL,北東,2.3m/s,中潮,東 1.0m/s,曇り,NULL,NULL,NULL,最近のお決まりパターンに成ってしまった中弛み。 今日も朝のポイントはポツポツアタリは出ていたが、 中盤が全然アタリが出せず移動の連続、 終盤に成りやっとまたアタリが出て、 オデコの人が後1人に成ったが残念でした、 4～5回のアタリは有った様だが食い込まなかったり、 ハリスの中間に結び目が出来ていて切れてしまったりで、 とうとう時間切れになってしまいました、残念です。,28.0℃,NULL,chowari/第1二三丸
第1二三丸,片貝港,2026/09/01,1,0,ヒラメ,ヒラメ,メイン,ヒラメ,NULL,0.0,4.0,2.0,0,,,0.4,2.2,NULL,千葉県 山武市 片貝旧港,NULL,NULL,1,NULL,NULL,28.0,28.0,NULL,北東,2.3m/s,中潮,東 1.0m/s,曇り,カサゴ・ガンゾウビラメ・ヒゲソリダイ・ワラサ,NULL,NULL,最近のお決まりパターンに成ってしまった中弛み。 今日も朝のポイントはポツポツアタリは出ていたが、 中盤が全然アタリが出せず移動の連続、 終盤に成りやっとまたアタリが出て、 オデコの人が後1人に成ったが残念でした、 4～5回のアタリは有った様だが食い込まなかったり、 ハリスの中間に結び目が出来ていて切れてしまったりで、 とうとう時間切れになってしまいました、残念です。,28.0℃,NULL,chowari/第1二三丸
第1二三丸,片貝港,2026/09/01,1,0,ワラサ,ワラサ,サブ,ワラサ,NULL,,,,0,,,,,NULL,千葉県 山武市 片貝旧港,NULL,NULL,1,NULL,NULL,28.0,28.0,NULL,北東,2.3m/s,中潮,東 1.0m/s,曇り,NULL,NULL,NULL,最近のお決まりパターンに成ってしまった中弛み。 今日も朝のポイントはポツポツアタリは出ていたが、 中盤が全然アタリが出せず移動の連続、 終盤に成りやっとまたアタリが出て、 オデコの人が後1人に成ったが残念でした、 4～5回のアタリは有った様だが食い込まなかったり、 ハリスの中間に結び目が出来ていて切れてしまったりで、 とうとう時間切れになってしまいました、残念です。,28.0℃,NULL,chowari/第1二三丸
第1二三丸,片貝港,2026/09/03,1,0,イナダ,イナダ,サブ,イナダ,NULL,,,,0,,,,,NULL,千葉県 山武市 片貝旧港,NULL,NULL,1,NULL,NULL,28.6,28.6,NULL,南,1.6m/s,小潮,東南東 0.9m/s,曇りのち一時雨,NULL,NULL,NULL,更新が遅く成ってゴメンナサイ、 午後から何だかゴチャゴチャ用事が出来てしまい、 そのうちに寝落ちしてしまいました。 今日は良型のヒラメも釣れたのですが、 終わってみたらマハタの方が多く成ってしまいました、 ヒラメもマハタもオデコの人が居ましたが、 どっちもオデコの人は居なく、お土産には成りました。,28.6℃,NULL,chowari/第1二三丸
第1二三丸,片貝港,2026/09/03,1,0,カサゴ,カサゴ,サブ,カサゴ,NULL,,,,0,,,,,NULL,千葉県 山武市 片貝旧港,NULL,NULL,1,NULL,NULL,28.6,28.6,NULL,南,1.6m/s,小潮,東南東 0.9m/s,曇りのち一時雨,NULL,NULL,NULL,更新が遅く成ってゴメンナサイ、 午後から何だかゴチャゴチャ用事が出来てしまい、 そのうちに寝落ちしてしまいました。 今日は良型のヒラメも釣れたのですが、 終わってみたらマハタの方が多く成ってしまいました、 ヒラメもマハタもオデコの人が居ましたが、 どっちもオデコの人は居なく、お土産には成りました。,28.6℃,NULL,chowari/第1二三丸
第1二三丸,片貝港,2026/09/03,1,0,クロメバル,メバル,サブ,クロメバル,NULL,,,,0,,,,,NULL,千葉県 山武市 片貝旧港,NULL,NULL,1,NULL,NULL,28.6,28.6,NULL,南,1.6m/s,小潮,東南東 0.9m/s,曇りのち一時雨,NULL,NULL,NULL,更新が遅く成ってゴメンナサイ、 午後から何だかゴチャゴチャ用事が出来てしまい、 そのうちに寝落ちしてしまいました。 今日は良型のヒラメも釣れたのですが、 終わってみたらマハタの方が多く成ってしまいました、 ヒラメもマハタもオデコの人が居ましたが、 どっちもオデコの人は居なく、お土産には成りました。,28.6℃,NULL,chowari/第1二三丸
第1二三丸,片貝港,2026/09/03,1,0,ヒラメ,ヒラメ,メイン,ヒラメ,NULL,0.0,3.0,1.5,0,,,0.6,2.5,NULL,千葉県 山武市 片貝旧港,NULL,NULL,1,NULL,NULL,28.6,28.6,NULL,南,1.6m/s,小潮,東南東 0.9m/s,曇りのち一時雨,イナダ・カサゴ・クロメバル・マハタ,NULL,NULL,更新が遅く成ってゴメンナサイ、 午後から何だかゴチャゴチャ用事が出来てしまい、 そのうちに寝落ちしてしまいました。 今日は良型のヒラメも釣れたのですが、 終わってみたらマハタの方が多く成ってしまいました、 ヒラメもマハタもオデコの人が居ましたが、 どっちもオデコの人は居なく、お土産には成りました。,28.6℃,NULL,chowari/第1二三丸
第1二三丸,片貝港,2026/09/03,1,0,マハタ,マハタ,サブ,マハタ,NULL,0.0,3.0,1.5,0,,,0.5,1.6,NULL,千葉県 山武市 片貝旧港,NULL,NULL,1,NULL,NULL,28.6,28.6,NULL,南,1.6m/s,小潮,東南東 0.9m/s,曇りのち一時雨,NULL,NULL,NULL,更新が遅く成ってゴメンナサイ、 午後から何だかゴチャゴチャ用事が出来てしまい、 そのうちに寝落ちしてしまいました。 今日は良型のヒラメも釣れたのですが、 終わってみたらマハタの方が多く成ってしまいました、 ヒラメもマハタもオデコの人が居ましたが、 どっちもオデコの人は居なく、お土産には成りました。,28.6℃,NULL,chowari/第1二三丸
第1二三丸,片貝港,2026/09/13,1,0,イナダ,イナダ,サブ,イナダ,NULL,,,,0,,,,,NULL,片貝沖,漁礁,NULL,2,NULL,NULL,26.1,26.1,NULL,北,2.3m/s,中潮,東 1.0m/s,曇りのち時々晴れ,NULL,NULL,NULL,1週間ぶりだと思っていたら、10日も経っていました、 ギリギリ合羽が欲しい位の小雨が降っている朝でした、 10日も間が空いてしまうと何処から始めて良いのやら、 感の良い船頭じゃないので、色々悩んでみたのですが、 片貝沖の漁礁の中から始めてみました、 最初のポイントは投入直後にアタリが出て キロオーバーの食べ頃サイズが釣れたが、 その後がアタリ無く再度入れ直ししてみたが、 2回目はアタリ無くポイント移動しました、 更に次のポイントでも型は出たが後が無し、 その後は、型が出たり全然釣れなかったりの繰り返し、 まあそれなりに型は出ていたが、 外道が少なくお土産が出来ないので、 終,26.1℃,NULL,chowari/第1二三丸
第1二三丸,片貝港,2026/09/13,1,0,カサゴ,カサゴ,サブ,カサゴ,NULL,,,,0,,,1.0,1.0,NULL,片貝沖,漁礁,NULL,2,NULL,NULL,26.1,26.1,NULL,北,2.3m/s,中潮,東 1.0m/s,曇りのち時々晴れ,NULL,NULL,NULL,1週間ぶりだと思っていたら、10日も経っていました、 ギリギリ合羽が欲しい位の小雨が降っている朝でした、 10日も間が空いてしまうと何処から始めて良いのやら、 感の良い船頭じゃないので、色々悩んでみたのですが、 片貝沖の漁礁の中から始めてみました、 最初のポイントは投入直後にアタリが出て キロオーバーの食べ頃サイズが釣れたが、 その後がアタリ無く再度入れ直ししてみたが、 2回目はアタリ無くポイント移動しました、 更に次のポイントでも型は出たが後が無し、 その後は、型が出たり全然釣れなかったりの繰り返し、 まあそれなりに型は出ていたが、 外道が少なくお土産が出来ないので、 終,26.1℃,NULL,chowari/第1二三丸
第1二三丸,片貝港,2026/09/13,1,0,カンパチ,カンパチ,サブ,カンパチ,NULL,,,,0,,,,,NULL,片貝沖,漁礁,NULL,2,NULL,NULL,26.1,26.1,NULL,北,2.3m/s,中潮,東 1.0m/s,曇りのち時々晴れ,NULL,NULL,NULL,1週間ぶりだと思っていたら、10日も経っていました、 ギリギリ合羽が欲しい位の小雨が降っている朝でした、 10日も間が空いてしまうと何処から始めて良いのやら、 感の良い船頭じゃないので、色々悩んでみたのですが、 片貝沖の漁礁の中から始めてみました、 最初のポイントは投入直後にアタリが出て キロオーバーの食べ頃サイズが釣れたが、 その後がアタリ無く再度入れ直ししてみたが、 2回目はアタリ無くポイント移動しました、 更に次のポイントでも型は出たが後が無し、 その後は、型が出たり全然釣れなかったりの繰り返し、 まあそれなりに型は出ていたが、 外道が少なくお土産が出来ないので、 終,26.1℃,NULL,chowari/第1二三丸
第1二三丸,片貝港,2026/09/13,1,0,ガンゾウビラメ,NULL,サブ,ガンゾウビラメ,NULL,,,,0,,,,,NULL,片貝沖,漁礁,NULL,2,NULL,NULL,26.1,26.1,NULL,北,2.3m/s,中潮,東 1.0m/s,曇りのち時々晴れ,NULL,NULL,NULL,1週間ぶりだと思っていたら、10日も経っていました、 ギリギリ合羽が欲しい位の小雨が降っている朝でした、 10日も間が空いてしまうと何処から始めて良いのやら、 感の良い船頭じゃないので、色々悩んでみたのですが、 片貝沖の漁礁の中から始めてみました、 最初のポイントは投入直後にアタリが出て キロオーバーの食べ頃サイズが釣れたが、 その後がアタリ無く再度入れ直ししてみたが、 2回目はアタリ無くポイント移動しました、 更に次のポイントでも型は出たが後が無し、 その後は、型が出たり全然釣れなかったりの繰り返し、 まあそれなりに型は出ていたが、 外道が少なくお土産が出来ないので、 終,26.1℃,NULL,chowari/第1二三丸
第1二三丸,片貝港,2026/09/13,1,0,ヒラメ,ヒラメ,メイン,ヒラメ,NULL,0.0,3.0,1.5,0,,,0.4,2.7,NULL,片貝沖,漁礁,NULL,2,NULL,NULL,26.1,26.1,NULL,北,2.3m/s,中潮,東 1.0m/s,曇りのち時々晴れ,イナダ・カサゴ・カンパチ・ガンゾウビラメ・マハタ,NULL,NULL,1週間ぶりだと思っていたら、10日も経っていました、 ギリギリ合羽が欲しい位の小雨が降っている朝でした、 10日も間が空いてしまうと何処から始めて良いのやら、 感の良い船頭じゃないので、色々悩んでみたのですが、 片貝沖の漁礁の中から始めてみました、 最初のポイントは投入直後にアタリが出て キロオーバーの食べ頃サイズが釣れたが、 その後がアタリ無く再度入れ直ししてみたが、 2回目はアタリ無くポイント移動しました、 更に次のポイントでも型は出たが後が無し、 その後は、型が出たり全然釣れなかったりの繰り返し、 まあそれなりに型は出ていたが、 外道が少なくお土産が出来ないので、 終,26.1℃,NULL,chowari/第1二三丸
第1二三丸,片貝港,2026/09/13,1,0,マハタ,マハタ,サブ,マハタ,NULL,0.0,3.0,1.5,0,,,0.4,1.7,NULL,片貝沖,漁礁,NULL,2,NULL,NULL,26.1,26.1,NULL,北,2.3m/s,中潮,東 1.0m/s,曇りのち時々晴れ,NULL,NULL,NULL,1週間ぶりだと思っていたら、10日も経っていました、 ギリギリ合羽が欲しい位の小雨が降っている朝でした、 10日も間が空いてしまうと何処から始めて良いのやら、 感の良い船頭じゃないので、色々悩んでみたのですが、 片貝沖の漁礁の中から始めてみました、 最初のポイントは投入直後にアタリが出て キロオーバーの食べ頃サイズが釣れたが、 その後がアタリ無く再度入れ直ししてみたが、 2回目はアタリ無くポイント移動しました、 更に次のポイントでも型は出たが後が無し、 その後は、型が出たり全然釣れなかったりの繰り返し、 まあそれなりに型は出ていたが、 外道が少なくお土産が出来ないので、 終,26.1℃,NULL,chowari/第1二三丸
第1二三丸,片貝港,2026/09/15,1,0,イナダ,イナダ,サブ,イナダ,NULL,,,,0,,,,,NULL,南沖,NULL,NULL,1,NULL,NULL,26.0,26.0,NULL,南南西,2.8m/s,中潮,東南東 1.1m/s,雨時々止む,NULL,NULL,NULL,今日は準備中から降り出した雨は 時々雨止みも有ったが強く成ったりしながら、 沖上がり迄ほぼ雨降りの天気でした、 南西の風がやや強めに吹いていたので、 朝のうちに南沖のポイントまで走って、 移動は追い風での予定です。 最初のポイントはヒラメの型は出ましたが、 何だかごっついアタリが有って、 やり取りの末上がって来たのは6kgのマダイでした。 朝のポイント周辺はサイズ的にはマズマズの1㎏前後だが、 一流しに1枚釣れたり釣れなかったりで、 外道も小さいマハタが少しでしたので、 予定通り中盤にポイントを変えてみました、 ヒラメは相変わらずたまにポツリですが、 マハタはソコソコのお,26.0℃,NULL,chowari/第1二三丸
第1二三丸,片貝港,2026/09/15,1,0,カサゴ,カサゴ,サブ,カサゴ,NULL,,,,0,,,,,NULL,南沖,NULL,NULL,1,NULL,NULL,26.0,26.0,NULL,南南西,2.8m/s,中潮,東南東 1.1m/s,雨時々止む,NULL,NULL,NULL,今日は準備中から降り出した雨は 時々雨止みも有ったが強く成ったりしながら、 沖上がり迄ほぼ雨降りの天気でした、 南西の風がやや強めに吹いていたので、 朝のうちに南沖のポイントまで走って、 移動は追い風での予定です。 最初のポイントはヒラメの型は出ましたが、 何だかごっついアタリが有って、 やり取りの末上がって来たのは6kgのマダイでした。 朝のポイント周辺はサイズ的にはマズマズの1㎏前後だが、 一流しに1枚釣れたり釣れなかったりで、 外道も小さいマハタが少しでしたので、 予定通り中盤にポイントを変えてみました、 ヒラメは相変わらずたまにポツリですが、 マハタはソコソコのお,26.0℃,NULL,chowari/第1二三丸
第1二三丸,片貝港,2026/09/15,1,0,カンパチ,カンパチ,サブ,カンパチ,NULL,,,,0,,,,,NULL,南沖,NULL,NULL,1,NULL,NULL,26.0,26.0,NULL,南南西,2.8m/s,中潮,東南東 1.1m/s,雨時々止む,NULL,NULL,NULL,今日は準備中から降り出した雨は 時々雨止みも有ったが強く成ったりしながら、 沖上がり迄ほぼ雨降りの天気でした、 南西の風がやや強めに吹いていたので、 朝のうちに南沖のポイントまで走って、 移動は追い風での予定です。 最初のポイントはヒラメの型は出ましたが、 何だかごっついアタリが有って、 やり取りの末上がって来たのは6kgのマダイでした。 朝のポイント周辺はサイズ的にはマズマズの1㎏前後だが、 一流しに1枚釣れたり釣れなかったりで、 外道も小さいマハタが少しでしたので、 予定通り中盤にポイントを変えてみました、 ヒラメは相変わらずたまにポツリですが、 マハタはソコソコのお,26.0℃,NULL,chowari/第1二三丸
第1二三丸,片貝港,2026/09/15,1,0,ヒラメ,ヒラメ,メイン,ヒラメ,NULL,1.0,3.0,2.0,0,,,0.4,2.3,NULL,南沖,NULL,NULL,1,NULL,NULL,26.0,26.0,NULL,南南西,2.8m/s,中潮,東南東 1.1m/s,雨時々止む,イナダ・カサゴ・カンパチ・マダイ・マハタ,NULL,NULL,今日は準備中から降り出した雨は 時々雨止みも有ったが強く成ったりしながら、 沖上がり迄ほぼ雨降りの天気でした、 南西の風がやや強めに吹いていたので、 朝のうちに南沖のポイントまで走って、 移動は追い風での予定です。 最初のポイントはヒラメの型は出ましたが、 何だかごっついアタリが有って、 やり取りの末上がって来たのは6kgのマダイでした。 朝のポイント周辺はサイズ的にはマズマズの1㎏前後だが、 一流しに1枚釣れたり釣れなかったりで、 外道も小さいマハタが少しでしたので、 予定通り中盤にポイントを変えてみました、 ヒラメは相変わらずたまにポツリですが、 マハタはソコソコのお,26.0℃,NULL,chowari/第1二三丸
第1二三丸,片貝港,2026/09/15,1,0,マダイ,マダイ,サブ,マダイ,NULL,,,,0,,,6.0,6.0,NULL,南沖,NULL,NULL,1,NULL,NULL,26.0,26.0,NULL,南南西,2.8m/s,中潮,東南東 1.1m/s,雨時々止む,NULL,NULL,NULL,今日は準備中から降り出した雨は 時々雨止みも有ったが強く成ったりしながら、 沖上がり迄ほぼ雨降りの天気でした、 南西の風がやや強めに吹いていたので、 朝のうちに南沖のポイントまで走って、 移動は追い風での予定です。 最初のポイントはヒラメの型は出ましたが、 何だかごっついアタリが有って、 やり取りの末上がって来たのは6kgのマダイでした。 朝のポイント周辺はサイズ的にはマズマズの1㎏前後だが、 一流しに1枚釣れたり釣れなかったりで、 外道も小さいマハタが少しでしたので、 予定通り中盤にポイントを変えてみました、 ヒラメは相変わらずたまにポツリですが、 マハタはソコソコのお,26.0℃,NULL,chowari/第1二三丸
第1二三丸,片貝港,2026/09/15,1,0,マハタ,マハタ,サブ,マハタ,NULL,0.0,5.0,2.5,0,,,0.3,1.4,NULL,南沖,NULL,NULL,1,NULL,NULL,26.0,26.0,NULL,南南西,2.8m/s,中潮,東南東 1.1m/s,雨時々止む,NULL,NULL,NULL,今日は準備中から降り出した雨は 時々雨止みも有ったが強く成ったりしながら、 沖上がり迄ほぼ雨降りの天気でした、 南西の風がやや強めに吹いていたので、 朝のうちに南沖のポイントまで走って、 移動は追い風での予定です。 最初のポイントはヒラメの型は出ましたが、 何だかごっついアタリが有って、 やり取りの末上がって来たのは6kgのマダイでした。 朝のポイント周辺はサイズ的にはマズマズの1㎏前後だが、 一流しに1枚釣れたり釣れなかったりで、 外道も小さいマハタが少しでしたので、 予定通り中盤にポイントを変えてみました、 ヒラメは相変わらずたまにポツリですが、 マハタはソコソコのお,26.0℃,NULL,chowari/第1二三丸
第2美吉丸,洲崎,2026/09/01,1,0,カサゴ,カサゴ,メイン,カサゴ,NULL,10.0,15.0,12.5,0,20.0,30.0,,,NULL,千葉県 館山市 洲崎漁港,NULL,NULL,1,NULL,NULL,27.0,27.0,NULL,北東,4.6m/s,中潮,南南東 0.5m/s,晴れ後時々曇り,,NULL,NULL,カサゴ系活性ありポツポツ最後まで釣れました😊 混じりは少なかった…💦 お疲れ様でした🙇🏻,27.0℃,NULL,chowari/第2美吉丸
第2美吉丸,洲崎,2026/09/02,1,0,マダイ,マダイ,メイン,マダイ,NULL,1.0,3.0,2.0,0,,,0.8,2.9,NULL,千葉県 館山市 洲崎漁港,NULL,NULL,1,NULL,NULL,27.5,27.5,NULL,東南東,1.9m/s,中潮,南南東 0.5m/s,曇り時々晴れ,,NULL,NULL,中盤まであっちこっちへ💦 苦戦したが3名全員顔見れました😮‍💨 暑い中お疲れ様でした🙇🏻,27.5℃,NULL,chowari/第2美吉丸
第2美吉丸,洲崎,2026/09/11,1,0,カサゴ,カサゴ,メイン,カサゴ,NULL,4.0,8.0,6.0,0,20.0,30.0,,,NULL,千葉県 館山市 洲崎漁港,NULL,NULL,1,NULL,NULL,27.0,27.0,NULL,北北東,4.1m/s,大潮,南 0.7m/s,雨,,NULL,NULL,カサゴ系は活性あり最後まで ポツポツ釣れました😊 混じりは少なかった💦 雨の中お疲れ様でした🙇🏻,27.0℃,NULL,chowari/第2美吉丸
第2美吉丸,洲崎,2026/09/12,1,0,カサゴ,カサゴ,メイン,カサゴ,NULL,5.0,10.0,7.5,0,20.0,30.0,,,NULL,千葉県 館山市 洲崎漁港,NULL,NULL,1,NULL,NULL,25.8,25.8,NULL,北北東,5.7m/s,大潮,南 0.8m/s,曇り一時雨,,NULL,NULL,魚種多彩に終始ポツポツ 好調でした😊 雨の中お疲れ様でした🙇🏻,25.8℃,NULL,chowari/第2美吉丸
第2美吉丸,洲崎,2026/09/13,1,0,カサゴ,カサゴ,メイン,カサゴ,NULL,2.0,6.0,4.0,0,20.0,25.0,,,NULL,千葉県 館山市 洲崎漁港,NULL,NULL,1,NULL,NULL,25.3,25.3,NULL,北,4.4m/s,中潮,東南東 0.6m/s,曇りのち時々晴れ,,NULL,NULL,最後まで活性上がらず… 混じりも無く苦戦致しました💧 渋い中お疲れ様でした🙇🏻,25.3℃,NULL,chowari/第2美吉丸
第2美吉丸,洲崎,2026/09/14,1,0,オニカサゴ,オニカサゴ,メイン,オニカサゴ,NULL,3.0,3.0,3.0,0,,,0.5,1.5,NULL,千葉県 館山市 洲崎漁港,NULL,NULL,1,NULL,NULL,25.8,25.8,NULL,南西,4.6m/s,中潮,南東 0.6m/s,晴れ後時々曇り,,NULL,NULL,希望でオニへ 後半活性上がりバタバタと😊 小型リリースありがとうございました 暑い中お疲れ様でした🙇🏻,25.8℃,NULL,chowari/第2美吉丸
第三かりゆし丸,平塚港,2026/09/02,1,0,カマス,カマス,メイン,カマス,NULL,10.0,20.0,15.0,0,14.0,36.0,,,NULL,神奈川県 平塚市 平塚新港,NULL,NULL,1,NULL,NULL,27.6,27.6,NULL,南南東,1.3m/s,中潮,南南東 0.4m/s,曇り時々晴れ,サバ,NULL,NULL,本日もご乗船頂きありがとうございました😊今日はショートルアー1便のみの出船でした。朝イチはカマスからポツポツとアタリあり1時間程やりお土産確保したので次へ…鳥さんいっぱいでベイトもいるけど😅小サバだけでした😱シイラもペンペンいたとの事でしたが反応しなかったとの事😭最後のロックフィッシュもダメで時間となりました😫またお越し下さい☆明日のアマダイ募集してます♪是非お越し下さい。,27.6℃,NULL,chowari/第三かりゆし丸
第三かりゆし丸,平塚港,2026/09/02,1,0,サバ,サバ,サブ,サバ,NULL,5.0,12.0,8.5,0,13.0,20.0,,,NULL,神奈川県 平塚市 平塚新港,NULL,NULL,1,NULL,NULL,27.6,27.6,NULL,南南東,1.3m/s,中潮,南南東 0.4m/s,曇り時々晴れ,NULL,NULL,NULL,本日もご乗船頂きありがとうございました😊今日はショートルアー1便のみの出船でした。朝イチはカマスからポツポツとアタリあり1時間程やりお土産確保したので次へ…鳥さんいっぱいでベイトもいるけど😅小サバだけでした😱シイラもペンペンいたとの事でしたが反応しなかったとの事😭最後のロックフィッシュもダメで時間となりました😫またお越し下さい☆明日のアマダイ募集してます♪是非お越し下さい。,27.6℃,NULL,chowari/第三かりゆし丸
第三かりゆし丸,平塚港,2026/09/04,1,0,イナダ,イナダ,サブ,イナダ,NULL,3.0,3.0,3.0,0,32.0,36.0,,,NULL,神奈川県 平塚市 平塚新港,NULL,NULL,1,NULL,NULL,28.0,28.0,NULL,北,2.1m/s,小潮,南 0.6m/s,雨時々止む,NULL,NULL,NULL,本日もご乗船頂きありがとうございました😊今日はショートルアーで出船しました。今日は2便だったので気合い入れたのですが1便のキャンセル2名でお1人様に…😭それなのに寝坊したとの連絡😱落合さん頼みますますよー😩何とか7時には出船出来ました！2便に初めての方3人乗るとの事でカマスの反応探そうとしてると先輩の船からイナダの模様が…行き先変更し反応探し釣りはじめるとすぐにヒット✌️1時間程で13匹釣れたので2便の下見に🎣2便は練習がてらカマスから…反応有りすぐにヒットしましたねー！ダブル、トリプルもあり1時間程でお土産出来ました👍まだ釣れそうでしたが初めての方はやはり針取られまくるので仕掛けがあまり無いとの事で終了🥴落合,28.0℃,NULL,chowari/第三かりゆし丸
第三かりゆし丸,平塚港,2026/09/04,1,0,カマス,カマス,サブ,カマス,NULL,10.0,30.0,20.0,0,13.0,34.0,,,NULL,神奈川県 平塚市 平塚新港,NULL,NULL,1,NULL,NULL,28.0,28.0,NULL,北,2.1m/s,小潮,南 0.6m/s,雨時々止む,NULL,NULL,NULL,本日もご乗船頂きありがとうございました😊今日はショートルアーで出船しました。今日は2便だったので気合い入れたのですが1便のキャンセル2名でお1人様に…😭それなのに寝坊したとの連絡😱落合さん頼みますますよー😩何とか7時には出船出来ました！2便に初めての方3人乗るとの事でカマスの反応探そうとしてると先輩の船からイナダの模様が…行き先変更し反応探し釣りはじめるとすぐにヒット✌️1時間程で13匹釣れたので2便の下見に🎣2便は練習がてらカマスから…反応有りすぐにヒットしましたねー！ダブル、トリプルもあり1時間程でお土産出来ました👍まだ釣れそうでしたが初めての方はやはり針取られまくるので仕掛けがあまり無いとの事で終了🥴落合,28.0℃,NULL,chowari/第三かりゆし丸
第三かりゆし丸,平塚港,2026/09/04,1,0,ショゴ,カンパチ,サブ,ショゴ,NULL,4.0,4.0,4.0,0,23.0,28.0,,,NULL,神奈川県 平塚市 平塚新港,NULL,NULL,1,NULL,NULL,28.0,28.0,NULL,北,2.1m/s,小潮,南 0.6m/s,雨時々止む,NULL,NULL,NULL,本日もご乗船頂きありがとうございました😊今日はショートルアーで出船しました。今日は2便だったので気合い入れたのですが1便のキャンセル2名でお1人様に…😭それなのに寝坊したとの連絡😱落合さん頼みますますよー😩何とか7時には出船出来ました！2便に初めての方3人乗るとの事でカマスの反応探そうとしてると先輩の船からイナダの模様が…行き先変更し反応探し釣りはじめるとすぐにヒット✌️1時間程で13匹釣れたので2便の下見に🎣2便は練習がてらカマスから…反応有りすぐにヒットしましたねー！ダブル、トリプルもあり1時間程でお土産出来ました👍まだ釣れそうでしたが初めての方はやはり針取られまくるので仕掛けがあまり無いとの事で終了🥴落合,28.0℃,NULL,chowari/第三かりゆし丸
第三かりゆし丸,平塚港,2026/09/05,1,0,アジ,アジ,サブ,アジ,NULL,0.0,3.0,1.5,0,34.0,40.0,,,NULL,神奈川県 平塚市 平塚新港,NULL,NULL,1,NULL,NULL,27.7,27.7,NULL,北東,3.0m/s,小潮,南 0.6m/s,曇り,NULL,NULL,NULL,本日もご乗船頂きありがとうございました😊今日は落とし込みのはずが…ルアー主体になったので狙いを変更してイナダ、カマス狙いに🥴朝イチは昨日良かった場所からやりましたが顔見ただけで全然ダメ😭諦めてカマスへgo→ポイント着くとすぐにダブル、トリプルとアタリあり1時間程やりお土産になったし仕掛けが無くなるので終了😁イナダ探してウロウロと…ショゴ、サワラ、シイラ釣れるが後が無くウロウロと😅ベイトの下にニョロニョロ有りやると、すぐにアタリが有り3人ヒット✌️全部イナダでした🤩その後も5回連続で釣る方も居て何とか1日遊べました🥴朝の雨無ければもっと良かったねー！またお越し下さい☆来週のショートルアーも楽しみですねー🎣サ,27.7℃,NULL,chowari/第三かりゆし丸
第三かりゆし丸,平塚港,2026/09/05,1,0,イナダ,イナダ,メイン,イナダ,NULL,1.0,7.0,4.0,0,36.0,45.0,,,NULL,神奈川県 平塚市 平塚新港,NULL,NULL,1,NULL,NULL,27.7,27.7,NULL,北東,3.0m/s,小潮,南 0.6m/s,曇り,アジ・カマス・サワラ・ショゴ,NULL,NULL,本日もご乗船頂きありがとうございました😊今日は落とし込みのはずが…ルアー主体になったので狙いを変更してイナダ、カマス狙いに🥴朝イチは昨日良かった場所からやりましたが顔見ただけで全然ダメ😭諦めてカマスへgo→ポイント着くとすぐにダブル、トリプルとアタリあり1時間程やりお土産になったし仕掛けが無くなるので終了😁イナダ探してウロウロと…ショゴ、サワラ、シイラ釣れるが後が無くウロウロと😅ベイトの下にニョロニョロ有りやると、すぐにアタリが有り3人ヒット✌️全部イナダでした🤩その後も5回連続で釣る方も居て何とか1日遊べました🥴朝の雨無ければもっと良かったねー！またお越し下さい☆来週のショートルアーも楽しみですねー🎣サ,27.7℃,NULL,chowari/第三かりゆし丸
第三かりゆし丸,平塚港,2026/09/05,1,0,カマス,カマス,サブ,カマス,NULL,10.0,35.0,22.5,0,13.0,36.0,,,NULL,神奈川県 平塚市 平塚新港,NULL,NULL,1,NULL,NULL,27.7,27.7,NULL,北東,3.0m/s,小潮,南 0.6m/s,曇り,NULL,NULL,NULL,本日もご乗船頂きありがとうございました😊今日は落とし込みのはずが…ルアー主体になったので狙いを変更してイナダ、カマス狙いに🥴朝イチは昨日良かった場所からやりましたが顔見ただけで全然ダメ😭諦めてカマスへgo→ポイント着くとすぐにダブル、トリプルとアタリあり1時間程やりお土産になったし仕掛けが無くなるので終了😁イナダ探してウロウロと…ショゴ、サワラ、シイラ釣れるが後が無くウロウロと😅ベイトの下にニョロニョロ有りやると、すぐにアタリが有り3人ヒット✌️全部イナダでした🤩その後も5回連続で釣る方も居て何とか1日遊べました🥴朝の雨無ければもっと良かったねー！またお越し下さい☆来週のショートルアーも楽しみですねー🎣サ,27.7℃,NULL,chowari/第三かりゆし丸
第三かりゆし丸,平塚港,2026/09/05,1,0,サワラ,サワラ,サブ,サワラ,NULL,1.0,1.0,1.0,0,70.0,70.0,,,NULL,神奈川県 平塚市 平塚新港,NULL,NULL,1,NULL,NULL,27.7,27.7,NULL,北東,3.0m/s,小潮,南 0.6m/s,曇り,NULL,NULL,NULL,本日もご乗船頂きありがとうございました😊今日は落とし込みのはずが…ルアー主体になったので狙いを変更してイナダ、カマス狙いに🥴朝イチは昨日良かった場所からやりましたが顔見ただけで全然ダメ😭諦めてカマスへgo→ポイント着くとすぐにダブル、トリプルとアタリあり1時間程やりお土産になったし仕掛けが無くなるので終了😁イナダ探してウロウロと…ショゴ、サワラ、シイラ釣れるが後が無くウロウロと😅ベイトの下にニョロニョロ有りやると、すぐにアタリが有り3人ヒット✌️全部イナダでした🤩その後も5回連続で釣る方も居て何とか1日遊べました🥴朝の雨無ければもっと良かったねー！またお越し下さい☆来週のショートルアーも楽しみですねー🎣サ,27.7℃,NULL,chowari/第三かりゆし丸
第三かりゆし丸,平塚港,2026/09/05,1,0,ショゴ,カンパチ,サブ,ショゴ,NULL,0.0,3.0,1.5,0,25.0,32.0,,,NULL,神奈川県 平塚市 平塚新港,NULL,NULL,1,NULL,NULL,27.7,27.7,NULL,北東,3.0m/s,小潮,南 0.6m/s,曇り,NULL,NULL,NULL,本日もご乗船頂きありがとうございました😊今日は落とし込みのはずが…ルアー主体になったので狙いを変更してイナダ、カマス狙いに🥴朝イチは昨日良かった場所からやりましたが顔見ただけで全然ダメ😭諦めてカマスへgo→ポイント着くとすぐにダブル、トリプルとアタリあり1時間程やりお土産になったし仕掛けが無くなるので終了😁イナダ探してウロウロと…ショゴ、サワラ、シイラ釣れるが後が無くウロウロと😅ベイトの下にニョロニョロ有りやると、すぐにアタリが有り3人ヒット✌️全部イナダでした🤩その後も5回連続で釣る方も居て何とか1日遊べました🥴朝の雨無ければもっと良かったねー！またお越し下さい☆来週のショートルアーも楽しみですねー🎣サ,27.7℃,NULL,chowari/第三かりゆし丸
第三かりゆし丸,平塚港,2026/09/06,1,0,アジ,アジ,サブ,アジ,NULL,1.0,5.0,3.0,0,36.0,40.0,,,NULL,神奈川県 平塚市 平塚新港,NULL,NULL,1,NULL,NULL,27.6,27.6,NULL,北,6.7m/s,長潮,南東 0.7m/s,雨,NULL,NULL,NULL,本日もご乗船頂きありがとうございました😊今日はLT五目で出船しました。悪天候の為にオススメしなかったのですが😅行きたいとの事で出船→やはり朝から雨☂️ポイント着くと早めにイシダイgetその後も少しすると同じ方にイシダイとショゴ🎣調子良いのかと思いましたがその後アタリ無く移動→風も段々と強くなりアタリが少ない中にアジ😭雨め強くなり風もビュービュー💨やはり寒かったらしいです😱時間より少し早く上がりましたが頑張って頂きありがとうございました😊またお越し下さい☆チャレンジャーお待ちしてます♪,27.6℃,NULL,chowari/第三かりゆし丸
第三かりゆし丸,平塚港,2026/09/06,1,0,イシダイ,イシダイ,メイン,イシダイ,NULL,2.0,2.0,2.0,0,,,0.5,0.7,NULL,神奈川県 平塚市 平塚新港,NULL,NULL,1,NULL,NULL,27.6,27.6,NULL,北,6.7m/s,長潮,南東 0.7m/s,雨,アジ・イトヨリダイ・ショゴ・ハナダイ,NULL,NULL,本日もご乗船頂きありがとうございました😊今日はLT五目で出船しました。悪天候の為にオススメしなかったのですが😅行きたいとの事で出船→やはり朝から雨☂️ポイント着くと早めにイシダイgetその後も少しすると同じ方にイシダイとショゴ🎣調子良いのかと思いましたがその後アタリ無く移動→風も段々と強くなりアタリが少ない中にアジ😭雨め強くなり風もビュービュー💨やはり寒かったらしいです😱時間より少し早く上がりましたが頑張って頂きありがとうございました😊またお越し下さい☆チャレンジャーお待ちしてます♪,27.6℃,NULL,chowari/第三かりゆし丸
第三かりゆし丸,平塚港,2026/09/06,1,0,イトヨリダイ,イトヨリ,サブ,イトヨリダイ,NULL,1.0,1.0,1.0,0,30.0,30.0,,,NULL,神奈川県 平塚市 平塚新港,NULL,NULL,1,NULL,NULL,27.6,27.6,NULL,北,6.7m/s,長潮,南東 0.7m/s,雨,NULL,NULL,NULL,本日もご乗船頂きありがとうございました😊今日はLT五目で出船しました。悪天候の為にオススメしなかったのですが😅行きたいとの事で出船→やはり朝から雨☂️ポイント着くと早めにイシダイgetその後も少しすると同じ方にイシダイとショゴ🎣調子良いのかと思いましたがその後アタリ無く移動→風も段々と強くなりアタリが少ない中にアジ😭雨め強くなり風もビュービュー💨やはり寒かったらしいです😱時間より少し早く上がりましたが頑張って頂きありがとうございました😊またお越し下さい☆チャレンジャーお待ちしてます♪,27.6℃,NULL,chowari/第三かりゆし丸
第三かりゆし丸,平塚港,2026/09/06,1,0,ショゴ,カンパチ,サブ,ショゴ,NULL,1.0,1.0,1.0,0,25.0,25.0,,,NULL,神奈川県 平塚市 平塚新港,NULL,NULL,1,NULL,NULL,27.6,27.6,NULL,北,6.7m/s,長潮,南東 0.7m/s,雨,NULL,NULL,NULL,本日もご乗船頂きありがとうございました😊今日はLT五目で出船しました。悪天候の為にオススメしなかったのですが😅行きたいとの事で出船→やはり朝から雨☂️ポイント着くと早めにイシダイgetその後も少しすると同じ方にイシダイとショゴ🎣調子良いのかと思いましたがその後アタリ無く移動→風も段々と強くなりアタリが少ない中にアジ😭雨め強くなり風もビュービュー💨やはり寒かったらしいです😱時間より少し早く上がりましたが頑張って頂きありがとうございました😊またお越し下さい☆チャレンジャーお待ちしてます♪,27.6℃,NULL,chowari/第三かりゆし丸
第三かりゆし丸,平塚港,2026/09/06,1,0,ハナダイ,ハナダイ,サブ,ハナダイ,NULL,1.0,1.0,1.0,0,,,0.5,0.5,NULL,神奈川県 平塚市 平塚新港,NULL,NULL,1,NULL,NULL,27.6,27.6,NULL,北,6.7m/s,長潮,南東 0.7m/s,雨,NULL,NULL,NULL,本日もご乗船頂きありがとうございました😊今日はLT五目で出船しました。悪天候の為にオススメしなかったのですが😅行きたいとの事で出船→やはり朝から雨☂️ポイント着くと早めにイシダイgetその後も少しすると同じ方にイシダイとショゴ🎣調子良いのかと思いましたがその後アタリ無く移動→風も段々と強くなりアタリが少ない中にアジ😭雨め強くなり風もビュービュー💨やはり寒かったらしいです😱時間より少し早く上がりましたが頑張って頂きありがとうございました😊またお越し下さい☆チャレンジャーお待ちしてます♪,27.6℃,NULL,chowari/第三かりゆし丸
第三孝徳丸,片貝港,2026/09/12,1,0,ヒラメ,ヒラメ,メイン,ヒラメ,NULL,0.0,3.0,1.5,0,,,0.7,3.5,NULL,千葉県 山武市 片貝旧港,NULL,NULL,1,NULL,NULL,26.8,26.8,NULL,北北東,2.7m/s,大潮,東南東 0.8m/s,曇り,,NULL,NULL,今日は久しぶりにヒラメで出船、ここのところ予報が悪く出船出来ずやっと出れました、釣果の方は厭きない程度に釣れてる様な感じで3.5㎏を筆頭に竿頭3匹で坊主の人もいました、皆さん雨の降る中頑張って頂きどうも有り難う御座いましたまた宜しくお願いします。・9月13日（日）ひらめで出船予定。（まだ2人です。）・19日（土）ヒラメで出船予定。・20日（日）ヒラメで出船予定。・26日（土）ヒラメで出船予定。・11月1日（日）花鯛貸し切り船で他の曜日も予約が入ればヒラメ・花鯛どちらでも出船しますので問い合わせお願いします。（9月21～23日の連休はまだ予約が入ってません、宜しくお願いします。）,26.8℃,NULL,chowari/第三孝徳丸
第二つれたか丸,那珂湊港,2026/09/01,1,0,マダイ,マダイ,メイン,マダイ,NULL,1.0,5.0,3.0,0,25.0,50.0,,,NULL,茨城県 ひたちなか市 那珂湊港,NULL,NULL,1,NULL,NULL,25.1,25.1,NULL,北東,3.8m/s,中潮,東 1.4m/s,曇り,,NULL,NULL,土曜日からバッテリー関係でトラブルあり出船できておりませんでしたが、本日船治りました。 ご迷惑をおかけしてしまい大変申し訳ございません🙇‍♂️ 土曜日午前来ていただいた方は次回大幅割引させていただきます🙇‍♂️ バッテリー新品に取り替え心配なく出船できますので、明日から予約再開いたします。 明日、出船確定となっております。 午前マダイ狙いの五目、夜イカで募集させていただきます。 ご予約お待ちしております。,25.1℃,NULL,chowari/第二つれたか丸
第二つれたか丸,那珂湊港,2026/09/02,1,0,アジ,アジ,サブ,アジ,NULL,28.0,50.0,39.0,0,15.0,40.0,,,NULL,茨城県 ひたちなか市 那珂湊港,NULL,NULL,1,NULL,NULL,25.0,25.0,NULL,南,1.3m/s,中潮,東 1.2m/s,曇り,NULL,NULL,NULL,船修理無事終わり、久々の出船でした。 朝一のアジは好釣でTOP50匹‼️ 朝一は小型多かったですが、日が登ってからはアベレージで尺！ アジは調子良かったです。 その後、マダイ狙いへ。 が、終始無風で船流れず苦戦しました。 皆様頑張って釣ってくださり、タイラバ、テンヤでどうにか全員安打でした♪ タコもぼちぼち再開したいと思っております。 3人以上で出船しますので、お気軽にご予約ください♪,25.0℃,NULL,chowari/第二つれたか丸
第二つれたか丸,那珂湊港,2026/09/02,1,0,マダイ,マダイ,メイン,マダイ,NULL,1.0,3.0,2.0,0,15.0,45.0,,,NULL,茨城県 ひたちなか市 那珂湊港,NULL,NULL,1,NULL,NULL,25.0,25.0,NULL,南,1.3m/s,中潮,東 1.2m/s,曇り,アジ,NULL,NULL,船修理無事終わり、久々の出船でした。 朝一のアジは好釣でTOP50匹‼️ 朝一は小型多かったですが、日が登ってからはアベレージで尺！ アジは調子良かったです。 その後、マダイ狙いへ。 が、終始無風で船流れず苦戦しました。 皆様頑張って釣ってくださり、タイラバ、テンヤでどうにか全員安打でした♪ タコもぼちぼち再開したいと思っております。 3人以上で出船しますので、お気軽にご予約ください♪,25.0℃,NULL,chowari/第二つれたか丸
第二つれたか丸,那珂湊港,2026/09/03,1,0,アジ,アジ,メイン,アジ,NULL,25.0,50.0,37.5,0,20.0,40.0,,,NULL,茨城県 ひたちなか市 那珂湊港,NULL,NULL,1,NULL,NULL,25.1,25.1,NULL,南西,1.1m/s,小潮,東 1.0m/s,雨時々止む,,NULL,NULL,本日メンテナンスで出船しませんでした。 今週より、タコスタートしようと思います！ 今後はタコとマダイ五目をメインに募集します🙆‍♂️ 朝のアジはちゃんと数釣れており、今がチャンスですね。 マダイも上手くハメれば数取れます♪,25.1℃,NULL,chowari/第二つれたか丸
第二つれたか丸,那珂湊港,2026/09/04,1,0,アジ,アジ,メイン,アジ,NULL,25.0,50.0,37.5,0,20.0,35.0,,,NULL,茨城県 ひたちなか市 那珂湊港,NULL,NULL,1,NULL,NULL,25.2,25.2,NULL,東南東,2.3m/s,小潮,東 0.8m/s,曇りのち一時雨,,NULL,NULL,本日メンテナンスで出船しませんでした。 明日は出船予定ですが、昼前から風が吹く予報なのでショート便となります。 朝アジやってからマダイ狙いに行きます。 4:00～風が吹き出すまで。 終了8:00～9:00で考えております。 料金7000円になります。 まだ空きありますのでご予約お待ちしております。,25.2℃,NULL,chowari/第二つれたか丸
第二つれたか丸,那珂湊港,2026/09/05,1,0,アジ,アジ,メイン,アジ,NULL,15.0,36.0,25.5,0,25.0,40.0,,,NULL,茨城県 ひたちなか市 那珂湊港,NULL,NULL,1,NULL,NULL,24.9,24.9,NULL,東北東,6.3m/s,小潮,東 1.2m/s,曇り,,NULL,NULL,予報悪くショート便での出航でした♪ 朝一アジ日が登ってから調子良く、時合い時は尺アジ入れ食いでした♪ サビキ、バチコン共調子よかったです♪ マダイは魚探反応多く数入ったますが、小さいアタリが多く掛けるのに苦戦しましたね どうにか顔は見れました 明日明後日は海荒れる予報なので、火曜日から出船できそうです。 マダコで出たいですね。 ご予約お待ちしております。,24.9℃,NULL,chowari/第二つれたか丸
第二つれたか丸,那珂湊港,2026/09/10,1,0,マダコ,マダコ,メイン,マダコ,NULL,5.0,10.0,7.5,0,,,0.5,1.0,NULL,茨城県 ひたちなか市 那珂湊港,NULL,NULL,1,NULL,NULL,24.7,24.7,NULL,北,5.6m/s,大潮,東北東 1.1m/s,雨のち曇り,,NULL,NULL,ずっと荒れっぱなしでしばらく出れずにおりましたが、明日から五目で出船します。 9月から4:30集合でお願いします！ 朝のアジが残ってるといいです。 また、タコが釣れ始めましたためタコでも出たいですね。 タコであれば人少なくても船を出せるので、ご予約お待ちしております♪,24.7℃,NULL,chowari/第二つれたか丸
第二つれたか丸,那珂湊港,2026/09/12,1,0,アジ,アジ,メイン,アジ,NULL,5.0,15.0,10.0,0,15.0,40.0,,,NULL,茨城県 ひたちなか市 那珂湊港,NULL,NULL,1,NULL,NULL,24.3,24.3,濁り,北東,4.1m/s,大潮,東 1.0m/s,曇り,マダイ,NULL,NULL,本日久々の出船でした。 天候、トラブル等でなかなか出れずにご迷惑をおかけしてしまい申し訳ございません🙇‍♂️ 朝のアジは濁りと底荒れで苦戦しましたが、ワームつけてた方がどうにか2桁釣れました。 マダイは反応あるもなかなか口使わず、どうにか顔は見れましたが苦戦しました。 根魚、ヒラメ、青物と五目釣りでしたね。 明日もテンヤ五目で出船します。 まだ空きあるのでご予約お待ちしております。 ※9月より、4:30集合でお願いいたします！,24.3℃,NULL,chowari/第二つれたか丸
第二つれたか丸,那珂湊港,2026/09/12,1,0,マダイ,マダイ,サブ,マダイ,NULL,0.0,2.0,1.0,0,30.0,45.0,,,NULL,茨城県 ひたちなか市 那珂湊港,NULL,NULL,1,NULL,NULL,24.3,24.3,濁り,北東,4.1m/s,大潮,東 1.0m/s,曇り,NULL,NULL,NULL,本日久々の出船でした。 天候、トラブル等でなかなか出れずにご迷惑をおかけしてしまい申し訳ございません🙇‍♂️ 朝のアジは濁りと底荒れで苦戦しましたが、ワームつけてた方がどうにか2桁釣れました。 マダイは反応あるもなかなか口使わず、どうにか顔は見れましたが苦戦しました。 根魚、ヒラメ、青物と五目釣りでしたね。 明日もテンヤ五目で出船します。 まだ空きあるのでご予約お待ちしております。 ※9月より、4:30集合でお願いいたします！,24.3℃,NULL,chowari/第二つれたか丸
第二つれたか丸,那珂湊港,2026/09/13,1,0,アジ,アジ,メイン,アジ,NULL,0.0,15.0,7.5,0,15.0,35.0,,,NULL,茨城県 ひたちなか市 那珂湊港,NULL,NULL,1,NULL,NULL,23.9,23.9,濁り,北北東,4.8m/s,中潮,東 1.2m/s,曇り,マダイ,NULL,NULL,朝のアジは久々の不調💦 どちゃ濁りでアジ場は壊滅でした💦 風吹き続けたらづらい海でしたが、SLJの方がどうにかマダイの顔見せてくれました その他ヒラメ、マハタ、青物、根魚の五目釣りでした。 明日はマダコ、明後日は五目で出船します。,23.9℃,NULL,chowari/第二つれたか丸
第二つれたか丸,那珂湊港,2026/09/13,1,0,マダイ,マダイ,サブ,マダイ,NULL,0.0,2.0,1.0,0,20.0,50.0,,,NULL,茨城県 ひたちなか市 那珂湊港,NULL,NULL,1,NULL,NULL,23.9,23.9,濁り,北北東,4.8m/s,中潮,東 1.2m/s,曇り,NULL,NULL,NULL,朝のアジは久々の不調💦 どちゃ濁りでアジ場は壊滅でした💦 風吹き続けたらづらい海でしたが、SLJの方がどうにかマダイの顔見せてくれました その他ヒラメ、マハタ、青物、根魚の五目釣りでした。 明日はマダコ、明後日は五目で出船します。,23.9℃,NULL,chowari/第二つれたか丸
第二つれたか丸,那珂湊港,2026/09/14,1,0,マダコ,マダコ,メイン,マダコ,NULL,2.0,17.0,9.5,0,,,0.3,1.0,NULL,茨城県 ひたちなか市 那珂湊港,NULL,NULL,1,NULL,NULL,23.9,23.9,NULL,南南西,3.7m/s,中潮,東 1.0m/s,晴れ後時々曇り,,NULL,NULL,竿頭17杯‼️ 久々のタコ便でした♪ つ抜け3名😍 朝のうちにまとまって釣れ、後半はポツポツ釣れ続きました。 朝のアジも戻ってきました♪ 現在9月で予定ある日は全てタコ埋まってしまってます💦 ご予約の際はお早めにお願いします🙏 また、朝のアジがタコ場になりますので五目の便でもタコの道具持ってきてもらってもOKです🙆‍♂️,23.9℃,NULL,chowari/第二つれたか丸
第二つれたか丸,那珂湊港,2026/09/15,1,0,アジ,アジ,メイン,アジ,NULL,15.0,30.0,22.5,0,15.0,35.0,,,NULL,茨城県 ひたちなか市 那珂湊港,NULL,NULL,1,NULL,NULL,23.8,23.8,NULL,東北東,2.6m/s,中潮,東 1.2m/s,雨時々止む,マダコ,NULL,NULL,朝は天国、後半激渋。そんな便でした💦 朝一のアジは見たことないほどの反応で、平均サイズ大きく長い時間釣れ続けてくれました♪ アジに飽きたらタコでも🙆‍♂️ 短時間でサクッと三杯でした♪ しかし予報よりかなら早めに風が吹いてしまいザブザブの海 超釣りづらい中、皆さん頑張ってもらいました😭 この荒れ具合だとしばらく出れそうにないですね💦 今のタコは荒れてても釣れるみたいです 来週前半は五目で出ます。 後半はタコで出たいですね,23.8℃,NULL,chowari/第二つれたか丸
第二つれたか丸,那珂湊港,2026/09/15,1,0,マダコ,マダコ,サブ,マダコ,NULL,0.0,3.0,1.5,0,,,0.3,1.0,NULL,茨城県 ひたちなか市 那珂湊港,NULL,NULL,1,NULL,NULL,23.8,23.8,NULL,東北東,2.6m/s,中潮,東 1.2m/s,雨時々止む,NULL,NULL,NULL,朝は天国、後半激渋。そんな便でした💦 朝一のアジは見たことないほどの反応で、平均サイズ大きく長い時間釣れ続けてくれました♪ アジに飽きたらタコでも🙆‍♂️ 短時間でサクッと三杯でした♪ しかし予報よりかなら早めに風が吹いてしまいザブザブの海 超釣りづらい中、皆さん頑張ってもらいました😭 この荒れ具合だとしばらく出れそうにないですね💦 今のタコは荒れてても釣れるみたいです 来週前半は五目で出ます。 後半はタコで出たいですね,23.8℃,NULL,chowari/第二つれたか丸
第二海神丸,会瀬漁港,2026/09/03,1,0,ヒラメ,ヒラメ,メイン,ヒラメ,NULL,,,,0,,,,,NULL,茨城県 日立市 会瀬漁港,NULL,NULL,1,NULL,NULL,25.1,25.1,NULL,南西,1.5m/s,小潮,東 0.9m/s,雨時々止む,,NULL,NULL,ヒラメが釣れました。,25.1℃,NULL,chowari/第二海神丸
第二海神丸,会瀬漁港,2026/09/05,1,0,ヒラメ,ヒラメ,メイン,ヒラメ,NULL,,,,0,,,,,NULL,茨城県 日立市 会瀬漁港,NULL,NULL,1,NULL,NULL,24.9,24.9,NULL,東北東,3.8m/s,小潮,東南東 0.9m/s,曇り,,NULL,NULL,ヒラメが釣れました。,24.9℃,NULL,chowari/第二海神丸
第二海神丸,会瀬漁港,2026/09/12,1,0,ヒラメ,ヒラメ,メイン,ヒラメ,NULL,,,,0,,,,,NULL,茨城県 日立市 会瀬漁港,NULL,NULL,1,NULL,NULL,24.3,24.3,NULL,北東,2.7m/s,大潮,東 0.8m/s,曇り,,NULL,NULL,ヒラメが釣れました。,24.3℃,NULL,chowari/第二海神丸
第二海神丸,会瀬漁港,2026/09/13,1,0,ヒラメ,ヒラメ,メイン,ヒラメ,NULL,,,,0,,,,,NULL,茨城県 日立市 会瀬漁港,NULL,NULL,1,NULL,NULL,23.9,23.9,NULL,北東,3.1m/s,中潮,東 1.1m/s,曇り,,NULL,NULL,ヒラメが釣れました。,23.9℃,NULL,chowari/第二海神丸
第六隆栄丸,平潟,2026/09/12,1,0,アマダイ,アマダイ,メイン,アマダイ,NULL,0.0,4.0,2.0,0,,,,,NULL,茨城県 北茨城市 平潟港,NULL,NULL,1,NULL,NULL,23.1,23.1,NULL,東北東,2.9m/s,大潮,東 0.9m/s,曇り,オニカサゴ・ホウボウ・マアジ・ムシガレイ・メバル,NULL,NULL,本日は、アマダイ五目で出船しました。 多彩に釣れました。,23.1℃,NULL,chowari/第六隆栄丸
第六隆栄丸,平潟,2026/09/12,1,0,オニカサゴ,オニカサゴ,サブ,オニカサゴ,NULL,,,,0,,,,,NULL,茨城県 北茨城市 平潟港,NULL,NULL,1,NULL,NULL,23.1,23.1,NULL,東北東,2.9m/s,大潮,東 0.9m/s,曇り,NULL,NULL,NULL,本日は、アマダイ五目で出船しました。 多彩に釣れました。,23.1℃,NULL,chowari/第六隆栄丸
第六隆栄丸,平潟,2026/09/12,1,0,ホウボウ,ホウボウ,サブ,ホウボウ,NULL,21.0,21.0,21.0,0,,,,,NULL,茨城県 北茨城市 平潟港,NULL,NULL,1,NULL,NULL,23.1,23.1,NULL,東北東,2.9m/s,大潮,東 0.9m/s,曇り,NULL,NULL,NULL,本日は、アマダイ五目で出船しました。 多彩に釣れました。,23.1℃,NULL,chowari/第六隆栄丸
第六隆栄丸,平潟,2026/09/12,1,0,マアジ,アジ,サブ,マアジ,NULL,,,,0,,,,,NULL,茨城県 北茨城市 平潟港,NULL,NULL,1,NULL,NULL,23.1,23.1,NULL,東北東,2.9m/s,大潮,東 0.9m/s,曇り,NULL,NULL,NULL,本日は、アマダイ五目で出船しました。 多彩に釣れました。,23.1℃,NULL,chowari/第六隆栄丸
第六隆栄丸,平潟,2026/09/12,1,0,ムシガレイ,カレイ,サブ,ムシガレイ,NULL,,,,0,,,,,NULL,茨城県 北茨城市 平潟港,NULL,NULL,1,NULL,NULL,23.1,23.1,NULL,東北東,2.9m/s,大潮,東 0.9m/s,曇り,NULL,NULL,NULL,本日は、アマダイ五目で出船しました。 多彩に釣れました。,23.1℃,NULL,chowari/第六隆栄丸
第六隆栄丸,平潟,2026/09/12,1,0,メバル,メバル,サブ,メバル,NULL,,,,0,,,,,NULL,茨城県 北茨城市 平潟港,NULL,NULL,1,NULL,NULL,23.1,23.1,NULL,東北東,2.9m/s,大潮,東 0.9m/s,曇り,NULL,NULL,NULL,本日は、アマダイ五目で出船しました。 多彩に釣れました。,23.1℃,NULL,chowari/第六隆栄丸
第六隆栄丸,平潟,2026/09/13,1,0,アカムツ,アカムツ,メイン,アカムツ,NULL,0.0,3.0,1.5,0,20.0,35.0,,,NULL,茨城県 北茨城市 平潟港,NULL,NULL,1,NULL,NULL,22.8,22.8,NULL,北北東,2.7m/s,中潮・潮が速,東 1.1m/s,曇り,,NULL,NULL,本日はアカムツ五目で出船しました。 潮が速く苦戦しました・・・。大型は釣れませんでした。,22.8℃,NULL,chowari/第六隆栄丸
第十五祥運丸,静浦漁港,2026/09/01,1,0,タチウオ,タチウオ,メイン,タチウオ,NULL,28.0,28.0,28.0,0,,,,,NULL,静岡県 沼津市 静浦漁港,NULL,NULL,1,NULL,NULL,26.8,26.8,NULL,東南東,2.0m/s,中潮,南西 0.2m/s,晴れ後時々曇り,,NULL,NULL,3本半指-2本半cm。波の高さ、0.5m。夜釣り。潮回りが悪いのか、明るいうちは数本しかあがりませんでした。暗くなってから納竿までポツリポツリとあがってお土産になりました。,26.8℃,NULL,chowari/第十五祥運丸
第十五祥運丸,静浦漁港,2026/09/04,1,0,タチウオ,タチウオ,メイン,タチウオ,NULL,21.0,21.0,21.0,0,,,,,NULL,静岡県 沼津市 静浦漁港,NULL,NULL,1,NULL,NULL,27.5,27.5,NULL,北西,0.6m/s,小潮,南南西 0.2m/s,曇りのち一時雨,,NULL,NULL,3本半指-2本指幅cm。波の高さ、0.5m。夜釣り。明るいうちは当たりがあっても掛かりが悪かったです。暗くなってからベイトを食って上に浮いた魚が多く見られ、浅いタナでも釣れました。浮いた魚が見られなくなってからは納竿までポツリポツリでした。,27.5℃,NULL,chowari/第十五祥運丸
第十五祥運丸,静浦漁港,2026/09/05,1,0,タチウオ,タチウオ,メイン,タチウオ,NULL,20.0,20.0,20.0,0,,,,,NULL,静岡県 沼津市 静浦漁港,NULL,NULL,1,NULL,NULL,27.3,27.3,NULL,東北東,1.9m/s,小潮,南南西 0.3m/s,曇り,,NULL,NULL,3本半指-2本半指cm。波の高さ0.5。夜釣り。食い渋いながらも、なんとか太刀魚釣りになる釣果でした。ベイトが浮いて、水面でベイトを太刀魚が食っているのに、餌には食いつかず難しい晩でした。潮回りが変わればまた食いだしそうと思います。,27.3℃,NULL,chowari/第十五祥運丸
米丸,南伊豆町手石港,2026/09/03,1,0,スルメ,スルメイカ,メイン,スルメ,NULL,,,,0,,,,,NULL,静岡県 賀茂郡南伊豆町 手石港,NULL,NULL,1,NULL,NULL,27.6,27.6,NULL,西,1.5m/s,小潮,南東 1.0m/s,曇りのち一時雨,,NULL,NULL,あー久しぶりにスルメ釣れたなぁって感じの一日でした。少し続いたら良いのになぁ。今日お疲れ様でした。,27.6℃,NULL,chowari/米丸
米丸,南伊豆町手石港,2026/09/14,1,0,スルメ,スルメイカ,メイン,スルメ,NULL,41.0,84.0,62.5,0,,,,,NULL,静岡県 賀茂郡南伊豆町 手石港,NULL,NULL,1,NULL,NULL,26.5,26.5,NULL,南西,1.4m/s,中潮,東南東 0.9m/s,晴れ後時々曇り,,NULL,NULL,ガラ空き出船反応少な目でしたが一日ぼちぼち乗りましたね。,26.5℃,NULL,chowari/米丸
義丸（大原）,大原港,2026/09/05,1,0,イサキ,イサキ,サブ,イサキ,NULL,,,,0,,,,,NULL,千葉県 いすみ市 大原港,NULL,NULL,1,NULL,NULL,28.3,28.3,NULL,東北東,2.3m/s,小潮,東南東 1.3m/s,曇り,NULL,NULL,NULL,午後マダイ、開始から終わりまで型がありました。 中鯛もGETできました〜！！ タイが良い感じで釣れているので出船したいです！！ 午前午後どちらでもOK^_^ まずはお問い合わせください♪ 次回の出船確定日は9/13（日）、午前9/14（月）午前、9/19（土）午前で確定してます！,28.3℃,NULL,chowari/義丸（大原）
義丸（大原）,大原港,2026/09/05,1,0,ショウサイフグ,ショウサイフグ,サブ,ショウサイフグ,NULL,,,,0,,,,,NULL,千葉県 いすみ市 大原港,NULL,NULL,1,NULL,NULL,28.3,28.3,NULL,東北東,2.3m/s,小潮,東南東 1.3m/s,曇り,NULL,NULL,NULL,午後マダイ、開始から終わりまで型がありました。 中鯛もGETできました〜！！ タイが良い感じで釣れているので出船したいです！！ 午前午後どちらでもOK^_^ まずはお問い合わせください♪ 次回の出船確定日は9/13（日）、午前9/14（月）午前、9/19（土）午前で確定してます！,28.3℃,NULL,chowari/義丸（大原）
義丸（大原）,大原港,2026/09/05,1,0,マダイ,マダイ,メイン,マダイ,NULL,,,,0,,,,,NULL,千葉県 いすみ市 大原港,NULL,NULL,1,NULL,NULL,28.3,28.3,NULL,東北東,2.3m/s,小潮,東南東 1.3m/s,曇り,イサキ・ショウサイフグ・マハタ・メイチダイ,NULL,NULL,午後マダイ、開始から終わりまで型がありました。 中鯛もGETできました〜！！ タイが良い感じで釣れているので出船したいです！！ 午前午後どちらでもOK^_^ まずはお問い合わせください♪ 次回の出船確定日は9/13（日）、午前9/14（月）午前、9/19（土）午前で確定してます！,28.3℃,NULL,chowari/義丸（大原）
義丸（大原）,大原港,2026/09/05,1,0,マハタ,マハタ,サブ,マハタ,NULL,,,,0,,,,,NULL,千葉県 いすみ市 大原港,NULL,NULL,1,NULL,NULL,28.3,28.3,NULL,東北東,2.3m/s,小潮,東南東 1.3m/s,曇り,NULL,NULL,NULL,午後マダイ、開始から終わりまで型がありました。 中鯛もGETできました〜！！ タイが良い感じで釣れているので出船したいです！！ 午前午後どちらでもOK^_^ まずはお問い合わせください♪ 次回の出船確定日は9/13（日）、午前9/14（月）午前、9/19（土）午前で確定してます！,28.3℃,NULL,chowari/義丸（大原）
義丸（大原）,大原港,2026/09/05,1,0,メイチダイ,NULL,サブ,メイチダイ,NULL,,,,0,,,,,NULL,千葉県 いすみ市 大原港,NULL,NULL,1,NULL,NULL,28.3,28.3,NULL,東北東,2.3m/s,小潮,東南東 1.3m/s,曇り,NULL,NULL,NULL,午後マダイ、開始から終わりまで型がありました。 中鯛もGETできました〜！！ タイが良い感じで釣れているので出船したいです！！ 午前午後どちらでもOK^_^ まずはお問い合わせください♪ 次回の出船確定日は9/13（日）、午前9/14（月）午前、9/19（土）午前で確定してます！,28.3℃,NULL,chowari/義丸（大原）
義丸（大原）,大原港,2026/09/12,1,0,アカイサキ,イサキ,サブ,アカイサキ,NULL,,,,0,,,,,NULL,千葉県 いすみ市 大原港,NULL,NULL,1,NULL,NULL,26.8,26.8,NULL,北北東,3.3m/s,大潮,東 1.2m/s,曇り,NULL,NULL,NULL,午前根魚専門、キントキは朝のうちダブルもあり。,26.8℃,NULL,chowari/義丸（大原）
義丸（大原）,大原港,2026/09/12,1,0,アカヤガラ,NULL,サブ,アカヤガラ,NULL,,,,0,,,,,NULL,千葉県 いすみ市 大原港,NULL,NULL,1,NULL,NULL,26.8,26.8,NULL,北北東,3.3m/s,大潮,東 1.2m/s,曇り,NULL,NULL,NULL,午前根魚専門、キントキは朝のうちダブルもあり。,26.8℃,NULL,chowari/義丸（大原）
義丸（大原）,大原港,2026/09/12,1,0,アヤメカサゴ,カサゴ,サブ,アヤメカサゴ,NULL,,,,0,,,,,NULL,千葉県 いすみ市 大原港,NULL,NULL,1,NULL,NULL,26.8,26.8,NULL,北北東,3.3m/s,大潮,東 1.2m/s,曇り,NULL,NULL,NULL,午前根魚専門、キントキは朝のうちダブルもあり。,26.8℃,NULL,chowari/義丸（大原）
義丸（大原）,大原港,2026/09/12,1,0,オニカサゴ,オニカサゴ,サブ,オニカサゴ,NULL,,,,0,,,,,NULL,千葉県 いすみ市 大原港,NULL,NULL,1,NULL,NULL,26.8,26.8,NULL,北北東,3.3m/s,大潮,東 1.2m/s,曇り,NULL,NULL,NULL,午前根魚専門、キントキは朝のうちダブルもあり。,26.8℃,NULL,chowari/義丸（大原）
義丸（大原）,大原港,2026/09/12,1,0,キントキ,キントキ,メイン,キントキ,NULL,,,,0,,,,,NULL,千葉県 いすみ市 大原港,NULL,NULL,1,NULL,NULL,26.8,26.8,NULL,北北東,3.3m/s,大潮,東 1.2m/s,曇り,アカイサキ・アカヤガラ・アヤメカサゴ・オニカサゴ・ヒラマサ・マハタ,NULL,NULL,午前根魚専門、キントキは朝のうちダブルもあり。,26.8℃,NULL,chowari/義丸（大原）
義丸（大原）,大原港,2026/09/12,1,0,ヒラマサ,ヒラマサ,サブ,ヒラマサ,NULL,,,,0,,,,,NULL,千葉県 いすみ市 大原港,NULL,NULL,1,NULL,NULL,26.8,26.8,NULL,北北東,3.3m/s,大潮,東 1.2m/s,曇り,NULL,NULL,NULL,午前根魚専門、キントキは朝のうちダブルもあり。,26.8℃,NULL,chowari/義丸（大原）
義丸（大原）,大原港,2026/09/12,1,0,マハタ,マハタ,サブ,マハタ,NULL,,,,0,,,,,NULL,千葉県 いすみ市 大原港,NULL,NULL,1,NULL,NULL,26.8,26.8,NULL,北北東,3.3m/s,大潮,東 1.2m/s,曇り,NULL,NULL,NULL,午前根魚専門、キントキは朝のうちダブルもあり。,26.8℃,NULL,chowari/義丸（大原）
義丸（大原）,大原港,2026/09/13,1,0,イサキ,イサキ,サブ,イサキ,NULL,,,,0,,,,,NULL,千葉県 いすみ市 大原港,NULL,NULL,1,NULL,NULL,26.1,26.1,NULL,北,2.8m/s,中潮,東 1.2m/s,曇りのち時々晴れ,NULL,NULL,NULL,午前マダイ/午後マダイ、朝の1流しはポツリポツリとアタリましたが2流し目は急ブレーキの失速してしまい、中盤から場所を変えてからアタリが増え大鯛1匹、中鯛８枚あがりました,26.1℃,NULL,chowari/義丸（大原）
義丸（大原）,大原港,2026/09/13,1,0,ウマヅラ,ウマヅラハギ,サブ,ウマヅラ,NULL,,,,0,,,,,NULL,千葉県 いすみ市 大原港,NULL,NULL,1,NULL,NULL,26.1,26.1,NULL,北,2.8m/s,中潮,東 1.2m/s,曇りのち時々晴れ,NULL,NULL,NULL,午前マダイ/午後マダイ、朝の1流しはポツリポツリとアタリましたが2流し目は急ブレーキの失速してしまい、中盤から場所を変えてからアタリが増え大鯛1匹、中鯛８枚あがりました,26.1℃,NULL,chowari/義丸（大原）
義丸（大原）,大原港,2026/09/13,1,0,カサゴ,カサゴ,サブ,カサゴ,NULL,,,,0,,,,,NULL,千葉県 いすみ市 大原港,NULL,NULL,1,NULL,NULL,26.1,26.1,NULL,北,2.8m/s,中潮,東 1.2m/s,曇りのち時々晴れ,NULL,NULL,NULL,午前マダイ/午後マダイ、朝の1流しはポツリポツリとアタリましたが2流し目は急ブレーキの失速してしまい、中盤から場所を変えてからアタリが増え大鯛1匹、中鯛８枚あがりました,26.1℃,NULL,chowari/義丸（大原）
義丸（大原）,大原港,2026/09/13,1,0,ベラ,NULL,サブ,ベラ,NULL,,,,0,,,,,NULL,千葉県 いすみ市 大原港,NULL,NULL,1,NULL,NULL,26.1,26.1,NULL,北,2.8m/s,中潮,東 1.2m/s,曇りのち時々晴れ,NULL,NULL,NULL,午前マダイ/午後マダイ、朝の1流しはポツリポツリとアタリましたが2流し目は急ブレーキの失速してしまい、中盤から場所を変えてからアタリが増え大鯛1匹、中鯛８枚あがりました,26.1℃,NULL,chowari/義丸（大原）
義丸（大原）,大原港,2026/09/13,1,0,マダイ,マダイ,メイン,マダイ,NULL,1.0,10.0,5.5,0,,,,,NULL,千葉県 いすみ市 大原港,NULL,NULL,1,NULL,NULL,26.1,26.1,NULL,北,2.8m/s,中潮,東 1.2m/s,曇りのち時々晴れ,イサキ・ウマヅラ・カサゴ・ベラ・マハタ,NULL,NULL,午前マダイ/午後マダイ、朝の1流しはポツリポツリとアタリましたが2流し目は急ブレーキの失速してしまい、中盤から場所を変えてからアタリが増え大鯛1匹、中鯛８枚あがりました,26.1℃,NULL,chowari/義丸（大原）
義丸（大原）,大原港,2026/09/13,1,0,マハタ,マハタ,サブ,マハタ,NULL,,,,0,,,,,NULL,千葉県 いすみ市 大原港,NULL,NULL,1,NULL,NULL,26.1,26.1,NULL,北,2.8m/s,中潮,東 1.2m/s,曇りのち時々晴れ,NULL,NULL,NULL,午前マダイ/午後マダイ、朝の1流しはポツリポツリとアタリましたが2流し目は急ブレーキの失速してしまい、中盤から場所を変えてからアタリが増え大鯛1匹、中鯛８枚あがりました,26.1℃,NULL,chowari/義丸（大原）
義丸（大原）,大原港,2026/09/14,1,0,イサキ,イサキ,サブ,イサキ,NULL,,,,0,,,,,NULL,千葉県 いすみ市 大原港,NULL,NULL,1,NULL,NULL,26.0,26.0,NULL,南南西,3.4m/s,中潮,東南東 1.1m/s,晴れ後時々曇り,NULL,NULL,NULL,本日も午前マダイ釣りで出船しました！！ ポイントは昨日と同じところです！ 横流しでトロリ〜の流れでしたので一日中横流しで狙いました！ 巻物は朝だけでしたがエビ餌は当たってました。,26.0℃,NULL,chowari/義丸（大原）
義丸（大原）,大原港,2026/09/14,1,0,カサゴ,カサゴ,サブ,カサゴ,NULL,,,,0,,,,,NULL,千葉県 いすみ市 大原港,NULL,NULL,1,NULL,NULL,26.0,26.0,NULL,南南西,3.4m/s,中潮,東南東 1.1m/s,晴れ後時々曇り,NULL,NULL,NULL,本日も午前マダイ釣りで出船しました！！ ポイントは昨日と同じところです！ 横流しでトロリ〜の流れでしたので一日中横流しで狙いました！ 巻物は朝だけでしたがエビ餌は当たってました。,26.0℃,NULL,chowari/義丸（大原）
義丸（大原）,大原港,2026/09/14,1,0,ガンゾウヒラメ,ヒラメ,サブ,ガンゾウヒラメ,NULL,,,,0,,,,,NULL,千葉県 いすみ市 大原港,NULL,NULL,1,NULL,NULL,26.0,26.0,NULL,南南西,3.4m/s,中潮,東南東 1.1m/s,晴れ後時々曇り,NULL,NULL,NULL,本日も午前マダイ釣りで出船しました！！ ポイントは昨日と同じところです！ 横流しでトロリ〜の流れでしたので一日中横流しで狙いました！ 巻物は朝だけでしたがエビ餌は当たってました。,26.0℃,NULL,chowari/義丸（大原）
義丸（大原）,大原港,2026/09/14,1,0,マダイ,マダイ,メイン,マダイ,NULL,3.0,10.0,6.5,0,,,0.3,2.4,NULL,千葉県 いすみ市 大原港,NULL,NULL,1,NULL,NULL,26.0,26.0,NULL,南南西,3.4m/s,中潮,東南東 1.1m/s,晴れ後時々曇り,イサキ・カサゴ・ガンゾウヒラメ・マハタ・メイチダイ,NULL,NULL,本日も午前マダイ釣りで出船しました！！ ポイントは昨日と同じところです！ 横流しでトロリ〜の流れでしたので一日中横流しで狙いました！ 巻物は朝だけでしたがエビ餌は当たってました。,26.0℃,NULL,chowari/義丸（大原）
義丸（大原）,大原港,2026/09/14,1,0,マハタ,マハタ,サブ,マハタ,NULL,,,,0,,,,,NULL,千葉県 いすみ市 大原港,NULL,NULL,1,NULL,NULL,26.0,26.0,NULL,南南西,3.4m/s,中潮,東南東 1.1m/s,晴れ後時々曇り,NULL,NULL,NULL,本日も午前マダイ釣りで出船しました！！ ポイントは昨日と同じところです！ 横流しでトロリ〜の流れでしたので一日中横流しで狙いました！ 巻物は朝だけでしたがエビ餌は当たってました。,26.0℃,NULL,chowari/義丸（大原）
義丸（大原）,大原港,2026/09/14,1,0,メイチダイ,NULL,サブ,メイチダイ,NULL,,,,0,,,,,NULL,千葉県 いすみ市 大原港,NULL,NULL,1,NULL,NULL,26.0,26.0,NULL,南南西,3.4m/s,中潮,東南東 1.1m/s,晴れ後時々曇り,NULL,NULL,NULL,本日も午前マダイ釣りで出船しました！！ ポイントは昨日と同じところです！ 横流しでトロリ〜の流れでしたので一日中横流しで狙いました！ 巻物は朝だけでしたがエビ餌は当たってました。,26.0℃,NULL,chowari/義丸（大原）
義心丸,鹿島,2026/09/12,1,0,イナダ,イナダ,サブ,イナダ,NULL,,,,0,,,,,NULL,茨城県 鹿嶋市 鹿嶋旧港,NULL,NULL,1,NULL,NULL,24.5,24.5,NULL,北北東,3.1m/s,大潮,東北東 1.1m/s,曇り一時雨,NULL,NULL,NULL,午前テンヤ。朝から雨風であたり少なく苦戦しました｡,24.5℃,NULL,chowari/義心丸
義心丸,鹿島,2026/09/12,1,0,カサゴ,カサゴ,サブ,カサゴ,NULL,,,,0,,,,,NULL,茨城県 鹿嶋市 鹿嶋旧港,NULL,NULL,1,NULL,NULL,24.5,24.5,NULL,北北東,3.1m/s,大潮,東北東 1.1m/s,曇り一時雨,NULL,NULL,NULL,午前テンヤ。朝から雨風であたり少なく苦戦しました｡,24.5℃,NULL,chowari/義心丸
義心丸,鹿島,2026/09/12,1,0,ガンゾウ,NULL,サブ,ガンゾウ,NULL,,,,0,,,,,NULL,茨城県 鹿嶋市 鹿嶋旧港,NULL,NULL,1,NULL,NULL,24.5,24.5,NULL,北北東,3.1m/s,大潮,東北東 1.1m/s,曇り一時雨,NULL,NULL,NULL,午前テンヤ。朝から雨風であたり少なく苦戦しました｡,24.5℃,NULL,chowari/義心丸
義心丸,鹿島,2026/09/12,1,0,サバ,サバ,サブ,サバ,NULL,,,,0,,,,,NULL,茨城県 鹿嶋市 鹿嶋旧港,NULL,NULL,1,NULL,NULL,24.5,24.5,NULL,北北東,3.1m/s,大潮,東北東 1.1m/s,曇り一時雨,NULL,NULL,NULL,午前テンヤ。朝から雨風であたり少なく苦戦しました｡,24.5℃,NULL,chowari/義心丸
義心丸,鹿島,2026/09/12,1,0,トラフグ,トラフグ,サブ,トラフグ,NULL,,,,0,,,,,NULL,茨城県 鹿嶋市 鹿嶋旧港,NULL,NULL,1,NULL,NULL,24.5,24.5,NULL,北北東,3.1m/s,大潮,東北東 1.1m/s,曇り一時雨,NULL,NULL,NULL,午前テンヤ。朝から雨風であたり少なく苦戦しました｡,24.5℃,NULL,chowari/義心丸
義心丸,鹿島,2026/09/12,1,0,ハナダイ,ハナダイ,サブ,ハナダイ,NULL,,,,0,,,,,NULL,茨城県 鹿嶋市 鹿嶋旧港,NULL,NULL,1,NULL,NULL,24.5,24.5,NULL,北北東,3.1m/s,大潮,東北東 1.1m/s,曇り一時雨,NULL,NULL,NULL,午前テンヤ。朝から雨風であたり少なく苦戦しました｡,24.5℃,NULL,chowari/義心丸
義心丸,鹿島,2026/09/12,1,0,ヒラメ,ヒラメ,サブ,ヒラメ,NULL,,,,0,,,,,NULL,茨城県 鹿嶋市 鹿嶋旧港,NULL,NULL,1,NULL,NULL,24.5,24.5,NULL,北北東,3.1m/s,大潮,東北東 1.1m/s,曇り一時雨,NULL,NULL,NULL,午前テンヤ。朝から雨風であたり少なく苦戦しました｡,24.5℃,NULL,chowari/義心丸
義心丸,鹿島,2026/09/12,1,0,マゴチ,マゴチ,サブ,マゴチ,NULL,,,,0,,,,,NULL,茨城県 鹿嶋市 鹿嶋旧港,NULL,NULL,1,NULL,NULL,24.5,24.5,NULL,北北東,3.1m/s,大潮,東北東 1.1m/s,曇り一時雨,NULL,NULL,NULL,午前テンヤ。朝から雨風であたり少なく苦戦しました｡,24.5℃,NULL,chowari/義心丸
義心丸,鹿島,2026/09/12,1,0,マダイ,マダイ,メイン,マダイ,NULL,0.0,4.0,2.0,0,,,0.3,1.8,NULL,茨城県 鹿嶋市 鹿嶋旧港,NULL,NULL,1,NULL,NULL,24.5,24.5,NULL,北北東,3.1m/s,大潮,東北東 1.1m/s,曇り一時雨,イナダ・カサゴ・ガンゾウ・サバ・トラフグ・ハナダイ・ヒラメ・マゴチ,NULL,NULL,午前テンヤ。朝から雨風であたり少なく苦戦しました｡,24.5℃,NULL,chowari/義心丸
義心丸,鹿島,2026/09/13,1,0,イナダ,イナダ,サブ,イナダ,NULL,,,,0,,,,,NULL,茨城県 鹿嶋市 鹿嶋旧港,NULL,NULL,1,NULL,NULL,24.2,24.2,NULL,北北東,3.4m/s,中潮,東 1.4m/s,曇りのち時々晴れ,NULL,NULL,NULL,午前テンヤ、水温22.8～23.1℃。 今日も海が悪くて釣りずらくあたりも遠めでした｡,24.2℃,NULL,chowari/義心丸
義心丸,鹿島,2026/09/13,1,0,カサゴ,カサゴ,サブ,カサゴ,NULL,,,,0,,,,,NULL,茨城県 鹿嶋市 鹿嶋旧港,NULL,NULL,1,NULL,NULL,24.2,24.2,NULL,北北東,3.4m/s,中潮,東 1.4m/s,曇りのち時々晴れ,NULL,NULL,NULL,午前テンヤ、水温22.8～23.1℃。 今日も海が悪くて釣りずらくあたりも遠めでした｡,24.2℃,NULL,chowari/義心丸
義心丸,鹿島,2026/09/13,1,0,ハナダイ,ハナダイ,サブ,ハナダイ,NULL,,,,0,,,,,NULL,茨城県 鹿嶋市 鹿嶋旧港,NULL,NULL,1,NULL,NULL,24.2,24.2,NULL,北北東,3.4m/s,中潮,東 1.4m/s,曇りのち時々晴れ,NULL,NULL,NULL,午前テンヤ、水温22.8～23.1℃。 今日も海が悪くて釣りずらくあたりも遠めでした｡,24.2℃,NULL,chowari/義心丸
義心丸,鹿島,2026/09/13,1,0,ヒラメ,ヒラメ,サブ,ヒラメ,NULL,,,,0,,,,,NULL,茨城県 鹿嶋市 鹿嶋旧港,NULL,NULL,1,NULL,NULL,24.2,24.2,NULL,北北東,3.4m/s,中潮,東 1.4m/s,曇りのち時々晴れ,NULL,NULL,NULL,午前テンヤ、水温22.8～23.1℃。 今日も海が悪くて釣りずらくあたりも遠めでした｡,24.2℃,NULL,chowari/義心丸
義心丸,鹿島,2026/09/13,1,0,フグ,フグ,サブ,フグ,NULL,,,,0,,,,,NULL,茨城県 鹿嶋市 鹿嶋旧港,NULL,NULL,1,NULL,NULL,24.2,24.2,NULL,北北東,3.4m/s,中潮,東 1.4m/s,曇りのち時々晴れ,NULL,NULL,NULL,午前テンヤ、水温22.8～23.1℃。 今日も海が悪くて釣りずらくあたりも遠めでした｡,24.2℃,NULL,chowari/義心丸
義心丸,鹿島,2026/09/13,1,0,ホウボウ,ホウボウ,サブ,ホウボウ,NULL,,,,0,,,,,NULL,茨城県 鹿嶋市 鹿嶋旧港,NULL,NULL,1,NULL,NULL,24.2,24.2,NULL,北北東,3.4m/s,中潮,東 1.4m/s,曇りのち時々晴れ,NULL,NULL,NULL,午前テンヤ、水温22.8～23.1℃。 今日も海が悪くて釣りずらくあたりも遠めでした｡,24.2℃,NULL,chowari/義心丸
義心丸,鹿島,2026/09/13,1,0,マダイ,マダイ,メイン,マダイ,NULL,0.0,4.0,2.0,0,,,0.3,1.0,NULL,茨城県 鹿嶋市 鹿嶋旧港,NULL,NULL,1,NULL,NULL,24.2,24.2,NULL,北北東,3.4m/s,中潮,東 1.4m/s,曇りのち時々晴れ,イナダ・カサゴ・ハナダイ・ヒラメ・フグ・ホウボウ・マハタ,NULL,NULL,午前テンヤ、水温22.8～23.1℃。 今日も海が悪くて釣りずらくあたりも遠めでした｡,24.2℃,NULL,chowari/義心丸
義心丸,鹿島,2026/09/13,1,0,マハタ,マハタ,サブ,マハタ,NULL,,,,0,,,,,NULL,茨城県 鹿嶋市 鹿嶋旧港,NULL,NULL,1,NULL,NULL,24.2,24.2,NULL,北北東,3.4m/s,中潮,東 1.4m/s,曇りのち時々晴れ,NULL,NULL,NULL,午前テンヤ、水温22.8～23.1℃。 今日も海が悪くて釣りずらくあたりも遠めでした｡,24.2℃,NULL,chowari/義心丸
船宿 さわ浦,江東区小名木川,2026/09/02,1,0,サゴシ,サワラ,サブ,サゴシ,NULL,,,,0,,,,,NULL,東京都 江東区 小名木川,NULL,NULL,1,NULL,NULL,28.5,28.5,NULL,南南東,2.0m/s,中潮,南 0.2m/s,曇り,NULL,NULL,NULL,サワラキャスティング乗合の釣果。 サゴシ～サワラ、0～2匹（船中7匹） 今日は単発で跳ねる場面は有りましたがエサ持ち上げてくれずノーチャンスでした。ブレードでポツリポツリとヒット有りましたがバラシいっぱいで数伸ばせず。全員ヒットは有りましたが、お一人キャッチできずでした。良いエサに付くようになってきたので、エサ固めてガサガサ浮いてくれるのが待ち遠しいですね～。 明日は人数そろわず出番無しになっちゃいました。明後日以降の御予約お待ちしております！,28.5℃,NULL,chowari/船宿 さわ浦
船宿 さわ浦,江東区小名木川,2026/09/02,1,0,サワラ,サワラ,メイン,サワラ,NULL,,,,0,,,,,NULL,東京都 江東区 小名木川,NULL,NULL,1,NULL,NULL,28.5,28.5,NULL,南南東,2.0m/s,中潮,南 0.2m/s,曇り,サゴシ・タチウオ,NULL,NULL,サワラキャスティング乗合の釣果。 サゴシ～サワラ、0～2匹（船中7匹） 今日は単発で跳ねる場面は有りましたがエサ持ち上げてくれずノーチャンスでした。ブレードでポツリポツリとヒット有りましたがバラシいっぱいで数伸ばせず。全員ヒットは有りましたが、お一人キャッチできずでした。良いエサに付くようになってきたので、エサ固めてガサガサ浮いてくれるのが待ち遠しいですね～。 明日は人数そろわず出番無しになっちゃいました。明後日以降の御予約お待ちしております！,28.5℃,NULL,chowari/船宿 さわ浦
船宿 さわ浦,江東区小名木川,2026/09/02,1,0,タチウオ,タチウオ,サブ,タチウオ,NULL,,,,0,,,,,NULL,東京都 江東区 小名木川,NULL,NULL,1,NULL,NULL,28.5,28.5,NULL,南南東,2.0m/s,中潮,南 0.2m/s,曇り,NULL,NULL,NULL,サワラキャスティング乗合の釣果。 サゴシ～サワラ、0～2匹（船中7匹） 今日は単発で跳ねる場面は有りましたがエサ持ち上げてくれずノーチャンスでした。ブレードでポツリポツリとヒット有りましたがバラシいっぱいで数伸ばせず。全員ヒットは有りましたが、お一人キャッチできずでした。良いエサに付くようになってきたので、エサ固めてガサガサ浮いてくれるのが待ち遠しいですね～。 明日は人数そろわず出番無しになっちゃいました。明後日以降の御予約お待ちしております！,28.5℃,NULL,chowari/船宿 さわ浦
船宿 さわ浦,江東区小名木川,2026/09/05,1,0,アカエイ,NULL,サブ,アカエイ,NULL,,,,0,,,,,NULL,東京都 江東区 小名木川,NULL,NULL,1,NULL,NULL,28.5,28.5,NULL,北東,2.3m/s,小潮,南 0.2m/s,曇り,NULL,NULL,NULL,サワラキャスティング乗合の釣果。 ブレードでベイト反応を狙いポッツリポッツリとヒット有りでした。帰り際には鳥が大騒ぎで、サワラの跳ねも見えましたが単発ばかりでチャンスにならず。良い距離でも跳ねたのですがヒット頂けず、下の反応もびっちりでしたが追加できずでした。今日もバラシやラインブレイク等そこそこ有り．．．デカイの居ますのでタックルのセッティングは確りとお願いします！ 明日も出船確定ですがキャンセルなど有り人数はガラガラです。御予約無しでも5時45分までに受付終了できるようにお越しいただければ乗船OKです。雨風強くなるのは夕方以降の予報ですので飛び入り参加大歓迎でお待ちしています。（22時くらいま,28.5℃,NULL,chowari/船宿 さわ浦
船宿 さわ浦,江東区小名木川,2026/09/05,1,0,サワラ,サワラ,メイン,サワラ,NULL,0.0,2.0,1.0,0,,,3.4,3.4,NULL,東京都 江東区 小名木川,NULL,NULL,1,NULL,NULL,28.5,28.5,NULL,北東,2.3m/s,小潮,南 0.2m/s,曇り,アカエイ・タチウオ・ワラサ,NULL,NULL,サワラキャスティング乗合の釣果。 ブレードでベイト反応を狙いポッツリポッツリとヒット有りでした。帰り際には鳥が大騒ぎで、サワラの跳ねも見えましたが単発ばかりでチャンスにならず。良い距離でも跳ねたのですがヒット頂けず、下の反応もびっちりでしたが追加できずでした。今日もバラシやラインブレイク等そこそこ有り．．．デカイの居ますのでタックルのセッティングは確りとお願いします！ 明日も出船確定ですがキャンセルなど有り人数はガラガラです。御予約無しでも5時45分までに受付終了できるようにお越しいただければ乗船OKです。雨風強くなるのは夕方以降の予報ですので飛び入り参加大歓迎でお待ちしています。（22時くらいま,28.5℃,NULL,chowari/船宿 さわ浦
船宿 さわ浦,江東区小名木川,2026/09/05,1,0,タチウオ,タチウオ,サブ,タチウオ,NULL,,,,0,,,,,NULL,東京都 江東区 小名木川,NULL,NULL,1,NULL,NULL,28.5,28.5,NULL,北東,2.3m/s,小潮,南 0.2m/s,曇り,NULL,NULL,NULL,サワラキャスティング乗合の釣果。 ブレードでベイト反応を狙いポッツリポッツリとヒット有りでした。帰り際には鳥が大騒ぎで、サワラの跳ねも見えましたが単発ばかりでチャンスにならず。良い距離でも跳ねたのですがヒット頂けず、下の反応もびっちりでしたが追加できずでした。今日もバラシやラインブレイク等そこそこ有り．．．デカイの居ますのでタックルのセッティングは確りとお願いします！ 明日も出船確定ですがキャンセルなど有り人数はガラガラです。御予約無しでも5時45分までに受付終了できるようにお越しいただければ乗船OKです。雨風強くなるのは夕方以降の予報ですので飛び入り参加大歓迎でお待ちしています。（22時くらいま,28.5℃,NULL,chowari/船宿 さわ浦
船宿 さわ浦,江東区小名木川,2026/09/05,1,0,ワラサ,ワラサ,サブ,ワラサ,NULL,0.0,1.0,0.5,0,,,6.2,6.2,NULL,東京都 江東区 小名木川,NULL,NULL,1,NULL,NULL,28.5,28.5,NULL,北東,2.3m/s,小潮,南 0.2m/s,曇り,NULL,NULL,NULL,サワラキャスティング乗合の釣果。 ブレードでベイト反応を狙いポッツリポッツリとヒット有りでした。帰り際には鳥が大騒ぎで、サワラの跳ねも見えましたが単発ばかりでチャンスにならず。良い距離でも跳ねたのですがヒット頂けず、下の反応もびっちりでしたが追加できずでした。今日もバラシやラインブレイク等そこそこ有り．．．デカイの居ますのでタックルのセッティングは確りとお願いします！ 明日も出船確定ですがキャンセルなど有り人数はガラガラです。御予約無しでも5時45分までに受付終了できるようにお越しいただければ乗船OKです。雨風強くなるのは夕方以降の予報ですので飛び入り参加大歓迎でお待ちしています。（22時くらいま,28.5℃,NULL,chowari/船宿 さわ浦
船宿 さわ浦,江東区小名木川,2026/09/06,1,0,サワラ,サワラ,メイン,サワラ,NULL,0.0,2.0,1.0,0,,,,,NULL,東京都 江東区 小名木川,NULL,NULL,1,NULL,NULL,28.4,28.4,NULL,北北東,7.0m/s,長潮,北北東 0.4m/s,雨,タチウオ,NULL,NULL,サワラキャスティング乗合の釣果。 朝は前日のポイントに向かうと開始直後に4ヒットして3匹キャッチ。その後もじっくり狙いましたがアタリは有りますがキャッチできず。後半はウロウロ大捜索。単発のハネがぽちょぽちょ見える場所はヒットもらえず。最近エサ満タンの海域はなぜかベイト反応スッカラカン．．．一発逆転のナブラ探しギャンブルは実らず追加できませんでした。 今週は雨予報でご予約少なく連休ですが、9日水曜日は人数そろって出船確定です。皆様の御予約お待ちしています！,28.4℃,NULL,chowari/船宿 さわ浦
船宿 さわ浦,江東区小名木川,2026/09/06,1,0,タチウオ,タチウオ,サブ,タチウオ,NULL,,,,0,,,,,NULL,東京都 江東区 小名木川,NULL,NULL,1,NULL,NULL,28.4,28.4,NULL,北北東,7.0m/s,長潮,北北東 0.4m/s,雨,NULL,NULL,NULL,サワラキャスティング乗合の釣果。 朝は前日のポイントに向かうと開始直後に4ヒットして3匹キャッチ。その後もじっくり狙いましたがアタリは有りますがキャッチできず。後半はウロウロ大捜索。単発のハネがぽちょぽちょ見える場所はヒットもらえず。最近エサ満タンの海域はなぜかベイト反応スッカラカン．．．一発逆転のナブラ探しギャンブルは実らず追加できませんでした。 今週は雨予報でご予約少なく連休ですが、9日水曜日は人数そろって出船確定です。皆様の御予約お待ちしています！,28.4℃,NULL,chowari/船宿 さわ浦
船宿 さわ浦,江東区小名木川,2026/09/12,1,0,サゴシ,サワラ,サブ,サゴシ,NULL,,,,0,,,,,NULL,東京都 江東区 小名木川,NULL,NULL,1,NULL,NULL,27.5,27.5,NULL,北北東,4.1m/s,大潮,北 0.2m/s,曇り,NULL,NULL,NULL,サワラキャスティング仕立て。 今日は仕立て船で久しぶりに出番になりました。皆さんサワラは初挑戦！しかも釣り自体お初の方がけっこういらっしゃいまして、怪我や事故だけは無いように～と行ってきました。朝はポイントに到着すると単発の跳ねはちょこちょこ見えて、先発の僚船もサワラちょこちょこキャッチとの事。底べったりのベイト反応でやってみますが、底を取るのもなかなか難しい様子．．．そして段々と釣り方に慣れてきたところで反応もまとまってポツリポツリとヒット有り！バラシ多めでしたがなんとか3キロオーバーの太いサワラもキャッチできました。夕方からはご予定有りとの事で、お昼過ぎに早上がりでしたが、なんとか宴会用の,27.5℃,NULL,chowari/船宿 さわ浦
船宿 さわ浦,江東区小名木川,2026/09/12,1,0,サワラ,サワラ,メイン,サワラ,NULL,,,,0,,,,,NULL,東京都 江東区 小名木川,NULL,NULL,1,NULL,NULL,27.5,27.5,NULL,北北東,4.1m/s,大潮,北 0.2m/s,曇り,サゴシ,NULL,NULL,サワラキャスティング仕立て。 今日は仕立て船で久しぶりに出番になりました。皆さんサワラは初挑戦！しかも釣り自体お初の方がけっこういらっしゃいまして、怪我や事故だけは無いように～と行ってきました。朝はポイントに到着すると単発の跳ねはちょこちょこ見えて、先発の僚船もサワラちょこちょこキャッチとの事。底べったりのベイト反応でやってみますが、底を取るのもなかなか難しい様子．．．そして段々と釣り方に慣れてきたところで反応もまとまってポツリポツリとヒット有り！バラシ多めでしたがなんとか3キロオーバーの太いサワラもキャッチできました。夕方からはご予定有りとの事で、お昼過ぎに早上がりでしたが、なんとか宴会用の,27.5℃,NULL,chowari/船宿 さわ浦
船宿 さわ浦,江東区小名木川,2026/09/13,1,0,サゴシ,サワラ,サブ,サゴシ,NULL,,,,0,,,,,NULL,東京都 江東区 小名木川,NULL,NULL,1,NULL,NULL,26.7,26.7,NULL,北,3.6m/s,中潮,北 0.2m/s,曇りのち時々晴れ,NULL,NULL,NULL,サワラキャスティング乗合の釣果。 サゴシ～サワラ0～2匹（船中13匹） 朝は狭いけど高さのあるベイト反応で当て返す度にヒット有り！でしたが．．バラシやラインブレイク、リーダカットと相次ぎ、なかなか船に魚が入りませんでした。その後もポツリポツリとヒット有りました。途中、鳥を追ったり、単発の跳ねをやったりでしたが良くなってくれず。ミノーでのヒットも有りますが単発で、バタバタっと盛り上がる場面は無し．．終盤、再びブレードで少し追加できました。今日はタチウオの交じりもけっこう有ってお土産にはなりました。 明日9月14日（月）のサワラキャスティング乗合は出船確定になりましたが空席多数有りです。御予約無しでも5,26.7℃,NULL,chowari/船宿 さわ浦
船宿 さわ浦,江東区小名木川,2026/09/13,1,0,サバフグ,フグ,サブ,サバフグ,NULL,,,,0,,,,,NULL,東京都 江東区 小名木川,NULL,NULL,1,NULL,NULL,26.7,26.7,NULL,北,3.6m/s,中潮,北 0.2m/s,曇りのち時々晴れ,NULL,NULL,NULL,サワラキャスティング乗合の釣果。 サゴシ～サワラ0～2匹（船中13匹） 朝は狭いけど高さのあるベイト反応で当て返す度にヒット有り！でしたが．．バラシやラインブレイク、リーダカットと相次ぎ、なかなか船に魚が入りませんでした。その後もポツリポツリとヒット有りました。途中、鳥を追ったり、単発の跳ねをやったりでしたが良くなってくれず。ミノーでのヒットも有りますが単発で、バタバタっと盛り上がる場面は無し．．終盤、再びブレードで少し追加できました。今日はタチウオの交じりもけっこう有ってお土産にはなりました。 明日9月14日（月）のサワラキャスティング乗合は出船確定になりましたが空席多数有りです。御予約無しでも5,26.7℃,NULL,chowari/船宿 さわ浦
船宿 さわ浦,江東区小名木川,2026/09/13,1,0,サワラ,サワラ,メイン,サワラ,NULL,,,,0,,,,,NULL,東京都 江東区 小名木川,NULL,NULL,1,NULL,NULL,26.7,26.7,NULL,北,3.6m/s,中潮,北 0.2m/s,曇りのち時々晴れ,サゴシ・サバフグ・タチウオ・トラフグ,NULL,NULL,サワラキャスティング乗合の釣果。 サゴシ～サワラ0～2匹（船中13匹） 朝は狭いけど高さのあるベイト反応で当て返す度にヒット有り！でしたが．．バラシやラインブレイク、リーダカットと相次ぎ、なかなか船に魚が入りませんでした。その後もポツリポツリとヒット有りました。途中、鳥を追ったり、単発の跳ねをやったりでしたが良くなってくれず。ミノーでのヒットも有りますが単発で、バタバタっと盛り上がる場面は無し．．終盤、再びブレードで少し追加できました。今日はタチウオの交じりもけっこう有ってお土産にはなりました。 明日9月14日（月）のサワラキャスティング乗合は出船確定になりましたが空席多数有りです。御予約無しでも5,26.7℃,NULL,chowari/船宿 さわ浦
船宿 さわ浦,江東区小名木川,2026/09/13,1,0,タチウオ,タチウオ,サブ,タチウオ,NULL,,,,0,,,,,NULL,東京都 江東区 小名木川,NULL,NULL,1,NULL,NULL,26.7,26.7,NULL,北,3.6m/s,中潮,北 0.2m/s,曇りのち時々晴れ,NULL,NULL,NULL,サワラキャスティング乗合の釣果。 サゴシ～サワラ0～2匹（船中13匹） 朝は狭いけど高さのあるベイト反応で当て返す度にヒット有り！でしたが．．バラシやラインブレイク、リーダカットと相次ぎ、なかなか船に魚が入りませんでした。その後もポツリポツリとヒット有りました。途中、鳥を追ったり、単発の跳ねをやったりでしたが良くなってくれず。ミノーでのヒットも有りますが単発で、バタバタっと盛り上がる場面は無し．．終盤、再びブレードで少し追加できました。今日はタチウオの交じりもけっこう有ってお土産にはなりました。 明日9月14日（月）のサワラキャスティング乗合は出船確定になりましたが空席多数有りです。御予約無しでも5,26.7℃,NULL,chowari/船宿 さわ浦
船宿 さわ浦,江東区小名木川,2026/09/13,1,0,トラフグ,トラフグ,サブ,トラフグ,NULL,,,,0,,,,,NULL,東京都 江東区 小名木川,NULL,NULL,1,NULL,NULL,26.7,26.7,NULL,北,3.6m/s,中潮,北 0.2m/s,曇りのち時々晴れ,NULL,NULL,NULL,サワラキャスティング乗合の釣果。 サゴシ～サワラ0～2匹（船中13匹） 朝は狭いけど高さのあるベイト反応で当て返す度にヒット有り！でしたが．．バラシやラインブレイク、リーダカットと相次ぎ、なかなか船に魚が入りませんでした。その後もポツリポツリとヒット有りました。途中、鳥を追ったり、単発の跳ねをやったりでしたが良くなってくれず。ミノーでのヒットも有りますが単発で、バタバタっと盛り上がる場面は無し．．終盤、再びブレードで少し追加できました。今日はタチウオの交じりもけっこう有ってお土産にはなりました。 明日9月14日（月）のサワラキャスティング乗合は出船確定になりましたが空席多数有りです。御予約無しでも5,26.7℃,NULL,chowari/船宿 さわ浦
船宿 さわ浦,江東区小名木川,2026/09/14,1,0,イナダ,イナダ,サブ,イナダ,NULL,,,,0,,,,,NULL,東京都 江東区 小名木川,NULL,NULL,1,NULL,NULL,26.2,26.2,NULL,南南西,8.5m/s,中潮,南 0.5m/s,晴れ後時々曇り,NULL,NULL,NULL,サワラキャスティング乗合の釣果。 サゴシ～サワラ、0～3匹（船中10匹） 南西の風がそよそよ吹いて気温は上がりましたが涼しく過ごせました。でも船の動き速くて釣りづらかったみたいです。ポツリポツリとアタリ有りましたが、やっぱり今日もバラシ多め．．今日は途中でお土産コーナー立ち寄ってイナダ連発とタチウオ連発有りサゴシも交じって皆さん何かしらいろいろ掛かってくれました。本命は数伸びずでしたが．．．。 明日は雨予報でご予約少なく人数そろいませんでした。明後日は出船確定です！,26.2℃,NULL,chowari/船宿 さわ浦
船宿 さわ浦,江東区小名木川,2026/09/14,1,0,サゴシ,サワラ,サブ,サゴシ,NULL,,,,0,,,,,NULL,東京都 江東区 小名木川,NULL,NULL,1,NULL,NULL,26.2,26.2,NULL,南南西,8.5m/s,中潮,南 0.5m/s,晴れ後時々曇り,NULL,NULL,NULL,サワラキャスティング乗合の釣果。 サゴシ～サワラ、0～3匹（船中10匹） 南西の風がそよそよ吹いて気温は上がりましたが涼しく過ごせました。でも船の動き速くて釣りづらかったみたいです。ポツリポツリとアタリ有りましたが、やっぱり今日もバラシ多め．．今日は途中でお土産コーナー立ち寄ってイナダ連発とタチウオ連発有りサゴシも交じって皆さん何かしらいろいろ掛かってくれました。本命は数伸びずでしたが．．．。 明日は雨予報でご予約少なく人数そろいませんでした。明後日は出船確定です！,26.2℃,NULL,chowari/船宿 さわ浦
船宿 さわ浦,江東区小名木川,2026/09/14,1,0,サワラ,サワラ,メイン,サワラ,NULL,,,,0,,,,,NULL,東京都 江東区 小名木川,NULL,NULL,1,NULL,NULL,26.2,26.2,NULL,南南西,8.5m/s,中潮,南 0.5m/s,晴れ後時々曇り,イナダ・サゴシ・タチウオ・ハマチ,NULL,NULL,サワラキャスティング乗合の釣果。 サゴシ～サワラ、0～3匹（船中10匹） 南西の風がそよそよ吹いて気温は上がりましたが涼しく過ごせました。でも船の動き速くて釣りづらかったみたいです。ポツリポツリとアタリ有りましたが、やっぱり今日もバラシ多め．．今日は途中でお土産コーナー立ち寄ってイナダ連発とタチウオ連発有りサゴシも交じって皆さん何かしらいろいろ掛かってくれました。本命は数伸びずでしたが．．．。 明日は雨予報でご予約少なく人数そろいませんでした。明後日は出船確定です！,26.2℃,NULL,chowari/船宿 さわ浦
船宿 さわ浦,江東区小名木川,2026/09/14,1,0,タチウオ,タチウオ,サブ,タチウオ,NULL,,,,0,,,,,NULL,東京都 江東区 小名木川,NULL,NULL,1,NULL,NULL,26.2,26.2,NULL,南南西,8.5m/s,中潮,南 0.5m/s,晴れ後時々曇り,NULL,NULL,NULL,サワラキャスティング乗合の釣果。 サゴシ～サワラ、0～3匹（船中10匹） 南西の風がそよそよ吹いて気温は上がりましたが涼しく過ごせました。でも船の動き速くて釣りづらかったみたいです。ポツリポツリとアタリ有りましたが、やっぱり今日もバラシ多め．．今日は途中でお土産コーナー立ち寄ってイナダ連発とタチウオ連発有りサゴシも交じって皆さん何かしらいろいろ掛かってくれました。本命は数伸びずでしたが．．．。 明日は雨予報でご予約少なく人数そろいませんでした。明後日は出船確定です！,26.2℃,NULL,chowari/船宿 さわ浦
船宿 さわ浦,江東区小名木川,2026/09/14,1,0,ハマチ,ワラサ,サブ,ハマチ,NULL,,,,0,,,,,NULL,東京都 江東区 小名木川,NULL,NULL,1,NULL,NULL,26.2,26.2,NULL,南南西,8.5m/s,中潮,南 0.5m/s,晴れ後時々曇り,NULL,NULL,NULL,サワラキャスティング乗合の釣果。 サゴシ～サワラ、0～3匹（船中10匹） 南西の風がそよそよ吹いて気温は上がりましたが涼しく過ごせました。でも船の動き速くて釣りづらかったみたいです。ポツリポツリとアタリ有りましたが、やっぱり今日もバラシ多め．．今日は途中でお土産コーナー立ち寄ってイナダ連発とタチウオ連発有りサゴシも交じって皆さん何かしらいろいろ掛かってくれました。本命は数伸びずでしたが．．．。 明日は雨予報でご予約少なく人数そろいませんでした。明後日は出船確定です！,26.2℃,NULL,chowari/船宿 さわ浦
船宿 さわ浦,江東区小名木川,2026/09/16,1,0,エソ,NULL,サブ,エソ,NULL,,,,0,,,,,NULL,東京都 江東区 小名木川,NULL,NULL,1,NULL,NULL,26.2,26.2,NULL,北東,4.2m/s,中潮,南 0.2m/s,雨,NULL,NULL,NULL,サワラキャスティング乗合の釣果。 サゴシ～サワラ、0～2匹（船中9匹） 前半は前回のポイントへ向かいベイト反応を狙いました。おさわり程度のアタリは何回か有りますが確り掛かってくれず．．．反応は所々に有りますがなんだかハマれず。後半は単発の跳ねが出る場所を船を流しながらじっくりと狙うとようやくヒット有り！その後も跳ねるサワラの姿を眺めつつ大きく船を流してたま～にのアタリ具合で、バラシやラインブレイクも有りつつサワラをキャッチできました。今日は跳ねているけどミノーでは食ってくれずブレードばっかりになっちゃいました。エサも小さいの大きのミックスでパターンもイマイチ絞り切れず難しかったです～。 明日は,26.2℃,NULL,chowari/船宿 さわ浦
船宿 さわ浦,江東区小名木川,2026/09/16,1,0,サゴシ,サワラ,サブ,サゴシ,NULL,,,,0,,,,,NULL,東京都 江東区 小名木川,NULL,NULL,1,NULL,NULL,26.2,26.2,NULL,北東,4.2m/s,中潮,南 0.2m/s,雨,NULL,NULL,NULL,サワラキャスティング乗合の釣果。 サゴシ～サワラ、0～2匹（船中9匹） 前半は前回のポイントへ向かいベイト反応を狙いました。おさわり程度のアタリは何回か有りますが確り掛かってくれず．．．反応は所々に有りますがなんだかハマれず。後半は単発の跳ねが出る場所を船を流しながらじっくりと狙うとようやくヒット有り！その後も跳ねるサワラの姿を眺めつつ大きく船を流してたま～にのアタリ具合で、バラシやラインブレイクも有りつつサワラをキャッチできました。今日は跳ねているけどミノーでは食ってくれずブレードばっかりになっちゃいました。エサも小さいの大きのミックスでパターンもイマイチ絞り切れず難しかったです～。 明日は,26.2℃,NULL,chowari/船宿 さわ浦
船宿 さわ浦,江東区小名木川,2026/09/16,1,0,サワラ,サワラ,メイン,サワラ,NULL,,,,0,,,,,NULL,東京都 江東区 小名木川,NULL,NULL,1,NULL,NULL,26.2,26.2,NULL,北東,4.2m/s,中潮,南 0.2m/s,雨,エソ・サゴシ・タチウオ,NULL,NULL,サワラキャスティング乗合の釣果。 サゴシ～サワラ、0～2匹（船中9匹） 前半は前回のポイントへ向かいベイト反応を狙いました。おさわり程度のアタリは何回か有りますが確り掛かってくれず．．．反応は所々に有りますがなんだかハマれず。後半は単発の跳ねが出る場所を船を流しながらじっくりと狙うとようやくヒット有り！その後も跳ねるサワラの姿を眺めつつ大きく船を流してたま～にのアタリ具合で、バラシやラインブレイクも有りつつサワラをキャッチできました。今日は跳ねているけどミノーでは食ってくれずブレードばっかりになっちゃいました。エサも小さいの大きのミックスでパターンもイマイチ絞り切れず難しかったです～。 明日は,26.2℃,NULL,chowari/船宿 さわ浦
船宿 さわ浦,江東区小名木川,2026/09/16,1,0,タチウオ,タチウオ,サブ,タチウオ,NULL,,,,0,,,,,NULL,東京都 江東区 小名木川,NULL,NULL,1,NULL,NULL,26.2,26.2,NULL,北東,4.2m/s,中潮,南 0.2m/s,雨,NULL,NULL,NULL,サワラキャスティング乗合の釣果。 サゴシ～サワラ、0～2匹（船中9匹） 前半は前回のポイントへ向かいベイト反応を狙いました。おさわり程度のアタリは何回か有りますが確り掛かってくれず．．．反応は所々に有りますがなんだかハマれず。後半は単発の跳ねが出る場所を船を流しながらじっくりと狙うとようやくヒット有り！その後も跳ねるサワラの姿を眺めつつ大きく船を流してたま～にのアタリ具合で、バラシやラインブレイクも有りつつサワラをキャッチできました。今日は跳ねているけどミノーでは食ってくれずブレードばっかりになっちゃいました。エサも小さいの大きのミックスでパターンもイマイチ絞り切れず難しかったです～。 明日は,26.2℃,NULL,chowari/船宿 さわ浦
船宿 さわ浦,江東区小名木川,2026/09/17,1,0,エソ,NULL,サブ,エソ,NULL,,,,0,,,,,NULL,東京都 江東区 小名木川,NULL,NULL,1,NULL,NULL,26.0,26.0,NULL,北北東,6.1m/s,小潮,北北東 0.4m/s,曇り,NULL,NULL,NULL,サワラキャスティング仕立て。 北東の風強く苦戦でした。本命のバラシもキャッチより多く数になりませんでした。 明日9月18日（金）のサワラキャスティング乗合は出船確定になりましたが空席多数有りです。御予約無しでも5時45分までに受付終了できるようにお越しいただければ乗船OKです。飛び入り参加大歓迎でお待ちしています。（22時くらいまでは電話出れますのでできればご連絡ください）,26.0℃,NULL,chowari/船宿 さわ浦
船宿 さわ浦,江東区小名木川,2026/09/17,1,0,サワラ,サワラ,メイン,サワラ,NULL,,,,0,,,,,NULL,東京都 江東区 小名木川,NULL,NULL,1,NULL,NULL,26.0,26.0,NULL,北北東,6.1m/s,小潮,北北東 0.4m/s,曇り,エソ・タチウオ・ダツ・トラフグ,NULL,NULL,サワラキャスティング仕立て。 北東の風強く苦戦でした。本命のバラシもキャッチより多く数になりませんでした。 明日9月18日（金）のサワラキャスティング乗合は出船確定になりましたが空席多数有りです。御予約無しでも5時45分までに受付終了できるようにお越しいただければ乗船OKです。飛び入り参加大歓迎でお待ちしています。（22時くらいまでは電話出れますのでできればご連絡ください）,26.0℃,NULL,chowari/船宿 さわ浦
船宿 さわ浦,江東区小名木川,2026/09/17,1,0,タチウオ,タチウオ,サブ,タチウオ,NULL,,,,0,,,,,NULL,東京都 江東区 小名木川,NULL,NULL,1,NULL,NULL,26.0,26.0,NULL,北北東,6.1m/s,小潮,北北東 0.4m/s,曇り,NULL,NULL,NULL,サワラキャスティング仕立て。 北東の風強く苦戦でした。本命のバラシもキャッチより多く数になりませんでした。 明日9月18日（金）のサワラキャスティング乗合は出船確定になりましたが空席多数有りです。御予約無しでも5時45分までに受付終了できるようにお越しいただければ乗船OKです。飛び入り参加大歓迎でお待ちしています。（22時くらいまでは電話出れますのでできればご連絡ください）,26.0℃,NULL,chowari/船宿 さわ浦
船宿 さわ浦,江東区小名木川,2026/09/17,1,0,ダツ,NULL,サブ,ダツ,NULL,,,,0,,,,,NULL,東京都 江東区 小名木川,NULL,NULL,1,NULL,NULL,26.0,26.0,NULL,北北東,6.1m/s,小潮,北北東 0.4m/s,曇り,NULL,NULL,NULL,サワラキャスティング仕立て。 北東の風強く苦戦でした。本命のバラシもキャッチより多く数になりませんでした。 明日9月18日（金）のサワラキャスティング乗合は出船確定になりましたが空席多数有りです。御予約無しでも5時45分までに受付終了できるようにお越しいただければ乗船OKです。飛び入り参加大歓迎でお待ちしています。（22時くらいまでは電話出れますのでできればご連絡ください）,26.0℃,NULL,chowari/船宿 さわ浦
船宿 さわ浦,江東区小名木川,2026/09/17,1,0,トラフグ,トラフグ,サブ,トラフグ,NULL,,,,0,,,,,NULL,東京都 江東区 小名木川,NULL,NULL,1,NULL,NULL,26.0,26.0,NULL,北北東,6.1m/s,小潮,北北東 0.4m/s,曇り,NULL,NULL,NULL,サワラキャスティング仕立て。 北東の風強く苦戦でした。本命のバラシもキャッチより多く数になりませんでした。 明日9月18日（金）のサワラキャスティング乗合は出船確定になりましたが空席多数有りです。御予約無しでも5時45分までに受付終了できるようにお越しいただければ乗船OKです。飛び入り参加大歓迎でお待ちしています。（22時くらいまでは電話出れますのでできればご連絡ください）,26.0℃,NULL,chowari/船宿 さわ浦
船宿いわた,品川区鮫洲勝島運河,2026/09/05,1,0,タチ,NULL,メイン,タチ,NULL,3.0,22.0,12.5,0,65.0,95.0,,,NULL,東京都 品川区 鮫洲勝島運河,NULL,NULL,1,NULL,NULL,28.5,28.5,NULL,東北東,3.1m/s,小潮,南 0.2m/s,曇り,,NULL,NULL,タチウオ船。,28.5℃,NULL,chowari/船宿いわた
船宿いわた,品川区鮫洲勝島運河,2026/09/12,1,0,アジ,アジ,サブ,アジ,NULL,3.0,45.0,24.0,0,15.0,26.0,,,NULL,東京都 品川区 鮫洲勝島運河,NULL,NULL,1,NULL,NULL,27.5,27.5,NULL,北北東,4.9m/s,大潮,東北東 0.4m/s,曇り,NULL,NULL,NULL,2隻で出船しました。釣果は2隻の高低です。 潮回りも大きいので重りは80号でお願いします。,27.5℃,NULL,chowari/船宿いわた
船宿いわた,品川区鮫洲勝島運河,2026/09/12,1,0,タチウオ,タチウオ,メイン,タチウオ,NULL,0.0,6.0,3.0,0,65.0,115.0,,,NULL,東京都 品川区 鮫洲勝島運河,NULL,NULL,1,NULL,NULL,27.5,27.5,NULL,北北東,4.9m/s,大潮,東北東 0.4m/s,曇り,アジ,NULL,NULL,2隻で出船しました。釣果は2隻の高低です。 潮回りも大きいので重りは80号でお願いします。,27.5℃,NULL,chowari/船宿いわた
船宿いわた,品川区鮫洲勝島運河,2026/09/13,1,0,タチ,NULL,メイン,タチ,NULL,0.0,10.0,5.0,0,60.0,105.0,,,NULL,東京都 品川区 鮫洲勝島運河,NULL,NULL,1,NULL,NULL,26.7,26.7,NULL,北,4.4m/s,中潮,北北東 0.2m/s,曇りのち時々晴れ,,NULL,NULL,タチウオ船。,26.7℃,NULL,chowari/船宿いわた
船宿ウォッチかいと丸,江戸川区新今井橋,2026/09/01,1,0,サゴシ,サワラ,サブ,サゴシ,NULL,,,,0,,,,,NULL,東京都 江戸川区 新今井橋,NULL,NULL,1,NULL,NULL,27.8,27.8,NULL,北北東,3.2m/s,中潮,南南西 0.2m/s,曇り,NULL,NULL,NULL,サワラ乗合。 3名様お集まりいただきありがとうございました！ 跳ねみつけてミノーで幸先よくキャッチ！！ エサが小さく少しテクニカルでしたがジャークがハマれば連発！ 中盤あたり無く迷走しましたが、 単発の跳ねみつけてベイト反応あてて流していくとミノーの誘い出しでポツポツキャッチしていただけました！！ サゴシ多めでしたがミノーゲーム楽しんでいただけてよかったです！ 佐竹さんお一人でつ抜けはお見事でした！ ご乗船いただいた皆様ありがとうございました！ 3名様全員安打できました。 船中サゴシ〜サワラ、21本(2〜11)本。 ミノーで釣りたいお客様いらっしゃいましたら乗船前ににお伝えください。 サワラ好調です！ 平日も募,27.8℃,NULL,chowari/船宿ウォッチかいと丸
船宿ウォッチかいと丸,江戸川区新今井橋,2026/09/01,1,0,サワラ,サワラ,メイン,サワラ,NULL,,,,0,,,,,NULL,東京都 江戸川区 新今井橋,NULL,NULL,1,NULL,NULL,27.8,27.8,NULL,北北東,3.2m/s,中潮,南南西 0.2m/s,曇り,サゴシ,NULL,NULL,サワラ乗合。 3名様お集まりいただきありがとうございました！ 跳ねみつけてミノーで幸先よくキャッチ！！ エサが小さく少しテクニカルでしたがジャークがハマれば連発！ 中盤あたり無く迷走しましたが、 単発の跳ねみつけてベイト反応あてて流していくとミノーの誘い出しでポツポツキャッチしていただけました！！ サゴシ多めでしたがミノーゲーム楽しんでいただけてよかったです！ 佐竹さんお一人でつ抜けはお見事でした！ ご乗船いただいた皆様ありがとうございました！ 3名様全員安打できました。 船中サゴシ〜サワラ、21本(2〜11)本。 ミノーで釣りたいお客様いらっしゃいましたら乗船前ににお伝えください。 サワラ好調です！ 平日も募,27.8℃,NULL,chowari/船宿ウォッチかいと丸
船宿ウォッチかいと丸,江戸川区新今井橋,2026/09/12,1,0,サゴシ,サワラ,サブ,サゴシ,NULL,,,,0,,,,,NULL,東京都 江戸川区 新今井橋,NULL,NULL,1,NULL,NULL,27.5,27.5,NULL,北北東,4.1m/s,大潮,南南西 0.2m/s,曇り,NULL,NULL,NULL,サワラ乗合。 雨予報でしたので遅らせて8時出船！ 前半は反応少なめであたりも少なめでしたが、 中盤以降はベイト反応増えてきてあたりあり ポツポツキャッチしていただけました！ バレ多めでしたがお2人ともサワラサイズ複数本キャッチ！！ 楽しんでいただけました！ 釣果、サゴシ〜サワラ9本。 ご乗船いただいた2名様ありがとうございました！,27.5℃,NULL,chowari/船宿ウォッチかいと丸
船宿ウォッチかいと丸,江戸川区新今井橋,2026/09/12,1,0,サワラ,サワラ,メイン,サワラ,NULL,,,,0,,,,,NULL,東京都 江戸川区 新今井橋,NULL,NULL,1,NULL,NULL,27.5,27.5,NULL,北北東,4.1m/s,大潮,南南西 0.2m/s,曇り,サゴシ,NULL,NULL,サワラ乗合。 雨予報でしたので遅らせて8時出船！ 前半は反応少なめであたりも少なめでしたが、 中盤以降はベイト反応増えてきてあたりあり ポツポツキャッチしていただけました！ バレ多めでしたがお2人ともサワラサイズ複数本キャッチ！！ 楽しんでいただけました！ 釣果、サゴシ〜サワラ9本。 ご乗船いただいた2名様ありがとうございました！,27.5℃,NULL,chowari/船宿ウォッチかいと丸
船宿ウォッチかいと丸,江戸川区新今井橋,2026/09/13,1,0,サゴシ,サワラ,サブ,サゴシ,NULL,,,,0,,,,,NULL,東京都 江戸川区 新今井橋,NULL,NULL,1,NULL,NULL,26.7,26.7,NULL,北,3.6m/s,中潮,北北西 0.2m/s,曇りのち時々晴れ,NULL,NULL,NULL,サワラ乗合。 お一人様キャンセルで本日も2名様で出船！！ 朝からポツリポツリキャッチ！！ 90アップも入り連発もありました！ 後半はあたり少なくなったので船団離れてみるとモリモリベイト反応みつけて 極太サワラ2本追加していただけました！！ 釣果、サゴシ〜サワラ17本。 ご乗船いただいた皆様、最後まで速巻きありがとうございました！,26.7℃,NULL,chowari/船宿ウォッチかいと丸
船宿ウォッチかいと丸,江戸川区新今井橋,2026/09/13,1,0,サワラ,サワラ,メイン,サワラ,NULL,,,,0,91.0,91.0,,,NULL,東京都 江戸川区 新今井橋,NULL,NULL,1,NULL,NULL,26.7,26.7,NULL,北,3.6m/s,中潮,北北西 0.2m/s,曇りのち時々晴れ,サゴシ,NULL,NULL,サワラ乗合。 お一人様キャンセルで本日も2名様で出船！！ 朝からポツリポツリキャッチ！！ 90アップも入り連発もありました！ 後半はあたり少なくなったので船団離れてみるとモリモリベイト反応みつけて 極太サワラ2本追加していただけました！！ 釣果、サゴシ〜サワラ17本。 ご乗船いただいた皆様、最後まで速巻きありがとうございました！,26.7℃,NULL,chowari/船宿ウォッチかいと丸
船宿豆や,江戸川区鹿本橋,2026/09/01,1,0,タチウオ,タチウオ,メイン,タチウオ,NULL,1.0,15.0,8.0,0,60.0,100.0,,,NULL,東京都 江戸川区 鹿本橋,NULL,NULL,1,NULL,NULL,27.8,27.8,NULL,北北東,3.2m/s,中潮,南南西 0.2m/s,曇り,,NULL,NULL,今日は、朝のうちは、潮速かったけれども、活発にアタリあり。次第に反応あっても、アタリ少なくなり、難しくなったので、台船西側へ。こちらでは、先ほどまでよりサイズアップ。大型の水面抜き上げ時にハリス切れもあって残念。でも、活発にアタリあってたのは、一流しだけで、あとは、たまにあたる程度に。最後は、また東側に戻って、小型をぽつぽつ追加して終了となりました。,27.8℃,NULL,chowari/船宿豆や
船宿豆や,江戸川区鹿本橋,2026/09/02,1,0,アジ,アジ,メイン,アジ,NULL,30.0,55.0,42.5,0,20.0,28.0,,,NULL,東京都 江戸川区 鹿本橋,NULL,NULL,1,NULL,NULL,28.5,28.5,NULL,南南東,2.0m/s,中潮,南 0.2m/s・凪,曇り,,NULL,NULL,今日は、凪&少人数だったので、ボートでの出船となりました。 手前の場所で、一投目から、型見られて、その後も好調にアタリ、モーニングサービスありました。1時間ほどで、反応あっても、上手く誘わないと食わなくなってきたので、南下。こちらでも一投目から型出しました。先ほどより1ランク上のサイズで、ハリス切れや、抜き上げ時の水面ポチャンが目立ちましたが、好調にアタリあって、ランチタイムありました。トップは、クーラーに入りきらなくなってしまったので、1時間以上前に終了。 間もなく、ジンタサイズ混じってしまいますので、サイズが揃っている激ウマはアジを釣るなら、今がオススメですよ。お早めに。,28.5℃,NULL,chowari/船宿豆や
船宿豆や,江戸川区鹿本橋,2026/09/05,1,0,アジ,アジ,メイン,アジ,NULL,15.0,74.0,44.5,0,17.0,28.0,,,NULL,東京都 江戸川区 鹿本橋,NULL,NULL,1,NULL,NULL,28.5,28.5,NULL,北東,2.3m/s,小潮,南南西 0.2m/s,曇り,,NULL,NULL,今日も手前の場所から。開始から反応あって、パラパラっと釣れるけれども、持続性なく。3箇所目でやっと落ち着けて、ぽつぽつと。25センチ級も混じるけれども、ここ最近より若干小型も混じってしまい南下することに。こちらは、サイズ良く、25センチ凸凹主体で、帰りまでアタリ続き、皆さんお土産になりました。,28.5℃,NULL,chowari/船宿豆や
船宿豆や,江戸川区鹿本橋,2026/09/12,1,0,アジ,アジ,サブ,アジ,NULL,,,,0,20.0,32.0,,,NULL,東京都 江戸川区 鹿本橋,NULL,NULL,1,NULL,NULL,27.5,27.5,NULL,北北東,4.1m/s,大潮・潮速く,南南西 0.2m/s,曇り,NULL,NULL,NULL,今日は、タチウオ・アジリレー船の仕立船でした。タチウオは、潮速かったけれども反応良く。しかし、貸竿の方がほとんどだったので、道具を上げてくると、エサがかじられって感じでした。しかし、上手く針がっかりすると、良型も多く、最大で129センチでした。 後半のアジは、30センチ凸凹の良型がポツン、ポツンと。このまま帰りまで出来たら良かったのですが、潮速くなってしまい、移動。こちらでは、一周り小さくなりましたが、アタリは、あって終了となりましたです。,27.5℃,NULL,chowari/船宿豆や
船宿豆や,江戸川区鹿本橋,2026/09/12,1,0,タチウオ,タチウオ,メイン,タチウオ,NULL,,,,0,60.0,129.0,,,NULL,東京都 江戸川区 鹿本橋,NULL,NULL,1,NULL,NULL,27.5,27.5,NULL,北北東,4.1m/s,大潮・潮速く,南南西 0.2m/s,曇り,アジ,NULL,NULL,今日は、タチウオ・アジリレー船の仕立船でした。タチウオは、潮速かったけれども反応良く。しかし、貸竿の方がほとんどだったので、道具を上げてくると、エサがかじられって感じでした。しかし、上手く針がっかりすると、良型も多く、最大で129センチでした。 後半のアジは、30センチ凸凹の良型がポツン、ポツンと。このまま帰りまで出来たら良かったのですが、潮速くなってしまい、移動。こちらでは、一周り小さくなりましたが、アタリは、あって終了となりましたです。,27.5℃,NULL,chowari/船宿豆や
船宿豆や,江戸川区鹿本橋,2026/09/13,1,0,アジ,アジ,メイン,アジ,NULL,,,,0,18.0,30.0,,,NULL,東京都 江戸川区 鹿本橋,NULL,NULL,1,NULL,NULL,26.7,26.7,NULL,北,3.6m/s,中潮・上げ潮,北北西 0.2m/s,曇りのち時々晴れ,,NULL,NULL,今日は、ライトアジの仕立船でした。ここ最新好調なポイントを順に周りましたが、ショボイ反応しかなく、型見られても全然盛り上がらず。帰り際の上げ潮で、やっとアジ釣りらしい釣れ方になりました。型は、今日も良かったです。,26.7℃,NULL,chowari/船宿豆や
英昇丸,平潟,2026/09/11,1,0,ヒラメ,ヒラメ,メイン,ヒラメ,NULL,,,,0,,,,,NULL,茨城県 北茨城市 平潟港,NULL,NULL,1,NULL,NULL,23.7,23.7,NULL,北北西,2.2m/s,大潮,東 0.9m/s,雨のち曇り,,NULL,NULL,アカムツ調査でしたが浅場に変更。 浅場も全体的には渋め ヒラメも数は伸びず。 ホウボウやアジも渋めでした。 本日もお疲れ様でした。,23.7℃,NULL,chowari/英昇丸
菊丸,下田港,2026/09/12,1,0,オナガ,NULL,サブ,オナガ,NULL,,,,0,,,,,NULL,静岡県 下田市 下田港,NULL,NULL,1,NULL,NULL,26.7,26.7,NULL,北東,4.7m/s,大潮,南東 1.1m/s,曇り一時雨,NULL,NULL,NULL,9月12日ムツ～オナガ。,26.7℃,NULL,chowari/菊丸
菊丸,下田港,2026/09/12,1,0,キダイ,NULL,サブ,キダイ,NULL,,,,0,,,,,NULL,静岡県 下田市 下田港,NULL,NULL,1,NULL,NULL,26.7,26.7,NULL,北東,4.7m/s,大潮,南東 1.1m/s,曇り一時雨,NULL,NULL,NULL,9月12日ムツ～オナガ。,26.7℃,NULL,chowari/菊丸
菊丸,下田港,2026/09/12,1,0,キツネダイ,NULL,サブ,キツネダイ,NULL,,,,0,,,,,NULL,静岡県 下田市 下田港,NULL,NULL,1,NULL,NULL,26.7,26.7,NULL,北東,4.7m/s,大潮,南東 1.1m/s,曇り一時雨,NULL,NULL,NULL,9月12日ムツ～オナガ。,26.7℃,NULL,chowari/菊丸
菊丸,下田港,2026/09/12,1,0,ムツ,クロムツ,メイン,ムツ,NULL,,,,0,,,,,NULL,静岡県 下田市 下田港,NULL,NULL,1,NULL,NULL,26.7,26.7,NULL,北東,4.7m/s,大潮,南東 1.1m/s,曇り一時雨,オナガ・キダイ・キツネダイ,NULL,NULL,9月12日ムツ～オナガ。,26.7℃,NULL,chowari/菊丸
菊丸,下田港,2026/09/13,1,0,スルメイカ,スルメイカ,メイン,スルメイカ,NULL,45.0,45.0,45.0,0,,,,,NULL,静岡県 下田市 下田港,NULL,NULL,1,NULL,NULL,26.3,26.3,NULL,北東,3.0m/s,中潮,東 1.0m/s,曇り時々晴れ,,NULL,NULL,反応少なく歩きオタマで トップ45杯でした。,26.3℃,NULL,chowari/菊丸
菊丸,下田港,2026/09/15,1,0,イカ,NULL,メイン,イカ,NULL,,,,0,,,,,NULL,静岡県 下田市 下田港,NULL,NULL,1,NULL,NULL,26.5,26.5,NULL,南,0.9m/s,中潮,東南東 1.0m/s,雨時々止む,,NULL,NULL,イカ～。 トップ60匹超えでした。 雨模様だったので干せませんでした。,26.5℃,NULL,chowari/菊丸
赤沼丸,洲崎,2026/09/01,1,0,エソ,NULL,メイン,エソ,NULL,1.0,1.0,1.0,0,30.0,30.0,,,NULL,千葉県 館山市 洲崎栄ノ浦港,NULL,NULL,1,NULL,NULL,27.0,27.0,NULL,北東,4.6m/s,中潮・二枚潮,南南東 0.5m/s,晴れ後時々曇り,,NULL,NULL,9/1午前キンメ、クロムツジギング船 開始は二枚潮で釣りづらさがありましたが 反応多数見れて小型主体でしたが アタリは好調に！！ 潮具合良くなって釣りやすくなると さらにアタリも良くなり入れ食い状態！ 良型のキンメがダブルで上がってくる 場面もありながら良型クロムツも浮上ー！！ 良さそうなバラシもチラホラと いい感じでした！ お問い合わせお待ちしております！ 2日（水） テンヤルアー船、空席あり 3日（木） テンヤルアー船、空席多数 近海スロー又はキンメクロムツ船で 受付中 4日（金） 近海スロー船、空席多数 テンヤルアー船、募集中 5日（土） テンヤルアー船、2隻体制、空席多数 6日（日） テンヤルアー船、チャータ,27.0℃,NULL,chowari/赤沼丸
赤沼丸,洲崎,2026/09/01,2,0,エソ,NULL,メイン,エソ,NULL,1.0,1.0,1.0,0,30.0,30.0,,,NULL,千葉県 館山市 洲崎栄ノ浦港,NULL,NULL,1,NULL,NULL,27.0,27.0,NULL,北東,4.6m/s,中潮,南南東 0.5m/s,晴れ後時々曇り,,NULL,NULL,9/1テンヤルアー船 浅場でアタリ活発に！！ テンヤでヒットパターン掴んだ方達は 順調にヒットありで魚種多彩！ 明日からも色々狙っていきましょう！ 2日（水） テンヤルアー船、空席あり 3日（木） テンヤルアー船、空席多数 受付中 4日（金） 近海スロー船、空席多数 テンヤルアー船、募集中 5日（土） テンヤルアー船、2隻体制、空席多数 6日（日） テンヤルアー船、チャーター受付終了 近海スロー船、空席多数 チャレンジお待ちしてます！,27.0℃,NULL,chowari/赤沼丸
赤沼丸,洲崎,2026/09/02,1,0,エソ,NULL,メイン,エソ,NULL,1.0,1.0,1.0,0,30.0,30.0,,,NULL,千葉県 館山市 洲崎栄ノ浦港,NULL,NULL,1,NULL,NULL,27.5,27.5,NULL,東南東,1.9m/s,中潮,南南東 0.5m/s,曇り時々晴れ,,NULL,NULL,9/2午前テンヤルアー船 テンヤルアー船のみ出船しました！ 終始ポツリポツリとアタリはあって 大物のアタリも数回ありましたが 上がらずでした 良型のマハタヒット2回ありましたが 潜られ、ブレイクで残念でした 明日からも色々狙っていきましょー！ 3日（木） テンヤルアー船、空席多数 キンメ、クロムツジギング船、空席多数 4日（金） 近海スロー船、空席多数 テンヤルアー船、募集中 5日（土） テンヤルアー船、2隻体制、空席多数 6日（日） テンヤルアー船、チャーター受付終了 近海スロー船、空席多数 チャレンジお待ちしてます！,27.5℃,NULL,chowari/赤沼丸
赤沼丸,洲崎,2026/09/03,1,0,エソ,NULL,メイン,エソ,NULL,1.0,1.0,1.0,0,35.0,35.0,,,NULL,千葉県 館山市 洲崎栄ノ浦港,NULL,NULL,1,NULL,NULL,27.6,27.6,NULL,南西,3.7m/s,小潮・二枚潮,南南東 0.6m/s,曇りのち一時雨,,NULL,NULL,9/3午前キンメ、クロムツジギング船 終始、二枚潮で釣りづらい中でしたが キンメは活性良くアタリは活発に出てくれて 楽しんでいただけました！ チャレンジお待ちしております！,27.6℃,NULL,chowari/赤沼丸
赤沼丸,洲崎,2026/09/03,2,0,エソ,NULL,メイン,エソ,NULL,1.0,1.0,1.0,0,35.0,35.0,,,NULL,千葉県 館山市 洲崎栄ノ浦港,NULL,NULL,1,NULL,NULL,27.6,27.6,NULL,南西,3.7m/s,小潮,南南東 0.6m/s,曇りのち一時雨,,NULL,NULL,9/3テンヤルアー船 浅場から深場まで周って 良い所に当たると 派手な喰いは無かったですが ポツポツとアタリ続きました！ 良い潮流れに期待していきましょう！,27.6℃,NULL,chowari/赤沼丸
赤沼丸,洲崎,2026/09/04,1,0,エソ,NULL,メイン,エソ,NULL,1.0,1.0,1.0,0,30.0,30.0,,,NULL,千葉県 館山市 洲崎栄ノ浦港,NULL,NULL,1,NULL,NULL,27.8,27.8,NULL,北,3.3m/s,小潮・二枚潮,南 0.8m/s,曇りのち一時雨,,NULL,NULL,9/4午前近海スロー船 スロー船のみ出船しました！ トロッと流れている間はポツポツと アタリありムツやカンコ、メバル、などヒットありマハタも浮上しましたが 後半、二枚潮キツくなるとパッタリと口を使わなくなり苦戦でした 良い潮に期待していきましょう！,27.8℃,NULL,chowari/赤沼丸
赤沼丸,洲崎,2026/09/05,1,0,エソ,NULL,メイン,エソ,NULL,1.0,1.0,1.0,0,30.0,30.0,,,NULL,千葉県 館山市 洲崎栄ノ浦港,NULL,NULL,1,NULL,NULL,27.5,27.5,NULL,北東,6.4m/s,小潮,南 0.9m/s,曇り,,NULL,NULL,9/5午前テンヤルアー船 テンヤルアー船のみ出船しました！ 魚の活性高くアタリ活発！！ 手のあった方は達は連チャン連チャン！ レンタルの方達も順調にアタリあり 楽しんでいただけました！ 明日は悪天候予報で出船中止。,27.5℃,NULL,chowari/赤沼丸
赤沼丸,洲崎,2026/09/10,1,0,エソ,NULL,メイン,エソ,NULL,1.0,1.0,1.0,0,30.0,30.0,,,NULL,千葉県 館山市 洲崎栄ノ浦港,NULL,NULL,1,NULL,NULL,27.1,27.1,NULL,北北東,7.1m/s,大潮,南 1.2m/s,曇り一時雨,,NULL,NULL,悪天候や定休日などで長いお休みでした！ 12日（土）より出船再開です！ 近海スロー船、キャンセルで1席空きあり テンヤルアー船、キャンセルで1席空きあり 13日（日） 近海スロー船、満席 テンヤルアー船、キャンセルで1席空きあり 14日（月） 近海スロー船、空席多数 テンヤルアー船、空席多数 15日（火） テンヤルアー船、空席多数 16日（水） 近海スロー船、募集中 テンヤルアー船、空席多数 17日（木） 近海スロー船、募集中 テンヤルアー船、受付中 18日（金） 近海スロー船、空席多数 テンヤルアー船、空席多数 19日（土） 近海スロー船、空席多数 テンヤルアー船、空席多数 20日（日）満席、受付終了 21日（月） 近海スロー船,27.1℃,NULL,chowari/赤沼丸
赤沼丸,洲崎,2026/09/12,1,0,エソ,NULL,メイン,エソ,NULL,1.0,1.0,1.0,0,30.0,30.0,,,NULL,千葉県 館山市 洲崎栄ノ浦港,NULL,NULL,1,NULL,NULL,25.8,25.8,NULL,北北東,5.7m/s,大潮・二枚潮,南 0.8m/s,曇り一時雨,,NULL,NULL,9/12午前近海スロー船 二枚潮で釣りづらい状況でしたが ポイント転々としながらアタリは ポツリポツリと！ マハタにデカンコや、オニ、メバル、ムツ、 メダイ、ハチビキ、マトウダイなど 魚種多彩でした！ 明日はいい潮の流れのバリバリヒットに 期待していきましょー！ 9/12テンヤルアー船 ヒットパターンを掴んだ方は よくアタリが出ていました！ 大物ヒットは中々上がらずに悔しい展開 でしたが美味しいゲスト達キャッチでした！ 13日（日）受付終了 14日（月） 近海スロー船、空席多数 テンヤルアー船、空席多数 15日（火） テンヤルアー船、空席多数 16日（水） 近海スロー船、募集中 テンヤルアー船、空席多数 17日（木） 近海,25.8℃,NULL,chowari/赤沼丸
赤沼丸,洲崎,2026/09/12,2,0,エソ,NULL,メイン,エソ,NULL,1.0,1.0,1.0,0,30.0,30.0,,,NULL,千葉県 館山市 洲崎栄ノ浦港,NULL,NULL,1,NULL,NULL,25.8,25.8,NULL,北北東,5.7m/s,大潮,南 0.8m/s,曇り一時雨,,NULL,NULL,9/12テンヤルアー船 ヒットパターンを掴んだ方は よくアタリが出ていました！ 大物ヒットは中々上がらずに悔しい展開 でしたが美味しいゲスト達キャッチでした！ 13日（日）受付終了 14日（月） 近海スロー船、空席多数 テンヤルアー船、空席多数 15日（火） テンヤルアー船、空席多数 16日（水） 近海スロー船、募集中 テンヤルアー船、空席多数 17日（木） 近海スロー船、募集中 テンヤルアー船、受付中 18日（金） 近海スロー船、空席多数 テンヤルアー船、空席多数 19日（土） 近海スロー船、空席多数 テンヤルアー船、空席多数 20日（日）満席、受付終了 21日（月） 近海スロー船、空席多数 22日（火） 近海スロー船、空席多数,25.8℃,NULL,chowari/赤沼丸
赤沼丸,洲崎,2026/09/13,1,0,エソ,NULL,メイン,エソ,NULL,1.0,1.0,1.0,0,30.0,30.0,,,NULL,千葉県 館山市 洲崎栄ノ浦港,NULL,NULL,1,NULL,NULL,25.3,25.3,NULL,北,4.4m/s,中潮,東南東 0.6m/s,曇りのち時々晴れ,,NULL,NULL,9/13テンヤルアー船 終日良型混じりにポツポツとアタリ続きました！ ヒットパターンを掴んだ方は連発タイムも！ ヒゲダイ？らしき大物バラシもー！ 明日からも色々狙っていきましょう！ 14日（月） 近海スロー船、空席多数 テンヤルアー船、空席多数 15日（火） テンヤルアー船、空席多数 16日（水） 近海スロー船、募集中 テンヤルアー船、空席多数 17日（木） 近海スロー船、募集中 キンメクロムツジギング船、募集中 18日（金） 近海スロー船、空席多数 テンヤルアー船、空席多数 19日（土） 近海スロー船、空席多数 テンヤルアー船、空席多数 20日（日）満席、受付終了 21日（月） 近海スロー船、空席多数 22日（火） 近海スロー,25.3℃,NULL,chowari/赤沼丸
赤沼丸,洲崎,2026/09/13,2,0,エソ,NULL,メイン,エソ,NULL,1.0,1.0,1.0,0,30.0,30.0,,,NULL,千葉県 館山市 洲崎栄ノ浦港,NULL,NULL,1,NULL,NULL,25.9,25.9,NULL,北,4.4m/s,中潮,東南東 0.6m/s,曇りのち時々晴れ,,NULL,NULL,9/13テンヤルアー船 終日良型混じりにポツポツとアタリ続きました！ ヒットパターンを掴んだ方は連発タイムも！ ヒゲダイ？らしき大物バラシもー！ 明日からも色々狙っていきましょう！ 14日（月） 近海スロー船、空席多数 テンヤルアー船、空席多数 15日（火） テンヤルアー船、空席多数 16日（水） 近海スロー船、募集中 テンヤルアー船、空席多数 17日（木） 近海スロー船、募集中 キンメクロムツジギング船、募集中 18日（金） 近海スロー船、空席多数 テンヤルアー船、空席多数 19日（土） 近海スロー船、空席多数 テンヤルアー船、空席多数 20日（日）満席、受付終了 21日（月） 近海スロー船、空席多数 22日（火） 近海スロー,25.9℃,NULL,chowari/赤沼丸
赤沼丸,洲崎,2026/09/14,1,0,エソ,NULL,メイン,エソ,NULL,1.0,1.0,1.0,0,30.0,30.0,,,NULL,千葉県 館山市 洲崎栄ノ浦港,NULL,NULL,1,NULL,NULL,25.8,25.8,NULL,南西,4.6m/s,中潮,南東 0.6m/s,晴れ後時々曇り,,NULL,NULL,9/14テンヤルアー船 潮目を避けながらポイント転々と周りました！ 根魚は良型混じりにヒットあり！ ショゴの群れに当たるとパタパタと！ ヒゲダイも浮上しました！ 状況に応じて青物狙いもしますので スピニングがあるとよさそうです！ 明日も出船です ご予約お待ちしてます！ 15日（火） テンヤルアー船、空席多数 16日（水） 近海スロー船、募集中 テンヤルアー船、空席多数 17日（木） 近海スロー船、募集中 キンメクロムツジギング船、募集中 18日（金） 近海スロー船、空席多数 テンヤルアー船、空席多数 19日（土） 近海スロー船、空席多数 テンヤルアー船、空席多数 20日（日）満席、受付終了 21日（月） 近海スロー船、空席,25.8℃,NULL,chowari/赤沼丸
赤沼丸,洲崎,2026/09/14,2,0,エソ,NULL,メイン,エソ,NULL,1.0,1.0,1.0,0,30.0,30.0,,,NULL,千葉県 館山市 洲崎栄ノ浦港,NULL,NULL,1,NULL,NULL,25.8,25.8,NULL,南西,4.6m/s,中潮,南東 0.6m/s,晴れ後時々曇り,,NULL,NULL,9/14午前近海スロー船 ムツやメバル、デカンコ、メダイなど パタパタとアタリいい時間あり！ 久しぶりのデカ神龍も浮上しました！ 後半は潮悪く失速でした 次回もいい流れに期待していきましょー！ 15日（火） テンヤルアー船、空席多数 16日（水） 近海スロー船、募集中 テンヤルアー船、空席多数 17日（木） 近海スロー船、募集中 キンメクロムツジギング船、募集中 18日（金） 近海スロー船、空席多数 テンヤルアー船、空席多数 19日（土） 近海スロー船、空席多数 テンヤルアー船、空席多数 20日（日）満席、受付終了 21日（月） 近海スロー船、空席多数 22日（火） 近海スロー船、空席多数 テンヤルアー船、受付終了 23日（水）,25.8℃,NULL,chowari/赤沼丸
赤沼丸,洲崎,2026/09/15,1,0,エソ,NULL,メイン,エソ,NULL,1.0,1.0,1.0,0,35.0,35.0,,,NULL,千葉県 館山市 洲崎栄ノ浦港,NULL,NULL,1,NULL,NULL,25.8,25.8,NULL,南西,3.0m/s,中潮,南南東 0.8m/s,雨時々止む,,NULL,NULL,9/15テンヤルアー船 テンヤメインの方がほとんどでした！ 流れの良いタイミングでは 喰い活発で順調にアタリ続きました！ 大型のバラシも！ 明日からも色々狙っていきましょう！,25.8℃,NULL,chowari/赤沼丸
赤沼丸,洲崎,2026/09/16,1,0,エソ,NULL,メイン,エソ,NULL,1.0,1.0,1.0,0,30.0,30.0,,,NULL,千葉県 館山市 洲崎栄ノ浦港,NULL,NULL,1,NULL,NULL,25.8,25.8,NULL,東南東,0.9m/s,中潮,南南東 0.7m/s,雨,,NULL,NULL,9/16午前テンヤルアー船 テンヤルアー船のみ出船しました！ ほとんどの方がレンタルでルアーでの 挑戦でした！ バタバタヒットとはいきませんでしたが 色々な魚種のヒットがありました！ 明日は予報悪く出船中止です。 18日（金） 近海スロー船、空席多数 テンヤルアー船、空席多数 19日（土） 近海スロー船、空席あり テンヤルアー船、受付終了 20日（日） 近海スロー船、満席 テンヤルアー船、キャンセルで空き出ました 21日（月） 近海スロー船、空席多数 22日（火） 近海スロー船、空席多数 テンヤルアー船、キャンセルで空き出ました 23日（水） テンヤルアー船、空席多数 近海スロー、受付中 24日（木）定休日 25日（金） 近海,25.8℃,NULL,chowari/赤沼丸
軍司丸,久慈,2026/09/12,1,0,マダイ,マダイ,メイン,マダイ,NULL,7.0,7.0,7.0,0,,,,,NULL,茨城県 日立市 久慈漁港,NULL,NULL,1,NULL,NULL,24.3,24.3,NULL,北東,2.7m/s,大潮,東 0.9m/s,曇り,,NULL,NULL,天気悪い日が多いね。 久しぶりの出船。 サイズも良いよ。 マハタが多かったのも良かったね。 明日も出船。,24.3℃,NULL,chowari/軍司丸
軍司丸,久慈,2026/09/13,1,0,マダイ,マダイ,メイン,マダイ,NULL,5.0,5.0,5.0,0,,,0.8,0.8,NULL,茨城県 日立市 久慈漁港,NULL,NULL,1,NULL,NULL,23.9,23.9,NULL,北東,3.1m/s,中潮,東 1.2m/s,曇り,,NULL,NULL,大きそうなアタリもありましたけど、残念取れず。 連休も後半は天気予報は良さそうです。 ご予約お待ちしてます。,23.9℃,NULL,chowari/軍司丸
邦丸 -大磯港-,大磯港,2026/09/05,1,0,アジ,アジ,サブ,アジ,NULL,3.0,13.0,8.0,0,,,,,NULL,神奈川県 中郡大磯町 大磯港,NULL,NULL,1,NULL,NULL,27.7,27.7,NULL,北東,3.0m/s,小潮,南 0.6m/s,曇り,NULL,NULL,NULL,今日は乗合・ＳＴルアー船で出船致しました！カマス４０位〜６０匹以上でしたね！（多分もっと釣れてます）サイズ２５〜４１センチ！ショウゴ・カンパチ３〜１２匹！サイズ２６〜４１センチ！オオモンハタ0〜２匹！小アジ３〜１３匹！その他には、小サバが見れましたね！朝は港の前からスタートして、直ぐにカマスが顔出してくれましたよってか！カマス絶好調。カマスの２点掛け・３点掛け・4点掛けもありましたよ。なので当然、カマスサビキの仕掛けのハリがドンドン無くなる状態でしたね。なので、カマスサビキは多目にお持ち下さいね。後半はショウゴ・カンパチを狙いサクランボ（２点掛け）でもゲット出来ましたね。,27.7℃,NULL,chowari/邦丸 -大磯港-
邦丸 -大磯港-,大磯港,2026/09/05,1,0,オオモンハタ,ハタ,サブ,オオモンハタ,NULL,0.0,2.0,1.0,0,,,,,NULL,神奈川県 中郡大磯町 大磯港,NULL,NULL,1,NULL,NULL,27.7,27.7,NULL,北東,3.0m/s,小潮,南 0.6m/s,曇り,NULL,NULL,NULL,今日は乗合・ＳＴルアー船で出船致しました！カマス４０位〜６０匹以上でしたね！（多分もっと釣れてます）サイズ２５〜４１センチ！ショウゴ・カンパチ３〜１２匹！サイズ２６〜４１センチ！オオモンハタ0〜２匹！小アジ３〜１３匹！その他には、小サバが見れましたね！朝は港の前からスタートして、直ぐにカマスが顔出してくれましたよってか！カマス絶好調。カマスの２点掛け・３点掛け・4点掛けもありましたよ。なので当然、カマスサビキの仕掛けのハリがドンドン無くなる状態でしたね。なので、カマスサビキは多目にお持ち下さいね。後半はショウゴ・カンパチを狙いサクランボ（２点掛け）でもゲット出来ましたね。,27.7℃,NULL,chowari/邦丸 -大磯港-
邦丸 -大磯港-,大磯港,2026/09/05,1,0,カマス,カマス,メイン,カマス,NULL,40.0,60.0,50.0,0,25.0,41.0,,,NULL,神奈川県 中郡大磯町 大磯港,NULL,NULL,1,NULL,NULL,27.7,27.7,NULL,北東,3.0m/s,小潮,南 0.6m/s,曇り,"は,小サバが見れましたね！朝は港の前からスタートして,直ぐにカマスが顔出してくれましたよってか！カマス絶好調・アジ・オオモンハタ・カンパチ・ショウゴ",NULL,NULL,今日は乗合・ＳＴルアー船で出船致しました！カマス４０位〜６０匹以上でしたね！（多分もっと釣れてます）サイズ２５〜４１センチ！ショウゴ・カンパチ３〜１２匹！サイズ２６〜４１センチ！オオモンハタ0〜２匹！小アジ３〜１３匹！その他には、小サバが見れましたね！朝は港の前からスタートして、直ぐにカマスが顔出してくれましたよってか！カマス絶好調。カマスの２点掛け・３点掛け・4点掛けもありましたよ。なので当然、カマスサビキの仕掛けのハリがドンドン無くなる状態でしたね。なので、カマスサビキは多目にお持ち下さいね。後半はショウゴ・カンパチを狙いサクランボ（２点掛け）でもゲット出来ましたね。,27.7℃,NULL,chowari/邦丸 -大磯港-
邦丸 -大磯港-,大磯港,2026/09/05,1,0,カンパチ,カンパチ,サブ,カンパチ,NULL,,,,0,,,,,NULL,神奈川県 中郡大磯町 大磯港,NULL,NULL,1,NULL,NULL,27.7,27.7,NULL,北東,3.0m/s,小潮,南 0.6m/s,曇り,NULL,NULL,NULL,今日は乗合・ＳＴルアー船で出船致しました！カマス４０位〜６０匹以上でしたね！（多分もっと釣れてます）サイズ２５〜４１センチ！ショウゴ・カンパチ３〜１２匹！サイズ２６〜４１センチ！オオモンハタ0〜２匹！小アジ３〜１３匹！その他には、小サバが見れましたね！朝は港の前からスタートして、直ぐにカマスが顔出してくれましたよってか！カマス絶好調。カマスの２点掛け・３点掛け・4点掛けもありましたよ。なので当然、カマスサビキの仕掛けのハリがドンドン無くなる状態でしたね。なので、カマスサビキは多目にお持ち下さいね。後半はショウゴ・カンパチを狙いサクランボ（２点掛け）でもゲット出来ましたね。,27.7℃,NULL,chowari/邦丸 -大磯港-
邦丸 -大磯港-,大磯港,2026/09/05,1,0,ショウゴ,カンパチ,サブ,ショウゴ,NULL,,,,0,,,,,NULL,神奈川県 中郡大磯町 大磯港,NULL,NULL,1,NULL,NULL,27.7,27.7,NULL,北東,3.0m/s,小潮,南 0.6m/s,曇り,NULL,NULL,NULL,今日は乗合・ＳＴルアー船で出船致しました！カマス４０位〜６０匹以上でしたね！（多分もっと釣れてます）サイズ２５〜４１センチ！ショウゴ・カンパチ３〜１２匹！サイズ２６〜４１センチ！オオモンハタ0〜２匹！小アジ３〜１３匹！その他には、小サバが見れましたね！朝は港の前からスタートして、直ぐにカマスが顔出してくれましたよってか！カマス絶好調。カマスの２点掛け・３点掛け・4点掛けもありましたよ。なので当然、カマスサビキの仕掛けのハリがドンドン無くなる状態でしたね。なので、カマスサビキは多目にお持ち下さいね。後半はショウゴ・カンパチを狙いサクランボ（２点掛け）でもゲット出来ましたね。,27.7℃,NULL,chowari/邦丸 -大磯港-
邦丸 -大磯港-,大磯港,2026/09/12,1,0,イナダ,イナダ,メイン,イナダ,NULL,,,,0,,,,,NULL,神奈川県 中郡大磯町 大磯港,NULL,NULL,1,NULL,NULL,27.2,27.2,NULL,北北東,3.9m/s,大潮,南 0.5m/s,雨のち曇り,,NULL,NULL,今日はジギング、&エビングチャーター船でした！朝一港前で青物ジギング！イナダが少し顔見れたので、マグロ狙いに！１回だけエビングにカツオ？キメジ？当たりましたがバラシ！その後は反応あっても、船のそばで跳ねててもヒットなしでした。,27.2℃,NULL,chowari/邦丸 -大磯港-
邦丸 -大磯港-,大磯港,2026/09/13,1,0,アジ,アジ,サブ,アジ,NULL,,,,0,,,,,NULL,神奈川県 中郡大磯町 大磯港,NULL,NULL,1,NULL,NULL,26.4,26.4,NULL,北北東,2.8m/s,中潮,南南東 0.3m/s,曇りのち時々晴れ,NULL,NULL,NULL,その他にも、オオモンハタ・イトヒキアジ・アジ・サバ・ソーダガツオ等が顔を出してくれましたね。朝は前日のポイント方面へ行くも当たりが無いのでポイント移動！兄貴から連絡が有り近くへ行くと、反応が見れたのでスタート！しばらくは当たりが出ませんでしたがシャクリの速度や巻の速度が合いだしたらポチン・ポチンとカンパチが顔を出し始めてくれて、中に混じってイナダがポンッとゲット出来ましたね。後半はカマスを狙いサビキの方は４点掛けも有りましたね。今日お越し頂いた皆様、１日頑張って頂きありがとうございました！お疲れ様でした！,26.4℃,NULL,chowari/邦丸 -大磯港-
邦丸 -大磯港-,大磯港,2026/09/13,1,0,イトヒキアジ,アジ,サブ,イトヒキアジ,NULL,,,,0,,,,,NULL,神奈川県 中郡大磯町 大磯港,NULL,NULL,1,NULL,NULL,26.4,26.4,NULL,北北東,2.8m/s,中潮,南南東 0.3m/s,曇りのち時々晴れ,NULL,NULL,NULL,その他にも、オオモンハタ・イトヒキアジ・アジ・サバ・ソーダガツオ等が顔を出してくれましたね。朝は前日のポイント方面へ行くも当たりが無いのでポイント移動！兄貴から連絡が有り近くへ行くと、反応が見れたのでスタート！しばらくは当たりが出ませんでしたがシャクリの速度や巻の速度が合いだしたらポチン・ポチンとカンパチが顔を出し始めてくれて、中に混じってイナダがポンッとゲット出来ましたね。後半はカマスを狙いサビキの方は４点掛けも有りましたね。今日お越し頂いた皆様、１日頑張って頂きありがとうございました！お疲れ様でした！,26.4℃,NULL,chowari/邦丸 -大磯港-
邦丸 -大磯港-,大磯港,2026/09/13,1,0,イナダ,イナダ,サブ,イナダ,NULL,1.0,1.0,1.0,0,,,,,NULL,神奈川県 中郡大磯町 大磯港,NULL,NULL,1,NULL,NULL,26.4,26.4,NULL,北北東,2.8m/s,中潮,南南東 0.3m/s,曇りのち時々晴れ,NULL,NULL,NULL,その他にも、オオモンハタ・イトヒキアジ・アジ・サバ・ソーダガツオ等が顔を出してくれましたね。朝は前日のポイント方面へ行くも当たりが無いのでポイント移動！兄貴から連絡が有り近くへ行くと、反応が見れたのでスタート！しばらくは当たりが出ませんでしたがシャクリの速度や巻の速度が合いだしたらポチン・ポチンとカンパチが顔を出し始めてくれて、中に混じってイナダがポンッとゲット出来ましたね。後半はカマスを狙いサビキの方は４点掛けも有りましたね。今日お越し頂いた皆様、１日頑張って頂きありがとうございました！お疲れ様でした！,26.4℃,NULL,chowari/邦丸 -大磯港-
邦丸 -大磯港-,大磯港,2026/09/13,1,0,オオモンハタ,ハタ,サブ,オオモンハタ,NULL,,,,0,,,,,NULL,神奈川県 中郡大磯町 大磯港,NULL,NULL,1,NULL,NULL,26.4,26.4,NULL,北北東,2.8m/s,中潮,南南東 0.3m/s,曇りのち時々晴れ,NULL,NULL,NULL,その他にも、オオモンハタ・イトヒキアジ・アジ・サバ・ソーダガツオ等が顔を出してくれましたね。朝は前日のポイント方面へ行くも当たりが無いのでポイント移動！兄貴から連絡が有り近くへ行くと、反応が見れたのでスタート！しばらくは当たりが出ませんでしたがシャクリの速度や巻の速度が合いだしたらポチン・ポチンとカンパチが顔を出し始めてくれて、中に混じってイナダがポンッとゲット出来ましたね。後半はカマスを狙いサビキの方は４点掛けも有りましたね。今日お越し頂いた皆様、１日頑張って頂きありがとうございました！お疲れ様でした！,26.4℃,NULL,chowari/邦丸 -大磯港-
邦丸 -大磯港-,大磯港,2026/09/13,1,0,カマス,カマス,サブ,カマス,NULL,1.0,20.0,10.5,0,,,,,NULL,神奈川県 中郡大磯町 大磯港,NULL,NULL,1,NULL,NULL,26.4,26.4,NULL,北北東,2.8m/s,中潮,南南東 0.3m/s,曇りのち時々晴れ,NULL,NULL,NULL,その他にも、オオモンハタ・イトヒキアジ・アジ・サバ・ソーダガツオ等が顔を出してくれましたね。朝は前日のポイント方面へ行くも当たりが無いのでポイント移動！兄貴から連絡が有り近くへ行くと、反応が見れたのでスタート！しばらくは当たりが出ませんでしたがシャクリの速度や巻の速度が合いだしたらポチン・ポチンとカンパチが顔を出し始めてくれて、中に混じってイナダがポンッとゲット出来ましたね。後半はカマスを狙いサビキの方は４点掛けも有りましたね。今日お越し頂いた皆様、１日頑張って頂きありがとうございました！お疲れ様でした！,26.4℃,NULL,chowari/邦丸 -大磯港-
邦丸 -大磯港-,大磯港,2026/09/13,1,0,カンパチ,カンパチ,サブ,カンパチ,NULL,7.0,25.0,16.0,0,,,,,NULL,神奈川県 中郡大磯町 大磯港,NULL,NULL,1,NULL,NULL,26.4,26.4,NULL,北北東,2.8m/s,中潮,南南東 0.3m/s,曇りのち時々晴れ,NULL,NULL,NULL,その他にも、オオモンハタ・イトヒキアジ・アジ・サバ・ソーダガツオ等が顔を出してくれましたね。朝は前日のポイント方面へ行くも当たりが無いのでポイント移動！兄貴から連絡が有り近くへ行くと、反応が見れたのでスタート！しばらくは当たりが出ませんでしたがシャクリの速度や巻の速度が合いだしたらポチン・ポチンとカンパチが顔を出し始めてくれて、中に混じってイナダがポンッとゲット出来ましたね。後半はカマスを狙いサビキの方は４点掛けも有りましたね。今日お越し頂いた皆様、１日頑張って頂きありがとうございました！お疲れ様でした！,26.4℃,NULL,chowari/邦丸 -大磯港-
邦丸 -大磯港-,大磯港,2026/09/13,1,0,サバ,サバ,サブ,サバ,NULL,,,,0,,,,,NULL,神奈川県 中郡大磯町 大磯港,NULL,NULL,1,NULL,NULL,26.4,26.4,NULL,北北東,2.8m/s,中潮,南南東 0.3m/s,曇りのち時々晴れ,NULL,NULL,NULL,その他にも、オオモンハタ・イトヒキアジ・アジ・サバ・ソーダガツオ等が顔を出してくれましたね。朝は前日のポイント方面へ行くも当たりが無いのでポイント移動！兄貴から連絡が有り近くへ行くと、反応が見れたのでスタート！しばらくは当たりが出ませんでしたがシャクリの速度や巻の速度が合いだしたらポチン・ポチンとカンパチが顔を出し始めてくれて、中に混じってイナダがポンッとゲット出来ましたね。後半はカマスを狙いサビキの方は４点掛けも有りましたね。今日お越し頂いた皆様、１日頑張って頂きありがとうございました！お疲れ様でした！,26.4℃,NULL,chowari/邦丸 -大磯港-
邦丸 -大磯港-,大磯港,2026/09/13,1,0,ソーダガツオ,NULL,サブ,ソーダガツオ,NULL,,,,0,,,,,NULL,神奈川県 中郡大磯町 大磯港,NULL,NULL,1,NULL,NULL,26.4,26.4,NULL,北北東,2.8m/s,中潮,南南東 0.3m/s,曇りのち時々晴れ,NULL,NULL,NULL,その他にも、オオモンハタ・イトヒキアジ・アジ・サバ・ソーダガツオ等が顔を出してくれましたね。朝は前日のポイント方面へ行くも当たりが無いのでポイント移動！兄貴から連絡が有り近くへ行くと、反応が見れたのでスタート！しばらくは当たりが出ませんでしたがシャクリの速度や巻の速度が合いだしたらポチン・ポチンとカンパチが顔を出し始めてくれて、中に混じってイナダがポンッとゲット出来ましたね。後半はカマスを狙いサビキの方は４点掛けも有りましたね。今日お越し頂いた皆様、１日頑張って頂きありがとうございました！お疲れ様でした！,26.4℃,NULL,chowari/邦丸 -大磯港-
邦丸 -大磯港-,大磯港,2026/09/13,2,0,イナダ,イナダ,サブ,イナダ,NULL,0.0,4.0,2.0,0,,,,,NULL,神奈川県 中郡大磯町 大磯港,NULL,NULL,1,NULL,NULL,26.4,26.4,NULL,北北東,2.8m/s,中潮,南南東 0.3m/s,曇りのち時々晴れ,NULL,NULL,NULL,行って来ました♪ＳＴルアーでした。朝カマスバリバリで皆様満タン！その後青物ジギングに！ショウゴにイナダもポツポツ！ショウゴは、トップ１０匹？イナダは頭で４本？残念ながら、０の方が１名出てしまいましたがショウゴもイナダも水面ばらし何回か！残念です！ＳＴルアー楽しめますよ。,26.4℃,NULL,chowari/邦丸 -大磯港-
邦丸 -大磯港-,大磯港,2026/09/13,2,0,カマス,カマス,メイン,カマス,NULL,,,,0,,,,,NULL,神奈川県 中郡大磯町 大磯港,NULL,NULL,1,NULL,NULL,26.4,26.4,NULL,北北東,2.8m/s,中潮,南南東 0.3m/s,曇りのち時々晴れ,イナダ・ショウゴ,NULL,NULL,行って来ました♪ＳＴルアーでした。朝カマスバリバリで皆様満タン！その後青物ジギングに！ショウゴにイナダもポツポツ！ショウゴは、トップ１０匹？イナダは頭で４本？残念ながら、０の方が１名出てしまいましたがショウゴもイナダも水面ばらし何回か！残念です！ＳＴルアー楽しめますよ。,26.4℃,NULL,chowari/邦丸 -大磯港-
邦丸 -大磯港-,大磯港,2026/09/13,2,0,ショウゴ,カンパチ,サブ,ショウゴ,NULL,0.0,10.0,5.0,0,,,,,NULL,神奈川県 中郡大磯町 大磯港,NULL,NULL,1,NULL,NULL,26.4,26.4,NULL,北北東,2.8m/s,中潮,南南東 0.3m/s,曇りのち時々晴れ,NULL,NULL,NULL,行って来ました♪ＳＴルアーでした。朝カマスバリバリで皆様満タン！その後青物ジギングに！ショウゴにイナダもポツポツ！ショウゴは、トップ１０匹？イナダは頭で４本？残念ながら、０の方が１名出てしまいましたがショウゴもイナダも水面ばらし何回か！残念です！ＳＴルアー楽しめますよ。,26.4℃,NULL,chowari/邦丸 -大磯港-
邦丸 -大磯港-,大磯港,2026/09/15,1,0,イナダ,イナダ,サブ,イナダ,NULL,,,,0,,,,,NULL,神奈川県 中郡大磯町 大磯港,NULL,NULL,1,NULL,NULL,26.3,26.3,NULL,南,4.4m/s,中潮,南南東 0.7m/s,曇り一時雨,NULL,NULL,NULL,ＳＴルアーででした。 朝一カマスからスタート！ やれば釣れるんですが、お客様カマスはそんなにいらないみたいなので早々に青物ジギングに！ どこやってもサバフグが。 それでもカンパチ０〜５匹！ イナダも！ ホウボウ、キジハタもでした。,26.3℃,NULL,chowari/邦丸 -大磯港-
邦丸 -大磯港-,大磯港,2026/09/15,1,0,カマス,カマス,メイン,カマス,NULL,,,,0,,,,,NULL,神奈川県 中郡大磯町 大磯港,NULL,NULL,1,NULL,NULL,26.3,26.3,NULL,南,4.4m/s,中潮,南南東 0.7m/s,曇り一時雨,イナダ・カンパチ・キジハタ・ホウボウ,NULL,NULL,ＳＴルアーででした。 朝一カマスからスタート！ やれば釣れるんですが、お客様カマスはそんなにいらないみたいなので早々に青物ジギングに！ どこやってもサバフグが。 それでもカンパチ０〜５匹！ イナダも！ ホウボウ、キジハタもでした。,26.3℃,NULL,chowari/邦丸 -大磯港-
邦丸 -大磯港-,大磯港,2026/09/15,1,0,カンパチ,カンパチ,サブ,カンパチ,NULL,0.0,5.0,2.5,0,,,,,NULL,神奈川県 中郡大磯町 大磯港,NULL,NULL,1,NULL,NULL,26.3,26.3,NULL,南,4.4m/s,中潮,南南東 0.7m/s,曇り一時雨,NULL,NULL,NULL,ＳＴルアーででした。 朝一カマスからスタート！ やれば釣れるんですが、お客様カマスはそんなにいらないみたいなので早々に青物ジギングに！ どこやってもサバフグが。 それでもカンパチ０〜５匹！ イナダも！ ホウボウ、キジハタもでした。,26.3℃,NULL,chowari/邦丸 -大磯港-
邦丸 -大磯港-,大磯港,2026/09/15,1,0,キジハタ,ハタ,サブ,キジハタ,NULL,,,,0,,,,,NULL,神奈川県 中郡大磯町 大磯港,NULL,NULL,1,NULL,NULL,26.3,26.3,NULL,南,4.4m/s,中潮,南南東 0.7m/s,曇り一時雨,NULL,NULL,NULL,ＳＴルアーででした。 朝一カマスからスタート！ やれば釣れるんですが、お客様カマスはそんなにいらないみたいなので早々に青物ジギングに！ どこやってもサバフグが。 それでもカンパチ０〜５匹！ イナダも！ ホウボウ、キジハタもでした。,26.3℃,NULL,chowari/邦丸 -大磯港-
邦丸 -大磯港-,大磯港,2026/09/15,1,0,ホウボウ,ホウボウ,サブ,ホウボウ,NULL,,,,0,,,,,NULL,神奈川県 中郡大磯町 大磯港,NULL,NULL,1,NULL,NULL,26.3,26.3,NULL,南,4.4m/s,中潮,南南東 0.7m/s,曇り一時雨,NULL,NULL,NULL,ＳＴルアーででした。 朝一カマスからスタート！ やれば釣れるんですが、お客様カマスはそんなにいらないみたいなので早々に青物ジギングに！ どこやってもサバフグが。 それでもカンパチ０〜５匹！ イナダも！ ホウボウ、キジハタもでした。,26.3℃,NULL,chowari/邦丸 -大磯港-
野毛屋釣船店,横浜市金沢八景平潟,2026/09/04,1,0,マダコ,マダコ,メイン,マダコ,NULL,1.0,10.0,5.5,0,,,0.3,0.8,NULL,神奈川県 横浜市 金沢八景平潟,NULL,NULL,1,NULL,NULL,28.0,28.0,NULL,北北東,3.2m/s,小潮,南東 0.2m/s,雨時々止む,,NULL,NULL,マダコ船。エギタコ。トップ10杯、2番手8杯で休み明け初日も全員ゲットで帰って来れました。,28.0℃,NULL,chowari/野毛屋釣船店
野毛屋釣船店,横浜市金沢八景平潟,2026/09/05,1,0,マダコ,マダコ,メイン,マダコ,NULL,1.0,8.0,4.5,0,,,0.3,0.8,NULL,神奈川県 横浜市 金沢八景平潟,NULL,NULL,1,NULL,NULL,27.6,27.6,NULL,北東,3.3m/s,小潮,東 0.2m/s,曇り,,NULL,NULL,小学生のお子様も頑張ってくれて今日も全員ゲットでした。,27.6℃,NULL,chowari/野毛屋釣船店
野毛屋釣船店,横浜市金沢八景平潟,2026/09/05,2,0,ショウサイフグ,ショウサイフグ,メイン,ショウサイフグ,NULL,0.0,13.0,6.5,0,14.0,38.0,,,NULL,神奈川県 横浜市 金沢八景平潟,NULL,NULL,1,NULL,NULL,27.6,27.6,NULL,北東,3.3m/s,小潮,東 0.2m/s,曇り,,NULL,NULL,フグ船。 2番手12匹。10匹台4名。 極旨ショウサイフグ専門‼ 今月初仕事（笑）行ってきました。いつもありがとうございます。 反応あって何人か釣ると反応消えちゃう。で戻ってこない。 どこやってもそんな感じ。 カットウ場所行っても同じ。釣れても後続かない。 初心者初挑戦の方が殆どで苦戦の1日。ご機嫌な反応を当てられませんでした。 総数はこれでも3桁は超えてます。 でも良い時の3分の1かそれ以下でした。,27.6℃,NULL,chowari/野毛屋釣船店
野毛屋釣船店,横浜市金沢八景平潟,2026/09/06,1,0,ショウサイフグ,ショウサイフグ,メイン,ショウサイフグ,NULL,1.0,10.0,5.5,0,14.0,35.0,,,NULL,神奈川県 横浜市 金沢八景平潟,NULL,NULL,1,NULL,NULL,27.6,27.6,NULL,北北東,7.8m/s,長潮,北北東 0.6m/s,雨,,NULL,NULL,極旨ショウサイフグの釣果‼ 反応あってエサは食われるけど、なかなか釣れない。 粘ってやってると反応出てても今度はエサが食われない。 釣れても最初だけってばかりでした。 北風なので現場の波は大丈夫だったけど、１日。 初心者、初挑戦、貸し竿、慣れない方揃いでしたが全員ゲットできて悪条件の中皆さん頑張ってくれました！！,27.6℃,NULL,chowari/野毛屋釣船店
野毛屋釣船店,横浜市金沢八景平潟,2026/09/06,1,0,タコ,マダコ,メイン,タコ,NULL,2.0,9.0,5.5,0,,,0.3,1.0,NULL,神奈川県 横浜市 金沢八景平潟,NULL,NULL,1,NULL,NULL,27.6,27.6,NULL,北北東,7.8m/s,長潮,北北東 0.6m/s,雨,,NULL,NULL,今日も出船出来ました。 1日雨で寒い状況でしたが皆様頑張ってくれて全員複数ゲットで帰って来れました。,27.6℃,NULL,chowari/野毛屋釣船店
野毛屋釣船店,横浜市金沢八景平潟,2026/09/06,2,0,タコ,マダコ,メイン,タコ,NULL,2.0,9.0,5.5,0,,,0.3,1.0,NULL,神奈川県 横浜市 金沢八景平潟,NULL,NULL,1,NULL,NULL,27.6,27.6,NULL,北北東,7.8m/s,長潮,北北東 0.6m/s,雨,,NULL,NULL,今日も出船出来ました。 1日雨で寒い状況でしたが皆様頑張ってくれて全員複数ゲットで帰って来れました。,27.6℃,NULL,chowari/野毛屋釣船店
野毛屋釣船店,横浜市金沢八景平潟,2026/09/09,1,0,アカメフグ,アカメフグ,サブ,アカメフグ,NULL,,,,0,,,,,NULL,神奈川県 横浜市 金沢八景平潟,NULL,NULL,1,NULL,NULL,27.7,27.7,NULL,南南西,8.3m/s,中潮,南 0.4m/s,曇りのち一時雨,NULL,NULL,NULL,極旨ショウサイフグ専門‼ 16-38cm2-14匹、14匹3名。 今月4回目の出船で行ってきました。いつもありがとうございます。 南西ビュービュー。たまに雨ザーザーから霧雨。皆さんカッパ着たり脱いだり忙しい日。 カットウ場所専門でやってきました。 ショウサイフグ。アカメフグ。コモンフグ。3種混ぜた釣果で割合は人それぞれでした。 海悪く後半潮速すぎで、掛け損ないも多かったけど全員ゲットできて良かったです。 トップは、1日後ろ有利な船向きでしたが、ど真ん中と前でした‼ 今日は、カットウ場所専門でしたが、季節的に状況見て胴突き場所だけとか、両方やったりとかなので、仕掛けはどちらも用意してください。仕掛け各種釣れるやつ,27.7℃,NULL,chowari/野毛屋釣船店
野毛屋釣船店,横浜市金沢八景平潟,2026/09/09,1,0,コモンフグ,フグ,サブ,コモンフグ,NULL,,,,0,,,,,NULL,神奈川県 横浜市 金沢八景平潟,NULL,NULL,1,NULL,NULL,27.7,27.7,NULL,南南西,8.3m/s,中潮,南 0.4m/s,曇りのち一時雨,NULL,NULL,NULL,極旨ショウサイフグ専門‼ 16-38cm2-14匹、14匹3名。 今月4回目の出船で行ってきました。いつもありがとうございます。 南西ビュービュー。たまに雨ザーザーから霧雨。皆さんカッパ着たり脱いだり忙しい日。 カットウ場所専門でやってきました。 ショウサイフグ。アカメフグ。コモンフグ。3種混ぜた釣果で割合は人それぞれでした。 海悪く後半潮速すぎで、掛け損ないも多かったけど全員ゲットできて良かったです。 トップは、1日後ろ有利な船向きでしたが、ど真ん中と前でした‼ 今日は、カットウ場所専門でしたが、季節的に状況見て胴突き場所だけとか、両方やったりとかなので、仕掛けはどちらも用意してください。仕掛け各種釣れるやつ,27.7℃,NULL,chowari/野毛屋釣船店
野毛屋釣船店,横浜市金沢八景平潟,2026/09/09,1,0,ショウサイフグ,ショウサイフグ,メイン,ショウサイフグ,NULL,,,,0,,,,,NULL,神奈川県 横浜市 金沢八景平潟,NULL,NULL,1,NULL,NULL,27.7,27.7,NULL,南南西,8.3m/s,中潮,南 0.4m/s,曇りのち一時雨,アカメフグ・コモンフグ,NULL,NULL,極旨ショウサイフグ専門‼ 16-38cm2-14匹、14匹3名。 今月4回目の出船で行ってきました。いつもありがとうございます。 南西ビュービュー。たまに雨ザーザーから霧雨。皆さんカッパ着たり脱いだり忙しい日。 カットウ場所専門でやってきました。 ショウサイフグ。アカメフグ。コモンフグ。3種混ぜた釣果で割合は人それぞれでした。 海悪く後半潮速すぎで、掛け損ないも多かったけど全員ゲットできて良かったです。 トップは、1日後ろ有利な船向きでしたが、ど真ん中と前でした‼ 今日は、カットウ場所専門でしたが、季節的に状況見て胴突き場所だけとか、両方やったりとかなので、仕掛けはどちらも用意してください。仕掛け各種釣れるやつ,27.7℃,NULL,chowari/野毛屋釣船店
野毛屋釣船店,横浜市金沢八景平潟,2026/09/11,1,0,アジ,アジ,サブ,アジ,NULL,,,,0,,,,,NULL,神奈川県 横浜市 金沢八景平潟,NULL,NULL,1,NULL,NULL,27.3,27.3,NULL,北北東,3.9m/s,大潮,東北東 0.2m/s,雨,NULL,NULL,NULL,タイ（ひとつテンヤ）船。 朝から潮の流れが良く反応もありました。11時ごろからアタリが出始め15時まで頑張ってトップは3枚、最大は1.8㎏でした。外道はマゴチとアジでした。,27.3℃,NULL,chowari/野毛屋釣船店
野毛屋釣船店,横浜市金沢八景平潟,2026/09/11,1,0,マゴチ,マゴチ,サブ,マゴチ,NULL,,,,0,,,,,NULL,神奈川県 横浜市 金沢八景平潟,NULL,NULL,1,NULL,NULL,27.3,27.3,NULL,北北東,3.9m/s,大潮,東北東 0.2m/s,雨,NULL,NULL,NULL,タイ（ひとつテンヤ）船。 朝から潮の流れが良く反応もありました。11時ごろからアタリが出始め15時まで頑張ってトップは3枚、最大は1.8㎏でした。外道はマゴチとアジでした。,27.3℃,NULL,chowari/野毛屋釣船店
野毛屋釣船店,横浜市金沢八景平潟,2026/09/11,1,0,マダイ,マダイ,メイン,マダイ,NULL,0.0,3.0,1.5,0,,,0.7,1.8,NULL,神奈川県 横浜市 金沢八景平潟,NULL,NULL,1,NULL,NULL,27.3,27.3,NULL,北北東,3.9m/s,大潮,東北東 0.2m/s,雨,アジ・マゴチ,NULL,NULL,タイ（ひとつテンヤ）船。 朝から潮の流れが良く反応もありました。11時ごろからアタリが出始め15時まで頑張ってトップは3枚、最大は1.8㎏でした。外道はマゴチとアジでした。,27.3℃,NULL,chowari/野毛屋釣船店
野毛屋釣船店,横浜市金沢八景平潟,2026/09/11,2,0,ショウサイフグ,ショウサイフグ,メイン,ショウサイフグ,NULL,6.0,37.0,21.5,0,14.0,38.0,,,NULL,神奈川県 横浜市 金沢八景平潟,NULL,NULL,1,NULL,NULL,27.3,27.3,NULL,北北東,3.9m/s,大潮,東北東 0.2m/s,雨,,NULL,NULL,フグ船。 極旨ショウサイフグ専門‼ 今日も行ってきました。いつもありがとうございます。 雨予報だったけど、よくこんなな集まってくれたなぁって感じで感謝です。 1日雨だったけど風がないから問題なし‼ 胴突き場所のみやってきました。 掛け損ない…巻きバラシ…水面バラシ…3本針全部ツルツルに食われちゃうのも多かったけど、釣果バッチリで釣れました‼ 極旨ショウサイフグの新子と太った中型主体に大型の極旨ショウサイフグも釣れました。 6匹の次は14匹から。20匹台の方が多かったです。トップはど真ん中でした。 総数も大漁でした‼,27.3℃,NULL,chowari/野毛屋釣船店
野毛屋釣船店,横浜市金沢八景平潟,2026/09/12,1,0,タコ,マダコ,メイン,タコ,NULL,0.0,5.0,2.5,0,,,0.3,0.8,NULL,神奈川県 横浜市 金沢八景平潟,NULL,NULL,1,NULL,NULL,25.9,25.9,NULL,北北東,5.0m/s,大潮,北北東 0.2m/s,雨のち曇り,,NULL,NULL,エギタコ。 今日も釣れない方1名でちゃいましたごめんなさい。,25.9℃,NULL,chowari/野毛屋釣船店
野毛屋釣船店,横浜市金沢八景平潟,2026/09/12,1,0,マダイ,マダイ,メイン,マダイ,NULL,0.0,3.0,1.5,0,,,0.6,2.4,NULL,神奈川県 横浜市 金沢八景平潟,NULL,NULL,1,NULL,NULL,25.9,25.9,NULL,北北東,5.0m/s,大潮,北北東 0.2m/s,雨のち曇り,,NULL,NULL,タイ（ひとつテンヤ）船。 お客様9名で出船しました。あちこち探索してどこでも型が出ました。後半はひと流しでしたが良型ばかりが釣れました。最大は2.4㎏、続いて2.1㎏、1.9㎏、1.6㎏、1.5㎏、1.4㎏、1.3㎏、1.2㎏、0.9㎏、0.6㎏で船中10枚でした。外道は、ホウボウ、ワラサ、ヒラメでした。ラバージグは80g、100g、テンヤは15号を使用しました。なお、ラバージグは船内販売があります。テンヤはご持参ください。,25.9℃,NULL,chowari/野毛屋釣船店
野毛屋釣船店,横浜市金沢八景平潟,2026/09/12,2,0,ショウサイフグ,ショウサイフグ,メイン,ショウサイフグ,NULL,6.0,29.0,17.5,0,14.0,38.0,,,NULL,神奈川県 横浜市 金沢八景平潟,NULL,NULL,1,NULL,NULL,25.9,25.9,NULL,北北東,5.0m/s,大潮,北北東 0.2m/s,雨のち曇り,,NULL,NULL,フグ船。 極旨ショウサイフグ専門‼ 今日も行ってきました。いつもありがとうございます。 胴突きスタート‼で、そのまま帰りまでやりきり。 今日は、今しか狙えない。今しか食べれない。極旨ショウサイフグ新子が全体で3分の1。 太りすぎ中型大型の極旨ショウサイフグが全体で3分の2。 アタリ多数。バラシ多数。 操船しながら見てるとバラシが多いから数伸びないかなぁど思ってたら…数聞いたら15〜20匹の間の方が多くて、終わってみれば釣れてんじゃん‼って感じで今日も総数大漁でした。,25.9℃,NULL,chowari/野毛屋釣船店
野毛屋釣船店,横浜市金沢八景平潟,2026/09/12,2,0,マダイ,マダイ,メイン,マダイ,NULL,0.0,3.0,1.5,0,,,0.6,2.4,NULL,神奈川県 横浜市 金沢八景平潟,NULL,NULL,1,NULL,NULL,25.9,25.9,NULL,北北東,5.0m/s,大潮,北北東 0.2m/s,雨のち曇り,,NULL,NULL,タイ（ひとつテンヤ）船。 お客様9名で出船しました。あちこち探索してどこでも型が出ました。後半はひと流しでしたが良型ばかりが釣れました。最大は2.4㎏、続いて2.1㎏、1.9㎏、1.6㎏、1.5㎏、1.4㎏、1.3㎏、1.2㎏、0.9㎏、0.6㎏で船中10枚でした。外道は、ホウボウ、ワラサ、ヒラメでした。ラバージグは80g、100g、テンヤは15号を使用しました。なお、ラバージグは船内販売があります。テンヤはご持参ください。,25.9℃,NULL,chowari/野毛屋釣船店
野毛屋釣船店,横浜市金沢八景平潟,2026/09/12,3,0,ショウサイフグ,ショウサイフグ,メイン,ショウサイフグ,NULL,6.0,29.0,17.5,0,14.0,38.0,,,NULL,神奈川県 横浜市 金沢八景平潟,NULL,NULL,1,NULL,NULL,25.9,25.9,NULL,北北東,5.0m/s,大潮,北北東 0.2m/s,雨のち曇り,,NULL,NULL,フグ船。 極旨ショウサイフグ専門‼ 今日も行ってきました。いつもありがとうございます。 胴突きスタート‼で、そのまま帰りまでやりきり。 今日は、今しか狙えない。今しか食べれない。極旨ショウサイフグ新子が全体で3分の1。 太りすぎ中型大型の極旨ショウサイフグが全体で3分の2。 アタリ多数。バラシ多数。 操船しながら見てるとバラシが多いから数伸びないかなぁど思ってたら…数聞いたら15〜20匹の間の方が多くて、終わってみれば釣れてんじゃん‼って感じで今日も総数大漁でした。,25.9℃,NULL,chowari/野毛屋釣船店
野毛屋釣船店,横浜市金沢八景平潟,2026/09/13,1,0,タコ,マダコ,メイン,タコ,NULL,0.0,4.0,2.0,0,,,0.3,0.8,NULL,神奈川県 横浜市 金沢八景平潟,NULL,NULL,1,NULL,NULL,25.4,25.4,NULL,北,4.3m/s,中潮,北北東 0.2m/s,曇りのち時々晴れ,,NULL,NULL,エギタコ。 今日は大勢の方に来て頂いたのに複数の方が釣れなくてごめんなさいでした。,25.4℃,NULL,chowari/野毛屋釣船店
野毛屋釣船店,横浜市金沢八景平潟,2026/09/13,1,0,タチウオ,タチウオ,サブ,タチウオ,NULL,,,,0,,,,,NULL,神奈川県 横浜市 金沢八景平潟,NULL,NULL,1,NULL,NULL,25.4,25.4,NULL,北,4.3m/s,中潮,北北東 0.2m/s,曇りのち時々晴れ,NULL,NULL,NULL,タイ（ひとつテンヤ）船。 朝の下潮の一投目から良型ゲットでしたが、その後はどこかしらで1枚ゲットがやっとでバレが多かったです。良型は3.8㎏、3㎏、2.6㎏でした。外道は、ホウボウとタチウオでした。,25.4℃,NULL,chowari/野毛屋釣船店
野毛屋釣船店,横浜市金沢八景平潟,2026/09/13,1,0,ホウボウ,ホウボウ,サブ,ホウボウ,NULL,,,,0,,,,,NULL,神奈川県 横浜市 金沢八景平潟,NULL,NULL,1,NULL,NULL,25.4,25.4,NULL,北,4.3m/s,中潮,北北東 0.2m/s,曇りのち時々晴れ,NULL,NULL,NULL,タイ（ひとつテンヤ）船。 朝の下潮の一投目から良型ゲットでしたが、その後はどこかしらで1枚ゲットがやっとでバレが多かったです。良型は3.8㎏、3㎏、2.6㎏でした。外道は、ホウボウとタチウオでした。,25.4℃,NULL,chowari/野毛屋釣船店
野毛屋釣船店,横浜市金沢八景平潟,2026/09/13,1,0,マダイ,マダイ,メイン,マダイ,NULL,0.0,2.0,1.0,0,,,0.6,3.8,NULL,神奈川県 横浜市 金沢八景平潟,NULL,NULL,1,NULL,NULL,25.4,25.4,NULL,北,4.3m/s,中潮,北北東 0.2m/s,曇りのち時々晴れ,タチウオ・ホウボウ,NULL,NULL,タイ（ひとつテンヤ）船。 朝の下潮の一投目から良型ゲットでしたが、その後はどこかしらで1枚ゲットがやっとでバレが多かったです。良型は3.8㎏、3㎏、2.6㎏でした。外道は、ホウボウとタチウオでした。,25.4℃,NULL,chowari/野毛屋釣船店
野毛屋釣船店,横浜市金沢八景平潟,2026/09/13,2,0,ショウサイフグ,ショウサイフグ,メイン,ショウサイフグ,NULL,2.0,21.0,11.5,0,15.0,38.0,,,NULL,神奈川県 横浜市 金沢八景平潟,NULL,NULL,1,NULL,NULL,25.4,25.4,NULL,北,4.3m/s,中潮,北北東 0.2m/s,曇りのち時々晴れ,,NULL,NULL,フグ船。 極旨ショウサイフグ専門‼ 今日も行ってきました。いつもありがとうございます。 胴突きスタートでそのまま帰りまでやりきり‼ 極旨太りすぎ中型大型主体‼新子混じり。 アタリ多数。バラシ多数。水面バラシや巻きバラシがとにかく多すぎたけど、魚が居なくて悩むよりはイイてますね（笑） 初心者初挑戦の方が多かったけど、良型主体に全然ゲットできたし総数も大漁でした。 トップは、左右の前から3番目。釣座関係ないですね。掛ける掛けないはアナタ次第（笑）,25.4℃,NULL,chowari/野毛屋釣船店
野毛屋釣船店,横浜市金沢八景平潟,2026/09/13,2,0,タチウオ,タチウオ,サブ,タチウオ,NULL,,,,0,,,,,NULL,神奈川県 横浜市 金沢八景平潟,NULL,NULL,1,NULL,NULL,25.4,25.4,NULL,北,4.3m/s,中潮,北北東 0.2m/s,曇りのち時々晴れ,NULL,NULL,NULL,タイ（ひとつテンヤ）船。 朝の下潮の一投目から良型ゲットでしたが、その後はどこかしらで1枚ゲットがやっとでバレが多かったです。良型は3.8㎏、3㎏、2.6㎏でした。外道は、ホウボウとタチウオでした。,25.4℃,NULL,chowari/野毛屋釣船店
野毛屋釣船店,横浜市金沢八景平潟,2026/09/13,2,0,ホウボウ,ホウボウ,サブ,ホウボウ,NULL,,,,0,,,,,NULL,神奈川県 横浜市 金沢八景平潟,NULL,NULL,1,NULL,NULL,25.4,25.4,NULL,北,4.3m/s,中潮,北北東 0.2m/s,曇りのち時々晴れ,NULL,NULL,NULL,タイ（ひとつテンヤ）船。 朝の下潮の一投目から良型ゲットでしたが、その後はどこかしらで1枚ゲットがやっとでバレが多かったです。良型は3.8㎏、3㎏、2.6㎏でした。外道は、ホウボウとタチウオでした。,25.4℃,NULL,chowari/野毛屋釣船店
野毛屋釣船店,横浜市金沢八景平潟,2026/09/13,2,0,マダイ,マダイ,メイン,マダイ,NULL,0.0,2.0,1.0,0,,,0.6,3.8,NULL,神奈川県 横浜市 金沢八景平潟,NULL,NULL,1,NULL,NULL,25.4,25.4,NULL,北,4.3m/s,中潮,北北東 0.2m/s,曇りのち時々晴れ,タチウオ・ホウボウ,NULL,NULL,タイ（ひとつテンヤ）船。 朝の下潮の一投目から良型ゲットでしたが、その後はどこかしらで1枚ゲットがやっとでバレが多かったです。良型は3.8㎏、3㎏、2.6㎏でした。外道は、ホウボウとタチウオでした。,25.4℃,NULL,chowari/野毛屋釣船店
野毛屋釣船店,横浜市金沢八景平潟,2026/09/13,3,0,ショウサイフグ,ショウサイフグ,メイン,ショウサイフグ,NULL,2.0,21.0,11.5,0,15.0,38.0,,,NULL,神奈川県 横浜市 金沢八景平潟,NULL,NULL,1,NULL,NULL,27.2,27.2,NULL,北,4.3m/s,中潮,北北東 0.2m/s,曇りのち時々晴れ,,NULL,NULL,フグ船。 極旨ショウサイフグ専門‼ 今日も行ってきました。いつもありがとうございます。 胴突きスタートでそのまま帰りまでやりきり‼ 極旨太りすぎ中型大型主体‼新子混じり。 アタリ多数。バラシ多数。水面バラシや巻きバラシがとにかく多すぎたけど、魚が居なくて悩むよりはイイてますね（笑） 初心者初挑戦の方が多かったけど、良型主体に全然ゲットできたし総数も大漁でした。 トップは、左右の前から3番目。釣座関係ないですね。掛ける掛けないはアナタ次第（笑）,27.2℃,NULL,chowari/野毛屋釣船店
野毛屋釣船店,横浜市金沢八景平潟,2026/09/14,1,0,ショウサイフグ,ショウサイフグ,メイン,ショウサイフグ,NULL,1.0,11.0,6.0,0,15.0,38.0,,,NULL,神奈川県 横浜市 金沢八景平潟,NULL,NULL,1,NULL,NULL,25.8,25.8,NULL,南南西,6.0m/s,中潮,南 0.2m/s,晴れ後時々曇り,,NULL,NULL,フグ船。 極旨ショウサイフグ専門‼ 今日も行ってきました。いつもありがとうございます。 胴突きスタート‼ 反応は出てるけど… 掛け損ない。巻きバラシ多数‼とにかくバラシが多すぎでした。 何人か同時にヒットしても1匹2匹しか釣れなかったり。とにかく魚が船に入らない。 そうこうしてる間に急激に変わった水色が気にくわないのかな？反応消えちゃうし戻ってこないし行方不明。 どこもそんな感じで長続きしませんでした。 初心者初挑戦の方が多い中でこの状況でしたが、全員ゲットできたし終わってみれば総数は3桁超えてました‼ トップはど真ん中でお見事です。初の竿頭ステッカーゲットでした‼,25.8℃,NULL,chowari/野毛屋釣船店
野毛屋釣船店,横浜市金沢八景平潟,2026/09/15,1,0,ショウサイフグ,ショウサイフグ,メイン,ショウサイフグ,NULL,1.0,16.0,8.5,0,15.0,38.0,,,NULL,神奈川県 横浜市 金沢八景平潟,NULL,NULL,1,NULL,NULL,25.8,25.8,NULL,南,5.7m/s,中潮,南 0.2m/s,曇り一時雨,,NULL,NULL,フグ船。 極旨ショウサイフグ専門‼ 今日も行ってきました。いつもありがとうございます。 胴突きスタート‼ 各所でポツリポツリ。掛け損ない巻きバラシ多数でポツリポツリ。でも長続きしないからアッチコッチやって、後半は釣れると太りすぎの中型大型で型はイイけど単発。 って事で、極旨ショウサイフグ新子主体‼ 極旨だけど新子主体なら釣果も総数もせめて倍は釣りたいところですね。オイラの力不足です。 とりあえず…終わってみれば全員ゲットの総数3桁超えてました。 また今日もトップはど真ん中でお見事でした。,25.8℃,NULL,chowari/野毛屋釣船店
野毛屋釣船店,横浜市金沢八景平潟,2026/09/16,1,0,ショウサイフグ,ショウサイフグ,メイン,ショウサイフグ,NULL,2.0,15.0,8.5,0,15.0,36.0,,,NULL,神奈川県 横浜市 金沢八景平潟,NULL,NULL,1,NULL,NULL,25.9,25.9,NULL,北北東,3.3m/s,中潮,東 0.2m/s,雨,,NULL,NULL,フグ船。 2番手14匹。10匹台9名。 極旨ショウサイフグ専門！ 今日も行ってきました。いつもありがとうございます。 胴突きスタートのやりきり。 各所で、掛け損ない、巻きバラシ多数の合間にポツリポツリ釣れる感じ。 まぁ、そこは昨日と同じですが、同じ様な場所が昨日より増えたので、アッチコッチ攻めてきました‼ 太りすぎ中型大型の極旨ショウサイフグもポツリポツリと混じって、今日も全員ゲット‼ トップ15匹の方は初の竿頭ステッカーゲット‼ 10匹台が9名で誰がトップなの？ってくらい争奪戦でした‼ 総数は昨日より大幅にアップの3桁楽勝超えでした‼,25.9℃,NULL,chowari/野毛屋釣船店
野毛屋釣船店,横浜市金沢八景平潟,2026/09/16,2,0,マアジ,アジ,メイン,マアジ,NULL,11.0,62.0,36.5,0,21.0,28.0,,,NULL,神奈川県 横浜市 金沢八景平潟,NULL,NULL,1,NULL,NULL,25.9,25.9,NULL,北北東,3.3m/s,中潮,東 0.2m/s,雨,,NULL,NULL,午前LT金アジ船。 今日もありがとうございました。前半はなかなかハマれず型程度でしたが、後半は入れ食い状態で帰りまでやらせてもらえて釣果伸ばす事ができました。また宜しくお願いします。,25.9℃,NULL,chowari/野毛屋釣船店
金沢八景 黒川丸,横浜市金沢八景平潟,2026/09/02,1,0,アジ,アジ,メイン,アジ,NULL,16.0,52.0,34.0,0,17.0,26.0,,,NULL,猿島沖,NULL,NULL,1,NULL,NULL,27.7,27.7,NULL,南,0.9m/s,中潮,南南東 0.2m/s,曇り時々晴れ,タチウオ,NULL,NULL,◆午前アジ 近場ポイントを狙い中型主体にアタリ良かったです ◆ショートタチウオ 猿島沖50～60mを狙い小、中主体に大型も交じりました ◆9月7日(月)～10日(木)臨時休業 7日(月)～9日(水)お電話での対応ができませんので10日(木)以降にお願いします,27.7℃,NULL,chowari/金沢八景 黒川丸
金沢八景 黒川丸,横浜市金沢八景平潟,2026/09/02,1,0,タチウオ,タチウオ,サブ,タチウオ,NULL,2.0,19.0,10.5,0,65.0,115.0,,,NULL,猿島沖,NULL,NULL,1,NULL,NULL,27.7,27.7,NULL,南,0.9m/s,中潮,南南東 0.2m/s,曇り時々晴れ,NULL,NULL,NULL,◆午前アジ 近場ポイントを狙い中型主体にアタリ良かったです ◆ショートタチウオ 猿島沖50～60mを狙い小、中主体に大型も交じりました ◆9月7日(月)～10日(木)臨時休業 7日(月)～9日(水)お電話での対応ができませんので10日(木)以降にお願いします,27.7℃,NULL,chowari/金沢八景 黒川丸
金沢八景 黒川丸,横浜市金沢八景平潟,2026/09/04,1,0,タチウオ,タチウオ,メイン,タチウオ,NULL,4.0,20.0,12.0,0,65.0,115.0,,,NULL,走水沖,猿島沖,NULL,2,NULL,NULL,28.0,28.0,NULL,北北東,3.2m/s,小潮,南東 0.2m/s,雨時々止む,,NULL,NULL,◆ショートタチウオ 走水沖～猿島沖を狙いほとんど貸し竿でしたが全員型見れました ◆9月7日(月)～10日(木)臨時休業 7日(月)～9日(水)お電話での対応ができませんので10日(木)以降にお願いします,28.0℃,NULL,chowari/金沢八景 黒川丸
金沢八景 黒川丸,横浜市金沢八景平潟,2026/09/05,1,0,アジ,アジ,サブ,アジ,NULL,9.0,27.0,18.0,0,18.0,26.0,,,NULL,神奈川県 横浜市 金沢八景平潟,NULL,NULL,1,NULL,NULL,27.6,27.6,NULL,北東,3.3m/s,小潮,東 0.2m/s,曇り,NULL,NULL,NULL,◆9月7日(月)～10日(木)臨時休業 7日(月)～9日(水)お電話での対応ができませんので10日(木)以降にお願いします ◆上段は午前アジ ◆下段は午後アジ 近場ポイントで午前は開始早々アタリ良く平均にあがりました。午後も初心者貸し竿多数でしたが全員型見れました。 ◆ショートタチウオ仕立 本日は仕立船で貸し竿の方も多数でしたが良型交じりで土産キープできました。,27.6℃,NULL,chowari/金沢八景 黒川丸
金沢八景 黒川丸,横浜市金沢八景平潟,2026/09/05,1,0,タチウオ,タチウオ,サブ,タチウオ,NULL,4.0,13.0,8.5,0,65.0,110.0,,,NULL,神奈川県 横浜市 金沢八景平潟,NULL,NULL,1,NULL,NULL,27.6,27.6,NULL,北東,3.3m/s,小潮,東 0.2m/s,曇り,NULL,NULL,NULL,◆9月7日(月)～10日(木)臨時休業 7日(月)～9日(水)お電話での対応ができませんので10日(木)以降にお願いします ◆上段は午前アジ ◆下段は午後アジ 近場ポイントで午前は開始早々アタリ良く平均にあがりました。午後も初心者貸し竿多数でしたが全員型見れました。 ◆ショートタチウオ仕立 本日は仕立船で貸し竿の方も多数でしたが良型交じりで土産キープできました。,27.6℃,NULL,chowari/金沢八景 黒川丸
金沢八景 黒川丸,横浜市金沢八景平潟,2026/09/06,1,0,アジ,アジ,メイン,アジ,NULL,2.0,15.0,8.5,0,17.0,25.0,,,NULL,神奈川県 横浜市 金沢八景平潟,NULL,NULL,1,NULL,NULL,27.6,27.6,NULL,北北東,7.8m/s,長潮,北北東 0.6m/s,雨,,NULL,NULL,◆9月7日(月)～10日(木)臨時休業 7日(月)～9日(水)お電話での対応ができませんので10日(木)以降にお願いします ◆午前アジ 近場ポイントを狙いましたがあまりアタリ続きませんでしたが中型主体でした,27.6℃,NULL,chowari/金沢八景 黒川丸
金沢八景 黒川丸,横浜市金沢八景平潟,2026/09/11,1,0,アジ,アジ,メイン,アジ,NULL,28.0,59.0,43.5,0,18.0,25.0,,,NULL,神奈川県 横浜市 金沢八景平潟,NULL,NULL,1,NULL,NULL,27.3,27.3,NULL,北北東,3.9m/s,大潮,東北東 0.2m/s,雨,,NULL,NULL,◆午前アジ 雨陽気の一日でしたがポイント到着まもなくアタリ出し平均にあがりました。,27.3℃,NULL,chowari/金沢八景 黒川丸
金沢八景 黒川丸,横浜市金沢八景平潟,2026/09/12,1,0,アジ,アジ,サブ,アジ,NULL,15.0,47.0,31.0,0,18.0,25.0,,,NULL,走水沖,中ノ瀬沖,NULL,2,NULL,NULL,25.9,25.9,NULL,北北東,5.0m/s,大潮,北北東 0.2m/s,雨のち曇り,NULL,NULL,NULL,◆上段は午前アジ ◆下段は午後アジ 午前は魚影薄くアタリ続きませんでした。午後は開始早々アタリだし 平均にあがりました。別船午後仕立船も貸し竿主体でしたが全員型見れました ◆スポット午前タチウオ 本日は午前船で走水沖を狙いました。潮の流れ速く釣りづらさもありましたが全員型見れました ◆午前シロギス仕立 本日は午前シロギス仕立船で中ノ瀬沖を狙いました,25.9℃,NULL,chowari/金沢八景 黒川丸
金沢八景 黒川丸,横浜市金沢八景平潟,2026/09/12,1,0,シロギス,シロギス,サブ,シロギス,NULL,2.0,20.0,11.0,0,17.0,24.0,,,NULL,走水沖,中ノ瀬沖,NULL,2,NULL,NULL,25.9,25.9,NULL,北北東,5.0m/s,大潮,北北東 0.2m/s,雨のち曇り,NULL,NULL,NULL,◆上段は午前アジ ◆下段は午後アジ 午前は魚影薄くアタリ続きませんでした。午後は開始早々アタリだし 平均にあがりました。別船午後仕立船も貸し竿主体でしたが全員型見れました ◆スポット午前タチウオ 本日は午前船で走水沖を狙いました。潮の流れ速く釣りづらさもありましたが全員型見れました ◆午前シロギス仕立 本日は午前シロギス仕立船で中ノ瀬沖を狙いました,25.9℃,NULL,chowari/金沢八景 黒川丸
金沢八景 黒川丸,横浜市金沢八景平潟,2026/09/12,1,0,タチウオ,タチウオ,サブ,タチウオ,NULL,2.0,13.0,7.5,0,65.0,105.0,,,NULL,走水沖,中ノ瀬沖,NULL,2,NULL,NULL,25.9,25.9,NULL,北北東,5.0m/s,大潮,北北東 0.2m/s,雨のち曇り,NULL,NULL,NULL,◆上段は午前アジ ◆下段は午後アジ 午前は魚影薄くアタリ続きませんでした。午後は開始早々アタリだし 平均にあがりました。別船午後仕立船も貸し竿主体でしたが全員型見れました ◆スポット午前タチウオ 本日は午前船で走水沖を狙いました。潮の流れ速く釣りづらさもありましたが全員型見れました ◆午前シロギス仕立 本日は午前シロギス仕立船で中ノ瀬沖を狙いました,25.9℃,NULL,chowari/金沢八景 黒川丸
金沢八景 黒川丸,横浜市金沢八景平潟,2026/09/13,1,0,アジ,アジ,サブ,アジ,NULL,17.0,52.0,34.5,0,20.0,25.0,,,NULL,走水沖,NULL,NULL,1,NULL,NULL,25.4,25.4,NULL,北,4.3m/s,中潮,北北東 0.2m/s,曇りのち時々晴れ,NULL,NULL,NULL,◆上段は午前アジ ◆下段は午後アジ 午前午後共に中型から良型主体に土産とれました ◆ショートタチウオ 走水沖を狙い昨日より潮の流れ速くなく釣りやすくなりました。,25.4℃,NULL,chowari/金沢八景 黒川丸
金沢八景 黒川丸,横浜市金沢八景平潟,2026/09/13,1,0,タチウオ,タチウオ,サブ,タチウオ,NULL,1.0,15.0,8.0,0,65.0,105.0,,,NULL,走水沖,NULL,NULL,1,NULL,NULL,25.4,25.4,NULL,北,4.3m/s,中潮,北北東 0.2m/s,曇りのち時々晴れ,NULL,NULL,NULL,◆上段は午前アジ ◆下段は午後アジ 午前午後共に中型から良型主体に土産とれました ◆ショートタチウオ 走水沖を狙い昨日より潮の流れ速くなく釣りやすくなりました。,25.4℃,NULL,chowari/金沢八景 黒川丸
金沢八景 黒川丸,横浜市金沢八景平潟,2026/09/14,1,0,アジ,アジ,サブ,アジ,NULL,7.0,21.0,14.0,0,19.0,25.0,,,NULL,横須賀沖,NULL,NULL,1,NULL,NULL,25.8,25.8,NULL,南南西,6.0m/s,中潮,南 0.2m/s,晴れ後時々曇り,NULL,NULL,NULL,◆上段は午前アジ ◆下段は午後アジ 南西の風吹いていましたが風陰を狙い良型主体に上がりました ◆ショートタチウオ 横須賀沖を狙いましたがアタリ少なく数伸びませんでした,25.8℃,NULL,chowari/金沢八景 黒川丸
金沢八景 黒川丸,横浜市金沢八景平潟,2026/09/14,1,0,タチウオ,タチウオ,サブ,タチウオ,NULL,2.0,6.0,4.0,0,65.0,105.0,,,NULL,横須賀沖,NULL,NULL,1,NULL,NULL,25.8,25.8,NULL,南南西,6.0m/s,中潮,南 0.2m/s,晴れ後時々曇り,NULL,NULL,NULL,◆上段は午前アジ ◆下段は午後アジ 南西の風吹いていましたが風陰を狙い良型主体に上がりました ◆ショートタチウオ 横須賀沖を狙いましたがアタリ少なく数伸びませんでした,25.8℃,NULL,chowari/金沢八景 黒川丸
金沢八景 黒川丸,横浜市金沢八景平潟,2026/09/15,1,0,アジ,アジ,メイン,アジ,NULL,13.0,55.0,34.0,0,18.0,25.0,,,NULL,猿島沖,走水沖,NULL,2,NULL,NULL,25.8,25.8,NULL,南,5.7m/s,中潮,南 0.2m/s,曇り一時雨,タチウオ,NULL,NULL,◆午前アジ 狭いポイントでアタリ良く初心者の方も土産とれました ◆タチウオ仕立て 本日は仕立船で猿島沖から走水沖を狙い良型も交じりました,25.8℃,NULL,chowari/金沢八景 黒川丸
金沢八景 黒川丸,横浜市金沢八景平潟,2026/09/15,1,0,タチウオ,タチウオ,サブ,タチウオ,NULL,3.0,12.0,7.5,0,65.0,110.0,,,NULL,猿島沖,走水沖,NULL,2,NULL,NULL,25.8,25.8,NULL,南,5.7m/s,中潮,南 0.2m/s,曇り一時雨,NULL,NULL,NULL,◆午前アジ 狭いポイントでアタリ良く初心者の方も土産とれました ◆タチウオ仕立て 本日は仕立船で猿島沖から走水沖を狙い良型も交じりました,25.8℃,NULL,chowari/金沢八景 黒川丸
金沢八景 黒川丸,横浜市金沢八景平潟,2026/09/16,1,0,アジ,アジ,メイン,アジ,NULL,20.0,56.0,38.0,0,18.0,25.0,,,NULL,走水沖,猿島沖,NULL,2,NULL,NULL,25.9,25.9,NULL,北北東,3.3m/s,中潮,東 0.2m/s,雨,タチウオ,NULL,NULL,◆午前アジ 中型から良型主体にアタリ良かったです ◆ショートタチウオ 走水沖から猿島沖を狙い前半はポツリポツリアタリ後半は渋くなりました,25.9℃,NULL,chowari/金沢八景 黒川丸
金沢八景 黒川丸,横浜市金沢八景平潟,2026/09/16,1,0,タチウオ,タチウオ,サブ,タチウオ,NULL,2.0,22.0,12.0,0,65.0,105.0,,,NULL,走水沖,猿島沖,NULL,2,NULL,NULL,25.9,25.9,NULL,北北東,3.3m/s,中潮,東 0.2m/s,雨,NULL,NULL,NULL,◆午前アジ 中型から良型主体にアタリ良かったです ◆ショートタチウオ 走水沖から猿島沖を狙い前半はポツリポツリアタリ後半は渋くなりました,25.9℃,NULL,chowari/金沢八景 黒川丸
金沢八景 黒川丸,横浜市金沢八景平潟,2026/09/18,1,0,アジ,アジ,メイン,アジ,NULL,0.0,8.0,4.0,0,18.0,25.0,,,NULL,神奈川県 横浜市 金沢八景平潟,NULL,NULL,1,NULL,NULL,26.1,26.1,NULL,北,8.9m/s,小潮,北北東 0.6m/s,曇り,タチウオ,NULL,NULL,◆午前アジ北風吹いていたので波陰を狙いましたが食い渋りで数伸びませんでした ◆ショートタチウオ仕立 本日は仕立船で北風吹き波もありましたがどの流しもポツリポツリアタリあり2番手20匹、貸し竿で15匹と好調でした,26.1℃,NULL,chowari/金沢八景 黒川丸
金沢八景 黒川丸,横浜市金沢八景平潟,2026/09/18,1,0,タチウオ,タチウオ,サブ,タチウオ,NULL,11.0,31.0,21.0,0,65.0,105.0,,,NULL,神奈川県 横浜市 金沢八景平潟,NULL,NULL,1,NULL,NULL,26.1,26.1,NULL,北,8.9m/s,小潮,北北東 0.6m/s,曇り,NULL,NULL,NULL,◆午前アジ北風吹いていたので波陰を狙いましたが食い渋りで数伸びませんでした ◆ショートタチウオ仕立 本日は仕立船で北風吹き波もありましたがどの流しもポツリポツリアタリあり2番手20匹、貸し竿で15匹と好調でした,26.1℃,NULL,chowari/金沢八景 黒川丸
金沢八景 黒川丸,横浜市金沢八景平潟,2026/09/19,1,0,アジ,アジ,メイン,アジ,NULL,5.0,32.0,18.5,0,18.0,25.0,,,NULL,横須賀沖,NULL,NULL,1,NULL,NULL,25.9,25.9,NULL,北,6.9m/s,小潮,北 0.5m/s,曇り一時雨,タチウオ,NULL,NULL,◆午前アジ 近場ポイントでポツリポツリアタリました ◆ショートタチウオ 横須賀沖を狙い前半アタリました ◆台風の影響により20日～21日(月)出船中止となります,25.9℃,NULL,chowari/金沢八景 黒川丸
金沢八景 黒川丸,横浜市金沢八景平潟,2026/09/19,1,0,タチウオ,タチウオ,サブ,タチウオ,NULL,3.0,18.0,10.5,0,65.0,105.0,,,NULL,横須賀沖,NULL,NULL,1,NULL,NULL,25.9,25.9,NULL,北,6.9m/s,小潮,北 0.5m/s,曇り一時雨,NULL,NULL,NULL,◆午前アジ 近場ポイントでポツリポツリアタリました ◆ショートタチウオ 横須賀沖を狙い前半アタリました ◆台風の影響により20日～21日(月)出船中止となります,25.9℃,NULL,chowari/金沢八景 黒川丸
釣り船小林,品川区立会川勝島運河,2026/09/13,1,0,ハゼ,ハゼ,メイン,ハゼ,NULL,,,,0,,,,,NULL,東京都 品川区 立会川勝島運河,NULL,NULL,1,NULL,NULL,26.7,26.7,NULL,北,4.4m/s,中潮,北北東 0.2m/s,曇りのち時々晴れ,,NULL,NULL,ハゼ釣り、開始から順調に当たりました。^o^,26.7℃,NULL,chowari/釣り船小林
釣華丸（SEEKERS）,寸座マリーナ,2026/09/02,1,0,アジ,アジ,メイン,アジ,NULL,,,,0,,,,,NULL,静岡県 浜松市 寸座マリーナ,NULL,NULL,1,NULL,NULL,28.0,28.0,NULL,東,1.9m/s,中潮,南南東 0.7m/s,晴れ後時々曇り,タチウオ,NULL,NULL,アジ太刀魚で出船。 中アジが順調に釣れました^_^ 太刀魚もぼちぼちな釣果。 記録はちょい少な目でも活性はありましたね！ ジグを4つロストした人も、、(。-∀-) 本日もご乗船ありがとうございました。 お疲れ様でした。 明日は人数不足のため休船です。 夜は研修釣行？,28.0℃,NULL,chowari/釣華丸（SEEKERS）
釣華丸（SEEKERS）,寸座マリーナ,2026/09/02,1,0,タチウオ,タチウオ,サブ,タチウオ,NULL,,,,0,,,,,NULL,静岡県 浜松市 寸座マリーナ,NULL,NULL,1,NULL,NULL,28.0,28.0,NULL,東,1.9m/s,中潮,南南東 0.7m/s,晴れ後時々曇り,NULL,NULL,NULL,アジ太刀魚で出船。 中アジが順調に釣れました^_^ 太刀魚もぼちぼちな釣果。 記録はちょい少な目でも活性はありましたね！ ジグを4つロストした人も、、(。-∀-) 本日もご乗船ありがとうございました。 お疲れ様でした。 明日は人数不足のため休船です。 夜は研修釣行？,28.0℃,NULL,chowari/釣華丸（SEEKERS）
釣華丸（SEEKERS）,寸座マリーナ,2026/09/12,1,0,タチウオ,タチウオ,メイン,タチウオ,NULL,,,,0,,,,,NULL,静岡県 浜松市 寸座マリーナ,NULL,NULL,1,NULL,NULL,27.2,27.2,NULL,東,4.6m/s,大潮,南南東 1.1m/s,曇り,,NULL,NULL,シケ明けで久しぶりの出船になりました。 SHIMANO富所潤さんのサロンメンバーさんと、SHIMANOテスター樋口煇さんの太刀魚チャーター便。 皆さん上手に釣ってくれましたが、ぶっちぎりの大漁はやはり樋口さん。 開始3時間半で60匹以上の釣果！ クーラーボックス満タンで一人だけ先に納竿してました。 流石SHIMANOのテスターに抜擢されるだけの腕があります！ 残りの時間は皆さんの指導にあたっていました。 釣れるか不安でしたが、釣れて良かったです。 お疲れ様でした。 ありがとうございました。,27.2℃,NULL,chowari/釣華丸（SEEKERS）
釣華丸（SEEKERS）,寸座マリーナ,2026/09/13,1,0,アジ,アジ,メイン,アジ,NULL,,,,0,,,,,NULL,静岡県 浜松市 寸座マリーナ,NULL,NULL,1,NULL,NULL,26.4,26.4,NULL,東,3.5m/s,中潮,南東 0.8m/s,曇り,タチウオ,NULL,NULL,デカアジが順調に釣れました。 皆さん十分にお土産を確保できました(^.^) タチウオも昨日の今日で釣れると思っていたのですが、今日は魚探に映る魚が少なかったです。 後半に群れが固まって良く釣れる様になったので、少しサービス残業して13:15で沖上がりしました。 本日はご乗船ありがとうございました。 お疲れ様でした。 またお願いいたします。,26.4℃,NULL,chowari/釣華丸（SEEKERS）
釣華丸（SEEKERS）,寸座マリーナ,2026/09/13,1,0,タチウオ,タチウオ,サブ,タチウオ,NULL,,,,0,,,,,NULL,静岡県 浜松市 寸座マリーナ,NULL,NULL,1,NULL,NULL,26.4,26.4,NULL,東,3.5m/s,中潮,南東 0.8m/s,曇り,NULL,NULL,NULL,デカアジが順調に釣れました。 皆さん十分にお土産を確保できました(^.^) タチウオも昨日の今日で釣れると思っていたのですが、今日は魚探に映る魚が少なかったです。 後半に群れが固まって良く釣れる様になったので、少しサービス残業して13:15で沖上がりしました。 本日はご乗船ありがとうございました。 お疲れ様でした。 またお願いいたします。,26.4℃,NULL,chowari/釣華丸（SEEKERS）
釣華丸（SEEKERS）,寸座マリーナ,2026/09/14,1,0,アジ,アジ,メイン,アジ,NULL,,,,0,,,,,NULL,静岡県 浜松市 寸座マリーナ,NULL,NULL,1,NULL,NULL,26.4,26.4,NULL,東南東,2.0m/s,中潮,南東 0.7m/s・凪,曇り一時雨,タチウオ,NULL,NULL,アジ太刀魚で出船しました。 スタートのアジ釣りは昨日と同じ場所！ 開始15分は記録はあるものの食い悪く、ぼちぼち移動を考え始めた頃からポツポツ釣れ初めて、食いモードにスイッチON！ 釣れ始めてからは順調に釣れて、初心者の方もビギナーズラック？で大漁でした。 タチウオは、ジギングとテンヤで大差がありました。 ジギングは数は釣れましたが細いのが沢山。 テンヤは、ドラゴン混じりで、アベレージサイズが良かったです。 途中、こんな予報だっけ？という豪雨でしたが、一日お疲れ様でした。 本日もご乗船ありがとうございました。 また宜しくお願いします。 明日も凪予報ですが、一日中雨予報でご予約ナシ(/_;) 研修釣行,26.4℃,NULL,chowari/釣華丸（SEEKERS）
釣華丸（SEEKERS）,寸座マリーナ,2026/09/14,1,0,タチウオ,タチウオ,サブ,タチウオ,NULL,,,,0,,,,,NULL,静岡県 浜松市 寸座マリーナ,NULL,NULL,1,NULL,NULL,26.4,26.4,NULL,東南東,2.0m/s,中潮,南東 0.7m/s・凪,曇り一時雨,NULL,NULL,NULL,アジ太刀魚で出船しました。 スタートのアジ釣りは昨日と同じ場所！ 開始15分は記録はあるものの食い悪く、ぼちぼち移動を考え始めた頃からポツポツ釣れ初めて、食いモードにスイッチON！ 釣れ始めてからは順調に釣れて、初心者の方もビギナーズラック？で大漁でした。 タチウオは、ジギングとテンヤで大差がありました。 ジギングは数は釣れましたが細いのが沢山。 テンヤは、ドラゴン混じりで、アベレージサイズが良かったです。 途中、こんな予報だっけ？という豪雨でしたが、一日お疲れ様でした。 本日もご乗船ありがとうございました。 また宜しくお願いします。 明日も凪予報ですが、一日中雨予報でご予約ナシ(/_;) 研修釣行,26.4℃,NULL,chowari/釣華丸（SEEKERS）
釣華丸（SEEKERS）,寸座マリーナ,2026/09/16,1,0,アジ,アジ,サブ,アジ,NULL,30.0,30.0,30.0,0,,,,,NULL,静岡県 浜松市 寸座マリーナ,NULL,NULL,1,NULL,NULL,26.2,26.2,NULL,東,0.6m/s,中潮,南東 0.8m/s,雨,NULL,NULL,NULL,アジ〜太刀魚リレーで出船！ デカアジにサバも少し入って釣った人で30匹前後。 泳がせで特大オオニベ14Kと良型ヒラメの釣果！ 泳がせバラシもありました。 タチウオも順調でした。 2時間半でトップ30匹です。 本日はご乗船ありがとうございました。 お疲れ様でした。 明日は太刀魚オンリーで出船します。 よろしくお願いいたします。,26.2℃,NULL,chowari/釣華丸（SEEKERS）
釣華丸（SEEKERS）,寸座マリーナ,2026/09/16,1,0,オオニベ,NULL,サブ,オオニベ,NULL,,,,0,,,14.0,14.0,NULL,静岡県 浜松市 寸座マリーナ,NULL,NULL,1,NULL,NULL,26.2,26.2,NULL,東,0.6m/s,中潮,南東 0.8m/s,雨,NULL,NULL,NULL,アジ〜太刀魚リレーで出船！ デカアジにサバも少し入って釣った人で30匹前後。 泳がせで特大オオニベ14Kと良型ヒラメの釣果！ 泳がせバラシもありました。 タチウオも順調でした。 2時間半でトップ30匹です。 本日はご乗船ありがとうございました。 お疲れ様でした。 明日は太刀魚オンリーで出船します。 よろしくお願いいたします。,26.2℃,NULL,chowari/釣華丸（SEEKERS）
釣華丸（SEEKERS）,寸座マリーナ,2026/09/16,1,0,タチウオ,タチウオ,メイン,タチウオ,NULL,30.0,30.0,30.0,0,,,,,NULL,静岡県 浜松市 寸座マリーナ,NULL,NULL,1,NULL,NULL,26.2,26.2,NULL,東,0.6m/s,中潮,南東 0.8m/s,雨,アジ・オオニベ・ヒラメ,NULL,NULL,アジ〜太刀魚リレーで出船！ デカアジにサバも少し入って釣った人で30匹前後。 泳がせで特大オオニベ14Kと良型ヒラメの釣果！ 泳がせバラシもありました。 タチウオも順調でした。 2時間半でトップ30匹です。 本日はご乗船ありがとうございました。 お疲れ様でした。 明日は太刀魚オンリーで出船します。 よろしくお願いいたします。,26.2℃,NULL,chowari/釣華丸（SEEKERS）
釣華丸（SEEKERS）,寸座マリーナ,2026/09/16,1,0,ヒラメ,ヒラメ,サブ,ヒラメ,NULL,,,,0,,,,,NULL,静岡県 浜松市 寸座マリーナ,NULL,NULL,1,NULL,NULL,26.2,26.2,NULL,東,0.6m/s,中潮,南東 0.8m/s,雨,NULL,NULL,NULL,アジ〜太刀魚リレーで出船！ デカアジにサバも少し入って釣った人で30匹前後。 泳がせで特大オオニベ14Kと良型ヒラメの釣果！ 泳がせバラシもありました。 タチウオも順調でした。 2時間半でトップ30匹です。 本日はご乗船ありがとうございました。 お疲れ様でした。 明日は太刀魚オンリーで出船します。 よろしくお願いいたします。,26.2℃,NULL,chowari/釣華丸（SEEKERS）
釣華丸（SEEKERS）,寸座マリーナ,2026/09/17,1,0,タチウオ,タチウオ,メイン,タチウオ,NULL,40.0,40.0,40.0,0,,,,,NULL,静岡県 浜松市 寸座マリーナ,NULL,NULL,1,NULL,NULL,26.0,26.0,NULL,東,2.0m/s,小潮,南東 0.7m/s,晴れ時々曇り,,NULL,NULL,太刀魚オンリーで出船。 昨日の倍の時間をやりましたが、食わない時間帯があり、釣果は倍にならず、、 トップ40匹でした。 本日はご乗船ありがとうございました。 お疲れ様でした。 明日はアジ泳がせ〜太刀魚コース！ よろしくお願いいたします。,26.0℃,NULL,chowari/釣華丸（SEEKERS）
釣華丸（SEEKERS）,寸座マリーナ,2026/09/18,1,0,アオハタ,ハタ,サブ,アオハタ,NULL,,,,0,,,,,NULL,静岡県 浜松市 寸座マリーナ,NULL,NULL,1,NULL,NULL,26.0,26.0,NULL,北東,1.6m/s,小潮,東南東 0.9m/s・凪,曇り時々晴れ,NULL,NULL,NULL,泳がせ〜太刀魚で出船しました。 泳がせは、アオハタ・カンパチ・イナダ・ニベ・ベビークエ。 ヒラメが無いのが残念。 タチウオは「釣れない気がしない！」記録でしたが、ちょい難しかったのかな？ 一日お疲れ様でした。 本日もご乗船ありがとうございました。 凪も今日まで？ 本当に台風が来てる？？と疑う凪でした。 明日も問題なく行けそうな感じでしたが、波予報は3mなので無難に中止です。 現在の予報だと23日(水)から出れそうですね！ サッと抜けてくれれば、もしかすると22日から行けるかも？ 今年はシケ休みが多すぎ(//∇//),26.0℃,NULL,chowari/釣華丸（SEEKERS）
釣華丸（SEEKERS）,寸座マリーナ,2026/09/18,1,0,イナダ,イナダ,サブ,イナダ,NULL,,,,0,,,,,NULL,静岡県 浜松市 寸座マリーナ,NULL,NULL,1,NULL,NULL,26.0,26.0,NULL,北東,1.6m/s,小潮,東南東 0.9m/s・凪,曇り時々晴れ,NULL,NULL,NULL,泳がせ〜太刀魚で出船しました。 泳がせは、アオハタ・カンパチ・イナダ・ニベ・ベビークエ。 ヒラメが無いのが残念。 タチウオは「釣れない気がしない！」記録でしたが、ちょい難しかったのかな？ 一日お疲れ様でした。 本日もご乗船ありがとうございました。 凪も今日まで？ 本当に台風が来てる？？と疑う凪でした。 明日も問題なく行けそうな感じでしたが、波予報は3mなので無難に中止です。 現在の予報だと23日(水)から出れそうですね！ サッと抜けてくれれば、もしかすると22日から行けるかも？ 今年はシケ休みが多すぎ(//∇//),26.0℃,NULL,chowari/釣華丸（SEEKERS）
釣華丸（SEEKERS）,寸座マリーナ,2026/09/18,1,0,カンパチ,カンパチ,サブ,カンパチ,NULL,,,,0,,,,,NULL,静岡県 浜松市 寸座マリーナ,NULL,NULL,1,NULL,NULL,26.0,26.0,NULL,北東,1.6m/s,小潮,東南東 0.9m/s・凪,曇り時々晴れ,NULL,NULL,NULL,泳がせ〜太刀魚で出船しました。 泳がせは、アオハタ・カンパチ・イナダ・ニベ・ベビークエ。 ヒラメが無いのが残念。 タチウオは「釣れない気がしない！」記録でしたが、ちょい難しかったのかな？ 一日お疲れ様でした。 本日もご乗船ありがとうございました。 凪も今日まで？ 本当に台風が来てる？？と疑う凪でした。 明日も問題なく行けそうな感じでしたが、波予報は3mなので無難に中止です。 現在の予報だと23日(水)から出れそうですね！ サッと抜けてくれれば、もしかすると22日から行けるかも？ 今年はシケ休みが多すぎ(//∇//),26.0℃,NULL,chowari/釣華丸（SEEKERS）
釣華丸（SEEKERS）,寸座マリーナ,2026/09/18,1,0,クエ,NULL,サブ,クエ,NULL,,,,0,,,,,NULL,静岡県 浜松市 寸座マリーナ,NULL,NULL,1,NULL,NULL,26.0,26.0,NULL,北東,1.6m/s,小潮,東南東 0.9m/s・凪,曇り時々晴れ,NULL,NULL,NULL,泳がせ〜太刀魚で出船しました。 泳がせは、アオハタ・カンパチ・イナダ・ニベ・ベビークエ。 ヒラメが無いのが残念。 タチウオは「釣れない気がしない！」記録でしたが、ちょい難しかったのかな？ 一日お疲れ様でした。 本日もご乗船ありがとうございました。 凪も今日まで？ 本当に台風が来てる？？と疑う凪でした。 明日も問題なく行けそうな感じでしたが、波予報は3mなので無難に中止です。 現在の予報だと23日(水)から出れそうですね！ サッと抜けてくれれば、もしかすると22日から行けるかも？ 今年はシケ休みが多すぎ(//∇//),26.0℃,NULL,chowari/釣華丸（SEEKERS）
釣華丸（SEEKERS）,寸座マリーナ,2026/09/18,1,0,タチウオ,タチウオ,メイン,タチウオ,NULL,,,,0,,,,,NULL,静岡県 浜松市 寸座マリーナ,NULL,NULL,1,NULL,NULL,26.0,26.0,NULL,北東,1.6m/s,小潮,東南東 0.9m/s・凪,曇り時々晴れ,アオハタ・イナダ・カンパチ・クエ・ニベ,NULL,NULL,泳がせ〜太刀魚で出船しました。 泳がせは、アオハタ・カンパチ・イナダ・ニベ・ベビークエ。 ヒラメが無いのが残念。 タチウオは「釣れない気がしない！」記録でしたが、ちょい難しかったのかな？ 一日お疲れ様でした。 本日もご乗船ありがとうございました。 凪も今日まで？ 本当に台風が来てる？？と疑う凪でした。 明日も問題なく行けそうな感じでしたが、波予報は3mなので無難に中止です。 現在の予報だと23日(水)から出れそうですね！ サッと抜けてくれれば、もしかすると22日から行けるかも？ 今年はシケ休みが多すぎ(//∇//),26.0℃,NULL,chowari/釣華丸（SEEKERS）
釣華丸（SEEKERS）,寸座マリーナ,2026/09/18,1,0,ニベ,NULL,サブ,ニベ,NULL,,,,0,,,,,NULL,静岡県 浜松市 寸座マリーナ,NULL,NULL,1,NULL,NULL,26.0,26.0,NULL,北東,1.6m/s,小潮,東南東 0.9m/s・凪,曇り時々晴れ,NULL,NULL,NULL,泳がせ〜太刀魚で出船しました。 泳がせは、アオハタ・カンパチ・イナダ・ニベ・ベビークエ。 ヒラメが無いのが残念。 タチウオは「釣れない気がしない！」記録でしたが、ちょい難しかったのかな？ 一日お疲れ様でした。 本日もご乗船ありがとうございました。 凪も今日まで？ 本当に台風が来てる？？と疑う凪でした。 明日も問題なく行けそうな感じでしたが、波予報は3mなので無難に中止です。 現在の予報だと23日(水)から出れそうですね！ サッと抜けてくれれば、もしかすると22日から行けるかも？ 今年はシケ休みが多すぎ(//∇//),26.0℃,NULL,chowari/釣華丸（SEEKERS）
鈴喜丸,網代港,2026/09/02,1,0,クロムツ,クロムツ,メイン,クロムツ,NULL,11.0,13.0,12.0,0,25.0,32.0,,,NULL,静岡県 熱海市 網代港,NULL,NULL,1,NULL,NULL,27.7,27.7,NULL,東,1.2m/s,中潮,東南東 0.5m/s,晴れ後時々曇り,,NULL,NULL,午前の釣果🎣 クロムツ狙いで出船🎣 オールレンタルのお客様でした🎣 良く釣れて喜んでくれて良かったです😄,27.7℃,NULL,chowari/鈴喜丸
長福丸,大原港,2026/09/01,1,0,イサキ,イサキ,メイン,イサキ,NULL,4.0,24.0,14.0,0,25.0,35.0,,,NULL,千葉県 いすみ市 大原港,NULL,NULL,1,NULL,NULL,28.0,28.0,澄み,北東,3.1m/s,中潮,東 1.3m/s,曇り,,NULL,NULL,午前船。イサキ船は水深15〜23m。朝の内と後半に順調に釣れました。シマアジは全員にアタリあるが取れず。澄み。,28.0℃,NULL,chowari/長福丸
長福丸,大原港,2026/09/01,1,0,ガンゾウ,NULL,サブ,ガンゾウ,NULL,,,,0,,,,,NULL,千葉県 いすみ市 大原港,NULL,NULL,1,NULL,NULL,28.0,28.0,澄み,北東,3.1m/s,中潮,東 1.3m/s,曇り,NULL,NULL,NULL,午前船。ふぐ船は水深23〜28m。サイズ良くデカフグ揃いだったが潮も全く流れず数伸びず。後半反応もあったので今後期待。澄み。,28.0℃,NULL,chowari/長福丸
長福丸,大原港,2026/09/01,1,0,フグ,フグ,メイン,フグ,NULL,1.0,8.0,4.5,0,20.0,30.0,,,NULL,千葉県 いすみ市 大原港,NULL,NULL,1,NULL,NULL,28.0,28.0,澄み,北東,3.1m/s,中潮,東 1.3m/s,曇り,ガンゾウ,NULL,NULL,午前船。ふぐ船は水深23〜28m。サイズ良くデカフグ揃いだったが潮も全く流れず数伸びず。後半反応もあったので今後期待。澄み。,28.0℃,NULL,chowari/長福丸
長福丸,大原港,2026/09/01,2,0,イサキ,イサキ,メイン,イサキ,NULL,4.0,24.0,14.0,0,25.0,35.0,,,NULL,千葉県 いすみ市 大原港,NULL,NULL,1,NULL,NULL,28.0,28.0,澄み,北東,3.1m/s,中潮,東 1.3m/s,曇り,,NULL,NULL,午前船。イサキ船は水深15〜23m。朝の内と後半に順調に釣れました。シマアジは全員にアタリあるが取れず。澄み。,28.0℃,NULL,chowari/長福丸
長福丸,大原港,2026/09/02,1,0,トラフグ,トラフグ,サブ,トラフグ,NULL,,,,0,,,,,NULL,千葉県 いすみ市 大原港,NULL,NULL,1,NULL,NULL,28.5,28.5,やや澄み,南東,1.7m/s,中潮,東 1.2m/s,曇り時々晴れ,NULL,NULL,NULL,午前船。 ふぐ船は水深23〜28m。反応あったが、潮が動かずアタリ続かず数は伸びませんでした。良型主体なので、反応固まれば数も期待。トラフグ混じる。澄み気味。,28.5℃,NULL,chowari/長福丸
長福丸,大原港,2026/09/02,1,0,フグ,フグ,メイン,フグ,NULL,1.0,8.0,4.5,0,20.0,32.0,,,NULL,千葉県 いすみ市 大原港,NULL,NULL,1,NULL,NULL,28.5,28.5,やや澄み,南東,1.7m/s,中潮,東 1.2m/s,曇り時々晴れ,トラフグ,NULL,NULL,午前船。 ふぐ船は水深23〜28m。反応あったが、潮が動かずアタリ続かず数は伸びませんでした。良型主体なので、反応固まれば数も期待。トラフグ混じる。澄み気味。,28.5℃,NULL,chowari/長福丸
長福丸,大原港,2026/09/02,2,0,ウマヅラハギ,ウマヅラハギ,サブ,ウマヅラハギ,NULL,,,,0,,,,,NULL,千葉県 いすみ市 大原港,NULL,NULL,1,NULL,NULL,28.5,28.5,やや澄み,南東,1.7m/s,中潮,東 1.2m/s,曇り時々晴れ,NULL,NULL,NULL,午前船。真鯛船は水深25〜48m。平均サイズよく、中鯛(2.8kg2.6kg2.06kg2.04kg)連続ゲットで終日、好調に釣れました。澄み気味。,28.5℃,NULL,chowari/長福丸
長福丸,大原港,2026/09/02,2,0,カンダイ,NULL,サブ,カンダイ,NULL,,,,0,,,,,NULL,千葉県 いすみ市 大原港,NULL,NULL,1,NULL,NULL,28.5,28.5,やや澄み,南東,1.7m/s,中潮,東 1.2m/s,曇り時々晴れ,NULL,NULL,NULL,午前船。真鯛船は水深25〜48m。平均サイズよく、中鯛(2.8kg2.6kg2.06kg2.04kg)連続ゲットで終日、好調に釣れました。澄み気味。,28.5℃,NULL,chowari/長福丸
長福丸,大原港,2026/09/02,2,0,マダイ,マダイ,メイン,マダイ,NULL,4.0,13.0,8.5,0,,,0.3,2.8,NULL,千葉県 いすみ市 大原港,NULL,NULL,1,NULL,NULL,28.5,28.5,やや澄み,南東,1.7m/s,中潮,東 1.2m/s,曇り時々晴れ,ウマヅラハギ・カンダイ・マハタ,NULL,NULL,午前船。真鯛船は水深25〜48m。平均サイズよく、中鯛(2.8kg2.6kg2.06kg2.04kg)連続ゲットで終日、好調に釣れました。澄み気味。,28.5℃,NULL,chowari/長福丸
長福丸,大原港,2026/09/02,2,0,マハタ,マハタ,サブ,マハタ,NULL,,,,0,,,,,NULL,千葉県 いすみ市 大原港,NULL,NULL,1,NULL,NULL,28.5,28.5,やや澄み,南東,1.7m/s,中潮,東 1.2m/s,曇り時々晴れ,NULL,NULL,NULL,午前船。真鯛船は水深25〜48m。平均サイズよく、中鯛(2.8kg2.6kg2.06kg2.04kg)連続ゲットで終日、好調に釣れました。澄み気味。,28.5℃,NULL,chowari/長福丸
長福丸,大原港,2026/09/03,1,0,トラフグ,トラフグ,サブ,トラフグ,NULL,,,,0,,,,,NULL,千葉県 いすみ市 大原港,NULL,NULL,1,NULL,NULL,28.6,28.6,澄み,南,2.0m/s,小潮,東南東 1.0m/s,曇りのち一時雨,NULL,NULL,NULL,午前船。ふぐ船は水深16〜28m。前半、良型主体で順調に型がありました。後半はアタリが止まってしまい数伸びず。澄み。,28.6℃,NULL,chowari/長福丸
長福丸,大原港,2026/09/03,1,0,フグ,フグ,メイン,フグ,NULL,4.0,17.0,10.5,0,20.0,32.0,,,NULL,千葉県 いすみ市 大原港,NULL,NULL,1,NULL,NULL,28.6,28.6,澄み,南,2.0m/s,小潮,東南東 1.0m/s,曇りのち一時雨,トラフグ,NULL,NULL,午前船。ふぐ船は水深16〜28m。前半、良型主体で順調に型がありました。後半はアタリが止まってしまい数伸びず。澄み。,28.6℃,NULL,chowari/長福丸
長福丸,大原港,2026/09/03,2,0,カサゴ,カサゴ,サブ,カサゴ,NULL,,,,0,,,,,NULL,千葉県 いすみ市 大原港,NULL,NULL,1,NULL,NULL,28.6,28.6,薄濁り,南,2.0m/s,小潮,東南東 1.0m/s,曇りのち一時雨,NULL,NULL,NULL,午前船。真鯛船は水深23〜45m。前半流れ悪いながら平均サイズ良く中鯛も混じり他にも良型のバラシもありながら順調に釣れ、徐々に流れ良くなり食い良くなり入れ食いの時間もあり絶好調に釣れました。薄濁り。,28.6℃,NULL,chowari/長福丸
長福丸,大原港,2026/09/03,2,0,サンパク,ワラサ,サブ,サンパク,NULL,,,,0,,,,,NULL,千葉県 いすみ市 大原港,NULL,NULL,1,NULL,NULL,28.6,28.6,薄濁り,南,2.0m/s,小潮,東南東 1.0m/s,曇りのち一時雨,NULL,NULL,NULL,午前船。真鯛船は水深23〜45m。前半流れ悪いながら平均サイズ良く中鯛も混じり他にも良型のバラシもありながら順調に釣れ、徐々に流れ良くなり食い良くなり入れ食いの時間もあり絶好調に釣れました。薄濁り。,28.6℃,NULL,chowari/長福丸
長福丸,大原港,2026/09/03,2,0,マダイ,マダイ,メイン,マダイ,NULL,11.0,20.0,15.5,0,,,0.3,2.4,NULL,千葉県 いすみ市 大原港,NULL,NULL,1,NULL,NULL,28.6,28.6,薄濁り,南,2.0m/s,小潮,東南東 1.0m/s,曇りのち一時雨,"も良型のバラシもありながら順調に釣れ,徐々に流れ良くなり食い良くなり入れ食いの時間もあり絶好調に釣れました・カサゴ・サンパク・マハタ",NULL,NULL,午前船。真鯛船は水深23〜45m。前半流れ悪いながら平均サイズ良く中鯛も混じり他にも良型のバラシもありながら順調に釣れ、徐々に流れ良くなり食い良くなり入れ食いの時間もあり絶好調に釣れました。薄濁り。,28.6℃,NULL,chowari/長福丸
長福丸,大原港,2026/09/03,2,0,マハタ,マハタ,サブ,マハタ,NULL,,,,0,,,,,NULL,千葉県 いすみ市 大原港,NULL,NULL,1,NULL,NULL,28.6,28.6,薄濁り,南,2.0m/s,小潮,東南東 1.0m/s,曇りのち一時雨,NULL,NULL,NULL,午前船。真鯛船は水深23〜45m。前半流れ悪いながら平均サイズ良く中鯛も混じり他にも良型のバラシもありながら順調に釣れ、徐々に流れ良くなり食い良くなり入れ食いの時間もあり絶好調に釣れました。薄濁り。,28.6℃,NULL,chowari/長福丸
長福丸,大原港,2026/09/09,1,0,マダイ,マダイ,メイン,マダイ,NULL,0.0,7.0,3.5,0,,,0.3,1.46,NULL,千葉県 いすみ市 大原港,NULL,NULL,1,NULL,NULL,28.0,28.0,NULL,南南西,5.4m/s,中潮,南 2.3m/s・凪,曇りのち一時雨,マハタ,NULL,NULL,午前船。真鯛船は水深23〜30m。 風ウネリ高く、釣り辛かったが、徐々に潮流れ出しアタリ多くなり、テンヤ、巻物ともに1kgアップ(1.46kg1.36kg1.34kg)も混じりながら順調に釣れました。アタリは多かったので凪れば期待。0枚は船酔い。,28.0℃,NULL,chowari/長福丸
長福丸,大原港,2026/09/09,1,0,マハタ,マハタ,サブ,マハタ,NULL,,,,0,,,,,NULL,千葉県 いすみ市 大原港,NULL,NULL,1,NULL,NULL,28.0,28.0,NULL,南南西,5.4m/s,中潮,南 2.3m/s・凪,曇りのち一時雨,NULL,NULL,NULL,午前船。真鯛船は水深23〜30m。 風ウネリ高く、釣り辛かったが、徐々に潮流れ出しアタリ多くなり、テンヤ、巻物ともに1kgアップ(1.46kg1.36kg1.34kg)も混じりながら順調に釣れました。アタリは多かったので凪れば期待。0枚は船酔い。,28.0℃,NULL,chowari/長福丸
長福丸,大原港,2026/09/13,1,0,イサキ,イサキ,メイン,イサキ,NULL,5.0,50.0,27.5,0,25.0,35.0,,,NULL,千葉県 いすみ市 大原港,NULL,NULL,1,NULL,NULL,26.1,26.1,NULL,北,2.8m/s,中潮,東 1.2m/s,曇りのち時々晴れ,,NULL,NULL,午前船。イサキ船は水深15〜23m。好調に釣れました。,26.1℃,NULL,chowari/長福丸
長福丸,大原港,2026/09/13,1,0,ウマ,ウマヅラハギ,サブ,ウマ,NULL,,,,0,,,,,NULL,千葉県 いすみ市 大原港,NULL,NULL,1,NULL,NULL,26.1,26.1,澄み,北,2.8m/s,中潮,東 1.2m/s,曇りのち時々晴れ,NULL,NULL,NULL,午前船。 真鯛船は水深23〜38m。アタリ多く中鯛や１キロサイズも混じり、今日も好調に釣れた。澄み。,26.1℃,NULL,chowari/長福丸
長福丸,大原港,2026/09/13,1,0,カサゴ,カサゴ,サブ,カサゴ,NULL,,,,0,,,,,NULL,千葉県 いすみ市 大原港,NULL,NULL,1,NULL,NULL,26.1,26.1,澄み,北,2.8m/s,中潮,東 1.2m/s,曇りのち時々晴れ,NULL,NULL,NULL,午前船。 真鯛船は水深23〜38m。アタリ多く中鯛や１キロサイズも混じり、今日も好調に釣れた。澄み。,26.1℃,NULL,chowari/長福丸
長福丸,大原港,2026/09/13,1,0,マダイ,マダイ,メイン,マダイ,NULL,0.0,10.0,5.0,0,,,0.3,2.35,NULL,千葉県 いすみ市 大原港,NULL,NULL,1,NULL,NULL,26.1,26.1,澄み,北,2.8m/s,中潮,東 1.2m/s,曇りのち時々晴れ,ウマ・カサゴ・マハタ,NULL,NULL,午前船。 真鯛船は水深23〜38m。アタリ多く中鯛や１キロサイズも混じり、今日も好調に釣れた。澄み。,26.1℃,NULL,chowari/長福丸
長福丸,大原港,2026/09/13,1,0,マハタ,マハタ,サブ,マハタ,NULL,,,,0,,,,,NULL,千葉県 いすみ市 大原港,NULL,NULL,1,NULL,NULL,26.1,26.1,澄み,北,2.8m/s,中潮,東 1.2m/s,曇りのち時々晴れ,NULL,NULL,NULL,午前船。 真鯛船は水深23〜38m。アタリ多く中鯛や１キロサイズも混じり、今日も好調に釣れた。澄み。,26.1℃,NULL,chowari/長福丸
長福丸,大原港,2026/09/13,2,0,ウマ,ウマヅラハギ,サブ,ウマ,NULL,,,,0,,,,,NULL,千葉県 いすみ市 大原港,NULL,NULL,1,NULL,NULL,26.1,26.1,澄み,北,2.8m/s,中潮,東 1.2m/s,曇りのち時々晴れ,NULL,NULL,NULL,午前船。 真鯛船は水深23〜38m。アタリ多く中鯛や１キロサイズも混じり、今日も好調に釣れた。澄み。,26.1℃,NULL,chowari/長福丸
長福丸,大原港,2026/09/13,2,0,カサゴ,カサゴ,サブ,カサゴ,NULL,,,,0,,,,,NULL,千葉県 いすみ市 大原港,NULL,NULL,1,NULL,NULL,26.1,26.1,澄み,北,2.8m/s,中潮,東 1.2m/s,曇りのち時々晴れ,NULL,NULL,NULL,午前船。 真鯛船は水深23〜38m。アタリ多く中鯛や１キロサイズも混じり、今日も好調に釣れた。澄み。,26.1℃,NULL,chowari/長福丸
長福丸,大原港,2026/09/13,2,0,フグ,フグ,メイン,フグ,NULL,3.0,21.0,12.0,0,20.0,35.0,,,NULL,千葉県 いすみ市 大原港,NULL,NULL,1,NULL,NULL,26.1,26.1,NULL,北,2.8m/s,中潮,東 1.2m/s,曇りのち時々晴れ,,NULL,NULL,午前船。ふぐ船は水深6〜23m。前半、探し回ったがサバフグの猛攻で苦戦。後半、良型揃いで好調に釣れました。,26.1℃,NULL,chowari/長福丸
長福丸,大原港,2026/09/13,2,0,マダイ,マダイ,メイン,マダイ,NULL,0.0,10.0,5.0,0,,,0.3,2.35,NULL,千葉県 いすみ市 大原港,NULL,NULL,1,NULL,NULL,26.1,26.1,澄み,北,2.8m/s,中潮,東 1.2m/s,曇りのち時々晴れ,ウマ・カサゴ・マハタ,NULL,NULL,午前船。 真鯛船は水深23〜38m。アタリ多く中鯛や１キロサイズも混じり、今日も好調に釣れた。澄み。,26.1℃,NULL,chowari/長福丸
長福丸,大原港,2026/09/13,2,0,マハタ,マハタ,サブ,マハタ,NULL,,,,0,,,,,NULL,千葉県 いすみ市 大原港,NULL,NULL,1,NULL,NULL,26.1,26.1,澄み,北,2.8m/s,中潮,東 1.2m/s,曇りのち時々晴れ,NULL,NULL,NULL,午前船。 真鯛船は水深23〜38m。アタリ多く中鯛や１キロサイズも混じり、今日も好調に釣れた。澄み。,26.1℃,NULL,chowari/長福丸
長福丸,大原港,2026/09/13,3,0,フグ,フグ,メイン,フグ,NULL,3.0,21.0,12.0,0,20.0,35.0,,,NULL,千葉県 いすみ市 大原港,NULL,NULL,1,NULL,NULL,26.1,26.1,NULL,北,2.8m/s,中潮,東 1.2m/s,曇りのち時々晴れ,,NULL,NULL,午前船。ふぐ船は水深6〜23m。前半、探し回ったがサバフグの猛攻で苦戦。後半、良型揃いで好調に釣れました。,26.1℃,NULL,chowari/長福丸
長福丸,大原港,2026/09/14,1,0,イサキ,イサキ,メイン,イサキ,NULL,3.0,16.0,9.5,0,25.0,32.0,,,NULL,千葉県 いすみ市 大原港,NULL,NULL,1,NULL,NULL,26.0,26.0,薄濁り,南南西,3.4m/s,中潮,東南東 1.1m/s,晴れ後時々曇り,,NULL,NULL,午前船。 イサキ船は水深16〜23m、良型も混じり、トリプルもありました。薄濁り。,26.0℃,NULL,chowari/長福丸
長福丸,大原港,2026/09/14,2,0,イサキ,イサキ,サブ,イサキ,NULL,,,,0,,,,,NULL,千葉県 いすみ市 大原港,NULL,NULL,1,NULL,NULL,26.0,26.0,濁り,南南西,3.4m/s,中潮,東南東 1.1m/s,晴れ後時々曇り,NULL,NULL,NULL,午前船。 真鯛船は水深28〜38m。 今日もアタリ良く入れ食いの時間もあり平均サイズも良く１キロ〜中鯛も釣れてテンヤ、鯛ラバ共に絶好調に釣れました。濁り。,26.0℃,NULL,chowari/長福丸
長福丸,大原港,2026/09/14,2,0,イナダ,イナダ,サブ,イナダ,NULL,,,,0,,,,,NULL,千葉県 いすみ市 大原港,NULL,NULL,1,NULL,NULL,26.0,26.0,濁り,南南西,3.4m/s,中潮,東南東 1.1m/s,晴れ後時々曇り,NULL,NULL,NULL,午前船。 真鯛船は水深28〜38m。 今日もアタリ良く入れ食いの時間もあり平均サイズも良く１キロ〜中鯛も釣れてテンヤ、鯛ラバ共に絶好調に釣れました。濁り。,26.0℃,NULL,chowari/長福丸
長福丸,大原港,2026/09/14,2,0,ウマ,ウマヅラハギ,サブ,ウマ,NULL,,,,0,,,,,NULL,千葉県 いすみ市 大原港,NULL,NULL,1,NULL,NULL,26.0,26.0,濁り,南南西,3.4m/s,中潮,東南東 1.1m/s,晴れ後時々曇り,NULL,NULL,NULL,午前船。 真鯛船は水深28〜38m。 今日もアタリ良く入れ食いの時間もあり平均サイズも良く１キロ〜中鯛も釣れてテンヤ、鯛ラバ共に絶好調に釣れました。濁り。,26.0℃,NULL,chowari/長福丸
長福丸,大原港,2026/09/14,2,0,カサゴ,カサゴ,サブ,カサゴ,NULL,,,,0,,,,,NULL,千葉県 いすみ市 大原港,NULL,NULL,1,NULL,NULL,26.0,26.0,濁り,南南西,3.4m/s,中潮,東南東 1.1m/s,晴れ後時々曇り,NULL,NULL,NULL,午前船。 真鯛船は水深28〜38m。 今日もアタリ良く入れ食いの時間もあり平均サイズも良く１キロ〜中鯛も釣れてテンヤ、鯛ラバ共に絶好調に釣れました。濁り。,26.0℃,NULL,chowari/長福丸
長福丸,大原港,2026/09/14,2,0,カンダイ,NULL,サブ,カンダイ,NULL,,,,0,,,,,NULL,千葉県 いすみ市 大原港,NULL,NULL,1,NULL,NULL,26.0,26.0,濁り,南南西,3.4m/s,中潮,東南東 1.1m/s,晴れ後時々曇り,NULL,NULL,NULL,午前船。 真鯛船は水深28〜38m。 今日もアタリ良く入れ食いの時間もあり平均サイズも良く１キロ〜中鯛も釣れてテンヤ、鯛ラバ共に絶好調に釣れました。濁り。,26.0℃,NULL,chowari/長福丸
長福丸,大原港,2026/09/14,2,0,マダイ,マダイ,メイン,マダイ,NULL,4.0,11.0,7.5,0,,,0.4,1.98,NULL,千葉県 いすみ市 大原港,NULL,NULL,1,NULL,NULL,26.0,26.0,濁り,南南西,3.4m/s,中潮,東南東 1.1m/s,晴れ後時々曇り,イサキ・イナダ・ウマ・カサゴ・カンダイ・マハタ,NULL,NULL,午前船。 真鯛船は水深28〜38m。 今日もアタリ良く入れ食いの時間もあり平均サイズも良く１キロ〜中鯛も釣れてテンヤ、鯛ラバ共に絶好調に釣れました。濁り。,26.0℃,NULL,chowari/長福丸
長福丸,大原港,2026/09/14,2,0,マハタ,マハタ,サブ,マハタ,NULL,,,,0,,,,,NULL,千葉県 いすみ市 大原港,NULL,NULL,1,NULL,NULL,26.0,26.0,濁り,南南西,3.4m/s,中潮,東南東 1.1m/s,晴れ後時々曇り,NULL,NULL,NULL,午前船。 真鯛船は水深28〜38m。 今日もアタリ良く入れ食いの時間もあり平均サイズも良く１キロ〜中鯛も釣れてテンヤ、鯛ラバ共に絶好調に釣れました。濁り。,26.0℃,NULL,chowari/長福丸
長福丸,大原港,2026/09/14,3,0,フグ,フグ,メイン,フグ,NULL,15.0,33.0,24.0,0,25.0,33.0,,,NULL,千葉県 いすみ市 大原港,NULL,NULL,1,NULL,NULL,26.0,26.0,薄濁り,南南西,3.4m/s,中潮,東南東 1.1m/s,晴れ後時々曇り,,NULL,NULL,午前船。ふぐ船は水深20〜23m。 朝から良型主体で順調に釣れました。日中、サバフグが邪魔でした。薄濁り。,26.0℃,NULL,chowari/長福丸
長福丸,大原港,2026/09/15,1,0,イサキ,イサキ,サブ,イサキ,NULL,,,,0,,,,,NULL,千葉県 いすみ市 大原港,NULL,NULL,1,NULL,NULL,26.0,26.0,薄濁り,南西,2.6m/s,中潮,東南東 1.2m/s,雨時々止む,NULL,NULL,NULL,午前船。今日も食い良く、1kg前後から中鯛も混じり、絶好調に釣れました。薄濁り。,26.0℃,NULL,chowari/長福丸
長福丸,大原港,2026/09/15,1,0,ウマヅラハギ,ウマヅラハギ,サブ,ウマヅラハギ,NULL,,,,0,,,,,NULL,千葉県 いすみ市 大原港,NULL,NULL,1,NULL,NULL,26.0,26.0,薄濁り,南西,2.6m/s,中潮,東南東 1.2m/s,雨時々止む,NULL,NULL,NULL,午前船。今日も食い良く、1kg前後から中鯛も混じり、絶好調に釣れました。薄濁り。,26.0℃,NULL,chowari/長福丸
長福丸,大原港,2026/09/15,1,0,カサゴ,カサゴ,サブ,カサゴ,NULL,,,,0,,,,,NULL,千葉県 いすみ市 大原港,NULL,NULL,1,NULL,NULL,26.0,26.0,薄濁り,南西,2.6m/s,中潮,東南東 1.2m/s,雨時々止む,NULL,NULL,NULL,午前船。今日も食い良く、1kg前後から中鯛も混じり、絶好調に釣れました。薄濁り。,26.0℃,NULL,chowari/長福丸
長福丸,大原港,2026/09/15,1,0,フグ,フグ,サブ,フグ,NULL,,,,0,,,,,NULL,千葉県 いすみ市 大原港,NULL,NULL,1,NULL,NULL,26.0,26.0,薄濁り,南西,2.6m/s,中潮,東南東 1.2m/s,雨時々止む,NULL,NULL,NULL,午前船。今日も食い良く、1kg前後から中鯛も混じり、絶好調に釣れました。薄濁り。,26.0℃,NULL,chowari/長福丸
長福丸,大原港,2026/09/15,1,0,マダイ,マダイ,メイン,マダイ,NULL,3.0,14.0,8.5,0,,,0.3,2.6,NULL,千葉県 いすみ市 大原港,NULL,NULL,1,NULL,NULL,26.0,26.0,薄濁り,南西,2.6m/s,中潮,東南東 1.2m/s,雨時々止む,イサキ・ウマヅラハギ・カサゴ・フグ・マハタ,NULL,NULL,午前船。今日も食い良く、1kg前後から中鯛も混じり、絶好調に釣れました。薄濁り。,26.0℃,NULL,chowari/長福丸
長福丸,大原港,2026/09/15,1,0,マハタ,マハタ,サブ,マハタ,NULL,,,,0,,,,,NULL,千葉県 いすみ市 大原港,NULL,NULL,1,NULL,NULL,26.0,26.0,薄濁り,南西,2.6m/s,中潮,東南東 1.2m/s,雨時々止む,NULL,NULL,NULL,午前船。今日も食い良く、1kg前後から中鯛も混じり、絶好調に釣れました。薄濁り。,26.0℃,NULL,chowari/長福丸
長福丸,大原港,2026/09/16,1,0,カンパチ,カンパチ,サブ,カンパチ,NULL,,,,0,,,,,NULL,千葉県 いすみ市 大原港,NULL,NULL,1,NULL,NULL,25.9,25.9,薄濁り,北東,1.9m/s,中潮,東南東 1.1m/s,雨,NULL,NULL,NULL,午前船。真鯛船は水深25〜43m。 潮全く流れなかったが、朝から中鯛混じりで釣れ、日中、更に食い良くなり、大鯛中鯛(3.36kg3.1kg2.2kg2.1kg2.0kg1.8kg1.56kg1.47kg)混じりで絶好調に釣れました。薄濁り。,25.9℃,NULL,chowari/長福丸
長福丸,大原港,2026/09/16,1,0,キントキ,キントキ,サブ,キントキ,NULL,,,,0,,,,,NULL,千葉県 いすみ市 大原港,NULL,NULL,1,NULL,NULL,25.9,25.9,薄濁り,北東,1.9m/s,中潮,東南東 1.1m/s,雨,NULL,NULL,NULL,午前船。真鯛船は水深25〜43m。 潮全く流れなかったが、朝から中鯛混じりで釣れ、日中、更に食い良くなり、大鯛中鯛(3.36kg3.1kg2.2kg2.1kg2.0kg1.8kg1.56kg1.47kg)混じりで絶好調に釣れました。薄濁り。,25.9℃,NULL,chowari/長福丸
長福丸,大原港,2026/09/16,1,0,マダイ,マダイ,メイン,マダイ,NULL,7.0,14.0,10.5,0,,,0.4,3.36,NULL,千葉県 いすみ市 大原港,NULL,NULL,1,NULL,NULL,25.9,25.9,薄濁り,北東,1.9m/s,中潮,東南東 1.1m/s,雨,カンパチ・キントキ・マハタ,NULL,NULL,午前船。真鯛船は水深25〜43m。 潮全く流れなかったが、朝から中鯛混じりで釣れ、日中、更に食い良くなり、大鯛中鯛(3.36kg3.1kg2.2kg2.1kg2.0kg1.8kg1.56kg1.47kg)混じりで絶好調に釣れました。薄濁り。,25.9℃,NULL,chowari/長福丸
長福丸,大原港,2026/09/16,1,0,マハタ,マハタ,サブ,マハタ,NULL,,,,0,,,,,NULL,千葉県 いすみ市 大原港,NULL,NULL,1,NULL,NULL,25.9,25.9,薄濁り,北東,1.9m/s,中潮,東南東 1.1m/s,雨,NULL,NULL,NULL,午前船。真鯛船は水深25〜43m。 潮全く流れなかったが、朝から中鯛混じりで釣れ、日中、更に食い良くなり、大鯛中鯛(3.36kg3.1kg2.2kg2.1kg2.0kg1.8kg1.56kg1.47kg)混じりで絶好調に釣れました。薄濁り。,25.9℃,NULL,chowari/長福丸
隆正丸,飯岡港,2026/09/02,1,0,イナダ,イナダ,サブ,イナダ,NULL,,,,0,,,,,NULL,千葉県 旭市 飯岡漁港,NULL,NULL,1,NULL,NULL,25.2,25.2,NULL,南南東,1.7m/s,中潮,東 1.1m/s,曇り時々晴れ,NULL,NULL,NULL,２隻で出船。 朝から当たり多く、イワシがデカくなったせいか良型が多く盛り上がりました。バラシ、食い逃げ多く今後も楽しみです。水深：25M。,25.2℃,NULL,chowari/隆正丸
隆正丸,飯岡港,2026/09/02,1,0,カサゴ,カサゴ,サブ,カサゴ,NULL,,,,0,,,,,NULL,千葉県 旭市 飯岡漁港,NULL,NULL,1,NULL,NULL,25.2,25.2,NULL,南南東,1.7m/s,中潮,東 1.1m/s,曇り時々晴れ,NULL,NULL,NULL,２隻で出船。 朝から当たり多く、イワシがデカくなったせいか良型が多く盛り上がりました。バラシ、食い逃げ多く今後も楽しみです。水深：25M。,25.2℃,NULL,chowari/隆正丸
隆正丸,飯岡港,2026/09/02,1,0,ソイ,ソイ,サブ,ソイ,NULL,,,,0,,,,,NULL,千葉県 旭市 飯岡漁港,NULL,NULL,1,NULL,NULL,25.2,25.2,NULL,南南東,1.7m/s,中潮,東 1.1m/s,曇り時々晴れ,NULL,NULL,NULL,２隻で出船。 朝から当たり多く、イワシがデカくなったせいか良型が多く盛り上がりました。バラシ、食い逃げ多く今後も楽しみです。水深：25M。,25.2℃,NULL,chowari/隆正丸
隆正丸,飯岡港,2026/09/02,1,0,ヒラメ,ヒラメ,メイン,ヒラメ,NULL,1.0,8.0,4.5,0,,,0.7,4.8,NULL,千葉県 旭市 飯岡漁港,NULL,NULL,1,NULL,NULL,25.2,25.2,NULL,南南東,1.7m/s,中潮,東 1.1m/s,曇り時々晴れ,イナダ・カサゴ・ソイ,NULL,NULL,２隻で出船。 朝から当たり多く、イワシがデカくなったせいか良型が多く盛り上がりました。バラシ、食い逃げ多く今後も楽しみです。水深：25M。,25.2℃,NULL,chowari/隆正丸
隆正丸,飯岡港,2026/09/03,1,0,イナダ,イナダ,サブ,イナダ,NULL,,,,0,,,,,NULL,千葉県 旭市 飯岡漁港,NULL,NULL,1,NULL,NULL,25.2,25.2,NULL,南,2.1m/s,小潮,東南東 0.9m/s,曇りのち一時雨,NULL,NULL,NULL,18号で出船。本日も良型多く、当たり多く楽しめました。,25.2℃,NULL,chowari/隆正丸
隆正丸,飯岡港,2026/09/03,1,0,ヒラメ,ヒラメ,メイン,ヒラメ,NULL,2.0,13.0,7.5,0,,,0.5,3.5,NULL,千葉県 旭市 飯岡漁港,NULL,NULL,1,NULL,NULL,25.2,25.2,NULL,南,2.1m/s,小潮,東南東 0.9m/s,曇りのち一時雨,イナダ,NULL,NULL,18号で出船。本日も良型多く、当たり多く楽しめました。,25.2℃,NULL,chowari/隆正丸
隆正丸,飯岡港,2026/09/04,1,0,イサキ,イサキ,サブ,イサキ,NULL,4.0,15.0,9.5,0,20.0,33.0,,,NULL,千葉県 旭市 飯岡漁港,NULL,NULL,1,NULL,NULL,25.2,25.2,NULL,北東,0.8m/s,小潮,南東 0.9m/s・凪,曇りのち一時雨,NULL,NULL,NULL,11号で出船。 海上凪よくポツポツアタリお土産になりました！今後も楽しみです。水深：30M。,25.2℃,NULL,chowari/隆正丸
隆正丸,飯岡港,2026/09/04,1,0,ハナダイ,ハナダイ,メイン,ハナダイ,NULL,2.0,15.0,8.5,0,20.0,35.0,,,NULL,千葉県 旭市 飯岡漁港,NULL,NULL,1,NULL,NULL,25.2,25.2,NULL,北東,0.8m/s,小潮,南東 0.9m/s・凪,曇りのち一時雨,イサキ,NULL,NULL,11号で出船。 海上凪よくポツポツアタリお土産になりました！今後も楽しみです。水深：30M。,25.2℃,NULL,chowari/隆正丸
隆正丸,飯岡港,2026/09/05,1,0,イナダ,イナダ,サブ,イナダ,NULL,,,,0,,,,,NULL,千葉県 旭市 飯岡漁港,NULL,NULL,1,NULL,NULL,25.0,25.0,NULL,東,1.7m/s,小潮,南東 1.0m/s,曇り,NULL,NULL,NULL,18号で出船。朝から雨でしたがアタリ多く好調でした。貸し竿の方多かったが全員釣れたので良かったです。水深：25M。,25.0℃,NULL,chowari/隆正丸
隆正丸,飯岡港,2026/09/05,1,0,カサゴ,カサゴ,サブ,カサゴ,NULL,,,,0,,,,,NULL,千葉県 旭市 飯岡漁港,NULL,NULL,1,NULL,NULL,25.0,25.0,NULL,東,1.7m/s,小潮,南東 1.0m/s,曇り,NULL,NULL,NULL,18号で出船。朝から雨でしたがアタリ多く好調でした。貸し竿の方多かったが全員釣れたので良かったです。水深：25M。,25.0℃,NULL,chowari/隆正丸
隆正丸,飯岡港,2026/09/05,1,0,ヒラメ,ヒラメ,メイン,ヒラメ,NULL,2.0,13.0,7.5,0,,,0.4,2.3,NULL,千葉県 旭市 飯岡漁港,NULL,NULL,1,NULL,NULL,25.0,25.0,NULL,東,1.7m/s,小潮,南東 1.0m/s,曇り,イナダ・カサゴ,NULL,NULL,18号で出船。朝から雨でしたがアタリ多く好調でした。貸し竿の方多かったが全員釣れたので良かったです。水深：25M。,25.0℃,NULL,chowari/隆正丸
隆正丸,飯岡港,2026/09/06,1,0,ヒラメ,ヒラメ,メイン,ヒラメ,NULL,0.0,6.0,3.0,0,,,0.3,1.8,NULL,千葉県 旭市 飯岡漁港,NULL,NULL,1,NULL,NULL,25.0,25.0,NULL,北東,4.8m/s,長潮,東 1.6m/s,雨,,NULL,NULL,18号で出船。大雨、風で潮も早く釣りづらく苦戦でした。また次回期待したいです。水深：10M。,25.0℃,NULL,chowari/隆正丸
隆正丸,飯岡港,2026/09/11,1,0,イナダ,イナダ,サブ,イナダ,NULL,,,,0,,,,,NULL,千葉県 旭市 飯岡漁港,NULL,NULL,1,NULL,NULL,24.7,24.7,NULL,北北東,2.2m/s,大潮,南東 0.9m/s,雨,NULL,NULL,NULL,18号で出船。雨の中でしたが流すたび型見れてました。全員ゲットでお土産になりました。水深：15M。,24.7℃,NULL,chowari/隆正丸
隆正丸,飯岡港,2026/09/11,1,0,ヒラメ,ヒラメ,メイン,ヒラメ,NULL,3.0,8.0,5.5,0,,,0.4,1.7,NULL,千葉県 旭市 飯岡漁港,NULL,NULL,1,NULL,NULL,24.7,24.7,NULL,北北東,2.2m/s,大潮,南東 0.9m/s,雨,イナダ,NULL,NULL,18号で出船。雨の中でしたが流すたび型見れてました。全員ゲットでお土産になりました。水深：15M。,24.7℃,NULL,chowari/隆正丸
隆正丸,飯岡港,2026/09/12,1,0,イナダ,イナダ,サブ,イナダ,NULL,,,,0,,,,,NULL,千葉県 旭市 飯岡漁港,NULL,NULL,1,NULL,NULL,24.5,24.5,NULL,北北東,3.2m/s,大潮,東南東 1.0m/s,曇り一時雨,NULL,NULL,NULL,３隻で出船。朝から流れ良かったがやりずらい、潮で水色も昨日より濁ってしまい苦戦でした。転々とやりましたがまとまって釣れる所少なく、全員ゲットなりませんでした。水温も下がりイワシも元気になってきたので今後期待です。水深：10M～20M。,24.5℃,NULL,chowari/隆正丸
隆正丸,飯岡港,2026/09/12,1,0,カサゴ,カサゴ,サブ,カサゴ,NULL,,,,0,,,,,NULL,千葉県 旭市 飯岡漁港,NULL,NULL,1,NULL,NULL,24.5,24.5,NULL,北北東,3.2m/s,大潮,東南東 1.0m/s,曇り一時雨,NULL,NULL,NULL,３隻で出船。朝から流れ良かったがやりずらい、潮で水色も昨日より濁ってしまい苦戦でした。転々とやりましたがまとまって釣れる所少なく、全員ゲットなりませんでした。水温も下がりイワシも元気になってきたので今後期待です。水深：10M～20M。,24.5℃,NULL,chowari/隆正丸
隆正丸,飯岡港,2026/09/12,1,0,ガンゾウ,NULL,サブ,ガンゾウ,NULL,,,,0,,,,,NULL,千葉県 旭市 飯岡漁港,NULL,NULL,1,NULL,NULL,24.5,24.5,NULL,北北東,3.2m/s,大潮,東南東 1.0m/s,曇り一時雨,NULL,NULL,NULL,３隻で出船。朝から流れ良かったがやりずらい、潮で水色も昨日より濁ってしまい苦戦でした。転々とやりましたがまとまって釣れる所少なく、全員ゲットなりませんでした。水温も下がりイワシも元気になってきたので今後期待です。水深：10M～20M。,24.5℃,NULL,chowari/隆正丸
隆正丸,飯岡港,2026/09/12,1,0,ヒラメ,ヒラメ,メイン,ヒラメ,NULL,0.0,5.0,2.5,0,,,0.4,2.8,NULL,千葉県 旭市 飯岡漁港,NULL,NULL,1,NULL,NULL,24.5,24.5,NULL,北北東,3.2m/s,大潮,東南東 1.0m/s,曇り一時雨,イナダ・カサゴ・ガンゾウ,NULL,NULL,３隻で出船。朝から流れ良かったがやりずらい、潮で水色も昨日より濁ってしまい苦戦でした。転々とやりましたがまとまって釣れる所少なく、全員ゲットなりませんでした。水温も下がりイワシも元気になってきたので今後期待です。水深：10M～20M。,24.5℃,NULL,chowari/隆正丸
隆正丸,飯岡港,2026/09/13,1,0,イナダ,イナダ,サブ,イナダ,NULL,,,,0,,,,,NULL,千葉県 旭市 飯岡漁港,NULL,NULL,1,NULL,NULL,24.2,24.2,NULL,北北東,3.0m/s,中潮,東 1.1m/s・凪,曇りのち時々晴れ,NULL,NULL,NULL,18号で出船。凪良かったので深場攻めました。型良く全員ゲットで良かったです。水深：48M。,24.2℃,NULL,chowari/隆正丸
隆正丸,飯岡港,2026/09/13,1,0,カサゴ,カサゴ,サブ,カサゴ,NULL,,,,0,,,,,NULL,千葉県 旭市 飯岡漁港,NULL,NULL,1,NULL,NULL,24.2,24.2,NULL,北北東,3.0m/s,中潮,東 1.1m/s・凪,曇りのち時々晴れ,NULL,NULL,NULL,18号で出船。凪良かったので深場攻めました。型良く全員ゲットで良かったです。水深：48M。,24.2℃,NULL,chowari/隆正丸
隆正丸,飯岡港,2026/09/13,1,0,ヒラメ,ヒラメ,メイン,ヒラメ,NULL,1.0,9.0,5.0,0,,,0.4,2.6,NULL,千葉県 旭市 飯岡漁港,NULL,NULL,1,NULL,NULL,24.2,24.2,NULL,北北東,3.0m/s,中潮,東 1.1m/s・凪,曇りのち時々晴れ,イナダ・カサゴ,NULL,NULL,18号で出船。凪良かったので深場攻めました。型良く全員ゲットで良かったです。水深：48M。,24.2℃,NULL,chowari/隆正丸
隆正丸,飯岡港,2026/09/13,2,0,イサキ,イサキ,サブ,イサキ,NULL,1.0,23.0,12.0,0,20.0,35.0,,,NULL,千葉県 旭市 飯岡漁港,NULL,NULL,1,NULL,NULL,24.2,24.2,NULL,北北東,3.0m/s,中潮,東 1.1m/s,曇りのち時々晴れ,NULL,NULL,NULL,11号で出船。 反応あったが、潮が早く反応まとまらず苦戦でしたがどうにかお土産になりました。潮止まれば数も増えると思います。水深：30M。,24.2℃,NULL,chowari/隆正丸
隆正丸,飯岡港,2026/09/13,2,0,ハナダイ,ハナダイ,メイン,ハナダイ,NULL,5.0,23.0,14.0,0,20.0,33.0,,,NULL,千葉県 旭市 飯岡漁港,NULL,NULL,1,NULL,NULL,24.2,24.2,NULL,北北東,3.0m/s,中潮,東 1.1m/s,曇りのち時々晴れ,イサキ,NULL,NULL,11号で出船。 反応あったが、潮が早く反応まとまらず苦戦でしたがどうにかお土産になりました。潮止まれば数も増えると思います。水深：30M。,24.2℃,NULL,chowari/隆正丸
隆正丸,飯岡港,2026/09/14,1,0,イナダ,イナダ,サブ,イナダ,NULL,,,,0,,,,,NULL,千葉県 旭市 飯岡漁港,NULL,NULL,1,NULL,NULL,24.1,24.1,NULL,南南西,3.8m/s,中潮,東南東 1.0m/s,晴れ後時々曇り,NULL,NULL,NULL,18号で出船。朝のうちダメでしたが転々とやってくうちに、アタリ多く全員ゲット。今日は小ぶりな物が多く食い逃げも多く今後も楽しみです。水深：17M。,24.1℃,NULL,chowari/隆正丸
隆正丸,飯岡港,2026/09/14,1,0,カサゴ,カサゴ,サブ,カサゴ,NULL,,,,0,,,,,NULL,千葉県 旭市 飯岡漁港,NULL,NULL,1,NULL,NULL,24.1,24.1,NULL,南南西,3.8m/s,中潮,東南東 1.0m/s,晴れ後時々曇り,NULL,NULL,NULL,18号で出船。朝のうちダメでしたが転々とやってくうちに、アタリ多く全員ゲット。今日は小ぶりな物が多く食い逃げも多く今後も楽しみです。水深：17M。,24.1℃,NULL,chowari/隆正丸
隆正丸,飯岡港,2026/09/14,1,0,ヒラメ,ヒラメ,メイン,ヒラメ,NULL,1.0,7.0,4.0,0,,,0.4,2.7,NULL,千葉県 旭市 飯岡漁港,NULL,NULL,1,NULL,NULL,24.1,24.1,NULL,南南西,3.8m/s,中潮,東南東 1.0m/s,晴れ後時々曇り,イナダ・カサゴ,NULL,NULL,18号で出船。朝のうちダメでしたが転々とやってくうちに、アタリ多く全員ゲット。今日は小ぶりな物が多く食い逃げも多く今後も楽しみです。水深：17M。,24.1℃,NULL,chowari/隆正丸
隆正丸,飯岡港,2026/09/16,1,0,イナダ,イナダ,サブ,イナダ,NULL,,,,0,,,,,NULL,千葉県 旭市 飯岡漁港,NULL,NULL,1,NULL,NULL,23.9,23.9,NULL,北東,2.7m/s,中潮,東南東 1.1m/s,雨,NULL,NULL,NULL,18号で出船。 朝からアタリ多く好調でした。バラシも目立ちましたがヒラメサイズ主体でお土産バッチリでした。水深：17M。,23.9℃,NULL,chowari/隆正丸
隆正丸,飯岡港,2026/09/16,1,0,オオニベ,NULL,サブ,オオニベ,NULL,,,,0,,,,,NULL,千葉県 旭市 飯岡漁港,NULL,NULL,1,NULL,NULL,23.9,23.9,NULL,北東,2.7m/s,中潮,東南東 1.1m/s,雨,NULL,NULL,NULL,18号で出船。 朝からアタリ多く好調でした。バラシも目立ちましたがヒラメサイズ主体でお土産バッチリでした。水深：17M。,23.9℃,NULL,chowari/隆正丸
隆正丸,飯岡港,2026/09/16,1,0,カサゴ,カサゴ,サブ,カサゴ,NULL,,,,0,,,,,NULL,千葉県 旭市 飯岡漁港,NULL,NULL,1,NULL,NULL,23.9,23.9,NULL,北東,2.7m/s,中潮,東南東 1.1m/s,雨,NULL,NULL,NULL,18号で出船。 朝からアタリ多く好調でした。バラシも目立ちましたがヒラメサイズ主体でお土産バッチリでした。水深：17M。,23.9℃,NULL,chowari/隆正丸
隆正丸,飯岡港,2026/09/16,1,0,ヒラメ,ヒラメ,メイン,ヒラメ,NULL,3.0,8.0,5.5,0,,,0.7,2.2,NULL,千葉県 旭市 飯岡漁港,NULL,NULL,1,NULL,NULL,23.9,23.9,NULL,北東,2.7m/s,中潮,東南東 1.1m/s,雨,イナダ・オオニベ・カサゴ・マゴチ,NULL,NULL,18号で出船。 朝からアタリ多く好調でした。バラシも目立ちましたがヒラメサイズ主体でお土産バッチリでした。水深：17M。,23.9℃,NULL,chowari/隆正丸
隆正丸,飯岡港,2026/09/16,1,0,マゴチ,マゴチ,サブ,マゴチ,NULL,,,,0,,,,,NULL,千葉県 旭市 飯岡漁港,NULL,NULL,1,NULL,NULL,23.9,23.9,NULL,北東,2.7m/s,中潮,東南東 1.1m/s,雨,NULL,NULL,NULL,18号で出船。 朝からアタリ多く好調でした。バラシも目立ちましたがヒラメサイズ主体でお土産バッチリでした。水深：17M。,23.9℃,NULL,chowari/隆正丸
隆正丸,飯岡港,2026/09/18,1,0,イナダ,イナダ,サブ,イナダ,NULL,,,,0,,,,,NULL,千葉県 旭市 飯岡漁港,NULL,NULL,1,NULL,NULL,23.5,23.5,NULL,北北東,5.5m/s,小潮,東 1.6m/s,曇り,NULL,NULL,NULL,11号で出船。北風強く浅場で頑張りましたが潮悪くアタリ少なく苦戦でした。また台風通過後期待しましょう。水深：10M。,23.5℃,NULL,chowari/隆正丸
隆正丸,飯岡港,2026/09/18,1,0,ヒラメ,ヒラメ,メイン,ヒラメ,NULL,0.0,2.0,1.0,0,,,0.7,2.0,NULL,千葉県 旭市 飯岡漁港,NULL,NULL,1,NULL,NULL,23.5,23.5,NULL,北北東,5.5m/s,小潮,東 1.6m/s,曇り,イナダ,NULL,NULL,11号で出船。北風強く浅場で頑張りましたが潮悪くアタリ少なく苦戦でした。また台風通過後期待しましょう。水深：10M。,23.5℃,NULL,chowari/隆正丸
風神丸,焼津港,2026/09/03,1,0,タチウオ,タチウオ,メイン,タチウオ,NULL,20.0,30.0,25.0,0,,,,,NULL,静岡県 焼津市 焼津港,NULL,NULL,1,NULL,NULL,27.8,27.8,NULL,南南東,0.9m/s,小潮,南 0.6m/s,曇り,,NULL,NULL,太刀魚便で出航致しました。 型は小さい物が多いですがアタリは多くて楽しめると思います。朝方に何本か型の良い物も混じりました。 釣果は3本から6本指。３本以下の物も入れれば50本ぐらいは釣れたと思います。 お疲れ様でした。,27.8℃,NULL,chowari/風神丸
風神丸,焼津港,2026/09/13,1,0,タチウオ,タチウオ,メイン,タチウオ,NULL,20.0,40.0,30.0,0,,,,,NULL,静岡県 焼津市 焼津港,NULL,NULL,1,NULL,NULL,25.8,25.8,濁り,東北東,1.4m/s,中潮,南東 0.4m/s,曇り,,NULL,NULL,本日、太刀魚便で出航致しました。 雨の影響で濁りはありましたが最初からアタリはぼちぼち有りましたがかかりがイマイチで最後まで拾い釣りになりました。釣果は3本から5本指が釣れたと思います。お疲れ様でした。,25.8℃,NULL,chowari/風神丸
風神丸,焼津港,2026/09/16,1,0,タチウオ,タチウオ,メイン,タチウオ,NULL,,,,0,30.0,70.0,,,NULL,静岡県 焼津市 焼津港,NULL,NULL,1,NULL,NULL,25.7,25.7,NULL,東北東,1.3m/s,中潮,南南東 0.6m/s,雨,,NULL,NULL,"本日、太刀魚便で出航致しました。 潮が無くエサには触って来ますが食いこまず大変でしたがそれでも上手な方はコンスタントに上げてました。途中、何回か良い時間もあったので数はそこそこ行きました。平均、型は小さめですがたまにキロ物も混ざりました。 釣果は３本から7本指ぐらいでした。 ドラゴンは1,5キロ、1.2キロ、1キロと何本か上がりました。 お疲れ様でした。",25.7℃,NULL,chowari/風神丸
鬼澤丸,鹿島,2026/09/03,1,0,カサゴ,カサゴ,サブ,カサゴ,NULL,,,,0,,,,,NULL,茨城県 鹿嶋市 鹿嶋新港,NULL,NULL,1,NULL,NULL,25.2,25.2,NULL,南南西,1.2m/s,小潮,東 0.9m/s・穏やか,曇りのち一時雨,NULL,NULL,NULL,根魚五目船好調！！ 久々に海上穏やかで潮の流れも良好 水深40～50ｍ辺りを攻めてきました。 良型のハタ多数・カサゴ・キントキ ワラサはハリス切れで上がらず残念でした。 お土産十分出来て10時に嬉しい早上がりとなりました。 海上穏やかの時は沖攻めてきます！！,25.2℃,NULL,chowari/鬼澤丸
鬼澤丸,鹿島,2026/09/03,1,0,キントキ,キントキ,サブ,キントキ,NULL,,,,0,,,,,NULL,茨城県 鹿嶋市 鹿嶋新港,NULL,NULL,1,NULL,NULL,25.2,25.2,NULL,南南西,1.2m/s,小潮,東 0.9m/s・穏やか,曇りのち一時雨,NULL,NULL,NULL,根魚五目船好調！！ 久々に海上穏やかで潮の流れも良好 水深40～50ｍ辺りを攻めてきました。 良型のハタ多数・カサゴ・キントキ ワラサはハリス切れで上がらず残念でした。 お土産十分出来て10時に嬉しい早上がりとなりました。 海上穏やかの時は沖攻めてきます！！,25.2℃,NULL,chowari/鬼澤丸
鬼澤丸,鹿島,2026/09/03,1,0,ハタ,ハタ,メイン,ハタ,NULL,,,,0,,,,,NULL,茨城県 鹿嶋市 鹿嶋新港,NULL,NULL,1,NULL,NULL,25.2,25.2,NULL,南南西,1.2m/s,小潮,東 0.9m/s・穏やか,曇りのち一時雨,カサゴ・キントキ,NULL,NULL,根魚五目船好調！！ 久々に海上穏やかで潮の流れも良好 水深40～50ｍ辺りを攻めてきました。 良型のハタ多数・カサゴ・キントキ ワラサはハリス切れで上がらず残念でした。 お土産十分出来て10時に嬉しい早上がりとなりました。 海上穏やかの時は沖攻めてきます！！,25.2℃,NULL,chowari/鬼澤丸
鬼澤丸,鹿島,2026/09/04,1,0,アジ,アジ,メイン,アジ,NULL,,,,0,,,,,NULL,茨城県 鹿嶋市 鹿嶋新港,NULL,NULL,1,NULL,NULL,25.2,25.2,NULL,東,1.0m/s,小潮,東 0.7m/s,曇りのち一時雨,イナダ・イワシ・カサゴ・サバ,NULL,NULL,根魚五目船 アジ・サバ（イワシ混じり）30～50尾 水深40～50ｍ辺りを攻めてきました。 カサゴ・イナダなど掛りお土産が出来ました。 常連の小船さんクーラーいっぱいでしたね！！,25.2℃,NULL,chowari/鬼澤丸
鬼澤丸,鹿島,2026/09/04,1,0,イナダ,イナダ,サブ,イナダ,NULL,,,,0,,,,,NULL,茨城県 鹿嶋市 鹿嶋新港,NULL,NULL,1,NULL,NULL,25.2,25.2,NULL,東,1.0m/s,小潮,東 0.7m/s,曇りのち一時雨,NULL,NULL,NULL,根魚五目船 アジ・サバ（イワシ混じり）30～50尾 水深40～50ｍ辺りを攻めてきました。 カサゴ・イナダなど掛りお土産が出来ました。 常連の小船さんクーラーいっぱいでしたね！！,25.2℃,NULL,chowari/鬼澤丸
鬼澤丸,鹿島,2026/09/04,1,0,イワシ,NULL,サブ,イワシ,NULL,,,,0,,,,,NULL,茨城県 鹿嶋市 鹿嶋新港,NULL,NULL,1,NULL,NULL,25.2,25.2,NULL,東,1.0m/s,小潮,東 0.7m/s,曇りのち一時雨,NULL,NULL,NULL,根魚五目船 アジ・サバ（イワシ混じり）30～50尾 水深40～50ｍ辺りを攻めてきました。 カサゴ・イナダなど掛りお土産が出来ました。 常連の小船さんクーラーいっぱいでしたね！！,25.2℃,NULL,chowari/鬼澤丸
鬼澤丸,鹿島,2026/09/04,1,0,カサゴ,カサゴ,サブ,カサゴ,NULL,,,,0,,,,,NULL,茨城県 鹿嶋市 鹿嶋新港,NULL,NULL,1,NULL,NULL,25.2,25.2,NULL,東,1.0m/s,小潮,東 0.7m/s,曇りのち一時雨,NULL,NULL,NULL,根魚五目船 アジ・サバ（イワシ混じり）30～50尾 水深40～50ｍ辺りを攻めてきました。 カサゴ・イナダなど掛りお土産が出来ました。 常連の小船さんクーラーいっぱいでしたね！！,25.2℃,NULL,chowari/鬼澤丸
鬼澤丸,鹿島,2026/09/04,1,0,サバ,サバ,サブ,サバ,NULL,,,,0,,,,,NULL,茨城県 鹿嶋市 鹿嶋新港,NULL,NULL,1,NULL,NULL,25.2,25.2,NULL,東,1.0m/s,小潮,東 0.7m/s,曇りのち一時雨,NULL,NULL,NULL,根魚五目船 アジ・サバ（イワシ混じり）30～50尾 水深40～50ｍ辺りを攻めてきました。 カサゴ・イナダなど掛りお土産が出来ました。 常連の小船さんクーラーいっぱいでしたね！！,25.2℃,NULL,chowari/鬼澤丸
鬼澤丸,鹿島,2026/09/05,1,0,アジ,アジ,メイン,アジ,NULL,,,,0,,,,,NULL,茨城県 鹿嶋市 鹿嶋新港,NULL,NULL,1,NULL,NULL,25.0,25.0,NULL,東北東,2.3m/s,小潮,東北東 1.0m/s,曇り,カサゴ・カンパチ・サバ・ワラサ,NULL,NULL,根魚五目船 アジ・サバ50～60尾 朝から雨・・・ 風も吹き沖に出られませんでしたが カンパチ・ワラサ・カサゴなど掛り皆さんお土産十分 出来ました。 常連の志鷹さん絶好調でしたね！！ 今日も嬉しい10時上がりとなりました。,25.0℃,NULL,chowari/鬼澤丸
鬼澤丸,鹿島,2026/09/05,1,0,カサゴ,カサゴ,サブ,カサゴ,NULL,,,,0,,,,,NULL,茨城県 鹿嶋市 鹿嶋新港,NULL,NULL,1,NULL,NULL,25.0,25.0,NULL,東北東,2.3m/s,小潮,東北東 1.0m/s,曇り,NULL,NULL,NULL,根魚五目船 アジ・サバ50～60尾 朝から雨・・・ 風も吹き沖に出られませんでしたが カンパチ・ワラサ・カサゴなど掛り皆さんお土産十分 出来ました。 常連の志鷹さん絶好調でしたね！！ 今日も嬉しい10時上がりとなりました。,25.0℃,NULL,chowari/鬼澤丸
鬼澤丸,鹿島,2026/09/05,1,0,カンパチ,カンパチ,サブ,カンパチ,NULL,,,,0,,,,,NULL,茨城県 鹿嶋市 鹿嶋新港,NULL,NULL,1,NULL,NULL,25.0,25.0,NULL,東北東,2.3m/s,小潮,東北東 1.0m/s,曇り,NULL,NULL,NULL,根魚五目船 アジ・サバ50～60尾 朝から雨・・・ 風も吹き沖に出られませんでしたが カンパチ・ワラサ・カサゴなど掛り皆さんお土産十分 出来ました。 常連の志鷹さん絶好調でしたね！！ 今日も嬉しい10時上がりとなりました。,25.0℃,NULL,chowari/鬼澤丸
鬼澤丸,鹿島,2026/09/05,1,0,サバ,サバ,サブ,サバ,NULL,,,,0,,,,,NULL,茨城県 鹿嶋市 鹿嶋新港,NULL,NULL,1,NULL,NULL,25.0,25.0,NULL,東北東,2.3m/s,小潮,東北東 1.0m/s,曇り,NULL,NULL,NULL,根魚五目船 アジ・サバ50～60尾 朝から雨・・・ 風も吹き沖に出られませんでしたが カンパチ・ワラサ・カサゴなど掛り皆さんお土産十分 出来ました。 常連の志鷹さん絶好調でしたね！！ 今日も嬉しい10時上がりとなりました。,25.0℃,NULL,chowari/鬼澤丸
鬼澤丸,鹿島,2026/09/05,1,0,ワラサ,ワラサ,サブ,ワラサ,NULL,,,,0,,,,,NULL,茨城県 鹿嶋市 鹿嶋新港,NULL,NULL,1,NULL,NULL,25.0,25.0,NULL,東北東,2.3m/s,小潮,東北東 1.0m/s,曇り,NULL,NULL,NULL,根魚五目船 アジ・サバ50～60尾 朝から雨・・・ 風も吹き沖に出られませんでしたが カンパチ・ワラサ・カサゴなど掛り皆さんお土産十分 出来ました。 常連の志鷹さん絶好調でしたね！！ 今日も嬉しい10時上がりとなりました。,25.0℃,NULL,chowari/鬼澤丸
鬼澤丸,鹿島,2026/09/12,1,0,アジ,アジ,メイン,アジ,NULL,,,,0,,,,,NULL,茨城県 鹿嶋市 鹿嶋新港,NULL,NULL,1,NULL,NULL,24.5,24.5,NULL,北北東,3.1m/s,大潮,東北東 1.0m/s,曇り一時雨,カサゴ・サバ・ハタ,NULL,NULL,根魚五目船 アジ・サバ20～30尾 朝から風が吹き潮の流れも速く釣りづらいスタート 風が吹き漁場に着くまでに時間が掛りました。 水深40ｍ辺りを攻めてきましたよ～。 良型のハタ・カサゴﾎﾟﾂﾎﾟﾂ掛りお土産になりました。 ハリス切れも何度か有りました。,24.5℃,NULL,chowari/鬼澤丸
鬼澤丸,鹿島,2026/09/12,1,0,カサゴ,カサゴ,サブ,カサゴ,NULL,,,,0,,,,,NULL,茨城県 鹿嶋市 鹿嶋新港,NULL,NULL,1,NULL,NULL,24.5,24.5,NULL,北北東,3.1m/s,大潮,東北東 1.0m/s,曇り一時雨,NULL,NULL,NULL,根魚五目船 アジ・サバ20～30尾 朝から風が吹き潮の流れも速く釣りづらいスタート 風が吹き漁場に着くまでに時間が掛りました。 水深40ｍ辺りを攻めてきましたよ～。 良型のハタ・カサゴﾎﾟﾂﾎﾟﾂ掛りお土産になりました。 ハリス切れも何度か有りました。,24.5℃,NULL,chowari/鬼澤丸
鬼澤丸,鹿島,2026/09/12,1,0,サバ,サバ,サブ,サバ,NULL,,,,0,,,,,NULL,茨城県 鹿嶋市 鹿嶋新港,NULL,NULL,1,NULL,NULL,24.5,24.5,NULL,北北東,3.1m/s,大潮,東北東 1.0m/s,曇り一時雨,NULL,NULL,NULL,根魚五目船 アジ・サバ20～30尾 朝から風が吹き潮の流れも速く釣りづらいスタート 風が吹き漁場に着くまでに時間が掛りました。 水深40ｍ辺りを攻めてきましたよ～。 良型のハタ・カサゴﾎﾟﾂﾎﾟﾂ掛りお土産になりました。 ハリス切れも何度か有りました。,24.5℃,NULL,chowari/鬼澤丸
鬼澤丸,鹿島,2026/09/12,1,0,ハタ,ハタ,サブ,ハタ,NULL,,,,0,,,,,NULL,茨城県 鹿嶋市 鹿嶋新港,NULL,NULL,1,NULL,NULL,24.5,24.5,NULL,北北東,3.1m/s,大潮,東北東 1.0m/s,曇り一時雨,NULL,NULL,NULL,根魚五目船 アジ・サバ20～30尾 朝から風が吹き潮の流れも速く釣りづらいスタート 風が吹き漁場に着くまでに時間が掛りました。 水深40ｍ辺りを攻めてきましたよ～。 良型のハタ・カサゴﾎﾟﾂﾎﾟﾂ掛りお土産になりました。 ハリス切れも何度か有りました。,24.5℃,NULL,chowari/鬼澤丸
鬼澤丸,鹿島,2026/09/13,1,0,アジ,アジ,サブ,アジ,NULL,,,,0,,,,,NULL,北沖,NULL,NULL,1,NULL,NULL,24.2,24.2,NULL,北北東,3.4m/s,中潮,東 1.3m/s・うねり,曇りのち時々晴れ,NULL,NULL,NULL,根魚五目船 朝から風・うねりが強いスタートでした。 アジ・サバ20～40尾 北沖を攻めてきました。 朝から常連の山口さん大鯛ＧＥＴ！！ イナダ・カサゴ・ハタ ハリス切れも何度か有りました。 ここ2，3日風強く釣りづらいですが お土産が出来良かったです。 常連の小舟さんクーラーいっぱいでしたね！！,24.2℃,NULL,chowari/鬼澤丸
鬼澤丸,鹿島,2026/09/13,1,0,イナダ,イナダ,メイン,イナダ,NULL,,,,0,,,,,NULL,北沖,NULL,NULL,1,NULL,NULL,24.2,24.2,NULL,北北東,3.4m/s,中潮,東 1.3m/s・うねり,曇りのち時々晴れ,アジ・カサゴ・サバ・タイ・ハタ,NULL,NULL,根魚五目船 朝から風・うねりが強いスタートでした。 アジ・サバ20～40尾 北沖を攻めてきました。 朝から常連の山口さん大鯛ＧＥＴ！！ イナダ・カサゴ・ハタ ハリス切れも何度か有りました。 ここ2，3日風強く釣りづらいですが お土産が出来良かったです。 常連の小舟さんクーラーいっぱいでしたね！！,24.2℃,NULL,chowari/鬼澤丸
鬼澤丸,鹿島,2026/09/13,1,0,カサゴ,カサゴ,サブ,カサゴ,NULL,,,,0,,,,,NULL,北沖,NULL,NULL,1,NULL,NULL,24.2,24.2,NULL,北北東,3.4m/s,中潮,東 1.3m/s・うねり,曇りのち時々晴れ,NULL,NULL,NULL,根魚五目船 朝から風・うねりが強いスタートでした。 アジ・サバ20～40尾 北沖を攻めてきました。 朝から常連の山口さん大鯛ＧＥＴ！！ イナダ・カサゴ・ハタ ハリス切れも何度か有りました。 ここ2，3日風強く釣りづらいですが お土産が出来良かったです。 常連の小舟さんクーラーいっぱいでしたね！！,24.2℃,NULL,chowari/鬼澤丸
鬼澤丸,鹿島,2026/09/13,1,0,サバ,サバ,サブ,サバ,NULL,,,,0,,,,,NULL,北沖,NULL,NULL,1,NULL,NULL,24.2,24.2,NULL,北北東,3.4m/s,中潮,東 1.3m/s・うねり,曇りのち時々晴れ,NULL,NULL,NULL,根魚五目船 朝から風・うねりが強いスタートでした。 アジ・サバ20～40尾 北沖を攻めてきました。 朝から常連の山口さん大鯛ＧＥＴ！！ イナダ・カサゴ・ハタ ハリス切れも何度か有りました。 ここ2，3日風強く釣りづらいですが お土産が出来良かったです。 常連の小舟さんクーラーいっぱいでしたね！！,24.2℃,NULL,chowari/鬼澤丸
鬼澤丸,鹿島,2026/09/13,1,0,タイ,マダイ,サブ,タイ,NULL,,,,0,,,,,NULL,北沖,NULL,NULL,1,NULL,NULL,24.2,24.2,NULL,北北東,3.4m/s,中潮,東 1.3m/s・うねり,曇りのち時々晴れ,NULL,NULL,NULL,根魚五目船 朝から風・うねりが強いスタートでした。 アジ・サバ20～40尾 北沖を攻めてきました。 朝から常連の山口さん大鯛ＧＥＴ！！ イナダ・カサゴ・ハタ ハリス切れも何度か有りました。 ここ2，3日風強く釣りづらいですが お土産が出来良かったです。 常連の小舟さんクーラーいっぱいでしたね！！,24.2℃,NULL,chowari/鬼澤丸
鬼澤丸,鹿島,2026/09/13,1,0,ハタ,ハタ,サブ,ハタ,NULL,,,,0,,,,,NULL,北沖,NULL,NULL,1,NULL,NULL,24.2,24.2,NULL,北北東,3.4m/s,中潮,東 1.3m/s・うねり,曇りのち時々晴れ,NULL,NULL,NULL,根魚五目船 朝から風・うねりが強いスタートでした。 アジ・サバ20～40尾 北沖を攻めてきました。 朝から常連の山口さん大鯛ＧＥＴ！！ イナダ・カサゴ・ハタ ハリス切れも何度か有りました。 ここ2，3日風強く釣りづらいですが お土産が出来良かったです。 常連の小舟さんクーラーいっぱいでしたね！！,24.2℃,NULL,chowari/鬼澤丸
鬼澤丸,鹿島,2026/09/14,1,0,アジ,アジ,メイン,アジ,NULL,,,,0,,,,,NULL,茨城県 鹿嶋市 鹿嶋新港,NULL,NULL,1,NULL,NULL,24.1,24.1,NULL,南南西,3.2m/s,中潮,東 0.9m/s,晴れ後時々曇り,サバ・ハタ・マゴチ・ワラサ,NULL,NULL,根魚五目船 久々に太陽の下での釣りが出来ました。 アジ・サバ50～60尾 沖を攻めてきました。 ハタ・ワラサ・マゴチなど掛りました。 ハリス切れも何度か有りましたね。 常連の高橋さんクーラーいっぱいになりました！！,24.1℃,NULL,chowari/鬼澤丸
鬼澤丸,鹿島,2026/09/14,1,0,サバ,サバ,サブ,サバ,NULL,,,,0,,,,,NULL,茨城県 鹿嶋市 鹿嶋新港,NULL,NULL,1,NULL,NULL,24.1,24.1,NULL,南南西,3.2m/s,中潮,東 0.9m/s,晴れ後時々曇り,NULL,NULL,NULL,根魚五目船 久々に太陽の下での釣りが出来ました。 アジ・サバ50～60尾 沖を攻めてきました。 ハタ・ワラサ・マゴチなど掛りました。 ハリス切れも何度か有りましたね。 常連の高橋さんクーラーいっぱいになりました！！,24.1℃,NULL,chowari/鬼澤丸
鬼澤丸,鹿島,2026/09/14,1,0,ハタ,ハタ,サブ,ハタ,NULL,,,,0,,,,,NULL,茨城県 鹿嶋市 鹿嶋新港,NULL,NULL,1,NULL,NULL,24.1,24.1,NULL,南南西,3.2m/s,中潮,東 0.9m/s,晴れ後時々曇り,NULL,NULL,NULL,根魚五目船 久々に太陽の下での釣りが出来ました。 アジ・サバ50～60尾 沖を攻めてきました。 ハタ・ワラサ・マゴチなど掛りました。 ハリス切れも何度か有りましたね。 常連の高橋さんクーラーいっぱいになりました！！,24.1℃,NULL,chowari/鬼澤丸
鬼澤丸,鹿島,2026/09/14,1,0,マゴチ,マゴチ,サブ,マゴチ,NULL,,,,0,,,,,NULL,茨城県 鹿嶋市 鹿嶋新港,NULL,NULL,1,NULL,NULL,24.1,24.1,NULL,南南西,3.2m/s,中潮,東 0.9m/s,晴れ後時々曇り,NULL,NULL,NULL,根魚五目船 久々に太陽の下での釣りが出来ました。 アジ・サバ50～60尾 沖を攻めてきました。 ハタ・ワラサ・マゴチなど掛りました。 ハリス切れも何度か有りましたね。 常連の高橋さんクーラーいっぱいになりました！！,24.1℃,NULL,chowari/鬼澤丸
鬼澤丸,鹿島,2026/09/14,1,0,ワラサ,ワラサ,サブ,ワラサ,NULL,,,,0,,,,,NULL,茨城県 鹿嶋市 鹿嶋新港,NULL,NULL,1,NULL,NULL,24.1,24.1,NULL,南南西,3.2m/s,中潮,東 0.9m/s,晴れ後時々曇り,NULL,NULL,NULL,根魚五目船 久々に太陽の下での釣りが出来ました。 アジ・サバ50～60尾 沖を攻めてきました。 ハタ・ワラサ・マゴチなど掛りました。 ハリス切れも何度か有りましたね。 常連の高橋さんクーラーいっぱいになりました！！,24.1℃,NULL,chowari/鬼澤丸
魚磯丸,久料港,2026/09/01,1,0,アカハタ,ハタ,メイン,アカハタ,NULL,,,,0,,,,,NULL,静岡県 沼津市 久料港,NULL,NULL,1,NULL,NULL,26.8,26.8,NULL,東南東,2.0m/s,中潮,南西 0.2m/s,晴れ後時々曇り,カサゴ・クロメバル・フエフキ,NULL,NULL,アカハタ・カサゴ・黒メバル・フエフキなど20～36ｃｍが4～6匹。 潮流れは良かったですが、喰いイマイチでした(^^；,26.8℃,NULL,chowari/魚磯丸
魚磯丸,久料港,2026/09/01,1,0,イサキ,イサキ,サブ,イサキ,NULL,,,,0,,,,,NULL,静岡県 沼津市 久料港,NULL,NULL,1,NULL,NULL,26.8,26.8,NULL,東南東,2.0m/s,中潮,南西 0.2m/s,晴れ後時々曇り,NULL,NULL,NULL,マダイ：3人2匹0.6～1ｋｇ。 エサ取り多く苦戦しましたが、オオモンハタなどでお土産になりました。 他イサキ・サバ・ムロアジ。 週末から雨予報が続きますね(^^；,26.8℃,NULL,chowari/魚磯丸
魚磯丸,久料港,2026/09/01,1,0,オオモンハタ,ハタ,サブ,オオモンハタ,NULL,,,,0,,,,,NULL,静岡県 沼津市 久料港,NULL,NULL,1,NULL,NULL,26.8,26.8,NULL,東南東,2.0m/s,中潮,南西 0.2m/s,晴れ後時々曇り,NULL,NULL,NULL,マダイ：3人2匹0.6～1ｋｇ。 エサ取り多く苦戦しましたが、オオモンハタなどでお土産になりました。 他イサキ・サバ・ムロアジ。 週末から雨予報が続きますね(^^；,26.8℃,NULL,chowari/魚磯丸
魚磯丸,久料港,2026/09/01,1,0,カサゴ,カサゴ,サブ,カサゴ,NULL,,,,0,,,,,NULL,静岡県 沼津市 久料港,NULL,NULL,1,NULL,NULL,26.8,26.8,NULL,東南東,2.0m/s,中潮,南西 0.2m/s,晴れ後時々曇り,NULL,NULL,NULL,アカハタ・カサゴ・黒メバル・フエフキなど20～36ｃｍが4～6匹。 潮流れは良かったですが、喰いイマイチでした(^^；,26.8℃,NULL,chowari/魚磯丸
魚磯丸,久料港,2026/09/01,1,0,クロメバル,メバル,サブ,クロメバル,NULL,,,,0,,,,,NULL,静岡県 沼津市 久料港,NULL,NULL,1,NULL,NULL,26.8,26.8,NULL,東南東,2.0m/s,中潮,南西 0.2m/s,晴れ後時々曇り,NULL,NULL,NULL,アカハタ・カサゴ・黒メバル・フエフキなど20～36ｃｍが4～6匹。 潮流れは良かったですが、喰いイマイチでした(^^；,26.8℃,NULL,chowari/魚磯丸
魚磯丸,久料港,2026/09/01,1,0,サバ,サバ,サブ,サバ,NULL,,,,0,,,,,NULL,静岡県 沼津市 久料港,NULL,NULL,1,NULL,NULL,26.8,26.8,NULL,東南東,2.0m/s,中潮,南西 0.2m/s,晴れ後時々曇り,NULL,NULL,NULL,マダイ：3人2匹0.6～1ｋｇ。 エサ取り多く苦戦しましたが、オオモンハタなどでお土産になりました。 他イサキ・サバ・ムロアジ。 週末から雨予報が続きますね(^^；,26.8℃,NULL,chowari/魚磯丸
魚磯丸,久料港,2026/09/01,1,0,フエフキ,NULL,サブ,フエフキ,NULL,,,,0,,,,,NULL,静岡県 沼津市 久料港,NULL,NULL,1,NULL,NULL,26.8,26.8,NULL,東南東,2.0m/s,中潮,南西 0.2m/s,晴れ後時々曇り,NULL,NULL,NULL,アカハタ・カサゴ・黒メバル・フエフキなど20～36ｃｍが4～6匹。 潮流れは良かったですが、喰いイマイチでした(^^；,26.8℃,NULL,chowari/魚磯丸
魚磯丸,久料港,2026/09/01,1,0,マダイ,マダイ,メイン,マダイ,NULL,,,,0,,,,,NULL,静岡県 沼津市 久料港,NULL,NULL,1,NULL,NULL,26.8,26.8,NULL,東南東,2.0m/s,中潮,南西 0.2m/s,晴れ後時々曇り,イサキ・オオモンハタ・サバ・ムロアジ,NULL,NULL,マダイ：3人2匹0.6～1ｋｇ。 エサ取り多く苦戦しましたが、オオモンハタなどでお土産になりました。 他イサキ・サバ・ムロアジ。 週末から雨予報が続きますね(^^；,26.8℃,NULL,chowari/魚磯丸
魚磯丸,久料港,2026/09/01,1,0,ムロアジ,アジ,サブ,ムロアジ,NULL,,,,0,,,,,NULL,静岡県 沼津市 久料港,NULL,NULL,1,NULL,NULL,26.8,26.8,NULL,東南東,2.0m/s,中潮,南西 0.2m/s,晴れ後時々曇り,NULL,NULL,NULL,マダイ：3人2匹0.6～1ｋｇ。 エサ取り多く苦戦しましたが、オオモンハタなどでお土産になりました。 他イサキ・サバ・ムロアジ。 週末から雨予報が続きますね(^^；,26.8℃,NULL,chowari/魚磯丸
魚磯丸,久料港,2026/09/01,2,0,アカハタ,ハタ,メイン,アカハタ,NULL,,,,0,,,,,NULL,静岡県 沼津市 久料港,NULL,NULL,1,NULL,NULL,26.8,26.8,NULL,東南東,2.0m/s,中潮,南西 0.2m/s,晴れ後時々曇り,カサゴ・クロメバル・フエフキ,NULL,NULL,アカハタ・カサゴ・黒メバル・フエフキなど20～36ｃｍが4～6匹。 潮流れは良かったですが、喰いイマイチでした(^^；,26.8℃,NULL,chowari/魚磯丸
魚磯丸,久料港,2026/09/01,2,0,カサゴ,カサゴ,サブ,カサゴ,NULL,,,,0,,,,,NULL,静岡県 沼津市 久料港,NULL,NULL,1,NULL,NULL,26.8,26.8,NULL,東南東,2.0m/s,中潮,南西 0.2m/s,晴れ後時々曇り,NULL,NULL,NULL,アカハタ・カサゴ・黒メバル・フエフキなど20～36ｃｍが4～6匹。 潮流れは良かったですが、喰いイマイチでした(^^；,26.8℃,NULL,chowari/魚磯丸
魚磯丸,久料港,2026/09/01,2,0,クロメバル,メバル,サブ,クロメバル,NULL,,,,0,,,,,NULL,静岡県 沼津市 久料港,NULL,NULL,1,NULL,NULL,26.8,26.8,NULL,東南東,2.0m/s,中潮,南西 0.2m/s,晴れ後時々曇り,NULL,NULL,NULL,アカハタ・カサゴ・黒メバル・フエフキなど20～36ｃｍが4～6匹。 潮流れは良かったですが、喰いイマイチでした(^^；,26.8℃,NULL,chowari/魚磯丸
魚磯丸,久料港,2026/09/01,2,0,フエフキ,NULL,サブ,フエフキ,NULL,,,,0,,,,,NULL,静岡県 沼津市 久料港,NULL,NULL,1,NULL,NULL,26.8,26.8,NULL,東南東,2.0m/s,中潮,南西 0.2m/s,晴れ後時々曇り,NULL,NULL,NULL,アカハタ・カサゴ・黒メバル・フエフキなど20～36ｃｍが4～6匹。 潮流れは良かったですが、喰いイマイチでした(^^；,26.8℃,NULL,chowari/魚磯丸
魚磯丸,久料港,2026/09/03,1,0,サバ,サバ,サブ,サバ,NULL,,,,0,,,,,NULL,静岡県 沼津市 久料港,NULL,NULL,1,NULL,NULL,27.3,27.3,NULL,西南西,1.7m/s,小潮,南南西 0.2m/s,曇り一時雨,NULL,NULL,NULL,良い反応多く、マダイの当たり多かったです。 マダイ：0～4匹(計7匹)、0.5～2ｋｇ お1人様残念・・・。 他、大～中サバ・ハタ。,27.3℃,NULL,chowari/魚磯丸
魚磯丸,久料港,2026/09/03,1,0,ハタ,ハタ,サブ,ハタ,NULL,,,,0,,,,,NULL,静岡県 沼津市 久料港,NULL,NULL,1,NULL,NULL,27.3,27.3,NULL,西南西,1.7m/s,小潮,南南西 0.2m/s,曇り一時雨,NULL,NULL,NULL,良い反応多く、マダイの当たり多かったです。 マダイ：0～4匹(計7匹)、0.5～2ｋｇ お1人様残念・・・。 他、大～中サバ・ハタ。,27.3℃,NULL,chowari/魚磯丸
魚磯丸,久料港,2026/09/03,1,0,マダイ,マダイ,メイン,マダイ,NULL,0.0,4.0,2.0,0,,,0.5,2.0,NULL,静岡県 沼津市 久料港,NULL,NULL,1,NULL,NULL,27.3,27.3,NULL,西南西,1.7m/s,小潮,南南西 0.2m/s,曇り一時雨,サバ・ハタ,NULL,NULL,良い反応多く、マダイの当たり多かったです。 マダイ：0～4匹(計7匹)、0.5～2ｋｇ お1人様残念・・・。 他、大～中サバ・ハタ。,27.3℃,NULL,chowari/魚磯丸
魚磯丸,久料港,2026/09/05,1,0,イサキ,イサキ,サブ,イサキ,NULL,,,,0,,,,,NULL,静岡県 沼津市 久料港,NULL,NULL,1,NULL,NULL,27.3,27.3,NULL,東北東,1.9m/s,小潮,南南西 0.3m/s,曇り,NULL,NULL,NULL,午前＆午後マダイ五目、 ともに潮流れ悪く反応もイマイチで撃沈。 午前は大～中サバ・イサキ・メジナ、午後はソウダガツオばかりでした(＞＜； 明日午後・月曜は予報悪く中止しました。,27.3℃,NULL,chowari/魚磯丸
魚磯丸,久料港,2026/09/05,1,0,サバ,サバ,メイン,サバ,NULL,,,,0,,,,,NULL,静岡県 沼津市 久料港,NULL,NULL,1,NULL,NULL,27.3,27.3,NULL,東北東,1.9m/s,小潮,南南西 0.3m/s,曇り,イサキ・ソウダガツオ・メジナ,NULL,NULL,午前＆午後マダイ五目、 ともに潮流れ悪く反応もイマイチで撃沈。 午前は大～中サバ・イサキ・メジナ、午後はソウダガツオばかりでした(＞＜； 明日午後・月曜は予報悪く中止しました。,27.3℃,NULL,chowari/魚磯丸
魚磯丸,久料港,2026/09/05,1,0,ソウダガツオ,NULL,サブ,ソウダガツオ,NULL,,,,0,,,,,NULL,静岡県 沼津市 久料港,NULL,NULL,1,NULL,NULL,27.3,27.3,NULL,東北東,1.9m/s,小潮,南南西 0.3m/s,曇り,NULL,NULL,NULL,午前＆午後マダイ五目、 ともに潮流れ悪く反応もイマイチで撃沈。 午前は大～中サバ・イサキ・メジナ、午後はソウダガツオばかりでした(＞＜； 明日午後・月曜は予報悪く中止しました。,27.3℃,NULL,chowari/魚磯丸
魚磯丸,久料港,2026/09/05,1,0,メジナ,メジナ,サブ,メジナ,NULL,,,,0,,,,,NULL,静岡県 沼津市 久料港,NULL,NULL,1,NULL,NULL,27.3,27.3,NULL,東北東,1.9m/s,小潮,南南西 0.3m/s,曇り,NULL,NULL,NULL,午前＆午後マダイ五目、 ともに潮流れ悪く反応もイマイチで撃沈。 午前は大～中サバ・イサキ・メジナ、午後はソウダガツオばかりでした(＞＜； 明日午後・月曜は予報悪く中止しました。,27.3℃,NULL,chowari/魚磯丸
魚磯丸,久料港,2026/09/05,2,0,イナワラ,ワラサ,メイン,イナワラ,NULL,,,,0,,,,,NULL,静岡県 沼津市 久料港,NULL,NULL,1,NULL,NULL,27.3,27.3,NULL,東北東,1.9m/s,小潮,南南西 0.3m/s,曇り,オオモンハタ,NULL,NULL,午前、 泳がせ釣り(アジ)、 エサのアジは入れ食いでしたが、本命たちは喰い渋くイナワラ・オオモンハタ・・・。 バラシもあり。,27.3℃,NULL,chowari/魚磯丸
魚磯丸,久料港,2026/09/05,2,0,オオモンハタ,ハタ,サブ,オオモンハタ,NULL,,,,0,,,,,NULL,静岡県 沼津市 久料港,NULL,NULL,1,NULL,NULL,27.3,27.3,NULL,東北東,1.9m/s,小潮,南南西 0.3m/s,曇り,NULL,NULL,NULL,午前、 泳がせ釣り(アジ)、 エサのアジは入れ食いでしたが、本命たちは喰い渋くイナワラ・オオモンハタ・・・。 バラシもあり。,27.3℃,NULL,chowari/魚磯丸
魚磯丸,久料港,2026/09/06,1,0,イナダ,イナダ,メイン,イナダ,NULL,,,,0,,,,,NULL,静岡県 沼津市 久料港,NULL,NULL,1,NULL,NULL,27.1,27.1,NULL,東北東,4.9m/s,長潮,東北東 0.2m/s,雨,オオモンハタ・ホウキハタ・マトウダイ・ワラサ,NULL,NULL,イナダ・ワラサ：船中4本、2.5～4.8ｋｇ。 他、マトウダイ・オオモンハタ・ホウキハタ。 バラシもあり。 エサのアジは相変わらず入れ食い、こちらも良いお土産になります。,27.1℃,NULL,chowari/魚磯丸
魚磯丸,久料港,2026/09/06,1,0,オオモンハタ,ハタ,サブ,オオモンハタ,NULL,,,,0,,,,,NULL,静岡県 沼津市 久料港,NULL,NULL,1,NULL,NULL,27.1,27.1,NULL,東北東,4.9m/s,長潮,東北東 0.2m/s,雨,NULL,NULL,NULL,イナダ・ワラサ：船中4本、2.5～4.8ｋｇ。 他、マトウダイ・オオモンハタ・ホウキハタ。 バラシもあり。 エサのアジは相変わらず入れ食い、こちらも良いお土産になります。,27.1℃,NULL,chowari/魚磯丸
魚磯丸,久料港,2026/09/06,1,0,ホウキハタ,ハタ,サブ,ホウキハタ,NULL,,,,0,,,,,NULL,静岡県 沼津市 久料港,NULL,NULL,1,NULL,NULL,27.1,27.1,NULL,東北東,4.9m/s,長潮,東北東 0.2m/s,雨,NULL,NULL,NULL,イナダ・ワラサ：船中4本、2.5～4.8ｋｇ。 他、マトウダイ・オオモンハタ・ホウキハタ。 バラシもあり。 エサのアジは相変わらず入れ食い、こちらも良いお土産になります。,27.1℃,NULL,chowari/魚磯丸
魚磯丸,久料港,2026/09/06,1,0,マトウダイ,NULL,サブ,マトウダイ,NULL,,,,0,,,,,NULL,静岡県 沼津市 久料港,NULL,NULL,1,NULL,NULL,27.1,27.1,NULL,東北東,4.9m/s,長潮,東北東 0.2m/s,雨,NULL,NULL,NULL,イナダ・ワラサ：船中4本、2.5～4.8ｋｇ。 他、マトウダイ・オオモンハタ・ホウキハタ。 バラシもあり。 エサのアジは相変わらず入れ食い、こちらも良いお土産になります。,27.1℃,NULL,chowari/魚磯丸
魚磯丸,久料港,2026/09/06,1,0,ワラサ,ワラサ,サブ,ワラサ,NULL,,,,0,,,,,NULL,静岡県 沼津市 久料港,NULL,NULL,1,NULL,NULL,27.1,27.1,NULL,東北東,4.9m/s,長潮,東北東 0.2m/s,雨,NULL,NULL,NULL,イナダ・ワラサ：船中4本、2.5～4.8ｋｇ。 他、マトウダイ・オオモンハタ・ホウキハタ。 バラシもあり。 エサのアジは相変わらず入れ食い、こちらも良いお土産になります。,27.1℃,NULL,chowari/魚磯丸
魚磯丸,久料港,2026/09/10,1,0,ソウダ,NULL,メイン,ソウダ,NULL,,,,0,,,,,NULL,静岡県 沼津市 久料港,NULL,NULL,1,NULL,NULL,26.5,26.5,NULL,東,2.7m/s,大潮,南南西 0.3m/s,雨,,NULL,NULL,今週は第8の上架作業で久々に午後出船しました。 マダイの反応あるもどこ行ってもソウダだらけ(^^； 残念ながら小型サイズのみでした。 イワシが大量に入ってきました、今後が楽しみです。 *9/15より午後船は12時集合～18時までになりますのでお間違いなく・・・ 10月からは冬時間に変わります。,26.5℃,NULL,chowari/魚磯丸
魚磯丸,久料港,2026/09/12,1,0,イサキ,イサキ,サブ,イサキ,NULL,,,,0,,,,,NULL,静岡県 沼津市 久料港,NULL,NULL,1,NULL,NULL,25.9,25.9,NULL,東,1.9m/s,大潮,南南西 0.2m/s,曇り,NULL,NULL,NULL,マダイ五目・泳がせ釣りともにソウダ多く苦戦でした。 マダイは小型サイズとイサキ・サバ。 泳がせ釣りも当たりあるもハリス切れやバラシで(^^； 小イワシ大量に入ってきましたけどね・・・。 ともに今後に期待です。 明日は夜釣りコマセ五目も出船、空き十分ありです。 (キントキ・クロムツ・アジ・サバ等) *9/15より午後船は12時集合～18時までになりますのでお間違いなく・・・ 10月からは冬時間に変わります。,25.9℃,NULL,chowari/魚磯丸
魚磯丸,久料港,2026/09/12,1,0,サバ,サバ,サブ,サバ,NULL,,,,0,,,,,NULL,静岡県 沼津市 久料港,NULL,NULL,1,NULL,NULL,25.9,25.9,NULL,東,1.9m/s,大潮,南南西 0.2m/s,曇り,NULL,NULL,NULL,マダイ五目・泳がせ釣りともにソウダ多く苦戦でした。 マダイは小型サイズとイサキ・サバ。 泳がせ釣りも当たりあるもハリス切れやバラシで(^^； 小イワシ大量に入ってきましたけどね・・・。 ともに今後に期待です。 明日は夜釣りコマセ五目も出船、空き十分ありです。 (キントキ・クロムツ・アジ・サバ等) *9/15より午後船は12時集合～18時までになりますのでお間違いなく・・・ 10月からは冬時間に変わります。,25.9℃,NULL,chowari/魚磯丸
魚磯丸,久料港,2026/09/12,1,0,マダイ,マダイ,メイン,マダイ,NULL,,,,0,,,,,NULL,静岡県 沼津市 久料港,NULL,NULL,1,NULL,NULL,25.9,25.9,NULL,東,1.9m/s,大潮,南南西 0.2m/s,曇り,イサキ・サバ,NULL,NULL,マダイ五目・泳がせ釣りともにソウダ多く苦戦でした。 マダイは小型サイズとイサキ・サバ。 泳がせ釣りも当たりあるもハリス切れやバラシで(^^； 小イワシ大量に入ってきましたけどね・・・。 ともに今後に期待です。 明日は夜釣りコマセ五目も出船、空き十分ありです。 (キントキ・クロムツ・アジ・サバ等) *9/15より午後船は12時集合～18時までになりますのでお間違いなく・・・ 10月からは冬時間に変わります。,25.9℃,NULL,chowari/魚磯丸
魚磯丸,久料港,2026/09/13,1,0,キントキ,キントキ,メイン,キントキ,NULL,6.0,6.0,6.0,0,,,,,NULL,静岡県 沼津市 久料港,NULL,NULL,1,NULL,NULL,25.6,25.6,NULL,東南東,1.1m/s,中潮,南南西 0.2m/s,雨のち曇り,サバ,NULL,NULL,キントキが良型混じり頭で6匹、他黒ムツ。 サバ多く黒ムツなどは振り落されてしまって(^^； コマセと切り身エサで狙いました。,25.6℃,NULL,chowari/魚磯丸
魚磯丸,久料港,2026/09/13,1,0,サバ,サバ,サブ,サバ,NULL,,,,0,,,,,NULL,静岡県 沼津市 久料港,NULL,NULL,1,NULL,NULL,25.6,25.6,NULL,東南東,1.1m/s,中潮,南南西 0.2m/s,雨のち曇り,NULL,NULL,NULL,キントキが良型混じり頭で6匹、他黒ムツ。 サバ多く黒ムツなどは振り落されてしまって(^^； コマセと切り身エサで狙いました。,25.6℃,NULL,chowari/魚磯丸
魚磯丸,久料港,2026/09/13,1,0,マダイ,マダイ,メイン,マダイ,NULL,1.0,1.0,1.0,0,,,0.8,0.8,NULL,静岡県 沼津市 久料港,NULL,NULL,1,NULL,NULL,25.4,25.4,NULL,東南東,1.1m/s,中潮,南南西 0.2m/s,雨のち曇り,サバ,NULL,NULL,マダイ五目、 マダイ：1匹、0.8ｋｇ。 他大サバ・・・。 相変わらずソウダ多く苦戦。,25.4℃,NULL,chowari/魚磯丸
魚磯丸,久料港,2026/09/13,2,0,オオモンハタ,ハタ,サブ,オオモンハタ,NULL,,,,0,,,,,NULL,静岡県 沼津市 久料港,NULL,NULL,1,NULL,NULL,25.6,25.6,NULL,東南東,1.1m/s,中潮,南南西 0.2m/s,雨のち曇り,NULL,NULL,NULL,泳がせ釣り(アジ)、 今朝もエサ釣りでソウダ・サバ多かったです。 本命はオオモンハタ・カンパチ・マトウダイと数回のバラシあり(＞＜；,25.6℃,NULL,chowari/魚磯丸
魚磯丸,久料港,2026/09/13,2,0,カンパチ,カンパチ,サブ,カンパチ,NULL,,,,0,,,,,NULL,静岡県 沼津市 久料港,NULL,NULL,1,NULL,NULL,25.6,25.6,NULL,東南東,1.1m/s,中潮,南南西 0.2m/s,雨のち曇り,NULL,NULL,NULL,泳がせ釣り(アジ)、 今朝もエサ釣りでソウダ・サバ多かったです。 本命はオオモンハタ・カンパチ・マトウダイと数回のバラシあり(＞＜；,25.6℃,NULL,chowari/魚磯丸
魚磯丸,久料港,2026/09/13,2,0,サバ,サバ,サブ,サバ,NULL,,,,0,,,,,NULL,静岡県 沼津市 久料港,NULL,NULL,1,NULL,NULL,25.6,25.6,NULL,東南東,1.1m/s,中潮,南南西 0.2m/s,雨のち曇り,NULL,NULL,NULL,泳がせ釣り(アジ)、 今朝もエサ釣りでソウダ・サバ多かったです。 本命はオオモンハタ・カンパチ・マトウダイと数回のバラシあり(＞＜；,25.6℃,NULL,chowari/魚磯丸
魚磯丸,久料港,2026/09/13,2,0,ソウダ,NULL,メイン,ソウダ,NULL,,,,0,,,,,NULL,静岡県 沼津市 久料港,NULL,NULL,1,NULL,NULL,25.6,25.6,NULL,東南東,1.1m/s,中潮,南南西 0.2m/s,雨のち曇り,オオモンハタ・カンパチ・サバ・マトウダイ,NULL,NULL,泳がせ釣り(アジ)、 今朝もエサ釣りでソウダ・サバ多かったです。 本命はオオモンハタ・カンパチ・マトウダイと数回のバラシあり(＞＜；,25.6℃,NULL,chowari/魚磯丸
魚磯丸,久料港,2026/09/13,2,0,マダイ,マダイ,メイン,マダイ,NULL,1.0,1.0,1.0,0,,,0.8,0.8,NULL,静岡県 沼津市 久料港,NULL,NULL,1,NULL,NULL,25.6,25.6,NULL,東南東,1.1m/s,中潮,南南西 0.2m/s,雨のち曇り,サバ,NULL,NULL,マダイ五目、 マダイ：1匹、0.8ｋｇ。 他大サバ・・・。 相変わらずソウダ多く苦戦。,25.6℃,NULL,chowari/魚磯丸
魚磯丸,久料港,2026/09/13,2,0,マトウダイ,NULL,サブ,マトウダイ,NULL,,,,0,,,,,NULL,静岡県 沼津市 久料港,NULL,NULL,1,NULL,NULL,25.6,25.6,NULL,東南東,1.1m/s,中潮,南南西 0.2m/s,雨のち曇り,NULL,NULL,NULL,泳がせ釣り(アジ)、 今朝もエサ釣りでソウダ・サバ多かったです。 本命はオオモンハタ・カンパチ・マトウダイと数回のバラシあり(＞＜；,25.6℃,NULL,chowari/魚磯丸
魚磯丸,久料港,2026/09/14,1,0,アカアマダイ,アカアマダイ,サブ,アカアマダイ,NULL,,,,0,,,,,NULL,静岡県 沼津市 久料港,NULL,NULL,1,NULL,NULL,25.7,25.7,NULL,西南西,1.9m/s,中潮,南南西 0.2m/s,晴れ後一時雨,NULL,NULL,NULL,朝イチにマダイ釣れましたが、やはりソウダが廻りアマダイ・アジに変更。 フグ被害もありましたが、当たり多く楽しめた様子でした。 マダイ：2匹、0.5～0.8ｋｇと小型サイズ。 他赤＆白アマダイ・アジ・イトヨリ・大中サバ等々・・。 お天気良くなり、暑くなりました(^^； また明日は雨です。,25.7℃,NULL,chowari/魚磯丸
魚磯丸,久料港,2026/09/14,1,0,アジ,アジ,サブ,アジ,NULL,,,,0,,,,,NULL,静岡県 沼津市 久料港,NULL,NULL,1,NULL,NULL,25.7,25.7,NULL,西南西,1.9m/s,中潮,南南西 0.2m/s,晴れ後一時雨,NULL,NULL,NULL,朝イチにマダイ釣れましたが、やはりソウダが廻りアマダイ・アジに変更。 フグ被害もありましたが、当たり多く楽しめた様子でした。 マダイ：2匹、0.5～0.8ｋｇと小型サイズ。 他赤＆白アマダイ・アジ・イトヨリ・大中サバ等々・・。 お天気良くなり、暑くなりました(^^； また明日は雨です。,25.7℃,NULL,chowari/魚磯丸
魚磯丸,久料港,2026/09/14,1,0,イトヨリ,イトヨリ,サブ,イトヨリ,NULL,,,,0,,,,,NULL,静岡県 沼津市 久料港,NULL,NULL,1,NULL,NULL,25.7,25.7,NULL,西南西,1.9m/s,中潮,南南西 0.2m/s,晴れ後一時雨,NULL,NULL,NULL,朝イチにマダイ釣れましたが、やはりソウダが廻りアマダイ・アジに変更。 フグ被害もありましたが、当たり多く楽しめた様子でした。 マダイ：2匹、0.5～0.8ｋｇと小型サイズ。 他赤＆白アマダイ・アジ・イトヨリ・大中サバ等々・・。 お天気良くなり、暑くなりました(^^； また明日は雨です。,25.7℃,NULL,chowari/魚磯丸
魚磯丸,久料港,2026/09/14,1,0,サバ,サバ,サブ,サバ,NULL,,,,0,,,,,NULL,静岡県 沼津市 久料港,NULL,NULL,1,NULL,NULL,25.7,25.7,NULL,西南西,1.9m/s,中潮,南南西 0.2m/s,晴れ後一時雨,NULL,NULL,NULL,朝イチにマダイ釣れましたが、やはりソウダが廻りアマダイ・アジに変更。 フグ被害もありましたが、当たり多く楽しめた様子でした。 マダイ：2匹、0.5～0.8ｋｇと小型サイズ。 他赤＆白アマダイ・アジ・イトヨリ・大中サバ等々・・。 お天気良くなり、暑くなりました(^^； また明日は雨です。,25.7℃,NULL,chowari/魚磯丸
魚磯丸,久料港,2026/09/14,1,0,シロアマダイ,シロアマダイ,サブ,シロアマダイ,NULL,,,,0,,,,,NULL,静岡県 沼津市 久料港,NULL,NULL,1,NULL,NULL,25.7,25.7,NULL,西南西,1.9m/s,中潮,南南西 0.2m/s,晴れ後一時雨,NULL,NULL,NULL,朝イチにマダイ釣れましたが、やはりソウダが廻りアマダイ・アジに変更。 フグ被害もありましたが、当たり多く楽しめた様子でした。 マダイ：2匹、0.5～0.8ｋｇと小型サイズ。 他赤＆白アマダイ・アジ・イトヨリ・大中サバ等々・・。 お天気良くなり、暑くなりました(^^； また明日は雨です。,25.7℃,NULL,chowari/魚磯丸
魚磯丸,久料港,2026/09/14,1,0,マダイ,マダイ,メイン,マダイ,NULL,2.0,2.0,2.0,0,,,0.5,0.8,NULL,静岡県 沼津市 久料港,NULL,NULL,1,NULL,NULL,25.7,25.7,NULL,西南西,1.9m/s,中潮,南南西 0.2m/s,晴れ後一時雨,アカアマダイ・アジ・イトヨリ・サバ・シロアマダイ,NULL,NULL,朝イチにマダイ釣れましたが、やはりソウダが廻りアマダイ・アジに変更。 フグ被害もありましたが、当たり多く楽しめた様子でした。 マダイ：2匹、0.5～0.8ｋｇと小型サイズ。 他赤＆白アマダイ・アジ・イトヨリ・大中サバ等々・・。 お天気良くなり、暑くなりました(^^； また明日は雨です。,25.7℃,NULL,chowari/魚磯丸
魚磯丸,久料港,2026/09/15,1,0,アカハタ,ハタ,メイン,アカハタ,NULL,,,,0,,,,,NULL,静岡県 沼津市 久料港,NULL,NULL,1,NULL,NULL,25.7,25.7,NULL,西南西,0.6m/s,中潮,南南西 0.2m/s,曇り一時雨,オオモンハタ・カサゴ・ホウキハタ,NULL,NULL,エサのアジは順調も本命たちはイマイチ・・・。 途中でイワシすくって胴突き2本バリで狙い、アカハタ・カサゴ・ホウキハタ・オオモンハタが喰い良くお土産できて良かったです(^^；,25.7℃,NULL,chowari/魚磯丸
魚磯丸,久料港,2026/09/15,1,0,オオモンハタ,ハタ,サブ,オオモンハタ,NULL,,,,0,,,,,NULL,静岡県 沼津市 久料港,NULL,NULL,1,NULL,NULL,25.7,25.7,NULL,西南西,0.6m/s,中潮,南南西 0.2m/s,曇り一時雨,NULL,NULL,NULL,エサのアジは順調も本命たちはイマイチ・・・。 途中でイワシすくって胴突き2本バリで狙い、アカハタ・カサゴ・ホウキハタ・オオモンハタが喰い良くお土産できて良かったです(^^；,25.7℃,NULL,chowari/魚磯丸
魚磯丸,久料港,2026/09/15,1,0,カサゴ,カサゴ,サブ,カサゴ,NULL,,,,0,,,,,NULL,静岡県 沼津市 久料港,NULL,NULL,1,NULL,NULL,25.7,25.7,NULL,西南西,0.6m/s,中潮,南南西 0.2m/s,曇り一時雨,NULL,NULL,NULL,エサのアジは順調も本命たちはイマイチ・・・。 途中でイワシすくって胴突き2本バリで狙い、アカハタ・カサゴ・ホウキハタ・オオモンハタが喰い良くお土産できて良かったです(^^；,25.7℃,NULL,chowari/魚磯丸
魚磯丸,久料港,2026/09/15,1,0,ホウキハタ,ハタ,サブ,ホウキハタ,NULL,,,,0,,,,,NULL,静岡県 沼津市 久料港,NULL,NULL,1,NULL,NULL,25.7,25.7,NULL,西南西,0.6m/s,中潮,南南西 0.2m/s,曇り一時雨,NULL,NULL,NULL,エサのアジは順調も本命たちはイマイチ・・・。 途中でイワシすくって胴突き2本バリで狙い、アカハタ・カサゴ・ホウキハタ・オオモンハタが喰い良くお土産できて良かったです(^^；,25.7℃,NULL,chowari/魚磯丸
魚磯丸,久料港,2026/09/17,1,0,イサキ,イサキ,サブ,イサキ,NULL,,,,0,,,,,NULL,静岡県 沼津市 久料港,NULL,NULL,1,NULL,NULL,25.6,25.6,NULL,東,3.4m/s,小潮,南 0.2m/s,晴れ時々曇り,NULL,NULL,NULL,午前マダイ五目、広範囲に探しましたが、反応少なくマダイは小型サイズ。 他、イサキ・中サバ・平ソウダ。 今朝は前回ほどソウダ少なかったです。 久々にお天気、東寄りの風で心地よいです。 写真も無くスミマセン(^^；,25.6℃,NULL,chowari/魚磯丸
魚磯丸,久料港,2026/09/17,1,0,サバ,サバ,サブ,サバ,NULL,,,,0,,,,,NULL,静岡県 沼津市 久料港,NULL,NULL,1,NULL,NULL,25.6,25.6,NULL,東,3.4m/s,小潮,南 0.2m/s,晴れ時々曇り,NULL,NULL,NULL,午前マダイ五目、広範囲に探しましたが、反応少なくマダイは小型サイズ。 他、イサキ・中サバ・平ソウダ。 今朝は前回ほどソウダ少なかったです。 久々にお天気、東寄りの風で心地よいです。 写真も無くスミマセン(^^；,25.6℃,NULL,chowari/魚磯丸
魚磯丸,久料港,2026/09/17,1,0,ヒラソウダ,NULL,サブ,ヒラソウダ,NULL,,,,0,,,,,NULL,静岡県 沼津市 久料港,NULL,NULL,1,NULL,NULL,25.6,25.6,NULL,東,3.4m/s,小潮,南 0.2m/s,晴れ時々曇り,NULL,NULL,NULL,午前マダイ五目、広範囲に探しましたが、反応少なくマダイは小型サイズ。 他、イサキ・中サバ・平ソウダ。 今朝は前回ほどソウダ少なかったです。 久々にお天気、東寄りの風で心地よいです。 写真も無くスミマセン(^^；,25.6℃,NULL,chowari/魚磯丸
魚磯丸,久料港,2026/09/17,1,0,マダイ,マダイ,メイン,マダイ,NULL,,,,0,,,,,NULL,静岡県 沼津市 久料港,NULL,NULL,1,NULL,NULL,25.6,25.6,NULL,東,3.4m/s,小潮,南 0.2m/s,晴れ時々曇り,イサキ・サバ・ヒラソウダ,NULL,NULL,午前マダイ五目、広範囲に探しましたが、反応少なくマダイは小型サイズ。 他、イサキ・中サバ・平ソウダ。 今朝は前回ほどソウダ少なかったです。 久々にお天気、東寄りの風で心地よいです。 写真も無くスミマセン(^^；,25.6℃,NULL,chowari/魚磯丸
鴨下丸kawana,横浜市八幡橋,2026/09/02,1,0,マダコ,マダコ,メイン,マダコ,NULL,1.0,12.0,6.5,0,,,0.3,0.8,NULL,神奈川県 横浜市 八幡橋,NULL,NULL,1,NULL,NULL,27.7,27.7,NULL,南,0.9m/s,中潮,南南東 0.2m/s,曇り時々晴れ,,NULL,NULL,"ポイントを回り拾い釣り。 片舷でスラスラ流せる人数でしたが,上手く乗りを出せた方と乗り出なかった方とで数に大差がありました。 オデコ無しだったので良かったです!!乗り良い日もあれば乗り渋りの日もあります。まずは一杯を目標に頑張りましょう。",27.7℃,NULL,chowari/鴨下丸kawana
鴨下丸kawana,横浜市八幡橋,2026/09/06,1,0,マダコ,マダコ,メイン,マダコ,NULL,4.0,6.0,5.0,0,,,0.3,0.8,NULL,神奈川県 横浜市 八幡橋,NULL,NULL,1,NULL,NULL,27.6,27.6,NULL,北北東,7.8m/s,長潮,北北東 0.6m/s,雨,,NULL,NULL,"近場ポイントを回りました。 各ポイントで乗りあり,皆様複数ゲット成功です。 少人数4名様の釣行でトップ6杯,二番手5杯,4杯2名様でした。 午後から雨強まる予報でしたので半日船の11時に沖上がりしました。 夏タコは今日で一時休船し,11月より再開予定ですがマダイの釣行次第で早まる可能性もありますのでしばらくお待ち下さい!!マダコファンの方はホームページやブログを確認下さい。",27.6℃,NULL,chowari/鴨下丸kawana
鴨下丸kawana,横浜市八幡橋,2026/09/09,1,0,クロダイ,クロダイ,サブ,クロダイ,NULL,,,,0,,,,,NULL,神奈川県 横浜市 八幡橋,NULL,NULL,1,NULL,NULL,27.7,27.7,NULL,南南西,8.3m/s,中潮,南 0.4m/s,曇りのち一時雨,NULL,NULL,NULL,"雨にも負けず,風にも負けず…の方々で出船しました!!今日も近場ポイントから反応見ながら探索!!反応確認しましたが,朝は素通りして後半に潮時で攻めてみよう思ったポイントでマダイ優勢で黒ダイも。ご予約お待ちしてます。",27.7℃,NULL,chowari/鴨下丸kawana
鴨下丸kawana,横浜市八幡橋,2026/09/09,1,0,マダイ,マダイ,メイン,マダイ,NULL,0.0,3.0,1.5,0,,,0.5,1.7,NULL,神奈川県 横浜市 八幡橋,NULL,NULL,1,NULL,NULL,27.7,27.7,NULL,南南西,8.3m/s,中潮,南 0.4m/s,曇りのち一時雨,クロダイ,NULL,NULL,"雨にも負けず,風にも負けず…の方々で出船しました!!今日も近場ポイントから反応見ながら探索!!反応確認しましたが,朝は素通りして後半に潮時で攻めてみよう思ったポイントでマダイ優勢で黒ダイも。ご予約お待ちしてます。",27.7℃,NULL,chowari/鴨下丸kawana
鴨下丸kawana,横浜市八幡橋,2026/09/11,1,0,アジ,アジ,サブ,アジ,NULL,,,,0,,,,,NULL,神奈川県 横浜市 八幡橋,NULL,NULL,1,NULL,NULL,27.3,27.3,NULL,北北東,3.9m/s,大潮,東北東 0.2m/s,雨,NULL,NULL,NULL,マダイは活性低めでしたが当たり多い時間帯もありました。 中~大アジは皆さん複数釣れてお土産に。トロサバも交じり5本釣れた強運の持ち主も。他にワラサ6.74kgやイナダも交じりました!!ハリス切れも2発あり残念…。,27.3℃,NULL,chowari/鴨下丸kawana
鴨下丸kawana,横浜市八幡橋,2026/09/11,1,0,イナダ,イナダ,サブ,イナダ,NULL,,,,0,,,,,NULL,神奈川県 横浜市 八幡橋,NULL,NULL,1,NULL,NULL,27.3,27.3,NULL,北北東,3.9m/s,大潮,東北東 0.2m/s,雨,NULL,NULL,NULL,マダイは活性低めでしたが当たり多い時間帯もありました。 中~大アジは皆さん複数釣れてお土産に。トロサバも交じり5本釣れた強運の持ち主も。他にワラサ6.74kgやイナダも交じりました!!ハリス切れも2発あり残念…。,27.3℃,NULL,chowari/鴨下丸kawana
鴨下丸kawana,横浜市八幡橋,2026/09/11,1,0,マサバ,サバ,サブ,マサバ,NULL,,,,0,,,,,NULL,神奈川県 横浜市 八幡橋,NULL,NULL,1,NULL,NULL,27.3,27.3,NULL,北北東,3.9m/s,大潮,東北東 0.2m/s,雨,NULL,NULL,NULL,マダイは活性低めでしたが当たり多い時間帯もありました。 中~大アジは皆さん複数釣れてお土産に。トロサバも交じり5本釣れた強運の持ち主も。他にワラサ6.74kgやイナダも交じりました!!ハリス切れも2発あり残念…。,27.3℃,NULL,chowari/鴨下丸kawana
鴨下丸kawana,横浜市八幡橋,2026/09/11,1,0,マダイ,マダイ,メイン,マダイ,NULL,,,,0,,,,,NULL,神奈川県 横浜市 八幡橋,NULL,NULL,1,NULL,NULL,27.3,27.3,NULL,北北東,3.9m/s,大潮,東北東 0.2m/s,雨,アジ・イナダ・マサバ・ワラサ・ワラサ6.74kgやイナダも交じりました!!ハリス切れも2発あり残念…,NULL,NULL,マダイは活性低めでしたが当たり多い時間帯もありました。 中~大アジは皆さん複数釣れてお土産に。トロサバも交じり5本釣れた強運の持ち主も。他にワラサ6.74kgやイナダも交じりました!!ハリス切れも2発あり残念…。,27.3℃,NULL,chowari/鴨下丸kawana
鴨下丸kawana,横浜市八幡橋,2026/09/11,1,0,ワラサ,ワラサ,サブ,ワラサ,NULL,,,,0,,,6.74,6.74,NULL,神奈川県 横浜市 八幡橋,NULL,NULL,1,NULL,NULL,27.3,27.3,NULL,北北東,3.9m/s,大潮,東北東 0.2m/s,雨,NULL,NULL,NULL,マダイは活性低めでしたが当たり多い時間帯もありました。 中~大アジは皆さん複数釣れてお土産に。トロサバも交じり5本釣れた強運の持ち主も。他にワラサ6.74kgやイナダも交じりました!!ハリス切れも2発あり残念…。,27.3℃,NULL,chowari/鴨下丸kawana
鴨下丸kawana,横浜市八幡橋,2026/09/12,1,0,アジ,アジ,サブ,アジ,NULL,,,,0,,,,,NULL,横浜沖,NULL,NULL,1,NULL,NULL,25.9,25.9,NULL,北北東,5.0m/s,大潮,北北東 0.2m/s,雨のち曇り,NULL,NULL,NULL,"横浜沖の近場ポイントを回りました。 今日はマダイの活性高く中~大アジやイナダも交じりながら当たり続いた時間帯があり,10名様が本命ゲット出来ました。 ご予約お待ちしてます!。",25.9℃,NULL,chowari/鴨下丸kawana
鴨下丸kawana,横浜市八幡橋,2026/09/12,1,0,イナダ,イナダ,サブ,イナダ,NULL,,,,0,,,,,NULL,横浜沖,NULL,NULL,1,NULL,NULL,25.9,25.9,NULL,北北東,5.0m/s,大潮,北北東 0.2m/s,雨のち曇り,NULL,NULL,NULL,"横浜沖の近場ポイントを回りました。 今日はマダイの活性高く中~大アジやイナダも交じりながら当たり続いた時間帯があり,10名様が本命ゲット出来ました。 ご予約お待ちしてます!。",25.9℃,NULL,chowari/鴨下丸kawana
鴨下丸kawana,横浜市八幡橋,2026/09/12,1,0,マダイ,マダイ,メイン,マダイ,NULL,,,,0,,,,,NULL,横浜沖,NULL,NULL,1,NULL,NULL,25.9,25.9,NULL,北北東,5.0m/s,大潮,北北東 0.2m/s,雨のち曇り,アジ・イナダ,NULL,NULL,"横浜沖の近場ポイントを回りました。 今日はマダイの活性高く中~大アジやイナダも交じりながら当たり続いた時間帯があり,10名様が本命ゲット出来ました。 ご予約お待ちしてます!。",25.9℃,NULL,chowari/鴨下丸kawana
鴨下丸kawana,横浜市八幡橋,2026/09/13,1,0,アジ,アジ,サブ,アジ,NULL,,,,0,,,,,NULL,神奈川県 横浜市 八幡橋,NULL,NULL,1,NULL,NULL,25.4,25.4,NULL,北,4.3m/s,中潮,北北東 0.2m/s,曇りのち時々晴れ,NULL,NULL,NULL,"近場ポイントを回りました。 活性良かった時は当たり多く,マダイ優勢でイナダや中~大アジ,,黒ダイも。 マダイはトップ5枚,二番手4枚,複数ゲットの方は8名様で皆さん本命ゲット出来ました!!ご予約お待ちしてます。",25.4℃,NULL,chowari/鴨下丸kawana
鴨下丸kawana,横浜市八幡橋,2026/09/13,1,0,イナダ,イナダ,サブ,イナダ,NULL,,,,0,,,,,NULL,神奈川県 横浜市 八幡橋,NULL,NULL,1,NULL,NULL,25.4,25.4,NULL,北,4.3m/s,中潮,北北東 0.2m/s,曇りのち時々晴れ,NULL,NULL,NULL,"近場ポイントを回りました。 活性良かった時は当たり多く,マダイ優勢でイナダや中~大アジ,,黒ダイも。 マダイはトップ5枚,二番手4枚,複数ゲットの方は8名様で皆さん本命ゲット出来ました!!ご予約お待ちしてます。",25.4℃,NULL,chowari/鴨下丸kawana
鴨下丸kawana,横浜市八幡橋,2026/09/13,1,0,クロダイ,クロダイ,サブ,クロダイ,NULL,,,,0,,,,,NULL,神奈川県 横浜市 八幡橋,NULL,NULL,1,NULL,NULL,25.4,25.4,NULL,北,4.3m/s,中潮,北北東 0.2m/s,曇りのち時々晴れ,NULL,NULL,NULL,"近場ポイントを回りました。 活性良かった時は当たり多く,マダイ優勢でイナダや中~大アジ,,黒ダイも。 マダイはトップ5枚,二番手4枚,複数ゲットの方は8名様で皆さん本命ゲット出来ました!!ご予約お待ちしてます。",25.4℃,NULL,chowari/鴨下丸kawana
鴨下丸kawana,横浜市八幡橋,2026/09/13,1,0,マダイ,マダイ,メイン,マダイ,NULL,1.0,5.0,3.0,0,,,0.4,1.8,NULL,神奈川県 横浜市 八幡橋,NULL,NULL,1,NULL,NULL,25.4,25.4,NULL,北,4.3m/s,中潮,北北東 0.2m/s,曇りのち時々晴れ,アジ・イナダ・クロダイ,NULL,NULL,"近場ポイントを回りました。 活性良かった時は当たり多く,マダイ優勢でイナダや中~大アジ,,黒ダイも。 マダイはトップ5枚,二番手4枚,複数ゲットの方は8名様で皆さん本命ゲット出来ました!!ご予約お待ちしてます。",25.4℃,NULL,chowari/鴨下丸kawana
鴨下丸kawana,横浜市八幡橋,2026/09/14,1,0,アジ,アジ,サブ,アジ,NULL,,,,0,,,,,NULL,横浜沖,NULL,NULL,1,NULL,NULL,25.8,25.8,NULL,南南西,6.0m/s,中潮,南 0.2m/s,晴れ後時々曇り,NULL,NULL,NULL,横浜沖の近場ポイントを回りました。 反応映える場面多いながらマダイ低活性で残念…。 そんな中でも上手く喰わせられた方々も。 中~大アジは皆さん釣れてお土産に!!ご予約お待ちしてます。,25.8℃,NULL,chowari/鴨下丸kawana
鴨下丸kawana,横浜市八幡橋,2026/09/14,1,0,マダイ,マダイ,メイン,マダイ,NULL,0.0,4.0,2.0,0,,,0.3,0.8,NULL,横浜沖,NULL,NULL,1,NULL,NULL,25.8,25.8,NULL,南南西,6.0m/s,中潮,南 0.2m/s,晴れ後時々曇り,アジ,NULL,NULL,横浜沖の近場ポイントを回りました。 反応映える場面多いながらマダイ低活性で残念…。 そんな中でも上手く喰わせられた方々も。 中~大アジは皆さん釣れてお土産に!!ご予約お待ちしてます。,25.8℃,NULL,chowari/鴨下丸kawana
鴨下丸kawana,横浜市八幡橋,2026/09/15,1,0,アジ,アジ,サブ,アジ,NULL,,,,0,,,,,NULL,神奈川県 横浜市 八幡橋,NULL,NULL,1,NULL,NULL,25.8,25.8,NULL,南,5.7m/s,中潮,南 0.2m/s,曇り一時雨,NULL,NULL,NULL,"近場ポイントを回りました。マダイの活性上がったタイミングで中~大アジ交じりで当たり続き,トップはお嬢が四隅以外の釣り座で5枚ゲット。 二番手は左前でお嬢に挑戦状叩きつけましたが3枚ゲットで敗北…。8名様本命確保成功し,中~大アジは皆さん釣れました!!他にイナダ,黒ダイが交じりました。ご予約お待ちしてます!!。",25.8℃,NULL,chowari/鴨下丸kawana
鴨下丸kawana,横浜市八幡橋,2026/09/15,1,0,イナダ,イナダ,サブ,イナダ,NULL,,,,0,,,,,NULL,神奈川県 横浜市 八幡橋,NULL,NULL,1,NULL,NULL,25.8,25.8,NULL,南,5.7m/s,中潮,南 0.2m/s,曇り一時雨,NULL,NULL,NULL,"近場ポイントを回りました。マダイの活性上がったタイミングで中~大アジ交じりで当たり続き,トップはお嬢が四隅以外の釣り座で5枚ゲット。 二番手は左前でお嬢に挑戦状叩きつけましたが3枚ゲットで敗北…。8名様本命確保成功し,中~大アジは皆さん釣れました!!他にイナダ,黒ダイが交じりました。ご予約お待ちしてます!!。",25.8℃,NULL,chowari/鴨下丸kawana
鴨下丸kawana,横浜市八幡橋,2026/09/15,1,0,クロダイ,クロダイ,サブ,クロダイ,NULL,,,,0,,,,,NULL,神奈川県 横浜市 八幡橋,NULL,NULL,1,NULL,NULL,25.8,25.8,NULL,南,5.7m/s,中潮,南 0.2m/s,曇り一時雨,NULL,NULL,NULL,"近場ポイントを回りました。マダイの活性上がったタイミングで中~大アジ交じりで当たり続き,トップはお嬢が四隅以外の釣り座で5枚ゲット。 二番手は左前でお嬢に挑戦状叩きつけましたが3枚ゲットで敗北…。8名様本命確保成功し,中~大アジは皆さん釣れました!!他にイナダ,黒ダイが交じりました。ご予約お待ちしてます!!。",25.8℃,NULL,chowari/鴨下丸kawana
鴨下丸kawana,横浜市八幡橋,2026/09/15,1,0,マダイ,マダイ,メイン,マダイ,NULL,0.0,5.0,2.5,0,,,0.3,1.7,NULL,神奈川県 横浜市 八幡橋,NULL,NULL,1,NULL,NULL,25.8,25.8,NULL,南,5.7m/s,中潮,南 0.2m/s,曇り一時雨,"アジ・イナダ・イナダ,黒ダイが交じりました・クロダイ",NULL,NULL,"近場ポイントを回りました。マダイの活性上がったタイミングで中~大アジ交じりで当たり続き,トップはお嬢が四隅以外の釣り座で5枚ゲット。 二番手は左前でお嬢に挑戦状叩きつけましたが3枚ゲットで敗北…。8名様本命確保成功し,中~大アジは皆さん釣れました!!他にイナダ,黒ダイが交じりました。ご予約お待ちしてます!!。",25.8℃,NULL,chowari/鴨下丸kawana
鴨下丸kawana,横浜市八幡橋,2026/09/18,1,0,アジ,アジ,サブ,アジ,NULL,,,,0,,,,,NULL,横浜沖,NULL,NULL,1,NULL,NULL,25.9,25.9,NULL,北,8.9m/s,小潮,北北東 0.6m/s,曇り,NULL,NULL,NULL,横浜沖の近場ポイントを回りました。 今日は低活性でいつもなら中~大アジの交じりでマダイもポツポツと釣れるのですがマダイは間が長い単発の当たりでした…。 中アジは皆さん釣れました、ハリス切れ1発…残念…。ご予約お待ちしてます!!。,25.9℃,NULL,chowari/鴨下丸kawana
鴨下丸kawana,横浜市八幡橋,2026/09/18,1,0,マダイ,マダイ,メイン,マダイ,NULL,0.0,3.0,1.5,0,,,0.4,1.0,NULL,横浜沖,NULL,NULL,1,NULL,NULL,25.9,25.9,NULL,北,8.9m/s,小潮,北北東 0.6m/s,曇り,アジ,NULL,NULL,横浜沖の近場ポイントを回りました。 今日は低活性でいつもなら中~大アジの交じりでマダイもポツポツと釣れるのですがマダイは間が長い単発の当たりでした…。 中アジは皆さん釣れました、ハリス切れ1発…残念…。ご予約お待ちしてます!!。,25.9℃,NULL,chowari/鴨下丸kawana
黒一丸,金沢漁港,2026/09/05,1,0,アジ,アジ,サブ,アジ,NULL,8.0,33.0,20.5,0,20.0,25.0,,,NULL,神奈川県 横浜市 金沢漁港,NULL,NULL,1,NULL,NULL,27.6,27.6,NULL,北東,3.3m/s,小潮,東 0.2m/s,曇り,NULL,NULL,NULL,皆様、貸し竿で楽しめました！,27.6℃,NULL,chowari/黒一丸
黒一丸,金沢漁港,2026/09/05,1,0,タチウオ,タチウオ,メイン,タチウオ,NULL,0.0,3.0,1.5,0,60.0,90.0,,,NULL,神奈川県 横浜市 金沢漁港,NULL,NULL,1,NULL,NULL,27.6,27.6,NULL,北東,3.3m/s,小潮,東 0.2m/s,曇り,アジ,NULL,NULL,皆様、貸し竿で楽しめました！,27.6℃,NULL,chowari/黒一丸
黒一丸,金沢漁港,2026/09/05,2,0,タチウオ,タチウオ,メイン,タチウオ,NULL,0.0,10.0,5.0,0,60.0,124.0,,,NULL,神奈川県 横浜市 金沢漁港,NULL,NULL,1,NULL,NULL,27.6,27.6,NULL,北東,3.3m/s,小潮,東 0.2m/s,曇り,,NULL,NULL,タチウオ釣り初挑戦の方が 124cm釣れました✨,27.6℃,NULL,chowari/黒一丸
黒一丸,金沢漁港,2026/09/06,1,0,タチウオ,タチウオ,メイン,タチウオ,NULL,1.0,10.0,5.5,0,60.0,100.0,,,NULL,神奈川県 横浜市 金沢漁港,NULL,NULL,1,NULL,NULL,27.6,27.6,NULL,北北東,7.8m/s,長潮,北北東 0.6m/s,雨,,NULL,NULL,なんとか皆様、 顔見れました💦,27.6℃,NULL,chowari/黒一丸
黒一丸,金沢漁港,2026/09/12,1,0,アジ,アジ,サブ,アジ,NULL,1.0,10.0,5.5,0,18.0,28.0,,,NULL,神奈川県 横浜市 金沢漁港,NULL,NULL,1,NULL,NULL,25.9,25.9,NULL,北北東,5.0m/s,大潮,北北東 0.2m/s,雨のち曇り,NULL,NULL,NULL,皆様、貸し竿で楽しめました✨,25.9℃,NULL,chowari/黒一丸
黒一丸,金沢漁港,2026/09/12,1,0,タチウオ,タチウオ,メイン,タチウオ,NULL,0.0,6.0,3.0,0,60.0,100.0,,,NULL,神奈川県 横浜市 金沢漁港,NULL,NULL,1,NULL,NULL,25.9,25.9,NULL,北北東,5.0m/s,大潮,北北東 0.2m/s,雨のち曇り,,NULL,NULL,残念ながら0が出てしまいました🥲,25.9℃,NULL,chowari/黒一丸
黒一丸,金沢漁港,2026/09/12,2,0,アジ,アジ,サブ,アジ,NULL,1.0,10.0,5.5,0,18.0,28.0,,,NULL,神奈川県 横浜市 金沢漁港,NULL,NULL,1,NULL,NULL,25.9,25.9,NULL,北北東,5.0m/s,大潮,北北東 0.2m/s,雨のち曇り,NULL,NULL,NULL,皆様、貸し竿で楽しめました✨,25.9℃,NULL,chowari/黒一丸
黒一丸,金沢漁港,2026/09/12,2,0,タチウオ,タチウオ,メイン,タチウオ,NULL,0.0,6.0,3.0,0,60.0,100.0,,,NULL,神奈川県 横浜市 金沢漁港,NULL,NULL,1,NULL,NULL,25.9,25.9,NULL,北北東,5.0m/s,大潮,北北東 0.2m/s,雨のち曇り,アジ,NULL,NULL,皆様、貸し竿で楽しめました✨,25.9℃,NULL,chowari/黒一丸
黒一丸,金沢漁港,2026/09/13,1,0,アジ,アジ,メイン,アジ,NULL,10.0,50.0,30.0,0,18.0,27.0,,,NULL,神奈川県 横浜市 金沢漁港,NULL,NULL,1,NULL,NULL,25.4,25.4,NULL,北,4.3m/s,中潮,北北東 0.2m/s,曇りのち時々晴れ,,NULL,NULL,皆様、お土産になりました✨,25.4℃,NULL,chowari/黒一丸
黒一丸,金沢漁港,2026/09/13,1,0,タチウオ,タチウオ,メイン,タチウオ,NULL,0.0,11.0,5.5,0,60.0,105.0,,,NULL,神奈川県 横浜市 金沢漁港,NULL,NULL,1,NULL,NULL,25.4,25.4,NULL,北,4.3m/s,中潮,北北東 0.2m/s,曇りのち時々晴れ,アジ,NULL,NULL,皆様、楽しんでもらえました！,25.4℃,NULL,chowari/黒一丸
黒一丸,金沢漁港,2026/09/13,2,0,アジ,アジ,メイン,アジ,NULL,10.0,50.0,30.0,0,18.0,27.0,,,NULL,神奈川県 横浜市 金沢漁港,NULL,NULL,1,NULL,NULL,25.4,25.4,NULL,北,4.3m/s,中潮,北北東 0.2m/s,曇りのち時々晴れ,,NULL,NULL,皆様、お土産になりました✨,25.4℃,NULL,chowari/黒一丸
黒一丸,金沢漁港,2026/09/16,1,0,アジ,アジ,メイン,アジ,NULL,25.0,40.0,32.5,0,19.0,28.0,,,NULL,神奈川県 横浜市 金沢漁港,NULL,NULL,1,NULL,NULL,25.9,25.9,NULL,北北東,3.3m/s,中潮,東 0.2m/s,雨,,NULL,NULL,皆様、貸し竿で雨の中 頑張りました✨,25.9℃,NULL,chowari/黒一丸
黒一丸,金沢漁港,2026/09/18,1,0,タチウオ,タチウオ,メイン,タチウオ,NULL,3.0,16.0,9.5,0,60.0,110.0,,,NULL,神奈川県 横浜市 金沢漁港,NULL,NULL,1,NULL,NULL,26.1,26.1,NULL,北,8.9m/s,小潮,北北東 0.6m/s,曇り,,NULL,NULL,テンヤ、天秤 両方楽しめました👍,26.1℃,NULL,chowari/黒一丸
黒一丸,金沢漁港,2026/09/19,1,0,タチウオ,タチウオ,メイン,タチウオ,NULL,1.0,12.0,6.5,0,60.0,100.0,,,NULL,神奈川県 横浜市 金沢漁港,NULL,NULL,1,NULL,NULL,25.9,25.9,NULL,北,6.9m/s,小潮,北 0.5m/s,曇り一時雨,,NULL,NULL,皆様、お土産になりました✨,25.9℃,NULL,chowari/黒一丸
黒一丸,金沢漁港,2026/09/19,2,0,タチウオ,タチウオ,メイン,タチウオ,NULL,6.0,41.0,23.5,0,60.0,121.0,,,NULL,神奈川県 横浜市 金沢漁港,NULL,NULL,1,NULL,NULL,25.9,25.9,NULL,北,6.9m/s,小潮,北 0.5m/s,曇り一時雨,,NULL,NULL,皆様、お土産になりました✨,25.9℃,NULL,chowari/黒一丸
黒川本家 -久里浜-,久里浜港,2026/09/01,1,0,アジ,アジ,サブ,アジ,NULL,4.0,15.0,9.5,0,24.0,40.0,,,NULL,走水沖,観音崎沖,NULL,2,NULL,NULL,27.0,27.0,NULL,北北東,3.8m/s,中潮,南 0.2m/s,曇り,NULL,NULL,NULL,■ﾀﾁｳｵ＆ｱｼﾞﾘﾚｰ船■ 天秤/6-25本。テンヤ/1人5本。走水沖50ｍ。走水～台船回りで反応見れました。難易度は少々高めながらも、誘いの合う方はアタリ多く、小～中型主体に良型混じりで釣れました。 観音崎沖40ｍ。中～大アジ混じりで、喰い渋く、我慢の拾い釣りでした。,27.0℃,NULL,chowari/黒川本家 -久里浜-
黒川本家 -久里浜-,久里浜港,2026/09/01,1,0,タチウオ,タチウオ,メイン,タチウオ,NULL,5.0,25.0,15.0,0,65.0,110.0,,,NULL,走水沖,観音崎沖,NULL,2,NULL,NULL,27.0,27.0,NULL,北北東,3.8m/s,中潮,南 0.2m/s,曇り,アジ,NULL,NULL,■ﾀﾁｳｵ＆ｱｼﾞﾘﾚｰ船■ 天秤/6-25本。テンヤ/1人5本。走水沖50ｍ。走水～台船回りで反応見れました。難易度は少々高めながらも、誘いの合う方はアタリ多く、小～中型主体に良型混じりで釣れました。 観音崎沖40ｍ。中～大アジ混じりで、喰い渋く、我慢の拾い釣りでした。,27.0℃,NULL,chowari/黒川本家 -久里浜-
黒川本家 -久里浜-,久里浜港,2026/09/02,1,0,アジ,アジ,メイン,アジ,NULL,17.0,28.0,22.5,0,22.0,35.0,,,NULL,神奈川県 横須賀市 久里浜港,NULL,NULL,1,NULL,NULL,27.7,27.7,NULL,南,0.9m/s,中潮,南 0.2m/s,曇り時々晴れ,,NULL,NULL,■ｼｮｰﾄｱｼﾞ船■ 喰い渋る,27.7℃,NULL,chowari/黒川本家 -久里浜-
黒川本家 -久里浜-,久里浜港,2026/09/02,2,0,アジ,アジ,サブ,アジ,NULL,3.0,33.0,18.0,0,23.0,40.0,,,NULL,観音崎沖,NULL,NULL,1,NULL,NULL,27.7,27.7,NULL,南,0.9m/s,中潮,南 0.2m/s,曇り時々晴れ,NULL,NULL,NULL,■ﾀﾁｳｵ＆ｱｼﾞﾘﾚｰ船■ 台船回り60ｍ。台船回りで反応見れ、難易度は少々高めながらも、誘いの合う方はアタリ多く、小～中型主体に良型混じりで釣れました。 観音崎沖40ｍ。中～大アジ混じりで、ポツポツと釣れました。,27.7℃,NULL,chowari/黒川本家 -久里浜-
黒川本家 -久里浜-,久里浜港,2026/09/02,2,0,タチウオ,タチウオ,メイン,タチウオ,NULL,3.0,26.0,14.5,0,65.0,110.0,,,NULL,観音崎沖,NULL,NULL,1,NULL,NULL,27.7,27.7,NULL,南,0.9m/s,中潮,南 0.2m/s,曇り時々晴れ,アジ,NULL,NULL,■ﾀﾁｳｵ＆ｱｼﾞﾘﾚｰ船■ 台船回り60ｍ。台船回りで反応見れ、難易度は少々高めながらも、誘いの合う方はアタリ多く、小～中型主体に良型混じりで釣れました。 観音崎沖40ｍ。中～大アジ混じりで、ポツポツと釣れました。,27.7℃,NULL,chowari/黒川本家 -久里浜-
黒川本家 -久里浜-,久里浜港,2026/09/03,1,0,アジ,アジ,サブ,アジ,NULL,4.0,11.0,7.5,0,24.0,40.0,,,NULL,観音崎沖,NULL,NULL,1,NULL,NULL,27.7,27.7,NULL,南南西,4.1m/s,小潮,南 0.3m/s,曇りのち一時雨,NULL,NULL,NULL,■ﾀﾁｳｵ＆ｱｼﾞﾘﾚｰ船■ 天秤/5-13本。テンヤ/1人14本。台船回り60ｍ。台船回りで反応見れ、小～中型主体に良型混じりで釣れました。 観音崎沖40ｍ。中～大アジ混じりで、喰い渋めながらもポツリポツリと釣れました。,27.7℃,NULL,chowari/黒川本家 -久里浜-
黒川本家 -久里浜-,久里浜港,2026/09/03,1,0,タチウオ,タチウオ,メイン,タチウオ,NULL,5.0,14.0,9.5,0,65.0,110.0,,,NULL,観音崎沖,NULL,NULL,1,NULL,NULL,27.7,27.7,NULL,南南西,4.1m/s,小潮,南 0.3m/s,曇りのち一時雨,アジ,NULL,NULL,■ﾀﾁｳｵ＆ｱｼﾞﾘﾚｰ船■ 天秤/5-13本。テンヤ/1人14本。台船回り60ｍ。台船回りで反応見れ、小～中型主体に良型混じりで釣れました。 観音崎沖40ｍ。中～大アジ混じりで、喰い渋めながらもポツリポツリと釣れました。,27.7℃,NULL,chowari/黒川本家 -久里浜-
黒川本家 -久里浜-,久里浜港,2026/09/05,1,0,アジ,アジ,サブ,アジ,NULL,7.0,21.0,14.0,0,20.0,32.0,,,NULL,観音崎沖,NULL,NULL,1,NULL,NULL,27.6,27.6,NULL,北東,3.3m/s,小潮,南南西 0.5m/s,曇り,NULL,NULL,NULL,■ﾀﾁｳｵ＆ｱｼﾞﾘﾚｰ船■ 天秤/2-18本。テンヤ/1人4本。台船回り60ｍ。台船回りで反応見れ、難易度は少々高めながらも、誘いの合う方はアタリ多く良型混じりで釣れました。 観音崎沖30ｍ。中アジ主体で、ポツポツと釣れました。,27.6℃,NULL,chowari/黒川本家 -久里浜-
黒川本家 -久里浜-,久里浜港,2026/09/05,1,0,タチウオ,タチウオ,メイン,タチウオ,NULL,2.0,18.0,10.0,0,65.0,110.0,,,NULL,観音崎沖,NULL,NULL,1,NULL,NULL,27.6,27.6,NULL,北東,3.3m/s,小潮,南南西 0.5m/s,曇り,アジ,NULL,NULL,■ﾀﾁｳｵ＆ｱｼﾞﾘﾚｰ船■ 天秤/2-18本。テンヤ/1人4本。台船回り60ｍ。台船回りで反応見れ、難易度は少々高めながらも、誘いの合う方はアタリ多く良型混じりで釣れました。 観音崎沖30ｍ。中アジ主体で、ポツポツと釣れました。,27.6℃,NULL,chowari/黒川本家 -久里浜-
黒川本家 -久里浜-,久里浜港,2026/09/09,1,0,アジ,アジ,サブ,アジ,NULL,,,,0,24.0,38.0,,,NULL,観音崎沖,NULL,NULL,1,NULL,NULL,27.7,27.7,NULL,南南西,8.3m/s,中潮,南 1.6m/s,曇りのち一時雨,NULL,NULL,NULL,■ﾀﾁｳｵ＆ｱｼﾞﾘﾚｰ船■ 台船回り60ｍ。南西風や雨強く、釣りにくい状況でした。台船回りで反応見れましたが、活性悪く難易度高めでした。 観音崎沖40ｍ。良い反応に当たらず、終了でした。,27.7℃,NULL,chowari/黒川本家 -久里浜-
黒川本家 -久里浜-,久里浜港,2026/09/09,1,0,タチウオ,タチウオ,メイン,タチウオ,NULL,0.0,10.0,5.0,0,65.0,110.0,,,NULL,観音崎沖,NULL,NULL,1,NULL,NULL,27.7,27.7,NULL,南南西,8.3m/s,中潮,南 1.6m/s,曇りのち一時雨,アジ,NULL,NULL,■ﾀﾁｳｵ＆ｱｼﾞﾘﾚｰ船■ 台船回り60ｍ。南西風や雨強く、釣りにくい状況でした。台船回りで反応見れましたが、活性悪く難易度高めでした。 観音崎沖40ｍ。良い反応に当たらず、終了でした。,27.7℃,NULL,chowari/黒川本家 -久里浜-
黒川本家 -久里浜-,久里浜港,2026/09/10,1,0,アジ,アジ,サブ,アジ,NULL,0.0,4.0,2.0,0,25.0,38.0,,,NULL,観音崎沖,NULL,NULL,1,NULL,NULL,27.5,27.5,NULL,北北東,6.3m/s,大潮,南 0.8m/s,雨時々止む,NULL,NULL,NULL,■ﾀﾁｳｵ＆ｱｼﾞﾘﾚｰ船■ 走水60ｍ。 観音崎沖30ｍ。 『９/１３(日)よりワラサ乗合船、開始します。ご予約お待ちしております。』,27.5℃,NULL,chowari/黒川本家 -久里浜-
黒川本家 -久里浜-,久里浜港,2026/09/10,1,0,タチウオ,タチウオ,メイン,タチウオ,NULL,4.0,18.0,11.0,0,65.0,110.0,,,NULL,観音崎沖,NULL,NULL,1,NULL,NULL,27.5,27.5,NULL,北北東,6.3m/s,大潮,南 0.8m/s,雨時々止む,アジ,NULL,NULL,■ﾀﾁｳｵ＆ｱｼﾞﾘﾚｰ船■ 走水60ｍ。 観音崎沖30ｍ。 『９/１３(日)よりワラサ乗合船、開始します。ご予約お待ちしております。』,27.5℃,NULL,chowari/黒川本家 -久里浜-
黒川本家 -久里浜-,久里浜港,2026/09/12,1,0,タチウオ,タチウオ,メイン,タチウオ,NULL,0.0,23.0,11.5,0,70.0,110.0,,,NULL,走水沖,観音崎沖,NULL,2,NULL,NULL,25.9,25.9,NULL,北北東,5.0m/s,大潮,南南西 0.5m/s,雨のち曇り,,NULL,NULL,■ﾀﾁｳｵ＆ｱｼﾞﾘﾚｰ船■ 天秤/2-23本。テンヤ/0-8本。走水沖60ｍ。走水～台船回りで反応見れて、難易度少々高めながらも、天秤優勢でアタリ多く、小～中～大型混じりでした。 観音崎沖40ｍ。反応乏しく、撃沈でした。,25.9℃,NULL,chowari/黒川本家 -久里浜-
黒川本家 -久里浜-,久里浜港,2026/09/13,1,0,アジ,アジ,サブ,アジ,NULL,3.0,32.0,17.5,0,24.0,40.0,,,NULL,走水沖,観音崎沖,NULL,2,NULL,NULL,25.4,25.4,NULL,北,4.3m/s,中潮,南南西 0.2m/s,曇りのち時々晴れ,NULL,NULL,NULL,■ﾀﾁｳｵ＆ｱｼﾞﾘﾚｰ船■ 天秤/3-23本。テンヤ/1人11本。走水沖60ｍ。走水～台船回りで反応見れて、天秤優勢でアタリ多く、小～中～良型混じりで釣れました。 観音崎沖50ｍ。中～大アジ混じりで喰い良く釣れました。,25.4℃,NULL,chowari/黒川本家 -久里浜-
黒川本家 -久里浜-,久里浜港,2026/09/13,1,0,タチウオ,タチウオ,メイン,タチウオ,NULL,3.0,23.0,13.0,0,65.0,105.0,,,NULL,走水沖,観音崎沖,NULL,2,NULL,NULL,25.4,25.4,NULL,北,4.3m/s,中潮,南南西 0.2m/s,曇りのち時々晴れ,アジ,NULL,NULL,■ﾀﾁｳｵ＆ｱｼﾞﾘﾚｰ船■ 天秤/3-23本。テンヤ/1人11本。走水沖60ｍ。走水～台船回りで反応見れて、天秤優勢でアタリ多く、小～中～良型混じりで釣れました。 観音崎沖50ｍ。中～大アジ混じりで喰い良く釣れました。,25.4℃,NULL,chowari/黒川本家 -久里浜-
黒川本家 -久里浜-,久里浜港,2026/09/14,1,0,アジ,アジ,サブ,アジ,NULL,,,,0,,,,,NULL,神奈川県 横須賀市 久里浜港,NULL,NULL,1,NULL,NULL,25.8,25.8,NULL,南南西,6.0m/s,中潮,南南西 0.4m/s,晴れ後時々曇り,NULL,NULL,NULL,■ワラサ船■ ワラサ2番手4本、6人中0本1人。シマアジ船中4尾。大アジまじり。,25.8℃,NULL,chowari/黒川本家 -久里浜-
黒川本家 -久里浜-,久里浜港,2026/09/14,1,0,イサキ,イサキ,サブ,イサキ,NULL,,,,0,,,,,NULL,神奈川県 横須賀市 久里浜港,NULL,NULL,1,NULL,NULL,25.8,25.8,NULL,南南西,6.0m/s,中潮,南南西 0.4m/s,晴れ後時々曇り,NULL,NULL,NULL,■ワラサ船■ ワラサ2番手4本、6人中0本1人。シマアジ船中4尾。大アジまじり。,25.8℃,NULL,chowari/黒川本家 -久里浜-
黒川本家 -久里浜-,久里浜港,2026/09/14,1,0,シマアジ,シマアジ,サブ,シマアジ,NULL,0.0,2.0,1.0,0,41.0,43.0,,,NULL,神奈川県 横須賀市 久里浜港,NULL,NULL,1,NULL,NULL,25.8,25.8,NULL,南南西,6.0m/s,中潮,南南西 0.4m/s,晴れ後時々曇り,NULL,NULL,NULL,■ワラサ船■ ワラサ2番手4本、6人中0本1人。シマアジ船中4尾。大アジまじり。,25.8℃,NULL,chowari/黒川本家 -久里浜-
黒川本家 -久里浜-,久里浜港,2026/09/14,1,0,タチウオ,タチウオ,メイン,タチウオ,NULL,2.0,7.0,4.5,0,70.0,110.0,,,NULL,観音崎沖,NULL,NULL,1,NULL,NULL,25.8,25.8,NULL,南南西,6.0m/s,中潮,南南西 0.4m/s,晴れ後時々曇り,アジ,NULL,NULL,■ﾀﾁｳｵ＆ｱｼﾞﾘﾚｰ船■ 台船回り60ｍ。台船回りで反応見れました。難易度少々高めで小～中～良型混じりで型は見れましたが数が伸びませんでした。 観音崎沖40ｍ。中～大アジ混じりで喰い良く釣れました。,25.8℃,NULL,chowari/黒川本家 -久里浜-
黒川本家 -久里浜-,久里浜港,2026/09/14,1,0,マダイ,マダイ,サブ,マダイ,NULL,,,,0,,,,,NULL,神奈川県 横須賀市 久里浜港,NULL,NULL,1,NULL,NULL,25.8,25.8,NULL,南南西,6.0m/s,中潮,南南西 0.4m/s,晴れ後時々曇り,NULL,NULL,NULL,■ワラサ船■ ワラサ2番手4本、6人中0本1人。シマアジ船中4尾。大アジまじり。,25.8℃,NULL,chowari/黒川本家 -久里浜-
黒川本家 -久里浜-,久里浜港,2026/09/14,1,0,ワラサ,ワラサ,メイン,ワラサ,NULL,0.0,5.0,2.5,0,,,2.8,3.4,NULL,神奈川県 横須賀市 久里浜港,NULL,NULL,1,NULL,NULL,25.8,25.8,NULL,南南西,6.0m/s,中潮,南南西 0.4m/s,晴れ後時々曇り,アジ・イサキ・シマアジ・マダイ,NULL,NULL,■ワラサ船■ ワラサ2番手4本、6人中0本1人。シマアジ船中4尾。大アジまじり。,25.8℃,NULL,chowari/黒川本家 -久里浜-
黒川本家 -久里浜-,久里浜港,2026/09/14,2,0,アジ,アジ,サブ,アジ,NULL,7.0,29.0,18.0,0,24.0,38.0,,,NULL,観音崎沖,NULL,NULL,1,NULL,NULL,25.8,25.8,NULL,南南西,6.0m/s,中潮,南南西 0.4m/s,晴れ後時々曇り,NULL,NULL,NULL,■ﾀﾁｳｵ＆ｱｼﾞﾘﾚｰ船■ 台船回り60ｍ。台船回りで反応見れました。難易度少々高めで小～中～良型混じりで型は見れましたが数が伸びませんでした。 観音崎沖40ｍ。中～大アジ混じりで喰い良く釣れました。,25.8℃,NULL,chowari/黒川本家 -久里浜-
黒川本家 -久里浜-,久里浜港,2026/09/14,2,0,タチウオ,タチウオ,メイン,タチウオ,NULL,2.0,7.0,4.5,0,70.0,110.0,,,NULL,観音崎沖,NULL,NULL,1,NULL,NULL,25.8,25.8,NULL,南南西,6.0m/s,中潮,南南西 0.4m/s,晴れ後時々曇り,アジ,NULL,NULL,■ﾀﾁｳｵ＆ｱｼﾞﾘﾚｰ船■ 台船回り60ｍ。台船回りで反応見れました。難易度少々高めで小～中～良型混じりで型は見れましたが数が伸びませんでした。 観音崎沖40ｍ。中～大アジ混じりで喰い良く釣れました。,25.8℃,NULL,chowari/黒川本家 -久里浜-
黒川本家 -久里浜-,久里浜港,2026/09/15,1,0,イサキ,イサキ,サブ,イサキ,NULL,,,,0,,,,,NULL,神奈川県 横須賀市 久里浜港,NULL,NULL,1,NULL,NULL,25.8,25.8,NULL,南,5.7m/s,中潮,南 0.4m/s,曇り一時雨,NULL,NULL,NULL,■ワラサ船■ 3本3人、2本3人。,25.8℃,NULL,chowari/黒川本家 -久里浜-
黒川本家 -久里浜-,久里浜港,2026/09/15,1,0,イナダ,イナダ,サブ,イナダ,NULL,,,,0,,,,,NULL,神奈川県 横須賀市 久里浜港,NULL,NULL,1,NULL,NULL,25.8,25.8,NULL,南,5.7m/s,中潮,南 0.4m/s,曇り一時雨,NULL,NULL,NULL,■ワラサ船■ 3本3人、2本3人。,25.8℃,NULL,chowari/黒川本家 -久里浜-
黒川本家 -久里浜-,久里浜港,2026/09/15,1,0,ハナダイ,ハナダイ,サブ,ハナダイ,NULL,,,,0,,,,,NULL,神奈川県 横須賀市 久里浜港,NULL,NULL,1,NULL,NULL,25.8,25.8,NULL,南,5.7m/s,中潮,南 0.4m/s,曇り一時雨,NULL,NULL,NULL,■ワラサ船■ 3本3人、2本3人。,25.8℃,NULL,chowari/黒川本家 -久里浜-
黒川本家 -久里浜-,久里浜港,2026/09/15,1,0,ヒラソウダ,NULL,サブ,ヒラソウダ,NULL,,,,0,,,,,NULL,神奈川県 横須賀市 久里浜港,NULL,NULL,1,NULL,NULL,25.8,25.8,NULL,南,5.7m/s,中潮,南 0.4m/s,曇り一時雨,NULL,NULL,NULL,■ワラサ船■ 3本3人、2本3人。,25.8℃,NULL,chowari/黒川本家 -久里浜-
黒川本家 -久里浜-,久里浜港,2026/09/15,1,0,マダイ,マダイ,サブ,マダイ,NULL,,,,0,,,,,NULL,神奈川県 横須賀市 久里浜港,NULL,NULL,1,NULL,NULL,25.8,25.8,NULL,南,5.7m/s,中潮,南 0.4m/s,曇り一時雨,NULL,NULL,NULL,■ワラサ船■ 3本3人、2本3人。,25.8℃,NULL,chowari/黒川本家 -久里浜-
黒川本家 -久里浜-,久里浜港,2026/09/15,1,0,ワラサ,ワラサ,メイン,ワラサ,NULL,1.0,3.0,2.0,0,,,2.8,3.8,NULL,神奈川県 横須賀市 久里浜港,NULL,NULL,1,NULL,NULL,25.8,25.8,NULL,南,5.7m/s,中潮,南 0.4m/s,曇り一時雨,イサキ・イナダ・ハナダイ・ヒラソウダ・マダイ,NULL,NULL,■ワラサ船■ 3本3人、2本3人。,25.8℃,NULL,chowari/黒川本家 -久里浜-
黒川本家 -久里浜-,久里浜港,2026/09/16,1,0,ワラサ,ワラサ,メイン,ワラサ,NULL,0.0,6.0,3.0,0,,,3.0,4.1,NULL,神奈川県 横須賀市 久里浜港,NULL,NULL,1,NULL,NULL,25.9,25.9,NULL,北北東,3.3m/s,中潮,南 0.3m/s,雨,,NULL,NULL,■ワラサ船■ 3本1人、2本2人。,25.9℃,NULL,chowari/黒川本家 -久里浜-
黒川本家 -久里浜-,久里浜港,2026/09/16,2,0,アジ,アジ,サブ,アジ,NULL,2.0,22.0,12.0,0,23.0,35.0,,,NULL,観音崎沖,NULL,NULL,1,NULL,NULL,25.9,25.9,NULL,北北東,3.3m/s,中潮,南 0.3m/s,雨,NULL,NULL,NULL,■ﾀﾁｳｵ＆ｱｼﾞﾘﾚｰ船■ 台船回り60ｍ。 観音崎沖40ｍ。,25.9℃,NULL,chowari/黒川本家 -久里浜-
黒川本家 -久里浜-,久里浜港,2026/09/16,2,0,タチウオ,タチウオ,メイン,タチウオ,NULL,4.0,43.0,23.5,0,65.0,110.0,,,NULL,観音崎沖,NULL,NULL,1,NULL,NULL,25.9,25.9,NULL,北北東,3.3m/s,中潮,南 0.3m/s,雨,アジ,NULL,NULL,■ﾀﾁｳｵ＆ｱｼﾞﾘﾚｰ船■ 台船回り60ｍ。 観音崎沖40ｍ。,25.9℃,NULL,chowari/黒川本家 -久里浜-
黒川本家 -久里浜-,久里浜港,2026/09/17,1,0,アジ,アジ,サブ,アジ,NULL,8.0,20.0,14.0,0,24.0,38.0,,,NULL,走水沖,観音崎沖,NULL,2,NULL,NULL,25.7,25.7,NULL,北,7.6m/s,小潮,北 0.6m/s,曇り時々晴れ,NULL,NULL,NULL,■ﾀﾁｳｵ＆ｱｼﾞﾘﾚｰ船■ 走水沖60ｍ。走水～台船回りで反応見れて難易度は少々高めながらも小～中型主体で良型混じりで釣れました。 観音崎沖40ｍ。中～大アジ混じりでポツポツと釣れました。,25.7℃,NULL,chowari/黒川本家 -久里浜-
黒川本家 -久里浜-,久里浜港,2026/09/17,1,0,タチウオ,タチウオ,メイン,タチウオ,NULL,5.0,23.0,14.0,0,65.0,110.0,,,NULL,走水沖,観音崎沖,NULL,2,NULL,NULL,25.7,25.7,NULL,北,7.6m/s,小潮,北 0.6m/s,曇り時々晴れ,アジ,NULL,NULL,■ﾀﾁｳｵ＆ｱｼﾞﾘﾚｰ船■ 走水沖60ｍ。走水～台船回りで反応見れて難易度は少々高めながらも小～中型主体で良型混じりで釣れました。 観音崎沖40ｍ。中～大アジ混じりでポツポツと釣れました。,25.7℃,NULL,chowari/黒川本家 -久里浜-
黒川本家 -久里浜-,久里浜港,2026/09/19,1,0,アジ,アジ,サブ,アジ,NULL,0.0,23.0,11.5,0,24.0,38.0,,,NULL,観音崎沖,NULL,NULL,1,NULL,NULL,25.9,25.9,NULL,北,6.9m/s,小潮,北北東 0.5m/s,曇り一時雨,NULL,NULL,NULL,■ﾀﾁｳｵ＆ｱｼﾞﾘﾚｰ船■ 台船回り60ｍ。 台船回りで反応見れて難易度は少々高めながらも小～中～良型混じりで釣れました。一名様、船酔いで型が見れませんでした。 観音崎沖40ｍ。 中～大アジ混じりでポツポツと釣れ、おかず確保出来ました。一名様、船酔いで型が見れませんでした。,25.9℃,NULL,chowari/黒川本家 -久里浜-
黒川本家 -久里浜-,久里浜港,2026/09/19,1,0,タチウオ,タチウオ,メイン,タチウオ,NULL,0.0,17.0,8.5,0,70.0,110.0,,,NULL,観音崎沖,NULL,NULL,1,NULL,NULL,25.9,25.9,NULL,北,6.9m/s,小潮,北北東 0.5m/s,曇り一時雨,アジ,NULL,NULL,■ﾀﾁｳｵ＆ｱｼﾞﾘﾚｰ船■ 台船回り60ｍ。 台船回りで反応見れて難易度は少々高めながらも小～中～良型混じりで釣れました。一名様、船酔いで型が見れませんでした。 観音崎沖40ｍ。 中～大アジ混じりでポツポツと釣れ、おかず確保出来ました。一名様、船酔いで型が見れませんでした。,25.9℃,NULL,chowari/黒川本家 -久里浜-
龍鳳丸,飯岡港,2026/09/05,1,0,シロギス,シロギス,サブ,シロギス,NULL,22.0,53.0,37.5,0,13.0,20.0,,,NULL,千葉県 旭市 飯岡漁港,NULL,NULL,1,NULL,NULL,25.0,25.0,NULL,東,1.7m/s,小潮,南東 1.0m/s,曇り,NULL,NULL,NULL,ヒラメとシロギスのリレー釣り。 ヒラメの外道にカサゴ、イナダ、キハダ。 シロギスの外道にニベ。,25.0℃,NULL,chowari/龍鳳丸
龍鳳丸,飯岡港,2026/09/05,1,0,ヒラメ,ヒラメ,メイン,ヒラメ,NULL,1.0,3.0,2.0,0,,,0.4,1.0,NULL,千葉県 旭市 飯岡漁港,NULL,NULL,1,NULL,NULL,25.0,25.0,NULL,東,1.7m/s,小潮,南東 1.0m/s,曇り,シロギス,NULL,NULL,ヒラメとシロギスのリレー釣り。 ヒラメの外道にカサゴ、イナダ、キハダ。 シロギスの外道にニベ。,25.0℃,NULL,chowari/龍鳳丸
龍鳳丸,飯岡港,2026/09/12,1,0,シロギス,シロギス,メイン,シロギス,NULL,3.0,20.0,11.5,0,13.0,20.0,,,NULL,千葉県 旭市 飯岡漁港,NULL,NULL,1,NULL,NULL,24.5,24.5,NULL,北北東,3.2m/s,大潮,東南東 1.0m/s,曇り一時雨,,NULL,NULL,外道にハナダイ、ニベ、ワタリガニ。,24.5℃,NULL,chowari/龍鳳丸
龍鳳丸,飯岡港,2026/09/13,1,0,ヒラメ,ヒラメ,メイン,ヒラメ,NULL,1.0,6.0,3.5,0,,,0.5,2.0,NULL,千葉県 旭市 飯岡漁港,NULL,NULL,1,NULL,NULL,24.2,24.2,NULL,北北東,3.0m/s,中潮,東 1.1m/s,曇りのち時々晴れ,,NULL,NULL,外道にカサゴ、イナダ、カンパチ。,24.2℃,NULL,chowari/龍鳳丸
