point,date,hour,wave_height,wave_period,wind_speed,wind_dir,sst,weather_code
銭洲沖,2026-09-01,00,1.3,7.8,5.7,89,29.4,51
銭洲沖,2026-09-01,03,1.3,7.7,5.1,79,29.3,51
銭洲沖,2026-09-01,06,1.3,7.9,5.6,72,29.2,51
銭洲沖,2026-09-01,09,1.4,8.2,5.9,87,29.3,2
銭洲沖,2026-09-01,12,1.4,8.2,6.0,89,29.4,0
銭洲沖,2026-09-01,15,1.5,8.2,5.8,80,29.5,0
銭洲沖,2026-09-01,18,1.5,8.2,6.4,75,29.4,0
銭洲沖,2026-09-01,21,1.5,8.2,6.7,71,29.3,0
イナンバ,2026-09-01,00,1.5,6.8,7.8,61,29.2,0
イナンバ,2026-09-01,03,1.5,7.0,7.0,62,29.2,0
イナンバ,2026-09-01,06,1.5,7.0,6.3,59,29.2,1
イナンバ,2026-09-01,09,1.7,7.2,8.0,56,29.3,2
イナンバ,2026-09-01,12,1.7,7.7,7.0,65,29.4,2
イナンバ,2026-09-01,15,1.6,7.8,5.3,70,29.5,51
イナンバ,2026-09-01,18,1.6,8.0,6.9,85,29.5,0
イナンバ,2026-09-01,21,1.6,8.0,6.1,79,29.5,0
石花海,2026-09-01,00,1.3,5.9,10.2,70,28.2,0
石花海,2026-09-01,03,1.4,6.0,9.0,65,28.1,0
石花海,2026-09-01,06,1.5,6.0,8.7,74,28.1,2
石花海,2026-09-01,09,1.6,6.1,9.9,66,28.0,0
石花海,2026-09-01,12,1.5,6.5,8.9,81,28.1,1
石花海,2026-09-01,15,1.3,6.9,7.3,81,28.2,3
石花海,2026-09-01,18,1.2,7.2,7.2,88,28.2,1
石花海,2026-09-01,21,1.2,7.5,6.6,93,28.2,0
神津島,2026-09-01,00,1.3,6.0,8.5,60,28.6,0
神津島,2026-09-01,03,1.3,6.2,6.6,60,28.5,0
神津島,2026-09-01,06,1.3,6.2,7.9,52,28.5,51
神津島,2026-09-01,09,1.4,6.4,8.2,47,28.4,51
神津島,2026-09-01,12,1.3,6.8,7.5,58,28.5,3
神津島,2026-09-01,15,1.2,7.2,6.0,63,28.5,1
神津島,2026-09-01,18,1.2,7.5,6.5,89,28.5,0
神津島,2026-09-01,21,1.2,7.7,5.6,83,28.5,2
金洲沖,2026-09-01,00,1.3,5.7,9.7,64,28.2,0
金洲沖,2026-09-01,03,1.3,5.8,8.8,57,28.2,0
金洲沖,2026-09-01,06,1.3,5.8,8.5,61,28.1,2
金洲沖,2026-09-01,09,1.4,6.0,9.7,56,28.0,0
金洲沖,2026-09-01,12,1.3,6.3,8.6,64,28.1,2
金洲沖,2026-09-01,15,1.2,6.8,7.2,79,28.2,0
金洲沖,2026-09-01,18,1.1,7.2,6.8,90,28.2,51
金洲沖,2026-09-01,21,1.1,7.5,5.8,86,28.2,3
新島沖,2026-09-01,00,1.4,6.1,8.2,58,28.6,0
新島沖,2026-09-01,03,1.3,6.3,6.7,50,28.5,51
新島沖,2026-09-01,06,1.3,6.4,8.4,41,28.5,51
新島沖,2026-09-01,09,1.4,6.7,7.7,42,28.5,0
新島沖,2026-09-01,12,1.4,7.0,7.6,54,28.6,3
新島沖,2026-09-01,15,1.3,7.2,6.0,63,28.6,1
新島沖,2026-09-01,18,1.2,7.5,6.4,85,28.6,1
新島沖,2026-09-01,21,1.2,7.6,5.5,80,28.5,0
金州,2026-09-01,00,1.3,6.2,7.7,52,28.4,3
金州,2026-09-01,03,1.3,6.4,7.4,37,28.3,2
金州,2026-09-01,06,1.3,6.5,8.1,37,28.2,0
金州,2026-09-01,09,1.4,6.9,7.5,38,28.2,0
金州,2026-09-01,12,1.3,7.3,7.1,57,28.3,2
金州,2026-09-01,15,1.3,7.6,5.9,66,28.3,1
金州,2026-09-01,18,1.2,7.8,5.7,87,28.3,1
金州,2026-09-01,21,1.2,7.8,5.3,78,28.2,0
白河沖,2026-09-01,00,1.1,5.5,6.6,98,27.8,3
白河沖,2026-09-01,03,1.3,5.7,4.8,85,27.7,0
白河沖,2026-09-01,06,1.2,6.0,3.2,52,27.7,0
白河沖,2026-09-01,09,1.1,6.5,4.0,67,27.7,0
白河沖,2026-09-01,12,1.1,6.7,3.3,101,27.9,0
白河沖,2026-09-01,15,1.1,6.7,6.0,119,28.0,1
白河沖,2026-09-01,18,1.1,6.8,4.9,105,27.9,2
白河沖,2026-09-01,21,1.0,7.0,4.5,109,27.9,3
御前崎沖,2026-09-01,00,1.2,5.5,6.6,98,27.7,3
御前崎沖,2026-09-01,03,1.3,5.7,4.8,85,27.6,0
御前崎沖,2026-09-01,06,1.2,6.0,3.2,52,27.6,0
御前崎沖,2026-09-01,09,1.1,6.5,4.0,67,27.6,0
御前崎沖,2026-09-01,12,1.1,6.7,3.3,101,27.8,0
御前崎沖,2026-09-01,15,1.1,6.7,6.0,119,27.9,1
御前崎沖,2026-09-01,18,1.1,6.8,4.9,105,27.8,2
御前崎沖,2026-09-01,21,1.0,7.0,4.5,109,27.8,3
八方便,2026-09-01,00,1.1,5.5,6.6,98,27.8,3
八方便,2026-09-01,03,1.3,5.7,4.8,85,27.7,0
八方便,2026-09-01,06,1.2,6.0,3.2,52,27.7,0
八方便,2026-09-01,09,1.1,6.5,4.0,67,27.7,0
八方便,2026-09-01,12,1.1,6.7,3.3,101,27.9,0
八方便,2026-09-01,15,1.1,6.7,6.0,119,28.0,1
八方便,2026-09-01,18,1.1,6.8,4.9,105,27.9,2
八方便,2026-09-01,21,1.0,7.0,4.5,109,27.9,3
神子元沖,2026-09-01,00,1.0,6.2,5.1,50,27.8,1
神子元沖,2026-09-01,03,1.0,6.6,4.0,47,27.8,1
神子元沖,2026-09-01,06,1.0,6.8,3.9,40,27.9,1
神子元沖,2026-09-01,09,1.1,7.2,4.1,64,27.9,0
神子元沖,2026-09-01,12,1.1,7.7,4.8,85,28.0,1
神子元沖,2026-09-01,15,1.0,8.1,3.6,90,28.1,1
神子元沖,2026-09-01,18,1.0,8.3,3.4,70,28.1,0
神子元沖,2026-09-01,21,1.0,8.4,2.9,55,28.1,3
大東沖,2026-09-01,00,1.0,5.5,3.8,95,27.0,3
大東沖,2026-09-01,03,1.0,5.8,2.8,71,27.1,0
大東沖,2026-09-01,06,1.0,6.1,3.2,49,27.2,0
大東沖,2026-09-01,09,1.0,6.7,3.8,85,27.4,0
大東沖,2026-09-01,12,0.9,6.8,4.2,129,27.6,0
大東沖,2026-09-01,15,1.0,6.5,4.9,131,27.8,1
大東沖,2026-09-01,18,1.0,6.7,3.4,110,27.8,1
大東沖,2026-09-01,21,0.9,7.0,2.6,107,27.7,3
石廊崎沖,2026-09-01,00,0.9,6.2,4.4,87,27.8,1
石廊崎沖,2026-09-01,03,0.9,6.5,3.4,83,27.7,1
石廊崎沖,2026-09-01,06,0.9,6.8,1.9,74,27.7,1
石廊崎沖,2026-09-01,09,1.0,7.2,1.6,104,27.8,0
石廊崎沖,2026-09-01,12,1.0,7.5,1.4,176,27.9,1
石廊崎沖,2026-09-01,15,0.9,7.5,3.6,116,28.0,1
石廊崎沖,2026-09-01,18,0.9,7.8,3.4,96,28.0,0
石廊崎沖,2026-09-01,21,0.9,8.1,2.7,84,27.9,3
福田沖,2026-09-01,00,1.0,5.5,3.8,93,26.8,3
福田沖,2026-09-01,03,1.1,5.8,3.0,75,26.9,0
福田沖,2026-09-01,06,1.0,6.0,2.7,52,27.0,0
福田沖,2026-09-01,09,1.0,6.5,3.3,90,27.1,0
福田沖,2026-09-01,12,1.0,6.7,4.3,142,27.3,0
福田沖,2026-09-01,15,1.0,6.5,5.0,136,27.5,2
福田沖,2026-09-01,18,1.0,6.5,3.3,114,27.5,3
福田沖,2026-09-01,21,0.9,6.8,2.5,102,27.5,1
浜岡沖,2026-09-01,00,0.9,5.7,6.6,98,27.4,3
浜岡沖,2026-09-01,03,1.0,6.0,4.8,85,27.3,0
浜岡沖,2026-09-01,06,0.9,6.3,3.2,52,27.3,0
浜岡沖,2026-09-01,09,0.9,6.8,4.0,67,27.3,0
浜岡沖,2026-09-01,12,0.9,7.0,3.3,101,27.5,0
浜岡沖,2026-09-01,15,0.9,6.8,6.0,119,27.7,1
浜岡沖,2026-09-01,18,0.9,6.8,4.9,105,27.6,2
浜岡沖,2026-09-01,21,0.9,7.0,4.5,109,27.5,3
下田南沖,2026-09-01,00,1.0,6.2,5.1,50,27.8,1
下田南沖,2026-09-01,03,1.0,6.6,4.0,47,27.8,1
下田南沖,2026-09-01,06,1.0,6.8,3.9,40,27.9,1
下田南沖,2026-09-01,09,1.1,7.2,4.1,64,27.9,0
下田南沖,2026-09-01,12,1.1,7.7,4.8,85,28.0,1
下田南沖,2026-09-01,15,1.0,8.1,3.6,90,28.1,1
下田南沖,2026-09-01,18,1.0,8.3,3.4,70,28.1,0
下田南沖,2026-09-01,21,1.0,8.4,2.9,55,28.1,3
下田沖,2026-09-01,00,1.0,6.2,5.1,50,27.8,1
下田沖,2026-09-01,03,1.0,6.6,4.0,47,27.8,1
下田沖,2026-09-01,06,1.0,6.8,3.9,40,27.9,1
下田沖,2026-09-01,09,1.1,7.2,4.1,64,27.9,0
下田沖,2026-09-01,12,1.1,7.7,4.8,85,28.0,1
下田沖,2026-09-01,15,1.0,8.1,3.6,90,28.1,1
下田沖,2026-09-01,18,1.0,8.3,3.4,70,28.1,0
下田沖,2026-09-01,21,1.0,8.4,2.9,55,28.1,3
相良沖,2026-09-01,00,0.9,5.6,6.6,98,27.2,3
相良沖,2026-09-01,03,1.0,6.0,4.8,85,27.1,0
相良沖,2026-09-01,06,0.9,6.2,3.2,52,27.1,0
相良沖,2026-09-01,09,0.9,6.8,4.0,67,27.2,0
相良沖,2026-09-01,12,0.9,7.0,3.3,101,27.4,0
相良沖,2026-09-01,15,1.0,6.7,6.0,119,27.6,1
相良沖,2026-09-01,18,1.0,6.7,4.9,105,27.6,2
相良沖,2026-09-01,21,0.9,7.0,4.5,109,27.5,3
天竜沖,2026-09-01,00,0.7,5.5,1.7,73,26.8,51
天竜沖,2026-09-01,03,0.7,5.8,2.0,55,26.9,0
天竜沖,2026-09-01,06,0.7,5.9,2.0,68,27.0,0
天竜沖,2026-09-01,09,0.7,6.3,2.7,86,27.1,0
天竜沖,2026-09-01,12,0.7,6.4,3.1,153,27.3,0
天竜沖,2026-09-01,15,0.7,6.0,3.7,152,27.5,1
天竜沖,2026-09-01,18,0.7,6.1,2.3,128,27.5,1
天竜沖,2026-09-01,21,0.7,6.4,1.5,98,27.5,0
波勝崎沖,2026-09-01,00,0.6,6.8,5.1,50,27.5,1
波勝崎沖,2026-09-01,03,0.6,7.2,4.0,47,27.4,1
波勝崎沖,2026-09-01,06,0.6,7.5,3.9,40,27.4,1
波勝崎沖,2026-09-01,09,0.7,7.8,4.1,64,27.5,0
波勝崎沖,2026-09-01,12,0.7,8.1,4.8,85,27.9,1
波勝崎沖,2026-09-01,15,0.7,8.0,3.6,90,28.1,1
波勝崎沖,2026-09-01,18,0.7,8.1,3.4,70,28.0,0
波勝崎沖,2026-09-01,21,0.7,8.2,2.9,55,27.8,3
藤守前,2026-09-01,00,0.6,5.5,2.4,85,27.1,51
藤守前,2026-09-01,03,0.6,5.9,2.3,28,27.1,0
藤守前,2026-09-01,06,0.6,6.0,3.2,39,27.1,0
藤守前,2026-09-01,09,0.6,6.5,4.0,65,27.2,0
藤守前,2026-09-01,12,0.6,6.5,2.4,111,27.5,0
藤守前,2026-09-01,15,0.7,6.2,5.0,139,27.8,1
藤守前,2026-09-01,18,0.7,6.2,3.2,127,27.7,0
藤守前,2026-09-01,21,0.6,6.5,2.7,118,27.6,3
吉田沖,2026-09-01,00,0.6,5.5,2.4,85,27.1,51
吉田沖,2026-09-01,03,0.6,5.9,2.3,28,27.1,0
吉田沖,2026-09-01,06,0.6,6.0,3.2,39,27.1,0
吉田沖,2026-09-01,09,0.6,6.5,4.0,65,27.2,0
吉田沖,2026-09-01,12,0.6,6.5,2.4,111,27.5,0
吉田沖,2026-09-01,15,0.7,6.2,5.0,139,27.8,1
吉田沖,2026-09-01,18,0.7,6.2,3.2,127,27.7,0
吉田沖,2026-09-01,21,0.6,6.5,2.7,118,27.6,3
千貫門沖,2026-09-01,00,0.6,6.8,4.4,87,27.8,1
千貫門沖,2026-09-01,03,0.6,7.2,3.4,83,27.6,1
千貫門沖,2026-09-01,06,0.6,7.5,1.9,74,27.6,1
千貫門沖,2026-09-01,09,0.7,7.8,1.6,104,27.7,0
千貫門沖,2026-09-01,12,0.7,8.1,1.4,176,28.2,1
千貫門沖,2026-09-01,15,0.7,8.0,3.6,116,28.6,1
千貫門沖,2026-09-01,18,0.7,8.1,3.4,96,28.4,0
千貫門沖,2026-09-01,21,0.7,8.2,2.7,84,28.1,3
豊浜沖,2026-09-01,00,0.5,6.8,4.4,87,28.0,1
豊浜沖,2026-09-01,03,0.5,7.3,3.4,83,27.9,1
豊浜沖,2026-09-01,06,0.5,7.5,1.9,74,27.8,1
豊浜沖,2026-09-01,09,0.5,8.0,1.6,104,27.9,0
豊浜沖,2026-09-01,12,0.6,8.2,1.4,176,28.4,1
豊浜沖,2026-09-01,15,0.6,8.0,3.6,116,28.7,1
豊浜沖,2026-09-01,18,0.6,8.0,3.4,96,28.5,0
豊浜沖,2026-09-01,21,0.6,8.1,2.7,84,28.2,3
松崎沖,2026-09-01,00,0.6,6.8,4.4,87,27.8,1
松崎沖,2026-09-01,03,0.6,7.2,3.4,83,27.6,1
松崎沖,2026-09-01,06,0.6,7.5,1.9,74,27.6,1
松崎沖,2026-09-01,09,0.7,7.8,1.6,104,27.7,0
松崎沖,2026-09-01,12,0.7,8.1,1.4,176,28.2,1
松崎沖,2026-09-01,15,0.7,8.0,3.6,116,28.6,1
松崎沖,2026-09-01,18,0.7,8.1,3.4,96,28.4,0
松崎沖,2026-09-01,21,0.7,8.2,2.7,84,28.1,3
西伊豆沖,2026-09-01,00,0.5,6.8,1.9,84,27.8,2
西伊豆沖,2026-09-01,03,0.5,7.3,2.0,78,27.6,3
西伊豆沖,2026-09-01,06,0.5,7.5,1.1,90,27.6,2
西伊豆沖,2026-09-01,09,0.5,8.0,0.2,323,27.7,1
西伊豆沖,2026-09-01,12,0.6,8.2,2.3,275,28.2,51
西伊豆沖,2026-09-01,15,0.6,8.0,1.1,246,28.6,51
西伊豆沖,2026-09-01,18,0.6,8.0,0.3,162,28.4,1
西伊豆沖,2026-09-01,21,0.6,8.1,1.2,90,28.1,1
大井川沖,2026-09-01,00,0.6,5.7,2.5,52,27.4,1
大井川沖,2026-09-01,03,0.6,6.3,3.0,33,27.4,0
大井川沖,2026-09-01,06,0.6,6.5,3.0,36,27.3,0
大井川沖,2026-09-01,09,0.6,7.0,3.6,66,27.4,0
大井川沖,2026-09-01,12,0.6,6.9,2.0,124,27.7,0
大井川沖,2026-09-01,15,0.7,6.2,4.6,151,27.9,1
大井川沖,2026-09-01,18,0.7,6.2,2.9,131,27.8,0
大井川沖,2026-09-01,21,0.7,6.7,2.3,112,27.7,2
中瀬海岸,2026-09-01,00,0.6,5.7,2.5,52,27.4,1
中瀬海岸,2026-09-01,03,0.6,6.3,3.0,33,27.4,0
中瀬海岸,2026-09-01,06,0.6,6.5,3.0,36,27.3,0
中瀬海岸,2026-09-01,09,0.6,7.0,3.6,66,27.4,0
中瀬海岸,2026-09-01,12,0.6,6.9,2.0,124,27.7,0
中瀬海岸,2026-09-01,15,0.7,6.2,4.6,151,27.9,1
中瀬海岸,2026-09-01,18,0.7,6.2,2.9,131,27.8,0
中瀬海岸,2026-09-01,21,0.7,6.7,2.3,112,27.7,2
大井川港,2026-09-01,00,0.6,5.7,3.1,44,27.4,2
大井川港,2026-09-01,03,0.6,6.3,3.0,38,27.4,1
大井川港,2026-09-01,06,0.6,6.5,2.3,25,27.3,0
大井川港,2026-09-01,09,0.6,7.0,3.1,67,27.4,0
大井川港,2026-09-01,12,0.6,6.9,2.2,127,27.7,1
大井川港,2026-09-01,15,0.7,6.2,3.3,158,27.9,0
大井川港,2026-09-01,18,0.7,6.2,2.3,140,27.8,1
大井川港,2026-09-01,21,0.7,6.7,1.0,96,27.7,1
駿河湾,2026-09-01,00,0.4,6.5,4.1,89,27.8,1
駿河湾,2026-09-01,03,0.5,7.2,3.2,89,27.7,2
駿河湾,2026-09-01,06,0.5,7.5,2.9,88,27.7,1
駿河湾,2026-09-01,09,0.5,8.0,2.9,72,27.9,0
駿河湾,2026-09-01,12,0.5,8.2,3.8,70,28.3,0
駿河湾,2026-09-01,15,0.5,8.3,1.4,114,28.7,2
駿河湾,2026-09-01,18,0.5,8.1,1.0,47,28.5,0
駿河湾,2026-09-01,21,0.5,8.2,1.8,85,28.3,0
洲崎沖,2026-09-01,00,0.9,7.2,3.1,37,27.0,1
洲崎沖,2026-09-01,03,0.9,7.5,3.7,17,27.0,0
洲崎沖,2026-09-01,06,0.8,7.9,3.7,27,27.1,0
洲崎沖,2026-09-01,09,1.0,9.0,2.8,45,27.2,0
洲崎沖,2026-09-01,12,0.9,8.8,2.7,75,27.5,51
洲崎沖,2026-09-01,15,0.9,8.8,3.8,86,27.7,51
洲崎沖,2026-09-01,18,1.0,8.8,3.4,93,27.7,3
洲崎沖,2026-09-01,21,0.9,8.8,3.2,58,27.5,0
沖ノ瀬,2026-09-01,00,0.9,6.8,5.7,36,27.3,1
沖ノ瀬,2026-09-01,03,0.9,7.2,6.1,32,27.2,1
沖ノ瀬,2026-09-01,06,0.9,7.5,6.3,34,27.1,1
沖ノ瀬,2026-09-01,09,1.0,8.6,5.4,27,27.2,0
沖ノ瀬,2026-09-01,12,0.9,8.8,5.2,22,27.6,0
沖ノ瀬,2026-09-01,15,0.9,9.0,3.7,90,27.9,2
沖ノ瀬,2026-09-01,18,0.9,9.0,4.1,108,27.9,1
沖ノ瀬,2026-09-01,21,0.9,8.9,4.0,70,27.8,51
平砂浦沖,2026-09-01,00,1.0,7.3,3.1,37,26.6,1
平砂浦沖,2026-09-01,03,1.0,7.5,3.7,17,26.5,0
平砂浦沖,2026-09-01,06,1.0,7.9,3.7,27,26.5,0
平砂浦沖,2026-09-01,09,1.2,8.8,2.8,45,26.6,0
平砂浦沖,2026-09-01,12,1.1,8.5,2.7,75,26.7,51
平砂浦沖,2026-09-01,15,1.1,8.5,3.8,86,26.9,51
平砂浦沖,2026-09-01,18,1.1,8.6,3.4,93,26.9,3
平砂浦沖,2026-09-01,21,1.1,8.7,3.2,58,26.9,0
館山沖,2026-09-01,00,0.9,7.3,3.1,37,26.9,1
館山沖,2026-09-01,03,0.9,7.6,3.7,17,26.9,0
館山沖,2026-09-01,06,0.9,8.0,3.7,27,26.9,0
館山沖,2026-09-01,09,1.1,8.9,2.8,45,27.0,0
館山沖,2026-09-01,12,1.0,8.6,2.7,75,27.1,51
館山沖,2026-09-01,15,1.0,8.7,3.8,86,27.2,51
館山沖,2026-09-01,18,1.0,8.7,3.4,93,27.1,3
館山沖,2026-09-01,21,1.0,8.8,3.2,58,27.1,0
久能沖,2026-09-01,00,0.5,5.9,3.1,68,27.8,1
久能沖,2026-09-01,03,0.5,6.5,2.2,52,27.6,0
久能沖,2026-09-01,06,0.5,6.8,1.6,357,27.5,0
久能沖,2026-09-01,09,0.5,7.2,2.4,63,27.6,0
久能沖,2026-09-01,12,0.5,7.3,1.9,87,27.9,1
久能沖,2026-09-01,15,0.6,6.8,2.4,143,28.2,1
久能沖,2026-09-01,18,0.6,6.6,0.9,108,28.1,1
久能沖,2026-09-01,21,0.6,7.0,1.2,16,27.9,1
富浦沖,2026-09-01,00,0.9,7.2,3.1,37,27.2,1
富浦沖,2026-09-01,03,0.9,7.4,3.7,17,27.2,0
富浦沖,2026-09-01,06,0.9,7.8,3.7,27,27.2,0
富浦沖,2026-09-01,09,1.0,8.9,2.8,45,27.3,0
富浦沖,2026-09-01,12,0.9,8.8,2.7,75,27.6,51
富浦沖,2026-09-01,15,0.9,8.9,3.8,86,27.8,51
富浦沖,2026-09-01,18,0.9,8.9,3.4,93,27.8,3
富浦沖,2026-09-01,21,0.9,8.8,3.2,58,27.7,0
折戸沖,2026-09-01,00,0.5,5.9,3.1,68,27.8,1
折戸沖,2026-09-01,03,0.5,6.5,2.2,52,27.6,0
折戸沖,2026-09-01,06,0.5,6.8,1.6,357,27.5,0
折戸沖,2026-09-01,09,0.5,7.2,2.4,63,27.6,0
折戸沖,2026-09-01,12,0.5,7.3,1.9,87,27.9,1
折戸沖,2026-09-01,15,0.6,6.8,2.4,143,28.2,1
折戸沖,2026-09-01,18,0.6,6.6,0.9,108,28.1,1
折戸沖,2026-09-01,21,0.6,7.0,1.2,16,27.9,1
貯木場,2026-09-01,00,0.4,5.8,3.1,68,27.8,1
貯木場,2026-09-01,03,0.4,6.6,2.2,52,27.6,0
貯木場,2026-09-01,06,0.4,7.0,1.6,357,27.5,0
貯木場,2026-09-01,09,0.4,7.5,2.4,63,27.6,0
貯木場,2026-09-01,12,0.4,8.0,1.9,87,27.9,1
貯木場,2026-09-01,15,0.5,8.1,2.4,143,28.2,1
貯木場,2026-09-01,18,0.5,7.8,0.9,108,28.1,1
貯木場,2026-09-01,21,0.5,7.9,1.2,16,27.9,1
折戸,2026-09-01,00,0.4,5.8,3.1,68,27.6,1
折戸,2026-09-01,03,0.4,6.6,2.2,52,27.4,0
折戸,2026-09-01,06,0.4,7.0,1.6,357,27.3,0
折戸,2026-09-01,09,0.4,7.5,2.4,63,27.4,0
折戸,2026-09-01,12,0.4,8.0,1.9,87,27.9,1
折戸,2026-09-01,15,0.5,8.1,2.4,143,28.3,1
折戸,2026-09-01,18,0.5,7.8,0.9,108,28.2,1
折戸,2026-09-01,21,0.5,7.9,1.2,16,28.0,1
清水沖,2026-09-01,00,0.4,5.8,3.1,68,27.6,1
清水沖,2026-09-01,03,0.4,6.6,2.2,52,27.4,0
清水沖,2026-09-01,06,0.4,7.0,1.6,357,27.3,0
清水沖,2026-09-01,09,0.4,7.5,2.4,63,27.4,0
清水沖,2026-09-01,12,0.4,8.0,1.9,87,27.9,1
清水沖,2026-09-01,15,0.5,8.1,2.4,143,28.3,1
清水沖,2026-09-01,18,0.5,7.8,0.9,108,28.2,1
清水沖,2026-09-01,21,0.5,7.9,1.2,16,28.0,1
岩井富浦沖,2026-09-01,00,0.6,6.9,3.1,37,26.7,1
岩井富浦沖,2026-09-01,03,0.6,7.2,3.7,17,26.6,0
岩井富浦沖,2026-09-01,06,0.6,7.5,3.7,27,26.6,0
岩井富浦沖,2026-09-01,09,0.7,8.4,2.8,45,26.7,0
岩井富浦沖,2026-09-01,12,0.6,8.3,2.7,75,27.1,51
岩井富浦沖,2026-09-01,15,0.6,8.5,3.8,86,27.5,51
岩井富浦沖,2026-09-01,18,0.6,8.4,3.4,93,27.5,3
岩井富浦沖,2026-09-01,21,0.6,8.5,3.2,58,27.4,0
北防,2026-09-01,00,0.4,5.8,3.1,68,27.8,1
北防,2026-09-01,03,0.4,6.6,2.2,52,27.6,0
北防,2026-09-01,06,0.4,7.0,1.6,357,27.5,0
北防,2026-09-01,09,0.4,7.5,2.4,63,27.6,0
北防,2026-09-01,12,0.4,8.0,1.9,87,27.9,1
北防,2026-09-01,15,0.5,8.1,2.4,143,28.2,1
北防,2026-09-01,18,0.5,7.8,0.9,108,28.1,1
北防,2026-09-01,21,0.5,7.9,1.2,16,27.9,1
一文字堤,2026-09-01,00,0.4,5.8,3.1,68,27.6,1
一文字堤,2026-09-01,03,0.4,6.6,2.2,52,27.4,0
一文字堤,2026-09-01,06,0.4,7.0,1.6,357,27.3,0
一文字堤,2026-09-01,09,0.4,7.5,2.4,63,27.4,0
一文字堤,2026-09-01,12,0.4,8.0,1.9,87,27.9,1
一文字堤,2026-09-01,15,0.5,8.1,2.4,143,28.3,1
一文字堤,2026-09-01,18,0.5,7.8,0.9,108,28.2,1
一文字堤,2026-09-01,21,0.5,7.9,1.2,16,28.0,1
西浦沖,2026-09-01,00,0.4,5.7,3.4,103,27.1,1
西浦沖,2026-09-01,03,0.4,6.5,2.5,108,27.0,1
西浦沖,2026-09-01,06,0.4,7.0,2.6,104,27.0,0
西浦沖,2026-09-01,09,0.4,7.6,2.9,93,27.0,1
西浦沖,2026-09-01,12,0.4,8.2,4.4,97,27.4,0
西浦沖,2026-09-01,15,0.4,8.4,3.4,95,27.7,1
西浦沖,2026-09-01,18,0.4,8.4,2.6,97,27.6,1
西浦沖,2026-09-01,21,0.4,8.3,2.1,97,27.4,1
高新田前,2026-09-01,00,0.4,5.8,3.1,68,27.6,1
高新田前,2026-09-01,03,0.4,6.6,2.2,52,27.4,0
高新田前,2026-09-01,06,0.4,7.0,1.6,357,27.3,0
高新田前,2026-09-01,09,0.4,7.5,2.4,63,27.4,0
高新田前,2026-09-01,12,0.4,8.0,1.9,87,27.9,1
高新田前,2026-09-01,15,0.5,8.1,2.4,143,28.3,1
高新田前,2026-09-01,18,0.5,7.8,0.9,108,28.2,1
高新田前,2026-09-01,21,0.5,7.9,1.2,16,28.0,1
三保沖,2026-09-01,00,0.4,5.8,1.0,61,27.5,1
三保沖,2026-09-01,03,0.4,6.6,0.6,76,27.4,0
三保沖,2026-09-01,06,0.4,7.0,1.8,342,27.4,0
三保沖,2026-09-01,09,0.4,7.5,1.4,82,27.5,0
三保沖,2026-09-01,12,0.4,8.0,1.8,90,27.8,0
三保沖,2026-09-01,15,0.5,8.1,3.1,130,28.1,1
三保沖,2026-09-01,18,0.5,7.8,1.1,71,28.0,1
三保沖,2026-09-01,21,0.5,7.9,1.0,51,27.8,0
三保取入口,2026-09-01,00,0.4,5.8,1.0,61,27.5,1
三保取入口,2026-09-01,03,0.4,6.6,0.6,76,27.4,0
三保取入口,2026-09-01,06,0.4,7.0,1.8,342,27.4,0
三保取入口,2026-09-01,09,0.4,7.5,1.4,82,27.5,0
三保取入口,2026-09-01,12,0.4,8.0,1.8,90,27.8,0
三保取入口,2026-09-01,15,0.5,8.1,3.1,130,28.1,1
三保取入口,2026-09-01,18,0.5,7.8,1.1,71,28.0,1
三保取入口,2026-09-01,21,0.5,7.9,1.0,51,27.8,0
静浦沖,2026-09-01,00,0.4,5.7,3.1,93,27.1,1
静浦沖,2026-09-01,03,0.4,6.5,2.2,93,27.0,1
静浦沖,2026-09-01,06,0.4,7.0,2.2,71,27.0,0
静浦沖,2026-09-01,09,0.4,7.6,2.3,101,27.0,1
静浦沖,2026-09-01,12,0.4,8.2,3.7,119,27.4,1
静浦沖,2026-09-01,15,0.4,8.4,3.1,121,27.7,0
静浦沖,2026-09-01,18,0.4,8.4,2.5,104,27.6,2
静浦沖,2026-09-01,21,0.4,8.3,2.0,94,27.4,1
網代沖,2026-09-01,00,,,3.0,84,26.3,1
網代沖,2026-09-01,03,,,1.8,82,26.3,1
網代沖,2026-09-01,06,,,1.9,101,26.2,0
網代沖,2026-09-01,09,,,2.7,86,26.3,1
網代沖,2026-09-01,12,,,3.4,97,26.8,0
網代沖,2026-09-01,15,,,3.1,86,27.2,0
網代沖,2026-09-01,18,,,1.9,130,27.2,1
網代沖,2026-09-01,21,,,1.4,104,26.9,1
網代南沖,2026-09-01,00,0.7,6.2,3.4,53,26.3,1
網代南沖,2026-09-01,03,0.7,6.7,2.2,44,26.3,0
網代南沖,2026-09-01,06,0.7,7.2,1.9,47,26.2,0
網代南沖,2026-09-01,09,0.7,8.2,2.6,70,26.3,2
網代南沖,2026-09-01,12,0.7,8.8,2.5,95,26.8,0
網代南沖,2026-09-01,15,0.7,9.0,2.1,95,27.2,0
網代南沖,2026-09-01,18,0.7,8.9,1.1,153,27.2,1
網代南沖,2026-09-01,21,0.7,8.9,1.2,95,26.9,1
岩井沖,2026-09-01,00,0.6,6.9,3.1,37,26.7,1
岩井沖,2026-09-01,03,0.6,7.2,3.7,17,26.6,0
岩井沖,2026-09-01,06,0.6,7.5,3.7,27,26.6,0
岩井沖,2026-09-01,09,0.7,8.4,2.8,45,26.7,0
岩井沖,2026-09-01,12,0.6,8.3,2.7,75,27.1,51
岩井沖,2026-09-01,15,0.6,8.5,3.8,86,27.5,51
岩井沖,2026-09-01,18,0.6,8.4,3.4,93,27.5,3
岩井沖,2026-09-01,21,0.6,8.5,3.2,58,27.4,0
沼津沖,2026-09-01,00,0.4,5.7,3.4,103,27.1,1
沼津沖,2026-09-01,03,0.4,6.5,2.5,108,27.0,1
沼津沖,2026-09-01,06,0.4,7.0,2.6,104,27.0,0
沼津沖,2026-09-01,09,0.4,7.6,2.9,93,27.0,1
沼津沖,2026-09-01,12,0.4,8.2,4.4,97,27.4,0
沼津沖,2026-09-01,15,0.4,8.4,3.4,95,27.7,1
沼津沖,2026-09-01,18,0.4,8.4,2.6,97,27.6,1
沼津沖,2026-09-01,21,0.4,8.3,2.1,97,27.4,1
相模湾,2026-09-01,00,0.8,6.3,6.8,44,26.5,3
相模湾,2026-09-01,03,0.7,6.8,6.6,25,26.4,1
相模湾,2026-09-01,06,0.7,7.2,6.6,29,26.3,0
相模湾,2026-09-01,09,0.8,8.3,5.2,27,26.4,0
相模湾,2026-09-01,12,0.7,8.8,3.0,41,26.8,0
相模湾,2026-09-01,15,0.7,9.1,2.5,89,27.3,0
相模湾,2026-09-01,18,0.7,9.1,4.2,129,27.2,1
相模湾,2026-09-01,21,0.7,8.9,2.8,76,26.9,0
太海沖航程1時間30分,2026-09-01,00,1.0,7.3,2.7,35,26.5,1
太海沖航程1時間30分,2026-09-01,03,1.0,7.5,3.3,15,26.6,0
太海沖航程1時間30分,2026-09-01,06,1.0,7.9,3.3,25,26.6,0
太海沖航程1時間30分,2026-09-01,09,1.2,8.8,2.7,56,26.7,0
太海沖航程1時間30分,2026-09-01,12,1.1,8.5,2.9,91,26.9,53
太海沖航程1時間30分,2026-09-01,15,1.1,8.5,3.2,94,27.1,51
太海沖航程1時間30分,2026-09-01,18,1.1,8.6,2.8,93,27.1,3
太海沖航程1時間30分,2026-09-01,21,1.1,8.7,2.8,57,27.0,1
木負沖,2026-09-01,00,0.4,5.7,3.1,93,27.1,1
木負沖,2026-09-01,03,0.4,6.5,2.2,93,27.0,1
木負沖,2026-09-01,06,0.4,7.0,2.2,71,27.0,0
木負沖,2026-09-01,09,0.4,7.6,2.3,101,27.0,1
木負沖,2026-09-01,12,0.4,8.2,3.7,119,27.4,1
木負沖,2026-09-01,15,0.4,8.4,3.1,121,27.7,0
木負沖,2026-09-01,18,0.4,8.4,2.5,104,27.6,2
木負沖,2026-09-01,21,0.4,8.3,2.0,94,27.4,1
木負湾内,2026-09-01,00,0.4,5.7,3.1,93,27.1,1
木負湾内,2026-09-01,03,0.4,6.5,2.2,93,27.0,1
木負湾内,2026-09-01,06,0.4,7.0,2.2,71,27.0,0
木負湾内,2026-09-01,09,0.4,7.6,2.3,101,27.0,1
木負湾内,2026-09-01,12,0.4,8.2,3.7,119,27.4,1
木負湾内,2026-09-01,15,0.4,8.4,3.1,121,27.7,0
木負湾内,2026-09-01,18,0.4,8.4,2.5,104,27.6,2
木負湾内,2026-09-01,21,0.4,8.3,2.0,94,27.4,1
カメギ根,2026-09-01,00,0.7,6.5,5.9,41,26.9,2
カメギ根,2026-09-01,03,0.7,7.0,5.7,27,26.8,1
カメギ根,2026-09-01,06,0.7,7.3,5.8,30,26.8,1
カメギ根,2026-09-01,09,0.8,8.2,5.2,32,26.8,0
カメギ根,2026-09-01,12,0.7,8.7,4.2,40,27.1,0
カメギ根,2026-09-01,15,0.7,8.9,3.6,126,27.3,0
カメギ根,2026-09-01,18,0.7,8.9,4.3,122,27.3,3
カメギ根,2026-09-01,21,0.8,8.8,3.5,66,27.1,0
保田沖,2026-09-01,00,0.7,6.8,2.4,17,26.7,3
保田沖,2026-09-01,03,0.6,7.0,3.2,23,26.7,0
保田沖,2026-09-01,06,0.6,7.3,3.3,39,26.7,1
保田沖,2026-09-01,09,0.7,8.3,2.7,29,26.8,0
保田沖,2026-09-01,12,0.7,8.4,1.5,11,27.1,53
保田沖,2026-09-01,15,0.7,8.7,1.8,134,27.4,53
保田沖,2026-09-01,18,0.7,8.7,1.2,92,27.5,3
保田沖,2026-09-01,21,0.7,8.7,2.6,66,27.5,1
大沢沖前後,2026-09-01,00,1.2,7.6,4.2,40,26.7,3
大沢沖前後,2026-09-01,03,1.2,7.8,3.8,18,26.7,0
大沢沖前後,2026-09-01,06,1.2,8.0,3.5,18,26.7,1
大沢沖前後,2026-09-01,09,1.5,9.2,3.5,57,26.8,1
大沢沖前後,2026-09-01,12,1.3,8.9,4.2,81,26.9,2
大沢沖前後,2026-09-01,15,1.3,8.9,3.4,87,27.1,2
大沢沖前後,2026-09-01,18,1.3,9.0,3.0,81,27.0,1
大沢沖前後,2026-09-01,21,1.3,9.1,2.7,48,27.0,0
勝浦沖航程1時間30分,2026-09-01,00,1.6,7.4,4.1,37,27.4,3
勝浦沖航程1時間30分,2026-09-01,03,1.6,7.5,3.8,19,27.2,1
勝浦沖航程1時間30分,2026-09-01,06,1.6,7.7,3.3,20,27.2,1
勝浦沖航程1時間30分,2026-09-01,09,1.8,8.3,4.1,48,27.4,3
勝浦沖航程1時間30分,2026-09-01,12,1.7,8.4,3.7,70,27.9,51
勝浦沖航程1時間30分,2026-09-01,15,1.6,8.5,2.7,77,28.3,51
勝浦沖航程1時間30分,2026-09-01,18,1.6,8.7,2.6,47,28.4,0
勝浦沖航程1時間30分,2026-09-01,21,1.6,8.8,2.4,54,28.5,51
由比沖,2026-09-01,00,0.3,6.2,0.3,153,27.8,2
由比沖,2026-09-01,03,0.3,7.1,0.2,166,27.8,2
由比沖,2026-09-01,06,0.3,7.4,0.6,318,27.7,1
由比沖,2026-09-01,09,0.3,7.7,1.4,178,27.8,1
由比沖,2026-09-01,12,0.3,8.2,2.5,161,28.1,1
由比沖,2026-09-01,15,0.3,8.2,2.6,161,28.5,1
由比沖,2026-09-01,18,0.4,8.2,1.4,118,28.4,3
由比沖,2026-09-01,21,0.4,8.2,1.1,93,28.2,1
由比港周辺,2026-09-01,00,0.3,6.2,0.3,153,27.8,2
由比港周辺,2026-09-01,03,0.3,7.1,0.2,166,27.8,2
由比港周辺,2026-09-01,06,0.3,7.4,0.6,318,27.7,1
由比港周辺,2026-09-01,09,0.3,7.7,1.4,178,27.8,1
由比港周辺,2026-09-01,12,0.3,8.2,2.5,161,28.1,1
由比港周辺,2026-09-01,15,0.3,8.2,2.6,161,28.5,1
由比港周辺,2026-09-01,18,0.4,8.2,1.4,118,28.4,3
由比港周辺,2026-09-01,21,0.4,8.2,1.1,93,28.2,1
岩船沖,2026-09-01,00,1.0,7.3,2.9,34,26.5,3
岩船沖,2026-09-01,03,1.0,7.5,3.1,15,26.6,0
岩船沖,2026-09-01,06,1.0,7.9,3.0,24,26.6,2
岩船沖,2026-09-01,09,1.2,8.8,2.6,58,26.7,0
岩船沖,2026-09-01,12,1.1,8.5,3.1,97,26.9,53
岩船沖,2026-09-01,15,1.1,8.5,2.8,111,27.1,51
岩船沖,2026-09-01,18,1.1,8.6,2.0,91,27.1,3
岩船沖,2026-09-01,21,1.1,8.7,2.5,56,27.0,0
小湊沖,2026-09-01,00,1.0,7.7,4.2,40,27.0,3
小湊沖,2026-09-01,03,0.9,8.0,3.8,18,27.0,0
小湊沖,2026-09-01,06,0.9,8.2,3.5,18,27.0,1
小湊沖,2026-09-01,09,1.2,9.2,3.5,57,27.1,1
小湊沖,2026-09-01,12,1.0,8.7,4.2,81,27.2,2
小湊沖,2026-09-01,15,1.0,8.8,3.4,87,27.2,2
小湊沖,2026-09-01,18,1.1,8.9,3.0,81,27.2,1
小湊沖,2026-09-01,21,1.0,8.9,2.7,48,27.1,0
太海沖,2026-09-01,00,0.5,6.3,2.4,17,27.0,3
太海沖,2026-09-01,03,0.4,6.8,3.2,23,26.9,0
太海沖,2026-09-01,06,0.4,7.0,3.3,39,26.8,1
太海沖,2026-09-01,09,0.5,7.8,2.7,29,26.9,0
太海沖,2026-09-01,12,0.5,8.2,1.5,11,27.2,53
太海沖,2026-09-01,15,0.4,8.4,1.8,134,27.5,53
太海沖,2026-09-01,18,0.5,8.4,1.2,92,27.4,3
太海沖,2026-09-01,21,0.5,8.5,2.6,66,27.2,1
鴨川沖前後,2026-09-01,00,0.8,7.5,4.2,40,26.8,3
鴨川沖前後,2026-09-01,03,0.8,7.8,3.8,18,26.8,0
鴨川沖前後,2026-09-01,06,0.8,8.0,3.5,18,26.9,1
鴨川沖前後,2026-09-01,09,1.0,9.2,3.5,57,27.0,1
鴨川沖前後,2026-09-01,12,0.9,8.5,4.2,81,27.1,2
鴨川沖前後,2026-09-01,15,0.9,8.6,3.4,87,27.1,2
鴨川沖前後,2026-09-01,18,0.9,8.7,3.0,81,27.1,1
鴨川沖前後,2026-09-01,21,0.9,8.7,2.7,48,27.1,0
岩和田沖,2026-09-01,00,1.3,7.8,4.1,37,27.1,3
岩和田沖,2026-09-01,03,1.3,7.9,3.8,19,27.0,1
岩和田沖,2026-09-01,06,1.3,8.1,3.3,20,27.0,1
岩和田沖,2026-09-01,09,1.6,8.8,4.1,48,26.9,3
岩和田沖,2026-09-01,12,1.4,8.7,3.7,70,27.1,51
岩和田沖,2026-09-01,15,1.4,8.9,2.7,77,27.2,51
岩和田沖,2026-09-01,18,1.4,9.0,2.6,47,27.3,0
岩和田沖,2026-09-01,21,1.4,9.1,2.4,54,27.3,51
城ヶ島西沖,2026-09-01,00,0.6,6.2,5.9,41,26.6,2
城ヶ島西沖,2026-09-01,03,0.6,6.8,5.7,27,26.6,1
城ヶ島西沖,2026-09-01,06,0.6,7.2,5.8,30,26.5,1
城ヶ島西沖,2026-09-01,09,0.6,8.1,5.2,32,26.6,0
城ヶ島西沖,2026-09-01,12,0.6,8.7,4.2,40,26.9,0
城ヶ島西沖,2026-09-01,15,0.6,9.0,3.6,126,27.3,0
城ヶ島西沖,2026-09-01,18,0.6,8.9,4.3,122,27.2,3
城ヶ島西沖,2026-09-01,21,0.6,8.9,3.5,66,26.9,0
城ヶ島沖,2026-09-01,00,0.6,6.2,6.1,32,26.7,1
城ヶ島沖,2026-09-01,03,0.6,6.8,6.4,29,26.6,0
城ヶ島沖,2026-09-01,06,0.6,7.1,6.4,35,26.5,0
城ヶ島沖,2026-09-01,09,0.6,7.8,5.9,25,26.5,0
城ヶ島沖,2026-09-01,12,0.6,8.5,5.8,20,26.9,0
城ヶ島沖,2026-09-01,15,0.6,8.8,3.6,105,27.2,1
城ヶ島沖,2026-09-01,18,0.6,8.8,3.3,111,27.1,3
城ヶ島沖,2026-09-01,21,0.6,8.8,3.5,66,27.0,0
大貫沖～富浦沖,2026-09-01,00,0.5,6.3,2.4,17,26.7,3
大貫沖～富浦沖,2026-09-01,03,0.4,6.8,3.2,23,26.6,0
大貫沖～富浦沖,2026-09-01,06,0.4,7.0,3.3,39,26.5,1
大貫沖～富浦沖,2026-09-01,09,0.5,7.8,2.7,29,26.6,0
大貫沖～富浦沖,2026-09-01,12,0.5,8.2,1.5,11,27.0,53
大貫沖～富浦沖,2026-09-01,15,0.4,8.4,1.8,134,27.4,53
大貫沖～富浦沖,2026-09-01,18,0.5,8.4,1.2,92,27.4,3
大貫沖～富浦沖,2026-09-01,21,0.5,8.5,2.6,66,27.3,1
御宿沖,2026-09-01,00,1.3,7.8,4.1,37,27.1,3
御宿沖,2026-09-01,03,1.3,7.9,3.8,19,27.0,1
御宿沖,2026-09-01,06,1.3,8.1,3.3,20,27.0,1
御宿沖,2026-09-01,09,1.6,8.8,4.1,48,26.9,3
御宿沖,2026-09-01,12,1.4,8.7,3.7,70,27.1,51
御宿沖,2026-09-01,15,1.4,8.9,2.7,77,27.2,51
御宿沖,2026-09-01,18,1.4,9.0,2.6,47,27.3,0
御宿沖,2026-09-01,21,1.4,9.1,2.4,54,27.3,51
興津港沖,2026-09-01,00,1.3,7.8,4.1,37,27.1,3
興津港沖,2026-09-01,03,1.3,7.9,3.8,19,27.0,1
興津港沖,2026-09-01,06,1.3,8.1,3.3,20,27.0,1
興津港沖,2026-09-01,09,1.6,8.8,4.1,48,26.9,3
興津港沖,2026-09-01,12,1.4,8.7,3.7,70,27.1,51
興津港沖,2026-09-01,15,1.4,8.9,2.7,77,27.2,51
興津港沖,2026-09-01,18,1.4,9.0,2.6,47,27.3,0
興津港沖,2026-09-01,21,1.4,9.1,2.4,54,27.3,51
烏帽子沖,2026-09-01,00,0.6,6.2,6.1,32,26.7,1
烏帽子沖,2026-09-01,03,0.6,6.8,6.4,29,26.6,0
烏帽子沖,2026-09-01,06,0.6,7.1,6.4,35,26.5,0
烏帽子沖,2026-09-01,09,0.6,7.8,5.9,25,26.5,0
烏帽子沖,2026-09-01,12,0.6,8.5,5.8,20,26.9,0
烏帽子沖,2026-09-01,15,0.6,8.8,3.6,105,27.2,1
烏帽子沖,2026-09-01,18,0.6,8.8,3.3,111,27.1,3
烏帽子沖,2026-09-01,21,0.6,8.8,3.5,66,27.0,0
諸磯沖,2026-09-01,00,0.6,6.2,6.1,32,26.7,1
諸磯沖,2026-09-01,03,0.6,6.8,6.4,29,26.6,0
諸磯沖,2026-09-01,06,0.6,7.1,6.4,35,26.5,0
諸磯沖,2026-09-01,09,0.6,7.8,5.9,25,26.5,0
諸磯沖,2026-09-01,12,0.6,8.5,5.8,20,26.9,0
諸磯沖,2026-09-01,15,0.6,8.8,3.6,105,27.2,1
諸磯沖,2026-09-01,18,0.6,8.8,3.3,111,27.1,3
諸磯沖,2026-09-01,21,0.6,8.8,3.5,66,27.0,0
剣崎沖,2026-09-01,00,0.6,6.2,6.1,32,26.7,1
剣崎沖,2026-09-01,03,0.6,6.8,6.4,29,26.6,0
剣崎沖,2026-09-01,06,0.6,7.1,6.4,35,26.5,0
剣崎沖,2026-09-01,09,0.6,7.8,5.9,25,26.5,0
剣崎沖,2026-09-01,12,0.6,8.5,5.8,20,26.9,0
剣崎沖,2026-09-01,15,0.6,8.8,3.6,105,27.2,1
剣崎沖,2026-09-01,18,0.6,8.8,3.3,111,27.1,3
剣崎沖,2026-09-01,21,0.6,8.8,3.5,66,27.0,0
勝浦灯台沖航程20分,2026-09-01,00,1.1,7.8,4.1,37,27.0,3
勝浦灯台沖航程20分,2026-09-01,03,1.1,8.0,3.8,19,27.0,1
勝浦灯台沖航程20分,2026-09-01,06,1.1,8.2,3.3,20,27.0,1
勝浦灯台沖航程20分,2026-09-01,09,1.4,9.2,4.1,48,27.0,3
勝浦灯台沖航程20分,2026-09-01,12,1.2,8.8,3.7,70,27.1,51
勝浦灯台沖航程20分,2026-09-01,15,1.2,8.9,2.7,77,27.2,51
勝浦灯台沖航程20分,2026-09-01,18,1.2,9.1,2.6,47,27.1,0
勝浦灯台沖航程20分,2026-09-01,21,1.2,9.1,2.4,54,27.1,51
勝浦沖航程30分,2026-09-01,00,1.3,7.8,4.1,37,27.1,3
勝浦沖航程30分,2026-09-01,03,1.3,7.9,3.8,19,27.0,1
勝浦沖航程30分,2026-09-01,06,1.3,8.1,3.3,20,27.0,1
勝浦沖航程30分,2026-09-01,09,1.6,8.8,4.1,48,26.9,3
勝浦沖航程30分,2026-09-01,12,1.4,8.7,3.7,70,27.1,51
勝浦沖航程30分,2026-09-01,15,1.4,8.9,2.7,77,27.2,51
勝浦沖航程30分,2026-09-01,18,1.4,9.0,2.6,47,27.3,0
勝浦沖航程30分,2026-09-01,21,1.4,9.1,2.4,54,27.3,51
田子の浦沖,2026-09-01,00,0.3,6.2,0.3,153,27.8,2
田子の浦沖,2026-09-01,03,0.3,7.1,0.2,166,27.8,2
田子の浦沖,2026-09-01,06,0.3,7.4,0.6,318,27.7,1
田子の浦沖,2026-09-01,09,0.3,7.7,1.4,178,27.8,1
田子の浦沖,2026-09-01,12,0.3,8.2,2.5,161,28.1,1
田子の浦沖,2026-09-01,15,0.3,8.2,2.6,161,28.5,1
田子の浦沖,2026-09-01,18,0.4,8.2,1.4,118,28.4,3
田子の浦沖,2026-09-01,21,0.4,8.2,1.1,93,28.2,1
富士川沖,2026-09-01,00,0.3,6.2,0.3,153,27.6,2
富士川沖,2026-09-01,03,0.3,7.1,0.2,166,27.5,2
富士川沖,2026-09-01,06,0.3,7.4,0.6,318,27.5,1
富士川沖,2026-09-01,09,0.3,7.7,1.4,178,27.6,1
富士川沖,2026-09-01,12,0.3,8.2,2.5,161,28.0,1
富士川沖,2026-09-01,15,0.3,8.2,2.6,161,28.3,1
富士川沖,2026-09-01,18,0.4,8.2,1.4,118,28.2,3
富士川沖,2026-09-01,21,0.4,8.2,1.1,93,27.9,1
かんねこ,2026-09-01,00,0.5,6.3,2.4,17,27.0,3
かんねこ,2026-09-01,03,0.4,6.8,3.2,23,26.9,0
かんねこ,2026-09-01,06,0.4,7.0,3.3,39,26.8,1
かんねこ,2026-09-01,09,0.5,7.8,2.7,29,26.9,0
かんねこ,2026-09-01,12,0.5,8.2,1.5,11,27.2,53
かんねこ,2026-09-01,15,0.4,8.4,1.8,134,27.5,53
かんねこ,2026-09-01,18,0.5,8.4,1.2,92,27.4,3
かんねこ,2026-09-01,21,0.5,8.5,2.6,66,27.2,1
海中公園沖,2026-09-01,00,1.3,7.8,4.1,37,27.1,3
海中公園沖,2026-09-01,03,1.3,7.9,3.8,19,27.0,1
海中公園沖,2026-09-01,06,1.3,8.1,3.3,20,27.0,1
海中公園沖,2026-09-01,09,1.6,8.8,4.1,48,26.9,3
海中公園沖,2026-09-01,12,1.4,8.7,3.7,70,27.1,51
海中公園沖,2026-09-01,15,1.4,8.9,2.7,77,27.2,51
海中公園沖,2026-09-01,18,1.4,9.0,2.6,47,27.3,0
海中公園沖,2026-09-01,21,1.4,9.1,2.4,54,27.3,51
真鶴西沖,2026-09-01,00,0.6,6.2,2.8,44,26.4,1
真鶴西沖,2026-09-01,03,0.6,6.8,2.0,34,26.3,0
真鶴西沖,2026-09-01,06,0.6,7.5,1.9,30,26.3,0
真鶴西沖,2026-09-01,09,0.6,8.3,2.4,61,26.4,2
真鶴西沖,2026-09-01,12,0.6,8.9,2.0,101,27.0,0
真鶴西沖,2026-09-01,15,0.6,9.2,1.8,114,27.5,0
真鶴西沖,2026-09-01,18,0.6,9.1,1.4,139,27.4,1
真鶴西沖,2026-09-01,21,0.6,8.9,1.0,105,27.1,51
真鶴沖,2026-09-01,00,0.6,6.2,2.8,44,26.4,1
真鶴沖,2026-09-01,03,0.6,6.8,2.0,34,26.3,0
真鶴沖,2026-09-01,06,0.6,7.5,1.9,30,26.3,0
真鶴沖,2026-09-01,09,0.6,8.3,2.4,61,26.4,2
真鶴沖,2026-09-01,12,0.6,8.9,2.0,101,27.0,0
真鶴沖,2026-09-01,15,0.6,9.2,1.8,114,27.5,0
真鶴沖,2026-09-01,18,0.6,9.1,1.4,139,27.4,1
真鶴沖,2026-09-01,21,0.6,8.9,1.0,105,27.1,51
勝浦灯台沖,2026-09-01,00,1.1,7.8,4.1,37,27.0,3
勝浦灯台沖,2026-09-01,03,1.1,8.0,3.8,19,27.0,1
勝浦灯台沖,2026-09-01,06,1.1,8.2,3.3,20,27.0,1
勝浦灯台沖,2026-09-01,09,1.4,9.2,4.1,48,27.0,3
勝浦灯台沖,2026-09-01,12,1.2,8.8,3.7,70,27.1,51
勝浦灯台沖,2026-09-01,15,1.2,8.9,2.7,77,27.2,51
勝浦灯台沖,2026-09-01,18,1.2,9.1,2.6,47,27.1,0
勝浦灯台沖,2026-09-01,21,1.2,9.1,2.4,54,27.1,51
勝浦沖,2026-09-01,00,1.1,7.8,4.1,37,27.0,3
勝浦沖,2026-09-01,03,1.1,8.0,3.8,19,27.0,1
勝浦沖,2026-09-01,06,1.1,8.2,3.3,20,27.0,1
勝浦沖,2026-09-01,09,1.4,9.2,4.1,48,27.0,3
勝浦沖,2026-09-01,12,1.2,8.8,3.7,70,27.1,51
勝浦沖,2026-09-01,15,1.2,8.9,2.7,77,27.2,51
勝浦沖,2026-09-01,18,1.2,9.1,2.6,47,27.1,0
勝浦沖,2026-09-01,21,1.2,9.1,2.4,54,27.1,51
富士山根,2026-09-01,00,0.5,6.5,4.0,36,26.9,1
富士山根,2026-09-01,03,0.4,7.2,4.0,29,26.8,2
富士山根,2026-09-01,06,0.4,7.3,3.9,30,26.7,2
富士山根,2026-09-01,09,0.5,7.8,4.3,30,26.8,2
富士山根,2026-09-01,12,0.5,8.6,3.8,23,27.2,0
富士山根,2026-09-01,15,0.5,8.8,2.2,77,27.6,3
富士山根,2026-09-01,18,0.5,8.8,2.0,131,27.4,3
富士山根,2026-09-01,21,0.5,8.8,2.3,59,27.0,51
川津沖,2026-09-01,00,1.2,7.4,4.2,37,27.1,2
川津沖,2026-09-01,03,1.1,7.8,3.9,24,27.0,1
川津沖,2026-09-01,06,1.1,8.1,3.3,24,27.0,2
川津沖,2026-09-01,09,1.3,8.8,4.4,45,26.9,51
川津沖,2026-09-01,12,1.2,8.6,3.8,64,27.1,53
川津沖,2026-09-01,15,1.3,8.7,2.5,72,27.2,51
川津沖,2026-09-01,18,1.3,8.7,2.4,43,27.3,0
川津沖,2026-09-01,21,1.2,8.9,2.4,54,27.3,51
下浦沖,2026-09-01,00,0.4,5.8,4.0,36,26.9,1
下浦沖,2026-09-01,03,0.4,6.5,4.0,29,26.7,2
下浦沖,2026-09-01,06,0.4,6.5,3.9,30,26.6,2
下浦沖,2026-09-01,09,0.4,6.8,4.3,30,26.7,2
下浦沖,2026-09-01,12,0.4,7.8,3.8,23,27.0,0
下浦沖,2026-09-01,15,0.4,8.2,2.2,77,27.4,3
下浦沖,2026-09-01,18,0.4,8.2,2.0,131,27.3,3
下浦沖,2026-09-01,21,0.4,8.2,2.3,59,27.1,51
興津沖,2026-09-01,00,1.2,7.4,4.2,37,27.1,2
興津沖,2026-09-01,03,1.1,7.8,3.9,24,27.0,1
興津沖,2026-09-01,06,1.1,8.1,3.3,24,27.0,2
興津沖,2026-09-01,09,1.3,8.8,4.4,45,26.9,51
興津沖,2026-09-01,12,1.2,8.6,3.8,64,27.1,53
興津沖,2026-09-01,15,1.3,8.7,2.5,72,27.2,51
興津沖,2026-09-01,18,1.3,8.7,2.4,43,27.3,0
興津沖,2026-09-01,21,1.2,8.9,2.4,54,27.3,51
長井西沖,2026-09-01,00,0.5,6.5,4.0,36,26.9,1
長井西沖,2026-09-01,03,0.4,7.2,4.0,29,26.8,2
長井西沖,2026-09-01,06,0.4,7.3,3.9,30,26.7,2
長井西沖,2026-09-01,09,0.5,7.8,4.3,30,26.8,2
長井西沖,2026-09-01,12,0.5,8.6,3.8,23,27.2,0
長井西沖,2026-09-01,15,0.5,8.8,2.2,77,27.6,3
長井西沖,2026-09-01,18,0.5,8.8,2.0,131,27.4,3
長井西沖,2026-09-01,21,0.5,8.8,2.3,59,27.0,51
長井沖,2026-09-01,00,0.4,6.0,4.0,36,26.9,1
長井沖,2026-09-01,03,0.4,6.6,4.0,29,26.8,2
長井沖,2026-09-01,06,0.4,6.6,3.9,30,26.7,2
長井沖,2026-09-01,09,0.5,7.0,4.3,30,26.8,2
長井沖,2026-09-01,12,0.4,8.1,3.8,23,27.1,0
長井沖,2026-09-01,15,0.4,8.4,2.2,77,27.4,3
長井沖,2026-09-01,18,0.4,8.3,2.0,131,27.3,3
長井沖,2026-09-01,21,0.4,8.4,2.3,59,27.1,51
三戸浜沖,2026-09-01,00,0.4,6.0,4.0,36,26.9,1
三戸浜沖,2026-09-01,03,0.4,6.6,4.0,29,26.8,2
三戸浜沖,2026-09-01,06,0.4,6.6,3.9,30,26.7,2
三戸浜沖,2026-09-01,09,0.5,7.0,4.3,30,26.8,2
三戸浜沖,2026-09-01,12,0.4,8.1,3.8,23,27.1,0
三戸浜沖,2026-09-01,15,0.4,8.4,2.2,77,27.4,3
三戸浜沖,2026-09-01,18,0.4,8.3,2.0,131,27.3,3
三戸浜沖,2026-09-01,21,0.4,8.4,2.3,59,27.1,51
金谷沖,2026-09-01,00,0.3,5.8,4.0,36,26.8,1
金谷沖,2026-09-01,03,0.3,6.5,4.0,29,26.6,2
金谷沖,2026-09-01,06,0.3,6.7,3.9,30,26.5,2
金谷沖,2026-09-01,09,0.4,6.9,4.3,30,26.6,2
金谷沖,2026-09-01,12,0.3,7.7,3.8,23,27.0,0
金谷沖,2026-09-01,15,0.3,8.1,2.2,77,27.4,3
金谷沖,2026-09-01,18,0.3,8.2,2.0,131,27.3,3
金谷沖,2026-09-01,21,0.3,8.2,2.3,59,27.2,51
佐島沖,2026-09-01,00,0.4,6.0,4.0,36,26.9,1
佐島沖,2026-09-01,03,0.4,6.6,4.0,29,26.8,2
佐島沖,2026-09-01,06,0.4,6.6,3.9,30,26.7,2
佐島沖,2026-09-01,09,0.5,7.0,4.3,30,26.8,2
佐島沖,2026-09-01,12,0.4,8.1,3.8,23,27.1,0
佐島沖,2026-09-01,15,0.4,8.4,2.2,77,27.4,3
佐島沖,2026-09-01,18,0.4,8.3,2.0,131,27.3,3
佐島沖,2026-09-01,21,0.4,8.4,2.3,59,27.1,51
小田原南沖,2026-09-01,00,0.5,6.8,2.8,44,26.6,1
小田原南沖,2026-09-01,03,0.5,7.5,2.0,34,26.5,0
小田原南沖,2026-09-01,06,0.4,8.1,1.9,30,26.5,0
小田原南沖,2026-09-01,09,0.5,8.5,2.4,61,26.6,2
小田原南沖,2026-09-01,12,0.5,9.1,2.0,101,27.2,0
小田原南沖,2026-09-01,15,0.5,9.2,1.8,114,27.6,0
小田原南沖,2026-09-01,18,0.5,9.1,1.4,139,27.5,1
小田原南沖,2026-09-01,21,0.5,8.9,1.0,105,27.2,51
瀬の海,2026-09-01,00,0.5,6.8,2.8,16,26.8,3
瀬の海,2026-09-01,03,0.5,7.5,2.6,24,26.7,1
瀬の海,2026-09-01,06,0.5,7.8,2.8,16,26.7,0
瀬の海,2026-09-01,09,0.5,8.4,2.6,29,26.8,1
瀬の海,2026-09-01,12,0.5,8.9,1.8,72,27.3,3
瀬の海,2026-09-01,15,0.5,9.2,2.2,194,27.7,51
瀬の海,2026-09-01,18,0.5,9.0,1.9,174,27.5,1
瀬の海,2026-09-01,21,0.5,8.9,0.8,11,27.2,1
秋谷沖,2026-09-01,00,0.5,6.5,4.0,36,26.9,1
秋谷沖,2026-09-01,03,0.4,7.2,4.0,29,26.8,2
秋谷沖,2026-09-01,06,0.4,7.3,3.9,30,26.7,2
秋谷沖,2026-09-01,09,0.5,7.8,4.3,30,26.8,2
秋谷沖,2026-09-01,12,0.5,8.6,3.8,23,27.2,0
秋谷沖,2026-09-01,15,0.5,8.8,2.2,77,27.6,3
秋谷沖,2026-09-01,18,0.5,8.8,2.0,131,27.4,3
秋谷沖,2026-09-01,21,0.5,8.8,2.3,59,27.0,51
竹岡沖,2026-09-01,00,0.3,5.8,4.0,44,26.8,2
竹岡沖,2026-09-01,03,0.3,6.5,3.6,36,26.6,1
竹岡沖,2026-09-01,06,0.3,6.7,3.7,38,26.5,1
竹岡沖,2026-09-01,09,0.4,6.9,3.7,29,26.6,3
竹岡沖,2026-09-01,12,0.3,7.7,4.0,356,27.0,0
竹岡沖,2026-09-01,15,0.3,8.1,2.6,25,27.4,2
竹岡沖,2026-09-01,18,0.3,8.2,1.1,151,27.3,51
竹岡沖,2026-09-01,21,0.3,8.2,2.8,79,27.2,1
部原沖,2026-09-01,00,1.1,7.8,4.1,37,27.0,3
部原沖,2026-09-01,03,1.1,8.0,3.8,19,27.0,1
部原沖,2026-09-01,06,1.1,8.2,3.3,20,27.0,1
部原沖,2026-09-01,09,1.4,9.2,4.1,48,27.0,3
部原沖,2026-09-01,12,1.2,8.8,3.7,70,27.1,51
部原沖,2026-09-01,15,1.2,8.9,2.7,77,27.2,51
部原沖,2026-09-01,18,1.2,9.1,2.6,47,27.1,0
部原沖,2026-09-01,21,1.2,9.1,2.4,54,27.1,51
小田原西沖,2026-09-01,00,0.5,6.8,2.8,44,26.6,1
小田原西沖,2026-09-01,03,0.5,7.5,2.0,34,26.5,0
小田原西沖,2026-09-01,06,0.4,8.1,1.9,30,26.5,0
小田原西沖,2026-09-01,09,0.5,8.5,2.4,61,26.6,2
小田原西沖,2026-09-01,12,0.5,9.1,2.0,101,27.2,0
小田原西沖,2026-09-01,15,0.5,9.2,1.8,114,27.6,0
小田原西沖,2026-09-01,18,0.5,9.1,1.4,139,27.5,1
小田原西沖,2026-09-01,21,0.5,8.9,1.0,105,27.2,51
小田原沖,2026-09-01,00,0.5,6.8,2.8,44,26.6,1
小田原沖,2026-09-01,03,0.5,7.5,2.0,34,26.5,0
小田原沖,2026-09-01,06,0.4,8.1,1.9,30,26.5,0
小田原沖,2026-09-01,09,0.5,8.5,2.4,61,26.6,2
小田原沖,2026-09-01,12,0.5,9.1,2.0,101,27.2,0
小田原沖,2026-09-01,15,0.5,9.2,1.8,114,27.6,0
小田原沖,2026-09-01,18,0.5,9.1,1.4,139,27.5,1
小田原沖,2026-09-01,21,0.5,8.9,1.0,105,27.2,51
小田原東沖,2026-09-01,00,0.5,6.8,2.8,44,26.6,1
小田原東沖,2026-09-01,03,0.5,7.5,2.0,34,26.5,0
小田原東沖,2026-09-01,06,0.4,8.1,1.9,30,26.5,0
小田原東沖,2026-09-01,09,0.5,8.5,2.4,61,26.6,2
小田原東沖,2026-09-01,12,0.5,9.1,2.0,101,27.2,0
小田原東沖,2026-09-01,15,0.5,9.2,1.8,114,27.6,0
小田原東沖,2026-09-01,18,0.5,9.1,1.4,139,27.5,1
小田原東沖,2026-09-01,21,0.5,8.9,1.0,105,27.2,51
久里浜沖,2026-09-01,00,0.4,5.8,4.0,36,26.9,1
久里浜沖,2026-09-01,03,0.4,6.5,4.0,29,26.7,2
久里浜沖,2026-09-01,06,0.4,6.5,3.9,30,26.6,2
久里浜沖,2026-09-01,09,0.4,6.8,4.3,30,26.7,2
久里浜沖,2026-09-01,12,0.4,7.8,3.8,23,27.0,0
久里浜沖,2026-09-01,15,0.4,8.2,2.2,77,27.4,3
久里浜沖,2026-09-01,18,0.4,8.2,2.0,131,27.3,3
久里浜沖,2026-09-01,21,0.4,8.2,2.3,59,27.1,51
国府津沖,2026-09-01,00,0.5,6.8,1.6,44,26.6,3
国府津沖,2026-09-01,03,0.5,7.5,1.4,31,26.5,1
国府津沖,2026-09-01,06,0.4,8.1,1.3,25,26.5,1
国府津沖,2026-09-01,09,0.5,8.5,2.0,51,26.6,2
国府津沖,2026-09-01,12,0.5,9.1,1.9,108,27.2,3
国府津沖,2026-09-01,15,0.5,9.2,2.0,164,27.6,2
国府津沖,2026-09-01,18,0.5,9.1,1.7,170,27.5,1
国府津沖,2026-09-01,21,0.5,8.9,0.1,45,27.2,1
葉山南沖,2026-09-01,00,0.3,7.0,4.0,36,27.2,1
葉山南沖,2026-09-01,03,0.3,7.7,4.0,29,27.1,2
葉山南沖,2026-09-01,06,0.3,7.8,3.9,30,27.0,2
葉山南沖,2026-09-01,09,0.3,8.0,4.3,30,27.1,2
葉山南沖,2026-09-01,12,0.3,8.6,3.8,23,27.6,0
葉山南沖,2026-09-01,15,0.3,8.6,2.2,77,28.0,3
葉山南沖,2026-09-01,18,0.4,8.5,2.0,131,27.8,3
葉山南沖,2026-09-01,21,0.4,8.6,2.3,59,27.5,51
エボシ沖,2026-09-01,00,0.3,7.0,4.0,36,27.2,1
エボシ沖,2026-09-01,03,0.3,7.7,4.0,29,27.1,2
エボシ沖,2026-09-01,06,0.3,7.8,3.9,30,27.0,2
エボシ沖,2026-09-01,09,0.3,8.0,4.3,30,27.1,2
エボシ沖,2026-09-01,12,0.3,8.6,3.8,23,27.6,0
エボシ沖,2026-09-01,15,0.3,8.6,2.2,77,28.0,3
エボシ沖,2026-09-01,18,0.4,8.5,2.0,131,27.8,3
エボシ沖,2026-09-01,21,0.4,8.6,2.3,59,27.5,51
観音崎沖ｍ,2026-09-01,00,0.3,5.2,4.0,36,27.2,1
観音崎沖ｍ,2026-09-01,03,0.3,5.8,4.0,29,27.1,2
観音崎沖ｍ,2026-09-01,06,0.3,5.9,3.9,30,27.0,2
観音崎沖ｍ,2026-09-01,09,0.3,5.8,4.3,30,27.1,2
観音崎沖ｍ,2026-09-01,12,0.3,6.8,3.8,23,27.4,0
観音崎沖ｍ,2026-09-01,15,0.3,7.3,2.2,77,27.8,3
観音崎沖ｍ,2026-09-01,18,0.3,7.5,2.0,131,27.7,3
観音崎沖ｍ,2026-09-01,21,0.3,7.8,2.3,59,27.5,51
浦賀沖,2026-09-01,00,0.3,5.2,4.0,36,27.2,1
浦賀沖,2026-09-01,03,0.3,5.8,4.0,29,27.1,2
浦賀沖,2026-09-01,06,0.3,5.9,3.9,30,27.0,2
浦賀沖,2026-09-01,09,0.3,5.8,4.3,30,27.1,2
浦賀沖,2026-09-01,12,0.3,6.8,3.8,23,27.4,0
浦賀沖,2026-09-01,15,0.3,7.3,2.2,77,27.8,3
浦賀沖,2026-09-01,18,0.3,7.5,2.0,131,27.7,3
浦賀沖,2026-09-01,21,0.3,7.8,2.3,59,27.5,51
鎌倉沖,2026-09-01,00,0.3,7.0,2.5,2,27.2,3
鎌倉沖,2026-09-01,03,0.3,7.7,2.7,20,27.1,1
鎌倉沖,2026-09-01,06,0.3,7.8,2.8,7,27.0,0
鎌倉沖,2026-09-01,09,0.3,8.0,2.8,30,27.1,2
鎌倉沖,2026-09-01,12,0.3,8.6,2.2,56,27.6,3
鎌倉沖,2026-09-01,15,0.3,8.6,1.2,180,28.0,3
鎌倉沖,2026-09-01,18,0.4,8.5,1.8,146,27.8,1
鎌倉沖,2026-09-01,21,0.4,8.6,1.4,23,27.5,1
葉山沖,2026-09-01,00,0.3,7.0,2.9,34,27.2,3
葉山沖,2026-09-01,03,0.3,7.7,3.1,25,27.1,2
葉山沖,2026-09-01,06,0.3,7.8,3.0,18,27.0,2
葉山沖,2026-09-01,09,0.3,8.0,3.5,38,27.1,51
葉山沖,2026-09-01,12,0.3,8.6,2.8,43,27.6,0
葉山沖,2026-09-01,15,0.3,8.6,2.6,67,28.0,0
葉山沖,2026-09-01,18,0.4,8.5,2.4,132,27.8,2
葉山沖,2026-09-01,21,0.4,8.6,1.9,64,27.5,0
大貫沖,2026-09-01,00,0.3,5.0,4.0,44,27.1,2
大貫沖,2026-09-01,03,0.2,5.7,3.6,36,27.0,1
大貫沖,2026-09-01,06,0.2,5.9,3.7,38,26.9,1
大貫沖,2026-09-01,09,0.3,5.8,3.7,29,26.9,3
大貫沖,2026-09-01,12,0.3,6.6,4.0,356,27.3,0
大貫沖,2026-09-01,15,0.2,7.2,2.6,25,27.6,2
大貫沖,2026-09-01,18,0.2,7.5,1.1,151,27.6,51
大貫沖,2026-09-01,21,0.2,7.8,2.8,79,27.3,1
大原沖,2026-09-01,00,1.2,7.3,4.2,37,26.3,2
大原沖,2026-09-01,03,1.1,7.8,3.9,24,26.3,1
大原沖,2026-09-01,06,1.1,8.2,3.3,24,26.2,2
大原沖,2026-09-01,09,1.2,8.7,4.4,45,26.2,51
大原沖,2026-09-01,12,1.2,8.8,3.8,64,26.4,53
大原沖,2026-09-01,15,1.2,8.8,2.5,72,26.6,51
大原沖,2026-09-01,18,1.2,8.9,2.4,43,26.6,0
大原沖,2026-09-01,21,1.2,9.0,2.4,54,26.5,51
江の島沖,2026-09-01,00,0.4,7.3,2.5,2,27.1,3
江の島沖,2026-09-01,03,0.3,7.8,2.7,20,27.0,1
江の島沖,2026-09-01,06,0.4,8.1,2.8,7,27.0,0
江の島沖,2026-09-01,09,0.4,8.2,2.8,30,27.1,2
江の島沖,2026-09-01,12,0.4,8.8,2.2,56,27.6,3
江の島沖,2026-09-01,15,0.4,8.8,1.2,180,28.1,3
江の島沖,2026-09-01,18,0.4,8.7,1.8,146,27.9,1
江の島沖,2026-09-01,21,0.4,8.7,1.4,23,27.5,1
小坪沖,2026-09-01,00,0.3,7.0,2.9,34,27.2,3
小坪沖,2026-09-01,03,0.3,7.7,3.1,25,27.1,2
小坪沖,2026-09-01,06,0.3,7.8,3.0,18,27.0,2
小坪沖,2026-09-01,09,0.3,8.0,3.5,38,27.1,51
小坪沖,2026-09-01,12,0.3,8.6,2.8,43,27.6,0
小坪沖,2026-09-01,15,0.3,8.6,2.6,67,28.0,0
小坪沖,2026-09-01,18,0.4,8.5,2.4,132,27.8,2
小坪沖,2026-09-01,21,0.4,8.6,1.9,64,27.5,0
横須賀沖,2026-09-01,00,0.3,5.2,4.0,36,27.2,1
横須賀沖,2026-09-01,03,0.3,5.8,4.0,29,27.1,2
横須賀沖,2026-09-01,06,0.3,5.9,3.9,30,27.0,2
横須賀沖,2026-09-01,09,0.3,5.8,4.3,30,27.1,2
横須賀沖,2026-09-01,12,0.3,6.8,3.8,23,27.4,0
横須賀沖,2026-09-01,15,0.3,7.3,2.2,77,27.8,3
横須賀沖,2026-09-01,18,0.3,7.5,2.0,131,27.7,3
横須賀沖,2026-09-01,21,0.3,7.8,2.3,59,27.5,51
観音崎沖～横須賀沖,2026-09-01,00,0.3,5.2,4.0,36,27.2,1
観音崎沖～横須賀沖,2026-09-01,03,0.3,5.8,4.0,29,27.1,2
観音崎沖～横須賀沖,2026-09-01,06,0.3,5.9,3.9,30,27.0,2
観音崎沖～横須賀沖,2026-09-01,09,0.3,5.8,4.3,30,27.1,2
観音崎沖～横須賀沖,2026-09-01,12,0.3,6.8,3.8,23,27.4,0
観音崎沖～横須賀沖,2026-09-01,15,0.3,7.3,2.2,77,27.8,3
観音崎沖～横須賀沖,2026-09-01,18,0.3,7.5,2.0,131,27.7,3
観音崎沖～横須賀沖,2026-09-01,21,0.3,7.8,2.3,59,27.5,51
観音崎沖,2026-09-01,00,0.3,5.2,4.0,36,27.2,1
観音崎沖,2026-09-01,03,0.3,5.8,4.0,29,27.1,2
観音崎沖,2026-09-01,06,0.3,5.9,3.9,30,27.0,2
観音崎沖,2026-09-01,09,0.3,5.8,4.3,30,27.1,2
観音崎沖,2026-09-01,12,0.3,6.8,3.8,23,27.4,0
観音崎沖,2026-09-01,15,0.3,7.3,2.2,77,27.8,3
観音崎沖,2026-09-01,18,0.3,7.5,2.0,131,27.7,3
観音崎沖,2026-09-01,21,0.3,7.8,2.3,59,27.5,51
富津南沖,2026-09-01,00,0.3,5.0,4.0,44,27.1,2
富津南沖,2026-09-01,03,0.2,5.7,3.6,36,27.0,1
富津南沖,2026-09-01,06,0.2,5.9,3.7,38,26.9,1
富津南沖,2026-09-01,09,0.3,5.8,3.7,29,26.9,3
富津南沖,2026-09-01,12,0.3,6.6,4.0,356,27.3,0
富津南沖,2026-09-01,15,0.2,7.2,2.6,25,27.6,2
富津南沖,2026-09-01,18,0.2,7.5,1.1,151,27.6,51
富津南沖,2026-09-01,21,0.2,7.8,2.8,79,27.3,1
大貫沖～猿島沖,2026-09-01,00,0.3,5.2,4.0,36,27.2,1
大貫沖～猿島沖,2026-09-01,03,0.3,5.8,4.0,29,27.1,2
大貫沖～猿島沖,2026-09-01,06,0.3,5.9,3.9,30,27.0,2
大貫沖～猿島沖,2026-09-01,09,0.3,5.8,4.3,30,27.1,2
大貫沖～猿島沖,2026-09-01,12,0.3,6.8,3.8,23,27.4,0
大貫沖～猿島沖,2026-09-01,15,0.3,7.3,2.2,77,27.8,3
大貫沖～猿島沖,2026-09-01,18,0.3,7.5,2.0,131,27.7,3
大貫沖～猿島沖,2026-09-01,21,0.3,7.8,2.3,59,27.5,51
二宮沖,2026-09-01,00,0.4,7.4,1.6,44,27.0,3
二宮沖,2026-09-01,03,0.3,7.8,1.4,31,26.9,1
二宮沖,2026-09-01,06,0.3,8.2,1.3,25,26.9,1
二宮沖,2026-09-01,09,0.4,8.3,2.0,51,26.9,2
二宮沖,2026-09-01,12,0.4,8.8,1.9,108,27.4,3
二宮沖,2026-09-01,15,0.4,8.8,2.0,164,27.9,2
二宮沖,2026-09-01,18,0.4,8.7,1.7,170,27.7,1
二宮沖,2026-09-01,21,0.4,8.6,0.1,45,27.4,1
小坪西沖,2026-09-01,00,0.3,7.0,2.5,2,27.2,3
小坪西沖,2026-09-01,03,0.3,7.7,2.7,20,27.1,1
小坪西沖,2026-09-01,06,0.3,7.8,2.8,7,27.0,0
小坪西沖,2026-09-01,09,0.3,8.0,2.8,30,27.1,2
小坪西沖,2026-09-01,12,0.3,8.6,2.2,56,27.6,3
小坪西沖,2026-09-01,15,0.3,8.6,1.2,180,28.0,3
小坪西沖,2026-09-01,18,0.4,8.5,1.8,146,27.8,1
小坪西沖,2026-09-01,21,0.4,8.6,1.4,23,27.5,1
大津沖,2026-09-01,00,0.3,6.1,4.0,36,27.2,1
大津沖,2026-09-01,03,0.3,6.8,4.0,29,27.1,2
大津沖,2026-09-01,06,0.3,6.8,3.9,30,27.0,2
大津沖,2026-09-01,09,0.3,6.8,4.3,30,27.1,2
大津沖,2026-09-01,12,0.3,7.7,3.8,23,27.4,0
大津沖,2026-09-01,15,0.3,8.0,2.2,77,27.8,3
大津沖,2026-09-01,18,0.3,8.0,2.0,131,27.7,3
大津沖,2026-09-01,21,0.3,8.2,2.3,59,27.5,51
木更津沖～竹岡沖,2026-09-01,00,0.3,5.0,4.0,44,27.5,2
木更津沖～竹岡沖,2026-09-01,03,0.2,5.7,3.6,36,27.4,1
木更津沖～竹岡沖,2026-09-01,06,0.2,5.9,3.7,38,27.3,1
木更津沖～竹岡沖,2026-09-01,09,0.3,5.8,3.7,29,27.3,3
木更津沖～竹岡沖,2026-09-01,12,0.3,6.6,4.0,356,27.6,0
木更津沖～竹岡沖,2026-09-01,15,0.2,7.2,2.6,25,27.9,2
木更津沖～竹岡沖,2026-09-01,18,0.2,7.5,1.1,151,27.8,51
木更津沖～竹岡沖,2026-09-01,21,0.2,7.8,2.8,79,27.5,1
平塚西沖,2026-09-01,00,0.4,7.4,1.6,44,27.0,3
平塚西沖,2026-09-01,03,0.3,7.8,1.4,31,26.9,1
平塚西沖,2026-09-01,06,0.3,8.2,1.3,25,26.9,1
平塚西沖,2026-09-01,09,0.4,8.3,2.0,51,26.9,2
平塚西沖,2026-09-01,12,0.4,8.8,1.9,108,27.4,3
平塚西沖,2026-09-01,15,0.4,8.8,2.0,164,27.9,2
平塚西沖,2026-09-01,18,0.4,8.7,1.7,170,27.7,1
平塚西沖,2026-09-01,21,0.4,8.6,0.1,45,27.4,1
大磯沖,2026-09-01,00,0.4,7.4,2.8,16,27.0,3
大磯沖,2026-09-01,03,0.3,7.8,2.6,24,26.9,1
大磯沖,2026-09-01,06,0.3,8.2,2.8,16,26.9,0
大磯沖,2026-09-01,09,0.4,8.3,2.6,29,26.9,1
大磯沖,2026-09-01,12,0.4,8.8,1.8,72,27.4,3
大磯沖,2026-09-01,15,0.4,8.8,2.2,194,27.9,51
大磯沖,2026-09-01,18,0.4,8.7,1.9,174,27.7,1
大磯沖,2026-09-01,21,0.4,8.6,0.8,11,27.4,1
平塚東沖,2026-09-01,00,0.4,7.5,2.8,16,27.0,3
平塚東沖,2026-09-01,03,0.4,8.0,2.6,24,27.0,1
平塚東沖,2026-09-01,06,0.4,8.2,2.8,16,26.9,0
平塚東沖,2026-09-01,09,0.4,8.4,2.6,29,27.0,1
平塚東沖,2026-09-01,12,0.4,8.8,1.8,72,27.6,3
平塚東沖,2026-09-01,15,0.4,8.9,2.2,194,28.0,51
平塚東沖,2026-09-01,18,0.4,8.8,1.9,174,27.9,1
平塚東沖,2026-09-01,21,0.4,8.7,0.8,11,27.5,1
茅ヶ崎西沖,2026-09-01,00,0.4,7.5,2.8,16,27.0,3
茅ヶ崎西沖,2026-09-01,03,0.4,8.0,2.6,24,27.0,1
茅ヶ崎西沖,2026-09-01,06,0.4,8.2,2.8,16,26.9,0
茅ヶ崎西沖,2026-09-01,09,0.4,8.4,2.6,29,27.0,1
茅ヶ崎西沖,2026-09-01,12,0.4,8.8,1.8,72,27.6,3
茅ヶ崎西沖,2026-09-01,15,0.4,8.9,2.2,194,28.0,51
茅ヶ崎西沖,2026-09-01,18,0.4,8.8,1.9,174,27.9,1
茅ヶ崎西沖,2026-09-01,21,0.4,8.7,0.8,11,27.5,1
大磯東沖,2026-09-01,00,0.4,7.5,2.8,16,27.0,3
大磯東沖,2026-09-01,03,0.4,8.0,2.6,24,27.0,1
大磯東沖,2026-09-01,06,0.4,8.2,2.8,16,26.9,0
大磯東沖,2026-09-01,09,0.4,8.4,2.6,29,27.0,1
大磯東沖,2026-09-01,12,0.4,8.8,1.8,72,27.6,3
大磯東沖,2026-09-01,15,0.4,8.9,2.2,194,28.0,51
大磯東沖,2026-09-01,18,0.4,8.8,1.9,174,27.9,1
大磯東沖,2026-09-01,21,0.4,8.7,0.8,11,27.5,1
茅ヶ崎沖,2026-09-01,00,0.4,7.5,2.8,16,27.0,3
茅ヶ崎沖,2026-09-01,03,0.4,8.0,2.6,24,27.0,1
茅ヶ崎沖,2026-09-01,06,0.4,8.2,2.8,16,26.9,0
茅ヶ崎沖,2026-09-01,09,0.4,8.4,2.6,29,27.0,1
茅ヶ崎沖,2026-09-01,12,0.4,8.8,1.8,72,27.6,3
茅ヶ崎沖,2026-09-01,15,0.4,8.9,2.2,194,28.0,51
茅ヶ崎沖,2026-09-01,18,0.4,8.8,1.9,174,27.9,1
茅ヶ崎沖,2026-09-01,21,0.4,8.7,0.8,11,27.5,1
茅ヶ崎東沖,2026-09-01,00,0.4,7.3,2.5,2,27.1,3
茅ヶ崎東沖,2026-09-01,03,0.3,7.8,2.7,20,27.0,1
茅ヶ崎東沖,2026-09-01,06,0.4,8.1,2.8,7,27.0,0
茅ヶ崎東沖,2026-09-01,09,0.4,8.2,2.8,30,27.1,2
茅ヶ崎東沖,2026-09-01,12,0.4,8.8,2.2,56,27.6,3
茅ヶ崎東沖,2026-09-01,15,0.4,8.8,1.2,180,28.1,3
茅ヶ崎東沖,2026-09-01,18,0.4,8.7,1.8,146,27.9,1
茅ヶ崎東沖,2026-09-01,21,0.4,8.7,1.4,23,27.5,1
猿島沖,2026-09-01,00,0.3,5.2,4.0,36,27.2,1
猿島沖,2026-09-01,03,0.3,5.8,4.0,29,27.1,2
猿島沖,2026-09-01,06,0.3,5.9,3.9,30,27.0,2
猿島沖,2026-09-01,09,0.3,5.8,4.3,30,27.1,2
猿島沖,2026-09-01,12,0.3,6.8,3.8,23,27.4,0
猿島沖,2026-09-01,15,0.3,7.3,2.2,77,27.8,3
猿島沖,2026-09-01,18,0.3,7.5,2.0,131,27.7,3
猿島沖,2026-09-01,21,0.3,7.8,2.3,59,27.5,51
走水沖,2026-09-01,00,0.3,5.0,4.0,44,27.1,2
走水沖,2026-09-01,03,0.2,5.7,3.6,36,27.0,1
走水沖,2026-09-01,06,0.2,5.9,3.7,38,26.9,1
走水沖,2026-09-01,09,0.3,5.8,3.7,29,26.9,3
走水沖,2026-09-01,12,0.3,6.6,4.0,356,27.3,0
走水沖,2026-09-01,15,0.2,7.2,2.6,25,27.6,2
走水沖,2026-09-01,18,0.2,7.5,1.1,151,27.6,51
走水沖,2026-09-01,21,0.2,7.8,2.8,79,27.3,1
海堡沖～竹岡沖,2026-09-01,00,0.3,5.0,4.0,44,27.1,2
海堡沖～竹岡沖,2026-09-01,03,0.2,5.7,3.6,36,27.0,1
海堡沖～竹岡沖,2026-09-01,06,0.2,5.9,3.7,38,26.9,1
海堡沖～竹岡沖,2026-09-01,09,0.3,5.8,3.7,29,26.9,3
海堡沖～竹岡沖,2026-09-01,12,0.3,6.6,4.0,356,27.3,0
海堡沖～竹岡沖,2026-09-01,15,0.2,7.2,2.6,25,27.6,2
海堡沖～竹岡沖,2026-09-01,18,0.2,7.5,1.1,151,27.6,51
海堡沖～竹岡沖,2026-09-01,21,0.2,7.8,2.8,79,27.3,1
太東沖,2026-09-01,00,1.2,7.3,3.9,38,26.0,2
太東沖,2026-09-01,03,1.1,7.8,3.6,27,26.0,1
太東沖,2026-09-01,06,1.1,8.2,2.9,26,26.0,1
太東沖,2026-09-01,09,1.2,8.7,4.4,53,26.0,51
太東沖,2026-09-01,12,1.2,8.8,4.6,75,26.2,1
太東沖,2026-09-01,15,1.2,8.8,2.9,69,26.4,1
太東沖,2026-09-01,18,1.2,8.9,3.4,63,26.4,0
太東沖,2026-09-01,21,1.2,9.0,2.7,50,26.3,0
海堡沖,2026-09-01,00,0.3,5.0,4.0,44,27.1,2
海堡沖,2026-09-01,03,0.2,5.7,3.6,36,27.0,1
海堡沖,2026-09-01,06,0.2,5.9,3.7,38,26.9,1
海堡沖,2026-09-01,09,0.3,5.8,3.7,29,26.9,3
海堡沖,2026-09-01,12,0.3,6.6,4.0,356,27.3,0
海堡沖,2026-09-01,15,0.2,7.2,2.6,25,27.6,2
海堡沖,2026-09-01,18,0.2,7.5,1.1,151,27.6,51
海堡沖,2026-09-01,21,0.2,7.8,2.8,79,27.3,1
富津沖,2026-09-01,00,0.3,5.0,4.0,44,27.1,2
富津沖,2026-09-01,03,0.2,5.7,3.6,36,27.0,1
富津沖,2026-09-01,06,0.2,5.9,3.7,38,26.9,1
富津沖,2026-09-01,09,0.3,5.8,3.7,29,26.9,3
富津沖,2026-09-01,12,0.3,6.6,4.0,356,27.3,0
富津沖,2026-09-01,15,0.2,7.2,2.6,25,27.6,2
富津沖,2026-09-01,18,0.2,7.5,1.1,151,27.6,51
富津沖,2026-09-01,21,0.2,7.8,2.8,79,27.3,1
港前,2026-09-01,00,0.3,6.1,2.9,34,27.2,3
港前,2026-09-01,03,0.3,6.8,3.1,25,27.1,2
港前,2026-09-01,06,0.3,6.8,3.0,18,27.0,2
港前,2026-09-01,09,0.3,6.8,3.5,38,27.1,51
港前,2026-09-01,12,0.3,7.7,2.8,43,27.6,0
港前,2026-09-01,15,0.3,8.0,2.6,67,28.0,0
港前,2026-09-01,18,0.3,8.0,2.4,132,27.8,2
港前,2026-09-01,21,0.3,8.2,1.9,64,27.5,0
鴨居沖,2026-09-01,00,0.3,6.1,2.9,34,27.1,3
鴨居沖,2026-09-01,03,0.3,6.8,3.1,25,27.1,2
鴨居沖,2026-09-01,06,0.3,6.8,3.0,18,27.0,2
鴨居沖,2026-09-01,09,0.3,6.8,3.5,38,27.1,51
鴨居沖,2026-09-01,12,0.3,7.7,2.8,43,27.4,0
鴨居沖,2026-09-01,15,0.3,8.0,2.6,67,27.6,0
鴨居沖,2026-09-01,18,0.3,8.0,2.4,132,27.5,2
鴨居沖,2026-09-01,21,0.3,8.2,1.9,64,27.4,0
木更津沖～富津沖,2026-09-01,00,0.2,4.1,4.0,44,27.4,2
木更津沖～富津沖,2026-09-01,03,0.2,4.6,3.6,36,27.3,1
木更津沖～富津沖,2026-09-01,06,0.2,4.9,3.7,38,27.3,1
木更津沖～富津沖,2026-09-01,09,0.2,4.8,3.7,29,27.3,3
木更津沖～富津沖,2026-09-01,12,0.2,5.5,4.0,356,27.5,0
木更津沖～富津沖,2026-09-01,15,0.2,6.0,2.6,25,27.7,2
木更津沖～富津沖,2026-09-01,18,0.2,6.7,1.1,151,27.6,51
木更津沖～富津沖,2026-09-01,21,0.2,7.3,2.8,79,27.5,1
横浜沖～観音崎沖,2026-09-01,00,0.3,5.2,4.0,36,27.1,1
横浜沖～観音崎沖,2026-09-01,03,0.3,5.8,4.0,29,27.1,2
横浜沖～観音崎沖,2026-09-01,06,0.3,5.9,3.9,30,27.0,2
横浜沖～観音崎沖,2026-09-01,09,0.3,5.8,4.3,30,27.1,2
横浜沖～観音崎沖,2026-09-01,12,0.3,6.8,3.8,23,27.4,0
横浜沖～観音崎沖,2026-09-01,15,0.3,7.3,2.2,77,27.6,3
横浜沖～観音崎沖,2026-09-01,18,0.3,7.5,2.0,131,27.5,3
横浜沖～観音崎沖,2026-09-01,21,0.3,7.8,2.3,59,27.4,51
中ノ瀬周り,2026-09-01,00,0.3,5.2,4.0,36,27.1,1
中ノ瀬周り,2026-09-01,03,0.3,5.8,4.0,29,27.1,2
中ノ瀬周り,2026-09-01,06,0.3,5.9,3.9,30,27.0,2
中ノ瀬周り,2026-09-01,09,0.3,5.8,4.3,30,27.1,2
中ノ瀬周り,2026-09-01,12,0.3,6.8,3.8,23,27.4,0
中ノ瀬周り,2026-09-01,15,0.3,7.3,2.2,77,27.6,3
中ノ瀬周り,2026-09-01,18,0.3,7.5,2.0,131,27.5,3
中ノ瀬周り,2026-09-01,21,0.3,7.8,2.3,59,27.4,51
鴨井沖,2026-09-01,00,1.3,7.4,7.7,40,26.1,1
鴨井沖,2026-09-01,03,1.2,7.8,7.1,31,26.1,1
鴨井沖,2026-09-01,06,1.2,8.2,6.3,41,26.1,1
鴨井沖,2026-09-01,09,1.2,8.5,6.9,42,26.2,1
鴨井沖,2026-09-01,12,1.2,8.8,5.7,48,26.3,0
鴨井沖,2026-09-01,15,1.2,9.0,3.8,55,26.5,0
鴨井沖,2026-09-01,18,1.3,9.1,4.7,63,26.4,1
鴨井沖,2026-09-01,21,1.3,9.0,4.2,55,26.4,51
富津沖～海堡,2026-09-01,00,0.2,4.1,4.0,44,27.0,2
富津沖～海堡,2026-09-01,03,0.2,4.6,3.6,36,26.9,1
富津沖～海堡,2026-09-01,06,0.2,4.9,3.7,38,26.8,1
富津沖～海堡,2026-09-01,09,0.2,4.8,3.7,29,26.9,3
富津沖～海堡,2026-09-01,12,0.2,5.5,4.0,356,27.2,0
富津沖～海堡,2026-09-01,15,0.2,6.0,2.6,25,27.5,2
富津沖～海堡,2026-09-01,18,0.2,6.7,1.1,151,27.4,51
富津沖～海堡,2026-09-01,21,0.2,7.3,2.8,79,27.2,1
富岡沖,2026-09-01,00,0.3,6.1,2.9,34,27.1,3
富岡沖,2026-09-01,03,0.3,6.8,3.1,25,27.1,2
富岡沖,2026-09-01,06,0.3,6.8,3.0,18,27.0,2
富岡沖,2026-09-01,09,0.3,6.8,3.5,38,27.1,51
富岡沖,2026-09-01,12,0.3,7.7,2.8,43,27.4,0
富岡沖,2026-09-01,15,0.3,8.0,2.6,67,27.6,0
富岡沖,2026-09-01,18,0.3,8.0,2.4,132,27.5,2
富岡沖,2026-09-01,21,0.3,8.2,1.9,64,27.4,0
小柴沖,2026-09-01,00,0.3,6.1,2.9,34,27.1,3
小柴沖,2026-09-01,03,0.3,6.8,3.1,25,27.1,2
小柴沖,2026-09-01,06,0.3,6.8,3.0,18,27.0,2
小柴沖,2026-09-01,09,0.3,6.8,3.5,38,27.1,51
小柴沖,2026-09-01,12,0.3,7.7,2.8,43,27.4,0
小柴沖,2026-09-01,15,0.3,8.0,2.6,67,27.6,0
小柴沖,2026-09-01,18,0.3,8.0,2.4,132,27.5,2
小柴沖,2026-09-01,21,0.3,8.2,1.9,64,27.4,0
木更津沖～富岡沖,2026-09-01,00,0.2,4.1,4.0,44,27.1,2
木更津沖～富岡沖,2026-09-01,03,0.2,4.6,3.6,36,27.1,1
木更津沖～富岡沖,2026-09-01,06,0.2,4.9,3.7,38,27.0,1
木更津沖～富岡沖,2026-09-01,09,0.2,4.8,3.7,29,27.1,3
木更津沖～富岡沖,2026-09-01,12,0.2,5.5,4.0,356,27.4,0
木更津沖～富岡沖,2026-09-01,15,0.2,6.0,2.6,25,27.6,2
木更津沖～富岡沖,2026-09-01,18,0.2,6.7,1.1,151,27.5,51
木更津沖～富岡沖,2026-09-01,21,0.2,7.3,2.8,79,27.4,1
八景沖,2026-09-01,00,0.3,6.1,2.9,34,27.1,3
八景沖,2026-09-01,03,0.3,6.8,3.1,25,27.1,2
八景沖,2026-09-01,06,0.3,6.8,3.0,18,27.0,2
八景沖,2026-09-01,09,0.3,6.8,3.5,38,27.1,51
八景沖,2026-09-01,12,0.3,7.7,2.8,43,27.4,0
八景沖,2026-09-01,15,0.3,8.0,2.6,67,27.6,0
八景沖,2026-09-01,18,0.3,8.0,2.4,132,27.5,2
八景沖,2026-09-01,21,0.3,8.2,1.9,64,27.4,0
長浦沖,2026-09-01,00,0.2,4.1,4.0,44,27.4,2
長浦沖,2026-09-01,03,0.2,4.6,3.6,36,27.3,1
長浦沖,2026-09-01,06,0.2,4.9,3.7,38,27.3,1
長浦沖,2026-09-01,09,0.2,4.8,3.7,29,27.3,3
長浦沖,2026-09-01,12,0.2,5.5,4.0,356,27.5,0
長浦沖,2026-09-01,15,0.2,6.0,2.6,25,27.7,2
長浦沖,2026-09-01,18,0.2,6.7,1.1,151,27.6,51
長浦沖,2026-09-01,21,0.2,7.3,2.8,79,27.5,1
木更津沖,2026-09-01,00,0.2,4.1,4.2,42,27.4,2
木更津沖,2026-09-01,03,0.2,4.6,4.2,35,27.3,1
木更津沖,2026-09-01,06,0.2,4.9,3.9,33,27.3,1
木更津沖,2026-09-01,09,0.2,4.8,3.8,31,27.3,2
木更津沖,2026-09-01,12,0.2,5.5,4.0,348,27.5,1
木更津沖,2026-09-01,15,0.2,6.0,3.7,41,27.7,0
木更津沖,2026-09-01,18,0.2,6.7,3.3,108,27.6,2
木更津沖,2026-09-01,21,0.2,7.3,3.1,80,27.5,0
一宮沖,2026-09-01,00,1.0,7.3,3.9,38,26.1,2
一宮沖,2026-09-01,03,1.0,7.8,3.6,27,26.1,1
一宮沖,2026-09-01,06,1.0,8.1,2.9,26,26.1,1
一宮沖,2026-09-01,09,1.0,8.5,4.4,53,26.2,51
一宮沖,2026-09-01,12,1.0,8.7,4.6,75,26.3,1
一宮沖,2026-09-01,15,1.0,8.9,2.9,69,26.5,1
一宮沖,2026-09-01,18,1.0,9.1,3.4,63,26.4,0
一宮沖,2026-09-01,21,1.1,8.9,2.7,50,26.4,0
横浜沖周り,2026-09-01,00,0.3,5.2,2.6,29,27.1,3
横浜沖周り,2026-09-01,03,0.3,5.8,2.6,16,27.1,1
横浜沖周り,2026-09-01,06,0.3,5.9,2.2,7,27.0,0
横浜沖周り,2026-09-01,09,0.3,5.8,2.5,42,27.1,2
横浜沖周り,2026-09-01,12,0.3,6.8,2.1,72,27.4,0
横浜沖周り,2026-09-01,15,0.3,7.3,3.1,87,27.6,0
横浜沖周り,2026-09-01,18,0.3,7.5,3.0,101,27.5,0
横浜沖周り,2026-09-01,21,0.3,7.8,2.3,92,27.4,53
本牧沖~富岡沖,2026-09-01,00,0.3,6.1,2.6,29,27.1,3
本牧沖~富岡沖,2026-09-01,03,0.3,6.8,2.6,16,27.1,1
本牧沖~富岡沖,2026-09-01,06,0.3,6.8,2.2,7,27.0,0
本牧沖~富岡沖,2026-09-01,09,0.3,6.8,2.5,42,27.1,2
本牧沖~富岡沖,2026-09-01,12,0.3,7.7,2.1,72,27.4,0
本牧沖~富岡沖,2026-09-01,15,0.3,8.0,3.1,87,27.6,0
本牧沖~富岡沖,2026-09-01,18,0.3,8.0,3.0,101,27.5,0
本牧沖~富岡沖,2026-09-01,21,0.3,8.2,2.3,92,27.4,53
木更津沖～本牧沖,2026-09-01,00,0.2,4.1,4.0,44,27.0,2
木更津沖～本牧沖,2026-09-01,03,0.2,4.6,3.6,36,26.9,1
木更津沖～本牧沖,2026-09-01,06,0.2,4.9,3.7,38,26.8,1
木更津沖～本牧沖,2026-09-01,09,0.2,4.8,3.7,29,26.9,3
木更津沖～本牧沖,2026-09-01,12,0.2,5.5,4.0,356,27.2,0
木更津沖～本牧沖,2026-09-01,15,0.2,6.0,2.6,25,27.5,2
木更津沖～本牧沖,2026-09-01,18,0.2,6.7,1.1,151,27.4,51
木更津沖～本牧沖,2026-09-01,21,0.2,7.3,2.8,79,27.2,1
海堡,2026-09-01,00,0.2,4.1,4.0,44,27.0,2
海堡,2026-09-01,03,0.2,4.6,3.6,36,26.9,1
海堡,2026-09-01,06,0.2,4.9,3.7,38,26.8,1
海堡,2026-09-01,09,0.2,4.8,3.7,29,26.9,3
海堡,2026-09-01,12,0.2,5.5,4.0,356,27.2,0
海堡,2026-09-01,15,0.2,6.0,2.6,25,27.5,2
海堡,2026-09-01,18,0.2,6.7,1.1,151,27.4,51
海堡,2026-09-01,21,0.2,7.3,2.8,79,27.2,1
木更津沖～横浜沖,2026-09-01,00,0.2,4.1,4.0,44,27.0,2
木更津沖～横浜沖,2026-09-01,03,0.2,4.6,3.6,36,26.9,1
木更津沖～横浜沖,2026-09-01,06,0.2,4.9,3.7,38,26.8,1
木更津沖～横浜沖,2026-09-01,09,0.2,4.8,3.7,29,26.9,3
木更津沖～横浜沖,2026-09-01,12,0.2,5.5,4.0,356,27.2,0
木更津沖～横浜沖,2026-09-01,15,0.2,6.0,2.6,25,27.5,2
木更津沖～横浜沖,2026-09-01,18,0.2,6.7,1.1,151,27.4,51
木更津沖～横浜沖,2026-09-01,21,0.2,7.3,2.8,79,27.2,1
中ノ瀬,2026-09-01,00,0.2,4.1,4.0,44,27.0,2
中ノ瀬,2026-09-01,03,0.2,4.6,3.6,36,26.9,1
中ノ瀬,2026-09-01,06,0.2,4.9,3.7,38,26.8,1
中ノ瀬,2026-09-01,09,0.2,4.8,3.7,29,26.9,3
中ノ瀬,2026-09-01,12,0.2,5.5,4.0,356,27.2,0
中ノ瀬,2026-09-01,15,0.2,6.0,2.6,25,27.5,2
中ノ瀬,2026-09-01,18,0.2,6.7,1.1,151,27.4,51
中ノ瀬,2026-09-01,21,0.2,7.3,2.8,79,27.2,1
本牧沖,2026-09-01,00,0.3,5.2,2.6,29,27.1,3
本牧沖,2026-09-01,03,0.3,5.8,2.6,16,27.1,1
本牧沖,2026-09-01,06,0.3,5.9,2.2,7,27.0,0
本牧沖,2026-09-01,09,0.3,5.8,2.5,42,27.1,2
本牧沖,2026-09-01,12,0.3,6.8,2.1,72,27.4,0
本牧沖,2026-09-01,15,0.3,7.3,3.1,87,27.6,0
本牧沖,2026-09-01,18,0.3,7.5,3.0,101,27.5,0
本牧沖,2026-09-01,21,0.3,7.8,2.3,92,27.4,53
横浜沖,2026-09-01,00,0.3,6.1,2.6,29,27.4,3
横浜沖,2026-09-01,03,0.3,6.8,2.6,16,27.3,1
横浜沖,2026-09-01,06,0.3,6.8,2.2,7,27.3,0
横浜沖,2026-09-01,09,0.3,6.8,2.5,42,27.3,2
横浜沖,2026-09-01,12,0.3,7.7,2.1,72,27.6,0
横浜沖,2026-09-01,15,0.3,8.0,3.1,87,27.8,0
横浜沖,2026-09-01,18,0.3,8.0,3.0,101,27.7,0
横浜沖,2026-09-01,21,0.3,8.2,2.3,92,27.5,53
根岸沖,2026-09-01,00,0.2,3.5,2.6,29,27.4,3
根岸沖,2026-09-01,03,0.2,3.8,2.6,16,27.3,1
根岸沖,2026-09-01,06,0.2,4.1,2.2,7,27.3,0
根岸沖,2026-09-01,09,0.2,4.2,2.5,42,27.3,2
根岸沖,2026-09-01,12,0.2,5.0,2.1,72,27.6,0
根岸沖,2026-09-01,15,0.2,5.3,3.1,87,27.8,0
根岸沖,2026-09-01,18,0.2,6.2,3.0,101,27.7,0
根岸沖,2026-09-01,21,0.1,7.0,2.3,92,27.5,53
片貝沖,2026-09-01,00,1.3,7.1,7.7,41,26.2,1
片貝沖,2026-09-01,03,1.2,7.5,7.1,31,26.2,1
片貝沖,2026-09-01,06,1.2,7.8,6.6,45,26.2,1
片貝沖,2026-09-01,09,1.2,8.2,6.9,42,26.3,0
片貝沖,2026-09-01,12,1.2,8.5,5.8,49,26.6,0
片貝沖,2026-09-01,15,1.2,8.7,4.2,50,26.8,0
片貝沖,2026-09-01,18,1.3,8.8,5.3,64,26.9,1
片貝沖,2026-09-01,21,1.3,8.7,4.1,44,26.8,51
木更津沖～川崎沖,2026-09-01,00,0.2,3.5,4.2,42,27.0,2
木更津沖～川崎沖,2026-09-01,03,0.2,3.8,4.2,35,27.0,1
木更津沖～川崎沖,2026-09-01,06,0.2,4.1,3.9,33,26.9,1
木更津沖～川崎沖,2026-09-01,09,0.2,4.2,3.8,31,27.0,2
木更津沖～川崎沖,2026-09-01,12,0.2,5.0,4.0,348,27.2,1
木更津沖～川崎沖,2026-09-01,15,0.2,5.3,3.7,41,27.5,0
木更津沖～川崎沖,2026-09-01,18,0.2,6.2,3.3,108,27.4,2
木更津沖～川崎沖,2026-09-01,21,0.1,7.0,3.1,80,27.2,0
盤洲沖,2026-09-01,00,0.2,3.5,4.2,42,26.9,2
盤洲沖,2026-09-01,03,0.2,3.8,4.2,35,26.8,1
盤洲沖,2026-09-01,06,0.2,4.0,3.9,33,26.7,1
盤洲沖,2026-09-01,09,0.2,4.3,3.8,31,26.8,2
盤洲沖,2026-09-01,12,0.2,5.5,4.0,348,27.1,1
盤洲沖,2026-09-01,15,0.2,6.0,3.7,41,27.4,0
盤洲沖,2026-09-01,18,0.1,6.8,3.3,108,27.3,2
盤洲沖,2026-09-01,21,0.1,7.3,3.1,80,27.1,0
大根,2026-09-01,00,1.3,7.1,7.3,41,26.2,2
大根,2026-09-01,03,1.2,7.5,6.8,31,26.2,2
大根,2026-09-01,06,1.2,7.8,6.5,47,26.2,1
大根,2026-09-01,09,1.2,8.2,6.7,42,26.3,0
大根,2026-09-01,12,1.2,8.5,5.6,49,26.6,0
大根,2026-09-01,15,1.2,8.7,4.5,49,26.8,0
大根,2026-09-01,18,1.3,8.8,5.1,62,26.9,1
大根,2026-09-01,21,1.3,8.7,3.8,36,26.8,3
川崎沖～横浜沖,2026-09-01,00,0.2,3.5,2.4,20,27.4,2
川崎沖～横浜沖,2026-09-01,03,0.2,3.8,2.8,10,27.3,2
川崎沖～横浜沖,2026-09-01,06,0.2,4.1,2.2,4,27.3,0
川崎沖～横浜沖,2026-09-01,09,0.2,4.2,2.3,45,27.3,2
川崎沖～横浜沖,2026-09-01,12,0.2,5.0,1.8,67,27.6,0
川崎沖～横浜沖,2026-09-01,15,0.2,5.3,2.9,95,27.8,0
川崎沖～横浜沖,2026-09-01,18,0.2,6.2,3.2,94,27.7,1
川崎沖～横浜沖,2026-09-01,21,0.1,7.0,2.3,85,27.5,51
川崎沖~本牧沖,2026-09-01,00,0.2,3.5,2.4,20,27.4,2
川崎沖~本牧沖,2026-09-01,03,0.2,3.8,2.8,10,27.3,2
川崎沖~本牧沖,2026-09-01,06,0.2,4.1,2.2,4,27.3,0
川崎沖~本牧沖,2026-09-01,09,0.2,4.2,2.3,45,27.3,2
川崎沖~本牧沖,2026-09-01,12,0.2,5.0,1.8,67,27.6,0
川崎沖~本牧沖,2026-09-01,15,0.2,5.3,2.9,95,27.8,0
川崎沖~本牧沖,2026-09-01,18,0.2,6.2,3.2,94,27.7,1
川崎沖~本牧沖,2026-09-01,21,0.1,7.0,2.3,85,27.5,51
川崎沖,2026-09-01,00,0.2,3.5,2.4,20,27.6,2
川崎沖,2026-09-01,03,0.2,3.8,2.8,10,27.6,2
川崎沖,2026-09-01,06,0.2,4.1,2.2,4,27.5,0
川崎沖,2026-09-01,09,0.2,4.2,2.3,45,27.6,2
川崎沖,2026-09-01,12,0.2,5.0,1.8,67,27.8,0
川崎沖,2026-09-01,15,0.2,5.3,2.9,95,28.0,0
川崎沖,2026-09-01,18,0.2,6.2,3.2,94,27.9,1
川崎沖,2026-09-01,21,0.1,7.0,2.3,85,27.7,51
五井沖,2026-09-01,00,0.2,2.3,2.6,32,27.6,3
五井沖,2026-09-01,03,0.2,2.4,2.4,23,27.5,0
五井沖,2026-09-01,06,0.1,2.9,2.4,27,27.4,0
五井沖,2026-09-01,09,0.1,4.9,2.3,37,27.5,3
五井沖,2026-09-01,12,0.1,6.7,1.7,51,27.8,51
五井沖,2026-09-01,15,0.1,6.8,2.5,83,28.0,51
五井沖,2026-09-01,18,0.1,6.8,2.6,91,27.9,3
五井沖,2026-09-01,21,0.1,6.8,2.3,68,27.6,3
鶴見沖,2026-09-01,00,0.2,3.5,2.4,20,27.6,2
鶴見沖,2026-09-01,03,0.2,3.8,2.8,10,27.6,2
鶴見沖,2026-09-01,06,0.2,4.1,2.2,4,27.5,0
鶴見沖,2026-09-01,09,0.2,4.2,2.3,45,27.6,2
鶴見沖,2026-09-01,12,0.2,5.0,1.8,67,27.8,0
鶴見沖,2026-09-01,15,0.2,5.3,2.9,95,28.0,0
鶴見沖,2026-09-01,18,0.2,6.2,3.2,94,27.9,1
鶴見沖,2026-09-01,21,0.1,7.0,2.3,85,27.7,51
木更津沖～浦安沖,2026-09-01,00,0.2,3.0,1.8,360,27.3,3
木更津沖～浦安沖,2026-09-01,03,0.2,3.1,2.4,1,27.2,1
木更津沖～浦安沖,2026-09-01,06,0.2,3.4,2.2,355,27.2,0
木更津沖～浦安沖,2026-09-01,09,0.1,4.2,2.0,53,27.2,3
木更津沖～浦安沖,2026-09-01,12,0.1,5.8,1.3,56,27.6,1
木更津沖～浦安沖,2026-09-01,15,0.1,6.5,2.3,96,27.9,2
木更津沖～浦安沖,2026-09-01,18,0.1,6.8,2.6,92,27.7,0
木更津沖～浦安沖,2026-09-01,21,0.1,7.0,1.9,75,27.4,1
羽田沖,2026-09-01,00,0.2,3.5,1.8,360,27.4,3
羽田沖,2026-09-01,03,0.2,3.8,2.4,1,27.4,1
羽田沖,2026-09-01,06,0.2,4.1,2.2,355,27.3,0
羽田沖,2026-09-01,09,0.2,4.2,2.0,53,27.4,3
羽田沖,2026-09-01,12,0.2,5.0,1.3,56,27.6,1
羽田沖,2026-09-01,15,0.2,5.3,2.3,96,27.9,2
羽田沖,2026-09-01,18,0.2,6.2,2.6,92,27.7,0
羽田沖,2026-09-01,21,0.1,7.0,1.9,75,27.5,1
千葉沖,2026-09-01,00,0.1,5.1,2.5,30,28.2,3
千葉沖,2026-09-01,03,0.1,5.2,2.5,20,28.1,3
千葉沖,2026-09-01,06,0.1,5.7,2.1,18,28.1,0
千葉沖,2026-09-01,09,0.1,6.2,2.2,38,28.1,3
千葉沖,2026-09-01,12,0.1,6.9,1.7,57,28.4,51
千葉沖,2026-09-01,15,0.1,7.0,1.8,87,28.6,51
千葉沖,2026-09-01,18,0.1,6.8,1.9,102,28.4,3
千葉沖,2026-09-01,21,0.1,6.8,2.1,59,28.2,3
浦安沖,2026-09-01,00,0.1,4.9,1.9,21,27.9,1
浦安沖,2026-09-01,03,0.1,5.2,2.1,9,27.8,1
浦安沖,2026-09-01,06,0.1,5.6,1.8,360,27.8,0
浦安沖,2026-09-01,09,0.1,6.0,2.2,56,27.8,51
浦安沖,2026-09-01,12,0.1,6.5,1.3,56,28.0,3
浦安沖,2026-09-01,15,0.1,6.5,2.1,102,28.3,51
浦安沖,2026-09-01,18,0.1,6.5,2.0,93,28.1,1
浦安沖,2026-09-01,21,0.1,6.6,1.9,61,27.9,1
屏風ヶ浦の陰,2026-09-01,00,0.1,5.1,2.2,35,28.5,3
屏風ヶ浦の陰,2026-09-01,03,0.1,5.2,2.3,20,28.5,3
屏風ヶ浦の陰,2026-09-01,06,0.1,5.7,2.0,15,28.4,0
屏風ヶ浦の陰,2026-09-01,09,0.1,6.2,2.4,46,28.4,51
屏風ヶ浦の陰,2026-09-01,12,0.1,6.9,2.5,67,28.6,51
屏風ヶ浦の陰,2026-09-01,15,0.1,7.0,2.0,83,28.7,3
屏風ヶ浦の陰,2026-09-01,18,0.1,6.8,1.8,80,28.7,1
屏風ヶ浦の陰,2026-09-01,21,0.1,6.8,2.1,60,28.6,2
犬吠南沖,2026-09-01,00,1.5,7.5,5.3,40,26.0,1
犬吠南沖,2026-09-01,03,1.4,8.0,4.0,35,25.9,3
犬吠南沖,2026-09-01,06,1.4,8.3,4.1,46,25.8,2
犬吠南沖,2026-09-01,09,1.4,8.6,4.7,43,25.7,51
犬吠南沖,2026-09-01,12,1.4,8.8,4.5,57,26.0,51
犬吠南沖,2026-09-01,15,1.4,8.8,3.6,49,26.2,0
犬吠南沖,2026-09-01,18,1.5,9.1,2.1,54,26.3,1
犬吠南沖,2026-09-01,21,1.4,9.1,2.6,58,26.3,1
亀城根,2026-09-01,00,1.5,7.5,5.3,40,26.0,1
亀城根,2026-09-01,03,1.4,8.0,4.0,35,25.9,3
亀城根,2026-09-01,06,1.4,8.3,4.1,46,25.8,2
亀城根,2026-09-01,09,1.4,8.6,4.7,43,25.7,51
亀城根,2026-09-01,12,1.4,8.8,4.5,57,26.0,51
亀城根,2026-09-01,15,1.4,8.8,3.6,49,26.2,0
亀城根,2026-09-01,18,1.5,9.1,2.1,54,26.3,1
亀城根,2026-09-01,21,1.4,9.1,2.6,58,26.3,1
外川沖,2026-09-01,00,1.3,7.2,5.3,40,25.9,1
外川沖,2026-09-01,03,1.2,7.7,4.0,35,25.9,3
外川沖,2026-09-01,06,1.2,8.1,4.1,46,25.9,2
外川沖,2026-09-01,09,1.2,8.2,4.7,43,25.9,51
外川沖,2026-09-01,12,1.2,8.6,4.5,57,26.1,51
外川沖,2026-09-01,15,1.2,8.7,3.6,49,26.3,0
外川沖,2026-09-01,18,1.3,8.9,2.1,54,26.3,1
外川沖,2026-09-01,21,1.2,9.0,2.6,58,26.2,1
犬吠沖,2026-09-01,00,1.3,7.2,5.3,40,25.9,1
犬吠沖,2026-09-01,03,1.2,7.7,4.0,35,25.9,3
犬吠沖,2026-09-01,06,1.2,8.1,4.1,46,25.9,2
犬吠沖,2026-09-01,09,1.2,8.2,4.7,43,25.9,51
犬吠沖,2026-09-01,12,1.2,8.6,4.5,57,26.1,51
犬吠沖,2026-09-01,15,1.2,8.7,3.6,49,26.3,0
犬吠沖,2026-09-01,18,1.3,8.9,2.1,54,26.3,1
犬吠沖,2026-09-01,21,1.2,9.0,2.6,58,26.2,1
飯岡沖,2026-09-01,00,1.0,7.1,5.3,40,26.4,1
飯岡沖,2026-09-01,03,0.9,7.7,4.0,35,26.4,3
飯岡沖,2026-09-01,06,0.9,8.1,4.1,46,26.4,2
飯岡沖,2026-09-01,09,0.9,8.2,4.7,43,26.4,51
飯岡沖,2026-09-01,12,0.9,8.5,4.5,57,26.5,51
飯岡沖,2026-09-01,15,0.9,8.6,3.6,49,26.6,0
飯岡沖,2026-09-01,18,1.0,8.8,2.1,54,26.6,1
飯岡沖,2026-09-01,21,1.0,8.8,2.6,58,26.5,1
真沖,2026-09-01,00,1.0,7.1,5.3,40,26.4,1
真沖,2026-09-01,03,0.9,7.7,4.0,35,26.4,3
真沖,2026-09-01,06,0.9,8.1,4.1,46,26.4,2
真沖,2026-09-01,09,0.9,8.2,4.7,43,26.4,51
真沖,2026-09-01,12,0.9,8.5,4.5,57,26.5,51
真沖,2026-09-01,15,0.9,8.6,3.6,49,26.6,0
真沖,2026-09-01,18,1.0,8.8,2.1,54,26.6,1
真沖,2026-09-01,21,1.0,8.8,2.6,58,26.5,1
波崎沖,2026-09-01,00,1.3,7.2,5.3,40,25.9,1
波崎沖,2026-09-01,03,1.2,7.7,4.0,35,25.9,3
波崎沖,2026-09-01,06,1.2,8.1,4.1,46,25.9,2
波崎沖,2026-09-01,09,1.2,8.2,4.7,43,25.9,51
波崎沖,2026-09-01,12,1.2,8.6,4.5,57,26.1,51
波崎沖,2026-09-01,15,1.2,8.7,3.6,49,26.3,0
波崎沖,2026-09-01,18,1.3,8.9,2.1,54,26.3,1
波崎沖,2026-09-01,21,1.2,9.0,2.6,58,26.2,1
川前大根,2026-09-01,00,1.0,7.1,5.3,40,26.4,1
川前大根,2026-09-01,03,0.9,7.7,4.0,35,26.4,3
川前大根,2026-09-01,06,0.9,8.1,4.1,46,26.4,2
川前大根,2026-09-01,09,0.9,8.2,4.7,43,26.4,51
川前大根,2026-09-01,12,0.9,8.5,4.5,57,26.5,51
川前大根,2026-09-01,15,0.9,8.6,3.6,49,26.6,0
川前大根,2026-09-01,18,1.0,8.8,2.1,54,26.6,1
川前大根,2026-09-01,21,1.0,8.8,2.6,58,26.5,1
鹿島南沖,2026-09-01,00,1.4,6.9,4.5,44,25.8,1
鹿島南沖,2026-09-01,03,1.4,7.3,3.3,39,25.7,3
鹿島南沖,2026-09-01,06,1.3,7.7,3.3,50,25.7,3
鹿島南沖,2026-09-01,09,1.3,7.8,4.2,46,25.7,51
鹿島南沖,2026-09-01,12,1.3,8.0,3.9,55,25.9,51
鹿島南沖,2026-09-01,15,1.2,8.2,3.1,57,26.0,3
鹿島南沖,2026-09-01,18,1.2,8.6,1.9,57,25.9,1
鹿島南沖,2026-09-01,21,1.2,8.8,2.3,59,25.9,1
神栖沖,2026-09-01,00,1.4,6.9,4.5,44,25.9,1
神栖沖,2026-09-01,03,1.4,7.3,3.3,39,25.8,3
神栖沖,2026-09-01,06,1.3,7.7,3.3,50,25.7,3
神栖沖,2026-09-01,09,1.3,7.8,4.2,46,25.8,51
神栖沖,2026-09-01,12,1.3,8.0,3.9,55,25.9,51
神栖沖,2026-09-01,15,1.2,8.2,3.1,57,26.1,3
神栖沖,2026-09-01,18,1.2,8.6,1.9,57,26.1,1
神栖沖,2026-09-01,21,1.2,8.8,2.3,59,26.0,1
鹿島沖,2026-09-01,00,1.4,6.9,4.6,44,26.0,3
鹿島沖,2026-09-01,03,1.4,7.3,3.5,44,26.0,3
鹿島沖,2026-09-01,06,1.3,7.7,3.1,46,26.0,3
鹿島沖,2026-09-01,09,1.3,7.8,4.0,49,26.0,51
鹿島沖,2026-09-01,12,1.3,8.0,3.8,51,26.1,2
鹿島沖,2026-09-01,15,1.2,8.2,3.3,47,26.2,2
鹿島沖,2026-09-01,18,1.2,8.6,2.3,60,26.2,3
鹿島沖,2026-09-01,21,1.2,8.8,2.8,63,26.1,3
鹿島真沖,2026-09-01,00,1.4,6.9,4.3,44,25.8,2
鹿島真沖,2026-09-01,03,1.4,7.3,3.4,42,25.7,3
鹿島真沖,2026-09-01,06,1.3,7.7,3.0,50,25.7,3
鹿島真沖,2026-09-01,09,1.3,7.8,3.9,48,25.7,51
鹿島真沖,2026-09-01,12,1.3,8.0,3.8,49,25.9,51
鹿島真沖,2026-09-01,15,1.2,8.2,3.0,54,26.0,3
鹿島真沖,2026-09-01,18,1.2,8.6,2.2,56,25.9,1
鹿島真沖,2026-09-01,21,1.2,8.8,2.6,63,25.9,0
鹿島魚礁,2026-09-01,00,1.5,7.0,7.8,43,25.5,1
鹿島魚礁,2026-09-01,03,1.5,7.5,6.3,46,25.5,3
鹿島魚礁,2026-09-01,06,1.4,7.8,5.7,55,25.4,3
鹿島魚礁,2026-09-01,09,1.4,7.9,6.0,41,25.5,1
鹿島魚礁,2026-09-01,12,1.4,8.2,4.8,43,25.6,2
鹿島魚礁,2026-09-01,15,1.3,8.3,4.3,40,25.8,2
鹿島魚礁,2026-09-01,18,1.3,8.7,4.8,70,25.8,0
鹿島魚礁,2026-09-01,21,1.3,8.8,3.9,66,25.7,3
鹿島北沖,2026-09-01,00,1.5,6.9,4.6,44,26.0,3
鹿島北沖,2026-09-01,03,1.4,7.3,3.5,44,26.0,3
鹿島北沖,2026-09-01,06,1.4,7.6,3.1,46,26.0,3
鹿島北沖,2026-09-01,09,1.3,7.7,4.0,49,26.0,51
鹿島北沖,2026-09-01,12,1.3,8.0,3.8,51,26.1,2
鹿島北沖,2026-09-01,15,1.3,8.2,3.3,47,26.2,2
鹿島北沖,2026-09-01,18,1.3,8.5,2.3,60,26.2,3
鹿島北沖,2026-09-01,21,1.3,8.6,2.8,63,26.1,3
北沖30,2026-09-01,00,1.5,7.3,4.8,49,25.7,3
北沖30,2026-09-01,03,1.4,7.8,3.3,49,25.7,3
北沖30,2026-09-01,06,1.3,8.2,3.1,45,25.7,3
北沖30,2026-09-01,09,1.3,8.2,3.9,47,25.7,3
北沖30,2026-09-01,12,1.3,8.4,3.6,56,25.7,3
北沖30,2026-09-01,15,1.3,8.7,3.4,53,25.8,1
北沖30,2026-09-01,18,1.3,9.0,2.5,54,25.7,1
北沖30,2026-09-01,21,1.3,9.2,2.7,47,25.7,3
大洗沖,2026-09-01,00,1.5,7.3,3.8,49,26.2,2
大洗沖,2026-09-01,03,1.4,7.8,2.7,47,26.1,3
大洗沖,2026-09-01,06,1.3,8.2,2.6,35,26.1,3
大洗沖,2026-09-01,09,1.3,8.2,3.8,54,26.1,3
大洗沖,2026-09-01,12,1.3,8.4,3.5,70,26.2,3
大洗沖,2026-09-01,15,1.3,8.7,3.1,73,26.2,2
大洗沖,2026-09-01,18,1.3,9.0,2.2,58,26.2,1
大洗沖,2026-09-01,21,1.3,9.2,2.3,56,26.1,3
青山沖,2026-09-01,00,1.4,7.4,4.8,49,25.3,3
青山沖,2026-09-01,03,1.4,7.9,3.3,49,25.3,3
青山沖,2026-09-01,06,1.3,8.2,3.1,45,25.2,3
青山沖,2026-09-01,09,1.3,8.3,3.9,47,25.2,3
青山沖,2026-09-01,12,1.3,8.5,3.6,56,25.2,3
青山沖,2026-09-01,15,1.3,8.8,3.4,53,25.3,1
青山沖,2026-09-01,18,1.3,9.0,2.5,54,25.2,1
青山沖,2026-09-01,21,1.3,9.2,2.7,47,25.1,3
日立沖,2026-09-01,00,1.3,7.8,4.8,42,24.9,3
日立沖,2026-09-01,03,1.3,8.2,3.4,38,24.8,3
日立沖,2026-09-01,06,1.3,8.4,3.0,35,24.8,3
日立沖,2026-09-01,09,1.2,8.6,3.5,38,24.8,3
日立沖,2026-09-01,12,1.2,8.8,3.2,51,24.9,3
日立沖,2026-09-01,15,1.2,9.0,2.1,55,24.9,3
日立沖,2026-09-01,18,1.3,9.1,1.9,25,24.9,1
日立沖,2026-09-01,21,1.3,9.3,2.3,27,24.8,1
銭洲沖,2026-09-02,00,1.5,8.2,5.8,83,29.3,0
銭洲沖,2026-09-02,03,1.4,8.2,5.2,76,29.3,1
銭洲沖,2026-09-02,06,1.5,8.5,4.5,90,29.2,2
銭洲沖,2026-09-02,09,1.5,8.6,4.2,78,29.3,3
銭洲沖,2026-09-02,12,1.5,8.6,3.6,60,29.5,51
銭洲沖,2026-09-02,15,1.5,8.6,4.3,67,29.8,3
銭洲沖,2026-09-02,18,1.7,9.0,4.4,84,29.7,3
銭洲沖,2026-09-02,21,1.5,8.6,2.9,95,29.5,3
イナンバ,2026-09-02,00,1.6,8.1,5.4,86,29.5,0
イナンバ,2026-09-02,03,1.5,8.2,4.8,100,29.4,0
イナンバ,2026-09-02,06,1.6,8.3,3.8,89,29.4,1
イナンバ,2026-09-02,09,1.6,8.1,5.7,70,29.4,1
イナンバ,2026-09-02,12,1.6,8.0,5.2,84,29.3,1
イナンバ,2026-09-02,15,1.6,7.9,5.8,82,29.3,3
イナンバ,2026-09-02,18,1.7,8.2,5.9,104,29.3,3
イナンバ,2026-09-02,21,1.6,8.1,4.5,99,29.3,3
石花海,2026-09-02,00,1.2,7.7,6.1,95,28.1,0
石花海,2026-09-02,03,1.2,7.8,5.4,102,28.1,0
石花海,2026-09-02,06,1.2,8.1,4.3,88,28.1,0
石花海,2026-09-02,09,1.2,8.1,4.5,81,28.1,1
石花海,2026-09-02,12,1.2,8.1,4.5,96,28.3,3
石花海,2026-09-02,15,1.2,8.1,4.8,98,28.5,3
石花海,2026-09-02,18,1.3,8.3,5.6,110,28.4,3
石花海,2026-09-02,21,1.3,8.2,3.3,110,28.3,3
神津島,2026-09-02,00,1.2,7.8,5.6,86,28.4,0
神津島,2026-09-02,03,1.1,7.8,4.7,107,28.3,0
神津島,2026-09-02,06,1.2,8.2,3.7,92,28.3,0
神津島,2026-09-02,09,1.2,8.1,4.3,79,28.4,0
神津島,2026-09-02,12,1.2,8.0,4.4,87,28.5,2
神津島,2026-09-02,15,1.2,8.0,4.8,93,28.5,3
神津島,2026-09-02,18,1.3,8.3,5.4,107,28.4,3
神津島,2026-09-02,21,1.3,8.2,3.9,105,28.3,3
金洲沖,2026-09-02,00,1.0,7.7,5.9,83,28.1,0
金洲沖,2026-09-02,03,1.0,7.8,4.8,103,28.1,1
金洲沖,2026-09-02,06,1.1,8.1,3.6,83,28.0,1
金洲沖,2026-09-02,09,1.1,8.0,5.1,63,28.1,1
金洲沖,2026-09-02,12,1.1,8.0,4.0,72,28.3,3
金洲沖,2026-09-02,15,1.1,8.1,4.2,111,28.5,1
金洲沖,2026-09-02,18,1.3,8.6,5.0,111,28.5,3
金洲沖,2026-09-02,21,1.2,8.2,2.9,107,28.3,3
新島沖,2026-09-02,00,1.2,7.7,5.2,82,28.4,1
新島沖,2026-09-02,03,1.2,7.9,4.6,103,28.4,1
新島沖,2026-09-02,06,1.3,8.0,3.6,95,28.4,0
新島沖,2026-09-02,09,1.2,8.0,3.8,77,28.4,1
新島沖,2026-09-02,12,1.2,7.8,4.1,86,28.5,1
新島沖,2026-09-02,15,1.2,7.8,4.8,96,28.6,3
新島沖,2026-09-02,18,1.3,8.0,5.0,111,28.5,3
新島沖,2026-09-02,21,1.2,7.9,3.8,113,28.4,3
金州,2026-09-02,00,1.2,8.0,4.9,78,28.2,0
金州,2026-09-02,03,1.2,8.1,4.4,107,28.2,0
金州,2026-09-02,06,1.2,8.3,3.5,113,28.3,1
金州,2026-09-02,09,1.2,8.2,3.5,89,28.3,1
金州,2026-09-02,12,1.2,8.0,4.4,106,28.5,1
金州,2026-09-02,15,1.2,8.0,4.1,96,28.6,3
金州,2026-09-02,18,1.2,8.1,4.6,122,28.5,3
金州,2026-09-02,21,1.2,7.9,3.1,124,28.4,3
白河沖,2026-09-02,00,1.0,7.3,4.0,91,27.8,1
白河沖,2026-09-02,03,1.0,7.5,3.2,80,27.8,1
白河沖,2026-09-02,06,1.0,7.9,3.1,34,27.8,0
白河沖,2026-09-02,09,1.0,8.0,3.2,71,27.9,0
白河沖,2026-09-02,12,1.0,8.1,3.2,116,28.0,3
白河沖,2026-09-02,15,1.0,8.0,3.9,148,28.2,3
白河沖,2026-09-02,18,1.1,8.2,2.2,116,28.1,3
白河沖,2026-09-02,21,1.1,8.2,1.0,84,27.9,3
御前崎沖,2026-09-02,00,1.0,7.2,4.0,91,27.8,1
御前崎沖,2026-09-02,03,1.0,7.5,3.2,80,27.8,1
御前崎沖,2026-09-02,06,1.0,7.8,3.1,34,27.8,0
御前崎沖,2026-09-02,09,1.0,8.0,3.2,71,27.8,0
御前崎沖,2026-09-02,12,1.0,8.1,3.2,116,28.0,3
御前崎沖,2026-09-02,15,1.0,8.0,3.9,148,28.1,3
御前崎沖,2026-09-02,18,1.1,8.1,2.2,116,28.0,3
御前崎沖,2026-09-02,21,1.1,8.2,1.0,84,27.9,3
八方便,2026-09-02,00,1.0,7.3,4.0,91,27.8,1
八方便,2026-09-02,03,1.0,7.5,3.2,80,27.8,1
八方便,2026-09-02,06,1.0,7.9,3.1,34,27.8,0
八方便,2026-09-02,09,1.0,8.0,3.2,71,27.9,0
八方便,2026-09-02,12,1.0,8.1,3.2,116,28.0,3
八方便,2026-09-02,15,1.0,8.0,3.9,148,28.2,3
八方便,2026-09-02,18,1.1,8.2,2.2,116,28.1,3
八方便,2026-09-02,21,1.1,8.2,1.0,84,27.9,3
神子元沖,2026-09-02,00,1.0,8.4,3.3,47,28.0,1
神子元沖,2026-09-02,03,1.0,8.4,2.9,30,28.0,1
神子元沖,2026-09-02,06,1.1,8.6,2.7,34,28.0,1
神子元沖,2026-09-02,09,1.1,8.4,2.6,100,28.0,2
神子元沖,2026-09-02,12,1.1,8.3,3.4,122,28.3,51
神子元沖,2026-09-02,15,1.1,8.3,3.3,111,28.5,3
神子元沖,2026-09-02,18,1.2,8.7,0.9,65,28.5,3
神子元沖,2026-09-02,21,1.1,8.3,0.6,63,28.3,3
大東沖,2026-09-02,00,0.9,7.2,2.4,86,27.7,0
大東沖,2026-09-02,03,0.9,7.5,2.2,63,27.7,0
大東沖,2026-09-02,06,0.9,7.8,2.1,33,27.7,0
大東沖,2026-09-02,09,0.9,7.9,2.3,110,27.7,0
大東沖,2026-09-02,12,1.0,8.0,3.3,156,27.9,51
大東沖,2026-09-02,15,1.0,7.8,4.1,161,28.1,3
大東沖,2026-09-02,18,1.0,8.0,1.8,136,28.0,3
大東沖,2026-09-02,21,1.0,8.2,1.2,107,27.9,3
石廊崎沖,2026-09-02,00,0.9,8.2,1.6,59,27.8,0
石廊崎沖,2026-09-02,03,0.9,8.3,1.1,41,27.8,0
石廊崎沖,2026-09-02,06,1.0,8.4,1.2,31,27.8,1
石廊崎沖,2026-09-02,09,1.0,8.3,0.8,165,27.9,3
石廊崎沖,2026-09-02,12,1.0,8.2,1.4,222,28.3,2
石廊崎沖,2026-09-02,15,1.0,8.1,3.5,136,28.6,3
石廊崎沖,2026-09-02,18,1.3,9.0,1.7,116,28.5,3
石廊崎沖,2026-09-02,21,1.1,8.3,0.4,135,28.3,3
福田沖,2026-09-02,00,0.9,7.2,2.3,85,27.5,1
福田沖,2026-09-02,03,0.9,7.4,2.2,61,27.6,0
福田沖,2026-09-02,06,0.9,7.7,1.8,25,27.6,0
福田沖,2026-09-02,09,1.0,7.8,2.1,115,27.7,0
福田沖,2026-09-02,12,1.0,7.9,3.5,161,27.9,51
福田沖,2026-09-02,15,1.0,7.8,4.0,160,28.1,3
福田沖,2026-09-02,18,1.0,8.0,1.9,151,28.1,3
福田沖,2026-09-02,21,1.0,8.2,1.2,140,27.9,3
浜岡沖,2026-09-02,00,0.9,7.4,4.0,91,27.5,1
浜岡沖,2026-09-02,03,0.9,7.7,3.2,80,27.4,1
浜岡沖,2026-09-02,06,0.9,7.9,3.1,34,27.4,0
浜岡沖,2026-09-02,09,0.9,8.0,3.2,71,27.5,0
浜岡沖,2026-09-02,12,0.9,8.1,3.2,116,27.8,3
浜岡沖,2026-09-02,15,1.0,7.9,3.9,148,28.1,3
浜岡沖,2026-09-02,18,1.0,8.0,2.2,116,28.0,3
浜岡沖,2026-09-02,21,1.0,8.2,1.0,84,27.8,3
下田南沖,2026-09-02,00,1.0,8.4,3.3,47,28.0,1
下田南沖,2026-09-02,03,1.0,8.4,2.9,30,28.0,1
下田南沖,2026-09-02,06,1.1,8.6,2.7,34,28.0,1
下田南沖,2026-09-02,09,1.1,8.4,2.6,100,28.0,2
下田南沖,2026-09-02,12,1.1,8.3,3.4,122,28.3,51
下田南沖,2026-09-02,15,1.1,8.3,3.3,111,28.5,3
下田南沖,2026-09-02,18,1.2,8.7,0.9,65,28.5,3
下田南沖,2026-09-02,21,1.1,8.3,0.6,63,28.3,3
下田沖,2026-09-02,00,1.0,8.4,3.3,47,28.0,1
下田沖,2026-09-02,03,1.0,8.4,2.9,30,28.0,1
下田沖,2026-09-02,06,1.1,8.6,2.7,34,28.0,1
下田沖,2026-09-02,09,1.1,8.4,2.6,100,28.0,2
下田沖,2026-09-02,12,1.1,8.3,3.4,122,28.3,51
下田沖,2026-09-02,15,1.1,8.3,3.3,111,28.5,3
下田沖,2026-09-02,18,1.2,8.7,0.9,65,28.5,3
下田沖,2026-09-02,21,1.1,8.3,0.6,63,28.3,3
相良沖,2026-09-02,00,0.9,7.3,4.0,91,27.4,1
相良沖,2026-09-02,03,0.9,7.6,3.2,80,27.4,1
相良沖,2026-09-02,06,0.9,7.9,3.1,34,27.4,0
相良沖,2026-09-02,09,0.9,8.0,3.2,71,27.5,0
相良沖,2026-09-02,12,0.9,8.0,3.2,116,27.8,3
相良沖,2026-09-02,15,1.0,7.8,3.9,148,28.1,3
相良沖,2026-09-02,18,1.0,8.0,2.2,116,28.0,3
相良沖,2026-09-02,21,1.0,8.1,1.0,84,27.9,3
天竜沖,2026-09-02,00,0.7,6.8,1.0,21,27.5,1
天竜沖,2026-09-02,03,0.7,7.0,1.6,15,27.6,0
天竜沖,2026-09-02,06,0.7,7.2,1.5,4,27.6,0
天竜沖,2026-09-02,09,0.7,7.3,1.4,113,27.7,1
天竜沖,2026-09-02,12,0.8,7.4,2.5,173,27.9,51
天竜沖,2026-09-02,15,0.8,7.3,3.1,178,28.1,3
天竜沖,2026-09-02,18,0.8,7.4,2.1,166,28.1,3
天竜沖,2026-09-02,21,0.8,7.6,1.1,150,27.9,3
波勝崎沖,2026-09-02,00,0.7,8.2,3.3,47,27.7,1
波勝崎沖,2026-09-02,03,0.7,8.3,2.9,30,27.7,1
波勝崎沖,2026-09-02,06,0.8,8.4,2.7,34,27.7,1
波勝崎沖,2026-09-02,09,0.8,8.2,2.6,100,27.8,2
波勝崎沖,2026-09-02,12,0.8,8.2,3.4,122,28.3,51
波勝崎沖,2026-09-02,15,0.8,8.2,3.3,111,28.6,3
波勝崎沖,2026-09-02,18,1.1,9.4,0.9,65,28.4,3
波勝崎沖,2026-09-02,21,0.9,8.4,0.6,63,28.1,3
藤守前,2026-09-02,00,0.6,6.8,1.3,81,27.5,0
藤守前,2026-09-02,03,0.6,7.0,1.9,20,27.5,1
藤守前,2026-09-02,06,0.7,7.2,2.2,20,27.4,0
藤守前,2026-09-02,09,0.7,7.3,2.0,89,27.5,0
藤守前,2026-09-02,12,0.7,7.4,3.0,128,27.9,3
藤守前,2026-09-02,15,0.7,7.3,3.4,152,28.3,3
藤守前,2026-09-02,18,0.7,7.4,2.1,147,28.2,3
藤守前,2026-09-02,21,0.7,7.6,1.0,171,28.0,3
吉田沖,2026-09-02,00,0.6,6.8,1.3,81,27.5,0
吉田沖,2026-09-02,03,0.6,7.0,1.9,20,27.5,1
吉田沖,2026-09-02,06,0.7,7.2,2.2,20,27.4,0
吉田沖,2026-09-02,09,0.7,7.3,2.0,89,27.5,0
吉田沖,2026-09-02,12,0.7,7.4,3.0,128,27.9,3
吉田沖,2026-09-02,15,0.7,7.3,3.4,152,28.3,3
吉田沖,2026-09-02,18,0.7,7.4,2.1,147,28.2,3
吉田沖,2026-09-02,21,0.7,7.6,1.0,171,28.0,3
千貫門沖,2026-09-02,00,0.7,8.2,1.6,59,27.9,0
千貫門沖,2026-09-02,03,0.7,8.3,1.1,41,27.8,0
千貫門沖,2026-09-02,06,0.8,8.4,1.2,31,27.8,1
千貫門沖,2026-09-02,09,0.8,8.2,0.8,165,27.9,3
千貫門沖,2026-09-02,12,0.8,8.2,1.4,222,28.3,2
千貫門沖,2026-09-02,15,0.8,8.2,3.5,136,28.6,3
千貫門沖,2026-09-02,18,1.1,9.4,1.7,116,28.4,3
千貫門沖,2026-09-02,21,0.9,8.4,0.4,135,28.2,3
豊浜沖,2026-09-02,00,0.6,8.2,1.6,59,28.0,0
豊浜沖,2026-09-02,03,0.6,8.2,1.1,41,27.9,0
豊浜沖,2026-09-02,06,0.7,8.3,1.2,31,27.8,1
豊浜沖,2026-09-02,09,0.7,8.2,0.8,165,27.9,3
豊浜沖,2026-09-02,12,0.7,8.2,1.4,222,28.4,2
豊浜沖,2026-09-02,15,0.8,8.1,3.5,136,28.7,3
豊浜沖,2026-09-02,18,1.1,9.7,1.7,116,28.5,3
豊浜沖,2026-09-02,21,0.9,8.4,0.4,135,28.2,3
松崎沖,2026-09-02,00,0.7,8.2,1.6,59,27.9,0
松崎沖,2026-09-02,03,0.7,8.3,1.1,41,27.8,0
松崎沖,2026-09-02,06,0.8,8.4,1.2,31,27.8,1
松崎沖,2026-09-02,09,0.8,8.2,0.8,165,27.9,3
松崎沖,2026-09-02,12,0.8,8.2,1.4,222,28.3,2
松崎沖,2026-09-02,15,0.8,8.2,3.5,136,28.6,3
松崎沖,2026-09-02,18,1.1,9.4,1.7,116,28.4,3
松崎沖,2026-09-02,21,0.9,8.4,0.4,135,28.2,3
西伊豆沖,2026-09-02,00,0.6,8.2,0.5,114,27.9,1
西伊豆沖,2026-09-02,03,0.6,8.2,0.8,86,27.8,3
西伊豆沖,2026-09-02,06,0.7,8.3,0.8,53,27.8,3
西伊豆沖,2026-09-02,09,0.7,8.2,2.1,297,27.9,51
西伊豆沖,2026-09-02,12,0.7,8.2,2.8,292,28.3,53
西伊豆沖,2026-09-02,15,0.8,8.1,1.6,178,28.6,51
西伊豆沖,2026-09-02,18,1.1,9.7,1.3,153,28.4,3
西伊豆沖,2026-09-02,21,0.9,8.4,0.2,270,28.2,3
大井川沖,2026-09-02,00,0.7,7.2,1.3,42,27.6,0
大井川沖,2026-09-02,03,0.6,7.5,2.3,16,27.5,0
大井川沖,2026-09-02,06,0.7,7.8,2.0,13,27.5,0
大井川沖,2026-09-02,09,0.7,7.8,1.8,92,27.6,0
大井川沖,2026-09-02,12,0.7,7.8,3.1,150,28.0,3
大井川沖,2026-09-02,15,0.8,7.5,3.3,158,28.3,3
大井川沖,2026-09-02,18,0.9,8.0,2.4,144,28.2,3
大井川沖,2026-09-02,21,0.8,7.9,1.6,159,28.0,3
中瀬海岸,2026-09-02,00,0.7,7.2,1.3,42,27.6,0
中瀬海岸,2026-09-02,03,0.6,7.5,2.3,16,27.5,0
中瀬海岸,2026-09-02,06,0.7,7.8,2.0,13,27.5,0
中瀬海岸,2026-09-02,09,0.7,7.8,1.8,92,27.6,0
中瀬海岸,2026-09-02,12,0.7,7.8,3.1,150,28.0,3
中瀬海岸,2026-09-02,15,0.8,7.5,3.3,158,28.3,3
中瀬海岸,2026-09-02,18,0.9,8.0,2.4,144,28.2,3
中瀬海岸,2026-09-02,21,0.8,7.9,1.6,159,28.0,3
大井川港,2026-09-02,00,0.7,7.2,1.3,28,27.6,0
大井川港,2026-09-02,03,0.6,7.5,1.8,13,27.5,0
大井川港,2026-09-02,06,0.7,7.8,1.7,12,27.5,0
大井川港,2026-09-02,09,0.7,7.8,0.9,99,27.6,0
大井川港,2026-09-02,12,0.7,7.8,2.8,171,28.0,2
大井川港,2026-09-02,15,0.8,7.5,3.2,175,28.3,3
大井川港,2026-09-02,18,0.9,8.0,1.9,137,28.2,3
大井川港,2026-09-02,21,0.8,7.9,1.3,141,28.0,3
駿河湾,2026-09-02,00,0.5,8.2,1.9,93,28.1,1
駿河湾,2026-09-02,03,0.6,8.3,1.4,71,28.0,3
駿河湾,2026-09-02,06,0.6,8.3,1.5,68,28.0,2
駿河湾,2026-09-02,09,0.6,8.2,2.0,327,28.1,1
駿河湾,2026-09-02,12,0.7,8.2,2.2,262,28.4,2
駿河湾,2026-09-02,15,0.7,8.2,3.0,247,28.7,3
駿河湾,2026-09-02,18,1.2,10.3,1.6,320,28.5,3
駿河湾,2026-09-02,21,0.8,8.4,0.7,297,28.2,3
洲崎沖,2026-09-02,00,1.0,8.8,2.8,57,27.5,0
洲崎沖,2026-09-02,03,1.0,8.6,2.8,111,27.6,1
洲崎沖,2026-09-02,06,1.1,8.7,1.9,111,27.7,1
洲崎沖,2026-09-02,09,1.1,8.3,2.6,118,27.8,51
洲崎沖,2026-09-02,12,1.0,8.2,2.7,138,28.2,3
洲崎沖,2026-09-02,15,1.0,8.2,3.3,135,28.6,3
洲崎沖,2026-09-02,18,1.1,8.4,2.8,145,28.5,2
洲崎沖,2026-09-02,21,1.1,8.3,2.1,152,28.3,3
沖ノ瀬,2026-09-02,00,0.9,8.8,3.8,41,27.7,0
沖ノ瀬,2026-09-02,03,1.0,8.7,3.4,69,27.6,0
沖ノ瀬,2026-09-02,06,1.0,8.8,2.5,114,27.5,1
沖ノ瀬,2026-09-02,09,1.0,8.5,2.0,60,27.5,51
沖ノ瀬,2026-09-02,12,1.0,8.3,3.5,135,28.1,1
沖ノ瀬,2026-09-02,15,1.0,8.3,4.4,154,28.6,3
沖ノ瀬,2026-09-02,18,1.0,8.6,3.1,153,28.5,3
沖ノ瀬,2026-09-02,21,1.0,8.3,3.1,167,28.2,3
平砂浦沖,2026-09-02,00,1.1,8.6,2.8,57,26.8,0
平砂浦沖,2026-09-02,03,1.1,8.4,2.8,111,26.8,1
平砂浦沖,2026-09-02,06,1.3,8.5,1.9,111,26.8,1
平砂浦沖,2026-09-02,09,1.2,8.2,2.6,118,27.1,51
平砂浦沖,2026-09-02,12,1.2,8.1,2.7,138,28.0,3
平砂浦沖,2026-09-02,15,1.2,8.1,3.3,135,28.8,3
平砂浦沖,2026-09-02,18,1.3,8.2,2.8,145,28.7,2
平砂浦沖,2026-09-02,21,1.2,8.1,2.1,152,28.4,3
館山沖,2026-09-02,00,1.0,8.7,2.8,57,27.1,0
館山沖,2026-09-02,03,1.0,8.4,2.8,111,27.1,1
館山沖,2026-09-02,06,1.2,8.6,1.9,111,27.1,1
館山沖,2026-09-02,09,1.1,8.2,2.6,118,27.3,51
館山沖,2026-09-02,12,1.1,8.1,2.7,138,27.9,3
館山沖,2026-09-02,15,1.1,8.2,3.3,135,28.5,3
館山沖,2026-09-02,18,1.2,8.3,2.8,145,28.5,2
館山沖,2026-09-02,21,1.1,8.2,2.1,152,28.3,3
久能沖,2026-09-02,00,0.6,7.5,1.5,17,27.8,0
久能沖,2026-09-02,03,0.6,7.8,1.5,356,27.7,0
久能沖,2026-09-02,06,0.6,8.0,1.7,350,27.7,0
久能沖,2026-09-02,09,0.6,8.0,0.4,83,27.8,1
久能沖,2026-09-02,12,0.6,7.9,2.1,160,28.2,3
久能沖,2026-09-02,15,0.7,7.7,3.0,157,28.6,3
久能沖,2026-09-02,18,1.2,9.4,2.0,199,28.5,2
久能沖,2026-09-02,21,0.8,8.0,1.6,211,28.2,3
富浦沖,2026-09-02,00,1.0,8.8,2.8,57,27.8,0
富浦沖,2026-09-02,03,1.0,8.6,2.8,111,27.8,1
富浦沖,2026-09-02,06,1.1,8.8,1.9,111,27.9,1
富浦沖,2026-09-02,09,1.1,8.3,2.6,118,28.1,51
富浦沖,2026-09-02,12,1.0,8.2,2.7,138,28.4,3
富浦沖,2026-09-02,15,1.0,8.3,3.3,135,28.7,3
富浦沖,2026-09-02,18,1.1,8.6,2.8,145,28.6,2
富浦沖,2026-09-02,21,1.0,8.3,2.1,152,28.4,3
折戸沖,2026-09-02,00,0.6,7.5,1.5,17,27.8,0
折戸沖,2026-09-02,03,0.6,7.8,1.5,356,27.7,0
折戸沖,2026-09-02,06,0.6,8.0,1.7,350,27.7,0
折戸沖,2026-09-02,09,0.6,8.0,0.4,83,27.8,1
折戸沖,2026-09-02,12,0.6,7.9,2.1,160,28.2,3
折戸沖,2026-09-02,15,0.7,7.7,3.0,157,28.6,3
折戸沖,2026-09-02,18,1.2,9.4,2.0,199,28.5,2
折戸沖,2026-09-02,21,0.8,8.0,1.6,211,28.2,3
貯木場,2026-09-02,00,0.5,8.1,1.5,17,27.8,0
貯木場,2026-09-02,03,0.5,8.2,1.5,356,27.7,0
貯木場,2026-09-02,06,0.5,8.2,1.7,350,27.7,0
貯木場,2026-09-02,09,0.6,8.2,0.4,83,27.8,1
貯木場,2026-09-02,12,0.6,8.1,2.1,160,28.2,3
貯木場,2026-09-02,15,0.6,8.1,3.0,157,28.6,3
貯木場,2026-09-02,18,1.3,10.8,2.0,199,28.5,2
貯木場,2026-09-02,21,0.8,8.2,1.6,211,28.2,3
折戸,2026-09-02,00,0.5,8.1,1.5,17,27.9,0
折戸,2026-09-02,03,0.5,8.2,1.5,356,27.8,0
折戸,2026-09-02,06,0.5,8.2,1.7,350,27.8,0
折戸,2026-09-02,09,0.6,8.2,0.4,83,27.9,1
折戸,2026-09-02,12,0.6,8.1,2.1,160,28.4,3
折戸,2026-09-02,15,0.6,8.1,3.0,157,28.9,3
折戸,2026-09-02,18,1.3,10.8,2.0,199,28.6,2
折戸,2026-09-02,21,0.8,8.2,1.6,211,28.3,3
清水沖,2026-09-02,00,0.5,8.1,1.5,17,27.9,0
清水沖,2026-09-02,03,0.5,8.2,1.5,356,27.8,0
清水沖,2026-09-02,06,0.5,8.2,1.7,350,27.8,0
清水沖,2026-09-02,09,0.6,8.2,0.4,83,27.9,1
清水沖,2026-09-02,12,0.6,8.1,2.1,160,28.4,3
清水沖,2026-09-02,15,0.6,8.1,3.0,157,28.9,3
清水沖,2026-09-02,18,1.3,10.8,2.0,199,28.6,2
清水沖,2026-09-02,21,0.8,8.2,1.6,211,28.3,3
岩井富浦沖,2026-09-02,00,0.7,8.4,2.8,57,27.4,0
岩井富浦沖,2026-09-02,03,0.7,8.2,2.8,111,27.5,1
岩井富浦沖,2026-09-02,06,0.8,8.4,1.9,111,27.5,1
岩井富浦沖,2026-09-02,09,0.8,8.0,2.6,118,27.6,51
岩井富浦沖,2026-09-02,12,0.7,8.0,2.7,138,28.2,3
岩井富浦沖,2026-09-02,15,0.8,8.0,3.3,135,28.7,3
岩井富浦沖,2026-09-02,18,0.8,8.3,2.8,145,28.5,2
岩井富浦沖,2026-09-02,21,0.8,8.2,2.1,152,28.2,3
北防,2026-09-02,00,0.5,8.1,1.5,17,27.8,0
北防,2026-09-02,03,0.5,8.2,1.5,356,27.7,0
北防,2026-09-02,06,0.5,8.2,1.7,350,27.7,0
北防,2026-09-02,09,0.6,8.2,0.4,83,27.8,1
北防,2026-09-02,12,0.6,8.1,2.1,160,28.2,3
北防,2026-09-02,15,0.6,8.1,3.0,157,28.6,3
北防,2026-09-02,18,1.3,10.8,2.0,199,28.5,2
北防,2026-09-02,21,0.8,8.2,1.6,211,28.2,3
一文字堤,2026-09-02,00,0.5,8.1,1.5,17,27.9,0
一文字堤,2026-09-02,03,0.5,8.2,1.5,356,27.8,0
一文字堤,2026-09-02,06,0.5,8.2,1.7,350,27.8,0
一文字堤,2026-09-02,09,0.6,8.2,0.4,83,27.9,1
一文字堤,2026-09-02,12,0.6,8.1,2.1,160,28.4,3
一文字堤,2026-09-02,15,0.6,8.1,3.0,157,28.9,3
一文字堤,2026-09-02,18,1.3,10.8,2.0,199,28.6,2
一文字堤,2026-09-02,21,0.8,8.2,1.6,211,28.3,3
西浦沖,2026-09-02,00,0.4,8.3,2.0,109,27.3,0
西浦沖,2026-09-02,03,0.5,8.3,1.3,83,27.2,0
西浦沖,2026-09-02,06,0.5,8.4,1.4,90,27.2,2
西浦沖,2026-09-02,09,0.5,8.3,0.5,315,27.4,0
西浦沖,2026-09-02,12,0.6,8.2,1.5,257,27.9,2
西浦沖,2026-09-02,15,0.6,8.2,1.5,235,28.3,3
西浦沖,2026-09-02,18,1.1,11.1,2.2,325,28.2,3
西浦沖,2026-09-02,21,0.7,8.4,1.1,278,27.9,3
高新田前,2026-09-02,00,0.5,8.1,1.5,17,27.9,0
高新田前,2026-09-02,03,0.5,8.2,1.5,356,27.8,0
高新田前,2026-09-02,06,0.5,8.2,1.7,350,27.8,0
高新田前,2026-09-02,09,0.6,8.2,0.4,83,27.9,1
高新田前,2026-09-02,12,0.6,8.1,2.1,160,28.4,3
高新田前,2026-09-02,15,0.6,8.1,3.0,157,28.9,3
高新田前,2026-09-02,18,1.3,10.8,2.0,199,28.6,2
高新田前,2026-09-02,21,0.8,8.2,1.6,211,28.3,3
三保沖,2026-09-02,00,0.5,8.1,1.3,331,27.7,0
三保沖,2026-09-02,03,0.5,8.2,1.6,358,27.6,1
三保沖,2026-09-02,06,0.5,8.2,1.8,331,27.6,0
三保沖,2026-09-02,09,0.6,8.2,0.9,84,27.7,2
三保沖,2026-09-02,12,0.6,8.1,2.4,134,28.2,2
三保沖,2026-09-02,15,0.6,8.1,2.7,134,28.6,3
三保沖,2026-09-02,18,1.3,10.8,1.0,189,28.4,3
三保沖,2026-09-02,21,0.8,8.2,0.5,202,28.0,3
三保取入口,2026-09-02,00,0.5,8.1,1.3,331,27.7,0
三保取入口,2026-09-02,03,0.5,8.2,1.6,358,27.6,1
三保取入口,2026-09-02,06,0.5,8.2,1.8,331,27.6,0
三保取入口,2026-09-02,09,0.6,8.2,0.9,84,27.7,2
三保取入口,2026-09-02,12,0.6,8.1,2.4,134,28.2,2
三保取入口,2026-09-02,15,0.6,8.1,2.7,134,28.6,3
三保取入口,2026-09-02,18,1.3,10.8,1.0,189,28.4,3
三保取入口,2026-09-02,21,0.8,8.2,0.5,202,28.0,3
静浦沖,2026-09-02,00,0.4,8.3,1.5,75,27.3,0
静浦沖,2026-09-02,03,0.5,8.3,1.1,61,27.2,1
静浦沖,2026-09-02,06,0.5,8.4,1.6,55,27.2,0
静浦沖,2026-09-02,09,0.5,8.3,0.9,239,27.4,0
静浦沖,2026-09-02,12,0.6,8.2,2.6,251,27.9,1
静浦沖,2026-09-02,15,0.6,8.2,2.4,244,28.3,3
静浦沖,2026-09-02,18,1.1,11.1,2.5,318,28.2,3
静浦沖,2026-09-02,21,0.7,8.4,1.0,231,27.9,3
網代沖,2026-09-02,00,,,1.4,105,26.7,1
網代沖,2026-09-02,03,,,1.1,56,26.6,1
網代沖,2026-09-02,06,,,0.8,83,26.6,3
網代沖,2026-09-02,09,,,1.1,95,26.8,1
網代沖,2026-09-02,12,,,2.1,114,27.3,51
網代沖,2026-09-02,15,,,2.2,119,27.8,3
網代沖,2026-09-02,18,,,0.1,135,27.6,3
網代沖,2026-09-02,21,,,0.9,267,27.3,3
網代南沖,2026-09-02,00,0.7,8.8,1.4,59,26.7,1
網代南沖,2026-09-02,03,0.7,8.7,1.4,27,26.6,3
網代南沖,2026-09-02,06,0.8,8.7,1.2,17,26.6,1
網代南沖,2026-09-02,09,0.8,8.4,1.4,108,26.8,1
網代南沖,2026-09-02,12,0.8,8.2,2.6,124,27.3,51
網代南沖,2026-09-02,15,0.8,8.2,2.7,127,27.8,3
網代南沖,2026-09-02,18,0.8,8.4,1.0,157,27.6,3
網代南沖,2026-09-02,21,0.8,8.2,0.9,241,27.3,3
岩井沖,2026-09-02,00,0.7,8.4,2.8,57,27.4,0
岩井沖,2026-09-02,03,0.7,8.2,2.8,111,27.5,1
岩井沖,2026-09-02,06,0.8,8.4,1.9,111,27.5,1
岩井沖,2026-09-02,09,0.8,8.0,2.6,118,27.6,51
岩井沖,2026-09-02,12,0.7,8.0,2.7,138,28.2,3
岩井沖,2026-09-02,15,0.8,8.0,3.3,135,28.7,3
岩井沖,2026-09-02,18,0.8,8.3,2.8,145,28.5,2
岩井沖,2026-09-02,21,0.8,8.2,2.1,152,28.2,3
沼津沖,2026-09-02,00,0.4,8.3,2.0,109,27.3,0
沼津沖,2026-09-02,03,0.5,8.3,1.3,83,27.2,0
沼津沖,2026-09-02,06,0.5,8.4,1.4,90,27.2,2
沼津沖,2026-09-02,09,0.5,8.3,0.5,315,27.4,0
沼津沖,2026-09-02,12,0.6,8.2,1.5,257,27.9,2
沼津沖,2026-09-02,15,0.6,8.2,1.5,235,28.3,3
沼津沖,2026-09-02,18,1.1,11.1,2.2,325,28.2,3
沼津沖,2026-09-02,21,0.7,8.4,1.1,278,27.9,3
相模湾,2026-09-02,00,0.8,8.8,4.2,46,26.8,0
相模湾,2026-09-02,03,0.8,8.7,4.0,39,26.7,0
相模湾,2026-09-02,06,0.9,8.8,3.0,19,26.7,51
相模湾,2026-09-02,09,0.8,8.5,2.8,12,26.9,0
相模湾,2026-09-02,12,0.8,8.3,0.4,144,27.4,1
相模湾,2026-09-02,15,0.8,8.2,2.9,169,27.8,3
相模湾,2026-09-02,18,0.9,8.5,3.9,188,27.7,3
相模湾,2026-09-02,21,0.9,8.3,3.4,181,27.4,3
太海沖航程1時間30分,2026-09-02,00,1.1,8.6,2.7,55,27.0,0
太海沖航程1時間30分,2026-09-02,03,1.1,8.4,2.3,106,27.0,1
太海沖航程1時間30分,2026-09-02,06,1.3,8.5,1.8,100,27.0,1
太海沖航程1時間30分,2026-09-02,09,1.2,8.2,2.6,119,27.1,51
太海沖航程1時間30分,2026-09-02,12,1.2,8.1,2.5,131,27.5,51
太海沖航程1時間30分,2026-09-02,15,1.2,8.1,3.1,134,27.9,3
太海沖航程1時間30分,2026-09-02,18,1.3,8.2,2.1,144,27.8,2
太海沖航程1時間30分,2026-09-02,21,1.2,8.1,1.8,155,27.6,3
木負沖,2026-09-02,00,0.4,8.3,1.5,75,27.3,0
木負沖,2026-09-02,03,0.5,8.3,1.1,61,27.2,1
木負沖,2026-09-02,06,0.5,8.4,1.6,55,27.2,0
木負沖,2026-09-02,09,0.5,8.3,0.9,239,27.4,0
木負沖,2026-09-02,12,0.6,8.2,2.6,251,27.9,1
木負沖,2026-09-02,15,0.6,8.2,2.4,244,28.3,3
木負沖,2026-09-02,18,1.1,11.1,2.5,318,28.2,3
木負沖,2026-09-02,21,0.7,8.4,1.0,231,27.9,3
木負湾内,2026-09-02,00,0.4,8.3,1.5,75,27.3,0
木負湾内,2026-09-02,03,0.5,8.3,1.1,61,27.2,1
木負湾内,2026-09-02,06,0.5,8.4,1.6,55,27.2,0
木負湾内,2026-09-02,09,0.5,8.3,0.9,239,27.4,0
木負湾内,2026-09-02,12,0.6,8.2,2.6,251,27.9,1
木負湾内,2026-09-02,15,0.6,8.2,2.4,244,28.3,3
木負湾内,2026-09-02,18,1.1,11.1,2.5,318,28.2,3
木負湾内,2026-09-02,21,0.7,8.4,1.0,231,27.9,3
カメギ根,2026-09-02,00,0.8,8.7,3.5,42,27.0,0
カメギ根,2026-09-02,03,0.8,8.7,3.2,48,27.0,0
カメギ根,2026-09-02,06,0.9,8.8,1.9,58,27.0,51
カメギ根,2026-09-02,09,0.8,8.3,1.1,80,27.1,0
カメギ根,2026-09-02,12,0.8,8.2,3.2,147,27.6,1
カメギ根,2026-09-02,15,0.8,8.2,3.5,170,28.1,3
カメギ根,2026-09-02,18,0.9,8.4,3.6,172,28.0,3
カメギ根,2026-09-02,21,0.9,8.3,3.5,165,27.7,3
保田沖,2026-09-02,00,0.7,8.6,2.5,74,27.5,0
保田沖,2026-09-02,03,0.7,8.4,2.4,100,27.5,0
保田沖,2026-09-02,06,0.8,8.6,1.9,93,27.5,0
保田沖,2026-09-02,09,0.8,8.2,1.6,139,27.7,51
保田沖,2026-09-02,12,0.8,8.1,1.9,226,28.3,51
保田沖,2026-09-02,15,0.8,8.2,2.5,168,28.7,3
保田沖,2026-09-02,18,0.9,8.4,1.8,159,28.6,3
保田沖,2026-09-02,21,0.9,8.3,2.0,157,28.2,3
大沢沖前後,2026-09-02,00,1.3,8.9,2.6,50,26.9,0
大沢沖前後,2026-09-02,03,1.3,8.7,2.2,113,26.9,1
大沢沖前後,2026-09-02,06,1.5,8.8,1.8,117,26.9,1
大沢沖前後,2026-09-02,09,1.4,8.6,2.9,123,27.0,51
大沢沖前後,2026-09-02,12,1.3,8.4,3.1,131,27.9,2
大沢沖前後,2026-09-02,15,1.3,8.4,2.8,135,28.7,3
大沢沖前後,2026-09-02,18,1.4,8.4,2.1,157,28.7,2
大沢沖前後,2026-09-02,21,1.4,8.3,2.2,170,28.5,3
勝浦沖航程1時間30分,2026-09-02,00,1.6,8.7,1.5,72,28.4,1
勝浦沖航程1時間30分,2026-09-02,03,1.6,8.5,2.4,131,28.2,2
勝浦沖航程1時間30分,2026-09-02,06,1.7,8.7,1.6,131,27.9,51
勝浦沖航程1時間30分,2026-09-02,09,1.7,8.4,2.6,133,27.9,51
勝浦沖航程1時間30分,2026-09-02,12,1.6,8.3,3.0,136,28.5,2
勝浦沖航程1時間30分,2026-09-02,15,1.6,8.2,2.2,149,29.2,3
勝浦沖航程1時間30分,2026-09-02,18,1.6,8.3,2.1,156,29.2,2
勝浦沖航程1時間30分,2026-09-02,21,1.6,8.1,2.4,173,29.1,3
由比沖,2026-09-02,00,0.4,8.2,1.0,346,28.1,0
由比沖,2026-09-02,03,0.4,8.2,1.2,360,28.0,1
由比沖,2026-09-02,06,0.4,8.2,1.3,360,27.9,0
由比沖,2026-09-02,09,0.5,8.2,1.0,189,28.0,0
由比沖,2026-09-02,12,0.5,8.2,1.2,170,28.5,1
由比沖,2026-09-02,15,0.5,8.2,1.6,214,28.9,3
由比沖,2026-09-02,18,1.1,11.3,0.6,360,28.7,3
由比沖,2026-09-02,21,0.7,8.4,0.8,169,28.4,3
由比港周辺,2026-09-02,00,0.4,8.2,1.0,346,28.1,0
由比港周辺,2026-09-02,03,0.4,8.2,1.2,360,28.0,1
由比港周辺,2026-09-02,06,0.4,8.2,1.3,360,27.9,0
由比港周辺,2026-09-02,09,0.5,8.2,1.0,189,28.0,0
由比港周辺,2026-09-02,12,0.5,8.2,1.2,170,28.5,1
由比港周辺,2026-09-02,15,0.5,8.2,1.6,214,28.9,3
由比港周辺,2026-09-02,18,1.1,11.3,0.6,360,28.7,3
由比港周辺,2026-09-02,21,0.7,8.4,0.8,169,28.4,3
岩船沖,2026-09-02,00,1.1,8.6,2.5,61,27.0,0
岩船沖,2026-09-02,03,1.1,8.4,2.0,104,27.0,1
岩船沖,2026-09-02,06,1.3,8.5,1.8,105,27.0,0
岩船沖,2026-09-02,09,1.2,8.2,2.6,123,27.1,51
岩船沖,2026-09-02,12,1.2,8.1,2.9,138,27.5,3
岩船沖,2026-09-02,15,1.2,8.1,3.1,133,27.9,3
岩船沖,2026-09-02,18,1.3,8.2,1.5,154,27.8,2
岩船沖,2026-09-02,21,1.2,8.1,1.9,162,27.6,3
小湊沖,2026-09-02,00,1.1,8.8,2.6,50,27.1,0
小湊沖,2026-09-02,03,1.1,8.5,2.2,113,27.1,1
小湊沖,2026-09-02,06,1.2,8.7,1.8,117,27.1,1
小湊沖,2026-09-02,09,1.2,8.2,2.9,123,27.2,51
小湊沖,2026-09-02,12,1.1,8.2,3.1,131,27.5,2
小湊沖,2026-09-02,15,1.1,8.2,2.8,135,27.9,3
小湊沖,2026-09-02,18,1.1,8.2,2.1,157,27.8,2
小湊沖,2026-09-02,21,1.1,8.1,2.2,170,27.7,3
太海沖,2026-09-02,00,0.5,8.3,2.5,74,27.0,0
太海沖,2026-09-02,03,0.5,8.3,2.4,100,27.0,0
太海沖,2026-09-02,06,0.6,8.5,1.9,93,27.0,0
太海沖,2026-09-02,09,0.6,8.1,1.6,139,27.2,51
太海沖,2026-09-02,12,0.6,8.0,1.9,226,27.7,51
太海沖,2026-09-02,15,0.6,8.1,2.5,168,28.1,3
太海沖,2026-09-02,18,0.6,8.2,1.8,159,28.0,3
太海沖,2026-09-02,21,0.6,8.2,2.0,157,27.7,3
鴨川沖前後,2026-09-02,00,0.9,8.6,2.6,50,27.0,0
鴨川沖前後,2026-09-02,03,0.9,8.2,2.2,113,27.0,1
鴨川沖前後,2026-09-02,06,1.1,8.4,1.8,117,27.0,1
鴨川沖前後,2026-09-02,09,1.0,8.0,2.9,123,27.1,51
鴨川沖前後,2026-09-02,12,1.0,7.8,3.1,131,27.4,2
鴨川沖前後,2026-09-02,15,0.9,7.8,2.8,135,27.6,3
鴨川沖前後,2026-09-02,18,1.0,8.0,2.1,157,27.5,2
鴨川沖前後,2026-09-02,21,1.0,7.8,2.2,170,27.4,3
岩和田沖,2026-09-02,00,1.4,8.9,1.5,72,27.3,1
岩和田沖,2026-09-02,03,1.4,8.7,2.4,131,27.3,2
岩和田沖,2026-09-02,06,1.5,8.9,1.6,131,27.3,51
岩和田沖,2026-09-02,09,1.5,8.6,2.6,133,27.4,51
岩和田沖,2026-09-02,12,1.4,8.4,3.0,136,27.7,2
岩和田沖,2026-09-02,15,1.4,8.4,2.2,149,28.1,3
岩和田沖,2026-09-02,18,1.4,8.4,2.1,156,28.0,2
岩和田沖,2026-09-02,21,1.4,8.2,2.4,173,27.9,3
城ヶ島西沖,2026-09-02,00,0.6,8.8,3.5,42,26.8,0
城ヶ島西沖,2026-09-02,03,0.6,8.7,3.2,48,26.8,0
城ヶ島西沖,2026-09-02,06,0.7,8.8,1.9,58,26.8,51
城ヶ島西沖,2026-09-02,09,0.7,8.3,1.1,80,27.0,0
城ヶ島西沖,2026-09-02,12,0.7,8.2,3.2,147,27.5,1
城ヶ島西沖,2026-09-02,15,0.7,8.2,3.5,170,27.9,3
城ヶ島西沖,2026-09-02,18,0.7,8.3,3.6,172,27.8,3
城ヶ島西沖,2026-09-02,21,0.7,8.3,3.5,165,27.5,3
城ヶ島沖,2026-09-02,00,0.6,8.6,3.3,46,26.9,0
城ヶ島沖,2026-09-02,03,0.6,8.6,2.8,63,26.9,0
城ヶ島沖,2026-09-02,06,0.7,8.7,2.0,84,27.0,51
城ヶ島沖,2026-09-02,09,0.7,8.2,1.2,114,27.2,0
城ヶ島沖,2026-09-02,12,0.7,8.2,2.4,219,27.8,1
城ヶ島沖,2026-09-02,15,0.7,8.2,3.9,179,28.2,3
城ヶ島沖,2026-09-02,18,0.7,8.3,3.8,167,28.0,3
城ヶ島沖,2026-09-02,21,0.7,8.3,3.6,167,27.7,3
大貫沖～富浦沖,2026-09-02,00,0.5,8.3,2.5,74,27.2,0
大貫沖～富浦沖,2026-09-02,03,0.5,8.3,2.4,100,27.3,0
大貫沖～富浦沖,2026-09-02,06,0.6,8.5,1.9,93,27.4,0
大貫沖～富浦沖,2026-09-02,09,0.6,8.1,1.6,139,27.7,51
大貫沖～富浦沖,2026-09-02,12,0.6,8.0,1.9,226,28.2,51
大貫沖～富浦沖,2026-09-02,15,0.6,8.1,2.5,168,28.7,3
大貫沖～富浦沖,2026-09-02,18,0.6,8.2,1.8,159,28.5,3
大貫沖～富浦沖,2026-09-02,21,0.6,8.2,2.0,157,28.2,3
御宿沖,2026-09-02,00,1.4,8.9,1.5,72,27.3,1
御宿沖,2026-09-02,03,1.4,8.7,2.4,131,27.3,2
御宿沖,2026-09-02,06,1.5,8.9,1.6,131,27.3,51
御宿沖,2026-09-02,09,1.5,8.6,2.6,133,27.4,51
御宿沖,2026-09-02,12,1.4,8.4,3.0,136,27.7,2
御宿沖,2026-09-02,15,1.4,8.4,2.2,149,28.1,3
御宿沖,2026-09-02,18,1.4,8.4,2.1,156,28.0,2
御宿沖,2026-09-02,21,1.4,8.2,2.4,173,27.9,3
興津港沖,2026-09-02,00,1.4,8.9,1.5,72,27.3,1
興津港沖,2026-09-02,03,1.4,8.7,2.4,131,27.3,2
興津港沖,2026-09-02,06,1.5,8.9,1.6,131,27.3,51
興津港沖,2026-09-02,09,1.5,8.6,2.6,133,27.4,51
興津港沖,2026-09-02,12,1.4,8.4,3.0,136,27.7,2
興津港沖,2026-09-02,15,1.4,8.4,2.2,149,28.1,3
興津港沖,2026-09-02,18,1.4,8.4,2.1,156,28.0,2
興津港沖,2026-09-02,21,1.4,8.2,2.4,173,27.9,3
烏帽子沖,2026-09-02,00,0.6,8.6,3.3,46,26.9,0
烏帽子沖,2026-09-02,03,0.6,8.6,2.8,63,26.9,0
烏帽子沖,2026-09-02,06,0.7,8.7,2.0,84,27.0,51
烏帽子沖,2026-09-02,09,0.7,8.2,1.2,114,27.2,0
烏帽子沖,2026-09-02,12,0.7,8.2,2.4,219,27.8,1
烏帽子沖,2026-09-02,15,0.7,8.2,3.9,179,28.2,3
烏帽子沖,2026-09-02,18,0.7,8.3,3.8,167,28.0,3
烏帽子沖,2026-09-02,21,0.7,8.3,3.6,167,27.7,3
諸磯沖,2026-09-02,00,0.6,8.6,3.3,46,26.9,0
諸磯沖,2026-09-02,03,0.6,8.6,2.8,63,26.9,0
諸磯沖,2026-09-02,06,0.7,8.7,2.0,84,27.0,51
諸磯沖,2026-09-02,09,0.7,8.2,1.2,114,27.2,0
諸磯沖,2026-09-02,12,0.7,8.2,2.4,219,27.8,1
諸磯沖,2026-09-02,15,0.7,8.2,3.9,179,28.2,3
諸磯沖,2026-09-02,18,0.7,8.3,3.8,167,28.0,3
諸磯沖,2026-09-02,21,0.7,8.3,3.6,167,27.7,3
剣崎沖,2026-09-02,00,0.6,8.6,3.3,46,26.9,0
剣崎沖,2026-09-02,03,0.6,8.6,2.8,63,26.9,0
剣崎沖,2026-09-02,06,0.7,8.7,2.0,84,27.0,51
剣崎沖,2026-09-02,09,0.7,8.2,1.2,114,27.2,0
剣崎沖,2026-09-02,12,0.7,8.2,2.4,219,27.8,1
剣崎沖,2026-09-02,15,0.7,8.2,3.9,179,28.2,3
剣崎沖,2026-09-02,18,0.7,8.3,3.8,167,28.0,3
剣崎沖,2026-09-02,21,0.7,8.3,3.6,167,27.7,3
勝浦灯台沖航程20分,2026-09-02,00,1.3,8.9,1.5,72,27.0,1
勝浦灯台沖航程20分,2026-09-02,03,1.3,8.7,2.4,131,27.0,2
勝浦灯台沖航程20分,2026-09-02,06,1.4,8.8,1.6,131,27.0,51
勝浦灯台沖航程20分,2026-09-02,09,1.3,8.5,2.6,133,27.2,51
勝浦灯台沖航程20分,2026-09-02,12,1.3,8.3,3.0,136,27.6,2
勝浦灯台沖航程20分,2026-09-02,15,1.2,8.3,2.2,149,28.0,3
勝浦灯台沖航程20分,2026-09-02,18,1.3,8.3,2.1,156,28.1,2
勝浦灯台沖航程20分,2026-09-02,21,1.3,8.2,2.4,173,28.0,3
勝浦沖航程30分,2026-09-02,00,1.4,8.9,1.5,72,27.3,1
勝浦沖航程30分,2026-09-02,03,1.4,8.7,2.4,131,27.3,2
勝浦沖航程30分,2026-09-02,06,1.5,8.9,1.6,131,27.3,51
勝浦沖航程30分,2026-09-02,09,1.5,8.6,2.6,133,27.4,51
勝浦沖航程30分,2026-09-02,12,1.4,8.4,3.0,136,27.7,2
勝浦沖航程30分,2026-09-02,15,1.4,8.4,2.2,149,28.1,3
勝浦沖航程30分,2026-09-02,18,1.4,8.4,2.1,156,28.0,2
勝浦沖航程30分,2026-09-02,21,1.4,8.2,2.4,173,27.9,3
田子の浦沖,2026-09-02,00,0.4,8.2,1.0,346,28.1,0
田子の浦沖,2026-09-02,03,0.4,8.2,1.2,360,28.0,1
田子の浦沖,2026-09-02,06,0.4,8.2,1.3,360,27.9,0
田子の浦沖,2026-09-02,09,0.5,8.2,1.0,189,28.0,0
田子の浦沖,2026-09-02,12,0.5,8.2,1.2,170,28.5,1
田子の浦沖,2026-09-02,15,0.5,8.2,1.6,214,28.9,3
田子の浦沖,2026-09-02,18,1.1,11.3,0.6,360,28.7,3
田子の浦沖,2026-09-02,21,0.7,8.4,0.8,169,28.4,3
富士川沖,2026-09-02,00,0.4,8.2,1.0,346,27.7,0
富士川沖,2026-09-02,03,0.4,8.2,1.2,360,27.7,1
富士川沖,2026-09-02,06,0.4,8.2,1.3,360,27.6,0
富士川沖,2026-09-02,09,0.5,8.2,1.0,189,27.8,0
富士川沖,2026-09-02,12,0.5,8.2,1.2,170,28.3,1
富士川沖,2026-09-02,15,0.5,8.2,1.6,214,28.8,3
富士川沖,2026-09-02,18,1.1,11.3,0.6,360,28.7,3
富士川沖,2026-09-02,21,0.7,8.4,0.8,169,28.4,3
かんねこ,2026-09-02,00,0.5,8.3,2.5,74,27.0,0
かんねこ,2026-09-02,03,0.5,8.3,2.4,100,27.0,0
かんねこ,2026-09-02,06,0.6,8.5,1.9,93,27.0,0
かんねこ,2026-09-02,09,0.6,8.1,1.6,139,27.2,51
かんねこ,2026-09-02,12,0.6,8.0,1.9,226,27.7,51
かんねこ,2026-09-02,15,0.6,8.1,2.5,168,28.1,3
かんねこ,2026-09-02,18,0.6,8.2,1.8,159,28.0,3
かんねこ,2026-09-02,21,0.6,8.2,2.0,157,27.7,3
海中公園沖,2026-09-02,00,1.4,8.9,1.5,72,27.3,1
海中公園沖,2026-09-02,03,1.4,8.7,2.4,131,27.3,2
海中公園沖,2026-09-02,06,1.5,8.9,1.6,131,27.3,51
海中公園沖,2026-09-02,09,1.5,8.6,2.6,133,27.4,51
海中公園沖,2026-09-02,12,1.4,8.4,3.0,136,27.7,2
海中公園沖,2026-09-02,15,1.4,8.4,2.2,149,28.1,3
海中公園沖,2026-09-02,18,1.4,8.4,2.1,156,28.0,2
海中公園沖,2026-09-02,21,1.4,8.2,2.4,173,27.9,3
真鶴西沖,2026-09-02,00,0.6,8.8,0.8,35,26.9,1
真鶴西沖,2026-09-02,03,0.6,8.7,1.4,6,26.7,0
真鶴西沖,2026-09-02,06,0.7,8.7,1.5,333,26.8,1
真鶴西沖,2026-09-02,09,0.7,8.4,1.8,99,27.0,3
真鶴西沖,2026-09-02,12,0.7,8.2,2.1,130,27.5,2
真鶴西沖,2026-09-02,15,0.7,8.2,2.3,145,27.9,3
真鶴西沖,2026-09-02,18,0.7,8.2,1.0,160,27.7,3
真鶴西沖,2026-09-02,21,0.7,8.1,1.0,203,27.3,3
真鶴沖,2026-09-02,00,0.6,8.8,0.8,35,26.9,1
真鶴沖,2026-09-02,03,0.6,8.7,1.4,6,26.7,0
真鶴沖,2026-09-02,06,0.7,8.7,1.5,333,26.8,1
真鶴沖,2026-09-02,09,0.7,8.4,1.8,99,27.0,3
真鶴沖,2026-09-02,12,0.7,8.2,2.1,130,27.5,2
真鶴沖,2026-09-02,15,0.7,8.2,2.3,145,27.9,3
真鶴沖,2026-09-02,18,0.7,8.2,1.0,160,27.7,3
真鶴沖,2026-09-02,21,0.7,8.1,1.0,203,27.3,3
勝浦灯台沖,2026-09-02,00,1.3,8.9,1.5,72,27.0,1
勝浦灯台沖,2026-09-02,03,1.3,8.7,2.4,131,27.0,2
勝浦灯台沖,2026-09-02,06,1.4,8.8,1.6,131,27.0,51
勝浦灯台沖,2026-09-02,09,1.3,8.5,2.6,133,27.2,51
勝浦灯台沖,2026-09-02,12,1.3,8.3,3.0,136,27.6,2
勝浦灯台沖,2026-09-02,15,1.2,8.3,2.2,149,28.0,3
勝浦灯台沖,2026-09-02,18,1.3,8.3,2.1,156,28.1,2
勝浦灯台沖,2026-09-02,21,1.3,8.2,2.4,173,28.0,3
勝浦沖,2026-09-02,00,1.3,8.9,1.5,72,27.0,1
勝浦沖,2026-09-02,03,1.3,8.7,2.4,131,27.0,2
勝浦沖,2026-09-02,06,1.4,8.8,1.6,131,27.0,51
勝浦沖,2026-09-02,09,1.3,8.5,2.6,133,27.2,51
勝浦沖,2026-09-02,12,1.3,8.3,3.0,136,27.6,2
勝浦沖,2026-09-02,15,1.2,8.3,2.2,149,28.0,3
勝浦沖,2026-09-02,18,1.3,8.3,2.1,156,28.1,2
勝浦沖,2026-09-02,21,1.3,8.2,2.4,173,28.0,3
富士山根,2026-09-02,00,0.5,8.6,2.2,40,26.9,1
富士山根,2026-09-02,03,0.5,8.6,1.6,40,26.9,0
富士山根,2026-09-02,06,0.6,8.7,1.2,28,26.9,0
富士山根,2026-09-02,09,0.6,8.2,1.4,152,27.0,51
富士山根,2026-09-02,12,0.6,8.1,2.8,205,27.6,1
富士山根,2026-09-02,15,0.6,8.2,3.2,202,28.1,3
富士山根,2026-09-02,18,0.6,8.2,3.1,186,27.9,3
富士山根,2026-09-02,21,0.6,8.4,2.7,178,27.5,3
川津沖,2026-09-02,00,1.3,8.8,1.4,90,27.3,1
川津沖,2026-09-02,03,1.3,8.6,2.4,134,27.3,2
川津沖,2026-09-02,06,1.4,8.8,1.7,139,27.3,2
川津沖,2026-09-02,09,1.3,8.4,2.5,119,27.4,51
川津沖,2026-09-02,12,1.2,8.3,3.3,129,27.7,2
川津沖,2026-09-02,15,1.2,8.3,2.6,144,28.1,3
川津沖,2026-09-02,18,1.2,8.2,2.2,171,28.0,2
川津沖,2026-09-02,21,1.2,8.2,2.5,177,27.9,3
下浦沖,2026-09-02,00,0.4,8.2,2.2,40,27.0,1
下浦沖,2026-09-02,03,0.4,8.1,1.6,40,26.9,0
下浦沖,2026-09-02,06,0.5,8.2,1.2,28,26.9,0
下浦沖,2026-09-02,09,0.5,7.8,1.4,152,27.1,51
下浦沖,2026-09-02,12,0.5,7.8,2.8,205,27.6,1
下浦沖,2026-09-02,15,0.5,7.8,3.2,202,28.1,3
下浦沖,2026-09-02,18,0.5,8.0,3.1,186,27.9,3
下浦沖,2026-09-02,21,0.5,8.2,2.7,178,27.6,3
興津沖,2026-09-02,00,1.3,8.8,1.4,90,27.3,1
興津沖,2026-09-02,03,1.3,8.6,2.4,134,27.3,2
興津沖,2026-09-02,06,1.4,8.8,1.7,139,27.3,2
興津沖,2026-09-02,09,1.3,8.4,2.5,119,27.4,51
興津沖,2026-09-02,12,1.2,8.3,3.3,129,27.7,2
興津沖,2026-09-02,15,1.2,8.3,2.6,144,28.1,3
興津沖,2026-09-02,18,1.2,8.2,2.2,171,28.0,2
興津沖,2026-09-02,21,1.2,8.2,2.5,177,27.9,3
長井西沖,2026-09-02,00,0.5,8.6,2.2,40,26.9,1
長井西沖,2026-09-02,03,0.5,8.6,1.6,40,26.9,0
長井西沖,2026-09-02,06,0.6,8.7,1.2,28,26.9,0
長井西沖,2026-09-02,09,0.6,8.2,1.4,152,27.0,51
長井西沖,2026-09-02,12,0.6,8.1,2.8,205,27.6,1
長井西沖,2026-09-02,15,0.6,8.2,3.2,202,28.1,3
長井西沖,2026-09-02,18,0.6,8.2,3.1,186,27.9,3
長井西沖,2026-09-02,21,0.6,8.4,2.7,178,27.5,3
長井沖,2026-09-02,00,0.4,8.2,2.2,40,26.9,1
長井沖,2026-09-02,03,0.5,8.2,1.6,40,26.9,0
長井沖,2026-09-02,06,0.5,8.3,1.2,28,26.9,0
長井沖,2026-09-02,09,0.5,7.9,1.4,152,27.1,51
長井沖,2026-09-02,12,0.5,7.8,2.8,205,27.7,1
長井沖,2026-09-02,15,0.5,7.9,3.2,202,28.2,3
長井沖,2026-09-02,18,0.6,8.1,3.1,186,28.0,3
長井沖,2026-09-02,21,0.6,8.2,2.7,178,27.6,3
三戸浜沖,2026-09-02,00,0.4,8.2,2.2,40,26.9,1
三戸浜沖,2026-09-02,03,0.5,8.2,1.6,40,26.9,0
三戸浜沖,2026-09-02,06,0.5,8.3,1.2,28,26.9,0
三戸浜沖,2026-09-02,09,0.5,7.9,1.4,152,27.1,51
三戸浜沖,2026-09-02,12,0.5,7.8,2.8,205,27.7,1
三戸浜沖,2026-09-02,15,0.5,7.9,3.2,202,28.2,3
三戸浜沖,2026-09-02,18,0.6,8.1,3.1,186,28.0,3
三戸浜沖,2026-09-02,21,0.6,8.2,2.7,178,27.6,3
金谷沖,2026-09-02,00,0.4,8.1,2.2,40,27.0,1
金谷沖,2026-09-02,03,0.4,8.1,1.6,40,26.8,0
金谷沖,2026-09-02,06,0.4,8.2,1.2,28,26.9,0
金谷沖,2026-09-02,09,0.4,7.9,1.4,152,27.2,51
金谷沖,2026-09-02,12,0.4,7.8,2.8,205,27.8,1
金谷沖,2026-09-02,15,0.4,7.9,3.2,202,28.2,3
金谷沖,2026-09-02,18,0.5,8.1,3.1,186,28.1,3
金谷沖,2026-09-02,21,0.5,8.2,2.7,178,27.7,3
佐島沖,2026-09-02,00,0.4,8.2,2.2,40,26.9,1
佐島沖,2026-09-02,03,0.5,8.2,1.6,40,26.9,0
佐島沖,2026-09-02,06,0.5,8.3,1.2,28,26.9,0
佐島沖,2026-09-02,09,0.5,7.9,1.4,152,27.1,51
佐島沖,2026-09-02,12,0.5,7.8,2.8,205,27.7,1
佐島沖,2026-09-02,15,0.5,7.9,3.2,202,28.2,3
佐島沖,2026-09-02,18,0.6,8.1,3.1,186,28.0,3
佐島沖,2026-09-02,21,0.6,8.2,2.7,178,27.6,3
小田原南沖,2026-09-02,00,0.5,8.8,0.8,35,27.0,1
小田原南沖,2026-09-02,03,0.5,8.7,1.4,6,26.9,0
小田原南沖,2026-09-02,06,0.6,8.6,1.5,333,26.9,1
小田原南沖,2026-09-02,09,0.6,8.4,1.8,99,27.0,3
小田原南沖,2026-09-02,12,0.6,8.2,2.1,130,27.5,2
小田原南沖,2026-09-02,15,0.6,8.1,2.3,145,27.9,3
小田原南沖,2026-09-02,18,0.6,8.2,1.0,160,27.8,3
小田原南沖,2026-09-02,21,0.6,8.2,1.0,203,27.5,3
瀬の海,2026-09-02,00,0.5,8.8,1.6,59,27.0,1
瀬の海,2026-09-02,03,0.5,8.7,0.9,18,27.0,1
瀬の海,2026-09-02,06,0.6,8.7,1.2,348,27.0,0
瀬の海,2026-09-02,09,0.6,8.4,0.6,219,27.1,0
瀬の海,2026-09-02,12,0.6,8.2,2.8,200,27.5,1
瀬の海,2026-09-02,15,0.6,8.2,2.5,213,27.9,2
瀬の海,2026-09-02,18,0.6,8.2,2.6,217,27.7,2
瀬の海,2026-09-02,21,0.7,8.3,1.5,191,27.4,3
秋谷沖,2026-09-02,00,0.5,8.6,2.2,40,26.9,1
秋谷沖,2026-09-02,03,0.5,8.6,1.6,40,26.9,0
秋谷沖,2026-09-02,06,0.6,8.7,1.2,28,26.9,0
秋谷沖,2026-09-02,09,0.6,8.2,1.4,152,27.0,51
秋谷沖,2026-09-02,12,0.6,8.1,2.8,205,27.6,1
秋谷沖,2026-09-02,15,0.6,8.2,3.2,202,28.1,3
秋谷沖,2026-09-02,18,0.6,8.2,3.1,186,27.9,3
秋谷沖,2026-09-02,21,0.6,8.4,2.7,178,27.5,3
竹岡沖,2026-09-02,00,0.4,8.1,2.2,71,27.0,0
竹岡沖,2026-09-02,03,0.4,8.1,1.2,76,26.8,1
竹岡沖,2026-09-02,06,0.4,8.2,1.6,101,26.9,1
竹岡沖,2026-09-02,09,0.4,7.9,0.3,225,27.2,0
竹岡沖,2026-09-02,12,0.4,7.8,1.6,263,27.8,1
竹岡沖,2026-09-02,15,0.4,7.9,1.6,237,28.2,3
竹岡沖,2026-09-02,18,0.5,8.1,2.9,193,28.1,3
竹岡沖,2026-09-02,21,0.5,8.2,2.2,181,27.7,3
部原沖,2026-09-02,00,1.3,8.9,1.5,72,27.0,1
部原沖,2026-09-02,03,1.3,8.7,2.4,131,27.0,2
部原沖,2026-09-02,06,1.4,8.8,1.6,131,27.0,51
部原沖,2026-09-02,09,1.3,8.5,2.6,133,27.2,51
部原沖,2026-09-02,12,1.3,8.3,3.0,136,27.6,2
部原沖,2026-09-02,15,1.2,8.3,2.2,149,28.0,3
部原沖,2026-09-02,18,1.3,8.3,2.1,156,28.1,2
部原沖,2026-09-02,21,1.3,8.2,2.4,173,28.0,3
小田原西沖,2026-09-02,00,0.5,8.8,0.8,35,27.0,1
小田原西沖,2026-09-02,03,0.5,8.7,1.4,6,26.9,0
小田原西沖,2026-09-02,06,0.6,8.6,1.5,333,26.9,1
小田原西沖,2026-09-02,09,0.6,8.4,1.8,99,27.0,3
小田原西沖,2026-09-02,12,0.6,8.2,2.1,130,27.5,2
小田原西沖,2026-09-02,15,0.6,8.1,2.3,145,27.9,3
小田原西沖,2026-09-02,18,0.6,8.2,1.0,160,27.8,3
小田原西沖,2026-09-02,21,0.6,8.2,1.0,203,27.5,3
小田原沖,2026-09-02,00,0.5,8.8,0.8,35,27.0,1
小田原沖,2026-09-02,03,0.5,8.7,1.4,6,26.9,0
小田原沖,2026-09-02,06,0.6,8.6,1.5,333,26.9,1
小田原沖,2026-09-02,09,0.6,8.4,1.8,99,27.0,3
小田原沖,2026-09-02,12,0.6,8.2,2.1,130,27.5,2
小田原沖,2026-09-02,15,0.6,8.1,2.3,145,27.9,3
小田原沖,2026-09-02,18,0.6,8.2,1.0,160,27.8,3
小田原沖,2026-09-02,21,0.6,8.2,1.0,203,27.5,3
小田原東沖,2026-09-02,00,0.5,8.8,0.8,35,27.0,1
小田原東沖,2026-09-02,03,0.5,8.7,1.4,6,26.9,0
小田原東沖,2026-09-02,06,0.6,8.6,1.5,333,26.9,1
小田原東沖,2026-09-02,09,0.6,8.4,1.8,99,27.0,3
小田原東沖,2026-09-02,12,0.6,8.2,2.1,130,27.5,2
小田原東沖,2026-09-02,15,0.6,8.1,2.3,145,27.9,3
小田原東沖,2026-09-02,18,0.6,8.2,1.0,160,27.8,3
小田原東沖,2026-09-02,21,0.6,8.2,1.0,203,27.5,3
久里浜沖,2026-09-02,00,0.4,8.2,2.2,40,27.0,1
久里浜沖,2026-09-02,03,0.4,8.1,1.6,40,26.9,0
久里浜沖,2026-09-02,06,0.5,8.2,1.2,28,26.9,0
久里浜沖,2026-09-02,09,0.5,7.8,1.4,152,27.1,51
久里浜沖,2026-09-02,12,0.5,7.8,2.8,205,27.6,1
久里浜沖,2026-09-02,15,0.5,7.8,3.2,202,28.1,3
久里浜沖,2026-09-02,18,0.5,8.0,3.1,186,27.9,3
久里浜沖,2026-09-02,21,0.5,8.2,2.7,178,27.6,3
国府津沖,2026-09-02,00,0.5,8.8,0.5,32,27.0,0
国府津沖,2026-09-02,03,0.5,8.7,0.8,343,26.9,0
国府津沖,2026-09-02,06,0.6,8.6,1.6,322,26.9,1
国府津沖,2026-09-02,09,0.6,8.4,0.8,122,27.0,0
国府津沖,2026-09-02,12,0.6,8.2,2.5,168,27.5,2
国府津沖,2026-09-02,15,0.6,8.1,2.6,175,27.9,2
国府津沖,2026-09-02,18,0.6,8.2,1.3,203,27.8,3
国府津沖,2026-09-02,21,0.6,8.2,0.7,203,27.5,3
葉山南沖,2026-09-02,00,0.4,8.4,2.2,40,27.3,1
葉山南沖,2026-09-02,03,0.4,8.3,1.6,40,27.2,0
葉山南沖,2026-09-02,06,0.4,8.3,1.2,28,27.2,0
葉山南沖,2026-09-02,09,0.5,8.2,1.4,152,27.2,51
葉山南沖,2026-09-02,12,0.4,8.0,2.8,205,27.7,1
葉山南沖,2026-09-02,15,0.5,8.1,3.2,202,28.2,3
葉山南沖,2026-09-02,18,0.5,8.2,3.1,186,28.0,3
葉山南沖,2026-09-02,21,0.5,8.4,2.7,178,27.7,3
エボシ沖,2026-09-02,00,0.4,8.4,2.2,40,27.3,1
エボシ沖,2026-09-02,03,0.4,8.3,1.6,40,27.2,0
エボシ沖,2026-09-02,06,0.4,8.3,1.2,28,27.2,0
エボシ沖,2026-09-02,09,0.5,8.2,1.4,152,27.2,51
エボシ沖,2026-09-02,12,0.4,8.0,2.8,205,27.7,1
エボシ沖,2026-09-02,15,0.5,8.1,3.2,202,28.2,3
エボシ沖,2026-09-02,18,0.5,8.2,3.1,186,28.0,3
エボシ沖,2026-09-02,21,0.5,8.4,2.7,178,27.7,3
観音崎沖ｍ,2026-09-02,00,0.3,7.8,2.2,40,27.4,1
観音崎沖ｍ,2026-09-02,03,0.3,7.8,1.6,40,27.2,0
観音崎沖ｍ,2026-09-02,06,0.3,7.8,1.2,28,27.2,0
観音崎沖ｍ,2026-09-02,09,0.3,7.5,1.4,152,27.3,51
観音崎沖ｍ,2026-09-02,12,0.3,7.5,2.8,205,27.7,1
観音崎沖ｍ,2026-09-02,15,0.3,7.5,3.2,202,28.1,3
観音崎沖ｍ,2026-09-02,18,0.4,7.7,3.1,186,27.8,3
観音崎沖ｍ,2026-09-02,21,0.4,8.0,2.7,178,27.4,3
浦賀沖,2026-09-02,00,0.3,7.8,2.2,40,27.4,1
浦賀沖,2026-09-02,03,0.3,7.8,1.6,40,27.2,0
浦賀沖,2026-09-02,06,0.3,7.8,1.2,28,27.2,0
浦賀沖,2026-09-02,09,0.3,7.5,1.4,152,27.3,51
浦賀沖,2026-09-02,12,0.3,7.5,2.8,205,27.7,1
浦賀沖,2026-09-02,15,0.3,7.5,3.2,202,28.1,3
浦賀沖,2026-09-02,18,0.4,7.7,3.1,186,27.8,3
浦賀沖,2026-09-02,21,0.4,8.0,2.7,178,27.4,3
鎌倉沖,2026-09-02,00,0.4,8.4,1.8,63,27.3,1
鎌倉沖,2026-09-02,03,0.4,8.3,1.4,54,27.2,1
鎌倉沖,2026-09-02,06,0.4,8.3,0.9,360,27.2,0
鎌倉沖,2026-09-02,09,0.5,8.2,1.0,207,27.2,1
鎌倉沖,2026-09-02,12,0.4,8.0,2.2,200,27.7,2
鎌倉沖,2026-09-02,15,0.5,8.1,2.0,210,28.2,3
鎌倉沖,2026-09-02,18,0.5,8.2,2.3,211,28.0,2
鎌倉沖,2026-09-02,21,0.5,8.4,1.9,171,27.7,3
葉山沖,2026-09-02,00,0.4,8.4,1.6,64,27.3,0
葉山沖,2026-09-02,03,0.4,8.3,1.5,55,27.2,0
葉山沖,2026-09-02,06,0.4,8.3,0.7,13,27.2,1
葉山沖,2026-09-02,09,0.5,8.2,1.2,148,27.2,51
葉山沖,2026-09-02,12,0.4,8.0,2.6,171,27.7,51
葉山沖,2026-09-02,15,0.5,8.1,2.5,182,28.2,3
葉山沖,2026-09-02,18,0.5,8.2,2.7,193,28.0,51
葉山沖,2026-09-02,21,0.5,8.4,2.5,178,27.7,3
大貫沖,2026-09-02,00,0.3,7.8,2.2,71,27.0,0
大貫沖,2026-09-02,03,0.3,7.8,1.2,76,26.8,1
大貫沖,2026-09-02,06,0.3,7.7,1.6,101,26.8,1
大貫沖,2026-09-02,09,0.3,7.6,0.3,225,27.0,0
大貫沖,2026-09-02,12,0.3,7.5,1.6,263,27.6,1
大貫沖,2026-09-02,15,0.3,7.6,1.6,237,28.0,3
大貫沖,2026-09-02,18,0.3,7.8,2.9,193,27.9,3
大貫沖,2026-09-02,21,0.4,8.0,2.2,181,27.6,3
大原沖,2026-09-02,00,1.2,8.9,1.4,90,26.5,1
大原沖,2026-09-02,03,1.2,8.6,2.4,134,26.5,2
大原沖,2026-09-02,06,1.4,8.8,1.7,139,26.5,2
大原沖,2026-09-02,09,1.3,8.6,2.5,119,26.6,51
大原沖,2026-09-02,12,1.2,8.4,3.3,129,27.1,2
大原沖,2026-09-02,15,1.1,8.4,2.6,144,27.7,3
大原沖,2026-09-02,18,1.1,8.4,2.2,171,27.6,2
大原沖,2026-09-02,21,1.1,8.4,2.5,177,27.5,3
江の島沖,2026-09-02,00,0.4,8.5,1.8,63,27.3,1
江の島沖,2026-09-02,03,0.4,8.4,1.4,54,27.2,1
江の島沖,2026-09-02,06,0.5,8.4,0.9,360,27.2,0
江の島沖,2026-09-02,09,0.5,8.2,1.0,207,27.2,1
江の島沖,2026-09-02,12,0.5,8.1,2.2,200,27.7,2
江の島沖,2026-09-02,15,0.5,8.1,2.0,210,28.1,3
江の島沖,2026-09-02,18,0.5,8.2,2.3,211,28.0,2
江の島沖,2026-09-02,21,0.6,8.3,1.9,171,27.7,3
小坪沖,2026-09-02,00,0.4,8.4,1.6,64,27.3,0
小坪沖,2026-09-02,03,0.4,8.3,1.5,55,27.2,0
小坪沖,2026-09-02,06,0.4,8.3,0.7,13,27.2,1
小坪沖,2026-09-02,09,0.5,8.2,1.2,148,27.2,51
小坪沖,2026-09-02,12,0.4,8.0,2.6,171,27.7,51
小坪沖,2026-09-02,15,0.5,8.1,2.5,182,28.2,3
小坪沖,2026-09-02,18,0.5,8.2,2.7,193,28.0,51
小坪沖,2026-09-02,21,0.5,8.4,2.5,178,27.7,3
横須賀沖,2026-09-02,00,0.3,7.8,2.2,40,27.4,1
横須賀沖,2026-09-02,03,0.3,7.8,1.6,40,27.2,0
横須賀沖,2026-09-02,06,0.3,7.8,1.2,28,27.2,0
横須賀沖,2026-09-02,09,0.3,7.5,1.4,152,27.3,51
横須賀沖,2026-09-02,12,0.3,7.5,2.8,205,27.7,1
横須賀沖,2026-09-02,15,0.3,7.5,3.2,202,28.1,3
横須賀沖,2026-09-02,18,0.4,7.7,3.1,186,27.8,3
横須賀沖,2026-09-02,21,0.4,8.0,2.7,178,27.4,3
観音崎沖～横須賀沖,2026-09-02,00,0.3,7.8,2.2,40,27.4,1
観音崎沖～横須賀沖,2026-09-02,03,0.3,7.8,1.6,40,27.2,0
観音崎沖～横須賀沖,2026-09-02,06,0.3,7.8,1.2,28,27.2,0
観音崎沖～横須賀沖,2026-09-02,09,0.3,7.5,1.4,152,27.3,51
観音崎沖～横須賀沖,2026-09-02,12,0.3,7.5,2.8,205,27.7,1
観音崎沖～横須賀沖,2026-09-02,15,0.3,7.5,3.2,202,28.1,3
観音崎沖～横須賀沖,2026-09-02,18,0.4,7.7,3.1,186,27.8,3
観音崎沖～横須賀沖,2026-09-02,21,0.4,8.0,2.7,178,27.4,3
観音崎沖,2026-09-02,00,0.3,7.8,2.2,40,27.4,1
観音崎沖,2026-09-02,03,0.3,7.8,1.6,40,27.2,0
観音崎沖,2026-09-02,06,0.3,7.8,1.2,28,27.2,0
観音崎沖,2026-09-02,09,0.3,7.5,1.4,152,27.3,51
観音崎沖,2026-09-02,12,0.3,7.5,2.8,205,27.7,1
観音崎沖,2026-09-02,15,0.3,7.5,3.2,202,28.1,3
観音崎沖,2026-09-02,18,0.4,7.7,3.1,186,27.8,3
観音崎沖,2026-09-02,21,0.4,8.0,2.7,178,27.4,3
富津南沖,2026-09-02,00,0.3,7.8,2.2,71,27.0,0
富津南沖,2026-09-02,03,0.3,7.8,1.2,76,26.8,1
富津南沖,2026-09-02,06,0.3,7.7,1.6,101,26.8,1
富津南沖,2026-09-02,09,0.3,7.6,0.3,225,27.0,0
富津南沖,2026-09-02,12,0.3,7.5,1.6,263,27.6,1
富津南沖,2026-09-02,15,0.3,7.6,1.6,237,28.0,3
富津南沖,2026-09-02,18,0.3,7.8,2.9,193,27.9,3
富津南沖,2026-09-02,21,0.4,8.0,2.2,181,27.6,3
大貫沖～猿島沖,2026-09-02,00,0.3,7.8,2.2,40,27.4,1
大貫沖～猿島沖,2026-09-02,03,0.3,7.8,1.6,40,27.2,0
大貫沖～猿島沖,2026-09-02,06,0.3,7.8,1.2,28,27.2,0
大貫沖～猿島沖,2026-09-02,09,0.3,7.5,1.4,152,27.3,51
大貫沖～猿島沖,2026-09-02,12,0.3,7.5,2.8,205,27.7,1
大貫沖～猿島沖,2026-09-02,15,0.3,7.5,3.2,202,28.1,3
大貫沖～猿島沖,2026-09-02,18,0.4,7.7,3.1,186,27.8,3
大貫沖～猿島沖,2026-09-02,21,0.4,8.0,2.7,178,27.4,3
二宮沖,2026-09-02,00,0.4,8.4,0.5,32,27.2,0
二宮沖,2026-09-02,03,0.4,8.3,0.8,343,27.1,0
二宮沖,2026-09-02,06,0.5,8.2,1.6,322,27.1,1
二宮沖,2026-09-02,09,0.5,8.2,0.8,122,27.2,0
二宮沖,2026-09-02,12,0.5,8.0,2.5,168,27.7,2
二宮沖,2026-09-02,15,0.5,7.9,2.6,175,28.1,2
二宮沖,2026-09-02,18,0.5,7.9,1.3,203,27.9,3
二宮沖,2026-09-02,21,0.5,8.1,0.7,203,27.6,3
小坪西沖,2026-09-02,00,0.4,8.4,1.8,63,27.3,1
小坪西沖,2026-09-02,03,0.4,8.3,1.4,54,27.2,1
小坪西沖,2026-09-02,06,0.4,8.3,0.9,360,27.2,0
小坪西沖,2026-09-02,09,0.5,8.2,1.0,207,27.2,1
小坪西沖,2026-09-02,12,0.4,8.0,2.2,200,27.7,2
小坪西沖,2026-09-02,15,0.5,8.1,2.0,210,28.2,3
小坪西沖,2026-09-02,18,0.5,8.2,2.3,211,28.0,2
小坪西沖,2026-09-02,21,0.5,8.4,1.9,171,27.7,3
大津沖,2026-09-02,00,0.3,8.1,2.2,40,27.4,1
大津沖,2026-09-02,03,0.3,8.1,1.6,40,27.2,0
大津沖,2026-09-02,06,0.3,8.0,1.2,28,27.2,0
大津沖,2026-09-02,09,0.4,7.8,1.4,152,27.3,51
大津沖,2026-09-02,12,0.4,7.7,2.8,205,27.7,1
大津沖,2026-09-02,15,0.4,7.8,3.2,202,28.1,3
大津沖,2026-09-02,18,0.4,7.9,3.1,186,27.8,3
大津沖,2026-09-02,21,0.4,8.2,2.7,178,27.4,3
木更津沖～竹岡沖,2026-09-02,00,0.3,7.8,2.2,71,27.3,0
木更津沖～竹岡沖,2026-09-02,03,0.3,7.8,1.2,76,27.2,1
木更津沖～竹岡沖,2026-09-02,06,0.3,7.7,1.6,101,27.2,1
木更津沖～竹岡沖,2026-09-02,09,0.3,7.6,0.3,225,27.3,0
木更津沖～竹岡沖,2026-09-02,12,0.3,7.5,1.6,263,27.6,1
木更津沖～竹岡沖,2026-09-02,15,0.3,7.6,1.6,237,27.8,3
木更津沖～竹岡沖,2026-09-02,18,0.3,7.8,2.9,193,27.6,3
木更津沖～竹岡沖,2026-09-02,21,0.4,8.0,2.2,181,27.4,3
平塚西沖,2026-09-02,00,0.4,8.4,0.5,32,27.2,0
平塚西沖,2026-09-02,03,0.4,8.3,0.8,343,27.1,0
平塚西沖,2026-09-02,06,0.5,8.2,1.6,322,27.1,1
平塚西沖,2026-09-02,09,0.5,8.2,0.8,122,27.2,0
平塚西沖,2026-09-02,12,0.5,8.0,2.5,168,27.7,2
平塚西沖,2026-09-02,15,0.5,7.9,2.6,175,28.1,2
平塚西沖,2026-09-02,18,0.5,7.9,1.3,203,27.9,3
平塚西沖,2026-09-02,21,0.5,8.1,0.7,203,27.6,3
大磯沖,2026-09-02,00,0.4,8.4,1.6,59,27.2,1
大磯沖,2026-09-02,03,0.4,8.3,0.9,18,27.1,1
大磯沖,2026-09-02,06,0.5,8.2,1.2,348,27.1,0
大磯沖,2026-09-02,09,0.5,8.2,0.6,219,27.2,0
大磯沖,2026-09-02,12,0.5,8.0,2.8,200,27.7,1
大磯沖,2026-09-02,15,0.5,7.9,2.5,213,28.1,2
大磯沖,2026-09-02,18,0.5,7.9,2.6,217,27.9,2
大磯沖,2026-09-02,21,0.5,8.1,1.5,191,27.6,3
平塚東沖,2026-09-02,00,0.4,8.6,1.6,59,27.3,1
平塚東沖,2026-09-02,03,0.4,8.4,0.9,18,27.2,1
平塚東沖,2026-09-02,06,0.5,8.4,1.2,348,27.2,0
平塚東沖,2026-09-02,09,0.5,8.2,0.6,219,27.3,0
平塚東沖,2026-09-02,12,0.5,8.1,2.8,200,27.8,1
平塚東沖,2026-09-02,15,0.5,8.1,2.5,213,28.2,2
平塚東沖,2026-09-02,18,0.5,8.1,2.6,217,28.0,2
平塚東沖,2026-09-02,21,0.6,8.2,1.5,191,27.7,3
茅ヶ崎西沖,2026-09-02,00,0.4,8.6,1.6,59,27.3,1
茅ヶ崎西沖,2026-09-02,03,0.4,8.4,0.9,18,27.2,1
茅ヶ崎西沖,2026-09-02,06,0.5,8.4,1.2,348,27.2,0
茅ヶ崎西沖,2026-09-02,09,0.5,8.2,0.6,219,27.3,0
茅ヶ崎西沖,2026-09-02,12,0.5,8.1,2.8,200,27.8,1
茅ヶ崎西沖,2026-09-02,15,0.5,8.1,2.5,213,28.2,2
茅ヶ崎西沖,2026-09-02,18,0.5,8.1,2.6,217,28.0,2
茅ヶ崎西沖,2026-09-02,21,0.6,8.2,1.5,191,27.7,3
大磯東沖,2026-09-02,00,0.4,8.6,1.6,59,27.3,1
大磯東沖,2026-09-02,03,0.4,8.4,0.9,18,27.2,1
大磯東沖,2026-09-02,06,0.5,8.4,1.2,348,27.2,0
大磯東沖,2026-09-02,09,0.5,8.2,0.6,219,27.3,0
大磯東沖,2026-09-02,12,0.5,8.1,2.8,200,27.8,1
大磯東沖,2026-09-02,15,0.5,8.1,2.5,213,28.2,2
大磯東沖,2026-09-02,18,0.5,8.1,2.6,217,28.0,2
大磯東沖,2026-09-02,21,0.6,8.2,1.5,191,27.7,3
茅ヶ崎沖,2026-09-02,00,0.4,8.6,1.6,59,27.3,1
茅ヶ崎沖,2026-09-02,03,0.4,8.4,0.9,18,27.2,1
茅ヶ崎沖,2026-09-02,06,0.5,8.4,1.2,348,27.2,0
茅ヶ崎沖,2026-09-02,09,0.5,8.2,0.6,219,27.3,0
茅ヶ崎沖,2026-09-02,12,0.5,8.1,2.8,200,27.8,1
茅ヶ崎沖,2026-09-02,15,0.5,8.1,2.5,213,28.2,2
茅ヶ崎沖,2026-09-02,18,0.5,8.1,2.6,217,28.0,2
茅ヶ崎沖,2026-09-02,21,0.6,8.2,1.5,191,27.7,3
茅ヶ崎東沖,2026-09-02,00,0.4,8.5,1.8,63,27.3,1
茅ヶ崎東沖,2026-09-02,03,0.4,8.4,1.4,54,27.2,1
茅ヶ崎東沖,2026-09-02,06,0.5,8.4,0.9,360,27.2,0
茅ヶ崎東沖,2026-09-02,09,0.5,8.2,1.0,207,27.2,1
茅ヶ崎東沖,2026-09-02,12,0.5,8.1,2.2,200,27.7,2
茅ヶ崎東沖,2026-09-02,15,0.5,8.1,2.0,210,28.1,3
茅ヶ崎東沖,2026-09-02,18,0.5,8.2,2.3,211,28.0,2
茅ヶ崎東沖,2026-09-02,21,0.6,8.3,1.9,171,27.7,3
猿島沖,2026-09-02,00,0.3,7.8,2.2,40,27.4,1
猿島沖,2026-09-02,03,0.3,7.8,1.6,40,27.2,0
猿島沖,2026-09-02,06,0.3,7.8,1.2,28,27.2,0
猿島沖,2026-09-02,09,0.3,7.5,1.4,152,27.3,51
猿島沖,2026-09-02,12,0.3,7.5,2.8,205,27.7,1
猿島沖,2026-09-02,15,0.3,7.5,3.2,202,28.1,3
猿島沖,2026-09-02,18,0.4,7.7,3.1,186,27.8,3
猿島沖,2026-09-02,21,0.4,8.0,2.7,178,27.4,3
走水沖,2026-09-02,00,0.3,7.8,2.2,71,27.0,0
走水沖,2026-09-02,03,0.3,7.8,1.2,76,26.8,1
走水沖,2026-09-02,06,0.3,7.7,1.6,101,26.8,1
走水沖,2026-09-02,09,0.3,7.6,0.3,225,27.0,0
走水沖,2026-09-02,12,0.3,7.5,1.6,263,27.6,1
走水沖,2026-09-02,15,0.3,7.6,1.6,237,28.0,3
走水沖,2026-09-02,18,0.3,7.8,2.9,193,27.9,3
走水沖,2026-09-02,21,0.4,8.0,2.2,181,27.6,3
海堡沖～竹岡沖,2026-09-02,00,0.3,7.8,2.2,71,27.0,0
海堡沖～竹岡沖,2026-09-02,03,0.3,7.8,1.2,76,26.8,1
海堡沖～竹岡沖,2026-09-02,06,0.3,7.7,1.6,101,26.8,1
海堡沖～竹岡沖,2026-09-02,09,0.3,7.6,0.3,225,27.0,0
海堡沖～竹岡沖,2026-09-02,12,0.3,7.5,1.6,263,27.6,1
海堡沖～竹岡沖,2026-09-02,15,0.3,7.6,1.6,237,28.0,3
海堡沖～竹岡沖,2026-09-02,18,0.3,7.8,2.9,193,27.9,3
海堡沖～竹岡沖,2026-09-02,21,0.4,8.0,2.2,181,27.6,3
太東沖,2026-09-02,00,1.2,8.9,1.3,69,26.3,1
太東沖,2026-09-02,03,1.2,8.6,2.3,138,26.3,1
太東沖,2026-09-02,06,1.4,8.8,1.7,143,26.4,1
太東沖,2026-09-02,09,1.3,8.6,2.7,122,26.5,51
太東沖,2026-09-02,12,1.2,8.4,3.6,127,26.8,1
太東沖,2026-09-02,15,1.1,8.4,3.0,138,27.0,3
太東沖,2026-09-02,18,1.1,8.4,2.5,178,26.9,2
太東沖,2026-09-02,21,1.1,8.4,2.2,181,26.7,3
海堡沖,2026-09-02,00,0.3,7.8,2.2,71,27.0,0
海堡沖,2026-09-02,03,0.3,7.8,1.2,76,26.8,1
海堡沖,2026-09-02,06,0.3,7.7,1.6,101,26.8,1
海堡沖,2026-09-02,09,0.3,7.6,0.3,225,27.0,0
海堡沖,2026-09-02,12,0.3,7.5,1.6,263,27.6,1
海堡沖,2026-09-02,15,0.3,7.6,1.6,237,28.0,3
海堡沖,2026-09-02,18,0.3,7.8,2.9,193,27.9,3
海堡沖,2026-09-02,21,0.4,8.0,2.2,181,27.6,3
富津沖,2026-09-02,00,0.3,7.8,2.2,71,27.0,0
富津沖,2026-09-02,03,0.3,7.8,1.2,76,26.8,1
富津沖,2026-09-02,06,0.3,7.7,1.6,101,26.8,1
富津沖,2026-09-02,09,0.3,7.6,0.3,225,27.0,0
富津沖,2026-09-02,12,0.3,7.5,1.6,263,27.6,1
富津沖,2026-09-02,15,0.3,7.6,1.6,237,28.0,3
富津沖,2026-09-02,18,0.3,7.8,2.9,193,27.9,3
富津沖,2026-09-02,21,0.4,8.0,2.2,181,27.6,3
港前,2026-09-02,00,0.3,8.1,1.6,64,27.3,0
港前,2026-09-02,03,0.3,8.1,1.5,55,27.2,0
港前,2026-09-02,06,0.3,8.0,0.7,13,27.2,1
港前,2026-09-02,09,0.4,7.8,1.2,148,27.2,51
港前,2026-09-02,12,0.4,7.7,2.6,171,27.7,51
港前,2026-09-02,15,0.4,7.8,2.5,182,28.2,3
港前,2026-09-02,18,0.4,7.9,2.7,193,28.0,51
港前,2026-09-02,21,0.4,8.2,2.5,178,27.7,3
鴨居沖,2026-09-02,00,0.3,8.1,1.6,64,27.3,0
鴨居沖,2026-09-02,03,0.3,8.1,1.5,55,27.2,0
鴨居沖,2026-09-02,06,0.3,8.0,0.7,13,27.1,1
鴨居沖,2026-09-02,09,0.4,7.8,1.2,148,27.2,51
鴨居沖,2026-09-02,12,0.4,7.7,2.6,171,27.7,51
鴨居沖,2026-09-02,15,0.4,7.8,2.5,182,28.1,3
鴨居沖,2026-09-02,18,0.4,7.9,2.7,193,27.8,51
鴨居沖,2026-09-02,21,0.4,8.2,2.5,178,27.4,3
木更津沖～富津沖,2026-09-02,00,0.2,7.5,2.2,71,27.4,0
木更津沖～富津沖,2026-09-02,03,0.2,7.5,1.2,76,27.4,1
木更津沖～富津沖,2026-09-02,06,0.2,7.4,1.6,101,27.4,1
木更津沖～富津沖,2026-09-02,09,0.2,7.4,0.3,225,27.5,0
木更津沖～富津沖,2026-09-02,12,0.2,7.2,1.6,263,27.8,1
木更津沖～富津沖,2026-09-02,15,0.2,7.3,1.6,237,28.0,3
木更津沖～富津沖,2026-09-02,18,0.2,7.5,2.9,193,27.8,3
木更津沖～富津沖,2026-09-02,21,0.3,7.8,2.2,181,27.6,3
横浜沖～観音崎沖,2026-09-02,00,0.3,7.8,2.2,40,27.3,1
横浜沖～観音崎沖,2026-09-02,03,0.3,7.8,1.6,40,27.2,0
横浜沖～観音崎沖,2026-09-02,06,0.3,7.8,1.2,28,27.1,0
横浜沖～観音崎沖,2026-09-02,09,0.3,7.5,1.4,152,27.2,51
横浜沖～観音崎沖,2026-09-02,12,0.3,7.5,2.8,205,27.7,1
横浜沖～観音崎沖,2026-09-02,15,0.3,7.5,3.2,202,28.1,3
横浜沖～観音崎沖,2026-09-02,18,0.4,7.7,3.1,186,27.8,3
横浜沖～観音崎沖,2026-09-02,21,0.4,8.0,2.7,178,27.4,3
中ノ瀬周り,2026-09-02,00,0.3,7.8,2.2,40,27.3,1
中ノ瀬周り,2026-09-02,03,0.3,7.8,1.6,40,27.2,0
中ノ瀬周り,2026-09-02,06,0.3,7.8,1.2,28,27.1,0
中ノ瀬周り,2026-09-02,09,0.3,7.5,1.4,152,27.2,51
中ノ瀬周り,2026-09-02,12,0.3,7.5,2.8,205,27.7,1
中ノ瀬周り,2026-09-02,15,0.3,7.5,3.2,202,28.1,3
中ノ瀬周り,2026-09-02,18,0.4,7.7,3.1,186,27.8,3
中ノ瀬周り,2026-09-02,21,0.4,8.0,2.7,178,27.4,3
鴨井沖,2026-09-02,00,1.3,8.9,3.8,115,26.3,2
鴨井沖,2026-09-02,03,1.3,8.7,4.7,132,26.3,1
鴨井沖,2026-09-02,06,1.4,8.9,3.6,129,26.4,1
鴨井沖,2026-09-02,09,1.3,8.6,3.4,124,26.4,0
鴨井沖,2026-09-02,12,1.3,8.5,4.1,143,26.6,1
鴨井沖,2026-09-02,15,1.2,8.5,3.7,157,26.7,3
鴨井沖,2026-09-02,18,1.2,8.6,4.5,174,26.5,2
鴨井沖,2026-09-02,21,1.2,8.4,4.3,176,26.3,3
富津沖～海堡,2026-09-02,00,0.2,7.5,2.2,71,27.0,0
富津沖～海堡,2026-09-02,03,0.2,7.5,1.2,76,26.9,1
富津沖～海堡,2026-09-02,06,0.2,7.4,1.6,101,26.9,1
富津沖～海堡,2026-09-02,09,0.2,7.4,0.3,225,27.0,0
富津沖～海堡,2026-09-02,12,0.2,7.2,1.6,263,27.5,1
富津沖～海堡,2026-09-02,15,0.2,7.3,1.6,237,27.9,3
富津沖～海堡,2026-09-02,18,0.2,7.5,2.9,193,27.7,3
富津沖～海堡,2026-09-02,21,0.3,7.8,2.2,181,27.4,3
富岡沖,2026-09-02,00,0.3,8.1,1.6,64,27.3,0
富岡沖,2026-09-02,03,0.3,8.1,1.5,55,27.2,0
富岡沖,2026-09-02,06,0.3,8.0,0.7,13,27.1,1
富岡沖,2026-09-02,09,0.4,7.8,1.2,148,27.2,51
富岡沖,2026-09-02,12,0.4,7.7,2.6,171,27.7,51
富岡沖,2026-09-02,15,0.4,7.8,2.5,182,28.1,3
富岡沖,2026-09-02,18,0.4,7.9,2.7,193,27.8,51
富岡沖,2026-09-02,21,0.4,8.2,2.5,178,27.4,3
小柴沖,2026-09-02,00,0.3,8.1,1.6,64,27.3,0
小柴沖,2026-09-02,03,0.3,8.1,1.5,55,27.2,0
小柴沖,2026-09-02,06,0.3,8.0,0.7,13,27.1,1
小柴沖,2026-09-02,09,0.4,7.8,1.2,148,27.2,51
小柴沖,2026-09-02,12,0.4,7.7,2.6,171,27.7,51
小柴沖,2026-09-02,15,0.4,7.8,2.5,182,28.1,3
小柴沖,2026-09-02,18,0.4,7.9,2.7,193,27.8,51
小柴沖,2026-09-02,21,0.4,8.2,2.5,178,27.4,3
木更津沖～富岡沖,2026-09-02,00,0.2,7.5,2.2,71,27.3,0
木更津沖～富岡沖,2026-09-02,03,0.2,7.5,1.2,76,27.2,1
木更津沖～富岡沖,2026-09-02,06,0.2,7.4,1.6,101,27.1,1
木更津沖～富岡沖,2026-09-02,09,0.2,7.4,0.3,225,27.2,0
木更津沖～富岡沖,2026-09-02,12,0.2,7.2,1.6,263,27.7,1
木更津沖～富岡沖,2026-09-02,15,0.2,7.3,1.6,237,28.1,3
木更津沖～富岡沖,2026-09-02,18,0.2,7.5,2.9,193,27.8,3
木更津沖～富岡沖,2026-09-02,21,0.3,7.8,2.2,181,27.4,3
八景沖,2026-09-02,00,0.3,8.1,1.6,64,27.3,0
八景沖,2026-09-02,03,0.3,8.1,1.5,55,27.2,0
八景沖,2026-09-02,06,0.3,8.0,0.7,13,27.1,1
八景沖,2026-09-02,09,0.4,7.8,1.2,148,27.2,51
八景沖,2026-09-02,12,0.4,7.7,2.6,171,27.7,51
八景沖,2026-09-02,15,0.4,7.8,2.5,182,28.1,3
八景沖,2026-09-02,18,0.4,7.9,2.7,193,27.8,51
八景沖,2026-09-02,21,0.4,8.2,2.5,178,27.4,3
長浦沖,2026-09-02,00,0.2,7.5,2.2,71,27.4,0
長浦沖,2026-09-02,03,0.2,7.5,1.2,76,27.4,1
長浦沖,2026-09-02,06,0.2,7.4,1.6,101,27.4,1
長浦沖,2026-09-02,09,0.2,7.4,0.3,225,27.5,0
長浦沖,2026-09-02,12,0.2,7.2,1.6,263,27.8,1
長浦沖,2026-09-02,15,0.2,7.3,1.6,237,28.0,3
長浦沖,2026-09-02,18,0.2,7.5,2.9,193,27.8,3
長浦沖,2026-09-02,21,0.3,7.8,2.2,181,27.6,3
木更津沖,2026-09-02,00,0.2,7.5,2.2,80,27.4,0
木更津沖,2026-09-02,03,0.2,7.5,1.6,96,27.4,1
木更津沖,2026-09-02,06,0.2,7.4,1.9,121,27.4,0
木更津沖,2026-09-02,09,0.2,7.4,0.2,360,27.5,0
木更津沖,2026-09-02,12,0.2,7.2,1.7,357,27.8,1
木更津沖,2026-09-02,15,0.2,7.3,1.1,80,28.0,3
木更津沖,2026-09-02,18,0.2,7.5,3.4,193,27.8,3
木更津沖,2026-09-02,21,0.3,7.8,2.6,181,27.6,3
一宮沖,2026-09-02,00,1.1,8.8,1.3,69,26.3,1
一宮沖,2026-09-02,03,1.1,8.6,2.3,138,26.3,1
一宮沖,2026-09-02,06,1.2,8.8,1.7,143,26.4,1
一宮沖,2026-09-02,09,1.1,8.4,2.7,122,26.4,51
一宮沖,2026-09-02,12,1.1,8.3,3.6,127,26.6,1
一宮沖,2026-09-02,15,1.0,8.3,3.0,138,26.7,3
一宮沖,2026-09-02,18,1.0,8.4,2.5,178,26.5,2
一宮沖,2026-09-02,21,1.0,8.3,2.2,181,26.3,3
横浜沖周り,2026-09-02,00,0.3,7.8,1.6,73,27.3,0
横浜沖周り,2026-09-02,03,0.3,7.8,1.2,92,27.2,3
横浜沖周り,2026-09-02,06,0.3,7.8,0.4,111,27.1,1
横浜沖周り,2026-09-02,09,0.3,7.5,1.0,131,27.2,51
横浜沖周り,2026-09-02,12,0.3,7.5,2.0,144,27.7,51
横浜沖周り,2026-09-02,15,0.3,7.5,2.2,145,28.1,2
横浜沖周り,2026-09-02,18,0.4,7.7,3.3,191,27.8,2
横浜沖周り,2026-09-02,21,0.4,8.0,2.5,184,27.4,3
本牧沖~富岡沖,2026-09-02,00,0.3,8.1,1.6,73,27.3,0
本牧沖~富岡沖,2026-09-02,03,0.3,8.1,1.2,92,27.2,3
本牧沖~富岡沖,2026-09-02,06,0.3,8.0,0.4,111,27.1,1
本牧沖~富岡沖,2026-09-02,09,0.4,7.8,1.0,131,27.2,51
本牧沖~富岡沖,2026-09-02,12,0.4,7.7,2.0,144,27.7,51
本牧沖~富岡沖,2026-09-02,15,0.4,7.8,2.2,145,28.1,2
本牧沖~富岡沖,2026-09-02,18,0.4,7.9,3.3,191,27.8,2
本牧沖~富岡沖,2026-09-02,21,0.4,8.2,2.5,184,27.4,3
木更津沖～本牧沖,2026-09-02,00,0.2,7.5,2.2,71,27.0,0
木更津沖～本牧沖,2026-09-02,03,0.2,7.5,1.2,76,26.9,1
木更津沖～本牧沖,2026-09-02,06,0.2,7.4,1.6,101,26.9,1
木更津沖～本牧沖,2026-09-02,09,0.2,7.4,0.3,225,27.0,0
木更津沖～本牧沖,2026-09-02,12,0.2,7.2,1.6,263,27.5,1
木更津沖～本牧沖,2026-09-02,15,0.2,7.3,1.6,237,27.9,3
木更津沖～本牧沖,2026-09-02,18,0.2,7.5,2.9,193,27.7,3
木更津沖～本牧沖,2026-09-02,21,0.3,7.8,2.2,181,27.4,3
海堡,2026-09-02,00,0.2,7.5,2.2,71,27.0,0
海堡,2026-09-02,03,0.2,7.5,1.2,76,26.9,1
海堡,2026-09-02,06,0.2,7.4,1.6,101,26.9,1
海堡,2026-09-02,09,0.2,7.4,0.3,225,27.0,0
海堡,2026-09-02,12,0.2,7.2,1.6,263,27.5,1
海堡,2026-09-02,15,0.2,7.3,1.6,237,27.9,3
海堡,2026-09-02,18,0.2,7.5,2.9,193,27.7,3
海堡,2026-09-02,21,0.3,7.8,2.2,181,27.4,3
中ノ瀬,2026-09-02,00,0.2,7.5,2.2,71,27.0,0
中ノ瀬,2026-09-02,03,0.2,7.5,1.2,76,26.9,1
中ノ瀬,2026-09-02,06,0.2,7.4,1.6,101,26.9,1
中ノ瀬,2026-09-02,09,0.2,7.4,0.3,225,27.0,0
中ノ瀬,2026-09-02,12,0.2,7.2,1.6,263,27.5,1
中ノ瀬,2026-09-02,15,0.2,7.3,1.6,237,27.9,3
中ノ瀬,2026-09-02,18,0.2,7.5,2.9,193,27.7,3
中ノ瀬,2026-09-02,21,0.3,7.8,2.2,181,27.4,3
本牧沖,2026-09-02,00,0.3,7.8,1.6,73,27.3,0
本牧沖,2026-09-02,03,0.3,7.8,1.2,92,27.2,3
本牧沖,2026-09-02,06,0.3,7.8,0.4,111,27.1,1
本牧沖,2026-09-02,09,0.3,7.5,1.0,131,27.2,51
本牧沖,2026-09-02,12,0.3,7.5,2.0,144,27.7,51
本牧沖,2026-09-02,15,0.3,7.5,2.2,145,28.1,2
本牧沖,2026-09-02,18,0.4,7.7,3.3,191,27.8,2
本牧沖,2026-09-02,21,0.4,8.0,2.5,184,27.4,3
横浜沖,2026-09-02,00,0.3,8.1,1.6,73,27.4,0
横浜沖,2026-09-02,03,0.3,8.1,1.2,92,27.4,3
横浜沖,2026-09-02,06,0.3,8.0,0.4,111,27.4,1
横浜沖,2026-09-02,09,0.4,7.8,1.0,131,27.5,51
横浜沖,2026-09-02,12,0.4,7.7,2.0,144,27.9,51
横浜沖,2026-09-02,15,0.4,7.8,2.2,145,28.2,2
横浜沖,2026-09-02,18,0.4,7.9,3.3,191,28.0,2
横浜沖,2026-09-02,21,0.4,8.2,2.5,184,27.6,3
片貝沖,2026-09-02,00,1.3,8.7,4.0,112,26.8,1
片貝沖,2026-09-02,03,1.3,8.6,4.7,132,26.8,1
片貝沖,2026-09-02,06,1.5,8.8,3.4,133,26.9,1
片貝沖,2026-09-02,09,1.4,8.3,3.0,127,27.0,0
片貝沖,2026-09-02,12,1.3,8.2,3.8,144,27.2,1
片貝沖,2026-09-02,15,1.2,8.2,3.5,161,27.3,3
片貝沖,2026-09-02,18,1.2,8.3,4.5,175,27.1,1
片貝沖,2026-09-02,21,1.2,8.3,4.1,172,26.8,3
木更津沖～川崎沖,2026-09-02,00,0.1,7.2,2.2,80,27.1,0
木更津沖～川崎沖,2026-09-02,03,0.1,7.3,1.6,96,27.0,1
木更津沖～川崎沖,2026-09-02,06,0.2,7.2,1.9,121,27.0,0
木更津沖～川崎沖,2026-09-02,09,0.2,7.2,0.2,360,27.2,0
木更津沖～川崎沖,2026-09-02,12,0.2,7.1,1.7,357,27.6,1
木更津沖～川崎沖,2026-09-02,15,0.2,7.1,1.1,80,28.0,3
木更津沖～川崎沖,2026-09-02,18,0.2,7.3,3.4,193,27.8,3
木更津沖～川崎沖,2026-09-02,21,0.2,7.6,2.6,181,27.4,3
盤洲沖,2026-09-02,00,0.1,7.4,2.2,80,27.0,0
盤洲沖,2026-09-02,03,0.1,7.5,1.6,96,26.9,1
盤洲沖,2026-09-02,06,0.2,7.4,1.9,121,26.9,0
盤洲沖,2026-09-02,09,0.2,7.5,0.2,360,27.1,0
盤洲沖,2026-09-02,12,0.2,7.3,1.7,357,27.5,1
盤洲沖,2026-09-02,15,0.2,7.3,1.1,80,27.8,3
盤洲沖,2026-09-02,18,0.2,7.5,3.4,193,27.6,3
盤洲沖,2026-09-02,21,0.2,7.8,2.6,181,27.3,3
大根,2026-09-02,00,1.3,8.7,3.8,109,26.8,1
大根,2026-09-02,03,1.3,8.6,4.3,129,26.8,1
大根,2026-09-02,06,1.5,8.8,3.1,136,26.9,0
大根,2026-09-02,09,1.4,8.3,2.4,124,27.0,0
大根,2026-09-02,12,1.3,8.2,3.3,135,27.2,1
大根,2026-09-02,15,1.2,8.2,2.5,154,27.3,3
大根,2026-09-02,18,1.2,8.3,3.8,175,27.1,1
大根,2026-09-02,21,1.2,8.3,3.7,171,26.8,3
川崎沖～横浜沖,2026-09-02,00,0.1,7.2,1.6,59,27.4,0
川崎沖～横浜沖,2026-09-02,03,0.1,7.3,1.3,90,27.4,1
川崎沖～横浜沖,2026-09-02,06,0.2,7.2,0.7,106,27.4,1
川崎沖～横浜沖,2026-09-02,09,0.2,7.2,1.4,129,27.5,51
川崎沖～横浜沖,2026-09-02,12,0.2,7.1,1.9,133,27.9,2
川崎沖～横浜沖,2026-09-02,15,0.2,7.1,3.1,130,28.2,2
川崎沖～横浜沖,2026-09-02,18,0.2,7.3,3.6,190,28.0,2
川崎沖～横浜沖,2026-09-02,21,0.2,7.6,2.8,186,27.6,3
川崎沖~本牧沖,2026-09-02,00,0.1,7.2,1.6,59,27.4,0
川崎沖~本牧沖,2026-09-02,03,0.1,7.3,1.3,90,27.4,1
川崎沖~本牧沖,2026-09-02,06,0.2,7.2,0.7,106,27.4,1
川崎沖~本牧沖,2026-09-02,09,0.2,7.2,1.4,129,27.5,51
川崎沖~本牧沖,2026-09-02,12,0.2,7.1,1.9,133,27.9,2
川崎沖~本牧沖,2026-09-02,15,0.2,7.1,3.1,130,28.2,2
川崎沖~本牧沖,2026-09-02,18,0.2,7.3,3.6,190,28.0,2
川崎沖~本牧沖,2026-09-02,21,0.2,7.6,2.8,186,27.6,3
川崎沖,2026-09-02,00,0.1,7.2,1.6,59,27.7,0
川崎沖,2026-09-02,03,0.1,7.3,1.3,90,27.6,1
川崎沖,2026-09-02,06,0.2,7.2,0.7,106,27.6,1
川崎沖,2026-09-02,09,0.2,7.2,1.4,129,27.7,51
川崎沖,2026-09-02,12,0.2,7.1,1.9,133,27.9,2
川崎沖,2026-09-02,15,0.2,7.1,3.1,130,28.1,2
川崎沖,2026-09-02,18,0.2,7.3,3.6,190,28.0,2
川崎沖,2026-09-02,21,0.2,7.6,2.8,186,27.7,3
五井沖,2026-09-02,00,0.1,7.0,1.5,82,27.4,0
五井沖,2026-09-02,03,0.1,7.3,1.0,99,27.3,1
五井沖,2026-09-02,06,0.1,7.5,1.5,116,27.4,1
五井沖,2026-09-02,09,0.1,7.6,0.8,152,27.5,51
五井沖,2026-09-02,12,0.1,7.5,0.7,210,27.9,53
五井沖,2026-09-02,15,0.1,7.4,1.3,167,28.1,51
五井沖,2026-09-02,18,0.1,7.3,2.2,168,28.0,3
五井沖,2026-09-02,21,0.1,7.5,1.4,163,27.7,3
鶴見沖,2026-09-02,00,0.1,7.2,1.6,59,27.7,0
鶴見沖,2026-09-02,03,0.1,7.3,1.3,90,27.6,1
鶴見沖,2026-09-02,06,0.2,7.2,0.7,106,27.6,1
鶴見沖,2026-09-02,09,0.2,7.2,1.4,129,27.7,51
鶴見沖,2026-09-02,12,0.2,7.1,1.9,133,27.9,2
鶴見沖,2026-09-02,15,0.2,7.1,3.1,130,28.1,2
鶴見沖,2026-09-02,18,0.2,7.3,3.6,190,28.0,2
鶴見沖,2026-09-02,21,0.2,7.6,2.8,186,27.7,3
木更津沖～浦安沖,2026-09-02,00,0.1,7.0,1.1,53,27.3,0
木更津沖～浦安沖,2026-09-02,03,0.1,7.2,0.9,97,27.2,0
木更津沖～浦安沖,2026-09-02,06,0.1,7.2,0.8,117,27.1,1
木更津沖～浦安沖,2026-09-02,09,0.1,7.3,1.8,127,27.2,51
木更津沖～浦安沖,2026-09-02,12,0.1,7.1,1.8,144,27.7,2
木更津沖～浦安沖,2026-09-02,15,0.2,7.0,3.0,131,28.0,2
木更津沖～浦安沖,2026-09-02,18,0.2,7.2,3.0,177,27.8,1
木更津沖～浦安沖,2026-09-02,21,0.2,7.5,2.9,186,27.5,3
羽田沖,2026-09-02,00,0.1,7.2,1.1,53,27.4,0
羽田沖,2026-09-02,03,0.1,7.3,0.9,97,27.4,0
羽田沖,2026-09-02,06,0.2,7.2,0.8,117,27.4,1
羽田沖,2026-09-02,09,0.2,7.2,1.8,127,27.5,51
羽田沖,2026-09-02,12,0.2,7.1,1.8,144,27.8,2
羽田沖,2026-09-02,15,0.2,7.1,3.0,131,28.1,2
羽田沖,2026-09-02,18,0.2,7.3,3.0,177,27.9,1
羽田沖,2026-09-02,21,0.2,7.6,2.9,186,27.6,3
千葉沖,2026-09-02,00,0.1,7.0,1.4,57,28.1,1
千葉沖,2026-09-02,03,0.1,7.3,1.1,93,28.1,1
千葉沖,2026-09-02,06,0.1,7.4,1.4,105,28.1,1
千葉沖,2026-09-02,09,0.1,7.5,1.0,174,28.2,51
千葉沖,2026-09-02,12,0.1,7.3,1.9,223,28.4,51
千葉沖,2026-09-02,15,0.1,7.2,2.2,183,28.6,2
千葉沖,2026-09-02,18,0.1,7.3,2.1,174,28.5,3
千葉沖,2026-09-02,21,0.1,7.5,1.6,163,28.2,3
浦安沖,2026-09-02,00,0.1,6.7,1.5,59,27.9,0
浦安沖,2026-09-02,03,0.1,6.8,1.0,84,27.8,0
浦安沖,2026-09-02,06,0.1,6.8,1.1,95,27.8,0
浦安沖,2026-09-02,09,0.1,7.0,1.3,155,27.9,0
浦安沖,2026-09-02,12,0.1,6.7,1.9,198,28.1,2
浦安沖,2026-09-02,15,0.1,6.6,1.9,179,28.3,2
浦安沖,2026-09-02,18,0.1,6.8,2.6,180,28.1,3
浦安沖,2026-09-02,21,0.1,7.0,2.5,177,27.9,3
屏風ヶ浦の陰,2026-09-02,00,0.1,7.0,1.2,53,28.5,2
屏風ヶ浦の陰,2026-09-02,03,0.1,7.3,1.0,104,28.5,1
屏風ヶ浦の陰,2026-09-02,06,0.1,7.4,1.1,95,28.5,1
屏風ヶ浦の陰,2026-09-02,09,0.1,7.5,1.4,182,28.5,51
屏風ヶ浦の陰,2026-09-02,12,0.1,7.3,1.2,205,28.6,51
屏風ヶ浦の陰,2026-09-02,15,0.1,7.2,2.1,176,28.8,51
屏風ヶ浦の陰,2026-09-02,18,0.1,7.3,2.2,164,28.7,3
屏風ヶ浦の陰,2026-09-02,21,0.1,7.5,1.5,167,28.5,3
犬吠南沖,2026-09-02,00,1.4,9.1,1.6,97,26.2,3
犬吠南沖,2026-09-02,03,1.4,8.8,1.7,131,26.1,0
犬吠南沖,2026-09-02,06,1.6,8.8,1.7,147,26.2,0
犬吠南沖,2026-09-02,09,1.5,8.5,2.3,137,26.3,0
犬吠南沖,2026-09-02,12,1.4,8.4,3.2,148,26.5,2
犬吠南沖,2026-09-02,15,1.3,8.4,3.2,170,26.7,2
犬吠南沖,2026-09-02,18,1.3,8.6,2.5,180,26.5,1
犬吠南沖,2026-09-02,21,1.3,8.8,2.5,186,26.1,3
亀城根,2026-09-02,00,1.4,9.1,1.6,97,26.2,3
亀城根,2026-09-02,03,1.4,8.8,1.7,131,26.1,0
亀城根,2026-09-02,06,1.6,8.8,1.7,147,26.2,0
亀城根,2026-09-02,09,1.5,8.5,2.3,137,26.3,0
亀城根,2026-09-02,12,1.4,8.4,3.2,148,26.5,2
亀城根,2026-09-02,15,1.3,8.4,3.2,170,26.7,2
亀城根,2026-09-02,18,1.3,8.6,2.5,180,26.5,1
亀城根,2026-09-02,21,1.3,8.8,2.5,186,26.1,3
外川沖,2026-09-02,00,1.2,8.9,1.6,97,26.2,3
外川沖,2026-09-02,03,1.2,8.6,1.7,131,26.2,0
外川沖,2026-09-02,06,1.3,8.8,1.7,147,26.2,0
外川沖,2026-09-02,09,1.2,8.4,2.3,137,26.3,0
外川沖,2026-09-02,12,1.2,8.3,3.2,148,26.5,2
外川沖,2026-09-02,15,1.1,8.2,3.2,170,26.5,2
外川沖,2026-09-02,18,1.1,8.4,2.5,180,26.3,1
外川沖,2026-09-02,21,1.1,8.7,2.5,186,26.1,3
犬吠沖,2026-09-02,00,1.2,8.9,1.6,97,26.2,3
犬吠沖,2026-09-02,03,1.2,8.6,1.7,131,26.2,0
犬吠沖,2026-09-02,06,1.3,8.8,1.7,147,26.2,0
犬吠沖,2026-09-02,09,1.2,8.4,2.3,137,26.3,0
犬吠沖,2026-09-02,12,1.2,8.3,3.2,148,26.5,2
犬吠沖,2026-09-02,15,1.1,8.2,3.2,170,26.5,2
犬吠沖,2026-09-02,18,1.1,8.4,2.5,180,26.3,1
犬吠沖,2026-09-02,21,1.1,8.7,2.5,186,26.1,3
飯岡沖,2026-09-02,00,0.9,8.8,1.6,97,26.4,3
飯岡沖,2026-09-02,03,0.9,8.4,1.7,131,26.4,0
飯岡沖,2026-09-02,06,1.1,8.7,1.7,147,26.4,0
飯岡沖,2026-09-02,09,1.0,8.2,2.3,137,26.5,0
飯岡沖,2026-09-02,12,0.9,8.1,3.2,148,26.6,2
飯岡沖,2026-09-02,15,0.9,8.1,3.2,170,26.7,2
飯岡沖,2026-09-02,18,0.9,8.2,2.5,180,26.5,1
飯岡沖,2026-09-02,21,0.9,8.5,2.5,186,26.3,3
真沖,2026-09-02,00,0.9,8.8,1.6,97,26.4,3
真沖,2026-09-02,03,0.9,8.4,1.7,131,26.4,0
真沖,2026-09-02,06,1.1,8.7,1.7,147,26.4,0
真沖,2026-09-02,09,1.0,8.2,2.3,137,26.5,0
真沖,2026-09-02,12,0.9,8.1,3.2,148,26.6,2
真沖,2026-09-02,15,0.9,8.1,3.2,170,26.7,2
真沖,2026-09-02,18,0.9,8.2,2.5,180,26.5,1
真沖,2026-09-02,21,0.9,8.5,2.5,186,26.3,3
波崎沖,2026-09-02,00,1.2,8.9,1.6,97,26.2,3
波崎沖,2026-09-02,03,1.2,8.6,1.7,131,26.2,0
波崎沖,2026-09-02,06,1.3,8.8,1.7,147,26.2,0
波崎沖,2026-09-02,09,1.2,8.4,2.3,137,26.3,0
波崎沖,2026-09-02,12,1.2,8.3,3.2,148,26.5,2
波崎沖,2026-09-02,15,1.1,8.2,3.2,170,26.5,2
波崎沖,2026-09-02,18,1.1,8.4,2.5,180,26.3,1
波崎沖,2026-09-02,21,1.1,8.7,2.5,186,26.1,3
川前大根,2026-09-02,00,0.9,8.8,1.6,97,26.4,3
川前大根,2026-09-02,03,0.9,8.4,1.7,131,26.4,0
川前大根,2026-09-02,06,1.1,8.7,1.7,147,26.4,0
川前大根,2026-09-02,09,1.0,8.2,2.3,137,26.5,0
川前大根,2026-09-02,12,0.9,8.1,3.2,148,26.6,2
川前大根,2026-09-02,15,0.9,8.1,3.2,170,26.7,2
川前大根,2026-09-02,18,0.9,8.2,2.5,180,26.5,1
川前大根,2026-09-02,21,0.9,8.5,2.5,186,26.3,3
鹿島南沖,2026-09-02,00,1.2,8.8,1.4,88,25.8,0
鹿島南沖,2026-09-02,03,1.2,8.6,1.8,143,25.8,0
鹿島南沖,2026-09-02,06,1.3,8.8,1.4,147,25.9,0
鹿島南沖,2026-09-02,09,1.2,8.3,2.2,141,26.0,2
鹿島南沖,2026-09-02,12,1.1,8.2,3.4,151,26.1,2
鹿島南沖,2026-09-02,15,1.0,8.1,2.9,170,26.1,2
鹿島南沖,2026-09-02,18,1.0,8.2,1.9,178,25.9,1
鹿島南沖,2026-09-02,21,1.0,8.7,2.0,191,25.7,3
神栖沖,2026-09-02,00,1.2,8.8,1.4,88,25.9,0
神栖沖,2026-09-02,03,1.2,8.6,1.8,143,25.8,0
神栖沖,2026-09-02,06,1.3,8.8,1.4,147,25.9,0
神栖沖,2026-09-02,09,1.2,8.3,2.2,141,26.0,2
神栖沖,2026-09-02,12,1.1,8.2,3.4,151,26.2,2
神栖沖,2026-09-02,15,1.0,8.1,2.9,170,26.3,2
神栖沖,2026-09-02,18,1.0,8.2,1.9,178,26.1,1
神栖沖,2026-09-02,21,1.0,8.7,2.0,191,25.8,3
鹿島沖,2026-09-02,00,1.2,8.8,1.3,83,26.1,1
鹿島沖,2026-09-02,03,1.2,8.6,1.8,145,26.0,0
鹿島沖,2026-09-02,06,1.3,8.8,1.4,170,26.1,1
鹿島沖,2026-09-02,09,1.2,8.3,1.4,136,26.2,51
鹿島沖,2026-09-02,12,1.1,8.2,2.6,133,26.3,3
鹿島沖,2026-09-02,15,1.0,8.1,2.5,169,26.3,3
鹿島沖,2026-09-02,18,1.0,8.2,2.9,169,26.1,1
鹿島沖,2026-09-02,21,1.0,8.7,2.7,186,25.9,3
鹿島真沖,2026-09-02,00,1.2,8.8,1.5,88,25.8,0
鹿島真沖,2026-09-02,03,1.2,8.6,2.2,146,25.8,0
鹿島真沖,2026-09-02,06,1.3,8.8,1.2,157,25.9,0
鹿島真沖,2026-09-02,09,1.2,8.3,1.8,140,26.0,51
鹿島真沖,2026-09-02,12,1.1,8.2,2.9,145,26.1,3
鹿島真沖,2026-09-02,15,1.0,8.1,2.6,168,26.1,3
鹿島真沖,2026-09-02,18,1.0,8.2,2.3,175,25.9,1
鹿島真沖,2026-09-02,21,1.0,8.7,2.5,190,25.7,3
鹿島魚礁,2026-09-02,00,1.3,8.8,3.2,100,25.6,3
鹿島魚礁,2026-09-02,03,1.3,8.7,3.8,147,25.6,1
鹿島魚礁,2026-09-02,06,1.4,8.8,2.2,162,25.7,0
鹿島魚礁,2026-09-02,09,1.3,8.4,2.2,115,25.8,0
鹿島魚礁,2026-09-02,12,1.2,8.2,3.7,130,25.9,2
鹿島魚礁,2026-09-02,15,1.1,8.2,4.4,149,25.9,2
鹿島魚礁,2026-09-02,18,1.1,8.3,3.9,174,25.7,2
鹿島魚礁,2026-09-02,21,1.1,8.7,4.1,190,25.5,3
鹿島北沖,2026-09-02,00,1.3,8.7,1.3,83,26.1,1
鹿島北沖,2026-09-02,03,1.2,8.5,1.8,145,26.0,0
鹿島北沖,2026-09-02,06,1.3,8.7,1.4,170,26.1,1
鹿島北沖,2026-09-02,09,1.2,8.3,1.4,136,26.2,51
鹿島北沖,2026-09-02,12,1.1,8.2,2.6,133,26.3,3
鹿島北沖,2026-09-02,15,1.0,8.1,2.5,169,26.3,3
鹿島北沖,2026-09-02,18,1.0,8.2,2.9,169,26.1,1
鹿島北沖,2026-09-02,21,1.1,8.6,2.7,186,25.9,3
北沖30,2026-09-02,00,1.3,9.2,1.9,40,25.6,3
北沖30,2026-09-02,03,1.3,8.9,0.7,45,25.6,1
北沖30,2026-09-02,06,1.3,9.1,1.6,215,25.7,0
北沖30,2026-09-02,09,1.3,8.8,1.6,184,25.8,51
北沖30,2026-09-02,12,1.2,8.6,3.7,144,25.7,51
北沖30,2026-09-02,15,1.1,8.3,4.6,150,25.5,1
北沖30,2026-09-02,18,1.1,8.3,4.5,152,25.4,2
北沖30,2026-09-02,21,1.2,8.8,1.8,193,25.4,2
大洗沖,2026-09-02,00,1.3,9.2,1.4,39,26.1,2
大洗沖,2026-09-02,03,1.3,8.9,0.5,41,26.1,0
大洗沖,2026-09-02,06,1.3,9.1,1.4,225,26.2,3
大洗沖,2026-09-02,09,1.3,8.8,1.6,193,26.2,51
大洗沖,2026-09-02,12,1.2,8.6,2.8,148,26.2,51
大洗沖,2026-09-02,15,1.1,8.3,3.4,150,26.2,1
大洗沖,2026-09-02,18,1.1,8.3,3.2,143,26.1,2
大洗沖,2026-09-02,21,1.2,8.8,2.2,191,26.0,2
青山沖,2026-09-02,00,1.3,9.2,1.9,40,25.1,3
青山沖,2026-09-02,03,1.3,8.9,0.7,45,25.1,1
青山沖,2026-09-02,06,1.3,9.1,1.6,215,25.1,0
青山沖,2026-09-02,09,1.2,8.8,1.6,184,25.2,51
青山沖,2026-09-02,12,1.2,8.6,3.7,144,25.3,51
青山沖,2026-09-02,15,1.1,8.3,4.6,150,25.2,1
青山沖,2026-09-02,18,1.1,8.3,4.5,152,25.0,2
青山沖,2026-09-02,21,1.2,8.8,1.8,193,24.8,2
日立沖,2026-09-02,00,1.3,9.3,1.4,10,24.8,3
日立沖,2026-09-02,03,1.3,8.9,0.4,23,24.7,1
日立沖,2026-09-02,06,1.3,9.1,1.7,231,24.8,51
日立沖,2026-09-02,09,1.2,8.8,2.6,195,24.9,51
日立沖,2026-09-02,12,1.1,8.6,4.3,174,25.1,1
日立沖,2026-09-02,15,1.1,8.3,4.0,175,25.2,1
日立沖,2026-09-02,18,1.1,8.3,3.0,187,25.1,3
日立沖,2026-09-02,21,1.2,8.8,1.7,240,24.9,3
銭洲沖,2026-09-03,00,1.4,8.3,3.2,121,29.5,3
銭洲沖,2026-09-03,03,1.3,8.2,3.3,129,29.4,3
銭洲沖,2026-09-03,06,1.4,8.4,4.0,147,29.4,3
銭洲沖,2026-09-03,09,1.4,8.4,4.8,170,29.5,51
銭洲沖,2026-09-03,12,1.4,8.1,4.0,192,29.8,2
銭洲沖,2026-09-03,15,1.3,8.1,2.9,240,30.0,3
銭洲沖,2026-09-03,18,1.4,8.3,2.1,210,29.9,0
銭洲沖,2026-09-03,21,1.4,8.5,4.1,247,29.7,3
イナンバ,2026-09-03,00,1.5,8.0,2.9,141,29.3,3
イナンバ,2026-09-03,03,1.4,7.8,0.9,216,29.2,3
イナンバ,2026-09-03,06,1.4,8.1,3.0,179,29.2,2
イナンバ,2026-09-03,09,1.4,8.2,3.0,211,29.1,3
イナンバ,2026-09-03,12,1.3,8.1,4.4,237,29.3,3
イナンバ,2026-09-03,15,1.3,8.0,3.9,258,29.4,2
イナンバ,2026-09-03,18,1.3,8.0,1.4,242,29.3,3
イナンバ,2026-09-03,21,1.3,8.2,2.0,251,29.2,3
石花海,2026-09-03,00,1.2,8.1,3.2,96,28.3,3
石花海,2026-09-03,03,1.2,7.9,3.0,72,28.3,3
石花海,2026-09-03,06,1.2,8.1,2.8,135,28.3,3
石花海,2026-09-03,09,1.2,8.3,0.5,193,28.3,51
石花海,2026-09-03,12,1.2,8.3,2.4,309,28.6,51
石花海,2026-09-03,15,1.1,8.1,1.1,31,28.9,3
石花海,2026-09-03,18,1.1,8.1,2.8,303,28.8,3
石花海,2026-09-03,21,1.1,8.2,4.4,246,28.6,53
神津島,2026-09-03,00,1.2,8.1,1.6,101,28.3,3
神津島,2026-09-03,03,1.1,7.8,0.5,66,28.3,3
神津島,2026-09-03,06,1.2,8.1,3.4,164,28.2,3
神津島,2026-09-03,09,1.2,8.3,2.5,215,28.3,3
神津島,2026-09-03,12,1.1,8.2,3.7,265,28.5,51
神津島,2026-09-03,15,1.1,8.0,1.3,283,28.8,3
神津島,2026-09-03,18,1.1,8.0,1.6,183,28.7,3
神津島,2026-09-03,21,1.1,8.2,1.6,249,28.5,55
金洲沖,2026-09-03,00,1.2,8.1,2.3,97,28.3,3
金洲沖,2026-09-03,03,1.1,7.9,2.1,62,28.2,3
金洲沖,2026-09-03,06,1.1,8.0,1.4,112,28.2,3
金洲沖,2026-09-03,09,1.2,8.3,1.6,334,28.3,51
金洲沖,2026-09-03,12,1.1,8.2,2.6,306,28.5,3
金洲沖,2026-09-03,15,1.0,8.0,1.2,245,28.7,3
金洲沖,2026-09-03,18,1.0,8.0,2.5,230,28.6,3
金洲沖,2026-09-03,21,1.0,8.1,3.3,274,28.5,61
新島沖,2026-09-03,00,1.2,7.8,1.4,104,28.3,3
新島沖,2026-09-03,03,1.1,7.8,1.2,24,28.3,3
新島沖,2026-09-03,06,1.1,8.1,2.6,163,28.3,3
新島沖,2026-09-03,09,1.2,8.6,2.5,230,28.3,3
新島沖,2026-09-03,12,1.0,8.1,3.7,273,28.5,3
新島沖,2026-09-03,15,1.0,7.9,2.5,256,28.7,3
新島沖,2026-09-03,18,1.0,7.9,2.3,189,28.7,3
新島沖,2026-09-03,21,1.0,8.0,1.6,320,28.5,53
金州,2026-09-03,00,1.2,7.8,1.1,121,28.3,3
金州,2026-09-03,03,1.1,7.8,1.4,321,28.3,3
金州,2026-09-03,06,1.1,8.0,0.7,135,28.3,3
金州,2026-09-03,09,1.2,8.6,2.4,251,28.3,3
金州,2026-09-03,12,1.0,8.0,3.5,263,28.4,3
金州,2026-09-03,15,0.9,8.0,4.1,248,28.5,3
金州,2026-09-03,18,0.9,8.0,2.1,217,28.5,3
金州,2026-09-03,21,0.9,8.0,2.8,269,28.4,51
白河沖,2026-09-03,00,1.1,8.1,0.8,112,27.9,3
白河沖,2026-09-03,03,1.0,8.0,2.1,15,27.8,3
白河沖,2026-09-03,06,1.0,8.0,0.2,342,27.8,3
白河沖,2026-09-03,09,1.1,8.2,0.7,196,27.9,3
白河沖,2026-09-03,12,1.0,8.2,3.6,217,28.0,51
白河沖,2026-09-03,15,1.0,8.1,3.7,226,28.0,3
白河沖,2026-09-03,18,1.0,8.1,3.4,267,28.0,3
白河沖,2026-09-03,21,1.0,8.1,2.5,260,27.9,3
御前崎沖,2026-09-03,00,1.1,8.1,0.8,112,27.8,3
御前崎沖,2026-09-03,03,1.0,8.0,2.1,15,27.8,3
御前崎沖,2026-09-03,06,1.0,8.0,0.2,342,27.8,3
御前崎沖,2026-09-03,09,1.1,8.2,0.7,196,27.8,3
御前崎沖,2026-09-03,12,1.0,8.2,3.6,217,27.9,51
御前崎沖,2026-09-03,15,1.0,8.2,3.7,226,28.0,3
御前崎沖,2026-09-03,18,1.0,8.1,3.4,267,27.9,3
御前崎沖,2026-09-03,21,1.0,8.1,2.5,260,27.8,3
八方便,2026-09-03,00,1.1,8.1,0.8,112,27.9,3
八方便,2026-09-03,03,1.0,8.0,2.1,15,27.8,3
八方便,2026-09-03,06,1.0,8.0,0.2,342,27.8,3
八方便,2026-09-03,09,1.1,8.2,0.7,196,27.9,3
八方便,2026-09-03,12,1.0,8.2,3.6,217,28.0,51
八方便,2026-09-03,15,1.0,8.1,3.7,226,28.0,3
八方便,2026-09-03,18,1.0,8.1,3.4,267,28.0,3
八方便,2026-09-03,21,1.0,8.1,2.5,260,27.9,3
神子元沖,2026-09-03,00,1.1,8.2,0.6,38,28.2,3
神子元沖,2026-09-03,03,1.1,8.1,1.7,337,28.2,3
神子元沖,2026-09-03,06,1.1,8.2,0.5,323,28.2,3
神子元沖,2026-09-03,09,1.1,8.6,2.4,257,28.2,3
神子元沖,2026-09-03,12,1.0,8.2,3.5,272,28.3,3
神子元沖,2026-09-03,15,1.0,8.2,2.8,265,28.3,3
神子元沖,2026-09-03,18,1.0,8.1,0.2,256,28.3,3
神子元沖,2026-09-03,21,1.0,8.2,1.7,343,28.2,51
大東沖,2026-09-03,00,1.0,8.1,0.9,74,27.8,3
大東沖,2026-09-03,03,1.0,8.0,2.4,18,27.8,3
大東沖,2026-09-03,06,1.0,8.0,0.8,73,27.8,3
大東沖,2026-09-03,09,1.0,8.2,1.7,231,27.8,3
大東沖,2026-09-03,12,1.0,8.2,3.8,223,27.9,51
大東沖,2026-09-03,15,0.9,8.1,2.9,255,28.0,3
大東沖,2026-09-03,18,0.9,8.1,2.5,267,27.9,3
大東沖,2026-09-03,21,1.0,8.2,1.4,262,27.9,3
石廊崎沖,2026-09-03,00,1.0,8.2,0.8,75,28.2,3
石廊崎沖,2026-09-03,03,1.0,8.1,1.3,7,28.1,3
石廊崎沖,2026-09-03,06,1.0,8.1,0.3,68,28.1,3
石廊崎沖,2026-09-03,09,1.1,8.4,1.0,279,28.1,3
石廊崎沖,2026-09-03,12,1.0,8.2,1.7,286,28.2,3
石廊崎沖,2026-09-03,15,0.9,8.1,1.6,253,28.3,3
石廊崎沖,2026-09-03,18,0.9,8.1,0.5,294,28.2,3
石廊崎沖,2026-09-03,21,0.9,8.2,1.2,33,28.1,51
福田沖,2026-09-03,00,1.0,8.1,1.1,108,27.9,3
福田沖,2026-09-03,03,1.0,8.0,2.0,19,27.9,3
福田沖,2026-09-03,06,1.0,8.0,0.7,107,27.8,3
福田沖,2026-09-03,09,1.0,8.1,1.4,216,27.8,3
福田沖,2026-09-03,12,1.0,8.2,3.3,221,27.9,51
福田沖,2026-09-03,15,0.9,8.1,2.7,258,28.0,51
福田沖,2026-09-03,18,0.9,8.1,2.0,264,27.9,3
福田沖,2026-09-03,21,1.0,8.2,0.9,245,27.8,51
浜岡沖,2026-09-03,00,1.0,8.1,0.8,112,27.8,3
浜岡沖,2026-09-03,03,0.9,8.0,2.1,15,27.7,3
浜岡沖,2026-09-03,06,0.9,8.0,0.2,342,27.7,3
浜岡沖,2026-09-03,09,1.0,8.2,0.7,196,27.8,3
浜岡沖,2026-09-03,12,1.0,8.2,3.6,217,27.8,51
浜岡沖,2026-09-03,15,0.9,8.1,3.7,226,27.9,3
浜岡沖,2026-09-03,18,0.9,8.1,3.4,267,27.8,3
浜岡沖,2026-09-03,21,0.9,8.2,2.5,260,27.8,3
下田南沖,2026-09-03,00,1.1,8.2,0.6,38,28.2,3
下田南沖,2026-09-03,03,1.1,8.1,1.7,337,28.2,3
下田南沖,2026-09-03,06,1.1,8.2,0.5,323,28.2,3
下田南沖,2026-09-03,09,1.1,8.6,2.4,257,28.2,3
下田南沖,2026-09-03,12,1.0,8.2,3.5,272,28.3,3
下田南沖,2026-09-03,15,1.0,8.2,2.8,265,28.3,3
下田南沖,2026-09-03,18,1.0,8.1,0.2,256,28.3,3
下田南沖,2026-09-03,21,1.0,8.2,1.7,343,28.2,51
下田沖,2026-09-03,00,1.1,8.2,0.6,38,28.2,3
下田沖,2026-09-03,03,1.1,8.1,1.7,337,28.2,3
下田沖,2026-09-03,06,1.1,8.2,0.5,323,28.2,3
下田沖,2026-09-03,09,1.1,8.6,2.4,257,28.2,3
下田沖,2026-09-03,12,1.0,8.2,3.5,272,28.3,3
下田沖,2026-09-03,15,1.0,8.2,2.8,265,28.3,3
下田沖,2026-09-03,18,1.0,8.1,0.2,256,28.3,3
下田沖,2026-09-03,21,1.0,8.2,1.7,343,28.2,51
相良沖,2026-09-03,00,1.0,8.1,0.8,112,27.8,3
相良沖,2026-09-03,03,1.0,8.0,2.1,15,27.7,3
相良沖,2026-09-03,06,1.0,7.9,0.2,342,27.7,3
相良沖,2026-09-03,09,1.0,8.2,0.7,196,27.8,3
相良沖,2026-09-03,12,1.0,8.1,3.6,217,27.8,51
相良沖,2026-09-03,15,0.9,8.1,3.7,226,27.9,3
相良沖,2026-09-03,18,0.9,8.1,3.4,267,27.8,3
相良沖,2026-09-03,21,0.9,8.2,2.5,260,27.7,3
天竜沖,2026-09-03,00,0.8,7.6,0.9,93,27.9,3
天竜沖,2026-09-03,03,0.8,7.5,1.5,27,27.9,3
天竜沖,2026-09-03,06,0.8,7.5,0.7,144,27.8,3
天竜沖,2026-09-03,09,0.8,7.6,1.3,259,27.8,3
天竜沖,2026-09-03,12,0.8,7.5,2.9,229,27.9,51
天竜沖,2026-09-03,15,0.8,7.5,3.8,318,28.0,53
天竜沖,2026-09-03,18,0.8,7.5,1.5,278,27.9,3
天竜沖,2026-09-03,21,0.8,7.7,0.6,331,27.8,51
波勝崎沖,2026-09-03,00,0.9,8.3,0.6,38,28.0,3
波勝崎沖,2026-09-03,03,0.9,8.2,1.7,337,28.0,3
波勝崎沖,2026-09-03,06,0.8,8.1,0.5,323,27.9,3
波勝崎沖,2026-09-03,09,0.9,8.4,2.4,257,27.9,3
波勝崎沖,2026-09-03,12,0.9,8.1,3.5,272,28.0,3
波勝崎沖,2026-09-03,15,0.8,8.1,2.8,265,28.1,3
波勝崎沖,2026-09-03,18,0.8,8.1,0.2,256,28.1,3
波勝崎沖,2026-09-03,21,0.8,8.2,1.7,343,28.0,51
藤守前,2026-09-03,00,0.7,7.5,0.1,243,27.9,3
藤守前,2026-09-03,03,0.7,7.5,1.5,324,27.8,3
藤守前,2026-09-03,06,0.7,7.4,0.4,315,27.8,3
藤守前,2026-09-03,09,0.8,7.6,1.6,222,27.8,3
藤守前,2026-09-03,12,0.7,7.5,3.9,217,27.9,51
藤守前,2026-09-03,15,0.7,7.5,3.5,252,27.9,51
藤守前,2026-09-03,18,0.7,7.5,2.2,279,27.9,3
藤守前,2026-09-03,21,0.7,7.7,0.8,293,27.8,3
吉田沖,2026-09-03,00,0.7,7.5,0.1,243,27.9,3
吉田沖,2026-09-03,03,0.7,7.5,1.5,324,27.8,3
吉田沖,2026-09-03,06,0.7,7.4,0.4,315,27.8,3
吉田沖,2026-09-03,09,0.8,7.6,1.6,222,27.8,3
吉田沖,2026-09-03,12,0.7,7.5,3.9,217,27.9,51
吉田沖,2026-09-03,15,0.7,7.5,3.5,252,27.9,51
吉田沖,2026-09-03,18,0.7,7.5,2.2,279,27.9,3
吉田沖,2026-09-03,21,0.7,7.7,0.8,293,27.8,3
千貫門沖,2026-09-03,00,0.9,8.3,0.8,75,28.1,3
千貫門沖,2026-09-03,03,0.9,8.2,1.3,7,28.0,3
千貫門沖,2026-09-03,06,0.8,8.1,0.3,68,27.9,3
千貫門沖,2026-09-03,09,0.9,8.4,1.0,279,27.9,3
千貫門沖,2026-09-03,12,0.9,8.1,1.7,286,28.0,3
千貫門沖,2026-09-03,15,0.8,8.1,1.6,253,28.1,3
千貫門沖,2026-09-03,18,0.8,8.1,0.5,294,28.0,3
千貫門沖,2026-09-03,21,0.8,8.2,1.2,33,27.9,51
豊浜沖,2026-09-03,00,0.8,8.3,0.8,75,28.1,3
豊浜沖,2026-09-03,03,0.8,8.2,1.3,7,28.0,3
豊浜沖,2026-09-03,06,0.8,8.1,0.3,68,28.0,3
豊浜沖,2026-09-03,09,0.9,8.3,1.0,279,28.0,3
豊浜沖,2026-09-03,12,0.8,8.1,1.7,286,28.1,3
豊浜沖,2026-09-03,15,0.8,8.0,1.6,253,28.2,3
豊浜沖,2026-09-03,18,0.8,7.9,0.5,294,28.2,3
豊浜沖,2026-09-03,21,0.8,8.2,1.2,33,28.1,51
松崎沖,2026-09-03,00,0.9,8.3,0.8,75,28.1,3
松崎沖,2026-09-03,03,0.9,8.2,1.3,7,28.0,3
松崎沖,2026-09-03,06,0.8,8.1,0.3,68,27.9,3
松崎沖,2026-09-03,09,0.9,8.4,1.0,279,27.9,3
松崎沖,2026-09-03,12,0.9,8.1,1.7,286,28.0,3
松崎沖,2026-09-03,15,0.8,8.1,1.6,253,28.1,3
松崎沖,2026-09-03,18,0.8,8.1,0.5,294,28.0,3
松崎沖,2026-09-03,21,0.8,8.2,1.2,33,27.9,51
西伊豆沖,2026-09-03,00,0.8,8.3,0.3,81,28.1,3
西伊豆沖,2026-09-03,03,0.8,8.2,0.6,35,28.0,3
西伊豆沖,2026-09-03,06,0.8,8.1,0.7,113,27.9,3
西伊豆沖,2026-09-03,09,0.9,8.3,1.2,207,27.9,3
西伊豆沖,2026-09-03,12,0.8,8.1,2.0,207,28.0,3
西伊豆沖,2026-09-03,15,0.8,8.0,2.3,191,28.1,3
西伊豆沖,2026-09-03,18,0.8,7.9,0.7,176,28.0,3
西伊豆沖,2026-09-03,21,0.8,8.2,2.4,169,27.9,51
大井川沖,2026-09-03,00,0.8,7.9,0.2,11,27.9,3
大井川沖,2026-09-03,03,0.8,7.8,1.5,335,27.9,3
大井川沖,2026-09-03,06,0.8,7.8,0.5,297,27.9,3
大井川沖,2026-09-03,09,0.8,8.0,1.9,195,27.9,2
大井川沖,2026-09-03,12,0.8,7.8,4.0,206,27.9,51
大井川沖,2026-09-03,15,0.8,7.8,3.6,248,28.0,3
大井川沖,2026-09-03,18,0.7,7.7,2.0,288,27.9,3
大井川沖,2026-09-03,21,0.7,7.8,1.7,352,27.8,3
中瀬海岸,2026-09-03,00,0.8,7.9,0.2,11,27.9,3
中瀬海岸,2026-09-03,03,0.8,7.8,1.5,335,27.9,3
中瀬海岸,2026-09-03,06,0.8,7.8,0.5,297,27.9,3
中瀬海岸,2026-09-03,09,0.8,8.0,1.9,195,27.9,2
中瀬海岸,2026-09-03,12,0.8,7.8,4.0,206,27.9,51
中瀬海岸,2026-09-03,15,0.8,7.8,3.6,248,28.0,3
中瀬海岸,2026-09-03,18,0.7,7.7,2.0,288,27.9,3
中瀬海岸,2026-09-03,21,0.7,7.8,1.7,352,27.8,3
大井川港,2026-09-03,00,0.8,7.9,0.2,56,27.9,3
大井川港,2026-09-03,03,0.8,7.8,1.4,356,27.9,3
大井川港,2026-09-03,06,0.8,7.8,0.3,279,27.9,53
大井川港,2026-09-03,09,0.8,8.0,1.9,187,27.9,2
大井川港,2026-09-03,12,0.8,7.8,3.6,196,27.9,51
大井川港,2026-09-03,15,0.8,7.8,3.2,246,28.0,3
大井川港,2026-09-03,18,0.7,7.7,1.4,312,27.9,3
大井川港,2026-09-03,21,0.7,7.8,2.6,24,27.8,3
駿河湾,2026-09-03,00,0.8,8.3,0.1,135,28.1,3
駿河湾,2026-09-03,03,0.8,8.2,1.1,307,28.1,3
駿河湾,2026-09-03,06,0.7,8.1,0.7,150,28.1,3
駿河湾,2026-09-03,09,0.8,8.3,2.0,226,28.1,2
駿河湾,2026-09-03,12,0.8,8.1,3.6,206,28.1,3
駿河湾,2026-09-03,15,0.7,8.0,2.2,212,28.2,51
駿河湾,2026-09-03,18,0.7,7.8,0.6,138,28.1,3
駿河湾,2026-09-03,21,0.7,8.2,0.6,331,28.1,51
洲崎沖,2026-09-03,00,1.1,8.3,1.3,184,28.2,3
洲崎沖,2026-09-03,03,1.0,8.2,1.2,280,28.2,3
洲崎沖,2026-09-03,06,1.0,8.4,1.6,167,28.2,3
洲崎沖,2026-09-03,09,1.0,8.5,3.4,221,28.2,3
洲崎沖,2026-09-03,12,1.0,7.9,3.8,227,28.3,3
洲崎沖,2026-09-03,15,0.9,7.7,3.5,239,28.4,3
洲崎沖,2026-09-03,18,0.9,7.8,0.7,113,28.5,3
洲崎沖,2026-09-03,21,0.9,8.0,0.7,39,28.5,2
沖ノ瀬,2026-09-03,00,1.0,8.3,2.5,198,28.0,3
沖ノ瀬,2026-09-03,03,1.0,8.2,1.9,240,27.9,3
沖ノ瀬,2026-09-03,06,1.0,8.4,2.6,212,27.8,3
沖ノ瀬,2026-09-03,09,1.0,8.7,5.1,222,27.8,3
沖ノ瀬,2026-09-03,12,0.9,7.8,6.7,215,27.8,3
沖ノ瀬,2026-09-03,15,0.9,7.7,5.3,221,27.8,3
沖ノ瀬,2026-09-03,18,0.8,7.8,3.5,355,27.7,3
沖ノ瀬,2026-09-03,21,0.8,8.1,2.5,61,27.6,51
平砂浦沖,2026-09-03,00,1.2,8.1,1.3,184,28.3,3
平砂浦沖,2026-09-03,03,1.1,8.1,1.2,280,28.3,3
平砂浦沖,2026-09-03,06,1.1,8.4,1.6,167,28.3,3
平砂浦沖,2026-09-03,09,1.0,8.3,3.4,221,28.4,3
平砂浦沖,2026-09-03,12,1.0,8.1,3.8,227,28.5,3
平砂浦沖,2026-09-03,15,1.0,7.8,3.5,239,28.7,3
平砂浦沖,2026-09-03,18,0.9,7.8,0.7,113,28.6,3
平砂浦沖,2026-09-03,21,1.0,8.0,0.7,39,28.5,2
館山沖,2026-09-03,00,1.1,8.2,1.3,184,28.2,3
館山沖,2026-09-03,03,1.0,8.1,1.2,280,28.2,3
館山沖,2026-09-03,06,1.1,8.4,1.6,167,28.2,3
館山沖,2026-09-03,09,1.0,8.4,3.4,221,28.3,3
館山沖,2026-09-03,12,1.0,8.0,3.8,227,28.4,3
館山沖,2026-09-03,15,0.9,7.8,3.5,239,28.5,3
館山沖,2026-09-03,18,0.9,7.8,0.7,113,28.5,3
館山沖,2026-09-03,21,0.9,7.9,0.7,39,28.5,2
久能沖,2026-09-03,00,0.8,8.0,0.2,256,28.1,3
久能沖,2026-09-03,03,0.7,8.0,1.2,301,28.0,3
久能沖,2026-09-03,06,0.7,7.9,0.8,266,28.0,3
久能沖,2026-09-03,09,0.8,8.1,2.2,196,28.0,2
久能沖,2026-09-03,12,0.8,7.9,3.4,180,28.1,3
久能沖,2026-09-03,15,0.7,7.8,1.6,202,28.2,3
久能沖,2026-09-03,18,0.7,7.7,3.0,47,28.2,3
久能沖,2026-09-03,21,0.7,7.9,3.0,10,28.0,51
富浦沖,2026-09-03,00,1.0,8.3,1.3,184,28.3,3
富浦沖,2026-09-03,03,1.0,8.2,1.2,280,28.3,3
富浦沖,2026-09-03,06,1.0,8.4,1.6,167,28.3,3
富浦沖,2026-09-03,09,1.0,8.6,3.4,221,28.3,3
富浦沖,2026-09-03,12,1.0,7.8,3.8,227,28.3,3
富浦沖,2026-09-03,15,0.9,7.7,3.5,239,28.4,3
富浦沖,2026-09-03,18,0.9,7.8,0.7,113,28.4,3
富浦沖,2026-09-03,21,0.9,8.0,0.7,39,28.3,2
折戸沖,2026-09-03,00,0.8,8.0,0.2,256,28.1,3
折戸沖,2026-09-03,03,0.7,8.0,1.2,301,28.0,3
折戸沖,2026-09-03,06,0.7,7.9,0.8,266,28.0,3
折戸沖,2026-09-03,09,0.8,8.1,2.2,196,28.0,2
折戸沖,2026-09-03,12,0.8,7.9,3.4,180,28.1,3
折戸沖,2026-09-03,15,0.7,7.8,1.6,202,28.2,3
折戸沖,2026-09-03,18,0.7,7.7,3.0,47,28.2,3
折戸沖,2026-09-03,21,0.7,7.9,3.0,10,28.0,51
貯木場,2026-09-03,00,0.7,8.2,0.2,256,28.1,3
貯木場,2026-09-03,03,0.7,8.2,1.2,301,28.0,3
貯木場,2026-09-03,06,0.7,8.1,0.8,266,28.0,3
貯木場,2026-09-03,09,0.8,8.3,2.2,196,28.0,2
貯木場,2026-09-03,12,0.7,8.1,3.4,180,28.1,3
貯木場,2026-09-03,15,0.7,7.8,1.6,202,28.2,3
貯木場,2026-09-03,18,0.7,7.7,3.0,47,28.2,3
貯木場,2026-09-03,21,0.7,8.0,3.0,10,28.0,51
折戸,2026-09-03,00,0.7,8.2,0.2,256,28.2,3
折戸,2026-09-03,03,0.7,8.2,1.2,301,28.1,3
折戸,2026-09-03,06,0.7,8.1,0.8,266,28.1,3
折戸,2026-09-03,09,0.8,8.3,2.2,196,28.1,2
折戸,2026-09-03,12,0.7,8.1,3.4,180,28.2,3
折戸,2026-09-03,15,0.7,7.8,1.6,202,28.3,3
折戸,2026-09-03,18,0.7,7.7,3.0,47,28.2,3
折戸,2026-09-03,21,0.7,8.0,3.0,10,28.1,51
清水沖,2026-09-03,00,0.7,8.2,0.2,256,28.2,3
清水沖,2026-09-03,03,0.7,8.2,1.2,301,28.1,3
清水沖,2026-09-03,06,0.7,8.1,0.8,266,28.1,3
清水沖,2026-09-03,09,0.8,8.3,2.2,196,28.1,2
清水沖,2026-09-03,12,0.7,8.1,3.4,180,28.2,3
清水沖,2026-09-03,15,0.7,7.8,1.6,202,28.3,3
清水沖,2026-09-03,18,0.7,7.7,3.0,47,28.2,3
清水沖,2026-09-03,21,0.7,8.0,3.0,10,28.1,51
岩井富浦沖,2026-09-03,00,0.8,8.2,1.3,184,28.1,3
岩井富浦沖,2026-09-03,03,0.8,8.0,1.2,280,28.0,3
岩井富浦沖,2026-09-03,06,0.8,8.2,1.6,167,27.9,3
岩井富浦沖,2026-09-03,09,0.8,8.2,3.4,221,28.0,3
岩井富浦沖,2026-09-03,12,0.8,7.6,3.8,227,28.1,3
岩井富浦沖,2026-09-03,15,0.8,7.5,3.5,239,28.2,3
岩井富浦沖,2026-09-03,18,0.7,7.5,0.7,113,28.2,3
岩井富浦沖,2026-09-03,21,0.7,7.7,0.7,39,28.1,2
北防,2026-09-03,00,0.7,8.2,0.2,256,28.1,3
北防,2026-09-03,03,0.7,8.2,1.2,301,28.0,3
北防,2026-09-03,06,0.7,8.1,0.8,266,28.0,3
北防,2026-09-03,09,0.8,8.3,2.2,196,28.0,2
北防,2026-09-03,12,0.7,8.1,3.4,180,28.1,3
北防,2026-09-03,15,0.7,7.8,1.6,202,28.2,3
北防,2026-09-03,18,0.7,7.7,3.0,47,28.2,3
北防,2026-09-03,21,0.7,8.0,3.0,10,28.0,51
一文字堤,2026-09-03,00,0.7,8.2,0.2,256,28.2,3
一文字堤,2026-09-03,03,0.7,8.2,1.2,301,28.1,3
一文字堤,2026-09-03,06,0.7,8.1,0.8,266,28.1,3
一文字堤,2026-09-03,09,0.8,8.3,2.2,196,28.1,2
一文字堤,2026-09-03,12,0.7,8.1,3.4,180,28.2,3
一文字堤,2026-09-03,15,0.7,7.8,1.6,202,28.3,3
一文字堤,2026-09-03,18,0.7,7.7,3.0,47,28.2,3
一文字堤,2026-09-03,21,0.7,8.0,3.0,10,28.1,51
西浦沖,2026-09-03,00,0.7,8.3,0.1,135,27.8,3
西浦沖,2026-09-03,03,0.7,8.2,1.4,285,27.8,3
西浦沖,2026-09-03,06,0.6,8.1,0.8,147,27.8,3
西浦沖,2026-09-03,09,0.7,8.2,2.3,255,27.8,3
西浦沖,2026-09-03,12,0.7,8.1,3.0,244,27.8,3
西浦沖,2026-09-03,15,0.6,8.0,2.0,283,27.9,51
西浦沖,2026-09-03,18,0.6,7.8,0.6,95,27.8,3
西浦沖,2026-09-03,21,0.6,8.1,1.1,323,27.8,51
高新田前,2026-09-03,00,0.7,8.2,0.2,256,28.2,3
高新田前,2026-09-03,03,0.7,8.2,1.2,301,28.1,3
高新田前,2026-09-03,06,0.7,8.1,0.8,266,28.1,3
高新田前,2026-09-03,09,0.8,8.3,2.2,196,28.1,2
高新田前,2026-09-03,12,0.7,8.1,3.4,180,28.2,3
高新田前,2026-09-03,15,0.7,7.8,1.6,202,28.3,3
高新田前,2026-09-03,18,0.7,7.7,3.0,47,28.2,3
高新田前,2026-09-03,21,0.7,8.0,3.0,10,28.1,51
三保沖,2026-09-03,00,0.7,8.2,0.3,321,27.9,3
三保沖,2026-09-03,03,0.7,8.2,0.7,312,27.9,3
三保沖,2026-09-03,06,0.7,8.1,0.8,291,27.9,3
三保沖,2026-09-03,09,0.8,8.3,2.0,186,28.0,3
三保沖,2026-09-03,12,0.7,8.1,3.1,148,28.0,3
三保沖,2026-09-03,15,0.7,7.8,1.2,95,28.0,51
三保沖,2026-09-03,18,0.7,7.7,2.0,17,28.0,51
三保沖,2026-09-03,21,0.7,8.0,3.2,340,28.0,63
三保取入口,2026-09-03,00,0.7,8.2,0.3,321,27.9,3
三保取入口,2026-09-03,03,0.7,8.2,0.7,312,27.9,3
三保取入口,2026-09-03,06,0.7,8.1,0.8,291,27.9,3
三保取入口,2026-09-03,09,0.8,8.3,2.0,186,28.0,3
三保取入口,2026-09-03,12,0.7,8.1,3.1,148,28.0,3
三保取入口,2026-09-03,15,0.7,7.8,1.2,95,28.0,51
三保取入口,2026-09-03,18,0.7,7.7,2.0,17,28.0,51
三保取入口,2026-09-03,21,0.7,8.0,3.2,340,28.0,63
静浦沖,2026-09-03,00,0.7,8.3,0.3,108,27.8,3
静浦沖,2026-09-03,03,0.7,8.2,1.4,306,27.8,3
静浦沖,2026-09-03,06,0.6,8.1,0.4,104,27.8,3
静浦沖,2026-09-03,09,0.7,8.2,2.0,234,27.8,3
静浦沖,2026-09-03,12,0.7,8.1,2.5,231,27.8,3
静浦沖,2026-09-03,15,0.6,8.0,1.6,296,27.9,51
静浦沖,2026-09-03,18,0.6,7.8,1.2,43,27.8,51
静浦沖,2026-09-03,21,0.6,8.1,1.9,313,27.8,53
網代沖,2026-09-03,00,,,0.4,234,27.1,3
網代沖,2026-09-03,03,,,1.6,281,27.0,3
網代沖,2026-09-03,06,,,1.2,235,27.1,3
網代沖,2026-09-03,09,,,3.0,275,27.2,3
網代沖,2026-09-03,12,,,3.5,273,27.4,3
網代沖,2026-09-03,15,,,2.3,307,27.6,51
網代沖,2026-09-03,18,,,0.9,117,27.5,3
網代沖,2026-09-03,21,,,1.7,237,27.3,51
網代南沖,2026-09-03,00,0.8,8.1,0.8,256,27.1,3
網代南沖,2026-09-03,03,0.8,8.0,1.6,268,27.0,3
網代南沖,2026-09-03,06,0.8,8.1,1.7,251,27.1,3
網代南沖,2026-09-03,09,0.8,8.4,3.4,251,27.2,3
網代南沖,2026-09-03,12,0.8,7.9,3.9,255,27.4,3
網代南沖,2026-09-03,15,0.7,7.8,2.3,288,27.6,51
網代南沖,2026-09-03,18,0.7,7.8,1.6,74,27.5,3
網代南沖,2026-09-03,21,0.7,7.8,2.1,229,27.3,53
岩井沖,2026-09-03,00,0.8,8.2,1.3,184,28.1,3
岩井沖,2026-09-03,03,0.8,8.0,1.2,280,28.0,3
岩井沖,2026-09-03,06,0.8,8.2,1.6,167,27.9,3
岩井沖,2026-09-03,09,0.8,8.2,3.4,221,28.0,3
岩井沖,2026-09-03,12,0.8,7.6,3.8,227,28.1,3
岩井沖,2026-09-03,15,0.8,7.5,3.5,239,28.2,3
岩井沖,2026-09-03,18,0.7,7.5,0.7,113,28.2,3
岩井沖,2026-09-03,21,0.7,7.7,0.7,39,28.1,2
沼津沖,2026-09-03,00,0.7,8.3,0.1,135,27.8,3
沼津沖,2026-09-03,03,0.7,8.2,1.4,285,27.8,3
沼津沖,2026-09-03,06,0.6,8.1,0.8,147,27.8,3
沼津沖,2026-09-03,09,0.7,8.2,2.3,255,27.8,3
沼津沖,2026-09-03,12,0.7,8.1,3.0,244,27.8,3
沼津沖,2026-09-03,15,0.6,8.0,2.0,283,27.9,51
沼津沖,2026-09-03,18,0.6,7.8,0.6,95,27.8,3
沼津沖,2026-09-03,21,0.6,8.1,1.1,323,27.8,51
相模湾,2026-09-03,00,0.9,8.2,3.9,206,27.2,3
相模湾,2026-09-03,03,0.8,8.1,3.1,242,27.2,3
相模湾,2026-09-03,06,0.8,8.3,4.6,211,27.1,3
相模湾,2026-09-03,09,0.9,8.6,4.5,203,27.2,3
相模湾,2026-09-03,12,0.8,8.0,6.0,192,27.4,3
相模湾,2026-09-03,15,0.8,7.8,3.6,208,27.5,3
相模湾,2026-09-03,18,0.7,7.8,6.9,23,27.5,3
相模湾,2026-09-03,21,0.7,8.0,1.1,54,27.3,3
太海沖航程1時間30分,2026-09-03,00,1.2,8.1,1.3,184,27.6,3
太海沖航程1時間30分,2026-09-03,03,1.1,8.1,0.9,283,27.5,3
太海沖航程1時間30分,2026-09-03,06,1.1,8.4,1.5,164,27.5,3
太海沖航程1時間30分,2026-09-03,09,1.0,8.3,3.5,219,27.6,3
太海沖航程1時間30分,2026-09-03,12,1.0,8.1,3.8,229,27.7,3
太海沖航程1時間30分,2026-09-03,15,1.0,7.8,2.4,244,27.7,3
太海沖航程1時間30分,2026-09-03,18,0.9,7.8,0.6,95,27.7,51
太海沖航程1時間30分,2026-09-03,21,1.0,8.0,0.4,69,27.7,2
木負沖,2026-09-03,00,0.7,8.3,0.3,108,27.8,3
木負沖,2026-09-03,03,0.7,8.2,1.4,306,27.8,3
木負沖,2026-09-03,06,0.6,8.1,0.4,104,27.8,3
木負沖,2026-09-03,09,0.7,8.2,2.0,234,27.8,3
木負沖,2026-09-03,12,0.7,8.1,2.5,231,27.8,3
木負沖,2026-09-03,15,0.6,8.0,1.6,296,27.9,51
木負沖,2026-09-03,18,0.6,7.8,1.2,43,27.8,51
木負沖,2026-09-03,21,0.6,8.1,1.9,313,27.8,53
木負湾内,2026-09-03,00,0.7,8.3,0.3,108,27.8,3
木負湾内,2026-09-03,03,0.7,8.2,1.4,306,27.8,3
木負湾内,2026-09-03,06,0.6,8.1,0.4,104,27.8,3
木負湾内,2026-09-03,09,0.7,8.2,2.0,234,27.8,3
木負湾内,2026-09-03,12,0.7,8.1,2.5,231,27.8,3
木負湾内,2026-09-03,15,0.6,8.0,1.6,296,27.9,51
木負湾内,2026-09-03,18,0.6,7.8,1.2,43,27.8,51
木負湾内,2026-09-03,21,0.6,8.1,1.9,313,27.8,53
カメギ根,2026-09-03,00,0.9,8.2,4.5,198,27.6,3
カメギ根,2026-09-03,03,0.8,8.2,3.2,233,27.5,3
カメギ根,2026-09-03,06,0.9,8.3,4.7,205,27.5,3
カメギ根,2026-09-03,09,0.9,8.6,5.5,210,27.5,3
カメギ根,2026-09-03,12,0.8,7.7,5.9,204,27.5,3
カメギ根,2026-09-03,15,0.8,7.5,4.4,215,27.5,3
カメギ根,2026-09-03,18,0.8,7.7,6.6,19,27.4,3
カメギ根,2026-09-03,21,0.7,8.0,1.8,24,27.4,51
保田沖,2026-09-03,00,0.9,8.3,1.8,175,28.1,3
保田沖,2026-09-03,03,0.8,8.1,1.0,210,28.0,3
保田沖,2026-09-03,06,0.9,8.3,2.5,158,28.0,3
保田沖,2026-09-03,09,0.9,8.3,4.1,217,28.1,3
保田沖,2026-09-03,12,0.8,7.6,4.3,219,28.2,3
保田沖,2026-09-03,15,0.8,7.5,2.6,213,28.3,3
保田沖,2026-09-03,18,0.8,7.5,0.4,76,28.2,3
保田沖,2026-09-03,21,0.8,7.8,1.0,53,28.2,2
大沢沖前後,2026-09-03,00,1.3,8.2,1.9,192,28.5,3
大沢沖前後,2026-09-03,03,1.3,8.3,0.4,277,28.5,3
大沢沖前後,2026-09-03,06,1.3,8.7,1.0,174,28.6,3
大沢沖前後,2026-09-03,09,1.2,8.4,3.8,214,28.7,3
大沢沖前後,2026-09-03,12,1.1,8.3,4.3,223,28.7,3
大沢沖前後,2026-09-03,15,1.0,8.2,2.9,247,28.7,3
大沢沖前後,2026-09-03,18,1.0,8.3,0.9,308,28.6,53
大沢沖前後,2026-09-03,21,1.0,8.4,0.5,96,28.4,2
勝浦沖航程1時間30分,2026-09-03,00,1.5,8.1,2.2,189,29.0,3
勝浦沖航程1時間30分,2026-09-03,03,1.5,8.2,0.4,214,29.0,3
勝浦沖航程1時間30分,2026-09-03,06,1.6,8.6,1.5,176,29.0,3
勝浦沖航程1時間30分,2026-09-03,09,1.3,8.2,3.9,216,29.0,3
勝浦沖航程1時間30分,2026-09-03,12,1.2,8.2,4.7,220,29.1,3
勝浦沖航程1時間30分,2026-09-03,15,1.2,8.1,3.5,238,29.1,3
勝浦沖航程1時間30分,2026-09-03,18,1.2,8.2,1.6,268,29.0,53
勝浦沖航程1時間30分,2026-09-03,21,1.2,8.4,0.1,180,29.0,3
由比沖,2026-09-03,00,0.6,8.2,0.2,37,28.3,3
由比沖,2026-09-03,03,0.6,8.2,1.7,351,28.3,3
由比沖,2026-09-03,06,0.6,8.1,1.0,357,28.3,3
由比沖,2026-09-03,09,0.6,8.0,0.6,52,28.3,3
由比沖,2026-09-03,12,0.6,8.0,0.8,145,28.4,51
由比沖,2026-09-03,15,0.6,7.9,1.1,18,28.4,51
由比沖,2026-09-03,18,0.6,7.8,0.4,293,28.3,51
由比沖,2026-09-03,21,0.6,7.9,2.8,343,28.2,61
由比港周辺,2026-09-03,00,0.6,8.2,0.2,37,28.3,3
由比港周辺,2026-09-03,03,0.6,8.2,1.7,351,28.3,3
由比港周辺,2026-09-03,06,0.6,8.1,1.0,357,28.3,3
由比港周辺,2026-09-03,09,0.6,8.0,0.6,52,28.3,3
由比港周辺,2026-09-03,12,0.6,8.0,0.8,145,28.4,51
由比港周辺,2026-09-03,15,0.6,7.9,1.1,18,28.4,51
由比港周辺,2026-09-03,18,0.6,7.8,0.4,293,28.3,51
由比港周辺,2026-09-03,21,0.6,7.9,2.8,343,28.2,61
岩船沖,2026-09-03,00,1.2,8.1,1.5,182,27.6,2
岩船沖,2026-09-03,03,1.1,8.1,0.6,255,27.5,3
岩船沖,2026-09-03,06,1.1,8.4,1.5,168,27.5,3
岩船沖,2026-09-03,09,1.0,8.3,3.7,217,27.6,3
岩船沖,2026-09-03,12,1.0,8.1,4.0,231,27.7,3
岩船沖,2026-09-03,15,1.0,7.8,2.3,242,27.7,3
岩船沖,2026-09-03,18,0.9,7.8,0.2,45,27.7,53
岩船沖,2026-09-03,21,1.0,8.0,0.3,90,27.7,2
小湊沖,2026-09-03,00,1.1,8.1,1.9,192,27.6,3
小湊沖,2026-09-03,03,1.1,8.1,0.4,277,27.7,3
小湊沖,2026-09-03,06,1.1,8.4,1.0,174,27.8,3
小湊沖,2026-09-03,09,1.0,8.0,3.8,214,27.9,3
小湊沖,2026-09-03,12,1.0,8.1,4.3,223,28.0,3
小湊沖,2026-09-03,15,0.9,8.1,2.9,247,28.1,3
小湊沖,2026-09-03,18,0.9,8.1,0.9,308,28.0,53
小湊沖,2026-09-03,21,0.9,8.1,0.5,96,27.9,2
太海沖,2026-09-03,00,0.7,8.3,1.8,175,27.6,3
太海沖,2026-09-03,03,0.6,8.2,1.0,210,27.6,3
太海沖,2026-09-03,06,0.7,8.2,2.5,158,27.6,3
太海沖,2026-09-03,09,0.7,8.1,4.1,217,27.6,3
太海沖,2026-09-03,12,0.7,7.5,4.3,219,27.8,3
太海沖,2026-09-03,15,0.6,7.3,2.6,213,27.9,3
太海沖,2026-09-03,18,0.6,7.3,0.4,76,27.9,3
太海沖,2026-09-03,21,0.6,7.6,1.0,53,27.8,2
鴨川沖前後,2026-09-03,00,1.0,7.8,1.9,192,27.3,3
鴨川沖前後,2026-09-03,03,0.9,7.8,0.4,277,27.3,3
鴨川沖前後,2026-09-03,06,1.0,8.2,1.0,174,27.3,3
鴨川沖前後,2026-09-03,09,0.9,7.8,3.8,214,27.4,3
鴨川沖前後,2026-09-03,12,0.8,7.8,4.3,223,27.5,3
鴨川沖前後,2026-09-03,15,0.8,7.8,2.9,247,27.6,3
鴨川沖前後,2026-09-03,18,0.8,7.8,0.9,308,27.5,53
鴨川沖前後,2026-09-03,21,0.8,7.8,0.5,96,27.4,2
岩和田沖,2026-09-03,00,1.3,8.2,2.2,189,27.9,3
岩和田沖,2026-09-03,03,1.3,8.2,0.4,214,27.9,3
岩和田沖,2026-09-03,06,1.4,8.6,1.5,176,28.0,3
岩和田沖,2026-09-03,09,1.2,8.2,3.9,216,28.1,3
岩和田沖,2026-09-03,12,1.2,8.2,4.7,220,28.2,3
岩和田沖,2026-09-03,15,1.1,8.2,3.5,238,28.4,3
岩和田沖,2026-09-03,18,1.1,8.2,1.6,268,28.4,53
岩和田沖,2026-09-03,21,1.1,8.3,0.1,180,28.4,3
城ヶ島西沖,2026-09-03,00,0.8,8.3,4.5,198,27.4,3
城ヶ島西沖,2026-09-03,03,0.7,8.2,3.2,233,27.3,3
城ヶ島西沖,2026-09-03,06,0.8,8.3,4.7,205,27.3,3
城ヶ島西沖,2026-09-03,09,0.8,8.2,5.5,210,27.3,3
城ヶ島西沖,2026-09-03,12,0.8,7.7,5.9,204,27.4,3
城ヶ島西沖,2026-09-03,15,0.7,7.5,4.4,215,27.4,3
城ヶ島西沖,2026-09-03,18,0.7,7.7,6.6,19,27.4,3
城ヶ島西沖,2026-09-03,21,0.7,7.8,1.8,24,27.3,51
城ヶ島沖,2026-09-03,00,0.8,8.3,3.9,196,27.6,3
城ヶ島沖,2026-09-03,03,0.7,8.2,2.9,227,27.6,3
城ヶ島沖,2026-09-03,06,0.8,8.3,4.1,191,27.6,3
城ヶ島沖,2026-09-03,09,0.8,8.2,5.6,208,27.6,3
城ヶ島沖,2026-09-03,12,0.8,7.5,5.9,203,27.7,3
城ヶ島沖,2026-09-03,15,0.7,7.5,4.6,211,27.8,3
城ヶ島沖,2026-09-03,18,0.7,7.5,4.5,23,27.8,3
城ヶ島沖,2026-09-03,21,0.7,7.8,1.9,36,27.7,51
大貫沖～富浦沖,2026-09-03,00,0.7,8.3,1.8,175,28.1,3
大貫沖～富浦沖,2026-09-03,03,0.6,8.2,1.0,210,28.0,3
大貫沖～富浦沖,2026-09-03,06,0.7,8.2,2.5,158,27.9,3
大貫沖～富浦沖,2026-09-03,09,0.7,8.1,4.1,217,28.0,3
大貫沖～富浦沖,2026-09-03,12,0.7,7.5,4.3,219,28.1,3
大貫沖～富浦沖,2026-09-03,15,0.6,7.3,2.6,213,28.2,3
大貫沖～富浦沖,2026-09-03,18,0.6,7.3,0.4,76,28.1,3
大貫沖～富浦沖,2026-09-03,21,0.6,7.6,1.0,53,28.0,2
御宿沖,2026-09-03,00,1.3,8.2,2.2,189,27.9,3
御宿沖,2026-09-03,03,1.3,8.2,0.4,214,27.9,3
御宿沖,2026-09-03,06,1.4,8.6,1.5,176,28.0,3
御宿沖,2026-09-03,09,1.2,8.2,3.9,216,28.1,3
御宿沖,2026-09-03,12,1.2,8.2,4.7,220,28.2,3
御宿沖,2026-09-03,15,1.1,8.2,3.5,238,28.4,3
御宿沖,2026-09-03,18,1.1,8.2,1.6,268,28.4,53
御宿沖,2026-09-03,21,1.1,8.3,0.1,180,28.4,3
興津港沖,2026-09-03,00,1.3,8.2,2.2,189,27.9,3
興津港沖,2026-09-03,03,1.3,8.2,0.4,214,27.9,3
興津港沖,2026-09-03,06,1.4,8.6,1.5,176,28.0,3
興津港沖,2026-09-03,09,1.2,8.2,3.9,216,28.1,3
興津港沖,2026-09-03,12,1.2,8.2,4.7,220,28.2,3
興津港沖,2026-09-03,15,1.1,8.2,3.5,238,28.4,3
興津港沖,2026-09-03,18,1.1,8.2,1.6,268,28.4,53
興津港沖,2026-09-03,21,1.1,8.3,0.1,180,28.4,3
烏帽子沖,2026-09-03,00,0.8,8.3,3.9,196,27.6,3
烏帽子沖,2026-09-03,03,0.7,8.2,2.9,227,27.6,3
烏帽子沖,2026-09-03,06,0.8,8.3,4.1,191,27.6,3
烏帽子沖,2026-09-03,09,0.8,8.2,5.6,208,27.6,3
烏帽子沖,2026-09-03,12,0.8,7.5,5.9,203,27.7,3
烏帽子沖,2026-09-03,15,0.7,7.5,4.6,211,27.8,3
烏帽子沖,2026-09-03,18,0.7,7.5,4.5,23,27.8,3
烏帽子沖,2026-09-03,21,0.7,7.8,1.9,36,27.7,51
諸磯沖,2026-09-03,00,0.8,8.3,3.9,196,27.6,3
諸磯沖,2026-09-03,03,0.7,8.2,2.9,227,27.6,3
諸磯沖,2026-09-03,06,0.8,8.3,4.1,191,27.6,3
諸磯沖,2026-09-03,09,0.8,8.2,5.6,208,27.6,3
諸磯沖,2026-09-03,12,0.8,7.5,5.9,203,27.7,3
諸磯沖,2026-09-03,15,0.7,7.5,4.6,211,27.8,3
諸磯沖,2026-09-03,18,0.7,7.5,4.5,23,27.8,3
諸磯沖,2026-09-03,21,0.7,7.8,1.9,36,27.7,51
剣崎沖,2026-09-03,00,0.8,8.3,3.9,196,27.6,3
剣崎沖,2026-09-03,03,0.7,8.2,2.9,227,27.6,3
剣崎沖,2026-09-03,06,0.8,8.3,4.1,191,27.6,3
剣崎沖,2026-09-03,09,0.8,8.2,5.6,208,27.6,3
剣崎沖,2026-09-03,12,0.8,7.5,5.9,203,27.7,3
剣崎沖,2026-09-03,15,0.7,7.5,4.6,211,27.8,3
剣崎沖,2026-09-03,18,0.7,7.5,4.5,23,27.8,3
剣崎沖,2026-09-03,21,0.7,7.8,1.9,36,27.7,51
勝浦灯台沖航程20分,2026-09-03,00,1.2,8.2,2.2,189,28.0,3
勝浦灯台沖航程20分,2026-09-03,03,1.2,8.2,0.4,214,28.0,3
勝浦灯台沖航程20分,2026-09-03,06,1.3,8.5,1.5,176,28.1,3
勝浦灯台沖航程20分,2026-09-03,09,1.1,8.2,3.9,216,28.3,3
勝浦灯台沖航程20分,2026-09-03,12,1.1,8.2,4.7,220,28.5,3
勝浦灯台沖航程20分,2026-09-03,15,1.0,8.2,3.5,238,28.6,3
勝浦灯台沖航程20分,2026-09-03,18,1.0,8.2,1.6,268,28.7,53
勝浦灯台沖航程20分,2026-09-03,21,1.0,8.3,0.1,180,28.6,3
勝浦沖航程30分,2026-09-03,00,1.3,8.2,2.2,189,27.9,3
勝浦沖航程30分,2026-09-03,03,1.3,8.2,0.4,214,27.9,3
勝浦沖航程30分,2026-09-03,06,1.4,8.6,1.5,176,28.0,3
勝浦沖航程30分,2026-09-03,09,1.2,8.2,3.9,216,28.1,3
勝浦沖航程30分,2026-09-03,12,1.2,8.2,4.7,220,28.2,3
勝浦沖航程30分,2026-09-03,15,1.1,8.2,3.5,238,28.4,3
勝浦沖航程30分,2026-09-03,18,1.1,8.2,1.6,268,28.4,53
勝浦沖航程30分,2026-09-03,21,1.1,8.3,0.1,180,28.4,3
田子の浦沖,2026-09-03,00,0.6,8.2,0.2,37,28.3,3
田子の浦沖,2026-09-03,03,0.6,8.2,1.7,351,28.3,3
田子の浦沖,2026-09-03,06,0.6,8.1,1.0,357,28.3,3
田子の浦沖,2026-09-03,09,0.6,8.0,0.6,52,28.3,3
田子の浦沖,2026-09-03,12,0.6,8.0,0.8,145,28.4,51
田子の浦沖,2026-09-03,15,0.6,7.9,1.1,18,28.4,51
田子の浦沖,2026-09-03,18,0.6,7.8,0.4,293,28.3,51
田子の浦沖,2026-09-03,21,0.6,7.9,2.8,343,28.2,61
富士川沖,2026-09-03,00,0.6,8.2,0.2,37,28.2,3
富士川沖,2026-09-03,03,0.6,8.2,1.7,351,28.2,3
富士川沖,2026-09-03,06,0.6,8.1,1.0,357,28.2,3
富士川沖,2026-09-03,09,0.6,8.0,0.6,52,28.2,3
富士川沖,2026-09-03,12,0.6,8.0,0.8,145,28.2,51
富士川沖,2026-09-03,15,0.6,7.9,1.1,18,28.2,51
富士川沖,2026-09-03,18,0.6,7.8,0.4,293,28.2,51
富士川沖,2026-09-03,21,0.6,7.9,2.8,343,28.1,61
かんねこ,2026-09-03,00,0.7,8.3,1.8,175,27.6,3
かんねこ,2026-09-03,03,0.6,8.2,1.0,210,27.6,3
かんねこ,2026-09-03,06,0.7,8.2,2.5,158,27.6,3
かんねこ,2026-09-03,09,0.7,8.1,4.1,217,27.6,3
かんねこ,2026-09-03,12,0.7,7.5,4.3,219,27.8,3
かんねこ,2026-09-03,15,0.6,7.3,2.6,213,27.9,3
かんねこ,2026-09-03,18,0.6,7.3,0.4,76,27.9,3
かんねこ,2026-09-03,21,0.6,7.6,1.0,53,27.8,2
海中公園沖,2026-09-03,00,1.3,8.2,2.2,189,27.9,3
海中公園沖,2026-09-03,03,1.3,8.2,0.4,214,27.9,3
海中公園沖,2026-09-03,06,1.4,8.6,1.5,176,28.0,3
海中公園沖,2026-09-03,09,1.2,8.2,3.9,216,28.1,3
海中公園沖,2026-09-03,12,1.2,8.2,4.7,220,28.2,3
海中公園沖,2026-09-03,15,1.1,8.2,3.5,238,28.4,3
海中公園沖,2026-09-03,18,1.1,8.2,1.6,268,28.4,53
海中公園沖,2026-09-03,21,1.1,8.3,0.1,180,28.4,3
真鶴西沖,2026-09-03,00,0.7,8.0,1.0,243,27.2,3
真鶴西沖,2026-09-03,03,0.7,8.0,1.9,267,27.1,3
真鶴西沖,2026-09-03,06,0.7,8.1,1.8,253,27.1,3
真鶴西沖,2026-09-03,09,0.8,8.3,3.4,223,27.2,3
真鶴西沖,2026-09-03,12,0.7,7.8,3.2,230,27.4,3
真鶴西沖,2026-09-03,15,0.6,7.7,1.9,270,27.5,51
真鶴西沖,2026-09-03,18,0.6,7.7,1.6,46,27.4,3
真鶴西沖,2026-09-03,21,0.6,7.7,1.6,220,27.3,63
真鶴沖,2026-09-03,00,0.7,8.0,1.0,243,27.2,3
真鶴沖,2026-09-03,03,0.7,8.0,1.9,267,27.1,3
真鶴沖,2026-09-03,06,0.7,8.1,1.8,253,27.1,3
真鶴沖,2026-09-03,09,0.8,8.3,3.4,223,27.2,3
真鶴沖,2026-09-03,12,0.7,7.8,3.2,230,27.4,3
真鶴沖,2026-09-03,15,0.6,7.7,1.9,270,27.5,51
真鶴沖,2026-09-03,18,0.6,7.7,1.6,46,27.4,3
真鶴沖,2026-09-03,21,0.6,7.7,1.6,220,27.3,63
勝浦灯台沖,2026-09-03,00,1.2,8.2,2.2,189,28.0,3
勝浦灯台沖,2026-09-03,03,1.2,8.2,0.4,214,28.0,3
勝浦灯台沖,2026-09-03,06,1.3,8.5,1.5,176,28.1,3
勝浦灯台沖,2026-09-03,09,1.1,8.2,3.9,216,28.3,3
勝浦灯台沖,2026-09-03,12,1.1,8.2,4.7,220,28.5,3
勝浦灯台沖,2026-09-03,15,1.0,8.2,3.5,238,28.6,3
勝浦灯台沖,2026-09-03,18,1.0,8.2,1.6,268,28.7,53
勝浦灯台沖,2026-09-03,21,1.0,8.3,0.1,180,28.6,3
勝浦沖,2026-09-03,00,1.2,8.2,2.2,189,28.0,3
勝浦沖,2026-09-03,03,1.2,8.2,0.4,214,28.0,3
勝浦沖,2026-09-03,06,1.3,8.5,1.5,176,28.1,3
勝浦沖,2026-09-03,09,1.1,8.2,3.9,216,28.3,3
勝浦沖,2026-09-03,12,1.1,8.2,4.7,220,28.5,3
勝浦沖,2026-09-03,15,1.0,8.2,3.5,238,28.6,3
勝浦沖,2026-09-03,18,1.0,8.2,1.6,268,28.7,53
勝浦沖,2026-09-03,21,1.0,8.3,0.1,180,28.6,3
富士山根,2026-09-03,00,0.7,8.3,2.7,195,27.4,3
富士山根,2026-09-03,03,0.7,8.2,2.2,220,27.3,3
富士山根,2026-09-03,06,0.7,8.2,3.1,189,27.3,3
富士山根,2026-09-03,09,0.7,8.0,4.9,200,27.4,3
富士山根,2026-09-03,12,0.7,7.5,4.8,198,27.5,3
富士山根,2026-09-03,15,0.6,7.4,3.0,206,27.5,3
富士山根,2026-09-03,18,0.6,7.5,4.7,14,27.4,3
富士山根,2026-09-03,21,0.6,7.7,1.6,348,27.3,51
川津沖,2026-09-03,00,1.2,8.2,2.2,192,27.9,3
川津沖,2026-09-03,03,1.1,8.0,0.3,158,27.9,3
川津沖,2026-09-03,06,1.2,8.3,2.1,176,28.0,3
川津沖,2026-09-03,09,1.1,7.9,4.1,210,28.1,3
川津沖,2026-09-03,12,1.0,7.8,4.6,217,28.2,3
川津沖,2026-09-03,15,1.0,7.8,3.2,235,28.4,3
川津沖,2026-09-03,18,1.0,7.9,1.1,283,28.4,53
川津沖,2026-09-03,21,1.0,8.0,0.5,209,28.4,3
下浦沖,2026-09-03,00,0.6,8.2,2.7,195,27.4,3
下浦沖,2026-09-03,03,0.6,8.1,2.2,220,27.2,3
下浦沖,2026-09-03,06,0.6,8.1,3.1,189,27.2,3
下浦沖,2026-09-03,09,0.6,7.8,4.9,200,27.3,3
下浦沖,2026-09-03,12,0.6,7.2,4.8,198,27.5,3
下浦沖,2026-09-03,15,0.6,7.1,3.0,206,27.6,3
下浦沖,2026-09-03,18,0.6,7.2,4.7,14,27.5,3
下浦沖,2026-09-03,21,0.5,7.4,1.6,348,27.4,51
興津沖,2026-09-03,00,1.2,8.2,2.2,192,27.9,3
興津沖,2026-09-03,03,1.1,8.0,0.3,158,27.9,3
興津沖,2026-09-03,06,1.2,8.3,2.1,176,28.0,3
興津沖,2026-09-03,09,1.1,7.9,4.1,210,28.1,3
興津沖,2026-09-03,12,1.0,7.8,4.6,217,28.2,3
興津沖,2026-09-03,15,1.0,7.8,3.2,235,28.4,3
興津沖,2026-09-03,18,1.0,7.9,1.1,283,28.4,53
興津沖,2026-09-03,21,1.0,8.0,0.5,209,28.4,3
長井西沖,2026-09-03,00,0.7,8.3,2.7,195,27.4,3
長井西沖,2026-09-03,03,0.7,8.2,2.2,220,27.3,3
長井西沖,2026-09-03,06,0.7,8.2,3.1,189,27.3,3
長井西沖,2026-09-03,09,0.7,8.0,4.9,200,27.4,3
長井西沖,2026-09-03,12,0.7,7.5,4.8,198,27.5,3
長井西沖,2026-09-03,15,0.6,7.4,3.0,206,27.5,3
長井西沖,2026-09-03,18,0.6,7.5,4.7,14,27.4,3
長井西沖,2026-09-03,21,0.6,7.7,1.6,348,27.3,51
長井沖,2026-09-03,00,0.6,8.2,2.7,195,27.5,3
長井沖,2026-09-03,03,0.6,8.0,2.2,220,27.5,3
長井沖,2026-09-03,06,0.6,8.1,3.1,189,27.5,3
長井沖,2026-09-03,09,0.7,7.8,4.9,200,27.5,3
長井沖,2026-09-03,12,0.6,7.2,4.8,198,27.7,3
長井沖,2026-09-03,15,0.6,7.2,3.0,206,27.8,3
長井沖,2026-09-03,18,0.6,7.2,4.7,14,27.7,3
長井沖,2026-09-03,21,0.6,7.5,1.6,348,27.6,51
三戸浜沖,2026-09-03,00,0.6,8.2,2.7,195,27.5,3
三戸浜沖,2026-09-03,03,0.6,8.0,2.2,220,27.5,3
三戸浜沖,2026-09-03,06,0.6,8.1,3.1,189,27.5,3
三戸浜沖,2026-09-03,09,0.7,7.8,4.9,200,27.5,3
三戸浜沖,2026-09-03,12,0.6,7.2,4.8,198,27.7,3
三戸浜沖,2026-09-03,15,0.6,7.2,3.0,206,27.8,3
三戸浜沖,2026-09-03,18,0.6,7.2,4.7,14,27.7,3
三戸浜沖,2026-09-03,21,0.6,7.5,1.6,348,27.6,51
金谷沖,2026-09-03,00,0.5,8.2,2.7,195,27.5,3
金谷沖,2026-09-03,03,0.5,8.1,2.2,220,27.4,3
金谷沖,2026-09-03,06,0.5,8.1,3.1,189,27.4,3
金谷沖,2026-09-03,09,0.6,7.9,4.9,200,27.5,3
金谷沖,2026-09-03,12,0.5,7.2,4.8,198,27.7,3
金谷沖,2026-09-03,15,0.5,7.2,3.0,206,27.9,3
金谷沖,2026-09-03,18,0.5,7.2,4.7,14,27.8,3
金谷沖,2026-09-03,21,0.5,7.4,1.6,348,27.6,51
佐島沖,2026-09-03,00,0.6,8.2,2.7,195,27.5,3
佐島沖,2026-09-03,03,0.6,8.0,2.2,220,27.5,3
佐島沖,2026-09-03,06,0.6,8.1,3.1,189,27.5,3
佐島沖,2026-09-03,09,0.7,7.8,4.9,200,27.5,3
佐島沖,2026-09-03,12,0.6,7.2,4.8,198,27.7,3
佐島沖,2026-09-03,15,0.6,7.2,3.0,206,27.8,3
佐島沖,2026-09-03,18,0.6,7.2,4.7,14,27.7,3
佐島沖,2026-09-03,21,0.6,7.5,1.6,348,27.6,51
小田原南沖,2026-09-03,00,0.6,8.1,1.0,243,27.3,3
小田原南沖,2026-09-03,03,0.6,7.9,1.9,267,27.2,3
小田原南沖,2026-09-03,06,0.6,8.0,1.8,253,27.2,3
小田原南沖,2026-09-03,09,0.7,8.2,3.4,223,27.3,3
小田原南沖,2026-09-03,12,0.6,7.7,3.2,230,27.5,3
小田原南沖,2026-09-03,15,0.6,7.5,1.9,270,27.6,51
小田原南沖,2026-09-03,18,0.6,7.5,1.6,46,27.5,3
小田原南沖,2026-09-03,21,0.6,7.7,1.6,220,27.3,63
瀬の海,2026-09-03,00,0.7,8.2,1.7,201,27.3,3
瀬の海,2026-09-03,03,0.7,8.1,1.1,241,27.3,3
瀬の海,2026-09-03,06,0.7,8.2,1.5,200,27.3,3
瀬の海,2026-09-03,09,0.8,8.2,4.3,186,27.4,3
瀬の海,2026-09-03,12,0.7,7.6,4.0,179,27.5,3
瀬の海,2026-09-03,15,0.6,7.6,1.3,187,27.6,51
瀬の海,2026-09-03,18,0.6,7.7,2.6,17,27.6,3
瀬の海,2026-09-03,21,0.6,7.8,0.8,165,27.4,53
秋谷沖,2026-09-03,00,0.7,8.3,2.7,195,27.4,3
秋谷沖,2026-09-03,03,0.7,8.2,2.2,220,27.3,3
秋谷沖,2026-09-03,06,0.7,8.2,3.1,189,27.3,3
秋谷沖,2026-09-03,09,0.7,8.0,4.9,200,27.4,3
秋谷沖,2026-09-03,12,0.7,7.5,4.8,198,27.5,3
秋谷沖,2026-09-03,15,0.6,7.4,3.0,206,27.5,3
秋谷沖,2026-09-03,18,0.6,7.5,4.7,14,27.4,3
秋谷沖,2026-09-03,21,0.6,7.7,1.6,348,27.3,51
竹岡沖,2026-09-03,00,0.5,8.2,2.4,174,27.5,3
竹岡沖,2026-09-03,03,0.5,8.1,2.0,181,27.4,3
竹岡沖,2026-09-03,06,0.5,8.1,3.1,167,27.4,3
竹岡沖,2026-09-03,09,0.6,7.9,5.0,201,27.5,1
竹岡沖,2026-09-03,12,0.5,7.2,5.4,202,27.7,3
竹岡沖,2026-09-03,15,0.5,7.2,3.5,204,27.9,3
竹岡沖,2026-09-03,18,0.5,7.2,4.6,2,27.8,3
竹岡沖,2026-09-03,21,0.5,7.4,1.1,311,27.6,2
部原沖,2026-09-03,00,1.2,8.2,2.2,189,28.0,3
部原沖,2026-09-03,03,1.2,8.2,0.4,214,28.0,3
部原沖,2026-09-03,06,1.3,8.5,1.5,176,28.1,3
部原沖,2026-09-03,09,1.1,8.2,3.9,216,28.3,3
部原沖,2026-09-03,12,1.1,8.2,4.7,220,28.5,3
部原沖,2026-09-03,15,1.0,8.2,3.5,238,28.6,3
部原沖,2026-09-03,18,1.0,8.2,1.6,268,28.7,53
部原沖,2026-09-03,21,1.0,8.3,0.1,180,28.6,3
小田原西沖,2026-09-03,00,0.6,8.1,1.0,243,27.3,3
小田原西沖,2026-09-03,03,0.6,7.9,1.9,267,27.2,3
小田原西沖,2026-09-03,06,0.6,8.0,1.8,253,27.2,3
小田原西沖,2026-09-03,09,0.7,8.2,3.4,223,27.3,3
小田原西沖,2026-09-03,12,0.6,7.7,3.2,230,27.5,3
小田原西沖,2026-09-03,15,0.6,7.5,1.9,270,27.6,51
小田原西沖,2026-09-03,18,0.6,7.5,1.6,46,27.5,3
小田原西沖,2026-09-03,21,0.6,7.7,1.6,220,27.3,63
小田原沖,2026-09-03,00,0.6,8.1,1.0,243,27.3,3
小田原沖,2026-09-03,03,0.6,7.9,1.9,267,27.2,3
小田原沖,2026-09-03,06,0.6,8.0,1.8,253,27.2,3
小田原沖,2026-09-03,09,0.7,8.2,3.4,223,27.3,3
小田原沖,2026-09-03,12,0.6,7.7,3.2,230,27.5,3
小田原沖,2026-09-03,15,0.6,7.5,1.9,270,27.6,51
小田原沖,2026-09-03,18,0.6,7.5,1.6,46,27.5,3
小田原沖,2026-09-03,21,0.6,7.7,1.6,220,27.3,63
小田原東沖,2026-09-03,00,0.6,8.1,1.0,243,27.3,3
小田原東沖,2026-09-03,03,0.6,7.9,1.9,267,27.2,3
小田原東沖,2026-09-03,06,0.6,8.0,1.8,253,27.2,3
小田原東沖,2026-09-03,09,0.7,8.2,3.4,223,27.3,3
小田原東沖,2026-09-03,12,0.6,7.7,3.2,230,27.5,3
小田原東沖,2026-09-03,15,0.6,7.5,1.9,270,27.6,51
小田原東沖,2026-09-03,18,0.6,7.5,1.6,46,27.5,3
小田原東沖,2026-09-03,21,0.6,7.7,1.6,220,27.3,63
久里浜沖,2026-09-03,00,0.6,8.2,2.7,195,27.4,3
久里浜沖,2026-09-03,03,0.6,8.1,2.2,220,27.2,3
久里浜沖,2026-09-03,06,0.6,8.1,3.1,189,27.2,3
久里浜沖,2026-09-03,09,0.6,7.8,4.9,200,27.3,3
久里浜沖,2026-09-03,12,0.6,7.2,4.8,198,27.5,3
久里浜沖,2026-09-03,15,0.6,7.1,3.0,206,27.6,3
久里浜沖,2026-09-03,18,0.6,7.2,4.7,14,27.5,3
久里浜沖,2026-09-03,21,0.5,7.4,1.6,348,27.4,51
国府津沖,2026-09-03,00,0.6,8.1,0.3,252,27.3,3
国府津沖,2026-09-03,03,0.6,7.9,1.2,301,27.2,3
国府津沖,2026-09-03,06,0.6,8.0,0.6,270,27.2,3
国府津沖,2026-09-03,09,0.7,8.2,2.3,185,27.3,3
国府津沖,2026-09-03,12,0.6,7.7,2.6,168,27.5,3
国府津沖,2026-09-03,15,0.6,7.5,1.0,162,27.6,51
国府津沖,2026-09-03,18,0.6,7.5,0.7,28,27.5,51
国府津沖,2026-09-03,21,0.6,7.7,0.9,221,27.3,61
葉山南沖,2026-09-03,00,0.5,8.3,2.7,195,27.5,3
葉山南沖,2026-09-03,03,0.5,8.2,2.2,220,27.4,3
葉山南沖,2026-09-03,06,0.5,8.2,3.1,189,27.3,3
葉山南沖,2026-09-03,09,0.6,8.0,4.9,200,27.4,3
葉山南沖,2026-09-03,12,0.6,7.2,4.8,198,27.5,3
葉山南沖,2026-09-03,15,0.5,7.3,3.0,206,27.7,3
葉山南沖,2026-09-03,18,0.5,7.4,4.7,14,27.6,3
葉山南沖,2026-09-03,21,0.5,7.6,1.6,348,27.5,51
エボシ沖,2026-09-03,00,0.5,8.3,2.7,195,27.5,3
エボシ沖,2026-09-03,03,0.5,8.2,2.2,220,27.4,3
エボシ沖,2026-09-03,06,0.5,8.2,3.1,189,27.3,3
エボシ沖,2026-09-03,09,0.6,8.0,4.9,200,27.4,3
エボシ沖,2026-09-03,12,0.6,7.2,4.8,198,27.5,3
エボシ沖,2026-09-03,15,0.5,7.3,3.0,206,27.7,3
エボシ沖,2026-09-03,18,0.5,7.4,4.7,14,27.6,3
エボシ沖,2026-09-03,21,0.5,7.6,1.6,348,27.5,51
観音崎沖ｍ,2026-09-03,00,0.4,8.0,2.7,195,27.2,3
観音崎沖ｍ,2026-09-03,03,0.4,7.8,2.2,220,27.1,3
観音崎沖ｍ,2026-09-03,06,0.4,7.7,3.1,189,27.1,3
観音崎沖ｍ,2026-09-03,09,0.4,7.7,4.9,200,27.2,3
観音崎沖ｍ,2026-09-03,12,0.4,6.5,4.8,198,27.4,3
観音崎沖ｍ,2026-09-03,15,0.4,6.8,3.0,206,27.6,3
観音崎沖ｍ,2026-09-03,18,0.4,6.8,4.7,14,27.5,3
観音崎沖ｍ,2026-09-03,21,0.4,7.0,1.6,348,27.4,51
浦賀沖,2026-09-03,00,0.4,8.0,2.7,195,27.2,3
浦賀沖,2026-09-03,03,0.4,7.8,2.2,220,27.1,3
浦賀沖,2026-09-03,06,0.4,7.7,3.1,189,27.1,3
浦賀沖,2026-09-03,09,0.4,7.7,4.9,200,27.2,3
浦賀沖,2026-09-03,12,0.4,6.5,4.8,198,27.4,3
浦賀沖,2026-09-03,15,0.4,6.8,3.0,206,27.6,3
浦賀沖,2026-09-03,18,0.4,6.8,4.7,14,27.5,3
浦賀沖,2026-09-03,21,0.4,7.0,1.6,348,27.4,51
鎌倉沖,2026-09-03,00,0.5,8.3,2.6,188,27.5,3
鎌倉沖,2026-09-03,03,0.5,8.2,2.0,215,27.4,3
鎌倉沖,2026-09-03,06,0.5,8.2,2.6,184,27.3,3
鎌倉沖,2026-09-03,09,0.6,8.0,4.7,196,27.4,3
鎌倉沖,2026-09-03,12,0.6,7.2,4.1,207,27.5,3
鎌倉沖,2026-09-03,15,0.5,7.3,1.6,218,27.7,51
鎌倉沖,2026-09-03,18,0.5,7.4,3.2,13,27.6,3
鎌倉沖,2026-09-03,21,0.5,7.6,0.3,108,27.5,51
葉山沖,2026-09-03,00,0.5,8.3,2.4,185,27.5,3
葉山沖,2026-09-03,03,0.5,8.2,1.9,215,27.4,3
葉山沖,2026-09-03,06,0.5,8.2,3.0,187,27.3,3
葉山沖,2026-09-03,09,0.6,8.0,4.5,197,27.4,3
葉山沖,2026-09-03,12,0.6,7.2,4.2,210,27.5,3
葉山沖,2026-09-03,15,0.5,7.3,2.1,206,27.7,51
葉山沖,2026-09-03,18,0.5,7.4,3.7,8,27.6,3
葉山沖,2026-09-03,21,0.5,7.6,1.3,326,27.5,51
大貫沖,2026-09-03,00,0.4,8.0,2.4,174,27.4,3
大貫沖,2026-09-03,03,0.4,7.9,2.0,181,27.2,3
大貫沖,2026-09-03,06,0.4,7.8,3.1,167,27.2,3
大貫沖,2026-09-03,09,0.4,7.7,5.0,201,27.3,1
大貫沖,2026-09-03,12,0.4,6.5,5.4,202,27.5,3
大貫沖,2026-09-03,15,0.4,6.8,3.5,204,27.8,3
大貫沖,2026-09-03,18,0.4,6.9,4.6,2,27.7,3
大貫沖,2026-09-03,21,0.4,7.0,1.1,311,27.5,2
大原沖,2026-09-03,00,1.1,8.3,2.2,192,27.5,3
大原沖,2026-09-03,03,1.0,8.2,0.3,158,27.5,3
大原沖,2026-09-03,06,1.2,8.9,2.1,176,27.5,3
大原沖,2026-09-03,09,1.0,8.2,4.1,210,27.6,3
大原沖,2026-09-03,12,1.0,8.0,4.6,217,27.8,3
大原沖,2026-09-03,15,0.9,8.0,3.2,235,28.0,3
大原沖,2026-09-03,18,0.9,8.1,1.1,283,28.0,53
大原沖,2026-09-03,21,0.9,8.1,0.5,209,27.9,3
江の島沖,2026-09-03,00,0.6,8.2,2.6,188,27.6,3
江の島沖,2026-09-03,03,0.6,8.1,2.0,215,27.4,3
江の島沖,2026-09-03,06,0.6,8.1,2.6,184,27.4,3
江の島沖,2026-09-03,09,0.7,8.0,4.7,196,27.4,3
江の島沖,2026-09-03,12,0.6,7.4,4.1,207,27.6,3
江の島沖,2026-09-03,15,0.6,7.5,1.6,218,27.7,51
江の島沖,2026-09-03,18,0.5,7.5,3.2,13,27.6,3
江の島沖,2026-09-03,21,0.5,7.7,0.3,108,27.5,51
小坪沖,2026-09-03,00,0.5,8.3,2.4,185,27.5,3
小坪沖,2026-09-03,03,0.5,8.2,1.9,215,27.4,3
小坪沖,2026-09-03,06,0.5,8.2,3.0,187,27.3,3
小坪沖,2026-09-03,09,0.6,8.0,4.5,197,27.4,3
小坪沖,2026-09-03,12,0.6,7.2,4.2,210,27.5,3
小坪沖,2026-09-03,15,0.5,7.3,2.1,206,27.7,51
小坪沖,2026-09-03,18,0.5,7.4,3.7,8,27.6,3
小坪沖,2026-09-03,21,0.5,7.6,1.3,326,27.5,51
横須賀沖,2026-09-03,00,0.4,8.0,2.7,195,27.2,3
横須賀沖,2026-09-03,03,0.4,7.8,2.2,220,27.1,3
横須賀沖,2026-09-03,06,0.4,7.7,3.1,189,27.1,3
横須賀沖,2026-09-03,09,0.4,7.7,4.9,200,27.2,3
横須賀沖,2026-09-03,12,0.4,6.5,4.8,198,27.4,3
横須賀沖,2026-09-03,15,0.4,6.8,3.0,206,27.6,3
横須賀沖,2026-09-03,18,0.4,6.8,4.7,14,27.5,3
横須賀沖,2026-09-03,21,0.4,7.0,1.6,348,27.4,51
観音崎沖～横須賀沖,2026-09-03,00,0.4,8.0,2.7,195,27.2,3
観音崎沖～横須賀沖,2026-09-03,03,0.4,7.8,2.2,220,27.1,3
観音崎沖～横須賀沖,2026-09-03,06,0.4,7.7,3.1,189,27.1,3
観音崎沖～横須賀沖,2026-09-03,09,0.4,7.7,4.9,200,27.2,3
観音崎沖～横須賀沖,2026-09-03,12,0.4,6.5,4.8,198,27.4,3
観音崎沖～横須賀沖,2026-09-03,15,0.4,6.8,3.0,206,27.6,3
観音崎沖～横須賀沖,2026-09-03,18,0.4,6.8,4.7,14,27.5,3
観音崎沖～横須賀沖,2026-09-03,21,0.4,7.0,1.6,348,27.4,51
観音崎沖,2026-09-03,00,0.4,8.0,2.7,195,27.2,3
観音崎沖,2026-09-03,03,0.4,7.8,2.2,220,27.1,3
観音崎沖,2026-09-03,06,0.4,7.7,3.1,189,27.1,3
観音崎沖,2026-09-03,09,0.4,7.7,4.9,200,27.2,3
観音崎沖,2026-09-03,12,0.4,6.5,4.8,198,27.4,3
観音崎沖,2026-09-03,15,0.4,6.8,3.0,206,27.6,3
観音崎沖,2026-09-03,18,0.4,6.8,4.7,14,27.5,3
観音崎沖,2026-09-03,21,0.4,7.0,1.6,348,27.4,51
富津南沖,2026-09-03,00,0.4,8.0,2.4,174,27.4,3
富津南沖,2026-09-03,03,0.4,7.9,2.0,181,27.2,3
富津南沖,2026-09-03,06,0.4,7.8,3.1,167,27.2,3
富津南沖,2026-09-03,09,0.4,7.7,5.0,201,27.3,1
富津南沖,2026-09-03,12,0.4,6.5,5.4,202,27.5,3
富津南沖,2026-09-03,15,0.4,6.8,3.5,204,27.8,3
富津南沖,2026-09-03,18,0.4,6.9,4.6,2,27.7,3
富津南沖,2026-09-03,21,0.4,7.0,1.1,311,27.5,2
大貫沖～猿島沖,2026-09-03,00,0.4,8.0,2.7,195,27.2,3
大貫沖～猿島沖,2026-09-03,03,0.4,7.8,2.2,220,27.1,3
大貫沖～猿島沖,2026-09-03,06,0.4,7.7,3.1,189,27.1,3
大貫沖～猿島沖,2026-09-03,09,0.4,7.7,4.9,200,27.2,3
大貫沖～猿島沖,2026-09-03,12,0.4,6.5,4.8,198,27.4,3
大貫沖～猿島沖,2026-09-03,15,0.4,6.8,3.0,206,27.6,3
大貫沖～猿島沖,2026-09-03,18,0.4,6.8,4.7,14,27.5,3
大貫沖～猿島沖,2026-09-03,21,0.4,7.0,1.6,348,27.4,51
二宮沖,2026-09-03,00,0.5,7.9,0.3,252,27.5,3
二宮沖,2026-09-03,03,0.5,7.8,1.2,301,27.4,3
二宮沖,2026-09-03,06,0.5,7.8,0.6,270,27.4,3
二宮沖,2026-09-03,09,0.6,8.1,2.3,185,27.5,3
二宮沖,2026-09-03,12,0.6,7.5,2.6,168,27.7,3
二宮沖,2026-09-03,15,0.5,7.3,1.0,162,27.8,51
二宮沖,2026-09-03,18,0.5,7.3,0.7,28,27.8,51
二宮沖,2026-09-03,21,0.5,7.5,0.9,221,27.6,61
小坪西沖,2026-09-03,00,0.5,8.3,2.6,188,27.5,3
小坪西沖,2026-09-03,03,0.5,8.2,2.0,215,27.4,3
小坪西沖,2026-09-03,06,0.5,8.2,2.6,184,27.3,3
小坪西沖,2026-09-03,09,0.6,8.0,4.7,196,27.4,3
小坪西沖,2026-09-03,12,0.6,7.2,4.1,207,27.5,3
小坪西沖,2026-09-03,15,0.5,7.3,1.6,218,27.7,51
小坪西沖,2026-09-03,18,0.5,7.4,3.2,13,27.6,3
小坪西沖,2026-09-03,21,0.5,7.6,0.3,108,27.5,51
大津沖,2026-09-03,00,0.4,8.2,2.7,195,27.2,3
大津沖,2026-09-03,03,0.4,8.0,2.2,220,27.1,3
大津沖,2026-09-03,06,0.4,7.8,3.1,189,27.1,3
大津沖,2026-09-03,09,0.5,7.8,4.9,200,27.2,3
大津沖,2026-09-03,12,0.5,6.8,4.8,198,27.4,3
大津沖,2026-09-03,15,0.4,7.0,3.0,206,27.6,3
大津沖,2026-09-03,18,0.4,7.0,4.7,14,27.5,3
大津沖,2026-09-03,21,0.4,7.2,1.6,348,27.4,51
木更津沖～竹岡沖,2026-09-03,00,0.4,8.0,2.4,174,27.4,3
木更津沖～竹岡沖,2026-09-03,03,0.4,7.9,2.0,181,27.3,3
木更津沖～竹岡沖,2026-09-03,06,0.4,7.8,3.1,167,27.3,3
木更津沖～竹岡沖,2026-09-03,09,0.4,7.7,5.0,201,27.4,1
木更津沖～竹岡沖,2026-09-03,12,0.4,6.5,5.4,202,27.5,3
木更津沖～竹岡沖,2026-09-03,15,0.4,6.8,3.5,204,27.7,3
木更津沖～竹岡沖,2026-09-03,18,0.4,6.9,4.6,2,27.6,3
木更津沖～竹岡沖,2026-09-03,21,0.4,7.0,1.1,311,27.5,2
平塚西沖,2026-09-03,00,0.5,7.9,0.3,252,27.5,3
平塚西沖,2026-09-03,03,0.5,7.8,1.2,301,27.4,3
平塚西沖,2026-09-03,06,0.5,7.8,0.6,270,27.4,3
平塚西沖,2026-09-03,09,0.6,8.1,2.3,185,27.5,3
平塚西沖,2026-09-03,12,0.6,7.5,2.6,168,27.7,3
平塚西沖,2026-09-03,15,0.5,7.3,1.0,162,27.8,51
平塚西沖,2026-09-03,18,0.5,7.3,0.7,28,27.8,51
平塚西沖,2026-09-03,21,0.5,7.5,0.9,221,27.6,61
大磯沖,2026-09-03,00,0.5,7.9,1.7,201,27.5,3
大磯沖,2026-09-03,03,0.5,7.8,1.1,241,27.4,3
大磯沖,2026-09-03,06,0.5,7.8,1.5,200,27.4,3
大磯沖,2026-09-03,09,0.6,8.1,4.3,186,27.5,3
大磯沖,2026-09-03,12,0.6,7.5,4.0,179,27.7,3
大磯沖,2026-09-03,15,0.5,7.3,1.3,187,27.8,51
大磯沖,2026-09-03,18,0.5,7.3,2.6,17,27.8,3
大磯沖,2026-09-03,21,0.5,7.5,0.8,165,27.6,53
平塚東沖,2026-09-03,00,0.6,8.2,1.7,201,27.6,3
平塚東沖,2026-09-03,03,0.6,8.0,1.1,241,27.5,3
平塚東沖,2026-09-03,06,0.6,8.0,1.5,200,27.5,3
平塚東沖,2026-09-03,09,0.7,8.1,4.3,186,27.5,3
平塚東沖,2026-09-03,12,0.6,7.5,4.0,179,27.7,3
平塚東沖,2026-09-03,15,0.6,7.5,1.3,187,27.8,51
平塚東沖,2026-09-03,18,0.5,7.5,2.6,17,27.7,3
平塚東沖,2026-09-03,21,0.5,7.6,0.8,165,27.6,53
茅ヶ崎西沖,2026-09-03,00,0.6,8.2,1.7,201,27.6,3
茅ヶ崎西沖,2026-09-03,03,0.6,8.0,1.1,241,27.5,3
茅ヶ崎西沖,2026-09-03,06,0.6,8.0,1.5,200,27.5,3
茅ヶ崎西沖,2026-09-03,09,0.7,8.1,4.3,186,27.5,3
茅ヶ崎西沖,2026-09-03,12,0.6,7.5,4.0,179,27.7,3
茅ヶ崎西沖,2026-09-03,15,0.6,7.5,1.3,187,27.8,51
茅ヶ崎西沖,2026-09-03,18,0.5,7.5,2.6,17,27.7,3
茅ヶ崎西沖,2026-09-03,21,0.5,7.6,0.8,165,27.6,53
大磯東沖,2026-09-03,00,0.6,8.2,1.7,201,27.6,3
大磯東沖,2026-09-03,03,0.6,8.0,1.1,241,27.5,3
大磯東沖,2026-09-03,06,0.6,8.0,1.5,200,27.5,3
大磯東沖,2026-09-03,09,0.7,8.1,4.3,186,27.5,3
大磯東沖,2026-09-03,12,0.6,7.5,4.0,179,27.7,3
大磯東沖,2026-09-03,15,0.6,7.5,1.3,187,27.8,51
大磯東沖,2026-09-03,18,0.5,7.5,2.6,17,27.7,3
大磯東沖,2026-09-03,21,0.5,7.6,0.8,165,27.6,53
茅ヶ崎沖,2026-09-03,00,0.6,8.2,1.7,201,27.6,3
茅ヶ崎沖,2026-09-03,03,0.6,8.0,1.1,241,27.5,3
茅ヶ崎沖,2026-09-03,06,0.6,8.0,1.5,200,27.5,3
茅ヶ崎沖,2026-09-03,09,0.7,8.1,4.3,186,27.5,3
茅ヶ崎沖,2026-09-03,12,0.6,7.5,4.0,179,27.7,3
茅ヶ崎沖,2026-09-03,15,0.6,7.5,1.3,187,27.8,51
茅ヶ崎沖,2026-09-03,18,0.5,7.5,2.6,17,27.7,3
茅ヶ崎沖,2026-09-03,21,0.5,7.6,0.8,165,27.6,53
茅ヶ崎東沖,2026-09-03,00,0.6,8.2,2.6,188,27.6,3
茅ヶ崎東沖,2026-09-03,03,0.6,8.1,2.0,215,27.4,3
茅ヶ崎東沖,2026-09-03,06,0.6,8.1,2.6,184,27.4,3
茅ヶ崎東沖,2026-09-03,09,0.7,8.0,4.7,196,27.4,3
茅ヶ崎東沖,2026-09-03,12,0.6,7.4,4.1,207,27.6,3
茅ヶ崎東沖,2026-09-03,15,0.6,7.5,1.6,218,27.7,51
茅ヶ崎東沖,2026-09-03,18,0.5,7.5,3.2,13,27.6,3
茅ヶ崎東沖,2026-09-03,21,0.5,7.7,0.3,108,27.5,51
猿島沖,2026-09-03,00,0.4,8.0,2.7,195,27.2,3
猿島沖,2026-09-03,03,0.4,7.8,2.2,220,27.1,3
猿島沖,2026-09-03,06,0.4,7.7,3.1,189,27.1,3
猿島沖,2026-09-03,09,0.4,7.7,4.9,200,27.2,3
猿島沖,2026-09-03,12,0.4,6.5,4.8,198,27.4,3
猿島沖,2026-09-03,15,0.4,6.8,3.0,206,27.6,3
猿島沖,2026-09-03,18,0.4,6.8,4.7,14,27.5,3
猿島沖,2026-09-03,21,0.4,7.0,1.6,348,27.4,51
走水沖,2026-09-03,00,0.4,8.0,2.4,174,27.4,3
走水沖,2026-09-03,03,0.4,7.9,2.0,181,27.2,3
走水沖,2026-09-03,06,0.4,7.8,3.1,167,27.2,3
走水沖,2026-09-03,09,0.4,7.7,5.0,201,27.3,1
走水沖,2026-09-03,12,0.4,6.5,5.4,202,27.5,3
走水沖,2026-09-03,15,0.4,6.8,3.5,204,27.8,3
走水沖,2026-09-03,18,0.4,6.9,4.6,2,27.7,3
走水沖,2026-09-03,21,0.4,7.0,1.1,311,27.5,2
海堡沖～竹岡沖,2026-09-03,00,0.4,8.0,2.4,174,27.4,3
海堡沖～竹岡沖,2026-09-03,03,0.4,7.9,2.0,181,27.2,3
海堡沖～竹岡沖,2026-09-03,06,0.4,7.8,3.1,167,27.2,3
海堡沖～竹岡沖,2026-09-03,09,0.4,7.7,5.0,201,27.3,1
海堡沖～竹岡沖,2026-09-03,12,0.4,6.5,5.4,202,27.5,3
海堡沖～竹岡沖,2026-09-03,15,0.4,6.8,3.5,204,27.8,3
海堡沖～竹岡沖,2026-09-03,18,0.4,6.9,4.6,2,27.7,3
海堡沖～竹岡沖,2026-09-03,21,0.4,7.0,1.1,311,27.5,2
太東沖,2026-09-03,00,1.1,8.3,1.3,205,26.7,3
太東沖,2026-09-03,03,1.0,8.2,0.5,163,26.8,3
太東沖,2026-09-03,06,1.2,8.9,2.3,174,26.8,3
太東沖,2026-09-03,09,1.0,8.2,3.8,206,26.9,2
太東沖,2026-09-03,12,1.0,8.0,3.9,219,27.1,3
太東沖,2026-09-03,15,0.9,8.0,3.4,267,27.1,3
太東沖,2026-09-03,18,0.9,8.1,2.2,352,27.0,51
太東沖,2026-09-03,21,0.9,8.1,1.5,197,26.9,3
海堡沖,2026-09-03,00,0.4,8.0,2.4,174,27.4,3
海堡沖,2026-09-03,03,0.4,7.9,2.0,181,27.2,3
海堡沖,2026-09-03,06,0.4,7.8,3.1,167,27.2,3
海堡沖,2026-09-03,09,0.4,7.7,5.0,201,27.3,1
海堡沖,2026-09-03,12,0.4,6.5,5.4,202,27.5,3
海堡沖,2026-09-03,15,0.4,6.8,3.5,204,27.8,3
海堡沖,2026-09-03,18,0.4,6.9,4.6,2,27.7,3
海堡沖,2026-09-03,21,0.4,7.0,1.1,311,27.5,2
富津沖,2026-09-03,00,0.4,8.0,2.4,174,27.4,3
富津沖,2026-09-03,03,0.4,7.9,2.0,181,27.2,3
富津沖,2026-09-03,06,0.4,7.8,3.1,167,27.2,3
富津沖,2026-09-03,09,0.4,7.7,5.0,201,27.3,1
富津沖,2026-09-03,12,0.4,6.5,5.4,202,27.5,3
富津沖,2026-09-03,15,0.4,6.8,3.5,204,27.8,3
富津沖,2026-09-03,18,0.4,6.9,4.6,2,27.7,3
富津沖,2026-09-03,21,0.4,7.0,1.1,311,27.5,2
港前,2026-09-03,00,0.4,8.2,2.4,185,27.5,3
港前,2026-09-03,03,0.4,8.0,1.9,215,27.4,3
港前,2026-09-03,06,0.4,7.8,3.0,187,27.3,3
港前,2026-09-03,09,0.5,7.8,4.5,197,27.4,3
港前,2026-09-03,12,0.5,6.8,4.2,210,27.5,3
港前,2026-09-03,15,0.4,7.0,2.1,206,27.7,51
港前,2026-09-03,18,0.4,7.0,3.7,8,27.6,3
港前,2026-09-03,21,0.4,7.2,1.3,326,27.5,51
鴨居沖,2026-09-03,00,0.4,8.2,2.4,185,27.2,3
鴨居沖,2026-09-03,03,0.4,8.0,1.9,215,27.1,3
鴨居沖,2026-09-03,06,0.4,7.8,3.0,187,27.1,3
鴨居沖,2026-09-03,09,0.5,7.8,4.5,197,27.2,3
鴨居沖,2026-09-03,12,0.5,6.8,4.2,210,27.4,3
鴨居沖,2026-09-03,15,0.4,7.0,2.1,206,27.7,51
鴨居沖,2026-09-03,18,0.4,7.0,3.7,8,27.6,3
鴨居沖,2026-09-03,21,0.4,7.2,1.3,326,27.4,51
木更津沖～富津沖,2026-09-03,00,0.3,7.8,2.4,174,27.5,3
木更津沖～富津沖,2026-09-03,03,0.3,7.7,2.0,181,27.4,3
木更津沖～富津沖,2026-09-03,06,0.3,7.5,3.1,167,27.4,3
木更津沖～富津沖,2026-09-03,09,0.3,7.4,5.0,201,27.5,1
木更津沖～富津沖,2026-09-03,12,0.3,5.8,5.4,202,27.6,3
木更津沖～富津沖,2026-09-03,15,0.3,6.4,3.5,204,27.8,3
木更津沖～富津沖,2026-09-03,18,0.3,6.7,4.6,2,27.8,3
木更津沖～富津沖,2026-09-03,21,0.3,6.8,1.1,311,27.7,2
横浜沖～観音崎沖,2026-09-03,00,0.4,8.0,2.7,195,27.2,3
横浜沖～観音崎沖,2026-09-03,03,0.4,7.8,2.2,220,27.1,3
横浜沖～観音崎沖,2026-09-03,06,0.4,7.7,3.1,189,27.1,3
横浜沖～観音崎沖,2026-09-03,09,0.4,7.7,4.9,200,27.2,3
横浜沖～観音崎沖,2026-09-03,12,0.4,6.5,4.8,198,27.4,3
横浜沖～観音崎沖,2026-09-03,15,0.4,6.8,3.0,206,27.7,3
横浜沖～観音崎沖,2026-09-03,18,0.4,6.8,4.7,14,27.6,3
横浜沖～観音崎沖,2026-09-03,21,0.4,7.0,1.6,348,27.4,51
中ノ瀬周り,2026-09-03,00,0.4,8.0,2.7,195,27.2,3
中ノ瀬周り,2026-09-03,03,0.4,7.8,2.2,220,27.1,3
中ノ瀬周り,2026-09-03,06,0.4,7.7,3.1,189,27.1,3
中ノ瀬周り,2026-09-03,09,0.4,7.7,4.9,200,27.2,3
中ノ瀬周り,2026-09-03,12,0.4,6.5,4.8,198,27.4,3
中ノ瀬周り,2026-09-03,15,0.4,6.8,3.0,206,27.7,3
中ノ瀬周り,2026-09-03,18,0.4,6.8,4.7,14,27.6,3
中ノ瀬周り,2026-09-03,21,0.4,7.0,1.6,348,27.4,51
鴨井沖,2026-09-03,00,1.2,8.4,4.0,185,26.3,3
鴨井沖,2026-09-03,03,1.1,8.4,0.9,164,26.3,3
鴨井沖,2026-09-03,06,1.3,9.2,4.8,168,26.3,3
鴨井沖,2026-09-03,09,1.1,8.4,5.1,199,26.4,2
鴨井沖,2026-09-03,12,1.0,8.2,6.2,201,26.5,3
鴨井沖,2026-09-03,15,1.0,8.1,4.2,231,26.7,3
鴨井沖,2026-09-03,18,0.9,8.2,2.0,261,26.6,51
鴨井沖,2026-09-03,21,0.9,8.3,1.3,129,26.5,3
富津沖～海堡,2026-09-03,00,0.3,7.8,2.4,174,27.2,3
富津沖～海堡,2026-09-03,03,0.3,7.7,2.0,181,27.1,3
富津沖～海堡,2026-09-03,06,0.3,7.5,3.1,167,27.0,3
富津沖～海堡,2026-09-03,09,0.3,7.4,5.0,201,27.1,1
富津沖～海堡,2026-09-03,12,0.3,5.8,5.4,202,27.4,3
富津沖～海堡,2026-09-03,15,0.3,6.4,3.5,204,27.6,3
富津沖～海堡,2026-09-03,18,0.3,6.7,4.6,2,27.6,3
富津沖～海堡,2026-09-03,21,0.3,6.8,1.1,311,27.4,2
富岡沖,2026-09-03,00,0.4,8.2,2.4,185,27.2,3
富岡沖,2026-09-03,03,0.4,8.0,1.9,215,27.1,3
富岡沖,2026-09-03,06,0.4,7.8,3.0,187,27.1,3
富岡沖,2026-09-03,09,0.5,7.8,4.5,197,27.2,3
富岡沖,2026-09-03,12,0.5,6.8,4.2,210,27.4,3
富岡沖,2026-09-03,15,0.4,7.0,2.1,206,27.7,51
富岡沖,2026-09-03,18,0.4,7.0,3.7,8,27.6,3
富岡沖,2026-09-03,21,0.4,7.2,1.3,326,27.4,51
小柴沖,2026-09-03,00,0.4,8.2,2.4,185,27.2,3
小柴沖,2026-09-03,03,0.4,8.0,1.9,215,27.1,3
小柴沖,2026-09-03,06,0.4,7.8,3.0,187,27.1,3
小柴沖,2026-09-03,09,0.5,7.8,4.5,197,27.2,3
小柴沖,2026-09-03,12,0.5,6.8,4.2,210,27.4,3
小柴沖,2026-09-03,15,0.4,7.0,2.1,206,27.7,51
小柴沖,2026-09-03,18,0.4,7.0,3.7,8,27.6,3
小柴沖,2026-09-03,21,0.4,7.2,1.3,326,27.4,51
木更津沖～富岡沖,2026-09-03,00,0.3,7.8,2.4,174,27.2,3
木更津沖～富岡沖,2026-09-03,03,0.3,7.7,2.0,181,27.1,3
木更津沖～富岡沖,2026-09-03,06,0.3,7.5,3.1,167,27.1,3
木更津沖～富岡沖,2026-09-03,09,0.3,7.4,5.0,201,27.2,1
木更津沖～富岡沖,2026-09-03,12,0.3,5.8,5.4,202,27.4,3
木更津沖～富岡沖,2026-09-03,15,0.3,6.4,3.5,204,27.7,3
木更津沖～富岡沖,2026-09-03,18,0.3,6.7,4.6,2,27.6,3
木更津沖～富岡沖,2026-09-03,21,0.3,6.8,1.1,311,27.4,2
八景沖,2026-09-03,00,0.4,8.2,2.4,185,27.2,3
八景沖,2026-09-03,03,0.4,8.0,1.9,215,27.1,3
八景沖,2026-09-03,06,0.4,7.8,3.0,187,27.1,3
八景沖,2026-09-03,09,0.5,7.8,4.5,197,27.2,3
八景沖,2026-09-03,12,0.5,6.8,4.2,210,27.4,3
八景沖,2026-09-03,15,0.4,7.0,2.1,206,27.7,51
八景沖,2026-09-03,18,0.4,7.0,3.7,8,27.6,3
八景沖,2026-09-03,21,0.4,7.2,1.3,326,27.4,51
長浦沖,2026-09-03,00,0.3,7.8,2.4,174,27.5,3
長浦沖,2026-09-03,03,0.3,7.7,2.0,181,27.4,3
長浦沖,2026-09-03,06,0.3,7.5,3.1,167,27.4,3
長浦沖,2026-09-03,09,0.3,7.4,5.0,201,27.5,1
長浦沖,2026-09-03,12,0.3,5.8,5.4,202,27.6,3
長浦沖,2026-09-03,15,0.3,6.4,3.5,204,27.8,3
長浦沖,2026-09-03,18,0.3,6.7,4.6,2,27.8,3
長浦沖,2026-09-03,21,0.3,6.8,1.1,311,27.7,2
木更津沖,2026-09-03,00,0.3,7.8,2.8,178,27.5,3
木更津沖,2026-09-03,03,0.3,7.7,2.0,183,27.4,3
木更津沖,2026-09-03,06,0.3,7.5,3.4,169,27.4,3
木更津沖,2026-09-03,09,0.3,7.4,5.3,207,27.5,1
木更津沖,2026-09-03,12,0.3,5.8,5.8,208,27.6,3
木更津沖,2026-09-03,15,0.3,6.4,3.7,213,27.8,3
木更津沖,2026-09-03,18,0.3,6.7,5.1,4,27.8,3
木更津沖,2026-09-03,21,0.3,6.8,1.8,296,27.7,2
一宮沖,2026-09-03,00,1.0,8.3,1.3,205,26.3,3
一宮沖,2026-09-03,03,0.9,8.3,0.5,163,26.3,3
一宮沖,2026-09-03,06,1.1,9.2,2.3,174,26.3,3
一宮沖,2026-09-03,09,0.9,8.3,3.8,206,26.4,2
一宮沖,2026-09-03,12,0.8,8.1,3.9,219,26.5,3
一宮沖,2026-09-03,15,0.8,8.0,3.4,267,26.7,3
一宮沖,2026-09-03,18,0.8,8.1,2.2,352,26.6,51
一宮沖,2026-09-03,21,0.8,8.2,1.5,197,26.5,3
横浜沖周り,2026-09-03,00,0.4,8.0,2.2,169,27.2,3
横浜沖周り,2026-09-03,03,0.4,7.8,1.7,190,27.1,3
横浜沖周り,2026-09-03,06,0.4,7.7,2.6,172,27.1,3
横浜沖周り,2026-09-03,09,0.4,7.7,4.0,196,27.2,3
横浜沖周り,2026-09-03,12,0.4,6.5,3.0,213,27.4,3
横浜沖周り,2026-09-03,15,0.4,6.8,0.3,162,27.7,51
横浜沖周り,2026-09-03,18,0.4,6.8,2.4,358,27.6,51
横浜沖周り,2026-09-03,21,0.4,7.0,0.6,309,27.4,3
本牧沖~富岡沖,2026-09-03,00,0.4,8.2,2.2,169,27.2,3
本牧沖~富岡沖,2026-09-03,03,0.4,8.0,1.7,190,27.1,3
本牧沖~富岡沖,2026-09-03,06,0.4,7.8,2.6,172,27.1,3
本牧沖~富岡沖,2026-09-03,09,0.5,7.8,4.0,196,27.2,3
本牧沖~富岡沖,2026-09-03,12,0.5,6.8,3.0,213,27.4,3
本牧沖~富岡沖,2026-09-03,15,0.4,7.0,0.3,162,27.7,51
本牧沖~富岡沖,2026-09-03,18,0.4,7.0,2.4,358,27.6,51
本牧沖~富岡沖,2026-09-03,21,0.4,7.2,0.6,309,27.4,3
木更津沖～本牧沖,2026-09-03,00,0.3,7.8,2.4,174,27.2,3
木更津沖～本牧沖,2026-09-03,03,0.3,7.7,2.0,181,27.1,3
木更津沖～本牧沖,2026-09-03,06,0.3,7.5,3.1,167,27.0,3
木更津沖～本牧沖,2026-09-03,09,0.3,7.4,5.0,201,27.1,1
木更津沖～本牧沖,2026-09-03,12,0.3,5.8,5.4,202,27.4,3
木更津沖～本牧沖,2026-09-03,15,0.3,6.4,3.5,204,27.6,3
木更津沖～本牧沖,2026-09-03,18,0.3,6.7,4.6,2,27.6,3
木更津沖～本牧沖,2026-09-03,21,0.3,6.8,1.1,311,27.4,2
海堡,2026-09-03,00,0.3,7.8,2.4,174,27.2,3
海堡,2026-09-03,03,0.3,7.7,2.0,181,27.1,3
海堡,2026-09-03,06,0.3,7.5,3.1,167,27.0,3
海堡,2026-09-03,09,0.3,7.4,5.0,201,27.1,1
海堡,2026-09-03,12,0.3,5.8,5.4,202,27.4,3
海堡,2026-09-03,15,0.3,6.4,3.5,204,27.6,3
海堡,2026-09-03,18,0.3,6.7,4.6,2,27.6,3
海堡,2026-09-03,21,0.3,6.8,1.1,311,27.4,2
木更津沖～横浜沖,2026-09-03,00,0.3,7.8,2.4,174,27.2,3
木更津沖～横浜沖,2026-09-03,03,0.3,7.7,2.0,181,27.1,3
木更津沖～横浜沖,2026-09-03,06,0.3,7.5,3.1,167,27.0,3
木更津沖～横浜沖,2026-09-03,09,0.3,7.4,5.0,201,27.1,1
木更津沖～横浜沖,2026-09-03,12,0.3,5.8,5.4,202,27.4,3
木更津沖～横浜沖,2026-09-03,15,0.3,6.4,3.5,204,27.6,3
木更津沖～横浜沖,2026-09-03,18,0.3,6.7,4.6,2,27.6,3
木更津沖～横浜沖,2026-09-03,21,0.3,6.8,1.1,311,27.4,2
中ノ瀬,2026-09-03,00,0.3,7.8,2.4,174,27.2,3
中ノ瀬,2026-09-03,03,0.3,7.7,2.0,181,27.1,3
中ノ瀬,2026-09-03,06,0.3,7.5,3.1,167,27.0,3
中ノ瀬,2026-09-03,09,0.3,7.4,5.0,201,27.1,1
中ノ瀬,2026-09-03,12,0.3,5.8,5.4,202,27.4,3
中ノ瀬,2026-09-03,15,0.3,6.4,3.5,204,27.6,3
中ノ瀬,2026-09-03,18,0.3,6.7,4.6,2,27.6,3
中ノ瀬,2026-09-03,21,0.3,6.8,1.1,311,27.4,2
本牧沖,2026-09-03,00,0.4,8.0,2.2,169,27.2,3
本牧沖,2026-09-03,03,0.4,7.8,1.7,190,27.1,3
本牧沖,2026-09-03,06,0.4,7.7,2.6,172,27.1,3
本牧沖,2026-09-03,09,0.4,7.7,4.0,196,27.2,3
本牧沖,2026-09-03,12,0.4,6.5,3.0,213,27.4,3
本牧沖,2026-09-03,15,0.4,6.8,0.3,162,27.7,51
本牧沖,2026-09-03,18,0.4,6.8,2.4,358,27.6,51
本牧沖,2026-09-03,21,0.4,7.0,0.6,309,27.4,3
横浜沖,2026-09-03,00,0.4,8.2,2.2,169,27.4,3
横浜沖,2026-09-03,03,0.4,8.0,1.7,190,27.3,3
横浜沖,2026-09-03,06,0.4,7.8,2.6,172,27.3,3
横浜沖,2026-09-03,09,0.5,7.8,4.0,196,27.4,3
横浜沖,2026-09-03,12,0.5,6.8,3.0,213,27.6,3
横浜沖,2026-09-03,15,0.4,7.0,0.3,162,27.8,51
横浜沖,2026-09-03,18,0.4,7.0,2.4,358,27.8,51
横浜沖,2026-09-03,21,0.4,7.2,0.6,309,27.6,3
根岸沖,2026-09-03,00,0.2,7.7,2.2,169,27.4,3
根岸沖,2026-09-03,03,0.2,7.6,1.7,190,27.3,3
根岸沖,2026-09-03,06,0.2,7.3,2.6,172,27.3,3
根岸沖,2026-09-03,09,0.3,6.8,4.0,196,27.4,3
根岸沖,2026-09-03,12,0.3,5.2,3.0,213,27.6,3
根岸沖,2026-09-03,15,0.3,6.0,0.3,162,27.8,51
根岸沖,2026-09-03,18,0.3,6.5,2.4,358,27.8,51
根岸沖,2026-09-03,21,0.2,6.6,0.6,309,27.6,3
片貝沖,2026-09-03,00,1.2,8.3,4.1,186,26.7,3
片貝沖,2026-09-03,03,1.1,8.2,1.1,177,26.7,3
片貝沖,2026-09-03,06,1.3,9.0,5.3,168,26.6,2
片貝沖,2026-09-03,09,1.1,8.2,4.9,202,26.7,2
片貝沖,2026-09-03,12,1.0,7.9,6.5,196,26.8,3
片貝沖,2026-09-03,15,1.0,7.8,4.6,236,27.0,3
片貝沖,2026-09-03,18,0.9,8.0,2.1,304,26.9,51
片貝沖,2026-09-03,21,0.9,8.1,1.9,140,26.8,3
木更津沖～川崎沖,2026-09-03,00,0.2,7.7,2.8,178,27.2,3
木更津沖～川崎沖,2026-09-03,03,0.2,7.6,2.0,183,27.1,3
木更津沖～川崎沖,2026-09-03,06,0.2,7.3,3.4,169,27.1,3
木更津沖～川崎沖,2026-09-03,09,0.3,6.8,5.3,207,27.2,1
木更津沖～川崎沖,2026-09-03,12,0.3,5.2,5.8,208,27.4,3
木更津沖～川崎沖,2026-09-03,15,0.3,6.0,3.7,213,27.7,3
木更津沖～川崎沖,2026-09-03,18,0.3,6.5,5.1,4,27.6,3
木更津沖～川崎沖,2026-09-03,21,0.2,6.6,1.8,296,27.5,2
盤洲沖,2026-09-03,00,0.2,7.8,2.8,178,27.1,3
盤洲沖,2026-09-03,03,0.2,7.8,2.0,183,27.0,3
盤洲沖,2026-09-03,06,0.2,7.5,3.4,169,27.0,3
盤洲沖,2026-09-03,09,0.3,6.8,5.3,207,27.1,1
盤洲沖,2026-09-03,12,0.3,5.3,5.8,208,27.3,3
盤洲沖,2026-09-03,15,0.3,6.2,3.7,213,27.5,3
盤洲沖,2026-09-03,18,0.3,6.6,5.1,4,27.5,3
盤洲沖,2026-09-03,21,0.2,6.8,1.8,296,27.4,2
大根,2026-09-03,00,1.2,8.3,3.9,187,26.7,2
大根,2026-09-03,03,1.1,8.2,1.4,165,26.7,3
大根,2026-09-03,06,1.3,9.0,5.0,167,26.6,3
大根,2026-09-03,09,1.1,8.2,4.8,208,26.7,1
大根,2026-09-03,12,1.0,7.9,6.8,194,26.8,2
大根,2026-09-03,15,1.0,7.8,5.0,242,27.0,3
大根,2026-09-03,18,0.9,8.0,3.5,350,26.9,51
大根,2026-09-03,21,0.9,8.1,2.5,146,26.8,3
川崎沖～横浜沖,2026-09-03,00,0.2,7.7,2.5,180,27.4,3
川崎沖～横浜沖,2026-09-03,03,0.2,7.6,1.9,195,27.3,3
川崎沖～横浜沖,2026-09-03,06,0.2,7.3,2.8,176,27.3,3
川崎沖～横浜沖,2026-09-03,09,0.3,6.8,3.8,191,27.4,3
川崎沖～横浜沖,2026-09-03,12,0.3,5.2,2.6,199,27.6,3
川崎沖～横浜沖,2026-09-03,15,0.3,6.0,1.2,21,27.8,51
川崎沖～横浜沖,2026-09-03,18,0.3,6.5,2.6,356,27.8,51
川崎沖～横浜沖,2026-09-03,21,0.2,6.6,1.0,315,27.6,3
川崎沖~本牧沖,2026-09-03,00,0.2,7.7,2.5,180,27.4,3
川崎沖~本牧沖,2026-09-03,03,0.2,7.6,1.9,195,27.3,3
川崎沖~本牧沖,2026-09-03,06,0.2,7.3,2.8,176,27.3,3
川崎沖~本牧沖,2026-09-03,09,0.3,6.8,3.8,191,27.4,3
川崎沖~本牧沖,2026-09-03,12,0.3,5.2,2.6,199,27.6,3
川崎沖~本牧沖,2026-09-03,15,0.3,6.0,1.2,21,27.8,51
川崎沖~本牧沖,2026-09-03,18,0.3,6.5,2.6,356,27.8,51
川崎沖~本牧沖,2026-09-03,21,0.2,6.6,1.0,315,27.6,3
川崎沖,2026-09-03,00,0.2,7.7,2.5,180,27.6,3
川崎沖,2026-09-03,03,0.2,7.6,1.9,195,27.5,3
川崎沖,2026-09-03,06,0.2,7.3,2.8,176,27.5,3
川崎沖,2026-09-03,09,0.3,6.8,3.8,191,27.6,3
川崎沖,2026-09-03,12,0.3,5.2,2.6,199,27.8,3
川崎沖,2026-09-03,15,0.3,6.0,1.2,21,27.9,51
川崎沖,2026-09-03,18,0.3,6.5,2.6,356,27.8,51
川崎沖,2026-09-03,21,0.2,6.6,1.0,315,27.7,3
五井沖,2026-09-03,00,0.1,7.6,1.5,171,27.6,3
五井沖,2026-09-03,03,0.1,7.5,1.1,144,27.5,3
五井沖,2026-09-03,06,0.1,7.2,2.9,156,27.4,3
五井沖,2026-09-03,09,0.1,4.8,3.7,224,27.5,1
五井沖,2026-09-03,12,0.2,3.6,4.7,221,27.7,3
五井沖,2026-09-03,15,0.2,4.6,3.8,243,27.9,3
五井沖,2026-09-03,18,0.1,5.8,3.2,16,27.9,51
五井沖,2026-09-03,21,0.1,6.4,1.1,255,27.8,3
鶴見沖,2026-09-03,00,0.2,7.7,2.5,180,27.6,3
鶴見沖,2026-09-03,03,0.2,7.6,1.9,195,27.5,3
鶴見沖,2026-09-03,06,0.2,7.3,2.8,176,27.5,3
鶴見沖,2026-09-03,09,0.3,6.8,3.8,191,27.6,3
鶴見沖,2026-09-03,12,0.3,5.2,2.6,199,27.8,3
鶴見沖,2026-09-03,15,0.3,6.0,1.2,21,27.9,51
鶴見沖,2026-09-03,18,0.3,6.5,2.6,356,27.8,51
鶴見沖,2026-09-03,21,0.2,6.6,1.0,315,27.7,3
木更津沖～浦安沖,2026-09-03,00,0.2,7.5,2.6,184,27.3,3
木更津沖～浦安沖,2026-09-03,03,0.2,7.5,1.9,185,27.2,3
木更津沖～浦安沖,2026-09-03,06,0.2,7.2,2.9,173,27.2,3
木更津沖～浦安沖,2026-09-03,09,0.3,4.8,3.3,182,27.2,3
木更津沖～浦安沖,2026-09-03,12,0.3,4.7,2.2,191,27.4,3
木更津沖～浦安沖,2026-09-03,15,0.2,5.5,1.9,355,27.6,51
木更津沖～浦安沖,2026-09-03,18,0.2,6.2,2.5,349,27.5,51
木更津沖～浦安沖,2026-09-03,21,0.2,6.5,1.4,289,27.4,51
羽田沖,2026-09-03,00,0.2,7.7,2.6,184,27.5,3
羽田沖,2026-09-03,03,0.2,7.6,1.9,185,27.4,3
羽田沖,2026-09-03,06,0.2,7.3,2.9,173,27.4,3
羽田沖,2026-09-03,09,0.3,6.8,3.3,182,27.4,3
羽田沖,2026-09-03,12,0.3,5.2,2.2,191,27.6,3
羽田沖,2026-09-03,15,0.3,6.0,1.9,355,27.8,51
羽田沖,2026-09-03,18,0.3,6.5,2.5,349,27.7,51
羽田沖,2026-09-03,21,0.2,6.6,1.4,289,27.6,51
千葉沖,2026-09-03,00,0.1,7.6,1.7,173,28.1,3
千葉沖,2026-09-03,03,0.1,7.5,1.2,164,28.0,3
千葉沖,2026-09-03,06,0.1,7.2,2.4,156,27.9,3
千葉沖,2026-09-03,09,0.1,6.0,2.9,218,27.9,2
千葉沖,2026-09-03,12,0.2,4.0,3.8,220,28.1,3
千葉沖,2026-09-03,15,0.2,4.8,2.8,234,28.3,3
千葉沖,2026-09-03,18,0.1,5.7,3.0,32,28.2,51
千葉沖,2026-09-03,21,0.1,6.3,1.6,274,28.1,3
浦安沖,2026-09-03,00,0.1,7.1,2.2,181,27.8,3
浦安沖,2026-09-03,03,0.1,7.2,1.7,175,27.7,3
浦安沖,2026-09-03,06,0.1,7.0,2.8,158,27.7,3
浦安沖,2026-09-03,09,0.2,5.3,3.3,190,27.7,3
浦安沖,2026-09-03,12,0.2,4.2,3.2,197,27.8,3
浦安沖,2026-09-03,15,0.2,5.0,0.7,306,27.9,51
浦安沖,2026-09-03,18,0.2,5.7,2.3,5,27.9,51
浦安沖,2026-09-03,21,0.2,6.0,1.9,287,27.8,51
屏風ヶ浦の陰,2026-09-03,00,0.1,7.6,1.6,183,28.4,3
屏風ヶ浦の陰,2026-09-03,03,0.1,7.5,1.1,172,28.4,3
屏風ヶ浦の陰,2026-09-03,06,0.1,7.2,1.9,157,28.3,3
屏風ヶ浦の陰,2026-09-03,09,0.1,6.0,2.6,214,28.3,2
屏風ヶ浦の陰,2026-09-03,12,0.2,4.0,3.4,228,28.5,3
屏風ヶ浦の陰,2026-09-03,15,0.2,4.8,2.3,269,28.6,3
屏風ヶ浦の陰,2026-09-03,18,0.1,5.7,2.0,10,28.6,51
屏風ヶ浦の陰,2026-09-03,21,0.1,6.3,1.4,285,28.5,3
犬吠南沖,2026-09-03,00,1.3,8.7,2.6,189,26.0,3
犬吠南沖,2026-09-03,03,1.2,8.6,1.4,163,25.9,3
犬吠南沖,2026-09-03,06,1.4,9.3,3.8,169,25.9,3
犬吠南沖,2026-09-03,09,1.2,8.5,4.1,200,26.0,3
犬吠南沖,2026-09-03,12,1.1,8.1,4.7,197,26.2,3
犬吠南沖,2026-09-03,15,1.0,8.1,3.0,320,26.3,51
犬吠南沖,2026-09-03,18,1.0,8.3,1.4,352,26.3,53
犬吠南沖,2026-09-03,21,1.0,8.5,0.9,234,26.1,3
亀城根,2026-09-03,00,1.3,8.7,2.6,189,26.0,3
亀城根,2026-09-03,03,1.2,8.6,1.4,163,25.9,3
亀城根,2026-09-03,06,1.4,9.3,3.8,169,25.9,3
亀城根,2026-09-03,09,1.2,8.5,4.1,200,26.0,3
亀城根,2026-09-03,12,1.1,8.1,4.7,197,26.2,3
亀城根,2026-09-03,15,1.0,8.1,3.0,320,26.3,51
亀城根,2026-09-03,18,1.0,8.3,1.4,352,26.3,53
亀城根,2026-09-03,21,1.0,8.5,0.9,234,26.1,3
外川沖,2026-09-03,00,1.1,8.6,2.6,189,26.0,3
外川沖,2026-09-03,03,1.0,8.4,1.4,163,25.9,3
外川沖,2026-09-03,06,1.2,9.2,3.8,169,25.9,3
外川沖,2026-09-03,09,1.0,8.3,4.1,200,26.0,3
外川沖,2026-09-03,12,1.0,7.9,4.7,197,26.1,3
外川沖,2026-09-03,15,0.9,7.8,3.0,320,26.3,51
外川沖,2026-09-03,18,0.9,8.1,1.4,352,26.3,53
外川沖,2026-09-03,21,0.9,8.2,0.9,234,26.2,3
犬吠沖,2026-09-03,00,1.1,8.6,2.6,189,26.0,3
犬吠沖,2026-09-03,03,1.0,8.4,1.4,163,25.9,3
犬吠沖,2026-09-03,06,1.2,9.2,3.8,169,25.9,3
犬吠沖,2026-09-03,09,1.0,8.3,4.1,200,26.0,3
犬吠沖,2026-09-03,12,1.0,7.9,4.7,197,26.1,3
犬吠沖,2026-09-03,15,0.9,7.8,3.0,320,26.3,51
犬吠沖,2026-09-03,18,0.9,8.1,1.4,352,26.3,53
犬吠沖,2026-09-03,21,0.9,8.2,0.9,234,26.2,3
飯岡沖,2026-09-03,00,0.9,8.3,2.6,189,26.2,3
飯岡沖,2026-09-03,03,0.8,8.3,1.4,163,26.1,3
飯岡沖,2026-09-03,06,1.0,9.2,3.8,169,26.1,3
飯岡沖,2026-09-03,09,0.8,8.2,4.1,200,26.2,3
飯岡沖,2026-09-03,12,0.8,7.7,4.7,197,26.4,3
飯岡沖,2026-09-03,15,0.7,7.6,3.0,320,26.5,51
飯岡沖,2026-09-03,18,0.7,7.8,1.4,352,26.5,53
飯岡沖,2026-09-03,21,0.7,8.0,0.9,234,26.4,3
真沖,2026-09-03,00,0.9,8.3,2.6,189,26.2,3
真沖,2026-09-03,03,0.8,8.3,1.4,163,26.1,3
真沖,2026-09-03,06,1.0,9.2,3.8,169,26.1,3
真沖,2026-09-03,09,0.8,8.2,4.1,200,26.2,3
真沖,2026-09-03,12,0.8,7.7,4.7,197,26.4,3
真沖,2026-09-03,15,0.7,7.6,3.0,320,26.5,51
真沖,2026-09-03,18,0.7,7.8,1.4,352,26.5,53
真沖,2026-09-03,21,0.7,8.0,0.9,234,26.4,3
波崎沖,2026-09-03,00,1.1,8.6,2.6,189,26.0,3
波崎沖,2026-09-03,03,1.0,8.4,1.4,163,25.9,3
波崎沖,2026-09-03,06,1.2,9.2,3.8,169,25.9,3
波崎沖,2026-09-03,09,1.0,8.3,4.1,200,26.0,3
波崎沖,2026-09-03,12,1.0,7.9,4.7,197,26.1,3
波崎沖,2026-09-03,15,0.9,7.8,3.0,320,26.3,51
波崎沖,2026-09-03,18,0.9,8.1,1.4,352,26.3,53
波崎沖,2026-09-03,21,0.9,8.2,0.9,234,26.2,3
川前大根,2026-09-03,00,0.9,8.3,2.6,189,26.2,3
川前大根,2026-09-03,03,0.8,8.3,1.4,163,26.1,3
川前大根,2026-09-03,06,1.0,9.2,3.8,169,26.1,3
川前大根,2026-09-03,09,0.8,8.2,4.1,200,26.2,3
川前大根,2026-09-03,12,0.8,7.7,4.7,197,26.4,3
川前大根,2026-09-03,15,0.7,7.6,3.0,320,26.5,51
川前大根,2026-09-03,18,0.7,7.8,1.4,352,26.5,53
川前大根,2026-09-03,21,0.7,8.0,0.9,234,26.4,3
鹿島南沖,2026-09-03,00,1.0,8.5,1.9,193,25.6,2
鹿島南沖,2026-09-03,03,0.9,8.4,0.9,164,25.6,3
鹿島南沖,2026-09-03,06,1.0,9.1,2.9,170,25.6,3
鹿島南沖,2026-09-03,09,0.8,8.3,4.3,196,25.7,3
鹿島南沖,2026-09-03,12,0.8,8.2,3.1,205,26.0,61
鹿島南沖,2026-09-03,15,0.8,8.2,2.7,354,26.3,3
鹿島南沖,2026-09-03,18,0.7,8.3,0.6,315,26.2,51
鹿島南沖,2026-09-03,21,0.7,8.4,1.2,245,26.0,3
神栖沖,2026-09-03,00,1.0,8.5,1.9,193,25.7,2
神栖沖,2026-09-03,03,0.9,8.4,0.9,164,25.7,3
神栖沖,2026-09-03,06,1.0,9.1,2.9,170,25.7,3
神栖沖,2026-09-03,09,0.8,8.3,4.3,196,25.8,3
神栖沖,2026-09-03,12,0.8,8.2,3.1,205,26.2,61
神栖沖,2026-09-03,15,0.8,8.2,2.7,354,26.4,3
神栖沖,2026-09-03,18,0.7,8.3,0.6,315,26.3,51
神栖沖,2026-09-03,21,0.7,8.4,1.2,245,26.1,3
鹿島沖,2026-09-03,00,1.0,8.5,2.2,203,25.7,3
鹿島沖,2026-09-03,03,0.9,8.4,1.2,185,25.7,3
鹿島沖,2026-09-03,06,1.0,9.1,2.1,175,25.7,3
鹿島沖,2026-09-03,09,0.8,8.3,3.5,211,25.7,3
鹿島沖,2026-09-03,12,0.8,8.2,2.6,259,26.0,3
鹿島沖,2026-09-03,15,0.8,8.2,2.1,349,26.3,51
鹿島沖,2026-09-03,18,0.7,8.3,0.9,56,26.2,3
鹿島沖,2026-09-03,21,0.7,8.4,2.0,233,26.0,3
鹿島真沖,2026-09-03,00,1.0,8.5,2.2,200,25.6,3
鹿島真沖,2026-09-03,03,0.9,8.4,1.2,168,25.6,3
鹿島真沖,2026-09-03,06,1.0,9.1,2.3,174,25.6,3
鹿島真沖,2026-09-03,09,0.8,8.3,4.0,200,25.7,3
鹿島真沖,2026-09-03,12,0.8,8.2,2.4,238,26.0,3
鹿島真沖,2026-09-03,15,0.8,8.2,2.3,9,26.3,51
鹿島真沖,2026-09-03,18,0.7,8.3,1.0,39,26.2,3
鹿島真沖,2026-09-03,21,0.7,8.4,1.9,240,26.0,3
鹿島魚礁,2026-09-03,00,1.1,8.6,3.9,195,25.4,3
鹿島魚礁,2026-09-03,03,1.0,8.4,2.0,186,25.4,3
鹿島魚礁,2026-09-03,06,1.1,9.1,4.8,176,25.4,3
鹿島魚礁,2026-09-03,09,0.9,8.3,5.1,187,25.5,3
鹿島魚礁,2026-09-03,12,0.9,8.2,2.6,182,25.9,3
鹿島魚礁,2026-09-03,15,0.9,8.1,4.2,31,26.2,3
鹿島魚礁,2026-09-03,18,0.8,8.2,2.8,56,26.1,3
鹿島魚礁,2026-09-03,21,0.8,8.3,2.8,225,25.8,3
鹿島北沖,2026-09-03,00,1.0,8.4,2.2,203,25.7,3
鹿島北沖,2026-09-03,03,1.0,8.3,1.2,185,25.7,3
鹿島北沖,2026-09-03,06,1.0,8.9,2.1,175,25.7,3
鹿島北沖,2026-09-03,09,0.9,8.2,3.5,211,25.7,3
鹿島北沖,2026-09-03,12,0.8,8.2,2.6,259,26.0,3
鹿島北沖,2026-09-03,15,0.8,8.1,2.1,349,26.3,51
鹿島北沖,2026-09-03,18,0.8,8.2,0.9,56,26.2,3
鹿島北沖,2026-09-03,21,0.8,8.3,2.0,233,26.0,3
北沖30,2026-09-03,00,1.1,8.8,1.7,216,25.4,3
北沖30,2026-09-03,03,1.0,8.8,0.8,266,25.4,3
北沖30,2026-09-03,06,1.1,9.2,1.2,189,25.3,3
北沖30,2026-09-03,09,0.9,8.8,3.1,232,25.4,3
北沖30,2026-09-03,12,0.9,8.8,2.1,233,25.7,3
北沖30,2026-09-03,15,0.8,8.7,1.1,139,26.1,51
北沖30,2026-09-03,18,0.8,8.8,0.7,164,26.0,3
北沖30,2026-09-03,21,0.8,8.9,1.9,235,25.8,3
大洗沖,2026-09-03,00,1.1,8.8,2.3,207,25.9,3
大洗沖,2026-09-03,03,1.0,8.8,0.8,232,25.9,3
大洗沖,2026-09-03,06,1.1,9.2,1.9,177,25.8,3
大洗沖,2026-09-03,09,0.9,8.8,3.5,223,25.9,3
大洗沖,2026-09-03,12,0.9,8.8,3.0,239,26.1,3
大洗沖,2026-09-03,15,0.8,8.7,0.5,72,26.4,51
大洗沖,2026-09-03,18,0.8,8.8,0.5,307,26.3,3
大洗沖,2026-09-03,21,0.8,8.9,2.6,218,26.1,3
青山沖,2026-09-03,00,1.1,8.8,1.7,216,24.7,3
青山沖,2026-09-03,03,1.0,8.8,0.8,266,24.7,3
青山沖,2026-09-03,06,1.0,9.2,1.2,189,24.7,3
青山沖,2026-09-03,09,0.9,8.8,3.1,232,24.8,3
青山沖,2026-09-03,12,0.9,8.8,2.1,233,25.1,3
青山沖,2026-09-03,15,0.8,8.7,1.1,139,25.4,51
青山沖,2026-09-03,18,0.8,8.8,0.7,164,25.3,3
青山沖,2026-09-03,21,0.8,8.8,1.9,235,25.2,3
日立沖,2026-09-03,00,1.1,8.8,2.2,252,24.8,3
日立沖,2026-09-03,03,1.0,8.8,2.2,261,24.7,3
日立沖,2026-09-03,06,1.0,9.2,1.9,248,24.7,3
日立沖,2026-09-03,09,0.9,9.0,3.4,236,24.7,3
日立沖,2026-09-03,12,0.9,8.8,1.1,223,25.0,51
日立沖,2026-09-03,15,0.8,8.8,1.8,95,25.3,51
日立沖,2026-09-03,18,0.8,8.8,2.1,114,25.2,51
日立沖,2026-09-03,21,0.8,8.9,2.3,256,25.1,3
銭洲沖,2026-09-04,00,1.5,8.8,1.9,279,29.6,2
銭洲沖,2026-09-04,03,1.6,8.9,2.3,248,29.6,3
銭洲沖,2026-09-04,06,1.7,9.2,4.0,231,29.5,3
銭洲沖,2026-09-04,09,1.5,8.7,3.3,238,29.6,2
銭洲沖,2026-09-04,12,1.5,8.7,2.8,27,30.0,3
銭洲沖,2026-09-04,15,1.5,8.9,1.2,63,30.3,51
銭洲沖,2026-09-04,18,1.6,9.2,3.2,73,30.2,51
銭洲沖,2026-09-04,21,1.8,9.7,4.2,47,29.9,53
イナンバ,2026-09-04,00,1.3,8.6,3.0,299,29.1,0
イナンバ,2026-09-04,03,1.4,8.8,4.4,213,29.0,3
イナンバ,2026-09-04,06,1.4,8.9,6.2,251,28.9,3
イナンバ,2026-09-04,09,1.4,9.0,4.3,264,28.9,2
イナンバ,2026-09-04,12,1.4,8.8,4.3,327,29.3,51
イナンバ,2026-09-04,15,1.3,8.9,4.2,343,29.6,3
イナンバ,2026-09-04,18,1.4,8.9,5.6,43,29.5,3
イナンバ,2026-09-04,21,1.6,8.8,5.2,48,29.3,3
石花海,2026-09-04,00,1.2,8.4,2.8,258,28.5,1
石花海,2026-09-04,03,1.3,8.7,5.1,251,28.4,3
石花海,2026-09-04,06,1.3,8.8,3.8,272,28.3,3
石花海,2026-09-04,09,1.3,8.8,4.2,258,28.4,3
石花海,2026-09-04,12,1.4,8.5,5.6,350,28.5,3
石花海,2026-09-04,15,1.4,8.2,6.3,8,28.6,3
石花海,2026-09-04,18,1.4,8.2,5.0,72,28.5,3
石花海,2026-09-04,21,1.6,8.2,8.9,41,28.4,51
神津島,2026-09-04,00,1.1,8.3,3.3,255,28.4,0
神津島,2026-09-04,03,1.3,8.5,5.7,211,28.3,3
神津島,2026-09-04,06,1.3,8.7,5.7,269,28.3,3
神津島,2026-09-04,09,1.3,8.8,5.0,238,28.3,3
神津島,2026-09-04,12,1.3,8.6,3.5,358,28.4,3
神津島,2026-09-04,15,1.3,8.5,5.2,7,28.6,3
神津島,2026-09-04,18,1.3,8.3,7.5,52,28.5,3
神津島,2026-09-04,21,1.6,8.3,7.9,34,28.3,51
金洲沖,2026-09-04,00,1.1,8.2,3.3,243,28.4,1
金洲沖,2026-09-04,03,1.2,8.3,5.3,252,28.3,3
金洲沖,2026-09-04,06,1.3,8.7,4.1,253,28.3,3
金洲沖,2026-09-04,09,1.3,8.8,4.5,271,28.3,3
金洲沖,2026-09-04,12,1.3,8.7,2.8,23,28.4,3
金洲沖,2026-09-04,15,1.3,8.6,3.8,19,28.5,3
金洲沖,2026-09-04,18,1.3,8.4,7.4,57,28.4,3
金洲沖,2026-09-04,21,1.5,8.4,7.9,30,28.2,63
新島沖,2026-09-04,00,1.0,8.2,3.9,252,28.4,1
新島沖,2026-09-04,03,1.1,8.2,6.2,223,28.4,3
新島沖,2026-09-04,06,1.2,8.2,5.8,269,28.3,51
新島沖,2026-09-04,09,1.2,8.4,4.7,252,28.3,3
新島沖,2026-09-04,12,1.2,8.4,3.7,32,28.4,3
新島沖,2026-09-04,15,1.1,8.2,5.4,17,28.5,3
新島沖,2026-09-04,18,1.2,7.9,7.6,54,28.4,3
新島沖,2026-09-04,21,1.4,7.9,7.8,29,28.2,3
金州,2026-09-04,00,0.9,8.1,3.9,236,28.3,2
金州,2026-09-04,03,1.0,7.8,6.8,238,28.2,3
金州,2026-09-04,06,1.1,8.0,4.5,260,28.2,3
金州,2026-09-04,09,1.1,8.3,4.1,286,28.2,3
金州,2026-09-04,12,1.1,8.3,3.8,41,28.3,3
金州,2026-09-04,15,1.1,8.1,5.3,17,28.3,3
金州,2026-09-04,18,1.2,7.8,7.3,60,28.2,3
金州,2026-09-04,21,1.4,7.9,7.3,24,28.1,51
白河沖,2026-09-04,00,1.0,8.1,2.0,291,27.8,2
白河沖,2026-09-04,03,1.2,8.6,0.9,257,27.8,3
白河沖,2026-09-04,06,1.2,8.8,3.2,244,27.8,3
白河沖,2026-09-04,09,1.3,8.8,3.0,312,27.8,3
白河沖,2026-09-04,12,1.3,8.7,2.1,313,27.9,3
白河沖,2026-09-04,15,1.3,8.7,1.4,315,28.0,51
白河沖,2026-09-04,18,1.3,8.9,3.1,294,27.9,51
白河沖,2026-09-04,21,1.3,9.2,1.1,77,27.9,61
御前崎沖,2026-09-04,00,1.0,8.2,2.0,291,27.7,2
御前崎沖,2026-09-04,03,1.2,8.7,0.9,257,27.7,3
御前崎沖,2026-09-04,06,1.3,8.8,3.2,244,27.7,3
御前崎沖,2026-09-04,09,1.3,8.7,3.0,312,27.7,3
御前崎沖,2026-09-04,12,1.3,8.6,2.1,313,27.8,3
御前崎沖,2026-09-04,15,1.3,8.8,1.4,315,27.9,51
御前崎沖,2026-09-04,18,1.3,8.9,3.1,294,27.8,51
御前崎沖,2026-09-04,21,1.3,9.1,1.1,77,27.7,61
八方便,2026-09-04,00,1.0,8.1,2.0,291,27.8,2
八方便,2026-09-04,03,1.2,8.6,0.9,257,27.8,3
八方便,2026-09-04,06,1.2,8.8,3.2,244,27.8,3
八方便,2026-09-04,09,1.3,8.8,3.0,312,27.8,3
八方便,2026-09-04,12,1.3,8.7,2.1,313,27.9,3
八方便,2026-09-04,15,1.3,8.7,1.4,315,28.0,51
八方便,2026-09-04,18,1.3,8.9,3.1,294,27.9,51
八方便,2026-09-04,21,1.3,9.2,1.1,77,27.9,61
神子元沖,2026-09-04,00,1.0,8.3,1.0,267,28.1,1
神子元沖,2026-09-04,03,1.1,8.7,2.5,290,28.0,3
神子元沖,2026-09-04,06,1.2,8.8,0.9,333,28.0,3
神子元沖,2026-09-04,09,1.2,9.0,1.2,322,28.0,3
神子元沖,2026-09-04,12,1.2,8.9,2.1,114,28.1,3
神子元沖,2026-09-04,15,1.2,8.8,0.9,106,28.1,3
神子元沖,2026-09-04,18,1.2,8.7,3.5,55,28.0,51
神子元沖,2026-09-04,21,1.4,8.9,2.1,50,27.9,51
大東沖,2026-09-04,00,1.0,8.2,1.5,334,27.8,2
大東沖,2026-09-04,03,1.2,8.8,1.5,260,27.8,3
大東沖,2026-09-04,06,1.2,8.8,2.1,250,27.7,3
大東沖,2026-09-04,09,1.2,8.8,2.7,305,27.7,3
大東沖,2026-09-04,12,1.3,8.8,1.6,300,27.7,51
大東沖,2026-09-04,15,1.2,8.9,1.9,315,27.7,53
大東沖,2026-09-04,18,1.3,8.9,2.1,301,27.6,51
大東沖,2026-09-04,21,1.3,8.9,1.0,321,27.4,61
石廊崎沖,2026-09-04,00,1.0,8.2,1.1,185,28.0,1
石廊崎沖,2026-09-04,03,1.1,8.6,0.5,319,28.0,3
石廊崎沖,2026-09-04,06,1.2,8.9,0.1,63,27.9,3
石廊崎沖,2026-09-04,09,1.2,9.1,1.7,317,28.0,3
石廊崎沖,2026-09-04,12,1.2,8.9,1.6,230,28.2,3
石廊崎沖,2026-09-04,15,1.2,8.8,1.0,276,28.4,3
石廊崎沖,2026-09-04,18,1.2,8.8,0.8,172,28.2,3
石廊崎沖,2026-09-04,21,1.3,9.2,0.3,270,28.0,51
福田沖,2026-09-04,00,1.0,8.3,1.6,326,27.8,1
福田沖,2026-09-04,03,1.2,8.8,1.3,254,27.7,3
福田沖,2026-09-04,06,1.2,8.8,1.5,248,27.7,3
福田沖,2026-09-04,09,1.3,8.8,2.5,304,27.6,3
福田沖,2026-09-04,12,1.3,8.8,1.1,304,27.7,51
福田沖,2026-09-04,15,1.2,8.9,1.3,11,27.7,53
福田沖,2026-09-04,18,1.3,8.9,0.8,323,27.5,55
福田沖,2026-09-04,21,1.2,8.9,2.3,305,27.3,61
浜岡沖,2026-09-04,00,1.0,8.2,2.0,291,27.7,2
浜岡沖,2026-09-04,03,1.1,8.8,0.9,257,27.6,3
浜岡沖,2026-09-04,06,1.2,8.8,3.2,244,27.6,3
浜岡沖,2026-09-04,09,1.2,8.9,3.0,312,27.6,3
浜岡沖,2026-09-04,12,1.2,8.8,2.1,313,27.7,3
浜岡沖,2026-09-04,15,1.2,8.9,1.4,315,27.7,51
浜岡沖,2026-09-04,18,1.2,8.9,3.1,294,27.6,51
浜岡沖,2026-09-04,21,1.2,9.1,1.1,77,27.4,61
下田南沖,2026-09-04,00,1.0,8.3,1.0,267,28.1,1
下田南沖,2026-09-04,03,1.1,8.7,2.5,290,28.0,3
下田南沖,2026-09-04,06,1.2,8.8,0.9,333,28.0,3
下田南沖,2026-09-04,09,1.2,9.0,1.2,322,28.0,3
下田南沖,2026-09-04,12,1.2,8.9,2.1,114,28.1,3
下田南沖,2026-09-04,15,1.2,8.8,0.9,106,28.1,3
下田南沖,2026-09-04,18,1.2,8.7,3.5,55,28.0,51
下田南沖,2026-09-04,21,1.4,8.9,2.1,50,27.9,51
下田沖,2026-09-04,00,1.0,8.3,1.0,267,28.1,1
下田沖,2026-09-04,03,1.1,8.7,2.5,290,28.0,3
下田沖,2026-09-04,06,1.2,8.8,0.9,333,28.0,3
下田沖,2026-09-04,09,1.2,9.0,1.2,322,28.0,3
下田沖,2026-09-04,12,1.2,8.9,2.1,114,28.1,3
下田沖,2026-09-04,15,1.2,8.8,0.9,106,28.1,3
下田沖,2026-09-04,18,1.2,8.7,3.5,55,28.0,51
下田沖,2026-09-04,21,1.4,8.9,2.1,50,27.9,51
相良沖,2026-09-04,00,1.0,8.2,2.0,291,27.6,2
相良沖,2026-09-04,03,1.1,8.7,0.9,257,27.6,3
相良沖,2026-09-04,06,1.2,8.8,3.2,244,27.5,3
相良沖,2026-09-04,09,1.2,8.9,3.0,312,27.5,3
相良沖,2026-09-04,12,1.2,8.8,2.1,313,27.6,3
相良沖,2026-09-04,15,1.2,8.8,1.4,315,27.7,51
相良沖,2026-09-04,18,1.2,8.9,3.1,294,27.6,51
相良沖,2026-09-04,21,1.3,9.1,1.1,77,27.5,61
天竜沖,2026-09-04,00,0.8,7.7,1.5,344,27.8,2
天竜沖,2026-09-04,03,0.9,8.2,1.0,276,27.7,3
天竜沖,2026-09-04,06,1.0,8.3,0.8,263,27.7,3
天竜沖,2026-09-04,09,1.0,8.3,1.8,311,27.6,51
天竜沖,2026-09-04,12,1.0,8.4,0.6,270,27.7,51
天竜沖,2026-09-04,15,1.0,8.4,0.4,140,27.7,53
天竜沖,2026-09-04,18,1.0,8.4,0.2,153,27.5,53
天竜沖,2026-09-04,21,1.0,8.2,1.9,293,27.3,61
波勝崎沖,2026-09-04,00,0.9,8.3,1.0,267,27.9,1
波勝崎沖,2026-09-04,03,1.0,8.7,2.5,290,27.8,3
波勝崎沖,2026-09-04,06,1.0,8.9,0.9,333,27.7,3
波勝崎沖,2026-09-04,09,1.1,9.1,1.2,322,27.8,3
波勝崎沖,2026-09-04,12,1.1,9.1,2.1,114,28.0,3
波勝崎沖,2026-09-04,15,1.1,8.9,0.9,106,28.2,3
波勝崎沖,2026-09-04,18,1.1,8.9,3.5,55,28.1,51
波勝崎沖,2026-09-04,21,1.2,9.2,2.1,50,27.9,51
藤守前,2026-09-04,00,0.7,7.7,0.9,324,27.7,2
藤守前,2026-09-04,03,0.9,8.2,1.6,222,27.6,3
藤守前,2026-09-04,06,0.9,8.3,2.5,239,27.5,3
藤守前,2026-09-04,09,0.9,8.4,1.6,343,27.5,3
藤守前,2026-09-04,12,0.9,8.4,0.4,230,27.7,51
藤守前,2026-09-04,15,0.9,8.5,0.6,198,27.8,53
藤守前,2026-09-04,18,0.9,8.5,1.0,231,27.6,53
藤守前,2026-09-04,21,0.9,8.4,1.1,49,27.5,63
吉田沖,2026-09-04,00,0.7,7.7,0.9,324,27.7,2
吉田沖,2026-09-04,03,0.9,8.2,1.6,222,27.6,3
吉田沖,2026-09-04,06,0.9,8.3,2.5,239,27.5,3
吉田沖,2026-09-04,09,0.9,8.4,1.6,343,27.5,3
吉田沖,2026-09-04,12,0.9,8.4,0.4,230,27.7,51
吉田沖,2026-09-04,15,0.9,8.5,0.6,198,27.8,53
吉田沖,2026-09-04,18,0.9,8.5,1.0,231,27.6,53
吉田沖,2026-09-04,21,0.9,8.4,1.1,49,27.5,63
千貫門沖,2026-09-04,00,0.9,8.3,1.1,185,27.9,1
千貫門沖,2026-09-04,03,1.0,8.7,0.5,319,27.8,3
千貫門沖,2026-09-04,06,1.0,8.9,0.1,63,27.8,3
千貫門沖,2026-09-04,09,1.1,9.1,1.7,317,27.8,3
千貫門沖,2026-09-04,12,1.1,9.1,1.6,230,28.0,3
千貫門沖,2026-09-04,15,1.1,8.9,1.0,276,28.0,3
千貫門沖,2026-09-04,18,1.1,8.9,0.8,172,27.8,3
千貫門沖,2026-09-04,21,1.2,9.2,0.3,270,27.6,51
豊浜沖,2026-09-04,00,0.8,8.3,1.1,185,28.0,1
豊浜沖,2026-09-04,03,0.9,8.7,0.5,319,28.0,3
豊浜沖,2026-09-04,06,1.0,8.9,0.1,63,27.9,3
豊浜沖,2026-09-04,09,1.1,9.1,1.7,317,27.9,3
豊浜沖,2026-09-04,12,1.1,9.1,1.6,230,28.1,3
豊浜沖,2026-09-04,15,1.1,8.9,1.0,276,28.1,3
豊浜沖,2026-09-04,18,1.1,8.9,0.8,172,27.9,3
豊浜沖,2026-09-04,21,1.1,9.2,0.3,270,27.7,51
松崎沖,2026-09-04,00,0.9,8.3,1.1,185,27.9,1
松崎沖,2026-09-04,03,1.0,8.7,0.5,319,27.8,3
松崎沖,2026-09-04,06,1.0,8.9,0.1,63,27.8,3
松崎沖,2026-09-04,09,1.1,9.1,1.7,317,27.8,3
松崎沖,2026-09-04,12,1.1,9.1,1.6,230,28.0,3
松崎沖,2026-09-04,15,1.1,8.9,1.0,276,28.0,3
松崎沖,2026-09-04,18,1.1,8.9,0.8,172,27.8,3
松崎沖,2026-09-04,21,1.2,9.2,0.3,270,27.6,51
西伊豆沖,2026-09-04,00,0.8,8.3,2.8,193,27.9,2
西伊豆沖,2026-09-04,03,0.9,8.7,2.1,156,27.8,3
西伊豆沖,2026-09-04,06,1.0,8.9,1.1,165,27.8,3
西伊豆沖,2026-09-04,09,1.1,9.1,1.6,272,27.8,3
西伊豆沖,2026-09-04,12,1.1,9.1,1.8,265,28.0,3
西伊豆沖,2026-09-04,15,1.1,8.9,1.7,314,28.0,51
西伊豆沖,2026-09-04,18,1.1,8.9,0.7,360,27.8,51
西伊豆沖,2026-09-04,21,1.1,9.2,1.2,66,27.6,61
大井川沖,2026-09-04,00,0.8,7.9,1.1,347,27.7,2
大井川沖,2026-09-04,03,0.9,8.2,1.5,201,27.6,3
大井川沖,2026-09-04,06,0.9,8.4,1.2,275,27.6,3
大井川沖,2026-09-04,09,1.0,8.6,1.4,358,27.6,3
大井川沖,2026-09-04,12,1.0,8.7,0.4,97,27.7,51
大井川沖,2026-09-04,15,0.9,8.6,0.9,124,27.8,51
大井川沖,2026-09-04,18,0.9,8.5,0.9,36,27.6,53
大井川沖,2026-09-04,21,0.9,8.7,1.6,40,27.5,63
中瀬海岸,2026-09-04,00,0.8,7.9,1.1,347,27.7,2
中瀬海岸,2026-09-04,03,0.9,8.2,1.5,201,27.6,3
中瀬海岸,2026-09-04,06,0.9,8.4,1.2,275,27.6,3
中瀬海岸,2026-09-04,09,1.0,8.6,1.4,358,27.6,3
中瀬海岸,2026-09-04,12,1.0,8.7,0.4,97,27.7,51
中瀬海岸,2026-09-04,15,0.9,8.6,0.9,124,27.8,51
中瀬海岸,2026-09-04,18,0.9,8.5,0.9,36,27.6,53
中瀬海岸,2026-09-04,21,0.9,8.7,1.6,40,27.5,63
大井川港,2026-09-04,00,0.8,7.9,1.0,15,27.7,51
大井川港,2026-09-04,03,0.9,8.2,0.4,146,27.6,3
大井川港,2026-09-04,06,0.9,8.4,1.5,23,27.6,3
大井川港,2026-09-04,09,1.0,8.6,1.3,347,27.6,3
大井川港,2026-09-04,12,1.0,8.7,0.5,49,27.7,3
大井川港,2026-09-04,15,0.9,8.6,0.9,135,27.8,51
大井川港,2026-09-04,18,0.9,8.5,1.0,11,27.6,53
大井川港,2026-09-04,21,0.9,8.7,1.6,22,27.5,63
駿河湾,2026-09-04,00,0.8,8.4,1.2,230,28.0,2
駿河湾,2026-09-04,03,0.9,8.7,1.6,189,28.0,3
駿河湾,2026-09-04,06,1.0,9.0,0.6,128,28.0,3
駿河湾,2026-09-04,09,1.0,9.2,1.3,310,28.0,3
駿河湾,2026-09-04,12,1.0,9.1,2.0,313,28.1,3
駿河湾,2026-09-04,15,1.0,9.0,1.7,339,28.1,51
駿河湾,2026-09-04,18,1.0,8.9,1.7,51,27.9,51
駿河湾,2026-09-04,21,1.1,9.3,1.8,90,27.7,61
洲崎沖,2026-09-04,00,0.9,8.1,1.8,201,28.5,2
洲崎沖,2026-09-04,03,0.9,8.2,3.3,242,28.5,2
洲崎沖,2026-09-04,06,1.0,8.2,2.7,258,28.6,3
洲崎沖,2026-09-04,09,1.0,8.2,2.7,354,28.6,3
洲崎沖,2026-09-04,12,1.1,8.4,2.5,17,28.7,3
洲崎沖,2026-09-04,15,1.1,8.2,3.4,25,28.7,51
洲崎沖,2026-09-04,18,1.0,8.0,3.8,50,28.5,3
洲崎沖,2026-09-04,21,1.2,8.4,4.3,5,28.3,3
沖ノ瀬,2026-09-04,00,0.9,8.2,3.7,168,27.6,1
沖ノ瀬,2026-09-04,03,0.9,8.3,4.2,243,27.6,2
沖ノ瀬,2026-09-04,06,0.9,8.3,2.4,341,27.7,3
沖ノ瀬,2026-09-04,09,0.9,8.3,5.5,19,27.7,3
沖ノ瀬,2026-09-04,12,1.0,8.2,6.4,36,27.8,3
沖ノ瀬,2026-09-04,15,1.0,7.9,6.1,29,27.9,3
沖ノ瀬,2026-09-04,18,1.0,7.7,6.6,48,28.0,51
沖ノ瀬,2026-09-04,21,1.2,8.2,6.4,22,28.1,3
平砂浦沖,2026-09-04,00,1.0,8.1,1.8,201,28.4,2
平砂浦沖,2026-09-04,03,1.0,8.2,3.3,242,28.4,2
平砂浦沖,2026-09-04,06,1.0,8.2,2.7,258,28.4,3
平砂浦沖,2026-09-04,09,1.0,8.3,2.7,354,28.5,3
平砂浦沖,2026-09-04,12,1.1,8.6,2.5,17,28.6,3
平砂浦沖,2026-09-04,15,1.1,8.3,3.4,25,28.7,51
平砂浦沖,2026-09-04,18,1.1,8.1,3.8,50,28.6,3
平砂浦沖,2026-09-04,21,1.3,8.7,4.3,5,28.4,3
館山沖,2026-09-04,00,0.9,8.1,1.8,201,28.5,2
館山沖,2026-09-04,03,1.0,8.2,3.3,242,28.5,2
館山沖,2026-09-04,06,1.0,8.2,2.7,258,28.5,3
館山沖,2026-09-04,09,1.0,8.3,2.7,354,28.5,3
館山沖,2026-09-04,12,1.1,8.6,2.5,17,28.5,3
館山沖,2026-09-04,15,1.0,8.3,3.4,25,28.6,51
館山沖,2026-09-04,18,1.0,8.1,3.8,50,28.5,3
館山沖,2026-09-04,21,1.2,8.6,4.3,5,28.4,3
久能沖,2026-09-04,00,0.7,8.1,0.5,302,27.9,3
久能沖,2026-09-04,03,0.8,8.3,1.6,336,27.8,3
久能沖,2026-09-04,06,0.9,8.6,1.7,30,27.7,3
久能沖,2026-09-04,09,0.9,8.8,1.9,341,27.7,3
久能沖,2026-09-04,12,0.9,8.8,0.9,36,27.9,51
久能沖,2026-09-04,15,0.9,8.7,0.5,96,28.0,51
久能沖,2026-09-04,18,0.9,8.6,1.0,43,27.8,53
久能沖,2026-09-04,21,0.9,8.9,2.2,15,27.7,63
富浦沖,2026-09-04,00,0.9,8.1,1.8,201,28.3,2
富浦沖,2026-09-04,03,0.9,8.2,3.3,242,28.4,2
富浦沖,2026-09-04,06,1.0,8.2,2.7,258,28.4,3
富浦沖,2026-09-04,09,1.0,8.2,2.7,354,28.5,3
富浦沖,2026-09-04,12,1.1,8.3,2.5,17,28.5,3
富浦沖,2026-09-04,15,1.1,8.0,3.4,25,28.5,51
富浦沖,2026-09-04,18,1.0,7.8,3.8,50,28.5,3
富浦沖,2026-09-04,21,1.2,8.2,4.3,5,28.4,3
折戸沖,2026-09-04,00,0.7,8.1,0.5,302,27.9,3
折戸沖,2026-09-04,03,0.8,8.3,1.6,336,27.8,3
折戸沖,2026-09-04,06,0.9,8.6,1.7,30,27.7,3
折戸沖,2026-09-04,09,0.9,8.8,1.9,341,27.7,3
折戸沖,2026-09-04,12,0.9,8.8,0.9,36,27.9,51
折戸沖,2026-09-04,15,0.9,8.7,0.5,96,28.0,51
折戸沖,2026-09-04,18,0.9,8.6,1.0,43,27.8,53
折戸沖,2026-09-04,21,0.9,8.9,2.2,15,27.7,63
貯木場,2026-09-04,00,0.8,8.4,0.5,302,27.9,3
貯木場,2026-09-04,03,0.8,8.6,1.6,336,27.8,3
貯木場,2026-09-04,06,0.9,8.8,1.7,30,27.7,3
貯木場,2026-09-04,09,1.0,9.0,1.9,341,27.7,3
貯木場,2026-09-04,12,1.0,9.0,0.9,36,27.9,51
貯木場,2026-09-04,15,1.0,8.9,0.5,96,28.0,51
貯木場,2026-09-04,18,0.9,8.8,1.0,43,27.8,53
貯木場,2026-09-04,21,1.0,9.3,2.2,15,27.7,63
折戸,2026-09-04,00,0.8,8.4,0.5,302,28.0,3
折戸,2026-09-04,03,0.8,8.6,1.6,336,27.9,3
折戸,2026-09-04,06,0.9,8.8,1.7,30,27.8,3
折戸,2026-09-04,09,1.0,9.0,1.9,341,27.8,3
折戸,2026-09-04,12,1.0,9.0,0.9,36,28.0,51
折戸,2026-09-04,15,1.0,8.9,0.5,96,28.1,51
折戸,2026-09-04,18,0.9,8.8,1.0,43,27.9,53
折戸,2026-09-04,21,1.0,9.3,2.2,15,27.7,63
清水沖,2026-09-04,00,0.8,8.4,0.5,302,28.0,3
清水沖,2026-09-04,03,0.8,8.6,1.6,336,27.9,3
清水沖,2026-09-04,06,0.9,8.8,1.7,30,27.8,3
清水沖,2026-09-04,09,1.0,9.0,1.9,341,27.8,3
清水沖,2026-09-04,12,1.0,9.0,0.9,36,28.0,51
清水沖,2026-09-04,15,1.0,8.9,0.5,96,28.1,51
清水沖,2026-09-04,18,0.9,8.8,1.0,43,27.9,53
清水沖,2026-09-04,21,1.0,9.3,2.2,15,27.7,63
岩井富浦沖,2026-09-04,00,0.8,7.8,1.8,201,28.1,2
岩井富浦沖,2026-09-04,03,0.8,8.0,3.3,242,28.1,2
岩井富浦沖,2026-09-04,06,0.9,8.1,2.7,258,28.2,3
岩井富浦沖,2026-09-04,09,0.9,8.0,2.7,354,28.3,3
岩井富浦沖,2026-09-04,12,0.9,8.2,2.5,17,28.4,3
岩井富浦沖,2026-09-04,15,0.9,7.9,3.4,25,28.4,51
岩井富浦沖,2026-09-04,18,0.9,7.8,3.8,50,28.2,3
岩井富浦沖,2026-09-04,21,1.1,8.3,4.3,5,28.1,3
北防,2026-09-04,00,0.8,8.4,0.5,302,27.9,3
北防,2026-09-04,03,0.8,8.6,1.6,336,27.8,3
北防,2026-09-04,06,0.9,8.8,1.7,30,27.7,3
北防,2026-09-04,09,1.0,9.0,1.9,341,27.7,3
北防,2026-09-04,12,1.0,9.0,0.9,36,27.9,51
北防,2026-09-04,15,1.0,8.9,0.5,96,28.0,51
北防,2026-09-04,18,0.9,8.8,1.0,43,27.8,53
北防,2026-09-04,21,1.0,9.3,2.2,15,27.7,63
一文字堤,2026-09-04,00,0.8,8.4,0.5,302,28.0,3
一文字堤,2026-09-04,03,0.8,8.6,1.6,336,27.9,3
一文字堤,2026-09-04,06,0.9,8.8,1.7,30,27.8,3
一文字堤,2026-09-04,09,1.0,9.0,1.9,341,27.8,3
一文字堤,2026-09-04,12,1.0,9.0,0.9,36,28.0,51
一文字堤,2026-09-04,15,1.0,8.9,0.5,96,28.1,51
一文字堤,2026-09-04,18,0.9,8.8,1.0,43,27.9,53
一文字堤,2026-09-04,21,1.0,9.3,2.2,15,27.7,63
西浦沖,2026-09-04,00,0.7,8.3,1.0,294,27.7,3
西浦沖,2026-09-04,03,0.7,8.7,0.8,281,27.7,3
西浦沖,2026-09-04,06,0.8,8.9,1.1,100,27.7,3
西浦沖,2026-09-04,09,0.9,9.1,1.1,304,27.7,3
西浦沖,2026-09-04,12,0.9,9.1,0.9,270,27.8,3
西浦沖,2026-09-04,15,0.9,9.0,1.4,268,27.9,51
西浦沖,2026-09-04,18,0.9,8.9,2.5,107,27.7,51
西浦沖,2026-09-04,21,1.0,9.4,1.5,153,27.5,61
高新田前,2026-09-04,00,0.8,8.4,0.5,302,28.0,3
高新田前,2026-09-04,03,0.8,8.6,1.6,336,27.9,3
高新田前,2026-09-04,06,0.9,8.8,1.7,30,27.8,3
高新田前,2026-09-04,09,1.0,9.0,1.9,341,27.8,3
高新田前,2026-09-04,12,1.0,9.0,0.9,36,28.0,51
高新田前,2026-09-04,15,1.0,8.9,0.5,96,28.1,51
高新田前,2026-09-04,18,0.9,8.8,1.0,43,27.9,53
高新田前,2026-09-04,21,1.0,9.3,2.2,15,27.7,63
三保沖,2026-09-04,00,0.8,8.4,0.8,313,27.9,3
三保沖,2026-09-04,03,0.8,8.6,1.8,325,27.9,3
三保沖,2026-09-04,06,0.9,8.8,1.8,338,27.8,3
三保沖,2026-09-04,09,1.0,9.0,1.7,350,27.8,3
三保沖,2026-09-04,12,1.0,9.0,1.8,22,28.0,51
三保沖,2026-09-04,15,1.0,8.9,1.0,51,28.1,51
三保沖,2026-09-04,18,0.9,8.8,1.9,8,28.0,53
三保沖,2026-09-04,21,1.0,9.3,2.1,9,27.8,61
三保取入口,2026-09-04,00,0.8,8.4,0.8,313,27.9,3
三保取入口,2026-09-04,03,0.8,8.6,1.8,325,27.9,3
三保取入口,2026-09-04,06,0.9,8.8,1.8,338,27.8,3
三保取入口,2026-09-04,09,1.0,9.0,1.7,350,27.8,3
三保取入口,2026-09-04,12,1.0,9.0,1.8,22,28.0,51
三保取入口,2026-09-04,15,1.0,8.9,1.0,51,28.1,51
三保取入口,2026-09-04,18,0.9,8.8,1.9,8,28.0,53
三保取入口,2026-09-04,21,1.0,9.3,2.1,9,27.8,61
静浦沖,2026-09-04,00,0.7,8.3,1.1,295,27.7,2
静浦沖,2026-09-04,03,0.7,8.7,0.8,315,27.7,3
静浦沖,2026-09-04,06,0.8,8.9,1.8,50,27.7,3
静浦沖,2026-09-04,09,0.9,9.1,1.6,307,27.7,3
静浦沖,2026-09-04,12,0.9,9.1,1.6,276,27.8,3
静浦沖,2026-09-04,15,0.9,9.0,1.8,211,27.9,51
静浦沖,2026-09-04,18,0.9,8.9,1.0,33,27.7,51
静浦沖,2026-09-04,21,1.0,9.4,0.9,162,27.5,63
網代沖,2026-09-04,00,,,1.4,297,27.1,3
網代沖,2026-09-04,03,,,1.4,306,27.0,3
網代沖,2026-09-04,06,,,1.2,148,27.0,3
網代沖,2026-09-04,09,,,0.2,270,27.0,3
網代沖,2026-09-04,12,,,2.1,117,27.2,3
網代沖,2026-09-04,15,,,0.7,94,27.3,51
網代沖,2026-09-04,18,,,2.0,105,27.2,53
網代沖,2026-09-04,21,,,1.5,100,27.1,55
網代南沖,2026-09-04,00,0.7,7.9,1.8,265,27.1,2
網代南沖,2026-09-04,03,0.7,8.0,1.3,290,27.0,3
網代南沖,2026-09-04,06,0.7,8.4,1.1,45,27.0,3
網代南沖,2026-09-04,09,0.8,8.3,0.2,104,27.0,3
網代南沖,2026-09-04,12,0.8,8.2,2.3,105,27.2,3
網代南沖,2026-09-04,15,0.8,7.9,1.8,84,27.3,3
網代南沖,2026-09-04,18,0.8,7.6,1.9,44,27.2,53
網代南沖,2026-09-04,21,1.0,8.2,2.1,45,27.1,55
岩井沖,2026-09-04,00,0.8,7.8,1.8,201,28.1,2
岩井沖,2026-09-04,03,0.8,8.0,3.3,242,28.1,2
岩井沖,2026-09-04,06,0.9,8.1,2.7,258,28.2,3
岩井沖,2026-09-04,09,0.9,8.0,2.7,354,28.3,3
岩井沖,2026-09-04,12,0.9,8.2,2.5,17,28.4,3
岩井沖,2026-09-04,15,0.9,7.9,3.4,25,28.4,51
岩井沖,2026-09-04,18,0.9,7.8,3.8,50,28.2,3
岩井沖,2026-09-04,21,1.1,8.3,4.3,5,28.1,3
沼津沖,2026-09-04,00,0.7,8.3,1.0,294,27.7,3
沼津沖,2026-09-04,03,0.7,8.7,0.8,281,27.7,3
沼津沖,2026-09-04,06,0.8,8.9,1.1,100,27.7,3
沼津沖,2026-09-04,09,0.9,9.1,1.1,304,27.7,3
沼津沖,2026-09-04,12,0.9,9.1,0.9,270,27.8,3
沼津沖,2026-09-04,15,0.9,9.0,1.4,268,27.9,51
沼津沖,2026-09-04,18,0.9,8.9,2.5,107,27.7,51
沼津沖,2026-09-04,21,1.0,9.4,1.5,153,27.5,61
相模湾,2026-09-04,00,0.7,8.1,4.1,220,27.2,1
相模湾,2026-09-04,03,0.8,8.2,2.0,280,27.1,3
相模湾,2026-09-04,06,0.8,8.5,4.1,8,27.0,3
相模湾,2026-09-04,09,0.8,8.4,5.3,16,27.1,3
相模湾,2026-09-04,12,0.9,8.2,5.0,27,27.2,3
相模湾,2026-09-04,15,0.9,7.9,6.7,19,27.2,3
相模湾,2026-09-04,18,0.9,7.7,6.2,38,27.2,53
相模湾,2026-09-04,21,1.1,8.2,7.4,17,27.1,3
太海沖航程1時間30分,2026-09-04,00,1.0,8.1,1.9,175,27.7,2
太海沖航程1時間30分,2026-09-04,03,1.0,8.2,2.0,238,27.7,1
太海沖航程1時間30分,2026-09-04,06,1.0,8.2,1.7,254,27.8,3
太海沖航程1時間30分,2026-09-04,09,1.0,8.3,2.0,4,27.9,3
太海沖航程1時間30分,2026-09-04,12,1.1,8.6,1.8,51,28.1,3
太海沖航程1時間30分,2026-09-04,15,1.1,8.3,2.9,35,28.3,51
太海沖航程1時間30分,2026-09-04,18,1.1,8.1,3.1,48,28.2,3
太海沖航程1時間30分,2026-09-04,21,1.3,8.7,3.7,8,28.1,3
木負沖,2026-09-04,00,0.7,8.3,1.1,295,27.7,2
木負沖,2026-09-04,03,0.7,8.7,0.8,315,27.7,3
木負沖,2026-09-04,06,0.8,8.9,1.8,50,27.7,3
木負沖,2026-09-04,09,0.9,9.1,1.6,307,27.7,3
木負沖,2026-09-04,12,0.9,9.1,1.6,276,27.8,3
木負沖,2026-09-04,15,0.9,9.0,1.8,211,27.9,51
木負沖,2026-09-04,18,0.9,8.9,1.0,33,27.7,51
木負沖,2026-09-04,21,1.0,9.4,0.9,162,27.5,63
木負湾内,2026-09-04,00,0.7,8.3,1.1,295,27.7,2
木負湾内,2026-09-04,03,0.7,8.7,0.8,315,27.7,3
木負湾内,2026-09-04,06,0.8,8.9,1.8,50,27.7,3
木負湾内,2026-09-04,09,0.9,9.1,1.6,307,27.7,3
木負湾内,2026-09-04,12,0.9,9.1,1.6,276,27.8,3
木負湾内,2026-09-04,15,0.9,9.0,1.8,211,27.9,51
木負湾内,2026-09-04,18,0.9,8.9,1.0,33,27.7,51
木負湾内,2026-09-04,21,1.0,9.4,0.9,162,27.5,63
カメギ根,2026-09-04,00,0.8,8.1,4.1,187,27.4,1
カメギ根,2026-09-04,03,0.8,8.2,4.3,232,27.5,3
カメギ根,2026-09-04,06,0.9,8.3,3.2,358,27.5,3
カメギ根,2026-09-04,09,0.9,8.2,5.1,15,27.6,3
カメギ根,2026-09-04,12,0.9,8.2,5.7,32,27.8,3
カメギ根,2026-09-04,15,0.9,7.8,5.6,26,27.9,3
カメギ根,2026-09-04,18,0.9,7.6,5.6,45,28.0,53
カメギ根,2026-09-04,21,1.1,8.2,6.2,22,28.1,3
保田沖,2026-09-04,00,0.8,7.9,2.1,164,28.1,1
保田沖,2026-09-04,03,0.8,8.1,2.5,215,28.1,2
保田沖,2026-09-04,06,0.9,8.1,1.1,247,28.2,3
保田沖,2026-09-04,09,0.9,8.0,3.5,357,28.2,3
保田沖,2026-09-04,12,1.0,8.2,2.9,359,28.3,3
保田沖,2026-09-04,15,1.0,7.8,4.0,3,28.3,51
保田沖,2026-09-04,18,1.0,7.6,2.8,57,28.2,51
保田沖,2026-09-04,21,1.1,8.2,3.8,9,28.1,3
大沢沖前後,2026-09-04,00,1.0,8.6,1.8,193,28.5,2
大沢沖前後,2026-09-04,03,1.0,8.7,1.1,278,28.5,1
大沢沖前後,2026-09-04,06,1.1,8.8,1.4,256,28.6,3
大沢沖前後,2026-09-04,09,1.1,8.7,1.3,50,28.6,51
大沢沖前後,2026-09-04,12,1.1,9.0,3.8,71,28.8,51
大沢沖前後,2026-09-04,15,1.2,8.2,4.2,49,28.9,3
大沢沖前後,2026-09-04,18,1.2,8.0,4.0,42,28.9,3
大沢沖前後,2026-09-04,21,1.3,8.7,3.9,30,28.8,3
勝浦沖航程1時間30分,2026-09-04,00,1.1,8.7,1.9,205,28.9,2
勝浦沖航程1時間30分,2026-09-04,03,1.1,8.8,1.0,311,28.8,1
勝浦沖航程1時間30分,2026-09-04,06,1.3,8.8,0.6,90,28.7,3
勝浦沖航程1時間30分,2026-09-04,09,1.2,8.6,1.7,32,28.8,51
勝浦沖航程1時間30分,2026-09-04,12,1.3,9.0,4.7,67,29.0,51
勝浦沖航程1時間30分,2026-09-04,15,1.3,8.2,4.6,37,29.1,3
勝浦沖航程1時間30分,2026-09-04,18,1.3,8.1,3.9,30,29.1,3
勝浦沖航程1時間30分,2026-09-04,21,1.4,8.8,3.6,58,29.0,3
由比沖,2026-09-04,00,0.6,8.2,1.4,350,28.1,51
由比沖,2026-09-04,03,0.6,8.4,0.9,342,28.1,3
由比沖,2026-09-04,06,0.7,8.8,0.6,42,28.0,3
由比沖,2026-09-04,09,0.8,8.9,1.3,329,28.0,3
由比沖,2026-09-04,12,0.8,8.9,1.0,325,28.1,51
由比沖,2026-09-04,15,0.8,8.8,1.0,156,28.2,51
由比沖,2026-09-04,18,0.8,8.8,0.8,287,28.0,53
由比沖,2026-09-04,21,0.8,8.9,0.6,265,27.9,61
由比港周辺,2026-09-04,00,0.6,8.2,1.4,350,28.1,51
由比港周辺,2026-09-04,03,0.6,8.4,0.9,342,28.1,3
由比港周辺,2026-09-04,06,0.7,8.8,0.6,42,28.0,3
由比港周辺,2026-09-04,09,0.8,8.9,1.3,329,28.0,3
由比港周辺,2026-09-04,12,0.8,8.9,1.0,325,28.1,51
由比港周辺,2026-09-04,15,0.8,8.8,1.0,156,28.2,51
由比港周辺,2026-09-04,18,0.8,8.8,0.8,287,28.0,53
由比港周辺,2026-09-04,21,0.8,8.9,0.6,265,27.9,61
岩船沖,2026-09-04,00,1.0,8.1,2.1,168,27.7,1
岩船沖,2026-09-04,03,1.0,8.2,1.1,234,27.7,1
岩船沖,2026-09-04,06,1.0,8.2,1.1,251,27.8,3
岩船沖,2026-09-04,09,1.0,8.3,1.8,5,27.9,3
岩船沖,2026-09-04,12,1.1,8.6,1.8,62,28.1,51
岩船沖,2026-09-04,15,1.1,8.3,2.9,35,28.3,51
岩船沖,2026-09-04,18,1.1,8.1,3.1,49,28.2,3
岩船沖,2026-09-04,21,1.3,8.7,3.2,14,28.1,3
小湊沖,2026-09-04,00,0.9,8.2,1.8,193,27.8,2
小湊沖,2026-09-04,03,0.9,8.4,1.1,278,27.8,1
小湊沖,2026-09-04,06,1.0,8.4,1.4,256,27.8,3
小湊沖,2026-09-04,09,1.0,8.3,1.3,50,27.8,51
小湊沖,2026-09-04,12,1.0,8.7,3.8,71,28.0,51
小湊沖,2026-09-04,15,1.0,8.2,4.2,49,28.2,3
小湊沖,2026-09-04,18,1.0,8.0,4.0,42,28.2,3
小湊沖,2026-09-04,21,1.2,8.6,3.9,30,28.2,3
太海沖,2026-09-04,00,0.6,7.8,2.1,164,27.7,1
太海沖,2026-09-04,03,0.7,8.1,2.5,215,27.6,2
太海沖,2026-09-04,06,0.7,8.1,1.1,247,27.6,3
太海沖,2026-09-04,09,0.7,8.0,3.5,357,27.7,3
太海沖,2026-09-04,12,0.8,8.1,2.9,359,27.8,3
太海沖,2026-09-04,15,0.8,7.8,4.0,3,27.9,51
太海沖,2026-09-04,18,0.8,7.8,2.8,57,27.8,51
太海沖,2026-09-04,21,1.0,8.4,3.8,9,27.7,3
鴨川沖前後,2026-09-04,00,0.8,7.8,1.8,193,27.4,2
鴨川沖前後,2026-09-04,03,0.8,8.0,1.1,278,27.4,1
鴨川沖前後,2026-09-04,06,0.9,8.1,1.4,256,27.4,3
鴨川沖前後,2026-09-04,09,0.8,8.0,1.3,50,27.5,51
鴨川沖前後,2026-09-04,12,0.9,8.4,3.8,71,27.7,51
鴨川沖前後,2026-09-04,15,0.9,8.1,4.2,49,27.8,3
鴨川沖前後,2026-09-04,18,0.9,7.8,4.0,42,27.8,3
鴨川沖前後,2026-09-04,21,1.0,8.3,3.9,30,27.7,3
岩和田沖,2026-09-04,00,1.1,8.6,1.9,205,28.3,2
岩和田沖,2026-09-04,03,1.1,8.8,1.0,311,28.3,1
岩和田沖,2026-09-04,06,1.2,8.7,0.6,90,28.4,3
岩和田沖,2026-09-04,09,1.1,8.5,1.7,32,28.5,51
岩和田沖,2026-09-04,12,1.2,8.8,4.7,67,28.6,51
岩和田沖,2026-09-04,15,1.2,8.2,4.6,37,28.7,3
岩和田沖,2026-09-04,18,1.2,8.1,3.9,30,28.7,3
岩和田沖,2026-09-04,21,1.3,8.7,3.6,58,28.7,3
城ヶ島西沖,2026-09-04,00,0.7,8.0,4.1,187,27.3,1
城ヶ島西沖,2026-09-04,03,0.7,8.2,4.3,232,27.4,3
城ヶ島西沖,2026-09-04,06,0.8,8.3,3.2,358,27.4,3
城ヶ島西沖,2026-09-04,09,0.8,8.2,5.1,15,27.4,3
城ヶ島西沖,2026-09-04,12,0.9,8.1,5.7,32,27.6,3
城ヶ島西沖,2026-09-04,15,0.9,7.9,5.6,26,27.8,3
城ヶ島西沖,2026-09-04,18,0.9,7.7,5.6,45,27.9,53
城ヶ島西沖,2026-09-04,21,1.1,8.2,6.2,22,28.0,3
城ヶ島沖,2026-09-04,00,0.7,8.0,3.3,180,27.7,1
城ヶ島沖,2026-09-04,03,0.7,8.1,4.9,228,27.8,3
城ヶ島沖,2026-09-04,06,0.8,8.2,2.5,322,27.9,3
城ヶ島沖,2026-09-04,09,0.8,8.1,5.7,16,28.0,3
城ヶ島沖,2026-09-04,12,0.9,8.1,6.2,25,28.1,3
城ヶ島沖,2026-09-04,15,0.9,7.8,7.0,21,28.1,3
城ヶ島沖,2026-09-04,18,0.9,7.7,6.0,48,28.1,53
城ヶ島沖,2026-09-04,21,1.1,8.2,7.3,19,28.1,3
大貫沖～富浦沖,2026-09-04,00,0.6,7.8,2.1,164,27.9,1
大貫沖～富浦沖,2026-09-04,03,0.7,8.1,2.5,215,27.9,2
大貫沖～富浦沖,2026-09-04,06,0.7,8.1,1.1,247,27.9,3
大貫沖～富浦沖,2026-09-04,09,0.7,8.0,3.5,357,28.0,3
大貫沖～富浦沖,2026-09-04,12,0.8,8.1,2.9,359,28.1,3
大貫沖～富浦沖,2026-09-04,15,0.8,7.8,4.0,3,28.1,51
大貫沖～富浦沖,2026-09-04,18,0.8,7.8,2.8,57,28.0,51
大貫沖～富浦沖,2026-09-04,21,1.0,8.4,3.8,9,27.9,3
御宿沖,2026-09-04,00,1.1,8.6,1.9,205,28.3,2
御宿沖,2026-09-04,03,1.1,8.8,1.0,311,28.3,1
御宿沖,2026-09-04,06,1.2,8.7,0.6,90,28.4,3
御宿沖,2026-09-04,09,1.1,8.5,1.7,32,28.5,51
御宿沖,2026-09-04,12,1.2,8.8,4.7,67,28.6,51
御宿沖,2026-09-04,15,1.2,8.2,4.6,37,28.7,3
御宿沖,2026-09-04,18,1.2,8.1,3.9,30,28.7,3
御宿沖,2026-09-04,21,1.3,8.7,3.6,58,28.7,3
興津港沖,2026-09-04,00,1.1,8.6,1.9,205,28.3,2
興津港沖,2026-09-04,03,1.1,8.8,1.0,311,28.3,1
興津港沖,2026-09-04,06,1.2,8.7,0.6,90,28.4,3
興津港沖,2026-09-04,09,1.1,8.5,1.7,32,28.5,51
興津港沖,2026-09-04,12,1.2,8.8,4.7,67,28.6,51
興津港沖,2026-09-04,15,1.2,8.2,4.6,37,28.7,3
興津港沖,2026-09-04,18,1.2,8.1,3.9,30,28.7,3
興津港沖,2026-09-04,21,1.3,8.7,3.6,58,28.7,3
烏帽子沖,2026-09-04,00,0.7,8.0,3.3,180,27.7,1
烏帽子沖,2026-09-04,03,0.7,8.1,4.9,228,27.8,3
烏帽子沖,2026-09-04,06,0.8,8.2,2.5,322,27.9,3
烏帽子沖,2026-09-04,09,0.8,8.1,5.7,16,28.0,3
烏帽子沖,2026-09-04,12,0.9,8.1,6.2,25,28.1,3
烏帽子沖,2026-09-04,15,0.9,7.8,7.0,21,28.1,3
烏帽子沖,2026-09-04,18,0.9,7.7,6.0,48,28.1,53
烏帽子沖,2026-09-04,21,1.1,8.2,7.3,19,28.1,3
諸磯沖,2026-09-04,00,0.7,8.0,3.3,180,27.7,1
諸磯沖,2026-09-04,03,0.7,8.1,4.9,228,27.8,3
諸磯沖,2026-09-04,06,0.8,8.2,2.5,322,27.9,3
諸磯沖,2026-09-04,09,0.8,8.1,5.7,16,28.0,3
諸磯沖,2026-09-04,12,0.9,8.1,6.2,25,28.1,3
諸磯沖,2026-09-04,15,0.9,7.8,7.0,21,28.1,3
諸磯沖,2026-09-04,18,0.9,7.7,6.0,48,28.1,53
諸磯沖,2026-09-04,21,1.1,8.2,7.3,19,28.1,3
剣崎沖,2026-09-04,00,0.7,8.0,3.3,180,27.7,1
剣崎沖,2026-09-04,03,0.7,8.1,4.9,228,27.8,3
剣崎沖,2026-09-04,06,0.8,8.2,2.5,322,27.9,3
剣崎沖,2026-09-04,09,0.8,8.1,5.7,16,28.0,3
剣崎沖,2026-09-04,12,0.9,8.1,6.2,25,28.1,3
剣崎沖,2026-09-04,15,0.9,7.8,7.0,21,28.1,3
剣崎沖,2026-09-04,18,0.9,7.7,6.0,48,28.1,53
剣崎沖,2026-09-04,21,1.1,8.2,7.3,19,28.1,3
勝浦灯台沖航程20分,2026-09-04,00,1.0,8.4,1.9,205,28.5,2
勝浦灯台沖航程20分,2026-09-04,03,1.0,8.7,1.0,311,28.4,1
勝浦灯台沖航程20分,2026-09-04,06,1.1,8.7,0.6,90,28.3,3
勝浦灯台沖航程20分,2026-09-04,09,1.0,8.5,1.7,32,28.3,51
勝浦灯台沖航程20分,2026-09-04,12,1.1,8.8,4.7,67,28.3,51
勝浦灯台沖航程20分,2026-09-04,15,1.2,8.2,4.6,37,28.4,3
勝浦灯台沖航程20分,2026-09-04,18,1.2,8.1,3.9,30,28.4,3
勝浦灯台沖航程20分,2026-09-04,21,1.3,8.7,3.6,58,28.3,3
勝浦沖航程30分,2026-09-04,00,1.1,8.6,1.9,205,28.3,2
勝浦沖航程30分,2026-09-04,03,1.1,8.8,1.0,311,28.3,1
勝浦沖航程30分,2026-09-04,06,1.2,8.7,0.6,90,28.4,3
勝浦沖航程30分,2026-09-04,09,1.1,8.5,1.7,32,28.5,51
勝浦沖航程30分,2026-09-04,12,1.2,8.8,4.7,67,28.6,51
勝浦沖航程30分,2026-09-04,15,1.2,8.2,4.6,37,28.7,3
勝浦沖航程30分,2026-09-04,18,1.2,8.1,3.9,30,28.7,3
勝浦沖航程30分,2026-09-04,21,1.3,8.7,3.6,58,28.7,3
田子の浦沖,2026-09-04,00,0.6,8.2,1.4,350,28.1,51
田子の浦沖,2026-09-04,03,0.6,8.4,0.9,342,28.1,3
田子の浦沖,2026-09-04,06,0.7,8.8,0.6,42,28.0,3
田子の浦沖,2026-09-04,09,0.8,8.9,1.3,329,28.0,3
田子の浦沖,2026-09-04,12,0.8,8.9,1.0,325,28.1,51
田子の浦沖,2026-09-04,15,0.8,8.8,1.0,156,28.2,51
田子の浦沖,2026-09-04,18,0.8,8.8,0.8,287,28.0,53
田子の浦沖,2026-09-04,21,0.8,8.9,0.6,265,27.9,61
富士川沖,2026-09-04,00,0.6,8.2,1.4,350,28.0,51
富士川沖,2026-09-04,03,0.6,8.4,0.9,342,27.9,3
富士川沖,2026-09-04,06,0.7,8.8,0.6,42,27.9,3
富士川沖,2026-09-04,09,0.8,8.9,1.3,329,27.8,3
富士川沖,2026-09-04,12,0.8,8.9,1.0,325,27.9,51
富士川沖,2026-09-04,15,0.8,8.8,1.0,156,28.0,51
富士川沖,2026-09-04,18,0.8,8.8,0.8,287,27.9,53
富士川沖,2026-09-04,21,0.8,8.9,0.6,265,27.7,61
かんねこ,2026-09-04,00,0.6,7.8,2.1,164,27.7,1
かんねこ,2026-09-04,03,0.7,8.1,2.5,215,27.6,2
かんねこ,2026-09-04,06,0.7,8.1,1.1,247,27.6,3
かんねこ,2026-09-04,09,0.7,8.0,3.5,357,27.7,3
かんねこ,2026-09-04,12,0.8,8.1,2.9,359,27.8,3
かんねこ,2026-09-04,15,0.8,7.8,4.0,3,27.9,51
かんねこ,2026-09-04,18,0.8,7.8,2.8,57,27.8,51
かんねこ,2026-09-04,21,1.0,8.4,3.8,9,27.7,3
海中公園沖,2026-09-04,00,1.1,8.6,1.9,205,28.3,2
海中公園沖,2026-09-04,03,1.1,8.8,1.0,311,28.3,1
海中公園沖,2026-09-04,06,1.2,8.7,0.6,90,28.4,3
海中公園沖,2026-09-04,09,1.1,8.5,1.7,32,28.5,51
海中公園沖,2026-09-04,12,1.2,8.8,4.7,67,28.6,51
海中公園沖,2026-09-04,15,1.2,8.2,4.6,37,28.7,3
海中公園沖,2026-09-04,18,1.2,8.1,3.9,30,28.7,3
海中公園沖,2026-09-04,21,1.3,8.7,3.6,58,28.7,3
真鶴西沖,2026-09-04,00,0.6,7.8,2.5,242,27.2,2
真鶴西沖,2026-09-04,03,0.6,7.8,1.6,303,27.1,3
真鶴西沖,2026-09-04,06,0.7,8.2,1.4,19,27.0,3
真鶴西沖,2026-09-04,09,0.7,8.2,0.7,81,27.0,3
真鶴西沖,2026-09-04,12,0.7,8.1,2.1,82,27.1,3
真鶴西沖,2026-09-04,15,0.7,7.8,2.3,68,27.3,3
真鶴西沖,2026-09-04,18,0.7,7.5,1.6,22,27.2,55
真鶴西沖,2026-09-04,21,0.9,8.1,2.1,26,27.0,55
真鶴沖,2026-09-04,00,0.6,7.8,2.5,242,27.2,2
真鶴沖,2026-09-04,03,0.6,7.8,1.6,303,27.1,3
真鶴沖,2026-09-04,06,0.7,8.2,1.4,19,27.0,3
真鶴沖,2026-09-04,09,0.7,8.2,0.7,81,27.0,3
真鶴沖,2026-09-04,12,0.7,8.1,2.1,82,27.1,3
真鶴沖,2026-09-04,15,0.7,7.8,2.3,68,27.3,3
真鶴沖,2026-09-04,18,0.7,7.5,1.6,22,27.2,55
真鶴沖,2026-09-04,21,0.9,8.1,2.1,26,27.0,55
勝浦灯台沖,2026-09-04,00,1.0,8.4,1.9,205,28.5,2
勝浦灯台沖,2026-09-04,03,1.0,8.7,1.0,311,28.4,1
勝浦灯台沖,2026-09-04,06,1.1,8.7,0.6,90,28.3,3
勝浦灯台沖,2026-09-04,09,1.0,8.5,1.7,32,28.3,51
勝浦灯台沖,2026-09-04,12,1.1,8.8,4.7,67,28.3,51
勝浦灯台沖,2026-09-04,15,1.2,8.2,4.6,37,28.4,3
勝浦灯台沖,2026-09-04,18,1.2,8.1,3.9,30,28.4,3
勝浦灯台沖,2026-09-04,21,1.3,8.7,3.6,58,28.3,3
勝浦沖,2026-09-04,00,1.0,8.4,1.9,205,28.5,2
勝浦沖,2026-09-04,03,1.0,8.7,1.0,311,28.4,1
勝浦沖,2026-09-04,06,1.1,8.7,0.6,90,28.3,3
勝浦沖,2026-09-04,09,1.0,8.5,1.7,32,28.3,51
勝浦沖,2026-09-04,12,1.1,8.8,4.7,67,28.3,51
勝浦沖,2026-09-04,15,1.2,8.2,4.6,37,28.4,3
勝浦沖,2026-09-04,18,1.2,8.1,3.9,30,28.4,3
勝浦沖,2026-09-04,21,1.3,8.7,3.6,58,28.3,3
富士山根,2026-09-04,00,0.6,7.9,3.1,192,27.3,1
富士山根,2026-09-04,03,0.6,8.1,1.8,188,27.3,3
富士山根,2026-09-04,06,0.7,8.2,2.5,12,27.4,3
富士山根,2026-09-04,09,0.7,8.2,4.1,21,27.4,3
富士山根,2026-09-04,12,0.8,8.4,4.0,25,27.6,3
富士山根,2026-09-04,15,0.8,8.2,4.6,24,27.7,3
富士山根,2026-09-04,18,0.8,7.9,3.5,44,27.7,55
富士山根,2026-09-04,21,1.0,8.7,4.6,25,27.7,3
川津沖,2026-09-04,00,1.0,8.1,1.9,204,28.3,2
川津沖,2026-09-04,03,1.0,8.3,1.5,354,28.3,1
川津沖,2026-09-04,06,1.0,8.3,1.1,71,28.4,3
川津沖,2026-09-04,09,1.0,8.1,2.6,39,28.5,3
川津沖,2026-09-04,12,1.1,8.3,4.4,71,28.6,3
川津沖,2026-09-04,15,1.1,7.8,4.4,36,28.7,3
川津沖,2026-09-04,18,1.1,7.6,3.8,31,28.7,3
川津沖,2026-09-04,21,1.2,8.2,4.2,59,28.7,3
下浦沖,2026-09-04,00,0.6,7.6,3.1,192,27.2,1
下浦沖,2026-09-04,03,0.6,7.8,1.8,188,27.1,3
下浦沖,2026-09-04,06,0.6,8.0,2.5,12,27.1,3
下浦沖,2026-09-04,09,0.6,8.0,4.1,21,27.3,3
下浦沖,2026-09-04,12,0.7,8.1,4.0,25,27.4,3
下浦沖,2026-09-04,15,0.7,7.7,4.6,24,27.5,3
下浦沖,2026-09-04,18,0.7,7.5,3.5,44,27.4,55
下浦沖,2026-09-04,21,0.9,8.4,4.6,25,27.3,3
興津沖,2026-09-04,00,1.0,8.1,1.9,204,28.3,2
興津沖,2026-09-04,03,1.0,8.3,1.5,354,28.3,1
興津沖,2026-09-04,06,1.0,8.3,1.1,71,28.4,3
興津沖,2026-09-04,09,1.0,8.1,2.6,39,28.5,3
興津沖,2026-09-04,12,1.1,8.3,4.4,71,28.6,3
興津沖,2026-09-04,15,1.1,7.8,4.4,36,28.7,3
興津沖,2026-09-04,18,1.1,7.6,3.8,31,28.7,3
興津沖,2026-09-04,21,1.2,8.2,4.2,59,28.7,3
長井西沖,2026-09-04,00,0.6,7.9,3.1,192,27.3,1
長井西沖,2026-09-04,03,0.6,8.1,1.8,188,27.3,3
長井西沖,2026-09-04,06,0.7,8.2,2.5,12,27.4,3
長井西沖,2026-09-04,09,0.7,8.2,4.1,21,27.4,3
長井西沖,2026-09-04,12,0.8,8.4,4.0,25,27.6,3
長井西沖,2026-09-04,15,0.8,8.2,4.6,24,27.7,3
長井西沖,2026-09-04,18,0.8,7.9,3.5,44,27.7,55
長井西沖,2026-09-04,21,1.0,8.7,4.6,25,27.7,3
長井沖,2026-09-04,00,0.6,7.7,3.1,192,27.5,1
長井沖,2026-09-04,03,0.6,7.8,1.8,188,27.4,3
長井沖,2026-09-04,06,0.7,8.0,2.5,12,27.4,3
長井沖,2026-09-04,09,0.7,8.0,4.1,21,27.5,3
長井沖,2026-09-04,12,0.7,8.2,4.0,25,27.5,3
長井沖,2026-09-04,15,0.7,7.8,4.6,24,27.6,3
長井沖,2026-09-04,18,0.7,7.6,3.5,44,27.5,55
長井沖,2026-09-04,21,0.9,8.4,4.6,25,27.4,3
三戸浜沖,2026-09-04,00,0.6,7.7,3.1,192,27.5,1
三戸浜沖,2026-09-04,03,0.6,7.8,1.8,188,27.4,3
三戸浜沖,2026-09-04,06,0.7,8.0,2.5,12,27.4,3
三戸浜沖,2026-09-04,09,0.7,8.0,4.1,21,27.5,3
三戸浜沖,2026-09-04,12,0.7,8.2,4.0,25,27.5,3
三戸浜沖,2026-09-04,15,0.7,7.8,4.6,24,27.6,3
三戸浜沖,2026-09-04,18,0.7,7.6,3.5,44,27.5,55
三戸浜沖,2026-09-04,21,0.9,8.4,4.6,25,27.4,3
金谷沖,2026-09-04,00,0.5,7.7,3.1,192,27.4,1
金谷沖,2026-09-04,03,0.5,7.9,1.8,188,27.3,3
金谷沖,2026-09-04,06,0.6,8.0,2.5,12,27.4,3
金谷沖,2026-09-04,09,0.6,8.0,4.1,21,27.6,3
金谷沖,2026-09-04,12,0.7,8.2,4.0,25,27.7,3
金谷沖,2026-09-04,15,0.7,7.7,4.6,24,27.8,3
金谷沖,2026-09-04,18,0.6,7.6,3.5,44,27.7,55
金谷沖,2026-09-04,21,0.8,8.5,4.6,25,27.6,3
佐島沖,2026-09-04,00,0.6,7.7,3.1,192,27.5,1
佐島沖,2026-09-04,03,0.6,7.8,1.8,188,27.4,3
佐島沖,2026-09-04,06,0.7,8.0,2.5,12,27.4,3
佐島沖,2026-09-04,09,0.7,8.0,4.1,21,27.5,3
佐島沖,2026-09-04,12,0.7,8.2,4.0,25,27.5,3
佐島沖,2026-09-04,15,0.7,7.8,4.6,24,27.6,3
佐島沖,2026-09-04,18,0.7,7.6,3.5,44,27.5,55
佐島沖,2026-09-04,21,0.9,8.4,4.6,25,27.4,3
小田原南沖,2026-09-04,00,0.6,7.7,2.5,242,27.2,2
小田原南沖,2026-09-04,03,0.6,7.8,1.6,303,27.1,3
小田原南沖,2026-09-04,06,0.6,8.2,1.4,19,27.0,3
小田原南沖,2026-09-04,09,0.6,8.1,0.7,81,27.0,3
小田原南沖,2026-09-04,12,0.6,8.2,2.1,82,27.2,3
小田原南沖,2026-09-04,15,0.7,8.1,2.3,68,27.3,3
小田原南沖,2026-09-04,18,0.7,7.8,1.6,22,27.2,55
小田原南沖,2026-09-04,21,0.8,8.6,2.1,26,27.0,55
瀬の海,2026-09-04,00,0.6,7.8,2.7,208,27.2,1
瀬の海,2026-09-04,03,0.6,8.0,1.4,4,27.1,3
瀬の海,2026-09-04,06,0.7,8.3,1.7,10,27.0,3
瀬の海,2026-09-04,09,0.7,8.2,1.4,28,27.0,3
瀬の海,2026-09-04,12,0.7,8.3,3.3,30,27.1,51
瀬の海,2026-09-04,15,0.7,8.2,3.1,19,27.2,3
瀬の海,2026-09-04,18,0.7,7.8,2.2,9,27.1,61
瀬の海,2026-09-04,21,0.9,8.6,3.1,11,27.0,53
秋谷沖,2026-09-04,00,0.6,7.9,3.1,192,27.3,1
秋谷沖,2026-09-04,03,0.6,8.1,1.8,188,27.3,3
秋谷沖,2026-09-04,06,0.7,8.2,2.5,12,27.4,3
秋谷沖,2026-09-04,09,0.7,8.2,4.1,21,27.4,3
秋谷沖,2026-09-04,12,0.8,8.4,4.0,25,27.6,3
秋谷沖,2026-09-04,15,0.8,8.2,4.6,24,27.7,3
秋谷沖,2026-09-04,18,0.8,7.9,3.5,44,27.7,55
秋谷沖,2026-09-04,21,1.0,8.7,4.6,25,27.7,3
竹岡沖,2026-09-04,00,0.5,7.7,3.3,176,27.4,1
竹岡沖,2026-09-04,03,0.5,7.9,1.7,120,27.3,3
竹岡沖,2026-09-04,06,0.6,8.0,1.1,41,27.4,3
竹岡沖,2026-09-04,09,0.6,8.0,3.6,7,27.6,3
竹岡沖,2026-09-04,12,0.7,8.2,4.1,359,27.7,3
竹岡沖,2026-09-04,15,0.7,7.7,4.6,6,27.8,3
竹岡沖,2026-09-04,18,0.6,7.6,3.6,63,27.7,53
竹岡沖,2026-09-04,21,0.8,8.5,4.6,20,27.6,3
部原沖,2026-09-04,00,1.0,8.4,1.9,205,28.5,2
部原沖,2026-09-04,03,1.0,8.7,1.0,311,28.4,1
部原沖,2026-09-04,06,1.1,8.7,0.6,90,28.3,3
部原沖,2026-09-04,09,1.0,8.5,1.7,32,28.3,51
部原沖,2026-09-04,12,1.1,8.8,4.7,67,28.3,51
部原沖,2026-09-04,15,1.2,8.2,4.6,37,28.4,3
部原沖,2026-09-04,18,1.2,8.1,3.9,30,28.4,3
部原沖,2026-09-04,21,1.3,8.7,3.6,58,28.3,3
小田原西沖,2026-09-04,00,0.6,7.7,2.5,242,27.2,2
小田原西沖,2026-09-04,03,0.6,7.8,1.6,303,27.1,3
小田原西沖,2026-09-04,06,0.6,8.2,1.4,19,27.0,3
小田原西沖,2026-09-04,09,0.6,8.1,0.7,81,27.0,3
小田原西沖,2026-09-04,12,0.6,8.2,2.1,82,27.2,3
小田原西沖,2026-09-04,15,0.7,8.1,2.3,68,27.3,3
小田原西沖,2026-09-04,18,0.7,7.8,1.6,22,27.2,55
小田原西沖,2026-09-04,21,0.8,8.6,2.1,26,27.0,55
小田原沖,2026-09-04,00,0.6,7.7,2.5,242,27.2,2
小田原沖,2026-09-04,03,0.6,7.8,1.6,303,27.1,3
小田原沖,2026-09-04,06,0.6,8.2,1.4,19,27.0,3
小田原沖,2026-09-04,09,0.6,8.1,0.7,81,27.0,3
小田原沖,2026-09-04,12,0.6,8.2,2.1,82,27.2,3
小田原沖,2026-09-04,15,0.7,8.1,2.3,68,27.3,3
小田原沖,2026-09-04,18,0.7,7.8,1.6,22,27.2,55
小田原沖,2026-09-04,21,0.8,8.6,2.1,26,27.0,55
小田原東沖,2026-09-04,00,0.6,7.7,2.5,242,27.2,2
小田原東沖,2026-09-04,03,0.6,7.8,1.6,303,27.1,3
小田原東沖,2026-09-04,06,0.6,8.2,1.4,19,27.0,3
小田原東沖,2026-09-04,09,0.6,8.1,0.7,81,27.0,3
小田原東沖,2026-09-04,12,0.6,8.2,2.1,82,27.2,3
小田原東沖,2026-09-04,15,0.7,8.1,2.3,68,27.3,3
小田原東沖,2026-09-04,18,0.7,7.8,1.6,22,27.2,55
小田原東沖,2026-09-04,21,0.8,8.6,2.1,26,27.0,55
久里浜沖,2026-09-04,00,0.6,7.6,3.1,192,27.2,1
久里浜沖,2026-09-04,03,0.6,7.8,1.8,188,27.1,3
久里浜沖,2026-09-04,06,0.6,8.0,2.5,12,27.1,3
久里浜沖,2026-09-04,09,0.6,8.0,4.1,21,27.3,3
久里浜沖,2026-09-04,12,0.7,8.1,4.0,25,27.4,3
久里浜沖,2026-09-04,15,0.7,7.7,4.6,24,27.5,3
久里浜沖,2026-09-04,18,0.7,7.5,3.5,44,27.4,55
久里浜沖,2026-09-04,21,0.9,8.4,4.6,25,27.3,3
国府津沖,2026-09-04,00,0.6,7.7,1.3,250,27.2,1
国府津沖,2026-09-04,03,0.6,7.8,1.8,347,27.1,3
国府津沖,2026-09-04,06,0.6,8.2,0.4,320,27.0,3
国府津沖,2026-09-04,09,0.6,8.1,0.4,97,27.0,3
国府津沖,2026-09-04,12,0.6,8.2,2.1,73,27.2,51
国府津沖,2026-09-04,15,0.7,8.1,2.0,45,27.3,3
国府津沖,2026-09-04,18,0.7,7.8,0.6,31,27.2,55
国府津沖,2026-09-04,21,0.8,8.6,1.4,25,27.0,55
葉山南沖,2026-09-04,00,0.5,7.8,3.1,192,27.3,1
葉山南沖,2026-09-04,03,0.5,8.0,1.8,188,27.2,3
葉山南沖,2026-09-04,06,0.6,8.2,2.5,12,27.2,3
葉山南沖,2026-09-04,09,0.6,8.2,4.1,21,27.2,3
葉山南沖,2026-09-04,12,0.6,8.6,4.0,25,27.3,3
葉山南沖,2026-09-04,15,0.6,8.4,4.6,24,27.4,3
葉山南沖,2026-09-04,18,0.6,8.2,3.5,44,27.3,55
葉山南沖,2026-09-04,21,0.8,9.2,4.6,25,27.2,3
エボシ沖,2026-09-04,00,0.5,7.8,3.1,192,27.3,1
エボシ沖,2026-09-04,03,0.5,8.0,1.8,188,27.2,3
エボシ沖,2026-09-04,06,0.6,8.2,2.5,12,27.2,3
エボシ沖,2026-09-04,09,0.6,8.2,4.1,21,27.2,3
エボシ沖,2026-09-04,12,0.6,8.6,4.0,25,27.3,3
エボシ沖,2026-09-04,15,0.6,8.4,4.6,24,27.4,3
エボシ沖,2026-09-04,18,0.6,8.2,3.5,44,27.3,55
エボシ沖,2026-09-04,21,0.8,9.2,4.6,25,27.2,3
観音崎沖ｍ,2026-09-04,00,0.4,7.3,3.1,192,27.2,1
観音崎沖ｍ,2026-09-04,03,0.4,7.5,1.8,188,27.0,3
観音崎沖ｍ,2026-09-04,06,0.4,7.7,2.5,12,27.0,3
観音崎沖ｍ,2026-09-04,09,0.5,7.8,4.1,21,27.1,3
観音崎沖ｍ,2026-09-04,12,0.5,8.1,4.0,25,27.2,3
観音崎沖ｍ,2026-09-04,15,0.5,7.5,4.6,24,27.3,3
観音崎沖ｍ,2026-09-04,18,0.5,7.0,3.5,44,27.3,55
観音崎沖ｍ,2026-09-04,21,0.6,8.0,4.6,25,27.2,3
浦賀沖,2026-09-04,00,0.4,7.3,3.1,192,27.2,1
浦賀沖,2026-09-04,03,0.4,7.5,1.8,188,27.0,3
浦賀沖,2026-09-04,06,0.4,7.7,2.5,12,27.0,3
浦賀沖,2026-09-04,09,0.5,7.8,4.1,21,27.1,3
浦賀沖,2026-09-04,12,0.5,8.1,4.0,25,27.2,3
浦賀沖,2026-09-04,15,0.5,7.5,4.6,24,27.3,3
浦賀沖,2026-09-04,18,0.5,7.0,3.5,44,27.3,55
浦賀沖,2026-09-04,21,0.6,8.0,4.6,25,27.2,3
鎌倉沖,2026-09-04,00,0.5,7.8,3.5,197,27.3,1
鎌倉沖,2026-09-04,03,0.5,8.0,0.3,90,27.2,3
鎌倉沖,2026-09-04,06,0.6,8.2,2.3,29,27.2,3
鎌倉沖,2026-09-04,09,0.6,8.2,2.4,10,27.2,3
鎌倉沖,2026-09-04,12,0.6,8.6,3.4,16,27.3,3
鎌倉沖,2026-09-04,15,0.6,8.4,3.1,12,27.4,3
鎌倉沖,2026-09-04,18,0.6,8.2,2.2,28,27.3,61
鎌倉沖,2026-09-04,21,0.8,9.2,2.9,17,27.2,51
葉山沖,2026-09-04,00,0.5,7.8,3.0,189,27.3,1
葉山沖,2026-09-04,03,0.5,8.0,0.9,109,27.2,3
葉山沖,2026-09-04,06,0.6,8.2,2.4,28,27.2,3
葉山沖,2026-09-04,09,0.6,8.2,3.3,16,27.2,3
葉山沖,2026-09-04,12,0.6,8.6,3.1,22,27.3,3
葉山沖,2026-09-04,15,0.6,8.4,3.3,21,27.4,3
葉山沖,2026-09-04,18,0.6,8.2,2.7,49,27.3,61
葉山沖,2026-09-04,21,0.8,9.2,3.1,29,27.2,3
大貫沖,2026-09-04,00,0.4,7.3,3.3,176,27.3,1
大貫沖,2026-09-04,03,0.4,7.6,1.7,120,27.2,3
大貫沖,2026-09-04,06,0.4,7.8,1.1,41,27.2,3
大貫沖,2026-09-04,09,0.4,7.8,3.6,7,27.2,3
大貫沖,2026-09-04,12,0.5,8.1,4.1,359,27.4,3
大貫沖,2026-09-04,15,0.5,7.3,4.6,6,27.5,3
大貫沖,2026-09-04,18,0.5,6.9,3.6,63,27.5,53
大貫沖,2026-09-04,21,0.6,7.9,4.6,20,27.3,3
大原沖,2026-09-04,00,0.9,8.2,1.9,204,27.9,2
大原沖,2026-09-04,03,0.9,8.5,1.5,354,27.9,1
大原沖,2026-09-04,06,0.9,8.6,1.1,71,28.0,3
大原沖,2026-09-04,09,0.9,8.1,2.6,39,28.1,3
大原沖,2026-09-04,12,1.0,8.2,4.4,71,28.3,3
大原沖,2026-09-04,15,1.0,7.7,4.4,36,28.5,3
大原沖,2026-09-04,18,1.1,7.5,3.8,31,28.5,3
大原沖,2026-09-04,21,1.1,7.8,4.2,59,28.4,3
江の島沖,2026-09-04,00,0.5,7.8,3.5,197,27.3,1
江の島沖,2026-09-04,03,0.6,8.0,0.3,90,27.1,3
江の島沖,2026-09-04,06,0.6,8.2,2.3,29,27.0,3
江の島沖,2026-09-04,09,0.6,8.2,2.4,10,27.0,3
江の島沖,2026-09-04,12,0.7,8.5,3.4,16,27.2,3
江の島沖,2026-09-04,15,0.7,8.4,3.1,12,27.3,3
江の島沖,2026-09-04,18,0.7,8.2,2.2,28,27.2,61
江の島沖,2026-09-04,21,0.8,9.2,2.9,17,27.1,51
小坪沖,2026-09-04,00,0.5,7.8,3.0,189,27.3,1
小坪沖,2026-09-04,03,0.5,8.0,0.9,109,27.2,3
小坪沖,2026-09-04,06,0.6,8.2,2.4,28,27.2,3
小坪沖,2026-09-04,09,0.6,8.2,3.3,16,27.2,3
小坪沖,2026-09-04,12,0.6,8.6,3.1,22,27.3,3
小坪沖,2026-09-04,15,0.6,8.4,3.3,21,27.4,3
小坪沖,2026-09-04,18,0.6,8.2,2.7,49,27.3,61
小坪沖,2026-09-04,21,0.8,9.2,3.1,29,27.2,3
横須賀沖,2026-09-04,00,0.4,7.3,3.1,192,27.2,1
横須賀沖,2026-09-04,03,0.4,7.5,1.8,188,27.0,3
横須賀沖,2026-09-04,06,0.4,7.7,2.5,12,27.0,3
横須賀沖,2026-09-04,09,0.5,7.8,4.1,21,27.1,3
横須賀沖,2026-09-04,12,0.5,8.1,4.0,25,27.2,3
横須賀沖,2026-09-04,15,0.5,7.5,4.6,24,27.3,3
横須賀沖,2026-09-04,18,0.5,7.0,3.5,44,27.3,55
横須賀沖,2026-09-04,21,0.6,8.0,4.6,25,27.2,3
観音崎沖～横須賀沖,2026-09-04,00,0.4,7.3,3.1,192,27.2,1
観音崎沖～横須賀沖,2026-09-04,03,0.4,7.5,1.8,188,27.0,3
観音崎沖～横須賀沖,2026-09-04,06,0.4,7.7,2.5,12,27.0,3
観音崎沖～横須賀沖,2026-09-04,09,0.5,7.8,4.1,21,27.1,3
観音崎沖～横須賀沖,2026-09-04,12,0.5,8.1,4.0,25,27.2,3
観音崎沖～横須賀沖,2026-09-04,15,0.5,7.5,4.6,24,27.3,3
観音崎沖～横須賀沖,2026-09-04,18,0.5,7.0,3.5,44,27.3,55
観音崎沖～横須賀沖,2026-09-04,21,0.6,8.0,4.6,25,27.2,3
観音崎沖,2026-09-04,00,0.4,7.3,3.1,192,27.2,1
観音崎沖,2026-09-04,03,0.4,7.5,1.8,188,27.0,3
観音崎沖,2026-09-04,06,0.4,7.7,2.5,12,27.0,3
観音崎沖,2026-09-04,09,0.5,7.8,4.1,21,27.1,3
観音崎沖,2026-09-04,12,0.5,8.1,4.0,25,27.2,3
観音崎沖,2026-09-04,15,0.5,7.5,4.6,24,27.3,3
観音崎沖,2026-09-04,18,0.5,7.0,3.5,44,27.3,55
観音崎沖,2026-09-04,21,0.6,8.0,4.6,25,27.2,3
富津南沖,2026-09-04,00,0.4,7.3,3.3,176,27.3,1
富津南沖,2026-09-04,03,0.4,7.6,1.7,120,27.2,3
富津南沖,2026-09-04,06,0.4,7.8,1.1,41,27.2,3
富津南沖,2026-09-04,09,0.4,7.8,3.6,7,27.2,3
富津南沖,2026-09-04,12,0.5,8.1,4.1,359,27.4,3
富津南沖,2026-09-04,15,0.5,7.3,4.6,6,27.5,3
富津南沖,2026-09-04,18,0.5,6.9,3.6,63,27.5,53
富津南沖,2026-09-04,21,0.6,7.9,4.6,20,27.3,3
大貫沖～猿島沖,2026-09-04,00,0.4,7.3,3.1,192,27.2,1
大貫沖～猿島沖,2026-09-04,03,0.4,7.5,1.8,188,27.0,3
大貫沖～猿島沖,2026-09-04,06,0.4,7.7,2.5,12,27.0,3
大貫沖～猿島沖,2026-09-04,09,0.5,7.8,4.1,21,27.1,3
大貫沖～猿島沖,2026-09-04,12,0.5,8.1,4.0,25,27.2,3
大貫沖～猿島沖,2026-09-04,15,0.5,7.5,4.6,24,27.3,3
大貫沖～猿島沖,2026-09-04,18,0.5,7.0,3.5,44,27.3,55
大貫沖～猿島沖,2026-09-04,21,0.6,8.0,4.6,25,27.2,3
二宮沖,2026-09-04,00,0.5,7.5,1.3,250,27.3,1
二宮沖,2026-09-04,03,0.5,7.6,1.8,347,27.1,3
二宮沖,2026-09-04,06,0.5,7.8,0.4,320,27.1,3
二宮沖,2026-09-04,09,0.5,7.9,0.4,97,27.1,3
二宮沖,2026-09-04,12,0.6,8.1,2.1,73,27.2,51
二宮沖,2026-09-04,15,0.6,8.1,2.0,45,27.4,3
二宮沖,2026-09-04,18,0.6,7.8,0.6,31,27.2,55
二宮沖,2026-09-04,21,0.7,8.9,1.4,25,27.0,55
小坪西沖,2026-09-04,00,0.5,7.8,3.5,197,27.3,1
小坪西沖,2026-09-04,03,0.5,8.0,0.3,90,27.2,3
小坪西沖,2026-09-04,06,0.6,8.2,2.3,29,27.2,3
小坪西沖,2026-09-04,09,0.6,8.2,2.4,10,27.2,3
小坪西沖,2026-09-04,12,0.6,8.6,3.4,16,27.3,3
小坪西沖,2026-09-04,15,0.6,8.4,3.1,12,27.4,3
小坪西沖,2026-09-04,18,0.6,8.2,2.2,28,27.3,61
小坪西沖,2026-09-04,21,0.8,9.2,2.9,17,27.2,51
大津沖,2026-09-04,00,0.4,7.5,3.1,192,27.2,1
大津沖,2026-09-04,03,0.4,7.8,1.8,188,27.0,3
大津沖,2026-09-04,06,0.5,8.0,2.5,12,27.0,3
大津沖,2026-09-04,09,0.5,8.0,4.1,21,27.1,3
大津沖,2026-09-04,12,0.5,8.3,4.0,25,27.2,3
大津沖,2026-09-04,15,0.5,7.9,4.6,24,27.3,3
大津沖,2026-09-04,18,0.5,7.7,3.5,44,27.3,55
大津沖,2026-09-04,21,0.7,8.8,4.6,25,27.2,3
木更津沖～竹岡沖,2026-09-04,00,0.4,7.3,3.3,176,27.4,1
木更津沖～竹岡沖,2026-09-04,03,0.4,7.6,1.7,120,27.4,3
木更津沖～竹岡沖,2026-09-04,06,0.4,7.8,1.1,41,27.4,3
木更津沖～竹岡沖,2026-09-04,09,0.4,7.8,3.6,7,27.4,3
木更津沖～竹岡沖,2026-09-04,12,0.5,8.1,4.1,359,27.5,3
木更津沖～竹岡沖,2026-09-04,15,0.5,7.3,4.6,6,27.5,3
木更津沖～竹岡沖,2026-09-04,18,0.5,6.9,3.6,63,27.5,53
木更津沖～竹岡沖,2026-09-04,21,0.6,7.9,4.6,20,27.4,3
平塚西沖,2026-09-04,00,0.5,7.5,1.3,250,27.3,1
平塚西沖,2026-09-04,03,0.5,7.6,1.8,347,27.1,3
平塚西沖,2026-09-04,06,0.5,7.8,0.4,320,27.1,3
平塚西沖,2026-09-04,09,0.5,7.9,0.4,97,27.1,3
平塚西沖,2026-09-04,12,0.6,8.1,2.1,73,27.2,51
平塚西沖,2026-09-04,15,0.6,8.1,2.0,45,27.4,3
平塚西沖,2026-09-04,18,0.6,7.8,0.6,31,27.2,55
平塚西沖,2026-09-04,21,0.7,8.9,1.4,25,27.0,55
大磯沖,2026-09-04,00,0.5,7.5,2.7,208,27.3,1
大磯沖,2026-09-04,03,0.5,7.6,1.4,4,27.1,3
大磯沖,2026-09-04,06,0.5,7.8,1.7,10,27.1,3
大磯沖,2026-09-04,09,0.5,7.9,1.4,28,27.1,3
大磯沖,2026-09-04,12,0.6,8.1,3.3,30,27.2,51
大磯沖,2026-09-04,15,0.6,8.1,3.1,19,27.4,3
大磯沖,2026-09-04,18,0.6,7.8,2.2,9,27.2,61
大磯沖,2026-09-04,21,0.7,8.9,3.1,11,27.0,53
平塚東沖,2026-09-04,00,0.5,7.7,2.7,208,27.3,1
平塚東沖,2026-09-04,03,0.6,7.8,1.4,4,27.1,3
平塚東沖,2026-09-04,06,0.6,8.2,1.7,10,27.0,3
平塚東沖,2026-09-04,09,0.6,8.2,1.4,28,27.0,3
平塚東沖,2026-09-04,12,0.6,8.4,3.3,30,27.2,51
平塚東沖,2026-09-04,15,0.6,8.3,3.1,19,27.3,3
平塚東沖,2026-09-04,18,0.6,8.1,2.2,9,27.1,61
平塚東沖,2026-09-04,21,0.8,9.2,3.1,11,26.9,53
茅ヶ崎西沖,2026-09-04,00,0.5,7.7,2.7,208,27.3,1
茅ヶ崎西沖,2026-09-04,03,0.6,7.8,1.4,4,27.1,3
茅ヶ崎西沖,2026-09-04,06,0.6,8.2,1.7,10,27.0,3
茅ヶ崎西沖,2026-09-04,09,0.6,8.2,1.4,28,27.0,3
茅ヶ崎西沖,2026-09-04,12,0.6,8.4,3.3,30,27.2,51
茅ヶ崎西沖,2026-09-04,15,0.6,8.3,3.1,19,27.3,3
茅ヶ崎西沖,2026-09-04,18,0.6,8.1,2.2,9,27.1,61
茅ヶ崎西沖,2026-09-04,21,0.8,9.2,3.1,11,26.9,53
大磯東沖,2026-09-04,00,0.5,7.7,2.7,208,27.3,1
大磯東沖,2026-09-04,03,0.6,7.8,1.4,4,27.1,3
大磯東沖,2026-09-04,06,0.6,8.2,1.7,10,27.0,3
大磯東沖,2026-09-04,09,0.6,8.2,1.4,28,27.0,3
大磯東沖,2026-09-04,12,0.6,8.4,3.3,30,27.2,51
大磯東沖,2026-09-04,15,0.6,8.3,3.1,19,27.3,3
大磯東沖,2026-09-04,18,0.6,8.1,2.2,9,27.1,61
大磯東沖,2026-09-04,21,0.8,9.2,3.1,11,26.9,53
茅ヶ崎沖,2026-09-04,00,0.5,7.7,2.7,208,27.3,1
茅ヶ崎沖,2026-09-04,03,0.6,7.8,1.4,4,27.1,3
茅ヶ崎沖,2026-09-04,06,0.6,8.2,1.7,10,27.0,3
茅ヶ崎沖,2026-09-04,09,0.6,8.2,1.4,28,27.0,3
茅ヶ崎沖,2026-09-04,12,0.6,8.4,3.3,30,27.2,51
茅ヶ崎沖,2026-09-04,15,0.6,8.3,3.1,19,27.3,3
茅ヶ崎沖,2026-09-04,18,0.6,8.1,2.2,9,27.1,61
茅ヶ崎沖,2026-09-04,21,0.8,9.2,3.1,11,26.9,53
茅ヶ崎東沖,2026-09-04,00,0.5,7.8,3.5,197,27.3,1
茅ヶ崎東沖,2026-09-04,03,0.6,8.0,0.3,90,27.1,3
茅ヶ崎東沖,2026-09-04,06,0.6,8.2,2.3,29,27.0,3
茅ヶ崎東沖,2026-09-04,09,0.6,8.2,2.4,10,27.0,3
茅ヶ崎東沖,2026-09-04,12,0.7,8.5,3.4,16,27.2,3
茅ヶ崎東沖,2026-09-04,15,0.7,8.4,3.1,12,27.3,3
茅ヶ崎東沖,2026-09-04,18,0.7,8.2,2.2,28,27.2,61
茅ヶ崎東沖,2026-09-04,21,0.8,9.2,2.9,17,27.1,51
猿島沖,2026-09-04,00,0.4,7.3,3.1,192,27.2,1
猿島沖,2026-09-04,03,0.4,7.5,1.8,188,27.0,3
猿島沖,2026-09-04,06,0.4,7.7,2.5,12,27.0,3
猿島沖,2026-09-04,09,0.5,7.8,4.1,21,27.1,3
猿島沖,2026-09-04,12,0.5,8.1,4.0,25,27.2,3
猿島沖,2026-09-04,15,0.5,7.5,4.6,24,27.3,3
猿島沖,2026-09-04,18,0.5,7.0,3.5,44,27.3,55
猿島沖,2026-09-04,21,0.6,8.0,4.6,25,27.2,3
走水沖,2026-09-04,00,0.4,7.3,3.3,176,27.3,1
走水沖,2026-09-04,03,0.4,7.6,1.7,120,27.2,3
走水沖,2026-09-04,06,0.4,7.8,1.1,41,27.2,3
走水沖,2026-09-04,09,0.4,7.8,3.6,7,27.2,3
走水沖,2026-09-04,12,0.5,8.1,4.1,359,27.4,3
走水沖,2026-09-04,15,0.5,7.3,4.6,6,27.6,3
走水沖,2026-09-04,18,0.5,6.9,3.6,63,27.5,53
走水沖,2026-09-04,21,0.6,7.9,4.6,20,27.4,3
海堡沖～竹岡沖,2026-09-04,00,0.4,7.3,3.3,176,27.3,1
海堡沖～竹岡沖,2026-09-04,03,0.4,7.6,1.7,120,27.2,3
海堡沖～竹岡沖,2026-09-04,06,0.4,7.8,1.1,41,27.2,3
海堡沖～竹岡沖,2026-09-04,09,0.4,7.8,3.6,7,27.2,3
海堡沖～竹岡沖,2026-09-04,12,0.5,8.1,4.1,359,27.4,3
海堡沖～竹岡沖,2026-09-04,15,0.5,7.3,4.6,6,27.6,3
海堡沖～竹岡沖,2026-09-04,18,0.5,6.9,3.6,63,27.5,53
海堡沖～竹岡沖,2026-09-04,21,0.6,7.9,4.6,20,27.4,3
太東沖,2026-09-04,00,0.9,8.2,1.4,212,26.7,2
太東沖,2026-09-04,03,0.9,8.5,1.5,19,26.6,2
太東沖,2026-09-04,06,0.9,8.6,1.1,52,26.6,3
太東沖,2026-09-04,09,0.9,8.1,3.5,62,26.6,3
太東沖,2026-09-04,12,1.0,8.2,4.8,69,26.6,3
太東沖,2026-09-04,15,1.0,7.7,4.7,46,26.6,3
太東沖,2026-09-04,18,1.1,7.5,4.0,40,26.7,3
太東沖,2026-09-04,21,1.1,7.8,5.8,35,26.8,3
海堡沖,2026-09-04,00,0.4,7.3,3.3,176,27.3,1
海堡沖,2026-09-04,03,0.4,7.6,1.7,120,27.2,3
海堡沖,2026-09-04,06,0.4,7.8,1.1,41,27.2,3
海堡沖,2026-09-04,09,0.4,7.8,3.6,7,27.2,3
海堡沖,2026-09-04,12,0.5,8.1,4.1,359,27.4,3
海堡沖,2026-09-04,15,0.5,7.3,4.6,6,27.6,3
海堡沖,2026-09-04,18,0.5,6.9,3.6,63,27.5,53
海堡沖,2026-09-04,21,0.6,7.9,4.6,20,27.4,3
富津沖,2026-09-04,00,0.4,7.3,3.3,176,27.3,1
富津沖,2026-09-04,03,0.4,7.6,1.7,120,27.2,3
富津沖,2026-09-04,06,0.4,7.8,1.1,41,27.2,3
富津沖,2026-09-04,09,0.4,7.8,3.6,7,27.2,3
富津沖,2026-09-04,12,0.5,8.1,4.1,359,27.4,3
富津沖,2026-09-04,15,0.5,7.3,4.6,6,27.6,3
富津沖,2026-09-04,18,0.5,6.9,3.6,63,27.5,53
富津沖,2026-09-04,21,0.6,7.9,4.6,20,27.4,3
港前,2026-09-04,00,0.4,7.5,3.0,189,27.3,1
港前,2026-09-04,03,0.4,7.8,0.9,109,27.2,3
港前,2026-09-04,06,0.5,8.0,2.4,28,27.2,3
港前,2026-09-04,09,0.5,8.0,3.3,16,27.2,3
港前,2026-09-04,12,0.5,8.3,3.1,22,27.3,3
港前,2026-09-04,15,0.5,7.9,3.3,21,27.4,3
港前,2026-09-04,18,0.5,7.7,2.7,49,27.4,61
港前,2026-09-04,21,0.7,8.8,3.1,29,27.2,3
鴨居沖,2026-09-04,00,0.4,7.5,3.0,189,27.2,1
鴨居沖,2026-09-04,03,0.4,7.8,0.9,109,27.0,3
鴨居沖,2026-09-04,06,0.5,8.0,2.4,28,27.0,3
鴨居沖,2026-09-04,09,0.5,8.0,3.3,16,27.0,3
鴨居沖,2026-09-04,12,0.5,8.3,3.1,22,27.2,3
鴨居沖,2026-09-04,15,0.5,7.9,3.3,21,27.3,3
鴨居沖,2026-09-04,18,0.5,7.7,2.7,49,27.2,61
鴨居沖,2026-09-04,21,0.7,8.8,3.1,29,27.1,3
木更津沖～富津沖,2026-09-04,00,0.3,7.0,3.3,176,27.6,1
木更津沖～富津沖,2026-09-04,03,0.3,7.3,1.7,120,27.6,3
木更津沖～富津沖,2026-09-04,06,0.3,7.5,1.1,41,27.5,3
木更津沖～富津沖,2026-09-04,09,0.3,7.6,3.6,7,27.5,3
木更津沖～富津沖,2026-09-04,12,0.4,7.8,4.1,359,27.6,3
木更津沖～富津沖,2026-09-04,15,0.4,7.2,4.6,6,27.6,3
木更津沖～富津沖,2026-09-04,18,0.4,6.2,3.6,63,27.6,53
木更津沖～富津沖,2026-09-04,21,0.5,7.0,4.6,20,27.4,3
横浜沖～観音崎沖,2026-09-04,00,0.4,7.3,3.1,192,27.2,1
横浜沖～観音崎沖,2026-09-04,03,0.4,7.5,1.8,188,27.0,3
横浜沖～観音崎沖,2026-09-04,06,0.4,7.7,2.5,12,27.0,3
横浜沖～観音崎沖,2026-09-04,09,0.5,7.8,4.1,21,27.0,3
横浜沖～観音崎沖,2026-09-04,12,0.5,8.1,4.0,25,27.2,3
横浜沖～観音崎沖,2026-09-04,15,0.5,7.5,4.6,24,27.3,3
横浜沖～観音崎沖,2026-09-04,18,0.5,7.0,3.5,44,27.2,55
横浜沖～観音崎沖,2026-09-04,21,0.6,8.0,4.6,25,27.1,3
中ノ瀬周り,2026-09-04,00,0.4,7.3,3.1,192,27.2,1
中ノ瀬周り,2026-09-04,03,0.4,7.5,1.8,188,27.0,3
中ノ瀬周り,2026-09-04,06,0.4,7.7,2.5,12,27.0,3
中ノ瀬周り,2026-09-04,09,0.5,7.8,4.1,21,27.0,3
中ノ瀬周り,2026-09-04,12,0.5,8.1,4.0,25,27.2,3
中ノ瀬周り,2026-09-04,15,0.5,7.5,4.6,24,27.3,3
中ノ瀬周り,2026-09-04,18,0.5,7.0,3.5,44,27.2,55
中ノ瀬周り,2026-09-04,21,0.6,8.0,4.6,25,27.1,3
鴨井沖,2026-09-04,00,0.9,8.4,2.8,208,26.5,2
鴨井沖,2026-09-04,03,0.9,8.7,4.1,9,26.4,2
鴨井沖,2026-09-04,06,0.9,8.8,1.1,60,26.4,2
鴨井沖,2026-09-04,09,1.0,8.2,4.9,50,26.5,3
鴨井沖,2026-09-04,12,1.0,8.2,7.1,74,26.5,3
鴨井沖,2026-09-04,15,1.1,7.8,6.9,35,26.6,3
鴨井沖,2026-09-04,18,1.1,7.5,6.7,34,26.5,3
鴨井沖,2026-09-04,21,1.2,7.5,7.4,67,26.5,51
富津沖～海堡,2026-09-04,00,0.3,7.0,3.3,176,27.2,1
富津沖～海堡,2026-09-04,03,0.3,7.3,1.7,120,27.1,3
富津沖～海堡,2026-09-04,06,0.3,7.5,1.1,41,27.0,3
富津沖～海堡,2026-09-04,09,0.3,7.6,3.6,7,27.1,3
富津沖～海堡,2026-09-04,12,0.4,7.8,4.1,359,27.2,3
富津沖～海堡,2026-09-04,15,0.4,7.2,4.6,6,27.3,3
富津沖～海堡,2026-09-04,18,0.4,6.2,3.6,63,27.2,53
富津沖～海堡,2026-09-04,21,0.5,7.0,4.6,20,27.1,3
富岡沖,2026-09-04,00,0.4,7.5,3.0,189,27.2,1
富岡沖,2026-09-04,03,0.4,7.8,0.9,109,27.0,3
富岡沖,2026-09-04,06,0.5,8.0,2.4,28,27.0,3
富岡沖,2026-09-04,09,0.5,8.0,3.3,16,27.0,3
富岡沖,2026-09-04,12,0.5,8.3,3.1,22,27.2,3
富岡沖,2026-09-04,15,0.5,7.9,3.3,21,27.3,3
富岡沖,2026-09-04,18,0.5,7.7,2.7,49,27.2,61
富岡沖,2026-09-04,21,0.7,8.8,3.1,29,27.1,3
小柴沖,2026-09-04,00,0.4,7.5,3.0,189,27.2,1
小柴沖,2026-09-04,03,0.4,7.8,0.9,109,27.0,3
小柴沖,2026-09-04,06,0.5,8.0,2.4,28,27.0,3
小柴沖,2026-09-04,09,0.5,8.0,3.3,16,27.0,3
小柴沖,2026-09-04,12,0.5,8.3,3.1,22,27.2,3
小柴沖,2026-09-04,15,0.5,7.9,3.3,21,27.3,3
小柴沖,2026-09-04,18,0.5,7.7,2.7,49,27.2,61
小柴沖,2026-09-04,21,0.7,8.8,3.1,29,27.1,3
木更津沖～富岡沖,2026-09-04,00,0.3,7.0,3.3,176,27.2,1
木更津沖～富岡沖,2026-09-04,03,0.3,7.3,1.7,120,27.0,3
木更津沖～富岡沖,2026-09-04,06,0.3,7.5,1.1,41,27.0,3
木更津沖～富岡沖,2026-09-04,09,0.3,7.6,3.6,7,27.0,3
木更津沖～富岡沖,2026-09-04,12,0.4,7.8,4.1,359,27.2,3
木更津沖～富岡沖,2026-09-04,15,0.4,7.2,4.6,6,27.3,3
木更津沖～富岡沖,2026-09-04,18,0.4,6.2,3.6,63,27.2,53
木更津沖～富岡沖,2026-09-04,21,0.5,7.0,4.6,20,27.1,3
八景沖,2026-09-04,00,0.4,7.5,3.0,189,27.2,1
八景沖,2026-09-04,03,0.4,7.8,0.9,109,27.0,3
八景沖,2026-09-04,06,0.5,8.0,2.4,28,27.0,3
八景沖,2026-09-04,09,0.5,8.0,3.3,16,27.0,3
八景沖,2026-09-04,12,0.5,8.3,3.1,22,27.2,3
八景沖,2026-09-04,15,0.5,7.9,3.3,21,27.3,3
八景沖,2026-09-04,18,0.5,7.7,2.7,49,27.2,61
八景沖,2026-09-04,21,0.7,8.8,3.1,29,27.1,3
長浦沖,2026-09-04,00,0.3,7.0,3.3,176,27.6,1
長浦沖,2026-09-04,03,0.3,7.3,1.7,120,27.6,3
長浦沖,2026-09-04,06,0.3,7.5,1.1,41,27.5,3
長浦沖,2026-09-04,09,0.3,7.6,3.6,7,27.5,3
長浦沖,2026-09-04,12,0.4,7.8,4.1,359,27.6,3
長浦沖,2026-09-04,15,0.4,7.2,4.6,6,27.6,3
長浦沖,2026-09-04,18,0.4,6.2,3.6,63,27.6,53
長浦沖,2026-09-04,21,0.5,7.0,4.6,20,27.4,3
木更津沖,2026-09-04,00,0.3,7.0,3.4,178,27.6,1
木更津沖,2026-09-04,03,0.3,7.3,1.9,126,27.6,3
木更津沖,2026-09-04,06,0.3,7.5,2.1,54,27.5,3
木更津沖,2026-09-04,09,0.3,7.6,3.1,6,27.5,3
木更津沖,2026-09-04,12,0.4,7.8,4.8,358,27.6,3
木更津沖,2026-09-04,15,0.4,7.2,5.0,6,27.6,3
木更津沖,2026-09-04,18,0.4,6.2,4.5,71,27.6,53
木更津沖,2026-09-04,21,0.5,7.0,5.0,19,27.4,3
一宮沖,2026-09-04,00,0.8,8.2,1.4,212,26.5,2
一宮沖,2026-09-04,03,0.8,8.5,1.5,19,26.4,2
一宮沖,2026-09-04,06,0.8,8.6,1.1,52,26.4,3
一宮沖,2026-09-04,09,0.8,8.0,3.5,62,26.5,3
一宮沖,2026-09-04,12,0.9,8.0,4.8,69,26.5,3
一宮沖,2026-09-04,15,0.9,7.5,4.7,46,26.6,3
一宮沖,2026-09-04,18,0.9,7.2,4.0,40,26.5,3
一宮沖,2026-09-04,21,1.0,7.2,5.8,35,26.5,3
横浜沖周り,2026-09-04,00,0.4,7.3,2.5,177,27.2,1
横浜沖周り,2026-09-04,03,0.4,7.5,1.1,39,27.0,3
横浜沖周り,2026-09-04,06,0.4,7.7,1.4,4,27.0,3
横浜沖周り,2026-09-04,09,0.5,7.8,2.4,4,27.0,3
横浜沖周り,2026-09-04,12,0.5,8.1,2.2,25,27.2,51
横浜沖周り,2026-09-04,15,0.5,7.5,2.2,16,27.3,3
横浜沖周り,2026-09-04,18,0.5,7.0,2.1,44,27.2,61
横浜沖周り,2026-09-04,21,0.6,8.0,3.0,19,27.1,53
本牧沖~富岡沖,2026-09-04,00,0.4,7.5,2.5,177,27.2,1
本牧沖~富岡沖,2026-09-04,03,0.4,7.8,1.1,39,27.0,3
本牧沖~富岡沖,2026-09-04,06,0.5,8.0,1.4,4,27.0,3
本牧沖~富岡沖,2026-09-04,09,0.5,8.0,2.4,4,27.0,3
本牧沖~富岡沖,2026-09-04,12,0.5,8.3,2.2,25,27.2,51
本牧沖~富岡沖,2026-09-04,15,0.5,7.9,2.2,16,27.3,3
本牧沖~富岡沖,2026-09-04,18,0.5,7.7,2.1,44,27.2,61
本牧沖~富岡沖,2026-09-04,21,0.7,8.8,3.0,19,27.1,53
木更津沖～本牧沖,2026-09-04,00,0.3,7.0,3.3,176,27.2,1
木更津沖～本牧沖,2026-09-04,03,0.3,7.3,1.7,120,27.1,3
木更津沖～本牧沖,2026-09-04,06,0.3,7.5,1.1,41,27.0,3
木更津沖～本牧沖,2026-09-04,09,0.3,7.6,3.6,7,27.1,3
木更津沖～本牧沖,2026-09-04,12,0.4,7.8,4.1,359,27.2,3
木更津沖～本牧沖,2026-09-04,15,0.4,7.2,4.6,6,27.3,3
木更津沖～本牧沖,2026-09-04,18,0.4,6.2,3.6,63,27.2,53
木更津沖～本牧沖,2026-09-04,21,0.5,7.0,4.6,20,27.1,3
海堡,2026-09-04,00,0.3,7.0,3.3,176,27.2,1
海堡,2026-09-04,03,0.3,7.3,1.7,120,27.1,3
海堡,2026-09-04,06,0.3,7.5,1.1,41,27.0,3
海堡,2026-09-04,09,0.3,7.6,3.6,7,27.1,3
海堡,2026-09-04,12,0.4,7.8,4.1,359,27.2,3
海堡,2026-09-04,15,0.4,7.2,4.6,6,27.3,3
海堡,2026-09-04,18,0.4,6.2,3.6,63,27.2,53
海堡,2026-09-04,21,0.5,7.0,4.6,20,27.1,3
木更津沖～横浜沖,2026-09-04,00,0.3,7.0,3.3,176,27.2,1
木更津沖～横浜沖,2026-09-04,03,0.3,7.3,1.7,120,27.1,3
木更津沖～横浜沖,2026-09-04,06,0.3,7.5,1.1,41,27.0,3
木更津沖～横浜沖,2026-09-04,09,0.3,7.6,3.6,7,27.1,3
木更津沖～横浜沖,2026-09-04,12,0.4,7.8,4.1,359,27.2,3
木更津沖～横浜沖,2026-09-04,15,0.4,7.2,4.6,6,27.3,3
木更津沖～横浜沖,2026-09-04,18,0.4,6.2,3.6,63,27.2,53
木更津沖～横浜沖,2026-09-04,21,0.5,7.0,4.6,20,27.1,3
中ノ瀬,2026-09-04,00,0.3,7.0,3.3,176,27.2,1
中ノ瀬,2026-09-04,03,0.3,7.3,1.7,120,27.1,3
中ノ瀬,2026-09-04,06,0.3,7.5,1.1,41,27.0,3
中ノ瀬,2026-09-04,09,0.3,7.6,3.6,7,27.1,3
中ノ瀬,2026-09-04,12,0.4,7.8,4.1,359,27.2,3
中ノ瀬,2026-09-04,15,0.4,7.2,4.6,6,27.3,3
中ノ瀬,2026-09-04,18,0.4,6.2,3.6,63,27.2,53
中ノ瀬,2026-09-04,21,0.5,7.0,4.6,20,27.1,3
本牧沖,2026-09-04,00,0.4,7.3,2.5,177,27.2,1
本牧沖,2026-09-04,03,0.4,7.5,1.1,39,27.0,3
本牧沖,2026-09-04,06,0.4,7.7,1.4,4,27.0,3
本牧沖,2026-09-04,09,0.5,7.8,2.4,4,27.0,3
本牧沖,2026-09-04,12,0.5,8.1,2.2,25,27.2,51
本牧沖,2026-09-04,15,0.5,7.5,2.2,16,27.3,3
本牧沖,2026-09-04,18,0.5,7.0,2.1,44,27.2,61
本牧沖,2026-09-04,21,0.6,8.0,3.0,19,27.1,53
横浜沖,2026-09-04,00,0.4,7.5,2.5,177,27.4,1
横浜沖,2026-09-04,03,0.4,7.8,1.1,39,27.2,3
横浜沖,2026-09-04,06,0.5,8.0,1.4,4,27.1,3
横浜沖,2026-09-04,09,0.5,8.0,2.4,4,27.1,3
横浜沖,2026-09-04,12,0.5,8.3,2.2,25,27.2,51
横浜沖,2026-09-04,15,0.5,7.9,2.2,16,27.3,3
横浜沖,2026-09-04,18,0.5,7.7,2.1,44,27.3,61
横浜沖,2026-09-04,21,0.7,8.8,3.0,19,27.1,53
根岸沖,2026-09-04,00,0.2,6.8,2.5,177,27.4,1
根岸沖,2026-09-04,03,0.3,7.1,1.1,39,27.2,3
根岸沖,2026-09-04,06,0.3,7.2,1.4,4,27.1,3
根岸沖,2026-09-04,09,0.3,7.5,2.4,4,27.1,3
根岸沖,2026-09-04,12,0.3,7.7,2.2,25,27.2,51
根岸沖,2026-09-04,15,0.3,7.3,2.2,16,27.3,3
根岸沖,2026-09-04,18,0.3,5.8,2.1,44,27.3,61
根岸沖,2026-09-04,21,0.4,6.3,3.0,19,27.1,53
片貝沖,2026-09-04,00,0.9,8.2,2.9,217,26.7,2
片貝沖,2026-09-04,03,0.9,8.3,3.9,16,26.7,2
片貝沖,2026-09-04,06,1.0,8.5,2.3,67,26.7,3
片貝沖,2026-09-04,09,1.0,8.1,5.7,49,26.7,3
片貝沖,2026-09-04,12,1.1,8.0,6.8,71,26.8,3
片貝沖,2026-09-04,15,1.1,7.7,6.9,39,26.8,3
片貝沖,2026-09-04,18,1.2,7.2,6.9,36,26.7,3
片貝沖,2026-09-04,21,1.2,7.2,8.3,57,26.6,3
木更津沖～川崎沖,2026-09-04,00,0.2,6.8,3.4,178,27.3,1
木更津沖～川崎沖,2026-09-04,03,0.3,7.1,1.9,126,27.1,3
木更津沖～川崎沖,2026-09-04,06,0.3,7.2,2.1,54,27.0,3
木更津沖～川崎沖,2026-09-04,09,0.3,7.5,3.1,6,27.0,3
木更津沖～川崎沖,2026-09-04,12,0.3,7.7,4.8,358,27.1,3
木更津沖～川崎沖,2026-09-04,15,0.3,7.3,5.0,6,27.1,3
木更津沖～川崎沖,2026-09-04,18,0.3,5.8,4.5,71,27.0,53
木更津沖～川崎沖,2026-09-04,21,0.4,6.3,5.0,19,26.9,3
盤洲沖,2026-09-04,00,0.2,7.0,3.4,178,27.2,1
盤洲沖,2026-09-04,03,0.3,7.3,1.9,126,27.1,3
盤洲沖,2026-09-04,06,0.3,7.5,2.1,54,27.0,3
盤洲沖,2026-09-04,09,0.3,7.7,3.1,6,27.1,3
盤洲沖,2026-09-04,12,0.3,7.9,4.8,358,27.2,3
盤洲沖,2026-09-04,15,0.3,7.5,5.0,6,27.3,3
盤洲沖,2026-09-04,18,0.4,5.8,4.5,71,27.1,53
盤洲沖,2026-09-04,21,0.4,6.4,5.0,19,26.9,3
大根,2026-09-04,00,0.9,8.2,2.8,226,26.7,3
大根,2026-09-04,03,0.9,8.3,3.3,22,26.7,2
大根,2026-09-04,06,1.0,8.5,3.2,62,26.7,3
大根,2026-09-04,09,1.0,8.1,6.5,44,26.7,3
大根,2026-09-04,12,1.1,8.0,6.2,67,26.8,3
大根,2026-09-04,15,1.1,7.7,6.9,39,26.8,3
大根,2026-09-04,18,1.2,7.2,6.8,39,26.7,3
大根,2026-09-04,21,1.2,7.2,8.5,48,26.6,3
川崎沖～横浜沖,2026-09-04,00,0.2,6.8,2.6,176,27.4,1
川崎沖～横浜沖,2026-09-04,03,0.3,7.1,1.3,34,27.2,3
川崎沖～横浜沖,2026-09-04,06,0.3,7.2,1.7,7,27.1,51
川崎沖～横浜沖,2026-09-04,09,0.3,7.5,2.3,6,27.1,3
川崎沖～横浜沖,2026-09-04,12,0.3,7.7,2.2,21,27.2,51
川崎沖～横浜沖,2026-09-04,15,0.3,7.3,2.5,20,27.3,51
川崎沖～横浜沖,2026-09-04,18,0.3,5.8,2.5,46,27.3,55
川崎沖～横浜沖,2026-09-04,21,0.4,6.3,3.0,18,27.1,53
川崎沖~本牧沖,2026-09-04,00,0.2,6.8,2.6,176,27.4,1
川崎沖~本牧沖,2026-09-04,03,0.3,7.1,1.3,34,27.2,3
川崎沖~本牧沖,2026-09-04,06,0.3,7.2,1.7,7,27.1,51
川崎沖~本牧沖,2026-09-04,09,0.3,7.5,2.3,6,27.1,3
川崎沖~本牧沖,2026-09-04,12,0.3,7.7,2.2,21,27.2,51
川崎沖~本牧沖,2026-09-04,15,0.3,7.3,2.5,20,27.3,51
川崎沖~本牧沖,2026-09-04,18,0.3,5.8,2.5,46,27.3,55
川崎沖~本牧沖,2026-09-04,21,0.4,6.3,3.0,18,27.1,53
川崎沖,2026-09-04,00,0.2,6.8,2.6,176,27.5,1
川崎沖,2026-09-04,03,0.3,7.1,1.3,34,27.4,3
川崎沖,2026-09-04,06,0.3,7.2,1.7,7,27.3,51
川崎沖,2026-09-04,09,0.3,7.5,2.3,6,27.2,3
川崎沖,2026-09-04,12,0.3,7.7,2.2,21,27.3,51
川崎沖,2026-09-04,15,0.3,7.3,2.5,20,27.4,51
川崎沖,2026-09-04,18,0.3,5.8,2.5,46,27.3,55
川崎沖,2026-09-04,21,0.4,6.3,3.0,18,27.2,53
五井沖,2026-09-04,00,0.1,6.8,1.9,177,27.7,1
五井沖,2026-09-04,03,0.1,7.2,1.8,114,27.6,3
五井沖,2026-09-04,06,0.1,7.6,1.8,93,27.6,3
五井沖,2026-09-04,09,0.1,7.8,1.0,14,27.5,3
五井沖,2026-09-04,12,0.1,7.8,3.0,57,27.6,51
五井沖,2026-09-04,15,0.1,7.7,2.9,38,27.7,3
五井沖,2026-09-04,18,0.2,5.8,3.3,63,27.6,51
五井沖,2026-09-04,21,0.2,3.8,3.2,13,27.4,3
鶴見沖,2026-09-04,00,0.2,6.8,2.6,176,27.5,1
鶴見沖,2026-09-04,03,0.3,7.1,1.3,34,27.4,3
鶴見沖,2026-09-04,06,0.3,7.2,1.7,7,27.3,51
鶴見沖,2026-09-04,09,0.3,7.5,2.3,6,27.2,3
鶴見沖,2026-09-04,12,0.3,7.7,2.2,21,27.3,51
鶴見沖,2026-09-04,15,0.3,7.3,2.5,20,27.4,51
鶴見沖,2026-09-04,18,0.3,5.8,2.5,46,27.3,55
鶴見沖,2026-09-04,21,0.4,6.3,3.0,18,27.2,53
木更津沖～浦安沖,2026-09-04,00,0.2,6.8,1.7,172,27.2,1
木更津沖～浦安沖,2026-09-04,03,0.2,7.0,1.3,34,27.1,3
木更津沖～浦安沖,2026-09-04,06,0.2,7.3,1.7,7,27.0,51
木更津沖～浦安沖,2026-09-04,09,0.2,7.5,2.2,360,27.0,3
木更津沖～浦安沖,2026-09-04,12,0.2,7.7,1.9,12,27.1,53
木更津沖～浦安沖,2026-09-04,15,0.3,7.3,2.3,16,27.2,51
木更津沖～浦安沖,2026-09-04,18,0.3,5.5,2.8,44,27.2,55
木更津沖～浦安沖,2026-09-04,21,0.3,5.3,2.6,13,27.0,55
羽田沖,2026-09-04,00,0.2,6.8,1.7,172,27.3,1
羽田沖,2026-09-04,03,0.3,7.1,1.3,34,27.1,3
羽田沖,2026-09-04,06,0.3,7.2,1.7,7,27.0,51
羽田沖,2026-09-04,09,0.3,7.5,2.2,360,27.0,3
羽田沖,2026-09-04,12,0.3,7.7,1.9,12,27.1,53
羽田沖,2026-09-04,15,0.3,7.3,2.3,16,27.2,51
羽田沖,2026-09-04,18,0.3,5.8,2.8,44,27.2,55
羽田沖,2026-09-04,21,0.4,6.3,2.6,13,27.0,55
千葉沖,2026-09-04,00,0.1,6.8,1.1,182,28.0,2
千葉沖,2026-09-04,03,0.1,7.2,1.6,86,27.9,3
千葉沖,2026-09-04,06,0.1,7.5,1.4,48,27.8,3
千葉沖,2026-09-04,09,0.1,7.8,0.9,34,27.8,3
千葉沖,2026-09-04,12,0.1,7.8,2.2,48,27.9,51
千葉沖,2026-09-04,15,0.1,7.7,2.7,43,28.0,3
千葉沖,2026-09-04,18,0.1,7.3,2.7,63,27.9,53
千葉沖,2026-09-04,21,0.2,7.0,3.0,18,27.7,51
浦安沖,2026-09-04,00,0.1,6.3,1.0,168,27.6,2
浦安沖,2026-09-04,03,0.2,6.6,1.1,71,27.5,3
浦安沖,2026-09-04,06,0.2,6.9,1.4,23,27.5,3
浦安沖,2026-09-04,09,0.2,7.0,1.4,352,27.5,3
浦安沖,2026-09-04,12,0.2,7.2,2.0,15,27.6,53
浦安沖,2026-09-04,15,0.2,7.2,2.3,29,27.6,51
浦安沖,2026-09-04,18,0.2,6.8,2.6,50,27.6,53
浦安沖,2026-09-04,21,0.2,6.8,2.2,23,27.4,53
屏風ヶ浦の陰,2026-09-04,00,0.1,6.8,0.4,106,28.4,2
屏風ヶ浦の陰,2026-09-04,03,0.1,7.2,1.3,81,28.4,3
屏風ヶ浦の陰,2026-09-04,06,0.1,7.5,1.4,33,28.3,51
屏風ヶ浦の陰,2026-09-04,09,0.1,7.8,1.4,62,28.3,3
屏風ヶ浦の陰,2026-09-04,12,0.1,7.8,2.7,66,28.3,51
屏風ヶ浦の陰,2026-09-04,15,0.1,7.7,2.9,48,28.4,3
屏風ヶ浦の陰,2026-09-04,18,0.1,7.3,2.7,60,28.3,51
屏風ヶ浦の陰,2026-09-04,21,0.2,7.0,2.6,24,28.2,51
犬吠南沖,2026-09-04,00,1.0,8.6,1.1,299,26.1,3
犬吠南沖,2026-09-04,03,1.0,8.6,0.8,14,26.0,3
犬吠南沖,2026-09-04,06,1.0,8.8,2.5,52,26.1,3
犬吠南沖,2026-09-04,09,1.1,9.1,2.4,78,26.1,3
犬吠南沖,2026-09-04,12,1.1,8.8,3.4,46,26.2,51
犬吠南沖,2026-09-04,15,1.2,8.5,4.0,43,26.3,3
犬吠南沖,2026-09-04,18,1.2,8.0,4.0,49,26.3,3
犬吠南沖,2026-09-04,21,1.2,7.7,4.9,43,26.3,3
亀城根,2026-09-04,00,1.0,8.6,1.1,299,26.1,3
亀城根,2026-09-04,03,1.0,8.6,0.8,14,26.0,3
亀城根,2026-09-04,06,1.0,8.8,2.5,52,26.1,3
亀城根,2026-09-04,09,1.1,9.1,2.4,78,26.1,3
亀城根,2026-09-04,12,1.1,8.8,3.4,46,26.2,51
亀城根,2026-09-04,15,1.2,8.5,4.0,43,26.3,3
亀城根,2026-09-04,18,1.2,8.0,4.0,49,26.3,3
亀城根,2026-09-04,21,1.2,7.7,4.9,43,26.3,3
外川沖,2026-09-04,00,0.9,8.3,1.1,299,26.1,3
外川沖,2026-09-04,03,0.9,8.3,0.8,14,26.0,3
外川沖,2026-09-04,06,0.9,8.6,2.5,52,26.0,3
外川沖,2026-09-04,09,1.0,9.2,2.4,78,26.0,3
外川沖,2026-09-04,12,1.0,8.9,3.4,46,26.0,51
外川沖,2026-09-04,15,1.0,8.5,4.0,43,26.0,3
外川沖,2026-09-04,18,1.0,7.9,4.0,49,26.0,3
外川沖,2026-09-04,21,1.1,7.5,4.9,43,26.0,3
犬吠沖,2026-09-04,00,0.9,8.3,1.1,299,26.1,3
犬吠沖,2026-09-04,03,0.9,8.3,0.8,14,26.0,3
犬吠沖,2026-09-04,06,0.9,8.6,2.5,52,26.0,3
犬吠沖,2026-09-04,09,1.0,9.2,2.4,78,26.0,3
犬吠沖,2026-09-04,12,1.0,8.9,3.4,46,26.0,51
犬吠沖,2026-09-04,15,1.0,8.5,4.0,43,26.0,3
犬吠沖,2026-09-04,18,1.0,7.9,4.0,49,26.0,3
犬吠沖,2026-09-04,21,1.1,7.5,4.9,43,26.0,3
飯岡沖,2026-09-04,00,0.7,8.1,1.1,299,26.3,3
飯岡沖,2026-09-04,03,0.7,8.1,0.8,14,26.3,3
飯岡沖,2026-09-04,06,0.7,8.3,2.5,52,26.3,3
飯岡沖,2026-09-04,09,0.9,9.2,2.4,78,26.3,3
飯岡沖,2026-09-04,12,0.8,8.6,3.4,46,26.3,51
飯岡沖,2026-09-04,15,0.8,8.2,4.0,43,26.3,3
飯岡沖,2026-09-04,18,0.8,7.7,4.0,49,26.3,3
飯岡沖,2026-09-04,21,0.9,7.2,4.9,43,26.2,3
真沖,2026-09-04,00,0.7,8.1,1.1,299,26.3,3
真沖,2026-09-04,03,0.7,8.1,0.8,14,26.3,3
真沖,2026-09-04,06,0.7,8.3,2.5,52,26.3,3
真沖,2026-09-04,09,0.9,9.2,2.4,78,26.3,3
真沖,2026-09-04,12,0.8,8.6,3.4,46,26.3,51
真沖,2026-09-04,15,0.8,8.2,4.0,43,26.3,3
真沖,2026-09-04,18,0.8,7.7,4.0,49,26.3,3
真沖,2026-09-04,21,0.9,7.2,4.9,43,26.2,3
波崎沖,2026-09-04,00,0.9,8.3,1.1,299,26.1,3
波崎沖,2026-09-04,03,0.9,8.3,0.8,14,26.0,3
波崎沖,2026-09-04,06,0.9,8.6,2.5,52,26.0,3
波崎沖,2026-09-04,09,1.0,9.2,2.4,78,26.0,3
波崎沖,2026-09-04,12,1.0,8.9,3.4,46,26.0,51
波崎沖,2026-09-04,15,1.0,8.5,4.0,43,26.0,3
波崎沖,2026-09-04,18,1.0,7.9,4.0,49,26.0,3
波崎沖,2026-09-04,21,1.1,7.5,4.9,43,26.0,3
川前大根,2026-09-04,00,0.7,8.1,1.1,299,26.3,3
川前大根,2026-09-04,03,0.7,8.1,0.8,14,26.3,3
川前大根,2026-09-04,06,0.7,8.3,2.5,52,26.3,3
川前大根,2026-09-04,09,0.9,9.2,2.4,78,26.3,3
川前大根,2026-09-04,12,0.8,8.6,3.4,46,26.3,51
川前大根,2026-09-04,15,0.8,8.2,4.0,43,26.3,3
川前大根,2026-09-04,18,0.8,7.7,4.0,49,26.3,3
川前大根,2026-09-04,21,0.9,7.2,4.9,43,26.2,3
鹿島南沖,2026-09-04,00,0.7,8.6,1.2,308,25.8,3
鹿島南沖,2026-09-04,03,0.7,8.6,0.5,11,25.7,3
鹿島南沖,2026-09-04,06,0.7,8.6,1.8,58,25.6,51
鹿島南沖,2026-09-04,09,0.8,9.3,2.5,97,25.6,3
鹿島南沖,2026-09-04,12,0.8,9.2,3.4,47,25.6,51
鹿島南沖,2026-09-04,15,0.8,8.9,3.3,47,25.6,3
鹿島南沖,2026-09-04,18,0.8,8.4,3.1,57,25.6,51
鹿島南沖,2026-09-04,21,0.8,7.8,3.9,43,25.5,3
神栖沖,2026-09-04,00,0.7,8.6,1.2,308,26.0,3
神栖沖,2026-09-04,03,0.7,8.6,0.5,11,25.8,3
神栖沖,2026-09-04,06,0.7,8.6,1.8,58,25.7,51
神栖沖,2026-09-04,09,0.8,9.3,2.5,97,25.7,3
神栖沖,2026-09-04,12,0.8,9.2,3.4,47,25.7,51
神栖沖,2026-09-04,15,0.8,8.9,3.3,47,25.7,3
神栖沖,2026-09-04,18,0.8,8.4,3.1,57,25.7,51
神栖沖,2026-09-04,21,0.8,7.8,3.9,43,25.6,3
鹿島沖,2026-09-04,00,0.7,8.6,0.9,283,25.9,3
鹿島沖,2026-09-04,03,0.7,8.6,0.3,72,25.8,3
鹿島沖,2026-09-04,06,0.7,8.6,1.1,122,25.7,3
鹿島沖,2026-09-04,09,0.8,9.3,2.5,85,25.6,3
鹿島沖,2026-09-04,12,0.8,9.2,2.6,73,25.6,61
鹿島沖,2026-09-04,15,0.8,8.9,2.6,63,25.6,3
鹿島沖,2026-09-04,18,0.8,8.4,2.9,81,25.5,51
鹿島沖,2026-09-04,21,0.8,7.8,3.4,51,25.4,53
鹿島真沖,2026-09-04,00,0.7,8.6,1.3,293,25.8,2
鹿島真沖,2026-09-04,03,0.7,8.6,0.7,27,25.7,3
鹿島真沖,2026-09-04,06,0.7,8.6,1.2,81,25.6,51
鹿島真沖,2026-09-04,09,0.8,9.3,2.5,88,25.6,3
鹿島真沖,2026-09-04,12,0.8,9.2,3.0,57,25.6,53
鹿島真沖,2026-09-04,15,0.8,8.9,2.7,56,25.6,3
鹿島真沖,2026-09-04,18,0.8,8.4,3.0,71,25.6,51
鹿島真沖,2026-09-04,21,0.8,7.8,3.5,44,25.5,51
鹿島魚礁,2026-09-04,00,0.8,8.4,2.6,278,25.7,2
鹿島魚礁,2026-09-04,03,0.8,8.4,1.6,349,25.5,3
鹿島魚礁,2026-09-04,06,0.8,8.5,2.0,79,25.4,51
鹿島魚礁,2026-09-04,09,0.9,9.1,3.3,100,25.4,3
鹿島魚礁,2026-09-04,12,0.9,9.2,5.7,69,25.3,55
鹿島魚礁,2026-09-04,15,0.9,8.8,4.8,59,25.3,3
鹿島魚礁,2026-09-04,18,0.9,8.3,5.3,74,25.3,51
鹿島魚礁,2026-09-04,21,0.9,7.8,6.3,53,25.2,51
鹿島北沖,2026-09-04,00,0.7,8.5,0.9,283,25.9,3
鹿島北沖,2026-09-04,03,0.8,8.5,0.3,72,25.8,3
鹿島北沖,2026-09-04,06,0.7,8.4,1.1,122,25.7,3
鹿島北沖,2026-09-04,09,0.9,9.2,2.5,85,25.6,3
鹿島北沖,2026-09-04,12,0.8,9.2,2.6,73,25.6,61
鹿島北沖,2026-09-04,15,0.8,8.8,2.6,63,25.6,3
鹿島北沖,2026-09-04,18,0.8,8.4,2.9,81,25.5,51
鹿島北沖,2026-09-04,21,0.8,7.8,3.4,51,25.4,53
北沖30,2026-09-04,00,0.8,9.1,1.9,316,25.6,3
北沖30,2026-09-04,03,0.8,9.2,1.6,297,25.5,3
北沖30,2026-09-04,06,0.8,9.2,0.5,6,25.4,3
北沖30,2026-09-04,09,1.0,10.2,1.1,172,25.3,51
北沖30,2026-09-04,12,0.9,9.8,1.3,108,25.3,3
北沖30,2026-09-04,15,0.8,9.5,1.9,108,25.3,3
北沖30,2026-09-04,18,0.8,9.3,2.0,99,25.3,61
北沖30,2026-09-04,21,0.8,9.0,2.9,70,25.3,61
大洗沖,2026-09-04,00,0.8,9.1,1.0,336,26.0,3
大洗沖,2026-09-04,03,0.8,9.2,1.7,353,25.9,3
大洗沖,2026-09-04,06,0.8,9.2,0.9,357,25.8,3
大洗沖,2026-09-04,09,1.0,10.2,1.4,159,25.8,53
大洗沖,2026-09-04,12,0.9,9.8,1.5,124,25.8,3
大洗沖,2026-09-04,15,0.8,9.5,1.7,102,25.8,3
大洗沖,2026-09-04,18,0.8,9.3,1.8,104,25.8,61
大洗沖,2026-09-04,21,0.8,9.0,2.7,65,25.7,61
青山沖,2026-09-04,00,0.8,9.1,1.9,316,25.0,3
青山沖,2026-09-04,03,0.8,9.1,1.6,297,24.9,3
青山沖,2026-09-04,06,0.8,9.2,0.5,6,24.8,3
青山沖,2026-09-04,09,1.0,10.2,1.1,172,24.8,51
青山沖,2026-09-04,12,0.9,9.8,1.3,108,24.9,3
青山沖,2026-09-04,15,0.8,9.4,1.9,108,24.9,3
青山沖,2026-09-04,18,0.8,9.3,2.0,99,24.8,61
青山沖,2026-09-04,21,0.8,9.1,2.9,70,24.7,61
日立沖,2026-09-04,00,0.8,9.1,2.5,257,24.9,3
日立沖,2026-09-04,03,0.8,9.2,1.1,2,24.8,3
日立沖,2026-09-04,06,0.8,9.1,0.3,108,24.7,3
日立沖,2026-09-04,09,1.1,10.8,0.4,304,24.7,51
日立沖,2026-09-04,12,0.9,9.7,1.6,123,24.9,3
日立沖,2026-09-04,15,0.9,9.4,2.0,126,25.0,3
日立沖,2026-09-04,18,0.8,9.3,1.5,48,24.9,53
日立沖,2026-09-04,21,0.8,9.3,1.9,63,24.7,61
銭洲沖,2026-09-05,00,1.9,9.9,4.5,75,29.6,55
銭洲沖,2026-09-05,03,1.9,9.4,6.4,21,29.5,55
銭洲沖,2026-09-05,06,2.0,8.8,7.3,60,29.5,61
銭洲沖,2026-09-05,09,2.2,8.2,8.9,66,29.4,51
銭洲沖,2026-09-05,12,2.4,7.7,11.2,74,29.5,53
銭洲沖,2026-09-05,15,2.5,7.3,11.7,65,29.5,61
銭洲沖,2026-09-05,18,2.5,7.0,12.1,72,29.4,63
銭洲沖,2026-09-05,21,2.7,6.9,13.0,82,29.3,51
イナンバ,2026-09-05,00,1.8,8.6,5.9,42,29.0,53
イナンバ,2026-09-05,03,2.2,7.5,13.7,35,28.9,63
イナンバ,2026-09-05,06,2.3,7.0,10.6,33,28.8,53
イナンバ,2026-09-05,09,2.2,6.8,12.5,70,28.7,61
イナンバ,2026-09-05,12,2.2,7.0,12.3,54,28.6,51
イナンバ,2026-09-05,15,2.1,7.0,9.4,57,28.6,51
イナンバ,2026-09-05,18,2.0,6.7,12.1,71,28.6,53
イナンバ,2026-09-05,21,2.3,6.5,12.4,68,28.6,53
石花海,2026-09-05,00,1.8,9.1,9.8,36,28.1,51
石花海,2026-09-05,03,1.8,8.4,7.6,42,27.9,51
石花海,2026-09-05,06,1.9,7.3,10.0,60,27.7,3
石花海,2026-09-05,09,1.8,6.3,11.0,57,27.5,55
石花海,2026-09-05,12,2.0,6.7,12.0,61,27.3,3
石花海,2026-09-05,15,2.0,6.7,11.0,71,27.2,51
石花海,2026-09-05,18,2.0,6.2,11.9,69,27.1,63
石花海,2026-09-05,21,2.4,6.3,14.0,68,26.9,51
神津島,2026-09-05,00,1.8,8.4,8.4,47,28.1,51
神津島,2026-09-05,03,2.0,7.8,12.0,36,28.0,61
神津島,2026-09-05,06,2.0,7.1,9.0,46,27.9,53
神津島,2026-09-05,09,1.8,6.6,10.8,49,27.8,53
神津島,2026-09-05,12,1.8,6.8,11.4,52,27.7,53
神津島,2026-09-05,15,1.7,6.9,8.6,60,27.6,61
神津島,2026-09-05,18,1.7,6.4,11.9,57,27.5,53
神津島,2026-09-05,21,2.1,6.2,13.1,59,27.4,51
金洲沖,2026-09-05,00,1.7,8.6,9.3,36,28.1,61
金洲沖,2026-09-05,03,1.9,8.3,10.1,42,27.9,53
金洲沖,2026-09-05,06,1.8,7.3,9.9,58,27.8,51
金洲沖,2026-09-05,09,1.6,6.5,10.2,59,27.7,53
金洲沖,2026-09-05,12,1.7,6.8,11.8,56,27.5,51
金洲沖,2026-09-05,15,1.7,6.7,10.5,66,27.4,53
金洲沖,2026-09-05,18,1.6,6.1,11.9,66,27.2,53
金洲沖,2026-09-05,21,2.0,6.0,13.6,60,27.0,61
新島沖,2026-09-05,00,1.6,7.5,8.4,39,28.0,53
新島沖,2026-09-05,03,1.8,7.2,12.2,38,27.9,53
新島沖,2026-09-05,06,1.8,6.8,8.3,49,27.8,61
新島沖,2026-09-05,09,1.6,6.3,10.4,48,27.7,53
新島沖,2026-09-05,12,1.7,6.5,11.2,53,27.6,61
新島沖,2026-09-05,15,1.6,6.6,8.2,60,27.5,53
新島沖,2026-09-05,18,1.6,6.1,11.9,54,27.4,55
新島沖,2026-09-05,21,1.9,6.0,12.2,54,27.3,63
金州,2026-09-05,00,1.4,7.5,8.7,27,28.0,63
金州,2026-09-05,03,1.7,7.4,10.7,41,27.8,51
金州,2026-09-05,06,1.7,7.0,6.7,53,27.7,61
金州,2026-09-05,09,1.4,6.5,8.7,53,27.6,53
金州,2026-09-05,12,1.5,6.5,9.5,53,27.5,51
金州,2026-09-05,15,1.5,6.5,8.2,46,27.4,51
金州,2026-09-05,18,1.5,6.0,10.7,55,27.2,53
金州,2026-09-05,21,1.8,5.9,11.3,52,26.9,53
白河沖,2026-09-05,00,1.5,9.9,4.8,52,27.7,53
白河沖,2026-09-05,03,1.7,9.8,4.4,27,27.7,63
白河沖,2026-09-05,06,1.5,8.9,2.5,66,27.7,63
白河沖,2026-09-05,09,1.1,7.4,4.5,45,27.7,51
白河沖,2026-09-05,12,1.3,7.6,3.8,73,27.7,3
白河沖,2026-09-05,15,1.5,7.1,3.9,115,27.8,3
白河沖,2026-09-05,18,1.4,6.3,4.7,67,27.7,3
白河沖,2026-09-05,21,1.6,6.2,6.1,66,27.6,51
御前崎沖,2026-09-05,00,1.5,9.9,4.8,52,27.5,53
御前崎沖,2026-09-05,03,1.7,9.8,4.4,27,27.6,63
御前崎沖,2026-09-05,06,1.5,9.0,2.5,66,27.6,63
御前崎沖,2026-09-05,09,1.1,7.5,4.5,45,27.6,51
御前崎沖,2026-09-05,12,1.3,7.7,3.8,73,27.7,3
御前崎沖,2026-09-05,15,1.5,7.2,3.9,115,27.7,3
御前崎沖,2026-09-05,18,1.4,6.4,4.7,67,27.6,3
御前崎沖,2026-09-05,21,1.5,6.2,6.1,66,27.5,51
八方便,2026-09-05,00,1.5,9.9,4.8,52,27.7,53
八方便,2026-09-05,03,1.7,9.8,4.4,27,27.7,63
八方便,2026-09-05,06,1.5,8.9,2.5,66,27.7,63
八方便,2026-09-05,09,1.1,7.4,4.5,45,27.7,51
八方便,2026-09-05,12,1.3,7.6,3.8,73,27.7,3
八方便,2026-09-05,15,1.5,7.1,3.9,115,27.8,3
八方便,2026-09-05,18,1.4,6.3,4.7,67,27.7,3
八方便,2026-09-05,21,1.6,6.2,6.1,66,27.6,51
神子元沖,2026-09-05,00,1.5,9.0,3.2,43,27.7,63
神子元沖,2026-09-05,03,1.6,9.2,4.5,49,27.6,63
神子元沖,2026-09-05,06,1.6,8.4,4.2,43,27.4,53
神子元沖,2026-09-05,09,1.3,7.3,4.4,63,27.3,53
神子元沖,2026-09-05,12,1.4,7.4,6.4,58,27.2,3
神子元沖,2026-09-05,15,1.4,7.5,5.7,64,27.0,3
神子元沖,2026-09-05,18,1.3,6.7,7.2,59,26.9,3
神子元沖,2026-09-05,21,1.6,6.3,7.5,52,26.7,3
大東沖,2026-09-05,00,1.5,9.8,3.7,85,27.3,61
大東沖,2026-09-05,03,1.6,10.0,3.1,70,27.3,51
大東沖,2026-09-05,06,1.4,9.2,2.2,66,27.3,61
大東沖,2026-09-05,09,1.0,7.8,2.5,49,27.2,51
大東沖,2026-09-05,12,1.1,8.2,3.8,75,27.3,3
大東沖,2026-09-05,15,1.3,8.1,3.4,87,27.4,3
大東沖,2026-09-05,18,1.2,7.0,3.1,74,27.4,3
大東沖,2026-09-05,21,1.3,6.9,5.1,81,27.3,51
石廊崎沖,2026-09-05,00,1.4,9.6,1.0,99,27.8,61
石廊崎沖,2026-09-05,03,1.6,9.9,2.3,82,27.6,63
石廊崎沖,2026-09-05,06,1.5,9.0,2.2,37,27.6,55
石廊崎沖,2026-09-05,09,1.2,7.8,1.2,104,27.6,53
石廊崎沖,2026-09-05,12,1.3,7.8,3.9,81,27.6,3
石廊崎沖,2026-09-05,15,1.3,7.5,4.1,98,27.5,3
石廊崎沖,2026-09-05,18,1.2,6.8,4.9,78,27.4,3
石廊崎沖,2026-09-05,21,1.4,6.7,5.1,75,27.2,3
福田沖,2026-09-05,00,1.4,9.8,3.9,89,27.3,63
福田沖,2026-09-05,03,1.6,9.9,2.1,65,27.3,51
福田沖,2026-09-05,06,1.4,9.2,2.3,71,27.3,53
福田沖,2026-09-05,09,1.0,7.7,2.2,48,27.2,51
福田沖,2026-09-05,12,1.1,8.2,3.6,76,27.3,3
福田沖,2026-09-05,15,1.3,8.1,3.3,84,27.4,3
福田沖,2026-09-05,18,1.2,7.0,2.9,73,27.4,3
福田沖,2026-09-05,21,1.3,6.8,4.6,81,27.3,3
浜岡沖,2026-09-05,00,1.4,9.8,4.8,52,27.3,53
浜岡沖,2026-09-05,03,1.6,10.1,4.4,27,27.2,63
浜岡沖,2026-09-05,06,1.4,9.3,2.5,66,27.2,63
浜岡沖,2026-09-05,09,1.0,7.8,4.5,45,27.2,51
浜岡沖,2026-09-05,12,1.1,8.2,3.8,73,27.4,3
浜岡沖,2026-09-05,15,1.3,8.0,3.9,115,27.5,3
浜岡沖,2026-09-05,18,1.2,7.0,4.7,67,27.5,3
浜岡沖,2026-09-05,21,1.3,7.0,6.1,66,27.4,51
下田南沖,2026-09-05,00,1.5,9.0,3.2,43,27.7,63
下田南沖,2026-09-05,03,1.6,9.2,4.5,49,27.6,63
下田南沖,2026-09-05,06,1.6,8.4,4.2,43,27.4,53
下田南沖,2026-09-05,09,1.3,7.3,4.4,63,27.3,53
下田南沖,2026-09-05,12,1.4,7.4,6.4,58,27.2,3
下田南沖,2026-09-05,15,1.4,7.5,5.7,64,27.0,3
下田南沖,2026-09-05,18,1.3,6.7,7.2,59,26.9,3
下田南沖,2026-09-05,21,1.6,6.3,7.5,52,26.7,3
下田沖,2026-09-05,00,1.5,9.0,3.2,43,27.7,63
下田沖,2026-09-05,03,1.6,9.2,4.5,49,27.6,63
下田沖,2026-09-05,06,1.6,8.4,4.2,43,27.4,53
下田沖,2026-09-05,09,1.3,7.3,4.4,63,27.3,53
下田沖,2026-09-05,12,1.4,7.4,6.4,58,27.2,3
下田沖,2026-09-05,15,1.4,7.5,5.7,64,27.0,3
下田沖,2026-09-05,18,1.3,6.7,7.2,59,26.9,3
下田沖,2026-09-05,21,1.6,6.3,7.5,52,26.7,3
相良沖,2026-09-05,00,1.4,9.8,4.8,52,27.3,53
相良沖,2026-09-05,03,1.6,10.0,4.4,27,27.3,63
相良沖,2026-09-05,06,1.4,9.2,2.5,66,27.3,63
相良沖,2026-09-05,09,1.0,7.7,4.5,45,27.3,51
相良沖,2026-09-05,12,1.2,8.1,3.8,73,27.5,3
相良沖,2026-09-05,15,1.3,7.8,3.9,115,27.6,3
相良沖,2026-09-05,18,1.2,6.8,4.7,67,27.6,3
相良沖,2026-09-05,21,1.3,6.9,6.1,66,27.5,51
天竜沖,2026-09-05,00,1.1,8.9,2.3,81,27.3,63
天竜沖,2026-09-05,03,1.2,9.2,0.9,353,27.3,53
天竜沖,2026-09-05,06,1.1,8.8,0.7,56,27.3,51
天竜沖,2026-09-05,09,0.7,7.1,1.3,58,27.2,3
天竜沖,2026-09-05,12,0.9,8.0,3.0,79,27.3,3
天竜沖,2026-09-05,15,0.9,8.0,3.1,77,27.4,3
天竜沖,2026-09-05,18,0.9,6.9,1.6,56,27.4,3
天竜沖,2026-09-05,21,1.0,7.0,3.5,83,27.3,3
波勝崎沖,2026-09-05,00,1.3,9.8,3.2,43,27.6,63
波勝崎沖,2026-09-05,03,1.5,10.3,4.5,49,27.4,63
波勝崎沖,2026-09-05,06,1.3,9.6,4.2,43,27.3,53
波勝崎沖,2026-09-05,09,1.0,8.3,4.4,63,27.3,53
波勝崎沖,2026-09-05,12,1.1,8.5,6.4,58,27.5,3
波勝崎沖,2026-09-05,15,1.1,8.5,5.7,64,27.6,3
波勝崎沖,2026-09-05,18,0.9,7.7,7.2,59,27.6,3
波勝崎沖,2026-09-05,21,1.0,7.8,7.5,52,27.4,3
藤守前,2026-09-05,00,1.1,9.1,4.0,51,27.3,61
藤守前,2026-09-05,03,1.2,9.5,2.5,42,27.2,53
藤守前,2026-09-05,06,1.1,8.9,1.9,46,27.2,61
藤守前,2026-09-05,09,0.7,7.2,3.4,43,27.3,51
藤守前,2026-09-05,12,0.8,8.1,3.8,51,27.4,51
藤守前,2026-09-05,15,0.9,8.1,3.0,75,27.5,3
藤守前,2026-09-05,18,0.8,6.9,3.2,36,27.4,3
藤守前,2026-09-05,21,0.9,7.2,6.4,70,27.3,3
吉田沖,2026-09-05,00,1.1,9.1,4.0,51,27.3,61
吉田沖,2026-09-05,03,1.2,9.5,2.5,42,27.2,53
吉田沖,2026-09-05,06,1.1,8.9,1.9,46,27.2,61
吉田沖,2026-09-05,09,0.7,7.2,3.4,43,27.3,51
吉田沖,2026-09-05,12,0.8,8.1,3.8,51,27.4,51
吉田沖,2026-09-05,15,0.9,8.1,3.0,75,27.5,3
吉田沖,2026-09-05,18,0.8,6.9,3.2,36,27.4,3
吉田沖,2026-09-05,21,0.9,7.2,6.4,70,27.3,3
千貫門沖,2026-09-05,00,1.3,9.8,1.0,99,27.4,61
千貫門沖,2026-09-05,03,1.5,10.3,2.3,82,27.3,63
千貫門沖,2026-09-05,06,1.3,9.6,2.2,37,27.2,55
千貫門沖,2026-09-05,09,1.0,8.3,1.2,104,27.2,53
千貫門沖,2026-09-05,12,1.1,8.5,3.9,81,27.5,3
千貫門沖,2026-09-05,15,1.1,8.5,4.1,98,27.8,3
千貫門沖,2026-09-05,18,0.9,7.7,4.9,78,27.7,3
千貫門沖,2026-09-05,21,1.0,7.8,5.1,75,27.5,3
豊浜沖,2026-09-05,00,1.2,9.8,1.0,99,27.5,61
豊浜沖,2026-09-05,03,1.4,10.4,2.3,82,27.3,63
豊浜沖,2026-09-05,06,1.3,9.7,2.2,37,27.2,55
豊浜沖,2026-09-05,09,0.9,8.4,1.2,104,27.2,53
豊浜沖,2026-09-05,12,1.0,8.7,3.9,81,27.5,3
豊浜沖,2026-09-05,15,1.0,8.8,4.1,98,27.8,3
豊浜沖,2026-09-05,18,0.8,8.0,4.9,78,27.7,3
豊浜沖,2026-09-05,21,0.9,7.8,5.1,75,27.6,3
松崎沖,2026-09-05,00,1.3,9.8,1.0,99,27.4,61
松崎沖,2026-09-05,03,1.5,10.3,2.3,82,27.3,63
松崎沖,2026-09-05,06,1.3,9.6,2.2,37,27.2,55
松崎沖,2026-09-05,09,1.0,8.3,1.2,104,27.2,53
松崎沖,2026-09-05,12,1.1,8.5,3.9,81,27.5,3
松崎沖,2026-09-05,15,1.1,8.5,4.1,98,27.8,3
松崎沖,2026-09-05,18,0.9,7.7,4.9,78,27.7,3
松崎沖,2026-09-05,21,1.0,7.8,5.1,75,27.5,3
西伊豆沖,2026-09-05,00,1.2,9.8,1.2,53,27.4,53
西伊豆沖,2026-09-05,03,1.4,10.4,3.5,62,27.3,63
西伊豆沖,2026-09-05,06,1.3,9.7,1.1,137,27.2,65
西伊豆沖,2026-09-05,09,0.9,8.4,2.2,66,27.2,3
西伊豆沖,2026-09-05,12,1.0,8.7,2.3,60,27.5,53
西伊豆沖,2026-09-05,15,1.0,8.8,1.9,73,27.8,3
西伊豆沖,2026-09-05,18,0.8,8.0,3.6,66,27.7,3
西伊豆沖,2026-09-05,21,0.9,7.8,5.9,61,27.5,3
大井川沖,2026-09-05,00,1.0,9.2,3.2,40,27.3,63
大井川沖,2026-09-05,03,1.2,9.6,2.2,34,27.2,53
大井川沖,2026-09-05,06,1.1,8.8,2.2,26,27.2,61
大井川沖,2026-09-05,09,0.7,7.2,3.6,41,27.3,3
大井川沖,2026-09-05,12,0.8,7.9,4.2,51,27.4,51
大井川沖,2026-09-05,15,0.9,8.0,3.2,70,27.5,3
大井川沖,2026-09-05,18,0.8,6.7,3.6,41,27.4,3
大井川沖,2026-09-05,21,1.0,6.3,6.6,71,27.4,3
中瀬海岸,2026-09-05,00,1.0,9.2,3.2,40,27.3,63
中瀬海岸,2026-09-05,03,1.2,9.6,2.2,34,27.2,53
中瀬海岸,2026-09-05,06,1.1,8.8,2.2,26,27.2,61
中瀬海岸,2026-09-05,09,0.7,7.2,3.6,41,27.3,3
中瀬海岸,2026-09-05,12,0.8,7.9,4.2,51,27.4,51
中瀬海岸,2026-09-05,15,0.9,8.0,3.2,70,27.5,3
中瀬海岸,2026-09-05,18,0.8,6.7,3.6,41,27.4,3
中瀬海岸,2026-09-05,21,1.0,6.3,6.6,71,27.4,3
大井川港,2026-09-05,00,1.0,9.2,1.6,35,27.3,63
大井川港,2026-09-05,03,1.2,9.6,1.6,9,27.2,53
大井川港,2026-09-05,06,1.1,8.8,1.8,5,27.2,61
大井川港,2026-09-05,09,0.7,7.2,2.9,38,27.3,3
大井川港,2026-09-05,12,0.8,7.9,3.9,57,27.4,51
大井川港,2026-09-05,15,0.9,8.0,3.2,76,27.5,3
大井川港,2026-09-05,18,0.8,6.7,3.4,57,27.4,3
大井川港,2026-09-05,21,1.0,6.3,5.8,73,27.4,3
駿河湾,2026-09-05,00,1.1,9.7,1.5,38,27.6,51
駿河湾,2026-09-05,03,1.3,10.3,3.4,87,27.4,63
駿河湾,2026-09-05,06,1.2,9.6,2.0,106,27.3,63
駿河湾,2026-09-05,09,0.9,8.4,3.8,78,27.4,3
駿河湾,2026-09-05,12,0.9,8.7,5.2,89,27.6,51
駿河湾,2026-09-05,15,0.9,9.0,4.7,99,27.7,3
駿河湾,2026-09-05,18,0.7,8.0,5.9,85,27.7,3
駿河湾,2026-09-05,21,0.9,7.5,7.0,66,27.6,3
洲崎沖,2026-09-05,00,1.2,8.3,3.5,33,28.1,63
洲崎沖,2026-09-05,03,1.2,8.7,4.3,49,28.0,63
洲崎沖,2026-09-05,06,1.2,8.6,3.3,63,27.9,63
洲崎沖,2026-09-05,09,1.0,8.0,3.3,60,28.0,55
洲崎沖,2026-09-05,12,1.0,8.0,4.3,41,28.1,51
洲崎沖,2026-09-05,15,1.1,7.8,3.3,39,28.1,3
洲崎沖,2026-09-05,18,1.0,7.0,5.1,59,28.1,3
洲崎沖,2026-09-05,21,1.1,6.9,5.2,44,28.0,3
沖ノ瀬,2026-09-05,00,1.1,7.8,6.8,20,28.1,63
沖ノ瀬,2026-09-05,03,1.2,8.2,7.3,47,28.0,65
沖ノ瀬,2026-09-05,06,1.2,8.2,3.4,64,28.0,63
沖ノ瀬,2026-09-05,09,1.0,7.5,5.1,45,27.9,51
沖ノ瀬,2026-09-05,12,1.0,7.6,7.2,39,27.9,51
沖ノ瀬,2026-09-05,15,1.0,7.5,6.4,39,27.9,3
沖ノ瀬,2026-09-05,18,0.9,6.5,6.8,56,27.8,3
沖ノ瀬,2026-09-05,21,1.1,6.3,8.2,41,27.6,3
平砂浦沖,2026-09-05,00,1.2,8.4,3.5,33,28.3,63
平砂浦沖,2026-09-05,03,1.2,8.5,4.3,49,28.3,63
平砂浦沖,2026-09-05,06,1.3,8.3,3.3,63,28.2,63
平砂浦沖,2026-09-05,09,1.1,7.7,3.3,60,28.2,55
平砂浦沖,2026-09-05,12,1.2,7.8,4.3,41,28.2,51
平砂浦沖,2026-09-05,15,1.2,7.7,3.3,39,28.2,3
平砂浦沖,2026-09-05,18,1.1,7.0,5.1,59,28.2,3
平砂浦沖,2026-09-05,21,1.3,6.8,5.2,44,28.2,3
館山沖,2026-09-05,00,1.2,8.4,3.5,33,28.3,63
館山沖,2026-09-05,03,1.2,8.7,4.3,49,28.2,63
館山沖,2026-09-05,06,1.2,8.5,3.3,63,28.2,63
館山沖,2026-09-05,09,1.1,7.8,3.3,60,28.2,55
館山沖,2026-09-05,12,1.1,7.9,4.3,41,28.2,51
館山沖,2026-09-05,15,1.1,7.8,3.3,39,28.2,3
館山沖,2026-09-05,18,1.0,7.0,5.1,59,28.1,3
館山沖,2026-09-05,21,1.2,7.0,5.2,44,28.0,3
久能沖,2026-09-05,00,1.0,9.2,1.5,21,27.5,63
久能沖,2026-09-05,03,1.1,9.8,2.6,1,27.4,53
久能沖,2026-09-05,06,1.0,9.0,2.2,6,27.4,63
久能沖,2026-09-05,09,0.7,7.5,1.8,43,27.4,3
久能沖,2026-09-05,12,0.8,8.1,2.9,75,27.5,3
久能沖,2026-09-05,15,0.8,8.3,3.4,87,27.6,3
久能沖,2026-09-05,18,0.7,7.0,3.4,74,27.6,3
久能沖,2026-09-05,21,0.9,6.3,3.9,75,27.5,3
富浦沖,2026-09-05,00,1.2,8.1,3.5,33,28.1,63
富浦沖,2026-09-05,03,1.2,8.6,4.3,49,28.0,63
富浦沖,2026-09-05,06,1.2,8.4,3.3,63,27.9,63
富浦沖,2026-09-05,09,1.0,7.8,3.3,60,27.8,55
富浦沖,2026-09-05,12,1.0,7.9,4.3,41,27.9,51
富浦沖,2026-09-05,15,1.0,7.8,3.3,39,28.0,3
富浦沖,2026-09-05,18,1.0,7.0,5.1,59,28.0,3
富浦沖,2026-09-05,21,1.1,6.8,5.2,44,28.0,3
折戸沖,2026-09-05,00,1.0,9.2,1.5,21,27.5,63
折戸沖,2026-09-05,03,1.1,9.8,2.6,1,27.4,53
折戸沖,2026-09-05,06,1.0,9.0,2.2,6,27.4,63
折戸沖,2026-09-05,09,0.7,7.5,1.8,43,27.4,3
折戸沖,2026-09-05,12,0.8,8.1,2.9,75,27.5,3
折戸沖,2026-09-05,15,0.8,8.3,3.4,87,27.6,3
折戸沖,2026-09-05,18,0.7,7.0,3.4,74,27.6,3
折戸沖,2026-09-05,21,0.9,6.3,3.9,75,27.5,3
貯木場,2026-09-05,00,1.0,9.4,1.5,21,27.5,63
貯木場,2026-09-05,03,1.2,10.1,2.6,1,27.4,53
貯木場,2026-09-05,06,1.1,9.3,2.2,6,27.4,63
貯木場,2026-09-05,09,0.8,8.0,1.8,43,27.4,3
貯木場,2026-09-05,12,0.8,8.2,2.9,75,27.5,3
貯木場,2026-09-05,15,0.8,8.7,3.4,87,27.6,3
貯木場,2026-09-05,18,0.7,7.3,3.4,74,27.6,3
貯木場,2026-09-05,21,0.9,6.5,3.9,75,27.5,3
折戸,2026-09-05,00,1.0,9.4,1.5,21,27.5,63
折戸,2026-09-05,03,1.2,10.1,2.6,1,27.5,53
折戸,2026-09-05,06,1.1,9.3,2.2,6,27.5,63
折戸,2026-09-05,09,0.8,8.0,1.8,43,27.5,3
折戸,2026-09-05,12,0.8,8.2,2.9,75,27.6,3
折戸,2026-09-05,15,0.8,8.7,3.4,87,27.7,3
折戸,2026-09-05,18,0.7,7.3,3.4,74,27.7,3
折戸,2026-09-05,21,0.9,6.5,3.9,75,27.6,3
清水沖,2026-09-05,00,1.0,9.4,1.5,21,27.5,63
清水沖,2026-09-05,03,1.2,10.1,2.6,1,27.5,53
清水沖,2026-09-05,06,1.1,9.3,2.2,6,27.5,63
清水沖,2026-09-05,09,0.8,8.0,1.8,43,27.5,3
清水沖,2026-09-05,12,0.8,8.2,2.9,75,27.6,3
清水沖,2026-09-05,15,0.8,8.7,3.4,87,27.7,3
清水沖,2026-09-05,18,0.7,7.3,3.4,74,27.7,3
清水沖,2026-09-05,21,0.9,6.5,3.9,75,27.6,3
岩井富浦沖,2026-09-05,00,1.0,8.2,3.5,33,27.9,63
岩井富浦沖,2026-09-05,03,1.0,8.9,4.3,49,27.8,63
岩井富浦沖,2026-09-05,06,1.0,8.9,3.3,63,27.7,63
岩井富浦沖,2026-09-05,09,0.9,8.4,3.3,60,27.7,55
岩井富浦沖,2026-09-05,12,0.9,8.2,4.3,41,27.8,51
岩井富浦沖,2026-09-05,15,0.9,8.0,3.3,39,27.9,3
岩井富浦沖,2026-09-05,18,0.8,7.2,5.1,59,27.9,3
岩井富浦沖,2026-09-05,21,0.8,7.2,5.2,44,27.9,3
北防,2026-09-05,00,1.0,9.4,1.5,21,27.5,63
北防,2026-09-05,03,1.2,10.1,2.6,1,27.4,53
北防,2026-09-05,06,1.1,9.3,2.2,6,27.4,63
北防,2026-09-05,09,0.8,8.0,1.8,43,27.4,3
北防,2026-09-05,12,0.8,8.2,2.9,75,27.5,3
北防,2026-09-05,15,0.8,8.7,3.4,87,27.6,3
北防,2026-09-05,18,0.7,7.3,3.4,74,27.6,3
北防,2026-09-05,21,0.9,6.5,3.9,75,27.5,3
一文字堤,2026-09-05,00,1.0,9.4,1.5,21,27.5,63
一文字堤,2026-09-05,03,1.2,10.1,2.6,1,27.5,53
一文字堤,2026-09-05,06,1.1,9.3,2.2,6,27.5,63
一文字堤,2026-09-05,09,0.8,8.0,1.8,43,27.5,3
一文字堤,2026-09-05,12,0.8,8.2,2.9,75,27.6,3
一文字堤,2026-09-05,15,0.8,8.7,3.4,87,27.7,3
一文字堤,2026-09-05,18,0.7,7.3,3.4,74,27.7,3
一文字堤,2026-09-05,21,0.9,6.5,3.9,75,27.6,3
西浦沖,2026-09-05,00,1.0,9.4,1.5,90,27.3,51
西浦沖,2026-09-05,03,1.1,10.2,2.7,109,27.2,63
西浦沖,2026-09-05,06,1.1,9.7,2.3,105,27.2,63
西浦沖,2026-09-05,09,0.8,8.5,2.9,101,27.3,3
西浦沖,2026-09-05,12,0.7,8.4,4.3,104,27.4,51
西浦沖,2026-09-05,15,0.8,8.3,4.8,105,27.6,3
西浦沖,2026-09-05,18,0.6,7.3,4.8,95,27.5,3
西浦沖,2026-09-05,21,0.8,6.8,5.3,74,27.4,3
高新田前,2026-09-05,00,1.0,9.4,1.5,21,27.5,63
高新田前,2026-09-05,03,1.2,10.1,2.6,1,27.5,53
高新田前,2026-09-05,06,1.1,9.3,2.2,6,27.5,63
高新田前,2026-09-05,09,0.8,8.0,1.8,43,27.5,3
高新田前,2026-09-05,12,0.8,8.2,2.9,75,27.6,3
高新田前,2026-09-05,15,0.8,8.7,3.4,87,27.7,3
高新田前,2026-09-05,18,0.7,7.3,3.4,74,27.7,3
高新田前,2026-09-05,21,0.9,6.5,3.9,75,27.6,3
三保沖,2026-09-05,00,1.0,9.4,1.0,336,27.6,61
三保沖,2026-09-05,03,1.2,10.1,2.3,359,27.5,55
三保沖,2026-09-05,06,1.1,9.3,1.4,2,27.5,61
三保沖,2026-09-05,09,0.8,8.0,1.0,53,27.6,3
三保沖,2026-09-05,12,0.8,8.2,1.8,95,27.6,3
三保沖,2026-09-05,15,0.8,8.7,2.2,95,27.6,3
三保沖,2026-09-05,18,0.7,7.3,1.0,35,27.6,3
三保沖,2026-09-05,21,0.9,6.5,1.5,78,27.5,3
三保取入口,2026-09-05,00,1.0,9.4,1.0,336,27.6,61
三保取入口,2026-09-05,03,1.2,10.1,2.3,359,27.5,55
三保取入口,2026-09-05,06,1.1,9.3,1.4,2,27.5,61
三保取入口,2026-09-05,09,0.8,8.0,1.0,53,27.6,3
三保取入口,2026-09-05,12,0.8,8.2,1.8,95,27.6,3
三保取入口,2026-09-05,15,0.8,8.7,2.2,95,27.6,3
三保取入口,2026-09-05,18,0.7,7.3,1.0,35,27.6,3
三保取入口,2026-09-05,21,0.9,6.5,1.5,78,27.5,3
静浦沖,2026-09-05,00,1.0,9.4,1.1,45,27.3,61
静浦沖,2026-09-05,03,1.1,10.2,2.3,74,27.2,61
静浦沖,2026-09-05,06,1.1,9.7,1.9,87,27.2,63
静浦沖,2026-09-05,09,0.8,8.5,2.2,94,27.3,3
静浦沖,2026-09-05,12,0.7,8.4,3.9,107,27.4,3
静浦沖,2026-09-05,15,0.8,8.3,4.6,102,27.6,3
静浦沖,2026-09-05,18,0.6,7.3,4.5,96,27.5,3
静浦沖,2026-09-05,21,0.8,6.8,4.5,76,27.4,3
網代沖,2026-09-05,00,,,1.3,108,27.0,51
網代沖,2026-09-05,03,,,2.2,100,26.9,63
網代沖,2026-09-05,06,,,1.9,92,26.8,63
網代沖,2026-09-05,09,,,2.6,82,26.7,3
網代沖,2026-09-05,12,,,3.3,77,26.8,51
網代沖,2026-09-05,15,,,4.2,89,26.9,3
網代沖,2026-09-05,18,,,4.1,84,26.8,3
網代沖,2026-09-05,21,,,5.2,64,26.8,3
網代南沖,2026-09-05,00,0.9,7.7,2.0,14,27.0,51
網代南沖,2026-09-05,03,0.9,7.9,2.6,54,26.9,63
網代南沖,2026-09-05,06,0.9,7.8,2.0,48,26.8,63
網代南沖,2026-09-05,09,0.8,7.2,3.0,53,26.7,3
網代南沖,2026-09-05,12,0.8,7.0,3.3,54,26.8,51
網代南沖,2026-09-05,15,0.9,7.0,4.4,70,26.9,3
網代南沖,2026-09-05,18,0.8,6.1,4.0,66,26.8,3
網代南沖,2026-09-05,21,0.9,5.8,5.3,49,26.8,3
岩井沖,2026-09-05,00,1.0,8.2,3.5,33,27.9,63
岩井沖,2026-09-05,03,1.0,8.9,4.3,49,27.8,63
岩井沖,2026-09-05,06,1.0,8.9,3.3,63,27.7,63
岩井沖,2026-09-05,09,0.9,8.4,3.3,60,27.7,55
岩井沖,2026-09-05,12,0.9,8.2,4.3,41,27.8,51
岩井沖,2026-09-05,15,0.9,8.0,3.3,39,27.9,3
岩井沖,2026-09-05,18,0.8,7.2,5.1,59,27.9,3
岩井沖,2026-09-05,21,0.8,7.2,5.2,44,27.9,3
沼津沖,2026-09-05,00,1.0,9.4,1.5,90,27.3,51
沼津沖,2026-09-05,03,1.1,10.2,2.7,109,27.2,63
沼津沖,2026-09-05,06,1.1,9.7,2.3,105,27.2,63
沼津沖,2026-09-05,09,0.8,8.5,2.9,101,27.3,3
沼津沖,2026-09-05,12,0.7,8.4,4.3,104,27.4,51
沼津沖,2026-09-05,15,0.8,8.3,4.8,105,27.6,3
沼津沖,2026-09-05,18,0.6,7.3,4.8,95,27.5,3
沼津沖,2026-09-05,21,0.8,6.8,5.3,74,27.4,3
相模湾,2026-09-05,00,1.0,7.8,6.7,21,27.1,63
相模湾,2026-09-05,03,1.0,8.1,7.6,39,27.0,61
相模湾,2026-09-05,06,1.0,8.0,5.5,53,27.1,63
相模湾,2026-09-05,09,0.9,7.5,7.1,29,27.1,51
相模湾,2026-09-05,12,0.9,7.2,7.4,32,27.3,51
相模湾,2026-09-05,15,0.9,7.2,7.2,51,27.4,3
相模湾,2026-09-05,18,0.8,6.4,7.7,54,27.4,3
相模湾,2026-09-05,21,1.0,6.0,8.8,40,27.4,3
太海沖航程1時間30分,2026-09-05,00,1.2,8.4,2.8,37,28.0,63
太海沖航程1時間30分,2026-09-05,03,1.2,8.5,3.4,52,27.9,63
太海沖航程1時間30分,2026-09-05,06,1.3,8.3,3.1,60,27.8,61
太海沖航程1時間30分,2026-09-05,09,1.1,7.7,2.8,59,27.8,55
太海沖航程1時間30分,2026-09-05,12,1.2,7.8,3.9,35,27.8,53
太海沖航程1時間30分,2026-09-05,15,1.2,7.7,3.0,40,27.9,3
太海沖航程1時間30分,2026-09-05,18,1.1,7.0,4.3,59,27.9,3
太海沖航程1時間30分,2026-09-05,21,1.3,6.8,4.4,43,27.8,3
木負沖,2026-09-05,00,1.0,9.4,1.1,45,27.3,61
木負沖,2026-09-05,03,1.1,10.2,2.3,74,27.2,61
木負沖,2026-09-05,06,1.1,9.7,1.9,87,27.2,63
木負沖,2026-09-05,09,0.8,8.5,2.2,94,27.3,3
木負沖,2026-09-05,12,0.7,8.4,3.9,107,27.4,3
木負沖,2026-09-05,15,0.8,8.3,4.6,102,27.6,3
木負沖,2026-09-05,18,0.6,7.3,4.5,96,27.5,3
木負沖,2026-09-05,21,0.8,6.8,4.5,76,27.4,3
木負湾内,2026-09-05,00,1.0,9.4,1.1,45,27.3,61
木負湾内,2026-09-05,03,1.1,10.2,2.3,74,27.2,61
木負湾内,2026-09-05,06,1.1,9.7,1.9,87,27.2,63
木負湾内,2026-09-05,09,0.8,8.5,2.2,94,27.3,3
木負湾内,2026-09-05,12,0.7,8.4,3.9,107,27.4,3
木負湾内,2026-09-05,15,0.8,8.3,4.6,102,27.6,3
木負湾内,2026-09-05,18,0.6,7.3,4.5,96,27.5,3
木負湾内,2026-09-05,21,0.8,6.8,4.5,76,27.4,3
カメギ根,2026-09-05,00,1.1,7.8,6.1,17,28.1,63
カメギ根,2026-09-05,03,1.1,8.2,6.9,45,28.0,63
カメギ根,2026-09-05,06,1.1,8.3,4.3,51,28.0,63
カメギ根,2026-09-05,09,0.9,8.0,5.8,27,28.0,3
カメギ根,2026-09-05,12,0.9,7.8,6.8,30,28.0,53
カメギ根,2026-09-05,15,0.9,7.5,6.2,46,27.9,3
カメギ根,2026-09-05,18,0.8,6.7,6.0,54,27.8,3
カメギ根,2026-09-05,21,1.0,6.3,7.9,41,27.7,3
保田沖,2026-09-05,00,1.1,8.1,2.4,29,28.0,63
保田沖,2026-09-05,03,1.1,8.7,3.1,58,27.9,63
保田沖,2026-09-05,06,1.0,8.8,1.9,46,27.9,61
保田沖,2026-09-05,09,0.9,8.3,2.6,28,27.8,53
保田沖,2026-09-05,12,0.9,8.1,3.9,22,27.8,55
保田沖,2026-09-05,15,0.9,7.8,3.1,19,27.9,3
保田沖,2026-09-05,18,0.8,7.0,3.5,67,27.9,3
保田沖,2026-09-05,21,0.9,6.8,4.0,38,27.9,3
大沢沖前後,2026-09-05,00,1.3,8.6,3.9,38,28.7,63
大沢沖前後,2026-09-05,03,1.4,8.2,4.5,46,28.7,63
大沢沖前後,2026-09-05,06,1.4,8.2,3.6,58,28.6,61
大沢沖前後,2026-09-05,09,1.3,7.9,3.4,60,28.5,61
大沢沖前後,2026-09-05,12,1.3,7.8,4.4,31,28.5,53
大沢沖前後,2026-09-05,15,1.4,7.6,3.9,38,28.6,3
大沢沖前後,2026-09-05,18,1.3,7.0,5.0,48,28.5,3
大沢沖前後,2026-09-05,21,1.4,6.9,5.0,38,28.5,3
勝浦沖航程1時間30分,2026-09-05,00,1.4,8.6,4.7,35,29.0,63
勝浦沖航程1時間30分,2026-09-05,03,1.6,8.0,4.8,42,29.1,63
勝浦沖航程1時間30分,2026-09-05,06,1.6,8.0,3.9,63,29.1,63
勝浦沖航程1時間30分,2026-09-05,09,1.5,7.9,3.6,52,29.0,61
勝浦沖航程1時間30分,2026-09-05,12,1.5,7.7,4.5,24,29.1,55
勝浦沖航程1時間30分,2026-09-05,15,1.6,7.3,4.3,36,29.1,3
勝浦沖航程1時間30分,2026-09-05,18,1.5,6.9,5.0,46,29.0,3
勝浦沖航程1時間30分,2026-09-05,21,1.6,6.8,5.1,38,28.8,3
由比沖,2026-09-05,00,0.8,9.2,0.6,265,27.6,61
由比沖,2026-09-05,03,0.9,9.8,0.8,33,27.5,61
由比沖,2026-09-05,06,0.9,9.5,0.8,243,27.5,61
由比沖,2026-09-05,09,0.7,8.3,0.9,173,27.5,3
由比沖,2026-09-05,12,0.6,8.3,2.1,164,27.6,3
由比沖,2026-09-05,15,0.7,8.6,1.3,178,27.6,3
由比沖,2026-09-05,18,0.5,7.8,0.5,207,27.6,3
由比沖,2026-09-05,21,0.6,7.7,1.0,87,27.5,3
由比港周辺,2026-09-05,00,0.8,9.2,0.6,265,27.6,61
由比港周辺,2026-09-05,03,0.9,9.8,0.8,33,27.5,61
由比港周辺,2026-09-05,06,0.9,9.5,0.8,243,27.5,61
由比港周辺,2026-09-05,09,0.7,8.3,0.9,173,27.5,3
由比港周辺,2026-09-05,12,0.6,8.3,2.1,164,27.6,3
由比港周辺,2026-09-05,15,0.7,8.6,1.3,178,27.6,3
由比港周辺,2026-09-05,18,0.5,7.8,0.5,207,27.6,3
由比港周辺,2026-09-05,21,0.6,7.7,1.0,87,27.5,3
岩船沖,2026-09-05,00,1.2,8.4,2.5,45,28.0,61
岩船沖,2026-09-05,03,1.2,8.5,3.4,56,27.9,63
岩船沖,2026-09-05,06,1.3,8.3,2.9,57,27.8,61
岩船沖,2026-09-05,09,1.1,7.7,2.9,57,27.8,55
岩船沖,2026-09-05,12,1.2,7.8,3.6,33,27.8,61
岩船沖,2026-09-05,15,1.2,7.7,3.0,38,27.9,3
岩船沖,2026-09-05,18,1.1,7.0,3.9,58,27.9,3
岩船沖,2026-09-05,21,1.3,6.8,4.2,40,27.8,3
小湊沖,2026-09-05,00,1.1,8.4,3.9,38,28.2,63
小湊沖,2026-09-05,03,1.2,8.2,4.5,46,28.2,63
小湊沖,2026-09-05,06,1.2,8.2,3.6,58,28.2,61
小湊沖,2026-09-05,09,1.2,8.2,3.4,60,28.2,61
小湊沖,2026-09-05,12,1.1,7.8,4.4,31,28.2,53
小湊沖,2026-09-05,15,1.1,7.5,3.9,38,28.2,3
小湊沖,2026-09-05,18,1.1,7.0,5.0,48,28.2,3
小湊沖,2026-09-05,21,1.1,7.0,5.0,38,28.1,3
太海沖,2026-09-05,00,0.9,8.4,2.4,29,27.5,63
太海沖,2026-09-05,03,0.9,9.1,3.1,58,27.3,63
太海沖,2026-09-05,06,0.9,9.2,1.9,46,27.2,61
太海沖,2026-09-05,09,0.9,9.1,2.6,28,27.2,53
太海沖,2026-09-05,12,0.7,8.3,3.9,22,27.3,55
太海沖,2026-09-05,15,0.7,8.2,3.1,19,27.3,3
太海沖,2026-09-05,18,0.6,7.4,3.5,67,27.2,3
太海沖,2026-09-05,21,0.7,7.2,4.0,38,27.1,3
鴨川沖前後,2026-09-05,00,1.0,8.2,3.9,38,27.6,63
鴨川沖前後,2026-09-05,03,1.0,8.1,4.5,46,27.5,63
鴨川沖前後,2026-09-05,06,1.0,7.9,3.6,58,27.5,61
鴨川沖前後,2026-09-05,09,1.1,8.0,3.4,60,27.5,61
鴨川沖前後,2026-09-05,12,1.0,7.5,4.4,31,27.5,53
鴨川沖前後,2026-09-05,15,1.0,7.3,3.9,38,27.6,3
鴨川沖前後,2026-09-05,18,0.9,6.8,5.0,48,27.6,3
鴨川沖前後,2026-09-05,21,1.0,6.8,5.0,38,27.6,3
岩和田沖,2026-09-05,00,1.3,8.6,4.7,35,28.6,63
岩和田沖,2026-09-05,03,1.4,8.2,4.8,42,28.5,63
岩和田沖,2026-09-05,06,1.5,8.2,3.9,63,28.3,63
岩和田沖,2026-09-05,09,1.5,8.3,3.6,52,28.2,61
岩和田沖,2026-09-05,12,1.4,7.8,4.5,24,28.2,55
岩和田沖,2026-09-05,15,1.4,7.5,4.3,36,28.2,3
岩和田沖,2026-09-05,18,1.3,7.0,5.0,46,28.3,3
岩和田沖,2026-09-05,21,1.4,7.0,5.1,38,28.3,3
城ヶ島西沖,2026-09-05,00,1.0,8.0,6.1,17,28.0,63
城ヶ島西沖,2026-09-05,03,1.0,8.4,6.9,45,28.0,63
城ヶ島西沖,2026-09-05,06,1.0,8.4,4.3,51,28.0,63
城ヶ島西沖,2026-09-05,09,1.0,8.5,5.8,27,28.0,3
城ヶ島西沖,2026-09-05,12,0.8,7.7,6.8,30,27.9,53
城ヶ島西沖,2026-09-05,15,0.8,7.7,6.2,46,27.8,3
城ヶ島西沖,2026-09-05,18,0.8,6.9,6.0,54,27.8,3
城ヶ島西沖,2026-09-05,21,0.8,6.3,7.9,41,27.7,3
城ヶ島沖,2026-09-05,00,1.0,8.1,6.5,17,28.0,63
城ヶ島沖,2026-09-05,03,1.0,8.6,6.5,44,27.9,63
城ヶ島沖,2026-09-05,06,1.0,8.7,4.0,42,27.8,63
城ヶ島沖,2026-09-05,09,1.0,8.7,6.2,24,27.7,51
城ヶ島沖,2026-09-05,12,0.8,7.9,7.8,25,27.7,53
城ヶ島沖,2026-09-05,15,0.8,7.8,6.5,31,27.6,3
城ヶ島沖,2026-09-05,18,0.7,7.0,6.3,53,27.6,3
城ヶ島沖,2026-09-05,21,0.8,6.5,8.2,37,27.6,3
大貫沖～富浦沖,2026-09-05,00,0.9,8.4,2.4,29,27.7,63
大貫沖～富浦沖,2026-09-05,03,0.9,9.1,3.1,58,27.6,63
大貫沖～富浦沖,2026-09-05,06,0.9,9.2,1.9,46,27.5,61
大貫沖～富浦沖,2026-09-05,09,0.9,9.1,2.6,28,27.5,53
大貫沖～富浦沖,2026-09-05,12,0.7,8.3,3.9,22,27.6,55
大貫沖～富浦沖,2026-09-05,15,0.7,8.2,3.1,19,27.6,3
大貫沖～富浦沖,2026-09-05,18,0.6,7.4,3.5,67,27.6,3
大貫沖～富浦沖,2026-09-05,21,0.7,7.2,4.0,38,27.5,3
御宿沖,2026-09-05,00,1.3,8.6,4.7,35,28.6,63
御宿沖,2026-09-05,03,1.4,8.2,4.8,42,28.5,63
御宿沖,2026-09-05,06,1.5,8.2,3.9,63,28.3,63
御宿沖,2026-09-05,09,1.5,8.3,3.6,52,28.2,61
御宿沖,2026-09-05,12,1.4,7.8,4.5,24,28.2,55
御宿沖,2026-09-05,15,1.4,7.5,4.3,36,28.2,3
御宿沖,2026-09-05,18,1.3,7.0,5.0,46,28.3,3
御宿沖,2026-09-05,21,1.4,7.0,5.1,38,28.3,3
興津港沖,2026-09-05,00,1.3,8.6,4.7,35,28.6,63
興津港沖,2026-09-05,03,1.4,8.2,4.8,42,28.5,63
興津港沖,2026-09-05,06,1.5,8.2,3.9,63,28.3,63
興津港沖,2026-09-05,09,1.5,8.3,3.6,52,28.2,61
興津港沖,2026-09-05,12,1.4,7.8,4.5,24,28.2,55
興津港沖,2026-09-05,15,1.4,7.5,4.3,36,28.2,3
興津港沖,2026-09-05,18,1.3,7.0,5.0,46,28.3,3
興津港沖,2026-09-05,21,1.4,7.0,5.1,38,28.3,3
烏帽子沖,2026-09-05,00,1.0,8.1,6.5,17,28.0,63
烏帽子沖,2026-09-05,03,1.0,8.6,6.5,44,27.9,63
烏帽子沖,2026-09-05,06,1.0,8.7,4.0,42,27.8,63
烏帽子沖,2026-09-05,09,1.0,8.7,6.2,24,27.7,51
烏帽子沖,2026-09-05,12,0.8,7.9,7.8,25,27.7,53
烏帽子沖,2026-09-05,15,0.8,7.8,6.5,31,27.6,3
烏帽子沖,2026-09-05,18,0.7,7.0,6.3,53,27.6,3
烏帽子沖,2026-09-05,21,0.8,6.5,8.2,37,27.6,3
諸磯沖,2026-09-05,00,1.0,8.1,6.5,17,28.0,63
諸磯沖,2026-09-05,03,1.0,8.6,6.5,44,27.9,63
諸磯沖,2026-09-05,06,1.0,8.7,4.0,42,27.8,63
諸磯沖,2026-09-05,09,1.0,8.7,6.2,24,27.7,51
諸磯沖,2026-09-05,12,0.8,7.9,7.8,25,27.7,53
諸磯沖,2026-09-05,15,0.8,7.8,6.5,31,27.6,3
諸磯沖,2026-09-05,18,0.7,7.0,6.3,53,27.6,3
諸磯沖,2026-09-05,21,0.8,6.5,8.2,37,27.6,3
剣崎沖,2026-09-05,00,1.0,8.1,6.5,17,28.0,63
剣崎沖,2026-09-05,03,1.0,8.6,6.5,44,27.9,63
剣崎沖,2026-09-05,06,1.0,8.7,4.0,42,27.8,63
剣崎沖,2026-09-05,09,1.0,8.7,6.2,24,27.7,51
剣崎沖,2026-09-05,12,0.8,7.9,7.8,25,27.7,53
剣崎沖,2026-09-05,15,0.8,7.8,6.5,31,27.6,3
剣崎沖,2026-09-05,18,0.7,7.0,6.3,53,27.6,3
剣崎沖,2026-09-05,21,0.8,6.5,8.2,37,27.6,3
勝浦灯台沖航程20分,2026-09-05,00,1.2,8.6,4.7,35,28.3,63
勝浦灯台沖航程20分,2026-09-05,03,1.3,8.3,4.8,42,28.3,63
勝浦灯台沖航程20分,2026-09-05,06,1.3,8.2,3.9,63,28.2,63
勝浦灯台沖航程20分,2026-09-05,09,1.4,8.3,3.6,52,28.2,61
勝浦灯台沖航程20分,2026-09-05,12,1.3,7.8,4.5,24,28.3,55
勝浦灯台沖航程20分,2026-09-05,15,1.3,7.6,4.3,36,28.4,3
勝浦灯台沖航程20分,2026-09-05,18,1.2,7.1,5.0,46,28.4,3
勝浦灯台沖航程20分,2026-09-05,21,1.3,7.0,5.1,38,28.3,3
勝浦沖航程30分,2026-09-05,00,1.3,8.6,4.7,35,28.6,63
勝浦沖航程30分,2026-09-05,03,1.4,8.2,4.8,42,28.5,63
勝浦沖航程30分,2026-09-05,06,1.5,8.2,3.9,63,28.3,63
勝浦沖航程30分,2026-09-05,09,1.5,8.3,3.6,52,28.2,61
勝浦沖航程30分,2026-09-05,12,1.4,7.8,4.5,24,28.2,55
勝浦沖航程30分,2026-09-05,15,1.4,7.5,4.3,36,28.2,3
勝浦沖航程30分,2026-09-05,18,1.3,7.0,5.0,46,28.3,3
勝浦沖航程30分,2026-09-05,21,1.4,7.0,5.1,38,28.3,3
田子の浦沖,2026-09-05,00,0.8,9.2,0.6,265,27.6,61
田子の浦沖,2026-09-05,03,0.9,9.8,0.8,33,27.5,61
田子の浦沖,2026-09-05,06,0.9,9.5,0.8,243,27.5,61
田子の浦沖,2026-09-05,09,0.7,8.3,0.9,173,27.5,3
田子の浦沖,2026-09-05,12,0.6,8.3,2.1,164,27.6,3
田子の浦沖,2026-09-05,15,0.7,8.6,1.3,178,27.6,3
田子の浦沖,2026-09-05,18,0.5,7.8,0.5,207,27.6,3
田子の浦沖,2026-09-05,21,0.6,7.7,1.0,87,27.5,3
富士川沖,2026-09-05,00,0.8,9.2,0.6,265,27.4,61
富士川沖,2026-09-05,03,0.9,9.8,0.8,33,27.2,61
富士川沖,2026-09-05,06,0.9,9.5,0.8,243,27.2,61
富士川沖,2026-09-05,09,0.7,8.3,0.9,173,27.2,3
富士川沖,2026-09-05,12,0.6,8.3,2.1,164,27.4,3
富士川沖,2026-09-05,15,0.7,8.6,1.3,178,27.5,3
富士川沖,2026-09-05,18,0.5,7.8,0.5,207,27.5,3
富士川沖,2026-09-05,21,0.6,7.7,1.0,87,27.4,3
かんねこ,2026-09-05,00,0.9,8.4,2.4,29,27.5,63
かんねこ,2026-09-05,03,0.9,9.1,3.1,58,27.3,63
かんねこ,2026-09-05,06,0.9,9.2,1.9,46,27.2,61
かんねこ,2026-09-05,09,0.9,9.1,2.6,28,27.2,53
かんねこ,2026-09-05,12,0.7,8.3,3.9,22,27.2,55
かんねこ,2026-09-05,15,0.7,8.2,3.1,19,27.2,3
かんねこ,2026-09-05,18,0.6,7.4,3.5,67,27.1,3
かんねこ,2026-09-05,21,0.7,7.2,4.0,38,27.0,3
海中公園沖,2026-09-05,00,1.3,8.6,4.7,35,28.6,63
海中公園沖,2026-09-05,03,1.4,8.2,4.8,42,28.5,63
海中公園沖,2026-09-05,06,1.5,8.2,3.9,63,28.3,63
海中公園沖,2026-09-05,09,1.5,8.3,3.6,52,28.2,61
海中公園沖,2026-09-05,12,1.4,7.8,4.5,24,28.2,55
海中公園沖,2026-09-05,15,1.4,7.5,4.3,36,28.2,3
海中公園沖,2026-09-05,18,1.3,7.0,5.0,46,28.3,3
海中公園沖,2026-09-05,21,1.4,7.0,5.1,38,28.3,3
真鶴西沖,2026-09-05,00,0.8,7.7,2.2,357,26.9,51
真鶴西沖,2026-09-05,03,0.8,7.9,2.6,37,26.8,63
真鶴西沖,2026-09-05,06,0.8,7.8,2.3,25,26.7,63
真鶴西沖,2026-09-05,09,0.8,7.6,2.9,42,26.7,51
真鶴西沖,2026-09-05,12,0.7,6.8,2.9,60,26.7,3
真鶴西沖,2026-09-05,15,0.8,6.8,3.9,63,26.8,3
真鶴西沖,2026-09-05,18,0.7,6.1,3.4,68,26.8,3
真鶴西沖,2026-09-05,21,0.8,5.7,4.4,36,26.7,3
真鶴沖,2026-09-05,00,0.8,7.7,2.2,357,26.9,51
真鶴沖,2026-09-05,03,0.8,7.9,2.6,37,26.8,63
真鶴沖,2026-09-05,06,0.8,7.8,2.3,25,26.7,63
真鶴沖,2026-09-05,09,0.8,7.6,2.9,42,26.7,51
真鶴沖,2026-09-05,12,0.7,6.8,2.9,60,26.7,3
真鶴沖,2026-09-05,15,0.8,6.8,3.9,63,26.8,3
真鶴沖,2026-09-05,18,0.7,6.1,3.4,68,26.8,3
真鶴沖,2026-09-05,21,0.8,5.7,4.4,36,26.7,3
勝浦灯台沖,2026-09-05,00,1.2,8.6,4.7,35,28.3,63
勝浦灯台沖,2026-09-05,03,1.3,8.3,4.8,42,28.3,63
勝浦灯台沖,2026-09-05,06,1.3,8.2,3.9,63,28.2,63
勝浦灯台沖,2026-09-05,09,1.4,8.3,3.6,52,28.2,61
勝浦灯台沖,2026-09-05,12,1.3,7.8,4.5,24,28.3,55
勝浦灯台沖,2026-09-05,15,1.3,7.6,4.3,36,28.4,3
勝浦灯台沖,2026-09-05,18,1.2,7.1,5.0,46,28.4,3
勝浦灯台沖,2026-09-05,21,1.3,7.0,5.1,38,28.3,3
勝浦沖,2026-09-05,00,1.2,8.6,4.7,35,28.3,63
勝浦沖,2026-09-05,03,1.3,8.3,4.8,42,28.3,63
勝浦沖,2026-09-05,06,1.3,8.2,3.9,63,28.2,63
勝浦沖,2026-09-05,09,1.4,8.3,3.6,52,28.2,61
勝浦沖,2026-09-05,12,1.3,7.8,4.5,24,28.3,55
勝浦沖,2026-09-05,15,1.3,7.6,4.3,36,28.4,3
勝浦沖,2026-09-05,18,1.2,7.1,5.0,46,28.4,3
勝浦沖,2026-09-05,21,1.3,7.0,5.1,38,28.3,3
富士山根,2026-09-05,00,0.9,8.4,3.5,11,27.8,63
富士山根,2026-09-05,03,0.9,8.8,4.4,40,27.7,63
富士山根,2026-09-05,06,0.9,8.8,3.6,41,27.6,63
富士山根,2026-09-05,09,0.8,8.7,4.6,28,27.5,51
富士山根,2026-09-05,12,0.7,8.0,4.5,27,27.4,51
富士山根,2026-09-05,15,0.7,8.0,3.5,40,27.3,3
富士山根,2026-09-05,18,0.7,7.3,3.1,53,27.2,3
富士山根,2026-09-05,21,0.7,7.0,5.2,37,27.1,3
川津沖,2026-09-05,00,1.2,8.1,4.9,40,28.6,61
川津沖,2026-09-05,03,1.2,7.7,4.7,45,28.5,63
川津沖,2026-09-05,06,1.3,7.7,4.0,69,28.3,61
川津沖,2026-09-05,09,1.3,7.8,3.4,53,28.2,53
川津沖,2026-09-05,12,1.2,7.5,4.4,21,28.2,53
川津沖,2026-09-05,15,1.2,7.2,4.2,39,28.2,3
川津沖,2026-09-05,18,1.2,6.8,5.0,46,28.3,3
川津沖,2026-09-05,21,1.2,6.7,5.2,40,28.3,3
下浦沖,2026-09-05,00,0.8,8.2,3.5,11,27.2,63
下浦沖,2026-09-05,03,0.8,8.8,4.4,40,27.2,63
下浦沖,2026-09-05,06,0.8,8.8,3.6,41,27.1,63
下浦沖,2026-09-05,09,0.7,8.6,4.6,28,27.1,51
下浦沖,2026-09-05,12,0.6,7.9,4.5,27,27.2,51
下浦沖,2026-09-05,15,0.6,8.0,3.5,40,27.2,3
下浦沖,2026-09-05,18,0.6,7.3,3.1,53,27.2,3
下浦沖,2026-09-05,21,0.6,6.8,5.2,37,27.2,3
興津沖,2026-09-05,00,1.2,8.1,4.9,40,28.6,61
興津沖,2026-09-05,03,1.2,7.7,4.7,45,28.5,63
興津沖,2026-09-05,06,1.3,7.7,4.0,69,28.3,61
興津沖,2026-09-05,09,1.3,7.8,3.4,53,28.2,53
興津沖,2026-09-05,12,1.2,7.5,4.4,21,28.2,53
興津沖,2026-09-05,15,1.2,7.2,4.2,39,28.2,3
興津沖,2026-09-05,18,1.2,6.8,5.0,46,28.3,3
興津沖,2026-09-05,21,1.2,6.7,5.2,40,28.3,3
長井西沖,2026-09-05,00,0.9,8.4,3.5,11,27.8,63
長井西沖,2026-09-05,03,0.9,8.8,4.4,40,27.7,63
長井西沖,2026-09-05,06,0.9,8.8,3.6,41,27.6,63
長井西沖,2026-09-05,09,0.8,8.7,4.6,28,27.5,51
長井西沖,2026-09-05,12,0.7,8.0,4.5,27,27.4,51
長井西沖,2026-09-05,15,0.7,8.0,3.5,40,27.3,3
長井西沖,2026-09-05,18,0.7,7.3,3.1,53,27.2,3
長井西沖,2026-09-05,21,0.7,7.0,5.2,37,27.1,3
長井沖,2026-09-05,00,0.8,8.2,3.5,11,27.3,63
長井沖,2026-09-05,03,0.8,8.7,4.4,40,27.2,63
長井沖,2026-09-05,06,0.8,8.7,3.6,41,27.1,63
長井沖,2026-09-05,09,0.8,8.6,4.6,28,27.0,51
長井沖,2026-09-05,12,0.7,7.8,4.5,27,27.0,51
長井沖,2026-09-05,15,0.7,7.8,3.5,40,27.0,3
長井沖,2026-09-05,18,0.6,7.1,3.1,53,27.0,3
長井沖,2026-09-05,21,0.6,6.7,5.2,37,27.0,3
三戸浜沖,2026-09-05,00,0.8,8.2,3.5,11,27.3,63
三戸浜沖,2026-09-05,03,0.8,8.7,4.4,40,27.2,63
三戸浜沖,2026-09-05,06,0.8,8.7,3.6,41,27.1,63
三戸浜沖,2026-09-05,09,0.8,8.6,4.6,28,27.0,51
三戸浜沖,2026-09-05,12,0.7,7.8,4.5,27,27.0,51
三戸浜沖,2026-09-05,15,0.7,7.8,3.5,40,27.0,3
三戸浜沖,2026-09-05,18,0.6,7.1,3.1,53,27.0,3
三戸浜沖,2026-09-05,21,0.6,6.7,5.2,37,27.0,3
金谷沖,2026-09-05,00,0.7,8.3,3.5,11,27.5,63
金谷沖,2026-09-05,03,0.7,9.0,4.4,40,27.4,63
金谷沖,2026-09-05,06,0.7,9.1,3.6,41,27.4,63
金谷沖,2026-09-05,09,0.7,8.8,4.6,28,27.4,51
金谷沖,2026-09-05,12,0.6,8.1,4.5,27,27.4,51
金谷沖,2026-09-05,15,0.6,8.2,3.5,40,27.4,3
金谷沖,2026-09-05,18,0.5,7.7,3.1,53,27.3,3
金谷沖,2026-09-05,21,0.5,7.0,5.2,37,27.3,3
佐島沖,2026-09-05,00,0.8,8.2,3.5,11,27.3,63
佐島沖,2026-09-05,03,0.8,8.7,4.4,40,27.2,63
佐島沖,2026-09-05,06,0.8,8.7,3.6,41,27.1,63
佐島沖,2026-09-05,09,0.8,8.6,4.6,28,27.0,51
佐島沖,2026-09-05,12,0.7,7.8,4.5,27,27.0,51
佐島沖,2026-09-05,15,0.7,7.8,3.5,40,27.0,3
佐島沖,2026-09-05,18,0.6,7.1,3.1,53,27.0,3
佐島沖,2026-09-05,21,0.6,6.7,5.2,37,27.0,3
小田原南沖,2026-09-05,00,0.7,8.2,2.2,357,26.9,51
小田原南沖,2026-09-05,03,0.7,8.4,2.6,37,26.7,63
小田原南沖,2026-09-05,06,0.7,8.2,2.3,25,26.7,63
小田原南沖,2026-09-05,09,0.7,8.1,2.9,42,26.7,51
小田原南沖,2026-09-05,12,0.6,7.4,2.9,60,26.7,3
小田原南沖,2026-09-05,15,0.6,7.4,3.9,63,26.8,3
小田原南沖,2026-09-05,18,0.6,6.8,3.4,68,26.8,3
小田原南沖,2026-09-05,21,0.6,6.4,4.4,36,26.7,3
瀬の海,2026-09-05,00,0.8,8.3,3.0,8,27.0,53
瀬の海,2026-09-05,03,0.8,8.6,2.4,16,26.9,63
瀬の海,2026-09-05,06,0.8,8.5,2.3,360,26.9,61
瀬の海,2026-09-05,09,0.8,8.3,3.4,24,26.9,51
瀬の海,2026-09-05,12,0.7,7.6,3.4,49,27.1,51
瀬の海,2026-09-05,15,0.7,7.7,3.8,47,27.2,2
瀬の海,2026-09-05,18,0.7,7.1,2.8,57,27.3,3
瀬の海,2026-09-05,21,0.7,6.6,3.9,18,27.3,3
秋谷沖,2026-09-05,00,0.9,8.4,3.5,11,27.8,63
秋谷沖,2026-09-05,03,0.9,8.8,4.4,40,27.7,63
秋谷沖,2026-09-05,06,0.9,8.8,3.6,41,27.6,63
秋谷沖,2026-09-05,09,0.8,8.7,4.6,28,27.5,51
秋谷沖,2026-09-05,12,0.7,8.0,4.5,27,27.4,51
秋谷沖,2026-09-05,15,0.7,8.0,3.5,40,27.3,3
秋谷沖,2026-09-05,18,0.7,7.3,3.1,53,27.2,3
秋谷沖,2026-09-05,21,0.7,7.0,5.2,37,27.1,3
竹岡沖,2026-09-05,00,0.7,8.3,2.0,11,27.5,63
竹岡沖,2026-09-05,03,0.7,9.0,3.8,42,27.4,63
竹岡沖,2026-09-05,06,0.7,9.1,3.4,44,27.4,63
竹岡沖,2026-09-05,09,0.7,8.8,4.5,28,27.4,51
竹岡沖,2026-09-05,12,0.6,8.1,4.3,26,27.4,51
竹岡沖,2026-09-05,15,0.6,8.2,3.0,29,27.4,3
竹岡沖,2026-09-05,18,0.5,7.7,3.8,63,27.3,3
竹岡沖,2026-09-05,21,0.5,7.0,4.8,38,27.3,3
部原沖,2026-09-05,00,1.2,8.6,4.7,35,28.3,63
部原沖,2026-09-05,03,1.3,8.3,4.8,42,28.3,63
部原沖,2026-09-05,06,1.3,8.2,3.9,63,28.2,63
部原沖,2026-09-05,09,1.4,8.3,3.6,52,28.2,61
部原沖,2026-09-05,12,1.3,7.8,4.5,24,28.3,55
部原沖,2026-09-05,15,1.3,7.6,4.3,36,28.4,3
部原沖,2026-09-05,18,1.2,7.1,5.0,46,28.4,3
部原沖,2026-09-05,21,1.3,7.0,5.1,38,28.3,3
小田原西沖,2026-09-05,00,0.7,8.2,2.2,357,26.9,51
小田原西沖,2026-09-05,03,0.7,8.4,2.6,37,26.7,63
小田原西沖,2026-09-05,06,0.7,8.2,2.3,25,26.7,63
小田原西沖,2026-09-05,09,0.7,8.1,2.9,42,26.7,51
小田原西沖,2026-09-05,12,0.6,7.4,2.9,60,26.7,3
小田原西沖,2026-09-05,15,0.6,7.4,3.9,63,26.8,3
小田原西沖,2026-09-05,18,0.6,6.8,3.4,68,26.8,3
小田原西沖,2026-09-05,21,0.6,6.4,4.4,36,26.7,3
小田原沖,2026-09-05,00,0.7,8.2,2.2,357,26.9,51
小田原沖,2026-09-05,03,0.7,8.4,2.6,37,26.7,63
小田原沖,2026-09-05,06,0.7,8.2,2.3,25,26.7,63
小田原沖,2026-09-05,09,0.7,8.1,2.9,42,26.7,51
小田原沖,2026-09-05,12,0.6,7.4,2.9,60,26.7,3
小田原沖,2026-09-05,15,0.6,7.4,3.9,63,26.8,3
小田原沖,2026-09-05,18,0.6,6.8,3.4,68,26.8,3
小田原沖,2026-09-05,21,0.6,6.4,4.4,36,26.7,3
小田原東沖,2026-09-05,00,0.7,8.2,2.2,357,26.9,51
小田原東沖,2026-09-05,03,0.7,8.4,2.6,37,26.7,63
小田原東沖,2026-09-05,06,0.7,8.2,2.3,25,26.7,63
小田原東沖,2026-09-05,09,0.7,8.1,2.9,42,26.7,51
小田原東沖,2026-09-05,12,0.6,7.4,2.9,60,26.7,3
小田原東沖,2026-09-05,15,0.6,7.4,3.9,63,26.8,3
小田原東沖,2026-09-05,18,0.6,6.8,3.4,68,26.8,3
小田原東沖,2026-09-05,21,0.6,6.4,4.4,36,26.7,3
久里浜沖,2026-09-05,00,0.8,8.2,3.5,11,27.2,63
久里浜沖,2026-09-05,03,0.8,8.8,4.4,40,27.2,63
久里浜沖,2026-09-05,06,0.8,8.8,3.6,41,27.1,63
久里浜沖,2026-09-05,09,0.7,8.6,4.6,28,27.1,51
久里浜沖,2026-09-05,12,0.6,7.9,4.5,27,27.2,51
久里浜沖,2026-09-05,15,0.6,8.0,3.5,40,27.2,3
久里浜沖,2026-09-05,18,0.6,7.3,3.1,53,27.2,3
久里浜沖,2026-09-05,21,0.6,6.8,5.2,37,27.2,3
国府津沖,2026-09-05,00,0.7,8.2,0.9,13,26.9,53
国府津沖,2026-09-05,03,0.7,8.4,1.5,22,26.7,63
国府津沖,2026-09-05,06,0.7,8.2,1.2,12,26.7,61
国府津沖,2026-09-05,09,0.7,8.1,2.6,43,26.7,3
国府津沖,2026-09-05,12,0.6,7.4,3.1,77,26.7,3
国府津沖,2026-09-05,15,0.6,7.4,3.3,55,26.8,2
国府津沖,2026-09-05,18,0.6,6.8,2.5,80,26.8,3
国府津沖,2026-09-05,21,0.6,6.4,3.0,22,26.7,3
葉山南沖,2026-09-05,00,0.7,8.8,3.5,11,27.1,63
葉山南沖,2026-09-05,03,0.7,9.2,4.4,40,26.9,63
葉山南沖,2026-09-05,06,0.7,9.2,3.6,41,26.9,63
葉山南沖,2026-09-05,09,0.7,8.9,4.6,28,26.8,51
葉山南沖,2026-09-05,12,0.6,8.3,4.5,27,26.9,51
葉山南沖,2026-09-05,15,0.6,8.3,3.5,40,26.9,3
葉山南沖,2026-09-05,18,0.5,8.1,3.1,53,26.8,3
葉山南沖,2026-09-05,21,0.5,7.7,5.2,37,26.7,3
エボシ沖,2026-09-05,00,0.7,8.8,3.5,11,27.1,63
エボシ沖,2026-09-05,03,0.7,9.2,4.4,40,26.9,63
エボシ沖,2026-09-05,06,0.7,9.2,3.6,41,26.9,63
エボシ沖,2026-09-05,09,0.7,8.9,4.6,28,26.8,51
エボシ沖,2026-09-05,12,0.6,8.3,4.5,27,26.9,51
エボシ沖,2026-09-05,15,0.6,8.3,3.5,40,26.9,3
エボシ沖,2026-09-05,18,0.5,8.1,3.1,53,26.8,3
エボシ沖,2026-09-05,21,0.5,7.7,5.2,37,26.7,3
観音崎沖ｍ,2026-09-05,00,0.5,7.8,3.5,11,27.1,63
観音崎沖ｍ,2026-09-05,03,0.5,8.3,4.4,40,27.0,63
観音崎沖ｍ,2026-09-05,06,0.5,8.3,3.6,41,26.9,63
観音崎沖ｍ,2026-09-05,09,0.5,7.8,4.6,28,26.9,51
観音崎沖ｍ,2026-09-05,12,0.4,7.3,4.5,27,26.9,51
観音崎沖ｍ,2026-09-05,15,0.4,7.8,3.5,40,26.9,3
観音崎沖ｍ,2026-09-05,18,0.4,7.6,3.1,53,26.8,3
観音崎沖ｍ,2026-09-05,21,0.4,6.0,5.2,37,26.7,3
浦賀沖,2026-09-05,00,0.5,7.8,3.5,11,27.1,63
浦賀沖,2026-09-05,03,0.5,8.3,4.4,40,27.0,63
浦賀沖,2026-09-05,06,0.5,8.3,3.6,41,26.9,63
浦賀沖,2026-09-05,09,0.5,7.8,4.6,28,26.9,51
浦賀沖,2026-09-05,12,0.4,7.3,4.5,27,26.9,51
浦賀沖,2026-09-05,15,0.4,7.8,3.5,40,26.9,3
浦賀沖,2026-09-05,18,0.4,7.6,3.1,53,26.8,3
浦賀沖,2026-09-05,21,0.4,6.0,5.2,37,26.7,3
鎌倉沖,2026-09-05,00,0.7,8.8,3.0,11,27.1,61
鎌倉沖,2026-09-05,03,0.7,9.2,2.7,25,26.9,63
鎌倉沖,2026-09-05,06,0.7,9.2,2.2,18,26.9,61
鎌倉沖,2026-09-05,09,0.7,8.9,3.1,23,26.8,51
鎌倉沖,2026-09-05,12,0.6,8.3,2.8,39,26.9,51
鎌倉沖,2026-09-05,15,0.6,8.3,2.9,49,26.9,2
鎌倉沖,2026-09-05,18,0.5,8.1,1.7,57,26.8,3
鎌倉沖,2026-09-05,21,0.5,7.7,3.4,29,26.7,3
葉山沖,2026-09-05,00,0.7,8.8,2.5,10,27.1,61
葉山沖,2026-09-05,03,0.7,9.2,3.3,39,26.9,63
葉山沖,2026-09-05,06,0.7,9.2,2.9,47,26.9,61
葉山沖,2026-09-05,09,0.7,8.9,3.6,33,26.8,51
葉山沖,2026-09-05,12,0.6,8.3,3.0,36,26.9,3
葉山沖,2026-09-05,15,0.6,8.3,2.6,47,26.9,3
葉山沖,2026-09-05,18,0.5,8.1,2.0,65,26.8,3
葉山沖,2026-09-05,21,0.5,7.7,4.0,37,26.7,3
大貫沖,2026-09-05,00,0.5,7.8,2.0,11,27.2,63
大貫沖,2026-09-05,03,0.5,8.3,3.8,42,27.1,63
大貫沖,2026-09-05,06,0.5,8.3,3.4,44,27.0,63
大貫沖,2026-09-05,09,0.5,7.8,4.5,28,27.0,51
大貫沖,2026-09-05,12,0.4,7.4,4.3,26,27.0,51
大貫沖,2026-09-05,15,0.4,7.8,3.0,29,27.0,3
大貫沖,2026-09-05,18,0.4,7.8,3.8,63,27.0,3
大貫沖,2026-09-05,21,0.4,6.0,4.8,38,26.9,3
大原沖,2026-09-05,00,1.1,7.7,4.9,40,28.3,61
大原沖,2026-09-05,03,1.2,7.3,4.7,45,28.3,63
大原沖,2026-09-05,06,1.2,7.5,4.0,69,28.2,61
大原沖,2026-09-05,09,1.2,7.7,3.4,53,28.1,53
大原沖,2026-09-05,12,1.1,7.5,4.4,21,28.1,53
大原沖,2026-09-05,15,1.1,7.2,4.2,39,28.1,3
大原沖,2026-09-05,18,1.1,6.8,5.0,46,28.0,3
大原沖,2026-09-05,21,1.2,6.5,5.2,40,28.0,3
江の島沖,2026-09-05,00,0.7,8.7,3.0,11,27.0,61
江の島沖,2026-09-05,03,0.7,9.0,2.7,25,26.9,63
江の島沖,2026-09-05,06,0.7,9.0,2.2,18,26.9,61
江の島沖,2026-09-05,09,0.7,8.8,3.1,23,26.9,51
江の島沖,2026-09-05,12,0.6,8.2,2.8,39,26.9,51
江の島沖,2026-09-05,15,0.6,8.2,2.9,49,27.0,2
江の島沖,2026-09-05,18,0.6,8.1,1.7,57,26.9,3
江の島沖,2026-09-05,21,0.5,7.6,3.4,29,26.9,3
小坪沖,2026-09-05,00,0.7,8.8,2.5,10,27.1,61
小坪沖,2026-09-05,03,0.7,9.2,3.3,39,26.9,63
小坪沖,2026-09-05,06,0.7,9.2,2.9,47,26.9,61
小坪沖,2026-09-05,09,0.7,8.9,3.6,33,26.8,51
小坪沖,2026-09-05,12,0.6,8.3,3.0,36,26.9,3
小坪沖,2026-09-05,15,0.6,8.3,2.6,47,26.9,3
小坪沖,2026-09-05,18,0.5,8.1,2.0,65,26.8,3
小坪沖,2026-09-05,21,0.5,7.7,4.0,37,26.7,3
横須賀沖,2026-09-05,00,0.5,7.8,3.5,11,27.1,63
横須賀沖,2026-09-05,03,0.5,8.3,4.4,40,27.0,63
横須賀沖,2026-09-05,06,0.5,8.3,3.6,41,26.9,63
横須賀沖,2026-09-05,09,0.5,7.8,4.6,28,26.9,51
横須賀沖,2026-09-05,12,0.4,7.3,4.5,27,26.9,51
横須賀沖,2026-09-05,15,0.4,7.8,3.5,40,26.9,3
横須賀沖,2026-09-05,18,0.4,7.6,3.1,53,26.8,3
横須賀沖,2026-09-05,21,0.4,6.0,5.2,37,26.7,3
観音崎沖～横須賀沖,2026-09-05,00,0.5,7.8,3.5,11,27.1,63
観音崎沖～横須賀沖,2026-09-05,03,0.5,8.3,4.4,40,27.0,63
観音崎沖～横須賀沖,2026-09-05,06,0.5,8.3,3.6,41,26.9,63
観音崎沖～横須賀沖,2026-09-05,09,0.5,7.8,4.6,28,26.9,51
観音崎沖～横須賀沖,2026-09-05,12,0.4,7.3,4.5,27,26.9,51
観音崎沖～横須賀沖,2026-09-05,15,0.4,7.8,3.5,40,26.9,3
観音崎沖～横須賀沖,2026-09-05,18,0.4,7.6,3.1,53,26.8,3
観音崎沖～横須賀沖,2026-09-05,21,0.4,6.0,5.2,37,26.7,3
観音崎沖,2026-09-05,00,0.5,7.8,3.5,11,27.1,63
観音崎沖,2026-09-05,03,0.5,8.3,4.4,40,27.0,63
観音崎沖,2026-09-05,06,0.5,8.3,3.6,41,26.9,63
観音崎沖,2026-09-05,09,0.5,7.8,4.6,28,26.9,51
観音崎沖,2026-09-05,12,0.4,7.3,4.5,27,26.9,51
観音崎沖,2026-09-05,15,0.4,7.8,3.5,40,26.9,3
観音崎沖,2026-09-05,18,0.4,7.6,3.1,53,26.8,3
観音崎沖,2026-09-05,21,0.4,6.0,5.2,37,26.7,3
富津南沖,2026-09-05,00,0.5,7.8,2.0,11,27.2,63
富津南沖,2026-09-05,03,0.5,8.3,3.8,42,27.1,63
富津南沖,2026-09-05,06,0.5,8.3,3.4,44,27.0,63
富津南沖,2026-09-05,09,0.5,7.8,4.5,28,27.0,51
富津南沖,2026-09-05,12,0.4,7.4,4.3,26,27.0,51
富津南沖,2026-09-05,15,0.4,7.8,3.0,29,27.0,3
富津南沖,2026-09-05,18,0.4,7.8,3.8,63,27.0,3
富津南沖,2026-09-05,21,0.4,6.0,4.8,38,26.9,3
大貫沖～猿島沖,2026-09-05,00,0.5,7.8,3.5,11,27.1,63
大貫沖～猿島沖,2026-09-05,03,0.5,8.3,4.4,40,27.0,63
大貫沖～猿島沖,2026-09-05,06,0.5,8.3,3.6,41,26.9,63
大貫沖～猿島沖,2026-09-05,09,0.5,7.8,4.6,28,26.9,51
大貫沖～猿島沖,2026-09-05,12,0.4,7.3,4.5,27,26.9,51
大貫沖～猿島沖,2026-09-05,15,0.4,7.8,3.5,40,26.9,3
大貫沖～猿島沖,2026-09-05,18,0.4,7.6,3.1,53,26.8,3
大貫沖～猿島沖,2026-09-05,21,0.4,6.0,5.2,37,26.7,3
二宮沖,2026-09-05,00,0.6,8.4,0.9,13,26.8,53
二宮沖,2026-09-05,03,0.6,8.6,1.5,22,26.6,63
二宮沖,2026-09-05,06,0.6,8.5,1.2,12,26.6,61
二宮沖,2026-09-05,09,0.6,8.3,2.6,43,26.6,3
二宮沖,2026-09-05,12,0.5,7.8,3.1,77,26.7,3
二宮沖,2026-09-05,15,0.5,7.8,3.3,55,26.8,2
二宮沖,2026-09-05,18,0.5,7.7,2.5,80,26.8,3
二宮沖,2026-09-05,21,0.5,7.2,3.0,22,26.7,3
小坪西沖,2026-09-05,00,0.7,8.8,3.0,11,27.1,61
小坪西沖,2026-09-05,03,0.7,9.2,2.7,25,26.9,63
小坪西沖,2026-09-05,06,0.7,9.2,2.2,18,26.9,61
小坪西沖,2026-09-05,09,0.7,8.9,3.1,23,26.8,51
小坪西沖,2026-09-05,12,0.6,8.3,2.8,39,26.9,51
小坪西沖,2026-09-05,15,0.6,8.3,2.9,49,26.9,2
小坪西沖,2026-09-05,18,0.5,8.1,1.7,57,26.8,3
小坪西沖,2026-09-05,21,0.5,7.7,3.4,29,26.7,3
大津沖,2026-09-05,00,0.6,8.3,3.5,11,27.1,63
大津沖,2026-09-05,03,0.6,8.8,4.4,40,27.0,63
大津沖,2026-09-05,06,0.6,8.8,3.6,41,26.9,63
大津沖,2026-09-05,09,0.6,8.4,4.6,28,26.9,51
大津沖,2026-09-05,12,0.5,7.9,4.5,27,26.9,51
大津沖,2026-09-05,15,0.5,8.1,3.5,40,26.9,3
大津沖,2026-09-05,18,0.5,7.8,3.1,53,26.8,3
大津沖,2026-09-05,21,0.4,7.0,5.2,37,26.7,3
木更津沖～竹岡沖,2026-09-05,00,0.5,7.8,2.0,11,27.3,63
木更津沖～竹岡沖,2026-09-05,03,0.5,8.3,3.8,42,27.2,63
木更津沖～竹岡沖,2026-09-05,06,0.5,8.3,3.4,44,27.1,63
木更津沖～竹岡沖,2026-09-05,09,0.5,7.8,4.5,28,27.1,51
木更津沖～竹岡沖,2026-09-05,12,0.4,7.4,4.3,26,27.2,51
木更津沖～竹岡沖,2026-09-05,15,0.4,7.8,3.0,29,27.2,3
木更津沖～竹岡沖,2026-09-05,18,0.4,7.8,3.8,63,27.1,3
木更津沖～竹岡沖,2026-09-05,21,0.4,6.0,4.8,38,27.1,3
平塚西沖,2026-09-05,00,0.6,8.4,0.9,13,26.8,53
平塚西沖,2026-09-05,03,0.6,8.6,1.5,22,26.6,63
平塚西沖,2026-09-05,06,0.6,8.5,1.2,12,26.6,61
平塚西沖,2026-09-05,09,0.6,8.3,2.6,43,26.6,3
平塚西沖,2026-09-05,12,0.5,7.8,3.1,77,26.7,3
平塚西沖,2026-09-05,15,0.5,7.8,3.3,55,26.8,2
平塚西沖,2026-09-05,18,0.5,7.7,2.5,80,26.8,3
平塚西沖,2026-09-05,21,0.5,7.2,3.0,22,26.7,3
大磯沖,2026-09-05,00,0.6,8.4,3.0,8,26.8,53
大磯沖,2026-09-05,03,0.6,8.6,2.4,16,26.6,63
大磯沖,2026-09-05,06,0.6,8.5,2.3,360,26.6,61
大磯沖,2026-09-05,09,0.6,8.3,3.4,24,26.6,51
大磯沖,2026-09-05,12,0.5,7.8,3.4,49,26.7,51
大磯沖,2026-09-05,15,0.5,7.8,3.8,47,26.8,2
大磯沖,2026-09-05,18,0.5,7.7,2.8,57,26.8,3
大磯沖,2026-09-05,21,0.5,7.2,3.9,18,26.7,3
平塚東沖,2026-09-05,00,0.7,8.6,3.0,8,26.8,53
平塚東沖,2026-09-05,03,0.7,8.8,2.4,16,26.6,63
平塚東沖,2026-09-05,06,0.7,8.8,2.3,360,26.6,61
平塚東沖,2026-09-05,09,0.7,8.6,3.4,24,26.7,51
平塚東沖,2026-09-05,12,0.6,8.1,3.4,49,26.8,51
平塚東沖,2026-09-05,15,0.6,8.1,3.8,47,26.9,2
平塚東沖,2026-09-05,18,0.6,7.8,2.8,57,26.9,3
平塚東沖,2026-09-05,21,0.5,7.4,3.9,18,26.9,3
茅ヶ崎西沖,2026-09-05,00,0.7,8.6,3.0,8,26.8,53
茅ヶ崎西沖,2026-09-05,03,0.7,8.8,2.4,16,26.6,63
茅ヶ崎西沖,2026-09-05,06,0.7,8.8,2.3,360,26.6,61
茅ヶ崎西沖,2026-09-05,09,0.7,8.6,3.4,24,26.7,51
茅ヶ崎西沖,2026-09-05,12,0.6,8.1,3.4,49,26.8,51
茅ヶ崎西沖,2026-09-05,15,0.6,8.1,3.8,47,26.9,2
茅ヶ崎西沖,2026-09-05,18,0.6,7.8,2.8,57,26.9,3
茅ヶ崎西沖,2026-09-05,21,0.5,7.4,3.9,18,26.9,3
大磯東沖,2026-09-05,00,0.7,8.6,3.0,8,26.8,53
大磯東沖,2026-09-05,03,0.7,8.8,2.4,16,26.6,63
大磯東沖,2026-09-05,06,0.7,8.8,2.3,360,26.6,61
大磯東沖,2026-09-05,09,0.7,8.6,3.4,24,26.7,51
大磯東沖,2026-09-05,12,0.6,8.1,3.4,49,26.8,51
大磯東沖,2026-09-05,15,0.6,8.1,3.8,47,26.9,2
大磯東沖,2026-09-05,18,0.6,7.8,2.8,57,26.9,3
大磯東沖,2026-09-05,21,0.5,7.4,3.9,18,26.9,3
茅ヶ崎沖,2026-09-05,00,0.7,8.6,3.0,8,26.8,53
茅ヶ崎沖,2026-09-05,03,0.7,8.8,2.4,16,26.6,63
茅ヶ崎沖,2026-09-05,06,0.7,8.8,2.3,360,26.6,61
茅ヶ崎沖,2026-09-05,09,0.7,8.6,3.4,24,26.7,51
茅ヶ崎沖,2026-09-05,12,0.6,8.1,3.4,49,26.8,51
茅ヶ崎沖,2026-09-05,15,0.6,8.1,3.8,47,26.9,2
茅ヶ崎沖,2026-09-05,18,0.6,7.8,2.8,57,26.9,3
茅ヶ崎沖,2026-09-05,21,0.5,7.4,3.9,18,26.9,3
茅ヶ崎東沖,2026-09-05,00,0.7,8.7,3.0,11,27.0,61
茅ヶ崎東沖,2026-09-05,03,0.7,9.0,2.7,25,26.9,63
茅ヶ崎東沖,2026-09-05,06,0.7,9.0,2.2,18,26.9,61
茅ヶ崎東沖,2026-09-05,09,0.7,8.8,3.1,23,26.9,51
茅ヶ崎東沖,2026-09-05,12,0.6,8.2,2.8,39,26.9,51
茅ヶ崎東沖,2026-09-05,15,0.6,8.2,2.9,49,27.0,2
茅ヶ崎東沖,2026-09-05,18,0.6,8.1,1.7,57,26.9,3
茅ヶ崎東沖,2026-09-05,21,0.5,7.6,3.4,29,26.9,3
猿島沖,2026-09-05,00,0.5,7.8,3.5,11,27.1,63
猿島沖,2026-09-05,03,0.5,8.3,4.4,40,27.0,63
猿島沖,2026-09-05,06,0.5,8.3,3.6,41,26.9,63
猿島沖,2026-09-05,09,0.5,7.8,4.6,28,26.9,51
猿島沖,2026-09-05,12,0.4,7.3,4.5,27,26.9,51
猿島沖,2026-09-05,15,0.4,7.8,3.5,40,26.9,3
猿島沖,2026-09-05,18,0.4,7.6,3.1,53,26.8,3
猿島沖,2026-09-05,21,0.4,6.0,5.2,37,26.7,3
走水沖,2026-09-05,00,0.5,7.8,2.0,11,27.2,63
走水沖,2026-09-05,03,0.5,8.3,3.8,42,27.1,63
走水沖,2026-09-05,06,0.5,8.3,3.4,44,27.0,63
走水沖,2026-09-05,09,0.5,7.8,4.5,28,27.0,51
走水沖,2026-09-05,12,0.4,7.4,4.3,26,27.0,51
走水沖,2026-09-05,15,0.4,7.8,3.0,29,27.0,3
走水沖,2026-09-05,18,0.4,7.8,3.8,63,27.0,3
走水沖,2026-09-05,21,0.4,6.0,4.8,38,26.9,3
海堡沖～竹岡沖,2026-09-05,00,0.5,7.8,2.0,11,27.2,63
海堡沖～竹岡沖,2026-09-05,03,0.5,8.3,3.8,42,27.1,63
海堡沖～竹岡沖,2026-09-05,06,0.5,8.3,3.4,44,27.0,63
海堡沖～竹岡沖,2026-09-05,09,0.5,7.8,4.5,28,27.0,51
海堡沖～竹岡沖,2026-09-05,12,0.4,7.4,4.3,26,27.0,51
海堡沖～竹岡沖,2026-09-05,15,0.4,7.8,3.0,29,27.0,3
海堡沖～竹岡沖,2026-09-05,18,0.4,7.8,3.8,63,27.0,3
海堡沖～竹岡沖,2026-09-05,21,0.4,6.0,4.8,38,26.9,3
太東沖,2026-09-05,00,1.1,7.7,4.3,46,26.9,61
太東沖,2026-09-05,03,1.2,7.3,4.3,45,26.9,63
太東沖,2026-09-05,06,1.2,7.5,4.4,65,26.8,61
太東沖,2026-09-05,09,1.2,7.7,3.6,42,26.7,53
太東沖,2026-09-05,12,1.1,7.5,3.6,26,26.6,51
太東沖,2026-09-05,15,1.1,7.2,3.7,50,26.6,3
太東沖,2026-09-05,18,1.1,6.8,4.7,52,26.5,3
太東沖,2026-09-05,21,1.2,6.5,5.2,39,26.5,3
海堡沖,2026-09-05,00,0.5,7.8,2.0,11,27.2,63
海堡沖,2026-09-05,03,0.5,8.3,3.8,42,27.1,63
海堡沖,2026-09-05,06,0.5,8.3,3.4,44,27.0,63
海堡沖,2026-09-05,09,0.5,7.8,4.5,28,27.0,51
海堡沖,2026-09-05,12,0.4,7.4,4.3,26,27.0,51
海堡沖,2026-09-05,15,0.4,7.8,3.0,29,27.0,3
海堡沖,2026-09-05,18,0.4,7.8,3.8,63,27.0,3
海堡沖,2026-09-05,21,0.4,6.0,4.8,38,26.9,3
富津沖,2026-09-05,00,0.5,7.8,2.0,11,27.2,63
富津沖,2026-09-05,03,0.5,8.3,3.8,42,27.1,63
富津沖,2026-09-05,06,0.5,8.3,3.4,44,27.0,63
富津沖,2026-09-05,09,0.5,7.8,4.5,28,27.0,51
富津沖,2026-09-05,12,0.4,7.4,4.3,26,27.0,51
富津沖,2026-09-05,15,0.4,7.8,3.0,29,27.0,3
富津沖,2026-09-05,18,0.4,7.8,3.8,63,27.0,3
富津沖,2026-09-05,21,0.4,6.0,4.8,38,26.9,3
港前,2026-09-05,00,0.6,8.3,2.5,10,27.1,61
港前,2026-09-05,03,0.6,8.8,3.3,39,26.9,63
港前,2026-09-05,06,0.6,8.8,2.9,47,26.9,61
港前,2026-09-05,09,0.6,8.4,3.6,33,26.8,51
港前,2026-09-05,12,0.5,7.9,3.0,36,26.9,3
港前,2026-09-05,15,0.5,8.1,2.6,47,26.9,3
港前,2026-09-05,18,0.5,7.8,2.0,65,26.8,3
港前,2026-09-05,21,0.4,7.0,4.0,37,26.7,3
鴨居沖,2026-09-05,00,0.6,8.3,2.5,10,27.0,61
鴨居沖,2026-09-05,03,0.6,8.8,3.3,39,26.8,63
鴨居沖,2026-09-05,06,0.6,8.8,2.9,47,26.8,61
鴨居沖,2026-09-05,09,0.6,8.4,3.6,33,26.7,51
鴨居沖,2026-09-05,12,0.5,7.9,3.0,36,26.8,3
鴨居沖,2026-09-05,15,0.5,8.1,2.6,47,26.8,3
鴨居沖,2026-09-05,18,0.5,7.8,2.0,65,26.7,3
鴨居沖,2026-09-05,21,0.4,7.0,4.0,37,26.7,3
木更津沖～富津沖,2026-09-05,00,0.4,7.1,2.0,11,27.2,63
木更津沖～富津沖,2026-09-05,03,0.4,7.5,3.8,42,27.0,63
木更津沖～富津沖,2026-09-05,06,0.4,7.5,3.4,44,26.9,63
木更津沖～富津沖,2026-09-05,09,0.4,6.8,4.5,28,26.9,51
木更津沖～富津沖,2026-09-05,12,0.3,6.6,4.3,26,26.9,51
木更津沖～富津沖,2026-09-05,15,0.3,7.5,3.0,29,26.9,3
木更津沖～富津沖,2026-09-05,18,0.3,7.8,3.8,63,26.8,3
木更津沖～富津沖,2026-09-05,21,0.3,4.8,4.8,38,26.7,3
横浜沖～観音崎沖,2026-09-05,00,0.5,7.8,3.5,11,27.0,63
横浜沖～観音崎沖,2026-09-05,03,0.5,8.3,4.4,40,26.8,63
横浜沖～観音崎沖,2026-09-05,06,0.5,8.3,3.6,41,26.8,63
横浜沖～観音崎沖,2026-09-05,09,0.5,7.8,4.6,28,26.7,51
横浜沖～観音崎沖,2026-09-05,12,0.4,7.3,4.5,27,26.8,51
横浜沖～観音崎沖,2026-09-05,15,0.4,7.8,3.5,40,26.8,3
横浜沖～観音崎沖,2026-09-05,18,0.4,7.6,3.1,53,26.7,3
横浜沖～観音崎沖,2026-09-05,21,0.4,6.0,5.2,37,26.7,3
中ノ瀬周り,2026-09-05,00,0.5,7.8,3.5,11,27.0,63
中ノ瀬周り,2026-09-05,03,0.5,8.3,4.4,40,26.8,63
中ノ瀬周り,2026-09-05,06,0.5,8.3,3.6,41,26.8,63
中ノ瀬周り,2026-09-05,09,0.5,7.8,4.6,28,26.7,51
中ノ瀬周り,2026-09-05,12,0.4,7.3,4.5,27,26.8,51
中ノ瀬周り,2026-09-05,15,0.4,7.8,3.5,40,26.8,3
中ノ瀬周り,2026-09-05,18,0.4,7.6,3.1,53,26.7,3
中ノ瀬周り,2026-09-05,21,0.4,6.0,5.2,37,26.7,3
鴨井沖,2026-09-05,00,1.2,7.5,8.5,43,26.4,61
鴨井沖,2026-09-05,03,1.3,7.3,8.0,46,26.3,63
鴨井沖,2026-09-05,06,1.3,7.5,7.8,72,26.2,61
鴨井沖,2026-09-05,09,1.2,7.8,5.1,57,26.2,53
鴨井沖,2026-09-05,12,1.2,7.7,7.1,21,26.1,51
鴨井沖,2026-09-05,15,1.2,7.4,7.4,42,26.1,3
鴨井沖,2026-09-05,18,1.2,6.8,8.1,45,26.1,3
鴨井沖,2026-09-05,21,1.3,6.5,9.3,46,26.1,3
富津沖～海堡,2026-09-05,00,0.4,7.1,2.0,11,26.9,63
富津沖～海堡,2026-09-05,03,0.4,7.5,3.8,42,26.7,63
富津沖～海堡,2026-09-05,06,0.4,7.5,3.4,44,26.7,63
富津沖～海堡,2026-09-05,09,0.4,6.8,4.5,28,26.7,51
富津沖～海堡,2026-09-05,12,0.3,6.6,4.3,26,26.7,51
富津沖～海堡,2026-09-05,15,0.3,7.5,3.0,29,26.7,3
富津沖～海堡,2026-09-05,18,0.3,7.8,3.8,63,26.6,3
富津沖～海堡,2026-09-05,21,0.3,4.8,4.8,38,26.5,3
富岡沖,2026-09-05,00,0.6,8.3,2.5,10,27.0,61
富岡沖,2026-09-05,03,0.6,8.8,3.3,39,26.8,63
富岡沖,2026-09-05,06,0.6,8.8,2.9,47,26.8,61
富岡沖,2026-09-05,09,0.6,8.4,3.6,33,26.7,51
富岡沖,2026-09-05,12,0.5,7.9,3.0,36,26.8,3
富岡沖,2026-09-05,15,0.5,8.1,2.6,47,26.8,3
富岡沖,2026-09-05,18,0.5,7.8,2.0,65,26.7,3
富岡沖,2026-09-05,21,0.4,7.0,4.0,37,26.7,3
小柴沖,2026-09-05,00,0.6,8.3,2.5,10,27.0,61
小柴沖,2026-09-05,03,0.6,8.8,3.3,39,26.8,63
小柴沖,2026-09-05,06,0.6,8.8,2.9,47,26.8,61
小柴沖,2026-09-05,09,0.6,8.4,3.6,33,26.7,51
小柴沖,2026-09-05,12,0.5,7.9,3.0,36,26.8,3
小柴沖,2026-09-05,15,0.5,8.1,2.6,47,26.8,3
小柴沖,2026-09-05,18,0.5,7.8,2.0,65,26.7,3
小柴沖,2026-09-05,21,0.4,7.0,4.0,37,26.7,3
木更津沖～富岡沖,2026-09-05,00,0.4,7.1,2.0,11,27.0,63
木更津沖～富岡沖,2026-09-05,03,0.4,7.5,3.8,42,26.8,63
木更津沖～富岡沖,2026-09-05,06,0.4,7.5,3.4,44,26.8,63
木更津沖～富岡沖,2026-09-05,09,0.4,6.8,4.5,28,26.7,51
木更津沖～富岡沖,2026-09-05,12,0.3,6.6,4.3,26,26.8,51
木更津沖～富岡沖,2026-09-05,15,0.3,7.5,3.0,29,26.8,3
木更津沖～富岡沖,2026-09-05,18,0.3,7.8,3.8,63,26.7,3
木更津沖～富岡沖,2026-09-05,21,0.3,4.8,4.8,38,26.7,3
八景沖,2026-09-05,00,0.6,8.3,2.5,10,27.0,61
八景沖,2026-09-05,03,0.6,8.8,3.3,39,26.8,63
八景沖,2026-09-05,06,0.6,8.8,2.9,47,26.8,61
八景沖,2026-09-05,09,0.6,8.4,3.6,33,26.7,51
八景沖,2026-09-05,12,0.5,7.9,3.0,36,26.8,3
八景沖,2026-09-05,15,0.5,8.1,2.6,47,26.8,3
八景沖,2026-09-05,18,0.5,7.8,2.0,65,26.7,3
八景沖,2026-09-05,21,0.4,7.0,4.0,37,26.7,3
長浦沖,2026-09-05,00,0.4,7.1,2.0,11,27.2,63
長浦沖,2026-09-05,03,0.4,7.5,3.8,42,27.0,63
長浦沖,2026-09-05,06,0.4,7.5,3.4,44,26.9,63
長浦沖,2026-09-05,09,0.4,6.8,4.5,28,26.9,51
長浦沖,2026-09-05,12,0.3,6.6,4.3,26,26.9,51
長浦沖,2026-09-05,15,0.3,7.5,3.0,29,26.9,3
長浦沖,2026-09-05,18,0.3,7.8,3.8,63,26.8,3
長浦沖,2026-09-05,21,0.3,4.8,4.8,38,26.7,3
木更津沖,2026-09-05,00,0.4,7.1,2.6,36,27.2,63
木更津沖,2026-09-05,03,0.4,7.5,4.5,44,27.0,63
木更津沖,2026-09-05,06,0.4,7.5,4.3,47,26.9,63
木更津沖,2026-09-05,09,0.4,6.8,5.4,29,26.9,51
木更津沖,2026-09-05,12,0.3,6.6,4.1,30,26.9,51
木更津沖,2026-09-05,15,0.3,7.5,2.7,31,26.9,3
木更津沖,2026-09-05,18,0.3,7.8,5.2,63,26.8,3
木更津沖,2026-09-05,21,0.3,4.8,5.3,41,26.7,3
一宮沖,2026-09-05,00,1.0,7.1,4.3,46,26.4,61
一宮沖,2026-09-05,03,1.0,7.0,4.3,45,26.3,63
一宮沖,2026-09-05,06,1.0,7.2,4.4,65,26.2,61
一宮沖,2026-09-05,09,1.0,7.5,3.6,42,26.2,53
一宮沖,2026-09-05,12,1.0,7.4,3.6,26,26.1,51
一宮沖,2026-09-05,15,1.0,7.2,3.7,50,26.1,3
一宮沖,2026-09-05,18,0.9,6.6,4.7,52,26.1,3
一宮沖,2026-09-05,21,1.0,6.2,5.2,39,26.1,3
横浜沖周り,2026-09-05,00,0.5,7.8,1.8,345,27.0,61
横浜沖周り,2026-09-05,03,0.5,8.3,2.6,36,26.8,63
横浜沖周り,2026-09-05,06,0.5,8.3,2.5,37,26.8,61
横浜沖周り,2026-09-05,09,0.5,7.8,2.9,25,26.7,51
横浜沖周り,2026-09-05,12,0.4,7.3,2.4,59,26.8,51
横浜沖周り,2026-09-05,15,0.4,7.8,2.4,38,26.8,1
横浜沖周り,2026-09-05,18,0.4,7.6,2.8,63,26.7,3
横浜沖周り,2026-09-05,21,0.4,6.0,3.7,31,26.7,3
本牧沖~富岡沖,2026-09-05,00,0.6,8.3,1.8,345,27.0,61
本牧沖~富岡沖,2026-09-05,03,0.6,8.8,2.6,36,26.8,63
本牧沖~富岡沖,2026-09-05,06,0.6,8.8,2.5,37,26.8,61
本牧沖~富岡沖,2026-09-05,09,0.6,8.4,2.9,25,26.7,51
本牧沖~富岡沖,2026-09-05,12,0.5,7.9,2.4,59,26.8,51
本牧沖~富岡沖,2026-09-05,15,0.5,8.1,2.4,38,26.8,1
本牧沖~富岡沖,2026-09-05,18,0.5,7.8,2.8,63,26.7,3
本牧沖~富岡沖,2026-09-05,21,0.4,7.0,3.7,31,26.7,3
木更津沖～本牧沖,2026-09-05,00,0.4,7.1,2.0,11,26.9,63
木更津沖～本牧沖,2026-09-05,03,0.4,7.5,3.8,42,26.7,63
木更津沖～本牧沖,2026-09-05,06,0.4,7.5,3.4,44,26.7,63
木更津沖～本牧沖,2026-09-05,09,0.4,6.8,4.5,28,26.7,51
木更津沖～本牧沖,2026-09-05,12,0.3,6.6,4.3,26,26.7,51
木更津沖～本牧沖,2026-09-05,15,0.3,7.5,3.0,29,26.7,3
木更津沖～本牧沖,2026-09-05,18,0.3,7.8,3.8,63,26.6,3
木更津沖～本牧沖,2026-09-05,21,0.3,4.8,4.8,38,26.5,3
海堡,2026-09-05,00,0.4,7.1,2.0,11,26.9,63
海堡,2026-09-05,03,0.4,7.5,3.8,42,26.7,63
海堡,2026-09-05,06,0.4,7.5,3.4,44,26.7,63
海堡,2026-09-05,09,0.4,6.8,4.5,28,26.7,51
海堡,2026-09-05,12,0.3,6.6,4.3,26,26.7,51
海堡,2026-09-05,15,0.3,7.5,3.0,29,26.7,3
海堡,2026-09-05,18,0.3,7.8,3.8,63,26.6,3
海堡,2026-09-05,21,0.3,4.8,4.8,38,26.5,3
木更津沖～横浜沖,2026-09-05,00,0.4,7.1,2.0,11,26.9,63
木更津沖～横浜沖,2026-09-05,03,0.4,7.5,3.8,42,26.7,63
木更津沖～横浜沖,2026-09-05,06,0.4,7.5,3.4,44,26.7,63
木更津沖～横浜沖,2026-09-05,09,0.4,6.8,4.5,28,26.7,51
木更津沖～横浜沖,2026-09-05,12,0.3,6.6,4.3,26,26.7,51
木更津沖～横浜沖,2026-09-05,15,0.3,7.5,3.0,29,26.7,3
木更津沖～横浜沖,2026-09-05,18,0.3,7.8,3.8,63,26.6,3
木更津沖～横浜沖,2026-09-05,21,0.3,4.8,4.8,38,26.5,3
中ノ瀬,2026-09-05,00,0.4,7.1,2.0,11,26.9,63
中ノ瀬,2026-09-05,03,0.4,7.5,3.8,42,26.7,63
中ノ瀬,2026-09-05,06,0.4,7.5,3.4,44,26.7,63
中ノ瀬,2026-09-05,09,0.4,6.8,4.5,28,26.7,51
中ノ瀬,2026-09-05,12,0.3,6.6,4.3,26,26.7,51
中ノ瀬,2026-09-05,15,0.3,7.5,3.0,29,26.7,3
中ノ瀬,2026-09-05,18,0.3,7.8,3.8,63,26.6,3
中ノ瀬,2026-09-05,21,0.3,4.8,4.8,38,26.5,3
本牧沖,2026-09-05,00,0.5,7.8,1.8,345,27.0,61
本牧沖,2026-09-05,03,0.5,8.3,2.6,36,26.8,63
本牧沖,2026-09-05,06,0.5,8.3,2.5,37,26.8,61
本牧沖,2026-09-05,09,0.5,7.8,2.9,25,26.7,51
本牧沖,2026-09-05,12,0.4,7.3,2.4,59,26.8,51
本牧沖,2026-09-05,15,0.4,7.8,2.4,38,26.8,1
本牧沖,2026-09-05,18,0.4,7.6,2.8,63,26.7,3
本牧沖,2026-09-05,21,0.4,6.0,3.7,31,26.7,3
横浜沖,2026-09-05,00,0.6,8.3,1.8,345,27.0,61
横浜沖,2026-09-05,03,0.6,8.8,2.6,36,26.8,63
横浜沖,2026-09-05,06,0.6,8.8,2.5,37,26.8,61
横浜沖,2026-09-05,09,0.6,8.4,2.9,25,26.8,51
横浜沖,2026-09-05,12,0.5,7.9,2.4,59,26.8,51
横浜沖,2026-09-05,15,0.5,8.1,2.4,38,26.8,1
横浜沖,2026-09-05,18,0.5,7.8,2.8,63,26.7,3
横浜沖,2026-09-05,21,0.4,7.0,3.7,31,26.7,3
根岸沖,2026-09-05,00,0.4,6.5,1.8,345,27.0,61
根岸沖,2026-09-05,03,0.4,6.7,2.6,36,26.8,63
根岸沖,2026-09-05,06,0.4,6.6,2.5,37,26.8,61
根岸沖,2026-09-05,09,0.4,6.0,2.9,25,26.8,51
根岸沖,2026-09-05,12,0.3,6.2,2.4,59,26.8,51
根岸沖,2026-09-05,15,0.3,7.2,2.4,38,26.8,1
根岸沖,2026-09-05,18,0.2,7.5,2.8,63,26.7,3
根岸沖,2026-09-05,21,0.3,4.5,3.7,31,26.7,3
片貝沖,2026-09-05,00,1.3,7.2,9.1,44,26.5,51
片貝沖,2026-09-05,03,1.3,7.0,8.4,46,26.4,63
片貝沖,2026-09-05,06,1.3,7.3,8.2,68,26.3,61
片貝沖,2026-09-05,09,1.3,7.5,5.7,46,26.3,51
片貝沖,2026-09-05,12,1.2,7.5,7.1,22,26.3,51
片貝沖,2026-09-05,15,1.2,7.3,7.4,43,26.2,3
片貝沖,2026-09-05,18,1.2,6.8,8.1,46,26.2,3
片貝沖,2026-09-05,21,1.3,6.3,9.6,48,26.1,3
木更津沖～川崎沖,2026-09-05,00,0.4,6.5,2.6,36,26.7,63
木更津沖～川崎沖,2026-09-05,03,0.4,6.7,4.5,44,26.5,63
木更津沖～川崎沖,2026-09-05,06,0.4,6.6,4.3,47,26.4,63
木更津沖～川崎沖,2026-09-05,09,0.4,6.0,5.4,29,26.4,51
木更津沖～川崎沖,2026-09-05,12,0.3,6.2,4.1,30,26.4,51
木更津沖～川崎沖,2026-09-05,15,0.3,7.2,2.7,31,26.4,3
木更津沖～川崎沖,2026-09-05,18,0.2,7.5,5.2,63,26.3,3
木更津沖～川崎沖,2026-09-05,21,0.3,4.5,5.3,41,26.3,3
盤洲沖,2026-09-05,00,0.4,6.6,2.6,36,26.7,63
盤洲沖,2026-09-05,03,0.4,6.8,4.5,44,26.5,63
盤洲沖,2026-09-05,06,0.4,6.7,4.3,47,26.3,63
盤洲沖,2026-09-05,09,0.4,6.2,5.4,29,26.2,51
盤洲沖,2026-09-05,12,0.3,6.3,4.1,30,26.3,51
盤洲沖,2026-09-05,15,0.3,7.5,2.7,31,26.3,3
盤洲沖,2026-09-05,18,0.3,7.8,5.2,63,26.2,3
盤洲沖,2026-09-05,21,0.3,4.7,5.3,41,26.1,3
大根,2026-09-05,00,1.3,7.2,9.3,44,26.5,51
大根,2026-09-05,03,1.3,7.0,8.3,45,26.4,63
大根,2026-09-05,06,1.3,7.3,8.5,65,26.3,61
大根,2026-09-05,09,1.3,7.5,6.3,37,26.3,53
大根,2026-09-05,12,1.2,7.5,6.9,25,26.3,3
大根,2026-09-05,15,1.2,7.3,7.2,41,26.2,3
大根,2026-09-05,18,1.2,6.8,7.8,47,26.2,3
大根,2026-09-05,21,1.3,6.3,9.1,51,26.1,3
川崎沖～横浜沖,2026-09-05,00,0.4,6.5,1.8,341,27.0,61
川崎沖～横浜沖,2026-09-05,03,0.4,6.7,2.8,37,26.8,63
川崎沖～横浜沖,2026-09-05,06,0.4,6.6,2.8,33,26.8,61
川崎沖～横浜沖,2026-09-05,09,0.4,6.0,3.0,23,26.8,3
川崎沖～横浜沖,2026-09-05,12,0.3,6.2,2.3,57,26.8,3
川崎沖～横浜沖,2026-09-05,15,0.3,7.2,2.2,38,26.8,1
川崎沖～横浜沖,2026-09-05,18,0.2,7.5,3.7,59,26.7,3
川崎沖～横浜沖,2026-09-05,21,0.3,4.5,3.7,32,26.7,3
川崎沖~本牧沖,2026-09-05,00,0.4,6.5,1.8,341,27.0,61
川崎沖~本牧沖,2026-09-05,03,0.4,6.7,2.8,37,26.8,63
川崎沖~本牧沖,2026-09-05,06,0.4,6.6,2.8,33,26.8,61
川崎沖~本牧沖,2026-09-05,09,0.4,6.0,3.0,23,26.8,3
川崎沖~本牧沖,2026-09-05,12,0.3,6.2,2.3,57,26.8,3
川崎沖~本牧沖,2026-09-05,15,0.3,7.2,2.2,38,26.8,1
川崎沖~本牧沖,2026-09-05,18,0.2,7.5,3.7,59,26.7,3
川崎沖~本牧沖,2026-09-05,21,0.3,4.5,3.7,32,26.7,3
川崎沖,2026-09-05,00,0.4,6.5,1.8,341,27.0,61
川崎沖,2026-09-05,03,0.4,6.7,2.8,37,26.9,63
川崎沖,2026-09-05,06,0.4,6.6,2.8,33,26.8,61
川崎沖,2026-09-05,09,0.4,6.0,3.0,23,26.9,3
川崎沖,2026-09-05,12,0.3,6.2,2.3,57,27.0,3
川崎沖,2026-09-05,15,0.3,7.2,2.2,38,27.0,1
川崎沖,2026-09-05,18,0.2,7.5,3.7,59,27.0,3
川崎沖,2026-09-05,21,0.3,4.5,3.7,32,26.9,3
五井沖,2026-09-05,00,0.3,4.3,3.1,57,27.2,63
五井沖,2026-09-05,03,0.3,4.1,3.4,40,27.1,63
五井沖,2026-09-05,06,0.3,4.2,2.8,37,27.0,63
五井沖,2026-09-05,09,0.3,4.2,3.7,35,27.0,53
五井沖,2026-09-05,12,0.2,5.0,2.8,28,27.0,51
五井沖,2026-09-05,15,0.1,7.2,2.7,36,27.1,3
五井沖,2026-09-05,18,0.1,7.8,3.5,60,26.9,3
五井沖,2026-09-05,21,0.1,6.7,3.6,41,26.8,3
鶴見沖,2026-09-05,00,0.4,6.5,1.8,341,27.0,61
鶴見沖,2026-09-05,03,0.4,6.7,2.8,37,26.9,63
鶴見沖,2026-09-05,06,0.4,6.6,2.8,33,26.8,61
鶴見沖,2026-09-05,09,0.4,6.0,3.0,23,26.9,3
鶴見沖,2026-09-05,12,0.3,6.2,2.3,57,27.0,3
鶴見沖,2026-09-05,15,0.3,7.2,2.2,38,27.0,1
鶴見沖,2026-09-05,18,0.2,7.5,3.7,59,27.0,3
鶴見沖,2026-09-05,21,0.3,4.5,3.7,32,26.9,3
木更津沖～浦安沖,2026-09-05,00,0.3,5.8,1.5,335,26.9,61
木更津沖～浦安沖,2026-09-05,03,0.3,5.7,2.6,36,26.8,63
木更津沖～浦安沖,2026-09-05,06,0.3,5.7,2.6,25,26.7,61
木更津沖～浦安沖,2026-09-05,09,0.3,5.4,2.7,23,26.6,3
木更津沖～浦安沖,2026-09-05,12,0.3,5.9,1.8,59,26.7,3
木更津沖～浦安沖,2026-09-05,15,0.2,7.2,1.8,40,26.7,1
木更津沖～浦安沖,2026-09-05,18,0.2,7.6,3.6,60,26.6,3
木更津沖～浦安沖,2026-09-05,21,0.3,4.6,2.8,29,26.5,3
羽田沖,2026-09-05,00,0.4,6.5,1.5,335,26.9,61
羽田沖,2026-09-05,03,0.4,6.7,2.6,36,26.7,63
羽田沖,2026-09-05,06,0.4,6.6,2.6,25,26.7,61
羽田沖,2026-09-05,09,0.4,6.0,2.7,23,26.7,3
羽田沖,2026-09-05,12,0.3,6.2,1.8,59,26.7,3
羽田沖,2026-09-05,15,0.3,7.2,1.8,40,26.7,1
羽田沖,2026-09-05,18,0.2,7.5,3.6,60,26.7,3
羽田沖,2026-09-05,21,0.3,4.5,2.8,29,26.6,3
千葉沖,2026-09-05,00,0.2,7.5,3.4,52,27.6,63
千葉沖,2026-09-05,03,0.2,7.5,2.7,49,27.4,63
千葉沖,2026-09-05,06,0.2,7.8,3.0,33,27.4,61
千葉沖,2026-09-05,09,0.2,7.6,3.0,31,27.4,51
千葉沖,2026-09-05,12,0.1,7.3,2.1,41,27.5,3
千葉沖,2026-09-05,15,0.1,7.7,3.2,39,27.5,3
千葉沖,2026-09-05,18,0.1,7.8,2.9,55,27.5,3
千葉沖,2026-09-05,21,0.1,7.2,3.0,38,27.4,3
浦安沖,2026-09-05,00,0.2,7.3,1.9,27,27.3,63
浦安沖,2026-09-05,03,0.2,7.2,2.7,47,27.2,63
浦安沖,2026-09-05,06,0.2,7.4,2.6,31,27.1,61
浦安沖,2026-09-05,09,0.2,7.2,2.6,33,27.1,3
浦安沖,2026-09-05,12,0.2,7.0,1.6,66,27.2,3
浦安沖,2026-09-05,15,0.1,7.3,2.5,44,27.3,1
浦安沖,2026-09-05,18,0.1,7.3,3.0,56,27.2,3
浦安沖,2026-09-05,21,0.1,6.5,2.5,38,27.2,3
屏風ヶ浦の陰,2026-09-05,00,0.2,7.5,3.4,56,28.1,63
屏風ヶ浦の陰,2026-09-05,03,0.2,7.5,2.1,55,28.0,63
屏風ヶ浦の陰,2026-09-05,06,0.2,7.8,2.7,36,27.9,61
屏風ヶ浦の陰,2026-09-05,09,0.2,7.6,2.6,38,27.9,51
屏風ヶ浦の陰,2026-09-05,12,0.1,7.3,2.3,48,27.9,3
屏風ヶ浦の陰,2026-09-05,15,0.1,7.7,3.4,42,27.9,3
屏風ヶ浦の陰,2026-09-05,18,0.1,7.8,2.6,57,27.9,3
屏風ヶ浦の陰,2026-09-05,21,0.1,7.2,2.9,43,27.8,3
犬吠南沖,2026-09-05,00,1.3,7.6,5.3,48,26.2,53
犬吠南沖,2026-09-05,03,1.4,7.5,4.9,43,26.2,63
犬吠南沖,2026-09-05,06,1.4,7.8,4.6,64,26.2,61
犬吠南沖,2026-09-05,09,1.3,8.2,3.7,32,26.2,53
犬吠南沖,2026-09-05,12,1.3,8.1,4.7,29,26.3,3
犬吠南沖,2026-09-05,15,1.3,7.8,5.1,22,26.3,3
犬吠南沖,2026-09-05,18,1.2,7.4,4.6,50,26.3,3
犬吠南沖,2026-09-05,21,1.3,6.8,5.8,52,26.2,3
亀城根,2026-09-05,00,1.3,7.6,5.3,48,26.2,53
亀城根,2026-09-05,03,1.4,7.5,4.9,43,26.2,63
亀城根,2026-09-05,06,1.4,7.8,4.6,64,26.2,61
亀城根,2026-09-05,09,1.3,8.2,3.7,32,26.2,53
亀城根,2026-09-05,12,1.3,8.1,4.7,29,26.3,3
亀城根,2026-09-05,15,1.3,7.8,5.1,22,26.3,3
亀城根,2026-09-05,18,1.2,7.4,4.6,50,26.3,3
亀城根,2026-09-05,21,1.3,6.8,5.8,52,26.2,3
外川沖,2026-09-05,00,1.1,7.5,5.3,48,25.9,53
外川沖,2026-09-05,03,1.2,7.5,4.9,43,25.8,63
外川沖,2026-09-05,06,1.2,7.7,4.6,64,25.7,61
外川沖,2026-09-05,09,1.1,8.0,3.7,32,25.7,53
外川沖,2026-09-05,12,1.1,7.9,4.7,29,25.7,3
外川沖,2026-09-05,15,1.1,7.6,5.1,22,25.7,3
外川沖,2026-09-05,18,1.1,7.1,4.6,50,25.7,3
外川沖,2026-09-05,21,1.1,6.7,5.8,52,25.6,3
犬吠沖,2026-09-05,00,1.1,7.5,5.3,48,25.9,53
犬吠沖,2026-09-05,03,1.2,7.5,4.9,43,25.8,63
犬吠沖,2026-09-05,06,1.2,7.7,4.6,64,25.7,61
犬吠沖,2026-09-05,09,1.1,8.0,3.7,32,25.7,53
犬吠沖,2026-09-05,12,1.1,7.9,4.7,29,25.7,3
犬吠沖,2026-09-05,15,1.1,7.6,5.1,22,25.7,3
犬吠沖,2026-09-05,18,1.1,7.1,4.6,50,25.7,3
犬吠沖,2026-09-05,21,1.1,6.7,5.8,52,25.6,3
飯岡沖,2026-09-05,00,0.9,7.2,5.3,48,26.2,53
飯岡沖,2026-09-05,03,1.0,7.2,4.9,43,26.1,63
飯岡沖,2026-09-05,06,0.9,7.5,4.6,64,26.0,61
飯岡沖,2026-09-05,09,0.9,7.8,3.7,32,25.9,53
飯岡沖,2026-09-05,12,0.9,7.8,4.7,29,25.9,3
飯岡沖,2026-09-05,15,0.9,7.4,5.1,22,26.0,3
飯岡沖,2026-09-05,18,0.9,6.9,4.6,50,25.9,3
飯岡沖,2026-09-05,21,0.9,6.5,5.8,52,25.9,3
真沖,2026-09-05,00,0.9,7.2,5.3,48,26.2,53
真沖,2026-09-05,03,1.0,7.2,4.9,43,26.1,63
真沖,2026-09-05,06,0.9,7.5,4.6,64,26.0,61
真沖,2026-09-05,09,0.9,7.8,3.7,32,25.9,53
真沖,2026-09-05,12,0.9,7.8,4.7,29,25.9,3
真沖,2026-09-05,15,0.9,7.4,5.1,22,26.0,3
真沖,2026-09-05,18,0.9,6.9,4.6,50,25.9,3
真沖,2026-09-05,21,0.9,6.5,5.8,52,25.9,3
波崎沖,2026-09-05,00,1.1,7.5,5.3,48,25.9,53
波崎沖,2026-09-05,03,1.2,7.5,4.9,43,25.8,63
波崎沖,2026-09-05,06,1.2,7.7,4.6,64,25.7,61
波崎沖,2026-09-05,09,1.1,8.0,3.7,32,25.7,53
波崎沖,2026-09-05,12,1.1,7.9,4.7,29,25.7,3
波崎沖,2026-09-05,15,1.1,7.6,5.1,22,25.7,3
波崎沖,2026-09-05,18,1.1,7.1,4.6,50,25.7,3
波崎沖,2026-09-05,21,1.1,6.7,5.8,52,25.6,3
川前大根,2026-09-05,00,0.9,7.2,5.3,48,26.2,53
川前大根,2026-09-05,03,1.0,7.2,4.9,43,26.1,63
川前大根,2026-09-05,06,0.9,7.5,4.6,64,26.0,61
川前大根,2026-09-05,09,0.9,7.8,3.7,32,25.9,53
川前大根,2026-09-05,12,0.9,7.8,4.7,29,25.9,3
川前大根,2026-09-05,15,0.9,7.4,5.1,22,26.0,3
川前大根,2026-09-05,18,0.9,6.9,4.6,50,25.9,3
川前大根,2026-09-05,21,0.9,6.5,5.8,52,25.9,3
鹿島南沖,2026-09-05,00,0.8,7.2,4.5,48,25.4,55
鹿島南沖,2026-09-05,03,0.9,7.0,4.2,50,25.3,63
鹿島南沖,2026-09-05,06,0.9,7.0,3.7,58,25.3,61
鹿島南沖,2026-09-05,09,0.9,7.4,3.6,31,25.2,51
鹿島南沖,2026-09-05,12,0.9,7.5,4.1,33,25.3,3
鹿島南沖,2026-09-05,15,0.9,7.5,4.2,25,25.4,3
鹿島南沖,2026-09-05,18,0.9,6.8,3.9,49,25.3,3
鹿島南沖,2026-09-05,21,1.0,6.2,5.1,56,25.2,3
神栖沖,2026-09-05,00,0.8,7.2,4.5,48,25.6,55
神栖沖,2026-09-05,03,0.9,7.0,4.2,50,25.5,63
神栖沖,2026-09-05,06,0.9,7.0,3.7,58,25.4,61
神栖沖,2026-09-05,09,0.9,7.4,3.6,31,25.4,51
神栖沖,2026-09-05,12,0.9,7.5,4.1,33,25.4,3
神栖沖,2026-09-05,15,0.9,7.5,4.2,25,25.5,3
神栖沖,2026-09-05,18,0.9,6.8,3.9,49,25.4,3
神栖沖,2026-09-05,21,1.0,6.2,5.1,56,25.3,3
鹿島沖,2026-09-05,00,0.8,7.2,4.0,54,25.3,61
鹿島沖,2026-09-05,03,0.9,7.0,4.1,60,25.2,63
鹿島沖,2026-09-05,06,0.9,7.0,3.3,58,25.2,61
鹿島沖,2026-09-05,09,0.9,7.4,3.7,37,25.1,3
鹿島沖,2026-09-05,12,0.9,7.5,4.1,45,25.2,3
鹿島沖,2026-09-05,15,0.9,7.5,3.9,41,25.3,1
鹿島沖,2026-09-05,18,0.9,6.8,4.0,50,25.3,3
鹿島沖,2026-09-05,21,1.0,6.2,5.4,58,25.2,3
鹿島真沖,2026-09-05,00,0.8,7.2,4.3,52,25.4,61
鹿島真沖,2026-09-05,03,0.9,7.0,4.0,58,25.3,63
鹿島真沖,2026-09-05,06,0.9,7.0,3.4,57,25.3,61
鹿島真沖,2026-09-05,09,0.9,7.4,3.6,34,25.2,51
鹿島真沖,2026-09-05,12,0.9,7.5,3.8,39,25.3,2
鹿島真沖,2026-09-05,15,0.9,7.5,3.7,34,25.4,2
鹿島真沖,2026-09-05,18,0.9,6.8,3.9,49,25.3,3
鹿島真沖,2026-09-05,21,1.0,6.2,5.2,58,25.2,3
鹿島魚礁,2026-09-05,00,1.0,7.4,7.6,52,25.2,53
鹿島魚礁,2026-09-05,03,1.0,7.2,7.2,53,25.1,63
鹿島魚礁,2026-09-05,06,1.0,7.2,7.2,62,25.0,61
鹿島魚礁,2026-09-05,09,1.0,7.6,6.0,26,24.9,51
鹿島魚礁,2026-09-05,12,1.0,7.7,5.5,34,25.0,2
鹿島魚礁,2026-09-05,15,1.0,7.6,6.3,32,25.1,2
鹿島魚礁,2026-09-05,18,1.0,7.0,6.8,50,25.0,3
鹿島魚礁,2026-09-05,21,1.1,6.3,9.2,59,24.9,3
鹿島北沖,2026-09-05,00,0.9,7.3,4.0,54,25.3,61
鹿島北沖,2026-09-05,03,0.9,7.0,4.1,60,25.2,63
鹿島北沖,2026-09-05,06,0.9,7.1,3.3,58,25.2,61
鹿島北沖,2026-09-05,09,0.9,7.5,3.7,37,25.1,3
鹿島北沖,2026-09-05,12,0.9,7.7,4.1,45,25.2,3
鹿島北沖,2026-09-05,15,0.9,7.5,3.9,41,25.3,1
鹿島北沖,2026-09-05,18,0.9,6.8,4.0,50,25.3,3
鹿島北沖,2026-09-05,21,1.1,6.1,5.4,58,25.2,3
北沖30,2026-09-05,00,0.8,8.8,3.0,43,25.2,63
北沖30,2026-09-05,03,0.8,8.6,2.4,63,25.1,61
北沖30,2026-09-05,06,0.8,8.5,2.9,59,25.0,61
北沖30,2026-09-05,09,0.8,8.7,2.6,23,25.0,2
北沖30,2026-09-05,12,0.9,8.7,3.2,77,25.1,1
北沖30,2026-09-05,15,0.9,8.2,4.5,57,25.2,1
北沖30,2026-09-05,18,1.0,7.2,5.5,47,25.2,0
北沖30,2026-09-05,21,1.1,6.5,6.0,50,25.1,3
大洗沖,2026-09-05,00,0.8,8.8,3.0,37,25.6,63
大洗沖,2026-09-05,03,0.8,8.6,2.3,58,25.5,61
大洗沖,2026-09-05,06,0.8,8.5,2.4,53,25.5,61
大洗沖,2026-09-05,09,0.8,8.7,2.3,20,25.5,3
大洗沖,2026-09-05,12,0.9,8.7,3.0,72,25.6,1
大洗沖,2026-09-05,15,0.9,8.2,3.9,62,25.7,0
大洗沖,2026-09-05,18,1.0,7.2,4.4,51,25.7,0
大洗沖,2026-09-05,21,1.1,6.5,5.2,50,25.6,3
青山沖,2026-09-05,00,0.8,8.9,3.0,43,24.6,63
青山沖,2026-09-05,03,0.8,8.8,2.4,63,24.6,61
青山沖,2026-09-05,06,0.8,8.8,2.9,59,24.5,61
青山沖,2026-09-05,09,0.8,8.8,2.6,23,24.5,2
青山沖,2026-09-05,12,0.8,8.8,3.2,77,24.6,1
青山沖,2026-09-05,15,0.9,8.2,4.5,57,24.8,1
青山沖,2026-09-05,18,0.9,7.2,5.5,47,24.7,0
青山沖,2026-09-05,21,1.1,6.5,6.0,50,24.6,3
日立沖,2026-09-05,00,0.8,9.3,1.6,57,24.6,63
日立沖,2026-09-05,03,0.8,9.3,1.3,69,24.5,53
日立沖,2026-09-05,06,0.8,9.2,2.4,52,24.4,61
日立沖,2026-09-05,09,0.8,9.2,2.5,25,24.5,3
日立沖,2026-09-05,12,0.8,8.9,3.7,78,24.6,2
日立沖,2026-09-05,15,0.9,8.1,4.8,51,24.8,1
日立沖,2026-09-05,18,1.0,7.2,5.8,40,24.7,0
日立沖,2026-09-05,21,1.0,6.8,5.8,34,24.6,3
銭洲沖,2026-09-06,00,2.7,6.8,13.1,76,28.9,63
銭洲沖,2026-09-06,03,2.8,6.8,13.6,71,28.8,61
銭洲沖,2026-09-06,06,2.7,7.0,15.2,95,28.7,63
銭洲沖,2026-09-06,09,2.6,7.0,9.4,127,28.6,63
銭洲沖,2026-09-06,12,2.9,7.0,12.3,125,28.5,65
銭洲沖,2026-09-06,15,3.4,7.2,14.5,128,28.4,63
銭洲沖,2026-09-06,18,3.7,7.9,14.6,136,28.3,63
銭洲沖,2026-09-06,21,3.8,8.4,8.9,170,28.2,63
イナンバ,2026-09-06,00,2.4,6.5,12.1,63,28.7,53
イナンバ,2026-09-06,03,2.5,6.5,12.5,72,28.7,63
イナンバ,2026-09-06,06,2.7,6.5,15.0,72,28.7,63
イナンバ,2026-09-06,09,3.0,6.8,14.4,59,28.7,63
イナンバ,2026-09-06,12,3.4,7.1,13.4,94,28.7,65
イナンバ,2026-09-06,15,3.7,7.4,15.9,74,28.7,63
イナンバ,2026-09-06,18,3.8,7.7,16.5,97,28.6,65
イナンバ,2026-09-06,21,4.0,8.2,11.8,146,28.5,65
石花海,2026-09-06,00,2.9,6.5,15.2,63,26.8,51
石花海,2026-09-06,03,3.4,6.8,17.1,59,26.5,53
石花海,2026-09-06,06,3.7,7.0,18.3,57,26.3,63
石花海,2026-09-06,09,4.1,7.3,18.4,59,26.2,65
石花海,2026-09-06,12,4.2,7.5,19.2,59,26.2,65
石花海,2026-09-06,15,4.3,7.7,19.0,66,26.1,65
石花海,2026-09-06,18,4.6,7.9,16.4,72,26.1,65
石花海,2026-09-06,21,4.9,8.1,17.9,57,26.1,65
神津島,2026-09-06,00,2.4,6.2,13.8,57,27.2,53
神津島,2026-09-06,03,2.7,6.3,15.1,49,27.0,63
神津島,2026-09-06,06,2.9,6.4,17.6,53,26.8,63
神津島,2026-09-06,09,3.2,6.7,16.4,51,26.7,65
神津島,2026-09-06,12,3.4,6.9,12.8,66,26.6,65
神津島,2026-09-06,15,3.5,7.1,16.0,67,26.6,65
神津島,2026-09-06,18,3.7,7.3,18.4,81,26.7,65
神津島,2026-09-06,21,4.1,7.8,16.1,74,26.7,65
金洲沖,2026-09-06,00,2.4,6.0,14.6,57,26.9,3
金洲沖,2026-09-06,03,2.8,6.2,16.5,50,26.6,61
金洲沖,2026-09-06,06,3.2,6.5,19.6,52,26.3,63
金洲沖,2026-09-06,09,3.5,6.7,20.0,50,26.0,65
金洲沖,2026-09-06,12,3.6,6.9,19.6,50,25.7,65
金洲沖,2026-09-06,15,3.7,7.0,18.6,54,25.5,65
金洲沖,2026-09-06,18,3.9,7.3,18.3,62,25.2,65
金洲沖,2026-09-06,21,4.3,7.7,17.1,56,25.1,65
新島沖,2026-09-06,00,2.2,6.0,12.8,50,27.1,61
新島沖,2026-09-06,03,2.5,6.1,15.3,43,26.8,63
新島沖,2026-09-06,06,2.8,6.2,17.2,45,26.4,63
新島沖,2026-09-06,09,3.0,6.5,16.2,38,26.1,63
新島沖,2026-09-06,12,3.2,6.8,11.8,65,26.2,65
新島沖,2026-09-06,15,3.2,7.0,14.6,67,26.3,65
新島沖,2026-09-06,18,3.4,7.2,17.2,73,26.2,65
新島沖,2026-09-06,21,3.9,7.6,14.1,66,26.1,65
金州,2026-09-06,00,2.1,5.9,11.9,43,26.9,51
金州,2026-09-06,03,2.6,6.0,15.6,36,26.7,63
金州,2026-09-06,06,2.8,6.1,16.3,41,26.4,63
金州,2026-09-06,09,3.1,6.3,16.9,33,26.1,63
金州,2026-09-06,12,3.2,6.6,13.2,40,25.8,65
金州,2026-09-06,15,3.3,6.8,13.5,64,25.5,65
金州,2026-09-06,18,3.5,7.0,17.6,72,25.1,65
金州,2026-09-06,21,4.1,7.5,16.1,63,24.8,65
白河沖,2026-09-06,00,1.8,6.2,10.2,57,27.4,51
白河沖,2026-09-06,03,2.1,6.2,12.0,60,27.3,61
白河沖,2026-09-06,06,2.3,6.2,13.6,56,27.2,51
白河沖,2026-09-06,09,2.5,6.2,12.9,52,27.1,63
白河沖,2026-09-06,12,2.6,6.4,14.6,51,27.0,63
白河沖,2026-09-06,15,2.7,6.7,12.8,48,26.8,65
白河沖,2026-09-06,18,3.0,7.0,12.7,46,26.6,65
白河沖,2026-09-06,21,3.3,7.3,15.8,57,26.4,65
御前崎沖,2026-09-06,00,1.9,6.2,10.2,57,27.4,51
御前崎沖,2026-09-06,03,2.1,6.2,12.0,60,27.3,61
御前崎沖,2026-09-06,06,2.3,6.2,13.6,56,27.2,51
御前崎沖,2026-09-06,09,2.5,6.2,12.9,52,27.1,63
御前崎沖,2026-09-06,12,2.6,6.5,14.6,51,27.0,63
御前崎沖,2026-09-06,15,2.7,6.7,12.8,48,26.8,65
御前崎沖,2026-09-06,18,3.0,7.0,12.7,46,26.7,65
御前崎沖,2026-09-06,21,3.4,7.2,15.8,57,26.5,65
八方便,2026-09-06,00,1.8,6.2,10.2,57,27.4,51
八方便,2026-09-06,03,2.1,6.2,12.0,60,27.3,61
八方便,2026-09-06,06,2.3,6.2,13.6,56,27.2,51
八方便,2026-09-06,09,2.5,6.2,12.9,52,27.1,63
八方便,2026-09-06,12,2.6,6.4,14.6,51,27.0,63
八方便,2026-09-06,15,2.7,6.7,12.8,48,26.8,65
八方便,2026-09-06,18,3.0,7.0,12.7,46,26.6,65
八方便,2026-09-06,21,3.3,7.3,15.8,57,26.4,65
神子元沖,2026-09-06,00,1.8,6.0,9.0,46,26.6,55
神子元沖,2026-09-06,03,2.0,6.0,9.6,44,26.5,61
神子元沖,2026-09-06,06,2.1,6.0,12.2,46,26.3,53
神子元沖,2026-09-06,09,2.3,6.2,11.4,36,26.2,63
神子元沖,2026-09-06,12,2.5,6.4,9.8,35,26.0,63
神子元沖,2026-09-06,15,2.6,6.7,10.8,34,25.9,63
神子元沖,2026-09-06,18,2.8,7.0,11.9,47,25.9,65
神子元沖,2026-09-06,21,3.3,7.8,10.6,50,26.0,65
大東沖,2026-09-06,00,1.5,6.5,8.2,70,27.2,51
大東沖,2026-09-06,03,1.7,6.2,6.6,69,27.2,65
大東沖,2026-09-06,06,1.8,6.3,8.1,70,27.1,3
大東沖,2026-09-06,09,1.8,6.4,7.6,65,27.1,61
大東沖,2026-09-06,12,1.9,6.5,10.4,60,27.0,63
大東沖,2026-09-06,15,2.0,6.5,9.2,70,27.0,65
大東沖,2026-09-06,18,2.2,7.0,10.9,67,27.0,65
大東沖,2026-09-06,21,2.8,7.9,10.3,66,26.9,65
石廊崎沖,2026-09-06,00,1.6,6.2,6.7,71,27.0,53
石廊崎沖,2026-09-06,03,1.7,6.1,7.2,69,26.9,61
石廊崎沖,2026-09-06,06,1.7,6.0,8.4,65,26.7,51
石廊崎沖,2026-09-06,09,1.8,6.0,9.3,63,26.5,63
石廊崎沖,2026-09-06,12,1.9,6.2,9.3,65,26.3,63
石廊崎沖,2026-09-06,15,2.1,6.6,8.5,45,26.1,63
石廊崎沖,2026-09-06,18,2.3,7.2,6.4,57,26.0,65
石廊崎沖,2026-09-06,21,2.8,8.0,7.9,76,25.9,65
福田沖,2026-09-06,00,1.5,6.5,7.0,71,27.2,3
福田沖,2026-09-06,03,1.7,6.3,5.5,69,27.2,63
福田沖,2026-09-06,06,1.8,6.4,6.4,70,27.2,3
福田沖,2026-09-06,09,1.8,6.5,6.3,68,27.1,53
福田沖,2026-09-06,12,1.9,6.5,9.9,63,27.1,63
福田沖,2026-09-06,15,2.1,6.5,9.0,72,27.0,65
福田沖,2026-09-06,18,2.2,7.0,9.0,63,26.9,65
福田沖,2026-09-06,21,2.7,8.1,6.9,57,26.9,65
浜岡沖,2026-09-06,00,1.4,6.5,10.2,57,27.3,51
浜岡沖,2026-09-06,03,1.7,6.1,12.0,60,27.3,61
浜岡沖,2026-09-06,06,1.8,6.1,13.6,56,27.2,51
浜岡沖,2026-09-06,09,1.8,6.2,12.9,52,27.1,63
浜岡沖,2026-09-06,12,1.9,6.3,14.6,51,27.0,63
浜岡沖,2026-09-06,15,2.0,6.5,12.8,48,27.0,65
浜岡沖,2026-09-06,18,2.3,6.8,12.7,46,26.9,65
浜岡沖,2026-09-06,21,2.9,7.4,15.8,57,26.8,65
下田南沖,2026-09-06,00,1.8,6.0,9.0,46,26.6,55
下田南沖,2026-09-06,03,2.0,6.0,9.6,44,26.5,61
下田南沖,2026-09-06,06,2.1,6.0,12.2,46,26.3,53
下田南沖,2026-09-06,09,2.3,6.2,11.4,36,26.2,63
下田南沖,2026-09-06,12,2.5,6.4,9.8,35,26.0,63
下田南沖,2026-09-06,15,2.6,6.7,10.8,34,25.9,63
下田南沖,2026-09-06,18,2.8,7.0,11.9,47,25.9,65
下田南沖,2026-09-06,21,3.3,7.8,10.6,50,26.0,65
下田沖,2026-09-06,00,1.8,6.0,9.0,46,26.6,55
下田沖,2026-09-06,03,2.0,6.0,9.6,44,26.5,61
下田沖,2026-09-06,06,2.1,6.0,12.2,46,26.3,53
下田沖,2026-09-06,09,2.3,6.2,11.4,36,26.2,63
下田沖,2026-09-06,12,2.5,6.4,9.8,35,26.0,63
下田沖,2026-09-06,15,2.6,6.7,10.8,34,25.9,63
下田沖,2026-09-06,18,2.8,7.0,11.9,47,25.9,65
下田沖,2026-09-06,21,3.3,7.8,10.6,50,26.0,65
相良沖,2026-09-06,00,1.5,6.3,10.2,57,27.3,51
相良沖,2026-09-06,03,1.8,6.0,12.0,60,27.2,61
相良沖,2026-09-06,06,1.9,6.0,13.6,56,27.2,51
相良沖,2026-09-06,09,2.0,6.0,12.9,52,27.1,63
相良沖,2026-09-06,12,2.1,6.2,14.6,51,27.1,63
相良沖,2026-09-06,15,2.1,6.3,12.8,48,27.0,65
相良沖,2026-09-06,18,2.5,6.7,12.7,46,26.9,65
相良沖,2026-09-06,21,3.1,7.2,15.8,57,26.9,65
天竜沖,2026-09-06,00,1.0,6.7,4.7,74,27.2,3
天竜沖,2026-09-06,03,1.1,6.5,3.5,73,27.2,53
天竜沖,2026-09-06,06,1.1,6.6,3.2,89,27.2,3
天竜沖,2026-09-06,09,1.1,6.7,4.7,71,27.1,51
天竜沖,2026-09-06,12,1.2,6.5,8.5,64,27.1,63
天竜沖,2026-09-06,15,1.3,6.2,7.2,73,27.0,65
天竜沖,2026-09-06,18,1.4,7.0,7.1,61,26.9,65
天竜沖,2026-09-06,21,1.9,8.6,4.8,56,26.9,65
波勝崎沖,2026-09-06,00,1.1,6.8,9.0,46,27.3,55
波勝崎沖,2026-09-06,03,1.2,6.0,9.6,44,27.1,61
波勝崎沖,2026-09-06,06,1.2,5.7,12.2,46,26.9,53
波勝崎沖,2026-09-06,09,1.3,5.5,11.4,36,26.7,63
波勝崎沖,2026-09-06,12,1.4,5.7,9.8,35,26.5,63
波勝崎沖,2026-09-06,15,1.4,6.1,10.8,34,26.3,63
波勝崎沖,2026-09-06,18,1.7,7.0,11.9,47,26.2,65
波勝崎沖,2026-09-06,21,2.1,8.1,10.6,50,26.2,65
藤守前,2026-09-06,00,0.9,6.5,8.4,63,27.2,3
藤守前,2026-09-06,03,1.0,6.1,7.3,58,27.2,63
藤守前,2026-09-06,06,1.0,6.0,7.5,61,27.1,3
藤守前,2026-09-06,09,1.1,5.8,7.5,58,27.1,61
藤守前,2026-09-06,12,1.1,5.8,8.9,54,27.0,63
藤守前,2026-09-06,15,1.2,5.9,9.4,54,27.0,63
藤守前,2026-09-06,18,1.4,6.3,8.0,51,27.0,63
藤守前,2026-09-06,21,2.0,7.3,10.3,56,27.0,65
吉田沖,2026-09-06,00,0.9,6.5,8.4,63,27.2,3
吉田沖,2026-09-06,03,1.0,6.1,7.3,58,27.2,63
吉田沖,2026-09-06,06,1.0,6.0,7.5,61,27.1,3
吉田沖,2026-09-06,09,1.1,5.8,7.5,58,27.1,61
吉田沖,2026-09-06,12,1.1,5.8,8.9,54,27.0,63
吉田沖,2026-09-06,15,1.2,5.9,9.4,54,27.0,63
吉田沖,2026-09-06,18,1.4,6.3,8.0,51,27.0,63
吉田沖,2026-09-06,21,2.0,7.3,10.3,56,27.0,65
千貫門沖,2026-09-06,00,1.1,6.8,6.7,71,27.4,53
千貫門沖,2026-09-06,03,1.2,6.0,7.2,69,27.3,61
千貫門沖,2026-09-06,06,1.2,5.7,8.4,65,27.3,51
千貫門沖,2026-09-06,09,1.3,5.5,9.3,63,27.2,63
千貫門沖,2026-09-06,12,1.4,5.7,9.3,65,27.0,63
千貫門沖,2026-09-06,15,1.4,6.1,8.5,45,26.8,63
千貫門沖,2026-09-06,18,1.7,7.0,6.4,57,26.5,65
千貫門沖,2026-09-06,21,2.1,8.1,7.9,76,26.2,65
豊浜沖,2026-09-06,00,1.0,6.4,6.7,71,27.5,53
豊浜沖,2026-09-06,03,1.2,5.5,7.2,69,27.5,61
豊浜沖,2026-09-06,06,1.3,5.2,8.4,65,27.4,51
豊浜沖,2026-09-06,09,1.3,5.1,9.3,63,27.3,63
豊浜沖,2026-09-06,12,1.4,5.2,9.3,65,27.1,63
豊浜沖,2026-09-06,15,1.4,5.5,8.5,45,26.9,63
豊浜沖,2026-09-06,18,1.6,6.3,6.4,57,26.5,65
豊浜沖,2026-09-06,21,2.0,7.5,7.9,76,26.1,65
松崎沖,2026-09-06,00,1.1,6.8,6.7,71,27.4,53
松崎沖,2026-09-06,03,1.2,6.0,7.2,69,27.3,61
松崎沖,2026-09-06,06,1.2,5.7,8.4,65,27.3,51
松崎沖,2026-09-06,09,1.3,5.5,9.3,63,27.2,63
松崎沖,2026-09-06,12,1.4,5.7,9.3,65,27.0,63
松崎沖,2026-09-06,15,1.4,6.1,8.5,45,26.8,63
松崎沖,2026-09-06,18,1.7,7.0,6.4,57,26.5,65
松崎沖,2026-09-06,21,2.1,8.1,7.9,76,26.2,65
西伊豆沖,2026-09-06,00,1.0,6.4,7.0,60,27.4,51
西伊豆沖,2026-09-06,03,1.2,5.5,9.1,53,27.3,51
西伊豆沖,2026-09-06,06,1.3,5.2,10.1,57,27.3,51
西伊豆沖,2026-09-06,09,1.3,5.1,10.0,57,27.2,63
西伊豆沖,2026-09-06,12,1.4,5.2,8.8,60,27.0,63
西伊豆沖,2026-09-06,15,1.4,5.5,8.3,45,26.8,63
西伊豆沖,2026-09-06,18,1.6,6.3,7.7,50,26.5,65
西伊豆沖,2026-09-06,21,2.0,7.5,9.2,55,26.2,65
大井川沖,2026-09-06,00,1.2,5.5,6.8,61,27.2,3
大井川沖,2026-09-06,03,1.4,5.3,6.3,54,27.2,61
大井川沖,2026-09-06,06,1.5,5.3,5.9,60,27.1,3
大井川沖,2026-09-06,09,1.6,5.3,6.0,59,27.1,55
大井川沖,2026-09-06,12,1.6,5.5,7.3,51,27.0,63
大井川沖,2026-09-06,15,1.7,5.6,7.7,50,27.0,63
大井川沖,2026-09-06,18,1.8,6.0,6.3,42,27.0,63
大井川沖,2026-09-06,21,2.4,7.0,7.9,52,27.0,65
中瀬海岸,2026-09-06,00,1.2,5.5,6.8,61,27.2,3
中瀬海岸,2026-09-06,03,1.4,5.3,6.3,54,27.2,61
中瀬海岸,2026-09-06,06,1.5,5.3,5.9,60,27.1,3
中瀬海岸,2026-09-06,09,1.6,5.3,6.0,59,27.1,55
中瀬海岸,2026-09-06,12,1.6,5.5,7.3,51,27.0,63
中瀬海岸,2026-09-06,15,1.7,5.6,7.7,50,27.0,63
中瀬海岸,2026-09-06,18,1.8,6.0,6.3,42,27.0,63
中瀬海岸,2026-09-06,21,2.4,7.0,7.9,52,27.0,65
大井川港,2026-09-06,00,1.2,5.5,4.4,61,27.2,3
大井川港,2026-09-06,03,1.4,5.3,5.1,47,27.2,3
大井川港,2026-09-06,06,1.5,5.3,4.6,55,27.1,3
大井川港,2026-09-06,09,1.6,5.3,5.0,50,27.1,53
大井川港,2026-09-06,12,1.6,5.5,6.0,41,27.0,63
大井川港,2026-09-06,15,1.7,5.6,6.0,39,27.0,63
大井川港,2026-09-06,18,1.8,6.0,4.8,30,27.0,63
大井川港,2026-09-06,21,2.4,7.0,5.4,44,27.0,65
駿河湾,2026-09-06,00,1.0,5.9,6.2,68,27.5,3
駿河湾,2026-09-06,03,1.2,5.0,7.6,67,27.5,3
駿河湾,2026-09-06,06,1.3,4.8,8.9,60,27.5,3
駿河湾,2026-09-06,09,1.3,4.8,7.5,65,27.4,63
駿河湾,2026-09-06,12,1.3,4.8,6.8,67,27.3,63
駿河湾,2026-09-06,15,1.3,5.2,6.9,54,27.2,63
駿河湾,2026-09-06,18,1.4,5.8,7.8,51,26.9,65
駿河湾,2026-09-06,21,1.8,7.0,8.9,55,26.6,63
洲崎沖,2026-09-06,00,1.2,6.3,5.3,35,27.9,3
洲崎沖,2026-09-06,03,1.3,5.9,6.9,27,27.9,53
洲崎沖,2026-09-06,06,1.4,5.5,7.4,25,27.8,61
洲崎沖,2026-09-06,09,1.7,5.7,8.3,25,27.8,63
洲崎沖,2026-09-06,12,1.8,6.4,5.3,68,27.8,63
洲崎沖,2026-09-06,15,2.1,7.0,6.9,87,27.8,63
洲崎沖,2026-09-06,18,2.4,7.1,8.8,79,27.7,63
洲崎沖,2026-09-06,21,2.9,7.3,11.1,63,27.7,63
沖ノ瀬,2026-09-06,00,1.3,5.7,9.8,33,27.6,3
沖ノ瀬,2026-09-06,03,1.5,5.4,11.9,25,27.5,51
沖ノ瀬,2026-09-06,06,1.6,5.3,13.9,23,27.3,53
沖ノ瀬,2026-09-06,09,1.9,5.5,13.6,22,27.2,63
沖ノ瀬,2026-09-06,12,2.0,6.0,13.1,7,27.1,63
沖ノ瀬,2026-09-06,15,2.2,6.7,11.0,19,27.0,63
沖ノ瀬,2026-09-06,18,2.5,6.8,9.3,56,27.0,65
沖ノ瀬,2026-09-06,21,2.8,7.2,11.6,40,27.0,63
平砂浦沖,2026-09-06,00,1.3,6.5,5.3,35,28.1,3
平砂浦沖,2026-09-06,03,1.4,6.2,6.9,27,28.0,53
平砂浦沖,2026-09-06,06,1.4,5.8,7.4,25,27.9,61
平砂浦沖,2026-09-06,09,1.7,6.1,8.3,25,27.8,63
平砂浦沖,2026-09-06,12,2.0,6.7,5.3,68,27.7,63
平砂浦沖,2026-09-06,15,2.3,7.1,6.9,87,27.7,63
平砂浦沖,2026-09-06,18,2.7,7.0,8.8,79,27.6,63
平砂浦沖,2026-09-06,21,3.3,7.3,11.1,63,27.6,63
館山沖,2026-09-06,00,1.2,6.5,5.3,35,27.9,3
館山沖,2026-09-06,03,1.3,6.0,6.9,27,27.8,53
館山沖,2026-09-06,06,1.4,5.7,7.4,25,27.8,61
館山沖,2026-09-06,09,1.6,5.9,8.3,25,27.7,63
館山沖,2026-09-06,12,1.9,6.5,5.3,68,27.6,63
館山沖,2026-09-06,15,2.1,7.1,6.9,87,27.5,63
館山沖,2026-09-06,18,2.5,7.0,8.8,79,27.4,63
館山沖,2026-09-06,21,3.1,7.3,11.1,63,27.4,63
久能沖,2026-09-06,00,1.1,5.4,2.8,42,27.4,3
久能沖,2026-09-06,03,1.3,5.1,4.5,40,27.4,3
久能沖,2026-09-06,06,1.3,5.1,5.6,27,27.4,3
久能沖,2026-09-06,09,1.4,5.2,6.1,29,27.3,53
久能沖,2026-09-06,12,1.4,5.2,6.3,14,27.3,63
久能沖,2026-09-06,15,1.4,5.5,5.5,18,27.2,63
久能沖,2026-09-06,18,1.5,6.0,5.9,15,27.2,63
久能沖,2026-09-06,21,2.0,7.0,7.1,19,27.1,65
富浦沖,2026-09-06,00,1.2,6.1,5.3,35,27.9,3
富浦沖,2026-09-06,03,1.4,5.7,6.9,27,27.8,53
富浦沖,2026-09-06,06,1.5,5.5,7.4,25,27.7,61
富浦沖,2026-09-06,09,1.7,5.6,8.3,25,27.6,63
富浦沖,2026-09-06,12,1.9,6.2,5.3,68,27.6,63
富浦沖,2026-09-06,15,2.1,7.0,6.9,87,27.7,63
富浦沖,2026-09-06,18,2.4,7.1,8.8,79,27.6,63
富浦沖,2026-09-06,21,2.9,7.3,11.1,63,27.6,63
折戸沖,2026-09-06,00,1.1,5.4,2.8,42,27.4,3
折戸沖,2026-09-06,03,1.3,5.1,4.5,40,27.4,3
折戸沖,2026-09-06,06,1.3,5.1,5.6,27,27.4,3
折戸沖,2026-09-06,09,1.4,5.2,6.1,29,27.3,53
折戸沖,2026-09-06,12,1.4,5.2,6.3,14,27.3,63
折戸沖,2026-09-06,15,1.4,5.5,5.5,18,27.2,63
折戸沖,2026-09-06,18,1.5,6.0,5.9,15,27.2,63
折戸沖,2026-09-06,21,2.0,7.0,7.1,19,27.1,65
貯木場,2026-09-06,00,1.0,5.4,2.8,42,27.4,3
貯木場,2026-09-06,03,1.2,4.9,4.5,40,27.4,3
貯木場,2026-09-06,06,1.2,4.8,5.6,27,27.4,3
貯木場,2026-09-06,09,1.2,4.8,6.1,29,27.3,53
貯木場,2026-09-06,12,1.1,5.0,6.3,14,27.3,63
貯木場,2026-09-06,15,1.1,5.3,5.5,18,27.2,63
貯木場,2026-09-06,18,1.3,5.9,5.9,15,27.2,63
貯木場,2026-09-06,21,1.6,6.6,7.1,19,27.1,65
折戸,2026-09-06,00,1.0,5.4,2.8,42,27.4,3
折戸,2026-09-06,03,1.2,4.9,4.5,40,27.4,3
折戸,2026-09-06,06,1.2,4.8,5.6,27,27.3,3
折戸,2026-09-06,09,1.2,4.8,6.1,29,27.3,53
折戸,2026-09-06,12,1.1,5.0,6.3,14,27.2,63
折戸,2026-09-06,15,1.1,5.3,5.5,18,27.2,63
折戸,2026-09-06,18,1.3,5.9,5.9,15,27.1,63
折戸,2026-09-06,21,1.6,6.6,7.1,19,27.0,65
清水沖,2026-09-06,00,1.0,5.4,2.8,42,27.4,3
清水沖,2026-09-06,03,1.2,4.9,4.5,40,27.4,3
清水沖,2026-09-06,06,1.2,4.8,5.6,27,27.3,3
清水沖,2026-09-06,09,1.2,4.8,6.1,29,27.3,53
清水沖,2026-09-06,12,1.1,5.0,6.3,14,27.2,63
清水沖,2026-09-06,15,1.1,5.3,5.5,18,27.2,63
清水沖,2026-09-06,18,1.3,5.9,5.9,15,27.1,63
清水沖,2026-09-06,21,1.6,6.6,7.1,19,27.0,65
岩井富浦沖,2026-09-06,00,0.9,6.5,5.3,35,27.8,3
岩井富浦沖,2026-09-06,03,1.0,5.7,6.9,27,27.7,53
岩井富浦沖,2026-09-06,06,1.0,5.1,7.4,25,27.7,61
岩井富浦沖,2026-09-06,09,1.2,5.3,8.3,25,27.6,63
岩井富浦沖,2026-09-06,12,1.3,6.0,5.3,68,27.5,63
岩井富浦沖,2026-09-06,15,1.5,6.8,6.9,87,27.4,63
岩井富浦沖,2026-09-06,18,1.8,7.2,8.8,79,27.6,63
岩井富浦沖,2026-09-06,21,2.0,7.1,11.1,63,27.7,63
北防,2026-09-06,00,1.0,5.4,2.8,42,27.4,3
北防,2026-09-06,03,1.2,4.9,4.5,40,27.4,3
北防,2026-09-06,06,1.2,4.8,5.6,27,27.4,3
北防,2026-09-06,09,1.2,4.8,6.1,29,27.3,53
北防,2026-09-06,12,1.1,5.0,6.3,14,27.3,63
北防,2026-09-06,15,1.1,5.3,5.5,18,27.2,63
北防,2026-09-06,18,1.3,5.9,5.9,15,27.2,63
北防,2026-09-06,21,1.6,6.6,7.1,19,27.1,65
一文字堤,2026-09-06,00,1.0,5.4,2.8,42,27.4,3
一文字堤,2026-09-06,03,1.2,4.9,4.5,40,27.4,3
一文字堤,2026-09-06,06,1.2,4.8,5.6,27,27.3,3
一文字堤,2026-09-06,09,1.2,4.8,6.1,29,27.3,53
一文字堤,2026-09-06,12,1.1,5.0,6.3,14,27.2,63
一文字堤,2026-09-06,15,1.1,5.3,5.5,18,27.2,63
一文字堤,2026-09-06,18,1.3,5.9,5.9,15,27.1,63
一文字堤,2026-09-06,21,1.6,6.6,7.1,19,27.0,65
西浦沖,2026-09-06,00,0.8,6.2,4.4,78,27.3,3
西浦沖,2026-09-06,03,0.7,5.6,5.4,72,27.2,3
西浦沖,2026-09-06,06,0.7,5.5,6.7,64,27.1,51
西浦沖,2026-09-06,09,0.6,5.5,6.1,64,27.1,63
西浦沖,2026-09-06,12,0.6,5.7,5.3,65,27.0,63
西浦沖,2026-09-06,15,0.6,6.3,5.6,55,27.0,63
西浦沖,2026-09-06,18,0.8,6.8,6.7,62,27.0,63
西浦沖,2026-09-06,21,1.0,7.2,6.7,67,27.0,63
高新田前,2026-09-06,00,1.0,5.4,2.8,42,27.4,3
高新田前,2026-09-06,03,1.2,4.9,4.5,40,27.4,3
高新田前,2026-09-06,06,1.2,4.8,5.6,27,27.3,3
高新田前,2026-09-06,09,1.2,4.8,6.1,29,27.3,53
高新田前,2026-09-06,12,1.1,5.0,6.3,14,27.2,63
高新田前,2026-09-06,15,1.1,5.3,5.5,18,27.2,63
高新田前,2026-09-06,18,1.3,5.9,5.9,15,27.1,63
高新田前,2026-09-06,21,1.6,6.6,7.1,19,27.0,65
三保沖,2026-09-06,00,1.0,5.4,1.9,10,27.3,3
三保沖,2026-09-06,03,1.2,4.9,3.4,25,27.3,3
三保沖,2026-09-06,06,1.2,4.8,4.8,13,27.3,51
三保沖,2026-09-06,09,1.2,4.8,4.5,10,27.2,53
三保沖,2026-09-06,12,1.1,5.0,5.5,355,27.2,63
三保沖,2026-09-06,15,1.1,5.3,3.8,4,27.1,63
三保沖,2026-09-06,18,1.3,5.9,4.8,358,27.0,63
三保沖,2026-09-06,21,1.6,6.6,5.6,360,27.0,63
三保取入口,2026-09-06,00,1.0,5.4,1.9,10,27.3,3
三保取入口,2026-09-06,03,1.2,4.9,3.4,25,27.3,3
三保取入口,2026-09-06,06,1.2,4.8,4.8,13,27.3,51
三保取入口,2026-09-06,09,1.2,4.8,4.5,10,27.2,53
三保取入口,2026-09-06,12,1.1,5.0,5.5,355,27.2,63
三保取入口,2026-09-06,15,1.1,5.3,3.8,4,27.1,63
三保取入口,2026-09-06,18,1.3,5.9,4.8,358,27.0,63
三保取入口,2026-09-06,21,1.6,6.6,5.6,360,27.0,63
静浦沖,2026-09-06,00,0.8,6.2,4.5,63,27.3,3
静浦沖,2026-09-06,03,0.7,5.6,4.7,67,27.2,3
静浦沖,2026-09-06,06,0.7,5.5,6.0,60,27.1,51
静浦沖,2026-09-06,09,0.6,5.5,5.2,61,27.1,61
静浦沖,2026-09-06,12,0.6,5.7,5.3,56,27.0,63
静浦沖,2026-09-06,15,0.6,6.3,4.8,46,27.0,63
静浦沖,2026-09-06,18,0.8,6.8,6.3,59,27.0,63
静浦沖,2026-09-06,21,1.0,7.2,6.4,57,27.0,63
網代沖,2026-09-06,00,,,4.5,63,26.6,3
網代沖,2026-09-06,03,,,5.7,55,26.6,3
網代沖,2026-09-06,06,,,6.5,52,26.6,51
網代沖,2026-09-06,09,,,7.0,45,26.7,63
網代沖,2026-09-06,12,,,5.2,45,26.7,63
網代沖,2026-09-06,15,,,6.5,43,26.7,63
網代沖,2026-09-06,18,,,6.8,54,26.7,63
網代沖,2026-09-06,21,,,6.8,55,26.7,65
網代南沖,2026-09-06,00,1.1,5.3,5.3,38,26.6,3
網代南沖,2026-09-06,03,1.2,5.0,6.2,37,26.6,3
網代南沖,2026-09-06,06,1.3,4.9,6.9,36,26.6,51
網代南沖,2026-09-06,09,1.5,5.0,7.1,29,26.7,61
網代南沖,2026-09-06,12,1.6,5.4,5.6,27,26.7,63
網代南沖,2026-09-06,15,1.8,6.0,6.3,28,26.7,63
網代南沖,2026-09-06,18,2.1,6.3,6.5,37,26.7,63
網代南沖,2026-09-06,21,2.2,6.5,7.5,36,26.7,65
岩井沖,2026-09-06,00,0.9,6.5,5.3,35,27.8,3
岩井沖,2026-09-06,03,1.0,5.7,6.9,27,27.7,53
岩井沖,2026-09-06,06,1.0,5.1,7.4,25,27.7,61
岩井沖,2026-09-06,09,1.2,5.3,8.3,25,27.6,63
岩井沖,2026-09-06,12,1.3,6.0,5.3,68,27.5,63
岩井沖,2026-09-06,15,1.5,6.8,6.9,87,27.4,63
岩井沖,2026-09-06,18,1.8,7.2,8.8,79,27.6,63
岩井沖,2026-09-06,21,2.0,7.1,11.1,63,27.7,63
沼津沖,2026-09-06,00,0.8,6.2,4.4,78,27.3,3
沼津沖,2026-09-06,03,0.7,5.6,5.4,72,27.2,3
沼津沖,2026-09-06,06,0.7,5.5,6.7,64,27.1,51
沼津沖,2026-09-06,09,0.6,5.5,6.1,64,27.1,63
沼津沖,2026-09-06,12,0.6,5.7,5.3,65,27.0,63
沼津沖,2026-09-06,15,0.6,6.3,5.6,55,27.0,63
沼津沖,2026-09-06,18,0.8,6.8,6.7,62,27.0,63
沼津沖,2026-09-06,21,1.0,7.2,6.7,67,27.0,63
相模湾,2026-09-06,00,1.1,5.4,11.2,23,27.4,3
相模湾,2026-09-06,03,1.3,5.1,13.0,18,27.4,3
相模湾,2026-09-06,06,1.4,5.0,14.3,18,27.3,53
相模湾,2026-09-06,09,1.6,5.1,14.7,16,27.2,63
相模湾,2026-09-06,12,1.7,5.5,13.6,9,27.1,63
相模湾,2026-09-06,15,1.9,6.0,13.7,16,27.0,63
相模湾,2026-09-06,18,2.2,6.4,12.0,23,27.0,65
相模湾,2026-09-06,21,2.3,6.6,15.3,19,26.9,65
太海沖航程1時間30分,2026-09-06,00,1.3,6.5,4.8,31,27.7,3
太海沖航程1時間30分,2026-09-06,03,1.4,6.2,6.2,25,27.7,51
太海沖航程1時間30分,2026-09-06,06,1.4,5.8,6.0,23,27.6,61
太海沖航程1時間30分,2026-09-06,09,1.7,6.1,6.6,19,27.6,63
太海沖航程1時間30分,2026-09-06,12,2.0,6.7,5.2,76,27.5,63
太海沖航程1時間30分,2026-09-06,15,2.3,7.1,5.9,80,27.5,63
太海沖航程1時間30分,2026-09-06,18,2.7,7.0,7.0,75,27.5,63
太海沖航程1時間30分,2026-09-06,21,3.3,7.3,9.2,64,27.5,65
木負沖,2026-09-06,00,0.8,6.2,4.5,63,27.3,3
木負沖,2026-09-06,03,0.7,5.6,4.7,67,27.2,3
木負沖,2026-09-06,06,0.7,5.5,6.0,60,27.1,51
木負沖,2026-09-06,09,0.6,5.5,5.2,61,27.1,61
木負沖,2026-09-06,12,0.6,5.7,5.3,56,27.0,63
木負沖,2026-09-06,15,0.6,6.3,4.8,46,27.0,63
木負沖,2026-09-06,18,0.8,6.8,6.3,59,27.0,63
木負沖,2026-09-06,21,1.0,7.2,6.4,57,27.0,63
木負湾内,2026-09-06,00,0.8,6.2,4.5,63,27.3,3
木負湾内,2026-09-06,03,0.7,5.6,4.7,67,27.2,3
木負湾内,2026-09-06,06,0.7,5.5,6.0,60,27.1,51
木負湾内,2026-09-06,09,0.6,5.5,5.2,61,27.1,61
木負湾内,2026-09-06,12,0.6,5.7,5.3,56,27.0,63
木負湾内,2026-09-06,15,0.6,6.3,4.8,46,27.0,63
木負湾内,2026-09-06,18,0.8,6.8,6.3,59,27.0,63
木負湾内,2026-09-06,21,1.0,7.2,6.4,57,27.0,63
カメギ根,2026-09-06,00,1.1,5.6,9.8,22,27.6,3
カメギ根,2026-09-06,03,1.3,5.2,10.6,16,27.5,3
カメギ根,2026-09-06,06,1.4,5.0,11.6,16,27.3,61
カメギ根,2026-09-06,09,1.6,5.2,12.4,14,27.2,63
カメギ根,2026-09-06,12,1.7,5.6,11.4,3,27.1,63
カメギ根,2026-09-06,15,1.9,6.3,11.1,14,27.1,63
カメギ根,2026-09-06,18,2.1,6.7,8.8,45,27.1,65
カメギ根,2026-09-06,21,2.3,6.9,11.5,28,27.1,65
保田沖,2026-09-06,00,1.0,6.1,4.9,29,27.8,3
保田沖,2026-09-06,03,1.1,5.4,6.0,23,27.8,51
保田沖,2026-09-06,06,1.2,5.0,5.9,22,27.7,61
保田沖,2026-09-06,09,1.4,5.2,6.1,24,27.6,63
保田沖,2026-09-06,12,1.5,5.8,4.2,18,27.6,63
保田沖,2026-09-06,15,1.6,6.8,4.9,66,27.5,63
保田沖,2026-09-06,18,2.0,7.2,6.1,70,27.6,63
保田沖,2026-09-06,21,2.1,7.2,7.4,61,27.6,63
大沢沖前後,2026-09-06,00,1.5,6.6,5.7,34,28.4,3
大沢沖前後,2026-09-06,03,1.6,6.3,6.9,28,28.3,51
大沢沖前後,2026-09-06,06,1.5,6.2,7.1,30,28.2,61
大沢沖前後,2026-09-06,09,1.8,6.5,5.9,26,28.1,63
大沢沖前後,2026-09-06,12,2.3,7.0,6.6,86,28.0,63
大沢沖前後,2026-09-06,15,2.6,7.2,6.3,84,27.9,63
大沢沖前後,2026-09-06,18,2.9,7.0,7.0,75,27.8,63
大沢沖前後,2026-09-06,21,3.4,7.4,8.8,66,27.7,65
勝浦沖航程1時間30分,2026-09-06,00,1.7,6.7,5.9,40,28.7,3
勝浦沖航程1時間30分,2026-09-06,03,1.8,6.5,6.2,35,28.5,53
勝浦沖航程1時間30分,2026-09-06,06,1.9,6.5,7.9,38,28.3,61
勝浦沖航程1時間30分,2026-09-06,09,2.3,6.7,5.5,44,28.2,63
勝浦沖航程1時間30分,2026-09-06,12,2.7,7.2,6.9,94,28.2,63
勝浦沖航程1時間30分,2026-09-06,15,2.9,7.3,7.0,88,28.2,63
勝浦沖航程1時間30分,2026-09-06,18,3.2,7.2,6.7,82,28.1,63
勝浦沖航程1時間30分,2026-09-06,21,3.5,7.5,9.2,75,27.9,63
由比沖,2026-09-06,00,0.6,7.4,0.3,39,27.4,3
由比沖,2026-09-06,03,0.5,7.2,0.5,73,27.3,3
由比沖,2026-09-06,06,0.5,7.2,0.3,81,27.3,3
由比沖,2026-09-06,09,0.4,7.3,1.2,272,27.2,53
由比沖,2026-09-06,12,0.4,7.5,1.9,308,27.1,63
由比沖,2026-09-06,15,0.5,7.8,0.1,90,27.0,63
由比沖,2026-09-06,18,0.6,8.2,0.8,317,26.9,63
由比沖,2026-09-06,21,0.8,8.5,1.5,288,26.8,63
由比港周辺,2026-09-06,00,0.6,7.4,0.3,39,27.4,3
由比港周辺,2026-09-06,03,0.5,7.2,0.5,73,27.3,3
由比港周辺,2026-09-06,06,0.5,7.2,0.3,81,27.3,3
由比港周辺,2026-09-06,09,0.4,7.3,1.2,272,27.2,53
由比港周辺,2026-09-06,12,0.4,7.5,1.9,308,27.1,63
由比港周辺,2026-09-06,15,0.5,7.8,0.1,90,27.0,63
由比港周辺,2026-09-06,18,0.6,8.2,0.8,317,26.9,63
由比港周辺,2026-09-06,21,0.8,8.5,1.5,288,26.8,63
岩船沖,2026-09-06,00,1.3,6.5,4.6,28,27.7,3
岩船沖,2026-09-06,03,1.4,6.2,5.8,25,27.7,51
岩船沖,2026-09-06,06,1.4,5.8,5.8,23,27.6,61
岩船沖,2026-09-06,09,1.7,6.1,5.1,17,27.6,63
岩船沖,2026-09-06,12,2.0,6.7,4.8,77,27.5,63
岩船沖,2026-09-06,15,2.3,7.1,5.2,71,27.5,63
岩船沖,2026-09-06,18,2.7,7.0,6.0,71,27.5,63
岩船沖,2026-09-06,21,3.3,7.3,7.5,63,27.5,65
小湊沖,2026-09-06,00,1.2,6.7,5.7,34,28.0,3
小湊沖,2026-09-06,03,1.3,6.5,6.9,28,27.9,51
小湊沖,2026-09-06,06,1.2,6.0,7.1,30,27.9,61
小湊沖,2026-09-06,09,1.5,6.4,5.9,26,27.8,63
小湊沖,2026-09-06,12,1.9,6.8,6.6,86,27.8,63
小湊沖,2026-09-06,15,2.2,7.0,6.3,84,27.8,63
小湊沖,2026-09-06,18,2.4,7.0,7.0,75,27.8,63
小湊沖,2026-09-06,21,2.7,7.3,8.8,66,27.7,65
太海沖,2026-09-06,00,0.7,6.5,4.9,29,26.9,3
太海沖,2026-09-06,03,0.8,5.5,6.0,23,26.9,51
太海沖,2026-09-06,06,0.8,4.8,5.9,22,26.8,61
太海沖,2026-09-06,09,1.0,5.0,6.1,24,26.7,63
太海沖,2026-09-06,12,1.0,5.6,4.2,18,26.6,63
太海沖,2026-09-06,15,1.1,6.7,4.9,66,26.5,63
太海沖,2026-09-06,18,1.4,7.1,6.1,70,26.5,63
太海沖,2026-09-06,21,1.5,7.0,7.4,61,26.5,63
鴨川沖前後,2026-09-06,00,1.0,6.5,5.7,34,27.6,3
鴨川沖前後,2026-09-06,03,1.1,6.2,6.9,28,27.5,51
鴨川沖前後,2026-09-06,06,1.1,5.8,7.1,30,27.5,61
鴨川沖前後,2026-09-06,09,1.3,6.2,5.9,26,27.5,63
鴨川沖前後,2026-09-06,12,1.6,6.7,6.6,86,27.5,63
鴨川沖前後,2026-09-06,15,1.9,6.9,6.3,84,27.5,63
鴨川沖前後,2026-09-06,18,2.2,7.0,7.0,75,27.5,63
鴨川沖前後,2026-09-06,21,2.4,7.1,8.8,66,27.5,65
岩和田沖,2026-09-06,00,1.5,6.8,5.9,40,28.2,3
岩和田沖,2026-09-06,03,1.6,6.6,6.2,35,28.1,53
岩和田沖,2026-09-06,06,1.6,6.4,7.9,38,28.0,61
岩和田沖,2026-09-06,09,1.9,6.7,5.5,44,27.9,63
岩和田沖,2026-09-06,12,2.4,7.1,6.9,94,27.9,63
岩和田沖,2026-09-06,15,2.6,7.2,7.0,88,27.8,63
岩和田沖,2026-09-06,18,2.9,7.2,6.7,82,27.7,63
岩和田沖,2026-09-06,21,3.2,7.5,9.2,75,27.7,63
城ヶ島西沖,2026-09-06,00,1.0,5.7,9.8,22,27.6,3
城ヶ島西沖,2026-09-06,03,1.1,5.1,10.6,16,27.4,3
城ヶ島西沖,2026-09-06,06,1.1,4.8,11.6,16,27.3,61
城ヶ島西沖,2026-09-06,09,1.3,4.9,12.4,14,27.1,63
城ヶ島西沖,2026-09-06,12,1.4,5.3,11.4,3,27.1,63
城ヶ島西沖,2026-09-06,15,1.6,6.0,11.1,14,27.1,63
城ヶ島西沖,2026-09-06,18,1.8,6.5,8.8,45,27.1,65
城ヶ島西沖,2026-09-06,21,1.9,6.7,11.5,28,27.2,65
城ヶ島沖,2026-09-06,00,0.9,5.8,10.2,25,27.5,3
城ヶ島沖,2026-09-06,03,1.0,5.2,11.5,18,27.5,3
城ヶ島沖,2026-09-06,06,1.1,4.8,12.2,18,27.4,63
城ヶ島沖,2026-09-06,09,1.3,4.9,13.2,17,27.4,63
城ヶ島沖,2026-09-06,12,1.3,5.5,12.2,358,27.3,63
城ヶ島沖,2026-09-06,15,1.4,6.3,9.0,28,27.3,63
城ヶ島沖,2026-09-06,18,1.7,6.7,9.6,58,27.4,63
城ヶ島沖,2026-09-06,21,1.8,6.8,11.9,43,27.5,65
大貫沖～富浦沖,2026-09-06,00,0.7,6.5,4.9,29,27.4,3
大貫沖～富浦沖,2026-09-06,03,0.8,5.5,6.0,23,27.4,51
大貫沖～富浦沖,2026-09-06,06,0.8,4.8,5.9,22,27.3,61
大貫沖～富浦沖,2026-09-06,09,1.0,5.0,6.1,24,27.3,63
大貫沖～富浦沖,2026-09-06,12,1.0,5.6,4.2,18,27.1,63
大貫沖～富浦沖,2026-09-06,15,1.1,6.7,4.9,66,27.0,63
大貫沖～富浦沖,2026-09-06,18,1.4,7.1,6.1,70,27.1,63
大貫沖～富浦沖,2026-09-06,21,1.5,7.0,7.4,61,27.1,63
御宿沖,2026-09-06,00,1.5,6.8,5.9,40,28.2,3
御宿沖,2026-09-06,03,1.6,6.6,6.2,35,28.1,53
御宿沖,2026-09-06,06,1.6,6.4,7.9,38,28.0,61
御宿沖,2026-09-06,09,1.9,6.7,5.5,44,27.9,63
御宿沖,2026-09-06,12,2.4,7.1,6.9,94,27.9,63
御宿沖,2026-09-06,15,2.6,7.2,7.0,88,27.8,63
御宿沖,2026-09-06,18,2.9,7.2,6.7,82,27.7,63
御宿沖,2026-09-06,21,3.2,7.5,9.2,75,27.7,63
興津港沖,2026-09-06,00,1.5,6.8,5.9,40,28.2,3
興津港沖,2026-09-06,03,1.6,6.6,6.2,35,28.1,53
興津港沖,2026-09-06,06,1.6,6.4,7.9,38,28.0,61
興津港沖,2026-09-06,09,1.9,6.7,5.5,44,27.9,63
興津港沖,2026-09-06,12,2.4,7.1,6.9,94,27.9,63
興津港沖,2026-09-06,15,2.6,7.2,7.0,88,27.8,63
興津港沖,2026-09-06,18,2.9,7.2,6.7,82,27.7,63
興津港沖,2026-09-06,21,3.2,7.5,9.2,75,27.7,63
烏帽子沖,2026-09-06,00,0.9,5.8,10.2,25,27.5,3
烏帽子沖,2026-09-06,03,1.0,5.2,11.5,18,27.5,3
烏帽子沖,2026-09-06,06,1.1,4.8,12.2,18,27.4,63
烏帽子沖,2026-09-06,09,1.3,4.9,13.2,17,27.4,63
烏帽子沖,2026-09-06,12,1.3,5.5,12.2,358,27.3,63
烏帽子沖,2026-09-06,15,1.4,6.3,9.0,28,27.3,63
烏帽子沖,2026-09-06,18,1.7,6.7,9.6,58,27.4,63
烏帽子沖,2026-09-06,21,1.8,6.8,11.9,43,27.5,65
諸磯沖,2026-09-06,00,0.9,5.8,10.2,25,27.5,3
諸磯沖,2026-09-06,03,1.0,5.2,11.5,18,27.5,3
諸磯沖,2026-09-06,06,1.1,4.8,12.2,18,27.4,63
諸磯沖,2026-09-06,09,1.3,4.9,13.2,17,27.4,63
諸磯沖,2026-09-06,12,1.3,5.5,12.2,358,27.3,63
諸磯沖,2026-09-06,15,1.4,6.3,9.0,28,27.3,63
諸磯沖,2026-09-06,18,1.7,6.7,9.6,58,27.4,63
諸磯沖,2026-09-06,21,1.8,6.8,11.9,43,27.5,65
剣崎沖,2026-09-06,00,0.9,5.8,10.2,25,27.5,3
剣崎沖,2026-09-06,03,1.0,5.2,11.5,18,27.5,3
剣崎沖,2026-09-06,06,1.1,4.8,12.2,18,27.4,63
剣崎沖,2026-09-06,09,1.3,4.9,13.2,17,27.4,63
剣崎沖,2026-09-06,12,1.3,5.5,12.2,358,27.3,63
剣崎沖,2026-09-06,15,1.4,6.3,9.0,28,27.3,63
剣崎沖,2026-09-06,18,1.7,6.7,9.6,58,27.4,63
剣崎沖,2026-09-06,21,1.8,6.8,11.9,43,27.5,65
勝浦灯台沖航程20分,2026-09-06,00,1.3,6.8,5.9,40,28.2,3
勝浦灯台沖航程20分,2026-09-06,03,1.4,6.5,6.2,35,28.1,53
勝浦灯台沖航程20分,2026-09-06,06,1.4,6.2,7.9,38,28.0,61
勝浦灯台沖航程20分,2026-09-06,09,1.7,6.5,5.5,44,27.9,63
勝浦灯台沖航程20分,2026-09-06,12,2.1,7.0,6.9,94,27.9,63
勝浦灯台沖航程20分,2026-09-06,15,2.4,7.2,7.0,88,27.9,63
勝浦灯台沖航程20分,2026-09-06,18,2.7,7.1,6.7,82,27.8,63
勝浦灯台沖航程20分,2026-09-06,21,3.0,7.4,9.2,75,27.8,63
勝浦沖航程30分,2026-09-06,00,1.5,6.8,5.9,40,28.2,3
勝浦沖航程30分,2026-09-06,03,1.6,6.6,6.2,35,28.1,53
勝浦沖航程30分,2026-09-06,06,1.6,6.4,7.9,38,28.0,61
勝浦沖航程30分,2026-09-06,09,1.9,6.7,5.5,44,27.9,63
勝浦沖航程30分,2026-09-06,12,2.4,7.1,6.9,94,27.9,63
勝浦沖航程30分,2026-09-06,15,2.6,7.2,7.0,88,27.8,63
勝浦沖航程30分,2026-09-06,18,2.9,7.2,6.7,82,27.7,63
勝浦沖航程30分,2026-09-06,21,3.2,7.5,9.2,75,27.7,63
田子の浦沖,2026-09-06,00,0.6,7.4,0.3,39,27.4,3
田子の浦沖,2026-09-06,03,0.5,7.2,0.5,73,27.3,3
田子の浦沖,2026-09-06,06,0.5,7.2,0.3,81,27.3,3
田子の浦沖,2026-09-06,09,0.4,7.3,1.2,272,27.2,53
田子の浦沖,2026-09-06,12,0.4,7.5,1.9,308,27.1,63
田子の浦沖,2026-09-06,15,0.5,7.8,0.1,90,27.0,63
田子の浦沖,2026-09-06,18,0.6,8.2,0.8,317,26.9,63
田子の浦沖,2026-09-06,21,0.8,8.5,1.5,288,26.8,63
富士川沖,2026-09-06,00,0.6,7.4,0.3,39,27.2,3
富士川沖,2026-09-06,03,0.5,7.2,0.5,73,27.2,3
富士川沖,2026-09-06,06,0.5,7.2,0.3,81,27.2,3
富士川沖,2026-09-06,09,0.4,7.3,1.2,272,27.2,53
富士川沖,2026-09-06,12,0.4,7.5,1.9,308,27.1,63
富士川沖,2026-09-06,15,0.5,7.8,0.1,90,26.9,63
富士川沖,2026-09-06,18,0.6,8.2,0.8,317,26.9,63
富士川沖,2026-09-06,21,0.8,8.5,1.5,288,26.8,63
かんねこ,2026-09-06,00,0.7,6.5,4.9,29,26.9,3
かんねこ,2026-09-06,03,0.8,5.5,6.0,23,26.9,51
かんねこ,2026-09-06,06,0.8,4.8,5.9,22,26.8,61
かんねこ,2026-09-06,09,1.0,5.0,6.1,24,26.7,63
かんねこ,2026-09-06,12,1.0,5.6,4.2,18,26.6,63
かんねこ,2026-09-06,15,1.1,6.7,4.9,66,26.5,63
かんねこ,2026-09-06,18,1.4,7.1,6.1,70,26.5,63
かんねこ,2026-09-06,21,1.5,7.0,7.4,61,26.5,63
海中公園沖,2026-09-06,00,1.5,6.8,5.9,40,28.2,3
海中公園沖,2026-09-06,03,1.6,6.6,6.2,35,28.1,53
海中公園沖,2026-09-06,06,1.6,6.4,7.9,38,28.0,61
海中公園沖,2026-09-06,09,1.9,6.7,5.5,44,27.9,63
海中公園沖,2026-09-06,12,2.4,7.1,6.9,94,27.9,63
海中公園沖,2026-09-06,15,2.6,7.2,7.0,88,27.8,63
海中公園沖,2026-09-06,18,2.9,7.2,6.7,82,27.7,63
海中公園沖,2026-09-06,21,3.2,7.5,9.2,75,27.7,63
真鶴西沖,2026-09-06,00,0.9,5.2,4.6,21,26.7,3
真鶴西沖,2026-09-06,03,1.0,5.0,5.0,22,26.6,3
真鶴西沖,2026-09-06,06,1.1,4.8,5.3,22,26.6,53
真鶴西沖,2026-09-06,09,1.3,4.8,5.3,12,26.7,61
真鶴西沖,2026-09-06,12,1.3,5.2,3.3,360,26.7,63
真鶴西沖,2026-09-06,15,1.5,6.0,4.5,8,26.7,63
真鶴西沖,2026-09-06,18,1.8,6.4,4.5,16,26.7,63
真鶴西沖,2026-09-06,21,1.9,6.5,6.7,22,26.7,65
真鶴沖,2026-09-06,00,0.9,5.2,4.6,21,26.7,3
真鶴沖,2026-09-06,03,1.0,5.0,5.0,22,26.6,3
真鶴沖,2026-09-06,06,1.1,4.8,5.3,22,26.6,53
真鶴沖,2026-09-06,09,1.3,4.8,5.3,12,26.7,61
真鶴沖,2026-09-06,12,1.3,5.2,3.3,360,26.7,63
真鶴沖,2026-09-06,15,1.5,6.0,4.5,8,26.7,63
真鶴沖,2026-09-06,18,1.8,6.4,4.5,16,26.7,63
真鶴沖,2026-09-06,21,1.9,6.5,6.7,22,26.7,65
勝浦灯台沖,2026-09-06,00,1.3,6.8,5.9,40,28.2,3
勝浦灯台沖,2026-09-06,03,1.4,6.5,6.2,35,28.1,53
勝浦灯台沖,2026-09-06,06,1.4,6.2,7.9,38,28.0,61
勝浦灯台沖,2026-09-06,09,1.7,6.5,5.5,44,27.9,63
勝浦灯台沖,2026-09-06,12,2.1,7.0,6.9,94,27.9,63
勝浦灯台沖,2026-09-06,15,2.4,7.2,7.0,88,27.9,63
勝浦灯台沖,2026-09-06,18,2.7,7.1,6.7,82,27.8,63
勝浦灯台沖,2026-09-06,21,3.0,7.4,9.2,75,27.8,63
勝浦沖,2026-09-06,00,1.3,6.8,5.9,40,28.2,3
勝浦沖,2026-09-06,03,1.4,6.5,6.2,35,28.1,53
勝浦沖,2026-09-06,06,1.4,6.2,7.9,38,28.0,61
勝浦沖,2026-09-06,09,1.7,6.5,5.5,44,27.9,63
勝浦沖,2026-09-06,12,2.1,7.0,6.9,94,27.9,63
勝浦沖,2026-09-06,15,2.4,7.2,7.0,88,27.9,63
勝浦沖,2026-09-06,18,2.7,7.1,6.7,82,27.8,63
勝浦沖,2026-09-06,21,3.0,7.4,9.2,75,27.8,63
富士山根,2026-09-06,00,0.7,6.3,7.0,16,27.0,3
富士山根,2026-09-06,03,0.8,5.5,7.7,9,26.9,3
富士山根,2026-09-06,06,0.8,4.9,7.6,7,26.8,61
富士山根,2026-09-06,09,1.0,4.8,9.1,3,26.7,61
富士山根,2026-09-06,12,1.0,5.2,7.7,352,26.7,63
富士山根,2026-09-06,15,1.2,6.0,6.5,15,26.7,63
富士山根,2026-09-06,18,1.4,6.5,6.5,51,26.8,63
富士山根,2026-09-06,21,1.5,6.8,8.0,39,26.8,65
川津沖,2026-09-06,00,1.3,6.5,5.9,36,28.2,3
川津沖,2026-09-06,03,1.4,6.3,6.3,43,28.1,53
川津沖,2026-09-06,06,1.4,6.1,8.3,42,28.0,55
川津沖,2026-09-06,09,1.7,6.5,5.1,56,27.9,63
川津沖,2026-09-06,12,2.1,7.0,7.4,95,27.9,63
川津沖,2026-09-06,15,2.3,7.2,7.3,93,27.8,63
川津沖,2026-09-06,18,2.6,7.2,6.8,91,27.7,63
川津沖,2026-09-06,21,2.8,7.5,9.3,80,27.7,63
下浦沖,2026-09-06,00,0.6,6.1,7.0,16,27.2,3
下浦沖,2026-09-06,03,0.7,5.1,7.7,9,27.2,3
下浦沖,2026-09-06,06,0.7,4.5,7.6,7,27.1,61
下浦沖,2026-09-06,09,0.9,4.5,9.1,3,27.0,61
下浦沖,2026-09-06,12,0.9,5.1,7.7,352,26.9,63
下浦沖,2026-09-06,15,0.9,6.2,6.5,15,26.7,63
下浦沖,2026-09-06,18,1.2,6.6,6.5,51,26.7,63
下浦沖,2026-09-06,21,1.2,6.6,8.0,39,26.8,65
興津沖,2026-09-06,00,1.3,6.5,5.9,36,28.2,3
興津沖,2026-09-06,03,1.4,6.3,6.3,43,28.1,53
興津沖,2026-09-06,06,1.4,6.1,8.3,42,28.0,55
興津沖,2026-09-06,09,1.7,6.5,5.1,56,27.9,63
興津沖,2026-09-06,12,2.1,7.0,7.4,95,27.9,63
興津沖,2026-09-06,15,2.3,7.2,7.3,93,27.8,63
興津沖,2026-09-06,18,2.6,7.2,6.8,91,27.7,63
興津沖,2026-09-06,21,2.8,7.5,9.3,80,27.7,63
長井西沖,2026-09-06,00,0.7,6.3,7.0,16,27.0,3
長井西沖,2026-09-06,03,0.8,5.5,7.7,9,26.9,3
長井西沖,2026-09-06,06,0.8,4.9,7.6,7,26.8,61
長井西沖,2026-09-06,09,1.0,4.8,9.1,3,26.7,61
長井西沖,2026-09-06,12,1.0,5.2,7.7,352,26.7,63
長井西沖,2026-09-06,15,1.2,6.0,6.5,15,26.7,63
長井西沖,2026-09-06,18,1.4,6.5,6.5,51,26.8,63
長井西沖,2026-09-06,21,1.5,6.8,8.0,39,26.8,65
長井沖,2026-09-06,00,0.7,6.0,7.0,16,27.0,3
長井沖,2026-09-06,03,0.8,5.2,7.7,9,27.0,3
長井沖,2026-09-06,06,0.8,4.6,7.6,7,27.0,61
長井沖,2026-09-06,09,0.9,4.6,9.1,3,26.9,61
長井沖,2026-09-06,12,1.0,5.0,7.7,352,26.8,63
長井沖,2026-09-06,15,1.0,6.0,6.5,15,26.8,63
長井沖,2026-09-06,18,1.3,6.5,6.5,51,26.8,63
長井沖,2026-09-06,21,1.3,6.6,8.0,39,26.9,65
三戸浜沖,2026-09-06,00,0.7,6.0,7.0,16,27.0,3
三戸浜沖,2026-09-06,03,0.8,5.2,7.7,9,27.0,3
三戸浜沖,2026-09-06,06,0.8,4.6,7.6,7,27.0,61
三戸浜沖,2026-09-06,09,0.9,4.6,9.1,3,26.9,61
三戸浜沖,2026-09-06,12,1.0,5.0,7.7,352,26.8,63
三戸浜沖,2026-09-06,15,1.0,6.0,6.5,15,26.8,63
三戸浜沖,2026-09-06,18,1.3,6.5,6.5,51,26.8,63
三戸浜沖,2026-09-06,21,1.3,6.6,8.0,39,26.9,65
金谷沖,2026-09-06,00,0.6,6.3,7.0,16,27.2,3
金谷沖,2026-09-06,03,0.6,5.2,7.7,9,27.2,3
金谷沖,2026-09-06,06,0.6,4.5,7.6,7,27.1,61
金谷沖,2026-09-06,09,0.8,4.5,9.1,3,27.0,61
金谷沖,2026-09-06,12,0.8,5.1,7.7,352,26.9,63
金谷沖,2026-09-06,15,0.8,6.2,6.5,15,26.9,63
金谷沖,2026-09-06,18,1.0,6.7,6.5,51,26.8,63
金谷沖,2026-09-06,21,1.1,6.5,8.0,39,26.8,65
佐島沖,2026-09-06,00,0.7,6.0,7.0,16,27.0,3
佐島沖,2026-09-06,03,0.8,5.2,7.7,9,27.0,3
佐島沖,2026-09-06,06,0.8,4.6,7.6,7,27.0,61
佐島沖,2026-09-06,09,0.9,4.6,9.1,3,26.9,61
佐島沖,2026-09-06,12,1.0,5.0,7.7,352,26.8,63
佐島沖,2026-09-06,15,1.0,6.0,6.5,15,26.8,63
佐島沖,2026-09-06,18,1.3,6.5,6.5,51,26.8,63
佐島沖,2026-09-06,21,1.3,6.6,8.0,39,26.9,65
小田原南沖,2026-09-06,00,0.7,6.0,4.6,21,26.7,3
小田原南沖,2026-09-06,03,0.8,5.5,5.0,22,26.6,3
小田原南沖,2026-09-06,06,0.8,5.1,5.3,22,26.6,53
小田原南沖,2026-09-06,09,0.9,5.0,5.3,12,26.6,61
小田原南沖,2026-09-06,12,1.0,5.5,3.3,360,26.6,63
小田原南沖,2026-09-06,15,1.1,6.3,4.5,8,26.6,63
小田原南沖,2026-09-06,18,1.4,6.8,4.5,16,26.5,63
小田原南沖,2026-09-06,21,1.5,6.8,6.7,22,26.5,65
瀬の海,2026-09-06,00,0.8,6.1,5.8,9,27.3,3
瀬の海,2026-09-06,03,0.8,5.5,6.0,14,27.3,3
瀬の海,2026-09-06,06,0.9,5.0,7.0,11,27.2,53
瀬の海,2026-09-06,09,1.0,4.9,7.8,10,27.1,61
瀬の海,2026-09-06,12,1.1,5.3,7.0,4,26.9,63
瀬の海,2026-09-06,15,1.2,6.2,6.5,4,26.8,63
瀬の海,2026-09-06,18,1.5,6.7,6.1,4,26.7,63
瀬の海,2026-09-06,21,1.6,6.8,7.1,4,26.6,63
秋谷沖,2026-09-06,00,0.7,6.3,7.0,16,27.0,3
秋谷沖,2026-09-06,03,0.8,5.5,7.7,9,26.9,3
秋谷沖,2026-09-06,06,0.8,4.9,7.6,7,26.8,61
秋谷沖,2026-09-06,09,1.0,4.8,9.1,3,26.7,61
秋谷沖,2026-09-06,12,1.0,5.2,7.7,352,26.7,63
秋谷沖,2026-09-06,15,1.2,6.0,6.5,15,26.7,63
秋谷沖,2026-09-06,18,1.4,6.5,6.5,51,26.8,63
秋谷沖,2026-09-06,21,1.5,6.8,8.0,39,26.8,65
竹岡沖,2026-09-06,00,0.6,6.3,6.3,23,27.2,3
竹岡沖,2026-09-06,03,0.6,5.2,7.2,10,27.2,3
竹岡沖,2026-09-06,06,0.6,4.5,6.9,17,27.1,61
竹岡沖,2026-09-06,09,0.8,4.5,8.2,5,27.0,63
竹岡沖,2026-09-06,12,0.8,5.1,6.0,7,26.9,63
竹岡沖,2026-09-06,15,0.8,6.2,5.2,48,26.9,63
竹岡沖,2026-09-06,18,1.0,6.7,6.7,60,26.8,63
竹岡沖,2026-09-06,21,1.1,6.5,7.2,49,26.8,65
部原沖,2026-09-06,00,1.3,6.8,5.9,40,28.2,3
部原沖,2026-09-06,03,1.4,6.5,6.2,35,28.1,53
部原沖,2026-09-06,06,1.4,6.2,7.9,38,28.0,61
部原沖,2026-09-06,09,1.7,6.5,5.5,44,27.9,63
部原沖,2026-09-06,12,2.1,7.0,6.9,94,27.9,63
部原沖,2026-09-06,15,2.4,7.2,7.0,88,27.9,63
部原沖,2026-09-06,18,2.7,7.1,6.7,82,27.8,63
部原沖,2026-09-06,21,3.0,7.4,9.2,75,27.8,63
小田原西沖,2026-09-06,00,0.7,6.0,4.6,21,26.7,3
小田原西沖,2026-09-06,03,0.8,5.5,5.0,22,26.6,3
小田原西沖,2026-09-06,06,0.8,5.1,5.3,22,26.6,53
小田原西沖,2026-09-06,09,0.9,5.0,5.3,12,26.6,61
小田原西沖,2026-09-06,12,1.0,5.5,3.3,360,26.6,63
小田原西沖,2026-09-06,15,1.1,6.3,4.5,8,26.6,63
小田原西沖,2026-09-06,18,1.4,6.8,4.5,16,26.5,63
小田原西沖,2026-09-06,21,1.5,6.8,6.7,22,26.5,65
小田原沖,2026-09-06,00,0.7,6.0,4.6,21,26.7,3
小田原沖,2026-09-06,03,0.8,5.5,5.0,22,26.6,3
小田原沖,2026-09-06,06,0.8,5.1,5.3,22,26.6,53
小田原沖,2026-09-06,09,0.9,5.0,5.3,12,26.6,61
小田原沖,2026-09-06,12,1.0,5.5,3.3,360,26.6,63
小田原沖,2026-09-06,15,1.1,6.3,4.5,8,26.6,63
小田原沖,2026-09-06,18,1.4,6.8,4.5,16,26.5,63
小田原沖,2026-09-06,21,1.5,6.8,6.7,22,26.5,65
小田原東沖,2026-09-06,00,0.7,6.0,4.6,21,26.7,3
小田原東沖,2026-09-06,03,0.8,5.5,5.0,22,26.6,3
小田原東沖,2026-09-06,06,0.8,5.1,5.3,22,26.6,53
小田原東沖,2026-09-06,09,0.9,5.0,5.3,12,26.6,61
小田原東沖,2026-09-06,12,1.0,5.5,3.3,360,26.6,63
小田原東沖,2026-09-06,15,1.1,6.3,4.5,8,26.6,63
小田原東沖,2026-09-06,18,1.4,6.8,4.5,16,26.5,63
小田原東沖,2026-09-06,21,1.5,6.8,6.7,22,26.5,65
久里浜沖,2026-09-06,00,0.6,6.1,7.0,16,27.2,3
久里浜沖,2026-09-06,03,0.7,5.1,7.7,9,27.2,3
久里浜沖,2026-09-06,06,0.7,4.5,7.6,7,27.1,61
久里浜沖,2026-09-06,09,0.9,4.5,9.1,3,27.0,61
久里浜沖,2026-09-06,12,0.9,5.1,7.7,352,26.9,63
久里浜沖,2026-09-06,15,0.9,6.2,6.5,15,26.7,63
久里浜沖,2026-09-06,18,1.2,6.6,6.5,51,26.7,63
久里浜沖,2026-09-06,21,1.2,6.6,8.0,39,26.8,65
国府津沖,2026-09-06,00,0.7,6.0,4.5,8,26.7,3
国府津沖,2026-09-06,03,0.8,5.5,4.2,8,26.6,3
国府津沖,2026-09-06,06,0.8,5.1,5.0,11,26.6,51
国府津沖,2026-09-06,09,0.9,5.0,5.8,2,26.6,55
国府津沖,2026-09-06,12,1.0,5.5,4.7,353,26.6,63
国府津沖,2026-09-06,15,1.1,6.3,5.2,359,26.6,63
国府津沖,2026-09-06,18,1.4,6.8,4.1,5,26.5,63
国府津沖,2026-09-06,21,1.5,6.8,5.9,8,26.5,63
葉山南沖,2026-09-06,00,0.5,7.0,7.0,16,26.7,3
葉山南沖,2026-09-06,03,0.6,5.9,7.7,9,26.6,3
葉山南沖,2026-09-06,06,0.6,5.2,7.6,7,26.6,61
葉山南沖,2026-09-06,09,0.7,4.8,9.1,3,26.6,61
葉山南沖,2026-09-06,12,0.7,5.2,7.7,352,26.6,63
葉山南沖,2026-09-06,15,0.8,6.0,6.5,15,26.5,63
葉山南沖,2026-09-06,18,1.0,6.6,6.5,51,26.4,63
葉山南沖,2026-09-06,21,1.0,6.9,8.0,39,26.4,65
エボシ沖,2026-09-06,00,0.5,7.0,7.0,16,26.7,3
エボシ沖,2026-09-06,03,0.6,5.9,7.7,9,26.6,3
エボシ沖,2026-09-06,06,0.6,5.2,7.6,7,26.6,61
エボシ沖,2026-09-06,09,0.7,4.8,9.1,3,26.6,61
エボシ沖,2026-09-06,12,0.7,5.2,7.7,352,26.6,63
エボシ沖,2026-09-06,15,0.8,6.0,6.5,15,26.5,63
エボシ沖,2026-09-06,18,1.0,6.6,6.5,51,26.4,63
エボシ沖,2026-09-06,21,1.0,6.9,8.0,39,26.4,65
観音崎沖ｍ,2026-09-06,00,0.5,5.5,7.0,16,26.6,3
観音崎沖ｍ,2026-09-06,03,0.5,4.5,7.7,9,26.6,3
観音崎沖ｍ,2026-09-06,06,0.6,4.0,7.6,7,26.5,61
観音崎沖ｍ,2026-09-06,09,0.7,4.0,9.1,3,26.5,61
観音崎沖ｍ,2026-09-06,12,0.7,4.4,7.7,352,26.4,63
観音崎沖ｍ,2026-09-06,15,0.6,5.3,6.5,15,26.3,63
観音崎沖ｍ,2026-09-06,18,0.8,5.8,6.5,51,26.3,63
観音崎沖ｍ,2026-09-06,21,0.9,5.8,8.0,39,26.3,65
浦賀沖,2026-09-06,00,0.5,5.5,7.0,16,26.6,3
浦賀沖,2026-09-06,03,0.5,4.5,7.7,9,26.6,3
浦賀沖,2026-09-06,06,0.6,4.0,7.6,7,26.5,61
浦賀沖,2026-09-06,09,0.7,4.0,9.1,3,26.5,61
浦賀沖,2026-09-06,12,0.7,4.4,7.7,352,26.4,63
浦賀沖,2026-09-06,15,0.6,5.3,6.5,15,26.3,63
浦賀沖,2026-09-06,18,0.8,5.8,6.5,51,26.3,63
浦賀沖,2026-09-06,21,0.9,5.8,8.0,39,26.3,65
鎌倉沖,2026-09-06,00,0.5,7.0,4.8,10,26.7,3
鎌倉沖,2026-09-06,03,0.6,5.9,5.3,14,26.6,3
鎌倉沖,2026-09-06,06,0.6,5.2,5.9,9,26.6,53
鎌倉沖,2026-09-06,09,0.7,4.8,6.7,10,26.6,63
鎌倉沖,2026-09-06,12,0.7,5.2,6.0,1,26.6,63
鎌倉沖,2026-09-06,15,0.8,6.0,5.7,1,26.5,63
鎌倉沖,2026-09-06,18,1.0,6.6,5.0,10,26.4,63
鎌倉沖,2026-09-06,21,1.0,6.9,5.8,4,26.4,63
葉山沖,2026-09-06,00,0.5,7.0,5.2,11,26.7,3
葉山沖,2026-09-06,03,0.6,5.9,5.8,3,26.6,3
葉山沖,2026-09-06,06,0.6,5.2,6.0,1,26.6,55
葉山沖,2026-09-06,09,0.7,4.8,7.0,359,26.6,63
葉山沖,2026-09-06,12,0.7,5.2,6.5,346,26.6,63
葉山沖,2026-09-06,15,0.8,6.0,5.8,6,26.5,63
葉山沖,2026-09-06,18,1.0,6.6,5.3,38,26.4,63
葉山沖,2026-09-06,21,1.0,6.9,6.3,25,26.4,65
大貫沖,2026-09-06,00,0.4,5.5,6.3,23,26.9,3
大貫沖,2026-09-06,03,0.5,4.5,7.2,10,26.8,3
大貫沖,2026-09-06,06,0.6,4.0,6.9,17,26.7,61
大貫沖,2026-09-06,09,0.7,4.0,8.2,5,26.7,63
大貫沖,2026-09-06,12,0.6,4.4,6.0,7,26.6,63
大貫沖,2026-09-06,15,0.6,5.3,5.2,48,26.5,63
大貫沖,2026-09-06,18,0.7,5.8,6.7,60,26.4,63
大貫沖,2026-09-06,21,0.8,5.8,7.2,49,26.4,65
大原沖,2026-09-06,00,1.3,6.3,5.9,36,27.9,3
大原沖,2026-09-06,03,1.4,6.2,6.3,43,27.8,53
大原沖,2026-09-06,06,1.5,6.2,8.3,42,27.8,55
大原沖,2026-09-06,09,1.7,6.5,5.1,56,27.8,63
大原沖,2026-09-06,12,2.0,7.0,7.4,95,27.8,63
大原沖,2026-09-06,15,2.2,7.2,7.3,93,27.7,63
大原沖,2026-09-06,18,2.5,7.3,6.8,91,27.7,63
大原沖,2026-09-06,21,2.6,7.5,9.3,80,27.6,63
江の島沖,2026-09-06,00,0.6,7.2,4.8,10,26.8,3
江の島沖,2026-09-06,03,0.6,6.1,5.3,14,26.8,3
江の島沖,2026-09-06,06,0.6,5.4,5.9,9,26.8,53
江の島沖,2026-09-06,09,0.7,5.1,6.7,10,26.7,63
江の島沖,2026-09-06,12,0.8,5.5,6.0,1,26.7,63
江の島沖,2026-09-06,15,0.9,6.3,5.7,1,26.6,63
江の島沖,2026-09-06,18,1.1,6.9,5.0,10,26.5,63
江の島沖,2026-09-06,21,1.2,7.0,5.8,4,26.4,63
小坪沖,2026-09-06,00,0.5,7.0,5.2,11,26.7,3
小坪沖,2026-09-06,03,0.6,5.9,5.8,3,26.6,3
小坪沖,2026-09-06,06,0.6,5.2,6.0,1,26.6,55
小坪沖,2026-09-06,09,0.7,4.8,7.0,359,26.6,63
小坪沖,2026-09-06,12,0.7,5.2,6.5,346,26.6,63
小坪沖,2026-09-06,15,0.8,6.0,5.8,6,26.5,63
小坪沖,2026-09-06,18,1.0,6.6,5.3,38,26.4,63
小坪沖,2026-09-06,21,1.0,6.9,6.3,25,26.4,65
横須賀沖,2026-09-06,00,0.5,5.5,7.0,16,26.6,3
横須賀沖,2026-09-06,03,0.5,4.5,7.7,9,26.6,3
横須賀沖,2026-09-06,06,0.6,4.0,7.6,7,26.5,61
横須賀沖,2026-09-06,09,0.7,4.0,9.1,3,26.5,61
横須賀沖,2026-09-06,12,0.7,4.4,7.7,352,26.4,63
横須賀沖,2026-09-06,15,0.6,5.3,6.5,15,26.3,63
横須賀沖,2026-09-06,18,0.8,5.8,6.5,51,26.3,63
横須賀沖,2026-09-06,21,0.9,5.8,8.0,39,26.3,65
観音崎沖～横須賀沖,2026-09-06,00,0.5,5.5,7.0,16,26.6,3
観音崎沖～横須賀沖,2026-09-06,03,0.5,4.5,7.7,9,26.6,3
観音崎沖～横須賀沖,2026-09-06,06,0.6,4.0,7.6,7,26.5,61
観音崎沖～横須賀沖,2026-09-06,09,0.7,4.0,9.1,3,26.5,61
観音崎沖～横須賀沖,2026-09-06,12,0.7,4.4,7.7,352,26.4,63
観音崎沖～横須賀沖,2026-09-06,15,0.6,5.3,6.5,15,26.3,63
観音崎沖～横須賀沖,2026-09-06,18,0.8,5.8,6.5,51,26.3,63
観音崎沖～横須賀沖,2026-09-06,21,0.9,5.8,8.0,39,26.3,65
観音崎沖,2026-09-06,00,0.5,5.5,7.0,16,26.6,3
観音崎沖,2026-09-06,03,0.5,4.5,7.7,9,26.6,3
観音崎沖,2026-09-06,06,0.6,4.0,7.6,7,26.5,61
観音崎沖,2026-09-06,09,0.7,4.0,9.1,3,26.5,61
観音崎沖,2026-09-06,12,0.7,4.4,7.7,352,26.4,63
観音崎沖,2026-09-06,15,0.6,5.3,6.5,15,26.3,63
観音崎沖,2026-09-06,18,0.8,5.8,6.5,51,26.3,63
観音崎沖,2026-09-06,21,0.9,5.8,8.0,39,26.3,65
富津南沖,2026-09-06,00,0.4,5.5,6.3,23,26.9,3
富津南沖,2026-09-06,03,0.5,4.5,7.2,10,26.8,3
富津南沖,2026-09-06,06,0.6,4.0,6.9,17,26.7,61
富津南沖,2026-09-06,09,0.7,4.0,8.2,5,26.7,63
富津南沖,2026-09-06,12,0.6,4.4,6.0,7,26.6,63
富津南沖,2026-09-06,15,0.6,5.3,5.2,48,26.5,63
富津南沖,2026-09-06,18,0.7,5.8,6.7,60,26.4,63
富津南沖,2026-09-06,21,0.8,5.8,7.2,49,26.4,65
大貫沖～猿島沖,2026-09-06,00,0.5,5.5,7.0,16,26.6,3
大貫沖～猿島沖,2026-09-06,03,0.5,4.5,7.7,9,26.6,3
大貫沖～猿島沖,2026-09-06,06,0.6,4.0,7.6,7,26.5,61
大貫沖～猿島沖,2026-09-06,09,0.7,4.0,9.1,3,26.5,61
大貫沖～猿島沖,2026-09-06,12,0.7,4.4,7.7,352,26.4,63
大貫沖～猿島沖,2026-09-06,15,0.6,5.3,6.5,15,26.3,63
大貫沖～猿島沖,2026-09-06,18,0.8,5.8,6.5,51,26.3,63
大貫沖～猿島沖,2026-09-06,21,0.9,5.8,8.0,39,26.3,65
二宮沖,2026-09-06,00,0.5,7.0,4.5,8,26.7,3
二宮沖,2026-09-06,03,0.6,6.3,4.2,8,26.6,3
二宮沖,2026-09-06,06,0.6,5.9,5.0,11,26.5,51
二宮沖,2026-09-06,09,0.6,5.5,5.8,2,26.5,55
二宮沖,2026-09-06,12,0.7,6.0,4.7,353,26.5,63
二宮沖,2026-09-06,15,0.8,6.8,5.2,359,26.4,63
二宮沖,2026-09-06,18,1.1,7.2,4.1,5,26.4,63
二宮沖,2026-09-06,21,1.2,7.2,5.9,8,26.3,63
小坪西沖,2026-09-06,00,0.5,7.0,4.8,10,26.7,3
小坪西沖,2026-09-06,03,0.6,5.9,5.3,14,26.6,3
小坪西沖,2026-09-06,06,0.6,5.2,5.9,9,26.6,53
小坪西沖,2026-09-06,09,0.7,4.8,6.7,10,26.6,63
小坪西沖,2026-09-06,12,0.7,5.2,6.0,1,26.6,63
小坪西沖,2026-09-06,15,0.8,6.0,5.7,1,26.5,63
小坪西沖,2026-09-06,18,1.0,6.6,5.0,10,26.4,63
小坪西沖,2026-09-06,21,1.0,6.9,5.8,4,26.4,63
大津沖,2026-09-06,00,0.5,6.2,7.0,16,26.6,3
大津沖,2026-09-06,03,0.5,5.1,7.7,9,26.6,3
大津沖,2026-09-06,06,0.6,4.5,7.6,7,26.5,61
大津沖,2026-09-06,09,0.7,4.3,9.1,3,26.5,61
大津沖,2026-09-06,12,0.7,4.7,7.7,352,26.4,63
大津沖,2026-09-06,15,0.7,5.5,6.5,15,26.3,63
大津沖,2026-09-06,18,0.8,6.0,6.5,51,26.3,63
大津沖,2026-09-06,21,0.9,6.3,8.0,39,26.3,65
木更津沖～竹岡沖,2026-09-06,00,0.4,5.5,6.3,23,27.0,3
木更津沖～竹岡沖,2026-09-06,03,0.5,4.5,7.2,10,26.9,3
木更津沖～竹岡沖,2026-09-06,06,0.6,4.0,6.9,17,26.8,61
木更津沖～竹岡沖,2026-09-06,09,0.7,4.0,8.2,5,26.7,63
木更津沖～竹岡沖,2026-09-06,12,0.6,4.4,6.0,7,26.5,63
木更津沖～竹岡沖,2026-09-06,15,0.6,5.3,5.2,48,26.4,63
木更津沖～竹岡沖,2026-09-06,18,0.7,5.8,6.7,60,26.4,63
木更津沖～竹岡沖,2026-09-06,21,0.8,5.8,7.2,49,26.3,65
平塚西沖,2026-09-06,00,0.5,7.0,4.5,8,26.7,3
平塚西沖,2026-09-06,03,0.6,6.3,4.2,8,26.6,3
平塚西沖,2026-09-06,06,0.6,5.9,5.0,11,26.5,51
平塚西沖,2026-09-06,09,0.6,5.5,5.8,2,26.5,55
平塚西沖,2026-09-06,12,0.7,6.0,4.7,353,26.5,63
平塚西沖,2026-09-06,15,0.8,6.8,5.2,359,26.4,63
平塚西沖,2026-09-06,18,1.1,7.2,4.1,5,26.4,63
平塚西沖,2026-09-06,21,1.2,7.2,5.9,8,26.3,63
大磯沖,2026-09-06,00,0.5,7.0,5.8,9,26.7,3
大磯沖,2026-09-06,03,0.6,6.3,6.0,14,26.6,3
大磯沖,2026-09-06,06,0.6,5.9,7.0,11,26.5,53
大磯沖,2026-09-06,09,0.6,5.5,7.8,10,26.5,61
大磯沖,2026-09-06,12,0.7,6.0,7.0,4,26.5,63
大磯沖,2026-09-06,15,0.8,6.8,6.5,4,26.4,63
大磯沖,2026-09-06,18,1.1,7.2,6.1,4,26.4,63
大磯沖,2026-09-06,21,1.2,7.2,7.1,4,26.3,63
平塚東沖,2026-09-06,00,0.6,7.1,5.8,9,26.9,3
平塚東沖,2026-09-06,03,0.6,6.2,6.0,14,26.8,3
平塚東沖,2026-09-06,06,0.6,5.6,7.0,11,26.8,53
平塚東沖,2026-09-06,09,0.7,5.3,7.8,10,26.8,61
平塚東沖,2026-09-06,12,0.8,5.7,7.0,4,26.7,63
平塚東沖,2026-09-06,15,0.9,6.5,6.5,4,26.6,63
平塚東沖,2026-09-06,18,1.1,7.0,6.1,4,26.6,63
平塚東沖,2026-09-06,21,1.2,7.2,7.1,4,26.5,63
茅ヶ崎西沖,2026-09-06,00,0.6,7.1,5.8,9,26.9,3
茅ヶ崎西沖,2026-09-06,03,0.6,6.2,6.0,14,26.8,3
茅ヶ崎西沖,2026-09-06,06,0.6,5.6,7.0,11,26.8,53
茅ヶ崎西沖,2026-09-06,09,0.7,5.3,7.8,10,26.8,61
茅ヶ崎西沖,2026-09-06,12,0.8,5.7,7.0,4,26.7,63
茅ヶ崎西沖,2026-09-06,15,0.9,6.5,6.5,4,26.6,63
茅ヶ崎西沖,2026-09-06,18,1.1,7.0,6.1,4,26.6,63
茅ヶ崎西沖,2026-09-06,21,1.2,7.2,7.1,4,26.5,63
大磯東沖,2026-09-06,00,0.6,7.1,5.8,9,26.9,3
大磯東沖,2026-09-06,03,0.6,6.2,6.0,14,26.8,3
大磯東沖,2026-09-06,06,0.6,5.6,7.0,11,26.8,53
大磯東沖,2026-09-06,09,0.7,5.3,7.8,10,26.8,61
大磯東沖,2026-09-06,12,0.8,5.7,7.0,4,26.7,63
大磯東沖,2026-09-06,15,0.9,6.5,6.5,4,26.6,63
大磯東沖,2026-09-06,18,1.1,7.0,6.1,4,26.6,63
大磯東沖,2026-09-06,21,1.2,7.2,7.1,4,26.5,63
茅ヶ崎沖,2026-09-06,00,0.6,7.1,5.8,9,26.9,3
茅ヶ崎沖,2026-09-06,03,0.6,6.2,6.0,14,26.8,3
茅ヶ崎沖,2026-09-06,06,0.6,5.6,7.0,11,26.8,53
茅ヶ崎沖,2026-09-06,09,0.7,5.3,7.8,10,26.8,61
茅ヶ崎沖,2026-09-06,12,0.8,5.7,7.0,4,26.7,63
茅ヶ崎沖,2026-09-06,15,0.9,6.5,6.5,4,26.6,63
茅ヶ崎沖,2026-09-06,18,1.1,7.0,6.1,4,26.6,63
茅ヶ崎沖,2026-09-06,21,1.2,7.2,7.1,4,26.5,63
茅ヶ崎東沖,2026-09-06,00,0.6,7.2,4.8,10,26.8,3
茅ヶ崎東沖,2026-09-06,03,0.6,6.1,5.3,14,26.8,3
茅ヶ崎東沖,2026-09-06,06,0.6,5.4,5.9,9,26.8,53
茅ヶ崎東沖,2026-09-06,09,0.7,5.1,6.7,10,26.7,63
茅ヶ崎東沖,2026-09-06,12,0.8,5.5,6.0,1,26.7,63
茅ヶ崎東沖,2026-09-06,15,0.9,6.3,5.7,1,26.6,63
茅ヶ崎東沖,2026-09-06,18,1.1,6.9,5.0,10,26.5,63
茅ヶ崎東沖,2026-09-06,21,1.2,7.0,5.8,4,26.4,63
猿島沖,2026-09-06,00,0.5,5.5,7.0,16,26.6,3
猿島沖,2026-09-06,03,0.5,4.5,7.7,9,26.6,3
猿島沖,2026-09-06,06,0.6,4.0,7.6,7,26.5,61
猿島沖,2026-09-06,09,0.7,4.0,9.1,3,26.5,61
猿島沖,2026-09-06,12,0.7,4.4,7.7,352,26.4,63
猿島沖,2026-09-06,15,0.6,5.3,6.5,15,26.3,63
猿島沖,2026-09-06,18,0.8,5.8,6.5,51,26.3,63
猿島沖,2026-09-06,21,0.9,5.8,8.0,39,26.3,65
走水沖,2026-09-06,00,0.4,5.5,6.3,23,26.9,3
走水沖,2026-09-06,03,0.5,4.5,7.2,10,26.8,3
走水沖,2026-09-06,06,0.6,4.0,6.9,17,26.7,61
走水沖,2026-09-06,09,0.7,4.0,8.2,5,26.7,63
走水沖,2026-09-06,12,0.6,4.4,6.0,7,26.6,63
走水沖,2026-09-06,15,0.6,5.3,5.2,48,26.5,63
走水沖,2026-09-06,18,0.7,5.8,6.7,60,26.4,63
走水沖,2026-09-06,21,0.8,5.8,7.2,49,26.4,65
海堡沖～竹岡沖,2026-09-06,00,0.4,5.5,6.3,23,26.9,3
海堡沖～竹岡沖,2026-09-06,03,0.5,4.5,7.2,10,26.8,3
海堡沖～竹岡沖,2026-09-06,06,0.6,4.0,6.9,17,26.7,61
海堡沖～竹岡沖,2026-09-06,09,0.7,4.0,8.2,5,26.7,63
海堡沖～竹岡沖,2026-09-06,12,0.6,4.4,6.0,7,26.6,63
海堡沖～竹岡沖,2026-09-06,15,0.6,5.3,5.2,48,26.5,63
海堡沖～竹岡沖,2026-09-06,18,0.7,5.8,6.7,60,26.4,63
海堡沖～竹岡沖,2026-09-06,21,0.8,5.8,7.2,49,26.4,65
太東沖,2026-09-06,00,1.3,6.3,6.1,31,26.4,3
太東沖,2026-09-06,03,1.4,6.2,7.4,43,26.3,51
太東沖,2026-09-06,06,1.5,6.2,8.2,41,26.2,51
太東沖,2026-09-06,09,1.7,6.5,6.3,45,26.2,63
太東沖,2026-09-06,12,2.0,7.0,7.8,93,26.2,63
太東沖,2026-09-06,15,2.2,7.2,8.0,100,26.2,63
太東沖,2026-09-06,18,2.5,7.3,6.6,93,26.2,63
太東沖,2026-09-06,21,2.6,7.5,9.3,90,26.2,63
海堡沖,2026-09-06,00,0.4,5.5,6.3,23,26.9,3
海堡沖,2026-09-06,03,0.5,4.5,7.2,10,26.8,3
海堡沖,2026-09-06,06,0.6,4.0,6.9,17,26.7,61
海堡沖,2026-09-06,09,0.7,4.0,8.2,5,26.7,63
海堡沖,2026-09-06,12,0.6,4.4,6.0,7,26.6,63
海堡沖,2026-09-06,15,0.6,5.3,5.2,48,26.5,63
海堡沖,2026-09-06,18,0.7,5.8,6.7,60,26.4,63
海堡沖,2026-09-06,21,0.8,5.8,7.2,49,26.4,65
富津沖,2026-09-06,00,0.4,5.5,6.3,23,26.9,3
富津沖,2026-09-06,03,0.5,4.5,7.2,10,26.8,3
富津沖,2026-09-06,06,0.6,4.0,6.9,17,26.7,61
富津沖,2026-09-06,09,0.7,4.0,8.2,5,26.7,63
富津沖,2026-09-06,12,0.6,4.4,6.0,7,26.6,63
富津沖,2026-09-06,15,0.6,5.3,5.2,48,26.5,63
富津沖,2026-09-06,18,0.7,5.8,6.7,60,26.4,63
富津沖,2026-09-06,21,0.8,5.8,7.2,49,26.4,65
港前,2026-09-06,00,0.5,6.2,5.2,11,26.7,3
港前,2026-09-06,03,0.5,5.1,5.8,3,26.6,3
港前,2026-09-06,06,0.6,4.5,6.0,1,26.6,55
港前,2026-09-06,09,0.7,4.3,7.0,359,26.6,63
港前,2026-09-06,12,0.7,4.7,6.5,346,26.6,63
港前,2026-09-06,15,0.7,5.5,5.8,6,26.5,63
港前,2026-09-06,18,0.8,6.0,5.3,38,26.4,63
港前,2026-09-06,21,0.9,6.3,6.3,25,26.4,65
鴨居沖,2026-09-06,00,0.5,6.2,5.2,11,26.6,3
鴨居沖,2026-09-06,03,0.5,5.1,5.8,3,26.5,3
鴨居沖,2026-09-06,06,0.6,4.5,6.0,1,26.4,55
鴨居沖,2026-09-06,09,0.7,4.3,7.0,359,26.3,63
鴨居沖,2026-09-06,12,0.7,4.7,6.5,346,26.2,63
鴨居沖,2026-09-06,15,0.7,5.5,5.8,6,26.2,63
鴨居沖,2026-09-06,18,0.8,6.0,5.3,38,26.2,63
鴨居沖,2026-09-06,21,0.9,6.3,6.3,25,26.1,65
木更津沖～富津沖,2026-09-06,00,0.4,4.7,6.3,23,26.6,3
木更津沖～富津沖,2026-09-06,03,0.5,3.9,7.2,10,26.4,3
木更津沖～富津沖,2026-09-06,06,0.5,3.5,6.9,17,26.3,61
木更津沖～富津沖,2026-09-06,09,0.6,3.5,8.2,5,26.1,63
木更津沖～富津沖,2026-09-06,12,0.6,3.8,6.0,7,26.0,63
木更津沖～富津沖,2026-09-06,15,0.5,4.4,5.2,48,25.9,63
木更津沖～富津沖,2026-09-06,18,0.6,4.8,6.7,60,25.9,63
木更津沖～富津沖,2026-09-06,21,0.7,5.0,7.2,49,25.8,65
横浜沖～観音崎沖,2026-09-06,00,0.5,5.5,7.0,16,26.6,3
横浜沖～観音崎沖,2026-09-06,03,0.5,4.5,7.7,9,26.5,3
横浜沖～観音崎沖,2026-09-06,06,0.6,4.0,7.6,7,26.4,61
横浜沖～観音崎沖,2026-09-06,09,0.7,4.0,9.1,3,26.3,61
横浜沖～観音崎沖,2026-09-06,12,0.7,4.4,7.7,352,26.2,63
横浜沖～観音崎沖,2026-09-06,15,0.6,5.3,6.5,15,26.2,63
横浜沖～観音崎沖,2026-09-06,18,0.8,5.8,6.5,51,26.2,63
横浜沖～観音崎沖,2026-09-06,21,0.9,5.8,8.0,39,26.1,65
中ノ瀬周り,2026-09-06,00,0.5,5.5,7.0,16,26.6,3
中ノ瀬周り,2026-09-06,03,0.5,4.5,7.7,9,26.5,3
中ノ瀬周り,2026-09-06,06,0.6,4.0,7.6,7,26.4,61
中ノ瀬周り,2026-09-06,09,0.7,4.0,9.1,3,26.3,61
中ノ瀬周り,2026-09-06,12,0.7,4.4,7.7,352,26.2,63
中ノ瀬周り,2026-09-06,15,0.6,5.3,6.5,15,26.2,63
中ノ瀬周り,2026-09-06,18,0.8,5.8,6.5,51,26.2,63
中ノ瀬周り,2026-09-06,21,0.9,5.8,8.0,39,26.1,65
鴨井沖,2026-09-06,00,1.4,6.3,10.4,38,26.0,3
鴨井沖,2026-09-06,03,1.5,6.2,9.8,52,26.0,53
鴨井沖,2026-09-06,06,1.6,6.4,13.4,47,25.9,55
鴨井沖,2026-09-06,09,1.8,6.5,9.2,77,25.9,63
鴨井沖,2026-09-06,12,2.2,6.9,12.0,98,25.9,61
鴨井沖,2026-09-06,15,2.4,7.1,11.6,99,25.9,63
鴨井沖,2026-09-06,18,2.7,7.2,11.3,97,25.9,61
鴨井沖,2026-09-06,21,2.7,7.3,13.5,85,25.9,63
富津沖～海堡,2026-09-06,00,0.4,4.7,6.3,23,26.5,3
富津沖～海堡,2026-09-06,03,0.5,3.9,7.2,10,26.4,3
富津沖～海堡,2026-09-06,06,0.5,3.5,6.9,17,26.4,61
富津沖～海堡,2026-09-06,09,0.6,3.5,8.2,5,26.3,63
富津沖～海堡,2026-09-06,12,0.6,3.8,6.0,7,26.2,63
富津沖～海堡,2026-09-06,15,0.5,4.4,5.2,48,26.1,63
富津沖～海堡,2026-09-06,18,0.6,4.8,6.7,60,26.1,63
富津沖～海堡,2026-09-06,21,0.7,5.0,7.2,49,26.0,65
富岡沖,2026-09-06,00,0.5,6.2,5.2,11,26.6,3
富岡沖,2026-09-06,03,0.5,5.1,5.8,3,26.5,3
富岡沖,2026-09-06,06,0.6,4.5,6.0,1,26.4,55
富岡沖,2026-09-06,09,0.7,4.3,7.0,359,26.3,63
富岡沖,2026-09-06,12,0.7,4.7,6.5,346,26.2,63
富岡沖,2026-09-06,15,0.7,5.5,5.8,6,26.2,63
富岡沖,2026-09-06,18,0.8,6.0,5.3,38,26.2,63
富岡沖,2026-09-06,21,0.9,6.3,6.3,25,26.1,65
小柴沖,2026-09-06,00,0.5,6.2,5.2,11,26.6,3
小柴沖,2026-09-06,03,0.5,5.1,5.8,3,26.5,3
小柴沖,2026-09-06,06,0.6,4.5,6.0,1,26.4,55
小柴沖,2026-09-06,09,0.7,4.3,7.0,359,26.3,63
小柴沖,2026-09-06,12,0.7,4.7,6.5,346,26.2,63
小柴沖,2026-09-06,15,0.7,5.5,5.8,6,26.2,63
小柴沖,2026-09-06,18,0.8,6.0,5.3,38,26.2,63
小柴沖,2026-09-06,21,0.9,6.3,6.3,25,26.1,65
木更津沖～富岡沖,2026-09-06,00,0.4,4.7,6.3,23,26.6,3
木更津沖～富岡沖,2026-09-06,03,0.5,3.9,7.2,10,26.5,3
木更津沖～富岡沖,2026-09-06,06,0.5,3.5,6.9,17,26.4,61
木更津沖～富岡沖,2026-09-06,09,0.6,3.5,8.2,5,26.3,63
木更津沖～富岡沖,2026-09-06,12,0.6,3.8,6.0,7,26.2,63
木更津沖～富岡沖,2026-09-06,15,0.5,4.4,5.2,48,26.2,63
木更津沖～富岡沖,2026-09-06,18,0.6,4.8,6.7,60,26.2,63
木更津沖～富岡沖,2026-09-06,21,0.7,5.0,7.2,49,26.1,65
八景沖,2026-09-06,00,0.5,6.2,5.2,11,26.6,3
八景沖,2026-09-06,03,0.5,5.1,5.8,3,26.5,3
八景沖,2026-09-06,06,0.6,4.5,6.0,1,26.4,55
八景沖,2026-09-06,09,0.7,4.3,7.0,359,26.3,63
八景沖,2026-09-06,12,0.7,4.7,6.5,346,26.2,63
八景沖,2026-09-06,15,0.7,5.5,5.8,6,26.2,63
八景沖,2026-09-06,18,0.8,6.0,5.3,38,26.2,63
八景沖,2026-09-06,21,0.9,6.3,6.3,25,26.1,65
長浦沖,2026-09-06,00,0.4,4.7,6.3,23,26.6,3
長浦沖,2026-09-06,03,0.5,3.9,7.2,10,26.4,3
長浦沖,2026-09-06,06,0.5,3.5,6.9,17,26.3,61
長浦沖,2026-09-06,09,0.6,3.5,8.2,5,26.1,63
長浦沖,2026-09-06,12,0.6,3.8,6.0,7,26.0,63
長浦沖,2026-09-06,15,0.5,4.4,5.2,48,25.9,63
長浦沖,2026-09-06,18,0.6,4.8,6.7,60,25.9,63
長浦沖,2026-09-06,21,0.7,5.0,7.2,49,25.8,65
木更津沖,2026-09-06,00,0.4,4.7,6.7,29,26.6,3
木更津沖,2026-09-06,03,0.5,3.9,7.3,12,26.4,3
木更津沖,2026-09-06,06,0.5,3.5,7.2,22,26.3,61
木更津沖,2026-09-06,09,0.6,3.5,8.8,10,26.1,63
木更津沖,2026-09-06,12,0.6,3.8,6.0,24,26.0,63
木更津沖,2026-09-06,15,0.5,4.4,6.5,61,25.9,63
木更津沖,2026-09-06,18,0.6,4.8,7.4,63,25.9,63
木更津沖,2026-09-06,21,0.7,5.0,7.3,52,25.8,63
一宮沖,2026-09-06,00,1.1,6.0,6.1,31,26.0,3
一宮沖,2026-09-06,03,1.2,6.0,7.4,43,26.0,51
一宮沖,2026-09-06,06,1.4,6.2,8.2,41,25.9,51
一宮沖,2026-09-06,09,1.5,6.4,6.3,45,25.9,63
一宮沖,2026-09-06,12,1.8,6.9,7.8,93,25.9,63
一宮沖,2026-09-06,15,2.0,7.1,8.0,100,25.9,63
一宮沖,2026-09-06,18,2.2,7.3,6.6,93,25.9,63
一宮沖,2026-09-06,21,2.2,7.4,9.3,90,25.9,63
横浜沖周り,2026-09-06,00,0.5,5.5,4.1,5,26.6,3
横浜沖周り,2026-09-06,03,0.5,4.5,4.2,360,26.5,3
横浜沖周り,2026-09-06,06,0.6,4.0,4.6,357,26.4,51
横浜沖周り,2026-09-06,09,0.7,4.0,5.4,355,26.3,63
横浜沖周り,2026-09-06,12,0.7,4.4,5.2,345,26.2,63
横浜沖周り,2026-09-06,15,0.6,5.3,4.5,13,26.2,65
横浜沖周り,2026-09-06,18,0.8,5.8,4.9,38,26.2,63
横浜沖周り,2026-09-06,21,0.9,5.8,5.4,23,26.1,63
本牧沖~富岡沖,2026-09-06,00,0.5,6.2,4.1,5,26.6,3
本牧沖~富岡沖,2026-09-06,03,0.5,5.1,4.2,360,26.5,3
本牧沖~富岡沖,2026-09-06,06,0.6,4.5,4.6,357,26.4,51
本牧沖~富岡沖,2026-09-06,09,0.7,4.3,5.4,355,26.3,63
本牧沖~富岡沖,2026-09-06,12,0.7,4.7,5.2,345,26.2,63
本牧沖~富岡沖,2026-09-06,15,0.7,5.5,4.5,13,26.2,65
本牧沖~富岡沖,2026-09-06,18,0.8,6.0,4.9,38,26.2,63
本牧沖~富岡沖,2026-09-06,21,0.9,6.3,5.4,23,26.1,63
木更津沖～本牧沖,2026-09-06,00,0.4,4.7,6.3,23,26.5,3
木更津沖～本牧沖,2026-09-06,03,0.5,3.9,7.2,10,26.4,3
木更津沖～本牧沖,2026-09-06,06,0.5,3.5,6.9,17,26.4,61
木更津沖～本牧沖,2026-09-06,09,0.6,3.5,8.2,5,26.3,63
木更津沖～本牧沖,2026-09-06,12,0.6,3.8,6.0,7,26.2,63
木更津沖～本牧沖,2026-09-06,15,0.5,4.4,5.2,48,26.1,63
木更津沖～本牧沖,2026-09-06,18,0.6,4.8,6.7,60,26.1,63
木更津沖～本牧沖,2026-09-06,21,0.7,5.0,7.2,49,26.0,65
海堡,2026-09-06,00,0.4,4.7,6.3,23,26.5,3
海堡,2026-09-06,03,0.5,3.9,7.2,10,26.4,3
海堡,2026-09-06,06,0.5,3.5,6.9,17,26.4,61
海堡,2026-09-06,09,0.6,3.5,8.2,5,26.3,63
海堡,2026-09-06,12,0.6,3.8,6.0,7,26.2,63
海堡,2026-09-06,15,0.5,4.4,5.2,48,26.1,63
海堡,2026-09-06,18,0.6,4.8,6.7,60,26.1,63
海堡,2026-09-06,21,0.7,5.0,7.2,49,26.0,65
木更津沖～横浜沖,2026-09-06,00,0.4,4.7,6.3,23,26.5,3
木更津沖～横浜沖,2026-09-06,03,0.5,3.9,7.2,10,26.4,3
木更津沖～横浜沖,2026-09-06,06,0.5,3.5,6.9,17,26.4,61
木更津沖～横浜沖,2026-09-06,09,0.6,3.5,8.2,5,26.3,63
木更津沖～横浜沖,2026-09-06,12,0.6,3.8,6.0,7,26.2,63
木更津沖～横浜沖,2026-09-06,15,0.5,4.4,5.2,48,26.1,63
木更津沖～横浜沖,2026-09-06,18,0.6,4.8,6.7,60,26.1,63
木更津沖～横浜沖,2026-09-06,21,0.7,5.0,7.2,49,26.0,65
中ノ瀬,2026-09-06,00,0.4,4.7,6.3,23,26.5,3
中ノ瀬,2026-09-06,03,0.5,3.9,7.2,10,26.4,3
中ノ瀬,2026-09-06,06,0.5,3.5,6.9,17,26.4,61
中ノ瀬,2026-09-06,09,0.6,3.5,8.2,5,26.3,63
中ノ瀬,2026-09-06,12,0.6,3.8,6.0,7,26.2,63
中ノ瀬,2026-09-06,15,0.5,4.4,5.2,48,26.1,63
中ノ瀬,2026-09-06,18,0.6,4.8,6.7,60,26.1,63
中ノ瀬,2026-09-06,21,0.7,5.0,7.2,49,26.0,65
本牧沖,2026-09-06,00,0.5,5.5,4.1,5,26.6,3
本牧沖,2026-09-06,03,0.5,4.5,4.2,360,26.5,3
本牧沖,2026-09-06,06,0.6,4.0,4.6,357,26.4,51
本牧沖,2026-09-06,09,0.7,4.0,5.4,355,26.3,63
本牧沖,2026-09-06,12,0.7,4.4,5.2,345,26.2,63
本牧沖,2026-09-06,15,0.6,5.3,4.5,13,26.2,65
本牧沖,2026-09-06,18,0.8,5.8,4.9,38,26.2,63
本牧沖,2026-09-06,21,0.9,5.8,5.4,23,26.1,63
横浜沖,2026-09-06,00,0.5,6.2,4.1,5,26.6,3
横浜沖,2026-09-06,03,0.5,5.1,4.2,360,26.5,3
横浜沖,2026-09-06,06,0.6,4.5,4.6,357,26.4,51
横浜沖,2026-09-06,09,0.7,4.3,5.4,355,26.3,63
横浜沖,2026-09-06,12,0.7,4.7,5.2,345,26.2,63
横浜沖,2026-09-06,15,0.7,5.5,4.5,13,26.2,65
横浜沖,2026-09-06,18,0.8,6.0,4.9,38,26.2,63
横浜沖,2026-09-06,21,0.9,6.3,5.4,23,26.1,63
根岸沖,2026-09-06,00,0.4,4.2,4.1,5,26.6,3
根岸沖,2026-09-06,03,0.4,3.5,4.2,360,26.5,3
根岸沖,2026-09-06,06,0.5,3.3,4.6,357,26.4,51
根岸沖,2026-09-06,09,0.6,3.4,5.4,355,26.3,63
根岸沖,2026-09-06,12,0.6,3.5,5.2,345,26.2,63
根岸沖,2026-09-06,15,0.5,3.9,4.5,13,26.2,65
根岸沖,2026-09-06,18,0.5,4.2,4.9,38,26.2,63
根岸沖,2026-09-06,21,0.6,4.5,5.4,23,26.1,63
片貝沖,2026-09-06,00,1.4,6.2,10.8,38,26.0,3
片貝沖,2026-09-06,03,1.5,6.1,10.3,52,26.0,53
片貝沖,2026-09-06,06,1.7,6.3,12.8,47,25.9,61
片貝沖,2026-09-06,09,2.0,6.4,10.0,76,25.9,63
片貝沖,2026-09-06,12,2.3,6.8,12.3,96,25.8,61
片貝沖,2026-09-06,15,2.5,7.0,11.6,101,25.8,63
片貝沖,2026-09-06,18,2.7,7.0,11.3,100,25.8,61
片貝沖,2026-09-06,21,2.8,7.2,13.1,90,25.8,63
木更津沖～川崎沖,2026-09-06,00,0.4,4.2,6.7,29,26.2,3
木更津沖～川崎沖,2026-09-06,03,0.4,3.5,7.3,12,26.2,3
木更津沖～川崎沖,2026-09-06,06,0.5,3.3,7.2,22,26.1,61
木更津沖～川崎沖,2026-09-06,09,0.6,3.4,8.8,10,26.1,63
木更津沖～川崎沖,2026-09-06,12,0.6,3.5,6.0,24,26.0,63
木更津沖～川崎沖,2026-09-06,15,0.5,3.9,6.5,61,25.9,63
木更津沖～川崎沖,2026-09-06,18,0.5,4.2,7.4,63,25.9,63
木更津沖～川崎沖,2026-09-06,21,0.6,4.5,7.3,52,25.9,63
盤洲沖,2026-09-06,00,0.4,4.2,6.7,29,26.0,3
盤洲沖,2026-09-06,03,0.4,3.6,7.3,12,25.9,3
盤洲沖,2026-09-06,06,0.5,3.4,7.2,22,25.9,61
盤洲沖,2026-09-06,09,0.6,3.4,8.8,10,25.9,63
盤洲沖,2026-09-06,12,0.6,3.5,6.0,24,25.9,63
盤洲沖,2026-09-06,15,0.5,3.9,6.5,61,25.9,63
盤洲沖,2026-09-06,18,0.5,4.2,7.4,63,25.9,63
盤洲沖,2026-09-06,21,0.6,4.5,7.3,52,25.9,63
大根,2026-09-06,00,1.4,6.2,10.5,38,26.0,3
大根,2026-09-06,03,1.5,6.1,10.3,51,26.0,53
大根,2026-09-06,06,1.7,6.3,12.0,48,25.9,61
大根,2026-09-06,09,2.0,6.4,10.6,77,25.9,63
大根,2026-09-06,12,2.3,6.8,12.5,94,25.8,53
大根,2026-09-06,15,2.5,7.0,11.3,103,25.8,63
大根,2026-09-06,18,2.7,7.0,10.8,100,25.8,61
大根,2026-09-06,21,2.8,7.2,12.2,94,25.8,63
川崎沖～横浜沖,2026-09-06,00,0.4,4.2,3.9,7,26.6,3
川崎沖～横浜沖,2026-09-06,03,0.4,3.5,4.2,1,26.5,3
川崎沖～横浜沖,2026-09-06,06,0.5,3.3,4.8,359,26.4,51
川崎沖～横浜沖,2026-09-06,09,0.6,3.4,5.7,355,26.3,61
川崎沖～横浜沖,2026-09-06,12,0.6,3.5,4.8,347,26.2,63
川崎沖～横浜沖,2026-09-06,15,0.5,3.9,4.4,20,26.2,63
川崎沖～横浜沖,2026-09-06,18,0.5,4.2,4.8,43,26.2,63
川崎沖～横浜沖,2026-09-06,21,0.6,4.5,5.0,25,26.1,63
川崎沖~本牧沖,2026-09-06,00,0.4,4.2,3.9,7,26.6,3
川崎沖~本牧沖,2026-09-06,03,0.4,3.5,4.2,1,26.5,3
川崎沖~本牧沖,2026-09-06,06,0.5,3.3,4.8,359,26.4,51
川崎沖~本牧沖,2026-09-06,09,0.6,3.4,5.7,355,26.3,61
川崎沖~本牧沖,2026-09-06,12,0.6,3.5,4.8,347,26.2,63
川崎沖~本牧沖,2026-09-06,15,0.5,3.9,4.4,20,26.2,63
川崎沖~本牧沖,2026-09-06,18,0.5,4.2,4.8,43,26.2,63
川崎沖~本牧沖,2026-09-06,21,0.6,4.5,5.0,25,26.1,63
川崎沖,2026-09-06,00,0.4,4.2,3.9,7,26.8,3
川崎沖,2026-09-06,03,0.4,3.5,4.2,1,26.7,3
川崎沖,2026-09-06,06,0.5,3.3,4.8,359,26.6,51
川崎沖,2026-09-06,09,0.6,3.4,5.7,355,26.5,61
川崎沖,2026-09-06,12,0.6,3.5,4.8,347,26.4,63
川崎沖,2026-09-06,15,0.5,3.9,4.4,20,26.4,63
川崎沖,2026-09-06,18,0.5,4.2,4.8,43,26.3,63
川崎沖,2026-09-06,21,0.6,4.5,5.0,25,26.3,63
五井沖,2026-09-06,00,0.3,2.6,4.7,32,26.6,3
五井沖,2026-09-06,03,0.3,2.9,5.1,28,26.5,3
五井沖,2026-09-06,06,0.4,2.8,5.7,35,26.4,61
五井沖,2026-09-06,09,0.5,2.9,5.7,27,26.4,63
五井沖,2026-09-06,12,0.4,2.9,5.0,71,26.3,63
五井沖,2026-09-06,15,0.3,2.8,5.3,79,26.3,63
五井沖,2026-09-06,18,0.3,2.9,5.2,71,26.2,63
五井沖,2026-09-06,21,0.4,3.1,5.7,70,26.1,63
鶴見沖,2026-09-06,00,0.4,4.2,3.9,7,26.8,3
鶴見沖,2026-09-06,03,0.4,3.5,4.2,1,26.7,3
鶴見沖,2026-09-06,06,0.5,3.3,4.8,359,26.6,51
鶴見沖,2026-09-06,09,0.6,3.4,5.7,355,26.5,61
鶴見沖,2026-09-06,12,0.6,3.5,4.8,347,26.4,63
鶴見沖,2026-09-06,15,0.5,3.9,4.4,20,26.4,63
鶴見沖,2026-09-06,18,0.5,4.2,4.8,43,26.3,63
鶴見沖,2026-09-06,21,0.6,4.5,5.0,25,26.3,63
木更津沖～浦安沖,2026-09-06,00,0.3,3.7,3.3,10,26.4,3
木更津沖～浦安沖,2026-09-06,03,0.4,3.4,3.6,360,26.3,3
木更津沖～浦安沖,2026-09-06,06,0.5,3.1,4.2,360,26.2,51
木更津沖～浦安沖,2026-09-06,09,0.5,3.1,5.2,357,26.2,61
木更津沖～浦安沖,2026-09-06,12,0.5,3.2,4.3,356,26.1,63
木更津沖～浦安沖,2026-09-06,15,0.4,3.4,3.8,21,26.1,63
木更津沖～浦安沖,2026-09-06,18,0.5,3.6,4.1,45,26.0,63
木更津沖～浦安沖,2026-09-06,21,0.5,4.0,4.1,27,25.9,63
羽田沖,2026-09-06,00,0.4,4.2,3.3,10,26.5,3
羽田沖,2026-09-06,03,0.4,3.5,3.6,360,26.4,3
羽田沖,2026-09-06,06,0.5,3.3,4.2,360,26.3,51
羽田沖,2026-09-06,09,0.6,3.4,5.2,357,26.3,61
羽田沖,2026-09-06,12,0.6,3.5,4.3,356,26.2,63
羽田沖,2026-09-06,15,0.5,3.9,3.8,21,26.1,63
羽田沖,2026-09-06,18,0.5,4.2,4.1,45,26.1,63
羽田沖,2026-09-06,21,0.6,4.5,4.1,27,26.1,63
千葉沖,2026-09-06,00,0.1,6.5,4.2,32,27.3,3
千葉沖,2026-09-06,03,0.1,5.2,4.2,27,27.2,3
千葉沖,2026-09-06,06,0.3,2.5,4.9,33,27.2,51
千葉沖,2026-09-06,09,0.3,2.6,5.1,23,27.1,61
千葉沖,2026-09-06,12,0.3,2.8,4.1,54,27.1,63
千葉沖,2026-09-06,15,0.2,3.0,4.8,68,27.0,63
千葉沖,2026-09-06,18,0.3,3.0,3.8,56,26.9,63
千葉沖,2026-09-06,21,0.3,3.4,4.9,62,26.8,63
浦安沖,2026-09-06,00,0.1,6.3,3.5,29,27.1,3
浦安沖,2026-09-06,03,0.2,4.5,3.3,9,27.0,3
浦安沖,2026-09-06,06,0.3,2.8,4.2,17,26.9,51
浦安沖,2026-09-06,09,0.3,2.8,4.6,5,26.8,61
浦安沖,2026-09-06,12,0.3,3.0,4.5,31,26.7,63
浦安沖,2026-09-06,15,0.3,3.5,3.9,44,26.7,63
浦安沖,2026-09-06,18,0.3,3.6,4.2,49,26.6,63
浦安沖,2026-09-06,21,0.3,4.0,4.6,45,26.6,63
屏風ヶ浦の陰,2026-09-06,00,0.1,6.5,3.7,36,27.7,3
屏風ヶ浦の陰,2026-09-06,03,0.1,5.2,4.1,38,27.6,3
屏風ヶ浦の陰,2026-09-06,06,0.3,2.5,4.7,39,27.5,51
屏風ヶ浦の陰,2026-09-06,09,0.3,2.6,4.9,31,27.4,55
屏風ヶ浦の陰,2026-09-06,12,0.3,2.8,3.8,66,27.4,63
屏風ヶ浦の陰,2026-09-06,15,0.2,3.0,4.4,69,27.3,63
屏風ヶ浦の陰,2026-09-06,18,0.3,3.0,3.7,60,27.2,61
屏風ヶ浦の陰,2026-09-06,21,0.3,3.4,4.9,68,27.1,63
犬吠南沖,2026-09-06,00,1.4,6.6,6.8,41,26.1,3
犬吠南沖,2026-09-06,03,1.5,6.5,7.4,51,26.1,3
犬吠南沖,2026-09-06,06,1.8,6.5,7.9,51,26.1,51
犬吠南沖,2026-09-06,09,2.2,6.5,7.4,64,26.1,53
犬吠南沖,2026-09-06,12,2.5,7.0,8.7,90,26.1,53
犬吠南沖,2026-09-06,15,2.5,7.1,7.2,87,26.2,53
犬吠南沖,2026-09-06,18,2.8,7.2,6.4,91,26.3,61
犬吠南沖,2026-09-06,21,2.8,7.5,7.4,99,26.3,63
亀城根,2026-09-06,00,1.4,6.6,6.8,41,26.1,3
亀城根,2026-09-06,03,1.5,6.5,7.4,51,26.1,3
亀城根,2026-09-06,06,1.8,6.5,7.9,51,26.1,51
亀城根,2026-09-06,09,2.2,6.5,7.4,64,26.1,53
亀城根,2026-09-06,12,2.5,7.0,8.7,90,26.1,53
亀城根,2026-09-06,15,2.5,7.1,7.2,87,26.2,53
亀城根,2026-09-06,18,2.8,7.2,6.4,91,26.3,61
亀城根,2026-09-06,21,2.8,7.5,7.4,99,26.3,63
外川沖,2026-09-06,00,1.2,6.4,6.8,41,25.5,3
外川沖,2026-09-06,03,1.4,6.2,7.4,51,25.4,3
外川沖,2026-09-06,06,1.6,6.3,7.9,51,25.3,51
外川沖,2026-09-06,09,1.9,6.4,7.4,64,25.3,53
外川沖,2026-09-06,12,2.1,6.8,8.7,90,25.2,53
外川沖,2026-09-06,15,2.2,7.0,7.2,87,25.2,53
外川沖,2026-09-06,18,2.4,7.2,6.4,91,25.2,61
外川沖,2026-09-06,21,2.4,7.3,7.4,99,25.1,63
犬吠沖,2026-09-06,00,1.2,6.4,6.8,41,25.5,3
犬吠沖,2026-09-06,03,1.4,6.2,7.4,51,25.4,3
犬吠沖,2026-09-06,06,1.6,6.3,7.9,51,25.3,51
犬吠沖,2026-09-06,09,1.9,6.4,7.4,64,25.3,53
犬吠沖,2026-09-06,12,2.1,6.8,8.7,90,25.2,53
犬吠沖,2026-09-06,15,2.2,7.0,7.2,87,25.2,53
犬吠沖,2026-09-06,18,2.4,7.2,6.4,91,25.2,61
犬吠沖,2026-09-06,21,2.4,7.3,7.4,99,25.1,63
飯岡沖,2026-09-06,00,1.0,6.2,6.8,41,25.8,3
飯岡沖,2026-09-06,03,1.1,6.0,7.4,51,25.7,3
飯岡沖,2026-09-06,06,1.3,6.2,7.9,51,25.6,51
飯岡沖,2026-09-06,09,1.5,6.3,7.4,64,25.6,53
飯岡沖,2026-09-06,12,1.7,6.8,8.7,90,25.6,53
飯岡沖,2026-09-06,15,1.7,6.9,7.2,87,25.5,53
飯岡沖,2026-09-06,18,2.0,7.2,6.4,91,25.5,61
飯岡沖,2026-09-06,21,1.9,7.3,7.4,99,25.4,63
真沖,2026-09-06,00,1.0,6.2,6.8,41,25.8,3
真沖,2026-09-06,03,1.1,6.0,7.4,51,25.7,3
真沖,2026-09-06,06,1.3,6.2,7.9,51,25.6,51
真沖,2026-09-06,09,1.5,6.3,7.4,64,25.6,53
真沖,2026-09-06,12,1.7,6.8,8.7,90,25.6,53
真沖,2026-09-06,15,1.7,6.9,7.2,87,25.5,53
真沖,2026-09-06,18,2.0,7.2,6.4,91,25.5,61
真沖,2026-09-06,21,1.9,7.3,7.4,99,25.4,63
波崎沖,2026-09-06,00,1.2,6.4,6.8,41,25.5,3
波崎沖,2026-09-06,03,1.4,6.2,7.4,51,25.4,3
波崎沖,2026-09-06,06,1.6,6.3,7.9,51,25.3,51
波崎沖,2026-09-06,09,1.9,6.4,7.4,64,25.3,53
波崎沖,2026-09-06,12,2.1,6.8,8.7,90,25.2,53
波崎沖,2026-09-06,15,2.2,7.0,7.2,87,25.2,53
波崎沖,2026-09-06,18,2.4,7.2,6.4,91,25.2,61
波崎沖,2026-09-06,21,2.4,7.3,7.4,99,25.1,63
川前大根,2026-09-06,00,1.0,6.2,6.8,41,25.8,3
川前大根,2026-09-06,03,1.1,6.0,7.4,51,25.7,3
川前大根,2026-09-06,06,1.3,6.2,7.9,51,25.6,51
川前大根,2026-09-06,09,1.5,6.3,7.4,64,25.6,53
川前大根,2026-09-06,12,1.7,6.8,8.7,90,25.6,53
川前大根,2026-09-06,15,1.7,6.9,7.2,87,25.5,53
川前大根,2026-09-06,18,2.0,7.2,6.4,91,25.5,61
川前大根,2026-09-06,21,1.9,7.3,7.4,99,25.4,63
鹿島南沖,2026-09-06,00,1.2,5.9,5.8,45,25.1,3
鹿島南沖,2026-09-06,03,1.4,5.8,6.5,48,25.0,3
鹿島南沖,2026-09-06,06,1.5,6.0,7.2,51,24.9,51
鹿島南沖,2026-09-06,09,1.8,6.3,6.8,57,24.9,61
鹿島南沖,2026-09-06,12,1.9,6.7,7.7,88,24.8,51
鹿島南沖,2026-09-06,15,2.0,6.8,6.2,83,24.8,53
鹿島南沖,2026-09-06,18,2.2,7.2,5.5,96,24.7,61
鹿島南沖,2026-09-06,21,2.1,7.2,6.0,91,24.7,63
神栖沖,2026-09-06,00,1.2,5.9,5.8,45,25.2,3
神栖沖,2026-09-06,03,1.4,5.8,6.5,48,25.1,3
神栖沖,2026-09-06,06,1.5,6.0,7.2,51,25.0,51
神栖沖,2026-09-06,09,1.8,6.3,6.8,57,24.9,61
神栖沖,2026-09-06,12,1.9,6.7,7.7,88,24.9,51
神栖沖,2026-09-06,15,2.0,6.8,6.2,83,24.9,53
神栖沖,2026-09-06,18,2.2,7.2,5.5,96,24.8,61
神栖沖,2026-09-06,21,2.1,7.2,6.0,91,24.8,63
鹿島沖,2026-09-06,00,1.2,5.9,6.0,46,25.1,3
鹿島沖,2026-09-06,03,1.4,5.8,6.5,47,25.0,51
鹿島沖,2026-09-06,06,1.5,6.0,7.4,51,25.0,51
鹿島沖,2026-09-06,09,1.8,6.3,7.7,53,25.0,61
鹿島沖,2026-09-06,12,1.9,6.7,6.7,83,25.0,51
鹿島沖,2026-09-06,15,2.0,6.8,5.7,80,25.0,53
鹿島沖,2026-09-06,18,2.2,7.2,5.9,90,25.0,61
鹿島沖,2026-09-06,21,2.1,7.2,6.1,88,24.9,61
鹿島真沖,2026-09-06,00,1.2,5.9,5.6,46,25.1,3
鹿島真沖,2026-09-06,03,1.4,5.8,6.3,46,25.0,51
鹿島真沖,2026-09-06,06,1.5,6.0,7.0,51,24.9,51
鹿島真沖,2026-09-06,09,1.8,6.3,7.3,56,24.9,61
鹿島真沖,2026-09-06,12,1.9,6.7,7.0,88,24.8,51
鹿島真沖,2026-09-06,15,2.0,6.8,5.8,82,24.8,53
鹿島真沖,2026-09-06,18,2.2,7.2,5.4,94,24.7,61
鹿島真沖,2026-09-06,21,2.1,7.2,5.7,86,24.7,63
鹿島魚礁,2026-09-06,00,1.3,6.0,9.9,48,24.8,3
鹿島魚礁,2026-09-06,03,1.5,6.0,11.0,49,24.7,3
鹿島魚礁,2026-09-06,06,1.6,6.2,11.6,52,24.6,3
鹿島魚礁,2026-09-06,09,1.9,6.4,11.2,62,24.5,55
鹿島魚礁,2026-09-06,12,2.1,6.8,10.3,92,24.5,3
鹿島魚礁,2026-09-06,15,2.2,6.9,8.9,88,24.4,51
鹿島魚礁,2026-09-06,18,2.4,7.2,8.9,92,24.4,61
鹿島魚礁,2026-09-06,21,2.4,7.3,9.2,93,24.4,61
鹿島北沖,2026-09-06,00,1.2,5.8,6.0,46,25.1,3
鹿島北沖,2026-09-06,03,1.4,5.8,6.5,47,25.0,51
鹿島北沖,2026-09-06,06,1.6,6.0,7.4,51,25.0,51
鹿島北沖,2026-09-06,09,1.9,6.2,7.7,53,25.0,61
鹿島北沖,2026-09-06,12,2.0,6.6,6.7,83,25.0,51
鹿島北沖,2026-09-06,15,2.1,6.8,5.7,80,25.0,53
鹿島北沖,2026-09-06,18,2.2,7.0,5.9,90,25.0,61
鹿島北沖,2026-09-06,21,2.2,7.2,6.1,88,24.9,61
北沖30,2026-09-06,00,1.2,6.2,5.3,52,24.9,3
北沖30,2026-09-06,03,1.3,6.2,6.0,42,24.8,3
北沖30,2026-09-06,06,1.5,6.2,7.4,48,24.7,3
北沖30,2026-09-06,09,1.8,6.3,8.2,45,24.6,51
北沖30,2026-09-06,12,2.0,6.7,8.4,66,24.5,51
北沖30,2026-09-06,15,2.1,6.8,7.9,71,24.4,51
北沖30,2026-09-06,18,2.2,7.0,8.1,59,24.4,51
北沖30,2026-09-06,21,2.3,7.2,6.9,77,24.3,63
大洗沖,2026-09-06,00,1.2,6.2,4.3,46,25.5,3
大洗沖,2026-09-06,03,1.3,6.2,5.0,37,25.4,3
大洗沖,2026-09-06,06,1.5,6.2,6.2,44,25.4,3
大洗沖,2026-09-06,09,1.8,6.3,6.7,45,25.3,51
大洗沖,2026-09-06,12,2.0,6.7,7.7,62,25.3,51
大洗沖,2026-09-06,15,2.1,6.8,6.5,67,25.2,51
大洗沖,2026-09-06,18,2.2,7.0,7.2,60,25.2,53
大洗沖,2026-09-06,21,2.3,7.2,5.9,78,25.1,63
青山沖,2026-09-06,00,1.2,6.2,5.3,52,24.5,3
青山沖,2026-09-06,03,1.3,6.2,6.0,42,24.5,3
青山沖,2026-09-06,06,1.4,6.2,7.4,48,24.4,3
青山沖,2026-09-06,09,1.8,6.3,8.2,45,24.4,51
青山沖,2026-09-06,12,2.0,6.6,8.4,66,24.3,51
青山沖,2026-09-06,15,2.1,6.7,7.9,71,24.3,51
青山沖,2026-09-06,18,2.3,7.0,8.1,59,24.2,51
青山沖,2026-09-06,21,2.3,7.2,6.9,77,24.2,63
日立沖,2026-09-06,00,1.1,6.7,5.7,41,24.5,3
日立沖,2026-09-06,03,1.1,6.6,5.8,32,24.4,3
日立沖,2026-09-06,06,1.3,6.4,7.3,41,24.4,3
日立沖,2026-09-06,09,1.6,6.4,8.5,44,24.3,51
日立沖,2026-09-06,12,1.8,6.5,7.7,65,24.3,53
日立沖,2026-09-06,15,2.0,6.6,7.1,62,24.3,51
日立沖,2026-09-06,18,2.2,6.8,7.9,56,24.2,51
日立沖,2026-09-06,21,2.2,7.0,7.0,70,24.2,63
銭洲沖,2026-09-07,00,3.7,8.3,12.2,187,28.1,63
銭洲沖,2026-09-07,03,3.9,8.2,14.4,185,28.1,53
銭洲沖,2026-09-07,06,3.8,8.2,12.3,189,28.0,51
銭洲沖,2026-09-07,09,3.8,8.3,11.6,188,27.9,53
銭洲沖,2026-09-07,12,3.5,8.2,9.9,194,27.9,53
銭洲沖,2026-09-07,15,3.3,8.1,10.1,203,27.9,55
銭洲沖,2026-09-07,18,3.2,8.2,8.1,205,27.9,51
銭洲沖,2026-09-07,21,3.0,8.1,5.9,201,27.8,0
イナンバ,2026-09-07,00,4.1,8.3,8.0,184,28.4,63
イナンバ,2026-09-07,03,4.0,8.2,13.1,178,28.4,63
イナンバ,2026-09-07,06,3.8,8.3,13.7,199,28.4,63
イナンバ,2026-09-07,09,3.5,8.2,11.1,202,28.4,63
イナンバ,2026-09-07,12,3.2,8.4,12.9,199,28.4,63
イナンバ,2026-09-07,15,2.9,8.5,8.7,230,28.3,51
イナンバ,2026-09-07,18,2.8,8.6,7.5,229,28.2,55
イナンバ,2026-09-07,21,2.5,8.4,6.7,213,28.2,51
石花海,2026-09-07,00,4.1,8.4,7.3,169,26.1,63
石花海,2026-09-07,03,3.5,8.6,4.5,163,26.1,63
石花海,2026-09-07,06,3.2,8.5,4.4,210,26.1,61
石花海,2026-09-07,09,3.0,8.5,1.4,126,26.1,65
石花海,2026-09-07,12,2.9,8.7,4.6,200,26.2,63
石花海,2026-09-07,15,2.7,8.8,4.4,208,26.2,55
石花海,2026-09-07,18,2.6,8.9,5.1,202,26.1,61
石花海,2026-09-07,21,2.4,8.7,1.9,203,26.0,1
神津島,2026-09-07,00,3.9,8.1,6.6,162,26.7,61
神津島,2026-09-07,03,3.5,8.3,10.3,175,26.6,63
神津島,2026-09-07,06,3.3,8.3,10.0,202,26.5,61
神津島,2026-09-07,09,3.1,8.2,11.8,204,26.4,65
神津島,2026-09-07,12,2.9,8.5,11.7,200,26.5,63
神津島,2026-09-07,15,2.7,8.6,6.8,227,26.6,53
神津島,2026-09-07,18,2.6,8.7,4.7,233,26.7,55
神津島,2026-09-07,21,2.3,8.5,3.7,208,26.7,3
金洲沖,2026-09-07,00,3.8,8.2,5.2,94,25.0,63
金洲沖,2026-09-07,03,3.4,8.4,3.9,134,25.0,65
金洲沖,2026-09-07,06,3.1,8.4,2.4,55,25.1,63
金洲沖,2026-09-07,09,2.9,8.4,9.6,46,25.2,65
金洲沖,2026-09-07,12,2.8,8.6,0.6,138,25.3,65
金洲沖,2026-09-07,15,2.7,8.6,5.2,221,25.4,53
金洲沖,2026-09-07,18,2.6,8.7,5.4,202,25.4,61
金洲沖,2026-09-07,21,2.4,8.3,1.8,231,25.4,53
新島沖,2026-09-07,00,3.9,8.0,6.5,157,26.2,61
新島沖,2026-09-07,03,3.4,8.0,11.2,177,26.4,65
新島沖,2026-09-07,06,3.2,8.0,10.6,207,26.4,61
新島沖,2026-09-07,09,2.8,8.0,12.1,207,26.3,65
新島沖,2026-09-07,12,2.6,8.2,12.9,200,26.3,63
新島沖,2026-09-07,15,2.4,8.2,7.1,220,26.2,55
新島沖,2026-09-07,18,2.3,8.4,6.1,228,26.2,61
新島沖,2026-09-07,21,2.1,8.2,1.9,222,26.2,3
金州,2026-09-07,00,3.9,7.9,8.0,180,24.9,61
金州,2026-09-07,03,3.3,8.0,11.1,181,25.1,63
金州,2026-09-07,06,3.0,8.0,3.7,248,25.3,63
金州,2026-09-07,09,2.7,7.8,2.3,210,25.6,65
金州,2026-09-07,12,2.5,7.9,9.6,210,25.7,63
金州,2026-09-07,15,2.3,8.0,6.3,206,25.8,61
金州,2026-09-07,18,2.1,8.1,4.9,227,25.8,61
金州,2026-09-07,21,2.0,7.8,2.0,332,25.8,55
白河沖,2026-09-07,00,3.4,7.8,14.6,44,26.1,63
白河沖,2026-09-07,03,3.1,8.0,11.0,49,25.8,53
白河沖,2026-09-07,06,2.8,8.3,6.1,62,25.7,55
白河沖,2026-09-07,09,2.6,8.8,4.1,58,25.7,63
白河沖,2026-09-07,12,2.5,8.9,3.9,54,25.7,63
白河沖,2026-09-07,15,2.5,8.8,4.3,40,25.6,61
白河沖,2026-09-07,18,2.4,8.8,2.5,75,25.6,61
白河沖,2026-09-07,21,2.3,8.4,2.3,56,25.5,65
御前崎沖,2026-09-07,00,3.4,7.7,14.6,44,26.3,63
御前崎沖,2026-09-07,03,3.1,8.1,11.0,49,26.1,53
御前崎沖,2026-09-07,06,2.8,8.3,6.1,62,26.0,55
御前崎沖,2026-09-07,09,2.6,8.8,4.1,58,26.1,63
御前崎沖,2026-09-07,12,2.5,8.9,3.9,54,26.1,63
御前崎沖,2026-09-07,15,2.5,8.8,4.3,40,26.1,61
御前崎沖,2026-09-07,18,2.4,8.7,2.5,75,26.0,61
御前崎沖,2026-09-07,21,2.3,8.4,2.3,56,25.9,65
八方便,2026-09-07,00,3.4,7.8,14.6,44,26.1,63
八方便,2026-09-07,03,3.1,8.0,11.0,49,25.8,53
八方便,2026-09-07,06,2.8,8.3,6.1,62,25.7,55
八方便,2026-09-07,09,2.6,8.8,4.1,58,25.7,63
八方便,2026-09-07,12,2.5,8.9,3.9,54,25.7,63
八方便,2026-09-07,15,2.5,8.8,4.3,40,25.6,61
八方便,2026-09-07,18,2.4,8.8,2.5,75,25.6,61
八方便,2026-09-07,21,2.3,8.4,2.3,56,25.5,65
神子元沖,2026-09-07,00,3.3,8.2,9.2,41,26.0,61
神子元沖,2026-09-07,03,3.2,8.4,7.2,46,26.0,63
神子元沖,2026-09-07,06,2.9,8.4,1.3,11,26.1,53
神子元沖,2026-09-07,09,2.7,8.4,3.1,48,26.2,63
神子元沖,2026-09-07,12,2.6,8.4,0.6,45,26.3,65
神子元沖,2026-09-07,15,2.5,8.4,1.2,192,26.3,63
神子元沖,2026-09-07,18,2.4,8.4,1.2,222,26.4,63
神子元沖,2026-09-07,21,2.3,8.2,0.2,18,26.4,63
大東沖,2026-09-07,00,2.6,8.1,9.7,63,26.9,63
大東沖,2026-09-07,03,2.5,8.8,4.3,23,26.8,55
大東沖,2026-09-07,06,2.4,8.9,4.2,91,26.7,61
大東沖,2026-09-07,09,2.3,9.2,1.3,45,26.7,63
大東沖,2026-09-07,12,2.3,9.1,3.2,71,26.7,63
大東沖,2026-09-07,15,2.3,9.0,2.7,63,26.7,63
大東沖,2026-09-07,18,2.3,8.9,2.1,86,26.7,61
大東沖,2026-09-07,21,2.3,8.6,3.0,84,26.6,63
石廊崎沖,2026-09-07,00,2.9,8.3,9.0,73,26.0,55
石廊崎沖,2026-09-07,03,2.9,8.6,4.6,72,26.1,55
石廊崎沖,2026-09-07,06,2.7,8.7,0.2,270,26.3,53
石廊崎沖,2026-09-07,09,2.6,8.7,2.7,75,26.4,63
石廊崎沖,2026-09-07,12,2.5,8.7,1.1,82,26.5,65
石廊崎沖,2026-09-07,15,2.5,8.7,1.3,20,26.5,61
石廊崎沖,2026-09-07,18,2.4,8.7,1.7,142,26.5,65
石廊崎沖,2026-09-07,21,2.3,8.3,1.5,134,26.5,63
福田沖,2026-09-07,00,2.6,8.2,8.7,60,26.9,65
福田沖,2026-09-07,03,2.5,8.8,3.4,356,26.9,61
福田沖,2026-09-07,06,2.4,8.9,3.4,84,26.8,61
福田沖,2026-09-07,09,2.3,9.2,1.1,10,26.7,63
福田沖,2026-09-07,12,2.3,9.1,2.9,72,26.7,63
福田沖,2026-09-07,15,2.3,9.1,2.4,59,26.7,63
福田沖,2026-09-07,18,2.3,8.9,2.1,83,26.6,61
福田沖,2026-09-07,21,2.3,8.6,3.1,89,26.6,61
浜岡沖,2026-09-07,00,2.7,7.8,14.6,44,26.7,63
浜岡沖,2026-09-07,03,2.5,8.5,11.0,49,26.7,53
浜岡沖,2026-09-07,06,2.4,8.8,6.1,62,26.6,55
浜岡沖,2026-09-07,09,2.3,9.1,4.1,58,26.6,63
浜岡沖,2026-09-07,12,2.3,9.1,3.9,54,26.7,63
浜岡沖,2026-09-07,15,2.3,8.9,4.3,40,26.8,61
浜岡沖,2026-09-07,18,2.2,8.8,2.5,75,26.8,61
浜岡沖,2026-09-07,21,2.2,8.5,2.3,56,26.8,65
下田南沖,2026-09-07,00,3.3,8.2,9.2,41,26.0,61
下田南沖,2026-09-07,03,3.2,8.4,7.2,46,26.0,63
下田南沖,2026-09-07,06,2.9,8.4,1.3,11,26.1,53
下田南沖,2026-09-07,09,2.7,8.4,3.1,48,26.2,63
下田南沖,2026-09-07,12,2.6,8.4,0.6,45,26.3,65
下田南沖,2026-09-07,15,2.5,8.4,1.2,192,26.3,63
下田南沖,2026-09-07,18,2.4,8.4,1.2,222,26.4,63
下田南沖,2026-09-07,21,2.3,8.2,0.2,18,26.4,63
下田沖,2026-09-07,00,3.3,8.2,9.2,41,26.0,61
下田沖,2026-09-07,03,3.2,8.4,7.2,46,26.0,63
下田沖,2026-09-07,06,2.9,8.4,1.3,11,26.1,53
下田沖,2026-09-07,09,2.7,8.4,3.1,48,26.2,63
下田沖,2026-09-07,12,2.6,8.4,0.6,45,26.3,65
下田沖,2026-09-07,15,2.5,8.4,1.2,192,26.3,63
下田沖,2026-09-07,18,2.4,8.4,1.2,222,26.4,63
下田沖,2026-09-07,21,2.3,8.2,0.2,18,26.4,63
相良沖,2026-09-07,00,2.8,7.7,14.6,44,26.8,63
相良沖,2026-09-07,03,2.6,8.2,11.0,49,26.8,53
相良沖,2026-09-07,06,2.5,8.6,6.1,62,26.8,55
相良沖,2026-09-07,09,2.3,8.9,4.1,58,26.8,63
相良沖,2026-09-07,12,2.3,8.9,3.9,54,26.9,63
相良沖,2026-09-07,15,2.3,8.8,4.3,40,26.9,61
相良沖,2026-09-07,18,2.3,8.8,2.5,75,26.9,61
相良沖,2026-09-07,21,2.2,8.4,2.3,56,26.8,65
天竜沖,2026-09-07,00,1.7,8.2,6.2,54,26.9,65
天竜沖,2026-09-07,03,1.7,8.8,1.8,341,26.9,63
天竜沖,2026-09-07,06,1.7,8.9,0.2,297,26.8,53
天竜沖,2026-09-07,09,1.8,9.1,0.7,278,26.7,65
天竜沖,2026-09-07,12,1.8,8.8,2.0,94,26.7,61
天竜沖,2026-09-07,15,1.8,8.8,1.4,96,26.7,61
天竜沖,2026-09-07,18,1.8,8.7,1.2,95,26.6,61
天竜沖,2026-09-07,21,1.8,8.2,2.1,84,26.6,61
波勝崎沖,2026-09-07,00,2.2,8.4,9.2,41,26.3,61
波勝崎沖,2026-09-07,03,2.3,8.8,7.2,46,26.5,63
波勝崎沖,2026-09-07,06,2.3,8.8,1.3,11,26.6,53
波勝崎沖,2026-09-07,09,2.2,8.8,3.1,48,26.5,63
波勝崎沖,2026-09-07,12,2.2,8.8,0.6,45,26.4,65
波勝崎沖,2026-09-07,15,2.2,8.8,1.2,192,26.3,63
波勝崎沖,2026-09-07,18,2.1,8.8,1.2,222,26.2,63
波勝崎沖,2026-09-07,21,2.1,8.4,0.2,18,26.0,63
藤守前,2026-09-07,00,1.7,7.8,8.4,46,27.0,65
藤守前,2026-09-07,03,1.6,8.7,7.3,49,27.0,53
藤守前,2026-09-07,06,1.6,8.9,2.8,80,26.9,61
藤守前,2026-09-07,09,1.6,9.1,3.3,44,26.9,63
藤守前,2026-09-07,12,1.6,8.8,3.1,53,26.9,63
藤守前,2026-09-07,15,1.7,8.7,2.8,41,26.9,63
藤守前,2026-09-07,18,1.7,8.5,1.3,70,26.8,61
藤守前,2026-09-07,21,1.7,8.2,2.6,50,26.8,63
吉田沖,2026-09-07,00,1.7,7.8,8.4,46,27.0,65
吉田沖,2026-09-07,03,1.6,8.7,7.3,49,27.0,53
吉田沖,2026-09-07,06,1.6,8.9,2.8,80,26.9,61
吉田沖,2026-09-07,09,1.6,9.1,3.3,44,26.9,63
吉田沖,2026-09-07,12,1.6,8.8,3.1,53,26.9,63
吉田沖,2026-09-07,15,1.7,8.7,2.8,41,26.9,63
吉田沖,2026-09-07,18,1.7,8.5,1.3,70,26.8,61
吉田沖,2026-09-07,21,1.7,8.2,2.6,50,26.8,63
千貫門沖,2026-09-07,00,2.2,8.4,9.0,73,26.2,55
千貫門沖,2026-09-07,03,2.3,8.8,4.6,72,26.2,55
千貫門沖,2026-09-07,06,2.3,8.8,0.2,270,26.1,53
千貫門沖,2026-09-07,09,2.2,8.8,2.7,75,26.1,63
千貫門沖,2026-09-07,12,2.2,8.8,1.1,82,26.1,65
千貫門沖,2026-09-07,15,2.2,8.8,1.3,20,26.0,61
千貫門沖,2026-09-07,18,2.1,8.8,1.7,142,26.0,65
千貫門沖,2026-09-07,21,2.1,8.4,1.5,134,25.9,63
豊浜沖,2026-09-07,00,2.0,8.1,9.0,73,25.9,55
豊浜沖,2026-09-07,03,2.1,8.8,4.6,72,25.9,55
豊浜沖,2026-09-07,06,2.1,9.0,0.2,270,25.9,53
豊浜沖,2026-09-07,09,2.1,8.9,2.7,75,26.0,63
豊浜沖,2026-09-07,12,2.0,8.9,1.1,82,26.0,65
豊浜沖,2026-09-07,15,2.0,9.0,1.3,20,26.0,61
豊浜沖,2026-09-07,18,2.0,8.9,1.7,142,26.0,65
豊浜沖,2026-09-07,21,2.0,8.6,1.5,134,25.9,63
松崎沖,2026-09-07,00,2.2,8.4,9.0,73,26.2,55
松崎沖,2026-09-07,03,2.3,8.8,4.6,72,26.2,55
松崎沖,2026-09-07,06,2.3,8.8,0.2,270,26.1,53
松崎沖,2026-09-07,09,2.2,8.8,2.7,75,26.1,63
松崎沖,2026-09-07,12,2.2,8.8,1.1,82,26.1,65
松崎沖,2026-09-07,15,2.2,8.8,1.3,20,26.0,61
松崎沖,2026-09-07,18,2.1,8.8,1.7,142,26.0,65
松崎沖,2026-09-07,21,2.1,8.4,1.5,134,25.9,63
西伊豆沖,2026-09-07,00,2.0,8.1,10.0,53,26.2,63
西伊豆沖,2026-09-07,03,2.1,8.8,4.4,57,26.2,63
西伊豆沖,2026-09-07,06,2.1,9.0,4.2,60,26.1,53
西伊豆沖,2026-09-07,09,2.1,8.9,2.8,71,26.1,61
西伊豆沖,2026-09-07,12,2.0,8.9,1.2,97,26.1,63
西伊豆沖,2026-09-07,15,2.0,9.0,1.2,318,26.0,65
西伊豆沖,2026-09-07,18,2.0,8.9,2.3,194,26.0,63
西伊豆沖,2026-09-07,21,2.0,8.6,2.7,164,25.9,63
大井川沖,2026-09-07,00,2.2,7.5,6.0,41,27.0,65
大井川沖,2026-09-07,03,2.1,8.3,5.5,46,26.9,61
大井川沖,2026-09-07,06,2.1,8.6,2.2,74,26.9,63
大井川沖,2026-09-07,09,2.0,8.9,2.9,53,26.9,63
大井川沖,2026-09-07,12,2.0,8.8,2.2,50,26.9,63
大井川沖,2026-09-07,15,2.0,8.8,2.0,32,26.8,63
大井川沖,2026-09-07,18,2.0,8.8,0.9,90,26.8,61
大井川沖,2026-09-07,21,1.9,8.4,1.5,41,26.7,63
中瀬海岸,2026-09-07,00,2.2,7.5,6.0,41,27.0,65
中瀬海岸,2026-09-07,03,2.1,8.3,5.5,46,26.9,61
中瀬海岸,2026-09-07,06,2.1,8.6,2.2,74,26.9,63
中瀬海岸,2026-09-07,09,2.0,8.9,2.9,53,26.9,63
中瀬海岸,2026-09-07,12,2.0,8.8,2.2,50,26.9,63
中瀬海岸,2026-09-07,15,2.0,8.8,2.0,32,26.8,63
中瀬海岸,2026-09-07,18,2.0,8.8,0.9,90,26.8,61
中瀬海岸,2026-09-07,21,1.9,8.4,1.5,41,26.7,63
大井川港,2026-09-07,00,2.2,7.5,3.3,31,27.0,65
大井川港,2026-09-07,03,2.1,8.3,2.7,40,26.9,63
大井川港,2026-09-07,06,2.1,8.6,1.5,58,26.9,55
大井川港,2026-09-07,09,2.0,8.9,1.4,75,26.9,63
大井川港,2026-09-07,12,2.0,8.8,1.1,58,26.9,63
大井川港,2026-09-07,15,2.0,8.8,1.0,23,26.8,63
大井川港,2026-09-07,18,2.0,8.8,0.9,114,26.8,61
大井川港,2026-09-07,21,1.9,8.4,1.1,37,26.7,61
駿河湾,2026-09-07,00,1.7,8.0,6.6,62,26.4,63
駿河湾,2026-09-07,03,1.8,8.9,1.8,131,26.2,63
駿河湾,2026-09-07,06,1.9,9.1,1.0,119,26.1,61
駿河湾,2026-09-07,09,1.8,8.9,2.2,58,26.0,65
駿河湾,2026-09-07,12,1.9,8.9,0.6,59,25.9,63
駿河湾,2026-09-07,15,1.9,9.1,1.2,308,25.9,65
駿河湾,2026-09-07,18,1.9,8.9,0.2,135,25.9,63
駿河湾,2026-09-07,21,1.8,8.7,1.4,90,25.9,63
洲崎沖,2026-09-07,00,3.2,8.1,11.7,96,27.6,65
洲崎沖,2026-09-07,03,3.3,8.4,6.7,180,27.5,63
洲崎沖,2026-09-07,06,3.2,8.3,4.2,225,27.5,65
洲崎沖,2026-09-07,09,3.1,8.3,6.7,207,27.5,61
洲崎沖,2026-09-07,12,2.9,8.3,1.7,231,27.5,63
洲崎沖,2026-09-07,15,2.7,8.2,9.2,200,27.6,63
洲崎沖,2026-09-07,18,2.5,8.4,3.0,273,27.6,63
洲崎沖,2026-09-07,21,2.3,8.3,0.5,135,27.5,51
沖ノ瀬,2026-09-07,00,3.0,8.0,15.6,23,27.0,65
沖ノ瀬,2026-09-07,03,3.1,8.3,10.5,7,27.0,55
沖ノ瀬,2026-09-07,06,2.9,8.3,7.8,347,27.0,65
沖ノ瀬,2026-09-07,09,2.7,8.3,6.5,22,27.0,61
沖ノ瀬,2026-09-07,12,2.5,8.4,1.2,360,27.0,63
沖ノ瀬,2026-09-07,15,2.3,8.5,3.1,1,27.1,63
沖ノ瀬,2026-09-07,18,2.2,8.4,0.9,353,27.2,63
沖ノ瀬,2026-09-07,21,2.1,8.4,3.1,46,27.3,61
平砂浦沖,2026-09-07,00,3.4,7.9,11.7,96,27.5,65
平砂浦沖,2026-09-07,03,3.5,8.3,6.7,180,27.4,63
平砂浦沖,2026-09-07,06,3.5,8.2,4.2,225,27.4,65
平砂浦沖,2026-09-07,09,3.4,8.1,6.7,207,27.3,61
平砂浦沖,2026-09-07,12,3.2,8.1,1.7,231,27.3,63
平砂浦沖,2026-09-07,15,2.8,8.1,9.2,200,27.4,63
平砂浦沖,2026-09-07,18,2.6,8.2,3.0,273,27.4,63
平砂浦沖,2026-09-07,21,2.4,8.2,0.5,135,27.5,51
館山沖,2026-09-07,00,3.2,8.0,11.7,96,27.3,65
館山沖,2026-09-07,03,3.4,8.4,6.7,180,27.3,63
館山沖,2026-09-07,06,3.3,8.3,4.2,225,27.2,65
館山沖,2026-09-07,09,3.2,8.2,6.7,207,27.2,61
館山沖,2026-09-07,12,3.0,8.2,1.7,231,27.2,63
館山沖,2026-09-07,15,2.8,8.2,9.2,200,27.3,63
館山沖,2026-09-07,18,2.5,8.3,3.0,273,27.3,63
館山沖,2026-09-07,21,2.3,8.2,0.5,135,27.3,51
久能沖,2026-09-07,00,1.9,7.8,6.0,32,27.0,63
久能沖,2026-09-07,03,2.0,8.7,6.4,9,27.0,63
久能沖,2026-09-07,06,2.0,8.8,4.0,4,26.9,51
久能沖,2026-09-07,09,1.9,8.9,1.9,31,26.9,63
久能沖,2026-09-07,12,2.0,9.0,1.0,99,26.8,63
久能沖,2026-09-07,15,2.0,9.0,0.8,4,26.7,63
久能沖,2026-09-07,18,1.9,8.9,1.1,95,26.5,63
久能沖,2026-09-07,21,1.9,8.7,1.6,15,26.4,53
富浦沖,2026-09-07,00,3.1,8.1,11.7,96,27.5,65
富浦沖,2026-09-07,03,3.3,8.4,6.7,180,27.5,63
富浦沖,2026-09-07,06,3.2,8.4,4.2,225,27.5,65
富浦沖,2026-09-07,09,3.0,8.3,6.7,207,27.5,61
富浦沖,2026-09-07,12,2.8,8.4,1.7,231,27.5,63
富浦沖,2026-09-07,15,2.6,8.3,9.2,200,27.5,63
富浦沖,2026-09-07,18,2.4,8.4,3.0,273,27.5,63
富浦沖,2026-09-07,21,2.3,8.3,0.5,135,27.5,51
折戸沖,2026-09-07,00,1.9,7.8,6.0,32,27.0,63
折戸沖,2026-09-07,03,2.0,8.7,6.4,9,27.0,63
折戸沖,2026-09-07,06,2.0,8.8,4.0,4,26.9,51
折戸沖,2026-09-07,09,1.9,8.9,1.9,31,26.9,63
折戸沖,2026-09-07,12,2.0,9.0,1.0,99,26.8,63
折戸沖,2026-09-07,15,2.0,9.0,0.8,4,26.7,63
折戸沖,2026-09-07,18,1.9,8.9,1.1,95,26.5,63
折戸沖,2026-09-07,21,1.9,8.7,1.6,15,26.4,53
貯木場,2026-09-07,00,1.6,8.0,6.0,32,27.0,63
貯木場,2026-09-07,03,1.8,9.0,6.4,9,27.0,63
貯木場,2026-09-07,06,1.8,9.1,4.0,4,26.9,51
貯木場,2026-09-07,09,1.7,8.9,1.9,31,26.9,63
貯木場,2026-09-07,12,1.8,9.1,1.0,99,26.8,63
貯木場,2026-09-07,15,1.8,9.1,0.8,4,26.7,63
貯木場,2026-09-07,18,1.8,8.9,1.1,95,26.5,63
貯木場,2026-09-07,21,1.8,8.8,1.6,15,26.4,53
折戸,2026-09-07,00,1.6,8.0,6.0,32,27.0,63
折戸,2026-09-07,03,1.8,9.0,6.4,9,26.9,63
折戸,2026-09-07,06,1.8,9.1,4.0,4,26.8,51
折戸,2026-09-07,09,1.7,8.9,1.9,31,26.7,63
折戸,2026-09-07,12,1.8,9.1,1.0,99,26.6,63
折戸,2026-09-07,15,1.8,9.1,0.8,4,26.4,63
折戸,2026-09-07,18,1.8,8.9,1.1,95,26.3,63
折戸,2026-09-07,21,1.8,8.8,1.6,15,26.2,53
清水沖,2026-09-07,00,1.6,8.0,6.0,32,27.0,63
清水沖,2026-09-07,03,1.8,9.0,6.4,9,26.9,63
清水沖,2026-09-07,06,1.8,9.1,4.0,4,26.8,51
清水沖,2026-09-07,09,1.7,8.9,1.9,31,26.7,63
清水沖,2026-09-07,12,1.8,9.1,1.0,99,26.6,63
清水沖,2026-09-07,15,1.8,9.1,0.8,4,26.4,63
清水沖,2026-09-07,18,1.8,8.9,1.1,95,26.3,63
清水沖,2026-09-07,21,1.8,8.8,1.6,15,26.2,53
岩井富浦沖,2026-09-07,00,2.3,8.0,11.7,96,27.6,65
岩井富浦沖,2026-09-07,03,2.7,8.4,6.7,180,27.5,63
岩井富浦沖,2026-09-07,06,2.7,8.3,4.2,225,27.3,65
岩井富浦沖,2026-09-07,09,2.7,8.2,6.7,207,27.1,61
岩井富浦沖,2026-09-07,12,2.5,8.3,1.7,231,26.9,63
岩井富浦沖,2026-09-07,15,2.3,8.2,9.2,200,26.7,63
岩井富浦沖,2026-09-07,18,2.2,8.3,3.0,273,26.8,63
岩井富浦沖,2026-09-07,21,2.0,8.2,0.5,135,26.8,51
北防,2026-09-07,00,1.6,8.0,6.0,32,27.0,63
北防,2026-09-07,03,1.8,9.0,6.4,9,27.0,63
北防,2026-09-07,06,1.8,9.1,4.0,4,26.9,51
北防,2026-09-07,09,1.7,8.9,1.9,31,26.9,63
北防,2026-09-07,12,1.8,9.1,1.0,99,26.8,63
北防,2026-09-07,15,1.8,9.1,0.8,4,26.7,63
北防,2026-09-07,18,1.8,8.9,1.1,95,26.5,63
北防,2026-09-07,21,1.8,8.8,1.6,15,26.4,53
一文字堤,2026-09-07,00,1.6,8.0,6.0,32,27.0,63
一文字堤,2026-09-07,03,1.8,9.0,6.4,9,26.9,63
一文字堤,2026-09-07,06,1.8,9.1,4.0,4,26.8,51
一文字堤,2026-09-07,09,1.7,8.9,1.9,31,26.7,63
一文字堤,2026-09-07,12,1.8,9.1,1.0,99,26.6,63
一文字堤,2026-09-07,15,1.8,9.1,0.8,4,26.4,63
一文字堤,2026-09-07,18,1.8,8.9,1.1,95,26.3,63
一文字堤,2026-09-07,21,1.8,8.8,1.6,15,26.2,53
西浦沖,2026-09-07,00,1.2,8.8,6.0,67,27.0,63
西浦沖,2026-09-07,03,1.4,9.4,1.1,165,26.9,53
西浦沖,2026-09-07,06,1.5,9.4,1.9,186,26.8,61
西浦沖,2026-09-07,09,1.5,9.2,1.8,67,26.7,63
西浦沖,2026-09-07,12,1.5,9.1,0.9,99,26.7,63
西浦沖,2026-09-07,15,1.5,9.1,0.9,261,26.6,65
西浦沖,2026-09-07,18,1.6,9.1,0.5,66,26.5,63
西浦沖,2026-09-07,21,1.5,8.8,1.9,88,26.4,61
高新田前,2026-09-07,00,1.6,8.0,6.0,32,27.0,63
高新田前,2026-09-07,03,1.8,9.0,6.4,9,26.9,63
高新田前,2026-09-07,06,1.8,9.1,4.0,4,26.8,51
高新田前,2026-09-07,09,1.7,8.9,1.9,31,26.7,63
高新田前,2026-09-07,12,1.8,9.1,1.0,99,26.6,63
高新田前,2026-09-07,15,1.8,9.1,0.8,4,26.4,63
高新田前,2026-09-07,18,1.8,8.9,1.1,95,26.3,63
高新田前,2026-09-07,21,1.8,8.8,1.6,15,26.2,53
三保沖,2026-09-07,00,1.6,8.0,4.3,16,26.9,63
三保沖,2026-09-07,03,1.8,9.0,6.8,352,26.8,65
三保沖,2026-09-07,06,1.8,9.1,4.2,344,26.6,51
三保沖,2026-09-07,09,1.7,8.9,1.6,14,26.3,63
三保沖,2026-09-07,12,1.8,9.1,0.6,135,26.3,61
三保沖,2026-09-07,15,1.8,9.1,0.6,288,26.3,63
三保沖,2026-09-07,18,1.8,8.9,0.8,105,26.2,63
三保沖,2026-09-07,21,1.8,8.8,1.4,354,26.2,53
三保取入口,2026-09-07,00,1.6,8.0,4.3,16,26.9,63
三保取入口,2026-09-07,03,1.8,9.0,6.8,352,26.8,65
三保取入口,2026-09-07,06,1.8,9.1,4.2,344,26.6,51
三保取入口,2026-09-07,09,1.7,8.9,1.6,14,26.3,63
三保取入口,2026-09-07,12,1.8,9.1,0.6,135,26.3,61
三保取入口,2026-09-07,15,1.8,9.1,0.6,288,26.3,63
三保取入口,2026-09-07,18,1.8,8.9,0.8,105,26.2,63
三保取入口,2026-09-07,21,1.8,8.8,1.4,354,26.2,53
静浦沖,2026-09-07,00,1.2,8.8,5.5,55,27.0,63
静浦沖,2026-09-07,03,1.4,9.4,0.6,165,26.9,61
静浦沖,2026-09-07,06,1.5,9.4,1.3,108,26.8,63
静浦沖,2026-09-07,09,1.5,9.2,1.8,48,26.7,63
静浦沖,2026-09-07,12,1.5,9.1,0.9,93,26.7,63
静浦沖,2026-09-07,15,1.5,9.1,1.5,203,26.6,65
静浦沖,2026-09-07,18,1.6,9.1,0.4,69,26.5,63
静浦沖,2026-09-07,21,1.5,8.8,1.7,71,26.4,61
網代沖,2026-09-07,00,,,7.9,50,26.7,65
網代沖,2026-09-07,03,,,2.3,32,26.7,53
網代沖,2026-09-07,06,,,2.3,195,26.6,61
網代沖,2026-09-07,09,,,1.1,115,26.5,63
網代沖,2026-09-07,12,,,0.7,103,26.4,63
網代沖,2026-09-07,15,,,1.4,290,26.4,65
網代沖,2026-09-07,18,,,0.2,63,26.4,63
網代沖,2026-09-07,21,,,1.7,83,26.3,55
網代南沖,2026-09-07,00,2.4,7.4,8.8,35,26.7,65
網代南沖,2026-09-07,03,2.4,8.0,5.5,16,26.7,53
網代南沖,2026-09-07,06,2.3,8.2,0.2,307,26.6,61
網代南沖,2026-09-07,09,2.1,8.2,0.3,98,26.5,63
網代南沖,2026-09-07,12,2.1,8.2,1.2,196,26.4,63
網代南沖,2026-09-07,15,1.9,8.2,1.0,247,26.4,65
網代南沖,2026-09-07,18,1.8,8.3,0.4,54,26.4,63
網代南沖,2026-09-07,21,1.7,8.2,1.9,51,26.3,53
岩井沖,2026-09-07,00,2.3,8.0,11.7,96,27.6,65
岩井沖,2026-09-07,03,2.7,8.4,6.7,180,27.5,63
岩井沖,2026-09-07,06,2.7,8.3,4.2,225,27.3,65
岩井沖,2026-09-07,09,2.7,8.2,6.7,207,27.1,61
岩井沖,2026-09-07,12,2.5,8.3,1.7,231,26.9,63
岩井沖,2026-09-07,15,2.3,8.2,9.2,200,26.7,63
岩井沖,2026-09-07,18,2.2,8.3,3.0,273,26.8,63
岩井沖,2026-09-07,21,2.0,8.2,0.5,135,26.8,51
沼津沖,2026-09-07,00,1.2,8.8,6.0,67,27.0,63
沼津沖,2026-09-07,03,1.4,9.4,1.1,165,26.9,53
沼津沖,2026-09-07,06,1.5,9.4,1.9,186,26.8,61
沼津沖,2026-09-07,09,1.5,9.2,1.8,67,26.7,63
沼津沖,2026-09-07,12,1.5,9.1,0.9,99,26.7,63
沼津沖,2026-09-07,15,1.5,9.1,0.9,261,26.6,65
沼津沖,2026-09-07,18,1.6,9.1,0.5,66,26.5,63
沼津沖,2026-09-07,21,1.5,8.8,1.9,88,26.4,61
相模湾,2026-09-07,00,2.5,7.5,16.4,3,26.9,65
相模湾,2026-09-07,03,2.6,8.1,9.9,1,26.8,51
相模湾,2026-09-07,06,2.5,8.3,10.0,9,26.7,61
相模湾,2026-09-07,09,2.3,8.2,2.4,6,26.7,63
相模湾,2026-09-07,12,2.2,8.3,1.2,57,26.7,63
相模湾,2026-09-07,15,2.1,8.4,1.8,37,26.7,63
相模湾,2026-09-07,18,2.0,8.4,0.6,232,26.6,63
相模湾,2026-09-07,21,1.8,8.3,5.1,28,26.4,53
太海沖航程1時間30分,2026-09-07,00,3.4,7.9,10.1,95,27.5,65
太海沖航程1時間30分,2026-09-07,03,3.5,8.3,6.5,178,27.4,63
太海沖航程1時間30分,2026-09-07,06,3.5,8.2,5.6,191,27.4,65
太海沖航程1時間30分,2026-09-07,09,3.4,8.1,5.9,202,27.3,61
太海沖航程1時間30分,2026-09-07,12,3.2,8.1,2.1,221,27.3,63
太海沖航程1時間30分,2026-09-07,15,2.8,8.1,7.3,196,27.4,63
太海沖航程1時間30分,2026-09-07,18,2.6,8.2,2.6,277,27.4,63
太海沖航程1時間30分,2026-09-07,21,2.4,8.2,0.4,106,27.3,51
木負沖,2026-09-07,00,1.2,8.8,5.5,55,27.0,63
木負沖,2026-09-07,03,1.4,9.4,0.6,165,26.9,61
木負沖,2026-09-07,06,1.5,9.4,1.3,108,26.8,63
木負沖,2026-09-07,09,1.5,9.2,1.8,48,26.7,63
木負沖,2026-09-07,12,1.5,9.1,0.9,93,26.7,63
木負沖,2026-09-07,15,1.5,9.1,1.5,203,26.6,65
木負沖,2026-09-07,18,1.6,9.1,0.4,69,26.5,63
木負沖,2026-09-07,21,1.5,8.8,1.7,71,26.4,61
木負湾内,2026-09-07,00,1.2,8.8,5.5,55,27.0,63
木負湾内,2026-09-07,03,1.4,9.4,0.6,165,26.9,61
木負湾内,2026-09-07,06,1.5,9.4,1.3,108,26.8,63
木負湾内,2026-09-07,09,1.5,9.2,1.8,48,26.7,63
木負湾内,2026-09-07,12,1.5,9.1,0.9,93,26.7,63
木負湾内,2026-09-07,15,1.5,9.1,1.5,203,26.6,65
木負湾内,2026-09-07,18,1.6,9.1,0.4,69,26.5,63
木負湾内,2026-09-07,21,1.5,8.8,1.7,71,26.4,61
カメギ根,2026-09-07,00,2.6,7.7,13.0,18,27.1,65
カメギ根,2026-09-07,03,2.8,8.1,10.3,358,27.1,51
カメギ根,2026-09-07,06,2.7,8.2,8.5,343,27.1,63
カメギ根,2026-09-07,09,2.5,8.3,5.3,12,27.1,63
カメギ根,2026-09-07,12,2.4,8.4,1.9,37,27.0,63
カメギ根,2026-09-07,15,2.3,8.6,4.3,30,26.9,65
カメギ根,2026-09-07,18,2.1,8.5,2.3,355,26.9,63
カメギ根,2026-09-07,21,2.0,8.4,4.5,26,27.0,55
保田沖,2026-09-07,00,2.5,8.0,5.9,64,27.5,65
保田沖,2026-09-07,03,2.8,8.3,4.1,188,27.5,61
保田沖,2026-09-07,06,2.8,8.3,0.4,353,27.4,65
保田沖,2026-09-07,09,2.7,8.3,1.2,355,27.2,55
保田沖,2026-09-07,12,2.6,8.4,0.5,84,27.1,61
保田沖,2026-09-07,15,2.4,8.4,4.7,210,26.9,65
保田沖,2026-09-07,18,2.3,8.4,1.2,307,27.0,61
保田沖,2026-09-07,21,2.1,8.3,0.6,61,27.0,61
大沢沖前後,2026-09-07,00,3.5,7.9,10.1,91,27.6,65
大沢沖前後,2026-09-07,03,3.7,8.2,7.6,187,27.5,63
大沢沖前後,2026-09-07,06,3.8,8.2,10.5,178,27.5,65
大沢沖前後,2026-09-07,09,3.8,8.1,9.4,199,27.5,53
大沢沖前後,2026-09-07,12,3.5,8.2,5.9,217,27.6,63
大沢沖前後,2026-09-07,15,3.2,8.2,7.9,194,27.6,63
大沢沖前後,2026-09-07,18,2.9,8.4,4.1,242,27.5,61
大沢沖前後,2026-09-07,21,2.7,8.2,0.2,124,27.5,53
勝浦沖航程1時間30分,2026-09-07,00,3.7,8.0,8.4,88,27.9,65
勝浦沖航程1時間30分,2026-09-07,03,3.7,8.2,8.5,186,27.8,63
勝浦沖航程1時間30分,2026-09-07,06,3.9,8.2,8.8,178,27.5,65
勝浦沖航程1時間30分,2026-09-07,09,3.8,8.2,9.3,201,27.1,55
勝浦沖航程1時間30分,2026-09-07,12,3.6,8.2,8.6,215,26.9,63
勝浦沖航程1時間30分,2026-09-07,15,3.3,8.2,8.3,201,26.9,63
勝浦沖航程1時間30分,2026-09-07,18,3.1,8.3,5.5,226,26.9,61
勝浦沖航程1時間30分,2026-09-07,21,2.8,8.2,0.6,38,27.1,63
由比沖,2026-09-07,00,1.1,9.2,1.5,299,26.6,63
由比沖,2026-09-07,03,1.3,9.4,3.0,303,26.4,63
由比沖,2026-09-07,06,1.4,9.3,0.7,318,26.2,63
由比沖,2026-09-07,09,1.4,9.1,0.6,280,26.1,61
由比沖,2026-09-07,12,1.4,9.1,0.7,102,26.2,55
由比沖,2026-09-07,15,1.4,9.1,0.5,264,26.3,63
由比沖,2026-09-07,18,1.5,9.1,0.7,62,26.3,61
由比沖,2026-09-07,21,1.4,8.8,1.2,12,26.3,55
由比港周辺,2026-09-07,00,1.1,9.2,1.5,299,26.6,63
由比港周辺,2026-09-07,03,1.3,9.4,3.0,303,26.4,63
由比港周辺,2026-09-07,06,1.4,9.3,0.7,318,26.2,63
由比港周辺,2026-09-07,09,1.4,9.1,0.6,280,26.1,61
由比港周辺,2026-09-07,12,1.4,9.1,0.7,102,26.2,55
由比港周辺,2026-09-07,15,1.4,9.1,0.5,264,26.3,63
由比港周辺,2026-09-07,18,1.5,9.1,0.7,62,26.3,61
由比港周辺,2026-09-07,21,1.4,8.8,1.2,12,26.3,55
岩船沖,2026-09-07,00,3.4,7.9,8.9,93,27.5,65
岩船沖,2026-09-07,03,3.5,8.3,6.5,177,27.4,61
岩船沖,2026-09-07,06,3.5,8.2,7.4,179,27.4,65
岩船沖,2026-09-07,09,3.4,8.1,5.6,200,27.3,55
岩船沖,2026-09-07,12,3.2,8.1,2.6,218,27.3,61
岩船沖,2026-09-07,15,2.8,8.1,6.4,195,27.4,65
岩船沖,2026-09-07,18,2.6,8.2,2.4,270,27.4,61
岩船沖,2026-09-07,21,2.4,8.2,0.3,82,27.3,53
小湊沖,2026-09-07,00,2.9,7.8,10.1,91,27.7,65
小湊沖,2026-09-07,03,3.2,8.2,7.6,187,27.7,63
小湊沖,2026-09-07,06,3.3,8.2,10.5,178,27.6,65
小湊沖,2026-09-07,09,3.3,8.1,9.4,199,27.6,53
小湊沖,2026-09-07,12,3.2,8.1,5.9,217,27.6,63
小湊沖,2026-09-07,15,2.9,8.2,7.9,194,27.6,63
小湊沖,2026-09-07,18,2.6,8.3,4.1,242,27.5,61
小湊沖,2026-09-07,21,2.4,8.2,0.2,124,27.5,53
太海沖,2026-09-07,00,1.7,8.2,5.9,64,26.4,65
太海沖,2026-09-07,03,2.1,8.5,4.1,188,26.4,61
太海沖,2026-09-07,06,2.3,8.5,0.4,353,26.3,65
太海沖,2026-09-07,09,2.3,8.2,1.2,355,26.2,55
太海沖,2026-09-07,12,2.2,8.3,0.5,84,26.1,61
太海沖,2026-09-07,15,2.0,8.3,4.7,210,26.1,65
太海沖,2026-09-07,18,1.9,8.3,1.2,307,26.2,61
太海沖,2026-09-07,21,1.7,8.2,0.6,61,26.2,61
鴨川沖前後,2026-09-07,00,2.6,7.6,10.1,91,27.5,65
鴨川沖前後,2026-09-07,03,2.9,8.0,7.6,187,27.4,63
鴨川沖前後,2026-09-07,06,3.0,8.1,10.5,178,27.4,65
鴨川沖前後,2026-09-07,09,3.0,8.0,9.4,199,27.4,53
鴨川沖前後,2026-09-07,12,2.9,8.0,5.9,217,27.4,63
鴨川沖前後,2026-09-07,15,2.6,8.0,7.9,194,27.4,63
鴨川沖前後,2026-09-07,18,2.4,8.2,4.1,242,27.4,61
鴨川沖前後,2026-09-07,21,2.1,8.1,0.2,124,27.4,53
岩和田沖,2026-09-07,00,3.4,7.9,8.4,88,27.6,65
岩和田沖,2026-09-07,03,3.5,8.2,8.5,186,27.6,63
岩和田沖,2026-09-07,06,3.7,8.2,8.8,178,27.6,65
岩和田沖,2026-09-07,09,3.6,8.2,9.3,201,27.6,55
岩和田沖,2026-09-07,12,3.4,8.2,8.6,215,27.6,63
岩和田沖,2026-09-07,15,3.2,8.2,8.3,201,27.5,63
岩和田沖,2026-09-07,18,2.9,8.4,5.5,226,27.5,61
岩和田沖,2026-09-07,21,2.7,8.3,0.6,38,27.5,63
城ヶ島西沖,2026-09-07,00,2.2,7.7,13.0,18,27.2,65
城ヶ島西沖,2026-09-07,03,2.5,8.2,10.3,358,27.2,51
城ヶ島西沖,2026-09-07,06,2.5,8.4,8.5,343,27.2,63
城ヶ島西沖,2026-09-07,09,2.4,8.3,5.3,12,27.2,63
城ヶ島西沖,2026-09-07,12,2.3,8.5,1.9,37,27.1,63
城ヶ島西沖,2026-09-07,15,2.1,8.6,4.3,30,27.0,65
城ヶ島西沖,2026-09-07,18,2.0,8.6,2.3,355,27.0,63
城ヶ島西沖,2026-09-07,21,1.9,8.4,4.5,26,27.0,55
城ヶ島沖,2026-09-07,00,2.1,7.8,12.6,15,27.4,65
城ヶ島沖,2026-09-07,03,2.5,8.2,9.5,343,27.4,61
城ヶ島沖,2026-09-07,06,2.5,8.4,8.1,341,27.3,65
城ヶ島沖,2026-09-07,09,2.5,8.3,6.4,14,27.2,61
城ヶ島沖,2026-09-07,12,2.3,8.4,1.0,61,27.1,63
城ヶ島沖,2026-09-07,15,2.2,8.6,1.9,2,27.0,65
城ヶ島沖,2026-09-07,18,2.1,8.5,2.4,345,27.1,63
城ヶ島沖,2026-09-07,21,1.9,8.4,3.4,27,27.1,63
大貫沖～富浦沖,2026-09-07,00,1.7,8.2,5.9,64,27.2,65
大貫沖～富浦沖,2026-09-07,03,2.1,8.5,4.1,188,27.2,61
大貫沖～富浦沖,2026-09-07,06,2.3,8.5,0.4,353,27.1,65
大貫沖～富浦沖,2026-09-07,09,2.3,8.2,1.2,355,27.0,55
大貫沖～富浦沖,2026-09-07,12,2.2,8.3,0.5,84,26.8,61
大貫沖～富浦沖,2026-09-07,15,2.0,8.3,4.7,210,26.6,65
大貫沖～富浦沖,2026-09-07,18,1.9,8.3,1.2,307,26.7,61
大貫沖～富浦沖,2026-09-07,21,1.7,8.2,0.6,61,26.8,61
御宿沖,2026-09-07,00,3.4,7.9,8.4,88,27.6,65
御宿沖,2026-09-07,03,3.5,8.2,8.5,186,27.6,63
御宿沖,2026-09-07,06,3.7,8.2,8.8,178,27.6,65
御宿沖,2026-09-07,09,3.6,8.2,9.3,201,27.6,55
御宿沖,2026-09-07,12,3.4,8.2,8.6,215,27.6,63
御宿沖,2026-09-07,15,3.2,8.2,8.3,201,27.5,63
御宿沖,2026-09-07,18,2.9,8.4,5.5,226,27.5,61
御宿沖,2026-09-07,21,2.7,8.3,0.6,38,27.5,63
興津港沖,2026-09-07,00,3.4,7.9,8.4,88,27.6,65
興津港沖,2026-09-07,03,3.5,8.2,8.5,186,27.6,63
興津港沖,2026-09-07,06,3.7,8.2,8.8,178,27.6,65
興津港沖,2026-09-07,09,3.6,8.2,9.3,201,27.6,55
興津港沖,2026-09-07,12,3.4,8.2,8.6,215,27.6,63
興津港沖,2026-09-07,15,3.2,8.2,8.3,201,27.5,63
興津港沖,2026-09-07,18,2.9,8.4,5.5,226,27.5,61
興津港沖,2026-09-07,21,2.7,8.3,0.6,38,27.5,63
烏帽子沖,2026-09-07,00,2.1,7.8,12.6,15,27.4,65
烏帽子沖,2026-09-07,03,2.5,8.2,9.5,343,27.4,61
烏帽子沖,2026-09-07,06,2.5,8.4,8.1,341,27.3,65
烏帽子沖,2026-09-07,09,2.5,8.3,6.4,14,27.2,61
烏帽子沖,2026-09-07,12,2.3,8.4,1.0,61,27.1,63
烏帽子沖,2026-09-07,15,2.2,8.6,1.9,2,27.0,65
烏帽子沖,2026-09-07,18,2.1,8.5,2.4,345,27.1,63
烏帽子沖,2026-09-07,21,1.9,8.4,3.4,27,27.1,63
諸磯沖,2026-09-07,00,2.1,7.8,12.6,15,27.4,65
諸磯沖,2026-09-07,03,2.5,8.2,9.5,343,27.4,61
諸磯沖,2026-09-07,06,2.5,8.4,8.1,341,27.3,65
諸磯沖,2026-09-07,09,2.5,8.3,6.4,14,27.2,61
諸磯沖,2026-09-07,12,2.3,8.4,1.0,61,27.1,63
諸磯沖,2026-09-07,15,2.2,8.6,1.9,2,27.0,65
諸磯沖,2026-09-07,18,2.1,8.5,2.4,345,27.1,63
諸磯沖,2026-09-07,21,1.9,8.4,3.4,27,27.1,63
剣崎沖,2026-09-07,00,2.1,7.8,12.6,15,27.4,65
剣崎沖,2026-09-07,03,2.5,8.2,9.5,343,27.4,61
剣崎沖,2026-09-07,06,2.5,8.4,8.1,341,27.3,65
剣崎沖,2026-09-07,09,2.5,8.3,6.4,14,27.2,61
剣崎沖,2026-09-07,12,2.3,8.4,1.0,61,27.1,63
剣崎沖,2026-09-07,15,2.2,8.6,1.9,2,27.0,65
剣崎沖,2026-09-07,18,2.1,8.5,2.4,345,27.1,63
剣崎沖,2026-09-07,21,1.9,8.4,3.4,27,27.1,63
勝浦灯台沖航程20分,2026-09-07,00,3.2,7.8,8.4,88,27.7,65
勝浦灯台沖航程20分,2026-09-07,03,3.4,8.2,8.5,186,27.7,63
勝浦灯台沖航程20分,2026-09-07,06,3.5,8.2,8.8,178,27.6,65
勝浦灯台沖航程20分,2026-09-07,09,3.5,8.2,9.3,201,27.6,55
勝浦灯台沖航程20分,2026-09-07,12,3.4,8.2,8.6,215,27.6,63
勝浦灯台沖航程20分,2026-09-07,15,3.1,8.2,8.3,201,27.6,63
勝浦灯台沖航程20分,2026-09-07,18,2.8,8.4,5.5,226,27.5,61
勝浦灯台沖航程20分,2026-09-07,21,2.6,8.2,0.6,38,27.5,63
勝浦沖航程30分,2026-09-07,00,3.4,7.9,8.4,88,27.6,65
勝浦沖航程30分,2026-09-07,03,3.5,8.2,8.5,186,27.6,63
勝浦沖航程30分,2026-09-07,06,3.7,8.2,8.8,178,27.6,65
勝浦沖航程30分,2026-09-07,09,3.6,8.2,9.3,201,27.6,55
勝浦沖航程30分,2026-09-07,12,3.4,8.2,8.6,215,27.6,63
勝浦沖航程30分,2026-09-07,15,3.2,8.2,8.3,201,27.5,63
勝浦沖航程30分,2026-09-07,18,2.9,8.4,5.5,226,27.5,61
勝浦沖航程30分,2026-09-07,21,2.7,8.3,0.6,38,27.5,63
田子の浦沖,2026-09-07,00,1.1,9.2,1.5,299,26.6,63
田子の浦沖,2026-09-07,03,1.3,9.4,3.0,303,26.4,63
田子の浦沖,2026-09-07,06,1.4,9.3,0.7,318,26.2,63
田子の浦沖,2026-09-07,09,1.4,9.1,0.6,280,26.1,61
田子の浦沖,2026-09-07,12,1.4,9.1,0.7,102,26.2,55
田子の浦沖,2026-09-07,15,1.4,9.1,0.5,264,26.3,63
田子の浦沖,2026-09-07,18,1.5,9.1,0.7,62,26.3,61
田子の浦沖,2026-09-07,21,1.4,8.8,1.2,12,26.3,55
富士川沖,2026-09-07,00,1.1,9.2,1.5,299,26.7,63
富士川沖,2026-09-07,03,1.3,9.4,3.0,303,26.6,63
富士川沖,2026-09-07,06,1.4,9.3,0.7,318,26.5,63
富士川沖,2026-09-07,09,1.4,9.1,0.6,280,26.5,61
富士川沖,2026-09-07,12,1.4,9.1,0.7,102,26.5,55
富士川沖,2026-09-07,15,1.4,9.1,0.5,264,26.6,63
富士川沖,2026-09-07,18,1.5,9.1,0.7,62,26.5,61
富士川沖,2026-09-07,21,1.4,8.8,1.2,12,26.4,55
かんねこ,2026-09-07,00,1.7,8.2,5.9,64,26.4,65
かんねこ,2026-09-07,03,2.1,8.5,4.1,188,26.4,61
かんねこ,2026-09-07,06,2.3,8.5,0.4,353,26.3,65
かんねこ,2026-09-07,09,2.3,8.2,1.2,355,26.2,55
かんねこ,2026-09-07,12,2.2,8.3,0.5,84,26.1,61
かんねこ,2026-09-07,15,2.0,8.3,4.7,210,26.1,65
かんねこ,2026-09-07,18,1.9,8.3,1.2,307,26.2,61
かんねこ,2026-09-07,21,1.7,8.2,0.6,61,26.2,61
海中公園沖,2026-09-07,00,3.4,7.9,8.4,88,27.6,65
海中公園沖,2026-09-07,03,3.5,8.2,8.5,186,27.6,63
海中公園沖,2026-09-07,06,3.7,8.2,8.8,178,27.6,65
海中公園沖,2026-09-07,09,3.6,8.2,9.3,201,27.6,55
海中公園沖,2026-09-07,12,3.4,8.2,8.6,215,27.6,63
海中公園沖,2026-09-07,15,3.2,8.2,8.3,201,27.5,63
海中公園沖,2026-09-07,18,2.9,8.4,5.5,226,27.5,61
海中公園沖,2026-09-07,21,2.7,8.3,0.6,38,27.5,63
真鶴西沖,2026-09-07,00,2.0,7.5,6.5,15,26.7,65
真鶴西沖,2026-09-07,03,2.2,8.2,3.8,343,26.6,61
真鶴西沖,2026-09-07,06,2.1,8.3,1.4,309,26.5,61
真鶴西沖,2026-09-07,09,2.0,8.2,0.6,180,26.4,63
真鶴西沖,2026-09-07,12,1.9,8.2,2.1,211,26.3,63
真鶴西沖,2026-09-07,15,1.8,8.3,0.4,104,26.3,65
真鶴西沖,2026-09-07,18,1.8,8.3,1.4,42,26.2,61
真鶴西沖,2026-09-07,21,1.6,8.2,2.0,43,26.1,53
真鶴沖,2026-09-07,00,2.0,7.5,6.5,15,26.7,65
真鶴沖,2026-09-07,03,2.2,8.2,3.8,343,26.6,61
真鶴沖,2026-09-07,06,2.1,8.3,1.4,309,26.5,61
真鶴沖,2026-09-07,09,2.0,8.2,0.6,180,26.4,63
真鶴沖,2026-09-07,12,1.9,8.2,2.1,211,26.3,63
真鶴沖,2026-09-07,15,1.8,8.3,0.4,104,26.3,65
真鶴沖,2026-09-07,18,1.8,8.3,1.4,42,26.2,61
真鶴沖,2026-09-07,21,1.6,8.2,2.0,43,26.1,53
勝浦灯台沖,2026-09-07,00,3.2,7.8,8.4,88,27.7,65
勝浦灯台沖,2026-09-07,03,3.4,8.2,8.5,186,27.7,63
勝浦灯台沖,2026-09-07,06,3.5,8.2,8.8,178,27.6,65
勝浦灯台沖,2026-09-07,09,3.5,8.2,9.3,201,27.6,55
勝浦灯台沖,2026-09-07,12,3.4,8.2,8.6,215,27.6,63
勝浦灯台沖,2026-09-07,15,3.1,8.2,8.3,201,27.6,63
勝浦灯台沖,2026-09-07,18,2.8,8.4,5.5,226,27.5,61
勝浦灯台沖,2026-09-07,21,2.6,8.2,0.6,38,27.5,63
勝浦沖,2026-09-07,00,3.2,7.8,8.4,88,27.7,65
勝浦沖,2026-09-07,03,3.4,8.2,8.5,186,27.7,63
勝浦沖,2026-09-07,06,3.5,8.2,8.8,178,27.6,65
勝浦沖,2026-09-07,09,3.5,8.2,9.3,201,27.6,55
勝浦沖,2026-09-07,12,3.4,8.2,8.6,215,27.6,63
勝浦沖,2026-09-07,15,3.1,8.2,8.3,201,27.6,63
勝浦沖,2026-09-07,18,2.8,8.4,5.5,226,27.5,61
勝浦沖,2026-09-07,21,2.6,8.2,0.6,38,27.5,63
富士山根,2026-09-07,00,1.7,7.8,9.7,17,26.8,65
富士山根,2026-09-07,03,2.1,8.3,6.4,330,26.8,61
富士山根,2026-09-07,06,2.2,8.4,6.1,328,26.8,63
富士山根,2026-09-07,09,2.1,8.4,3.6,353,26.7,63
富士山根,2026-09-07,12,2.0,8.6,0.6,95,26.6,63
富士山根,2026-09-07,15,1.9,8.6,2.3,32,26.5,65
富士山根,2026-09-07,18,1.8,8.6,2.6,7,26.6,63
富士山根,2026-09-07,21,1.7,8.4,2.7,25,26.6,61
川津沖,2026-09-07,00,3.0,7.8,8.7,89,27.6,65
川津沖,2026-09-07,03,3.1,8.1,8.4,181,27.6,63
川津沖,2026-09-07,06,3.2,8.2,8.8,173,27.6,63
川津沖,2026-09-07,09,3.2,8.1,9.3,198,27.6,61
川津沖,2026-09-07,12,3.0,8.1,7.4,217,27.6,63
川津沖,2026-09-07,15,2.8,8.1,8.0,205,27.5,63
川津沖,2026-09-07,18,2.6,8.2,4.4,224,27.5,61
川津沖,2026-09-07,21,2.3,8.2,2.3,51,27.5,65
下浦沖,2026-09-07,00,1.4,7.8,9.7,17,26.7,65
下浦沖,2026-09-07,03,1.8,8.3,6.4,330,26.7,61
下浦沖,2026-09-07,06,2.0,8.4,6.1,328,26.5,63
下浦沖,2026-09-07,09,2.0,8.2,3.6,353,26.4,63
下浦沖,2026-09-07,12,1.9,8.2,0.6,95,26.3,63
下浦沖,2026-09-07,15,1.7,8.4,2.3,32,26.2,65
下浦沖,2026-09-07,18,1.7,8.3,2.6,7,26.2,63
下浦沖,2026-09-07,21,1.5,8.2,2.7,25,26.1,61
興津沖,2026-09-07,00,3.0,7.8,8.7,89,27.6,65
興津沖,2026-09-07,03,3.1,8.1,8.4,181,27.6,63
興津沖,2026-09-07,06,3.2,8.2,8.8,173,27.6,63
興津沖,2026-09-07,09,3.2,8.1,9.3,198,27.6,61
興津沖,2026-09-07,12,3.0,8.1,7.4,217,27.6,63
興津沖,2026-09-07,15,2.8,8.1,8.0,205,27.5,63
興津沖,2026-09-07,18,2.6,8.2,4.4,224,27.5,61
興津沖,2026-09-07,21,2.3,8.2,2.3,51,27.5,65
長井西沖,2026-09-07,00,1.7,7.8,9.7,17,26.8,65
長井西沖,2026-09-07,03,2.1,8.3,6.4,330,26.8,61
長井西沖,2026-09-07,06,2.2,8.4,6.1,328,26.8,63
長井西沖,2026-09-07,09,2.1,8.4,3.6,353,26.7,63
長井西沖,2026-09-07,12,2.0,8.6,0.6,95,26.6,63
長井西沖,2026-09-07,15,1.9,8.6,2.3,32,26.5,65
長井西沖,2026-09-07,18,1.8,8.6,2.6,7,26.6,63
長井西沖,2026-09-07,21,1.7,8.4,2.7,25,26.6,61
長井沖,2026-09-07,00,1.6,7.7,9.7,17,26.9,65
長井沖,2026-09-07,03,1.9,8.2,6.4,330,26.8,61
長井沖,2026-09-07,06,2.0,8.3,6.1,328,26.7,63
長井沖,2026-09-07,09,2.0,8.2,3.6,353,26.6,63
長井沖,2026-09-07,12,1.9,8.3,0.6,95,26.4,63
長井沖,2026-09-07,15,1.8,8.4,2.3,32,26.2,65
長井沖,2026-09-07,18,1.7,8.3,2.6,7,26.3,63
長井沖,2026-09-07,21,1.6,8.2,2.7,25,26.4,61
三戸浜沖,2026-09-07,00,1.6,7.7,9.7,17,26.9,65
三戸浜沖,2026-09-07,03,1.9,8.2,6.4,330,26.8,61
三戸浜沖,2026-09-07,06,2.0,8.3,6.1,328,26.7,63
三戸浜沖,2026-09-07,09,2.0,8.2,3.6,353,26.6,63
三戸浜沖,2026-09-07,12,1.9,8.3,0.6,95,26.4,63
三戸浜沖,2026-09-07,15,1.8,8.4,2.3,32,26.2,65
三戸浜沖,2026-09-07,18,1.7,8.3,2.6,7,26.3,63
三戸浜沖,2026-09-07,21,1.6,8.2,2.7,25,26.4,61
金谷沖,2026-09-07,00,1.3,8.0,9.7,17,26.8,65
金谷沖,2026-09-07,03,1.6,8.5,6.4,330,26.8,61
金谷沖,2026-09-07,06,1.8,8.5,6.1,328,26.8,63
金谷沖,2026-09-07,09,1.8,8.2,3.6,353,26.7,63
金谷沖,2026-09-07,12,1.8,8.2,0.6,95,26.6,63
金谷沖,2026-09-07,15,1.6,8.3,2.3,32,26.6,65
金谷沖,2026-09-07,18,1.5,8.2,2.6,7,26.6,63
金谷沖,2026-09-07,21,1.4,8.1,2.7,25,26.6,61
佐島沖,2026-09-07,00,1.6,7.7,9.7,17,26.9,65
佐島沖,2026-09-07,03,1.9,8.2,6.4,330,26.8,61
佐島沖,2026-09-07,06,2.0,8.3,6.1,328,26.7,63
佐島沖,2026-09-07,09,2.0,8.2,3.6,353,26.6,63
佐島沖,2026-09-07,12,1.9,8.3,0.6,95,26.4,63
佐島沖,2026-09-07,15,1.8,8.4,2.3,32,26.2,65
佐島沖,2026-09-07,18,1.7,8.3,2.6,7,26.3,63
佐島沖,2026-09-07,21,1.6,8.2,2.7,25,26.4,61
小田原南沖,2026-09-07,00,1.7,7.8,6.5,15,26.5,65
小田原南沖,2026-09-07,03,1.9,8.3,3.8,343,26.4,61
小田原南沖,2026-09-07,06,2.0,8.4,1.4,309,26.3,61
小田原南沖,2026-09-07,09,1.9,8.3,0.6,180,26.2,63
小田原南沖,2026-09-07,12,1.8,8.3,2.1,211,26.1,63
小田原南沖,2026-09-07,15,1.7,8.4,0.4,104,26.1,65
小田原南沖,2026-09-07,18,1.7,8.4,1.4,42,26.0,61
小田原南沖,2026-09-07,21,1.5,8.2,2.0,43,25.9,53
瀬の海,2026-09-07,00,1.8,7.8,7.1,355,26.5,65
瀬の海,2026-09-07,03,2.1,8.3,6.4,350,26.4,61
瀬の海,2026-09-07,06,2.1,8.5,5.4,355,26.3,61
瀬の海,2026-09-07,09,2.0,8.4,2.0,56,26.2,63
瀬の海,2026-09-07,12,2.0,8.4,2.1,233,26.1,63
瀬の海,2026-09-07,15,1.9,8.6,1.1,139,26.1,63
瀬の海,2026-09-07,18,1.8,8.5,1.0,39,26.0,55
瀬の海,2026-09-07,21,1.7,8.3,1.7,23,25.8,53
秋谷沖,2026-09-07,00,1.7,7.8,9.7,17,26.8,65
秋谷沖,2026-09-07,03,2.1,8.3,6.4,330,26.8,61
秋谷沖,2026-09-07,06,2.2,8.4,6.1,328,26.8,63
秋谷沖,2026-09-07,09,2.1,8.4,3.6,353,26.7,63
秋谷沖,2026-09-07,12,2.0,8.6,0.6,95,26.6,63
秋谷沖,2026-09-07,15,1.9,8.6,2.3,32,26.5,65
秋谷沖,2026-09-07,18,1.8,8.6,2.6,7,26.6,63
秋谷沖,2026-09-07,21,1.7,8.4,2.7,25,26.6,61
竹岡沖,2026-09-07,00,1.3,8.0,8.3,24,26.8,65
竹岡沖,2026-09-07,03,1.6,8.5,3.3,209,26.8,61
竹岡沖,2026-09-07,06,1.8,8.5,4.5,308,26.8,65
竹岡沖,2026-09-07,09,1.8,8.2,3.5,333,26.7,63
竹岡沖,2026-09-07,12,1.8,8.2,0.9,131,26.6,63
竹岡沖,2026-09-07,15,1.6,8.3,1.5,44,26.6,65
竹岡沖,2026-09-07,18,1.5,8.2,2.2,1,26.6,63
竹岡沖,2026-09-07,21,1.4,8.1,1.0,43,26.6,63
部原沖,2026-09-07,00,3.2,7.8,8.4,88,27.7,65
部原沖,2026-09-07,03,3.4,8.2,8.5,186,27.7,63
部原沖,2026-09-07,06,3.5,8.2,8.8,178,27.6,65
部原沖,2026-09-07,09,3.5,8.2,9.3,201,27.6,55
部原沖,2026-09-07,12,3.4,8.2,8.6,215,27.6,63
部原沖,2026-09-07,15,3.1,8.2,8.3,201,27.6,63
部原沖,2026-09-07,18,2.8,8.4,5.5,226,27.5,61
部原沖,2026-09-07,21,2.6,8.2,0.6,38,27.5,63
小田原西沖,2026-09-07,00,1.7,7.8,6.5,15,26.5,65
小田原西沖,2026-09-07,03,1.9,8.3,3.8,343,26.4,61
小田原西沖,2026-09-07,06,2.0,8.4,1.4,309,26.3,61
小田原西沖,2026-09-07,09,1.9,8.3,0.6,180,26.2,63
小田原西沖,2026-09-07,12,1.8,8.3,2.1,211,26.1,63
小田原西沖,2026-09-07,15,1.7,8.4,0.4,104,26.1,65
小田原西沖,2026-09-07,18,1.7,8.4,1.4,42,26.0,61
小田原西沖,2026-09-07,21,1.5,8.2,2.0,43,25.9,53
小田原沖,2026-09-07,00,1.7,7.8,6.5,15,26.5,65
小田原沖,2026-09-07,03,1.9,8.3,3.8,343,26.4,61
小田原沖,2026-09-07,06,2.0,8.4,1.4,309,26.3,61
小田原沖,2026-09-07,09,1.9,8.3,0.6,180,26.2,63
小田原沖,2026-09-07,12,1.8,8.3,2.1,211,26.1,63
小田原沖,2026-09-07,15,1.7,8.4,0.4,104,26.1,65
小田原沖,2026-09-07,18,1.7,8.4,1.4,42,26.0,61
小田原沖,2026-09-07,21,1.5,8.2,2.0,43,25.9,53
小田原東沖,2026-09-07,00,1.7,7.8,6.5,15,26.5,65
小田原東沖,2026-09-07,03,1.9,8.3,3.8,343,26.4,61
小田原東沖,2026-09-07,06,2.0,8.4,1.4,309,26.3,61
小田原東沖,2026-09-07,09,1.9,8.3,0.6,180,26.2,63
小田原東沖,2026-09-07,12,1.8,8.3,2.1,211,26.1,63
小田原東沖,2026-09-07,15,1.7,8.4,0.4,104,26.1,65
小田原東沖,2026-09-07,18,1.7,8.4,1.4,42,26.0,61
小田原東沖,2026-09-07,21,1.5,8.2,2.0,43,25.9,53
久里浜沖,2026-09-07,00,1.4,7.8,9.7,17,26.7,65
久里浜沖,2026-09-07,03,1.8,8.3,6.4,330,26.7,61
久里浜沖,2026-09-07,06,2.0,8.4,6.1,328,26.5,63
久里浜沖,2026-09-07,09,2.0,8.2,3.6,353,26.4,63
久里浜沖,2026-09-07,12,1.9,8.2,0.6,95,26.3,63
久里浜沖,2026-09-07,15,1.7,8.4,2.3,32,26.2,65
久里浜沖,2026-09-07,18,1.7,8.3,2.6,7,26.2,63
久里浜沖,2026-09-07,21,1.5,8.2,2.7,25,26.1,61
国府津沖,2026-09-07,00,1.7,7.8,4.9,351,26.5,65
国府津沖,2026-09-07,03,1.9,8.3,5.2,321,26.4,63
国府津沖,2026-09-07,06,2.0,8.4,2.3,325,26.3,53
国府津沖,2026-09-07,09,1.9,8.3,0.3,171,26.2,63
国府津沖,2026-09-07,12,1.8,8.3,1.2,230,26.1,63
国府津沖,2026-09-07,15,1.7,8.4,0.4,60,26.1,65
国府津沖,2026-09-07,18,1.7,8.4,0.7,42,26.0,55
国府津沖,2026-09-07,21,1.5,8.2,0.7,32,25.9,61
葉山南沖,2026-09-07,00,1.3,7.9,9.7,17,26.3,65
葉山南沖,2026-09-07,03,1.6,8.4,6.4,330,26.2,61
葉山南沖,2026-09-07,06,1.7,8.6,6.1,328,26.1,63
葉山南沖,2026-09-07,09,1.7,8.4,3.6,353,26.1,63
葉山南沖,2026-09-07,12,1.6,8.5,0.6,95,26.0,63
葉山南沖,2026-09-07,15,1.6,8.6,2.3,32,26.0,65
葉山南沖,2026-09-07,18,1.5,8.6,2.6,7,25.9,63
葉山南沖,2026-09-07,21,1.4,8.4,2.7,25,25.9,61
エボシ沖,2026-09-07,00,1.3,7.9,9.7,17,26.3,65
エボシ沖,2026-09-07,03,1.6,8.4,6.4,330,26.2,61
エボシ沖,2026-09-07,06,1.7,8.6,6.1,328,26.1,63
エボシ沖,2026-09-07,09,1.7,8.4,3.6,353,26.1,63
エボシ沖,2026-09-07,12,1.6,8.5,0.6,95,26.0,63
エボシ沖,2026-09-07,15,1.6,8.6,2.3,32,26.0,65
エボシ沖,2026-09-07,18,1.5,8.6,2.6,7,25.9,63
エボシ沖,2026-09-07,21,1.4,8.4,2.7,25,25.9,61
観音崎沖ｍ,2026-09-07,00,1.0,7.2,9.7,17,26.2,65
観音崎沖ｍ,2026-09-07,03,1.2,8.1,6.4,330,26.1,61
観音崎沖ｍ,2026-09-07,06,1.3,8.2,6.1,328,26.0,63
観音崎沖ｍ,2026-09-07,09,1.4,8.0,3.6,353,25.9,63
観音崎沖ｍ,2026-09-07,12,1.3,8.1,0.6,95,25.8,63
観音崎沖ｍ,2026-09-07,15,1.2,8.2,2.3,32,25.7,65
観音崎沖ｍ,2026-09-07,18,1.1,8.1,2.6,7,25.6,63
観音崎沖ｍ,2026-09-07,21,1.0,8.0,2.7,25,25.6,61
浦賀沖,2026-09-07,00,1.0,7.2,9.7,17,26.2,65
浦賀沖,2026-09-07,03,1.2,8.1,6.4,330,26.1,61
浦賀沖,2026-09-07,06,1.3,8.2,6.1,328,26.0,63
浦賀沖,2026-09-07,09,1.4,8.0,3.6,353,25.9,63
浦賀沖,2026-09-07,12,1.3,8.1,0.6,95,25.8,63
浦賀沖,2026-09-07,15,1.2,8.2,2.3,32,25.7,65
浦賀沖,2026-09-07,18,1.1,8.1,2.6,7,25.6,63
浦賀沖,2026-09-07,21,1.0,8.0,2.7,25,25.6,61
鎌倉沖,2026-09-07,00,1.3,7.9,6.4,8,26.3,65
鎌倉沖,2026-09-07,03,1.6,8.4,5.8,7,26.2,61
鎌倉沖,2026-09-07,06,1.7,8.6,6.0,357,26.1,61
鎌倉沖,2026-09-07,09,1.7,8.4,3.6,18,26.1,63
鎌倉沖,2026-09-07,12,1.6,8.5,1.6,234,26.0,63
鎌倉沖,2026-09-07,15,1.6,8.6,1.6,132,26.0,63
鎌倉沖,2026-09-07,18,1.5,8.6,1.8,33,25.9,61
鎌倉沖,2026-09-07,21,1.4,8.4,2.2,21,25.9,61
葉山沖,2026-09-07,00,1.3,7.9,7.6,15,26.3,65
葉山沖,2026-09-07,03,1.6,8.4,6.1,342,26.2,63
葉山沖,2026-09-07,06,1.7,8.6,5.5,330,26.1,63
葉山沖,2026-09-07,09,1.7,8.4,3.8,346,26.1,63
葉山沖,2026-09-07,12,1.6,8.5,0.6,170,26.0,63
葉山沖,2026-09-07,15,1.6,8.6,1.5,64,26.0,63
葉山沖,2026-09-07,18,1.5,8.6,2.4,22,25.9,63
葉山沖,2026-09-07,21,1.4,8.4,2.1,10,25.9,53
大貫沖,2026-09-07,00,0.9,7.3,8.3,24,26.3,65
大貫沖,2026-09-07,03,1.2,8.2,3.3,209,26.3,61
大貫沖,2026-09-07,06,1.3,8.2,4.5,308,26.2,65
大貫沖,2026-09-07,09,1.3,8.0,3.5,333,26.2,63
大貫沖,2026-09-07,12,1.3,8.0,0.9,131,26.1,63
大貫沖,2026-09-07,15,1.2,8.2,1.5,44,26.1,65
大貫沖,2026-09-07,18,1.1,8.0,2.2,1,26.0,63
大貫沖,2026-09-07,21,1.0,7.9,1.0,43,25.9,63
大原沖,2026-09-07,00,2.7,7.8,8.7,89,27.5,65
大原沖,2026-09-07,03,2.8,8.1,8.4,181,27.5,63
大原沖,2026-09-07,06,2.9,8.2,8.8,173,27.4,63
大原沖,2026-09-07,09,2.9,8.2,9.3,198,27.3,61
大原沖,2026-09-07,12,2.8,8.2,7.4,217,27.3,63
大原沖,2026-09-07,15,2.5,8.2,8.0,205,27.3,63
大原沖,2026-09-07,18,2.3,8.3,4.4,224,27.2,61
大原沖,2026-09-07,21,2.1,8.2,2.3,51,27.2,65
江の島沖,2026-09-07,00,1.4,8.0,6.4,8,26.3,65
江の島沖,2026-09-07,03,1.7,8.5,5.8,7,26.2,61
江の島沖,2026-09-07,06,1.9,8.6,6.0,357,26.1,61
江の島沖,2026-09-07,09,1.8,8.5,3.6,18,26.0,63
江の島沖,2026-09-07,12,1.8,8.5,1.6,234,26.0,63
江の島沖,2026-09-07,15,1.7,8.6,1.6,132,26.0,63
江の島沖,2026-09-07,18,1.6,8.6,1.8,33,25.9,61
江の島沖,2026-09-07,21,1.5,8.4,2.2,21,25.8,61
小坪沖,2026-09-07,00,1.3,7.9,7.6,15,26.3,65
小坪沖,2026-09-07,03,1.6,8.4,6.1,342,26.2,63
小坪沖,2026-09-07,06,1.7,8.6,5.5,330,26.1,63
小坪沖,2026-09-07,09,1.7,8.4,3.8,346,26.1,63
小坪沖,2026-09-07,12,1.6,8.5,0.6,170,26.0,63
小坪沖,2026-09-07,15,1.6,8.6,1.5,64,26.0,63
小坪沖,2026-09-07,18,1.5,8.6,2.4,22,25.9,63
小坪沖,2026-09-07,21,1.4,8.4,2.1,10,25.9,53
横須賀沖,2026-09-07,00,1.0,7.2,9.7,17,26.2,65
横須賀沖,2026-09-07,03,1.2,8.1,6.4,330,26.1,61
横須賀沖,2026-09-07,06,1.3,8.2,6.1,328,26.0,63
横須賀沖,2026-09-07,09,1.4,8.0,3.6,353,25.9,63
横須賀沖,2026-09-07,12,1.3,8.1,0.6,95,25.8,63
横須賀沖,2026-09-07,15,1.2,8.2,2.3,32,25.7,65
横須賀沖,2026-09-07,18,1.1,8.1,2.6,7,25.6,63
横須賀沖,2026-09-07,21,1.0,8.0,2.7,25,25.6,61
観音崎沖～横須賀沖,2026-09-07,00,1.0,7.2,9.7,17,26.2,65
観音崎沖～横須賀沖,2026-09-07,03,1.2,8.1,6.4,330,26.1,61
観音崎沖～横須賀沖,2026-09-07,06,1.3,8.2,6.1,328,26.0,63
観音崎沖～横須賀沖,2026-09-07,09,1.4,8.0,3.6,353,25.9,63
観音崎沖～横須賀沖,2026-09-07,12,1.3,8.1,0.6,95,25.8,63
観音崎沖～横須賀沖,2026-09-07,15,1.2,8.2,2.3,32,25.7,65
観音崎沖～横須賀沖,2026-09-07,18,1.1,8.1,2.6,7,25.6,63
観音崎沖～横須賀沖,2026-09-07,21,1.0,8.0,2.7,25,25.6,61
観音崎沖,2026-09-07,00,1.0,7.2,9.7,17,26.2,65
観音崎沖,2026-09-07,03,1.2,8.1,6.4,330,26.1,61
観音崎沖,2026-09-07,06,1.3,8.2,6.1,328,26.0,63
観音崎沖,2026-09-07,09,1.4,8.0,3.6,353,25.9,63
観音崎沖,2026-09-07,12,1.3,8.1,0.6,95,25.8,63
観音崎沖,2026-09-07,15,1.2,8.2,2.3,32,25.7,65
観音崎沖,2026-09-07,18,1.1,8.1,2.6,7,25.6,63
観音崎沖,2026-09-07,21,1.0,8.0,2.7,25,25.6,61
富津南沖,2026-09-07,00,0.9,7.3,8.3,24,26.3,65
富津南沖,2026-09-07,03,1.2,8.2,3.3,209,26.3,61
富津南沖,2026-09-07,06,1.3,8.2,4.5,308,26.2,65
富津南沖,2026-09-07,09,1.3,8.0,3.5,333,26.2,63
富津南沖,2026-09-07,12,1.3,8.0,0.9,131,26.1,63
富津南沖,2026-09-07,15,1.2,8.2,1.5,44,26.1,65
富津南沖,2026-09-07,18,1.1,8.0,2.2,1,26.0,63
富津南沖,2026-09-07,21,1.0,7.9,1.0,43,25.9,63
大貫沖～猿島沖,2026-09-07,00,1.0,7.2,9.7,17,26.2,65
大貫沖～猿島沖,2026-09-07,03,1.2,8.1,6.4,330,26.1,61
大貫沖～猿島沖,2026-09-07,06,1.3,8.2,6.1,328,26.0,63
大貫沖～猿島沖,2026-09-07,09,1.4,8.0,3.6,353,25.9,63
大貫沖～猿島沖,2026-09-07,12,1.3,8.1,0.6,95,25.8,63
大貫沖～猿島沖,2026-09-07,15,1.2,8.2,2.3,32,25.7,65
大貫沖～猿島沖,2026-09-07,18,1.1,8.1,2.6,7,25.6,63
大貫沖～猿島沖,2026-09-07,21,1.0,8.0,2.7,25,25.6,61
二宮沖,2026-09-07,00,1.3,8.0,4.9,351,26.3,65
二宮沖,2026-09-07,03,1.6,8.4,5.2,321,26.2,63
二宮沖,2026-09-07,06,1.7,8.5,2.3,325,26.0,53
二宮沖,2026-09-07,09,1.7,8.2,0.3,171,25.9,63
二宮沖,2026-09-07,12,1.6,8.2,1.2,230,25.9,63
二宮沖,2026-09-07,15,1.6,8.4,0.4,60,25.9,65
二宮沖,2026-09-07,18,1.5,8.3,0.7,42,25.9,55
二宮沖,2026-09-07,21,1.4,8.2,0.7,32,25.8,61
小坪西沖,2026-09-07,00,1.3,7.9,6.4,8,26.3,65
小坪西沖,2026-09-07,03,1.6,8.4,5.8,7,26.2,61
小坪西沖,2026-09-07,06,1.7,8.6,6.0,357,26.1,61
小坪西沖,2026-09-07,09,1.7,8.4,3.6,18,26.1,63
小坪西沖,2026-09-07,12,1.6,8.5,1.6,234,26.0,63
小坪西沖,2026-09-07,15,1.6,8.6,1.6,132,26.0,63
小坪西沖,2026-09-07,18,1.5,8.6,1.8,33,25.9,61
小坪西沖,2026-09-07,21,1.4,8.4,2.2,21,25.9,61
大津沖,2026-09-07,00,1.0,7.5,9.7,17,26.2,65
大津沖,2026-09-07,03,1.3,8.2,6.4,330,26.1,61
大津沖,2026-09-07,06,1.4,8.3,6.1,328,26.0,63
大津沖,2026-09-07,09,1.4,8.2,3.6,353,25.9,63
大津沖,2026-09-07,12,1.4,8.2,0.6,95,25.8,63
大津沖,2026-09-07,15,1.3,8.4,2.3,32,25.7,65
大津沖,2026-09-07,18,1.2,8.3,2.6,7,25.6,63
大津沖,2026-09-07,21,1.1,8.2,2.7,25,25.6,61
木更津沖～竹岡沖,2026-09-07,00,0.9,7.3,8.3,24,26.2,65
木更津沖～竹岡沖,2026-09-07,03,1.2,8.2,3.3,209,26.1,61
木更津沖～竹岡沖,2026-09-07,06,1.3,8.2,4.5,308,26.1,65
木更津沖～竹岡沖,2026-09-07,09,1.3,8.0,3.5,333,26.0,63
木更津沖～竹岡沖,2026-09-07,12,1.3,8.0,0.9,131,26.0,63
木更津沖～竹岡沖,2026-09-07,15,1.2,8.2,1.5,44,25.9,65
木更津沖～竹岡沖,2026-09-07,18,1.1,8.0,2.2,1,25.9,63
木更津沖～竹岡沖,2026-09-07,21,1.0,7.9,1.0,43,25.9,63
平塚西沖,2026-09-07,00,1.3,8.0,4.9,351,26.3,65
平塚西沖,2026-09-07,03,1.6,8.4,5.2,321,26.2,63
平塚西沖,2026-09-07,06,1.7,8.5,2.3,325,26.0,53
平塚西沖,2026-09-07,09,1.7,8.2,0.3,171,25.9,63
平塚西沖,2026-09-07,12,1.6,8.2,1.2,230,25.9,63
平塚西沖,2026-09-07,15,1.6,8.4,0.4,60,25.9,65
平塚西沖,2026-09-07,18,1.5,8.3,0.7,42,25.9,55
平塚西沖,2026-09-07,21,1.4,8.2,0.7,32,25.8,61
大磯沖,2026-09-07,00,1.3,8.0,7.1,355,26.3,65
大磯沖,2026-09-07,03,1.6,8.4,6.4,350,26.2,61
大磯沖,2026-09-07,06,1.7,8.5,5.4,355,26.0,61
大磯沖,2026-09-07,09,1.7,8.2,2.0,56,25.9,63
大磯沖,2026-09-07,12,1.6,8.2,2.1,233,25.9,63
大磯沖,2026-09-07,15,1.6,8.4,1.1,139,25.9,63
大磯沖,2026-09-07,18,1.5,8.3,1.0,39,25.9,55
大磯沖,2026-09-07,21,1.4,8.2,1.7,23,25.8,53
平塚東沖,2026-09-07,00,1.4,8.0,7.1,355,26.4,65
平塚東沖,2026-09-07,03,1.7,8.4,6.4,350,26.3,61
平塚東沖,2026-09-07,06,1.8,8.6,5.4,355,26.1,61
平塚東沖,2026-09-07,09,1.8,8.4,2.0,56,26.0,63
平塚東沖,2026-09-07,12,1.8,8.4,2.1,233,26.0,63
平塚東沖,2026-09-07,15,1.7,8.6,1.1,139,25.9,63
平塚東沖,2026-09-07,18,1.6,8.5,1.0,39,25.8,55
平塚東沖,2026-09-07,21,1.5,8.3,1.7,23,25.8,53
茅ヶ崎西沖,2026-09-07,00,1.4,8.0,7.1,355,26.4,65
茅ヶ崎西沖,2026-09-07,03,1.7,8.4,6.4,350,26.3,61
茅ヶ崎西沖,2026-09-07,06,1.8,8.6,5.4,355,26.1,61
茅ヶ崎西沖,2026-09-07,09,1.8,8.4,2.0,56,26.0,63
茅ヶ崎西沖,2026-09-07,12,1.8,8.4,2.1,233,26.0,63
茅ヶ崎西沖,2026-09-07,15,1.7,8.6,1.1,139,25.9,63
茅ヶ崎西沖,2026-09-07,18,1.6,8.5,1.0,39,25.8,55
茅ヶ崎西沖,2026-09-07,21,1.5,8.3,1.7,23,25.8,53
大磯東沖,2026-09-07,00,1.4,8.0,7.1,355,26.4,65
大磯東沖,2026-09-07,03,1.7,8.4,6.4,350,26.3,61
大磯東沖,2026-09-07,06,1.8,8.6,5.4,355,26.1,61
大磯東沖,2026-09-07,09,1.8,8.4,2.0,56,26.0,63
大磯東沖,2026-09-07,12,1.8,8.4,2.1,233,26.0,63
大磯東沖,2026-09-07,15,1.7,8.6,1.1,139,25.9,63
大磯東沖,2026-09-07,18,1.6,8.5,1.0,39,25.8,55
大磯東沖,2026-09-07,21,1.5,8.3,1.7,23,25.8,53
茅ヶ崎沖,2026-09-07,00,1.4,8.0,7.1,355,26.4,65
茅ヶ崎沖,2026-09-07,03,1.7,8.4,6.4,350,26.3,61
茅ヶ崎沖,2026-09-07,06,1.8,8.6,5.4,355,26.1,61
茅ヶ崎沖,2026-09-07,09,1.8,8.4,2.0,56,26.0,63
茅ヶ崎沖,2026-09-07,12,1.8,8.4,2.1,233,26.0,63
茅ヶ崎沖,2026-09-07,15,1.7,8.6,1.1,139,25.9,63
茅ヶ崎沖,2026-09-07,18,1.6,8.5,1.0,39,25.8,55
茅ヶ崎沖,2026-09-07,21,1.5,8.3,1.7,23,25.8,53
茅ヶ崎東沖,2026-09-07,00,1.4,8.0,6.4,8,26.3,65
茅ヶ崎東沖,2026-09-07,03,1.7,8.5,5.8,7,26.2,61
茅ヶ崎東沖,2026-09-07,06,1.9,8.6,6.0,357,26.1,61
茅ヶ崎東沖,2026-09-07,09,1.8,8.5,3.6,18,26.0,63
茅ヶ崎東沖,2026-09-07,12,1.8,8.5,1.6,234,26.0,63
茅ヶ崎東沖,2026-09-07,15,1.7,8.6,1.6,132,26.0,63
茅ヶ崎東沖,2026-09-07,18,1.6,8.6,1.8,33,25.9,61
茅ヶ崎東沖,2026-09-07,21,1.5,8.4,2.2,21,25.8,61
猿島沖,2026-09-07,00,1.0,7.2,9.7,17,26.2,65
猿島沖,2026-09-07,03,1.2,8.1,6.4,330,26.1,61
猿島沖,2026-09-07,06,1.3,8.2,6.1,328,26.0,63
猿島沖,2026-09-07,09,1.4,8.0,3.6,353,25.9,63
猿島沖,2026-09-07,12,1.3,8.1,0.6,95,25.8,63
猿島沖,2026-09-07,15,1.2,8.2,2.3,32,25.7,65
猿島沖,2026-09-07,18,1.1,8.1,2.6,7,25.6,63
猿島沖,2026-09-07,21,1.0,8.0,2.7,25,25.6,61
走水沖,2026-09-07,00,0.9,7.3,8.3,24,26.3,65
走水沖,2026-09-07,03,1.2,8.2,3.3,209,26.3,61
走水沖,2026-09-07,06,1.3,8.2,4.5,308,26.2,65
走水沖,2026-09-07,09,1.3,8.0,3.5,333,26.2,63
走水沖,2026-09-07,12,1.3,8.0,0.9,131,26.1,63
走水沖,2026-09-07,15,1.2,8.2,1.5,44,26.1,65
走水沖,2026-09-07,18,1.1,8.0,2.2,1,26.0,63
走水沖,2026-09-07,21,1.0,7.9,1.0,43,25.9,63
海堡沖～竹岡沖,2026-09-07,00,0.9,7.3,8.3,24,26.3,65
海堡沖～竹岡沖,2026-09-07,03,1.2,8.2,3.3,209,26.3,61
海堡沖～竹岡沖,2026-09-07,06,1.3,8.2,4.5,308,26.2,65
海堡沖～竹岡沖,2026-09-07,09,1.3,8.0,3.5,333,26.2,63
海堡沖～竹岡沖,2026-09-07,12,1.3,8.0,0.9,131,26.1,63
海堡沖～竹岡沖,2026-09-07,15,1.2,8.2,1.5,44,26.1,65
海堡沖～竹岡沖,2026-09-07,18,1.1,8.0,2.2,1,26.0,63
海堡沖～竹岡沖,2026-09-07,21,1.0,7.9,1.0,43,25.9,63
太東沖,2026-09-07,00,2.7,7.8,9.3,80,26.2,65
太東沖,2026-09-07,03,2.8,8.1,8.6,162,26.3,61
太東沖,2026-09-07,06,2.9,8.2,9.0,171,26.5,63
太東沖,2026-09-07,09,2.9,8.2,8.5,196,26.7,63
太東沖,2026-09-07,12,2.8,8.2,3.0,264,26.7,61
太東沖,2026-09-07,15,2.5,8.2,3.3,225,26.6,65
太東沖,2026-09-07,18,2.3,8.3,2.1,270,26.6,63
太東沖,2026-09-07,21,2.1,8.2,1.9,73,26.5,63
海堡沖,2026-09-07,00,0.9,7.3,8.3,24,26.3,65
海堡沖,2026-09-07,03,1.2,8.2,3.3,209,26.3,61
海堡沖,2026-09-07,06,1.3,8.2,4.5,308,26.2,65
海堡沖,2026-09-07,09,1.3,8.0,3.5,333,26.2,63
海堡沖,2026-09-07,12,1.3,8.0,0.9,131,26.1,63
海堡沖,2026-09-07,15,1.2,8.2,1.5,44,26.1,65
海堡沖,2026-09-07,18,1.1,8.0,2.2,1,26.0,63
海堡沖,2026-09-07,21,1.0,7.9,1.0,43,25.9,63
富津沖,2026-09-07,00,0.9,7.3,8.3,24,26.3,65
富津沖,2026-09-07,03,1.2,8.2,3.3,209,26.3,61
富津沖,2026-09-07,06,1.3,8.2,4.5,308,26.2,65
富津沖,2026-09-07,09,1.3,8.0,3.5,333,26.2,63
富津沖,2026-09-07,12,1.3,8.0,0.9,131,26.1,63
富津沖,2026-09-07,15,1.2,8.2,1.5,44,26.1,65
富津沖,2026-09-07,18,1.1,8.0,2.2,1,26.0,63
富津沖,2026-09-07,21,1.0,7.9,1.0,43,25.9,63
港前,2026-09-07,00,1.0,7.5,7.6,15,26.3,65
港前,2026-09-07,03,1.3,8.2,6.1,342,26.2,63
港前,2026-09-07,06,1.4,8.3,5.5,330,26.1,63
港前,2026-09-07,09,1.4,8.2,3.8,346,26.1,63
港前,2026-09-07,12,1.4,8.2,0.6,170,26.0,63
港前,2026-09-07,15,1.3,8.4,1.5,64,26.0,63
港前,2026-09-07,18,1.2,8.3,2.4,22,25.9,63
港前,2026-09-07,21,1.1,8.2,2.1,10,25.9,53
鴨居沖,2026-09-07,00,1.0,7.5,7.6,15,26.0,65
鴨居沖,2026-09-07,03,1.3,8.2,6.1,342,25.9,63
鴨居沖,2026-09-07,06,1.4,8.3,5.5,330,25.8,63
鴨居沖,2026-09-07,09,1.4,8.2,3.8,346,25.8,63
鴨居沖,2026-09-07,12,1.4,8.2,0.6,170,25.7,63
鴨居沖,2026-09-07,15,1.3,8.4,1.5,64,25.6,63
鴨居沖,2026-09-07,18,1.2,8.3,2.4,22,25.6,63
鴨居沖,2026-09-07,21,1.1,8.2,2.1,10,25.5,53
木更津沖～富津沖,2026-09-07,00,0.7,6.5,8.3,24,25.7,65
木更津沖～富津沖,2026-09-07,03,0.9,7.8,3.3,209,25.7,61
木更津沖～富津沖,2026-09-07,06,1.0,8.0,4.5,308,25.6,65
木更津沖～富津沖,2026-09-07,09,1.0,7.7,3.5,333,25.6,63
木更津沖～富津沖,2026-09-07,12,1.0,7.8,0.9,131,25.6,63
木更津沖～富津沖,2026-09-07,15,0.9,8.0,1.5,44,25.6,65
木更津沖～富津沖,2026-09-07,18,0.8,7.8,2.2,1,25.6,63
木更津沖～富津沖,2026-09-07,21,0.8,7.8,1.0,43,25.5,63
横浜沖～観音崎沖,2026-09-07,00,1.0,7.2,9.7,17,26.0,65
横浜沖～観音崎沖,2026-09-07,03,1.2,8.1,6.4,330,25.9,61
横浜沖～観音崎沖,2026-09-07,06,1.3,8.2,6.1,328,25.8,63
横浜沖～観音崎沖,2026-09-07,09,1.4,8.0,3.6,353,25.8,63
横浜沖～観音崎沖,2026-09-07,12,1.3,8.1,0.6,95,25.7,63
横浜沖～観音崎沖,2026-09-07,15,1.2,8.2,2.3,32,25.6,65
横浜沖～観音崎沖,2026-09-07,18,1.1,8.1,2.6,7,25.6,63
横浜沖～観音崎沖,2026-09-07,21,1.0,8.0,2.7,25,25.5,61
中ノ瀬周り,2026-09-07,00,1.0,7.2,9.7,17,26.0,65
中ノ瀬周り,2026-09-07,03,1.2,8.1,6.4,330,25.9,61
中ノ瀬周り,2026-09-07,06,1.3,8.2,6.1,328,25.8,63
中ノ瀬周り,2026-09-07,09,1.4,8.0,3.6,353,25.8,63
中ノ瀬周り,2026-09-07,12,1.3,8.1,0.6,95,25.7,63
中ノ瀬周り,2026-09-07,15,1.2,8.2,2.3,32,25.6,65
中ノ瀬周り,2026-09-07,18,1.1,8.1,2.6,7,25.6,63
中ノ瀬周り,2026-09-07,21,1.0,8.0,2.7,25,25.5,61
鴨井沖,2026-09-07,00,2.9,7.7,13.8,89,25.9,65
鴨井沖,2026-09-07,03,3.1,8.0,12.3,161,25.9,63
鴨井沖,2026-09-07,06,3.2,8.1,13.3,169,25.9,63
鴨井沖,2026-09-07,09,3.2,8.0,13.2,193,26.0,63
鴨井沖,2026-09-07,12,3.0,8.1,13.5,213,26.1,63
鴨井沖,2026-09-07,15,2.7,8.2,11.5,207,26.2,61
鴨井沖,2026-09-07,18,2.5,8.2,8.6,213,26.2,63
鴨井沖,2026-09-07,21,2.2,8.2,3.7,56,26.2,63
富津沖～海堡,2026-09-07,00,0.7,6.5,8.3,24,26.0,65
富津沖～海堡,2026-09-07,03,0.9,7.8,3.3,209,25.9,61
富津沖～海堡,2026-09-07,06,1.0,8.0,4.5,308,25.8,65
富津沖～海堡,2026-09-07,09,1.0,7.7,3.5,333,25.7,63
富津沖～海堡,2026-09-07,12,1.0,7.8,0.9,131,25.6,63
富津沖～海堡,2026-09-07,15,0.9,8.0,1.5,44,25.6,65
富津沖～海堡,2026-09-07,18,0.8,7.8,2.2,1,25.5,63
富津沖～海堡,2026-09-07,21,0.8,7.8,1.0,43,25.5,63
富岡沖,2026-09-07,00,1.0,7.5,7.6,15,26.0,65
富岡沖,2026-09-07,03,1.3,8.2,6.1,342,25.9,63
富岡沖,2026-09-07,06,1.4,8.3,5.5,330,25.8,63
富岡沖,2026-09-07,09,1.4,8.2,3.8,346,25.8,63
富岡沖,2026-09-07,12,1.4,8.2,0.6,170,25.7,63
富岡沖,2026-09-07,15,1.3,8.4,1.5,64,25.6,63
富岡沖,2026-09-07,18,1.2,8.3,2.4,22,25.6,63
富岡沖,2026-09-07,21,1.1,8.2,2.1,10,25.5,53
小柴沖,2026-09-07,00,1.0,7.5,7.6,15,26.0,65
小柴沖,2026-09-07,03,1.3,8.2,6.1,342,25.9,63
小柴沖,2026-09-07,06,1.4,8.3,5.5,330,25.8,63
小柴沖,2026-09-07,09,1.4,8.2,3.8,346,25.8,63
小柴沖,2026-09-07,12,1.4,8.2,0.6,170,25.7,63
小柴沖,2026-09-07,15,1.3,8.4,1.5,64,25.6,63
小柴沖,2026-09-07,18,1.2,8.3,2.4,22,25.6,63
小柴沖,2026-09-07,21,1.1,8.2,2.1,10,25.5,53
木更津沖～富岡沖,2026-09-07,00,0.7,6.5,8.3,24,26.0,65
木更津沖～富岡沖,2026-09-07,03,0.9,7.8,3.3,209,25.9,61
木更津沖～富岡沖,2026-09-07,06,1.0,8.0,4.5,308,25.8,65
木更津沖～富岡沖,2026-09-07,09,1.0,7.7,3.5,333,25.8,63
木更津沖～富岡沖,2026-09-07,12,1.0,7.8,0.9,131,25.7,63
木更津沖～富岡沖,2026-09-07,15,0.9,8.0,1.5,44,25.6,65
木更津沖～富岡沖,2026-09-07,18,0.8,7.8,2.2,1,25.6,63
木更津沖～富岡沖,2026-09-07,21,0.8,7.8,1.0,43,25.5,63
八景沖,2026-09-07,00,1.0,7.5,7.6,15,26.0,65
八景沖,2026-09-07,03,1.3,8.2,6.1,342,25.9,63
八景沖,2026-09-07,06,1.4,8.3,5.5,330,25.8,63
八景沖,2026-09-07,09,1.4,8.2,3.8,346,25.8,63
八景沖,2026-09-07,12,1.4,8.2,0.6,170,25.7,63
八景沖,2026-09-07,15,1.3,8.4,1.5,64,25.6,63
八景沖,2026-09-07,18,1.2,8.3,2.4,22,25.6,63
八景沖,2026-09-07,21,1.1,8.2,2.1,10,25.5,53
長浦沖,2026-09-07,00,0.7,6.5,8.3,24,25.7,65
長浦沖,2026-09-07,03,0.9,7.8,3.3,209,25.7,61
長浦沖,2026-09-07,06,1.0,8.0,4.5,308,25.6,65
長浦沖,2026-09-07,09,1.0,7.7,3.5,333,25.6,63
長浦沖,2026-09-07,12,1.0,7.8,0.9,131,25.6,63
長浦沖,2026-09-07,15,0.9,8.0,1.5,44,25.6,65
長浦沖,2026-09-07,18,0.8,7.8,2.2,1,25.6,63
長浦沖,2026-09-07,21,0.8,7.8,1.0,43,25.5,63
木更津沖,2026-09-07,00,0.7,6.5,8.6,31,25.7,65
木更津沖,2026-09-07,03,0.9,7.8,6.0,133,25.7,61
木更津沖,2026-09-07,06,1.0,8.0,2.4,272,25.6,63
木更津沖,2026-09-07,09,1.0,7.7,4.1,320,25.6,63
木更津沖,2026-09-07,12,1.0,7.8,1.4,180,25.6,63
木更津沖,2026-09-07,15,0.9,8.0,2.6,53,25.6,63
木更津沖,2026-09-07,18,0.8,7.8,3.1,8,25.6,63
木更津沖,2026-09-07,21,0.8,7.8,1.8,80,25.5,63
一宮沖,2026-09-07,00,2.3,7.8,9.3,80,25.9,65
一宮沖,2026-09-07,03,2.5,8.1,8.6,162,25.9,61
一宮沖,2026-09-07,06,2.6,8.2,9.0,171,25.9,63
一宮沖,2026-09-07,09,2.5,8.1,8.5,196,26.0,63
一宮沖,2026-09-07,12,2.4,8.2,3.0,264,26.1,61
一宮沖,2026-09-07,15,2.1,8.2,3.3,225,26.2,65
一宮沖,2026-09-07,18,2.0,8.2,2.1,270,26.2,63
一宮沖,2026-09-07,21,1.8,8.2,1.9,73,26.2,63
横浜沖周り,2026-09-07,00,1.0,7.2,5.8,14,26.0,65
横浜沖周り,2026-09-07,03,1.2,8.1,6.5,330,25.9,65
横浜沖周り,2026-09-07,06,1.3,8.2,4.3,304,25.8,61
横浜沖周り,2026-09-07,09,1.4,8.0,2.9,336,25.8,61
横浜沖周り,2026-09-07,12,1.3,8.1,1.7,187,25.7,61
横浜沖周り,2026-09-07,15,1.2,8.2,1.6,86,25.6,61
横浜沖周り,2026-09-07,18,1.1,8.1,0.9,342,25.6,61
横浜沖周り,2026-09-07,21,1.0,8.0,1.1,338,25.5,55
本牧沖~富岡沖,2026-09-07,00,1.0,7.5,5.8,14,26.0,65
本牧沖~富岡沖,2026-09-07,03,1.3,8.2,6.5,330,25.9,65
本牧沖~富岡沖,2026-09-07,06,1.4,8.3,4.3,304,25.8,61
本牧沖~富岡沖,2026-09-07,09,1.4,8.2,2.9,336,25.8,61
本牧沖~富岡沖,2026-09-07,12,1.4,8.2,1.7,187,25.7,61
本牧沖~富岡沖,2026-09-07,15,1.3,8.4,1.6,86,25.6,61
本牧沖~富岡沖,2026-09-07,18,1.2,8.3,0.9,342,25.6,61
本牧沖~富岡沖,2026-09-07,21,1.1,8.2,1.1,338,25.5,55
木更津沖～本牧沖,2026-09-07,00,0.7,6.5,8.3,24,26.0,65
木更津沖～本牧沖,2026-09-07,03,0.9,7.8,3.3,209,25.9,61
木更津沖～本牧沖,2026-09-07,06,1.0,8.0,4.5,308,25.8,65
木更津沖～本牧沖,2026-09-07,09,1.0,7.7,3.5,333,25.7,63
木更津沖～本牧沖,2026-09-07,12,1.0,7.8,0.9,131,25.6,63
木更津沖～本牧沖,2026-09-07,15,0.9,8.0,1.5,44,25.6,65
木更津沖～本牧沖,2026-09-07,18,0.8,7.8,2.2,1,25.5,63
木更津沖～本牧沖,2026-09-07,21,0.8,7.8,1.0,43,25.5,63
海堡,2026-09-07,00,0.7,6.5,8.3,24,26.0,65
海堡,2026-09-07,03,0.9,7.8,3.3,209,25.9,61
海堡,2026-09-07,06,1.0,8.0,4.5,308,25.8,65
海堡,2026-09-07,09,1.0,7.7,3.5,333,25.7,63
海堡,2026-09-07,12,1.0,7.8,0.9,131,25.6,63
海堡,2026-09-07,15,0.9,8.0,1.5,44,25.6,65
海堡,2026-09-07,18,0.8,7.8,2.2,1,25.5,63
海堡,2026-09-07,21,0.8,7.8,1.0,43,25.5,63
木更津沖～横浜沖,2026-09-07,00,0.7,6.5,8.3,24,26.0,65
木更津沖～横浜沖,2026-09-07,03,0.9,7.8,3.3,209,25.9,61
木更津沖～横浜沖,2026-09-07,06,1.0,8.0,4.5,308,25.8,65
木更津沖～横浜沖,2026-09-07,09,1.0,7.7,3.5,333,25.7,63
木更津沖～横浜沖,2026-09-07,12,1.0,7.8,0.9,131,25.6,63
木更津沖～横浜沖,2026-09-07,15,0.9,8.0,1.5,44,25.6,65
木更津沖～横浜沖,2026-09-07,18,0.8,7.8,2.2,1,25.5,63
木更津沖～横浜沖,2026-09-07,21,0.8,7.8,1.0,43,25.5,63
中ノ瀬,2026-09-07,00,0.7,6.5,8.3,24,26.0,65
中ノ瀬,2026-09-07,03,0.9,7.8,3.3,209,25.9,61
中ノ瀬,2026-09-07,06,1.0,8.0,4.5,308,25.8,65
中ノ瀬,2026-09-07,09,1.0,7.7,3.5,333,25.7,63
中ノ瀬,2026-09-07,12,1.0,7.8,0.9,131,25.6,63
中ノ瀬,2026-09-07,15,0.9,8.0,1.5,44,25.6,65
中ノ瀬,2026-09-07,18,0.8,7.8,2.2,1,25.5,63
中ノ瀬,2026-09-07,21,0.8,7.8,1.0,43,25.5,63
本牧沖,2026-09-07,00,1.0,7.2,5.8,14,26.0,65
本牧沖,2026-09-07,03,1.2,8.1,6.5,330,25.9,65
本牧沖,2026-09-07,06,1.3,8.2,4.3,304,25.8,61
本牧沖,2026-09-07,09,1.4,8.0,2.9,336,25.8,61
本牧沖,2026-09-07,12,1.3,8.1,1.7,187,25.7,61
本牧沖,2026-09-07,15,1.2,8.2,1.6,86,25.6,61
本牧沖,2026-09-07,18,1.1,8.1,0.9,342,25.6,61
本牧沖,2026-09-07,21,1.0,8.0,1.1,338,25.5,55
横浜沖,2026-09-07,00,1.0,7.5,5.8,14,26.0,65
横浜沖,2026-09-07,03,1.3,8.2,6.5,330,25.9,65
横浜沖,2026-09-07,06,1.4,8.3,4.3,304,25.9,61
横浜沖,2026-09-07,09,1.4,8.2,2.9,336,25.8,61
横浜沖,2026-09-07,12,1.4,8.2,1.7,187,25.8,61
横浜沖,2026-09-07,15,1.3,8.4,1.6,86,25.7,61
横浜沖,2026-09-07,18,1.2,8.3,0.9,342,25.6,61
横浜沖,2026-09-07,21,1.1,8.2,1.1,338,25.5,55
根岸沖,2026-09-07,00,0.6,5.8,5.8,14,26.0,65
根岸沖,2026-09-07,03,0.8,7.2,6.5,330,25.9,65
根岸沖,2026-09-07,06,0.9,7.5,4.3,304,25.9,61
根岸沖,2026-09-07,09,0.9,7.5,2.9,336,25.8,61
根岸沖,2026-09-07,12,0.9,7.8,1.7,187,25.8,61
根岸沖,2026-09-07,15,0.8,7.8,1.6,86,25.7,61
根岸沖,2026-09-07,18,0.7,7.8,0.9,342,25.6,61
根岸沖,2026-09-07,21,0.7,7.7,1.1,338,25.5,55
片貝沖,2026-09-07,00,3.0,7.5,14.5,88,25.7,65
片貝沖,2026-09-07,03,3.3,7.7,13.0,153,25.7,65
片貝沖,2026-09-07,06,3.5,7.8,13.8,171,25.7,63
片貝沖,2026-09-07,09,3.4,7.8,13.2,191,25.7,65
片貝沖,2026-09-07,12,3.2,7.9,13.2,216,25.8,63
片貝沖,2026-09-07,15,2.9,8.0,10.8,211,25.8,61
片貝沖,2026-09-07,18,2.7,8.1,8.7,215,25.9,63
片貝沖,2026-09-07,21,2.3,8.2,3.7,57,25.9,63
木更津沖～川崎沖,2026-09-07,00,0.6,5.8,8.6,31,25.9,65
木更津沖～川崎沖,2026-09-07,03,0.8,7.2,6.0,133,25.8,61
木更津沖～川崎沖,2026-09-07,06,0.9,7.5,2.4,272,25.7,63
木更津沖～川崎沖,2026-09-07,09,0.9,7.5,4.1,320,25.6,63
木更津沖～川崎沖,2026-09-07,12,0.9,7.8,1.4,180,25.6,63
木更津沖～川崎沖,2026-09-07,15,0.8,7.8,2.6,53,25.5,63
木更津沖～川崎沖,2026-09-07,18,0.7,7.8,3.1,8,25.5,63
木更津沖～川崎沖,2026-09-07,21,0.7,7.7,1.8,80,25.4,63
盤洲沖,2026-09-07,00,0.6,5.9,8.6,31,25.8,65
盤洲沖,2026-09-07,03,0.8,7.2,6.0,133,25.8,61
盤洲沖,2026-09-07,06,0.9,7.5,2.4,272,25.7,63
盤洲沖,2026-09-07,09,0.9,7.5,4.1,320,25.6,63
盤洲沖,2026-09-07,12,0.9,7.8,1.4,180,25.6,63
盤洲沖,2026-09-07,15,0.8,7.9,2.6,53,25.6,63
盤洲沖,2026-09-07,18,0.7,7.8,3.1,8,25.6,63
盤洲沖,2026-09-07,21,0.7,7.8,1.8,80,25.5,63
大根,2026-09-07,00,3.0,7.5,14.5,87,25.7,65
大根,2026-09-07,03,3.3,7.7,14.1,143,25.7,65
大根,2026-09-07,06,3.5,7.8,13.7,174,25.7,63
大根,2026-09-07,09,3.4,7.8,13.2,190,25.7,65
大根,2026-09-07,12,3.2,7.9,13.1,218,25.8,63
大根,2026-09-07,15,2.9,8.0,9.0,218,25.8,61
大根,2026-09-07,18,2.7,8.1,7.8,216,25.9,61
大根,2026-09-07,21,2.3,8.2,3.6,57,25.9,63
川崎沖～横浜沖,2026-09-07,00,0.6,5.8,5.5,14,26.0,65
川崎沖～横浜沖,2026-09-07,03,0.8,7.2,5.6,350,25.9,65
川崎沖～横浜沖,2026-09-07,06,0.9,7.5,2.8,303,25.9,63
川崎沖～横浜沖,2026-09-07,09,0.9,7.5,3.1,330,25.8,53
川崎沖～横浜沖,2026-09-07,12,0.9,7.8,1.9,189,25.8,61
川崎沖～横浜沖,2026-09-07,15,0.8,7.8,1.0,79,25.7,53
川崎沖～横浜沖,2026-09-07,18,0.7,7.8,0.8,328,25.6,61
川崎沖～横浜沖,2026-09-07,21,0.7,7.7,0.7,360,25.5,61
川崎沖~本牧沖,2026-09-07,00,0.6,5.8,5.5,14,26.0,65
川崎沖~本牧沖,2026-09-07,03,0.8,7.2,5.6,350,25.9,65
川崎沖~本牧沖,2026-09-07,06,0.9,7.5,2.8,303,25.9,63
川崎沖~本牧沖,2026-09-07,09,0.9,7.5,3.1,330,25.8,53
川崎沖~本牧沖,2026-09-07,12,0.9,7.8,1.9,189,25.8,61
川崎沖~本牧沖,2026-09-07,15,0.8,7.8,1.0,79,25.7,53
川崎沖~本牧沖,2026-09-07,18,0.7,7.8,0.8,328,25.6,61
川崎沖~本牧沖,2026-09-07,21,0.7,7.7,0.7,360,25.5,61
川崎沖,2026-09-07,00,0.6,5.8,5.5,14,26.2,65
川崎沖,2026-09-07,03,0.8,7.2,5.6,350,26.1,65
川崎沖,2026-09-07,06,0.9,7.5,2.8,303,26.0,63
川崎沖,2026-09-07,09,0.9,7.5,3.1,330,26.0,53
川崎沖,2026-09-07,12,0.9,7.8,1.9,189,25.9,61
川崎沖,2026-09-07,15,0.8,7.8,1.0,79,25.9,53
川崎沖,2026-09-07,18,0.7,7.8,0.8,328,25.8,61
川崎沖,2026-09-07,21,0.7,7.7,0.7,360,25.7,61
五井沖,2026-09-07,00,0.4,3.4,7.6,61,26.0,65
五井沖,2026-09-07,03,0.6,3.9,8.2,144,25.9,63
五井沖,2026-09-07,06,0.5,4.8,6.1,166,25.8,63
五井沖,2026-09-07,09,0.4,6.2,3.5,290,25.7,63
五井沖,2026-09-07,12,0.4,7.0,2.0,225,25.7,63
五井沖,2026-09-07,15,0.3,7.3,1.2,47,25.7,65
五井沖,2026-09-07,18,0.3,7.3,1.4,347,25.7,63
五井沖,2026-09-07,21,0.3,7.3,1.7,100,25.6,63
鶴見沖,2026-09-07,00,0.6,5.8,5.5,14,26.2,65
鶴見沖,2026-09-07,03,0.8,7.2,5.6,350,26.1,65
鶴見沖,2026-09-07,06,0.9,7.5,2.8,303,26.0,63
鶴見沖,2026-09-07,09,0.9,7.5,3.1,330,26.0,53
鶴見沖,2026-09-07,12,0.9,7.8,1.9,189,25.9,61
鶴見沖,2026-09-07,15,0.8,7.8,1.0,79,25.9,53
鶴見沖,2026-09-07,18,0.7,7.8,0.8,328,25.8,61
鶴見沖,2026-09-07,21,0.7,7.7,0.7,360,25.7,61
木更津沖～浦安沖,2026-09-07,00,0.6,4.6,4.4,10,25.8,65
木更津沖～浦安沖,2026-09-07,03,0.7,5.5,5.0,27,25.8,63
木更津沖～浦安沖,2026-09-07,06,0.8,6.4,0.6,285,25.7,63
木更津沖～浦安沖,2026-09-07,09,0.7,7.1,3.6,322,25.7,53
木更津沖～浦安沖,2026-09-07,12,0.7,7.5,2.1,190,25.7,61
木更津沖～浦安沖,2026-09-07,15,0.6,7.7,0.9,68,25.7,53
木更津沖～浦安沖,2026-09-07,18,0.6,7.7,0.6,305,25.7,61
木更津沖～浦安沖,2026-09-07,21,0.6,7.5,0.2,360,25.6,61
羽田沖,2026-09-07,00,0.6,5.8,4.4,10,26.0,65
羽田沖,2026-09-07,03,0.8,7.2,5.0,27,25.9,63
羽田沖,2026-09-07,06,0.9,7.5,0.6,285,25.8,63
羽田沖,2026-09-07,09,0.9,7.5,3.6,322,25.8,53
羽田沖,2026-09-07,12,0.9,7.8,2.1,190,25.7,61
羽田沖,2026-09-07,15,0.8,7.8,0.9,68,25.7,53
羽田沖,2026-09-07,18,0.7,7.8,0.6,305,25.6,61
羽田沖,2026-09-07,21,0.7,7.7,0.2,360,25.5,61
千葉沖,2026-09-07,00,0.4,3.5,6.6,55,26.7,65
千葉沖,2026-09-07,03,0.6,3.9,8.1,93,26.6,65
千葉沖,2026-09-07,06,0.5,5.4,5.9,157,26.5,63
千葉沖,2026-09-07,09,0.4,6.8,2.1,278,26.4,63
千葉沖,2026-09-07,12,0.4,7.3,1.8,219,26.3,63
千葉沖,2026-09-07,15,0.4,7.4,0.1,225,26.3,63
千葉沖,2026-09-07,18,0.3,7.4,0.8,32,26.3,63
千葉沖,2026-09-07,21,0.3,7.3,2.3,90,26.3,61
浦安沖,2026-09-07,00,0.4,4.2,4.7,22,26.5,65
浦安沖,2026-09-07,03,0.6,4.6,10.0,68,26.4,65
浦安沖,2026-09-07,06,0.6,5.5,3.2,161,26.3,63
浦安沖,2026-09-07,09,0.6,6.8,2.8,297,26.3,51
浦安沖,2026-09-07,12,0.5,7.3,2.0,205,26.3,61
浦安沖,2026-09-07,15,0.5,7.4,0.8,67,26.2,61
浦安沖,2026-09-07,18,0.5,7.3,0.5,243,26.2,63
浦安沖,2026-09-07,21,0.4,7.2,0.8,113,26.1,63
屏風ヶ浦の陰,2026-09-07,00,0.4,3.5,6.8,63,27.0,65
屏風ヶ浦の陰,2026-09-07,03,0.6,3.9,8.1,94,26.9,65
屏風ヶ浦の陰,2026-09-07,06,0.5,5.4,5.2,151,26.8,63
屏風ヶ浦の陰,2026-09-07,09,0.4,6.8,1.7,232,26.8,63
屏風ヶ浦の陰,2026-09-07,12,0.4,7.3,2.1,220,26.7,63
屏風ヶ浦の陰,2026-09-07,15,0.4,7.4,0.2,252,26.7,63
屏風ヶ浦の陰,2026-09-07,18,0.3,7.4,0.6,39,26.6,63
屏風ヶ浦の陰,2026-09-07,21,0.3,7.3,2.1,102,26.6,63
犬吠南沖,2026-09-07,00,3.0,7.5,9.0,83,26.4,63
犬吠南沖,2026-09-07,03,3.5,7.5,11.9,105,26.4,65
犬吠南沖,2026-09-07,06,3.8,7.8,7.6,177,26.2,63
犬吠南沖,2026-09-07,09,3.8,8.0,11.1,189,26.0,65
犬吠南沖,2026-09-07,12,3.5,8.1,9.3,219,25.8,63
犬吠南沖,2026-09-07,15,3.1,8.2,4.0,236,25.7,63
犬吠南沖,2026-09-07,18,2.9,8.2,0.7,283,25.6,61
犬吠南沖,2026-09-07,21,2.6,8.2,2.9,73,25.5,61
亀城根,2026-09-07,00,3.0,7.5,9.0,83,26.4,63
亀城根,2026-09-07,03,3.5,7.5,11.9,105,26.4,65
亀城根,2026-09-07,06,3.8,7.8,7.6,177,26.2,63
亀城根,2026-09-07,09,3.8,8.0,11.1,189,26.0,65
亀城根,2026-09-07,12,3.5,8.1,9.3,219,25.8,63
亀城根,2026-09-07,15,3.1,8.2,4.0,236,25.7,63
亀城根,2026-09-07,18,2.9,8.2,0.7,283,25.6,61
亀城根,2026-09-07,21,2.6,8.2,2.9,73,25.5,61
外川沖,2026-09-07,00,2.6,7.3,9.0,83,25.1,63
外川沖,2026-09-07,03,3.0,7.4,11.9,105,25.1,65
外川沖,2026-09-07,06,3.3,7.8,7.6,177,25.3,63
外川沖,2026-09-07,09,3.3,7.9,11.1,189,25.5,65
外川沖,2026-09-07,12,3.1,8.0,9.3,219,25.6,63
外川沖,2026-09-07,15,2.7,8.2,4.0,236,25.6,63
外川沖,2026-09-07,18,2.5,8.2,0.7,283,25.6,61
外川沖,2026-09-07,21,2.3,8.2,2.9,73,25.6,61
犬吠沖,2026-09-07,00,2.6,7.3,9.0,83,25.1,63
犬吠沖,2026-09-07,03,3.0,7.4,11.9,105,25.1,65
犬吠沖,2026-09-07,06,3.3,7.8,7.6,177,25.3,63
犬吠沖,2026-09-07,09,3.3,7.9,11.1,189,25.5,65
犬吠沖,2026-09-07,12,3.1,8.0,9.3,219,25.6,63
犬吠沖,2026-09-07,15,2.7,8.2,4.0,236,25.6,63
犬吠沖,2026-09-07,18,2.5,8.2,0.7,283,25.6,61
犬吠沖,2026-09-07,21,2.3,8.2,2.9,73,25.6,61
飯岡沖,2026-09-07,00,2.0,7.1,9.0,83,25.3,63
飯岡沖,2026-09-07,03,2.3,7.2,11.9,105,25.3,65
飯岡沖,2026-09-07,06,2.6,7.5,7.6,177,25.3,63
飯岡沖,2026-09-07,09,2.7,7.8,11.1,189,25.3,65
飯岡沖,2026-09-07,12,2.6,7.8,9.3,219,25.4,63
飯岡沖,2026-09-07,15,2.1,8.2,4.0,236,25.4,63
飯岡沖,2026-09-07,18,2.0,8.2,0.7,283,25.4,61
飯岡沖,2026-09-07,21,1.8,8.2,2.9,73,25.3,61
真沖,2026-09-07,00,2.0,7.1,9.0,83,25.3,63
真沖,2026-09-07,03,2.3,7.2,11.9,105,25.3,65
真沖,2026-09-07,06,2.6,7.5,7.6,177,25.3,63
真沖,2026-09-07,09,2.7,7.8,11.1,189,25.3,65
真沖,2026-09-07,12,2.6,7.8,9.3,219,25.4,63
真沖,2026-09-07,15,2.1,8.2,4.0,236,25.4,63
真沖,2026-09-07,18,2.0,8.2,0.7,283,25.4,61
真沖,2026-09-07,21,1.8,8.2,2.9,73,25.3,61
波崎沖,2026-09-07,00,2.6,7.3,9.0,83,25.1,63
波崎沖,2026-09-07,03,3.0,7.4,11.9,105,25.1,65
波崎沖,2026-09-07,06,3.3,7.8,7.6,177,25.3,63
波崎沖,2026-09-07,09,3.3,7.9,11.1,189,25.5,65
波崎沖,2026-09-07,12,3.1,8.0,9.3,219,25.6,63
波崎沖,2026-09-07,15,2.7,8.2,4.0,236,25.6,63
波崎沖,2026-09-07,18,2.5,8.2,0.7,283,25.6,61
波崎沖,2026-09-07,21,2.3,8.2,2.9,73,25.6,61
川前大根,2026-09-07,00,2.0,7.1,9.0,83,25.3,63
川前大根,2026-09-07,03,2.3,7.2,11.9,105,25.3,65
川前大根,2026-09-07,06,2.6,7.5,7.6,177,25.3,63
川前大根,2026-09-07,09,2.7,7.8,11.1,189,25.3,65
川前大根,2026-09-07,12,2.6,7.8,9.3,219,25.4,63
川前大根,2026-09-07,15,2.1,8.2,4.0,236,25.4,63
川前大根,2026-09-07,18,2.0,8.2,0.7,283,25.4,61
川前大根,2026-09-07,21,1.8,8.2,2.9,73,25.3,61
鹿島南沖,2026-09-07,00,2.2,7.1,8.0,81,24.6,63
鹿島南沖,2026-09-07,03,2.5,7.0,10.2,93,24.6,65
鹿島南沖,2026-09-07,06,2.7,7.5,6.6,171,24.6,61
鹿島南沖,2026-09-07,09,2.4,7.6,9.1,188,24.6,65
鹿島南沖,2026-09-07,12,2.0,7.8,6.1,223,24.7,63
鹿島南沖,2026-09-07,15,1.7,8.1,2.7,235,24.7,65
鹿島南沖,2026-09-07,18,1.6,8.2,1.5,24,24.6,63
鹿島南沖,2026-09-07,21,1.5,8.1,2.0,79,24.6,61
神栖沖,2026-09-07,00,2.2,7.1,8.0,81,24.8,63
神栖沖,2026-09-07,03,2.5,7.0,10.2,93,24.8,65
神栖沖,2026-09-07,06,2.7,7.5,6.6,171,24.8,61
神栖沖,2026-09-07,09,2.4,7.6,9.1,188,24.8,65
神栖沖,2026-09-07,12,2.0,7.8,6.1,223,24.8,63
神栖沖,2026-09-07,15,1.7,8.1,2.7,235,24.9,65
神栖沖,2026-09-07,18,1.6,8.2,1.5,24,24.9,63
神栖沖,2026-09-07,21,1.5,8.1,2.0,79,24.8,61
鹿島沖,2026-09-07,00,2.2,7.1,7.8,79,24.9,63
鹿島沖,2026-09-07,03,2.5,7.0,9.8,81,24.9,65
鹿島沖,2026-09-07,06,2.7,7.5,4.2,160,24.9,63
鹿島沖,2026-09-07,09,2.4,7.6,7.1,188,24.9,63
鹿島沖,2026-09-07,12,2.0,7.8,4.9,232,24.9,61
鹿島沖,2026-09-07,15,1.7,8.1,2.5,225,24.9,65
鹿島沖,2026-09-07,18,1.6,8.2,0.2,225,24.9,63
鹿島沖,2026-09-07,21,1.5,8.1,3.5,87,24.9,55
鹿島真沖,2026-09-07,00,2.2,7.1,7.7,79,24.6,63
鹿島真沖,2026-09-07,03,2.5,7.0,9.5,86,24.6,65
鹿島真沖,2026-09-07,06,2.7,7.5,5.7,167,24.6,61
鹿島真沖,2026-09-07,09,2.4,7.6,7.7,187,24.6,65
鹿島真沖,2026-09-07,12,2.0,7.8,4.7,229,24.7,61
鹿島真沖,2026-09-07,15,1.7,8.1,2.5,229,24.7,65
鹿島真沖,2026-09-07,18,1.6,8.2,0.7,8,24.6,63
鹿島真沖,2026-09-07,21,1.5,8.1,2.9,79,24.6,53
鹿島魚礁,2026-09-07,00,2.4,7.2,10.8,83,24.3,63
鹿島魚礁,2026-09-07,03,2.8,7.2,13.3,90,24.3,65
鹿島魚礁,2026-09-07,06,3.0,7.5,8.9,175,24.3,61
鹿島魚礁,2026-09-07,09,2.9,7.6,12.7,183,24.3,65
鹿島魚礁,2026-09-07,12,2.5,7.8,10.3,214,24.4,61
鹿島魚礁,2026-09-07,15,2.1,8.0,5.8,235,24.5,65
鹿島魚礁,2026-09-07,18,2.0,8.1,1.1,315,24.5,63
鹿島魚礁,2026-09-07,21,1.8,8.0,5.4,68,24.5,61
鹿島北沖,2026-09-07,00,2.3,7.0,7.8,79,24.9,63
鹿島北沖,2026-09-07,03,2.7,7.0,9.8,81,24.9,65
鹿島北沖,2026-09-07,06,2.9,7.3,4.2,160,24.9,63
鹿島北沖,2026-09-07,09,2.6,7.6,7.1,188,24.9,63
鹿島北沖,2026-09-07,12,2.2,7.8,4.9,232,24.9,61
鹿島北沖,2026-09-07,15,1.8,8.0,2.5,225,24.9,65
鹿島北沖,2026-09-07,18,1.7,8.2,0.2,225,24.9,63
鹿島北沖,2026-09-07,21,1.6,8.0,3.5,87,24.9,55
北沖30,2026-09-07,00,2.5,7.2,7.7,71,24.3,63
北沖30,2026-09-07,03,2.8,7.0,11.1,57,24.2,65
北沖30,2026-09-07,06,2.9,7.5,7.5,57,24.2,65
北沖30,2026-09-07,09,2.8,7.8,5.9,178,24.2,65
北沖30,2026-09-07,12,2.5,8.1,5.3,203,24.3,51
北沖30,2026-09-07,15,2.1,8.3,3.6,232,24.5,61
北沖30,2026-09-07,18,2.0,8.4,1.1,21,24.5,53
北沖30,2026-09-07,21,1.8,8.2,3.4,101,24.5,61
大洗沖,2026-09-07,00,2.5,7.2,6.7,70,25.0,63
大洗沖,2026-09-07,03,2.8,7.0,10.0,59,25.0,65
大洗沖,2026-09-07,06,2.9,7.5,5.8,69,25.0,65
大洗沖,2026-09-07,09,2.8,7.8,5.8,182,25.0,63
大洗沖,2026-09-07,12,2.5,8.1,4.8,212,25.1,51
大洗沖,2026-09-07,15,2.1,8.3,2.8,231,25.1,63
大洗沖,2026-09-07,18,2.0,8.4,1.2,7,25.1,51
大洗沖,2026-09-07,21,1.8,8.2,3.0,99,25.0,53
青山沖,2026-09-07,00,2.5,7.2,7.7,71,24.2,63
青山沖,2026-09-07,03,2.8,7.0,11.1,57,24.2,65
青山沖,2026-09-07,06,2.9,7.4,7.5,57,24.2,65
青山沖,2026-09-07,09,2.8,7.8,5.9,178,24.2,65
青山沖,2026-09-07,12,2.6,8.1,5.3,203,24.2,51
青山沖,2026-09-07,15,2.2,8.3,3.6,232,24.2,61
青山沖,2026-09-07,18,2.1,8.4,1.1,21,24.2,53
青山沖,2026-09-07,21,1.9,8.2,3.4,101,24.2,61
日立沖,2026-09-07,00,2.4,7.0,7.8,58,24.1,63
日立沖,2026-09-07,03,2.6,7.0,10.2,52,24.1,65
日立沖,2026-09-07,06,2.7,7.3,9.9,40,24.1,65
日立沖,2026-09-07,09,2.9,7.8,3.7,192,24.1,65
日立沖,2026-09-07,12,2.8,8.2,4.2,197,24.2,3
日立沖,2026-09-07,15,2.5,8.3,3.1,242,24.2,53
日立沖,2026-09-07,18,2.3,8.4,1.2,32,24.2,53
日立沖,2026-09-07,21,2.1,8.3,2.6,110,24.2,51
銭洲沖,2026-09-08,00,2.8,8.1,7.3,184,27.8,0
銭洲沖,2026-09-08,03,2.7,8.2,6.0,192,27.7,1
銭洲沖,2026-09-08,06,2.7,8.3,7.2,181,27.7,0
銭洲沖,2026-09-08,09,2.8,8.5,7.7,164,27.7,3
銭洲沖,2026-09-08,12,2.7,8.3,8.0,165,27.9,2
銭洲沖,2026-09-08,15,2.7,8.2,9.0,181,28.0,3
銭洲沖,2026-09-08,18,2.8,8.1,10.0,180,28.0,1
銭洲沖,2026-09-08,21,2.9,7.8,10.2,184,27.9,0
イナンバ,2026-09-08,00,2.4,8.3,6.7,202,28.1,2
イナンバ,2026-09-08,03,2.4,8.2,8.1,211,28.1,55
イナンバ,2026-09-08,06,2.2,8.0,5.8,215,28.1,2
イナンバ,2026-09-08,09,2.3,8.4,6.2,181,28.1,51
イナンバ,2026-09-08,12,2.3,8.6,6.3,171,28.2,3
イナンバ,2026-09-08,15,2.3,8.4,8.1,178,28.3,51
イナンバ,2026-09-08,18,2.4,8.2,9.3,180,28.3,51
イナンバ,2026-09-08,21,2.5,8.0,11.4,191,28.2,51
石花海,2026-09-08,00,2.3,8.4,1.2,135,25.9,0
石花海,2026-09-08,03,2.3,8.4,3.9,196,25.8,61
石花海,2026-09-08,06,2.1,7.9,2.0,127,25.8,3
石花海,2026-09-08,09,2.2,8.4,5.5,155,25.9,3
石花海,2026-09-08,12,2.3,8.3,6.0,146,26.0,3
石花海,2026-09-08,15,2.3,8.2,7.7,158,26.0,3
石花海,2026-09-08,18,2.3,8.1,8.3,179,25.9,51
石花海,2026-09-08,21,2.4,7.8,8.6,183,25.7,51
神津島,2026-09-08,00,2.2,8.3,2.0,238,26.7,51
神津島,2026-09-08,03,2.2,8.3,4.5,223,26.7,51
神津島,2026-09-08,06,1.9,7.8,3.1,262,26.8,3
神津島,2026-09-08,09,2.1,8.3,6.0,176,27.0,51
神津島,2026-09-08,12,2.2,8.4,5.8,168,27.2,3
神津島,2026-09-08,15,2.2,8.3,7.2,167,27.4,3
神津島,2026-09-08,18,2.3,8.2,8.8,177,27.3,2
神津島,2026-09-08,21,2.4,7.8,10.3,189,27.2,3
金洲沖,2026-09-08,00,2.2,8.2,0.8,127,25.5,1
金洲沖,2026-09-08,03,2.2,8.3,2.9,123,25.6,61
金洲沖,2026-09-08,06,1.9,7.7,0.9,153,25.8,51
金洲沖,2026-09-08,09,2.1,8.2,2.2,114,26.0,3
金洲沖,2026-09-08,12,2.2,8.3,6.0,164,26.3,3
金洲沖,2026-09-08,15,2.2,8.2,6.4,156,26.5,3
金洲沖,2026-09-08,18,2.3,8.1,8.2,176,26.4,3
金洲沖,2026-09-08,21,2.3,7.7,9.5,188,26.2,3
新島沖,2026-09-08,00,1.9,8.1,1.1,308,26.2,1
新島沖,2026-09-08,03,1.9,8.2,4.2,214,26.2,53
新島沖,2026-09-08,06,1.7,7.7,4.2,248,26.2,3
新島沖,2026-09-08,09,1.8,8.1,3.7,184,26.3,51
新島沖,2026-09-08,12,1.9,8.2,5.9,178,26.6,3
新島沖,2026-09-08,15,1.9,8.2,6.6,172,26.9,3
新島沖,2026-09-08,18,2.0,7.8,8.7,181,26.9,1
新島沖,2026-09-08,21,2.1,7.5,10.4,193,26.8,3
金州,2026-09-08,00,1.9,7.7,3.0,352,25.8,1
金州,2026-09-08,03,1.9,7.8,1.4,151,25.9,51
金州,2026-09-08,06,1.6,7.3,2.2,270,26.1,51
金州,2026-09-08,09,1.7,7.8,1.9,93,26.4,2
金州,2026-09-08,12,1.8,8.0,6.6,186,26.8,3
金州,2026-09-08,15,1.8,7.9,5.7,170,27.1,3
金州,2026-09-08,18,1.9,7.7,8.2,184,27.1,51
金州,2026-09-08,21,2.0,7.2,9.6,196,27.0,53
白河沖,2026-09-08,00,2.1,8.2,2.5,40,25.6,51
白河沖,2026-09-08,03,2.0,8.3,1.0,35,25.8,53
白河沖,2026-09-08,06,1.9,7.9,3.0,56,26.0,3
白河沖,2026-09-08,09,2.0,8.2,4.4,57,26.3,3
白河沖,2026-09-08,12,2.1,8.3,4.3,68,26.8,3
白河沖,2026-09-08,15,2.1,8.3,4.2,85,27.2,51
白河沖,2026-09-08,18,2.1,8.2,4.0,183,27.0,63
白河沖,2026-09-08,21,2.2,8.0,4.7,203,26.8,61
御前崎沖,2026-09-08,00,2.1,8.2,2.5,40,25.8,51
御前崎沖,2026-09-08,03,2.0,8.3,1.0,35,25.9,53
御前崎沖,2026-09-08,06,2.0,7.9,3.0,56,26.0,3
御前崎沖,2026-09-08,09,2.0,8.2,4.4,57,26.2,3
御前崎沖,2026-09-08,12,2.1,8.3,4.3,68,26.6,3
御前崎沖,2026-09-08,15,2.1,8.3,4.2,85,26.9,51
御前崎沖,2026-09-08,18,2.2,8.2,4.0,183,26.8,63
御前崎沖,2026-09-08,21,2.2,8.1,4.7,203,26.6,61
八方便,2026-09-08,00,2.1,8.2,2.5,40,25.6,51
八方便,2026-09-08,03,2.0,8.3,1.0,35,25.8,53
八方便,2026-09-08,06,1.9,7.9,3.0,56,26.0,3
八方便,2026-09-08,09,2.0,8.2,4.4,57,26.3,3
八方便,2026-09-08,12,2.1,8.3,4.3,68,26.8,3
八方便,2026-09-08,15,2.1,8.3,4.2,85,27.2,51
八方便,2026-09-08,18,2.1,8.2,4.0,183,27.0,63
八方便,2026-09-08,21,2.2,8.0,4.7,203,26.8,61
神子元沖,2026-09-08,00,2.1,8.1,0.4,346,26.3,51
神子元沖,2026-09-08,03,2.1,8.1,0.5,315,26.2,51
神子元沖,2026-09-08,06,1.9,7.7,0.1,360,26.3,2
神子元沖,2026-09-08,09,1.9,7.9,0.8,202,26.4,51
神子元沖,2026-09-08,12,2.1,8.3,2.2,171,26.9,3
神子元沖,2026-09-08,15,2.1,8.2,2.0,161,27.4,3
神子元沖,2026-09-08,18,2.2,8.2,2.8,197,27.2,63
神子元沖,2026-09-08,21,2.2,7.8,4.4,222,26.9,55
大東沖,2026-09-08,00,2.1,8.2,2.1,66,26.6,51
大東沖,2026-09-08,03,2.0,8.3,1.8,110,26.5,61
大東沖,2026-09-08,06,1.9,8.0,2.5,71,26.5,3
大東沖,2026-09-08,09,2.0,8.2,3.3,74,26.6,3
大東沖,2026-09-08,12,2.1,8.2,4.0,118,26.8,51
大東沖,2026-09-08,15,2.1,8.2,4.5,105,27.0,61
大東沖,2026-09-08,18,2.1,8.2,2.4,161,27.0,63
大東沖,2026-09-08,21,2.1,8.2,1.1,221,26.9,51
石廊崎沖,2026-09-08,00,2.1,8.1,1.0,78,26.2,51
石廊崎沖,2026-09-08,03,2.1,8.1,0.2,11,26.0,51
石廊崎沖,2026-09-08,06,1.9,7.8,0.6,51,25.9,3
石廊崎沖,2026-09-08,09,1.9,8.0,1.1,113,26.0,51
石廊崎沖,2026-09-08,12,2.1,8.3,2.8,180,26.4,51
石廊崎沖,2026-09-08,15,2.1,8.3,3.6,142,26.8,51
石廊崎沖,2026-09-08,18,2.2,8.2,3.3,162,26.6,63
石廊崎沖,2026-09-08,21,2.2,7.9,4.7,185,26.3,61
福田沖,2026-09-08,00,2.1,8.2,2.5,68,26.5,51
福田沖,2026-09-08,03,2.0,8.3,1.9,104,26.5,61
福田沖,2026-09-08,06,1.9,8.1,2.3,59,26.5,3
福田沖,2026-09-08,09,2.0,8.2,3.2,74,26.5,51
福田沖,2026-09-08,12,2.1,8.2,4.0,116,26.8,51
福田沖,2026-09-08,15,2.1,8.2,4.5,113,27.0,63
福田沖,2026-09-08,18,2.2,8.2,2.5,161,27.0,63
福田沖,2026-09-08,21,2.1,8.2,0.8,94,26.9,55
浜岡沖,2026-09-08,00,2.0,8.2,2.5,40,26.7,51
浜岡沖,2026-09-08,03,1.9,8.3,1.0,35,26.7,53
浜岡沖,2026-09-08,06,1.8,7.9,3.0,56,26.7,3
浜岡沖,2026-09-08,09,1.9,8.2,4.4,57,26.9,3
浜岡沖,2026-09-08,12,2.0,8.3,4.3,68,27.1,3
浜岡沖,2026-09-08,15,2.0,8.4,4.2,85,27.3,51
浜岡沖,2026-09-08,18,2.1,8.3,4.0,183,27.2,63
浜岡沖,2026-09-08,21,2.0,8.2,4.7,203,27.0,61
下田南沖,2026-09-08,00,2.1,8.1,0.4,346,26.3,51
下田南沖,2026-09-08,03,2.1,8.1,0.5,315,26.2,51
下田南沖,2026-09-08,06,1.9,7.7,0.1,360,26.3,2
下田南沖,2026-09-08,09,1.9,7.9,0.8,202,26.4,51
下田南沖,2026-09-08,12,2.1,8.3,2.2,171,26.9,3
下田南沖,2026-09-08,15,2.1,8.2,2.0,161,27.4,3
下田南沖,2026-09-08,18,2.2,8.2,2.8,197,27.2,63
下田南沖,2026-09-08,21,2.2,7.8,4.4,222,26.9,55
下田沖,2026-09-08,00,2.1,8.1,0.4,346,26.3,51
下田沖,2026-09-08,03,2.1,8.1,0.5,315,26.2,51
下田沖,2026-09-08,06,1.9,7.7,0.1,360,26.3,2
下田沖,2026-09-08,09,1.9,7.9,0.8,202,26.4,51
下田沖,2026-09-08,12,2.1,8.3,2.2,171,26.9,3
下田沖,2026-09-08,15,2.1,8.2,2.0,161,27.4,3
下田沖,2026-09-08,18,2.2,8.2,2.8,197,27.2,63
下田沖,2026-09-08,21,2.2,7.8,4.4,222,26.9,55
相良沖,2026-09-08,00,2.0,8.2,2.5,40,26.8,51
相良沖,2026-09-08,03,1.9,8.2,1.0,35,26.8,53
相良沖,2026-09-08,06,1.8,7.8,3.0,56,26.9,3
相良沖,2026-09-08,09,1.9,8.2,4.4,57,26.9,3
相良沖,2026-09-08,12,2.0,8.3,4.3,68,27.2,3
相良沖,2026-09-08,15,2.0,8.4,4.2,85,27.3,51
相良沖,2026-09-08,18,2.0,8.3,4.0,183,27.2,63
相良沖,2026-09-08,21,2.0,8.2,4.7,203,27.0,61
天竜沖,2026-09-08,00,1.7,7.9,1.6,53,26.5,51
天竜沖,2026-09-08,03,1.6,8.0,1.1,39,26.5,63
天竜沖,2026-09-08,06,1.5,7.8,1.8,30,26.5,3
天竜沖,2026-09-08,09,1.7,8.0,2.2,71,26.5,51
天竜沖,2026-09-08,12,1.7,8.0,3.0,131,26.8,51
天竜沖,2026-09-08,15,1.8,8.0,3.3,125,27.0,63
天竜沖,2026-09-08,18,1.8,8.0,1.3,140,27.0,63
天竜沖,2026-09-08,21,1.8,7.9,1.6,88,26.9,61
波勝崎沖,2026-09-08,00,1.9,8.2,0.4,346,25.9,51
波勝崎沖,2026-09-08,03,1.9,8.2,0.5,315,25.8,51
波勝崎沖,2026-09-08,06,1.8,8.0,0.1,360,25.9,2
波勝崎沖,2026-09-08,09,1.7,8.1,0.8,202,26.0,51
波勝崎沖,2026-09-08,12,1.9,8.4,2.2,171,26.5,3
波勝崎沖,2026-09-08,15,1.9,8.4,2.0,161,27.0,3
波勝崎沖,2026-09-08,18,2.0,8.4,2.8,197,26.9,63
波勝崎沖,2026-09-08,21,2.0,8.1,4.4,222,26.6,55
藤守前,2026-09-08,00,1.5,7.8,1.4,29,26.7,51
藤守前,2026-09-08,03,1.5,7.9,1.6,32,26.6,61
藤守前,2026-09-08,06,1.4,7.5,2.2,35,26.7,3
藤守前,2026-09-08,09,1.5,7.9,2.6,51,26.8,3
藤守前,2026-09-08,12,1.5,8.1,2.7,80,27.1,51
藤守前,2026-09-08,15,1.6,8.1,3.3,71,27.4,53
藤守前,2026-09-08,18,1.6,8.0,2.6,197,27.3,63
藤守前,2026-09-08,21,1.6,7.8,2.2,227,27.2,53
吉田沖,2026-09-08,00,1.5,7.8,1.4,29,26.7,51
吉田沖,2026-09-08,03,1.5,7.9,1.6,32,26.6,61
吉田沖,2026-09-08,06,1.4,7.5,2.2,35,26.7,3
吉田沖,2026-09-08,09,1.5,7.9,2.6,51,26.8,3
吉田沖,2026-09-08,12,1.5,8.1,2.7,80,27.1,51
吉田沖,2026-09-08,15,1.6,8.1,3.3,71,27.4,53
吉田沖,2026-09-08,18,1.6,8.0,2.6,197,27.3,63
吉田沖,2026-09-08,21,1.6,7.8,2.2,227,27.2,53
千貫門沖,2026-09-08,00,1.9,8.2,1.0,78,25.8,51
千貫門沖,2026-09-08,03,1.9,8.2,0.2,11,25.8,51
千貫門沖,2026-09-08,06,1.8,8.0,0.6,51,25.9,3
千貫門沖,2026-09-08,09,1.7,8.1,1.1,113,26.1,51
千貫門沖,2026-09-08,12,1.9,8.4,2.8,180,26.5,51
千貫門沖,2026-09-08,15,1.9,8.4,3.6,142,26.9,51
千貫門沖,2026-09-08,18,2.0,8.4,3.3,162,26.8,63
千貫門沖,2026-09-08,21,2.0,8.1,4.7,185,26.6,61
豊浜沖,2026-09-08,00,1.8,8.2,1.0,78,25.8,51
豊浜沖,2026-09-08,03,1.8,8.2,0.2,11,25.8,51
豊浜沖,2026-09-08,06,1.7,8.2,0.6,51,25.8,3
豊浜沖,2026-09-08,09,1.7,8.1,1.1,113,26.0,51
豊浜沖,2026-09-08,12,1.8,8.4,2.8,180,26.5,51
豊浜沖,2026-09-08,15,1.8,8.5,3.6,142,26.9,51
豊浜沖,2026-09-08,18,1.9,8.5,3.3,162,26.8,63
豊浜沖,2026-09-08,21,1.9,8.1,4.7,185,26.5,61
松崎沖,2026-09-08,00,1.9,8.2,1.0,78,25.8,51
松崎沖,2026-09-08,03,1.9,8.2,0.2,11,25.8,51
松崎沖,2026-09-08,06,1.8,8.0,0.6,51,25.9,3
松崎沖,2026-09-08,09,1.7,8.1,1.1,113,26.1,51
松崎沖,2026-09-08,12,1.9,8.4,2.8,180,26.5,51
松崎沖,2026-09-08,15,1.9,8.4,3.6,142,26.9,51
松崎沖,2026-09-08,18,2.0,8.4,3.3,162,26.8,63
松崎沖,2026-09-08,21,2.0,8.1,4.7,185,26.6,61
西伊豆沖,2026-09-08,00,1.8,8.2,3.0,199,25.8,51
西伊豆沖,2026-09-08,03,1.8,8.2,2.1,231,25.8,51
西伊豆沖,2026-09-08,06,1.7,8.2,0.1,45,25.9,3
西伊豆沖,2026-09-08,09,1.7,8.1,1.3,220,26.1,51
西伊豆沖,2026-09-08,12,1.8,8.4,3.8,201,26.5,53
西伊豆沖,2026-09-08,15,1.8,8.5,3.2,161,26.9,53
西伊豆沖,2026-09-08,18,1.9,8.5,4.8,182,26.8,61
西伊豆沖,2026-09-08,21,1.9,8.1,5.4,187,26.6,61
大井川沖,2026-09-08,00,1.8,8.1,1.7,358,26.6,51
大井川沖,2026-09-08,03,1.7,8.1,1.1,43,26.6,61
大井川沖,2026-09-08,06,1.6,7.9,1.7,21,26.6,3
大井川沖,2026-09-08,09,1.6,7.8,2.1,34,26.7,3
大井川沖,2026-09-08,12,1.7,8.2,2.1,79,27.1,51
大井川沖,2026-09-08,15,1.7,8.2,2.7,77,27.4,55
大井川沖,2026-09-08,18,1.7,8.2,2.6,197,27.4,63
大井川沖,2026-09-08,21,1.7,7.8,3.8,211,27.2,53
中瀬海岸,2026-09-08,00,1.8,8.1,1.7,358,26.6,51
中瀬海岸,2026-09-08,03,1.7,8.1,1.1,43,26.6,61
中瀬海岸,2026-09-08,06,1.6,7.9,1.7,21,26.6,3
中瀬海岸,2026-09-08,09,1.6,7.8,2.1,34,26.7,3
中瀬海岸,2026-09-08,12,1.7,8.2,2.1,79,27.1,51
中瀬海岸,2026-09-08,15,1.7,8.2,2.7,77,27.4,55
中瀬海岸,2026-09-08,18,1.7,8.2,2.6,197,27.4,63
中瀬海岸,2026-09-08,21,1.7,7.8,3.8,211,27.2,53
大井川港,2026-09-08,00,1.8,8.1,1.7,351,26.6,51
大井川港,2026-09-08,03,1.7,8.1,1.0,37,26.6,61
大井川港,2026-09-08,06,1.6,7.9,1.5,9,26.6,3
大井川港,2026-09-08,09,1.6,7.8,1.7,16,26.7,3
大井川港,2026-09-08,12,1.7,8.2,1.6,104,27.1,51
大井川港,2026-09-08,15,1.7,8.2,2.3,96,27.4,55
大井川港,2026-09-08,18,1.7,8.2,1.6,169,27.4,63
大井川港,2026-09-08,21,1.7,7.8,3.6,208,27.2,53
駿河湾,2026-09-08,00,1.7,8.3,0.2,194,25.9,51
駿河湾,2026-09-08,03,1.7,8.2,1.5,308,25.9,51
駿河湾,2026-09-08,06,1.6,8.3,0.5,84,25.9,51
駿河湾,2026-09-08,09,1.6,8.1,1.4,298,26.1,51
駿河湾,2026-09-08,12,1.7,8.5,2.4,255,26.6,51
駿河湾,2026-09-08,15,1.7,8.6,1.1,337,27.1,51
駿河湾,2026-09-08,18,1.8,8.6,0.9,254,27.0,61
駿河湾,2026-09-08,21,1.8,8.2,4.6,220,26.7,55
洲崎沖,2026-09-08,00,2.1,8.2,1.5,290,27.4,51
洲崎沖,2026-09-08,03,2.0,8.1,1.5,323,27.2,1
洲崎沖,2026-09-08,06,1.8,7.7,1.4,301,27.1,1
洲崎沖,2026-09-08,09,1.8,7.8,1.6,204,27.1,1
洲崎沖,2026-09-08,12,1.8,8.1,4.7,206,27.4,51
洲崎沖,2026-09-08,15,1.8,8.0,4.8,184,27.6,3
洲崎沖,2026-09-08,18,1.8,7.5,5.9,184,27.5,51
洲崎沖,2026-09-08,21,2.0,7.2,8.1,198,27.3,53
沖ノ瀬,2026-09-08,00,1.9,8.3,3.5,16,27.3,51
沖ノ瀬,2026-09-08,03,1.8,8.2,2.4,17,27.3,1
沖ノ瀬,2026-09-08,06,1.6,7.7,1.0,90,27.3,51
沖ノ瀬,2026-09-08,09,1.6,7.8,1.2,138,27.4,2
沖ノ瀬,2026-09-08,12,1.6,8.1,4.5,207,27.7,53
沖ノ瀬,2026-09-08,15,1.7,8.0,5.0,190,27.9,3
沖ノ瀬,2026-09-08,18,1.7,7.5,7.8,192,27.7,53
沖ノ瀬,2026-09-08,21,1.9,7.0,9.9,202,27.5,53
平砂浦沖,2026-09-08,00,2.2,8.2,1.5,290,27.4,51
平砂浦沖,2026-09-08,03,2.1,8.1,1.5,323,27.3,1
平砂浦沖,2026-09-08,06,1.8,7.7,1.4,301,27.3,1
平砂浦沖,2026-09-08,09,1.8,7.8,1.6,204,27.4,1
平砂浦沖,2026-09-08,12,1.9,8.1,4.7,206,27.6,51
平砂浦沖,2026-09-08,15,1.9,8.1,4.8,184,27.8,3
平砂浦沖,2026-09-08,18,1.8,7.5,5.9,184,27.7,51
平砂浦沖,2026-09-08,21,2.1,7.3,8.1,198,27.4,53
館山沖,2026-09-08,00,2.2,8.2,1.5,290,27.2,51
館山沖,2026-09-08,03,2.1,8.1,1.5,323,27.1,1
館山沖,2026-09-08,06,1.8,7.7,1.4,301,27.1,1
館山沖,2026-09-08,09,1.8,7.8,1.6,204,27.2,1
館山沖,2026-09-08,12,1.8,8.1,4.7,206,27.4,51
館山沖,2026-09-08,15,1.9,8.0,4.8,184,27.6,3
館山沖,2026-09-08,18,1.8,7.5,5.9,184,27.5,51
館山沖,2026-09-08,21,2.0,7.2,8.1,198,27.3,53
久能沖,2026-09-08,00,1.8,8.3,0.4,344,26.3,61
久能沖,2026-09-08,03,1.7,8.2,0.8,332,26.3,61
久能沖,2026-09-08,06,1.6,8.2,1.4,17,26.3,3
久能沖,2026-09-08,09,1.5,8.0,0.3,279,26.4,3
久能沖,2026-09-08,12,1.6,8.3,1.7,154,26.9,51
久能沖,2026-09-08,15,1.6,8.3,2.4,154,27.4,61
久能沖,2026-09-08,18,1.7,8.3,1.2,112,27.3,63
久能沖,2026-09-08,21,1.7,8.0,2.9,197,27.1,61
富浦沖,2026-09-08,00,2.1,8.2,1.5,290,27.4,51
富浦沖,2026-09-08,03,2.0,8.1,1.5,323,27.3,1
富浦沖,2026-09-08,06,1.8,7.7,1.4,301,27.2,1
富浦沖,2026-09-08,09,1.8,7.8,1.6,204,27.1,1
富浦沖,2026-09-08,12,1.8,8.1,4.7,206,27.4,51
富浦沖,2026-09-08,15,1.8,8.0,4.8,184,27.6,3
富浦沖,2026-09-08,18,1.8,7.5,5.9,184,27.5,51
富浦沖,2026-09-08,21,2.0,7.2,8.1,198,27.3,53
折戸沖,2026-09-08,00,1.8,8.3,0.4,344,26.3,61
折戸沖,2026-09-08,03,1.7,8.2,0.8,332,26.3,61
折戸沖,2026-09-08,06,1.6,8.2,1.4,17,26.3,3
折戸沖,2026-09-08,09,1.5,8.0,0.3,279,26.4,3
折戸沖,2026-09-08,12,1.6,8.3,1.7,154,26.9,51
折戸沖,2026-09-08,15,1.6,8.3,2.4,154,27.4,61
折戸沖,2026-09-08,18,1.7,8.3,1.2,112,27.3,63
折戸沖,2026-09-08,21,1.7,8.0,2.9,197,27.1,61
貯木場,2026-09-08,00,1.7,8.5,0.4,344,26.3,61
貯木場,2026-09-08,03,1.6,8.3,0.8,332,26.3,61
貯木場,2026-09-08,06,1.6,8.4,1.4,17,26.3,3
貯木場,2026-09-08,09,1.5,8.1,0.3,279,26.4,3
貯木場,2026-09-08,12,1.6,8.4,1.7,154,26.9,51
貯木場,2026-09-08,15,1.6,8.6,2.4,154,27.4,61
貯木場,2026-09-08,18,1.7,8.7,1.2,112,27.3,63
貯木場,2026-09-08,21,1.7,8.3,2.9,197,27.1,61
折戸,2026-09-08,00,1.7,8.5,0.4,344,26.1,61
折戸,2026-09-08,03,1.6,8.3,0.8,332,26.0,61
折戸,2026-09-08,06,1.6,8.4,1.4,17,26.0,3
折戸,2026-09-08,09,1.5,8.1,0.3,279,26.2,3
折戸,2026-09-08,12,1.6,8.4,1.7,154,26.8,51
折戸,2026-09-08,15,1.6,8.6,2.4,154,27.3,61
折戸,2026-09-08,18,1.7,8.7,1.2,112,27.2,63
折戸,2026-09-08,21,1.7,8.3,2.9,197,27.0,61
清水沖,2026-09-08,00,1.7,8.5,0.4,344,26.1,61
清水沖,2026-09-08,03,1.6,8.3,0.8,332,26.0,61
清水沖,2026-09-08,06,1.6,8.4,1.4,17,26.0,3
清水沖,2026-09-08,09,1.5,8.1,0.3,279,26.2,3
清水沖,2026-09-08,12,1.6,8.4,1.7,154,26.8,51
清水沖,2026-09-08,15,1.6,8.6,2.4,154,27.3,61
清水沖,2026-09-08,18,1.7,8.7,1.2,112,27.2,63
清水沖,2026-09-08,21,1.7,8.3,2.9,197,27.0,61
岩井富浦沖,2026-09-08,00,1.9,8.2,1.5,290,26.6,51
岩井富浦沖,2026-09-08,03,1.8,8.0,1.5,323,26.4,1
岩井富浦沖,2026-09-08,06,1.5,7.5,1.4,301,26.4,1
岩井富浦沖,2026-09-08,09,1.5,7.8,1.6,204,26.4,1
岩井富浦沖,2026-09-08,12,1.6,8.0,4.7,206,26.8,51
岩井富浦沖,2026-09-08,15,1.6,8.0,4.8,184,27.1,3
岩井富浦沖,2026-09-08,18,1.6,7.5,5.9,184,27.1,51
岩井富浦沖,2026-09-08,21,1.8,7.0,8.1,198,27.0,53
北防,2026-09-08,00,1.7,8.5,0.4,344,26.3,61
北防,2026-09-08,03,1.6,8.3,0.8,332,26.3,61
北防,2026-09-08,06,1.6,8.4,1.4,17,26.3,3
北防,2026-09-08,09,1.5,8.1,0.3,279,26.4,3
北防,2026-09-08,12,1.6,8.4,1.7,154,26.9,51
北防,2026-09-08,15,1.6,8.6,2.4,154,27.4,61
北防,2026-09-08,18,1.7,8.7,1.2,112,27.3,63
北防,2026-09-08,21,1.7,8.3,2.9,197,27.1,61
一文字堤,2026-09-08,00,1.7,8.5,0.4,344,26.1,61
一文字堤,2026-09-08,03,1.6,8.3,0.8,332,26.0,61
一文字堤,2026-09-08,06,1.6,8.4,1.4,17,26.0,3
一文字堤,2026-09-08,09,1.5,8.1,0.3,279,26.2,3
一文字堤,2026-09-08,12,1.6,8.4,1.7,154,26.8,51
一文字堤,2026-09-08,15,1.6,8.6,2.4,154,27.3,61
一文字堤,2026-09-08,18,1.7,8.7,1.2,112,27.2,63
一文字堤,2026-09-08,21,1.7,8.3,2.9,197,27.0,61
西浦沖,2026-09-08,00,1.5,8.5,1.4,90,26.2,51
西浦沖,2026-09-08,03,1.4,8.3,1.5,326,26.1,3
西浦沖,2026-09-08,06,1.4,8.4,0.4,36,26.1,51
西浦沖,2026-09-08,09,1.3,8.2,1.6,293,26.2,3
西浦沖,2026-09-08,12,1.4,8.6,2.6,278,26.8,51
西浦沖,2026-09-08,15,1.5,8.7,2.0,330,27.3,51
西浦沖,2026-09-08,18,1.6,8.8,1.8,332,27.2,55
西浦沖,2026-09-08,21,1.6,8.6,2.4,291,26.9,55
高新田前,2026-09-08,00,1.7,8.5,0.4,344,26.1,61
高新田前,2026-09-08,03,1.6,8.3,0.8,332,26.0,61
高新田前,2026-09-08,06,1.6,8.4,1.4,17,26.0,3
高新田前,2026-09-08,09,1.5,8.1,0.3,279,26.2,3
高新田前,2026-09-08,12,1.6,8.4,1.7,154,26.8,51
高新田前,2026-09-08,15,1.6,8.6,2.4,154,27.3,61
高新田前,2026-09-08,18,1.7,8.7,1.2,112,27.2,63
高新田前,2026-09-08,21,1.7,8.3,2.9,197,27.0,61
三保沖,2026-09-08,00,1.7,8.5,1.0,317,26.1,61
三保沖,2026-09-08,03,1.6,8.3,0.1,135,26.0,53
三保沖,2026-09-08,06,1.6,8.4,1.1,347,26.0,51
三保沖,2026-09-08,09,1.5,8.1,0.4,157,26.2,3
三保沖,2026-09-08,12,1.6,8.4,2.0,161,26.8,51
三保沖,2026-09-08,15,1.6,8.6,2.4,153,27.3,53
三保沖,2026-09-08,18,1.7,8.7,0.5,61,27.2,63
三保沖,2026-09-08,21,1.7,8.3,2.5,175,27.0,63
三保取入口,2026-09-08,00,1.7,8.5,1.0,317,26.1,61
三保取入口,2026-09-08,03,1.6,8.3,0.1,135,26.0,53
三保取入口,2026-09-08,06,1.6,8.4,1.1,347,26.0,51
三保取入口,2026-09-08,09,1.5,8.1,0.4,157,26.2,3
三保取入口,2026-09-08,12,1.6,8.4,2.0,161,26.8,51
三保取入口,2026-09-08,15,1.6,8.6,2.4,153,27.3,53
三保取入口,2026-09-08,18,1.7,8.7,0.5,61,27.2,63
三保取入口,2026-09-08,21,1.7,8.3,2.5,175,27.0,63
静浦沖,2026-09-08,00,1.5,8.5,1.5,75,26.2,51
静浦沖,2026-09-08,03,1.4,8.3,1.6,320,26.1,51
静浦沖,2026-09-08,06,1.4,8.4,0.5,354,26.1,51
静浦沖,2026-09-08,09,1.3,8.2,1.2,249,26.2,3
静浦沖,2026-09-08,12,1.4,8.6,2.5,258,26.8,2
静浦沖,2026-09-08,15,1.5,8.7,1.4,314,27.3,3
静浦沖,2026-09-08,18,1.6,8.8,1.6,337,27.2,55
静浦沖,2026-09-08,21,1.6,8.6,2.0,283,26.9,63
網代沖,2026-09-08,00,,,1.4,88,26.2,53
網代沖,2026-09-08,03,,,1.2,320,26.1,3
網代沖,2026-09-08,06,,,1.1,270,26.0,51
網代沖,2026-09-08,09,,,1.7,303,26.2,51
網代沖,2026-09-08,12,,,1.1,300,26.7,53
網代沖,2026-09-08,15,,,0.7,344,27.2,51
網代沖,2026-09-08,18,,,0.8,345,27.1,53
網代沖,2026-09-08,21,,,2.4,330,26.8,53
網代南沖,2026-09-08,00,1.6,8.1,0.6,14,26.2,55
網代南沖,2026-09-08,03,1.5,8.0,1.2,317,26.1,3
網代南沖,2026-09-08,06,1.3,7.4,1.2,261,26.0,51
網代南沖,2026-09-08,09,1.3,7.7,1.3,236,26.2,3
網代南沖,2026-09-08,12,1.3,7.9,1.5,188,26.7,53
網代南沖,2026-09-08,15,1.3,8.0,1.1,175,27.2,53
網代南沖,2026-09-08,18,1.3,7.8,1.1,214,27.1,51
網代南沖,2026-09-08,21,1.4,7.2,2.0,264,26.8,53
岩井沖,2026-09-08,00,1.9,8.2,1.5,290,26.6,51
岩井沖,2026-09-08,03,1.8,8.0,1.5,323,26.4,1
岩井沖,2026-09-08,06,1.5,7.5,1.4,301,26.4,1
岩井沖,2026-09-08,09,1.5,7.8,1.6,204,26.4,1
岩井沖,2026-09-08,12,1.6,8.0,4.7,206,26.8,51
岩井沖,2026-09-08,15,1.6,8.0,4.8,184,27.1,3
岩井沖,2026-09-08,18,1.6,7.5,5.9,184,27.1,51
岩井沖,2026-09-08,21,1.8,7.0,8.1,198,27.0,53
沼津沖,2026-09-08,00,1.5,8.5,1.4,90,26.2,51
沼津沖,2026-09-08,03,1.4,8.3,1.5,326,26.1,3
沼津沖,2026-09-08,06,1.4,8.4,0.4,36,26.1,51
沼津沖,2026-09-08,09,1.3,8.2,1.6,293,26.2,3
沼津沖,2026-09-08,12,1.4,8.6,2.6,278,26.8,51
沼津沖,2026-09-08,15,1.5,8.7,2.0,330,27.3,51
沼津沖,2026-09-08,18,1.6,8.8,1.8,332,27.2,55
沼津沖,2026-09-08,21,1.6,8.6,2.4,291,26.9,55
相模湾,2026-09-08,00,1.7,8.2,4.1,17,26.3,53
相模湾,2026-09-08,03,1.6,8.1,2.4,12,26.3,1
相模湾,2026-09-08,06,1.4,7.5,0.3,129,26.5,0
相模湾,2026-09-08,09,1.4,7.8,1.2,187,26.8,2
相模湾,2026-09-08,12,1.4,8.1,4.4,190,27.3,51
相模湾,2026-09-08,15,1.5,8.1,5.4,194,27.6,3
相模湾,2026-09-08,18,1.4,7.7,6.7,209,27.5,53
相模湾,2026-09-08,21,1.6,7.2,9.3,213,27.3,51
太海沖航程1時間30分,2026-09-08,00,2.2,8.2,0.9,286,27.3,3
太海沖航程1時間30分,2026-09-08,03,2.1,8.1,1.4,321,27.3,1
太海沖航程1時間30分,2026-09-08,06,1.8,7.7,1.3,296,27.4,2
太海沖航程1時間30分,2026-09-08,09,1.8,7.8,2.0,216,27.5,1
太海沖航程1時間30分,2026-09-08,12,1.9,8.1,4.5,203,27.7,53
太海沖航程1時間30分,2026-09-08,15,1.9,8.1,4.3,191,27.9,51
太海沖航程1時間30分,2026-09-08,18,1.8,7.5,4.6,182,27.8,51
太海沖航程1時間30分,2026-09-08,21,2.1,7.3,6.7,196,27.6,53
木負沖,2026-09-08,00,1.5,8.5,1.5,75,26.2,51
木負沖,2026-09-08,03,1.4,8.3,1.6,320,26.1,51
木負沖,2026-09-08,06,1.4,8.4,0.5,354,26.1,51
木負沖,2026-09-08,09,1.3,8.2,1.2,249,26.2,3
木負沖,2026-09-08,12,1.4,8.6,2.5,258,26.8,2
木負沖,2026-09-08,15,1.5,8.7,1.4,314,27.3,3
木負沖,2026-09-08,18,1.6,8.8,1.6,337,27.2,55
木負沖,2026-09-08,21,1.6,8.6,2.0,283,26.9,63
木負湾内,2026-09-08,00,1.5,8.5,1.5,75,26.2,51
木負湾内,2026-09-08,03,1.4,8.3,1.6,320,26.1,51
木負湾内,2026-09-08,06,1.4,8.4,0.5,354,26.1,51
木負湾内,2026-09-08,09,1.3,8.2,1.2,249,26.2,3
木負湾内,2026-09-08,12,1.4,8.6,2.5,258,26.8,2
木負湾内,2026-09-08,15,1.5,8.7,1.4,314,27.3,3
木負湾内,2026-09-08,18,1.6,8.8,1.6,337,27.2,55
木負湾内,2026-09-08,21,1.6,8.6,2.0,283,26.9,63
カメギ根,2026-09-08,00,1.8,8.3,3.8,7,27.0,51
カメギ根,2026-09-08,03,1.8,8.1,3.6,15,27.0,0
カメギ根,2026-09-08,06,1.6,7.7,1.4,35,26.9,2
カメギ根,2026-09-08,09,1.5,7.8,0.9,119,27.0,1
カメギ根,2026-09-08,12,1.6,8.0,2.6,169,27.3,51
カメギ根,2026-09-08,15,1.6,8.1,4.8,194,27.6,3
カメギ根,2026-09-08,18,1.6,7.5,7.1,205,27.6,55
カメギ根,2026-09-08,21,1.8,6.9,10.2,210,27.5,51
保田沖,2026-09-08,00,2.0,8.2,1.7,2,26.9,51
保田沖,2026-09-08,03,1.8,8.1,1.2,5,26.7,2
保田沖,2026-09-08,06,1.6,7.6,0.2,90,26.6,2
保田沖,2026-09-08,09,1.6,7.8,2.2,230,26.6,1
保田沖,2026-09-08,12,1.6,8.0,4.3,217,27.0,51
保田沖,2026-09-08,15,1.7,8.1,4.5,202,27.4,53
保田沖,2026-09-08,18,1.7,7.5,4.8,175,27.4,3
保田沖,2026-09-08,21,1.9,7.0,7.1,192,27.3,55
大沢沖前後,2026-09-08,00,2.5,8.2,2.2,239,27.4,51
大沢沖前後,2026-09-08,03,2.3,8.2,1.5,287,27.4,1
大沢沖前後,2026-09-08,06,2.0,7.9,1.9,268,27.5,2
大沢沖前後,2026-09-08,09,2.0,8.1,3.0,206,27.7,1
大沢沖前後,2026-09-08,12,2.0,8.2,5.0,201,28.0,51
大沢沖前後,2026-09-08,15,2.0,8.3,4.7,191,28.2,51
大沢沖前後,2026-09-08,18,1.9,7.8,5.2,192,28.0,51
大沢沖前後,2026-09-08,21,2.1,7.6,6.9,197,27.8,53
勝浦沖航程1時間30分,2026-09-08,00,2.6,8.2,1.9,235,27.2,51
勝浦沖航程1時間30分,2026-09-08,03,2.4,8.2,1.7,273,27.3,1
勝浦沖航程1時間30分,2026-09-08,06,2.2,8.1,1.9,253,27.6,2
勝浦沖航程1時間30分,2026-09-08,09,2.1,8.2,3.1,205,27.8,1
勝浦沖航程1時間30分,2026-09-08,12,2.1,8.3,4.8,203,28.1,3
勝浦沖航程1時間30分,2026-09-08,15,2.1,8.5,5.0,198,28.3,61
勝浦沖航程1時間30分,2026-09-08,18,2.0,7.8,5.3,194,28.0,51
勝浦沖航程1時間30分,2026-09-08,21,2.2,7.7,7.2,198,27.6,61
由比沖,2026-09-08,00,1.4,8.5,0.5,22,26.3,63
由比沖,2026-09-08,03,1.3,8.3,1.6,28,26.2,3
由比沖,2026-09-08,06,1.3,8.4,1.4,4,26.2,51
由比沖,2026-09-08,09,1.2,8.1,1.1,53,26.4,3
由比沖,2026-09-08,12,1.3,8.4,0.5,143,26.9,51
由比沖,2026-09-08,15,1.3,8.6,1.2,95,27.4,51
由比沖,2026-09-08,18,1.4,8.8,0.8,11,27.4,65
由比沖,2026-09-08,21,1.4,8.6,1.6,58,27.1,63
由比港周辺,2026-09-08,00,1.4,8.5,0.5,22,26.3,63
由比港周辺,2026-09-08,03,1.3,8.3,1.6,28,26.2,3
由比港周辺,2026-09-08,06,1.3,8.4,1.4,4,26.2,51
由比港周辺,2026-09-08,09,1.2,8.1,1.1,53,26.4,3
由比港周辺,2026-09-08,12,1.3,8.4,0.5,143,26.9,51
由比港周辺,2026-09-08,15,1.3,8.6,1.2,95,27.4,51
由比港周辺,2026-09-08,18,1.4,8.8,0.8,11,27.4,65
由比港周辺,2026-09-08,21,1.4,8.6,1.6,58,27.1,63
岩船沖,2026-09-08,00,2.2,8.2,0.9,276,27.3,3
岩船沖,2026-09-08,03,2.1,8.1,1.4,315,27.3,1
岩船沖,2026-09-08,06,1.8,7.7,1.3,279,27.4,2
岩船沖,2026-09-08,09,1.8,7.8,2.9,215,27.5,1
岩船沖,2026-09-08,12,1.9,8.1,4.7,201,27.7,53
岩船沖,2026-09-08,15,1.9,8.1,4.2,194,27.9,51
岩船沖,2026-09-08,18,1.8,7.5,4.2,186,27.8,51
岩船沖,2026-09-08,21,2.1,7.3,5.8,195,27.6,61
小湊沖,2026-09-08,00,2.2,8.2,2.2,239,27.4,51
小湊沖,2026-09-08,03,2.1,8.1,1.5,287,27.4,1
小湊沖,2026-09-08,06,1.8,7.8,1.9,268,27.4,2
小湊沖,2026-09-08,09,1.8,7.8,3.0,206,27.5,1
小湊沖,2026-09-08,12,1.8,8.1,5.0,201,27.8,51
小湊沖,2026-09-08,15,1.7,8.2,4.7,191,28.0,51
小湊沖,2026-09-08,18,1.6,7.6,5.2,192,27.9,51
小湊沖,2026-09-08,21,1.9,7.5,6.9,197,27.7,53
太海沖,2026-09-08,00,1.6,8.2,1.7,2,26.1,51
太海沖,2026-09-08,03,1.5,8.1,1.2,5,26.1,2
太海沖,2026-09-08,06,1.3,7.6,0.2,90,26.1,2
太海沖,2026-09-08,09,1.3,7.8,2.2,230,26.3,1
太海沖,2026-09-08,12,1.4,8.1,4.3,217,26.7,51
太海沖,2026-09-08,15,1.4,8.1,4.5,202,27.2,53
太海沖,2026-09-08,18,1.4,7.3,4.8,175,27.2,3
太海沖,2026-09-08,21,1.6,6.8,7.1,192,27.1,55
鴨川沖前後,2026-09-08,00,2.0,8.0,2.2,239,27.3,51
鴨川沖前後,2026-09-08,03,1.8,7.9,1.5,287,27.3,1
鴨川沖前後,2026-09-08,06,1.6,7.6,1.9,268,27.3,2
鴨川沖前後,2026-09-08,09,1.6,7.7,3.0,206,27.4,1
鴨川沖前後,2026-09-08,12,1.6,7.9,5.0,201,27.7,51
鴨川沖前後,2026-09-08,15,1.6,8.0,4.7,191,27.9,51
鴨川沖前後,2026-09-08,18,1.4,7.3,5.2,192,27.8,51
鴨川沖前後,2026-09-08,21,1.7,7.3,6.9,197,27.6,53
岩和田沖,2026-09-08,00,2.5,8.2,1.9,235,27.4,51
岩和田沖,2026-09-08,03,2.3,8.2,1.7,273,27.4,1
岩和田沖,2026-09-08,06,2.1,8.0,1.9,253,27.4,2
岩和田沖,2026-09-08,09,2.0,8.0,3.1,205,27.5,1
岩和田沖,2026-09-08,12,2.0,8.2,4.8,203,27.8,3
岩和田沖,2026-09-08,15,2.0,8.3,5.0,198,28.0,61
岩和田沖,2026-09-08,18,1.8,7.8,5.3,194,27.9,51
岩和田沖,2026-09-08,21,2.1,7.7,7.2,198,27.7,61
城ヶ島西沖,2026-09-08,00,1.8,8.3,3.8,7,27.0,51
城ヶ島西沖,2026-09-08,03,1.7,8.2,3.6,15,27.0,0
城ヶ島西沖,2026-09-08,06,1.5,7.7,1.4,35,27.0,2
城ヶ島西沖,2026-09-08,09,1.4,7.8,0.9,119,27.1,1
城ヶ島西沖,2026-09-08,12,1.5,8.1,2.6,169,27.4,51
城ヶ島西沖,2026-09-08,15,1.5,8.1,4.8,194,27.6,3
城ヶ島西沖,2026-09-08,18,1.5,7.5,7.1,205,27.5,55
城ヶ島西沖,2026-09-08,21,1.7,6.8,10.2,210,27.3,51
城ヶ島沖,2026-09-08,00,1.8,8.3,3.8,7,26.9,51
城ヶ島沖,2026-09-08,03,1.7,8.2,3.4,13,26.8,0
城ヶ島沖,2026-09-08,06,1.5,7.7,1.5,50,26.6,3
城ヶ島沖,2026-09-08,09,1.5,7.8,0.9,155,26.7,1
城ヶ島沖,2026-09-08,12,1.5,8.0,1.9,185,27.2,51
城ヶ島沖,2026-09-08,15,1.5,8.1,5.1,192,27.6,3
城ヶ島沖,2026-09-08,18,1.5,7.5,7.1,191,27.6,3
城ヶ島沖,2026-09-08,21,1.8,6.8,11.1,201,27.4,53
大貫沖～富浦沖,2026-09-08,00,1.6,8.2,1.7,2,26.7,51
大貫沖～富浦沖,2026-09-08,03,1.5,8.1,1.2,5,26.6,2
大貫沖～富浦沖,2026-09-08,06,1.3,7.6,0.2,90,26.6,2
大貫沖～富浦沖,2026-09-08,09,1.3,7.8,2.2,230,26.8,1
大貫沖～富浦沖,2026-09-08,12,1.4,8.1,4.3,217,27.2,51
大貫沖～富浦沖,2026-09-08,15,1.4,8.1,4.5,202,27.6,53
大貫沖～富浦沖,2026-09-08,18,1.4,7.3,4.8,175,27.5,3
大貫沖～富浦沖,2026-09-08,21,1.6,6.8,7.1,192,27.3,55
御宿沖,2026-09-08,00,2.5,8.2,1.9,235,27.4,51
御宿沖,2026-09-08,03,2.3,8.2,1.7,273,27.4,1
御宿沖,2026-09-08,06,2.1,8.0,1.9,253,27.4,2
御宿沖,2026-09-08,09,2.0,8.0,3.1,205,27.5,1
御宿沖,2026-09-08,12,2.0,8.2,4.8,203,27.8,3
御宿沖,2026-09-08,15,2.0,8.3,5.0,198,28.0,61
御宿沖,2026-09-08,18,1.8,7.8,5.3,194,27.9,51
御宿沖,2026-09-08,21,2.1,7.7,7.2,198,27.7,61
興津港沖,2026-09-08,00,2.5,8.2,1.9,235,27.4,51
興津港沖,2026-09-08,03,2.3,8.2,1.7,273,27.4,1
興津港沖,2026-09-08,06,2.1,8.0,1.9,253,27.4,2
興津港沖,2026-09-08,09,2.0,8.0,3.1,205,27.5,1
興津港沖,2026-09-08,12,2.0,8.2,4.8,203,27.8,3
興津港沖,2026-09-08,15,2.0,8.3,5.0,198,28.0,61
興津港沖,2026-09-08,18,1.8,7.8,5.3,194,27.9,51
興津港沖,2026-09-08,21,2.1,7.7,7.2,198,27.7,61
烏帽子沖,2026-09-08,00,1.8,8.3,3.8,7,26.9,51
烏帽子沖,2026-09-08,03,1.7,8.2,3.4,13,26.8,0
烏帽子沖,2026-09-08,06,1.5,7.7,1.5,50,26.6,3
烏帽子沖,2026-09-08,09,1.5,7.8,0.9,155,26.7,1
烏帽子沖,2026-09-08,12,1.5,8.0,1.9,185,27.2,51
烏帽子沖,2026-09-08,15,1.5,8.1,5.1,192,27.6,3
烏帽子沖,2026-09-08,18,1.5,7.5,7.1,191,27.6,3
烏帽子沖,2026-09-08,21,1.8,6.8,11.1,201,27.4,53
諸磯沖,2026-09-08,00,1.8,8.3,3.8,7,26.9,51
諸磯沖,2026-09-08,03,1.7,8.2,3.4,13,26.8,0
諸磯沖,2026-09-08,06,1.5,7.7,1.5,50,26.6,3
諸磯沖,2026-09-08,09,1.5,7.8,0.9,155,26.7,1
諸磯沖,2026-09-08,12,1.5,8.0,1.9,185,27.2,51
諸磯沖,2026-09-08,15,1.5,8.1,5.1,192,27.6,3
諸磯沖,2026-09-08,18,1.5,7.5,7.1,191,27.6,3
諸磯沖,2026-09-08,21,1.8,6.8,11.1,201,27.4,53
剣崎沖,2026-09-08,00,1.8,8.3,3.8,7,26.9,51
剣崎沖,2026-09-08,03,1.7,8.2,3.4,13,26.8,0
剣崎沖,2026-09-08,06,1.5,7.7,1.5,50,26.6,3
剣崎沖,2026-09-08,09,1.5,7.8,0.9,155,26.7,1
剣崎沖,2026-09-08,12,1.5,8.0,1.9,185,27.2,51
剣崎沖,2026-09-08,15,1.5,8.1,5.1,192,27.6,3
剣崎沖,2026-09-08,18,1.5,7.5,7.1,191,27.6,3
剣崎沖,2026-09-08,21,1.8,6.8,11.1,201,27.4,53
勝浦灯台沖航程20分,2026-09-08,00,2.4,8.2,1.9,235,27.5,51
勝浦灯台沖航程20分,2026-09-08,03,2.2,8.2,1.7,273,27.5,1
勝浦灯台沖航程20分,2026-09-08,06,2.0,7.9,1.9,253,27.5,2
勝浦灯台沖航程20分,2026-09-08,09,1.9,8.0,3.1,205,27.6,1
勝浦灯台沖航程20分,2026-09-08,12,1.9,8.2,4.8,203,27.9,3
勝浦灯台沖航程20分,2026-09-08,15,1.9,8.3,5.0,198,28.1,61
勝浦灯台沖航程20分,2026-09-08,18,1.8,7.7,5.3,194,27.9,51
勝浦灯台沖航程20分,2026-09-08,21,2.0,7.7,7.2,198,27.7,61
勝浦沖航程30分,2026-09-08,00,2.5,8.2,1.9,235,27.4,51
勝浦沖航程30分,2026-09-08,03,2.3,8.2,1.7,273,27.4,1
勝浦沖航程30分,2026-09-08,06,2.1,8.0,1.9,253,27.4,2
勝浦沖航程30分,2026-09-08,09,2.0,8.0,3.1,205,27.5,1
勝浦沖航程30分,2026-09-08,12,2.0,8.2,4.8,203,27.8,3
勝浦沖航程30分,2026-09-08,15,2.0,8.3,5.0,198,28.0,61
勝浦沖航程30分,2026-09-08,18,1.8,7.8,5.3,194,27.9,51
勝浦沖航程30分,2026-09-08,21,2.1,7.7,7.2,198,27.7,61
田子の浦沖,2026-09-08,00,1.4,8.5,0.5,22,26.3,63
田子の浦沖,2026-09-08,03,1.3,8.3,1.6,28,26.2,3
田子の浦沖,2026-09-08,06,1.3,8.4,1.4,4,26.2,51
田子の浦沖,2026-09-08,09,1.2,8.1,1.1,53,26.4,3
田子の浦沖,2026-09-08,12,1.3,8.4,0.5,143,26.9,51
田子の浦沖,2026-09-08,15,1.3,8.6,1.2,95,27.4,51
田子の浦沖,2026-09-08,18,1.4,8.8,0.8,11,27.4,65
田子の浦沖,2026-09-08,21,1.4,8.6,1.6,58,27.1,63
富士川沖,2026-09-08,00,1.4,8.5,0.5,22,26.3,63
富士川沖,2026-09-08,03,1.3,8.3,1.6,28,26.2,3
富士川沖,2026-09-08,06,1.3,8.4,1.4,4,26.2,51
富士川沖,2026-09-08,09,1.2,8.1,1.1,53,26.3,3
富士川沖,2026-09-08,12,1.3,8.4,0.5,143,26.9,51
富士川沖,2026-09-08,15,1.3,8.6,1.2,95,27.4,51
富士川沖,2026-09-08,18,1.4,8.8,0.8,11,27.3,65
富士川沖,2026-09-08,21,1.4,8.6,1.6,58,27.1,63
かんねこ,2026-09-08,00,1.6,8.2,1.7,2,26.1,51
かんねこ,2026-09-08,03,1.5,8.1,1.2,5,26.1,2
かんねこ,2026-09-08,06,1.3,7.6,0.2,90,26.1,2
かんねこ,2026-09-08,09,1.3,7.8,2.2,230,26.3,1
かんねこ,2026-09-08,12,1.4,8.1,4.3,217,26.7,51
かんねこ,2026-09-08,15,1.4,8.1,4.5,202,27.2,53
かんねこ,2026-09-08,18,1.4,7.3,4.8,175,27.2,3
かんねこ,2026-09-08,21,1.6,6.8,7.1,192,27.1,55
海中公園沖,2026-09-08,00,2.5,8.2,1.9,235,27.4,51
海中公園沖,2026-09-08,03,2.3,8.2,1.7,273,27.4,1
海中公園沖,2026-09-08,06,2.1,8.0,1.9,253,27.4,2
海中公園沖,2026-09-08,09,2.0,8.0,3.1,205,27.5,1
海中公園沖,2026-09-08,12,2.0,8.2,4.8,203,27.8,3
海中公園沖,2026-09-08,15,2.0,8.3,5.0,198,28.0,61
海中公園沖,2026-09-08,18,1.8,7.8,5.3,194,27.9,51
海中公園沖,2026-09-08,21,2.1,7.7,7.2,198,27.7,61
真鶴西沖,2026-09-08,00,1.5,8.1,0.5,328,25.9,63
真鶴西沖,2026-09-08,03,1.4,8.0,1.2,348,25.8,3
真鶴西沖,2026-09-08,06,1.2,7.4,0.6,255,25.8,51
真鶴西沖,2026-09-08,09,1.2,7.6,1.4,156,26.0,3
真鶴西沖,2026-09-08,12,1.2,7.8,2.3,157,26.6,51
真鶴西沖,2026-09-08,15,1.3,7.9,2.7,168,27.1,51
真鶴西沖,2026-09-08,18,1.2,7.5,1.9,202,27.0,51
真鶴西沖,2026-09-08,21,1.3,7.2,2.9,229,26.7,53
真鶴沖,2026-09-08,00,1.5,8.1,0.5,328,25.9,63
真鶴沖,2026-09-08,03,1.4,8.0,1.2,348,25.8,3
真鶴沖,2026-09-08,06,1.2,7.4,0.6,255,25.8,51
真鶴沖,2026-09-08,09,1.2,7.6,1.4,156,26.0,3
真鶴沖,2026-09-08,12,1.2,7.8,2.3,157,26.6,51
真鶴沖,2026-09-08,15,1.3,7.9,2.7,168,27.1,51
真鶴沖,2026-09-08,18,1.2,7.5,1.9,202,27.0,51
真鶴沖,2026-09-08,21,1.3,7.2,2.9,229,26.7,53
勝浦灯台沖,2026-09-08,00,2.4,8.2,1.9,235,27.5,51
勝浦灯台沖,2026-09-08,03,2.2,8.2,1.7,273,27.5,1
勝浦灯台沖,2026-09-08,06,2.0,7.9,1.9,253,27.5,2
勝浦灯台沖,2026-09-08,09,1.9,8.0,3.1,205,27.6,1
勝浦灯台沖,2026-09-08,12,1.9,8.2,4.8,203,27.9,3
勝浦灯台沖,2026-09-08,15,1.9,8.3,5.0,198,28.1,61
勝浦灯台沖,2026-09-08,18,1.8,7.7,5.3,194,27.9,51
勝浦灯台沖,2026-09-08,21,2.0,7.7,7.2,198,27.7,61
勝浦沖,2026-09-08,00,2.4,8.2,1.9,235,27.5,51
勝浦沖,2026-09-08,03,2.2,8.2,1.7,273,27.5,1
勝浦沖,2026-09-08,06,2.0,7.9,1.9,253,27.5,2
勝浦沖,2026-09-08,09,1.9,8.0,3.1,205,27.6,1
勝浦沖,2026-09-08,12,1.9,8.2,4.8,203,27.9,3
勝浦沖,2026-09-08,15,1.9,8.3,5.0,198,28.1,61
勝浦沖,2026-09-08,18,1.8,7.7,5.3,194,27.9,51
勝浦沖,2026-09-08,21,2.0,7.7,7.2,198,27.7,61
富士山根,2026-09-08,00,1.6,8.3,2.7,356,26.4,51
富士山根,2026-09-08,03,1.5,8.2,3.1,8,26.3,1
富士山根,2026-09-08,06,1.4,7.7,1.4,360,26.2,3
富士山根,2026-09-08,09,1.3,7.8,0.5,139,26.2,2
富士山根,2026-09-08,12,1.3,8.1,3.2,189,26.7,51
富士山根,2026-09-08,15,1.4,8.1,3.9,193,27.1,3
富士山根,2026-09-08,18,1.4,7.5,5.4,199,26.9,51
富士山根,2026-09-08,21,1.6,6.8,8.9,199,26.6,53
川津沖,2026-09-08,00,2.2,8.2,1.1,223,27.4,51
川津沖,2026-09-08,03,2.1,8.0,1.4,296,27.4,1
川津沖,2026-09-08,06,1.9,7.8,1.2,298,27.4,2
川津沖,2026-09-08,09,1.8,7.8,2.6,193,27.5,2
川津沖,2026-09-08,12,1.8,7.8,4.8,199,27.8,51
川津沖,2026-09-08,15,1.8,8.0,4.9,195,28.0,53
川津沖,2026-09-08,18,1.6,7.3,5.4,194,27.9,51
川津沖,2026-09-08,21,1.8,7.2,7.2,196,27.7,61
下浦沖,2026-09-08,00,1.4,8.1,2.7,356,25.8,51
下浦沖,2026-09-08,03,1.3,8.0,3.1,8,25.5,1
下浦沖,2026-09-08,06,1.2,7.5,1.4,360,25.5,3
下浦沖,2026-09-08,09,1.2,7.6,0.5,139,25.8,2
下浦沖,2026-09-08,12,1.2,7.9,3.2,189,26.3,51
下浦沖,2026-09-08,15,1.2,8.0,3.9,193,26.8,3
下浦沖,2026-09-08,18,1.2,7.2,5.4,199,26.7,51
下浦沖,2026-09-08,21,1.4,6.5,8.9,199,26.5,53
興津沖,2026-09-08,00,2.2,8.2,1.1,223,27.4,51
興津沖,2026-09-08,03,2.1,8.0,1.4,296,27.4,1
興津沖,2026-09-08,06,1.9,7.8,1.2,298,27.4,2
興津沖,2026-09-08,09,1.8,7.8,2.6,193,27.5,2
興津沖,2026-09-08,12,1.8,7.8,4.8,199,27.8,51
興津沖,2026-09-08,15,1.8,8.0,4.9,195,28.0,53
興津沖,2026-09-08,18,1.6,7.3,5.4,194,27.9,51
興津沖,2026-09-08,21,1.8,7.2,7.2,196,27.7,61
長井西沖,2026-09-08,00,1.6,8.3,2.7,356,26.4,51
長井西沖,2026-09-08,03,1.5,8.2,3.1,8,26.3,1
長井西沖,2026-09-08,06,1.4,7.7,1.4,360,26.2,3
長井西沖,2026-09-08,09,1.3,7.8,0.5,139,26.2,2
長井西沖,2026-09-08,12,1.3,8.1,3.2,189,26.7,51
長井西沖,2026-09-08,15,1.4,8.1,3.9,193,27.1,3
長井西沖,2026-09-08,18,1.4,7.5,5.4,199,26.9,51
長井西沖,2026-09-08,21,1.6,6.8,8.9,199,26.6,53
長井沖,2026-09-08,00,1.5,8.2,2.7,356,26.2,51
長井沖,2026-09-08,03,1.4,8.0,3.1,8,26.0,1
長井沖,2026-09-08,06,1.2,7.5,1.4,360,25.9,3
長井沖,2026-09-08,09,1.2,7.6,0.5,139,26.0,2
長井沖,2026-09-08,12,1.2,7.9,3.2,189,26.6,51
長井沖,2026-09-08,15,1.3,8.0,3.9,193,27.2,3
長井沖,2026-09-08,18,1.3,7.2,5.4,199,27.1,51
長井沖,2026-09-08,21,1.5,6.5,8.9,199,26.8,53
三戸浜沖,2026-09-08,00,1.5,8.2,2.7,356,26.2,51
三戸浜沖,2026-09-08,03,1.4,8.0,3.1,8,26.0,1
三戸浜沖,2026-09-08,06,1.2,7.5,1.4,360,25.9,3
三戸浜沖,2026-09-08,09,1.2,7.6,0.5,139,26.0,2
三戸浜沖,2026-09-08,12,1.2,7.9,3.2,189,26.6,51
三戸浜沖,2026-09-08,15,1.3,8.0,3.9,193,27.2,3
三戸浜沖,2026-09-08,18,1.3,7.2,5.4,199,27.1,51
三戸浜沖,2026-09-08,21,1.5,6.5,8.9,199,26.8,53
金谷沖,2026-09-08,00,1.3,8.1,2.7,356,26.3,51
金谷沖,2026-09-08,03,1.2,8.0,3.1,8,26.0,1
金谷沖,2026-09-08,06,1.1,7.5,1.4,360,26.0,3
金谷沖,2026-09-08,09,1.0,7.7,0.5,139,26.2,2
金谷沖,2026-09-08,12,1.1,8.0,3.2,189,26.7,51
金谷沖,2026-09-08,15,1.1,8.1,3.9,193,27.2,3
金谷沖,2026-09-08,18,1.1,7.2,5.4,199,27.0,51
金谷沖,2026-09-08,21,1.3,6.5,8.9,199,26.8,53
佐島沖,2026-09-08,00,1.5,8.2,2.7,356,26.2,51
佐島沖,2026-09-08,03,1.4,8.0,3.1,8,26.0,1
佐島沖,2026-09-08,06,1.2,7.5,1.4,360,25.9,3
佐島沖,2026-09-08,09,1.2,7.6,0.5,139,26.0,2
佐島沖,2026-09-08,12,1.2,7.9,3.2,189,26.6,51
佐島沖,2026-09-08,15,1.3,8.0,3.9,193,27.2,3
佐島沖,2026-09-08,18,1.3,7.2,5.4,199,27.1,51
佐島沖,2026-09-08,21,1.5,6.5,8.9,199,26.8,53
小田原南沖,2026-09-08,00,1.4,8.2,0.5,328,25.8,63
小田原南沖,2026-09-08,03,1.3,8.0,1.2,348,25.7,3
小田原南沖,2026-09-08,06,1.2,7.5,0.6,255,25.7,51
小田原南沖,2026-09-08,09,1.1,7.6,1.4,156,25.9,3
小田原南沖,2026-09-08,12,1.2,7.8,2.3,157,26.5,51
小田原南沖,2026-09-08,15,1.2,7.9,2.7,168,27.0,51
小田原南沖,2026-09-08,18,1.1,7.5,1.9,202,26.8,51
小田原南沖,2026-09-08,21,1.2,7.2,2.9,229,26.6,53
瀬の海,2026-09-08,00,1.6,8.2,0.5,72,25.7,51
瀬の海,2026-09-08,03,1.5,8.2,1.6,20,25.7,2
瀬の海,2026-09-08,06,1.3,7.6,1.3,48,25.7,3
瀬の海,2026-09-08,09,1.3,7.7,0.7,180,25.9,2
瀬の海,2026-09-08,12,1.3,8.0,2.7,186,26.4,1
瀬の海,2026-09-08,15,1.3,8.0,3.9,189,26.8,51
瀬の海,2026-09-08,18,1.3,7.5,3.9,190,26.8,3
瀬の海,2026-09-08,21,1.4,7.1,5.9,203,26.6,53
秋谷沖,2026-09-08,00,1.6,8.3,2.7,356,26.4,51
秋谷沖,2026-09-08,03,1.5,8.2,3.1,8,26.3,1
秋谷沖,2026-09-08,06,1.4,7.7,1.4,360,26.2,3
秋谷沖,2026-09-08,09,1.3,7.8,0.5,139,26.2,2
秋谷沖,2026-09-08,12,1.3,8.1,3.2,189,26.7,51
秋谷沖,2026-09-08,15,1.4,8.1,3.9,193,27.1,3
秋谷沖,2026-09-08,18,1.4,7.5,5.4,199,26.9,51
秋谷沖,2026-09-08,21,1.6,6.8,8.9,199,26.6,53
竹岡沖,2026-09-08,00,1.3,8.1,2.0,347,26.3,51
竹岡沖,2026-09-08,03,1.2,8.0,2.6,13,26.0,3
竹岡沖,2026-09-08,06,1.1,7.5,0.5,32,26.0,2
竹岡沖,2026-09-08,09,1.0,7.7,0.7,231,26.2,2
竹岡沖,2026-09-08,12,1.1,8.0,2.4,224,26.7,51
竹岡沖,2026-09-08,15,1.1,8.1,4.7,212,27.2,3
竹岡沖,2026-09-08,18,1.1,7.2,4.4,192,27.0,51
竹岡沖,2026-09-08,21,1.3,6.5,8.1,191,26.8,55
部原沖,2026-09-08,00,2.4,8.2,1.9,235,27.5,51
部原沖,2026-09-08,03,2.2,8.2,1.7,273,27.5,1
部原沖,2026-09-08,06,2.0,7.9,1.9,253,27.5,2
部原沖,2026-09-08,09,1.9,8.0,3.1,205,27.6,1
部原沖,2026-09-08,12,1.9,8.2,4.8,203,27.9,3
部原沖,2026-09-08,15,1.9,8.3,5.0,198,28.1,61
部原沖,2026-09-08,18,1.8,7.7,5.3,194,27.9,51
部原沖,2026-09-08,21,2.0,7.7,7.2,198,27.7,61
小田原西沖,2026-09-08,00,1.4,8.2,0.5,328,25.8,63
小田原西沖,2026-09-08,03,1.3,8.0,1.2,348,25.7,3
小田原西沖,2026-09-08,06,1.2,7.5,0.6,255,25.7,51
小田原西沖,2026-09-08,09,1.1,7.6,1.4,156,25.9,3
小田原西沖,2026-09-08,12,1.2,7.8,2.3,157,26.5,51
小田原西沖,2026-09-08,15,1.2,7.9,2.7,168,27.0,51
小田原西沖,2026-09-08,18,1.1,7.5,1.9,202,26.8,51
小田原西沖,2026-09-08,21,1.2,7.2,2.9,229,26.6,53
小田原沖,2026-09-08,00,1.4,8.2,0.5,328,25.8,63
小田原沖,2026-09-08,03,1.3,8.0,1.2,348,25.7,3
小田原沖,2026-09-08,06,1.2,7.5,0.6,255,25.7,51
小田原沖,2026-09-08,09,1.1,7.6,1.4,156,25.9,3
小田原沖,2026-09-08,12,1.2,7.8,2.3,157,26.5,51
小田原沖,2026-09-08,15,1.2,7.9,2.7,168,27.0,51
小田原沖,2026-09-08,18,1.1,7.5,1.9,202,26.8,51
小田原沖,2026-09-08,21,1.2,7.2,2.9,229,26.6,53
小田原東沖,2026-09-08,00,1.4,8.2,0.5,328,25.8,63
小田原東沖,2026-09-08,03,1.3,8.0,1.2,348,25.7,3
小田原東沖,2026-09-08,06,1.2,7.5,0.6,255,25.7,51
小田原東沖,2026-09-08,09,1.1,7.6,1.4,156,25.9,3
小田原東沖,2026-09-08,12,1.2,7.8,2.3,157,26.5,51
小田原東沖,2026-09-08,15,1.2,7.9,2.7,168,27.0,51
小田原東沖,2026-09-08,18,1.1,7.5,1.9,202,26.8,51
小田原東沖,2026-09-08,21,1.2,7.2,2.9,229,26.6,53
久里浜沖,2026-09-08,00,1.4,8.1,2.7,356,25.8,51
久里浜沖,2026-09-08,03,1.3,8.0,3.1,8,25.5,1
久里浜沖,2026-09-08,06,1.2,7.5,1.4,360,25.5,3
久里浜沖,2026-09-08,09,1.2,7.6,0.5,139,25.8,2
久里浜沖,2026-09-08,12,1.2,7.9,3.2,189,26.3,51
久里浜沖,2026-09-08,15,1.2,8.0,3.9,193,26.8,3
久里浜沖,2026-09-08,18,1.2,7.2,5.4,199,26.7,51
久里浜沖,2026-09-08,21,1.4,6.5,8.9,199,26.5,53
国府津沖,2026-09-08,00,1.4,8.2,0.4,214,25.8,53
国府津沖,2026-09-08,03,1.3,8.0,1.4,360,25.7,3
国府津沖,2026-09-08,06,1.2,7.5,0.2,360,25.7,51
国府津沖,2026-09-08,09,1.1,7.6,0.7,132,25.9,2
国府津沖,2026-09-08,12,1.2,7.8,2.1,139,26.5,51
国府津沖,2026-09-08,15,1.2,7.9,2.9,167,27.0,51
国府津沖,2026-09-08,18,1.1,7.5,2.1,201,26.8,51
国府津沖,2026-09-08,21,1.2,7.2,2.5,208,26.6,53
葉山南沖,2026-09-08,00,1.3,8.3,2.7,356,25.8,51
葉山南沖,2026-09-08,03,1.2,8.2,3.1,8,25.7,1
葉山南沖,2026-09-08,06,1.1,7.8,1.4,360,25.7,3
葉山南沖,2026-09-08,09,1.1,7.7,0.5,139,25.9,2
葉山南沖,2026-09-08,12,1.1,8.0,3.2,189,26.4,51
葉山南沖,2026-09-08,15,1.1,8.2,3.9,193,26.8,3
葉山南沖,2026-09-08,18,1.1,7.5,5.4,199,26.8,51
葉山南沖,2026-09-08,21,1.3,6.6,8.9,199,26.6,53
エボシ沖,2026-09-08,00,1.3,8.3,2.7,356,25.8,51
エボシ沖,2026-09-08,03,1.2,8.2,3.1,8,25.7,1
エボシ沖,2026-09-08,06,1.1,7.8,1.4,360,25.7,3
エボシ沖,2026-09-08,09,1.1,7.7,0.5,139,25.9,2
エボシ沖,2026-09-08,12,1.1,8.0,3.2,189,26.4,51
エボシ沖,2026-09-08,15,1.1,8.2,3.9,193,26.8,3
エボシ沖,2026-09-08,18,1.1,7.5,5.4,199,26.8,51
エボシ沖,2026-09-08,21,1.3,6.6,8.9,199,26.6,53
観音崎沖ｍ,2026-09-08,00,1.0,8.0,2.7,356,25.5,51
観音崎沖ｍ,2026-09-08,03,0.9,7.8,3.1,8,25.4,1
観音崎沖ｍ,2026-09-08,06,0.8,7.5,1.4,360,25.4,3
観音崎沖ｍ,2026-09-08,09,0.8,7.5,0.5,139,25.6,2
観音崎沖ｍ,2026-09-08,12,0.8,7.7,3.2,189,26.2,51
観音崎沖ｍ,2026-09-08,15,0.9,7.8,3.9,193,26.7,3
観音崎沖ｍ,2026-09-08,18,0.9,6.8,5.4,199,26.5,51
観音崎沖ｍ,2026-09-08,21,1.0,5.8,8.9,199,26.1,53
浦賀沖,2026-09-08,00,1.0,8.0,2.7,356,25.5,51
浦賀沖,2026-09-08,03,0.9,7.8,3.1,8,25.4,1
浦賀沖,2026-09-08,06,0.8,7.5,1.4,360,25.4,3
浦賀沖,2026-09-08,09,0.8,7.5,0.5,139,25.6,2
浦賀沖,2026-09-08,12,0.8,7.7,3.2,189,26.2,51
浦賀沖,2026-09-08,15,0.9,7.8,3.9,193,26.7,3
浦賀沖,2026-09-08,18,0.9,6.8,5.4,199,26.5,51
浦賀沖,2026-09-08,21,1.0,5.8,8.9,199,26.1,53
鎌倉沖,2026-09-08,00,1.3,8.3,1.5,34,25.8,53
鎌倉沖,2026-09-08,03,1.2,8.2,2.0,20,25.7,1
鎌倉沖,2026-09-08,06,1.1,7.8,1.7,37,25.7,3
鎌倉沖,2026-09-08,09,1.1,7.7,0.6,185,25.9,2
鎌倉沖,2026-09-08,12,1.1,8.0,3.5,200,26.4,2
鎌倉沖,2026-09-08,15,1.1,8.2,3.8,194,26.8,3
鎌倉沖,2026-09-08,18,1.1,7.5,4.3,191,26.8,51
鎌倉沖,2026-09-08,21,1.3,6.6,7.0,204,26.6,51
葉山沖,2026-09-08,00,1.3,8.3,2.4,354,25.8,53
葉山沖,2026-09-08,03,1.2,8.2,2.8,360,25.7,2
葉山沖,2026-09-08,06,1.1,7.8,1.8,354,25.7,3
葉山沖,2026-09-08,09,1.1,7.7,0.5,84,25.9,2
葉山沖,2026-09-08,12,1.1,8.0,3.0,179,26.4,51
葉山沖,2026-09-08,15,1.1,8.2,3.7,190,26.8,51
葉山沖,2026-09-08,18,1.1,7.5,4.7,199,26.8,53
葉山沖,2026-09-08,21,1.3,6.6,7.2,202,26.6,51
大貫沖,2026-09-08,00,1.0,7.9,2.0,347,25.7,51
大貫沖,2026-09-08,03,0.9,7.8,2.6,13,25.6,3
大貫沖,2026-09-08,06,0.8,7.5,0.5,32,25.6,2
大貫沖,2026-09-08,09,0.8,7.5,0.7,231,25.9,2
大貫沖,2026-09-08,12,0.8,7.7,2.4,224,26.5,51
大貫沖,2026-09-08,15,0.8,7.8,4.7,212,27.0,3
大貫沖,2026-09-08,18,0.8,6.8,4.4,192,26.9,51
大貫沖,2026-09-08,21,1.0,5.8,8.1,191,26.5,55
大原沖,2026-09-08,00,2.0,8.2,1.1,223,27.1,51
大原沖,2026-09-08,03,1.9,8.1,1.4,296,27.1,1
大原沖,2026-09-08,06,1.8,8.0,1.2,298,27.2,2
大原沖,2026-09-08,09,1.7,7.8,2.6,193,27.4,2
大原沖,2026-09-08,12,1.6,7.9,4.8,199,27.7,51
大原沖,2026-09-08,15,1.6,8.0,4.9,195,27.9,53
大原沖,2026-09-08,18,1.5,7.3,5.4,194,27.8,51
大原沖,2026-09-08,21,1.6,7.0,7.2,196,27.6,61
江の島沖,2026-09-08,00,1.4,8.3,1.5,34,25.7,53
江の島沖,2026-09-08,03,1.3,8.2,2.0,20,25.7,1
江の島沖,2026-09-08,06,1.3,7.8,1.7,37,25.7,3
江の島沖,2026-09-08,09,1.2,7.7,0.6,185,25.9,2
江の島沖,2026-09-08,12,1.2,8.0,3.5,200,26.4,2
江の島沖,2026-09-08,15,1.2,8.1,3.8,194,26.8,3
江の島沖,2026-09-08,18,1.2,7.7,4.3,191,26.7,51
江の島沖,2026-09-08,21,1.3,6.9,7.0,204,26.5,51
小坪沖,2026-09-08,00,1.3,8.3,2.4,354,25.8,53
小坪沖,2026-09-08,03,1.2,8.2,2.8,360,25.7,2
小坪沖,2026-09-08,06,1.1,7.8,1.8,354,25.7,3
小坪沖,2026-09-08,09,1.1,7.7,0.5,84,25.9,2
小坪沖,2026-09-08,12,1.1,8.0,3.0,179,26.4,51
小坪沖,2026-09-08,15,1.1,8.2,3.7,190,26.8,51
小坪沖,2026-09-08,18,1.1,7.5,4.7,199,26.8,53
小坪沖,2026-09-08,21,1.3,6.6,7.2,202,26.6,51
横須賀沖,2026-09-08,00,1.0,8.0,2.7,356,25.5,51
横須賀沖,2026-09-08,03,0.9,7.8,3.1,8,25.4,1
横須賀沖,2026-09-08,06,0.8,7.5,1.4,360,25.4,3
横須賀沖,2026-09-08,09,0.8,7.5,0.5,139,25.6,2
横須賀沖,2026-09-08,12,0.8,7.7,3.2,189,26.2,51
横須賀沖,2026-09-08,15,0.9,7.8,3.9,193,26.7,3
横須賀沖,2026-09-08,18,0.9,6.8,5.4,199,26.5,51
横須賀沖,2026-09-08,21,1.0,5.8,8.9,199,26.1,53
観音崎沖～横須賀沖,2026-09-08,00,1.0,8.0,2.7,356,25.5,51
観音崎沖～横須賀沖,2026-09-08,03,0.9,7.8,3.1,8,25.4,1
観音崎沖～横須賀沖,2026-09-08,06,0.8,7.5,1.4,360,25.4,3
観音崎沖～横須賀沖,2026-09-08,09,0.8,7.5,0.5,139,25.6,2
観音崎沖～横須賀沖,2026-09-08,12,0.8,7.7,3.2,189,26.2,51
観音崎沖～横須賀沖,2026-09-08,15,0.9,7.8,3.9,193,26.7,3
観音崎沖～横須賀沖,2026-09-08,18,0.9,6.8,5.4,199,26.5,51
観音崎沖～横須賀沖,2026-09-08,21,1.0,5.8,8.9,199,26.1,53
観音崎沖,2026-09-08,00,1.0,8.0,2.7,356,25.5,51
観音崎沖,2026-09-08,03,0.9,7.8,3.1,8,25.4,1
観音崎沖,2026-09-08,06,0.8,7.5,1.4,360,25.4,3
観音崎沖,2026-09-08,09,0.8,7.5,0.5,139,25.6,2
観音崎沖,2026-09-08,12,0.8,7.7,3.2,189,26.2,51
観音崎沖,2026-09-08,15,0.9,7.8,3.9,193,26.7,3
観音崎沖,2026-09-08,18,0.9,6.8,5.4,199,26.5,51
観音崎沖,2026-09-08,21,1.0,5.8,8.9,199,26.1,53
富津南沖,2026-09-08,00,1.0,7.9,2.0,347,25.7,51
富津南沖,2026-09-08,03,0.9,7.8,2.6,13,25.6,3
富津南沖,2026-09-08,06,0.8,7.5,0.5,32,25.6,2
富津南沖,2026-09-08,09,0.8,7.5,0.7,231,25.9,2
富津南沖,2026-09-08,12,0.8,7.7,2.4,224,26.5,51
富津南沖,2026-09-08,15,0.8,7.8,4.7,212,27.0,3
富津南沖,2026-09-08,18,0.8,6.8,4.4,192,26.9,51
富津南沖,2026-09-08,21,1.0,5.8,8.1,191,26.5,55
大貫沖～猿島沖,2026-09-08,00,1.0,8.0,2.7,356,25.5,51
大貫沖～猿島沖,2026-09-08,03,0.9,7.8,3.1,8,25.4,1
大貫沖～猿島沖,2026-09-08,06,0.8,7.5,1.4,360,25.4,3
大貫沖～猿島沖,2026-09-08,09,0.8,7.5,0.5,139,25.6,2
大貫沖～猿島沖,2026-09-08,12,0.8,7.7,3.2,189,26.2,51
大貫沖～猿島沖,2026-09-08,15,0.9,7.8,3.9,193,26.7,3
大貫沖～猿島沖,2026-09-08,18,0.9,6.8,5.4,199,26.5,51
大貫沖～猿島沖,2026-09-08,21,1.0,5.8,8.9,199,26.1,53
二宮沖,2026-09-08,00,1.3,8.1,0.4,214,25.7,53
二宮沖,2026-09-08,03,1.2,8.0,1.4,360,25.7,3
二宮沖,2026-09-08,06,1.1,7.6,0.2,360,25.7,51
二宮沖,2026-09-08,09,1.0,7.5,0.7,132,25.8,2
二宮沖,2026-09-08,12,1.0,7.8,2.1,139,26.4,51
二宮沖,2026-09-08,15,1.1,7.8,2.9,167,26.8,51
二宮沖,2026-09-08,18,1.0,7.6,2.1,201,26.7,51
二宮沖,2026-09-08,21,1.0,7.0,2.5,208,26.5,53
小坪西沖,2026-09-08,00,1.3,8.3,1.5,34,25.8,53
小坪西沖,2026-09-08,03,1.2,8.2,2.0,20,25.7,1
小坪西沖,2026-09-08,06,1.1,7.8,1.7,37,25.7,3
小坪西沖,2026-09-08,09,1.1,7.7,0.6,185,25.9,2
小坪西沖,2026-09-08,12,1.1,8.0,3.5,200,26.4,2
小坪西沖,2026-09-08,15,1.1,8.2,3.8,194,26.8,3
小坪西沖,2026-09-08,18,1.1,7.5,4.3,191,26.8,51
小坪西沖,2026-09-08,21,1.3,6.6,7.0,204,26.6,51
大津沖,2026-09-08,00,1.1,8.1,2.7,356,25.5,51
大津沖,2026-09-08,03,1.0,8.0,3.1,8,25.4,1
大津沖,2026-09-08,06,0.9,7.7,1.4,360,25.4,3
大津沖,2026-09-08,09,0.9,7.5,0.5,139,25.6,2
大津沖,2026-09-08,12,0.9,7.8,3.2,189,26.2,51
大津沖,2026-09-08,15,0.9,8.0,3.9,193,26.7,3
大津沖,2026-09-08,18,1.0,7.1,5.4,199,26.5,51
大津沖,2026-09-08,21,1.1,6.1,8.9,199,26.1,53
木更津沖～竹岡沖,2026-09-08,00,1.0,7.9,2.0,347,25.8,51
木更津沖～竹岡沖,2026-09-08,03,0.9,7.8,2.6,13,25.7,3
木更津沖～竹岡沖,2026-09-08,06,0.8,7.5,0.5,32,25.8,2
木更津沖～竹岡沖,2026-09-08,09,0.8,7.5,0.7,231,26.0,2
木更津沖～竹岡沖,2026-09-08,12,0.8,7.7,2.4,224,26.4,51
木更津沖～竹岡沖,2026-09-08,15,0.8,7.8,4.7,212,26.8,3
木更津沖～竹岡沖,2026-09-08,18,0.8,6.8,4.4,192,26.8,51
木更津沖～竹岡沖,2026-09-08,21,1.0,5.8,8.1,191,26.6,55
平塚西沖,2026-09-08,00,1.3,8.1,0.4,214,25.7,53
平塚西沖,2026-09-08,03,1.2,8.0,1.4,360,25.7,3
平塚西沖,2026-09-08,06,1.1,7.6,0.2,360,25.7,51
平塚西沖,2026-09-08,09,1.0,7.5,0.7,132,25.8,2
平塚西沖,2026-09-08,12,1.0,7.8,2.1,139,26.4,51
平塚西沖,2026-09-08,15,1.1,7.8,2.9,167,26.8,51
平塚西沖,2026-09-08,18,1.0,7.6,2.1,201,26.7,51
平塚西沖,2026-09-08,21,1.0,7.0,2.5,208,26.5,53
大磯沖,2026-09-08,00,1.3,8.1,0.5,72,25.7,51
大磯沖,2026-09-08,03,1.2,8.0,1.6,20,25.7,2
大磯沖,2026-09-08,06,1.1,7.6,1.3,48,25.7,3
大磯沖,2026-09-08,09,1.0,7.5,0.7,180,25.8,2
大磯沖,2026-09-08,12,1.0,7.8,2.7,186,26.4,1
大磯沖,2026-09-08,15,1.1,7.8,3.9,189,26.8,51
大磯沖,2026-09-08,18,1.0,7.6,3.9,190,26.7,3
大磯沖,2026-09-08,21,1.0,7.0,5.9,203,26.5,53
平塚東沖,2026-09-08,00,1.4,8.2,0.5,72,25.7,51
平塚東沖,2026-09-08,03,1.3,8.2,1.6,20,25.7,2
平塚東沖,2026-09-08,06,1.2,7.8,1.3,48,25.7,3
平塚東沖,2026-09-08,09,1.1,7.7,0.7,180,25.8,2
平塚東沖,2026-09-08,12,1.2,7.9,2.7,186,26.3,1
平塚東沖,2026-09-08,15,1.2,8.0,3.9,189,26.7,51
平塚東沖,2026-09-08,18,1.2,7.7,3.9,190,26.7,3
平塚東沖,2026-09-08,21,1.2,7.0,5.9,203,26.5,53
茅ヶ崎西沖,2026-09-08,00,1.4,8.2,0.5,72,25.7,51
茅ヶ崎西沖,2026-09-08,03,1.3,8.2,1.6,20,25.7,2
茅ヶ崎西沖,2026-09-08,06,1.2,7.8,1.3,48,25.7,3
茅ヶ崎西沖,2026-09-08,09,1.1,7.7,0.7,180,25.8,2
茅ヶ崎西沖,2026-09-08,12,1.2,7.9,2.7,186,26.3,1
茅ヶ崎西沖,2026-09-08,15,1.2,8.0,3.9,189,26.7,51
茅ヶ崎西沖,2026-09-08,18,1.2,7.7,3.9,190,26.7,3
茅ヶ崎西沖,2026-09-08,21,1.2,7.0,5.9,203,26.5,53
大磯東沖,2026-09-08,00,1.4,8.2,0.5,72,25.7,51
大磯東沖,2026-09-08,03,1.3,8.2,1.6,20,25.7,2
大磯東沖,2026-09-08,06,1.2,7.8,1.3,48,25.7,3
大磯東沖,2026-09-08,09,1.1,7.7,0.7,180,25.8,2
大磯東沖,2026-09-08,12,1.2,7.9,2.7,186,26.3,1
大磯東沖,2026-09-08,15,1.2,8.0,3.9,189,26.7,51
大磯東沖,2026-09-08,18,1.2,7.7,3.9,190,26.7,3
大磯東沖,2026-09-08,21,1.2,7.0,5.9,203,26.5,53
茅ヶ崎沖,2026-09-08,00,1.4,8.2,0.5,72,25.7,51
茅ヶ崎沖,2026-09-08,03,1.3,8.2,1.6,20,25.7,2
茅ヶ崎沖,2026-09-08,06,1.2,7.8,1.3,48,25.7,3
茅ヶ崎沖,2026-09-08,09,1.1,7.7,0.7,180,25.8,2
茅ヶ崎沖,2026-09-08,12,1.2,7.9,2.7,186,26.3,1
茅ヶ崎沖,2026-09-08,15,1.2,8.0,3.9,189,26.7,51
茅ヶ崎沖,2026-09-08,18,1.2,7.7,3.9,190,26.7,3
茅ヶ崎沖,2026-09-08,21,1.2,7.0,5.9,203,26.5,53
茅ヶ崎東沖,2026-09-08,00,1.4,8.3,1.5,34,25.7,53
茅ヶ崎東沖,2026-09-08,03,1.3,8.2,2.0,20,25.7,1
茅ヶ崎東沖,2026-09-08,06,1.3,7.8,1.7,37,25.7,3
茅ヶ崎東沖,2026-09-08,09,1.2,7.7,0.6,185,25.9,2
茅ヶ崎東沖,2026-09-08,12,1.2,8.0,3.5,200,26.4,2
茅ヶ崎東沖,2026-09-08,15,1.2,8.1,3.8,194,26.8,3
茅ヶ崎東沖,2026-09-08,18,1.2,7.7,4.3,191,26.7,51
茅ヶ崎東沖,2026-09-08,21,1.3,6.9,7.0,204,26.5,51
猿島沖,2026-09-08,00,1.0,8.0,2.7,356,25.5,51
猿島沖,2026-09-08,03,0.9,7.8,3.1,8,25.4,1
猿島沖,2026-09-08,06,0.8,7.5,1.4,360,25.4,3
猿島沖,2026-09-08,09,0.8,7.5,0.5,139,25.6,2
猿島沖,2026-09-08,12,0.8,7.7,3.2,189,26.2,51
猿島沖,2026-09-08,15,0.9,7.8,3.9,193,26.7,3
猿島沖,2026-09-08,18,0.9,6.8,5.4,199,26.5,51
猿島沖,2026-09-08,21,1.0,5.8,8.9,199,26.1,53
走水沖,2026-09-08,00,1.0,7.9,2.0,347,25.7,51
走水沖,2026-09-08,03,0.9,7.8,2.6,13,25.6,3
走水沖,2026-09-08,06,0.8,7.5,0.5,32,25.6,2
走水沖,2026-09-08,09,0.8,7.5,0.7,231,25.9,2
走水沖,2026-09-08,12,0.8,7.7,2.4,224,26.5,51
走水沖,2026-09-08,15,0.8,7.8,4.7,212,27.0,3
走水沖,2026-09-08,18,0.8,6.8,4.4,192,26.9,51
走水沖,2026-09-08,21,1.0,5.8,8.1,191,26.5,55
海堡沖～竹岡沖,2026-09-08,00,1.0,7.9,2.0,347,25.7,51
海堡沖～竹岡沖,2026-09-08,03,0.9,7.8,2.6,13,25.6,3
海堡沖～竹岡沖,2026-09-08,06,0.8,7.5,0.5,32,25.6,2
海堡沖～竹岡沖,2026-09-08,09,0.8,7.5,0.7,231,25.9,2
海堡沖～竹岡沖,2026-09-08,12,0.8,7.7,2.4,224,26.5,51
海堡沖～竹岡沖,2026-09-08,15,0.8,7.8,4.7,212,27.0,3
海堡沖～竹岡沖,2026-09-08,18,0.8,6.8,4.4,192,26.9,51
海堡沖～竹岡沖,2026-09-08,21,1.0,5.8,8.1,191,26.5,55
太東沖,2026-09-08,00,2.0,8.2,0.1,315,26.4,61
太東沖,2026-09-08,03,1.9,8.1,1.8,355,26.4,2
太東沖,2026-09-08,06,1.8,8.0,1.2,265,26.4,2
太東沖,2026-09-08,09,1.7,7.8,1.0,189,26.5,3
太東沖,2026-09-08,12,1.6,7.9,3.2,191,26.7,53
太東沖,2026-09-08,15,1.6,8.0,3.9,189,26.8,51
太東沖,2026-09-08,18,1.5,7.3,4.8,191,26.6,51
太東沖,2026-09-08,21,1.6,7.0,5.2,196,26.4,53
海堡沖,2026-09-08,00,1.0,7.9,2.0,347,25.7,51
海堡沖,2026-09-08,03,0.9,7.8,2.6,13,25.6,3
海堡沖,2026-09-08,06,0.8,7.5,0.5,32,25.6,2
海堡沖,2026-09-08,09,0.8,7.5,0.7,231,25.9,2
海堡沖,2026-09-08,12,0.8,7.7,2.4,224,26.5,51
海堡沖,2026-09-08,15,0.8,7.8,4.7,212,27.0,3
海堡沖,2026-09-08,18,0.8,6.8,4.4,192,26.9,51
海堡沖,2026-09-08,21,1.0,5.8,8.1,191,26.5,55
富津沖,2026-09-08,00,1.0,7.9,2.0,347,25.7,51
富津沖,2026-09-08,03,0.9,7.8,2.6,13,25.6,3
富津沖,2026-09-08,06,0.8,7.5,0.5,32,25.6,2
富津沖,2026-09-08,09,0.8,7.5,0.7,231,25.9,2
富津沖,2026-09-08,12,0.8,7.7,2.4,224,26.5,51
富津沖,2026-09-08,15,0.8,7.8,4.7,212,27.0,3
富津沖,2026-09-08,18,0.8,6.8,4.4,192,26.9,51
富津沖,2026-09-08,21,1.0,5.8,8.1,191,26.5,55
港前,2026-09-08,00,1.1,8.1,2.4,354,25.8,53
港前,2026-09-08,03,1.0,8.0,2.8,360,25.7,2
港前,2026-09-08,06,0.9,7.7,1.8,354,25.7,3
港前,2026-09-08,09,0.9,7.5,0.5,84,25.9,2
港前,2026-09-08,12,0.9,7.8,3.0,179,26.4,51
港前,2026-09-08,15,0.9,8.0,3.7,190,26.8,51
港前,2026-09-08,18,1.0,7.1,4.7,199,26.8,53
港前,2026-09-08,21,1.1,6.1,7.2,202,26.6,51
鴨居沖,2026-09-08,00,1.1,8.1,2.4,354,25.4,53
鴨居沖,2026-09-08,03,1.0,8.0,2.8,360,25.3,2
鴨居沖,2026-09-08,06,0.9,7.7,1.8,354,25.3,3
鴨居沖,2026-09-08,09,0.9,7.5,0.5,84,25.5,2
鴨居沖,2026-09-08,12,0.9,7.8,3.0,179,26.2,51
鴨居沖,2026-09-08,15,0.9,8.0,3.7,190,26.7,51
鴨居沖,2026-09-08,18,1.0,7.1,4.7,199,26.5,53
鴨居沖,2026-09-08,21,1.1,6.1,7.2,202,26.1,51
木更津沖～富津沖,2026-09-08,00,0.7,7.8,2.0,347,25.5,51
木更津沖～富津沖,2026-09-08,03,0.7,7.7,2.6,13,25.4,3
木更津沖～富津沖,2026-09-08,06,0.6,7.5,0.5,32,25.5,2
木更津沖～富津沖,2026-09-08,09,0.6,7.3,0.7,231,25.6,2
木更津沖～富津沖,2026-09-08,12,0.6,7.5,2.4,224,26.1,51
木更津沖～富津沖,2026-09-08,15,0.6,7.7,4.7,212,26.5,3
木更津沖～富津沖,2026-09-08,18,0.7,6.5,4.4,192,26.4,51
木更津沖～富津沖,2026-09-08,21,0.8,5.2,8.1,191,26.2,55
横浜沖～観音崎沖,2026-09-08,00,1.0,8.0,2.7,356,25.4,51
横浜沖～観音崎沖,2026-09-08,03,0.9,7.8,3.1,8,25.3,1
横浜沖～観音崎沖,2026-09-08,06,0.8,7.5,1.4,360,25.3,3
横浜沖～観音崎沖,2026-09-08,09,0.8,7.5,0.5,139,25.5,2
横浜沖～観音崎沖,2026-09-08,12,0.8,7.7,3.2,189,26.2,51
横浜沖～観音崎沖,2026-09-08,15,0.9,7.8,3.9,193,26.7,3
横浜沖～観音崎沖,2026-09-08,18,0.9,6.8,5.4,199,26.5,51
横浜沖～観音崎沖,2026-09-08,21,1.0,5.8,8.9,199,26.1,53
中ノ瀬周り,2026-09-08,00,1.0,8.0,2.7,356,25.4,51
中ノ瀬周り,2026-09-08,03,0.9,7.8,3.1,8,25.3,1
中ノ瀬周り,2026-09-08,06,0.8,7.5,1.4,360,25.3,3
中ノ瀬周り,2026-09-08,09,0.8,7.5,0.5,139,25.5,2
中ノ瀬周り,2026-09-08,12,0.8,7.7,3.2,189,26.2,51
中ノ瀬周り,2026-09-08,15,0.9,7.8,3.9,193,26.7,3
中ノ瀬周り,2026-09-08,18,0.9,6.8,5.4,199,26.5,51
中ノ瀬周り,2026-09-08,21,1.0,5.8,8.9,199,26.1,53
鴨井沖,2026-09-08,00,2.1,8.3,3.1,218,26.1,51
鴨井沖,2026-09-08,03,2.0,8.2,2.5,277,26.1,2
鴨井沖,2026-09-08,06,1.9,8.2,2.1,313,26.1,2
鴨井沖,2026-09-08,09,1.8,8.1,1.5,114,26.1,2
鴨井沖,2026-09-08,12,1.7,8.1,5.1,191,26.3,3
鴨井沖,2026-09-08,15,1.7,8.2,5.5,186,26.5,3
鴨井沖,2026-09-08,18,1.5,7.5,8.4,189,26.3,3
鴨井沖,2026-09-08,21,1.7,7.0,10.3,190,26.1,51
富津沖～海堡,2026-09-08,00,0.7,7.8,2.0,347,25.4,51
富津沖～海堡,2026-09-08,03,0.7,7.7,2.6,13,25.3,3
富津沖～海堡,2026-09-08,06,0.6,7.5,0.5,32,25.3,2
富津沖～海堡,2026-09-08,09,0.6,7.3,0.7,231,25.6,2
富津沖～海堡,2026-09-08,12,0.6,7.5,2.4,224,26.1,51
富津沖～海堡,2026-09-08,15,0.6,7.7,4.7,212,26.6,3
富津沖～海堡,2026-09-08,18,0.7,6.5,4.4,192,26.5,51
富津沖～海堡,2026-09-08,21,0.8,5.2,8.1,191,26.3,55
富岡沖,2026-09-08,00,1.1,8.1,2.4,354,25.4,53
富岡沖,2026-09-08,03,1.0,8.0,2.8,360,25.3,2
富岡沖,2026-09-08,06,0.9,7.7,1.8,354,25.3,3
富岡沖,2026-09-08,09,0.9,7.5,0.5,84,25.5,2
富岡沖,2026-09-08,12,0.9,7.8,3.0,179,26.2,51
富岡沖,2026-09-08,15,0.9,8.0,3.7,190,26.7,51
富岡沖,2026-09-08,18,1.0,7.1,4.7,199,26.5,53
富岡沖,2026-09-08,21,1.1,6.1,7.2,202,26.1,51
小柴沖,2026-09-08,00,1.1,8.1,2.4,354,25.4,53
小柴沖,2026-09-08,03,1.0,8.0,2.8,360,25.3,2
小柴沖,2026-09-08,06,0.9,7.7,1.8,354,25.3,3
小柴沖,2026-09-08,09,0.9,7.5,0.5,84,25.5,2
小柴沖,2026-09-08,12,0.9,7.8,3.0,179,26.2,51
小柴沖,2026-09-08,15,0.9,8.0,3.7,190,26.7,51
小柴沖,2026-09-08,18,1.0,7.1,4.7,199,26.5,53
小柴沖,2026-09-08,21,1.1,6.1,7.2,202,26.1,51
木更津沖～富岡沖,2026-09-08,00,0.7,7.8,2.0,347,25.4,51
木更津沖～富岡沖,2026-09-08,03,0.7,7.7,2.6,13,25.3,3
木更津沖～富岡沖,2026-09-08,06,0.6,7.5,0.5,32,25.3,2
木更津沖～富岡沖,2026-09-08,09,0.6,7.3,0.7,231,25.5,2
木更津沖～富岡沖,2026-09-08,12,0.6,7.5,2.4,224,26.2,51
木更津沖～富岡沖,2026-09-08,15,0.6,7.7,4.7,212,26.7,3
木更津沖～富岡沖,2026-09-08,18,0.7,6.5,4.4,192,26.5,51
木更津沖～富岡沖,2026-09-08,21,0.8,5.2,8.1,191,26.1,55
八景沖,2026-09-08,00,1.1,8.1,2.4,354,25.4,53
八景沖,2026-09-08,03,1.0,8.0,2.8,360,25.3,2
八景沖,2026-09-08,06,0.9,7.7,1.8,354,25.3,3
八景沖,2026-09-08,09,0.9,7.5,0.5,84,25.5,2
八景沖,2026-09-08,12,0.9,7.8,3.0,179,26.2,51
八景沖,2026-09-08,15,0.9,8.0,3.7,190,26.7,51
八景沖,2026-09-08,18,1.0,7.1,4.7,199,26.5,53
八景沖,2026-09-08,21,1.1,6.1,7.2,202,26.1,51
長浦沖,2026-09-08,00,0.7,7.8,2.0,347,25.5,51
長浦沖,2026-09-08,03,0.7,7.7,2.6,13,25.4,3
長浦沖,2026-09-08,06,0.6,7.5,0.5,32,25.5,2
長浦沖,2026-09-08,09,0.6,7.3,0.7,231,25.6,2
長浦沖,2026-09-08,12,0.6,7.5,2.4,224,26.1,51
長浦沖,2026-09-08,15,0.6,7.7,4.7,212,26.5,3
長浦沖,2026-09-08,18,0.7,6.5,4.4,192,26.4,51
長浦沖,2026-09-08,21,0.8,5.2,8.1,191,26.2,55
木更津沖,2026-09-08,00,0.7,7.8,1.9,5,25.5,51
木更津沖,2026-09-08,03,0.7,7.7,2.7,23,25.4,3
木更津沖,2026-09-08,06,0.6,7.5,0.7,333,25.5,1
木更津沖,2026-09-08,09,0.6,7.3,1.0,3,25.6,2
木更津沖,2026-09-08,12,0.6,7.5,1.6,353,26.1,51
木更津沖,2026-09-08,15,0.6,7.7,4.9,214,26.5,3
木更津沖,2026-09-08,18,0.7,6.5,4.3,195,26.4,51
木更津沖,2026-09-08,21,0.8,5.2,7.3,190,26.2,55
一宮沖,2026-09-08,00,1.7,8.2,0.1,315,26.1,61
一宮沖,2026-09-08,03,1.6,8.1,1.8,355,26.1,2
一宮沖,2026-09-08,06,1.5,8.1,1.2,265,26.1,2
一宮沖,2026-09-08,09,1.5,7.8,1.0,189,26.1,3
一宮沖,2026-09-08,12,1.4,7.9,3.2,191,26.3,53
一宮沖,2026-09-08,15,1.4,8.0,3.9,189,26.5,51
一宮沖,2026-09-08,18,1.2,7.2,4.8,191,26.3,51
一宮沖,2026-09-08,21,1.3,6.7,5.2,196,26.1,53
横浜沖周り,2026-09-08,00,1.0,8.0,1.5,328,25.4,51
横浜沖周り,2026-09-08,03,0.9,7.8,2.1,349,25.3,3
横浜沖周り,2026-09-08,06,0.8,7.5,1.5,339,25.3,2
横浜沖周り,2026-09-08,09,0.8,7.5,0.2,108,25.5,2
横浜沖周り,2026-09-08,12,0.8,7.7,2.3,133,26.2,51
横浜沖周り,2026-09-08,15,0.9,7.8,3.4,194,26.7,53
横浜沖周り,2026-09-08,18,0.9,6.8,3.9,190,26.5,51
横浜沖周り,2026-09-08,21,1.0,5.8,5.8,199,26.1,53
本牧沖~富岡沖,2026-09-08,00,1.1,8.1,1.5,328,25.4,51
本牧沖~富岡沖,2026-09-08,03,1.0,8.0,2.1,349,25.3,3
本牧沖~富岡沖,2026-09-08,06,0.9,7.7,1.5,339,25.3,2
本牧沖~富岡沖,2026-09-08,09,0.9,7.5,0.2,108,25.5,2
本牧沖~富岡沖,2026-09-08,12,0.9,7.8,2.3,133,26.2,51
本牧沖~富岡沖,2026-09-08,15,0.9,8.0,3.4,194,26.7,53
本牧沖~富岡沖,2026-09-08,18,1.0,7.1,3.9,190,26.5,51
本牧沖~富岡沖,2026-09-08,21,1.1,6.1,5.8,199,26.1,53
木更津沖～本牧沖,2026-09-08,00,0.7,7.8,2.0,347,25.4,51
木更津沖～本牧沖,2026-09-08,03,0.7,7.7,2.6,13,25.3,3
木更津沖～本牧沖,2026-09-08,06,0.6,7.5,0.5,32,25.3,2
木更津沖～本牧沖,2026-09-08,09,0.6,7.3,0.7,231,25.6,2
木更津沖～本牧沖,2026-09-08,12,0.6,7.5,2.4,224,26.1,51
木更津沖～本牧沖,2026-09-08,15,0.6,7.7,4.7,212,26.6,3
木更津沖～本牧沖,2026-09-08,18,0.7,6.5,4.4,192,26.5,51
木更津沖～本牧沖,2026-09-08,21,0.8,5.2,8.1,191,26.3,55
海堡,2026-09-08,00,0.7,7.8,2.0,347,25.4,51
海堡,2026-09-08,03,0.7,7.7,2.6,13,25.3,3
海堡,2026-09-08,06,0.6,7.5,0.5,32,25.3,2
海堡,2026-09-08,09,0.6,7.3,0.7,231,25.6,2
海堡,2026-09-08,12,0.6,7.5,2.4,224,26.1,51
海堡,2026-09-08,15,0.6,7.7,4.7,212,26.6,3
海堡,2026-09-08,18,0.7,6.5,4.4,192,26.5,51
海堡,2026-09-08,21,0.8,5.2,8.1,191,26.3,55
木更津沖～横浜沖,2026-09-08,00,0.7,7.8,2.0,347,25.4,51
木更津沖～横浜沖,2026-09-08,03,0.7,7.7,2.6,13,25.3,3
木更津沖～横浜沖,2026-09-08,06,0.6,7.5,0.5,32,25.3,2
木更津沖～横浜沖,2026-09-08,09,0.6,7.3,0.7,231,25.6,2
木更津沖～横浜沖,2026-09-08,12,0.6,7.5,2.4,224,26.1,51
木更津沖～横浜沖,2026-09-08,15,0.6,7.7,4.7,212,26.6,3
木更津沖～横浜沖,2026-09-08,18,0.7,6.5,4.4,192,26.5,51
木更津沖～横浜沖,2026-09-08,21,0.8,5.2,8.1,191,26.3,55
中ノ瀬,2026-09-08,00,0.7,7.8,2.0,347,25.4,51
中ノ瀬,2026-09-08,03,0.7,7.7,2.6,13,25.3,3
中ノ瀬,2026-09-08,06,0.6,7.5,0.5,32,25.3,2
中ノ瀬,2026-09-08,09,0.6,7.3,0.7,231,25.6,2
中ノ瀬,2026-09-08,12,0.6,7.5,2.4,224,26.1,51
中ノ瀬,2026-09-08,15,0.6,7.7,4.7,212,26.6,3
中ノ瀬,2026-09-08,18,0.7,6.5,4.4,192,26.5,51
中ノ瀬,2026-09-08,21,0.8,5.2,8.1,191,26.3,55
本牧沖,2026-09-08,00,1.0,8.0,1.5,328,25.4,51
本牧沖,2026-09-08,03,0.9,7.8,2.1,349,25.3,3
本牧沖,2026-09-08,06,0.8,7.5,1.5,339,25.3,2
本牧沖,2026-09-08,09,0.8,7.5,0.2,108,25.5,2
本牧沖,2026-09-08,12,0.8,7.7,2.3,133,26.2,51
本牧沖,2026-09-08,15,0.9,7.8,3.4,194,26.7,53
本牧沖,2026-09-08,18,0.9,6.8,3.9,190,26.5,51
本牧沖,2026-09-08,21,1.0,5.8,5.8,199,26.1,53
横浜沖,2026-09-08,00,1.1,8.1,1.5,328,25.4,51
横浜沖,2026-09-08,03,1.0,8.0,2.1,349,25.4,3
横浜沖,2026-09-08,06,0.9,7.7,1.5,339,25.4,2
横浜沖,2026-09-08,09,0.9,7.5,0.2,108,25.6,2
横浜沖,2026-09-08,12,0.9,7.8,2.3,133,26.2,51
横浜沖,2026-09-08,15,0.9,8.0,3.4,194,26.7,53
横浜沖,2026-09-08,18,1.0,7.1,3.9,190,26.5,51
横浜沖,2026-09-08,21,1.1,6.1,5.8,199,26.2,53
根岸沖,2026-09-08,00,0.6,7.6,1.5,328,25.4,51
根岸沖,2026-09-08,03,0.6,7.5,2.1,349,25.4,3
根岸沖,2026-09-08,06,0.6,7.5,1.5,339,25.4,2
根岸沖,2026-09-08,09,0.5,7.2,0.2,108,25.6,2
根岸沖,2026-09-08,12,0.5,7.3,2.3,133,26.2,51
根岸沖,2026-09-08,15,0.5,7.5,3.4,194,26.7,53
根岸沖,2026-09-08,18,0.6,6.3,3.9,190,26.5,51
根岸沖,2026-09-08,21,0.8,5.2,5.8,199,26.2,53
片貝沖,2026-09-08,00,2.2,8.2,3.1,232,25.8,53
片貝沖,2026-09-08,03,2.1,8.1,2.6,290,25.8,3
片貝沖,2026-09-08,06,2.0,8.1,2.2,290,25.9,1
片貝沖,2026-09-08,09,1.8,8.1,0.7,56,26.1,2
片貝沖,2026-09-08,12,1.7,8.1,4.1,188,26.4,3
片貝沖,2026-09-08,15,1.7,8.2,5.5,189,26.7,3
片貝沖,2026-09-08,18,1.6,7.7,8.0,187,26.5,3
片貝沖,2026-09-08,21,1.7,7.0,9.3,191,26.2,51
木更津沖～川崎沖,2026-09-08,00,0.6,7.6,1.9,5,25.3,51
木更津沖～川崎沖,2026-09-08,03,0.6,7.5,2.7,23,25.3,3
木更津沖～川崎沖,2026-09-08,06,0.6,7.5,0.7,333,25.3,1
木更津沖～川崎沖,2026-09-08,09,0.5,7.2,1.0,3,25.5,2
木更津沖～川崎沖,2026-09-08,12,0.5,7.3,1.6,353,26.1,51
木更津沖～川崎沖,2026-09-08,15,0.5,7.5,4.9,214,26.6,3
木更津沖～川崎沖,2026-09-08,18,0.6,6.3,4.3,195,26.4,51
木更津沖～川崎沖,2026-09-08,21,0.8,5.2,7.3,190,26.1,55
盤洲沖,2026-09-08,00,0.6,7.8,1.9,5,25.4,51
盤洲沖,2026-09-08,03,0.6,7.7,2.7,23,25.4,3
盤洲沖,2026-09-08,06,0.6,7.5,0.7,333,25.4,1
盤洲沖,2026-09-08,09,0.5,7.3,1.0,3,25.6,2
盤洲沖,2026-09-08,12,0.5,7.5,1.6,353,26.1,51
盤洲沖,2026-09-08,15,0.5,7.7,4.9,214,26.6,3
盤洲沖,2026-09-08,18,0.6,6.5,4.3,195,26.4,51
盤洲沖,2026-09-08,21,0.8,5.3,7.3,190,26.1,55
大根,2026-09-08,00,2.2,8.2,1.5,237,25.8,53
大根,2026-09-08,03,2.1,8.1,2.3,286,25.8,2
大根,2026-09-08,06,2.0,8.1,2.7,262,25.9,1
大根,2026-09-08,09,1.8,8.1,0.7,321,26.1,2
大根,2026-09-08,12,1.7,8.1,2.5,180,26.4,2
大根,2026-09-08,15,1.7,8.2,5.2,194,26.7,3
大根,2026-09-08,18,1.6,7.7,7.4,187,26.5,3
大根,2026-09-08,21,1.7,7.0,8.6,192,26.2,53
川崎沖～横浜沖,2026-09-08,00,0.6,7.6,1.3,339,25.4,3
川崎沖～横浜沖,2026-09-08,03,0.6,7.5,1.8,347,25.4,3
川崎沖～横浜沖,2026-09-08,06,0.6,7.5,1.5,336,25.4,3
川崎沖～横浜沖,2026-09-08,09,0.5,7.2,0.2,53,25.6,3
川崎沖～横浜沖,2026-09-08,12,0.5,7.3,1.9,112,26.2,1
川崎沖～横浜沖,2026-09-08,15,0.5,7.5,2.9,175,26.7,51
川崎沖～横浜沖,2026-09-08,18,0.6,6.3,4.3,190,26.5,51
川崎沖～横浜沖,2026-09-08,21,0.8,5.2,6.3,197,26.2,53
川崎沖~本牧沖,2026-09-08,00,0.6,7.6,1.3,339,25.4,3
川崎沖~本牧沖,2026-09-08,03,0.6,7.5,1.8,347,25.4,3
川崎沖~本牧沖,2026-09-08,06,0.6,7.5,1.5,336,25.4,3
川崎沖~本牧沖,2026-09-08,09,0.5,7.2,0.2,53,25.6,3
川崎沖~本牧沖,2026-09-08,12,0.5,7.3,1.9,112,26.2,1
川崎沖~本牧沖,2026-09-08,15,0.5,7.5,2.9,175,26.7,51
川崎沖~本牧沖,2026-09-08,18,0.6,6.3,4.3,190,26.5,51
川崎沖~本牧沖,2026-09-08,21,0.8,5.2,6.3,197,26.2,53
川崎沖,2026-09-08,00,0.6,7.6,1.3,339,25.7,3
川崎沖,2026-09-08,03,0.6,7.5,1.8,347,25.7,3
川崎沖,2026-09-08,06,0.6,7.5,1.5,336,25.7,3
川崎沖,2026-09-08,09,0.5,7.2,0.2,53,25.9,3
川崎沖,2026-09-08,12,0.5,7.3,1.9,112,26.3,1
川崎沖,2026-09-08,15,0.5,7.5,2.9,175,26.7,51
川崎沖,2026-09-08,18,0.6,6.3,4.3,190,26.6,51
川崎沖,2026-09-08,21,0.8,5.2,6.3,197,26.3,53
五井沖,2026-09-08,00,0.3,7.3,0.5,77,25.6,51
五井沖,2026-09-08,03,0.3,7.3,1.5,48,25.6,51
五井沖,2026-09-08,06,0.2,7.3,0.5,297,25.6,1
五井沖,2026-09-08,09,0.2,7.2,1.0,276,25.8,2
五井沖,2026-09-08,12,0.2,7.3,2.1,282,26.3,51
五井沖,2026-09-08,15,0.2,7.6,2.5,242,26.7,3
五井沖,2026-09-08,18,0.3,5.8,3.5,182,26.6,3
五井沖,2026-09-08,21,0.5,4.1,4.9,178,26.4,53
鶴見沖,2026-09-08,00,0.6,7.6,1.3,339,25.7,3
鶴見沖,2026-09-08,03,0.6,7.5,1.8,347,25.7,3
鶴見沖,2026-09-08,06,0.6,7.5,1.5,336,25.7,3
鶴見沖,2026-09-08,09,0.5,7.2,0.2,53,25.9,3
鶴見沖,2026-09-08,12,0.5,7.3,1.9,112,26.3,1
鶴見沖,2026-09-08,15,0.5,7.5,2.9,175,26.7,51
鶴見沖,2026-09-08,18,0.6,6.3,4.3,190,26.6,51
鶴見沖,2026-09-08,21,0.8,5.2,6.3,197,26.3,53
木更津沖～浦安沖,2026-09-08,00,0.5,7.5,1.3,360,25.5,3
木更津沖～浦安沖,2026-09-08,03,0.5,7.5,1.6,355,25.5,3
木更津沖～浦安沖,2026-09-08,06,0.5,7.5,1.4,343,25.5,3
木更津沖～浦安沖,2026-09-08,09,0.4,7.2,0.5,18,25.7,3
木更津沖～浦安沖,2026-09-08,12,0.4,7.3,1.2,152,26.3,2
木更津沖～浦安沖,2026-09-08,15,0.4,7.5,2.6,150,26.7,51
木更津沖～浦安沖,2026-09-08,18,0.5,6.0,4.1,186,26.5,51
木更津沖～浦安沖,2026-09-08,21,0.7,4.7,6.0,190,26.2,53
羽田沖,2026-09-08,00,0.6,7.6,1.3,360,25.4,3
羽田沖,2026-09-08,03,0.6,7.5,1.6,355,25.4,3
羽田沖,2026-09-08,06,0.6,7.5,1.4,343,25.4,3
羽田沖,2026-09-08,09,0.5,7.2,0.5,18,25.6,3
羽田沖,2026-09-08,12,0.5,7.3,1.2,152,26.2,2
羽田沖,2026-09-08,15,0.5,7.5,2.6,150,26.7,51
羽田沖,2026-09-08,18,0.6,6.3,4.1,186,26.6,51
羽田沖,2026-09-08,21,0.8,5.2,6.0,190,26.3,53
千葉沖,2026-09-08,00,0.3,7.3,1.1,18,26.3,51
千葉沖,2026-09-08,03,0.3,7.3,1.2,27,26.2,51
千葉沖,2026-09-08,06,0.3,7.3,0.8,356,26.3,2
千葉沖,2026-09-08,09,0.2,7.1,0.3,279,26.5,3
千葉沖,2026-09-08,12,0.2,7.2,1.7,254,26.9,2
千葉沖,2026-09-08,15,0.2,7.5,1.6,226,27.3,3
千葉沖,2026-09-08,18,0.3,6.8,2.6,184,27.2,51
千葉沖,2026-09-08,21,0.4,4.4,4.2,180,27.0,53
浦安沖,2026-09-08,00,0.4,7.2,1.4,4,26.0,51
浦安沖,2026-09-08,03,0.4,7.2,1.6,32,26.0,3
浦安沖,2026-09-08,06,0.3,7.1,1.4,335,26.0,2
浦安沖,2026-09-08,09,0.3,6.8,0.5,333,26.2,3
浦安沖,2026-09-08,12,0.3,7.0,2.1,203,26.6,2
浦安沖,2026-09-08,15,0.3,7.2,2.1,174,27.0,3
浦安沖,2026-09-08,18,0.4,5.9,4.0,196,26.8,51
浦安沖,2026-09-08,21,0.6,4.2,5.6,184,26.6,53
屏風ヶ浦の陰,2026-09-08,00,0.3,7.3,1.3,7,26.5,51
屏風ヶ浦の陰,2026-09-08,03,0.3,7.3,1.1,13,26.5,51
屏風ヶ浦の陰,2026-09-08,06,0.3,7.3,0.5,331,26.6,3
屏風ヶ浦の陰,2026-09-08,09,0.2,7.1,0.6,225,26.8,3
屏風ヶ浦の陰,2026-09-08,12,0.2,7.2,3.1,233,27.1,2
屏風ヶ浦の陰,2026-09-08,15,0.2,7.5,2.5,209,27.4,3
屏風ヶ浦の陰,2026-09-08,18,0.3,6.8,2.0,167,27.4,3
屏風ヶ浦の陰,2026-09-08,21,0.4,4.4,3.5,189,27.2,53
犬吠南沖,2026-09-08,00,2.4,8.3,1.6,76,25.5,51
犬吠南沖,2026-09-08,03,2.3,8.2,1.1,267,25.5,61
犬吠南沖,2026-09-08,06,2.2,8.2,1.8,267,25.6,1
犬吠南沖,2026-09-08,09,2.0,8.1,2.1,219,25.9,3
犬吠南沖,2026-09-08,12,1.9,8.1,2.4,168,26.4,51
犬吠南沖,2026-09-08,15,1.9,8.2,1.7,128,26.9,51
犬吠南沖,2026-09-08,18,1.9,8.1,5.0,192,26.7,51
犬吠南沖,2026-09-08,21,1.9,7.4,6.2,182,26.3,51
亀城根,2026-09-08,00,2.4,8.3,1.6,76,25.5,51
亀城根,2026-09-08,03,2.3,8.2,1.1,267,25.5,61
亀城根,2026-09-08,06,2.2,8.2,1.8,267,25.6,1
亀城根,2026-09-08,09,2.0,8.1,2.1,219,25.9,3
亀城根,2026-09-08,12,1.9,8.1,2.4,168,26.4,51
亀城根,2026-09-08,15,1.9,8.2,1.7,128,26.9,51
亀城根,2026-09-08,18,1.9,8.1,5.0,192,26.7,51
亀城根,2026-09-08,21,1.9,7.4,6.2,182,26.3,51
外川沖,2026-09-08,00,2.1,8.2,1.6,76,25.5,51
外川沖,2026-09-08,03,2.0,8.1,1.1,267,25.5,61
外川沖,2026-09-08,06,2.0,8.2,1.8,267,25.5,1
外川沖,2026-09-08,09,1.8,8.0,2.1,219,25.6,3
外川沖,2026-09-08,12,1.7,7.9,2.4,168,26.0,51
外川沖,2026-09-08,15,1.7,8.0,1.7,128,26.3,51
外川沖,2026-09-08,18,1.7,8.0,5.0,192,26.1,51
外川沖,2026-09-08,21,1.7,7.3,6.2,182,25.8,51
犬吠沖,2026-09-08,00,2.1,8.2,1.6,76,25.5,51
犬吠沖,2026-09-08,03,2.0,8.1,1.1,267,25.5,61
犬吠沖,2026-09-08,06,2.0,8.2,1.8,267,25.5,1
犬吠沖,2026-09-08,09,1.8,8.0,2.1,219,25.6,3
犬吠沖,2026-09-08,12,1.7,7.9,2.4,168,26.0,51
犬吠沖,2026-09-08,15,1.7,8.0,1.7,128,26.3,51
犬吠沖,2026-09-08,18,1.7,8.0,5.0,192,26.1,51
犬吠沖,2026-09-08,21,1.7,7.3,6.2,182,25.8,51
飯岡沖,2026-09-08,00,1.7,8.2,1.6,76,25.3,51
飯岡沖,2026-09-08,03,1.7,8.1,1.1,267,25.3,61
飯岡沖,2026-09-08,06,1.6,8.2,1.8,267,25.4,1
飯岡沖,2026-09-08,09,1.5,7.9,2.1,219,25.5,3
飯岡沖,2026-09-08,12,1.4,7.8,2.4,168,25.8,51
飯岡沖,2026-09-08,15,1.3,7.9,1.7,128,26.1,51
飯岡沖,2026-09-08,18,1.4,7.8,5.0,192,25.9,51
飯岡沖,2026-09-08,21,1.3,6.9,6.2,182,25.7,51
真沖,2026-09-08,00,1.7,8.2,1.6,76,25.3,51
真沖,2026-09-08,03,1.7,8.1,1.1,267,25.3,61
真沖,2026-09-08,06,1.6,8.2,1.8,267,25.4,1
真沖,2026-09-08,09,1.5,7.9,2.1,219,25.5,3
真沖,2026-09-08,12,1.4,7.8,2.4,168,25.8,51
真沖,2026-09-08,15,1.3,7.9,1.7,128,26.1,51
真沖,2026-09-08,18,1.4,7.8,5.0,192,25.9,51
真沖,2026-09-08,21,1.3,6.9,6.2,182,25.7,51
波崎沖,2026-09-08,00,2.1,8.2,1.6,76,25.5,51
波崎沖,2026-09-08,03,2.0,8.1,1.1,267,25.5,61
波崎沖,2026-09-08,06,2.0,8.2,1.8,267,25.5,1
波崎沖,2026-09-08,09,1.8,8.0,2.1,219,25.6,3
波崎沖,2026-09-08,12,1.7,7.9,2.4,168,26.0,51
波崎沖,2026-09-08,15,1.7,8.0,1.7,128,26.3,51
波崎沖,2026-09-08,18,1.7,8.0,5.0,192,26.1,51
波崎沖,2026-09-08,21,1.7,7.3,6.2,182,25.8,51
川前大根,2026-09-08,00,1.7,8.2,1.6,76,25.3,51
川前大根,2026-09-08,03,1.7,8.1,1.1,267,25.3,61
川前大根,2026-09-08,06,1.6,8.2,1.8,267,25.4,1
川前大根,2026-09-08,09,1.5,7.9,2.1,219,25.5,3
川前大根,2026-09-08,12,1.4,7.8,2.4,168,25.8,51
川前大根,2026-09-08,15,1.3,7.9,1.7,128,26.1,51
川前大根,2026-09-08,18,1.4,7.8,5.0,192,25.9,51
川前大根,2026-09-08,21,1.3,6.9,6.2,182,25.7,51
鹿島南沖,2026-09-08,00,1.4,8.2,0.9,90,24.5,51
鹿島南沖,2026-09-08,03,1.4,8.2,0.7,340,24.4,63
鹿島南沖,2026-09-08,06,1.4,8.4,1.2,270,24.5,1
鹿島南沖,2026-09-08,09,1.3,8.3,1.5,244,24.6,3
鹿島南沖,2026-09-08,12,1.3,8.2,1.4,120,24.9,51
鹿島南沖,2026-09-08,15,1.2,8.0,1.8,93,25.2,51
鹿島南沖,2026-09-08,18,1.4,8.3,3.8,189,25.2,51
鹿島南沖,2026-09-08,21,1.3,8.3,5.2,185,25.0,3
神栖沖,2026-09-08,00,1.4,8.2,0.9,90,24.7,51
神栖沖,2026-09-08,03,1.4,8.2,0.7,340,24.5,63
神栖沖,2026-09-08,06,1.4,8.4,1.2,270,24.6,1
神栖沖,2026-09-08,09,1.3,8.3,1.5,244,24.8,3
神栖沖,2026-09-08,12,1.3,8.2,1.4,120,25.2,51
神栖沖,2026-09-08,15,1.2,8.0,1.8,93,25.6,51
神栖沖,2026-09-08,18,1.4,8.3,3.8,189,25.3,51
神栖沖,2026-09-08,21,1.3,8.3,5.2,185,25.0,3
鹿島沖,2026-09-08,00,1.4,8.2,1.5,64,24.8,51
鹿島沖,2026-09-08,03,1.4,8.2,0.7,34,24.7,51
鹿島沖,2026-09-08,06,1.4,8.4,0.9,273,24.7,51
鹿島沖,2026-09-08,09,1.3,8.3,0.7,262,24.8,3
鹿島沖,2026-09-08,12,1.3,8.2,1.8,55,25.1,51
鹿島沖,2026-09-08,15,1.2,8.0,2.6,88,25.5,53
鹿島沖,2026-09-08,18,1.4,8.3,2.1,126,25.4,51
鹿島沖,2026-09-08,21,1.3,8.3,2.8,204,25.3,3
鹿島真沖,2026-09-08,00,1.4,8.2,0.7,78,24.5,51
鹿島真沖,2026-09-08,03,1.4,8.2,0.8,356,24.4,61
鹿島真沖,2026-09-08,06,1.4,8.4,1.0,264,24.5,1
鹿島真沖,2026-09-08,09,1.3,8.3,1.0,264,24.6,3
鹿島真沖,2026-09-08,12,1.3,8.2,1.7,63,24.9,51
鹿島真沖,2026-09-08,15,1.2,8.0,2.3,85,25.2,53
鹿島真沖,2026-09-08,18,1.4,8.3,2.6,169,25.2,3
鹿島真沖,2026-09-08,21,1.3,8.3,4.9,191,25.0,3
鹿島魚礁,2026-09-08,00,1.7,8.1,3.2,97,24.3,51
鹿島魚礁,2026-09-08,03,1.7,8.1,0.5,58,24.1,55
鹿島魚礁,2026-09-08,06,1.7,8.4,1.4,253,24.2,1
鹿島魚礁,2026-09-08,09,1.6,8.2,0.4,330,24.4,3
鹿島魚礁,2026-09-08,12,1.5,8.0,3.8,50,24.8,51
鹿島魚礁,2026-09-08,15,1.5,7.9,3.8,80,25.2,51
鹿島魚礁,2026-09-08,18,1.6,8.2,3.4,150,25.1,3
鹿島魚礁,2026-09-08,21,1.6,8.2,6.8,169,24.8,3
鹿島北沖,2026-09-08,00,1.5,8.1,1.5,64,24.8,51
鹿島北沖,2026-09-08,03,1.5,8.1,0.7,34,24.7,51
鹿島北沖,2026-09-08,06,1.5,8.3,0.9,273,24.7,51
鹿島北沖,2026-09-08,09,1.4,8.2,0.7,262,24.8,3
鹿島北沖,2026-09-08,12,1.4,8.1,1.8,55,25.1,51
鹿島北沖,2026-09-08,15,1.3,7.9,2.6,88,25.5,53
鹿島北沖,2026-09-08,18,1.4,8.2,2.1,126,25.4,51
鹿島北沖,2026-09-08,21,1.4,8.3,2.8,204,25.3,3
北沖30,2026-09-08,00,1.7,8.3,1.0,81,24.4,61
北沖30,2026-09-08,03,1.7,8.3,1.9,88,24.3,1
北沖30,2026-09-08,06,1.7,8.6,1.2,310,24.3,53
北沖30,2026-09-08,09,1.5,8.6,1.0,336,24.3,53
北沖30,2026-09-08,12,1.5,8.4,3.2,95,24.7,3
北沖30,2026-09-08,15,1.5,8.2,3.0,83,25.1,3
北沖30,2026-09-08,18,1.5,8.4,2.5,87,25.0,51
北沖30,2026-09-08,21,1.6,8.7,3.6,70,24.8,51
大洗沖,2026-09-08,00,1.7,8.3,1.1,65,25.0,61
大洗沖,2026-09-08,03,1.7,8.3,1.9,85,24.9,51
大洗沖,2026-09-08,06,1.7,8.6,1.3,328,24.9,61
大洗沖,2026-09-08,09,1.5,8.6,0.9,354,24.9,61
大洗沖,2026-09-08,12,1.5,8.4,2.6,103,25.3,51
大洗沖,2026-09-08,15,1.5,8.2,3.0,89,25.6,51
大洗沖,2026-09-08,18,1.5,8.4,2.1,95,25.5,51
大洗沖,2026-09-08,21,1.6,8.7,3.3,72,25.3,53
青山沖,2026-09-08,00,1.8,8.3,1.0,81,24.1,61
青山沖,2026-09-08,03,1.7,8.3,1.9,88,24.1,1
青山沖,2026-09-08,06,1.7,8.5,1.2,310,24.1,53
青山沖,2026-09-08,09,1.6,8.6,1.0,336,24.1,53
青山沖,2026-09-08,12,1.5,8.4,3.2,95,24.5,3
青山沖,2026-09-08,15,1.5,8.2,3.0,83,24.8,3
青山沖,2026-09-08,18,1.6,8.4,2.5,87,24.7,51
青山沖,2026-09-08,21,1.6,8.6,3.6,70,24.6,51
日立沖,2026-09-08,00,2.0,8.3,0.7,270,24.1,61
日立沖,2026-09-08,03,1.9,8.3,0.2,360,24.1,3
日立沖,2026-09-08,06,1.9,8.4,0.9,299,24.1,3
日立沖,2026-09-08,09,1.7,8.4,0.9,65,24.2,63
日立沖,2026-09-08,12,1.7,8.4,2.4,97,24.5,3
日立沖,2026-09-08,15,1.6,8.2,1.9,115,24.8,3
日立沖,2026-09-08,18,1.7,8.3,1.5,33,24.7,3
日立沖,2026-09-08,21,1.9,8.7,1.7,63,24.5,63
