point,date,hour,wave_height,wave_period,wind_speed,wind_dir,sst,weather_code
銭洲沖,2026-08-01,00,1.1,5.9,8.1,234,29.5,1
銭洲沖,2026-08-01,03,1.2,5.9,7.4,244,29.5,1
銭洲沖,2026-08-01,06,1.2,5.9,8.4,254,29.5,3
銭洲沖,2026-08-01,09,1.2,5.9,7.9,255,29.6,3
銭洲沖,2026-08-01,12,1.3,6.0,8.7,251,29.7,3
銭洲沖,2026-08-01,15,1.3,6.2,8.1,250,29.8,3
銭洲沖,2026-08-01,18,1.2,6.5,8.2,247,29.8,3
銭洲沖,2026-08-01,21,1.2,7.0,6.2,240,29.7,2
イナンバ,2026-08-01,00,0.9,6.3,6.3,222,28.5,2
イナンバ,2026-08-01,03,0.9,6.2,7.5,228,28.7,3
イナンバ,2026-08-01,06,0.9,6.4,6.3,239,28.8,3
イナンバ,2026-08-01,09,0.9,6.7,6.4,250,28.9,1
イナンバ,2026-08-01,12,1.0,6.8,8.1,250,29.1,3
イナンバ,2026-08-01,15,1.0,6.6,8.4,244,29.2,2
イナンバ,2026-08-01,18,1.0,7.0,7.8,245,29.2,3
イナンバ,2026-08-01,21,1.0,7.8,5.6,231,29.1,3
石花海,2026-08-01,00,0.9,5.7,5.0,265,27.8,3
石花海,2026-08-01,03,0.8,5.8,5.1,266,27.7,3
石花海,2026-08-01,06,0.8,5.9,6.3,270,27.7,3
石花海,2026-08-01,09,0.8,6.0,5.1,278,27.7,1
石花海,2026-08-01,12,0.9,5.8,6.6,250,27.9,1
石花海,2026-08-01,15,1.0,5.8,6.9,241,28.1,3
石花海,2026-08-01,18,0.9,5.7,5.3,224,28.1,2
石花海,2026-08-01,21,0.9,6.8,4.1,256,28.0,3
神津島,2026-08-01,00,0.8,5.8,5.3,233,27.7,2
神津島,2026-08-01,03,0.8,5.7,5.4,234,27.7,3
神津島,2026-08-01,06,0.8,5.7,5.2,248,27.6,3
神津島,2026-08-01,09,0.8,5.8,5.1,264,27.6,0
神津島,2026-08-01,12,0.8,5.9,6.6,248,27.8,1
神津島,2026-08-01,15,0.9,5.8,7.1,243,27.9,2
神津島,2026-08-01,18,0.9,5.8,6.6,243,27.9,2
神津島,2026-08-01,21,0.9,6.5,4.2,235,27.9,3
金洲沖,2026-08-01,00,0.8,5.7,4.2,240,27.2,3
金洲沖,2026-08-01,03,0.7,5.8,3.9,243,27.1,3
金洲沖,2026-08-01,06,0.7,6.0,4.8,258,27.1,3
金洲沖,2026-08-01,09,0.7,6.1,2.9,261,27.2,1
金洲沖,2026-08-01,12,0.7,6.1,4.2,261,27.5,1
金洲沖,2026-08-01,15,0.8,5.9,4.4,243,27.7,3
金洲沖,2026-08-01,18,0.8,5.5,4.6,233,27.7,1
金洲沖,2026-08-01,21,0.8,6.2,2.4,227,27.6,3
新島沖,2026-08-01,00,0.8,6.2,4.6,226,27.4,2
新島沖,2026-08-01,03,0.8,6.2,5.1,228,27.4,3
新島沖,2026-08-01,06,0.8,6.2,4.4,240,27.4,3
新島沖,2026-08-01,09,0.7,6.5,3.5,268,27.5,1
新島沖,2026-08-01,12,0.7,6.7,3.9,253,27.7,2
新島沖,2026-08-01,15,0.8,6.5,6.3,244,27.9,2
新島沖,2026-08-01,18,0.8,6.4,7.0,249,27.9,1
新島沖,2026-08-01,21,0.8,7.0,4.4,236,27.8,3
金州,2026-08-01,00,0.8,6.3,3.5,223,27.4,3
金州,2026-08-01,03,0.7,6.5,4.1,238,27.4,3
金州,2026-08-01,06,0.7,6.5,3.5,251,27.5,3
金州,2026-08-01,09,0.7,6.8,1.4,306,27.7,1
金州,2026-08-01,12,0.7,7.0,2.9,226,27.9,3
金州,2026-08-01,15,0.7,7.0,4.5,247,28.1,3
金州,2026-08-01,18,0.7,6.5,7.1,247,28.0,1
金州,2026-08-01,21,0.8,7.0,4.4,248,27.7,3
白河沖,2026-08-01,00,0.8,5.8,1.6,32,26.3,2
白河沖,2026-08-01,03,0.7,6.0,1.7,7,26.4,3
白河沖,2026-08-01,06,0.7,6.2,1.8,254,26.5,2
白河沖,2026-08-01,09,0.7,6.0,2.2,278,26.6,3
白河沖,2026-08-01,12,0.8,5.4,5.7,251,26.6,2
白河沖,2026-08-01,15,1.1,5.0,7.1,243,26.7,3
白河沖,2026-08-01,18,0.9,5.1,6.2,252,26.6,1
白河沖,2026-08-01,21,0.8,6.0,2.9,23,26.6,3
御前崎沖,2026-08-01,00,0.8,5.8,1.6,32,26.2,2
御前崎沖,2026-08-01,03,0.7,6.0,1.7,7,26.1,3
御前崎沖,2026-08-01,06,0.7,6.2,1.8,254,26.2,2
御前崎沖,2026-08-01,09,0.7,5.8,2.2,278,26.3,3
御前崎沖,2026-08-01,12,0.9,5.2,5.7,251,26.3,2
御前崎沖,2026-08-01,15,1.1,5.0,7.1,243,26.4,3
御前崎沖,2026-08-01,18,0.9,5.0,6.2,252,26.3,1
御前崎沖,2026-08-01,21,0.8,6.0,2.9,23,26.2,3
八方便,2026-08-01,00,0.8,5.8,1.6,32,26.3,2
八方便,2026-08-01,03,0.7,6.0,1.7,7,26.4,3
八方便,2026-08-01,06,0.7,6.2,1.8,254,26.5,2
八方便,2026-08-01,09,0.7,6.0,2.2,278,26.6,3
八方便,2026-08-01,12,0.8,5.4,5.7,251,26.6,2
八方便,2026-08-01,15,1.1,5.0,7.1,243,26.7,3
八方便,2026-08-01,18,0.9,5.1,6.2,252,26.6,1
八方便,2026-08-01,21,0.8,6.0,2.9,23,26.6,3
神子元沖,2026-08-01,00,0.8,6.1,0.3,352,27.6,3
神子元沖,2026-08-01,03,0.7,6.2,0.7,356,27.4,3
神子元沖,2026-08-01,06,0.7,6.3,1.0,29,27.4,2
神子元沖,2026-08-01,09,0.7,6.5,1.5,157,27.5,3
神子元沖,2026-08-01,12,0.7,6.8,2.2,166,28.1,2
神子元沖,2026-08-01,15,0.7,6.8,1.4,184,28.5,2
神子元沖,2026-08-01,18,0.7,6.2,2.8,271,28.4,3
神子元沖,2026-08-01,21,0.8,6.7,1.7,331,28.1,3
大東沖,2026-08-01,00,0.7,5.8,0.9,100,25.7,2
大東沖,2026-08-01,03,0.6,6.0,1.1,300,25.6,3
大東沖,2026-08-01,06,0.6,6.1,1.9,258,25.7,3
大東沖,2026-08-01,09,0.7,5.5,3.9,275,25.8,3
大東沖,2026-08-01,12,0.8,5.0,6.0,258,25.9,1
大東沖,2026-08-01,15,1.0,4.8,3.3,238,26.0,3
大東沖,2026-08-01,18,0.8,5.0,3.1,239,25.9,2
大東沖,2026-08-01,21,0.7,6.0,1.7,47,25.8,2
石廊崎沖,2026-08-01,00,0.8,5.8,0.7,77,27.5,3
石廊崎沖,2026-08-01,03,0.7,5.9,0.4,56,27.4,3
石廊崎沖,2026-08-01,06,0.6,6.0,0.9,61,27.4,2
石廊崎沖,2026-08-01,09,0.6,6.2,1.8,250,27.6,3
石廊崎沖,2026-08-01,12,0.6,6.3,2.8,238,28.1,2
石廊崎沖,2026-08-01,15,0.7,6.2,2.5,195,28.6,2
石廊崎沖,2026-08-01,18,0.7,5.7,2.1,217,28.5,3
石廊崎沖,2026-08-01,21,0.7,6.1,0.6,63,28.2,3
福田沖,2026-08-01,00,0.7,5.8,1.6,107,25.6,2
福田沖,2026-08-01,03,0.6,6.0,0.3,239,25.6,3
福田沖,2026-08-01,06,0.6,6.0,2.5,265,25.7,3
福田沖,2026-08-01,09,0.7,5.5,4.2,271,25.8,3
福田沖,2026-08-01,12,0.8,5.1,5.8,259,25.9,1
福田沖,2026-08-01,15,1.0,4.9,4.6,256,25.9,3
福田沖,2026-08-01,18,0.8,5.1,2.9,240,25.8,1
福田沖,2026-08-01,21,0.7,6.1,2.2,60,25.7,2
浜岡沖,2026-08-01,00,0.7,5.7,1.6,32,26.0,2
浜岡沖,2026-08-01,03,0.7,5.9,1.7,7,26.0,3
浜岡沖,2026-08-01,06,0.6,6.0,1.8,254,26.1,2
浜岡沖,2026-08-01,09,0.7,5.8,2.2,278,26.2,3
浜岡沖,2026-08-01,12,0.8,5.2,5.7,251,26.4,2
浜岡沖,2026-08-01,15,1.0,4.8,7.1,243,26.5,3
浜岡沖,2026-08-01,18,0.8,5.0,6.2,252,26.4,1
浜岡沖,2026-08-01,21,0.7,5.9,2.9,23,26.3,3
下田南沖,2026-08-01,00,0.8,6.1,0.3,352,27.6,3
下田南沖,2026-08-01,03,0.7,6.2,0.7,356,27.4,3
下田南沖,2026-08-01,06,0.7,6.3,1.0,29,27.4,2
下田南沖,2026-08-01,09,0.7,6.5,1.5,157,27.5,3
下田南沖,2026-08-01,12,0.7,6.8,2.2,166,28.1,2
下田南沖,2026-08-01,15,0.7,6.8,1.4,184,28.5,2
下田南沖,2026-08-01,18,0.7,6.2,2.8,271,28.4,3
下田南沖,2026-08-01,21,0.8,6.7,1.7,331,28.1,3
下田沖,2026-08-01,00,0.8,6.1,0.3,352,27.6,3
下田沖,2026-08-01,03,0.7,6.2,0.7,356,27.4,3
下田沖,2026-08-01,06,0.7,6.3,1.0,29,27.4,2
下田沖,2026-08-01,09,0.7,6.5,1.5,157,27.5,3
下田沖,2026-08-01,12,0.7,6.8,2.2,166,28.1,2
下田沖,2026-08-01,15,0.7,6.8,1.4,184,28.5,2
下田沖,2026-08-01,18,0.7,6.2,2.8,271,28.4,3
下田沖,2026-08-01,21,0.8,6.7,1.7,331,28.1,3
相良沖,2026-08-01,00,0.7,5.8,1.6,32,26.4,2
相良沖,2026-08-01,03,0.6,6.0,1.7,7,26.4,3
相良沖,2026-08-01,06,0.6,6.1,1.8,254,26.6,2
相良沖,2026-08-01,09,0.6,6.0,2.2,278,26.9,3
相良沖,2026-08-01,12,0.7,5.5,5.7,251,27.1,2
相良沖,2026-08-01,15,0.9,5.0,7.1,243,27.2,3
相良沖,2026-08-01,18,0.8,5.0,6.2,252,27.1,1
相良沖,2026-08-01,21,0.7,6.0,2.9,23,27.0,3
天竜沖,2026-08-01,00,0.6,5.3,1.2,74,25.6,2
天竜沖,2026-08-01,03,0.5,5.3,0.6,331,25.6,3
天竜沖,2026-08-01,06,0.5,5.5,1.3,261,25.7,3
天竜沖,2026-08-01,09,0.5,5.3,3.3,282,25.8,3
天竜沖,2026-08-01,12,0.6,4.8,4.4,286,25.9,2
天竜沖,2026-08-01,15,0.7,4.7,3.5,321,25.9,3
天竜沖,2026-08-01,18,0.6,4.6,1.4,73,25.8,1
天竜沖,2026-08-01,21,0.5,5.2,1.1,65,25.7,2
波勝崎沖,2026-08-01,00,0.7,5.5,0.3,352,27.8,3
波勝崎沖,2026-08-01,03,0.6,5.5,0.7,356,27.6,3
波勝崎沖,2026-08-01,06,0.6,5.6,1.0,29,27.5,2
波勝崎沖,2026-08-01,09,0.5,5.7,1.5,157,27.6,3
波勝崎沖,2026-08-01,12,0.5,5.8,2.2,166,28.1,2
波勝崎沖,2026-08-01,15,0.6,5.8,1.4,184,28.6,2
波勝崎沖,2026-08-01,18,0.6,5.2,2.8,271,28.4,3
波勝崎沖,2026-08-01,21,0.6,5.5,1.7,331,28.1,3
藤守前,2026-08-01,00,0.6,5.2,1.1,25,27.4,2
藤守前,2026-08-01,03,0.5,5.2,1.0,333,27.6,3
藤守前,2026-08-01,06,0.5,5.3,1.5,251,27.8,3
藤守前,2026-08-01,09,0.5,5.2,0.1,90,28.1,2
藤守前,2026-08-01,12,0.5,5.0,2.6,112,28.7,2
藤守前,2026-08-01,15,0.7,4.7,3.0,98,29.1,3
藤守前,2026-08-01,18,0.6,4.5,1.2,143,28.9,1
藤守前,2026-08-01,21,0.5,5.0,3.1,48,28.5,3
吉田沖,2026-08-01,00,0.6,5.2,1.1,25,27.4,2
吉田沖,2026-08-01,03,0.5,5.2,1.0,333,27.6,3
吉田沖,2026-08-01,06,0.5,5.3,1.5,251,27.8,3
吉田沖,2026-08-01,09,0.5,5.2,0.1,90,28.1,2
吉田沖,2026-08-01,12,0.5,5.0,2.6,112,28.7,2
吉田沖,2026-08-01,15,0.7,4.7,3.0,98,29.1,3
吉田沖,2026-08-01,18,0.6,4.5,1.2,143,28.9,1
吉田沖,2026-08-01,21,0.5,5.0,3.1,48,28.5,3
千貫門沖,2026-08-01,00,0.7,5.5,0.7,77,28.2,3
千貫門沖,2026-08-01,03,0.6,5.5,0.4,56,28.1,3
千貫門沖,2026-08-01,06,0.6,5.6,0.9,61,28.0,2
千貫門沖,2026-08-01,09,0.5,5.7,1.8,250,28.1,3
千貫門沖,2026-08-01,12,0.5,5.8,2.8,238,28.6,2
千貫門沖,2026-08-01,15,0.6,5.8,2.5,195,29.0,2
千貫門沖,2026-08-01,18,0.6,5.2,2.1,217,28.7,3
千貫門沖,2026-08-01,21,0.6,5.5,0.6,63,28.3,3
豊浜沖,2026-08-01,00,0.6,5.5,0.7,77,28.1,3
豊浜沖,2026-08-01,03,0.6,5.3,0.4,56,28.0,3
豊浜沖,2026-08-01,06,0.5,5.4,0.9,61,27.9,2
豊浜沖,2026-08-01,09,0.5,5.5,1.8,250,28.0,3
豊浜沖,2026-08-01,12,0.5,5.6,2.8,238,28.5,2
豊浜沖,2026-08-01,15,0.5,5.6,2.5,195,28.9,2
豊浜沖,2026-08-01,18,0.5,5.1,2.1,217,28.6,3
豊浜沖,2026-08-01,21,0.6,5.3,0.6,63,28.1,3
松崎沖,2026-08-01,00,0.7,5.5,0.7,77,28.2,3
松崎沖,2026-08-01,03,0.6,5.5,0.4,56,28.1,3
松崎沖,2026-08-01,06,0.6,5.6,0.9,61,28.0,2
松崎沖,2026-08-01,09,0.5,5.7,1.8,250,28.1,3
松崎沖,2026-08-01,12,0.5,5.8,2.8,238,28.6,2
松崎沖,2026-08-01,15,0.6,5.8,2.5,195,29.0,2
松崎沖,2026-08-01,18,0.6,5.2,2.1,217,28.7,3
松崎沖,2026-08-01,21,0.6,5.5,0.6,63,28.3,3
西伊豆沖,2026-08-01,00,0.6,5.5,0.7,56,28.2,3
西伊豆沖,2026-08-01,03,0.6,5.3,0.1,63,28.1,3
西伊豆沖,2026-08-01,06,0.5,5.4,0.9,207,28.0,2
西伊豆沖,2026-08-01,09,0.5,5.5,2.2,270,28.1,3
西伊豆沖,2026-08-01,12,0.5,5.6,2.2,251,28.6,1
西伊豆沖,2026-08-01,15,0.5,5.6,0.8,227,29.0,51
西伊豆沖,2026-08-01,18,0.5,5.1,3.1,167,28.7,3
西伊豆沖,2026-08-01,21,0.6,5.3,1.5,86,28.3,3
大井川沖,2026-08-01,00,0.6,6.0,1.1,350,28.1,3
大井川沖,2026-08-01,03,0.5,6.0,1.0,315,28.1,3
大井川沖,2026-08-01,06,0.5,6.0,1.5,257,28.2,3
大井川沖,2026-08-01,09,0.5,6.2,0.8,122,28.4,3
大井川沖,2026-08-01,12,0.5,6.3,4.4,122,29.1,2
大井川沖,2026-08-01,15,0.5,6.3,2.5,106,29.6,3
大井川沖,2026-08-01,18,0.5,5.8,1.9,112,29.6,1
大井川沖,2026-08-01,21,0.5,6.5,3.0,38,29.3,3
中瀬海岸,2026-08-01,00,0.6,6.0,1.1,350,28.1,3
中瀬海岸,2026-08-01,03,0.5,6.0,1.0,315,28.1,3
中瀬海岸,2026-08-01,06,0.5,6.0,1.5,257,28.2,3
中瀬海岸,2026-08-01,09,0.5,6.2,0.8,122,28.4,3
中瀬海岸,2026-08-01,12,0.5,6.3,4.4,122,29.1,2
中瀬海岸,2026-08-01,15,0.5,6.3,2.5,106,29.6,3
中瀬海岸,2026-08-01,18,0.5,5.8,1.9,112,29.6,1
中瀬海岸,2026-08-01,21,0.5,6.5,3.0,38,29.3,3
大井川港,2026-08-01,00,0.6,6.0,0.7,344,28.1,3
大井川港,2026-08-01,03,0.5,6.0,1.0,305,28.1,3
大井川港,2026-08-01,06,0.5,6.0,1.1,275,28.2,2
大井川港,2026-08-01,09,0.5,6.2,0.6,141,28.4,3
大井川港,2026-08-01,12,0.5,6.3,3.1,144,29.1,2
大井川港,2026-08-01,15,0.5,6.3,1.3,138,29.6,2
大井川港,2026-08-01,18,0.5,5.8,1.4,86,29.6,1
大井川港,2026-08-01,21,0.5,6.5,2.2,39,29.3,3
駿河湾,2026-08-01,00,0.6,5.4,0.5,127,28.5,3
駿河湾,2026-08-01,03,0.5,5.2,0.3,117,28.4,3
駿河湾,2026-08-01,06,0.5,5.2,0.7,171,28.4,2
駿河湾,2026-08-01,09,0.5,5.3,1.6,279,28.5,3
駿河湾,2026-08-01,12,0.5,5.5,2.8,247,29.0,2
駿河湾,2026-08-01,15,0.5,5.5,1.2,230,29.4,2
駿河湾,2026-08-01,18,0.5,5.1,1.4,226,29.1,3
駿河湾,2026-08-01,21,0.5,5.2,0.3,360,28.6,3
洲崎沖,2026-08-01,00,0.7,7.0,3.0,201,28.8,3
洲崎沖,2026-08-01,03,0.7,7.0,2.1,217,28.7,3
洲崎沖,2026-08-01,06,0.7,7.1,1.8,235,28.8,2
洲崎沖,2026-08-01,09,0.7,7.0,1.4,293,28.9,3
洲崎沖,2026-08-01,12,0.7,7.3,2.9,218,29.4,2
洲崎沖,2026-08-01,15,0.7,7.8,3.2,214,29.7,3
洲崎沖,2026-08-01,18,0.7,8.0,2.4,235,29.4,3
洲崎沖,2026-08-01,21,0.7,8.4,2.0,264,29.0,3
沖ノ瀬,2026-08-01,00,0.7,7.5,3.9,213,28.0,3
沖ノ瀬,2026-08-01,03,0.6,7.7,1.4,249,28.0,3
沖ノ瀬,2026-08-01,06,0.6,7.8,1.8,328,28.0,2
沖ノ瀬,2026-08-01,09,0.6,7.8,1.7,5,28.2,3
沖ノ瀬,2026-08-01,12,0.6,8.0,2.2,184,28.8,1
沖ノ瀬,2026-08-01,15,0.6,8.7,4.7,223,29.3,3
沖ノ瀬,2026-08-01,18,0.6,9.0,4.2,218,29.0,3
沖ノ瀬,2026-08-01,21,0.7,9.4,3.0,231,28.5,3
平砂浦沖,2026-08-01,00,0.7,7.2,3.0,201,28.7,3
平砂浦沖,2026-08-01,03,0.7,7.1,2.1,217,28.6,3
平砂浦沖,2026-08-01,06,0.7,7.0,1.8,235,28.6,2
平砂浦沖,2026-08-01,09,0.7,7.1,1.4,293,28.7,3
平砂浦沖,2026-08-01,12,0.8,7.3,2.9,218,29.2,2
平砂浦沖,2026-08-01,15,0.8,7.8,3.2,214,29.5,3
平砂浦沖,2026-08-01,18,0.8,7.9,2.4,235,29.3,3
平砂浦沖,2026-08-01,21,0.8,8.1,2.0,264,28.9,3
館山沖,2026-08-01,00,0.7,7.0,3.0,201,28.9,3
館山沖,2026-08-01,03,0.7,7.0,2.1,217,28.8,3
館山沖,2026-08-01,06,0.7,7.0,1.8,235,28.8,2
館山沖,2026-08-01,09,0.7,7.0,1.4,293,28.9,3
館山沖,2026-08-01,12,0.7,7.2,2.9,218,29.3,2
館山沖,2026-08-01,15,0.7,7.7,3.2,214,29.6,3
館山沖,2026-08-01,18,0.7,7.8,2.4,235,29.4,3
館山沖,2026-08-01,21,0.8,8.2,2.0,264,29.1,3
久能沖,2026-08-01,00,0.5,5.8,0.6,331,29.5,2
久能沖,2026-08-01,03,0.5,5.8,1.1,338,29.3,3
久能沖,2026-08-01,06,0.5,5.9,0.8,333,29.2,1
久能沖,2026-08-01,09,0.4,6.0,1.4,129,29.3,3
久能沖,2026-08-01,12,0.4,6.2,2.0,122,29.9,2
久能沖,2026-08-01,15,0.4,6.2,2.6,120,30.4,2
久能沖,2026-08-01,18,0.4,5.8,0.5,96,30.3,1
久能沖,2026-08-01,21,0.4,6.2,1.2,50,29.9,3
富浦沖,2026-08-01,00,0.7,7.2,3.0,201,28.6,3
富浦沖,2026-08-01,03,0.7,7.2,2.1,217,28.6,3
富浦沖,2026-08-01,06,0.7,7.3,1.8,235,28.7,2
富浦沖,2026-08-01,09,0.7,7.2,1.4,293,28.9,3
富浦沖,2026-08-01,12,0.7,7.5,2.9,218,29.4,2
富浦沖,2026-08-01,15,0.7,8.0,3.2,214,29.8,3
富浦沖,2026-08-01,18,0.7,8.3,2.4,235,29.4,3
富浦沖,2026-08-01,21,0.7,8.8,2.0,264,28.9,3
折戸沖,2026-08-01,00,0.5,5.8,0.6,331,29.5,2
折戸沖,2026-08-01,03,0.5,5.8,1.1,338,29.3,3
折戸沖,2026-08-01,06,0.5,5.9,0.8,333,29.2,1
折戸沖,2026-08-01,09,0.4,6.0,1.4,129,29.3,3
折戸沖,2026-08-01,12,0.4,6.2,2.0,122,29.9,2
折戸沖,2026-08-01,15,0.4,6.2,2.6,120,30.4,2
折戸沖,2026-08-01,18,0.4,5.8,0.5,96,30.3,1
折戸沖,2026-08-01,21,0.4,6.2,1.2,50,29.9,3
貯木場,2026-08-01,00,0.5,5.5,0.6,331,29.5,2
貯木場,2026-08-01,03,0.5,5.3,1.1,338,29.3,3
貯木場,2026-08-01,06,0.4,5.4,0.8,333,29.2,1
貯木場,2026-08-01,09,0.4,5.5,1.4,129,29.3,3
貯木場,2026-08-01,12,0.4,5.6,2.0,122,29.9,2
貯木場,2026-08-01,15,0.4,5.7,2.6,120,30.4,2
貯木場,2026-08-01,18,0.4,5.4,0.5,96,30.3,1
貯木場,2026-08-01,21,0.4,5.5,1.2,50,29.9,3
折戸,2026-08-01,00,0.5,5.5,0.6,331,29.2,2
折戸,2026-08-01,03,0.5,5.3,1.1,338,29.0,3
折戸,2026-08-01,06,0.4,5.4,0.8,333,28.9,1
折戸,2026-08-01,09,0.4,5.5,1.4,129,29.0,3
折戸,2026-08-01,12,0.4,5.6,2.0,122,29.6,2
折戸,2026-08-01,15,0.4,5.7,2.6,120,30.1,2
折戸,2026-08-01,18,0.4,5.4,0.5,96,29.9,1
折戸,2026-08-01,21,0.4,5.5,1.2,50,29.6,3
清水沖,2026-08-01,00,0.5,5.5,0.6,331,29.2,2
清水沖,2026-08-01,03,0.5,5.3,1.1,338,29.0,3
清水沖,2026-08-01,06,0.4,5.4,0.8,333,28.9,1
清水沖,2026-08-01,09,0.4,5.5,1.4,129,29.0,3
清水沖,2026-08-01,12,0.4,5.6,2.0,122,29.6,2
清水沖,2026-08-01,15,0.4,5.7,2.6,120,30.1,2
清水沖,2026-08-01,18,0.4,5.4,0.5,96,29.9,1
清水沖,2026-08-01,21,0.4,5.5,1.2,50,29.6,3
岩井富浦沖,2026-08-01,00,0.6,6.3,3.0,201,29.1,3
岩井富浦沖,2026-08-01,03,0.6,6.3,2.1,217,29.0,3
岩井富浦沖,2026-08-01,06,0.5,6.3,1.8,235,29.0,2
岩井富浦沖,2026-08-01,09,0.6,6.2,1.4,293,29.1,3
岩井富浦沖,2026-08-01,12,0.6,6.3,2.9,218,29.7,2
岩井富浦沖,2026-08-01,15,0.6,6.6,3.2,214,30.1,3
岩井富浦沖,2026-08-01,18,0.6,7.0,2.4,235,30.0,3
岩井富浦沖,2026-08-01,21,0.6,7.3,2.0,264,29.6,3
北防,2026-08-01,00,0.5,5.5,0.6,331,29.5,2
北防,2026-08-01,03,0.5,5.3,1.1,338,29.3,3
北防,2026-08-01,06,0.4,5.4,0.8,333,29.2,1
北防,2026-08-01,09,0.4,5.5,1.4,129,29.3,3
北防,2026-08-01,12,0.4,5.6,2.0,122,29.9,2
北防,2026-08-01,15,0.4,5.7,2.6,120,30.4,2
北防,2026-08-01,18,0.4,5.4,0.5,96,30.3,1
北防,2026-08-01,21,0.4,5.5,1.2,50,29.9,3
一文字堤,2026-08-01,00,0.5,5.5,0.6,331,29.2,2
一文字堤,2026-08-01,03,0.5,5.3,1.1,338,29.0,3
一文字堤,2026-08-01,06,0.4,5.4,0.8,333,28.9,1
一文字堤,2026-08-01,09,0.4,5.5,1.4,129,29.0,3
一文字堤,2026-08-01,12,0.4,5.6,2.0,122,29.6,2
一文字堤,2026-08-01,15,0.4,5.7,2.6,120,30.1,2
一文字堤,2026-08-01,18,0.4,5.4,0.5,96,29.9,1
一文字堤,2026-08-01,21,0.4,5.5,1.2,50,29.6,3
西浦沖,2026-08-01,00,0.5,5.3,0.9,126,29.7,3
西浦沖,2026-08-01,03,0.4,5.2,0.4,124,29.6,3
西浦沖,2026-08-01,06,0.4,5.0,0.9,100,29.6,2
西浦沖,2026-08-01,09,0.4,5.1,0.8,277,29.7,3
西浦沖,2026-08-01,12,0.4,5.2,1.9,268,30.1,1
西浦沖,2026-08-01,15,0.4,5.3,0.8,150,30.5,2
西浦沖,2026-08-01,18,0.4,5.2,1.6,305,30.4,3
西浦沖,2026-08-01,21,0.4,5.0,0.5,287,30.1,3
高新田前,2026-08-01,00,0.5,5.5,0.6,331,29.2,2
高新田前,2026-08-01,03,0.5,5.3,1.1,338,29.0,3
高新田前,2026-08-01,06,0.4,5.4,0.8,333,28.9,1
高新田前,2026-08-01,09,0.4,5.5,1.4,129,29.0,3
高新田前,2026-08-01,12,0.4,5.6,2.0,122,29.6,2
高新田前,2026-08-01,15,0.4,5.7,2.6,120,30.1,2
高新田前,2026-08-01,18,0.4,5.4,0.5,96,29.9,1
高新田前,2026-08-01,21,0.4,5.5,1.2,50,29.6,3
三保沖,2026-08-01,00,0.5,5.5,1.0,307,29.1,2
三保沖,2026-08-01,03,0.5,5.3,0.8,310,29.0,3
三保沖,2026-08-01,06,0.4,5.4,0.9,311,29.0,2
三保沖,2026-08-01,09,0.4,5.5,1.5,134,29.1,3
三保沖,2026-08-01,12,0.4,5.6,2.4,134,29.6,2
三保沖,2026-08-01,15,0.4,5.7,2.3,131,30.1,2
三保沖,2026-08-01,18,0.4,5.4,0.7,164,29.9,1
三保沖,2026-08-01,21,0.4,5.5,0.2,315,29.6,3
三保取入口,2026-08-01,00,0.5,5.5,1.0,307,29.1,2
三保取入口,2026-08-01,03,0.5,5.3,0.8,310,29.0,3
三保取入口,2026-08-01,06,0.4,5.4,0.9,311,29.0,2
三保取入口,2026-08-01,09,0.4,5.5,1.5,134,29.1,3
三保取入口,2026-08-01,12,0.4,5.6,2.4,134,29.6,2
三保取入口,2026-08-01,15,0.4,5.7,2.3,131,30.1,2
三保取入口,2026-08-01,18,0.4,5.4,0.7,164,29.9,1
三保取入口,2026-08-01,21,0.4,5.5,0.2,315,29.6,3
静浦沖,2026-08-01,00,0.5,5.3,1.0,43,29.7,2
静浦沖,2026-08-01,03,0.4,5.2,0.5,37,29.6,3
静浦沖,2026-08-01,06,0.4,5.0,1.0,37,29.6,2
静浦沖,2026-08-01,09,0.4,5.1,1.2,245,29.7,3
静浦沖,2026-08-01,12,0.4,5.2,2.8,242,30.1,2
静浦沖,2026-08-01,15,0.4,5.3,1.2,225,30.5,51
静浦沖,2026-08-01,18,0.4,5.2,1.3,293,30.4,2
静浦沖,2026-08-01,21,0.4,5.0,1.3,306,30.1,51
網代沖,2026-08-01,00,,,0.2,166,28.5,3
網代沖,2026-08-01,03,,,0.1,225,28.4,3
網代沖,2026-08-01,06,,,0.7,135,28.4,3
網代沖,2026-08-01,09,,,0.5,77,28.5,3
網代沖,2026-08-01,12,,,1.7,72,29.0,2
網代沖,2026-08-01,15,,,1.6,87,29.4,2
網代沖,2026-08-01,18,,,1.1,315,29.2,3
網代沖,2026-08-01,21,,,0.9,286,28.9,3
網代南沖,2026-08-01,00,0.5,7.5,0.8,345,28.5,3
網代南沖,2026-08-01,03,0.5,7.5,1.2,331,28.4,3
網代南沖,2026-08-01,06,0.5,7.6,0.6,315,28.4,2
網代南沖,2026-08-01,09,0.5,7.7,0.8,98,28.5,3
網代南沖,2026-08-01,12,0.5,7.9,2.4,133,29.0,2
網代南沖,2026-08-01,15,0.5,8.6,1.4,134,29.4,2
網代南沖,2026-08-01,18,0.5,8.9,1.4,239,29.2,3
網代南沖,2026-08-01,21,0.5,9.3,0.8,305,28.9,3
岩井沖,2026-08-01,00,0.6,6.3,3.0,201,29.1,3
岩井沖,2026-08-01,03,0.6,6.3,2.1,217,29.0,3
岩井沖,2026-08-01,06,0.5,6.3,1.8,235,29.0,2
岩井沖,2026-08-01,09,0.6,6.2,1.4,293,29.1,3
岩井沖,2026-08-01,12,0.6,6.3,2.9,218,29.7,2
岩井沖,2026-08-01,15,0.6,6.6,3.2,214,30.1,3
岩井沖,2026-08-01,18,0.6,7.0,2.4,235,30.0,3
岩井沖,2026-08-01,21,0.6,7.3,2.0,264,29.6,3
沼津沖,2026-08-01,00,0.5,5.3,0.9,126,29.7,3
沼津沖,2026-08-01,03,0.4,5.2,0.4,124,29.6,3
沼津沖,2026-08-01,06,0.4,5.0,0.9,100,29.6,2
沼津沖,2026-08-01,09,0.4,5.1,0.8,277,29.7,3
沼津沖,2026-08-01,12,0.4,5.2,1.9,268,30.1,1
沼津沖,2026-08-01,15,0.4,5.3,0.8,150,30.5,2
沼津沖,2026-08-01,18,0.4,5.2,1.6,305,30.4,3
沼津沖,2026-08-01,21,0.4,5.0,0.5,287,30.1,3
相模湾,2026-08-01,00,0.6,7.4,1.5,342,28.4,3
相模湾,2026-08-01,03,0.5,7.5,3.0,1,28.2,3
相模湾,2026-08-01,06,0.5,7.5,3.1,9,28.2,2
相模湾,2026-08-01,09,0.5,7.6,1.7,343,28.3,3
相模湾,2026-08-01,12,0.5,7.8,3.5,182,28.8,2
相模湾,2026-08-01,15,0.5,8.6,4.1,210,29.3,3
相模湾,2026-08-01,18,0.5,9.0,5.1,194,29.1,3
相模湾,2026-08-01,21,0.6,9.3,1.0,84,28.8,3
太海沖航程1時間30分,2026-08-01,00,0.7,7.2,2.0,190,28.8,3
太海沖航程1時間30分,2026-08-01,03,0.7,7.1,1.0,197,28.7,3
太海沖航程1時間30分,2026-08-01,06,0.7,7.0,1.3,231,28.7,3
太海沖航程1時間30分,2026-08-01,09,0.7,7.1,0.8,281,28.9,3
太海沖航程1時間30分,2026-08-01,12,0.8,7.3,2.4,190,29.4,51
太海沖航程1時間30分,2026-08-01,15,0.8,7.8,2.0,191,29.8,3
太海沖航程1時間30分,2026-08-01,18,0.8,7.9,2.0,229,29.6,3
太海沖航程1時間30分,2026-08-01,21,0.8,8.1,1.3,288,29.2,3
木負沖,2026-08-01,00,0.5,5.3,1.0,43,29.7,2
木負沖,2026-08-01,03,0.4,5.2,0.5,37,29.6,3
木負沖,2026-08-01,06,0.4,5.0,1.0,37,29.6,2
木負沖,2026-08-01,09,0.4,5.1,1.2,245,29.7,3
木負沖,2026-08-01,12,0.4,5.2,2.8,242,30.1,2
木負沖,2026-08-01,15,0.4,5.3,1.2,225,30.5,51
木負沖,2026-08-01,18,0.4,5.2,1.3,293,30.4,2
木負沖,2026-08-01,21,0.4,5.0,1.3,306,30.1,51
木負湾内,2026-08-01,00,0.5,5.3,1.0,43,29.7,2
木負湾内,2026-08-01,03,0.4,5.2,0.5,37,29.6,3
木負湾内,2026-08-01,06,0.4,5.0,1.0,37,29.6,2
木負湾内,2026-08-01,09,0.4,5.1,1.2,245,29.7,3
木負湾内,2026-08-01,12,0.4,5.2,2.8,242,30.1,2
木負湾内,2026-08-01,15,0.4,5.3,1.2,225,30.5,51
木負湾内,2026-08-01,18,0.4,5.2,1.3,293,30.4,2
木負湾内,2026-08-01,21,0.4,5.0,1.3,306,30.1,51
カメギ根,2026-08-01,00,0.6,7.0,3.4,177,28.2,3
カメギ根,2026-08-01,03,0.6,7.2,1.2,81,28.1,3
カメギ根,2026-08-01,06,0.6,7.3,2.9,28,28.2,2
カメギ根,2026-08-01,09,0.6,7.2,0.4,126,28.5,3
カメギ根,2026-08-01,12,0.6,7.4,3.8,184,29.2,2
カメギ根,2026-08-01,15,0.6,8.1,4.2,231,29.8,3
カメギ根,2026-08-01,18,0.6,8.6,4.2,207,29.4,3
カメギ根,2026-08-01,21,0.6,9.1,0.9,93,28.8,3
保田沖,2026-08-01,00,0.6,6.5,2.2,166,29.2,3
保田沖,2026-08-01,03,0.6,6.5,0.9,133,29.1,3
保田沖,2026-08-01,06,0.6,6.6,0.5,315,29.1,2
保田沖,2026-08-01,09,0.6,6.5,2.5,328,29.2,3
保田沖,2026-08-01,12,0.6,6.7,1.7,295,29.7,1
保田沖,2026-08-01,15,0.6,7.0,2.5,206,30.2,2
保田沖,2026-08-01,18,0.6,7.4,2.5,205,30.0,3
保田沖,2026-08-01,21,0.6,7.9,0.9,193,29.6,3
大沢沖前後,2026-08-01,00,0.8,8.0,2.1,203,28.2,3
大沢沖前後,2026-08-01,03,0.8,8.0,0.9,212,28.2,3
大沢沖前後,2026-08-01,06,0.8,7.8,1.4,240,28.2,3
大沢沖前後,2026-08-01,09,0.8,7.8,0.5,163,28.4,3
大沢沖前後,2026-08-01,12,0.9,8.2,3.9,163,28.9,51
大沢沖前後,2026-08-01,15,0.9,8.6,2.0,164,29.3,3
大沢沖前後,2026-08-01,18,0.9,8.8,1.6,225,29.2,3
大沢沖前後,2026-08-01,21,0.9,8.8,2.5,304,28.9,3
勝浦沖航程1時間30分,2026-08-01,00,0.9,8.2,2.1,202,27.9,3
勝浦沖航程1時間30分,2026-08-01,03,0.9,8.3,1.2,203,27.8,3
勝浦沖航程1時間30分,2026-08-01,06,1.0,8.1,1.4,224,27.9,3
勝浦沖航程1時間30分,2026-08-01,09,1.0,8.1,0.7,157,28.0,3
勝浦沖航程1時間30分,2026-08-01,12,1.0,8.3,2.5,150,28.5,51
勝浦沖航程1時間30分,2026-08-01,15,1.0,8.7,1.8,193,28.9,3
勝浦沖航程1時間30分,2026-08-01,18,1.0,8.8,1.7,224,28.7,3
勝浦沖航程1時間30分,2026-08-01,21,1.0,8.8,2.2,297,28.4,3
由比沖,2026-08-01,00,0.4,5.5,0.7,356,29.5,2
由比沖,2026-08-01,03,0.4,5.2,0.6,5,29.3,3
由比沖,2026-08-01,06,0.4,5.2,0.4,353,29.3,2
由比沖,2026-08-01,09,0.3,5.2,1.6,198,29.4,3
由比沖,2026-08-01,12,0.3,5.3,1.4,205,29.9,2
由比沖,2026-08-01,15,0.3,5.4,0.8,230,30.4,2
由比沖,2026-08-01,18,0.3,5.5,0.5,354,30.2,2
由比沖,2026-08-01,21,0.3,5.2,1.2,300,29.9,3
由比港周辺,2026-08-01,00,0.4,5.5,0.7,356,29.5,2
由比港周辺,2026-08-01,03,0.4,5.2,0.6,5,29.3,3
由比港周辺,2026-08-01,06,0.4,5.2,0.4,353,29.3,2
由比港周辺,2026-08-01,09,0.3,5.2,1.6,198,29.4,3
由比港周辺,2026-08-01,12,0.3,5.3,1.4,205,29.9,2
由比港周辺,2026-08-01,15,0.3,5.4,0.8,230,30.4,2
由比港周辺,2026-08-01,18,0.3,5.5,0.5,354,30.2,2
由比港周辺,2026-08-01,21,0.3,5.2,1.2,300,29.9,3
岩船沖,2026-08-01,00,0.7,7.2,1.4,178,28.8,3
岩船沖,2026-08-01,03,0.7,7.1,0.7,163,28.7,3
岩船沖,2026-08-01,06,0.7,7.0,0.9,234,28.7,3
岩船沖,2026-08-01,09,0.7,7.1,0.4,293,28.9,3
岩船沖,2026-08-01,12,0.8,7.3,2.4,156,29.4,51
岩船沖,2026-08-01,15,0.8,7.8,1.6,158,29.8,2
岩船沖,2026-08-01,18,0.8,7.9,1.6,216,29.6,3
岩船沖,2026-08-01,21,0.8,8.1,1.7,291,29.2,3
小湊沖,2026-08-01,00,0.7,7.7,2.1,203,28.5,3
小湊沖,2026-08-01,03,0.7,7.6,0.9,212,28.4,3
小湊沖,2026-08-01,06,0.7,7.5,1.4,240,28.5,3
小湊沖,2026-08-01,09,0.7,7.4,0.5,163,28.7,3
小湊沖,2026-08-01,12,0.7,7.7,3.9,163,29.2,51
小湊沖,2026-08-01,15,0.8,8.2,2.0,164,29.6,3
小湊沖,2026-08-01,18,0.8,8.4,1.6,225,29.5,3
小湊沖,2026-08-01,21,0.8,8.6,2.5,304,29.2,3
太海沖,2026-08-01,00,0.5,5.8,2.2,166,29.3,3
太海沖,2026-08-01,03,0.5,5.8,0.9,133,29.2,3
太海沖,2026-08-01,06,0.5,5.8,0.5,315,29.1,2
太海沖,2026-08-01,09,0.5,5.7,2.5,328,29.3,3
太海沖,2026-08-01,12,0.5,5.7,1.7,295,29.8,1
太海沖,2026-08-01,15,0.5,5.9,2.5,206,30.3,2
太海沖,2026-08-01,18,0.5,6.1,2.5,205,30.2,3
太海沖,2026-08-01,21,0.5,6.4,0.9,193,29.8,3
鴨川沖前後,2026-08-01,00,0.6,7.3,2.1,203,28.7,3
鴨川沖前後,2026-08-01,03,0.6,7.2,0.9,212,28.6,3
鴨川沖前後,2026-08-01,06,0.6,7.1,1.4,240,28.6,3
鴨川沖前後,2026-08-01,09,0.6,7.0,0.5,163,28.7,3
鴨川沖前後,2026-08-01,12,0.6,7.2,3.9,163,29.2,51
鴨川沖前後,2026-08-01,15,0.7,7.7,2.0,164,29.6,3
鴨川沖前後,2026-08-01,18,0.7,8.0,1.6,225,29.5,3
鴨川沖前後,2026-08-01,21,0.7,8.1,2.5,304,29.2,3
岩和田沖,2026-08-01,00,0.8,8.2,2.1,202,28.4,3
岩和田沖,2026-08-01,03,0.8,8.2,1.2,203,28.3,3
岩和田沖,2026-08-01,06,0.8,8.1,1.4,224,28.3,3
岩和田沖,2026-08-01,09,0.9,8.1,0.7,157,28.4,3
岩和田沖,2026-08-01,12,0.9,8.3,2.5,150,28.9,51
岩和田沖,2026-08-01,15,0.9,8.7,1.8,193,29.3,3
岩和田沖,2026-08-01,18,0.9,8.9,1.7,224,29.2,3
岩和田沖,2026-08-01,21,0.9,9.1,2.2,297,29.0,3
城ヶ島西沖,2026-08-01,00,0.5,6.8,3.4,177,28.6,3
城ヶ島西沖,2026-08-01,03,0.5,6.8,1.2,81,28.5,3
城ヶ島西沖,2026-08-01,06,0.5,6.9,2.9,28,28.6,2
城ヶ島西沖,2026-08-01,09,0.5,6.8,0.4,126,28.8,3
城ヶ島西沖,2026-08-01,12,0.5,6.9,3.8,184,29.4,2
城ヶ島西沖,2026-08-01,15,0.5,7.5,4.2,231,29.9,3
城ヶ島西沖,2026-08-01,18,0.5,8.0,4.2,207,29.6,3
城ヶ島西沖,2026-08-01,21,0.5,8.4,0.9,93,29.2,3
城ヶ島沖,2026-08-01,00,0.6,6.5,3.9,184,28.8,3
城ヶ島沖,2026-08-01,03,0.5,6.5,1.1,159,28.7,3
城ヶ島沖,2026-08-01,06,0.5,6.5,2.3,9,28.7,2
城ヶ島沖,2026-08-01,09,0.5,6.4,2.1,29,28.9,3
城ヶ島沖,2026-08-01,12,0.5,6.5,3.1,215,29.5,1
城ヶ島沖,2026-08-01,15,0.5,6.9,3.9,219,30.0,2
城ヶ島沖,2026-08-01,18,0.5,7.3,4.0,211,29.8,3
城ヶ島沖,2026-08-01,21,0.5,7.8,0.4,140,29.5,3
大貫沖～富浦沖,2026-08-01,00,0.5,5.8,2.2,166,29.0,3
大貫沖～富浦沖,2026-08-01,03,0.5,5.8,0.9,133,28.9,3
大貫沖～富浦沖,2026-08-01,06,0.5,5.8,0.5,315,28.9,2
大貫沖～富浦沖,2026-08-01,09,0.5,5.7,2.5,328,29.0,3
大貫沖～富浦沖,2026-08-01,12,0.5,5.7,1.7,295,29.5,1
大貫沖～富浦沖,2026-08-01,15,0.5,5.9,2.5,206,29.9,2
大貫沖～富浦沖,2026-08-01,18,0.5,6.1,2.5,205,29.8,3
大貫沖～富浦沖,2026-08-01,21,0.5,6.4,0.9,193,29.4,3
御宿沖,2026-08-01,00,0.8,8.2,2.1,202,28.4,3
御宿沖,2026-08-01,03,0.8,8.2,1.2,203,28.3,3
御宿沖,2026-08-01,06,0.8,8.1,1.4,224,28.3,3
御宿沖,2026-08-01,09,0.9,8.1,0.7,157,28.4,3
御宿沖,2026-08-01,12,0.9,8.3,2.5,150,28.9,51
御宿沖,2026-08-01,15,0.9,8.7,1.8,193,29.3,3
御宿沖,2026-08-01,18,0.9,8.9,1.7,224,29.2,3
御宿沖,2026-08-01,21,0.9,9.1,2.2,297,29.0,3
興津港沖,2026-08-01,00,0.8,8.2,2.1,202,28.4,3
興津港沖,2026-08-01,03,0.8,8.2,1.2,203,28.3,3
興津港沖,2026-08-01,06,0.8,8.1,1.4,224,28.3,3
興津港沖,2026-08-01,09,0.9,8.1,0.7,157,28.4,3
興津港沖,2026-08-01,12,0.9,8.3,2.5,150,28.9,51
興津港沖,2026-08-01,15,0.9,8.7,1.8,193,29.3,3
興津港沖,2026-08-01,18,0.9,8.9,1.7,224,29.2,3
興津港沖,2026-08-01,21,0.9,9.1,2.2,297,29.0,3
烏帽子沖,2026-08-01,00,0.6,6.5,3.9,184,28.8,3
烏帽子沖,2026-08-01,03,0.5,6.5,1.1,159,28.7,3
烏帽子沖,2026-08-01,06,0.5,6.5,2.3,9,28.7,2
烏帽子沖,2026-08-01,09,0.5,6.4,2.1,29,28.9,3
烏帽子沖,2026-08-01,12,0.5,6.5,3.1,215,29.5,1
烏帽子沖,2026-08-01,15,0.5,6.9,3.9,219,30.0,2
烏帽子沖,2026-08-01,18,0.5,7.3,4.0,211,29.8,3
烏帽子沖,2026-08-01,21,0.5,7.8,0.4,140,29.5,3
諸磯沖,2026-08-01,00,0.6,6.5,3.9,184,28.8,3
諸磯沖,2026-08-01,03,0.5,6.5,1.1,159,28.7,3
諸磯沖,2026-08-01,06,0.5,6.5,2.3,9,28.7,2
諸磯沖,2026-08-01,09,0.5,6.4,2.1,29,28.9,3
諸磯沖,2026-08-01,12,0.5,6.5,3.1,215,29.5,1
諸磯沖,2026-08-01,15,0.5,6.9,3.9,219,30.0,2
諸磯沖,2026-08-01,18,0.5,7.3,4.0,211,29.8,3
諸磯沖,2026-08-01,21,0.5,7.8,0.4,140,29.5,3
剣崎沖,2026-08-01,00,0.6,6.5,3.9,184,28.8,3
剣崎沖,2026-08-01,03,0.5,6.5,1.1,159,28.7,3
剣崎沖,2026-08-01,06,0.5,6.5,2.3,9,28.7,2
剣崎沖,2026-08-01,09,0.5,6.4,2.1,29,28.9,3
剣崎沖,2026-08-01,12,0.5,6.5,3.1,215,29.5,1
剣崎沖,2026-08-01,15,0.5,6.9,3.9,219,30.0,2
剣崎沖,2026-08-01,18,0.5,7.3,4.0,211,29.8,3
剣崎沖,2026-08-01,21,0.5,7.8,0.4,140,29.5,3
勝浦灯台沖航程20分,2026-08-01,00,0.8,8.0,2.1,202,28.4,3
勝浦灯台沖航程20分,2026-08-01,03,0.8,8.0,1.2,203,28.3,3
勝浦灯台沖航程20分,2026-08-01,06,0.8,7.9,1.4,224,28.3,3
勝浦灯台沖航程20分,2026-08-01,09,0.8,7.8,0.7,157,28.4,3
勝浦灯台沖航程20分,2026-08-01,12,0.8,8.1,2.5,150,29.0,51
勝浦灯台沖航程20分,2026-08-01,15,0.9,8.6,1.8,193,29.4,3
勝浦灯台沖航程20分,2026-08-01,18,0.9,8.8,1.7,224,29.3,3
勝浦灯台沖航程20分,2026-08-01,21,0.9,8.9,2.2,297,29.1,3
勝浦沖航程30分,2026-08-01,00,0.8,8.2,2.1,202,28.4,3
勝浦沖航程30分,2026-08-01,03,0.8,8.2,1.2,203,28.3,3
勝浦沖航程30分,2026-08-01,06,0.8,8.1,1.4,224,28.3,3
勝浦沖航程30分,2026-08-01,09,0.9,8.1,0.7,157,28.4,3
勝浦沖航程30分,2026-08-01,12,0.9,8.3,2.5,150,28.9,51
勝浦沖航程30分,2026-08-01,15,0.9,8.7,1.8,193,29.3,3
勝浦沖航程30分,2026-08-01,18,0.9,8.9,1.7,224,29.2,3
勝浦沖航程30分,2026-08-01,21,0.9,9.1,2.2,297,29.0,3
田子の浦沖,2026-08-01,00,0.4,5.5,0.7,356,29.5,2
田子の浦沖,2026-08-01,03,0.4,5.2,0.6,5,29.3,3
田子の浦沖,2026-08-01,06,0.4,5.2,0.4,353,29.3,2
田子の浦沖,2026-08-01,09,0.3,5.2,1.6,198,29.4,3
田子の浦沖,2026-08-01,12,0.3,5.3,1.4,205,29.9,2
田子の浦沖,2026-08-01,15,0.3,5.4,0.8,230,30.4,2
田子の浦沖,2026-08-01,18,0.3,5.5,0.5,354,30.2,2
田子の浦沖,2026-08-01,21,0.3,5.2,1.2,300,29.9,3
富士川沖,2026-08-01,00,0.4,5.5,0.7,356,29.6,2
富士川沖,2026-08-01,03,0.4,5.2,0.6,5,29.5,3
富士川沖,2026-08-01,06,0.4,5.2,0.4,353,29.4,2
富士川沖,2026-08-01,09,0.3,5.2,1.6,198,29.5,3
富士川沖,2026-08-01,12,0.3,5.3,1.4,205,30.0,2
富士川沖,2026-08-01,15,0.3,5.4,0.8,230,30.5,2
富士川沖,2026-08-01,18,0.3,5.5,0.5,354,30.3,2
富士川沖,2026-08-01,21,0.3,5.2,1.2,300,30.0,3
かんねこ,2026-08-01,00,0.5,5.8,2.2,166,29.3,3
かんねこ,2026-08-01,03,0.5,5.8,0.9,133,29.2,3
かんねこ,2026-08-01,06,0.5,5.8,0.5,315,29.1,2
かんねこ,2026-08-01,09,0.5,5.7,2.5,328,29.3,3
かんねこ,2026-08-01,12,0.5,5.7,1.7,295,29.8,1
かんねこ,2026-08-01,15,0.5,5.9,2.5,206,30.3,2
かんねこ,2026-08-01,18,0.5,6.1,2.5,205,30.2,3
かんねこ,2026-08-01,21,0.5,6.4,0.9,193,29.8,3
海中公園沖,2026-08-01,00,0.8,8.2,2.1,202,28.4,3
海中公園沖,2026-08-01,03,0.8,8.2,1.2,203,28.3,3
海中公園沖,2026-08-01,06,0.8,8.1,1.4,224,28.3,3
海中公園沖,2026-08-01,09,0.9,8.1,0.7,157,28.4,3
海中公園沖,2026-08-01,12,0.9,8.3,2.5,150,28.9,51
海中公園沖,2026-08-01,15,0.9,8.7,1.8,193,29.3,3
海中公園沖,2026-08-01,18,0.9,8.9,1.7,224,29.2,3
海中公園沖,2026-08-01,21,0.9,9.1,2.2,297,29.0,3
真鶴西沖,2026-08-01,00,0.5,7.5,1.7,335,28.6,3
真鶴西沖,2026-08-01,03,0.5,7.4,1.7,324,28.4,3
真鶴西沖,2026-08-01,06,0.4,7.5,1.2,305,28.4,2
真鶴西沖,2026-08-01,09,0.4,7.5,1.1,103,28.6,3
真鶴西沖,2026-08-01,12,0.4,7.8,2.5,160,29.1,2
真鶴西沖,2026-08-01,15,0.4,8.4,1.8,164,29.5,2
真鶴西沖,2026-08-01,18,0.5,8.9,1.8,202,29.3,3
真鶴西沖,2026-08-01,21,0.5,9.3,0.3,321,29.0,3
真鶴沖,2026-08-01,00,0.5,7.5,1.7,335,28.6,3
真鶴沖,2026-08-01,03,0.5,7.4,1.7,324,28.4,3
真鶴沖,2026-08-01,06,0.4,7.5,1.2,305,28.4,2
真鶴沖,2026-08-01,09,0.4,7.5,1.1,103,28.6,3
真鶴沖,2026-08-01,12,0.4,7.8,2.5,160,29.1,2
真鶴沖,2026-08-01,15,0.4,8.4,1.8,164,29.5,2
真鶴沖,2026-08-01,18,0.5,8.9,1.8,202,29.3,3
真鶴沖,2026-08-01,21,0.5,9.3,0.3,321,29.0,3
勝浦灯台沖,2026-08-01,00,0.8,8.0,2.1,202,28.4,3
勝浦灯台沖,2026-08-01,03,0.8,8.0,1.2,203,28.3,3
勝浦灯台沖,2026-08-01,06,0.8,7.9,1.4,224,28.3,3
勝浦灯台沖,2026-08-01,09,0.8,7.8,0.7,157,28.4,3
勝浦灯台沖,2026-08-01,12,0.8,8.1,2.5,150,29.0,51
勝浦灯台沖,2026-08-01,15,0.9,8.6,1.8,193,29.4,3
勝浦灯台沖,2026-08-01,18,0.9,8.8,1.7,224,29.3,3
勝浦灯台沖,2026-08-01,21,0.9,8.9,2.2,297,29.1,3
勝浦沖,2026-08-01,00,0.8,8.0,2.1,202,28.4,3
勝浦沖,2026-08-01,03,0.8,8.0,1.2,203,28.3,3
勝浦沖,2026-08-01,06,0.8,7.9,1.4,224,28.3,3
勝浦沖,2026-08-01,09,0.8,7.8,0.7,157,28.4,3
勝浦沖,2026-08-01,12,0.8,8.1,2.5,150,29.0,51
勝浦沖,2026-08-01,15,0.9,8.6,1.8,193,29.4,3
勝浦沖,2026-08-01,18,0.9,8.8,1.7,224,29.3,3
勝浦沖,2026-08-01,21,0.9,8.9,2.2,297,29.1,3
富士山根,2026-08-01,00,0.5,6.3,1.5,159,28.6,3
富士山根,2026-08-01,03,0.5,6.3,1.3,61,28.6,3
富士山根,2026-08-01,06,0.4,6.5,1.8,19,28.7,2
富士山根,2026-08-01,09,0.4,6.3,2.3,52,28.9,3
富士山根,2026-08-01,12,0.5,6.3,1.7,141,29.4,3
富士山根,2026-08-01,15,0.5,6.8,4.5,217,29.7,2
富士山根,2026-08-01,18,0.5,7.2,2.6,210,29.5,3
富士山根,2026-08-01,21,0.4,7.7,0.6,121,29.1,3
川津沖,2026-08-01,00,0.8,7.8,1.8,197,28.4,3
川津沖,2026-08-01,03,0.8,7.8,1.0,213,28.3,3
川津沖,2026-08-01,06,0.8,7.8,1.0,227,28.3,3
川津沖,2026-08-01,09,0.8,7.8,1.2,78,28.4,3
川津沖,2026-08-01,12,0.8,8.0,3.0,126,28.9,51
川津沖,2026-08-01,15,0.8,8.2,2.0,163,29.3,3
川津沖,2026-08-01,18,0.8,8.6,2.2,207,29.2,3
川津沖,2026-08-01,21,0.8,8.7,2.3,289,29.0,3
下浦沖,2026-08-01,00,0.4,5.7,1.5,159,28.9,3
下浦沖,2026-08-01,03,0.4,5.7,1.3,61,28.8,3
下浦沖,2026-08-01,06,0.4,5.7,1.8,19,28.7,2
下浦沖,2026-08-01,09,0.4,5.6,2.3,52,28.8,3
下浦沖,2026-08-01,12,0.4,5.6,1.7,141,29.4,3
下浦沖,2026-08-01,15,0.4,5.7,4.5,217,29.8,2
下浦沖,2026-08-01,18,0.4,5.9,2.6,210,29.7,3
下浦沖,2026-08-01,21,0.4,6.2,0.6,121,29.3,3
興津沖,2026-08-01,00,0.8,7.8,1.8,197,28.4,3
興津沖,2026-08-01,03,0.8,7.8,1.0,213,28.3,3
興津沖,2026-08-01,06,0.8,7.8,1.0,227,28.3,3
興津沖,2026-08-01,09,0.8,7.8,1.2,78,28.4,3
興津沖,2026-08-01,12,0.8,8.0,3.0,126,28.9,51
興津沖,2026-08-01,15,0.8,8.2,2.0,163,29.3,3
興津沖,2026-08-01,18,0.8,8.6,2.2,207,29.2,3
興津沖,2026-08-01,21,0.8,8.7,2.3,289,29.0,3
長井西沖,2026-08-01,00,0.5,6.3,1.5,159,28.6,3
長井西沖,2026-08-01,03,0.5,6.3,1.3,61,28.6,3
長井西沖,2026-08-01,06,0.4,6.5,1.8,19,28.7,2
長井西沖,2026-08-01,09,0.4,6.3,2.3,52,28.9,3
長井西沖,2026-08-01,12,0.5,6.3,1.7,141,29.4,3
長井西沖,2026-08-01,15,0.5,6.8,4.5,217,29.7,2
長井西沖,2026-08-01,18,0.5,7.2,2.6,210,29.5,3
長井西沖,2026-08-01,21,0.4,7.7,0.6,121,29.1,3
長井沖,2026-08-01,00,0.5,5.9,1.5,159,29.0,3
長井沖,2026-08-01,03,0.4,5.9,1.3,61,28.9,3
長井沖,2026-08-01,06,0.4,6.0,1.8,19,28.9,2
長井沖,2026-08-01,09,0.4,5.8,2.3,52,29.0,3
長井沖,2026-08-01,12,0.4,5.8,1.7,141,29.5,3
長井沖,2026-08-01,15,0.4,6.1,4.5,217,30.0,2
長井沖,2026-08-01,18,0.4,6.4,2.6,210,29.8,3
長井沖,2026-08-01,21,0.4,6.8,0.6,121,29.5,3
三戸浜沖,2026-08-01,00,0.5,5.9,1.5,159,29.0,3
三戸浜沖,2026-08-01,03,0.4,5.9,1.3,61,28.9,3
三戸浜沖,2026-08-01,06,0.4,6.0,1.8,19,28.9,2
三戸浜沖,2026-08-01,09,0.4,5.8,2.3,52,29.0,3
三戸浜沖,2026-08-01,12,0.4,5.8,1.7,141,29.5,3
三戸浜沖,2026-08-01,15,0.4,6.1,4.5,217,30.0,2
三戸浜沖,2026-08-01,18,0.4,6.4,2.6,210,29.8,3
三戸浜沖,2026-08-01,21,0.4,6.8,0.6,121,29.5,3
金谷沖,2026-08-01,00,0.4,5.5,1.5,159,28.8,3
金谷沖,2026-08-01,03,0.4,5.5,1.3,61,28.7,3
金谷沖,2026-08-01,06,0.4,5.5,1.8,19,28.6,2
金谷沖,2026-08-01,09,0.4,5.3,2.3,52,28.8,3
金谷沖,2026-08-01,12,0.4,5.3,1.7,141,29.3,3
金谷沖,2026-08-01,15,0.4,5.4,4.5,217,29.8,2
金谷沖,2026-08-01,18,0.4,5.5,2.6,210,29.7,3
金谷沖,2026-08-01,21,0.4,5.8,0.6,121,29.3,3
佐島沖,2026-08-01,00,0.5,5.9,1.5,159,29.0,3
佐島沖,2026-08-01,03,0.4,5.9,1.3,61,28.9,3
佐島沖,2026-08-01,06,0.4,6.0,1.8,19,28.9,2
佐島沖,2026-08-01,09,0.4,5.8,2.3,52,29.0,3
佐島沖,2026-08-01,12,0.4,5.8,1.7,141,29.5,3
佐島沖,2026-08-01,15,0.4,6.1,4.5,217,30.0,2
佐島沖,2026-08-01,18,0.4,6.4,2.6,210,29.8,3
佐島沖,2026-08-01,21,0.4,6.8,0.6,121,29.5,3
小田原南沖,2026-08-01,00,0.4,7.3,1.7,335,28.7,3
小田原南沖,2026-08-01,03,0.4,7.2,1.7,324,28.5,3
小田原南沖,2026-08-01,06,0.4,7.2,1.2,305,28.4,2
小田原南沖,2026-08-01,09,0.4,7.2,1.1,103,28.6,3
小田原南沖,2026-08-01,12,0.4,7.5,2.5,160,29.1,2
小田原南沖,2026-08-01,15,0.4,8.1,1.8,164,29.6,2
小田原南沖,2026-08-01,18,0.4,8.7,1.8,202,29.4,3
小田原南沖,2026-08-01,21,0.4,8.9,0.3,321,29.0,3
瀬の海,2026-08-01,00,0.5,7.0,0.4,111,28.7,3
瀬の海,2026-08-01,03,0.5,6.9,1.3,25,28.6,3
瀬の海,2026-08-01,06,0.4,7.0,1.4,352,28.6,2
瀬の海,2026-08-01,09,0.4,7.0,0.1,207,28.8,3
瀬の海,2026-08-01,12,0.4,7.2,5.0,190,29.2,3
瀬の海,2026-08-01,15,0.4,7.8,2.4,216,29.6,3
瀬の海,2026-08-01,18,0.4,8.3,2.7,176,29.4,3
瀬の海,2026-08-01,21,0.4,8.6,0.8,130,29.1,3
秋谷沖,2026-08-01,00,0.5,6.3,1.5,159,28.6,3
秋谷沖,2026-08-01,03,0.5,6.3,1.3,61,28.6,3
秋谷沖,2026-08-01,06,0.4,6.5,1.8,19,28.7,2
秋谷沖,2026-08-01,09,0.4,6.3,2.3,52,28.9,3
秋谷沖,2026-08-01,12,0.5,6.3,1.7,141,29.4,3
秋谷沖,2026-08-01,15,0.5,6.8,4.5,217,29.7,2
秋谷沖,2026-08-01,18,0.5,7.2,2.6,210,29.5,3
秋谷沖,2026-08-01,21,0.4,7.7,0.6,121,29.1,3
竹岡沖,2026-08-01,00,0.4,5.5,1.6,154,28.8,3
竹岡沖,2026-08-01,03,0.4,5.5,1.1,82,28.7,3
竹岡沖,2026-08-01,06,0.4,5.5,1.1,13,28.6,2
竹岡沖,2026-08-01,09,0.4,5.3,2.3,23,28.8,3
竹岡沖,2026-08-01,12,0.4,5.3,2.5,43,29.3,3
竹岡沖,2026-08-01,15,0.4,5.4,4.0,215,29.8,2
竹岡沖,2026-08-01,18,0.4,5.5,3.4,214,29.7,3
竹岡沖,2026-08-01,21,0.4,5.8,1.7,187,29.3,3
部原沖,2026-08-01,00,0.8,8.0,2.1,202,28.4,3
部原沖,2026-08-01,03,0.8,8.0,1.2,203,28.3,3
部原沖,2026-08-01,06,0.8,7.9,1.4,224,28.3,3
部原沖,2026-08-01,09,0.8,7.8,0.7,157,28.4,3
部原沖,2026-08-01,12,0.8,8.1,2.5,150,29.0,51
部原沖,2026-08-01,15,0.9,8.6,1.8,193,29.4,3
部原沖,2026-08-01,18,0.9,8.8,1.7,224,29.3,3
部原沖,2026-08-01,21,0.9,8.9,2.2,297,29.1,3
小田原西沖,2026-08-01,00,0.4,7.3,1.7,335,28.7,3
小田原西沖,2026-08-01,03,0.4,7.2,1.7,324,28.5,3
小田原西沖,2026-08-01,06,0.4,7.2,1.2,305,28.4,2
小田原西沖,2026-08-01,09,0.4,7.2,1.1,103,28.6,3
小田原西沖,2026-08-01,12,0.4,7.5,2.5,160,29.1,2
小田原西沖,2026-08-01,15,0.4,8.1,1.8,164,29.6,2
小田原西沖,2026-08-01,18,0.4,8.7,1.8,202,29.4,3
小田原西沖,2026-08-01,21,0.4,8.9,0.3,321,29.0,3
小田原沖,2026-08-01,00,0.4,7.3,1.7,335,28.7,3
小田原沖,2026-08-01,03,0.4,7.2,1.7,324,28.5,3
小田原沖,2026-08-01,06,0.4,7.2,1.2,305,28.4,2
小田原沖,2026-08-01,09,0.4,7.2,1.1,103,28.6,3
小田原沖,2026-08-01,12,0.4,7.5,2.5,160,29.1,2
小田原沖,2026-08-01,15,0.4,8.1,1.8,164,29.6,2
小田原沖,2026-08-01,18,0.4,8.7,1.8,202,29.4,3
小田原沖,2026-08-01,21,0.4,8.9,0.3,321,29.0,3
小田原東沖,2026-08-01,00,0.4,7.3,1.7,335,28.7,3
小田原東沖,2026-08-01,03,0.4,7.2,1.7,324,28.5,3
小田原東沖,2026-08-01,06,0.4,7.2,1.2,305,28.4,2
小田原東沖,2026-08-01,09,0.4,7.2,1.1,103,28.6,3
小田原東沖,2026-08-01,12,0.4,7.5,2.5,160,29.1,2
小田原東沖,2026-08-01,15,0.4,8.1,1.8,164,29.6,2
小田原東沖,2026-08-01,18,0.4,8.7,1.8,202,29.4,3
小田原東沖,2026-08-01,21,0.4,8.9,0.3,321,29.0,3
久里浜沖,2026-08-01,00,0.4,5.7,1.5,159,28.9,3
久里浜沖,2026-08-01,03,0.4,5.7,1.3,61,28.8,3
久里浜沖,2026-08-01,06,0.4,5.7,1.8,19,28.7,2
久里浜沖,2026-08-01,09,0.4,5.6,2.3,52,28.8,3
久里浜沖,2026-08-01,12,0.4,5.6,1.7,141,29.4,3
久里浜沖,2026-08-01,15,0.4,5.7,4.5,217,29.8,2
久里浜沖,2026-08-01,18,0.4,5.9,2.6,210,29.7,3
久里浜沖,2026-08-01,21,0.4,6.2,0.6,121,29.3,3
国府津沖,2026-08-01,00,0.4,7.3,0.4,304,28.7,3
国府津沖,2026-08-01,03,0.4,7.2,0.8,327,28.5,3
国府津沖,2026-08-01,06,0.4,7.2,1.0,317,28.4,2
国府津沖,2026-08-01,09,0.4,7.2,0.9,144,28.6,3
国府津沖,2026-08-01,12,0.4,7.5,3.9,171,29.1,3
国府津沖,2026-08-01,15,0.4,8.1,1.9,186,29.6,3
国府津沖,2026-08-01,18,0.4,8.7,1.6,166,29.4,3
国府津沖,2026-08-01,21,0.4,8.9,0.1,63,29.0,3
葉山南沖,2026-08-01,00,0.4,6.0,1.5,159,29.2,3
葉山南沖,2026-08-01,03,0.4,6.0,1.3,61,29.2,3
葉山南沖,2026-08-01,06,0.4,6.0,1.8,19,29.2,2
葉山南沖,2026-08-01,09,0.4,6.0,2.3,52,29.3,3
葉山南沖,2026-08-01,12,0.4,6.0,1.7,141,29.8,3
葉山南沖,2026-08-01,15,0.4,6.2,4.5,217,30.1,2
葉山南沖,2026-08-01,18,0.4,6.5,2.6,210,30.0,3
葉山南沖,2026-08-01,21,0.3,6.8,0.6,121,29.7,3
エボシ沖,2026-08-01,00,0.4,6.0,1.5,159,29.2,3
エボシ沖,2026-08-01,03,0.4,6.0,1.3,61,29.2,3
エボシ沖,2026-08-01,06,0.4,6.0,1.8,19,29.2,2
エボシ沖,2026-08-01,09,0.4,6.0,2.3,52,29.3,3
エボシ沖,2026-08-01,12,0.4,6.0,1.7,141,29.8,3
エボシ沖,2026-08-01,15,0.4,6.2,4.5,217,30.1,2
エボシ沖,2026-08-01,18,0.4,6.5,2.6,210,30.0,3
エボシ沖,2026-08-01,21,0.3,6.8,0.6,121,29.7,3
観音崎沖ｍ,2026-08-01,00,0.3,5.4,1.5,159,28.5,3
観音崎沖ｍ,2026-08-01,03,0.3,5.3,1.3,61,28.4,3
観音崎沖ｍ,2026-08-01,06,0.3,5.4,1.8,19,28.4,2
観音崎沖ｍ,2026-08-01,09,0.3,5.2,2.3,52,28.6,3
観音崎沖ｍ,2026-08-01,12,0.3,5.2,1.7,141,29.2,3
観音崎沖ｍ,2026-08-01,15,0.3,5.2,4.5,217,29.8,2
観音崎沖ｍ,2026-08-01,18,0.3,5.3,2.6,210,29.5,3
観音崎沖ｍ,2026-08-01,21,0.3,5.7,0.6,121,29.1,3
浦賀沖,2026-08-01,00,0.3,5.4,1.5,159,28.5,3
浦賀沖,2026-08-01,03,0.3,5.3,1.3,61,28.4,3
浦賀沖,2026-08-01,06,0.3,5.4,1.8,19,28.4,2
浦賀沖,2026-08-01,09,0.3,5.2,2.3,52,28.6,3
浦賀沖,2026-08-01,12,0.3,5.2,1.7,141,29.2,3
浦賀沖,2026-08-01,15,0.3,5.2,4.5,217,29.8,2
浦賀沖,2026-08-01,18,0.3,5.3,2.6,210,29.5,3
浦賀沖,2026-08-01,21,0.3,5.7,0.6,121,29.1,3
鎌倉沖,2026-08-01,00,0.4,6.0,1.4,119,29.2,3
鎌倉沖,2026-08-01,03,0.4,6.0,1.4,60,29.2,3
鎌倉沖,2026-08-01,06,0.4,6.0,1.3,31,29.2,2
鎌倉沖,2026-08-01,09,0.4,6.0,0.7,326,29.3,3
鎌倉沖,2026-08-01,12,0.4,6.0,3.5,191,29.8,3
鎌倉沖,2026-08-01,15,0.4,6.2,2.7,239,30.1,3
鎌倉沖,2026-08-01,18,0.4,6.5,2.5,191,30.0,3
鎌倉沖,2026-08-01,21,0.3,6.8,0.7,132,29.7,3
葉山沖,2026-08-01,00,0.4,6.0,1.1,128,29.2,3
葉山沖,2026-08-01,03,0.4,6.0,1.2,47,29.2,3
葉山沖,2026-08-01,06,0.4,6.0,1.3,31,29.2,2
葉山沖,2026-08-01,09,0.4,6.0,2.0,51,29.3,3
葉山沖,2026-08-01,12,0.4,6.0,2.5,121,29.8,3
葉山沖,2026-08-01,15,0.4,6.2,3.5,218,30.1,2
葉山沖,2026-08-01,18,0.4,6.5,2.8,187,30.0,3
葉山沖,2026-08-01,21,0.3,6.8,0.8,176,29.7,3
大貫沖,2026-08-01,00,0.3,5.3,1.6,154,28.6,3
大貫沖,2026-08-01,03,0.3,5.2,1.1,82,28.5,3
大貫沖,2026-08-01,06,0.3,5.2,1.1,13,28.6,2
大貫沖,2026-08-01,09,0.3,5.2,2.3,23,28.8,3
大貫沖,2026-08-01,12,0.3,5.1,2.5,43,29.4,3
大貫沖,2026-08-01,15,0.3,5.1,4.0,215,29.9,2
大貫沖,2026-08-01,18,0.3,5.1,3.4,214,29.7,3
大貫沖,2026-08-01,21,0.3,5.3,1.7,187,29.3,3
大原沖,2026-08-01,00,0.7,8.0,1.8,197,28.3,3
大原沖,2026-08-01,03,0.7,8.0,1.0,213,28.2,3
大原沖,2026-08-01,06,0.7,8.1,1.0,227,28.3,3
大原沖,2026-08-01,09,0.7,8.2,1.2,78,28.4,3
大原沖,2026-08-01,12,0.8,8.3,3.0,126,28.9,51
大原沖,2026-08-01,15,0.8,8.7,2.0,163,29.4,3
大原沖,2026-08-01,18,0.8,9.0,2.2,207,29.3,3
大原沖,2026-08-01,21,0.8,9.1,2.3,289,29.0,3
江の島沖,2026-08-01,00,0.4,6.3,1.4,119,28.9,3
江の島沖,2026-08-01,03,0.4,6.2,1.4,60,28.8,3
江の島沖,2026-08-01,06,0.4,6.3,1.3,31,28.9,2
江の島沖,2026-08-01,09,0.4,6.3,0.7,326,29.0,3
江の島沖,2026-08-01,12,0.4,6.3,3.5,191,29.4,3
江の島沖,2026-08-01,15,0.4,6.7,2.7,239,29.7,3
江の島沖,2026-08-01,18,0.4,7.1,2.5,191,29.5,3
江の島沖,2026-08-01,21,0.4,7.5,0.7,132,29.3,3
小坪沖,2026-08-01,00,0.4,6.0,1.1,128,29.2,3
小坪沖,2026-08-01,03,0.4,6.0,1.2,47,29.2,3
小坪沖,2026-08-01,06,0.4,6.0,1.3,31,29.2,2
小坪沖,2026-08-01,09,0.4,6.0,2.0,51,29.3,3
小坪沖,2026-08-01,12,0.4,6.0,2.5,121,29.8,3
小坪沖,2026-08-01,15,0.4,6.2,3.5,218,30.1,2
小坪沖,2026-08-01,18,0.4,6.5,2.8,187,30.0,3
小坪沖,2026-08-01,21,0.3,6.8,0.8,176,29.7,3
横須賀沖,2026-08-01,00,0.3,5.4,1.5,159,28.5,3
横須賀沖,2026-08-01,03,0.3,5.3,1.3,61,28.4,3
横須賀沖,2026-08-01,06,0.3,5.4,1.8,19,28.4,2
横須賀沖,2026-08-01,09,0.3,5.2,2.3,52,28.6,3
横須賀沖,2026-08-01,12,0.3,5.2,1.7,141,29.2,3
横須賀沖,2026-08-01,15,0.3,5.2,4.5,217,29.8,2
横須賀沖,2026-08-01,18,0.3,5.3,2.6,210,29.5,3
横須賀沖,2026-08-01,21,0.3,5.7,0.6,121,29.1,3
観音崎沖～横須賀沖,2026-08-01,00,0.3,5.4,1.5,159,28.5,3
観音崎沖～横須賀沖,2026-08-01,03,0.3,5.3,1.3,61,28.4,3
観音崎沖～横須賀沖,2026-08-01,06,0.3,5.4,1.8,19,28.4,2
観音崎沖～横須賀沖,2026-08-01,09,0.3,5.2,2.3,52,28.6,3
観音崎沖～横須賀沖,2026-08-01,12,0.3,5.2,1.7,141,29.2,3
観音崎沖～横須賀沖,2026-08-01,15,0.3,5.2,4.5,217,29.8,2
観音崎沖～横須賀沖,2026-08-01,18,0.3,5.3,2.6,210,29.5,3
観音崎沖～横須賀沖,2026-08-01,21,0.3,5.7,0.6,121,29.1,3
観音崎沖,2026-08-01,00,0.3,5.4,1.5,159,28.5,3
観音崎沖,2026-08-01,03,0.3,5.3,1.3,61,28.4,3
観音崎沖,2026-08-01,06,0.3,5.4,1.8,19,28.4,2
観音崎沖,2026-08-01,09,0.3,5.2,2.3,52,28.6,3
観音崎沖,2026-08-01,12,0.3,5.2,1.7,141,29.2,3
観音崎沖,2026-08-01,15,0.3,5.2,4.5,217,29.8,2
観音崎沖,2026-08-01,18,0.3,5.3,2.6,210,29.5,3
観音崎沖,2026-08-01,21,0.3,5.7,0.6,121,29.1,3
富津南沖,2026-08-01,00,0.3,5.3,1.6,154,28.6,3
富津南沖,2026-08-01,03,0.3,5.2,1.1,82,28.5,3
富津南沖,2026-08-01,06,0.3,5.2,1.1,13,28.6,2
富津南沖,2026-08-01,09,0.3,5.2,2.3,23,28.8,3
富津南沖,2026-08-01,12,0.3,5.1,2.5,43,29.4,3
富津南沖,2026-08-01,15,0.3,5.1,4.0,215,29.9,2
富津南沖,2026-08-01,18,0.3,5.1,3.4,214,29.7,3
富津南沖,2026-08-01,21,0.3,5.3,1.7,187,29.3,3
大貫沖～猿島沖,2026-08-01,00,0.3,5.4,1.5,159,28.5,3
大貫沖～猿島沖,2026-08-01,03,0.3,5.3,1.3,61,28.4,3
大貫沖～猿島沖,2026-08-01,06,0.3,5.4,1.8,19,28.4,2
大貫沖～猿島沖,2026-08-01,09,0.3,5.2,2.3,52,28.6,3
大貫沖～猿島沖,2026-08-01,12,0.3,5.2,1.7,141,29.2,3
大貫沖～猿島沖,2026-08-01,15,0.3,5.2,4.5,217,29.8,2
大貫沖～猿島沖,2026-08-01,18,0.3,5.3,2.6,210,29.5,3
大貫沖～猿島沖,2026-08-01,21,0.3,5.7,0.6,121,29.1,3
二宮沖,2026-08-01,00,0.4,6.8,0.4,304,28.8,3
二宮沖,2026-08-01,03,0.4,6.7,0.8,327,28.6,3
二宮沖,2026-08-01,06,0.4,6.7,1.0,317,28.6,2
二宮沖,2026-08-01,09,0.4,6.8,0.9,144,28.8,3
二宮沖,2026-08-01,12,0.4,6.8,3.9,171,29.3,3
二宮沖,2026-08-01,15,0.4,7.3,1.9,186,29.8,3
二宮沖,2026-08-01,18,0.4,7.8,1.6,166,29.6,3
二宮沖,2026-08-01,21,0.4,8.1,0.1,63,29.3,3
小坪西沖,2026-08-01,00,0.4,6.0,1.4,119,29.2,3
小坪西沖,2026-08-01,03,0.4,6.0,1.4,60,29.2,3
小坪西沖,2026-08-01,06,0.4,6.0,1.3,31,29.2,2
小坪西沖,2026-08-01,09,0.4,6.0,0.7,326,29.3,3
小坪西沖,2026-08-01,12,0.4,6.0,3.5,191,29.8,3
小坪西沖,2026-08-01,15,0.4,6.2,2.7,239,30.1,3
小坪西沖,2026-08-01,18,0.4,6.5,2.5,191,30.0,3
小坪西沖,2026-08-01,21,0.3,6.8,0.7,132,29.7,3
大津沖,2026-08-01,00,0.3,5.6,1.5,159,28.5,3
大津沖,2026-08-01,03,0.3,5.5,1.3,61,28.4,3
大津沖,2026-08-01,06,0.3,5.6,1.8,19,28.4,2
大津沖,2026-08-01,09,0.3,5.5,2.3,52,28.6,3
大津沖,2026-08-01,12,0.3,5.5,1.7,141,29.2,3
大津沖,2026-08-01,15,0.3,5.6,4.5,217,29.8,2
大津沖,2026-08-01,18,0.3,5.8,2.6,210,29.5,3
大津沖,2026-08-01,21,0.3,6.1,0.6,121,29.1,3
木更津沖～竹岡沖,2026-08-01,00,0.3,5.3,1.6,154,28.9,3
木更津沖～竹岡沖,2026-08-01,03,0.3,5.2,1.1,82,28.8,3
木更津沖～竹岡沖,2026-08-01,06,0.3,5.2,1.1,13,28.8,2
木更津沖～竹岡沖,2026-08-01,09,0.3,5.2,2.3,23,29.0,3
木更津沖～竹岡沖,2026-08-01,12,0.3,5.1,2.5,43,29.4,3
木更津沖～竹岡沖,2026-08-01,15,0.3,5.1,4.0,215,29.8,2
木更津沖～竹岡沖,2026-08-01,18,0.3,5.1,3.4,214,29.7,3
木更津沖～竹岡沖,2026-08-01,21,0.3,5.3,1.7,187,29.4,3
平塚西沖,2026-08-01,00,0.4,6.8,0.4,304,28.8,3
平塚西沖,2026-08-01,03,0.4,6.7,0.8,327,28.6,3
平塚西沖,2026-08-01,06,0.4,6.7,1.0,317,28.6,2
平塚西沖,2026-08-01,09,0.4,6.8,0.9,144,28.8,3
平塚西沖,2026-08-01,12,0.4,6.8,3.9,171,29.3,3
平塚西沖,2026-08-01,15,0.4,7.3,1.9,186,29.8,3
平塚西沖,2026-08-01,18,0.4,7.8,1.6,166,29.6,3
平塚西沖,2026-08-01,21,0.4,8.1,0.1,63,29.3,3
大磯沖,2026-08-01,00,0.4,6.8,0.4,111,28.8,3
大磯沖,2026-08-01,03,0.4,6.7,1.3,25,28.6,3
大磯沖,2026-08-01,06,0.4,6.7,1.4,352,28.6,2
大磯沖,2026-08-01,09,0.4,6.8,0.1,207,28.8,3
大磯沖,2026-08-01,12,0.4,6.8,5.0,190,29.3,3
大磯沖,2026-08-01,15,0.4,7.3,2.4,216,29.8,3
大磯沖,2026-08-01,18,0.4,7.8,2.7,176,29.6,3
大磯沖,2026-08-01,21,0.4,8.1,0.8,130,29.3,3
平塚東沖,2026-08-01,00,0.4,6.7,0.4,111,29.0,3
平塚東沖,2026-08-01,03,0.4,6.5,1.3,25,28.9,3
平塚東沖,2026-08-01,06,0.4,6.6,1.4,352,28.9,2
平塚東沖,2026-08-01,09,0.4,6.6,0.1,207,29.0,3
平塚東沖,2026-08-01,12,0.4,6.7,5.0,190,29.5,3
平塚東沖,2026-08-01,15,0.4,7.2,2.4,216,29.9,3
平塚東沖,2026-08-01,18,0.4,7.6,2.7,176,29.7,3
平塚東沖,2026-08-01,21,0.4,7.9,0.8,130,29.4,3
茅ヶ崎西沖,2026-08-01,00,0.4,6.7,0.4,111,29.0,3
茅ヶ崎西沖,2026-08-01,03,0.4,6.5,1.3,25,28.9,3
茅ヶ崎西沖,2026-08-01,06,0.4,6.6,1.4,352,28.9,2
茅ヶ崎西沖,2026-08-01,09,0.4,6.6,0.1,207,29.0,3
茅ヶ崎西沖,2026-08-01,12,0.4,6.7,5.0,190,29.5,3
茅ヶ崎西沖,2026-08-01,15,0.4,7.2,2.4,216,29.9,3
茅ヶ崎西沖,2026-08-01,18,0.4,7.6,2.7,176,29.7,3
茅ヶ崎西沖,2026-08-01,21,0.4,7.9,0.8,130,29.4,3
大磯東沖,2026-08-01,00,0.4,6.7,0.4,111,29.0,3
大磯東沖,2026-08-01,03,0.4,6.5,1.3,25,28.9,3
大磯東沖,2026-08-01,06,0.4,6.6,1.4,352,28.9,2
大磯東沖,2026-08-01,09,0.4,6.6,0.1,207,29.0,3
大磯東沖,2026-08-01,12,0.4,6.7,5.0,190,29.5,3
大磯東沖,2026-08-01,15,0.4,7.2,2.4,216,29.9,3
大磯東沖,2026-08-01,18,0.4,7.6,2.7,176,29.7,3
大磯東沖,2026-08-01,21,0.4,7.9,0.8,130,29.4,3
茅ヶ崎沖,2026-08-01,00,0.4,6.7,0.4,111,29.0,3
茅ヶ崎沖,2026-08-01,03,0.4,6.5,1.3,25,28.9,3
茅ヶ崎沖,2026-08-01,06,0.4,6.6,1.4,352,28.9,2
茅ヶ崎沖,2026-08-01,09,0.4,6.6,0.1,207,29.0,3
茅ヶ崎沖,2026-08-01,12,0.4,6.7,5.0,190,29.5,3
茅ヶ崎沖,2026-08-01,15,0.4,7.2,2.4,216,29.9,3
茅ヶ崎沖,2026-08-01,18,0.4,7.6,2.7,176,29.7,3
茅ヶ崎沖,2026-08-01,21,0.4,7.9,0.8,130,29.4,3
茅ヶ崎東沖,2026-08-01,00,0.4,6.3,1.4,119,28.9,3
茅ヶ崎東沖,2026-08-01,03,0.4,6.2,1.4,60,28.8,3
茅ヶ崎東沖,2026-08-01,06,0.4,6.3,1.3,31,28.9,2
茅ヶ崎東沖,2026-08-01,09,0.4,6.3,0.7,326,29.0,3
茅ヶ崎東沖,2026-08-01,12,0.4,6.3,3.5,191,29.4,3
茅ヶ崎東沖,2026-08-01,15,0.4,6.7,2.7,239,29.7,3
茅ヶ崎東沖,2026-08-01,18,0.4,7.1,2.5,191,29.5,3
茅ヶ崎東沖,2026-08-01,21,0.4,7.5,0.7,132,29.3,3
猿島沖,2026-08-01,00,0.3,5.4,1.5,159,28.5,3
猿島沖,2026-08-01,03,0.3,5.3,1.3,61,28.4,3
猿島沖,2026-08-01,06,0.3,5.4,1.8,19,28.4,2
猿島沖,2026-08-01,09,0.3,5.2,2.3,52,28.6,3
猿島沖,2026-08-01,12,0.3,5.2,1.7,141,29.2,3
猿島沖,2026-08-01,15,0.3,5.2,4.5,217,29.8,2
猿島沖,2026-08-01,18,0.3,5.3,2.6,210,29.5,3
猿島沖,2026-08-01,21,0.3,5.7,0.6,121,29.1,3
走水沖,2026-08-01,00,0.3,5.3,1.6,154,28.6,3
走水沖,2026-08-01,03,0.3,5.2,1.1,82,28.5,3
走水沖,2026-08-01,06,0.3,5.2,1.1,13,28.6,2
走水沖,2026-08-01,09,0.3,5.2,2.3,23,28.8,3
走水沖,2026-08-01,12,0.3,5.1,2.5,43,29.4,3
走水沖,2026-08-01,15,0.3,5.1,4.0,215,29.9,2
走水沖,2026-08-01,18,0.3,5.1,3.4,214,29.7,3
走水沖,2026-08-01,21,0.3,5.3,1.7,187,29.3,3
海堡沖～竹岡沖,2026-08-01,00,0.3,5.3,1.6,154,28.6,3
海堡沖～竹岡沖,2026-08-01,03,0.3,5.2,1.1,82,28.5,3
海堡沖～竹岡沖,2026-08-01,06,0.3,5.2,1.1,13,28.6,2
海堡沖～竹岡沖,2026-08-01,09,0.3,5.2,2.3,23,28.8,3
海堡沖～竹岡沖,2026-08-01,12,0.3,5.1,2.5,43,29.4,3
海堡沖～竹岡沖,2026-08-01,15,0.3,5.1,4.0,215,29.9,2
海堡沖～竹岡沖,2026-08-01,18,0.3,5.1,3.4,214,29.7,3
海堡沖～竹岡沖,2026-08-01,21,0.3,5.3,1.7,187,29.3,3
太東沖,2026-08-01,00,0.7,8.0,1.3,169,25.9,3
太東沖,2026-08-01,03,0.7,8.0,0.7,234,25.8,3
太東沖,2026-08-01,06,0.7,8.1,0.6,345,25.9,3
太東沖,2026-08-01,09,0.7,8.2,1.1,29,26.1,3
太東沖,2026-08-01,12,0.8,8.3,3.3,118,26.8,2
太東沖,2026-08-01,15,0.8,8.7,2.5,144,27.3,3
太東沖,2026-08-01,18,0.8,9.0,2.4,170,27.3,3
太東沖,2026-08-01,21,0.8,9.1,1.9,299,27.0,3
海堡沖,2026-08-01,00,0.3,5.3,1.6,154,28.6,3
海堡沖,2026-08-01,03,0.3,5.2,1.1,82,28.5,3
海堡沖,2026-08-01,06,0.3,5.2,1.1,13,28.6,2
海堡沖,2026-08-01,09,0.3,5.2,2.3,23,28.8,3
海堡沖,2026-08-01,12,0.3,5.1,2.5,43,29.4,3
海堡沖,2026-08-01,15,0.3,5.1,4.0,215,29.9,2
海堡沖,2026-08-01,18,0.3,5.1,3.4,214,29.7,3
海堡沖,2026-08-01,21,0.3,5.3,1.7,187,29.3,3
富津沖,2026-08-01,00,0.3,5.3,1.6,154,28.6,3
富津沖,2026-08-01,03,0.3,5.2,1.1,82,28.5,3
富津沖,2026-08-01,06,0.3,5.2,1.1,13,28.6,2
富津沖,2026-08-01,09,0.3,5.2,2.3,23,28.8,3
富津沖,2026-08-01,12,0.3,5.1,2.5,43,29.4,3
富津沖,2026-08-01,15,0.3,5.1,4.0,215,29.9,2
富津沖,2026-08-01,18,0.3,5.1,3.4,214,29.7,3
富津沖,2026-08-01,21,0.3,5.3,1.7,187,29.3,3
港前,2026-08-01,00,0.3,5.6,1.1,128,29.2,3
港前,2026-08-01,03,0.3,5.5,1.2,47,29.2,3
港前,2026-08-01,06,0.3,5.6,1.3,31,29.2,2
港前,2026-08-01,09,0.3,5.5,2.0,51,29.3,3
港前,2026-08-01,12,0.3,5.5,2.5,121,29.8,3
港前,2026-08-01,15,0.3,5.6,3.5,218,30.1,2
港前,2026-08-01,18,0.3,5.8,2.8,187,30.0,3
港前,2026-08-01,21,0.3,6.1,0.8,176,29.7,3
鴨居沖,2026-08-01,00,0.3,5.6,1.1,128,28.5,3
鴨居沖,2026-08-01,03,0.3,5.5,1.2,47,28.4,3
鴨居沖,2026-08-01,06,0.3,5.6,1.3,31,28.4,2
鴨居沖,2026-08-01,09,0.3,5.5,2.0,51,28.6,3
鴨居沖,2026-08-01,12,0.3,5.5,2.5,121,29.3,3
鴨居沖,2026-08-01,15,0.3,5.6,3.5,218,29.9,2
鴨居沖,2026-08-01,18,0.3,5.8,2.8,187,29.7,3
鴨居沖,2026-08-01,21,0.3,6.1,0.8,176,29.2,3
木更津沖～富津沖,2026-08-01,00,0.2,5.1,1.6,154,29.0,3
木更津沖～富津沖,2026-08-01,03,0.2,5.1,1.1,82,28.9,3
木更津沖～富津沖,2026-08-01,06,0.2,5.1,1.1,13,28.9,2
木更津沖～富津沖,2026-08-01,09,0.2,5.0,2.3,23,29.1,3
木更津沖～富津沖,2026-08-01,12,0.2,5.0,2.5,43,29.5,3
木更津沖～富津沖,2026-08-01,15,0.2,4.9,4.0,215,29.9,2
木更津沖～富津沖,2026-08-01,18,0.2,4.8,3.4,214,29.8,3
木更津沖～富津沖,2026-08-01,21,0.2,5.0,1.7,187,29.5,3
横浜沖～観音崎沖,2026-08-01,00,0.3,5.4,1.5,159,28.5,3
横浜沖～観音崎沖,2026-08-01,03,0.3,5.3,1.3,61,28.4,3
横浜沖～観音崎沖,2026-08-01,06,0.3,5.4,1.8,19,28.4,2
横浜沖～観音崎沖,2026-08-01,09,0.3,5.2,2.3,52,28.6,3
横浜沖～観音崎沖,2026-08-01,12,0.3,5.2,1.7,141,29.3,3
横浜沖～観音崎沖,2026-08-01,15,0.3,5.2,4.5,217,29.9,2
横浜沖～観音崎沖,2026-08-01,18,0.3,5.3,2.6,210,29.7,3
横浜沖～観音崎沖,2026-08-01,21,0.3,5.7,0.6,121,29.2,3
中ノ瀬周り,2026-08-01,00,0.3,5.4,1.5,159,28.5,3
中ノ瀬周り,2026-08-01,03,0.3,5.3,1.3,61,28.4,3
中ノ瀬周り,2026-08-01,06,0.3,5.4,1.8,19,28.4,2
中ノ瀬周り,2026-08-01,09,0.3,5.2,2.3,52,28.6,3
中ノ瀬周り,2026-08-01,12,0.3,5.2,1.7,141,29.3,3
中ノ瀬周り,2026-08-01,15,0.3,5.2,4.5,217,29.9,2
中ノ瀬周り,2026-08-01,18,0.3,5.3,2.6,210,29.7,3
中ノ瀬周り,2026-08-01,21,0.3,5.7,0.6,121,29.2,3
鴨井沖,2026-08-01,00,0.8,8.0,2.8,193,26.0,3
鴨井沖,2026-08-01,03,0.8,8.1,1.6,191,25.9,3
鴨井沖,2026-08-01,06,0.8,8.2,1.1,229,26.0,3
鴨井沖,2026-08-01,09,0.8,8.4,2.8,55,26.2,3
鴨井沖,2026-08-01,12,0.8,8.6,2.3,127,26.7,3
鴨井沖,2026-08-01,15,0.8,8.9,3.5,179,27.2,3
鴨井沖,2026-08-01,18,0.8,9.2,3.8,194,27.1,3
鴨井沖,2026-08-01,21,0.9,9.3,1.7,291,26.9,3
富津沖～海堡,2026-08-01,00,0.2,5.1,1.6,154,28.9,3
富津沖～海堡,2026-08-01,03,0.2,5.1,1.1,82,28.7,3
富津沖～海堡,2026-08-01,06,0.2,5.1,1.1,13,28.7,2
富津沖～海堡,2026-08-01,09,0.2,5.0,2.3,23,28.9,3
富津沖～海堡,2026-08-01,12,0.2,5.0,2.5,43,29.5,3
富津沖～海堡,2026-08-01,15,0.2,4.9,4.0,215,30.0,2
富津沖～海堡,2026-08-01,18,0.2,4.8,3.4,214,29.8,3
富津沖～海堡,2026-08-01,21,0.2,5.0,1.7,187,29.4,3
富岡沖,2026-08-01,00,0.3,5.6,1.1,128,28.5,3
富岡沖,2026-08-01,03,0.3,5.5,1.2,47,28.4,3
富岡沖,2026-08-01,06,0.3,5.6,1.3,31,28.4,2
富岡沖,2026-08-01,09,0.3,5.5,2.0,51,28.6,3
富岡沖,2026-08-01,12,0.3,5.5,2.5,121,29.3,3
富岡沖,2026-08-01,15,0.3,5.6,3.5,218,29.9,2
富岡沖,2026-08-01,18,0.3,5.8,2.8,187,29.7,3
富岡沖,2026-08-01,21,0.3,6.1,0.8,176,29.2,3
小柴沖,2026-08-01,00,0.3,5.6,1.1,128,28.5,3
小柴沖,2026-08-01,03,0.3,5.5,1.2,47,28.4,3
小柴沖,2026-08-01,06,0.3,5.6,1.3,31,28.4,2
小柴沖,2026-08-01,09,0.3,5.5,2.0,51,28.6,3
小柴沖,2026-08-01,12,0.3,5.5,2.5,121,29.3,3
小柴沖,2026-08-01,15,0.3,5.6,3.5,218,29.9,2
小柴沖,2026-08-01,18,0.3,5.8,2.8,187,29.7,3
小柴沖,2026-08-01,21,0.3,6.1,0.8,176,29.2,3
木更津沖～富岡沖,2026-08-01,00,0.2,5.1,1.6,154,28.5,3
木更津沖～富岡沖,2026-08-01,03,0.2,5.1,1.1,82,28.4,3
木更津沖～富岡沖,2026-08-01,06,0.2,5.1,1.1,13,28.4,2
木更津沖～富岡沖,2026-08-01,09,0.2,5.0,2.3,23,28.6,3
木更津沖～富岡沖,2026-08-01,12,0.2,5.0,2.5,43,29.3,3
木更津沖～富岡沖,2026-08-01,15,0.2,4.9,4.0,215,29.9,2
木更津沖～富岡沖,2026-08-01,18,0.2,4.8,3.4,214,29.7,3
木更津沖～富岡沖,2026-08-01,21,0.2,5.0,1.7,187,29.2,3
八景沖,2026-08-01,00,0.3,5.6,1.1,128,28.5,3
八景沖,2026-08-01,03,0.3,5.5,1.2,47,28.4,3
八景沖,2026-08-01,06,0.3,5.6,1.3,31,28.4,2
八景沖,2026-08-01,09,0.3,5.5,2.0,51,28.6,3
八景沖,2026-08-01,12,0.3,5.5,2.5,121,29.3,3
八景沖,2026-08-01,15,0.3,5.6,3.5,218,29.9,2
八景沖,2026-08-01,18,0.3,5.8,2.8,187,29.7,3
八景沖,2026-08-01,21,0.3,6.1,0.8,176,29.2,3
長浦沖,2026-08-01,00,0.2,5.1,1.6,154,29.0,3
長浦沖,2026-08-01,03,0.2,5.1,1.1,82,28.9,3
長浦沖,2026-08-01,06,0.2,5.1,1.1,13,28.9,2
長浦沖,2026-08-01,09,0.2,5.0,2.3,23,29.1,3
長浦沖,2026-08-01,12,0.2,5.0,2.5,43,29.5,3
長浦沖,2026-08-01,15,0.2,4.9,4.0,215,29.9,2
長浦沖,2026-08-01,18,0.2,4.8,3.4,214,29.8,3
長浦沖,2026-08-01,21,0.2,5.0,1.7,187,29.5,3
木更津沖,2026-08-01,00,0.2,5.1,1.4,152,29.0,3
木更津沖,2026-08-01,03,0.2,5.1,1.0,108,28.9,3
木更津沖,2026-08-01,06,0.2,5.1,0.8,27,28.9,2
木更津沖,2026-08-01,09,0.2,5.0,1.3,11,29.1,3
木更津沖,2026-08-01,12,0.2,5.0,0.8,87,29.5,3
木更津沖,2026-08-01,15,0.2,4.9,0.9,155,29.9,2
木更津沖,2026-08-01,18,0.2,4.8,4.2,213,29.8,3
木更津沖,2026-08-01,21,0.2,5.0,2.5,200,29.5,3
一宮沖,2026-08-01,00,0.6,8.0,1.3,169,26.0,3
一宮沖,2026-08-01,03,0.7,8.0,0.7,234,25.9,3
一宮沖,2026-08-01,06,0.6,8.2,0.6,345,26.0,3
一宮沖,2026-08-01,09,0.6,8.3,1.1,29,26.2,3
一宮沖,2026-08-01,12,0.7,8.6,3.3,118,26.7,2
一宮沖,2026-08-01,15,0.7,8.9,2.5,144,27.2,3
一宮沖,2026-08-01,18,0.7,9.2,2.4,170,27.1,3
一宮沖,2026-08-01,21,0.7,9.3,1.9,299,26.9,3
横浜沖周り,2026-08-01,00,0.3,5.4,1.2,149,28.5,3
横浜沖周り,2026-08-01,03,0.3,5.3,0.5,63,28.4,3
横浜沖周り,2026-08-01,06,0.3,5.4,1.1,16,28.4,2
横浜沖周り,2026-08-01,09,0.3,5.2,1.0,51,28.6,2
横浜沖周り,2026-08-01,12,0.3,5.2,3.3,106,29.3,3
横浜沖周り,2026-08-01,15,0.3,5.2,2.7,162,29.9,51
横浜沖周り,2026-08-01,18,0.3,5.3,2.4,174,29.7,3
横浜沖周り,2026-08-01,21,0.3,5.7,1.3,206,29.2,3
本牧沖~富岡沖,2026-08-01,00,0.3,5.6,1.2,149,28.5,3
本牧沖~富岡沖,2026-08-01,03,0.3,5.5,0.5,63,28.4,3
本牧沖~富岡沖,2026-08-01,06,0.3,5.6,1.1,16,28.4,2
本牧沖~富岡沖,2026-08-01,09,0.3,5.5,1.0,51,28.6,2
本牧沖~富岡沖,2026-08-01,12,0.3,5.5,3.3,106,29.3,3
本牧沖~富岡沖,2026-08-01,15,0.3,5.6,2.7,162,29.9,51
本牧沖~富岡沖,2026-08-01,18,0.3,5.8,2.4,174,29.7,3
本牧沖~富岡沖,2026-08-01,21,0.3,6.1,1.3,206,29.2,3
木更津沖～本牧沖,2026-08-01,00,0.2,5.1,1.6,154,28.9,3
木更津沖～本牧沖,2026-08-01,03,0.2,5.1,1.1,82,28.7,3
木更津沖～本牧沖,2026-08-01,06,0.2,5.1,1.1,13,28.7,2
木更津沖～本牧沖,2026-08-01,09,0.2,5.0,2.3,23,28.9,3
木更津沖～本牧沖,2026-08-01,12,0.2,5.0,2.5,43,29.5,3
木更津沖～本牧沖,2026-08-01,15,0.2,4.9,4.0,215,30.0,2
木更津沖～本牧沖,2026-08-01,18,0.2,4.8,3.4,214,29.8,3
木更津沖～本牧沖,2026-08-01,21,0.2,5.0,1.7,187,29.4,3
海堡,2026-08-01,00,0.2,5.1,1.6,154,28.9,3
海堡,2026-08-01,03,0.2,5.1,1.1,82,28.7,3
海堡,2026-08-01,06,0.2,5.1,1.1,13,28.7,2
海堡,2026-08-01,09,0.2,5.0,2.3,23,28.9,3
海堡,2026-08-01,12,0.2,5.0,2.5,43,29.5,3
海堡,2026-08-01,15,0.2,4.9,4.0,215,30.0,2
海堡,2026-08-01,18,0.2,4.8,3.4,214,29.8,3
海堡,2026-08-01,21,0.2,5.0,1.7,187,29.4,3
木更津沖～横浜沖,2026-08-01,00,0.2,5.1,1.6,154,28.9,3
木更津沖～横浜沖,2026-08-01,03,0.2,5.1,1.1,82,28.7,3
木更津沖～横浜沖,2026-08-01,06,0.2,5.1,1.1,13,28.7,2
木更津沖～横浜沖,2026-08-01,09,0.2,5.0,2.3,23,28.9,3
木更津沖～横浜沖,2026-08-01,12,0.2,5.0,2.5,43,29.5,3
木更津沖～横浜沖,2026-08-01,15,0.2,4.9,4.0,215,30.0,2
木更津沖～横浜沖,2026-08-01,18,0.2,4.8,3.4,214,29.8,3
木更津沖～横浜沖,2026-08-01,21,0.2,5.0,1.7,187,29.4,3
中ノ瀬,2026-08-01,00,0.2,5.1,1.6,154,28.9,3
中ノ瀬,2026-08-01,03,0.2,5.1,1.1,82,28.7,3
中ノ瀬,2026-08-01,06,0.2,5.1,1.1,13,28.7,2
中ノ瀬,2026-08-01,09,0.2,5.0,2.3,23,28.9,3
中ノ瀬,2026-08-01,12,0.2,5.0,2.5,43,29.5,3
中ノ瀬,2026-08-01,15,0.2,4.9,4.0,215,30.0,2
中ノ瀬,2026-08-01,18,0.2,4.8,3.4,214,29.8,3
中ノ瀬,2026-08-01,21,0.2,5.0,1.7,187,29.4,3
本牧沖,2026-08-01,00,0.3,5.4,1.2,149,28.5,3
本牧沖,2026-08-01,03,0.3,5.3,0.5,63,28.4,3
本牧沖,2026-08-01,06,0.3,5.4,1.1,16,28.4,2
本牧沖,2026-08-01,09,0.3,5.2,1.0,51,28.6,2
本牧沖,2026-08-01,12,0.3,5.2,3.3,106,29.3,3
本牧沖,2026-08-01,15,0.3,5.2,2.7,162,29.9,51
本牧沖,2026-08-01,18,0.3,5.3,2.4,174,29.7,3
本牧沖,2026-08-01,21,0.3,5.7,1.3,206,29.2,3
横浜沖,2026-08-01,00,0.3,5.6,1.2,149,28.5,3
横浜沖,2026-08-01,03,0.3,5.5,0.5,63,28.4,3
横浜沖,2026-08-01,06,0.3,5.6,1.1,16,28.4,2
横浜沖,2026-08-01,09,0.3,5.5,1.0,51,28.6,2
横浜沖,2026-08-01,12,0.3,5.5,3.3,106,29.2,3
横浜沖,2026-08-01,15,0.3,5.6,2.7,162,29.7,51
横浜沖,2026-08-01,18,0.3,5.8,2.4,174,29.5,3
横浜沖,2026-08-01,21,0.3,6.1,1.3,206,29.2,3
根岸沖,2026-08-01,00,0.2,5.0,1.2,149,28.5,3
根岸沖,2026-08-01,03,0.2,5.0,0.5,63,28.4,3
根岸沖,2026-08-01,06,0.2,5.0,1.1,16,28.4,2
根岸沖,2026-08-01,09,0.2,4.9,1.0,51,28.6,2
根岸沖,2026-08-01,12,0.2,4.8,3.3,106,29.2,3
根岸沖,2026-08-01,15,0.2,4.8,2.7,162,29.7,51
根岸沖,2026-08-01,18,0.2,4.8,2.4,174,29.5,3
根岸沖,2026-08-01,21,0.2,4.8,1.3,206,29.2,3
片貝沖,2026-08-01,00,0.8,7.7,3.4,168,25.8,3
片貝沖,2026-08-01,03,0.8,7.8,1.9,180,25.7,3
片貝沖,2026-08-01,06,0.8,7.8,1.2,239,25.8,3
片貝沖,2026-08-01,09,0.8,8.0,1.5,53,26.0,3
片貝沖,2026-08-01,12,0.8,8.2,1.9,121,26.6,3
片貝沖,2026-08-01,15,0.8,8.3,3.6,190,27.1,3
片貝沖,2026-08-01,18,0.8,8.7,3.7,187,27.1,3
片貝沖,2026-08-01,21,0.9,8.8,1.4,309,26.8,3
木更津沖～川崎沖,2026-08-01,00,0.2,5.0,1.4,152,28.6,3
木更津沖～川崎沖,2026-08-01,03,0.2,5.0,1.0,108,28.4,3
木更津沖～川崎沖,2026-08-01,06,0.2,5.0,0.8,27,28.4,2
木更津沖～川崎沖,2026-08-01,09,0.2,4.9,1.3,11,28.6,3
木更津沖～川崎沖,2026-08-01,12,0.2,4.8,0.8,87,29.1,3
木更津沖～川崎沖,2026-08-01,15,0.2,4.8,0.9,155,29.6,2
木更津沖～川崎沖,2026-08-01,18,0.2,4.8,4.2,213,29.4,3
木更津沖～川崎沖,2026-08-01,21,0.2,4.8,2.5,200,29.0,3
盤洲沖,2026-08-01,00,0.2,5.0,1.4,152,28.5,3
盤洲沖,2026-08-01,03,0.2,5.0,1.0,108,28.4,3
盤洲沖,2026-08-01,06,0.2,5.0,0.8,27,28.4,2
盤洲沖,2026-08-01,09,0.2,5.0,1.3,11,28.6,3
盤洲沖,2026-08-01,12,0.2,4.9,0.8,87,29.1,3
盤洲沖,2026-08-01,15,0.2,4.8,0.9,155,29.6,2
盤洲沖,2026-08-01,18,0.2,4.8,4.2,213,29.5,3
盤洲沖,2026-08-01,21,0.2,4.8,2.5,200,29.2,3
大根,2026-08-01,00,0.8,7.7,4.4,158,25.8,3
大根,2026-08-01,03,0.8,7.8,2.4,180,25.7,3
大根,2026-08-01,06,0.8,7.8,1.3,239,25.8,3
大根,2026-08-01,09,0.8,8.0,0.5,66,26.0,3
大根,2026-08-01,12,0.8,8.2,1.8,120,26.6,3
大根,2026-08-01,15,0.8,8.3,3.5,183,27.1,3
大根,2026-08-01,18,0.8,8.7,3.0,184,27.1,3
大根,2026-08-01,21,0.9,8.8,1.6,310,26.8,3
川崎沖～横浜沖,2026-08-01,00,0.2,5.0,1.4,145,28.5,3
川崎沖～横浜沖,2026-08-01,03,0.2,5.0,0.7,122,28.4,3
川崎沖～横浜沖,2026-08-01,06,0.2,5.0,0.8,23,28.4,2
川崎沖～横浜沖,2026-08-01,09,0.2,4.9,0.7,90,28.6,1
川崎沖～横浜沖,2026-08-01,12,0.2,4.8,3.5,133,29.2,3
川崎沖～横浜沖,2026-08-01,15,0.2,4.8,3.6,139,29.7,51
川崎沖～横浜沖,2026-08-01,18,0.2,4.8,2.9,166,29.5,51
川崎沖～横浜沖,2026-08-01,21,0.2,4.8,1.6,203,29.2,3
川崎沖~本牧沖,2026-08-01,00,0.2,5.0,1.4,145,28.5,3
川崎沖~本牧沖,2026-08-01,03,0.2,5.0,0.7,122,28.4,3
川崎沖~本牧沖,2026-08-01,06,0.2,5.0,0.8,23,28.4,2
川崎沖~本牧沖,2026-08-01,09,0.2,4.9,0.7,90,28.6,1
川崎沖~本牧沖,2026-08-01,12,0.2,4.8,3.5,133,29.2,3
川崎沖~本牧沖,2026-08-01,15,0.2,4.8,3.6,139,29.7,51
川崎沖~本牧沖,2026-08-01,18,0.2,4.8,2.9,166,29.5,51
川崎沖~本牧沖,2026-08-01,21,0.2,4.8,1.6,203,29.2,3
川崎沖,2026-08-01,00,0.2,5.0,1.4,145,28.7,3
川崎沖,2026-08-01,03,0.2,5.0,0.7,122,28.6,3
川崎沖,2026-08-01,06,0.2,5.0,0.8,23,28.6,2
川崎沖,2026-08-01,09,0.2,4.9,0.7,90,28.7,1
川崎沖,2026-08-01,12,0.2,4.8,3.5,133,29.2,3
川崎沖,2026-08-01,15,0.2,4.8,3.6,139,29.6,51
川崎沖,2026-08-01,18,0.2,4.8,2.9,166,29.4,51
川崎沖,2026-08-01,21,0.2,4.8,1.6,203,29.2,3
五井沖,2026-08-01,00,0.1,4.8,1.0,145,28.3,3
五井沖,2026-08-01,03,0.1,4.9,0.9,137,28.2,3
五井沖,2026-08-01,06,0.1,4.9,0.1,45,28.2,3
五井沖,2026-08-01,09,0.1,4.8,1.2,289,28.4,3
五井沖,2026-08-01,12,0.1,4.8,1.0,186,29.0,3
五井沖,2026-08-01,15,0.1,4.5,3.4,117,29.4,3
五井沖,2026-08-01,18,0.1,4.5,1.4,232,29.4,3
五井沖,2026-08-01,21,0.1,4.5,1.6,242,29.2,3
鶴見沖,2026-08-01,00,0.2,5.0,1.4,145,28.7,3
鶴見沖,2026-08-01,03,0.2,5.0,0.7,122,28.6,3
鶴見沖,2026-08-01,06,0.2,5.0,0.8,23,28.6,2
鶴見沖,2026-08-01,09,0.2,4.9,0.7,90,28.7,1
鶴見沖,2026-08-01,12,0.2,4.8,3.5,133,29.2,3
鶴見沖,2026-08-01,15,0.2,4.8,3.6,139,29.6,51
鶴見沖,2026-08-01,18,0.2,4.8,2.9,166,29.4,51
鶴見沖,2026-08-01,21,0.2,4.8,1.6,203,29.2,3
木更津沖～浦安沖,2026-08-01,00,0.2,4.8,1.6,137,28.5,3
木更津沖～浦安沖,2026-08-01,03,0.2,4.9,0.9,151,28.3,3
木更津沖～浦安沖,2026-08-01,06,0.2,4.9,0.7,13,28.3,2
木更津沖～浦安沖,2026-08-01,09,0.1,4.8,0.7,70,28.5,2
木更津沖～浦安沖,2026-08-01,12,0.2,4.8,2.9,151,29.1,3
木更津沖～浦安沖,2026-08-01,15,0.2,4.8,3.6,155,29.5,3
木更津沖～浦安沖,2026-08-01,18,0.2,4.7,3.6,167,29.3,51
木更津沖～浦安沖,2026-08-01,21,0.2,4.7,1.6,189,29.0,3
羽田沖,2026-08-01,00,0.2,5.0,1.6,137,28.6,3
羽田沖,2026-08-01,03,0.2,5.0,0.9,151,28.5,3
羽田沖,2026-08-01,06,0.2,5.0,0.7,13,28.5,2
羽田沖,2026-08-01,09,0.2,4.9,0.7,70,28.7,2
羽田沖,2026-08-01,12,0.2,4.8,2.9,151,29.2,3
羽田沖,2026-08-01,15,0.2,4.8,3.6,155,29.7,3
羽田沖,2026-08-01,18,0.2,4.8,3.6,167,29.5,51
羽田沖,2026-08-01,21,0.2,4.8,1.6,189,29.2,3
千葉沖,2026-08-01,00,0.1,4.8,1.3,127,29.2,3
千葉沖,2026-08-01,03,0.1,5.0,1.1,157,29.2,3
千葉沖,2026-08-01,06,0.1,5.0,0.5,24,29.2,3
千葉沖,2026-08-01,09,0.1,4.8,0.8,281,29.4,3
千葉沖,2026-08-01,12,0.1,4.8,0.3,180,29.8,3
千葉沖,2026-08-01,15,0.1,4.6,3.0,138,30.2,51
千葉沖,2026-08-01,18,0.1,4.6,1.8,225,30.1,51
千葉沖,2026-08-01,21,0.1,4.5,2.1,223,29.8,3
浦安沖,2026-08-01,00,0.1,4.8,1.5,132,28.9,3
浦安沖,2026-08-01,03,0.1,4.8,0.9,171,28.8,3
浦安沖,2026-08-01,06,0.1,4.8,0.3,27,28.9,3
浦安沖,2026-08-01,09,0.1,4.8,0.8,270,29.0,3
浦安沖,2026-08-01,12,0.1,4.7,1.2,173,29.5,3
浦安沖,2026-08-01,15,0.1,4.7,2.2,188,29.8,51
浦安沖,2026-08-01,18,0.1,4.6,3.7,205,29.7,51
浦安沖,2026-08-01,21,0.1,4.6,1.8,194,29.4,3
屏風ヶ浦の陰,2026-08-01,00,0.1,4.8,1.7,123,29.9,3
屏風ヶ浦の陰,2026-08-01,03,0.1,5.0,1.0,125,29.8,3
屏風ヶ浦の陰,2026-08-01,06,0.1,5.0,0.5,6,29.8,3
屏風ヶ浦の陰,2026-08-01,09,0.1,4.8,1.2,5,29.9,3
屏風ヶ浦の陰,2026-08-01,12,0.1,4.8,2.3,24,30.3,51
屏風ヶ浦の陰,2026-08-01,15,0.1,4.6,2.4,83,30.7,53
屏風ヶ浦の陰,2026-08-01,18,0.1,4.6,1.7,137,30.6,51
屏風ヶ浦の陰,2026-08-01,21,0.1,4.5,1.7,205,30.3,3
犬吠南沖,2026-08-01,00,0.9,8.4,2.9,169,25.6,3
犬吠南沖,2026-08-01,03,0.9,8.2,2.6,175,25.5,3
犬吠南沖,2026-08-01,06,0.9,8.2,1.7,207,25.5,2
犬吠南沖,2026-08-01,09,0.9,8.6,0.7,193,25.6,3
犬吠南沖,2026-08-01,12,0.9,8.8,2.6,110,26.2,3
犬吠南沖,2026-08-01,15,0.9,9.2,3.1,165,26.7,3
犬吠南沖,2026-08-01,18,0.9,9.5,1.3,153,26.8,3
犬吠南沖,2026-08-01,21,0.9,9.6,1.3,206,26.7,3
亀城根,2026-08-01,00,0.9,8.4,2.9,169,25.6,3
亀城根,2026-08-01,03,0.9,8.2,2.6,175,25.5,3
亀城根,2026-08-01,06,0.9,8.2,1.7,207,25.5,2
亀城根,2026-08-01,09,0.9,8.6,0.7,193,25.6,3
亀城根,2026-08-01,12,0.9,8.8,2.6,110,26.2,3
亀城根,2026-08-01,15,0.9,9.2,3.1,165,26.7,3
亀城根,2026-08-01,18,0.9,9.5,1.3,153,26.8,3
亀城根,2026-08-01,21,0.9,9.6,1.3,206,26.7,3
外川沖,2026-08-01,00,0.8,8.2,2.9,169,25.0,3
外川沖,2026-08-01,03,0.8,7.8,2.6,175,25.0,3
外川沖,2026-08-01,06,0.8,7.9,1.7,207,25.0,2
外川沖,2026-08-01,09,0.8,8.3,0.7,193,25.1,3
外川沖,2026-08-01,12,0.8,8.6,2.6,110,25.6,3
外川沖,2026-08-01,15,0.8,9.1,3.1,165,26.1,3
外川沖,2026-08-01,18,0.8,9.3,1.3,153,26.0,3
外川沖,2026-08-01,21,0.8,9.3,1.3,206,25.8,3
犬吠沖,2026-08-01,00,0.8,8.2,2.9,169,25.0,3
犬吠沖,2026-08-01,03,0.8,7.8,2.6,175,25.0,3
犬吠沖,2026-08-01,06,0.8,7.9,1.7,207,25.0,2
犬吠沖,2026-08-01,09,0.8,8.3,0.7,193,25.1,3
犬吠沖,2026-08-01,12,0.8,8.6,2.6,110,25.6,3
犬吠沖,2026-08-01,15,0.8,9.1,3.1,165,26.1,3
犬吠沖,2026-08-01,18,0.8,9.3,1.3,153,26.0,3
犬吠沖,2026-08-01,21,0.8,9.3,1.3,206,25.8,3
飯岡沖,2026-08-01,00,0.7,7.8,2.9,169,25.5,3
飯岡沖,2026-08-01,03,0.7,7.5,2.6,175,25.4,3
飯岡沖,2026-08-01,06,0.6,7.7,1.7,207,25.5,2
飯岡沖,2026-08-01,09,0.6,8.0,0.7,193,25.7,3
飯岡沖,2026-08-01,12,0.6,8.3,2.6,110,26.1,3
飯岡沖,2026-08-01,15,0.6,8.8,3.1,165,26.4,3
飯岡沖,2026-08-01,18,0.7,9.0,1.3,153,26.4,3
飯岡沖,2026-08-01,21,0.7,9.1,1.3,206,26.2,3
真沖,2026-08-01,00,0.7,7.8,2.9,169,25.5,3
真沖,2026-08-01,03,0.7,7.5,2.6,175,25.4,3
真沖,2026-08-01,06,0.6,7.7,1.7,207,25.5,2
真沖,2026-08-01,09,0.6,8.0,0.7,193,25.7,3
真沖,2026-08-01,12,0.6,8.3,2.6,110,26.1,3
真沖,2026-08-01,15,0.6,8.8,3.1,165,26.4,3
真沖,2026-08-01,18,0.7,9.0,1.3,153,26.4,3
真沖,2026-08-01,21,0.7,9.1,1.3,206,26.2,3
波崎沖,2026-08-01,00,0.8,8.2,2.9,169,25.0,3
波崎沖,2026-08-01,03,0.8,7.8,2.6,175,25.0,3
波崎沖,2026-08-01,06,0.8,7.9,1.7,207,25.0,2
波崎沖,2026-08-01,09,0.8,8.3,0.7,193,25.1,3
波崎沖,2026-08-01,12,0.8,8.6,2.6,110,25.6,3
波崎沖,2026-08-01,15,0.8,9.1,3.1,165,26.1,3
波崎沖,2026-08-01,18,0.8,9.3,1.3,153,26.0,3
波崎沖,2026-08-01,21,0.8,9.3,1.3,206,25.8,3
川前大根,2026-08-01,00,0.7,7.8,2.9,169,25.5,3
川前大根,2026-08-01,03,0.7,7.5,2.6,175,25.4,3
川前大根,2026-08-01,06,0.6,7.7,1.7,207,25.5,2
川前大根,2026-08-01,09,0.6,8.0,0.7,193,25.7,3
川前大根,2026-08-01,12,0.6,8.3,2.6,110,26.1,3
川前大根,2026-08-01,15,0.6,8.8,3.1,165,26.4,3
川前大根,2026-08-01,18,0.7,9.0,1.3,153,26.4,3
川前大根,2026-08-01,21,0.7,9.1,1.3,206,26.2,3
鹿島南沖,2026-08-01,00,0.8,9.0,1.5,163,25.6,3
鹿島南沖,2026-08-01,03,0.8,8.5,1.9,143,25.4,3
鹿島南沖,2026-08-01,06,0.7,8.3,1.6,207,25.4,2
鹿島南沖,2026-08-01,09,0.7,8.4,0.8,338,25.6,3
鹿島南沖,2026-08-01,12,0.7,8.7,2.5,81,26.2,3
鹿島南沖,2026-08-01,15,0.6,9.2,2.7,163,26.8,3
鹿島南沖,2026-08-01,18,0.7,9.4,1.5,155,26.7,3
鹿島南沖,2026-08-01,21,0.7,9.5,1.5,208,26.4,3
神栖沖,2026-08-01,00,0.8,9.0,1.5,163,25.2,3
神栖沖,2026-08-01,03,0.8,8.5,1.9,143,25.1,3
神栖沖,2026-08-01,06,0.7,8.3,1.6,207,25.1,2
神栖沖,2026-08-01,09,0.7,8.4,0.8,338,25.4,3
神栖沖,2026-08-01,12,0.7,8.7,2.5,81,26.0,3
神栖沖,2026-08-01,15,0.6,9.2,2.7,163,26.6,3
神栖沖,2026-08-01,18,0.7,9.4,1.5,155,26.5,3
神栖沖,2026-08-01,21,0.7,9.5,1.5,208,26.1,3
鹿島沖,2026-08-01,00,0.8,9.0,0.4,45,25.7,3
鹿島沖,2026-08-01,03,0.8,8.5,1.8,103,25.6,3
鹿島沖,2026-08-01,06,0.7,8.3,1.4,216,25.6,2
鹿島沖,2026-08-01,09,0.7,8.4,1.2,350,25.7,3
鹿島沖,2026-08-01,12,0.7,8.7,1.4,88,26.4,2
鹿島沖,2026-08-01,15,0.6,9.2,2.8,128,26.9,3
鹿島沖,2026-08-01,18,0.7,9.4,2.0,135,26.8,3
鹿島沖,2026-08-01,21,0.7,9.5,1.8,200,26.5,3
鹿島真沖,2026-08-01,00,0.8,9.0,0.8,122,25.6,3
鹿島真沖,2026-08-01,03,0.8,8.5,1.9,115,25.4,3
鹿島真沖,2026-08-01,06,0.7,8.3,1.7,206,25.4,1
鹿島真沖,2026-08-01,09,0.7,8.4,1.3,351,25.6,3
鹿島真沖,2026-08-01,12,0.7,8.7,2.1,66,26.2,3
鹿島真沖,2026-08-01,15,0.6,9.2,2.6,148,26.8,3
鹿島真沖,2026-08-01,18,0.7,9.4,1.7,147,26.7,3
鹿島真沖,2026-08-01,21,0.7,9.5,1.7,205,26.4,3
鹿島魚礁,2026-08-01,00,0.9,8.8,0.5,229,25.2,3
鹿島魚礁,2026-08-01,03,0.9,8.3,3.2,119,25.1,3
鹿島魚礁,2026-08-01,06,0.8,8.2,2.4,205,25.1,2
鹿島魚礁,2026-08-01,09,0.8,8.3,2.6,7,25.3,3
鹿島魚礁,2026-08-01,12,0.7,8.7,2.5,83,25.9,3
鹿島魚礁,2026-08-01,15,0.7,9.1,3.4,144,26.4,3
鹿島魚礁,2026-08-01,18,0.8,9.3,3.1,153,26.2,3
鹿島魚礁,2026-08-01,21,0.8,9.3,2.7,168,25.8,3
鹿島北沖,2026-08-01,00,0.8,8.9,0.4,45,25.7,3
鹿島北沖,2026-08-01,03,0.8,8.4,1.8,103,25.6,3
鹿島北沖,2026-08-01,06,0.7,8.3,1.4,216,25.6,2
鹿島北沖,2026-08-01,09,0.7,8.3,1.2,350,25.7,3
鹿島北沖,2026-08-01,12,0.7,8.6,1.4,88,26.4,2
鹿島北沖,2026-08-01,15,0.7,9.1,2.8,128,26.9,3
鹿島北沖,2026-08-01,18,0.7,9.3,2.0,135,26.8,3
鹿島北沖,2026-08-01,21,0.7,9.4,1.8,200,26.5,3
北沖30,2026-08-01,00,0.9,9.4,0.9,338,25.3,3
北沖30,2026-08-01,03,0.8,9.1,1.1,74,25.2,3
北沖30,2026-08-01,06,0.8,9.0,1.6,12,25.2,2
北沖30,2026-08-01,09,0.7,9.0,1.5,260,25.3,3
北沖30,2026-08-01,12,0.7,9.2,1.7,164,25.9,3
北沖30,2026-08-01,15,0.7,9.8,3.0,145,26.5,3
北沖30,2026-08-01,18,0.7,10.2,1.9,158,26.3,3
北沖30,2026-08-01,21,0.7,10.3,0.8,187,26.0,2
大洗沖,2026-08-01,00,0.9,9.4,0.7,344,25.4,3
大洗沖,2026-08-01,03,0.8,9.1,1.0,67,25.3,3
大洗沖,2026-08-01,06,0.8,9.0,1.2,2,25.3,2
大洗沖,2026-08-01,09,0.7,9.0,1.0,282,25.5,3
大洗沖,2026-08-01,12,0.7,9.2,0.7,138,26.0,3
大洗沖,2026-08-01,15,0.7,9.8,2.1,115,26.5,3
大洗沖,2026-08-01,18,0.7,10.2,1.1,114,26.3,3
大洗沖,2026-08-01,21,0.7,10.3,0.9,193,26.0,3
青山沖,2026-08-01,00,0.9,9.4,0.9,338,25.2,3
青山沖,2026-08-01,03,0.8,9.1,1.1,74,25.0,3
青山沖,2026-08-01,06,0.8,9.0,1.6,12,25.0,2
青山沖,2026-08-01,09,0.7,8.9,1.5,260,25.1,3
青山沖,2026-08-01,12,0.7,9.2,1.7,164,25.7,3
青山沖,2026-08-01,15,0.7,9.7,3.0,145,26.2,3
青山沖,2026-08-01,18,0.7,10.2,1.9,158,26.0,3
青山沖,2026-08-01,21,0.8,10.3,0.8,187,25.6,2
日立沖,2026-08-01,00,0.9,9.2,1.8,276,25.2,3
日立沖,2026-08-01,03,0.8,9.0,0.3,207,25.0,3
日立沖,2026-08-01,06,0.8,8.9,0.2,297,24.9,2
日立沖,2026-08-01,09,0.8,8.8,1.7,227,25.1,3
日立沖,2026-08-01,12,0.7,8.9,1.9,175,25.6,3
日立沖,2026-08-01,15,0.7,9.4,1.5,194,26.1,3
日立沖,2026-08-01,18,0.8,9.9,0.9,81,26.0,61
日立沖,2026-08-01,21,0.8,10.3,0.5,299,25.7,3
銭洲沖,2026-08-02,00,1.2,7.3,6.3,242,29.7,3
銭洲沖,2026-08-02,03,1.2,7.5,7.1,260,29.7,1
銭洲沖,2026-08-02,06,1.2,7.8,6.2,274,29.7,2
銭洲沖,2026-08-02,09,1.3,8.8,5.5,281,29.8,1
銭洲沖,2026-08-02,12,1.3,10.0,3.2,295,30.2,2
銭洲沖,2026-08-02,15,1.3,10.6,0.6,340,30.5,3
銭洲沖,2026-08-02,18,1.3,11.4,1.8,58,30.5,3
銭洲沖,2026-08-02,21,1.5,11.7,7.0,70,30.3,2
イナンバ,2026-08-02,00,1.0,8.6,5.6,226,29.0,3
イナンバ,2026-08-02,03,1.0,9.2,3.2,238,29.1,0
イナンバ,2026-08-02,06,1.0,9.5,2.2,81,29.2,0
イナンバ,2026-08-02,09,1.0,10.3,2.9,107,29.3,0
イナンバ,2026-08-02,12,1.1,11.2,4.1,67,29.7,3
イナンバ,2026-08-02,15,1.2,11.2,5.0,77,30.0,3
イナンバ,2026-08-02,18,1.3,10.8,7.0,72,30.0,1
イナンバ,2026-08-02,21,1.5,9.8,9.2,61,29.8,53
石花海,2026-08-02,00,0.9,7.3,4.3,281,28.0,3
石花海,2026-08-02,03,0.9,7.8,3.4,335,28.0,1
石花海,2026-08-02,06,0.9,8.5,2.8,55,28.1,0
石花海,2026-08-02,09,0.9,9.1,5.1,47,28.2,0
石花海,2026-08-02,12,1.0,9.7,5.1,71,28.6,3
石花海,2026-08-02,15,1.0,10.6,4.2,87,28.8,3
石花海,2026-08-02,18,1.1,10.3,7.7,68,28.8,2
石花海,2026-08-02,21,1.3,9.2,9.7,60,28.5,3
神津島,2026-08-02,00,0.8,7.1,4.8,213,27.9,3
神津島,2026-08-02,03,0.8,7.5,1.0,195,27.9,0
神津島,2026-08-02,06,0.8,8.1,3.8,69,28.1,0
神津島,2026-08-02,09,0.8,8.9,3.4,64,28.4,0
神津島,2026-08-02,12,0.9,9.7,4.8,55,28.9,3
神津島,2026-08-02,15,1.0,9.7,5.0,69,29.3,3
神津島,2026-08-02,18,1.0,9.2,7.7,62,29.2,2
神津島,2026-08-02,21,1.3,7.8,10.5,43,28.9,3
金洲沖,2026-08-02,00,0.8,6.8,2.9,193,27.6,2
金洲沖,2026-08-02,03,0.8,7.4,2.5,43,27.5,0
金洲沖,2026-08-02,06,0.7,8.0,4.3,66,27.6,1
金洲沖,2026-08-02,09,0.8,8.7,4.2,60,27.8,0
金洲沖,2026-08-02,12,0.8,9.1,5.0,60,28.1,3
金洲沖,2026-08-02,15,0.9,9.3,5.3,87,28.4,3
金洲沖,2026-08-02,18,1.0,8.7,8.1,64,28.2,2
金洲沖,2026-08-02,21,1.3,7.3,10.3,56,27.9,3
新島沖,2026-08-02,00,0.8,7.5,3.4,213,27.7,3
新島沖,2026-08-02,03,0.8,8.1,0.7,141,27.7,1
新島沖,2026-08-02,06,0.8,8.6,3.2,63,27.8,0
新島沖,2026-08-02,09,0.8,9.2,3.1,55,28.0,1
新島沖,2026-08-02,12,0.9,9.9,4.1,54,28.3,3
新島沖,2026-08-02,15,1.0,9.8,5.0,77,28.6,3
新島沖,2026-08-02,18,1.1,8.9,7.2,59,28.5,1
新島沖,2026-08-02,21,1.4,7.6,10.3,43,28.2,3
金州,2026-08-02,00,0.8,7.4,2.4,212,27.8,1
金州,2026-08-02,03,0.8,7.9,0.6,132,27.8,2
金州,2026-08-02,06,0.8,8.4,1.9,96,27.9,1
金州,2026-08-02,09,0.8,9.1,2.9,46,28.0,1
金州,2026-08-02,12,0.8,9.7,3.9,55,28.4,3
金州,2026-08-02,15,0.9,9.2,6.2,81,28.6,3
金州,2026-08-02,18,1.1,8.2,8.6,51,28.3,1
金州,2026-08-02,21,1.4,7.2,10.2,44,27.8,3
白河沖,2026-08-02,00,0.7,7.2,2.1,15,27.0,0
白河沖,2026-08-02,03,0.7,8.2,1.6,14,27.3,0
白河沖,2026-08-02,06,0.7,8.8,1.6,288,27.5,0
白河沖,2026-08-02,09,0.7,9.1,2.0,78,27.7,0
白河沖,2026-08-02,12,0.8,9.8,2.7,127,28.3,3
白河沖,2026-08-02,15,0.8,10.4,2.4,137,28.8,3
白河沖,2026-08-02,18,0.9,10.3,4.2,91,28.6,2
白河沖,2026-08-02,21,1.0,9.3,4.6,59,28.2,3
御前崎沖,2026-08-02,00,0.7,7.2,2.1,15,26.4,0
御前崎沖,2026-08-02,03,0.7,8.3,1.6,14,26.5,0
御前崎沖,2026-08-02,06,0.7,8.9,1.6,288,26.7,0
御前崎沖,2026-08-02,09,0.7,9.2,2.0,78,27.1,0
御前崎沖,2026-08-02,12,0.8,9.9,2.7,127,27.7,3
御前崎沖,2026-08-02,15,0.8,10.6,2.4,137,28.1,3
御前崎沖,2026-08-02,18,0.9,10.7,4.2,91,28.0,2
御前崎沖,2026-08-02,21,1.0,9.7,4.6,59,27.6,3
八方便,2026-08-02,00,0.7,7.2,2.1,15,27.0,0
八方便,2026-08-02,03,0.7,8.2,1.6,14,27.3,0
八方便,2026-08-02,06,0.7,8.8,1.6,288,27.5,0
八方便,2026-08-02,09,0.7,9.1,2.0,78,27.7,0
八方便,2026-08-02,12,0.8,9.8,2.7,127,28.3,3
八方便,2026-08-02,15,0.8,10.4,2.4,137,28.8,3
八方便,2026-08-02,18,0.9,10.3,4.2,91,28.6,2
八方便,2026-08-02,21,1.0,9.3,4.6,59,28.2,3
神子元沖,2026-08-02,00,0.8,7.2,1.0,30,27.7,0
神子元沖,2026-08-02,03,0.7,7.7,1.7,17,27.5,1
神子元沖,2026-08-02,06,0.7,8.3,2.6,37,27.5,0
神子元沖,2026-08-02,09,0.7,8.8,2.6,103,27.6,1
神子元沖,2026-08-02,12,0.8,9.4,3.7,103,28.2,3
神子元沖,2026-08-02,15,0.8,9.8,3.5,100,28.6,3
神子元沖,2026-08-02,18,0.9,9.1,5.3,69,28.3,51
神子元沖,2026-08-02,21,1.1,8.0,5.5,49,27.9,2
大東沖,2026-08-02,00,0.6,7.5,0.6,90,25.9,1
大東沖,2026-08-02,03,0.6,8.6,1.2,336,25.9,0
大東沖,2026-08-02,06,0.6,9.1,1.2,291,26.0,0
大東沖,2026-08-02,09,0.6,9.4,1.0,118,26.3,0
大東沖,2026-08-02,12,0.7,10.2,2.8,172,27.0,3
大東沖,2026-08-02,15,0.7,10.9,2.8,182,27.6,3
大東沖,2026-08-02,18,0.8,11.3,3.3,112,27.6,2
大東沖,2026-08-02,21,0.8,11.2,3.2,66,27.4,2
石廊崎沖,2026-08-02,00,0.7,6.7,1.2,68,28.0,0
石廊崎沖,2026-08-02,03,0.7,7.4,0.5,307,27.9,1
石廊崎沖,2026-08-02,06,0.7,8.0,1.3,42,27.9,0
石廊崎沖,2026-08-02,09,0.7,8.7,0.2,256,28.0,1
石廊崎沖,2026-08-02,12,0.7,9.3,0.6,219,28.4,3
石廊崎沖,2026-08-02,15,0.8,9.6,2.6,117,28.8,51
石廊崎沖,2026-08-02,18,0.8,9.2,4.3,103,28.5,51
石廊崎沖,2026-08-02,21,1.0,8.3,4.0,83,28.0,3
福田沖,2026-08-02,00,0.6,7.8,1.4,118,25.7,2
福田沖,2026-08-02,03,0.6,8.8,0.6,211,25.8,0
福田沖,2026-08-02,06,0.6,9.2,1.0,298,25.9,0
福田沖,2026-08-02,09,0.6,9.4,1.0,133,26.1,2
福田沖,2026-08-02,12,0.7,10.2,3.1,174,26.8,3
福田沖,2026-08-02,15,0.7,11.1,3.1,174,27.4,3
福田沖,2026-08-02,18,0.8,11.5,3.3,122,27.4,1
福田沖,2026-08-02,21,0.8,11.3,3.0,63,27.2,2
浜岡沖,2026-08-02,00,0.6,7.1,2.1,15,26.5,0
浜岡沖,2026-08-02,03,0.6,8.2,1.6,14,26.6,0
浜岡沖,2026-08-02,06,0.6,8.8,1.6,288,26.8,0
浜岡沖,2026-08-02,09,0.6,9.2,2.0,78,27.2,0
浜岡沖,2026-08-02,12,0.7,9.9,2.7,127,27.9,3
浜岡沖,2026-08-02,15,0.7,10.7,2.4,137,28.5,3
浜岡沖,2026-08-02,18,0.8,10.9,4.2,91,28.4,2
浜岡沖,2026-08-02,21,0.8,10.9,4.6,59,28.1,3
下田南沖,2026-08-02,00,0.8,7.2,1.0,30,27.7,0
下田南沖,2026-08-02,03,0.7,7.7,1.7,17,27.5,1
下田南沖,2026-08-02,06,0.7,8.3,2.6,37,27.5,0
下田南沖,2026-08-02,09,0.7,8.8,2.6,103,27.6,1
下田南沖,2026-08-02,12,0.8,9.4,3.7,103,28.2,3
下田南沖,2026-08-02,15,0.8,9.8,3.5,100,28.6,3
下田南沖,2026-08-02,18,0.9,9.1,5.3,69,28.3,51
下田南沖,2026-08-02,21,1.1,8.0,5.5,49,27.9,2
下田沖,2026-08-02,00,0.8,7.2,1.0,30,27.7,0
下田沖,2026-08-02,03,0.7,7.7,1.7,17,27.5,1
下田沖,2026-08-02,06,0.7,8.3,2.6,37,27.5,0
下田沖,2026-08-02,09,0.7,8.8,2.6,103,27.6,1
下田沖,2026-08-02,12,0.8,9.4,3.7,103,28.2,3
下田沖,2026-08-02,15,0.8,9.8,3.5,100,28.6,3
下田沖,2026-08-02,18,0.9,9.1,5.3,69,28.3,51
下田沖,2026-08-02,21,1.1,8.0,5.5,49,27.9,2
相良沖,2026-08-02,00,0.7,7.1,2.1,15,27.2,0
相良沖,2026-08-02,03,0.6,8.1,1.6,14,27.4,0
相良沖,2026-08-02,06,0.6,8.8,1.6,288,27.6,0
相良沖,2026-08-02,09,0.6,9.2,2.0,78,28.0,0
相良沖,2026-08-02,12,0.7,9.9,2.7,127,28.7,3
相良沖,2026-08-02,15,0.7,10.5,2.4,137,29.2,3
相良沖,2026-08-02,18,0.8,10.7,4.2,91,29.1,2
相良沖,2026-08-02,21,0.8,10.4,4.6,59,28.8,3
天竜沖,2026-08-02,00,0.4,6.2,0.5,68,25.7,2
天竜沖,2026-08-02,03,0.4,7.0,0.9,328,25.8,0
天竜沖,2026-08-02,06,0.4,7.4,1.1,345,25.9,0
天竜沖,2026-08-02,09,0.4,7.7,1.0,87,26.1,2
天竜沖,2026-08-02,12,0.5,8.2,2.6,147,26.8,3
天竜沖,2026-08-02,15,0.5,8.7,2.5,144,27.4,3
天竜沖,2026-08-02,18,0.5,9.1,2.5,115,27.4,51
天竜沖,2026-08-02,21,0.5,9.1,2.1,41,27.2,2
波勝崎沖,2026-08-02,00,0.6,6.0,1.0,30,27.9,0
波勝崎沖,2026-08-02,03,0.6,6.5,1.7,17,27.8,1
波勝崎沖,2026-08-02,06,0.6,7.1,2.6,37,27.8,0
波勝崎沖,2026-08-02,09,0.5,7.7,2.6,103,28.0,1
波勝崎沖,2026-08-02,12,0.6,8.4,3.7,103,28.6,3
波勝崎沖,2026-08-02,15,0.6,8.9,3.5,100,29.2,3
波勝崎沖,2026-08-02,18,0.6,8.8,5.3,69,28.9,51
波勝崎沖,2026-08-02,21,0.7,8.9,5.5,49,28.5,2
藤守前,2026-08-02,00,0.5,5.7,0.9,22,28.3,1
藤守前,2026-08-02,03,0.4,6.5,1.1,297,28.4,0
藤守前,2026-08-02,06,0.4,7.0,1.2,328,28.5,0
藤守前,2026-08-02,09,0.4,7.4,1.8,87,28.7,0
藤守前,2026-08-02,12,0.5,7.9,3.0,114,29.4,3
藤守前,2026-08-02,15,0.5,8.4,3.1,146,29.9,3
藤守前,2026-08-02,18,0.5,8.8,1.8,103,29.7,51
藤守前,2026-08-02,21,0.5,9.0,3.1,42,29.4,2
吉田沖,2026-08-02,00,0.5,5.7,0.9,22,28.3,1
吉田沖,2026-08-02,03,0.4,6.5,1.1,297,28.4,0
吉田沖,2026-08-02,06,0.4,7.0,1.2,328,28.5,0
吉田沖,2026-08-02,09,0.4,7.4,1.8,87,28.7,0
吉田沖,2026-08-02,12,0.5,7.9,3.0,114,29.4,3
吉田沖,2026-08-02,15,0.5,8.4,3.1,146,29.9,3
吉田沖,2026-08-02,18,0.5,8.8,1.8,103,29.7,51
吉田沖,2026-08-02,21,0.5,9.0,3.1,42,29.4,2
千貫門沖,2026-08-02,00,0.6,6.0,1.2,68,28.1,0
千貫門沖,2026-08-02,03,0.6,6.5,0.5,307,28.0,1
千貫門沖,2026-08-02,06,0.6,7.1,1.3,42,28.0,0
千貫門沖,2026-08-02,09,0.5,7.7,0.2,256,28.2,1
千貫門沖,2026-08-02,12,0.6,8.4,0.6,219,28.8,3
千貫門沖,2026-08-02,15,0.6,8.9,2.6,117,29.3,51
千貫門沖,2026-08-02,18,0.6,8.8,4.3,103,29.2,51
千貫門沖,2026-08-02,21,0.7,8.9,4.0,83,28.9,3
豊浜沖,2026-08-02,00,0.5,5.8,1.2,68,27.9,0
豊浜沖,2026-08-02,03,0.5,6.2,0.5,307,27.8,1
豊浜沖,2026-08-02,06,0.5,6.8,1.3,42,27.8,0
豊浜沖,2026-08-02,09,0.5,7.3,0.2,256,28.0,1
豊浜沖,2026-08-02,12,0.5,8.1,0.6,219,28.6,3
豊浜沖,2026-08-02,15,0.5,8.7,2.6,117,29.1,51
豊浜沖,2026-08-02,18,0.5,8.8,4.3,103,29.0,51
豊浜沖,2026-08-02,21,0.5,9.2,4.0,83,28.8,3
松崎沖,2026-08-02,00,0.6,6.0,1.2,68,28.1,0
松崎沖,2026-08-02,03,0.6,6.5,0.5,307,28.0,1
松崎沖,2026-08-02,06,0.6,7.1,1.3,42,28.0,0
松崎沖,2026-08-02,09,0.5,7.7,0.2,256,28.2,1
松崎沖,2026-08-02,12,0.6,8.4,0.6,219,28.8,3
松崎沖,2026-08-02,15,0.6,8.9,2.6,117,29.3,51
松崎沖,2026-08-02,18,0.6,8.8,4.3,103,29.2,51
松崎沖,2026-08-02,21,0.7,8.9,4.0,83,28.9,3
西伊豆沖,2026-08-02,00,0.5,5.8,1.1,71,28.1,1
西伊豆沖,2026-08-02,03,0.5,6.2,0.4,90,28.0,0
西伊豆沖,2026-08-02,06,0.5,6.8,0.7,62,28.0,0
西伊豆沖,2026-08-02,09,0.5,7.3,0.7,302,28.2,0
西伊豆沖,2026-08-02,12,0.5,8.1,0.6,218,28.8,51
西伊豆沖,2026-08-02,15,0.5,8.7,2.7,347,29.3,55
西伊豆沖,2026-08-02,18,0.5,8.8,1.1,11,29.2,53
西伊豆沖,2026-08-02,21,0.5,9.2,3.1,60,28.9,3
大井川沖,2026-08-02,00,0.5,7.2,1.0,333,29.1,1
大井川沖,2026-08-02,03,0.5,7.8,1.4,278,28.9,0
大井川沖,2026-08-02,06,0.5,8.3,1.3,329,28.9,0
大井川沖,2026-08-02,09,0.5,8.9,1.4,116,29.1,0
大井川沖,2026-08-02,12,0.5,9.7,2.8,134,29.7,3
大井川沖,2026-08-02,15,0.6,10.2,3.3,162,30.2,3
大井川沖,2026-08-02,18,0.6,10.2,1.9,84,30.1,51
大井川沖,2026-08-02,21,0.6,10.2,2.7,38,29.7,2
中瀬海岸,2026-08-02,00,0.5,7.2,1.0,333,29.1,1
中瀬海岸,2026-08-02,03,0.5,7.8,1.4,278,28.9,0
中瀬海岸,2026-08-02,06,0.5,8.3,1.3,329,28.9,0
中瀬海岸,2026-08-02,09,0.5,8.9,1.4,116,29.1,0
中瀬海岸,2026-08-02,12,0.5,9.7,2.8,134,29.7,3
中瀬海岸,2026-08-02,15,0.6,10.2,3.3,162,30.2,3
中瀬海岸,2026-08-02,18,0.6,10.2,1.9,84,30.1,51
中瀬海岸,2026-08-02,21,0.6,10.2,2.7,38,29.7,2
大井川港,2026-08-02,00,0.5,7.2,1.1,304,29.1,2
大井川港,2026-08-02,03,0.5,7.8,1.1,292,28.9,0
大井川港,2026-08-02,06,0.5,8.3,1.0,327,28.9,0
大井川港,2026-08-02,09,0.5,8.9,1.3,135,29.1,1
大井川港,2026-08-02,12,0.5,9.7,2.8,153,29.7,2
大井川港,2026-08-02,15,0.6,10.2,2.3,149,30.2,3
大井川港,2026-08-02,18,0.6,10.2,2.8,59,30.1,51
大井川港,2026-08-02,21,0.6,10.2,1.9,41,29.7,2
駿河湾,2026-08-02,00,0.5,5.5,1.2,118,28.3,1
駿河湾,2026-08-02,03,0.5,5.8,1.4,110,28.2,0
駿河湾,2026-08-02,06,0.4,6.3,1.2,99,28.2,0
駿河湾,2026-08-02,09,0.4,6.8,1.1,31,28.4,1
駿河湾,2026-08-02,12,0.4,7.5,0.8,90,29.0,3
駿河湾,2026-08-02,15,0.4,8.1,0.4,173,29.5,61
駿河湾,2026-08-02,18,0.4,8.2,2.8,39,29.4,51
駿河湾,2026-08-02,21,0.4,8.4,4.2,62,29.1,3
洲崎沖,2026-08-02,00,0.8,8.7,1.0,223,28.9,0
洲崎沖,2026-08-02,03,0.8,9.1,0.5,58,28.9,0
洲崎沖,2026-08-02,06,0.8,9.6,1.8,90,28.9,1
洲崎沖,2026-08-02,09,0.8,10.2,1.6,90,28.9,3
洲崎沖,2026-08-02,12,0.8,10.8,2.6,112,28.9,3
洲崎沖,2026-08-02,15,1.0,10.0,6.1,85,28.9,51
洲崎沖,2026-08-02,18,1.1,9.4,4.7,52,28.6,3
洲崎沖,2026-08-02,21,1.2,9.9,5.2,40,28.2,3
沖ノ瀬,2026-08-02,00,0.7,9.8,1.9,227,28.3,0
沖ノ瀬,2026-08-02,03,0.7,9.9,0.8,4,28.3,1
沖ノ瀬,2026-08-02,06,0.7,10.3,1.5,6,28.5,51
沖ノ瀬,2026-08-02,09,0.8,11.0,1.7,109,28.8,3
沖ノ瀬,2026-08-02,12,0.8,11.6,2.0,158,29.0,3
沖ノ瀬,2026-08-02,15,1.0,10.6,6.9,118,29.1,2
沖ノ瀬,2026-08-02,18,1.1,9.7,2.9,3,28.8,61
沖ノ瀬,2026-08-02,21,1.2,10.0,8.3,38,28.3,1
平砂浦沖,2026-08-02,00,0.8,8.4,1.0,223,28.7,0
平砂浦沖,2026-08-02,03,0.8,8.8,0.5,58,28.6,0
平砂浦沖,2026-08-02,06,0.8,9.3,1.8,90,28.7,1
平砂浦沖,2026-08-02,09,0.8,9.9,1.6,90,28.8,3
平砂浦沖,2026-08-02,12,0.9,10.4,2.6,112,28.9,3
平砂浦沖,2026-08-02,15,1.0,9.7,6.1,85,28.9,51
平砂浦沖,2026-08-02,18,1.2,8.8,4.7,52,28.7,3
平砂浦沖,2026-08-02,21,1.3,9.1,5.2,40,28.4,3
館山沖,2026-08-02,00,0.8,8.4,1.0,223,29.0,0
館山沖,2026-08-02,03,0.8,8.8,0.5,58,28.9,0
館山沖,2026-08-02,06,0.8,9.3,1.8,90,28.9,1
館山沖,2026-08-02,09,0.8,9.9,1.6,90,29.0,3
館山沖,2026-08-02,12,0.8,10.6,2.6,112,29.0,3
館山沖,2026-08-02,15,1.0,9.8,6.1,85,29.0,51
館山沖,2026-08-02,18,1.1,9.2,4.7,52,28.8,3
館山沖,2026-08-02,21,1.2,9.6,5.2,40,28.6,3
久能沖,2026-08-02,00,0.4,6.9,1.0,330,29.6,2
久能沖,2026-08-02,03,0.4,7.3,2.3,336,29.4,1
久能沖,2026-08-02,06,0.4,7.8,1.3,339,29.4,0
久能沖,2026-08-02,09,0.4,8.4,1.8,114,29.5,1
久能沖,2026-08-02,12,0.5,9.2,1.8,118,30.1,2
久能沖,2026-08-02,15,0.5,9.8,0.6,151,30.6,53
久能沖,2026-08-02,18,0.5,9.8,0.7,283,30.5,61
久能沖,2026-08-02,21,0.5,9.8,2.1,66,30.2,2
富浦沖,2026-08-02,00,0.7,9.1,1.0,223,28.9,0
富浦沖,2026-08-02,03,0.8,9.3,0.5,58,29.0,0
富浦沖,2026-08-02,06,0.8,9.8,1.8,90,29.0,1
富浦沖,2026-08-02,09,0.8,10.4,1.6,90,29.0,3
富浦沖,2026-08-02,12,0.8,11.1,2.6,112,29.1,3
富浦沖,2026-08-02,15,1.0,10.2,6.1,85,29.1,51
富浦沖,2026-08-02,18,1.1,9.6,4.7,52,28.8,3
富浦沖,2026-08-02,21,1.2,10.2,5.2,40,28.4,3
折戸沖,2026-08-02,00,0.4,6.9,1.0,330,29.6,2
折戸沖,2026-08-02,03,0.4,7.3,2.3,336,29.4,1
折戸沖,2026-08-02,06,0.4,7.8,1.3,339,29.4,0
折戸沖,2026-08-02,09,0.4,8.4,1.8,114,29.5,1
折戸沖,2026-08-02,12,0.5,9.2,1.8,118,30.1,2
折戸沖,2026-08-02,15,0.5,9.8,0.6,151,30.6,53
折戸沖,2026-08-02,18,0.5,9.8,0.7,283,30.5,61
折戸沖,2026-08-02,21,0.5,9.8,2.1,66,30.2,2
貯木場,2026-08-02,00,0.4,5.8,1.0,330,29.6,2
貯木場,2026-08-02,03,0.4,6.1,2.3,336,29.4,1
貯木場,2026-08-02,06,0.4,6.5,1.3,339,29.4,0
貯木場,2026-08-02,09,0.4,7.0,1.8,114,29.5,1
貯木場,2026-08-02,12,0.4,7.6,1.8,118,30.1,2
貯木場,2026-08-02,15,0.4,8.2,0.6,151,30.6,53
貯木場,2026-08-02,18,0.4,8.4,0.7,283,30.5,61
貯木場,2026-08-02,21,0.4,8.0,2.1,66,30.2,2
折戸,2026-08-02,00,0.4,5.8,1.0,330,29.3,2
折戸,2026-08-02,03,0.4,6.1,2.3,336,29.1,1
折戸,2026-08-02,06,0.4,6.5,1.3,339,29.0,0
折戸,2026-08-02,09,0.4,7.0,1.8,114,29.2,1
折戸,2026-08-02,12,0.4,7.6,1.8,118,29.8,2
折戸,2026-08-02,15,0.4,8.2,0.6,151,30.3,53
折戸,2026-08-02,18,0.4,8.4,0.7,283,30.2,61
折戸,2026-08-02,21,0.4,8.0,2.1,66,29.9,2
清水沖,2026-08-02,00,0.4,5.8,1.0,330,29.3,2
清水沖,2026-08-02,03,0.4,6.1,2.3,336,29.1,1
清水沖,2026-08-02,06,0.4,6.5,1.3,339,29.0,0
清水沖,2026-08-02,09,0.4,7.0,1.8,114,29.2,1
清水沖,2026-08-02,12,0.4,7.6,1.8,118,29.8,2
清水沖,2026-08-02,15,0.4,8.2,0.6,151,30.3,53
清水沖,2026-08-02,18,0.4,8.4,0.7,283,30.2,61
清水沖,2026-08-02,21,0.4,8.0,2.1,66,29.9,2
岩井富浦沖,2026-08-02,00,0.6,7.7,1.0,223,29.4,0
岩井富浦沖,2026-08-02,03,0.6,7.9,0.5,58,29.3,0
岩井富浦沖,2026-08-02,06,0.6,8.4,1.8,90,29.4,1
岩井富浦沖,2026-08-02,09,0.6,9.1,1.6,90,29.5,3
岩井富浦沖,2026-08-02,12,0.6,9.8,2.6,112,30.0,3
岩井富浦沖,2026-08-02,15,0.7,9.5,6.1,85,30.3,51
岩井富浦沖,2026-08-02,18,0.8,9.2,4.7,52,29.9,3
岩井富浦沖,2026-08-02,21,0.8,10.1,5.2,40,29.3,3
北防,2026-08-02,00,0.4,5.8,1.0,330,29.6,2
北防,2026-08-02,03,0.4,6.1,2.3,336,29.4,1
北防,2026-08-02,06,0.4,6.5,1.3,339,29.4,0
北防,2026-08-02,09,0.4,7.0,1.8,114,29.5,1
北防,2026-08-02,12,0.4,7.6,1.8,118,30.1,2
北防,2026-08-02,15,0.4,8.2,0.6,151,30.6,53
北防,2026-08-02,18,0.4,8.4,0.7,283,30.5,61
北防,2026-08-02,21,0.4,8.0,2.1,66,30.2,2
一文字堤,2026-08-02,00,0.4,5.8,1.0,330,29.3,2
一文字堤,2026-08-02,03,0.4,6.1,2.3,336,29.1,1
一文字堤,2026-08-02,06,0.4,6.5,1.3,339,29.0,0
一文字堤,2026-08-02,09,0.4,7.0,1.8,114,29.2,1
一文字堤,2026-08-02,12,0.4,7.6,1.8,118,29.8,2
一文字堤,2026-08-02,15,0.4,8.2,0.6,151,30.3,53
一文字堤,2026-08-02,18,0.4,8.4,0.7,283,30.2,61
一文字堤,2026-08-02,21,0.4,8.0,2.1,66,29.9,2
西浦沖,2026-08-02,00,0.4,5.1,0.8,128,29.9,1
西浦沖,2026-08-02,03,0.4,5.2,1.1,119,29.8,0
西浦沖,2026-08-02,06,0.3,5.5,2.1,96,29.8,1
西浦沖,2026-08-02,09,0.3,5.8,1.1,100,29.9,1
西浦沖,2026-08-02,12,0.3,6.2,1.9,107,30.5,3
西浦沖,2026-08-02,15,0.3,6.7,1.2,157,30.9,51
西浦沖,2026-08-02,18,0.3,6.8,3.0,81,30.8,53
西浦沖,2026-08-02,21,0.3,6.8,3.1,63,30.4,3
高新田前,2026-08-02,00,0.4,5.8,1.0,330,29.3,2
高新田前,2026-08-02,03,0.4,6.1,2.3,336,29.1,1
高新田前,2026-08-02,06,0.4,6.5,1.3,339,29.0,0
高新田前,2026-08-02,09,0.4,7.0,1.8,114,29.2,1
高新田前,2026-08-02,12,0.4,7.6,1.8,118,29.8,2
高新田前,2026-08-02,15,0.4,8.2,0.6,151,30.3,53
高新田前,2026-08-02,18,0.4,8.4,0.7,283,30.2,61
高新田前,2026-08-02,21,0.4,8.0,2.1,66,29.9,2
三保沖,2026-08-02,00,0.4,5.8,1.7,311,29.4,1
三保沖,2026-08-02,03,0.4,6.1,2.5,322,29.4,0
三保沖,2026-08-02,06,0.4,6.5,2.1,324,29.4,0
三保沖,2026-08-02,09,0.4,7.0,1.6,117,29.6,2
三保沖,2026-08-02,12,0.4,7.6,1.7,100,30.2,2
三保沖,2026-08-02,15,0.4,8.2,0.3,252,30.7,53
三保沖,2026-08-02,18,0.4,8.4,0.8,248,30.5,51
三保沖,2026-08-02,21,0.4,8.0,1.4,63,30.0,2
三保取入口,2026-08-02,00,0.4,5.8,1.7,311,29.4,1
三保取入口,2026-08-02,03,0.4,6.1,2.5,322,29.4,0
三保取入口,2026-08-02,06,0.4,6.5,2.1,324,29.4,0
三保取入口,2026-08-02,09,0.4,7.0,1.6,117,29.6,2
三保取入口,2026-08-02,12,0.4,7.6,1.7,100,30.2,2
三保取入口,2026-08-02,15,0.4,8.2,0.3,252,30.7,53
三保取入口,2026-08-02,18,0.4,8.4,0.8,248,30.5,51
三保取入口,2026-08-02,21,0.4,8.0,1.4,63,30.0,2
静浦沖,2026-08-02,00,0.4,5.1,1.2,66,29.9,1
静浦沖,2026-08-02,03,0.4,5.2,1.4,64,29.8,0
静浦沖,2026-08-02,06,0.3,5.5,1.7,52,29.8,1
静浦沖,2026-08-02,09,0.3,5.8,0.6,185,29.9,2
静浦沖,2026-08-02,12,0.3,6.2,1.4,184,30.5,51
静浦沖,2026-08-02,15,0.3,6.7,1.4,157,30.9,55
静浦沖,2026-08-02,18,0.3,6.8,2.5,65,30.8,53
静浦沖,2026-08-02,21,0.3,6.8,3.2,66,30.4,3
網代沖,2026-08-02,00,,,0.2,225,28.7,1
網代沖,2026-08-02,03,,,0.6,153,28.5,1
網代沖,2026-08-02,06,,,1.5,143,28.6,1
網代沖,2026-08-02,09,,,1.8,95,28.8,2
網代沖,2026-08-02,12,,,2.9,108,29.4,3
網代沖,2026-08-02,15,,,1.9,95,29.8,2
網代沖,2026-08-02,18,,,2.1,114,29.4,53
網代沖,2026-08-02,21,,,3.1,43,28.9,51
網代南沖,2026-08-02,00,0.5,9.7,0.3,315,28.7,1
網代南沖,2026-08-02,03,0.6,9.9,0.8,349,28.5,1
網代南沖,2026-08-02,06,0.6,10.2,0.4,324,28.6,1
網代南沖,2026-08-02,09,0.6,10.8,1.8,88,28.8,2
網代南沖,2026-08-02,12,0.6,11.4,2.8,124,29.4,3
網代南沖,2026-08-02,15,0.7,11.4,2.1,118,29.8,51
網代南沖,2026-08-02,18,0.9,9.9,0.7,150,29.4,55
網代南沖,2026-08-02,21,1.0,9.6,3.7,31,28.9,51
岩井沖,2026-08-02,00,0.6,7.7,1.0,223,29.4,0
岩井沖,2026-08-02,03,0.6,7.9,0.5,58,29.3,0
岩井沖,2026-08-02,06,0.6,8.4,1.8,90,29.4,1
岩井沖,2026-08-02,09,0.6,9.1,1.6,90,29.5,3
岩井沖,2026-08-02,12,0.6,9.8,2.6,112,30.0,3
岩井沖,2026-08-02,15,0.7,9.5,6.1,85,30.3,51
岩井沖,2026-08-02,18,0.8,9.2,4.7,52,29.9,3
岩井沖,2026-08-02,21,0.8,10.1,5.2,40,29.3,3
沼津沖,2026-08-02,00,0.4,5.1,0.8,128,29.9,1
沼津沖,2026-08-02,03,0.4,5.2,1.1,119,29.8,0
沼津沖,2026-08-02,06,0.3,5.5,2.1,96,29.8,1
沼津沖,2026-08-02,09,0.3,5.8,1.1,100,29.9,1
沼津沖,2026-08-02,12,0.3,6.2,1.9,107,30.5,3
沼津沖,2026-08-02,15,0.3,6.7,1.2,157,30.9,51
沼津沖,2026-08-02,18,0.3,6.8,3.0,81,30.8,53
沼津沖,2026-08-02,21,0.3,6.8,3.1,63,30.4,3
相模湾,2026-08-02,00,0.6,9.7,0.9,216,28.6,0
相模湾,2026-08-02,03,0.6,9.9,3.0,16,28.6,2
相模湾,2026-08-02,06,0.6,10.3,1.2,85,28.6,53
相模湾,2026-08-02,09,0.7,10.8,1.1,51,28.7,2
相模湾,2026-08-02,12,0.7,11.5,2.2,147,29.3,3
相模湾,2026-08-02,15,0.8,11.2,5.0,145,29.8,1
相模湾,2026-08-02,18,0.9,9.8,1.5,52,29.6,53
相模湾,2026-08-02,21,1.0,9.8,9.0,40,29.1,51
太海沖航程1時間30分,2026-08-02,00,0.8,8.4,0.5,248,28.9,1
太海沖航程1時間30分,2026-08-02,03,0.8,8.8,0.6,20,28.8,0
太海沖航程1時間30分,2026-08-02,06,0.8,9.3,1.5,79,28.9,1
太海沖航程1時間30分,2026-08-02,09,0.8,9.9,1.3,97,29.0,3
太海沖航程1時間30分,2026-08-02,12,0.9,10.4,2.4,113,29.1,3
太海沖航程1時間30分,2026-08-02,15,1.0,9.7,4.8,85,29.1,1
太海沖航程1時間30分,2026-08-02,18,1.2,8.8,4.0,53,28.9,3
太海沖航程1時間30分,2026-08-02,21,1.3,9.1,5.0,40,28.7,3
木負沖,2026-08-02,00,0.4,5.1,1.2,66,29.9,1
木負沖,2026-08-02,03,0.4,5.2,1.4,64,29.8,0
木負沖,2026-08-02,06,0.3,5.5,1.7,52,29.8,1
木負沖,2026-08-02,09,0.3,5.8,0.6,185,29.9,2
木負沖,2026-08-02,12,0.3,6.2,1.4,184,30.5,51
木負沖,2026-08-02,15,0.3,6.7,1.4,157,30.9,55
木負沖,2026-08-02,18,0.3,6.8,2.5,65,30.8,53
木負沖,2026-08-02,21,0.3,6.8,3.2,66,30.4,3
木負湾内,2026-08-02,00,0.4,5.1,1.2,66,29.9,1
木負湾内,2026-08-02,03,0.4,5.2,1.4,64,29.8,0
木負湾内,2026-08-02,06,0.3,5.5,1.7,52,29.8,1
木負湾内,2026-08-02,09,0.3,5.8,0.6,185,29.9,2
木負湾内,2026-08-02,12,0.3,6.2,1.4,184,30.5,51
木負湾内,2026-08-02,15,0.3,6.7,1.4,157,30.9,55
木負湾内,2026-08-02,18,0.3,6.8,2.5,65,30.8,53
木負湾内,2026-08-02,21,0.3,6.8,3.2,66,30.4,3
カメギ根,2026-08-02,00,0.6,9.4,1.2,164,28.7,1
カメギ根,2026-08-02,03,0.6,9.6,0.2,349,28.8,1
カメギ根,2026-08-02,06,0.7,9.9,0.2,270,29.0,1
カメギ根,2026-08-02,09,0.7,10.6,1.1,119,29.3,3
カメギ根,2026-08-02,12,0.7,11.3,3.3,168,29.8,3
カメギ根,2026-08-02,15,0.8,10.7,4.7,148,30.0,1
カメギ根,2026-08-02,18,1.0,9.7,3.9,339,29.7,55
カメギ根,2026-08-02,21,1.0,10.2,7.8,39,29.2,61
保田沖,2026-08-02,00,0.6,8.2,0.7,157,29.5,1
保田沖,2026-08-02,03,0.6,8.4,0.9,49,29.4,0
保田沖,2026-08-02,06,0.6,8.9,1.7,95,29.4,1
保田沖,2026-08-02,09,0.6,9.6,0.9,347,29.5,3
保田沖,2026-08-02,12,0.7,10.3,0.5,238,30.0,3
保田沖,2026-08-02,15,0.8,9.9,3.4,104,30.3,51
保田沖,2026-08-02,18,0.9,9.5,3.6,60,29.9,3
保田沖,2026-08-02,21,0.9,10.3,4.7,44,29.3,3
大沢沖前後,2026-08-02,00,0.9,9.1,1.1,311,28.6,1
大沢沖前後,2026-08-02,03,0.9,9.6,1.0,357,28.5,0
大沢沖前後,2026-08-02,06,0.9,10.1,0.9,66,28.6,1
大沢沖前後,2026-08-02,09,1.0,10.6,1.5,100,28.7,3
大沢沖前後,2026-08-02,12,1.0,10.9,3.6,76,28.7,3
大沢沖前後,2026-08-02,15,1.2,10.0,5.4,67,28.6,0
大沢沖前後,2026-08-02,18,1.4,9.2,5.3,42,28.3,3
大沢沖前後,2026-08-02,21,1.6,9.4,5.8,36,28.0,3
勝浦沖航程1時間30分,2026-08-02,00,1.0,9.2,1.1,288,28.2,1
勝浦沖航程1時間30分,2026-08-02,03,1.0,9.6,1.1,357,28.1,0
勝浦沖航程1時間30分,2026-08-02,06,1.0,10.1,0.7,77,28.3,1
勝浦沖航程1時間30分,2026-08-02,09,1.1,10.6,2.4,54,28.5,3
勝浦沖航程1時間30分,2026-08-02,12,1.1,10.8,4.0,48,28.5,3
勝浦沖航程1時間30分,2026-08-02,15,1.3,9.8,5.6,52,28.4,0
勝浦沖航程1時間30分,2026-08-02,18,1.6,8.9,5.7,34,28.1,2
勝浦沖航程1時間30分,2026-08-02,21,1.8,9.1,5.5,29,27.8,3
由比沖,2026-08-02,00,0.3,5.3,0.8,8,29.7,1
由比沖,2026-08-02,03,0.3,5.5,1.0,15,29.5,0
由比沖,2026-08-02,06,0.3,5.7,0.8,357,29.5,1
由比沖,2026-08-02,09,0.3,6.0,1.4,188,29.7,2
由比沖,2026-08-02,12,0.3,6.4,2.5,199,30.3,3
由比沖,2026-08-02,15,0.3,6.9,0.9,257,30.8,65
由比沖,2026-08-02,18,0.3,7.2,0.6,5,30.5,61
由比沖,2026-08-02,21,0.3,7.3,1.3,2,30.0,3
由比港周辺,2026-08-02,00,0.3,5.3,0.8,8,29.7,1
由比港周辺,2026-08-02,03,0.3,5.5,1.0,15,29.5,0
由比港周辺,2026-08-02,06,0.3,5.7,0.8,357,29.5,1
由比港周辺,2026-08-02,09,0.3,6.0,1.4,188,29.7,2
由比港周辺,2026-08-02,12,0.3,6.4,2.5,199,30.3,3
由比港周辺,2026-08-02,15,0.3,6.9,0.9,257,30.8,65
由比港周辺,2026-08-02,18,0.3,7.2,0.6,5,30.5,61
由比港周辺,2026-08-02,21,0.3,7.3,1.3,2,30.0,3
岩船沖,2026-08-02,00,0.8,8.4,0.6,290,28.9,1
岩船沖,2026-08-02,03,0.8,8.8,1.1,8,28.8,0
岩船沖,2026-08-02,06,0.8,9.3,1.1,54,28.9,1
岩船沖,2026-08-02,09,0.8,9.9,1.0,102,29.0,3
岩船沖,2026-08-02,12,0.9,10.4,2.1,98,29.1,51
岩船沖,2026-08-02,15,1.0,9.7,4.2,80,29.1,51
岩船沖,2026-08-02,18,1.2,8.8,4.0,51,28.9,3
岩船沖,2026-08-02,21,1.3,9.1,4.8,41,28.7,3
小湊沖,2026-08-02,00,0.8,8.8,1.1,311,28.9,1
小湊沖,2026-08-02,03,0.8,9.1,1.0,357,28.8,0
小湊沖,2026-08-02,06,0.8,9.6,0.9,66,28.8,1
小湊沖,2026-08-02,09,0.8,10.2,1.5,100,28.9,3
小湊沖,2026-08-02,12,0.9,10.6,3.6,76,29.1,3
小湊沖,2026-08-02,15,1.0,10.0,5.4,67,29.1,0
小湊沖,2026-08-02,18,1.2,9.4,5.3,42,28.9,3
小湊沖,2026-08-02,21,1.3,9.9,5.8,36,28.5,3
太海沖,2026-08-02,00,0.5,6.8,0.7,157,29.6,1
太海沖,2026-08-02,03,0.5,7.0,0.9,49,29.4,0
太海沖,2026-08-02,06,0.5,7.3,1.7,95,29.5,1
太海沖,2026-08-02,09,0.5,7.8,0.9,347,29.8,3
太海沖,2026-08-02,12,0.5,8.5,0.5,238,30.3,3
太海沖,2026-08-02,15,0.5,8.9,3.4,104,30.6,51
太海沖,2026-08-02,18,0.5,8.7,3.6,60,30.4,3
太海沖,2026-08-02,21,0.6,8.8,4.7,44,29.9,3
鴨川沖前後,2026-08-02,00,0.7,8.2,1.1,311,28.8,1
鴨川沖前後,2026-08-02,03,0.7,8.6,1.0,357,28.7,0
鴨川沖前後,2026-08-02,06,0.7,9.1,0.9,66,28.7,1
鴨川沖前後,2026-08-02,09,0.7,9.7,1.5,100,28.9,3
鴨川沖前後,2026-08-02,12,0.7,10.1,3.6,76,29.0,3
鴨川沖前後,2026-08-02,15,0.8,9.7,5.4,67,29.1,0
鴨川沖前後,2026-08-02,18,1.0,9.1,5.3,42,28.9,3
鴨川沖前後,2026-08-02,21,1.0,9.6,5.8,36,28.7,3
岩和田沖,2026-08-02,00,1.0,9.3,1.1,288,28.6,1
岩和田沖,2026-08-02,03,1.0,9.7,1.1,357,28.4,0
岩和田沖,2026-08-02,06,1.0,10.1,0.7,77,28.5,1
岩和田沖,2026-08-02,09,1.0,10.7,2.4,54,28.6,3
岩和田沖,2026-08-02,12,1.0,10.8,4.0,48,28.7,3
岩和田沖,2026-08-02,15,1.2,10.0,5.6,52,28.7,0
岩和田沖,2026-08-02,18,1.5,9.4,5.7,34,28.4,2
岩和田沖,2026-08-02,21,1.6,9.8,5.5,29,28.0,3
城ヶ島西沖,2026-08-02,00,0.5,8.8,1.2,164,29.0,1
城ヶ島西沖,2026-08-02,03,0.6,9.0,0.2,349,29.0,1
城ヶ島西沖,2026-08-02,06,0.6,9.4,0.2,270,29.1,1
城ヶ島西沖,2026-08-02,09,0.6,10.0,1.1,119,29.3,3
城ヶ島西沖,2026-08-02,12,0.6,10.8,3.3,168,29.9,3
城ヶ島西沖,2026-08-02,15,0.7,10.8,4.7,148,30.4,1
城ヶ島西沖,2026-08-02,18,0.8,9.6,3.9,339,30.1,55
城ヶ島西沖,2026-08-02,21,0.9,9.9,7.8,39,29.5,61
城ヶ島沖,2026-08-02,00,0.5,8.2,1.0,163,29.2,1
城ヶ島沖,2026-08-02,03,0.6,8.4,0.6,18,29.2,0
城ヶ島沖,2026-08-02,06,0.6,8.8,0.8,40,29.2,0
城ヶ島沖,2026-08-02,09,0.6,9.4,1.4,17,29.5,3
城ヶ島沖,2026-08-02,12,0.6,10.2,2.1,202,30.1,3
城ヶ島沖,2026-08-02,15,0.7,10.4,4.2,146,30.5,1
城ヶ島沖,2026-08-02,18,0.7,9.4,4.2,10,30.2,55
城ヶ島沖,2026-08-02,21,0.8,9.8,8.1,38,29.7,55
大貫沖～富浦沖,2026-08-02,00,0.5,6.8,0.7,157,29.3,1
大貫沖～富浦沖,2026-08-02,03,0.5,7.0,0.9,49,29.1,0
大貫沖～富浦沖,2026-08-02,06,0.5,7.3,1.7,95,29.2,1
大貫沖～富浦沖,2026-08-02,09,0.5,7.8,0.9,347,29.4,3
大貫沖～富浦沖,2026-08-02,12,0.5,8.5,0.5,238,30.0,3
大貫沖～富浦沖,2026-08-02,15,0.5,8.9,3.4,104,30.5,51
大貫沖～富浦沖,2026-08-02,18,0.5,8.7,3.6,60,30.2,3
大貫沖～富浦沖,2026-08-02,21,0.6,8.8,4.7,44,29.7,3
御宿沖,2026-08-02,00,1.0,9.3,1.1,288,28.6,1
御宿沖,2026-08-02,03,1.0,9.7,1.1,357,28.4,0
御宿沖,2026-08-02,06,1.0,10.1,0.7,77,28.5,1
御宿沖,2026-08-02,09,1.0,10.7,2.4,54,28.6,3
御宿沖,2026-08-02,12,1.0,10.8,4.0,48,28.7,3
御宿沖,2026-08-02,15,1.2,10.0,5.6,52,28.7,0
御宿沖,2026-08-02,18,1.5,9.4,5.7,34,28.4,2
御宿沖,2026-08-02,21,1.6,9.8,5.5,29,28.0,3
興津港沖,2026-08-02,00,1.0,9.3,1.1,288,28.6,1
興津港沖,2026-08-02,03,1.0,9.7,1.1,357,28.4,0
興津港沖,2026-08-02,06,1.0,10.1,0.7,77,28.5,1
興津港沖,2026-08-02,09,1.0,10.7,2.4,54,28.6,3
興津港沖,2026-08-02,12,1.0,10.8,4.0,48,28.7,3
興津港沖,2026-08-02,15,1.2,10.0,5.6,52,28.7,0
興津港沖,2026-08-02,18,1.5,9.4,5.7,34,28.4,2
興津港沖,2026-08-02,21,1.6,9.8,5.5,29,28.0,3
烏帽子沖,2026-08-02,00,0.5,8.2,1.0,163,29.2,1
烏帽子沖,2026-08-02,03,0.6,8.4,0.6,18,29.2,0
烏帽子沖,2026-08-02,06,0.6,8.8,0.8,40,29.2,0
烏帽子沖,2026-08-02,09,0.6,9.4,1.4,17,29.5,3
烏帽子沖,2026-08-02,12,0.6,10.2,2.1,202,30.1,3
烏帽子沖,2026-08-02,15,0.7,10.4,4.2,146,30.5,1
烏帽子沖,2026-08-02,18,0.7,9.4,4.2,10,30.2,55
烏帽子沖,2026-08-02,21,0.8,9.8,8.1,38,29.7,55
諸磯沖,2026-08-02,00,0.5,8.2,1.0,163,29.2,1
諸磯沖,2026-08-02,03,0.6,8.4,0.6,18,29.2,0
諸磯沖,2026-08-02,06,0.6,8.8,0.8,40,29.2,0
諸磯沖,2026-08-02,09,0.6,9.4,1.4,17,29.5,3
諸磯沖,2026-08-02,12,0.6,10.2,2.1,202,30.1,3
諸磯沖,2026-08-02,15,0.7,10.4,4.2,146,30.5,1
諸磯沖,2026-08-02,18,0.7,9.4,4.2,10,30.2,55
諸磯沖,2026-08-02,21,0.8,9.8,8.1,38,29.7,55
剣崎沖,2026-08-02,00,0.5,8.2,1.0,163,29.2,1
剣崎沖,2026-08-02,03,0.6,8.4,0.6,18,29.2,0
剣崎沖,2026-08-02,06,0.6,8.8,0.8,40,29.2,0
剣崎沖,2026-08-02,09,0.6,9.4,1.4,17,29.5,3
剣崎沖,2026-08-02,12,0.6,10.2,2.1,202,30.1,3
剣崎沖,2026-08-02,15,0.7,10.4,4.2,146,30.5,1
剣崎沖,2026-08-02,18,0.7,9.4,4.2,10,30.2,55
剣崎沖,2026-08-02,21,0.8,9.8,8.1,38,29.7,55
勝浦灯台沖航程20分,2026-08-02,00,0.9,9.2,1.1,288,28.7,1
勝浦灯台沖航程20分,2026-08-02,03,0.9,9.5,1.1,357,28.5,0
勝浦灯台沖航程20分,2026-08-02,06,0.9,10.0,0.7,77,28.6,1
勝浦灯台沖航程20分,2026-08-02,09,0.9,10.6,2.4,54,28.8,3
勝浦灯台沖航程20分,2026-08-02,12,1.0,10.8,4.0,48,28.9,3
勝浦灯台沖航程20分,2026-08-02,15,1.1,10.1,5.6,52,28.9,0
勝浦灯台沖航程20分,2026-08-02,18,1.3,9.6,5.7,34,28.5,2
勝浦灯台沖航程20分,2026-08-02,21,1.5,9.9,5.5,29,28.0,3
勝浦沖航程30分,2026-08-02,00,1.0,9.3,1.1,288,28.6,1
勝浦沖航程30分,2026-08-02,03,1.0,9.7,1.1,357,28.4,0
勝浦沖航程30分,2026-08-02,06,1.0,10.1,0.7,77,28.5,1
勝浦沖航程30分,2026-08-02,09,1.0,10.7,2.4,54,28.6,3
勝浦沖航程30分,2026-08-02,12,1.0,10.8,4.0,48,28.7,3
勝浦沖航程30分,2026-08-02,15,1.2,10.0,5.6,52,28.7,0
勝浦沖航程30分,2026-08-02,18,1.5,9.4,5.7,34,28.4,2
勝浦沖航程30分,2026-08-02,21,1.6,9.8,5.5,29,28.0,3
田子の浦沖,2026-08-02,00,0.3,5.3,0.8,8,29.7,1
田子の浦沖,2026-08-02,03,0.3,5.5,1.0,15,29.5,0
田子の浦沖,2026-08-02,06,0.3,5.7,0.8,357,29.5,1
田子の浦沖,2026-08-02,09,0.3,6.0,1.4,188,29.7,2
田子の浦沖,2026-08-02,12,0.3,6.4,2.5,199,30.3,3
田子の浦沖,2026-08-02,15,0.3,6.9,0.9,257,30.8,65
田子の浦沖,2026-08-02,18,0.3,7.2,0.6,5,30.5,61
田子の浦沖,2026-08-02,21,0.3,7.3,1.3,2,30.0,3
富士川沖,2026-08-02,00,0.3,5.3,0.8,8,29.7,1
富士川沖,2026-08-02,03,0.3,5.5,1.0,15,29.6,0
富士川沖,2026-08-02,06,0.3,5.7,0.8,357,29.6,1
富士川沖,2026-08-02,09,0.3,6.0,1.4,188,29.8,2
富士川沖,2026-08-02,12,0.3,6.4,2.5,199,30.4,3
富士川沖,2026-08-02,15,0.3,6.9,0.9,257,30.8,65
富士川沖,2026-08-02,18,0.3,7.2,0.6,5,30.6,61
富士川沖,2026-08-02,21,0.3,7.3,1.3,2,30.1,3
かんねこ,2026-08-02,00,0.5,6.8,0.7,157,29.6,1
かんねこ,2026-08-02,03,0.5,7.0,0.9,49,29.4,0
かんねこ,2026-08-02,06,0.5,7.3,1.7,95,29.5,1
かんねこ,2026-08-02,09,0.5,7.8,0.9,347,29.8,3
かんねこ,2026-08-02,12,0.5,8.5,0.5,238,30.3,3
かんねこ,2026-08-02,15,0.5,8.9,3.4,104,30.6,51
かんねこ,2026-08-02,18,0.5,8.7,3.6,60,30.4,3
かんねこ,2026-08-02,21,0.6,8.8,4.7,44,29.9,3
海中公園沖,2026-08-02,00,1.0,9.3,1.1,288,28.6,1
海中公園沖,2026-08-02,03,1.0,9.7,1.1,357,28.4,0
海中公園沖,2026-08-02,06,1.0,10.1,0.7,77,28.5,1
海中公園沖,2026-08-02,09,1.0,10.7,2.4,54,28.6,3
海中公園沖,2026-08-02,12,1.0,10.8,4.0,48,28.7,3
海中公園沖,2026-08-02,15,1.2,10.0,5.6,52,28.7,0
海中公園沖,2026-08-02,18,1.5,9.4,5.7,34,28.4,2
海中公園沖,2026-08-02,21,1.6,9.8,5.5,29,28.0,3
真鶴西沖,2026-08-02,00,0.5,9.7,0.6,275,28.8,0
真鶴西沖,2026-08-02,03,0.5,9.8,1.1,308,28.6,1
真鶴西沖,2026-08-02,06,0.5,10.2,0.7,300,28.7,1
真鶴西沖,2026-08-02,09,0.6,10.8,1.7,90,28.9,3
真鶴西沖,2026-08-02,12,0.6,11.4,2.1,139,29.5,3
真鶴西沖,2026-08-02,15,0.6,11.8,1.8,148,30.0,51
真鶴西沖,2026-08-02,18,0.8,10.2,0.6,243,29.7,55
真鶴西沖,2026-08-02,21,0.9,9.8,2.9,22,29.1,53
真鶴沖,2026-08-02,00,0.5,9.7,0.6,275,28.8,0
真鶴沖,2026-08-02,03,0.5,9.8,1.1,308,28.6,1
真鶴沖,2026-08-02,06,0.5,10.2,0.7,300,28.7,1
真鶴沖,2026-08-02,09,0.6,10.8,1.7,90,28.9,3
真鶴沖,2026-08-02,12,0.6,11.4,2.1,139,29.5,3
真鶴沖,2026-08-02,15,0.6,11.8,1.8,148,30.0,51
真鶴沖,2026-08-02,18,0.8,10.2,0.6,243,29.7,55
真鶴沖,2026-08-02,21,0.9,9.8,2.9,22,29.1,53
勝浦灯台沖,2026-08-02,00,0.9,9.2,1.1,288,28.7,1
勝浦灯台沖,2026-08-02,03,0.9,9.5,1.1,357,28.5,0
勝浦灯台沖,2026-08-02,06,0.9,10.0,0.7,77,28.6,1
勝浦灯台沖,2026-08-02,09,0.9,10.6,2.4,54,28.8,3
勝浦灯台沖,2026-08-02,12,1.0,10.8,4.0,48,28.9,3
勝浦灯台沖,2026-08-02,15,1.1,10.1,5.6,52,28.9,0
勝浦灯台沖,2026-08-02,18,1.3,9.6,5.7,34,28.5,2
勝浦灯台沖,2026-08-02,21,1.5,9.9,5.5,29,28.0,3
勝浦沖,2026-08-02,00,0.9,9.2,1.1,288,28.7,1
勝浦沖,2026-08-02,03,0.9,9.5,1.1,357,28.5,0
勝浦沖,2026-08-02,06,0.9,10.0,0.7,77,28.6,1
勝浦沖,2026-08-02,09,0.9,10.6,2.4,54,28.8,3
勝浦沖,2026-08-02,12,1.0,10.8,4.0,48,28.9,3
勝浦沖,2026-08-02,15,1.1,10.1,5.6,52,28.9,0
勝浦沖,2026-08-02,18,1.3,9.6,5.7,34,28.5,2
勝浦沖,2026-08-02,21,1.5,9.9,5.5,29,28.0,3
富士山根,2026-08-02,00,0.5,8.1,0.7,231,29.0,1
富士山根,2026-08-02,03,0.5,8.2,0.6,315,29.0,0
富士山根,2026-08-02,06,0.5,8.6,0.3,352,29.1,0
富士山根,2026-08-02,09,0.5,9.1,1.8,54,29.3,3
富士山根,2026-08-02,12,0.5,9.9,2.6,99,29.9,2
富士山根,2026-08-02,15,0.5,10.6,0.9,83,30.3,51
富士山根,2026-08-02,18,0.6,9.3,4.5,58,30.0,53
富士山根,2026-08-02,21,0.7,9.8,5.4,39,29.5,63
川津沖,2026-08-02,00,0.9,8.9,1.3,283,28.6,0
川津沖,2026-08-02,03,0.9,9.2,1.1,344,28.4,1
川津沖,2026-08-02,06,0.9,9.6,0.4,111,28.5,1
川津沖,2026-08-02,09,0.9,10.1,3.0,42,28.6,3
川津沖,2026-08-02,12,0.9,10.2,4.1,50,28.7,3
川津沖,2026-08-02,15,1.1,9.4,5.8,50,28.7,1
川津沖,2026-08-02,18,1.3,8.9,6.0,36,28.4,2
川津沖,2026-08-02,21,1.4,9.3,5.3,29,28.0,3
下浦沖,2026-08-02,00,0.4,6.6,0.7,231,29.2,1
下浦沖,2026-08-02,03,0.4,6.8,0.6,315,29.0,0
下浦沖,2026-08-02,06,0.4,7.0,0.3,352,29.0,0
下浦沖,2026-08-02,09,0.4,7.5,1.8,54,29.2,3
下浦沖,2026-08-02,12,0.4,8.2,2.6,99,29.9,2
下浦沖,2026-08-02,15,0.4,8.8,0.9,83,30.4,51
下浦沖,2026-08-02,18,0.5,8.3,4.5,58,30.2,53
下浦沖,2026-08-02,21,0.5,8.1,5.4,39,29.7,63
興津沖,2026-08-02,00,0.9,8.9,1.3,283,28.6,0
興津沖,2026-08-02,03,0.9,9.2,1.1,344,28.4,1
興津沖,2026-08-02,06,0.9,9.6,0.4,111,28.5,1
興津沖,2026-08-02,09,0.9,10.1,3.0,42,28.6,3
興津沖,2026-08-02,12,0.9,10.2,4.1,50,28.7,3
興津沖,2026-08-02,15,1.1,9.4,5.8,50,28.7,1
興津沖,2026-08-02,18,1.3,8.9,6.0,36,28.4,2
興津沖,2026-08-02,21,1.4,9.3,5.3,29,28.0,3
長井西沖,2026-08-02,00,0.5,8.1,0.7,231,29.0,1
長井西沖,2026-08-02,03,0.5,8.2,0.6,315,29.0,0
長井西沖,2026-08-02,06,0.5,8.6,0.3,352,29.1,0
長井西沖,2026-08-02,09,0.5,9.1,1.8,54,29.3,3
長井西沖,2026-08-02,12,0.5,9.9,2.6,99,29.9,2
長井西沖,2026-08-02,15,0.5,10.6,0.9,83,30.3,51
長井西沖,2026-08-02,18,0.6,9.3,4.5,58,30.0,53
長井西沖,2026-08-02,21,0.7,9.8,5.4,39,29.5,63
長井沖,2026-08-02,00,0.4,7.2,0.7,231,29.3,1
長井沖,2026-08-02,03,0.4,7.3,0.6,315,29.2,0
長井沖,2026-08-02,06,0.4,7.7,0.3,352,29.2,0
長井沖,2026-08-02,09,0.5,8.2,1.8,54,29.4,3
長井沖,2026-08-02,12,0.5,8.8,2.6,99,30.0,2
長井沖,2026-08-02,15,0.5,9.5,0.9,83,30.5,51
長井沖,2026-08-02,18,0.5,8.8,4.5,58,30.3,53
長井沖,2026-08-02,21,0.6,8.9,5.4,39,29.9,63
三戸浜沖,2026-08-02,00,0.4,7.2,0.7,231,29.3,1
三戸浜沖,2026-08-02,03,0.4,7.3,0.6,315,29.2,0
三戸浜沖,2026-08-02,06,0.4,7.7,0.3,352,29.2,0
三戸浜沖,2026-08-02,09,0.5,8.2,1.8,54,29.4,3
三戸浜沖,2026-08-02,12,0.5,8.8,2.6,99,30.0,2
三戸浜沖,2026-08-02,15,0.5,9.5,0.9,83,30.5,51
三戸浜沖,2026-08-02,18,0.5,8.8,4.5,58,30.3,53
三戸浜沖,2026-08-02,21,0.6,8.9,5.4,39,29.9,63
金谷沖,2026-08-02,00,0.4,6.1,0.7,231,29.2,1
金谷沖,2026-08-02,03,0.4,6.3,0.6,315,29.0,0
金谷沖,2026-08-02,06,0.4,6.5,0.3,352,29.1,0
金谷沖,2026-08-02,09,0.4,6.9,1.8,54,29.3,3
金谷沖,2026-08-02,12,0.4,7.5,2.6,99,29.9,2
金谷沖,2026-08-02,15,0.4,8.1,0.9,83,30.5,51
金谷沖,2026-08-02,18,0.4,8.0,4.5,58,30.2,53
金谷沖,2026-08-02,21,0.4,7.3,5.4,39,29.8,63
佐島沖,2026-08-02,00,0.4,7.2,0.7,231,29.3,1
佐島沖,2026-08-02,03,0.4,7.3,0.6,315,29.2,0
佐島沖,2026-08-02,06,0.4,7.7,0.3,352,29.2,0
佐島沖,2026-08-02,09,0.5,8.2,1.8,54,29.4,3
佐島沖,2026-08-02,12,0.5,8.8,2.6,99,30.0,2
佐島沖,2026-08-02,15,0.5,9.5,0.9,83,30.5,51
佐島沖,2026-08-02,18,0.5,8.8,4.5,58,30.3,53
佐島沖,2026-08-02,21,0.6,8.9,5.4,39,29.9,63
小田原南沖,2026-08-02,00,0.4,9.4,0.6,275,28.9,0
小田原南沖,2026-08-02,03,0.5,9.6,1.1,308,28.7,1
小田原南沖,2026-08-02,06,0.5,9.9,0.7,300,28.7,1
小田原南沖,2026-08-02,09,0.5,10.5,1.7,90,28.9,3
小田原南沖,2026-08-02,12,0.5,11.2,2.1,139,29.6,3
小田原南沖,2026-08-02,15,0.6,11.7,1.8,148,30.1,51
小田原南沖,2026-08-02,18,0.7,10.5,0.6,243,29.8,55
小田原南沖,2026-08-02,21,0.7,10.3,2.9,22,29.3,53
瀬の海,2026-08-02,00,0.5,9.1,0.4,225,29.0,1
瀬の海,2026-08-02,03,0.5,9.2,0.3,8,29.0,1
瀬の海,2026-08-02,06,0.5,9.6,0.9,301,29.0,0
瀬の海,2026-08-02,09,0.5,10.2,0.6,170,29.2,3
瀬の海,2026-08-02,12,0.5,10.9,4.2,200,29.7,51
瀬の海,2026-08-02,15,0.6,11.4,2.4,187,30.1,55
瀬の海,2026-08-02,18,0.7,10.1,2.4,60,29.9,53
瀬の海,2026-08-02,21,0.8,10.2,4.2,31,29.4,3
秋谷沖,2026-08-02,00,0.5,8.1,0.7,231,29.0,1
秋谷沖,2026-08-02,03,0.5,8.2,0.6,315,29.0,0
秋谷沖,2026-08-02,06,0.5,8.6,0.3,352,29.1,0
秋谷沖,2026-08-02,09,0.5,9.1,1.8,54,29.3,3
秋谷沖,2026-08-02,12,0.5,9.9,2.6,99,29.9,2
秋谷沖,2026-08-02,15,0.5,10.6,0.9,83,30.3,51
秋谷沖,2026-08-02,18,0.6,9.3,4.5,58,30.0,53
秋谷沖,2026-08-02,21,0.7,9.8,5.4,39,29.5,63
竹岡沖,2026-08-02,00,0.4,6.1,1.6,178,29.2,1
竹岡沖,2026-08-02,03,0.4,6.3,0.4,36,29.0,0
竹岡沖,2026-08-02,06,0.4,6.5,0.5,167,29.1,1
竹岡沖,2026-08-02,09,0.4,6.9,1.8,26,29.3,3
竹岡沖,2026-08-02,12,0.4,7.5,2.8,58,29.9,2
竹岡沖,2026-08-02,15,0.4,8.1,4.8,79,30.5,1
竹岡沖,2026-08-02,18,0.4,8.0,5.4,68,30.2,2
竹岡沖,2026-08-02,21,0.4,7.3,4.8,46,29.8,53
部原沖,2026-08-02,00,0.9,9.2,1.1,288,28.7,1
部原沖,2026-08-02,03,0.9,9.5,1.1,357,28.5,0
部原沖,2026-08-02,06,0.9,10.0,0.7,77,28.6,1
部原沖,2026-08-02,09,0.9,10.6,2.4,54,28.8,3
部原沖,2026-08-02,12,1.0,10.8,4.0,48,28.9,3
部原沖,2026-08-02,15,1.1,10.1,5.6,52,28.9,0
部原沖,2026-08-02,18,1.3,9.6,5.7,34,28.5,2
部原沖,2026-08-02,21,1.5,9.9,5.5,29,28.0,3
小田原西沖,2026-08-02,00,0.4,9.4,0.6,275,28.9,0
小田原西沖,2026-08-02,03,0.5,9.6,1.1,308,28.7,1
小田原西沖,2026-08-02,06,0.5,9.9,0.7,300,28.7,1
小田原西沖,2026-08-02,09,0.5,10.5,1.7,90,28.9,3
小田原西沖,2026-08-02,12,0.5,11.2,2.1,139,29.6,3
小田原西沖,2026-08-02,15,0.6,11.7,1.8,148,30.1,51
小田原西沖,2026-08-02,18,0.7,10.5,0.6,243,29.8,55
小田原西沖,2026-08-02,21,0.7,10.3,2.9,22,29.3,53
小田原沖,2026-08-02,00,0.4,9.4,0.6,275,28.9,0
小田原沖,2026-08-02,03,0.5,9.6,1.1,308,28.7,1
小田原沖,2026-08-02,06,0.5,9.9,0.7,300,28.7,1
小田原沖,2026-08-02,09,0.5,10.5,1.7,90,28.9,3
小田原沖,2026-08-02,12,0.5,11.2,2.1,139,29.6,3
小田原沖,2026-08-02,15,0.6,11.7,1.8,148,30.1,51
小田原沖,2026-08-02,18,0.7,10.5,0.6,243,29.8,55
小田原沖,2026-08-02,21,0.7,10.3,2.9,22,29.3,53
小田原東沖,2026-08-02,00,0.4,9.4,0.6,275,28.9,0
小田原東沖,2026-08-02,03,0.5,9.6,1.1,308,28.7,1
小田原東沖,2026-08-02,06,0.5,9.9,0.7,300,28.7,1
小田原東沖,2026-08-02,09,0.5,10.5,1.7,90,28.9,3
小田原東沖,2026-08-02,12,0.5,11.2,2.1,139,29.6,3
小田原東沖,2026-08-02,15,0.6,11.7,1.8,148,30.1,51
小田原東沖,2026-08-02,18,0.7,10.5,0.6,243,29.8,55
小田原東沖,2026-08-02,21,0.7,10.3,2.9,22,29.3,53
久里浜沖,2026-08-02,00,0.4,6.6,0.7,231,29.2,1
久里浜沖,2026-08-02,03,0.4,6.8,0.6,315,29.0,0
久里浜沖,2026-08-02,06,0.4,7.0,0.3,352,29.0,0
久里浜沖,2026-08-02,09,0.4,7.5,1.8,54,29.2,3
久里浜沖,2026-08-02,12,0.4,8.2,2.6,99,29.9,2
久里浜沖,2026-08-02,15,0.4,8.8,0.9,83,30.4,51
久里浜沖,2026-08-02,18,0.5,8.3,4.5,58,30.2,53
久里浜沖,2026-08-02,21,0.5,8.1,5.4,39,29.7,63
国府津沖,2026-08-02,00,0.4,9.4,0.8,274,28.9,1
国府津沖,2026-08-02,03,0.5,9.6,0.6,305,28.7,1
国府津沖,2026-08-02,06,0.5,9.9,1.1,304,28.7,0
国府津沖,2026-08-02,09,0.5,10.5,1.1,137,28.9,3
国府津沖,2026-08-02,12,0.5,11.2,3.2,184,29.6,3
国府津沖,2026-08-02,15,0.6,11.7,1.4,178,30.1,51
国府津沖,2026-08-02,18,0.7,10.5,1.5,53,29.8,53
国府津沖,2026-08-02,21,0.7,10.3,2.5,34,29.3,51
葉山南沖,2026-08-02,00,0.4,7.2,0.7,231,29.7,1
葉山南沖,2026-08-02,03,0.4,7.5,0.6,315,29.7,0
葉山南沖,2026-08-02,06,0.4,7.7,0.3,352,29.7,0
葉山南沖,2026-08-02,09,0.4,8.2,1.8,54,29.8,3
葉山南沖,2026-08-02,12,0.4,8.9,2.6,99,30.3,2
葉山南沖,2026-08-02,15,0.4,9.8,0.9,83,30.7,51
葉山南沖,2026-08-02,18,0.4,9.1,4.5,58,30.6,53
葉山南沖,2026-08-02,21,0.5,9.5,5.4,39,30.2,63
エボシ沖,2026-08-02,00,0.4,7.2,0.7,231,29.7,1
エボシ沖,2026-08-02,03,0.4,7.5,0.6,315,29.7,0
エボシ沖,2026-08-02,06,0.4,7.7,0.3,352,29.7,0
エボシ沖,2026-08-02,09,0.4,8.2,1.8,54,29.8,3
エボシ沖,2026-08-02,12,0.4,8.9,2.6,99,30.3,2
エボシ沖,2026-08-02,15,0.4,9.8,0.9,83,30.7,51
エボシ沖,2026-08-02,18,0.4,9.1,4.5,58,30.6,53
エボシ沖,2026-08-02,21,0.5,9.5,5.4,39,30.2,63
観音崎沖ｍ,2026-08-02,00,0.3,6.0,0.7,231,28.9,1
観音崎沖ｍ,2026-08-02,03,0.3,6.1,0.6,315,28.8,0
観音崎沖ｍ,2026-08-02,06,0.3,6.3,0.3,352,28.8,0
観音崎沖ｍ,2026-08-02,09,0.3,6.7,1.8,54,29.0,3
観音崎沖ｍ,2026-08-02,12,0.3,7.2,2.6,99,29.7,2
観音崎沖ｍ,2026-08-02,15,0.3,7.8,0.9,83,30.3,51
観音崎沖ｍ,2026-08-02,18,0.3,7.2,4.5,58,30.0,53
観音崎沖ｍ,2026-08-02,21,0.4,6.5,5.4,39,29.4,63
浦賀沖,2026-08-02,00,0.3,6.0,0.7,231,28.9,1
浦賀沖,2026-08-02,03,0.3,6.1,0.6,315,28.8,0
浦賀沖,2026-08-02,06,0.3,6.3,0.3,352,28.8,0
浦賀沖,2026-08-02,09,0.3,6.7,1.8,54,29.0,3
浦賀沖,2026-08-02,12,0.3,7.2,2.6,99,29.7,2
浦賀沖,2026-08-02,15,0.3,7.8,0.9,83,30.3,51
浦賀沖,2026-08-02,18,0.3,7.2,4.5,58,30.0,53
浦賀沖,2026-08-02,21,0.4,6.5,5.4,39,29.4,63
鎌倉沖,2026-08-02,00,0.4,7.2,0.6,180,29.7,1
鎌倉沖,2026-08-02,03,0.4,7.5,0.3,99,29.7,0
鎌倉沖,2026-08-02,06,0.4,7.7,0.4,180,29.7,0
鎌倉沖,2026-08-02,09,0.4,8.2,0.6,135,29.8,2
鎌倉沖,2026-08-02,12,0.4,8.9,2.8,181,30.3,3
鎌倉沖,2026-08-02,15,0.4,9.8,1.3,171,30.7,61
鎌倉沖,2026-08-02,18,0.4,9.1,2.7,75,30.6,55
鎌倉沖,2026-08-02,21,0.5,9.5,4.0,30,30.2,51
葉山沖,2026-08-02,00,0.4,7.2,0.9,221,29.7,1
葉山沖,2026-08-02,03,0.4,7.5,0.4,304,29.7,0
葉山沖,2026-08-02,06,0.4,7.7,0.3,211,29.7,0
葉山沖,2026-08-02,09,0.4,8.2,1.8,69,29.8,2
葉山沖,2026-08-02,12,0.4,8.9,3.0,92,30.3,2
葉山沖,2026-08-02,15,0.4,9.8,2.3,61,30.7,63
葉山沖,2026-08-02,18,0.4,9.1,4.3,82,30.6,53
葉山沖,2026-08-02,21,0.5,9.5,4.5,34,30.2,63
大貫沖,2026-08-02,00,0.3,5.6,1.6,178,29.2,1
大貫沖,2026-08-02,03,0.3,5.8,0.4,36,29.0,0
大貫沖,2026-08-02,06,0.3,6.0,0.5,167,29.0,1
大貫沖,2026-08-02,09,0.3,6.2,1.8,26,29.2,3
大貫沖,2026-08-02,12,0.3,6.7,2.8,58,29.9,2
大貫沖,2026-08-02,15,0.3,7.2,4.8,79,30.4,1
大貫沖,2026-08-02,18,0.3,6.5,5.4,68,30.1,2
大貫沖,2026-08-02,21,0.3,5.7,4.8,46,29.6,53
大原沖,2026-08-02,00,0.8,9.3,1.3,283,28.6,0
大原沖,2026-08-02,03,0.8,9.4,1.1,344,28.5,1
大原沖,2026-08-02,06,0.9,9.8,0.4,111,28.5,1
大原沖,2026-08-02,09,0.9,10.4,3.0,42,28.6,3
大原沖,2026-08-02,12,0.9,10.2,4.1,50,28.6,3
大原沖,2026-08-02,15,1.1,9.3,5.8,50,28.6,1
大原沖,2026-08-02,18,1.3,8.9,6.0,36,28.4,2
大原沖,2026-08-02,21,1.4,9.6,5.3,29,28.1,3
江の島沖,2026-08-02,00,0.4,7.8,0.6,180,29.2,1
江の島沖,2026-08-02,03,0.4,8.1,0.3,99,29.2,0
江の島沖,2026-08-02,06,0.4,8.3,0.4,180,29.2,0
江の島沖,2026-08-02,09,0.4,8.9,0.6,135,29.4,2
江の島沖,2026-08-02,12,0.4,9.7,2.8,181,30.0,3
江の島沖,2026-08-02,15,0.5,10.4,1.3,171,30.4,61
江の島沖,2026-08-02,18,0.5,9.6,2.7,75,30.2,55
江の島沖,2026-08-02,21,0.6,9.9,4.0,30,29.7,51
小坪沖,2026-08-02,00,0.4,7.2,0.9,221,29.7,1
小坪沖,2026-08-02,03,0.4,7.5,0.4,304,29.7,0
小坪沖,2026-08-02,06,0.4,7.7,0.3,211,29.7,0
小坪沖,2026-08-02,09,0.4,8.2,1.8,69,29.8,2
小坪沖,2026-08-02,12,0.4,8.9,3.0,92,30.3,2
小坪沖,2026-08-02,15,0.4,9.8,2.3,61,30.7,63
小坪沖,2026-08-02,18,0.4,9.1,4.3,82,30.6,53
小坪沖,2026-08-02,21,0.5,9.5,4.5,34,30.2,63
横須賀沖,2026-08-02,00,0.3,6.0,0.7,231,28.9,1
横須賀沖,2026-08-02,03,0.3,6.1,0.6,315,28.8,0
横須賀沖,2026-08-02,06,0.3,6.3,0.3,352,28.8,0
横須賀沖,2026-08-02,09,0.3,6.7,1.8,54,29.0,3
横須賀沖,2026-08-02,12,0.3,7.2,2.6,99,29.7,2
横須賀沖,2026-08-02,15,0.3,7.8,0.9,83,30.3,51
横須賀沖,2026-08-02,18,0.3,7.2,4.5,58,30.0,53
横須賀沖,2026-08-02,21,0.4,6.5,5.4,39,29.4,63
観音崎沖～横須賀沖,2026-08-02,00,0.3,6.0,0.7,231,28.9,1
観音崎沖～横須賀沖,2026-08-02,03,0.3,6.1,0.6,315,28.8,0
観音崎沖～横須賀沖,2026-08-02,06,0.3,6.3,0.3,352,28.8,0
観音崎沖～横須賀沖,2026-08-02,09,0.3,6.7,1.8,54,29.0,3
観音崎沖～横須賀沖,2026-08-02,12,0.3,7.2,2.6,99,29.7,2
観音崎沖～横須賀沖,2026-08-02,15,0.3,7.8,0.9,83,30.3,51
観音崎沖～横須賀沖,2026-08-02,18,0.3,7.2,4.5,58,30.0,53
観音崎沖～横須賀沖,2026-08-02,21,0.4,6.5,5.4,39,29.4,63
観音崎沖,2026-08-02,00,0.3,6.0,0.7,231,28.9,1
観音崎沖,2026-08-02,03,0.3,6.1,0.6,315,28.8,0
観音崎沖,2026-08-02,06,0.3,6.3,0.3,352,28.8,0
観音崎沖,2026-08-02,09,0.3,6.7,1.8,54,29.0,3
観音崎沖,2026-08-02,12,0.3,7.2,2.6,99,29.7,2
観音崎沖,2026-08-02,15,0.3,7.8,0.9,83,30.3,51
観音崎沖,2026-08-02,18,0.3,7.2,4.5,58,30.0,53
観音崎沖,2026-08-02,21,0.4,6.5,5.4,39,29.4,63
富津南沖,2026-08-02,00,0.3,5.6,1.6,178,29.2,1
富津南沖,2026-08-02,03,0.3,5.8,0.4,36,29.0,0
富津南沖,2026-08-02,06,0.3,6.0,0.5,167,29.0,1
富津南沖,2026-08-02,09,0.3,6.2,1.8,26,29.2,3
富津南沖,2026-08-02,12,0.3,6.7,2.8,58,29.9,2
富津南沖,2026-08-02,15,0.3,7.2,4.8,79,30.4,1
富津南沖,2026-08-02,18,0.3,6.5,5.4,68,30.1,2
富津南沖,2026-08-02,21,0.3,5.7,4.8,46,29.6,53
大貫沖～猿島沖,2026-08-02,00,0.3,6.0,0.7,231,28.9,1
大貫沖～猿島沖,2026-08-02,03,0.3,6.1,0.6,315,28.8,0
大貫沖～猿島沖,2026-08-02,06,0.3,6.3,0.3,352,28.8,0
大貫沖～猿島沖,2026-08-02,09,0.3,6.7,1.8,54,29.0,3
大貫沖～猿島沖,2026-08-02,12,0.3,7.2,2.6,99,29.7,2
大貫沖～猿島沖,2026-08-02,15,0.3,7.8,0.9,83,30.3,51
大貫沖～猿島沖,2026-08-02,18,0.3,7.2,4.5,58,30.0,53
大貫沖～猿島沖,2026-08-02,21,0.4,6.5,5.4,39,29.4,63
二宮沖,2026-08-02,00,0.4,8.5,0.8,274,29.1,1
二宮沖,2026-08-02,03,0.4,8.7,0.6,305,28.9,1
二宮沖,2026-08-02,06,0.4,8.9,1.1,304,28.9,0
二宮沖,2026-08-02,09,0.4,9.6,1.1,137,29.1,3
二宮沖,2026-08-02,12,0.4,10.3,3.2,184,29.7,3
二宮沖,2026-08-02,15,0.5,10.9,1.4,178,30.2,51
二宮沖,2026-08-02,18,0.5,10.2,1.5,53,30.0,53
二宮沖,2026-08-02,21,0.6,10.0,2.5,34,29.6,51
小坪西沖,2026-08-02,00,0.4,7.2,0.6,180,29.7,1
小坪西沖,2026-08-02,03,0.4,7.5,0.3,99,29.7,0
小坪西沖,2026-08-02,06,0.4,7.7,0.4,180,29.7,0
小坪西沖,2026-08-02,09,0.4,8.2,0.6,135,29.8,2
小坪西沖,2026-08-02,12,0.4,8.9,2.8,181,30.3,3
小坪西沖,2026-08-02,15,0.4,9.8,1.3,171,30.7,61
小坪西沖,2026-08-02,18,0.4,9.1,2.7,75,30.6,55
小坪西沖,2026-08-02,21,0.5,9.5,4.0,30,30.2,51
大津沖,2026-08-02,00,0.3,6.5,0.7,231,28.9,1
大津沖,2026-08-02,03,0.3,6.7,0.6,315,28.8,0
大津沖,2026-08-02,06,0.3,6.8,0.3,352,28.8,0
大津沖,2026-08-02,09,0.3,7.2,1.8,54,29.0,3
大津沖,2026-08-02,12,0.3,7.8,2.6,99,29.7,2
大津沖,2026-08-02,15,0.3,8.7,0.9,83,30.3,51
大津沖,2026-08-02,18,0.4,8.2,4.5,58,30.0,53
大津沖,2026-08-02,21,0.4,8.1,5.4,39,29.4,63
木更津沖～竹岡沖,2026-08-02,00,0.3,5.6,1.6,178,29.3,1
木更津沖～竹岡沖,2026-08-02,03,0.3,5.8,0.4,36,29.2,0
木更津沖～竹岡沖,2026-08-02,06,0.3,6.0,0.5,167,29.3,1
木更津沖～竹岡沖,2026-08-02,09,0.3,6.2,1.8,26,29.4,3
木更津沖～竹岡沖,2026-08-02,12,0.3,6.7,2.8,58,29.9,2
木更津沖～竹岡沖,2026-08-02,15,0.3,7.2,4.8,79,30.3,1
木更津沖～竹岡沖,2026-08-02,18,0.3,6.5,5.4,68,30.0,2
木更津沖～竹岡沖,2026-08-02,21,0.3,5.7,4.8,46,29.6,53
平塚西沖,2026-08-02,00,0.4,8.5,0.8,274,29.1,1
平塚西沖,2026-08-02,03,0.4,8.7,0.6,305,28.9,1
平塚西沖,2026-08-02,06,0.4,8.9,1.1,304,28.9,0
平塚西沖,2026-08-02,09,0.4,9.6,1.1,137,29.1,3
平塚西沖,2026-08-02,12,0.4,10.3,3.2,184,29.7,3
平塚西沖,2026-08-02,15,0.5,10.9,1.4,178,30.2,51
平塚西沖,2026-08-02,18,0.5,10.2,1.5,53,30.0,53
平塚西沖,2026-08-02,21,0.6,10.0,2.5,34,29.6,51
大磯沖,2026-08-02,00,0.4,8.5,0.4,225,29.1,1
大磯沖,2026-08-02,03,0.4,8.7,0.3,8,28.9,1
大磯沖,2026-08-02,06,0.4,8.9,0.9,301,28.9,0
大磯沖,2026-08-02,09,0.4,9.6,0.6,170,29.1,3
大磯沖,2026-08-02,12,0.4,10.3,4.2,200,29.7,51
大磯沖,2026-08-02,15,0.5,10.9,2.4,187,30.2,55
大磯沖,2026-08-02,18,0.5,10.2,2.4,60,30.0,53
大磯沖,2026-08-02,21,0.6,10.0,4.2,31,29.6,3
平塚東沖,2026-08-02,00,0.4,8.3,0.4,225,29.3,1
平塚東沖,2026-08-02,03,0.4,8.6,0.3,8,29.2,1
平塚東沖,2026-08-02,06,0.4,8.8,0.9,301,29.2,0
平塚東沖,2026-08-02,09,0.4,9.4,0.6,170,29.4,3
平塚東沖,2026-08-02,12,0.4,10.2,4.2,200,30.0,51
平塚東沖,2026-08-02,15,0.5,10.9,2.4,187,30.4,55
平塚東沖,2026-08-02,18,0.5,10.1,2.4,60,30.2,53
平塚東沖,2026-08-02,21,0.6,10.1,4.2,31,29.8,3
茅ヶ崎西沖,2026-08-02,00,0.4,8.3,0.4,225,29.3,1
茅ヶ崎西沖,2026-08-02,03,0.4,8.6,0.3,8,29.2,1
茅ヶ崎西沖,2026-08-02,06,0.4,8.8,0.9,301,29.2,0
茅ヶ崎西沖,2026-08-02,09,0.4,9.4,0.6,170,29.4,3
茅ヶ崎西沖,2026-08-02,12,0.4,10.2,4.2,200,30.0,51
茅ヶ崎西沖,2026-08-02,15,0.5,10.9,2.4,187,30.4,55
茅ヶ崎西沖,2026-08-02,18,0.5,10.1,2.4,60,30.2,53
茅ヶ崎西沖,2026-08-02,21,0.6,10.1,4.2,31,29.8,3
大磯東沖,2026-08-02,00,0.4,8.3,0.4,225,29.3,1
大磯東沖,2026-08-02,03,0.4,8.6,0.3,8,29.2,1
大磯東沖,2026-08-02,06,0.4,8.8,0.9,301,29.2,0
大磯東沖,2026-08-02,09,0.4,9.4,0.6,170,29.4,3
大磯東沖,2026-08-02,12,0.4,10.2,4.2,200,30.0,51
大磯東沖,2026-08-02,15,0.5,10.9,2.4,187,30.4,55
大磯東沖,2026-08-02,18,0.5,10.1,2.4,60,30.2,53
大磯東沖,2026-08-02,21,0.6,10.1,4.2,31,29.8,3
茅ヶ崎沖,2026-08-02,00,0.4,8.3,0.4,225,29.3,1
茅ヶ崎沖,2026-08-02,03,0.4,8.6,0.3,8,29.2,1
茅ヶ崎沖,2026-08-02,06,0.4,8.8,0.9,301,29.2,0
茅ヶ崎沖,2026-08-02,09,0.4,9.4,0.6,170,29.4,3
茅ヶ崎沖,2026-08-02,12,0.4,10.2,4.2,200,30.0,51
茅ヶ崎沖,2026-08-02,15,0.5,10.9,2.4,187,30.4,55
茅ヶ崎沖,2026-08-02,18,0.5,10.1,2.4,60,30.2,53
茅ヶ崎沖,2026-08-02,21,0.6,10.1,4.2,31,29.8,3
茅ヶ崎東沖,2026-08-02,00,0.4,7.8,0.6,180,29.2,1
茅ヶ崎東沖,2026-08-02,03,0.4,8.1,0.3,99,29.2,0
茅ヶ崎東沖,2026-08-02,06,0.4,8.3,0.4,180,29.2,0
茅ヶ崎東沖,2026-08-02,09,0.4,8.9,0.6,135,29.4,2
茅ヶ崎東沖,2026-08-02,12,0.4,9.7,2.8,181,30.0,3
茅ヶ崎東沖,2026-08-02,15,0.5,10.4,1.3,171,30.4,61
茅ヶ崎東沖,2026-08-02,18,0.5,9.6,2.7,75,30.2,55
茅ヶ崎東沖,2026-08-02,21,0.6,9.9,4.0,30,29.7,51
猿島沖,2026-08-02,00,0.3,6.0,0.7,231,28.9,1
猿島沖,2026-08-02,03,0.3,6.1,0.6,315,28.8,0
猿島沖,2026-08-02,06,0.3,6.3,0.3,352,28.8,0
猿島沖,2026-08-02,09,0.3,6.7,1.8,54,29.0,3
猿島沖,2026-08-02,12,0.3,7.2,2.6,99,29.7,2
猿島沖,2026-08-02,15,0.3,7.8,0.9,83,30.3,51
猿島沖,2026-08-02,18,0.3,7.2,4.5,58,30.0,53
猿島沖,2026-08-02,21,0.4,6.5,5.4,39,29.4,63
走水沖,2026-08-02,00,0.3,5.6,1.6,178,29.2,1
走水沖,2026-08-02,03,0.3,5.8,0.4,36,29.0,0
走水沖,2026-08-02,06,0.3,6.0,0.5,167,29.0,1
走水沖,2026-08-02,09,0.3,6.2,1.8,26,29.2,3
走水沖,2026-08-02,12,0.3,6.7,2.8,58,29.9,2
走水沖,2026-08-02,15,0.3,7.2,4.8,79,30.4,1
走水沖,2026-08-02,18,0.3,6.5,5.4,68,30.1,2
走水沖,2026-08-02,21,0.3,5.7,4.8,46,29.6,53
海堡沖～竹岡沖,2026-08-02,00,0.3,5.6,1.6,178,29.2,1
海堡沖～竹岡沖,2026-08-02,03,0.3,5.8,0.4,36,29.0,0
海堡沖～竹岡沖,2026-08-02,06,0.3,6.0,0.5,167,29.0,1
海堡沖～竹岡沖,2026-08-02,09,0.3,6.2,1.8,26,29.2,3
海堡沖～竹岡沖,2026-08-02,12,0.3,6.7,2.8,58,29.9,2
海堡沖～竹岡沖,2026-08-02,15,0.3,7.2,4.8,79,30.4,1
海堡沖～竹岡沖,2026-08-02,18,0.3,6.5,5.4,68,30.1,2
海堡沖～竹岡沖,2026-08-02,21,0.3,5.7,4.8,46,29.6,53
太東沖,2026-08-02,00,0.8,9.3,1.2,285,26.5,0
太東沖,2026-08-02,03,0.8,9.4,1.1,355,26.4,1
太東沖,2026-08-02,06,0.9,9.8,1.0,87,26.6,2
太東沖,2026-08-02,09,0.9,10.4,3.2,67,26.8,3
太東沖,2026-08-02,12,0.9,10.2,4.9,70,26.8,3
太東沖,2026-08-02,15,1.1,9.3,6.6,63,26.7,2
太東沖,2026-08-02,18,1.3,8.9,6.1,43,26.4,3
太東沖,2026-08-02,21,1.4,9.6,4.8,34,26.1,2
海堡沖,2026-08-02,00,0.3,5.6,1.6,178,29.2,1
海堡沖,2026-08-02,03,0.3,5.8,0.4,36,29.0,0
海堡沖,2026-08-02,06,0.3,6.0,0.5,167,29.0,1
海堡沖,2026-08-02,09,0.3,6.2,1.8,26,29.2,3
海堡沖,2026-08-02,12,0.3,6.7,2.8,58,29.9,2
海堡沖,2026-08-02,15,0.3,7.2,4.8,79,30.4,1
海堡沖,2026-08-02,18,0.3,6.5,5.4,68,30.1,2
海堡沖,2026-08-02,21,0.3,5.7,4.8,46,29.6,53
富津沖,2026-08-02,00,0.3,5.6,1.6,178,29.2,1
富津沖,2026-08-02,03,0.3,5.8,0.4,36,29.0,0
富津沖,2026-08-02,06,0.3,6.0,0.5,167,29.0,1
富津沖,2026-08-02,09,0.3,6.2,1.8,26,29.2,3
富津沖,2026-08-02,12,0.3,6.7,2.8,58,29.9,2
富津沖,2026-08-02,15,0.3,7.2,4.8,79,30.4,1
富津沖,2026-08-02,18,0.3,6.5,5.4,68,30.1,2
富津沖,2026-08-02,21,0.3,5.7,4.8,46,29.6,53
港前,2026-08-02,00,0.3,6.5,0.9,221,29.7,1
港前,2026-08-02,03,0.3,6.7,0.4,304,29.7,0
港前,2026-08-02,06,0.3,6.8,0.3,211,29.7,0
港前,2026-08-02,09,0.3,7.2,1.8,69,29.8,2
港前,2026-08-02,12,0.3,7.8,3.0,92,30.3,2
港前,2026-08-02,15,0.3,8.7,2.3,61,30.7,63
港前,2026-08-02,18,0.4,8.2,4.3,82,30.6,53
港前,2026-08-02,21,0.4,8.1,4.5,34,30.2,63
鴨居沖,2026-08-02,00,0.3,6.5,0.9,221,28.9,1
鴨居沖,2026-08-02,03,0.3,6.7,0.4,304,28.8,0
鴨居沖,2026-08-02,06,0.3,6.8,0.3,211,28.9,0
鴨居沖,2026-08-02,09,0.3,7.2,1.8,69,29.1,2
鴨居沖,2026-08-02,12,0.3,7.8,3.0,92,29.7,2
鴨居沖,2026-08-02,15,0.3,8.7,2.3,61,30.2,63
鴨居沖,2026-08-02,18,0.4,8.2,4.3,82,29.9,53
鴨居沖,2026-08-02,21,0.4,8.1,4.5,34,29.4,63
木更津沖～富津沖,2026-08-02,00,0.2,5.3,1.6,178,29.4,1
木更津沖～富津沖,2026-08-02,03,0.2,5.4,0.4,36,29.3,0
木更津沖～富津沖,2026-08-02,06,0.2,5.5,0.5,167,29.4,1
木更津沖～富津沖,2026-08-02,09,0.2,5.8,1.8,26,29.6,3
木更津沖～富津沖,2026-08-02,12,0.2,6.0,2.8,58,29.9,2
木更津沖～富津沖,2026-08-02,15,0.2,6.3,4.8,79,30.2,1
木更津沖～富津沖,2026-08-02,18,0.3,4.8,5.4,68,30.0,2
木更津沖～富津沖,2026-08-02,21,0.3,4.2,4.8,46,29.7,53
横浜沖～観音崎沖,2026-08-02,00,0.3,6.0,0.7,231,28.9,1
横浜沖～観音崎沖,2026-08-02,03,0.3,6.1,0.6,315,28.8,0
横浜沖～観音崎沖,2026-08-02,06,0.3,6.3,0.3,352,28.9,0
横浜沖～観音崎沖,2026-08-02,09,0.3,6.7,1.8,54,29.1,3
横浜沖～観音崎沖,2026-08-02,12,0.3,7.2,2.6,99,29.7,2
横浜沖～観音崎沖,2026-08-02,15,0.3,7.8,0.9,83,30.2,51
横浜沖～観音崎沖,2026-08-02,18,0.3,7.2,4.5,58,29.9,53
横浜沖～観音崎沖,2026-08-02,21,0.4,6.5,5.4,39,29.4,63
中ノ瀬周り,2026-08-02,00,0.3,6.0,0.7,231,28.9,1
中ノ瀬周り,2026-08-02,03,0.3,6.1,0.6,315,28.8,0
中ノ瀬周り,2026-08-02,06,0.3,6.3,0.3,352,28.9,0
中ノ瀬周り,2026-08-02,09,0.3,6.7,1.8,54,29.1,3
中ノ瀬周り,2026-08-02,12,0.3,7.2,2.6,99,29.7,2
中ノ瀬周り,2026-08-02,15,0.3,7.8,0.9,83,30.2,51
中ノ瀬周り,2026-08-02,18,0.3,7.2,4.5,58,29.9,53
中ノ瀬周り,2026-08-02,21,0.4,6.5,5.4,39,29.4,63
鴨井沖,2026-08-02,00,0.9,9.6,1.6,325,26.4,1
鴨井沖,2026-08-02,03,0.9,9.6,1.9,41,26.3,1
鴨井沖,2026-08-02,06,0.9,10.1,1.4,92,26.4,1
鴨井沖,2026-08-02,09,0.9,10.7,5.1,37,26.5,3
鴨井沖,2026-08-02,12,1.0,10.2,6.5,46,26.5,3
鴨井沖,2026-08-02,15,1.2,9.2,9.2,46,26.4,1
鴨井沖,2026-08-02,18,1.4,8.9,10.3,36,26.2,3
鴨井沖,2026-08-02,21,1.6,9.8,8.8,28,25.9,2
富津沖～海堡,2026-08-02,00,0.2,5.3,1.6,178,29.1,1
富津沖～海堡,2026-08-02,03,0.2,5.4,0.4,36,28.9,0
富津沖～海堡,2026-08-02,06,0.2,5.5,0.5,167,29.0,1
富津沖～海堡,2026-08-02,09,0.2,5.8,1.8,26,29.2,3
富津沖～海堡,2026-08-02,12,0.2,6.0,2.8,58,29.7,2
富津沖～海堡,2026-08-02,15,0.2,6.3,4.8,79,30.1,1
富津沖～海堡,2026-08-02,18,0.3,4.8,5.4,68,29.8,2
富津沖～海堡,2026-08-02,21,0.3,4.2,4.8,46,29.2,53
富岡沖,2026-08-02,00,0.3,6.5,0.9,221,28.9,1
富岡沖,2026-08-02,03,0.3,6.7,0.4,304,28.8,0
富岡沖,2026-08-02,06,0.3,6.8,0.3,211,28.9,0
富岡沖,2026-08-02,09,0.3,7.2,1.8,69,29.1,2
富岡沖,2026-08-02,12,0.3,7.8,3.0,92,29.7,2
富岡沖,2026-08-02,15,0.3,8.7,2.3,61,30.2,63
富岡沖,2026-08-02,18,0.4,8.2,4.3,82,29.9,53
富岡沖,2026-08-02,21,0.4,8.1,4.5,34,29.4,63
小柴沖,2026-08-02,00,0.3,6.5,0.9,221,28.9,1
小柴沖,2026-08-02,03,0.3,6.7,0.4,304,28.8,0
小柴沖,2026-08-02,06,0.3,6.8,0.3,211,28.9,0
小柴沖,2026-08-02,09,0.3,7.2,1.8,69,29.1,2
小柴沖,2026-08-02,12,0.3,7.8,3.0,92,29.7,2
小柴沖,2026-08-02,15,0.3,8.7,2.3,61,30.2,63
小柴沖,2026-08-02,18,0.4,8.2,4.3,82,29.9,53
小柴沖,2026-08-02,21,0.4,8.1,4.5,34,29.4,63
木更津沖～富岡沖,2026-08-02,00,0.2,5.3,1.6,178,28.9,1
木更津沖～富岡沖,2026-08-02,03,0.2,5.4,0.4,36,28.8,0
木更津沖～富岡沖,2026-08-02,06,0.2,5.5,0.5,167,28.9,1
木更津沖～富岡沖,2026-08-02,09,0.2,5.8,1.8,26,29.1,3
木更津沖～富岡沖,2026-08-02,12,0.2,6.0,2.8,58,29.7,2
木更津沖～富岡沖,2026-08-02,15,0.2,6.3,4.8,79,30.2,1
木更津沖～富岡沖,2026-08-02,18,0.3,4.8,5.4,68,29.9,2
木更津沖～富岡沖,2026-08-02,21,0.3,4.2,4.8,46,29.4,53
八景沖,2026-08-02,00,0.3,6.5,0.9,221,28.9,1
八景沖,2026-08-02,03,0.3,6.7,0.4,304,28.8,0
八景沖,2026-08-02,06,0.3,6.8,0.3,211,28.9,0
八景沖,2026-08-02,09,0.3,7.2,1.8,69,29.1,2
八景沖,2026-08-02,12,0.3,7.8,3.0,92,29.7,2
八景沖,2026-08-02,15,0.3,8.7,2.3,61,30.2,63
八景沖,2026-08-02,18,0.4,8.2,4.3,82,29.9,53
八景沖,2026-08-02,21,0.4,8.1,4.5,34,29.4,63
長浦沖,2026-08-02,00,0.2,5.3,1.6,178,29.4,1
長浦沖,2026-08-02,03,0.2,5.4,0.4,36,29.3,0
長浦沖,2026-08-02,06,0.2,5.5,0.5,167,29.4,1
長浦沖,2026-08-02,09,0.2,5.8,1.8,26,29.6,3
長浦沖,2026-08-02,12,0.2,6.0,2.8,58,29.9,2
長浦沖,2026-08-02,15,0.2,6.3,4.8,79,30.2,1
長浦沖,2026-08-02,18,0.3,4.8,5.4,68,30.0,2
長浦沖,2026-08-02,21,0.3,4.2,4.8,46,29.7,53
木更津沖,2026-08-02,00,0.2,5.3,1.7,194,29.4,1
木更津沖,2026-08-02,03,0.2,5.4,0.5,58,29.3,0
木更津沖,2026-08-02,06,0.2,5.5,0.6,170,29.4,1
木更津沖,2026-08-02,09,0.2,5.8,1.2,42,29.6,3
木更津沖,2026-08-02,12,0.2,6.0,2.9,91,29.9,1
木更津沖,2026-08-02,15,0.2,6.3,6.5,100,30.2,51
木更津沖,2026-08-02,18,0.3,4.8,6.2,67,30.0,2
木更津沖,2026-08-02,21,0.3,4.2,5.3,52,29.7,3
一宮沖,2026-08-02,00,0.7,9.5,1.2,285,26.4,0
一宮沖,2026-08-02,03,0.7,9.5,1.1,355,26.3,1
一宮沖,2026-08-02,06,0.8,9.9,1.0,87,26.4,2
一宮沖,2026-08-02,09,0.8,10.5,3.2,67,26.5,3
一宮沖,2026-08-02,12,0.8,10.1,4.9,70,26.5,3
一宮沖,2026-08-02,15,1.0,9.0,6.6,63,26.4,2
一宮沖,2026-08-02,18,1.2,8.8,6.1,43,26.2,3
一宮沖,2026-08-02,21,1.3,9.7,4.8,34,25.9,2
横浜沖周り,2026-08-02,00,0.3,6.0,1.3,182,28.9,1
横浜沖周り,2026-08-02,03,0.3,6.1,0.7,337,28.8,0
横浜沖周り,2026-08-02,06,0.3,6.3,0.1,135,28.9,0
横浜沖周り,2026-08-02,09,0.3,6.7,1.7,78,29.1,3
横浜沖周り,2026-08-02,12,0.3,7.2,4.0,91,29.7,2
横浜沖周り,2026-08-02,15,0.3,7.8,4.6,93,30.2,61
横浜沖周り,2026-08-02,18,0.3,7.2,4.3,73,29.9,61
横浜沖周り,2026-08-02,21,0.4,6.5,3.3,32,29.4,63
本牧沖~富岡沖,2026-08-02,00,0.3,6.5,1.3,182,28.9,1
本牧沖~富岡沖,2026-08-02,03,0.3,6.7,0.7,337,28.8,0
本牧沖~富岡沖,2026-08-02,06,0.3,6.8,0.1,135,28.9,0
本牧沖~富岡沖,2026-08-02,09,0.3,7.2,1.7,78,29.1,3
本牧沖~富岡沖,2026-08-02,12,0.3,7.8,4.0,91,29.7,2
本牧沖~富岡沖,2026-08-02,15,0.3,8.7,4.6,93,30.2,61
本牧沖~富岡沖,2026-08-02,18,0.4,8.2,4.3,73,29.9,61
本牧沖~富岡沖,2026-08-02,21,0.4,8.1,3.3,32,29.4,63
木更津沖～本牧沖,2026-08-02,00,0.2,5.3,1.6,178,29.1,1
木更津沖～本牧沖,2026-08-02,03,0.2,5.4,0.4,36,28.9,0
木更津沖～本牧沖,2026-08-02,06,0.2,5.5,0.5,167,29.0,1
木更津沖～本牧沖,2026-08-02,09,0.2,5.8,1.8,26,29.2,3
木更津沖～本牧沖,2026-08-02,12,0.2,6.0,2.8,58,29.7,2
木更津沖～本牧沖,2026-08-02,15,0.2,6.3,4.8,79,30.1,1
木更津沖～本牧沖,2026-08-02,18,0.3,4.8,5.4,68,29.8,2
木更津沖～本牧沖,2026-08-02,21,0.3,4.2,4.8,46,29.2,53
海堡,2026-08-02,00,0.2,5.3,1.6,178,29.1,1
海堡,2026-08-02,03,0.2,5.4,0.4,36,28.9,0
海堡,2026-08-02,06,0.2,5.5,0.5,167,29.0,1
海堡,2026-08-02,09,0.2,5.8,1.8,26,29.2,3
海堡,2026-08-02,12,0.2,6.0,2.8,58,29.7,2
海堡,2026-08-02,15,0.2,6.3,4.8,79,30.1,1
海堡,2026-08-02,18,0.3,4.8,5.4,68,29.8,2
海堡,2026-08-02,21,0.3,4.2,4.8,46,29.2,53
木更津沖～横浜沖,2026-08-02,00,0.2,5.3,1.6,178,29.1,1
木更津沖～横浜沖,2026-08-02,03,0.2,5.4,0.4,36,28.9,0
木更津沖～横浜沖,2026-08-02,06,0.2,5.5,0.5,167,29.0,1
木更津沖～横浜沖,2026-08-02,09,0.2,5.8,1.8,26,29.2,3
木更津沖～横浜沖,2026-08-02,12,0.2,6.0,2.8,58,29.7,2
木更津沖～横浜沖,2026-08-02,15,0.2,6.3,4.8,79,30.1,1
木更津沖～横浜沖,2026-08-02,18,0.3,4.8,5.4,68,29.8,2
木更津沖～横浜沖,2026-08-02,21,0.3,4.2,4.8,46,29.2,53
中ノ瀬,2026-08-02,00,0.2,5.3,1.6,178,29.1,1
中ノ瀬,2026-08-02,03,0.2,5.4,0.4,36,28.9,0
中ノ瀬,2026-08-02,06,0.2,5.5,0.5,167,29.0,1
中ノ瀬,2026-08-02,09,0.2,5.8,1.8,26,29.2,3
中ノ瀬,2026-08-02,12,0.2,6.0,2.8,58,29.7,2
中ノ瀬,2026-08-02,15,0.2,6.3,4.8,79,30.1,1
中ノ瀬,2026-08-02,18,0.3,4.8,5.4,68,29.8,2
中ノ瀬,2026-08-02,21,0.3,4.2,4.8,46,29.2,53
本牧沖,2026-08-02,00,0.3,6.0,1.3,182,28.9,1
本牧沖,2026-08-02,03,0.3,6.1,0.7,337,28.8,0
本牧沖,2026-08-02,06,0.3,6.3,0.1,135,28.9,0
本牧沖,2026-08-02,09,0.3,6.7,1.7,78,29.1,3
本牧沖,2026-08-02,12,0.3,7.2,4.0,91,29.7,2
本牧沖,2026-08-02,15,0.3,7.8,4.6,93,30.2,61
本牧沖,2026-08-02,18,0.3,7.2,4.3,73,29.9,61
本牧沖,2026-08-02,21,0.4,6.5,3.3,32,29.4,63
横浜沖,2026-08-02,00,0.3,6.5,1.3,182,28.9,1
横浜沖,2026-08-02,03,0.3,6.7,0.7,337,28.8,0
横浜沖,2026-08-02,06,0.3,6.8,0.1,135,28.8,0
横浜沖,2026-08-02,09,0.3,7.2,1.7,78,29.0,3
横浜沖,2026-08-02,12,0.3,7.8,4.0,91,29.6,2
横浜沖,2026-08-02,15,0.3,8.7,4.6,93,30.1,61
横浜沖,2026-08-02,18,0.4,8.2,4.3,73,29.7,61
横浜沖,2026-08-02,21,0.4,8.1,3.3,32,29.2,63
根岸沖,2026-08-02,00,0.2,5.0,1.3,182,28.9,1
根岸沖,2026-08-02,03,0.2,5.2,0.7,337,28.8,0
根岸沖,2026-08-02,06,0.2,5.3,0.1,135,28.8,0
根岸沖,2026-08-02,09,0.2,5.4,1.7,78,29.0,3
根岸沖,2026-08-02,12,0.2,5.5,4.0,91,29.6,2
根岸沖,2026-08-02,15,0.2,5.4,4.6,93,30.1,61
根岸沖,2026-08-02,18,0.3,3.4,4.3,73,29.7,61
根岸沖,2026-08-02,21,0.3,3.6,3.3,32,29.2,63
片貝沖,2026-08-02,00,0.9,9.0,1.4,332,26.4,2
片貝沖,2026-08-02,03,0.9,9.1,2.4,48,26.3,1
片貝沖,2026-08-02,06,0.9,9.6,2.6,78,26.4,2
片貝沖,2026-08-02,09,0.9,10.2,5.1,46,26.5,3
片貝沖,2026-08-02,12,1.0,9.7,7.2,49,26.4,3
片貝沖,2026-08-02,15,1.2,8.7,9.3,47,26.2,1
片貝沖,2026-08-02,18,1.4,8.4,10.4,37,25.8,3
片貝沖,2026-08-02,21,1.6,9.2,9.1,29,25.4,1
木更津沖～川崎沖,2026-08-02,00,0.2,5.0,1.7,194,28.8,1
木更津沖～川崎沖,2026-08-02,03,0.2,5.2,0.5,58,28.7,0
木更津沖～川崎沖,2026-08-02,06,0.2,5.3,0.6,170,28.8,1
木更津沖～川崎沖,2026-08-02,09,0.2,5.4,1.2,42,28.9,3
木更津沖～川崎沖,2026-08-02,12,0.2,5.5,2.9,91,29.4,1
木更津沖～川崎沖,2026-08-02,15,0.2,5.4,6.5,100,29.8,51
木更津沖～川崎沖,2026-08-02,18,0.3,3.4,6.2,67,29.4,2
木更津沖～川崎沖,2026-08-02,21,0.3,3.6,5.3,52,28.8,3
盤洲沖,2026-08-02,00,0.2,5.0,1.7,194,28.9,1
盤洲沖,2026-08-02,03,0.2,5.2,0.5,58,28.7,0
盤洲沖,2026-08-02,06,0.2,5.2,0.6,170,28.8,1
盤洲沖,2026-08-02,09,0.2,5.3,1.2,42,29.0,3
盤洲沖,2026-08-02,12,0.2,5.5,2.9,91,29.5,1
盤洲沖,2026-08-02,15,0.2,5.2,6.5,100,29.8,51
盤洲沖,2026-08-02,18,0.3,3.3,6.2,67,29.5,2
盤洲沖,2026-08-02,21,0.3,3.5,5.3,52,28.9,3
大根,2026-08-02,00,0.9,9.0,1.2,325,26.4,3
大根,2026-08-02,03,0.9,9.1,2.7,47,26.3,1
大根,2026-08-02,06,0.9,9.6,3.1,68,26.4,2
大根,2026-08-02,09,0.9,10.2,4.8,48,26.5,3
大根,2026-08-02,12,1.0,9.7,7.5,49,26.4,3
大根,2026-08-02,15,1.2,8.7,9.2,45,26.2,1
大根,2026-08-02,18,1.4,8.4,10.0,37,25.8,3
大根,2026-08-02,21,1.6,9.2,9.1,29,25.4,1
川崎沖～横浜沖,2026-08-02,00,0.2,5.0,1.3,178,28.9,1
川崎沖～横浜沖,2026-08-02,03,0.2,5.2,1.1,53,28.8,0
川崎沖～横浜沖,2026-08-02,06,0.2,5.3,0.4,104,28.8,1
川崎沖～横浜沖,2026-08-02,09,0.2,5.4,1.9,101,29.0,3
川崎沖～横浜沖,2026-08-02,12,0.2,5.5,4.1,125,29.6,0
川崎沖～横浜沖,2026-08-02,15,0.2,5.4,4.0,114,30.1,61
川崎沖～横浜沖,2026-08-02,18,0.3,3.4,4.8,57,29.7,55
川崎沖～横浜沖,2026-08-02,21,0.3,3.6,3.3,32,29.2,65
川崎沖~本牧沖,2026-08-02,00,0.2,5.0,1.3,178,28.9,1
川崎沖~本牧沖,2026-08-02,03,0.2,5.2,1.1,53,28.8,0
川崎沖~本牧沖,2026-08-02,06,0.2,5.3,0.4,104,28.8,1
川崎沖~本牧沖,2026-08-02,09,0.2,5.4,1.9,101,29.0,3
川崎沖~本牧沖,2026-08-02,12,0.2,5.5,4.1,125,29.6,0
川崎沖~本牧沖,2026-08-02,15,0.2,5.4,4.0,114,30.1,61
川崎沖~本牧沖,2026-08-02,18,0.3,3.4,4.8,57,29.7,55
川崎沖~本牧沖,2026-08-02,21,0.3,3.6,3.3,32,29.2,65
川崎沖,2026-08-02,00,0.2,5.0,1.3,178,29.0,1
川崎沖,2026-08-02,03,0.2,5.2,1.1,53,28.9,0
川崎沖,2026-08-02,06,0.2,5.3,0.4,104,29.0,1
川崎沖,2026-08-02,09,0.2,5.4,1.9,101,29.1,3
川崎沖,2026-08-02,12,0.2,5.5,4.1,125,29.6,0
川崎沖,2026-08-02,15,0.2,5.4,4.0,114,29.9,61
川崎沖,2026-08-02,18,0.3,3.4,4.8,57,29.6,55
川崎沖,2026-08-02,21,0.3,3.6,3.3,32,29.2,65
五井沖,2026-08-02,00,0.1,4.6,0.9,193,28.9,1
五井沖,2026-08-02,03,0.1,4.8,0.2,104,28.9,0
五井沖,2026-08-02,06,0.1,4.8,1.0,101,29.0,1
五井沖,2026-08-02,09,0.1,4.8,1.9,92,29.2,3
五井沖,2026-08-02,12,0.1,4.6,3.3,105,29.7,51
五井沖,2026-08-02,15,0.1,3.4,5.3,91,30.0,51
五井沖,2026-08-02,18,0.3,2.3,4.5,60,29.5,2
五井沖,2026-08-02,21,0.2,2.4,4.0,57,28.9,2
鶴見沖,2026-08-02,00,0.2,5.0,1.3,178,29.0,1
鶴見沖,2026-08-02,03,0.2,5.2,1.1,53,28.9,0
鶴見沖,2026-08-02,06,0.2,5.3,0.4,104,29.0,1
鶴見沖,2026-08-02,09,0.2,5.4,1.9,101,29.1,3
鶴見沖,2026-08-02,12,0.2,5.5,4.1,125,29.6,0
鶴見沖,2026-08-02,15,0.2,5.4,4.0,114,29.9,61
鶴見沖,2026-08-02,18,0.3,3.4,4.8,57,29.6,55
鶴見沖,2026-08-02,21,0.3,3.6,3.3,32,29.2,65
木更津沖～浦安沖,2026-08-02,00,0.1,4.8,1.3,169,28.7,1
木更津沖～浦安沖,2026-08-02,03,0.1,5.0,0.9,77,28.6,0
木更津沖～浦安沖,2026-08-02,06,0.1,5.0,0.6,95,28.7,1
木更津沖～浦安沖,2026-08-02,09,0.1,5.1,1.6,104,28.9,3
木更津沖～浦安沖,2026-08-02,12,0.1,5.2,4.0,141,29.4,51
木更津沖～浦安沖,2026-08-02,15,0.2,4.4,2.9,92,29.8,61
木更津沖～浦安沖,2026-08-02,18,0.3,2.9,4.7,48,29.4,53
木更津沖～浦安沖,2026-08-02,21,0.3,3.0,2.8,34,28.8,63
羽田沖,2026-08-02,00,0.2,5.0,1.3,169,28.9,1
羽田沖,2026-08-02,03,0.2,5.2,0.9,77,28.8,0
羽田沖,2026-08-02,06,0.2,5.3,0.6,95,28.8,1
羽田沖,2026-08-02,09,0.2,5.4,1.6,104,29.0,3
羽田沖,2026-08-02,12,0.2,5.5,4.0,141,29.5,51
羽田沖,2026-08-02,15,0.2,5.4,2.9,92,30.0,61
羽田沖,2026-08-02,18,0.3,3.4,4.7,48,29.6,53
羽田沖,2026-08-02,21,0.3,3.6,2.8,34,29.1,63
千葉沖,2026-08-02,00,0.1,4.7,1.3,205,29.6,1
千葉沖,2026-08-02,03,0.1,4.8,0.2,127,29.5,0
千葉沖,2026-08-02,06,0.1,4.8,0.6,100,29.5,0
千葉沖,2026-08-02,09,0.1,4.9,1.4,92,29.7,3
千葉沖,2026-08-02,12,0.1,4.7,2.5,91,30.2,51
千葉沖,2026-08-02,15,0.1,4.0,4.7,65,30.5,53
千葉沖,2026-08-02,18,0.2,2.1,4.6,51,30.2,3
千葉沖,2026-08-02,21,0.2,2.4,4.0,46,29.7,3
浦安沖,2026-08-02,00,0.1,4.7,1.5,166,29.1,1
浦安沖,2026-08-02,03,0.1,4.8,0.3,162,29.1,0
浦安沖,2026-08-02,06,0.1,4.8,0.2,233,29.1,0
浦安沖,2026-08-02,09,0.1,4.9,1.1,115,29.3,3
浦安沖,2026-08-02,12,0.1,4.8,2.5,110,29.8,51
浦安沖,2026-08-02,15,0.1,4.7,4.7,60,30.2,61
浦安沖,2026-08-02,18,0.2,2.7,5.0,52,29.9,53
浦安沖,2026-08-02,21,0.2,2.8,3.6,44,29.5,51
屏風ヶ浦の陰,2026-08-02,00,0.1,4.7,0.8,207,30.1,1
屏風ヶ浦の陰,2026-08-02,03,0.1,4.8,0.3,98,30.1,0
屏風ヶ浦の陰,2026-08-02,06,0.1,4.8,1.0,87,30.1,0
屏風ヶ浦の陰,2026-08-02,09,0.1,4.9,2.1,59,30.2,3
屏風ヶ浦の陰,2026-08-02,12,0.1,4.7,3.2,60,30.6,1
屏風ヶ浦の陰,2026-08-02,15,0.1,4.0,4.8,58,30.9,3
屏風ヶ浦の陰,2026-08-02,18,0.2,2.1,4.6,48,30.6,3
屏風ヶ浦の陰,2026-08-02,21,0.2,2.4,3.9,46,30.3,51
犬吠南沖,2026-08-02,00,1.0,9.7,1.0,317,26.1,0
犬吠南沖,2026-08-02,03,1.0,9.8,2.2,24,25.8,1
犬吠南沖,2026-08-02,06,1.0,10.2,2.5,44,25.8,3
犬吠南沖,2026-08-02,09,1.1,10.7,4.4,39,25.8,3
犬吠南沖,2026-08-02,12,1.2,10.2,5.9,36,25.8,1
犬吠南沖,2026-08-02,15,1.4,9.2,7.0,38,25.7,2
犬吠南沖,2026-08-02,18,1.6,9.1,7.4,39,25.4,3
犬吠南沖,2026-08-02,21,1.9,9.8,7.0,29,25.0,51
亀城根,2026-08-02,00,1.0,9.7,1.0,317,26.1,0
亀城根,2026-08-02,03,1.0,9.8,2.2,24,25.8,1
亀城根,2026-08-02,06,1.0,10.2,2.5,44,25.8,3
亀城根,2026-08-02,09,1.1,10.7,4.4,39,25.8,3
亀城根,2026-08-02,12,1.2,10.2,5.9,36,25.8,1
亀城根,2026-08-02,15,1.4,9.2,7.0,38,25.7,2
亀城根,2026-08-02,18,1.6,9.1,7.4,39,25.4,3
亀城根,2026-08-02,21,1.9,9.8,7.0,29,25.0,51
外川沖,2026-08-02,00,0.8,9.5,1.0,317,25.5,0
外川沖,2026-08-02,03,0.9,9.6,2.2,24,25.4,1
外川沖,2026-08-02,06,0.9,9.9,2.5,44,25.4,3
外川沖,2026-08-02,09,1.0,10.5,4.4,39,25.4,3
外川沖,2026-08-02,12,1.1,9.8,5.9,36,25.4,1
外川沖,2026-08-02,15,1.3,8.9,7.0,38,25.4,2
外川沖,2026-08-02,18,1.4,8.8,7.4,39,25.2,3
外川沖,2026-08-02,21,1.7,9.6,7.0,29,25.0,51
犬吠沖,2026-08-02,00,0.8,9.5,1.0,317,25.5,0
犬吠沖,2026-08-02,03,0.9,9.6,2.2,24,25.4,1
犬吠沖,2026-08-02,06,0.9,9.9,2.5,44,25.4,3
犬吠沖,2026-08-02,09,1.0,10.5,4.4,39,25.4,3
犬吠沖,2026-08-02,12,1.1,9.8,5.9,36,25.4,1
犬吠沖,2026-08-02,15,1.3,8.9,7.0,38,25.4,2
犬吠沖,2026-08-02,18,1.4,8.8,7.4,39,25.2,3
犬吠沖,2026-08-02,21,1.7,9.6,7.0,29,25.0,51
飯岡沖,2026-08-02,00,0.7,9.2,1.0,317,25.9,0
飯岡沖,2026-08-02,03,0.7,9.3,2.2,24,25.9,1
飯岡沖,2026-08-02,06,0.7,9.7,2.5,44,25.9,3
飯岡沖,2026-08-02,09,0.8,10.2,4.4,39,26.0,3
飯岡沖,2026-08-02,12,0.9,9.6,5.9,36,26.0,1
飯岡沖,2026-08-02,15,1.0,8.7,7.0,38,26.0,2
飯岡沖,2026-08-02,18,1.1,8.7,7.4,39,26.0,3
飯岡沖,2026-08-02,21,1.4,9.8,7.0,29,25.9,51
真沖,2026-08-02,00,0.7,9.2,1.0,317,25.9,0
真沖,2026-08-02,03,0.7,9.3,2.2,24,25.9,1
真沖,2026-08-02,06,0.7,9.7,2.5,44,25.9,3
真沖,2026-08-02,09,0.8,10.2,4.4,39,26.0,3
真沖,2026-08-02,12,0.9,9.6,5.9,36,26.0,1
真沖,2026-08-02,15,1.0,8.7,7.0,38,26.0,2
真沖,2026-08-02,18,1.1,8.7,7.4,39,26.0,3
真沖,2026-08-02,21,1.4,9.8,7.0,29,25.9,51
波崎沖,2026-08-02,00,0.8,9.5,1.0,317,25.5,0
波崎沖,2026-08-02,03,0.9,9.6,2.2,24,25.4,1
波崎沖,2026-08-02,06,0.9,9.9,2.5,44,25.4,3
波崎沖,2026-08-02,09,1.0,10.5,4.4,39,25.4,3
波崎沖,2026-08-02,12,1.1,9.8,5.9,36,25.4,1
波崎沖,2026-08-02,15,1.3,8.9,7.0,38,25.4,2
波崎沖,2026-08-02,18,1.4,8.8,7.4,39,25.2,3
波崎沖,2026-08-02,21,1.7,9.6,7.0,29,25.0,51
川前大根,2026-08-02,00,0.7,9.2,1.0,317,25.9,0
川前大根,2026-08-02,03,0.7,9.3,2.2,24,25.9,1
川前大根,2026-08-02,06,0.7,9.7,2.5,44,25.9,3
川前大根,2026-08-02,09,0.8,10.2,4.4,39,26.0,3
川前大根,2026-08-02,12,0.9,9.6,5.9,36,26.0,1
川前大根,2026-08-02,15,1.0,8.7,7.0,38,26.0,2
川前大根,2026-08-02,18,1.1,8.7,7.4,39,26.0,3
川前大根,2026-08-02,21,1.4,9.8,7.0,29,25.9,51
鹿島南沖,2026-08-02,00,0.7,9.5,0.7,278,26.1,1
鹿島南沖,2026-08-02,03,0.7,9.4,1.6,7,25.9,0
鹿島南沖,2026-08-02,06,0.7,9.7,2.4,42,25.8,1
鹿島南沖,2026-08-02,09,0.8,9.3,4.0,37,25.8,3
鹿島南沖,2026-08-02,12,1.0,7.9,5.4,38,25.7,1
鹿島南沖,2026-08-02,15,1.2,7.2,6.4,39,25.7,2
鹿島南沖,2026-08-02,18,1.4,7.2,6.5,41,25.5,3
鹿島南沖,2026-08-02,21,1.6,7.5,6.0,31,25.3,51
神栖沖,2026-08-02,00,0.7,9.5,0.7,278,25.8,1
神栖沖,2026-08-02,03,0.7,9.4,1.6,7,25.6,0
神栖沖,2026-08-02,06,0.7,9.7,2.4,42,25.6,1
神栖沖,2026-08-02,09,0.8,9.3,4.0,37,25.6,3
神栖沖,2026-08-02,12,1.0,7.9,5.4,38,25.6,1
神栖沖,2026-08-02,15,1.2,7.2,6.4,39,25.5,2
神栖沖,2026-08-02,18,1.4,7.2,6.5,41,25.2,3
神栖沖,2026-08-02,21,1.6,7.5,6.0,31,24.8,51
鹿島沖,2026-08-02,00,0.7,9.5,1.0,229,26.2,0
鹿島沖,2026-08-02,03,0.7,9.4,1.8,32,26.0,1
鹿島沖,2026-08-02,06,0.7,9.7,2.7,36,25.9,2
鹿島沖,2026-08-02,09,0.8,9.3,4.5,37,25.9,3
鹿島沖,2026-08-02,12,1.0,7.9,5.3,45,25.9,1
鹿島沖,2026-08-02,15,1.2,7.2,6.5,46,25.8,2
鹿島沖,2026-08-02,18,1.4,7.2,6.5,43,25.6,51
鹿島沖,2026-08-02,21,1.6,7.5,6.4,36,25.5,51
鹿島真沖,2026-08-02,00,0.7,9.5,1.0,247,26.1,0
鹿島真沖,2026-08-02,03,0.7,9.4,1.8,15,25.9,0
鹿島真沖,2026-08-02,06,0.7,9.7,2.4,39,25.8,1
鹿島真沖,2026-08-02,09,0.8,9.3,3.9,36,25.8,3
鹿島真沖,2026-08-02,12,1.0,7.9,5.1,43,25.7,1
鹿島真沖,2026-08-02,15,1.2,7.2,6.1,43,25.7,3
鹿島真沖,2026-08-02,18,1.4,7.2,5.9,43,25.5,3
鹿島真沖,2026-08-02,21,1.6,7.5,5.9,35,25.3,51
鹿島魚礁,2026-08-02,00,0.8,9.4,1.8,260,25.6,1
鹿島魚礁,2026-08-02,03,0.8,9.3,2.6,17,25.5,3
鹿島魚礁,2026-08-02,06,0.8,9.6,4.1,41,25.5,1
鹿島魚礁,2026-08-02,09,0.9,9.3,6.7,34,25.4,3
鹿島魚礁,2026-08-02,12,1.1,8.2,8.1,37,25.2,1
鹿島魚礁,2026-08-02,15,1.4,7.5,9.6,39,25.1,3
鹿島魚礁,2026-08-02,18,1.5,7.5,10.3,43,24.8,51
鹿島魚礁,2026-08-02,21,1.7,7.8,10.5,34,24.6,51
鹿島北沖,2026-08-02,00,0.7,9.4,1.0,229,26.2,0
鹿島北沖,2026-08-02,03,0.8,9.3,1.8,32,26.0,1
鹿島北沖,2026-08-02,06,0.8,9.5,2.7,36,25.9,2
鹿島北沖,2026-08-02,09,0.9,8.8,4.5,37,25.9,3
鹿島北沖,2026-08-02,12,1.1,7.5,5.3,45,25.9,1
鹿島北沖,2026-08-02,15,1.3,7.0,6.5,46,25.8,2
鹿島北沖,2026-08-02,18,1.5,7.0,6.5,43,25.6,51
鹿島北沖,2026-08-02,21,1.7,7.2,6.4,36,25.5,51
北沖30,2026-08-02,00,0.8,10.3,0.2,135,25.9,0
北沖30,2026-08-02,03,0.8,10.2,0.8,33,25.8,1
北沖30,2026-08-02,06,0.8,10.3,4.1,53,25.5,2
北沖30,2026-08-02,09,1.0,9.2,4.9,52,25.1,3
北沖30,2026-08-02,12,1.2,8.1,6.6,54,25.0,51
北沖30,2026-08-02,15,1.4,7.6,7.6,45,24.9,51
北沖30,2026-08-02,18,1.6,7.6,7.9,39,24.7,3
北沖30,2026-08-02,21,1.7,7.9,7.2,37,24.5,3
大洗沖,2026-08-02,00,0.8,10.3,0.2,323,25.9,0
大洗沖,2026-08-02,03,0.8,10.2,1.1,41,25.7,1
大洗沖,2026-08-02,06,0.8,10.3,3.3,58,25.5,2
大洗沖,2026-08-02,09,1.0,9.2,4.5,58,25.4,3
大洗沖,2026-08-02,12,1.2,8.1,5.7,61,25.3,2
大洗沖,2026-08-02,15,1.4,7.6,6.8,50,25.2,51
大洗沖,2026-08-02,18,1.6,7.6,6.6,44,25.1,63
大洗沖,2026-08-02,21,1.7,7.9,6.3,38,24.9,3
青山沖,2026-08-02,00,0.8,10.4,0.2,135,25.5,0
青山沖,2026-08-02,03,0.8,10.3,0.8,33,25.3,1
青山沖,2026-08-02,06,0.8,10.3,4.1,53,25.1,2
青山沖,2026-08-02,09,1.0,9.3,4.9,52,24.9,3
青山沖,2026-08-02,12,1.2,8.2,6.6,54,24.8,51
青山沖,2026-08-02,15,1.4,7.7,7.6,45,24.8,51
青山沖,2026-08-02,18,1.6,7.8,7.9,39,24.6,3
青山沖,2026-08-02,21,1.7,8.1,7.2,37,24.5,3
日立沖,2026-08-02,00,0.8,10.5,1.1,262,25.5,0
日立沖,2026-08-02,03,0.8,10.6,2.4,22,25.3,2
日立沖,2026-08-02,06,0.9,10.2,2.9,44,25.1,3
日立沖,2026-08-02,09,1.0,9.3,3.9,56,24.9,2
日立沖,2026-08-02,12,1.2,8.7,6.3,49,24.8,53
日立沖,2026-08-02,15,1.3,8.2,6.1,41,24.8,51
日立沖,2026-08-02,18,1.5,8.2,7.2,35,24.6,3
日立沖,2026-08-02,21,1.6,8.8,7.2,33,24.5,3
銭洲沖,2026-08-03,00,1.7,11.6,8.2,64,30.1,51
銭洲沖,2026-08-03,03,2.0,10.9,8.0,68,30.0,3
銭洲沖,2026-08-03,06,2.2,9.9,8.4,64,29.9,53
銭洲沖,2026-08-03,09,2.5,9.8,11.0,48,29.8,2
銭洲沖,2026-08-03,12,2.7,10.1,9.9,63,29.8,1
銭洲沖,2026-08-03,15,3.0,10.4,10.6,59,29.8,51
銭洲沖,2026-08-03,18,3.3,10.4,11.7,57,29.6,51
銭洲沖,2026-08-03,21,3.6,10.6,12.1,64,29.3,1
イナンバ,2026-08-03,00,1.9,9.2,10.4,41,29.6,51
イナンバ,2026-08-03,03,2.3,9.2,11.3,37,29.4,51
イナンバ,2026-08-03,06,2.5,9.2,10.9,34,29.3,51
イナンバ,2026-08-03,09,2.6,9.3,12.0,41,29.2,51
イナンバ,2026-08-03,12,2.6,9.6,11.6,47,29.3,51
イナンバ,2026-08-03,15,2.8,10.1,11.2,63,29.4,55
イナンバ,2026-08-03,18,3.1,10.2,12.8,64,29.4,1
イナンバ,2026-08-03,21,3.4,10.3,13.0,64,29.3,1
石花海,2026-08-03,00,1.7,8.3,11.3,56,28.1,2
石花海,2026-08-03,03,2.1,8.2,13.0,61,27.6,2
石花海,2026-08-03,06,2.3,8.5,12.1,60,27.2,1
石花海,2026-08-03,09,2.4,8.8,11.9,59,26.9,0
石花海,2026-08-03,12,2.5,8.9,13.2,61,26.7,1
石花海,2026-08-03,15,2.6,9.2,12.9,64,26.6,1
石花海,2026-08-03,18,3.0,9.6,13.6,68,26.4,0
石花海,2026-08-03,21,3.2,9.7,13.8,63,26.2,1
神津島,2026-08-03,00,1.7,7.7,10.7,40,28.5,2
神津島,2026-08-03,03,1.9,8.1,11.0,41,28.1,2
神津島,2026-08-03,06,2.1,8.2,11.2,40,27.9,1
神津島,2026-08-03,09,2.2,8.3,11.9,41,27.8,3
神津島,2026-08-03,12,2.3,8.4,12.8,47,27.8,3
神津島,2026-08-03,15,2.4,8.9,12.1,53,27.8,3
神津島,2026-08-03,18,2.6,9.2,12.7,56,27.7,53
神津島,2026-08-03,21,2.8,9.4,12.7,51,27.6,51
金洲沖,2026-08-03,00,1.6,7.0,10.9,52,27.5,2
金洲沖,2026-08-03,03,1.9,7.3,12.9,51,27.1,3
金洲沖,2026-08-03,06,2.1,7.7,12.8,46,26.8,0
金洲沖,2026-08-03,09,2.1,7.8,12.3,46,26.6,1
金洲沖,2026-08-03,12,2.2,8.0,12.4,49,26.6,1
金洲沖,2026-08-03,15,2.3,8.3,12.7,56,26.5,1
金洲沖,2026-08-03,18,2.6,8.6,13.3,63,26.5,0
金洲沖,2026-08-03,21,2.7,8.8,13.6,54,26.4,0
新島沖,2026-08-03,00,1.7,7.5,10.2,38,27.9,2
新島沖,2026-08-03,03,2.0,8.1,10.8,37,27.7,51
新島沖,2026-08-03,06,2.1,8.3,11.3,32,27.6,0
新島沖,2026-08-03,09,2.3,8.3,11.6,36,27.7,3
新島沖,2026-08-03,12,2.3,8.4,12.3,45,27.9,3
新島沖,2026-08-03,15,2.5,8.8,11.9,52,28.1,3
新島沖,2026-08-03,18,2.7,9.0,13.1,49,28.0,51
新島沖,2026-08-03,21,2.9,9.2,13.3,44,27.9,3
金州,2026-08-03,00,1.7,7.2,9.8,39,27.5,1
金州,2026-08-03,03,1.9,7.7,10.8,35,27.2,3
金州,2026-08-03,06,2.0,8.0,11.2,29,26.9,0
金州,2026-08-03,09,2.1,8.0,11.3,31,26.6,3
金州,2026-08-03,12,2.2,8.2,10.8,40,26.5,3
金州,2026-08-03,15,2.4,8.3,11.1,51,26.4,2
金州,2026-08-03,18,2.7,8.4,12.1,48,26.2,0
金州,2026-08-03,21,2.8,8.6,12.3,41,26.0,1
白河沖,2026-08-03,00,1.2,8.8,4.5,59,27.9,51
白河沖,2026-08-03,03,1.5,9.1,3.4,9,27.7,65
白河沖,2026-08-03,06,1.6,9.2,4.1,34,27.7,51
白河沖,2026-08-03,09,1.7,9.7,6.3,55,27.8,0
白河沖,2026-08-03,12,1.7,9.9,3.1,68,28.1,0
白河沖,2026-08-03,15,1.9,9.7,3.6,80,28.4,0
白河沖,2026-08-03,18,2.2,9.9,5.8,86,28.2,1
白河沖,2026-08-03,21,2.3,10.2,6.4,59,27.8,3
御前崎沖,2026-08-03,00,1.2,9.2,4.5,59,27.4,51
御前崎沖,2026-08-03,03,1.4,9.3,3.4,9,27.3,65
御前崎沖,2026-08-03,06,1.6,9.4,4.1,34,27.3,51
御前崎沖,2026-08-03,09,1.6,9.8,6.3,55,27.3,0
御前崎沖,2026-08-03,12,1.7,10.1,3.1,68,27.7,0
御前崎沖,2026-08-03,15,1.9,9.9,3.6,80,28.0,0
御前崎沖,2026-08-03,18,2.2,10.1,5.8,86,27.8,1
御前崎沖,2026-08-03,21,2.3,10.4,6.4,59,27.5,3
八方便,2026-08-03,00,1.2,8.8,4.5,59,27.9,51
八方便,2026-08-03,03,1.5,9.1,3.4,9,27.7,65
八方便,2026-08-03,06,1.6,9.2,4.1,34,27.7,51
八方便,2026-08-03,09,1.7,9.7,6.3,55,27.8,0
八方便,2026-08-03,12,1.7,9.9,3.1,68,28.1,0
八方便,2026-08-03,15,1.9,9.7,3.6,80,28.4,0
八方便,2026-08-03,18,2.2,9.9,5.8,86,28.2,1
八方便,2026-08-03,21,2.3,10.2,6.4,59,27.8,3
神子元沖,2026-08-03,00,1.4,7.8,6.0,48,27.6,51
神子元沖,2026-08-03,03,1.5,8.3,6.3,46,27.3,3
神子元沖,2026-08-03,06,1.6,8.8,5.9,44,27.1,2
神子元沖,2026-08-03,09,1.7,9.1,6.5,52,27.0,2
神子元沖,2026-08-03,12,1.8,9.2,7.5,59,27.0,1
神子元沖,2026-08-03,15,1.9,9.2,7.5,60,27.0,3
神子元沖,2026-08-03,18,2.2,9.4,7.9,57,27.0,2
神子元沖,2026-08-03,21,2.3,9.4,8.1,54,26.9,1
大東沖,2026-08-03,00,1.0,10.8,4.7,71,27.2,51
大東沖,2026-08-03,03,1.1,10.7,3.0,48,27.1,65
大東沖,2026-08-03,06,1.3,10.6,4.7,62,27.0,1
大東沖,2026-08-03,09,1.4,10.6,4.9,65,27.1,0
大東沖,2026-08-03,12,1.5,10.9,4.5,91,27.5,1
大東沖,2026-08-03,15,1.6,11.2,4.5,96,27.9,0
大東沖,2026-08-03,18,1.8,11.2,4.9,85,27.8,1
大東沖,2026-08-03,21,2.0,11.3,5.9,73,27.7,3
石廊崎沖,2026-08-03,00,1.2,8.2,3.6,83,27.7,51
石廊崎沖,2026-08-03,03,1.3,8.7,4.7,71,27.4,3
石廊崎沖,2026-08-03,06,1.4,9.3,3.4,73,27.2,1
石廊崎沖,2026-08-03,09,1.4,9.8,2.5,71,27.0,51
石廊崎沖,2026-08-03,12,1.5,9.8,4.0,80,26.9,1
石廊崎沖,2026-08-03,15,1.6,9.6,5.6,85,26.9,1
石廊崎沖,2026-08-03,18,1.9,9.9,5.4,83,26.8,2
石廊崎沖,2026-08-03,21,1.9,10.0,5.4,77,26.7,1
福田沖,2026-08-03,00,1.0,10.8,4.0,75,27.0,51
福田沖,2026-08-03,03,1.1,10.8,2.6,63,26.8,65
福田沖,2026-08-03,06,1.3,10.6,3.4,67,26.8,1
福田沖,2026-08-03,09,1.4,10.7,3.9,66,26.9,0
福田沖,2026-08-03,12,1.5,10.9,4.5,105,27.2,1
福田沖,2026-08-03,15,1.6,11.2,4.1,108,27.6,2
福田沖,2026-08-03,18,1.9,11.2,4.8,89,27.6,1
福田沖,2026-08-03,21,2.0,11.3,5.1,73,27.4,2
浜岡沖,2026-08-03,00,0.9,10.6,4.5,59,27.9,51
浜岡沖,2026-08-03,03,1.1,10.7,3.4,9,27.9,65
浜岡沖,2026-08-03,06,1.3,10.4,4.1,34,27.8,51
浜岡沖,2026-08-03,09,1.4,10.6,6.3,55,27.9,0
浜岡沖,2026-08-03,12,1.4,10.9,3.1,68,28.4,0
浜岡沖,2026-08-03,15,1.5,11.3,3.6,80,28.9,0
浜岡沖,2026-08-03,18,1.8,11.3,5.8,86,28.7,1
浜岡沖,2026-08-03,21,1.9,11.3,6.4,59,28.4,3
下田南沖,2026-08-03,00,1.4,7.8,6.0,48,27.6,51
下田南沖,2026-08-03,03,1.5,8.3,6.3,46,27.3,3
下田南沖,2026-08-03,06,1.6,8.8,5.9,44,27.1,2
下田南沖,2026-08-03,09,1.7,9.1,6.5,52,27.0,2
下田南沖,2026-08-03,12,1.8,9.2,7.5,59,27.0,1
下田南沖,2026-08-03,15,1.9,9.2,7.5,60,27.0,3
下田南沖,2026-08-03,18,2.2,9.4,7.9,57,27.0,2
下田南沖,2026-08-03,21,2.3,9.4,8.1,54,26.9,1
下田沖,2026-08-03,00,1.4,7.8,6.0,48,27.6,51
下田沖,2026-08-03,03,1.5,8.3,6.3,46,27.3,3
下田沖,2026-08-03,06,1.6,8.8,5.9,44,27.1,2
下田沖,2026-08-03,09,1.7,9.1,6.5,52,27.0,2
下田沖,2026-08-03,12,1.8,9.2,7.5,59,27.0,1
下田沖,2026-08-03,15,1.9,9.2,7.5,60,27.0,3
下田沖,2026-08-03,18,2.2,9.4,7.9,57,27.0,2
下田沖,2026-08-03,21,2.3,9.4,8.1,54,26.9,1
相良沖,2026-08-03,00,1.0,10.0,4.5,59,28.6,51
相良沖,2026-08-03,03,1.2,10.1,3.4,9,28.5,65
相良沖,2026-08-03,06,1.3,10.1,4.1,34,28.5,51
相良沖,2026-08-03,09,1.4,10.2,6.3,55,28.6,0
相良沖,2026-08-03,12,1.4,10.7,3.1,68,29.1,0
相良沖,2026-08-03,15,1.5,11.0,3.6,80,29.5,0
相良沖,2026-08-03,18,1.8,11.0,5.8,86,29.2,1
相良沖,2026-08-03,21,1.9,10.9,6.4,59,28.8,3
天竜沖,2026-08-03,00,0.6,8.7,2.7,85,27.0,51
天竜沖,2026-08-03,03,0.7,8.6,2.0,41,26.8,61
天竜沖,2026-08-03,06,0.8,8.6,1.9,89,26.8,51
天竜沖,2026-08-03,09,0.9,8.8,2.4,68,26.9,0
天竜沖,2026-08-03,12,0.9,9.0,3.8,91,27.2,53
天竜沖,2026-08-03,15,0.9,9.0,4.0,84,27.6,1
天竜沖,2026-08-03,18,1.1,9.0,4.0,78,27.6,1
天竜沖,2026-08-03,21,1.2,9.1,4.1,84,27.4,51
波勝崎沖,2026-08-03,00,0.7,9.3,6.0,48,28.2,51
波勝崎沖,2026-08-03,03,0.8,10.2,6.3,46,27.9,3
波勝崎沖,2026-08-03,06,0.9,10.9,5.9,44,27.7,2
波勝崎沖,2026-08-03,09,0.9,11.3,6.5,52,27.6,2
波勝崎沖,2026-08-03,12,1.0,11.5,7.5,59,27.7,1
波勝崎沖,2026-08-03,15,1.0,11.2,7.5,60,27.7,3
波勝崎沖,2026-08-03,18,1.2,11.2,7.9,57,27.4,2
波勝崎沖,2026-08-03,21,1.3,11.2,8.1,54,27.0,1
藤守前,2026-08-03,00,0.6,8.8,4.8,47,29.1,1
藤守前,2026-08-03,03,0.7,9.0,4.8,31,29.0,61
藤守前,2026-08-03,06,0.7,9.0,4.5,41,28.9,1
藤守前,2026-08-03,09,0.8,9.2,5.5,61,28.9,0
藤守前,2026-08-03,12,0.8,9.1,5.3,74,29.2,0
藤守前,2026-08-03,15,0.9,9.5,5.4,72,29.5,0
藤守前,2026-08-03,18,1.0,9.6,5.0,70,29.4,1
藤守前,2026-08-03,21,1.1,9.5,6.2,71,29.1,3
吉田沖,2026-08-03,00,0.6,8.8,4.8,47,29.1,1
吉田沖,2026-08-03,03,0.7,9.0,4.8,31,29.0,61
吉田沖,2026-08-03,06,0.7,9.0,4.5,41,28.9,1
吉田沖,2026-08-03,09,0.8,9.2,5.5,61,28.9,0
吉田沖,2026-08-03,12,0.8,9.1,5.3,74,29.2,0
吉田沖,2026-08-03,15,0.9,9.5,5.4,72,29.5,0
吉田沖,2026-08-03,18,1.0,9.6,5.0,70,29.4,1
吉田沖,2026-08-03,21,1.1,9.5,6.2,71,29.1,3
千貫門沖,2026-08-03,00,0.7,9.3,3.6,83,28.5,51
千貫門沖,2026-08-03,03,0.8,10.2,4.7,71,28.2,3
千貫門沖,2026-08-03,06,0.9,10.9,3.4,73,28.1,1
千貫門沖,2026-08-03,09,0.9,11.3,2.5,71,28.1,51
千貫門沖,2026-08-03,12,1.0,11.5,4.0,80,28.5,1
千貫門沖,2026-08-03,15,1.0,11.2,5.6,85,28.8,1
千貫門沖,2026-08-03,18,1.2,11.2,5.4,83,28.3,2
千貫門沖,2026-08-03,21,1.3,11.2,5.4,77,27.6,1
豊浜沖,2026-08-03,00,0.6,9.3,3.6,83,28.5,51
豊浜沖,2026-08-03,03,0.6,10.3,4.7,71,28.2,3
豊浜沖,2026-08-03,06,0.7,11.1,3.4,73,28.1,1
豊浜沖,2026-08-03,09,0.7,11.5,2.5,71,28.2,51
豊浜沖,2026-08-03,12,0.7,11.8,4.0,80,28.7,1
豊浜沖,2026-08-03,15,0.8,11.5,5.6,85,29.1,1
豊浜沖,2026-08-03,18,1.0,11.2,5.4,83,28.7,2
豊浜沖,2026-08-03,21,1.0,10.7,5.4,77,28.1,1
松崎沖,2026-08-03,00,0.7,9.3,3.6,83,28.5,51
松崎沖,2026-08-03,03,0.8,10.2,4.7,71,28.2,3
松崎沖,2026-08-03,06,0.9,10.9,3.4,73,28.1,1
松崎沖,2026-08-03,09,0.9,11.3,2.5,71,28.1,51
松崎沖,2026-08-03,12,1.0,11.5,4.0,80,28.5,1
松崎沖,2026-08-03,15,1.0,11.2,5.6,85,28.8,1
松崎沖,2026-08-03,18,1.2,11.2,5.4,83,28.3,2
松崎沖,2026-08-03,21,1.3,11.2,5.4,77,27.6,1
西伊豆沖,2026-08-03,00,0.6,9.3,1.9,73,28.5,53
西伊豆沖,2026-08-03,03,0.6,10.3,4.0,66,28.2,51
西伊豆沖,2026-08-03,06,0.7,11.1,3.2,61,28.1,3
西伊豆沖,2026-08-03,09,0.7,11.5,3.7,63,28.1,3
西伊豆沖,2026-08-03,12,0.7,11.8,4.2,61,28.5,2
西伊豆沖,2026-08-03,15,0.8,11.5,5.5,63,28.8,3
西伊豆沖,2026-08-03,18,1.0,11.2,5.3,63,28.3,3
西伊豆沖,2026-08-03,21,1.0,10.7,6.0,60,27.6,1
大井川沖,2026-08-03,00,0.7,9.9,4.0,42,29.5,51
大井川沖,2026-08-03,03,0.8,10.7,4.8,32,29.2,2
大井川沖,2026-08-03,06,0.9,10.7,3.7,41,29.1,1
大井川沖,2026-08-03,09,1.0,10.8,4.7,62,29.0,0
大井川沖,2026-08-03,12,1.0,11.2,5.8,79,29.2,0
大井川沖,2026-08-03,15,1.1,11.5,6.3,73,29.3,0
大井川沖,2026-08-03,18,1.3,11.3,5.4,72,29.3,2
大井川沖,2026-08-03,21,1.4,10.7,6.1,73,29.1,3
中瀬海岸,2026-08-03,00,0.7,9.9,4.0,42,29.5,51
中瀬海岸,2026-08-03,03,0.8,10.7,4.8,32,29.2,2
中瀬海岸,2026-08-03,06,0.9,10.7,3.7,41,29.1,1
中瀬海岸,2026-08-03,09,1.0,10.8,4.7,62,29.0,0
中瀬海岸,2026-08-03,12,1.0,11.2,5.8,79,29.2,0
中瀬海岸,2026-08-03,15,1.1,11.5,6.3,73,29.3,0
中瀬海岸,2026-08-03,18,1.3,11.3,5.4,72,29.3,2
中瀬海岸,2026-08-03,21,1.4,10.7,6.1,73,29.1,3
大井川港,2026-08-03,00,0.7,9.9,2.6,40,29.5,51
大井川港,2026-08-03,03,0.8,10.7,3.4,31,29.2,51
大井川港,2026-08-03,06,0.9,10.7,2.8,46,29.1,1
大井川港,2026-08-03,09,1.0,10.8,3.5,63,29.0,1
大井川港,2026-08-03,12,1.0,11.2,5.6,88,29.2,0
大井川港,2026-08-03,15,1.1,11.5,5.9,82,29.3,1
大井川港,2026-08-03,18,1.3,11.3,5.4,80,29.3,3
大井川港,2026-08-03,21,1.4,10.7,5.3,74,29.1,2
駿河湾,2026-08-03,00,0.5,8.0,4.8,86,28.7,53
駿河湾,2026-08-03,03,0.5,8.9,5.1,93,28.4,2
駿河湾,2026-08-03,06,0.6,9.7,5.1,92,28.2,2
駿河湾,2026-08-03,09,0.6,10.2,5.7,83,28.1,2
駿河湾,2026-08-03,12,0.6,10.2,7.0,80,28.5,2
駿河湾,2026-08-03,15,0.7,9.8,7.5,78,28.8,2
駿河湾,2026-08-03,18,0.8,9.3,7.5,74,28.5,2
駿河湾,2026-08-03,21,0.9,8.8,7.0,73,28.0,0
洲崎沖,2026-08-03,00,1.3,10.4,5.3,33,28.0,3
洲崎沖,2026-08-03,03,1.5,11.4,5.5,26,27.8,1
洲崎沖,2026-08-03,06,1.6,11.3,5.5,19,27.6,2
洲崎沖,2026-08-03,09,1.7,11.1,6.4,39,27.5,2
洲崎沖,2026-08-03,12,1.8,10.8,6.5,44,27.6,2
洲崎沖,2026-08-03,15,2.0,11.3,7.2,55,27.7,3
洲崎沖,2026-08-03,18,2.3,11.8,6.2,48,27.6,2
洲崎沖,2026-08-03,21,2.4,12.0,6.7,32,27.4,3
沖ノ瀬,2026-08-03,00,1.4,10.2,9.5,33,28.1,51
沖ノ瀬,2026-08-03,03,1.6,10.9,9.2,33,27.9,1
沖ノ瀬,2026-08-03,06,1.7,10.9,9.8,28,27.7,3
沖ノ瀬,2026-08-03,09,1.8,10.9,10.2,29,27.5,3
沖ノ瀬,2026-08-03,12,1.9,10.9,9.5,35,27.4,3
沖ノ瀬,2026-08-03,15,2.1,11.5,9.2,38,27.3,3
沖ノ瀬,2026-08-03,18,2.4,11.9,8.9,44,27.2,1
沖ノ瀬,2026-08-03,21,2.5,11.9,10.3,37,27.0,0
平砂浦沖,2026-08-03,00,1.4,9.8,5.3,33,28.2,3
平砂浦沖,2026-08-03,03,1.5,11.1,5.5,26,28.0,1
平砂浦沖,2026-08-03,06,1.7,11.1,5.5,19,27.9,2
平砂浦沖,2026-08-03,09,1.8,10.6,6.4,39,27.8,2
平砂浦沖,2026-08-03,12,2.0,10.2,6.5,44,27.8,2
平砂浦沖,2026-08-03,15,2.1,10.6,7.2,55,27.8,3
平砂浦沖,2026-08-03,18,2.4,11.1,6.2,48,27.7,2
平砂浦沖,2026-08-03,21,2.5,11.4,6.7,32,27.6,3
館山沖,2026-08-03,00,1.3,10.2,5.3,33,28.4,3
館山沖,2026-08-03,03,1.5,11.3,5.5,26,28.2,1
館山沖,2026-08-03,06,1.6,11.3,5.5,19,28.1,2
館山沖,2026-08-03,09,1.7,10.9,6.4,39,28.0,2
館山沖,2026-08-03,12,1.8,10.6,6.5,44,28.1,2
館山沖,2026-08-03,15,2.0,10.9,7.2,55,28.1,3
館山沖,2026-08-03,18,2.3,11.5,6.2,48,28.0,2
館山沖,2026-08-03,21,2.4,11.8,6.7,32,27.9,3
久能沖,2026-08-03,00,0.6,9.4,1.7,29,29.8,55
久能沖,2026-08-03,03,0.7,10.3,1.7,49,29.4,51
久能沖,2026-08-03,06,0.8,10.4,2.0,66,29.2,1
久能沖,2026-08-03,09,0.8,10.6,2.6,85,29.1,2
久能沖,2026-08-03,12,0.9,10.7,4.3,93,29.2,51
久能沖,2026-08-03,15,0.9,10.7,5.0,106,29.3,1
久能沖,2026-08-03,18,1.1,10.3,5.0,89,29.2,2
久能沖,2026-08-03,21,1.2,9.8,3.9,77,29.1,2
富浦沖,2026-08-03,00,1.3,10.4,5.3,33,28.0,3
富浦沖,2026-08-03,03,1.5,11.3,5.5,26,27.7,1
富浦沖,2026-08-03,06,1.7,11.3,5.5,19,27.4,2
富浦沖,2026-08-03,09,1.8,11.1,6.4,39,27.3,2
富浦沖,2026-08-03,12,1.9,10.9,6.5,44,27.3,2
富浦沖,2026-08-03,15,2.0,11.5,7.2,55,27.4,3
富浦沖,2026-08-03,18,2.3,11.9,6.2,48,27.3,2
富浦沖,2026-08-03,21,2.5,12.1,6.7,32,27.2,3
折戸沖,2026-08-03,00,0.6,9.4,1.7,29,29.8,55
折戸沖,2026-08-03,03,0.7,10.3,1.7,49,29.4,51
折戸沖,2026-08-03,06,0.8,10.4,2.0,66,29.2,1
折戸沖,2026-08-03,09,0.8,10.6,2.6,85,29.1,2
折戸沖,2026-08-03,12,0.9,10.7,4.3,93,29.2,51
折戸沖,2026-08-03,15,0.9,10.7,5.0,106,29.3,1
折戸沖,2026-08-03,18,1.1,10.3,5.0,89,29.2,2
折戸沖,2026-08-03,21,1.2,9.8,3.9,77,29.1,2
貯木場,2026-08-03,00,0.5,7.2,1.7,29,29.8,55
貯木場,2026-08-03,03,0.6,7.8,1.7,49,29.4,51
貯木場,2026-08-03,06,0.6,8.3,2.0,66,29.2,1
貯木場,2026-08-03,09,0.6,8.7,2.6,85,29.1,2
貯木場,2026-08-03,12,0.7,8.3,4.3,93,29.2,51
貯木場,2026-08-03,15,0.8,7.7,5.0,106,29.3,1
貯木場,2026-08-03,18,0.9,7.5,5.0,89,29.2,2
貯木場,2026-08-03,21,1.0,7.3,3.9,77,29.1,2
折戸,2026-08-03,00,0.5,7.2,1.7,29,29.5,55
折戸,2026-08-03,03,0.6,7.8,1.7,49,29.1,51
折戸,2026-08-03,06,0.6,8.3,2.0,66,28.9,1
折戸,2026-08-03,09,0.6,8.7,2.6,85,28.8,2
折戸,2026-08-03,12,0.7,8.3,4.3,93,28.8,51
折戸,2026-08-03,15,0.8,7.7,5.0,106,28.8,1
折戸,2026-08-03,18,0.9,7.5,5.0,89,28.7,2
折戸,2026-08-03,21,1.0,7.3,3.9,77,28.4,2
清水沖,2026-08-03,00,0.5,7.2,1.7,29,29.5,55
清水沖,2026-08-03,03,0.6,7.8,1.7,49,29.1,51
清水沖,2026-08-03,06,0.6,8.3,2.0,66,28.9,1
清水沖,2026-08-03,09,0.6,8.7,2.6,85,28.8,2
清水沖,2026-08-03,12,0.7,8.3,4.3,93,28.8,51
清水沖,2026-08-03,15,0.8,7.7,5.0,106,28.8,1
清水沖,2026-08-03,18,0.9,7.5,5.0,89,28.7,2
清水沖,2026-08-03,21,1.0,7.3,3.9,77,28.4,2
岩井富浦沖,2026-08-03,00,0.9,10.3,5.3,33,29.0,3
岩井富浦沖,2026-08-03,03,1.0,11.1,5.5,26,28.7,1
岩井富浦沖,2026-08-03,06,1.2,10.9,5.5,19,28.4,2
岩井富浦沖,2026-08-03,09,1.2,10.6,6.4,39,28.2,2
岩井富浦沖,2026-08-03,12,1.3,10.6,6.5,44,28.2,2
岩井富浦沖,2026-08-03,15,1.4,11.2,7.2,55,28.2,3
岩井富浦沖,2026-08-03,18,1.6,11.7,6.2,48,28.0,2
岩井富浦沖,2026-08-03,21,1.7,11.9,6.7,32,27.8,3
北防,2026-08-03,00,0.5,7.2,1.7,29,29.8,55
北防,2026-08-03,03,0.6,7.8,1.7,49,29.4,51
北防,2026-08-03,06,0.6,8.3,2.0,66,29.2,1
北防,2026-08-03,09,0.6,8.7,2.6,85,29.1,2
北防,2026-08-03,12,0.7,8.3,4.3,93,29.2,51
北防,2026-08-03,15,0.8,7.7,5.0,106,29.3,1
北防,2026-08-03,18,0.9,7.5,5.0,89,29.2,2
北防,2026-08-03,21,1.0,7.3,3.9,77,29.1,2
一文字堤,2026-08-03,00,0.5,7.2,1.7,29,29.5,55
一文字堤,2026-08-03,03,0.6,7.8,1.7,49,29.1,51
一文字堤,2026-08-03,06,0.6,8.3,2.0,66,28.9,1
一文字堤,2026-08-03,09,0.6,8.7,2.6,85,28.8,2
一文字堤,2026-08-03,12,0.7,8.3,4.3,93,28.8,51
一文字堤,2026-08-03,15,0.8,7.7,5.0,106,28.8,1
一文字堤,2026-08-03,18,0.9,7.5,5.0,89,28.7,2
一文字堤,2026-08-03,21,1.0,7.3,3.9,77,28.4,2
西浦沖,2026-08-03,00,0.4,5.2,3.8,106,30.0,51
西浦沖,2026-08-03,03,0.4,5.8,3.8,110,29.5,2
西浦沖,2026-08-03,06,0.4,6.1,3.9,112,29.1,1
西浦沖,2026-08-03,09,0.4,6.3,4.8,88,28.8,2
西浦沖,2026-08-03,12,0.5,5.6,6.1,83,28.7,1
西浦沖,2026-08-03,15,0.6,4.8,6.5,82,28.5,2
西浦沖,2026-08-03,18,0.7,5.0,6.0,82,28.2,1
西浦沖,2026-08-03,21,0.7,5.4,5.5,82,27.8,0
高新田前,2026-08-03,00,0.5,7.2,1.7,29,29.5,55
高新田前,2026-08-03,03,0.6,7.8,1.7,49,29.1,51
高新田前,2026-08-03,06,0.6,8.3,2.0,66,28.9,1
高新田前,2026-08-03,09,0.6,8.7,2.6,85,28.8,2
高新田前,2026-08-03,12,0.7,8.3,4.3,93,28.8,51
高新田前,2026-08-03,15,0.8,7.7,5.0,106,28.8,1
高新田前,2026-08-03,18,0.9,7.5,5.0,89,28.7,2
高新田前,2026-08-03,21,1.0,7.3,3.9,77,28.4,2
三保沖,2026-08-03,00,0.5,7.2,0.5,343,29.7,53
三保沖,2026-08-03,03,0.6,7.8,0.8,93,29.4,51
三保沖,2026-08-03,06,0.6,8.3,0.9,77,29.2,2
三保沖,2026-08-03,09,0.6,8.7,1.7,108,29.1,51
三保沖,2026-08-03,12,0.7,8.3,2.9,94,29.1,51
三保沖,2026-08-03,15,0.8,7.7,4.2,111,29.1,0
三保沖,2026-08-03,18,0.9,7.5,2.6,87,28.9,2
三保沖,2026-08-03,21,1.0,7.3,2.1,90,28.7,2
三保取入口,2026-08-03,00,0.5,7.2,0.5,343,29.7,53
三保取入口,2026-08-03,03,0.6,7.8,0.8,93,29.4,51
三保取入口,2026-08-03,06,0.6,8.3,0.9,77,29.2,2
三保取入口,2026-08-03,09,0.6,8.7,1.7,108,29.1,51
三保取入口,2026-08-03,12,0.7,8.3,2.9,94,29.1,51
三保取入口,2026-08-03,15,0.8,7.7,4.2,111,29.1,0
三保取入口,2026-08-03,18,0.9,7.5,2.6,87,28.9,2
三保取入口,2026-08-03,21,1.0,7.3,2.1,90,28.7,2
静浦沖,2026-08-03,00,0.4,5.2,3.1,98,30.0,51
静浦沖,2026-08-03,03,0.4,5.8,3.4,103,29.5,2
静浦沖,2026-08-03,06,0.4,6.1,3.4,99,29.1,1
静浦沖,2026-08-03,09,0.4,6.3,3.7,82,28.8,1
静浦沖,2026-08-03,12,0.5,5.6,5.4,87,28.7,1
静浦沖,2026-08-03,15,0.6,4.8,6.3,89,28.5,1
静浦沖,2026-08-03,18,0.7,5.0,5.8,86,28.2,2
静浦沖,2026-08-03,21,0.7,5.4,5.0,81,27.8,0
網代沖,2026-08-03,00,,,2.5,88,28.6,51
網代沖,2026-08-03,03,,,3.4,73,28.4,2
網代沖,2026-08-03,06,,,3.0,80,28.2,1
網代沖,2026-08-03,09,,,4.8,67,28.1,3
網代沖,2026-08-03,12,,,5.3,64,28.1,1
網代沖,2026-08-03,15,,,5.9,63,28.1,3
網代沖,2026-08-03,18,,,5.3,67,28.0,1
網代沖,2026-08-03,21,,,5.3,64,27.9,0
網代南沖,2026-08-03,00,1.1,9.6,2.8,54,28.6,2
網代南沖,2026-08-03,03,1.3,10.2,3.8,51,28.4,3
網代南沖,2026-08-03,06,1.4,10.5,3.7,49,28.2,2
網代南沖,2026-08-03,09,1.5,10.7,5.2,52,28.1,3
網代南沖,2026-08-03,12,1.6,10.7,5.4,53,28.1,2
網代南沖,2026-08-03,15,1.7,11.0,5.9,56,28.1,3
網代南沖,2026-08-03,18,1.9,11.6,5.5,55,28.0,1
網代南沖,2026-08-03,21,2.0,11.6,5.5,48,27.9,0
岩井沖,2026-08-03,00,0.9,10.3,5.3,33,29.0,3
岩井沖,2026-08-03,03,1.0,11.1,5.5,26,28.7,1
岩井沖,2026-08-03,06,1.2,10.9,5.5,19,28.4,2
岩井沖,2026-08-03,09,1.2,10.6,6.4,39,28.2,2
岩井沖,2026-08-03,12,1.3,10.6,6.5,44,28.2,2
岩井沖,2026-08-03,15,1.4,11.2,7.2,55,28.2,3
岩井沖,2026-08-03,18,1.6,11.7,6.2,48,28.0,2
岩井沖,2026-08-03,21,1.7,11.9,6.7,32,27.8,3
沼津沖,2026-08-03,00,0.4,5.2,3.8,106,30.0,51
沼津沖,2026-08-03,03,0.4,5.8,3.8,110,29.5,2
沼津沖,2026-08-03,06,0.4,6.1,3.9,112,29.1,1
沼津沖,2026-08-03,09,0.4,6.3,4.8,88,28.8,2
沼津沖,2026-08-03,12,0.5,5.6,6.1,83,28.7,1
沼津沖,2026-08-03,15,0.6,4.8,6.5,82,28.5,2
沼津沖,2026-08-03,18,0.7,5.0,6.0,82,28.2,1
沼津沖,2026-08-03,21,0.7,5.4,5.5,82,27.8,0
相模湾,2026-08-03,00,1.2,9.8,10.1,33,28.6,51
相模湾,2026-08-03,03,1.4,10.6,10.3,28,28.3,2
相模湾,2026-08-03,06,1.5,10.8,10.3,23,28.1,3
相模湾,2026-08-03,09,1.6,10.8,10.1,30,28.0,3
相模湾,2026-08-03,12,1.7,10.9,9.8,33,28.0,3
相模湾,2026-08-03,15,1.8,11.4,9.9,40,27.9,3
相模湾,2026-08-03,18,2.0,11.9,9.6,40,27.8,3
相模湾,2026-08-03,21,2.2,11.9,10.9,38,27.6,1
太海沖航程1時間30分,2026-08-03,00,1.4,9.8,5.0,30,28.5,3
太海沖航程1時間30分,2026-08-03,03,1.5,11.1,4.9,24,28.4,2
太海沖航程1時間30分,2026-08-03,06,1.7,11.1,4.9,17,28.3,3
太海沖航程1時間30分,2026-08-03,09,1.8,10.6,6.0,39,28.2,2
太海沖航程1時間30分,2026-08-03,12,2.0,10.2,6.0,43,28.2,2
太海沖航程1時間30分,2026-08-03,15,2.1,10.6,6.4,53,28.2,2
太海沖航程1時間30分,2026-08-03,18,2.4,11.1,5.5,46,28.1,1
太海沖航程1時間30分,2026-08-03,21,2.5,11.4,6.0,32,28.0,2
木負沖,2026-08-03,00,0.4,5.2,3.1,98,30.0,51
木負沖,2026-08-03,03,0.4,5.8,3.4,103,29.5,2
木負沖,2026-08-03,06,0.4,6.1,3.4,99,29.1,1
木負沖,2026-08-03,09,0.4,6.3,3.7,82,28.8,1
木負沖,2026-08-03,12,0.5,5.6,5.4,87,28.7,1
木負沖,2026-08-03,15,0.6,4.8,6.3,89,28.5,1
木負沖,2026-08-03,18,0.7,5.0,5.8,86,28.2,2
木負沖,2026-08-03,21,0.7,5.4,5.0,81,27.8,0
木負湾内,2026-08-03,00,0.4,5.2,3.1,98,30.0,51
木負湾内,2026-08-03,03,0.4,5.8,3.4,103,29.5,2
木負湾内,2026-08-03,06,0.4,6.1,3.4,99,29.1,1
木負湾内,2026-08-03,09,0.4,6.3,3.7,82,28.8,1
木負湾内,2026-08-03,12,0.5,5.6,5.4,87,28.7,1
木負湾内,2026-08-03,15,0.6,4.8,6.3,89,28.5,1
木負湾内,2026-08-03,18,0.7,5.0,5.8,86,28.2,2
木負湾内,2026-08-03,21,0.7,5.4,5.0,81,27.8,0
カメギ根,2026-08-03,00,1.2,10.2,9.1,32,29.0,51
カメギ根,2026-08-03,03,1.3,11.0,8.8,31,28.8,3
カメギ根,2026-08-03,06,1.5,10.9,9.1,27,28.5,51
カメギ根,2026-08-03,09,1.6,10.8,9.7,31,28.2,3
カメギ根,2026-08-03,12,1.7,11.0,9.3,37,28.1,3
カメギ根,2026-08-03,15,1.8,11.7,9.4,42,27.9,3
カメギ根,2026-08-03,18,2.0,12.2,8.7,43,27.6,1
カメギ根,2026-08-03,21,2.2,12.2,9.9,39,27.3,1
保田沖,2026-08-03,00,1.0,10.4,5.0,30,29.0,3
保田沖,2026-08-03,03,1.2,11.1,5.0,27,28.6,3
保田沖,2026-08-03,06,1.3,10.9,5.2,24,28.3,3
保田沖,2026-08-03,09,1.4,10.7,6.0,38,28.1,3
保田沖,2026-08-03,12,1.5,10.8,5.5,42,28.0,3
保田沖,2026-08-03,15,1.6,11.5,5.9,52,28.0,3
保田沖,2026-08-03,18,1.8,11.9,5.2,45,27.8,1
保田沖,2026-08-03,21,1.9,12.1,5.7,33,27.5,2
大沢沖前後,2026-08-03,00,1.7,10.2,5.4,24,27.8,3
大沢沖前後,2026-08-03,03,1.9,11.2,5.3,19,27.6,3
大沢沖前後,2026-08-03,06,2.0,10.9,5.8,18,27.6,2
大沢沖前後,2026-08-03,09,2.2,10.6,7.0,34,27.5,3
大沢沖前後,2026-08-03,12,2.3,10.3,6.3,34,27.5,3
大沢沖前後,2026-08-03,15,2.5,10.8,6.6,44,27.5,1
大沢沖前後,2026-08-03,18,2.8,11.2,6.2,38,27.5,0
大沢沖前後,2026-08-03,21,3.0,11.4,6.3,28,27.4,3
勝浦沖航程1時間30分,2026-08-03,00,2.0,9.6,4.9,12,27.6,3
勝浦沖航程1時間30分,2026-08-03,03,2.2,10.1,5.4,10,27.6,3
勝浦沖航程1時間30分,2026-08-03,06,2.4,9.9,6.2,20,27.5,51
勝浦沖航程1時間30分,2026-08-03,09,2.6,9.8,6.8,27,27.4,3
勝浦沖航程1時間30分,2026-08-03,12,2.7,9.7,6.1,30,27.4,51
勝浦沖航程1時間30分,2026-08-03,15,2.9,10.3,7.0,38,27.4,2
勝浦沖航程1時間30分,2026-08-03,18,3.2,10.7,6.1,32,27.3,1
勝浦沖航程1時間30分,2026-08-03,21,3.3,10.9,6.6,24,27.2,3
由比沖,2026-08-03,00,0.3,7.6,0.8,208,29.7,51
由比沖,2026-08-03,03,0.3,8.4,0.6,171,29.4,53
由比沖,2026-08-03,06,0.3,8.8,1.1,161,29.2,51
由比沖,2026-08-03,09,0.3,9.2,1.5,198,29.2,51
由比沖,2026-08-03,12,0.4,8.6,1.8,151,29.3,53
由比沖,2026-08-03,15,0.5,5.8,2.6,131,29.4,51
由比沖,2026-08-03,18,0.5,6.2,1.6,130,29.3,51
由比沖,2026-08-03,21,0.5,7.5,0.9,142,29.1,51
由比港周辺,2026-08-03,00,0.3,7.6,0.8,208,29.7,51
由比港周辺,2026-08-03,03,0.3,8.4,0.6,171,29.4,53
由比港周辺,2026-08-03,06,0.3,8.8,1.1,161,29.2,51
由比港周辺,2026-08-03,09,0.3,9.2,1.5,198,29.2,51
由比港周辺,2026-08-03,12,0.4,8.6,1.8,151,29.3,53
由比港周辺,2026-08-03,15,0.5,5.8,2.6,131,29.4,51
由比港周辺,2026-08-03,18,0.5,6.2,1.6,130,29.3,51
由比港周辺,2026-08-03,21,0.5,7.5,0.9,142,29.1,51
岩船沖,2026-08-03,00,1.4,9.8,4.8,27,28.5,3
岩船沖,2026-08-03,03,1.5,11.1,4.4,23,28.4,3
岩船沖,2026-08-03,06,1.7,11.1,4.8,18,28.3,3
岩船沖,2026-08-03,09,1.8,10.6,5.8,40,28.2,3
岩船沖,2026-08-03,12,2.0,10.2,5.5,44,28.2,3
岩船沖,2026-08-03,15,2.1,10.6,5.9,49,28.2,1
岩船沖,2026-08-03,18,2.4,11.1,5.3,44,28.1,1
岩船沖,2026-08-03,21,2.5,11.4,5.4,33,28.0,3
小湊沖,2026-08-03,00,1.4,10.8,5.4,24,28.3,3
小湊沖,2026-08-03,03,1.5,11.7,5.3,19,28.2,3
小湊沖,2026-08-03,06,1.7,11.4,5.8,18,28.1,2
小湊沖,2026-08-03,09,1.8,11.0,7.0,34,28.1,3
小湊沖,2026-08-03,12,1.9,10.7,6.3,34,28.1,3
小湊沖,2026-08-03,15,2.0,11.1,6.6,44,28.1,1
小湊沖,2026-08-03,18,2.3,11.4,6.2,38,28.0,0
小湊沖,2026-08-03,21,2.5,11.8,6.3,28,27.8,3
太海沖,2026-08-03,00,0.7,8.8,5.0,30,29.5,3
太海沖,2026-08-03,03,0.8,9.3,5.0,27,29.1,3
太海沖,2026-08-03,06,0.9,9.2,5.2,24,28.7,3
太海沖,2026-08-03,09,0.9,8.9,6.0,38,28.4,3
太海沖,2026-08-03,12,1.0,9.1,5.5,42,28.3,3
太海沖,2026-08-03,15,1.0,10.0,5.9,52,28.3,3
太海沖,2026-08-03,18,1.1,10.6,5.2,45,28.1,1
太海沖,2026-08-03,21,1.2,10.9,5.7,33,27.8,2
鴨川沖前後,2026-08-03,00,1.1,10.5,5.4,24,28.5,3
鴨川沖前後,2026-08-03,03,1.3,11.5,5.3,19,28.3,3
鴨川沖前後,2026-08-03,06,1.4,11.3,5.8,18,28.2,2
鴨川沖前後,2026-08-03,09,1.5,10.8,7.0,34,28.2,3
鴨川沖前後,2026-08-03,12,1.6,10.4,6.3,34,28.2,3
鴨川沖前後,2026-08-03,15,1.7,10.8,6.6,44,28.2,1
鴨川沖前後,2026-08-03,18,1.9,11.2,6.2,38,28.1,0
鴨川沖前後,2026-08-03,21,2.0,11.4,6.3,28,28.0,3
岩和田沖,2026-08-03,00,1.8,10.4,4.9,12,27.7,3
岩和田沖,2026-08-03,03,2.0,11.1,5.4,10,27.6,3
岩和田沖,2026-08-03,06,2.1,10.8,6.2,20,27.5,51
岩和田沖,2026-08-03,09,2.3,10.4,6.8,27,27.5,3
岩和田沖,2026-08-03,12,2.4,10.2,6.1,30,27.5,51
岩和田沖,2026-08-03,15,2.6,10.8,7.0,38,27.5,2
岩和田沖,2026-08-03,18,2.9,11.1,6.1,32,27.5,1
岩和田沖,2026-08-03,21,3.1,11.4,6.6,24,27.4,3
城ヶ島西沖,2026-08-03,00,1.0,9.9,9.1,32,29.2,51
城ヶ島西沖,2026-08-03,03,1.1,10.7,8.8,31,28.9,3
城ヶ島西沖,2026-08-03,06,1.3,10.7,9.1,27,28.7,51
城ヶ島西沖,2026-08-03,09,1.4,10.5,9.7,31,28.5,3
城ヶ島西沖,2026-08-03,12,1.4,10.7,9.3,37,28.4,3
城ヶ島西沖,2026-08-03,15,1.5,11.4,9.4,42,28.3,3
城ヶ島西沖,2026-08-03,18,1.7,11.9,8.7,43,28.1,1
城ヶ島西沖,2026-08-03,21,1.8,12.2,9.9,39,27.9,1
城ヶ島沖,2026-08-03,00,0.9,9.8,9.8,31,29.3,51
城ヶ島沖,2026-08-03,03,1.1,10.4,9.7,31,29.0,2
城ヶ島沖,2026-08-03,06,1.2,10.3,10.1,29,28.7,2
城ヶ島沖,2026-08-03,09,1.3,10.2,10.6,31,28.5,3
城ヶ島沖,2026-08-03,12,1.3,10.3,9.8,34,28.4,3
城ヶ島沖,2026-08-03,15,1.4,11.2,9.8,41,28.4,3
城ヶ島沖,2026-08-03,18,1.5,11.7,9.1,42,28.2,0
城ヶ島沖,2026-08-03,21,1.7,12.0,10.3,35,27.9,1
大貫沖～富浦沖,2026-08-03,00,0.7,8.8,5.0,30,29.4,3
大貫沖～富浦沖,2026-08-03,03,0.8,9.3,5.0,27,29.1,3
大貫沖～富浦沖,2026-08-03,06,0.9,9.2,5.2,24,28.8,3
大貫沖～富浦沖,2026-08-03,09,0.9,8.9,6.0,38,28.6,3
大貫沖～富浦沖,2026-08-03,12,1.0,9.1,5.5,42,28.5,3
大貫沖～富浦沖,2026-08-03,15,1.0,10.0,5.9,52,28.5,3
大貫沖～富浦沖,2026-08-03,18,1.1,10.6,5.2,45,28.3,1
大貫沖～富浦沖,2026-08-03,21,1.2,10.9,5.7,33,28.0,2
御宿沖,2026-08-03,00,1.8,10.4,4.9,12,27.7,3
御宿沖,2026-08-03,03,2.0,11.1,5.4,10,27.6,3
御宿沖,2026-08-03,06,2.1,10.8,6.2,20,27.5,51
御宿沖,2026-08-03,09,2.3,10.4,6.8,27,27.5,3
御宿沖,2026-08-03,12,2.4,10.2,6.1,30,27.5,51
御宿沖,2026-08-03,15,2.6,10.8,7.0,38,27.5,2
御宿沖,2026-08-03,18,2.9,11.1,6.1,32,27.5,1
御宿沖,2026-08-03,21,3.1,11.4,6.6,24,27.4,3
興津港沖,2026-08-03,00,1.8,10.4,4.9,12,27.7,3
興津港沖,2026-08-03,03,2.0,11.1,5.4,10,27.6,3
興津港沖,2026-08-03,06,2.1,10.8,6.2,20,27.5,51
興津港沖,2026-08-03,09,2.3,10.4,6.8,27,27.5,3
興津港沖,2026-08-03,12,2.4,10.2,6.1,30,27.5,51
興津港沖,2026-08-03,15,2.6,10.8,7.0,38,27.5,2
興津港沖,2026-08-03,18,2.9,11.1,6.1,32,27.5,1
興津港沖,2026-08-03,21,3.1,11.4,6.6,24,27.4,3
烏帽子沖,2026-08-03,00,0.9,9.8,9.8,31,29.3,51
烏帽子沖,2026-08-03,03,1.1,10.4,9.7,31,29.0,2
烏帽子沖,2026-08-03,06,1.2,10.3,10.1,29,28.7,2
烏帽子沖,2026-08-03,09,1.3,10.2,10.6,31,28.5,3
烏帽子沖,2026-08-03,12,1.3,10.3,9.8,34,28.4,3
烏帽子沖,2026-08-03,15,1.4,11.2,9.8,41,28.4,3
烏帽子沖,2026-08-03,18,1.5,11.7,9.1,42,28.2,0
烏帽子沖,2026-08-03,21,1.7,12.0,10.3,35,27.9,1
諸磯沖,2026-08-03,00,0.9,9.8,9.8,31,29.3,51
諸磯沖,2026-08-03,03,1.1,10.4,9.7,31,29.0,2
諸磯沖,2026-08-03,06,1.2,10.3,10.1,29,28.7,2
諸磯沖,2026-08-03,09,1.3,10.2,10.6,31,28.5,3
諸磯沖,2026-08-03,12,1.3,10.3,9.8,34,28.4,3
諸磯沖,2026-08-03,15,1.4,11.2,9.8,41,28.4,3
諸磯沖,2026-08-03,18,1.5,11.7,9.1,42,28.2,0
諸磯沖,2026-08-03,21,1.7,12.0,10.3,35,27.9,1
剣崎沖,2026-08-03,00,0.9,9.8,9.8,31,29.3,51
剣崎沖,2026-08-03,03,1.1,10.4,9.7,31,29.0,2
剣崎沖,2026-08-03,06,1.2,10.3,10.1,29,28.7,2
剣崎沖,2026-08-03,09,1.3,10.2,10.6,31,28.5,3
剣崎沖,2026-08-03,12,1.3,10.3,9.8,34,28.4,3
剣崎沖,2026-08-03,15,1.4,11.2,9.8,41,28.4,3
剣崎沖,2026-08-03,18,1.5,11.7,9.1,42,28.2,0
剣崎沖,2026-08-03,21,1.7,12.0,10.3,35,27.9,1
勝浦灯台沖航程20分,2026-08-03,00,1.6,10.8,4.9,12,27.7,3
勝浦灯台沖航程20分,2026-08-03,03,1.8,11.6,5.4,10,27.6,3
勝浦灯台沖航程20分,2026-08-03,06,1.9,11.2,6.2,20,27.6,51
勝浦灯台沖航程20分,2026-08-03,09,2.1,10.8,6.8,27,27.7,3
勝浦灯台沖航程20分,2026-08-03,12,2.2,10.6,6.1,30,27.7,51
勝浦灯台沖航程20分,2026-08-03,15,2.3,11.1,7.0,38,27.7,2
勝浦灯台沖航程20分,2026-08-03,18,2.6,11.4,6.1,32,27.7,1
勝浦灯台沖航程20分,2026-08-03,21,2.8,11.7,6.6,24,27.6,3
勝浦沖航程30分,2026-08-03,00,1.8,10.4,4.9,12,27.7,3
勝浦沖航程30分,2026-08-03,03,2.0,11.1,5.4,10,27.6,3
勝浦沖航程30分,2026-08-03,06,2.1,10.8,6.2,20,27.5,51
勝浦沖航程30分,2026-08-03,09,2.3,10.4,6.8,27,27.5,3
勝浦沖航程30分,2026-08-03,12,2.4,10.2,6.1,30,27.5,51
勝浦沖航程30分,2026-08-03,15,2.6,10.8,7.0,38,27.5,2
勝浦沖航程30分,2026-08-03,18,2.9,11.1,6.1,32,27.5,1
勝浦沖航程30分,2026-08-03,21,3.1,11.4,6.6,24,27.4,3
田子の浦沖,2026-08-03,00,0.3,7.6,0.8,208,29.7,51
田子の浦沖,2026-08-03,03,0.3,8.4,0.6,171,29.4,53
田子の浦沖,2026-08-03,06,0.3,8.8,1.1,161,29.2,51
田子の浦沖,2026-08-03,09,0.3,9.2,1.5,198,29.2,51
田子の浦沖,2026-08-03,12,0.4,8.6,1.8,151,29.3,53
田子の浦沖,2026-08-03,15,0.5,5.8,2.6,131,29.4,51
田子の浦沖,2026-08-03,18,0.5,6.2,1.6,130,29.3,51
田子の浦沖,2026-08-03,21,0.5,7.5,0.9,142,29.1,51
富士川沖,2026-08-03,00,0.3,7.6,0.8,208,29.8,51
富士川沖,2026-08-03,03,0.3,8.4,0.6,171,29.4,53
富士川沖,2026-08-03,06,0.3,8.8,1.1,161,29.2,51
富士川沖,2026-08-03,09,0.3,9.2,1.5,198,29.1,51
富士川沖,2026-08-03,12,0.4,8.6,1.8,151,29.2,53
富士川沖,2026-08-03,15,0.5,5.8,2.6,131,29.3,51
富士川沖,2026-08-03,18,0.5,6.2,1.6,130,29.2,51
富士川沖,2026-08-03,21,0.5,7.5,0.9,142,29.0,51
かんねこ,2026-08-03,00,0.7,8.8,5.0,30,29.5,3
かんねこ,2026-08-03,03,0.8,9.3,5.0,27,29.1,3
かんねこ,2026-08-03,06,0.9,9.2,5.2,24,28.7,3
かんねこ,2026-08-03,09,0.9,8.9,6.0,38,28.4,3
かんねこ,2026-08-03,12,1.0,9.1,5.5,42,28.3,3
かんねこ,2026-08-03,15,1.0,10.0,5.9,52,28.3,3
かんねこ,2026-08-03,18,1.1,10.6,5.2,45,28.1,1
かんねこ,2026-08-03,21,1.2,10.9,5.7,33,27.8,2
海中公園沖,2026-08-03,00,1.8,10.4,4.9,12,27.7,3
海中公園沖,2026-08-03,03,2.0,11.1,5.4,10,27.6,3
海中公園沖,2026-08-03,06,2.1,10.8,6.2,20,27.5,51
海中公園沖,2026-08-03,09,2.3,10.4,6.8,27,27.5,3
海中公園沖,2026-08-03,12,2.4,10.2,6.1,30,27.5,51
海中公園沖,2026-08-03,15,2.6,10.8,7.0,38,27.5,2
海中公園沖,2026-08-03,18,2.9,11.1,6.1,32,27.5,1
海中公園沖,2026-08-03,21,3.1,11.4,6.6,24,27.4,3
真鶴西沖,2026-08-03,00,1.0,9.9,2.6,53,28.8,2
真鶴西沖,2026-08-03,03,1.1,10.7,3.2,45,28.5,3
真鶴西沖,2026-08-03,06,1.2,10.8,3.4,42,28.3,3
真鶴西沖,2026-08-03,09,1.4,10.8,4.5,43,28.2,51
真鶴西沖,2026-08-03,12,1.4,10.8,4.8,49,28.2,2
真鶴西沖,2026-08-03,15,1.5,11.2,5.1,53,28.2,3
真鶴西沖,2026-08-03,18,1.7,11.8,4.6,50,28.1,2
真鶴西沖,2026-08-03,21,1.8,12.0,4.5,40,28.0,1
真鶴沖,2026-08-03,00,1.0,9.9,2.6,53,28.8,2
真鶴沖,2026-08-03,03,1.1,10.7,3.2,45,28.5,3
真鶴沖,2026-08-03,06,1.2,10.8,3.4,42,28.3,3
真鶴沖,2026-08-03,09,1.4,10.8,4.5,43,28.2,51
真鶴沖,2026-08-03,12,1.4,10.8,4.8,49,28.2,2
真鶴沖,2026-08-03,15,1.5,11.2,5.1,53,28.2,3
真鶴沖,2026-08-03,18,1.7,11.8,4.6,50,28.1,2
真鶴沖,2026-08-03,21,1.8,12.0,4.5,40,28.0,1
勝浦灯台沖,2026-08-03,00,1.6,10.8,4.9,12,27.7,3
勝浦灯台沖,2026-08-03,03,1.8,11.6,5.4,10,27.6,3
勝浦灯台沖,2026-08-03,06,1.9,11.2,6.2,20,27.6,51
勝浦灯台沖,2026-08-03,09,2.1,10.8,6.8,27,27.7,3
勝浦灯台沖,2026-08-03,12,2.2,10.6,6.1,30,27.7,51
勝浦灯台沖,2026-08-03,15,2.3,11.1,7.0,38,27.7,2
勝浦灯台沖,2026-08-03,18,2.6,11.4,6.1,32,27.7,1
勝浦灯台沖,2026-08-03,21,2.8,11.7,6.6,24,27.6,3
勝浦沖,2026-08-03,00,1.6,10.8,4.9,12,27.7,3
勝浦沖,2026-08-03,03,1.8,11.6,5.4,10,27.6,3
勝浦沖,2026-08-03,06,1.9,11.2,6.2,20,27.6,51
勝浦沖,2026-08-03,09,2.1,10.8,6.8,27,27.7,3
勝浦沖,2026-08-03,12,2.2,10.6,6.1,30,27.7,51
勝浦沖,2026-08-03,15,2.3,11.1,7.0,38,27.7,2
勝浦沖,2026-08-03,18,2.6,11.4,6.1,32,27.7,1
勝浦沖,2026-08-03,21,2.8,11.7,6.6,24,27.6,3
富士山根,2026-08-03,00,0.8,9.9,6.3,30,29.3,51
富士山根,2026-08-03,03,0.8,11.0,6.4,32,29.1,3
富士山根,2026-08-03,06,1.0,10.9,6.7,29,28.9,51
富士山根,2026-08-03,09,1.0,10.6,7.1,32,28.7,51
富士山根,2026-08-03,12,1.1,10.8,6.7,37,28.7,3
富士山根,2026-08-03,15,1.2,11.5,6.9,41,28.7,3
富士山根,2026-08-03,18,1.3,12.1,6.5,41,28.5,1
富士山根,2026-08-03,21,1.4,12.4,7.1,37,28.3,2
川津沖,2026-08-03,00,1.5,10.1,5.3,10,27.7,3
川津沖,2026-08-03,03,1.7,10.6,5.6,10,27.6,51
川津沖,2026-08-03,06,1.9,10.2,6.2,20,27.5,51
川津沖,2026-08-03,09,2.0,10.2,7.1,27,27.5,3
川津沖,2026-08-03,12,2.1,9.9,6.4,29,27.5,51
川津沖,2026-08-03,15,2.3,10.2,7.2,35,27.5,3
川津沖,2026-08-03,18,2.5,10.6,6.4,33,27.5,1
川津沖,2026-08-03,21,2.6,10.9,6.9,27,27.4,3
下浦沖,2026-08-03,00,0.6,8.0,6.3,30,29.3,51
下浦沖,2026-08-03,03,0.7,8.6,6.4,32,28.9,3
下浦沖,2026-08-03,06,0.8,8.4,6.7,29,28.6,51
下浦沖,2026-08-03,09,0.8,8.2,7.1,32,28.5,51
下浦沖,2026-08-03,12,0.8,8.4,6.7,37,28.4,3
下浦沖,2026-08-03,15,0.9,9.3,6.9,41,28.4,3
下浦沖,2026-08-03,18,1.0,10.0,6.5,41,28.3,1
下浦沖,2026-08-03,21,1.0,10.5,7.1,37,28.1,2
興津沖,2026-08-03,00,1.5,10.1,5.3,10,27.7,3
興津沖,2026-08-03,03,1.7,10.6,5.6,10,27.6,51
興津沖,2026-08-03,06,1.9,10.2,6.2,20,27.5,51
興津沖,2026-08-03,09,2.0,10.2,7.1,27,27.5,3
興津沖,2026-08-03,12,2.1,9.9,6.4,29,27.5,51
興津沖,2026-08-03,15,2.3,10.2,7.2,35,27.5,3
興津沖,2026-08-03,18,2.5,10.6,6.4,33,27.5,1
興津沖,2026-08-03,21,2.6,10.9,6.9,27,27.4,3
長井西沖,2026-08-03,00,0.8,9.9,6.3,30,29.3,51
長井西沖,2026-08-03,03,0.8,11.0,6.4,32,29.1,3
長井西沖,2026-08-03,06,1.0,10.9,6.7,29,28.9,51
長井西沖,2026-08-03,09,1.0,10.6,7.1,32,28.7,51
長井西沖,2026-08-03,12,1.1,10.8,6.7,37,28.7,3
長井西沖,2026-08-03,15,1.2,11.5,6.9,41,28.7,3
長井西沖,2026-08-03,18,1.3,12.1,6.5,41,28.5,1
長井西沖,2026-08-03,21,1.4,12.4,7.1,37,28.3,2
長井沖,2026-08-03,00,0.7,8.8,6.3,30,29.5,51
長井沖,2026-08-03,03,0.8,9.6,6.4,32,29.2,3
長井沖,2026-08-03,06,0.8,9.4,6.7,29,29.0,51
長井沖,2026-08-03,09,0.9,9.2,7.1,32,28.8,51
長井沖,2026-08-03,12,0.9,9.3,6.7,37,28.7,3
長井沖,2026-08-03,15,1.0,10.2,6.9,41,28.6,3
長井沖,2026-08-03,18,1.1,10.8,6.5,41,28.5,1
長井沖,2026-08-03,21,1.2,11.3,7.1,37,28.3,2
三戸浜沖,2026-08-03,00,0.7,8.8,6.3,30,29.5,51
三戸浜沖,2026-08-03,03,0.8,9.6,6.4,32,29.2,3
三戸浜沖,2026-08-03,06,0.8,9.4,6.7,29,29.0,51
三戸浜沖,2026-08-03,09,0.9,9.2,7.1,32,28.8,51
三戸浜沖,2026-08-03,12,0.9,9.3,6.7,37,28.7,3
三戸浜沖,2026-08-03,15,1.0,10.2,6.9,41,28.6,3
三戸浜沖,2026-08-03,18,1.1,10.8,6.5,41,28.5,1
三戸浜沖,2026-08-03,21,1.2,11.3,7.1,37,28.3,2
金谷沖,2026-08-03,00,0.5,7.2,6.3,30,29.4,51
金谷沖,2026-08-03,03,0.6,7.7,6.4,32,29.0,3
金谷沖,2026-08-03,06,0.6,7.6,6.7,29,28.8,51
金谷沖,2026-08-03,09,0.7,7.2,7.1,32,28.6,51
金谷沖,2026-08-03,12,0.7,7.5,6.7,37,28.6,3
金谷沖,2026-08-03,15,0.7,8.3,6.9,41,28.5,3
金谷沖,2026-08-03,18,0.8,9.1,6.5,41,28.3,1
金谷沖,2026-08-03,21,0.9,9.7,7.1,37,28.1,2
佐島沖,2026-08-03,00,0.7,8.8,6.3,30,29.5,51
佐島沖,2026-08-03,03,0.8,9.6,6.4,32,29.2,3
佐島沖,2026-08-03,06,0.8,9.4,6.7,29,29.0,51
佐島沖,2026-08-03,09,0.9,9.2,7.1,32,28.8,51
佐島沖,2026-08-03,12,0.9,9.3,6.7,37,28.7,3
佐島沖,2026-08-03,15,1.0,10.2,6.9,41,28.6,3
佐島沖,2026-08-03,18,1.1,10.8,6.5,41,28.5,1
佐島沖,2026-08-03,21,1.2,11.3,7.1,37,28.3,2
小田原南沖,2026-08-03,00,0.8,10.8,2.6,53,29.0,2
小田原南沖,2026-08-03,03,0.9,11.8,3.2,45,28.7,3
小田原南沖,2026-08-03,06,1.0,11.9,3.4,42,28.6,3
小田原南沖,2026-08-03,09,1.1,11.7,4.5,43,28.5,51
小田原南沖,2026-08-03,12,1.2,11.6,4.8,49,28.5,2
小田原南沖,2026-08-03,15,1.3,11.8,5.1,53,28.5,3
小田原南沖,2026-08-03,18,1.4,12.4,4.6,50,28.4,2
小田原南沖,2026-08-03,21,1.6,12.8,4.5,40,28.3,1
瀬の海,2026-08-03,00,0.8,10.5,4.4,33,29.0,3
瀬の海,2026-08-03,03,1.0,11.6,4.2,27,28.6,3
瀬の海,2026-08-03,06,1.1,11.6,4.9,20,28.3,2
瀬の海,2026-08-03,09,1.2,11.3,5.4,26,28.2,3
瀬の海,2026-08-03,12,1.2,11.3,5.3,29,28.3,3
瀬の海,2026-08-03,15,1.3,11.8,5.3,42,28.3,3
瀬の海,2026-08-03,18,1.5,12.3,4.7,34,28.3,2
瀬の海,2026-08-03,21,1.6,12.7,5.0,30,28.2,3
秋谷沖,2026-08-03,00,0.8,9.9,6.3,30,29.3,51
秋谷沖,2026-08-03,03,0.8,11.0,6.4,32,29.1,3
秋谷沖,2026-08-03,06,1.0,10.9,6.7,29,28.9,51
秋谷沖,2026-08-03,09,1.0,10.6,7.1,32,28.7,51
秋谷沖,2026-08-03,12,1.1,10.8,6.7,37,28.7,3
秋谷沖,2026-08-03,15,1.2,11.5,6.9,41,28.7,3
秋谷沖,2026-08-03,18,1.3,12.1,6.5,41,28.5,1
秋谷沖,2026-08-03,21,1.4,12.4,7.1,37,28.3,2
竹岡沖,2026-08-03,00,0.5,7.2,6.0,37,29.4,3
竹岡沖,2026-08-03,03,0.6,7.7,5.9,34,29.0,3
竹岡沖,2026-08-03,06,0.6,7.6,6.1,31,28.8,51
竹岡沖,2026-08-03,09,0.7,7.2,6.8,35,28.6,51
竹岡沖,2026-08-03,12,0.7,7.5,6.0,39,28.6,3
竹岡沖,2026-08-03,15,0.7,8.3,6.5,45,28.5,3
竹岡沖,2026-08-03,18,0.8,9.1,5.8,45,28.3,1
竹岡沖,2026-08-03,21,0.9,9.7,6.3,39,28.1,3
部原沖,2026-08-03,00,1.6,10.8,4.9,12,27.7,3
部原沖,2026-08-03,03,1.8,11.6,5.4,10,27.6,3
部原沖,2026-08-03,06,1.9,11.2,6.2,20,27.6,51
部原沖,2026-08-03,09,2.1,10.8,6.8,27,27.7,3
部原沖,2026-08-03,12,2.2,10.6,6.1,30,27.7,51
部原沖,2026-08-03,15,2.3,11.1,7.0,38,27.7,2
部原沖,2026-08-03,18,2.6,11.4,6.1,32,27.7,1
部原沖,2026-08-03,21,2.8,11.7,6.6,24,27.6,3
小田原西沖,2026-08-03,00,0.8,10.8,2.6,53,29.0,2
小田原西沖,2026-08-03,03,0.9,11.8,3.2,45,28.7,3
小田原西沖,2026-08-03,06,1.0,11.9,3.4,42,28.6,3
小田原西沖,2026-08-03,09,1.1,11.7,4.5,43,28.5,51
小田原西沖,2026-08-03,12,1.2,11.6,4.8,49,28.5,2
小田原西沖,2026-08-03,15,1.3,11.8,5.1,53,28.5,3
小田原西沖,2026-08-03,18,1.4,12.4,4.6,50,28.4,2
小田原西沖,2026-08-03,21,1.6,12.8,4.5,40,28.3,1
小田原沖,2026-08-03,00,0.8,10.8,2.6,53,29.0,2
小田原沖,2026-08-03,03,0.9,11.8,3.2,45,28.7,3
小田原沖,2026-08-03,06,1.0,11.9,3.4,42,28.6,3
小田原沖,2026-08-03,09,1.1,11.7,4.5,43,28.5,51
小田原沖,2026-08-03,12,1.2,11.6,4.8,49,28.5,2
小田原沖,2026-08-03,15,1.3,11.8,5.1,53,28.5,3
小田原沖,2026-08-03,18,1.4,12.4,4.6,50,28.4,2
小田原沖,2026-08-03,21,1.6,12.8,4.5,40,28.3,1
小田原東沖,2026-08-03,00,0.8,10.8,2.6,53,29.0,2
小田原東沖,2026-08-03,03,0.9,11.8,3.2,45,28.7,3
小田原東沖,2026-08-03,06,1.0,11.9,3.4,42,28.6,3
小田原東沖,2026-08-03,09,1.1,11.7,4.5,43,28.5,51
小田原東沖,2026-08-03,12,1.2,11.6,4.8,49,28.5,2
小田原東沖,2026-08-03,15,1.3,11.8,5.1,53,28.5,3
小田原東沖,2026-08-03,18,1.4,12.4,4.6,50,28.4,2
小田原東沖,2026-08-03,21,1.6,12.8,4.5,40,28.3,1
久里浜沖,2026-08-03,00,0.6,8.0,6.3,30,29.3,51
久里浜沖,2026-08-03,03,0.7,8.6,6.4,32,28.9,3
久里浜沖,2026-08-03,06,0.8,8.4,6.7,29,28.6,51
久里浜沖,2026-08-03,09,0.8,8.2,7.1,32,28.5,51
久里浜沖,2026-08-03,12,0.8,8.4,6.7,37,28.4,3
久里浜沖,2026-08-03,15,0.9,9.3,6.9,41,28.4,3
久里浜沖,2026-08-03,18,1.0,10.0,6.5,41,28.3,1
久里浜沖,2026-08-03,21,1.0,10.5,7.1,37,28.1,2
国府津沖,2026-08-03,00,0.8,10.8,2.6,58,29.0,3
国府津沖,2026-08-03,03,0.9,11.8,3.0,36,28.7,2
国府津沖,2026-08-03,06,1.0,11.9,3.5,33,28.6,2
国府津沖,2026-08-03,09,1.1,11.7,4.2,32,28.5,2
国府津沖,2026-08-03,12,1.2,11.6,4.2,43,28.5,2
国府津沖,2026-08-03,15,1.3,11.8,4.5,47,28.5,3
国府津沖,2026-08-03,18,1.4,12.4,3.6,42,28.4,2
国府津沖,2026-08-03,21,1.6,12.8,3.7,36,28.3,3
葉山南沖,2026-08-03,00,0.5,9.6,6.3,30,29.8,51
葉山南沖,2026-08-03,03,0.6,10.7,6.4,32,29.5,3
葉山南沖,2026-08-03,06,0.7,10.7,6.7,29,29.3,51
葉山南沖,2026-08-03,09,0.7,10.4,7.1,32,29.1,51
葉山南沖,2026-08-03,12,0.7,10.6,6.7,37,29.0,3
葉山南沖,2026-08-03,15,0.8,11.3,6.9,41,29.0,3
葉山南沖,2026-08-03,18,0.9,11.9,6.5,41,28.9,1
葉山南沖,2026-08-03,21,1.0,12.4,7.1,37,28.7,2
エボシ沖,2026-08-03,00,0.5,9.6,6.3,30,29.8,51
エボシ沖,2026-08-03,03,0.6,10.7,6.4,32,29.5,3
エボシ沖,2026-08-03,06,0.7,10.7,6.7,29,29.3,51
エボシ沖,2026-08-03,09,0.7,10.4,7.1,32,29.1,51
エボシ沖,2026-08-03,12,0.7,10.6,6.7,37,29.0,3
エボシ沖,2026-08-03,15,0.8,11.3,6.9,41,29.0,3
エボシ沖,2026-08-03,18,0.9,11.9,6.5,41,28.9,1
エボシ沖,2026-08-03,21,1.0,12.4,7.1,37,28.7,2
観音崎沖ｍ,2026-08-03,00,0.4,6.2,6.3,30,29.1,51
観音崎沖ｍ,2026-08-03,03,0.5,6.7,6.4,32,28.8,3
観音崎沖ｍ,2026-08-03,06,0.5,6.6,6.7,29,28.6,51
観音崎沖ｍ,2026-08-03,09,0.6,6.4,7.1,32,28.5,51
観音崎沖ｍ,2026-08-03,12,0.6,6.6,6.7,37,28.5,3
観音崎沖ｍ,2026-08-03,15,0.6,7.2,6.9,41,28.6,3
観音崎沖ｍ,2026-08-03,18,0.7,7.9,6.5,41,28.5,1
観音崎沖ｍ,2026-08-03,21,0.7,8.5,7.1,37,28.4,2
浦賀沖,2026-08-03,00,0.4,6.2,6.3,30,29.1,51
浦賀沖,2026-08-03,03,0.5,6.7,6.4,32,28.8,3
浦賀沖,2026-08-03,06,0.5,6.6,6.7,29,28.6,51
浦賀沖,2026-08-03,09,0.6,6.4,7.1,32,28.5,51
浦賀沖,2026-08-03,12,0.6,6.6,6.7,37,28.5,3
浦賀沖,2026-08-03,15,0.6,7.2,6.9,41,28.6,3
浦賀沖,2026-08-03,18,0.7,7.9,6.5,41,28.5,1
浦賀沖,2026-08-03,21,0.7,8.5,7.1,37,28.4,2
鎌倉沖,2026-08-03,00,0.5,9.6,4.0,22,29.8,51
鎌倉沖,2026-08-03,03,0.6,10.7,4.0,23,29.5,3
鎌倉沖,2026-08-03,06,0.7,10.7,4.4,16,29.3,3
鎌倉沖,2026-08-03,09,0.7,10.4,5.0,27,29.1,3
鎌倉沖,2026-08-03,12,0.7,10.6,4.7,28,29.0,3
鎌倉沖,2026-08-03,15,0.8,11.3,4.8,44,29.0,3
鎌倉沖,2026-08-03,18,0.9,11.9,4.4,37,28.9,1
鎌倉沖,2026-08-03,21,1.0,12.4,4.6,33,28.7,2
葉山沖,2026-08-03,00,0.5,9.6,4.7,29,29.8,51
葉山沖,2026-08-03,03,0.6,10.7,4.8,31,29.5,51
葉山沖,2026-08-03,06,0.7,10.7,5.0,26,29.3,51
葉山沖,2026-08-03,09,0.7,10.4,5.7,31,29.1,51
葉山沖,2026-08-03,12,0.7,10.6,5.2,38,29.0,51
葉山沖,2026-08-03,15,0.8,11.3,5.7,43,29.0,3
葉山沖,2026-08-03,18,0.9,11.9,5.3,41,28.9,1
葉山沖,2026-08-03,21,1.0,12.4,5.5,37,28.7,2
大貫沖,2026-08-03,00,0.4,5.5,6.0,37,29.2,3
大貫沖,2026-08-03,03,0.4,5.8,5.9,34,28.9,3
大貫沖,2026-08-03,06,0.5,5.7,6.1,31,28.6,51
大貫沖,2026-08-03,09,0.6,5.4,6.8,35,28.4,51
大貫沖,2026-08-03,12,0.6,5.6,6.0,39,28.4,3
大貫沖,2026-08-03,15,0.6,6.2,6.5,45,28.5,3
大貫沖,2026-08-03,18,0.6,6.8,5.8,45,28.4,1
大貫沖,2026-08-03,21,0.7,7.5,6.3,39,28.2,3
大原沖,2026-08-03,00,1.6,10.1,5.3,10,28.0,3
大原沖,2026-08-03,03,1.7,10.5,5.6,10,27.8,51
大原沖,2026-08-03,06,1.9,10.2,6.2,20,27.6,51
大原沖,2026-08-03,09,2.0,10.2,7.1,27,27.4,3
大原沖,2026-08-03,12,2.1,9.9,6.4,29,27.2,51
大原沖,2026-08-03,15,2.3,10.3,7.2,35,27.1,3
大原沖,2026-08-03,18,2.4,10.8,6.4,33,26.9,1
大原沖,2026-08-03,21,2.6,11.1,6.9,27,26.7,3
江の島沖,2026-08-03,00,0.6,10.4,4.0,22,29.4,51
江の島沖,2026-08-03,03,0.7,11.7,4.0,23,29.1,3
江の島沖,2026-08-03,06,0.8,11.7,4.4,16,28.9,3
江の島沖,2026-08-03,09,0.8,11.4,5.0,27,28.7,3
江の島沖,2026-08-03,12,0.9,11.5,4.7,28,28.7,3
江の島沖,2026-08-03,15,0.9,12.1,4.8,44,28.8,3
江の島沖,2026-08-03,18,1.0,12.6,4.4,37,28.7,1
江の島沖,2026-08-03,21,1.1,13.1,4.6,33,28.5,2
小坪沖,2026-08-03,00,0.5,9.6,4.7,29,29.8,51
小坪沖,2026-08-03,03,0.6,10.7,4.8,31,29.5,51
小坪沖,2026-08-03,06,0.7,10.7,5.0,26,29.3,51
小坪沖,2026-08-03,09,0.7,10.4,5.7,31,29.1,51
小坪沖,2026-08-03,12,0.7,10.6,5.2,38,29.0,51
小坪沖,2026-08-03,15,0.8,11.3,5.7,43,29.0,3
小坪沖,2026-08-03,18,0.9,11.9,5.3,41,28.9,1
小坪沖,2026-08-03,21,1.0,12.4,5.5,37,28.7,2
横須賀沖,2026-08-03,00,0.4,6.2,6.3,30,29.1,51
横須賀沖,2026-08-03,03,0.5,6.7,6.4,32,28.8,3
横須賀沖,2026-08-03,06,0.5,6.6,6.7,29,28.6,51
横須賀沖,2026-08-03,09,0.6,6.4,7.1,32,28.5,51
横須賀沖,2026-08-03,12,0.6,6.6,6.7,37,28.5,3
横須賀沖,2026-08-03,15,0.6,7.2,6.9,41,28.6,3
横須賀沖,2026-08-03,18,0.7,7.9,6.5,41,28.5,1
横須賀沖,2026-08-03,21,0.7,8.5,7.1,37,28.4,2
観音崎沖～横須賀沖,2026-08-03,00,0.4,6.2,6.3,30,29.1,51
観音崎沖～横須賀沖,2026-08-03,03,0.5,6.7,6.4,32,28.8,3
観音崎沖～横須賀沖,2026-08-03,06,0.5,6.6,6.7,29,28.6,51
観音崎沖～横須賀沖,2026-08-03,09,0.6,6.4,7.1,32,28.5,51
観音崎沖～横須賀沖,2026-08-03,12,0.6,6.6,6.7,37,28.5,3
観音崎沖～横須賀沖,2026-08-03,15,0.6,7.2,6.9,41,28.6,3
観音崎沖～横須賀沖,2026-08-03,18,0.7,7.9,6.5,41,28.5,1
観音崎沖～横須賀沖,2026-08-03,21,0.7,8.5,7.1,37,28.4,2
観音崎沖,2026-08-03,00,0.4,6.2,6.3,30,29.1,51
観音崎沖,2026-08-03,03,0.5,6.7,6.4,32,28.8,3
観音崎沖,2026-08-03,06,0.5,6.6,6.7,29,28.6,51
観音崎沖,2026-08-03,09,0.6,6.4,7.1,32,28.5,51
観音崎沖,2026-08-03,12,0.6,6.6,6.7,37,28.5,3
観音崎沖,2026-08-03,15,0.6,7.2,6.9,41,28.6,3
観音崎沖,2026-08-03,18,0.7,7.9,6.5,41,28.5,1
観音崎沖,2026-08-03,21,0.7,8.5,7.1,37,28.4,2
富津南沖,2026-08-03,00,0.4,5.5,6.0,37,29.2,3
富津南沖,2026-08-03,03,0.4,5.8,5.9,34,28.9,3
富津南沖,2026-08-03,06,0.5,5.7,6.1,31,28.6,51
富津南沖,2026-08-03,09,0.6,5.4,6.8,35,28.4,51
富津南沖,2026-08-03,12,0.6,5.6,6.0,39,28.4,3
富津南沖,2026-08-03,15,0.6,6.2,6.5,45,28.5,3
富津南沖,2026-08-03,18,0.6,6.8,5.8,45,28.4,1
富津南沖,2026-08-03,21,0.7,7.5,6.3,39,28.2,3
大貫沖～猿島沖,2026-08-03,00,0.4,6.2,6.3,30,29.1,51
大貫沖～猿島沖,2026-08-03,03,0.5,6.7,6.4,32,28.8,3
大貫沖～猿島沖,2026-08-03,06,0.5,6.6,6.7,29,28.6,51
大貫沖～猿島沖,2026-08-03,09,0.6,6.4,7.1,32,28.5,51
大貫沖～猿島沖,2026-08-03,12,0.6,6.6,6.7,37,28.5,3
大貫沖～猿島沖,2026-08-03,15,0.6,7.2,6.9,41,28.6,3
大貫沖～猿島沖,2026-08-03,18,0.7,7.9,6.5,41,28.5,1
大貫沖～猿島沖,2026-08-03,21,0.7,8.5,7.1,37,28.4,2
二宮沖,2026-08-03,00,0.6,10.8,2.6,58,29.3,3
二宮沖,2026-08-03,03,0.7,12.2,3.0,36,29.0,2
二宮沖,2026-08-03,06,0.8,12.6,3.5,33,28.8,2
二宮沖,2026-08-03,09,0.8,12.2,4.2,32,28.7,2
二宮沖,2026-08-03,12,0.9,12.1,4.2,43,28.8,2
二宮沖,2026-08-03,15,1.0,12.3,4.5,47,28.8,3
二宮沖,2026-08-03,18,1.1,12.9,3.6,42,28.7,2
二宮沖,2026-08-03,21,1.2,13.2,3.7,36,28.6,3
小坪西沖,2026-08-03,00,0.5,9.6,4.0,22,29.8,51
小坪西沖,2026-08-03,03,0.6,10.7,4.0,23,29.5,3
小坪西沖,2026-08-03,06,0.7,10.7,4.4,16,29.3,3
小坪西沖,2026-08-03,09,0.7,10.4,5.0,27,29.1,3
小坪西沖,2026-08-03,12,0.7,10.6,4.7,28,29.0,3
小坪西沖,2026-08-03,15,0.8,11.3,4.8,44,29.0,3
小坪西沖,2026-08-03,18,0.9,11.9,4.4,37,28.9,1
小坪西沖,2026-08-03,21,1.0,12.4,4.6,33,28.7,2
大津沖,2026-08-03,00,0.4,7.7,6.3,30,29.1,51
大津沖,2026-08-03,03,0.5,8.4,6.4,32,28.8,3
大津沖,2026-08-03,06,0.6,8.4,6.7,29,28.6,51
大津沖,2026-08-03,09,0.6,8.2,7.1,32,28.5,51
大津沖,2026-08-03,12,0.6,8.4,6.7,37,28.5,3
大津沖,2026-08-03,15,0.7,9.2,6.9,41,28.6,3
大津沖,2026-08-03,18,0.7,9.9,6.5,41,28.5,1
大津沖,2026-08-03,21,0.8,10.5,7.1,37,28.4,2
木更津沖～竹岡沖,2026-08-03,00,0.4,5.5,6.0,37,29.4,3
木更津沖～竹岡沖,2026-08-03,03,0.4,5.8,5.9,34,29.3,3
木更津沖～竹岡沖,2026-08-03,06,0.5,5.7,6.1,31,29.2,51
木更津沖～竹岡沖,2026-08-03,09,0.6,5.4,6.8,35,29.1,51
木更津沖～竹岡沖,2026-08-03,12,0.6,5.6,6.0,39,29.1,3
木更津沖～竹岡沖,2026-08-03,15,0.6,6.2,6.5,45,29.1,3
木更津沖～竹岡沖,2026-08-03,18,0.6,6.8,5.8,45,29.0,1
木更津沖～竹岡沖,2026-08-03,21,0.7,7.5,6.3,39,28.8,3
平塚西沖,2026-08-03,00,0.6,10.8,2.6,58,29.3,3
平塚西沖,2026-08-03,03,0.7,12.2,3.0,36,29.0,2
平塚西沖,2026-08-03,06,0.8,12.6,3.5,33,28.8,2
平塚西沖,2026-08-03,09,0.8,12.2,4.2,32,28.7,2
平塚西沖,2026-08-03,12,0.9,12.1,4.2,43,28.8,2
平塚西沖,2026-08-03,15,1.0,12.3,4.5,47,28.8,3
平塚西沖,2026-08-03,18,1.1,12.9,3.6,42,28.7,2
平塚西沖,2026-08-03,21,1.2,13.2,3.7,36,28.6,3
大磯沖,2026-08-03,00,0.6,10.8,4.4,33,29.3,3
大磯沖,2026-08-03,03,0.7,12.2,4.2,27,29.0,3
大磯沖,2026-08-03,06,0.8,12.6,4.9,20,28.8,2
大磯沖,2026-08-03,09,0.8,12.2,5.4,26,28.7,3
大磯沖,2026-08-03,12,0.9,12.1,5.3,29,28.8,3
大磯沖,2026-08-03,15,1.0,12.3,5.3,42,28.8,3
大磯沖,2026-08-03,18,1.1,12.9,4.7,34,28.7,2
大磯沖,2026-08-03,21,1.2,13.2,5.0,30,28.6,3
平塚東沖,2026-08-03,00,0.6,10.9,4.4,33,29.4,3
平塚東沖,2026-08-03,03,0.7,12.2,4.2,27,29.0,3
平塚東沖,2026-08-03,06,0.8,12.3,4.9,20,28.8,2
平塚東沖,2026-08-03,09,0.9,12.0,5.4,26,28.6,3
平塚東沖,2026-08-03,12,0.9,11.9,5.3,29,28.6,3
平塚東沖,2026-08-03,15,1.0,12.4,5.3,42,28.7,3
平塚東沖,2026-08-03,18,1.1,12.9,4.7,34,28.6,2
平塚東沖,2026-08-03,21,1.2,13.3,5.0,30,28.5,3
茅ヶ崎西沖,2026-08-03,00,0.6,10.9,4.4,33,29.4,3
茅ヶ崎西沖,2026-08-03,03,0.7,12.2,4.2,27,29.0,3
茅ヶ崎西沖,2026-08-03,06,0.8,12.3,4.9,20,28.8,2
茅ヶ崎西沖,2026-08-03,09,0.9,12.0,5.4,26,28.6,3
茅ヶ崎西沖,2026-08-03,12,0.9,11.9,5.3,29,28.6,3
茅ヶ崎西沖,2026-08-03,15,1.0,12.4,5.3,42,28.7,3
茅ヶ崎西沖,2026-08-03,18,1.1,12.9,4.7,34,28.6,2
茅ヶ崎西沖,2026-08-03,21,1.2,13.3,5.0,30,28.5,3
大磯東沖,2026-08-03,00,0.6,10.9,4.4,33,29.4,3
大磯東沖,2026-08-03,03,0.7,12.2,4.2,27,29.0,3
大磯東沖,2026-08-03,06,0.8,12.3,4.9,20,28.8,2
大磯東沖,2026-08-03,09,0.9,12.0,5.4,26,28.6,3
大磯東沖,2026-08-03,12,0.9,11.9,5.3,29,28.6,3
大磯東沖,2026-08-03,15,1.0,12.4,5.3,42,28.7,3
大磯東沖,2026-08-03,18,1.1,12.9,4.7,34,28.6,2
大磯東沖,2026-08-03,21,1.2,13.3,5.0,30,28.5,3
茅ヶ崎沖,2026-08-03,00,0.6,10.9,4.4,33,29.4,3
茅ヶ崎沖,2026-08-03,03,0.7,12.2,4.2,27,29.0,3
茅ヶ崎沖,2026-08-03,06,0.8,12.3,4.9,20,28.8,2
茅ヶ崎沖,2026-08-03,09,0.9,12.0,5.4,26,28.6,3
茅ヶ崎沖,2026-08-03,12,0.9,11.9,5.3,29,28.6,3
茅ヶ崎沖,2026-08-03,15,1.0,12.4,5.3,42,28.7,3
茅ヶ崎沖,2026-08-03,18,1.1,12.9,4.7,34,28.6,2
茅ヶ崎沖,2026-08-03,21,1.2,13.3,5.0,30,28.5,3
茅ヶ崎東沖,2026-08-03,00,0.6,10.4,4.0,22,29.4,51
茅ヶ崎東沖,2026-08-03,03,0.7,11.7,4.0,23,29.1,3
茅ヶ崎東沖,2026-08-03,06,0.8,11.7,4.4,16,28.9,3
茅ヶ崎東沖,2026-08-03,09,0.8,11.4,5.0,27,28.7,3
茅ヶ崎東沖,2026-08-03,12,0.9,11.5,4.7,28,28.7,3
茅ヶ崎東沖,2026-08-03,15,0.9,12.1,4.8,44,28.8,3
茅ヶ崎東沖,2026-08-03,18,1.0,12.6,4.4,37,28.7,1
茅ヶ崎東沖,2026-08-03,21,1.1,13.1,4.6,33,28.5,2
猿島沖,2026-08-03,00,0.4,6.2,6.3,30,29.1,51
猿島沖,2026-08-03,03,0.5,6.7,6.4,32,28.8,3
猿島沖,2026-08-03,06,0.5,6.6,6.7,29,28.6,51
猿島沖,2026-08-03,09,0.6,6.4,7.1,32,28.5,51
猿島沖,2026-08-03,12,0.6,6.6,6.7,37,28.5,3
猿島沖,2026-08-03,15,0.6,7.2,6.9,41,28.6,3
猿島沖,2026-08-03,18,0.7,7.9,6.5,41,28.5,1
猿島沖,2026-08-03,21,0.7,8.5,7.1,37,28.4,2
走水沖,2026-08-03,00,0.4,5.5,6.0,37,29.2,3
走水沖,2026-08-03,03,0.4,5.8,5.9,34,28.9,3
走水沖,2026-08-03,06,0.5,5.7,6.1,31,28.6,51
走水沖,2026-08-03,09,0.6,5.4,6.8,35,28.4,51
走水沖,2026-08-03,12,0.6,5.6,6.0,39,28.4,3
走水沖,2026-08-03,15,0.6,6.2,6.5,45,28.5,3
走水沖,2026-08-03,18,0.6,6.8,5.8,45,28.4,1
走水沖,2026-08-03,21,0.7,7.5,6.3,39,28.2,3
海堡沖～竹岡沖,2026-08-03,00,0.4,5.5,6.0,37,29.2,3
海堡沖～竹岡沖,2026-08-03,03,0.4,5.8,5.9,34,28.9,3
海堡沖～竹岡沖,2026-08-03,06,0.5,5.7,6.1,31,28.6,51
海堡沖～竹岡沖,2026-08-03,09,0.6,5.4,6.8,35,28.4,51
海堡沖～竹岡沖,2026-08-03,12,0.6,5.6,6.0,39,28.4,3
海堡沖～竹岡沖,2026-08-03,15,0.6,6.2,6.5,45,28.5,3
海堡沖～竹岡沖,2026-08-03,18,0.6,6.8,5.8,45,28.4,1
海堡沖～竹岡沖,2026-08-03,21,0.7,7.5,6.3,39,28.2,3
太東沖,2026-08-03,00,1.6,10.1,5.2,14,25.9,51
太東沖,2026-08-03,03,1.7,10.5,5.3,16,25.7,51
太東沖,2026-08-03,06,1.9,10.2,5.8,17,25.6,51
太東沖,2026-08-03,09,2.0,10.2,7.4,32,25.4,3
太東沖,2026-08-03,12,2.1,9.9,6.6,38,25.4,2
太東沖,2026-08-03,15,2.3,10.3,7.0,40,25.3,3
太東沖,2026-08-03,18,2.4,10.8,6.2,38,25.3,1
太東沖,2026-08-03,21,2.6,11.1,6.7,32,25.3,3
海堡沖,2026-08-03,00,0.4,5.5,6.0,37,29.2,3
海堡沖,2026-08-03,03,0.4,5.8,5.9,34,28.9,3
海堡沖,2026-08-03,06,0.5,5.7,6.1,31,28.6,51
海堡沖,2026-08-03,09,0.6,5.4,6.8,35,28.4,51
海堡沖,2026-08-03,12,0.6,5.6,6.0,39,28.4,3
海堡沖,2026-08-03,15,0.6,6.2,6.5,45,28.5,3
海堡沖,2026-08-03,18,0.6,6.8,5.8,45,28.4,1
海堡沖,2026-08-03,21,0.7,7.5,6.3,39,28.2,3
富津沖,2026-08-03,00,0.4,5.5,6.0,37,29.2,3
富津沖,2026-08-03,03,0.4,5.8,5.9,34,28.9,3
富津沖,2026-08-03,06,0.5,5.7,6.1,31,28.6,51
富津沖,2026-08-03,09,0.6,5.4,6.8,35,28.4,51
富津沖,2026-08-03,12,0.6,5.6,6.0,39,28.4,3
富津沖,2026-08-03,15,0.6,6.2,6.5,45,28.5,3
富津沖,2026-08-03,18,0.6,6.8,5.8,45,28.4,1
富津沖,2026-08-03,21,0.7,7.5,6.3,39,28.2,3
港前,2026-08-03,00,0.4,7.7,4.7,29,29.8,51
港前,2026-08-03,03,0.5,8.4,4.8,31,29.5,51
港前,2026-08-03,06,0.6,8.4,5.0,26,29.3,51
港前,2026-08-03,09,0.6,8.2,5.7,31,29.1,51
港前,2026-08-03,12,0.6,8.4,5.2,38,29.0,51
港前,2026-08-03,15,0.7,9.2,5.7,43,29.0,3
港前,2026-08-03,18,0.7,9.9,5.3,41,28.9,1
港前,2026-08-03,21,0.8,10.5,5.5,37,28.7,2
鴨居沖,2026-08-03,00,0.4,7.7,4.7,29,29.2,51
鴨居沖,2026-08-03,03,0.5,8.4,4.8,31,29.0,51
鴨居沖,2026-08-03,06,0.6,8.4,5.0,26,28.8,51
鴨居沖,2026-08-03,09,0.6,8.2,5.7,31,28.6,51
鴨居沖,2026-08-03,12,0.6,8.4,5.2,38,28.6,51
鴨居沖,2026-08-03,15,0.7,9.2,5.7,43,28.6,3
鴨居沖,2026-08-03,18,0.7,9.9,5.3,41,28.4,1
鴨居沖,2026-08-03,21,0.8,10.5,5.5,37,28.3,2
木更津沖～富津沖,2026-08-03,00,0.3,4.1,6.0,37,29.5,3
木更津沖～富津沖,2026-08-03,03,0.4,4.2,5.9,34,29.3,3
木更津沖～富津沖,2026-08-03,06,0.5,4.2,6.1,31,29.1,51
木更津沖～富津沖,2026-08-03,09,0.5,4.0,6.8,35,28.9,51
木更津沖～富津沖,2026-08-03,12,0.6,4.2,6.0,39,28.8,3
木更津沖～富津沖,2026-08-03,15,0.6,4.5,6.5,45,28.6,3
木更津沖～富津沖,2026-08-03,18,0.6,4.8,5.8,45,28.4,1
木更津沖～富津沖,2026-08-03,21,0.6,5.4,6.3,39,28.1,3
横浜沖～観音崎沖,2026-08-03,00,0.4,6.2,6.3,30,29.2,51
横浜沖～観音崎沖,2026-08-03,03,0.5,6.7,6.4,32,29.0,3
横浜沖～観音崎沖,2026-08-03,06,0.5,6.6,6.7,29,28.8,51
横浜沖～観音崎沖,2026-08-03,09,0.6,6.4,7.1,32,28.6,51
横浜沖～観音崎沖,2026-08-03,12,0.6,6.6,6.7,37,28.6,3
横浜沖～観音崎沖,2026-08-03,15,0.6,7.2,6.9,41,28.6,3
横浜沖～観音崎沖,2026-08-03,18,0.7,7.9,6.5,41,28.4,1
横浜沖～観音崎沖,2026-08-03,21,0.7,8.5,7.1,37,28.3,2
中ノ瀬周り,2026-08-03,00,0.4,6.2,6.3,30,29.2,51
中ノ瀬周り,2026-08-03,03,0.5,6.7,6.4,32,29.0,3
中ノ瀬周り,2026-08-03,06,0.5,6.6,6.7,29,28.8,51
中ノ瀬周り,2026-08-03,09,0.6,6.4,7.1,32,28.6,51
中ノ瀬周り,2026-08-03,12,0.6,6.6,6.7,37,28.6,3
中ノ瀬周り,2026-08-03,15,0.6,7.2,6.9,41,28.6,3
中ノ瀬周り,2026-08-03,18,0.7,7.9,6.5,41,28.4,1
中ノ瀬周り,2026-08-03,21,0.7,8.5,7.1,37,28.3,2
鴨井沖,2026-08-03,00,1.7,10.2,9.3,10,25.8,51
鴨井沖,2026-08-03,03,1.9,10.6,10.5,17,25.7,3
鴨井沖,2026-08-03,06,2.1,10.3,10.4,25,25.6,3
鴨井沖,2026-08-03,09,2.2,10.2,11.5,27,25.5,3
鴨井沖,2026-08-03,12,2.3,10.0,10.4,30,25.5,1
鴨井沖,2026-08-03,15,2.5,10.5,11.1,35,25.5,3
鴨井沖,2026-08-03,18,2.6,10.9,10.6,34,25.4,1
鴨井沖,2026-08-03,21,2.8,11.2,11.1,32,25.4,3
富津沖～海堡,2026-08-03,00,0.3,4.1,6.0,37,28.9,3
富津沖～海堡,2026-08-03,03,0.4,4.2,5.9,34,28.7,3
富津沖～海堡,2026-08-03,06,0.5,4.2,6.1,31,28.5,51
富津沖～海堡,2026-08-03,09,0.5,4.0,6.8,35,28.3,51
富津沖～海堡,2026-08-03,12,0.6,4.2,6.0,39,28.2,3
富津沖～海堡,2026-08-03,15,0.6,4.5,6.5,45,28.1,3
富津沖～海堡,2026-08-03,18,0.6,4.8,5.8,45,27.9,1
富津沖～海堡,2026-08-03,21,0.6,5.4,6.3,39,27.6,3
富岡沖,2026-08-03,00,0.4,7.7,4.7,29,29.2,51
富岡沖,2026-08-03,03,0.5,8.4,4.8,31,29.0,51
富岡沖,2026-08-03,06,0.6,8.4,5.0,26,28.8,51
富岡沖,2026-08-03,09,0.6,8.2,5.7,31,28.6,51
富岡沖,2026-08-03,12,0.6,8.4,5.2,38,28.6,51
富岡沖,2026-08-03,15,0.7,9.2,5.7,43,28.6,3
富岡沖,2026-08-03,18,0.7,9.9,5.3,41,28.4,1
富岡沖,2026-08-03,21,0.8,10.5,5.5,37,28.3,2
小柴沖,2026-08-03,00,0.4,7.7,4.7,29,29.2,51
小柴沖,2026-08-03,03,0.5,8.4,4.8,31,29.0,51
小柴沖,2026-08-03,06,0.6,8.4,5.0,26,28.8,51
小柴沖,2026-08-03,09,0.6,8.2,5.7,31,28.6,51
小柴沖,2026-08-03,12,0.6,8.4,5.2,38,28.6,51
小柴沖,2026-08-03,15,0.7,9.2,5.7,43,28.6,3
小柴沖,2026-08-03,18,0.7,9.9,5.3,41,28.4,1
小柴沖,2026-08-03,21,0.8,10.5,5.5,37,28.3,2
木更津沖～富岡沖,2026-08-03,00,0.3,4.1,6.0,37,29.2,3
木更津沖～富岡沖,2026-08-03,03,0.4,4.2,5.9,34,29.0,3
木更津沖～富岡沖,2026-08-03,06,0.5,4.2,6.1,31,28.8,51
木更津沖～富岡沖,2026-08-03,09,0.5,4.0,6.8,35,28.6,51
木更津沖～富岡沖,2026-08-03,12,0.6,4.2,6.0,39,28.6,3
木更津沖～富岡沖,2026-08-03,15,0.6,4.5,6.5,45,28.6,3
木更津沖～富岡沖,2026-08-03,18,0.6,4.8,5.8,45,28.4,1
木更津沖～富岡沖,2026-08-03,21,0.6,5.4,6.3,39,28.3,3
八景沖,2026-08-03,00,0.4,7.7,4.7,29,29.2,51
八景沖,2026-08-03,03,0.5,8.4,4.8,31,29.0,51
八景沖,2026-08-03,06,0.6,8.4,5.0,26,28.8,51
八景沖,2026-08-03,09,0.6,8.2,5.7,31,28.6,51
八景沖,2026-08-03,12,0.6,8.4,5.2,38,28.6,51
八景沖,2026-08-03,15,0.7,9.2,5.7,43,28.6,3
八景沖,2026-08-03,18,0.7,9.9,5.3,41,28.4,1
八景沖,2026-08-03,21,0.8,10.5,5.5,37,28.3,2
長浦沖,2026-08-03,00,0.3,4.1,6.0,37,29.5,3
長浦沖,2026-08-03,03,0.4,4.2,5.9,34,29.3,3
長浦沖,2026-08-03,06,0.5,4.2,6.1,31,29.1,51
長浦沖,2026-08-03,09,0.5,4.0,6.8,35,28.9,51
長浦沖,2026-08-03,12,0.6,4.2,6.0,39,28.8,3
長浦沖,2026-08-03,15,0.6,4.5,6.5,45,28.6,3
長浦沖,2026-08-03,18,0.6,4.8,5.8,45,28.4,1
長浦沖,2026-08-03,21,0.6,5.4,6.3,39,28.1,3
木更津沖,2026-08-03,00,0.3,4.1,7.0,38,29.5,51
木更津沖,2026-08-03,03,0.4,4.2,6.6,35,29.3,3
木更津沖,2026-08-03,06,0.5,4.2,7.0,30,29.1,51
木更津沖,2026-08-03,09,0.5,4.0,7.7,37,28.9,3
木更津沖,2026-08-03,12,0.6,4.2,6.2,42,28.8,51
木更津沖,2026-08-03,15,0.6,4.5,7.6,47,28.6,3
木更津沖,2026-08-03,18,0.6,4.8,6.9,46,28.4,2
木更津沖,2026-08-03,21,0.6,5.4,6.9,42,28.1,3
一宮沖,2026-08-03,00,1.4,10.2,5.2,14,25.8,51
一宮沖,2026-08-03,03,1.5,10.7,5.3,16,25.7,51
一宮沖,2026-08-03,06,1.7,10.4,5.8,17,25.6,51
一宮沖,2026-08-03,09,1.8,10.2,7.4,32,25.5,3
一宮沖,2026-08-03,12,1.8,9.9,6.6,38,25.5,2
一宮沖,2026-08-03,15,2.0,10.4,7.0,40,25.5,3
一宮沖,2026-08-03,18,2.2,10.9,6.2,38,25.4,1
一宮沖,2026-08-03,21,2.3,11.1,6.7,32,25.4,3
横浜沖周り,2026-08-03,00,0.4,6.2,3.6,35,29.2,51
横浜沖周り,2026-08-03,03,0.5,6.7,3.8,29,29.0,3
横浜沖周り,2026-08-03,06,0.5,6.6,3.7,22,28.8,3
横浜沖周り,2026-08-03,09,0.6,6.4,4.7,32,28.6,3
横浜沖周り,2026-08-03,12,0.6,6.6,4.3,36,28.6,3
横浜沖周り,2026-08-03,15,0.6,7.2,5.0,48,28.6,3
横浜沖周り,2026-08-03,18,0.7,7.9,4.4,44,28.4,2
横浜沖周り,2026-08-03,21,0.7,8.5,4.2,35,28.3,3
本牧沖~富岡沖,2026-08-03,00,0.4,7.7,3.6,35,29.2,51
本牧沖~富岡沖,2026-08-03,03,0.5,8.4,3.8,29,29.0,3
本牧沖~富岡沖,2026-08-03,06,0.6,8.4,3.7,22,28.8,3
本牧沖~富岡沖,2026-08-03,09,0.6,8.2,4.7,32,28.6,3
本牧沖~富岡沖,2026-08-03,12,0.6,8.4,4.3,36,28.6,3
本牧沖~富岡沖,2026-08-03,15,0.7,9.2,5.0,48,28.6,3
本牧沖~富岡沖,2026-08-03,18,0.7,9.9,4.4,44,28.4,2
本牧沖~富岡沖,2026-08-03,21,0.8,10.5,4.2,35,28.3,3
木更津沖～本牧沖,2026-08-03,00,0.3,4.1,6.0,37,28.9,3
木更津沖～本牧沖,2026-08-03,03,0.4,4.2,5.9,34,28.7,3
木更津沖～本牧沖,2026-08-03,06,0.5,4.2,6.1,31,28.5,51
木更津沖～本牧沖,2026-08-03,09,0.5,4.0,6.8,35,28.3,51
木更津沖～本牧沖,2026-08-03,12,0.6,4.2,6.0,39,28.2,3
木更津沖～本牧沖,2026-08-03,15,0.6,4.5,6.5,45,28.1,3
木更津沖～本牧沖,2026-08-03,18,0.6,4.8,5.8,45,27.9,1
木更津沖～本牧沖,2026-08-03,21,0.6,5.4,6.3,39,27.6,3
海堡,2026-08-03,00,0.3,4.1,6.0,37,28.9,3
海堡,2026-08-03,03,0.4,4.2,5.9,34,28.7,3
海堡,2026-08-03,06,0.5,4.2,6.1,31,28.5,51
海堡,2026-08-03,09,0.5,4.0,6.8,35,28.3,51
海堡,2026-08-03,12,0.6,4.2,6.0,39,28.2,3
海堡,2026-08-03,15,0.6,4.5,6.5,45,28.1,3
海堡,2026-08-03,18,0.6,4.8,5.8,45,27.9,1
海堡,2026-08-03,21,0.6,5.4,6.3,39,27.6,3
木更津沖～横浜沖,2026-08-03,00,0.3,4.1,6.0,37,28.9,3
木更津沖～横浜沖,2026-08-03,03,0.4,4.2,5.9,34,28.7,3
木更津沖～横浜沖,2026-08-03,06,0.5,4.2,6.1,31,28.5,51
木更津沖～横浜沖,2026-08-03,09,0.5,4.0,6.8,35,28.3,51
木更津沖～横浜沖,2026-08-03,12,0.6,4.2,6.0,39,28.2,3
木更津沖～横浜沖,2026-08-03,15,0.6,4.5,6.5,45,28.1,3
木更津沖～横浜沖,2026-08-03,18,0.6,4.8,5.8,45,27.9,1
木更津沖～横浜沖,2026-08-03,21,0.6,5.4,6.3,39,27.6,3
中ノ瀬,2026-08-03,00,0.3,4.1,6.0,37,28.9,3
中ノ瀬,2026-08-03,03,0.4,4.2,5.9,34,28.7,3
中ノ瀬,2026-08-03,06,0.5,4.2,6.1,31,28.5,51
中ノ瀬,2026-08-03,09,0.5,4.0,6.8,35,28.3,51
中ノ瀬,2026-08-03,12,0.6,4.2,6.0,39,28.2,3
中ノ瀬,2026-08-03,15,0.6,4.5,6.5,45,28.1,3
中ノ瀬,2026-08-03,18,0.6,4.8,5.8,45,27.9,1
中ノ瀬,2026-08-03,21,0.6,5.4,6.3,39,27.6,3
本牧沖,2026-08-03,00,0.4,6.2,3.6,35,29.2,51
本牧沖,2026-08-03,03,0.5,6.7,3.8,29,29.0,3
本牧沖,2026-08-03,06,0.5,6.6,3.7,22,28.8,3
本牧沖,2026-08-03,09,0.6,6.4,4.7,32,28.6,3
本牧沖,2026-08-03,12,0.6,6.6,4.3,36,28.6,3
本牧沖,2026-08-03,15,0.6,7.2,5.0,48,28.6,3
本牧沖,2026-08-03,18,0.7,7.9,4.4,44,28.4,2
本牧沖,2026-08-03,21,0.7,8.5,4.2,35,28.3,3
横浜沖,2026-08-03,00,0.4,7.7,3.6,35,29.0,51
横浜沖,2026-08-03,03,0.5,8.4,3.8,29,28.9,3
横浜沖,2026-08-03,06,0.6,8.4,3.7,22,28.7,3
横浜沖,2026-08-03,09,0.6,8.2,4.7,32,28.6,3
横浜沖,2026-08-03,12,0.6,8.4,4.3,36,28.5,3
横浜沖,2026-08-03,15,0.7,9.2,5.0,48,28.5,3
横浜沖,2026-08-03,18,0.7,9.9,4.4,44,28.4,2
横浜沖,2026-08-03,21,0.8,10.5,4.2,35,28.3,3
根岸沖,2026-08-03,00,0.3,3.5,3.6,35,29.0,51
根岸沖,2026-08-03,03,0.4,3.5,3.8,29,28.9,3
根岸沖,2026-08-03,06,0.5,3.5,3.7,22,28.7,3
根岸沖,2026-08-03,09,0.5,3.5,4.7,32,28.6,3
根岸沖,2026-08-03,12,0.6,3.6,4.3,36,28.5,3
根岸沖,2026-08-03,15,0.6,3.8,5.0,48,28.5,3
根岸沖,2026-08-03,18,0.6,4.0,4.4,44,28.4,2
根岸沖,2026-08-03,21,0.5,4.4,4.2,35,28.3,3
片貝沖,2026-08-03,00,1.7,9.6,9.0,10,25.2,51
片貝沖,2026-08-03,03,1.9,9.9,10.4,20,25.2,3
片貝沖,2026-08-03,06,2.1,9.9,10.0,23,25.1,2
片貝沖,2026-08-03,09,2.2,9.8,11.4,27,25.0,3
片貝沖,2026-08-03,12,2.3,9.7,10.5,33,25.1,2
片貝沖,2026-08-03,15,2.5,10.2,10.9,36,25.1,3
片貝沖,2026-08-03,18,2.6,10.6,10.5,35,25.0,1
片貝沖,2026-08-03,21,2.7,10.8,11.1,33,24.9,3
木更津沖～川崎沖,2026-08-03,00,0.3,3.5,7.0,38,28.6,51
木更津沖～川崎沖,2026-08-03,03,0.4,3.5,6.6,35,28.4,3
木更津沖～川崎沖,2026-08-03,06,0.5,3.5,7.0,30,28.1,51
木更津沖～川崎沖,2026-08-03,09,0.5,3.5,7.7,37,27.9,3
木更津沖～川崎沖,2026-08-03,12,0.6,3.6,6.2,42,27.8,51
木更津沖～川崎沖,2026-08-03,15,0.6,3.8,7.6,47,27.7,3
木更津沖～川崎沖,2026-08-03,18,0.6,4.0,6.9,46,27.5,2
木更津沖～川崎沖,2026-08-03,21,0.5,4.4,6.9,42,27.3,3
盤洲沖,2026-08-03,00,0.3,3.4,7.0,38,28.6,51
盤洲沖,2026-08-03,03,0.4,3.4,6.6,35,28.2,3
盤洲沖,2026-08-03,06,0.4,3.4,7.0,30,27.9,51
盤洲沖,2026-08-03,09,0.5,3.4,7.7,37,27.6,3
盤洲沖,2026-08-03,12,0.5,3.5,6.2,42,27.4,51
盤洲沖,2026-08-03,15,0.5,3.6,7.6,47,27.2,3
盤洲沖,2026-08-03,18,0.5,3.9,6.9,46,26.9,2
盤洲沖,2026-08-03,21,0.5,4.2,6.9,42,26.6,3
大根,2026-08-03,00,1.7,9.6,8.4,12,25.2,51
大根,2026-08-03,03,1.9,9.9,10.1,21,25.2,3
大根,2026-08-03,06,2.1,9.9,9.4,23,25.1,1
大根,2026-08-03,09,2.2,9.8,11.1,26,25.0,3
大根,2026-08-03,12,2.3,9.7,10.2,33,25.1,3
大根,2026-08-03,15,2.5,10.2,10.5,35,25.1,3
大根,2026-08-03,18,2.6,10.6,10.0,34,25.0,1
大根,2026-08-03,21,2.7,10.8,10.7,33,24.9,3
川崎沖～横浜沖,2026-08-03,00,0.3,3.5,4.0,31,29.0,51
川崎沖～横浜沖,2026-08-03,03,0.4,3.5,3.8,27,28.9,51
川崎沖～横浜沖,2026-08-03,06,0.5,3.5,3.8,17,28.7,3
川崎沖～横浜沖,2026-08-03,09,0.5,3.5,4.8,32,28.6,3
川崎沖～横浜沖,2026-08-03,12,0.6,3.6,4.3,34,28.5,3
川崎沖～横浜沖,2026-08-03,15,0.6,3.8,5.0,49,28.5,3
川崎沖～横浜沖,2026-08-03,18,0.6,4.0,4.4,41,28.4,1
川崎沖～横浜沖,2026-08-03,21,0.5,4.4,4.1,35,28.3,3
川崎沖~本牧沖,2026-08-03,00,0.3,3.5,4.0,31,29.0,51
川崎沖~本牧沖,2026-08-03,03,0.4,3.5,3.8,27,28.9,51
川崎沖~本牧沖,2026-08-03,06,0.5,3.5,3.8,17,28.7,3
川崎沖~本牧沖,2026-08-03,09,0.5,3.5,4.8,32,28.6,3
川崎沖~本牧沖,2026-08-03,12,0.6,3.6,4.3,34,28.5,3
川崎沖~本牧沖,2026-08-03,15,0.6,3.8,5.0,49,28.5,3
川崎沖~本牧沖,2026-08-03,18,0.6,4.0,4.4,41,28.4,1
川崎沖~本牧沖,2026-08-03,21,0.5,4.4,4.1,35,28.3,3
川崎沖,2026-08-03,00,0.3,3.5,4.0,31,29.0,51
川崎沖,2026-08-03,03,0.4,3.5,3.8,27,28.9,51
川崎沖,2026-08-03,06,0.5,3.5,3.8,17,28.8,3
川崎沖,2026-08-03,09,0.5,3.5,4.8,32,28.7,3
川崎沖,2026-08-03,12,0.6,3.6,4.3,34,28.7,3
川崎沖,2026-08-03,15,0.6,3.8,5.0,49,28.7,3
川崎沖,2026-08-03,18,0.6,4.0,4.4,41,28.6,1
川崎沖,2026-08-03,21,0.5,4.4,4.1,35,28.5,3
五井沖,2026-08-03,00,0.3,2.4,4.6,34,28.5,3
五井沖,2026-08-03,03,0.3,2.5,4.4,29,28.2,3
五井沖,2026-08-03,06,0.3,2.5,4.6,29,28.0,51
五井沖,2026-08-03,09,0.4,2.6,5.9,40,27.7,3
五井沖,2026-08-03,12,0.4,2.7,5.2,49,27.6,3
五井沖,2026-08-03,15,0.4,2.7,5.5,49,27.5,2
五井沖,2026-08-03,18,0.4,2.6,4.8,46,27.2,3
五井沖,2026-08-03,21,0.3,2.6,4.9,39,26.9,3
鶴見沖,2026-08-03,00,0.3,3.5,4.0,31,29.0,51
鶴見沖,2026-08-03,03,0.4,3.5,3.8,27,28.9,51
鶴見沖,2026-08-03,06,0.5,3.5,3.8,17,28.8,3
鶴見沖,2026-08-03,09,0.5,3.5,4.8,32,28.7,3
鶴見沖,2026-08-03,12,0.6,3.6,4.3,34,28.7,3
鶴見沖,2026-08-03,15,0.6,3.8,5.0,49,28.7,3
鶴見沖,2026-08-03,18,0.6,4.0,4.4,41,28.6,1
鶴見沖,2026-08-03,21,0.5,4.4,4.1,35,28.5,3
木更津沖～浦安沖,2026-08-03,00,0.3,3.0,3.7,28,28.6,51
木更津沖～浦安沖,2026-08-03,03,0.4,3.0,3.3,26,28.4,51
木更津沖～浦安沖,2026-08-03,06,0.4,3.0,3.5,13,28.2,3
木更津沖～浦安沖,2026-08-03,09,0.5,3.1,4.6,35,28.0,3
木更津沖～浦安沖,2026-08-03,12,0.5,3.1,4.1,35,27.9,3
木更津沖～浦安沖,2026-08-03,15,0.5,3.2,4.5,51,27.8,3
木更津沖～浦安沖,2026-08-03,18,0.5,3.4,3.8,40,27.7,1
木更津沖～浦安沖,2026-08-03,21,0.5,3.5,3.6,36,27.5,3
羽田沖,2026-08-03,00,0.3,3.5,3.7,28,28.8,51
羽田沖,2026-08-03,03,0.4,3.5,3.3,26,28.7,51
羽田沖,2026-08-03,06,0.5,3.5,3.5,13,28.5,3
羽田沖,2026-08-03,09,0.5,3.5,4.6,35,28.3,3
羽田沖,2026-08-03,12,0.6,3.6,4.1,35,28.3,3
羽田沖,2026-08-03,15,0.6,3.8,4.5,51,28.2,3
羽田沖,2026-08-03,18,0.6,4.0,3.8,40,28.1,1
羽田沖,2026-08-03,21,0.5,4.4,3.6,36,28.0,3
千葉沖,2026-08-03,00,0.2,2.2,4.7,34,29.5,3
千葉沖,2026-08-03,03,0.2,2.2,4.2,30,29.3,3
千葉沖,2026-08-03,06,0.3,2.4,4.6,29,29.2,51
千葉沖,2026-08-03,09,0.3,2.5,5.4,39,29.0,51
千葉沖,2026-08-03,12,0.3,2.5,5.1,44,29.0,3
千葉沖,2026-08-03,15,0.3,2.5,5.0,45,29.0,1
千葉沖,2026-08-03,18,0.3,2.6,4.5,43,28.8,3
千葉沖,2026-08-03,21,0.2,2.7,4.4,38,28.6,3
浦安沖,2026-08-03,00,0.2,2.8,4.0,34,29.3,51
浦安沖,2026-08-03,03,0.2,2.8,3.7,32,29.2,3
浦安沖,2026-08-03,06,0.3,2.8,4.3,31,29.1,3
浦安沖,2026-08-03,09,0.3,2.8,5.0,38,29.0,51
浦安沖,2026-08-03,12,0.3,2.9,4.6,44,29.0,3
浦安沖,2026-08-03,15,0.3,3.0,4.7,53,29.0,1
浦安沖,2026-08-03,18,0.3,3.1,4.1,43,28.9,3
浦安沖,2026-08-03,21,0.3,3.5,4.1,40,28.8,3
屏風ヶ浦の陰,2026-08-03,00,0.2,2.2,4.2,30,30.1,51
屏風ヶ浦の陰,2026-08-03,03,0.2,2.2,3.8,30,29.9,3
屏風ヶ浦の陰,2026-08-03,06,0.3,2.4,4.1,26,29.8,51
屏風ヶ浦の陰,2026-08-03,09,0.3,2.5,4.9,37,29.7,51
屏風ヶ浦の陰,2026-08-03,12,0.3,2.5,4.8,44,29.7,3
屏風ヶ浦の陰,2026-08-03,15,0.3,2.5,4.8,44,29.7,1
屏風ヶ浦の陰,2026-08-03,18,0.3,2.6,4.2,42,29.6,3
屏風ヶ浦の陰,2026-08-03,21,0.2,2.7,4.1,39,29.5,3
犬吠南沖,2026-08-03,00,2.0,10.2,6.8,20,24.9,2
犬吠南沖,2026-08-03,03,2.2,10.4,7.2,19,24.8,3
犬吠南沖,2026-08-03,06,2.4,10.5,7.0,30,24.7,3
犬吠南沖,2026-08-03,09,2.5,10.6,8.2,29,24.6,3
犬吠南沖,2026-08-03,12,2.6,10.3,7.0,33,24.6,2
犬吠南沖,2026-08-03,15,2.7,11.0,7.8,37,24.6,1
犬吠南沖,2026-08-03,18,2.9,11.3,7.0,38,24.6,3
犬吠南沖,2026-08-03,21,3.0,11.6,7.7,38,24.6,3
亀城根,2026-08-03,00,2.0,10.2,6.8,20,24.9,2
亀城根,2026-08-03,03,2.2,10.4,7.2,19,24.8,3
亀城根,2026-08-03,06,2.4,10.5,7.0,30,24.7,3
亀城根,2026-08-03,09,2.5,10.6,8.2,29,24.6,3
亀城根,2026-08-03,12,2.6,10.3,7.0,33,24.6,2
亀城根,2026-08-03,15,2.7,11.0,7.8,37,24.6,1
亀城根,2026-08-03,18,2.9,11.3,7.0,38,24.6,3
亀城根,2026-08-03,21,3.0,11.6,7.7,38,24.6,3
外川沖,2026-08-03,00,1.8,10.1,6.8,20,24.9,2
外川沖,2026-08-03,03,1.9,10.4,7.2,19,24.8,3
外川沖,2026-08-03,06,2.1,10.6,7.0,30,24.7,3
外川沖,2026-08-03,09,2.2,10.7,8.2,29,24.7,3
外川沖,2026-08-03,12,2.3,10.3,7.0,33,24.8,2
外川沖,2026-08-03,15,2.4,11.1,7.8,37,24.9,1
外川沖,2026-08-03,18,2.5,11.4,7.0,38,24.9,3
外川沖,2026-08-03,21,2.6,11.7,7.7,38,24.8,3
犬吠沖,2026-08-03,00,1.8,10.1,6.8,20,24.9,2
犬吠沖,2026-08-03,03,1.9,10.4,7.2,19,24.8,3
犬吠沖,2026-08-03,06,2.1,10.6,7.0,30,24.7,3
犬吠沖,2026-08-03,09,2.2,10.7,8.2,29,24.7,3
犬吠沖,2026-08-03,12,2.3,10.3,7.0,33,24.8,2
犬吠沖,2026-08-03,15,2.4,11.1,7.8,37,24.9,1
犬吠沖,2026-08-03,18,2.5,11.4,7.0,38,24.9,3
犬吠沖,2026-08-03,21,2.6,11.7,7.7,38,24.8,3
飯岡沖,2026-08-03,00,1.4,10.2,6.8,20,25.8,2
飯岡沖,2026-08-03,03,1.5,10.5,7.2,19,25.7,3
飯岡沖,2026-08-03,06,1.7,10.7,7.0,30,25.6,3
飯岡沖,2026-08-03,09,1.8,10.6,8.2,29,25.6,3
飯岡沖,2026-08-03,12,1.8,10.3,7.0,33,25.7,2
飯岡沖,2026-08-03,15,1.9,11.0,7.8,37,25.8,1
飯岡沖,2026-08-03,18,2.0,11.4,7.0,38,25.7,3
飯岡沖,2026-08-03,21,2.0,11.6,7.7,38,25.6,3
真沖,2026-08-03,00,1.4,10.2,6.8,20,25.8,2
真沖,2026-08-03,03,1.5,10.5,7.2,19,25.7,3
真沖,2026-08-03,06,1.7,10.7,7.0,30,25.6,3
真沖,2026-08-03,09,1.8,10.6,8.2,29,25.6,3
真沖,2026-08-03,12,1.8,10.3,7.0,33,25.7,2
真沖,2026-08-03,15,1.9,11.0,7.8,37,25.8,1
真沖,2026-08-03,18,2.0,11.4,7.0,38,25.7,3
真沖,2026-08-03,21,2.0,11.6,7.7,38,25.6,3
波崎沖,2026-08-03,00,1.8,10.1,6.8,20,24.9,2
波崎沖,2026-08-03,03,1.9,10.4,7.2,19,24.8,3
波崎沖,2026-08-03,06,2.1,10.6,7.0,30,24.7,3
波崎沖,2026-08-03,09,2.2,10.7,8.2,29,24.7,3
波崎沖,2026-08-03,12,2.3,10.3,7.0,33,24.8,2
波崎沖,2026-08-03,15,2.4,11.1,7.8,37,24.9,1
波崎沖,2026-08-03,18,2.5,11.4,7.0,38,24.9,3
波崎沖,2026-08-03,21,2.6,11.7,7.7,38,24.8,3
川前大根,2026-08-03,00,1.4,10.2,6.8,20,25.8,2
川前大根,2026-08-03,03,1.5,10.5,7.2,19,25.7,3
川前大根,2026-08-03,06,1.7,10.7,7.0,30,25.6,3
川前大根,2026-08-03,09,1.8,10.6,8.2,29,25.6,3
川前大根,2026-08-03,12,1.8,10.3,7.0,33,25.7,2
川前大根,2026-08-03,15,1.9,11.0,7.8,37,25.8,1
川前大根,2026-08-03,18,2.0,11.4,7.0,38,25.7,3
川前大根,2026-08-03,21,2.0,11.6,7.7,38,25.6,3
鹿島南沖,2026-08-03,00,1.7,7.8,6.1,23,25.1,2
鹿島南沖,2026-08-03,03,1.8,8.1,6.5,19,25.0,3
鹿島南沖,2026-08-03,06,1.9,8.4,6.1,31,24.9,3
鹿島南沖,2026-08-03,09,2.0,8.8,7.2,31,24.8,3
鹿島南沖,2026-08-03,12,2.0,8.8,6.2,33,24.8,2
鹿島南沖,2026-08-03,15,2.2,8.9,6.9,38,24.8,1
鹿島南沖,2026-08-03,18,2.2,9.2,6.1,38,24.8,1
鹿島南沖,2026-08-03,21,2.2,9.4,6.8,40,24.7,3
神栖沖,2026-08-03,00,1.7,7.8,6.1,23,24.6,2
神栖沖,2026-08-03,03,1.8,8.1,6.5,19,24.5,3
神栖沖,2026-08-03,06,1.9,8.4,6.1,31,24.5,3
神栖沖,2026-08-03,09,2.0,8.8,7.2,31,24.5,3
神栖沖,2026-08-03,12,2.0,8.8,6.2,33,24.6,2
神栖沖,2026-08-03,15,2.2,8.9,6.9,38,24.7,1
神栖沖,2026-08-03,18,2.2,9.2,6.1,38,24.6,1
神栖沖,2026-08-03,21,2.2,9.4,6.8,40,24.6,3
鹿島沖,2026-08-03,00,1.7,7.8,6.3,24,25.4,51
鹿島沖,2026-08-03,03,1.8,8.1,6.9,22,25.3,3
鹿島沖,2026-08-03,06,1.9,8.4,6.3,27,25.3,2
鹿島沖,2026-08-03,09,2.0,8.8,7.0,35,25.2,3
鹿島沖,2026-08-03,12,2.0,8.8,5.9,36,25.3,3
鹿島沖,2026-08-03,15,2.2,8.9,6.8,42,25.3,3
鹿島沖,2026-08-03,18,2.2,9.2,6.3,42,25.2,0
鹿島沖,2026-08-03,21,2.2,9.4,6.4,47,25.1,3
鹿島真沖,2026-08-03,00,1.7,7.8,6.0,25,25.1,3
鹿島真沖,2026-08-03,03,1.8,8.1,6.5,21,25.0,3
鹿島真沖,2026-08-03,06,1.9,8.4,5.8,30,24.9,2
鹿島真沖,2026-08-03,09,2.0,8.8,6.8,33,24.8,51
鹿島真沖,2026-08-03,12,2.0,8.8,5.7,34,24.8,3
鹿島真沖,2026-08-03,15,2.2,8.9,6.5,40,24.8,3
鹿島真沖,2026-08-03,18,2.2,9.2,5.9,39,24.8,0
鹿島真沖,2026-08-03,21,2.2,9.4,6.4,42,24.7,3
鹿島魚礁,2026-08-03,00,1.9,8.2,9.7,23,24.5,3
鹿島魚礁,2026-08-03,03,2.0,8.4,11.1,21,24.4,3
鹿島魚礁,2026-08-03,06,2.1,8.8,9.8,33,24.3,3
鹿島魚礁,2026-08-03,09,2.2,9.2,10.7,34,24.2,3
鹿島魚礁,2026-08-03,12,2.2,9.1,9.0,35,24.2,1
鹿島魚礁,2026-08-03,15,2.4,9.3,10.4,40,24.2,0
鹿島魚礁,2026-08-03,18,2.5,9.7,9.9,41,24.1,0
鹿島魚礁,2026-08-03,21,2.5,9.8,10.3,43,24.0,3
鹿島北沖,2026-08-03,00,1.8,7.6,6.3,24,25.4,51
鹿島北沖,2026-08-03,03,1.9,7.9,6.9,22,25.3,3
鹿島北沖,2026-08-03,06,2.0,8.3,6.3,27,25.3,2
鹿島北沖,2026-08-03,09,2.0,8.8,7.0,35,25.2,3
鹿島北沖,2026-08-03,12,2.1,8.7,5.9,36,25.3,3
鹿島北沖,2026-08-03,15,2.3,8.8,6.8,42,25.3,3
鹿島北沖,2026-08-03,18,2.3,9.2,6.3,42,25.2,0
鹿島北沖,2026-08-03,21,2.3,9.4,6.4,47,25.1,3
北沖30,2026-08-03,00,1.8,8.6,5.8,26,24.3,53
北沖30,2026-08-03,03,1.9,8.9,6.5,33,24.2,3
北沖30,2026-08-03,06,2.0,9.5,6.1,34,24.2,3
北沖30,2026-08-03,09,2.1,10.0,6.4,43,24.1,51
北沖30,2026-08-03,12,2.2,9.9,6.0,39,24.2,51
北沖30,2026-08-03,15,2.4,9.9,6.8,43,24.2,3
北沖30,2026-08-03,18,2.4,10.3,6.5,44,24.2,0
北沖30,2026-08-03,21,2.5,10.6,5.8,50,24.1,3
大洗沖,2026-08-03,00,1.8,8.6,5.1,25,24.7,53
大洗沖,2026-08-03,03,1.9,8.9,5.6,34,24.6,3
大洗沖,2026-08-03,06,2.0,9.5,5.0,30,24.6,3
大洗沖,2026-08-03,09,2.1,10.0,6.1,46,24.5,3
大洗沖,2026-08-03,12,2.2,9.9,5.1,40,24.6,51
大洗沖,2026-08-03,15,2.4,9.9,6.1,45,24.6,3
大洗沖,2026-08-03,18,2.4,10.3,5.8,46,24.6,1
大洗沖,2026-08-03,21,2.5,10.6,5.0,50,24.5,3
青山沖,2026-08-03,00,1.8,8.9,5.8,26,24.4,53
青山沖,2026-08-03,03,1.9,9.3,6.5,33,24.3,3
青山沖,2026-08-03,06,2.0,9.8,6.1,34,24.2,3
青山沖,2026-08-03,09,2.1,10.3,6.4,43,24.1,51
青山沖,2026-08-03,12,2.2,10.3,6.0,39,24.1,51
青山沖,2026-08-03,15,2.4,10.2,6.8,43,24.1,3
青山沖,2026-08-03,18,2.5,10.7,6.5,44,24.1,0
青山沖,2026-08-03,21,2.5,10.9,5.8,50,24.0,3
日立沖,2026-08-03,00,1.7,9.8,6.5,26,24.4,51
日立沖,2026-08-03,03,1.8,10.2,6.4,29,24.3,51
日立沖,2026-08-03,06,2.0,10.8,6.5,33,24.2,53
日立沖,2026-08-03,09,2.1,11.2,6.0,39,24.1,51
日立沖,2026-08-03,12,2.3,11.1,6.1,36,24.2,51
日立沖,2026-08-03,15,2.5,11.1,6.9,46,24.2,2
日立沖,2026-08-03,18,2.5,11.6,6.4,39,24.1,0
日立沖,2026-08-03,21,2.6,11.8,6.0,41,24.0,3
銭洲沖,2026-08-04,00,3.9,10.7,12.2,59,28.9,51
銭洲沖,2026-08-04,03,4.0,10.8,12.2,51,28.7,51
銭洲沖,2026-08-04,06,4.1,10.6,12.4,51,28.5,51
銭洲沖,2026-08-04,09,4.1,10.4,12.5,54,28.4,51
銭洲沖,2026-08-04,12,4.2,10.6,13.3,54,28.4,2
銭洲沖,2026-08-04,15,4.4,10.8,11.9,64,28.3,51
銭洲沖,2026-08-04,18,4.7,11.4,11.9,67,28.2,51
銭洲沖,2026-08-04,21,4.8,10.7,11.6,67,28.2,51
イナンバ,2026-08-04,00,3.6,10.7,13.3,70,29.2,1
イナンバ,2026-08-04,03,3.6,10.7,11.9,57,29.0,0
イナンバ,2026-08-04,06,3.7,10.4,12.4,50,28.9,2
イナンバ,2026-08-04,09,3.8,9.9,14.1,39,28.9,51
イナンバ,2026-08-04,12,3.8,9.9,14.3,46,28.9,51
イナンバ,2026-08-04,15,3.6,9.7,13.5,52,28.8,51
イナンバ,2026-08-04,18,3.9,10.6,12.0,61,28.7,53
イナンバ,2026-08-04,21,3.6,10.1,12.8,56,28.6,51
石花海,2026-08-04,00,3.4,10.1,14.0,57,26.0,2
石花海,2026-08-04,03,3.5,10.1,13.9,59,25.8,0
石花海,2026-08-04,06,3.5,10.1,14.5,55,25.5,1
石花海,2026-08-04,09,3.4,9.8,13.9,56,25.3,0
石花海,2026-08-04,12,3.4,9.9,14.0,56,25.2,0
石花海,2026-08-04,15,3.0,9.6,12.9,61,25.1,0
石花海,2026-08-04,18,3.5,10.4,14.2,69,25.0,0
石花海,2026-08-04,21,3.4,9.9,14.5,61,24.9,0
神津島,2026-08-04,00,3.0,9.7,13.5,52,27.5,61
神津島,2026-08-04,03,3.1,9.7,13.3,45,27.4,1
神津島,2026-08-04,06,3.1,9.6,14.2,38,27.3,1
神津島,2026-08-04,09,3.0,9.3,13.4,40,27.1,2
神津島,2026-08-04,12,3.1,9.3,13.8,48,27.2,2
神津島,2026-08-04,15,2.8,8.9,13.3,49,27.2,2
神津島,2026-08-04,18,3.2,9.9,14.1,54,27.1,51
神津島,2026-08-04,21,2.8,9.2,13.9,49,26.9,51
金洲沖,2026-08-04,00,2.9,9.1,14.1,47,26.3,1
金洲沖,2026-08-04,03,3.0,9.1,14.0,52,26.1,0
金洲沖,2026-08-04,06,3.0,9.1,14.4,47,26.0,0
金洲沖,2026-08-04,09,2.8,9.0,13.8,48,25.9,0
金洲沖,2026-08-04,12,2.8,9.1,13.8,49,25.9,1
金洲沖,2026-08-04,15,2.4,8.7,12.2,56,26.0,0
金洲沖,2026-08-04,18,2.8,9.4,13.2,62,26.0,0
金洲沖,2026-08-04,21,2.6,8.8,14.5,52,26.0,0
新島沖,2026-08-04,00,3.1,9.5,14.0,44,27.6,51
新島沖,2026-08-04,03,3.2,9.6,13.0,40,27.5,0
新島沖,2026-08-04,06,3.2,9.5,13.9,34,27.5,1
新島沖,2026-08-04,09,3.1,9.3,12.7,35,27.6,3
新島沖,2026-08-04,12,3.1,9.3,13.4,48,27.8,2
新島沖,2026-08-04,15,2.8,9.1,12.5,49,27.9,3
新島沖,2026-08-04,18,3.0,9.7,13.5,51,27.9,3
新島沖,2026-08-04,21,2.8,9.1,13.5,46,27.7,51
金州,2026-08-04,00,3.0,8.8,12.8,39,25.8,1
金州,2026-08-04,03,3.1,8.8,12.4,37,25.7,0
金州,2026-08-04,06,3.1,8.8,13.1,34,25.6,0
金州,2026-08-04,09,3.0,8.8,12.3,31,25.5,1
金州,2026-08-04,12,2.9,8.8,11.4,48,25.5,1
金州,2026-08-04,15,2.6,8.6,11.0,56,25.5,3
金州,2026-08-04,18,2.8,8.9,11.7,51,25.6,2
金州,2026-08-04,21,2.6,8.3,12.4,42,25.6,3
白河沖,2026-08-04,00,2.4,10.5,7.6,59,27.4,2
白河沖,2026-08-04,03,2.6,10.3,5.0,84,27.3,1
白河沖,2026-08-04,06,2.6,10.5,7.3,60,27.1,1
白河沖,2026-08-04,09,2.6,10.7,6.8,59,27.1,0
白河沖,2026-08-04,12,2.5,10.6,5.1,62,27.3,0
白河沖,2026-08-04,15,2.0,10.1,2.4,96,27.5,0
白河沖,2026-08-04,18,2.3,10.8,1.9,76,27.4,0
白河沖,2026-08-04,21,2.3,10.6,5.9,53,27.3,0
御前崎沖,2026-08-04,00,2.4,10.7,7.6,59,27.1,2
御前崎沖,2026-08-04,03,2.6,10.6,5.0,84,26.9,1
御前崎沖,2026-08-04,06,2.6,10.7,7.3,60,26.8,1
御前崎沖,2026-08-04,09,2.6,10.8,6.8,59,26.8,0
御前崎沖,2026-08-04,12,2.5,10.8,5.1,62,27.0,0
御前崎沖,2026-08-04,15,2.1,10.3,2.4,96,27.2,0
御前崎沖,2026-08-04,18,2.3,10.9,1.9,76,27.1,0
御前崎沖,2026-08-04,21,2.3,10.8,5.9,53,27.0,0
八方便,2026-08-04,00,2.4,10.5,7.6,59,27.4,2
八方便,2026-08-04,03,2.6,10.3,5.0,84,27.3,1
八方便,2026-08-04,06,2.6,10.5,7.3,60,27.1,1
八方便,2026-08-04,09,2.6,10.7,6.8,59,27.1,0
八方便,2026-08-04,12,2.5,10.6,5.1,62,27.3,0
八方便,2026-08-04,15,2.0,10.1,2.4,96,27.5,0
八方便,2026-08-04,18,2.3,10.8,1.9,76,27.4,0
八方便,2026-08-04,21,2.3,10.6,5.9,53,27.3,0
神子元沖,2026-08-04,00,2.5,9.6,8.0,53,26.9,2
神子元沖,2026-08-04,03,2.5,9.7,8.2,55,26.8,2
神子元沖,2026-08-04,06,2.5,9.8,7.6,51,26.7,1
神子元沖,2026-08-04,09,2.5,10.1,8.0,51,26.6,0
神子元沖,2026-08-04,12,2.3,9.9,7.8,59,26.7,0
神子元沖,2026-08-04,15,2.0,9.2,7.4,54,26.7,0
神子元沖,2026-08-04,18,2.2,9.7,8.0,59,26.7,1
神子元沖,2026-08-04,21,1.9,8.8,7.5,50,26.7,1
大東沖,2026-08-04,00,2.1,11.7,6.8,78,27.4,3
大東沖,2026-08-04,03,2.3,11.6,4.5,75,27.4,3
大東沖,2026-08-04,06,2.3,11.3,6.2,69,27.3,1
大東沖,2026-08-04,09,2.3,11.4,5.3,69,27.3,0
大東沖,2026-08-04,12,2.3,11.3,5.5,76,27.5,0
大東沖,2026-08-04,15,1.9,10.9,4.4,93,27.6,0
大東沖,2026-08-04,18,2.0,11.5,3.0,89,27.6,0
大東沖,2026-08-04,21,2.1,11.4,4.7,62,27.5,0
石廊崎沖,2026-08-04,00,2.1,10.2,3.7,78,26.6,2
石廊崎沖,2026-08-04,03,2.1,10.3,4.8,78,26.5,1
石廊崎沖,2026-08-04,06,2.1,10.4,3.0,81,26.5,0
石廊崎沖,2026-08-04,09,2.1,10.6,3.9,70,26.5,0
石廊崎沖,2026-08-04,12,2.0,10.4,3.3,71,26.6,0
石廊崎沖,2026-08-04,15,1.6,9.6,4.6,84,26.7,0
石廊崎沖,2026-08-04,18,1.9,10.2,6.4,81,26.6,0
石廊崎沖,2026-08-04,21,1.7,9.6,5.7,72,26.5,1
福田沖,2026-08-04,00,2.1,11.7,5.5,79,27.3,3
福田沖,2026-08-04,03,2.3,11.6,4.3,75,27.2,3
福田沖,2026-08-04,06,2.3,11.4,5.0,70,27.2,2
福田沖,2026-08-04,09,2.4,11.5,4.1,71,27.2,1
福田沖,2026-08-04,12,2.3,11.4,4.6,83,27.4,0
福田沖,2026-08-04,15,1.9,11.0,4.3,104,27.5,0
福田沖,2026-08-04,18,2.0,11.5,3.0,95,27.5,0
福田沖,2026-08-04,21,2.2,11.6,4.4,60,27.4,0
浜岡沖,2026-08-04,00,2.0,11.7,7.6,59,28.0,2
浜岡沖,2026-08-04,03,2.2,11.6,5.0,84,27.8,1
浜岡沖,2026-08-04,06,2.2,11.3,7.3,60,27.7,1
浜岡沖,2026-08-04,09,2.2,11.3,6.8,59,27.7,0
浜岡沖,2026-08-04,12,2.2,11.3,5.1,62,27.9,0
浜岡沖,2026-08-04,15,1.8,10.8,2.4,96,28.1,0
浜岡沖,2026-08-04,18,1.9,11.4,1.9,76,28.0,0
浜岡沖,2026-08-04,21,1.9,11.2,5.9,53,27.9,0
下田南沖,2026-08-04,00,2.5,9.6,8.0,53,26.9,2
下田南沖,2026-08-04,03,2.5,9.7,8.2,55,26.8,2
下田南沖,2026-08-04,06,2.5,9.8,7.6,51,26.7,1
下田南沖,2026-08-04,09,2.5,10.1,8.0,51,26.6,0
下田南沖,2026-08-04,12,2.3,9.9,7.8,59,26.7,0
下田南沖,2026-08-04,15,2.0,9.2,7.4,54,26.7,0
下田南沖,2026-08-04,18,2.2,9.7,8.0,59,26.7,1
下田南沖,2026-08-04,21,1.9,8.8,7.5,50,26.7,1
下田沖,2026-08-04,00,2.5,9.6,8.0,53,26.9,2
下田沖,2026-08-04,03,2.5,9.7,8.2,55,26.8,2
下田沖,2026-08-04,06,2.5,9.8,7.6,51,26.7,1
下田沖,2026-08-04,09,2.5,10.1,8.0,51,26.6,0
下田沖,2026-08-04,12,2.3,9.9,7.8,59,26.7,0
下田沖,2026-08-04,15,2.0,9.2,7.4,54,26.7,0
下田沖,2026-08-04,18,2.2,9.7,8.0,59,26.7,1
下田沖,2026-08-04,21,1.9,8.8,7.5,50,26.7,1
相良沖,2026-08-04,00,2.0,11.2,7.6,59,28.4,2
相良沖,2026-08-04,03,2.2,11.2,5.0,84,28.2,1
相良沖,2026-08-04,06,2.2,11.1,7.3,60,28.1,1
相良沖,2026-08-04,09,2.2,11.2,6.8,59,28.0,0
相良沖,2026-08-04,12,2.2,11.1,5.1,62,28.2,0
相良沖,2026-08-04,15,1.7,10.4,2.4,96,28.4,0
相良沖,2026-08-04,18,1.9,11.2,1.9,76,28.3,0
相良沖,2026-08-04,21,1.9,10.8,5.9,53,28.1,0
天竜沖,2026-08-04,00,1.3,9.3,3.5,78,27.3,3
天竜沖,2026-08-04,03,1.4,9.5,3.2,87,27.2,3
天竜沖,2026-08-04,06,1.4,9.4,2.9,74,27.2,3
天竜沖,2026-08-04,09,1.4,9.7,1.9,87,27.2,2
天竜沖,2026-08-04,12,1.4,9.8,2.8,97,27.4,0
天竜沖,2026-08-04,15,1.1,8.6,4.8,90,27.5,0
天竜沖,2026-08-04,18,1.2,9.7,3.5,78,27.5,0
天竜沖,2026-08-04,21,1.1,8.4,3.8,65,27.4,0
波勝崎沖,2026-08-04,00,1.4,11.4,8.0,53,26.9,2
波勝崎沖,2026-08-04,03,1.4,11.6,8.2,55,26.8,2
波勝崎沖,2026-08-04,06,1.4,11.6,7.6,51,26.7,1
波勝崎沖,2026-08-04,09,1.5,11.9,8.0,51,26.7,0
波勝崎沖,2026-08-04,12,1.4,11.6,7.8,59,26.9,0
波勝崎沖,2026-08-04,15,1.0,9.9,7.4,54,27.0,0
波勝崎沖,2026-08-04,18,1.3,11.0,8.0,59,26.9,1
波勝崎沖,2026-08-04,21,1.1,9.9,7.5,50,26.7,1
藤守前,2026-08-04,00,1.1,10.1,7.3,70,28.9,3
藤守前,2026-08-04,03,1.2,10.2,5.3,71,28.7,2
藤守前,2026-08-04,06,1.3,9.9,6.9,63,28.5,1
藤守前,2026-08-04,09,1.3,10.0,5.9,63,28.4,0
藤守前,2026-08-04,12,1.3,10.1,5.9,69,28.5,0
藤守前,2026-08-04,15,0.9,8.7,4.8,82,28.5,0
藤守前,2026-08-04,18,1.1,10.2,3.6,66,28.4,0
藤守前,2026-08-04,21,0.9,8.5,5.4,60,28.2,0
吉田沖,2026-08-04,00,1.1,10.1,7.3,70,28.9,3
吉田沖,2026-08-04,03,1.2,10.2,5.3,71,28.7,2
吉田沖,2026-08-04,06,1.3,9.9,6.9,63,28.5,1
吉田沖,2026-08-04,09,1.3,10.0,5.9,63,28.4,0
吉田沖,2026-08-04,12,1.3,10.1,5.9,69,28.5,0
吉田沖,2026-08-04,15,0.9,8.7,4.8,82,28.5,0
吉田沖,2026-08-04,18,1.1,10.2,3.6,66,28.4,0
吉田沖,2026-08-04,21,0.9,8.5,5.4,60,28.2,0
千貫門沖,2026-08-04,00,1.4,11.4,3.7,78,27.3,2
千貫門沖,2026-08-04,03,1.4,11.6,4.8,78,27.1,1
千貫門沖,2026-08-04,06,1.4,11.6,3.0,81,27.0,0
千貫門沖,2026-08-04,09,1.5,11.9,3.9,70,27.1,0
千貫門沖,2026-08-04,12,1.4,11.6,3.3,71,27.5,0
千貫門沖,2026-08-04,15,1.0,9.9,4.6,84,27.8,0
千貫門沖,2026-08-04,18,1.3,11.0,6.4,81,27.4,0
千貫門沖,2026-08-04,21,1.1,9.9,5.7,72,27.0,1
豊浜沖,2026-08-04,00,1.1,11.2,3.7,78,27.7,2
豊浜沖,2026-08-04,03,1.2,11.4,4.8,78,27.4,1
豊浜沖,2026-08-04,06,1.2,11.5,3.0,81,27.3,0
豊浜沖,2026-08-04,09,1.2,11.9,3.9,70,27.3,0
豊浜沖,2026-08-04,12,1.2,11.7,3.3,71,27.8,0
豊浜沖,2026-08-04,15,0.8,10.0,4.6,84,28.2,0
豊浜沖,2026-08-04,18,1.0,11.3,6.4,81,27.9,0
豊浜沖,2026-08-04,21,1.0,10.2,5.7,72,27.4,1
松崎沖,2026-08-04,00,1.4,11.4,3.7,78,27.3,2
松崎沖,2026-08-04,03,1.4,11.6,4.8,78,27.1,1
松崎沖,2026-08-04,06,1.4,11.6,3.0,81,27.0,0
松崎沖,2026-08-04,09,1.5,11.9,3.9,70,27.1,0
松崎沖,2026-08-04,12,1.4,11.6,3.3,71,27.5,0
松崎沖,2026-08-04,15,1.0,9.9,4.6,84,27.8,0
松崎沖,2026-08-04,18,1.3,11.0,6.4,81,27.4,0
松崎沖,2026-08-04,21,1.1,9.9,5.7,72,27.0,1
西伊豆沖,2026-08-04,00,1.1,11.2,5.0,56,27.3,3
西伊豆沖,2026-08-04,03,1.2,11.4,5.5,59,27.1,2
西伊豆沖,2026-08-04,06,1.2,11.5,4.9,53,27.0,1
西伊豆沖,2026-08-04,09,1.2,11.9,4.7,62,27.1,0
西伊豆沖,2026-08-04,12,1.2,11.7,4.9,62,27.5,0
西伊豆沖,2026-08-04,15,0.8,10.0,5.2,67,27.8,0
西伊豆沖,2026-08-04,18,1.0,11.3,4.7,71,27.4,0
西伊豆沖,2026-08-04,21,1.0,10.2,5.7,59,27.0,2
大井川沖,2026-08-04,00,1.5,11.1,6.6,70,28.9,2
大井川沖,2026-08-04,03,1.6,11.3,5.8,70,28.6,1
大井川沖,2026-08-04,06,1.6,11.2,6.2,61,28.4,1
大井川沖,2026-08-04,09,1.7,11.3,5.3,65,28.3,0
大井川沖,2026-08-04,12,1.6,11.3,5.5,73,28.3,0
大井川沖,2026-08-04,15,1.2,10.3,5.2,79,28.4,0
大井川沖,2026-08-04,18,1.4,11.2,4.8,63,28.3,0
大井川沖,2026-08-04,21,1.4,10.6,5.1,63,28.2,0
中瀬海岸,2026-08-04,00,1.5,11.1,6.6,70,28.9,2
中瀬海岸,2026-08-04,03,1.6,11.3,5.8,70,28.6,1
中瀬海岸,2026-08-04,06,1.6,11.2,6.2,61,28.4,1
中瀬海岸,2026-08-04,09,1.7,11.3,5.3,65,28.3,0
中瀬海岸,2026-08-04,12,1.6,11.3,5.5,73,28.3,0
中瀬海岸,2026-08-04,15,1.2,10.3,5.2,79,28.4,0
中瀬海岸,2026-08-04,18,1.4,11.2,4.8,63,28.3,0
中瀬海岸,2026-08-04,21,1.4,10.6,5.1,63,28.2,0
大井川港,2026-08-04,00,1.5,11.1,4.8,71,28.9,1
大井川港,2026-08-04,03,1.6,11.3,5.0,72,28.6,1
大井川港,2026-08-04,06,1.6,11.2,4.7,60,28.4,1
大井川港,2026-08-04,09,1.7,11.3,4.1,71,28.3,0
大井川港,2026-08-04,12,1.6,11.3,5.0,83,28.3,0
大井川港,2026-08-04,15,1.2,10.3,5.1,87,28.4,0
大井川港,2026-08-04,18,1.4,11.2,4.6,74,28.3,0
大井川港,2026-08-04,21,1.4,10.6,4.7,68,28.2,0
駿河湾,2026-08-04,00,1.0,9.3,6.7,75,27.8,0
駿河湾,2026-08-04,03,1.0,9.8,7.5,81,27.7,1
駿河湾,2026-08-04,06,1.0,10.1,6.9,76,27.5,0
駿河湾,2026-08-04,09,1.0,10.7,6.9,79,27.5,0
駿河湾,2026-08-04,12,0.9,10.7,7.5,81,27.7,0
駿河湾,2026-08-04,15,0.6,9.2,7.4,79,28.0,0
駿河湾,2026-08-04,18,0.8,10.4,6.9,82,27.8,0
駿河湾,2026-08-04,21,0.8,9.4,6.1,76,27.6,1
洲崎沖,2026-08-04,00,2.6,12.3,5.8,30,27.3,1
洲崎沖,2026-08-04,03,2.8,12.4,5.9,26,27.2,0
洲崎沖,2026-08-04,06,2.8,12.3,6.6,22,27.2,1
洲崎沖,2026-08-04,09,2.6,11.8,6.2,37,27.1,3
洲崎沖,2026-08-04,12,2.8,12.1,6.3,54,27.2,2
洲崎沖,2026-08-04,15,2.9,12.2,6.8,53,27.2,2
洲崎沖,2026-08-04,18,2.9,12.2,5.8,40,27.2,3
洲崎沖,2026-08-04,21,3.1,12.0,5.7,34,27.1,1
沖ノ瀬,2026-08-04,00,2.8,12.2,9.9,34,26.8,2
沖ノ瀬,2026-08-04,03,2.9,12.3,10.4,37,26.7,0
沖ノ瀬,2026-08-04,06,3.0,12.3,10.6,32,26.6,1
沖ノ瀬,2026-08-04,09,2.7,11.7,10.1,31,26.6,1
沖ノ瀬,2026-08-04,12,2.9,12.2,9.7,29,26.7,1
沖ノ瀬,2026-08-04,15,2.9,12.2,7.9,42,26.8,2
沖ノ瀬,2026-08-04,18,3.0,12.2,9.2,50,26.8,2
沖ノ瀬,2026-08-04,21,3.0,11.8,9.2,36,26.8,2
平砂浦沖,2026-08-04,00,2.7,11.7,5.8,30,27.4,1
平砂浦沖,2026-08-04,03,2.9,11.9,5.9,26,27.3,0
平砂浦沖,2026-08-04,06,2.9,11.9,6.6,22,27.2,1
平砂浦沖,2026-08-04,09,2.7,11.3,6.2,37,27.2,3
平砂浦沖,2026-08-04,12,2.8,11.6,6.3,54,27.2,2
平砂浦沖,2026-08-04,15,3.0,11.7,6.8,53,27.2,2
平砂浦沖,2026-08-04,18,3.0,11.7,5.8,40,27.2,3
平砂浦沖,2026-08-04,21,3.1,11.6,5.7,34,27.1,1
館山沖,2026-08-04,00,2.6,12.1,5.8,30,27.7,1
館山沖,2026-08-04,03,2.7,12.2,5.9,26,27.6,0
館山沖,2026-08-04,06,2.8,12.2,6.6,22,27.5,1
館山沖,2026-08-04,09,2.6,11.6,6.2,37,27.4,3
館山沖,2026-08-04,12,2.7,11.8,6.3,54,27.5,2
館山沖,2026-08-04,15,2.8,11.9,6.8,53,27.5,2
館山沖,2026-08-04,18,2.9,12.0,5.8,40,27.4,3
館山沖,2026-08-04,21,3.0,11.8,5.7,34,27.3,1
久能沖,2026-08-04,00,1.3,10.2,2.4,70,28.9,0
久能沖,2026-08-04,03,1.4,10.6,3.1,86,28.7,1
久能沖,2026-08-04,06,1.4,10.7,2.7,75,28.5,1
久能沖,2026-08-04,09,1.4,11.0,3.2,91,28.3,0
久能沖,2026-08-04,12,1.3,11.1,4.0,91,28.2,0
久能沖,2026-08-04,15,1.0,10.0,5.4,109,28.2,0
久能沖,2026-08-04,18,1.1,10.9,5.0,99,28.0,0
久能沖,2026-08-04,21,1.2,10.6,4.0,74,27.9,0
富浦沖,2026-08-04,00,2.7,12.3,5.8,30,27.1,1
富浦沖,2026-08-04,03,2.9,12.5,5.9,26,27.1,0
富浦沖,2026-08-04,06,3.0,12.4,6.6,22,27.0,1
富浦沖,2026-08-04,09,2.7,11.8,6.2,37,27.0,3
富浦沖,2026-08-04,12,2.8,12.2,6.3,54,27.1,2
富浦沖,2026-08-04,15,2.9,12.2,6.8,53,27.1,2
富浦沖,2026-08-04,18,3.0,12.3,5.8,40,27.1,3
富浦沖,2026-08-04,21,3.1,12.1,5.7,34,27.0,1
折戸沖,2026-08-04,00,1.3,10.2,2.4,70,28.9,0
折戸沖,2026-08-04,03,1.4,10.6,3.1,86,28.7,1
折戸沖,2026-08-04,06,1.4,10.7,2.7,75,28.5,1
折戸沖,2026-08-04,09,1.4,11.0,3.2,91,28.3,0
折戸沖,2026-08-04,12,1.3,11.1,4.0,91,28.2,0
折戸沖,2026-08-04,15,1.0,10.0,5.4,109,28.2,0
折戸沖,2026-08-04,18,1.1,10.9,5.0,99,28.0,0
折戸沖,2026-08-04,21,1.2,10.6,4.0,74,27.9,0
貯木場,2026-08-04,00,1.1,7.8,2.4,70,28.9,0
貯木場,2026-08-04,03,1.1,8.2,3.1,86,28.7,1
貯木場,2026-08-04,06,1.1,8.5,2.7,75,28.5,1
貯木場,2026-08-04,09,1.0,9.1,3.2,91,28.3,0
貯木場,2026-08-04,12,1.0,9.4,4.0,91,28.2,0
貯木場,2026-08-04,15,0.7,8.3,5.4,109,28.2,0
貯木場,2026-08-04,18,0.8,9.2,5.0,99,28.0,0
貯木場,2026-08-04,21,0.9,9.1,4.0,74,27.9,0
折戸,2026-08-04,00,1.1,7.8,2.4,70,28.1,0
折戸,2026-08-04,03,1.1,8.2,3.1,86,27.7,1
折戸,2026-08-04,06,1.1,8.5,2.7,75,27.4,1
折戸,2026-08-04,09,1.0,9.1,3.2,91,27.2,0
折戸,2026-08-04,12,1.0,9.4,4.0,91,27.1,0
折戸,2026-08-04,15,0.7,8.3,5.4,109,27.1,0
折戸,2026-08-04,18,0.8,9.2,5.0,99,27.2,0
折戸,2026-08-04,21,0.9,9.1,4.0,74,27.2,0
清水沖,2026-08-04,00,1.1,7.8,2.4,70,28.1,0
清水沖,2026-08-04,03,1.1,8.2,3.1,86,27.7,1
清水沖,2026-08-04,06,1.1,8.5,2.7,75,27.4,1
清水沖,2026-08-04,09,1.0,9.1,3.2,91,27.2,0
清水沖,2026-08-04,12,1.0,9.4,4.0,91,27.1,0
清水沖,2026-08-04,15,0.7,8.3,5.4,109,27.1,0
清水沖,2026-08-04,18,0.8,9.2,5.0,99,27.2,0
清水沖,2026-08-04,21,0.9,9.1,4.0,74,27.2,0
岩井富浦沖,2026-08-04,00,1.9,12.2,5.8,30,27.5,1
岩井富浦沖,2026-08-04,03,2.0,12.4,5.9,26,27.4,0
岩井富浦沖,2026-08-04,06,2.0,12.3,6.6,22,27.3,1
岩井富浦沖,2026-08-04,09,1.8,11.5,6.2,37,27.2,3
岩井富浦沖,2026-08-04,12,2.0,12.2,6.3,54,27.3,2
岩井富浦沖,2026-08-04,15,2.1,12.3,6.8,53,27.4,2
岩井富浦沖,2026-08-04,18,2.1,12.4,5.8,40,27.3,3
岩井富浦沖,2026-08-04,21,2.2,12.0,5.7,34,27.2,1
北防,2026-08-04,00,1.1,7.8,2.4,70,28.9,0
北防,2026-08-04,03,1.1,8.2,3.1,86,28.7,1
北防,2026-08-04,06,1.1,8.5,2.7,75,28.5,1
北防,2026-08-04,09,1.0,9.1,3.2,91,28.3,0
北防,2026-08-04,12,1.0,9.4,4.0,91,28.2,0
北防,2026-08-04,15,0.7,8.3,5.4,109,28.2,0
北防,2026-08-04,18,0.8,9.2,5.0,99,28.0,0
北防,2026-08-04,21,0.9,9.1,4.0,74,27.9,0
一文字堤,2026-08-04,00,1.1,7.8,2.4,70,28.1,0
一文字堤,2026-08-04,03,1.1,8.2,3.1,86,27.7,1
一文字堤,2026-08-04,06,1.1,8.5,2.7,75,27.4,1
一文字堤,2026-08-04,09,1.0,9.1,3.2,91,27.2,0
一文字堤,2026-08-04,12,1.0,9.4,4.0,91,27.1,0
一文字堤,2026-08-04,15,0.7,8.3,5.4,109,27.1,0
一文字堤,2026-08-04,18,0.8,9.2,5.0,99,27.2,0
一文字堤,2026-08-04,21,0.9,9.1,4.0,74,27.2,0
西浦沖,2026-08-04,00,0.7,5.7,4.7,91,27.4,0
西浦沖,2026-08-04,03,0.8,5.8,5.4,95,27.1,0
西浦沖,2026-08-04,06,0.7,6.2,4.9,94,26.9,0
西浦沖,2026-08-04,09,0.6,6.2,5.8,89,26.9,0
西浦沖,2026-08-04,12,0.7,6.6,6.1,84,27.1,0
西浦沖,2026-08-04,15,0.5,5.5,6.4,85,27.3,0
西浦沖,2026-08-04,18,0.6,6.9,5.9,92,27.3,0
西浦沖,2026-08-04,21,0.5,7.2,4.7,86,27.3,1
高新田前,2026-08-04,00,1.1,7.8,2.4,70,28.1,0
高新田前,2026-08-04,03,1.1,8.2,3.1,86,27.7,1
高新田前,2026-08-04,06,1.1,8.5,2.7,75,27.4,1
高新田前,2026-08-04,09,1.0,9.1,3.2,91,27.2,0
高新田前,2026-08-04,12,1.0,9.4,4.0,91,27.1,0
高新田前,2026-08-04,15,0.7,8.3,5.4,109,27.1,0
高新田前,2026-08-04,18,0.8,9.2,5.0,99,27.2,0
高新田前,2026-08-04,21,0.9,9.1,4.0,74,27.2,0
三保沖,2026-08-04,00,1.1,7.8,1.0,63,28.5,1
三保沖,2026-08-04,03,1.1,8.2,1.9,107,28.3,1
三保沖,2026-08-04,06,1.1,8.5,1.5,88,28.2,2
三保沖,2026-08-04,09,1.0,9.1,2.4,109,28.2,0
三保沖,2026-08-04,12,1.0,9.4,2.9,107,28.4,0
三保沖,2026-08-04,15,0.7,8.3,4.4,114,28.5,0
三保沖,2026-08-04,18,0.8,9.2,2.8,97,28.5,1
三保沖,2026-08-04,21,0.9,9.1,0.9,63,28.4,0
三保取入口,2026-08-04,00,1.1,7.8,1.0,63,28.5,1
三保取入口,2026-08-04,03,1.1,8.2,1.9,107,28.3,1
三保取入口,2026-08-04,06,1.1,8.5,1.5,88,28.2,2
三保取入口,2026-08-04,09,1.0,9.1,2.4,109,28.2,0
三保取入口,2026-08-04,12,1.0,9.4,2.9,107,28.4,0
三保取入口,2026-08-04,15,0.7,8.3,4.4,114,28.5,0
三保取入口,2026-08-04,18,0.8,9.2,2.8,97,28.5,1
三保取入口,2026-08-04,21,0.9,9.1,0.9,63,28.4,0
静浦沖,2026-08-04,00,0.7,5.7,4.1,85,27.4,0
静浦沖,2026-08-04,03,0.8,5.8,4.3,95,27.1,0
静浦沖,2026-08-04,06,0.7,6.2,4.4,93,26.9,0
静浦沖,2026-08-04,09,0.6,6.2,4.6,88,26.9,0
静浦沖,2026-08-04,12,0.7,6.6,5.4,85,27.1,0
静浦沖,2026-08-04,15,0.5,5.5,6.5,90,27.3,0
静浦沖,2026-08-04,18,0.6,6.9,6.1,93,27.3,0
静浦沖,2026-08-04,21,0.5,7.2,4.5,81,27.3,1
網代沖,2026-08-04,00,,,4.2,68,27.9,0
網代沖,2026-08-04,03,,,5.1,67,27.8,0
網代沖,2026-08-04,06,,,3.7,63,27.7,0
網代沖,2026-08-04,09,,,5.3,72,27.6,0
網代沖,2026-08-04,12,,,5.3,70,27.6,0
網代沖,2026-08-04,15,,,5.8,76,27.6,0
網代沖,2026-08-04,18,,,4.7,81,27.5,1
網代沖,2026-08-04,21,,,4.5,67,27.4,3
網代南沖,2026-08-04,00,2.2,11.9,4.8,46,27.9,0
網代南沖,2026-08-04,03,2.3,12.2,5.3,48,27.8,0
網代南沖,2026-08-04,06,2.4,12.2,4.5,40,27.7,1
網代南沖,2026-08-04,09,2.1,11.6,5.5,55,27.6,0
網代南沖,2026-08-04,12,2.3,12.0,5.3,59,27.6,0
網代南沖,2026-08-04,15,2.2,11.8,6.1,68,27.6,0
網代南沖,2026-08-04,18,2.3,11.9,5.0,66,27.5,0
網代南沖,2026-08-04,21,2.2,11.2,4.8,50,27.4,2
岩井沖,2026-08-04,00,1.9,12.2,5.8,30,27.5,1
岩井沖,2026-08-04,03,2.0,12.4,5.9,26,27.4,0
岩井沖,2026-08-04,06,2.0,12.3,6.6,22,27.3,1
岩井沖,2026-08-04,09,1.8,11.5,6.2,37,27.2,3
岩井沖,2026-08-04,12,2.0,12.2,6.3,54,27.3,2
岩井沖,2026-08-04,15,2.1,12.3,6.8,53,27.4,2
岩井沖,2026-08-04,18,2.1,12.4,5.8,40,27.3,3
岩井沖,2026-08-04,21,2.2,12.0,5.7,34,27.2,1
沼津沖,2026-08-04,00,0.7,5.7,4.7,91,27.4,0
沼津沖,2026-08-04,03,0.8,5.8,5.4,95,27.1,0
沼津沖,2026-08-04,06,0.7,6.2,4.9,94,26.9,0
沼津沖,2026-08-04,09,0.6,6.2,5.8,89,26.9,0
沼津沖,2026-08-04,12,0.7,6.6,6.1,84,27.1,0
沼津沖,2026-08-04,15,0.5,5.5,6.4,85,27.3,0
沼津沖,2026-08-04,18,0.6,6.9,5.9,92,27.3,0
沼津沖,2026-08-04,21,0.5,7.2,4.7,86,27.3,1
相模湾,2026-08-04,00,2.4,12.2,11.2,28,27.5,2
相模湾,2026-08-04,03,2.5,12.4,11.0,31,27.3,1
相模湾,2026-08-04,06,2.6,12.4,10.9,24,27.1,1
相模湾,2026-08-04,09,2.3,11.8,9.9,30,26.9,0
相模湾,2026-08-04,12,2.5,12.3,9.1,43,26.8,0
相模湾,2026-08-04,15,2.5,12.1,8.9,46,26.8,1
相模湾,2026-08-04,18,2.6,12.2,9.6,54,26.7,3
相模湾,2026-08-04,21,2.5,11.7,9.6,41,26.6,2
太海沖航程1時間30分,2026-08-04,00,2.7,11.7,4.9,28,27.9,0
太海沖航程1時間30分,2026-08-04,03,2.9,11.9,4.9,24,27.8,0
太海沖航程1時間30分,2026-08-04,06,2.9,11.9,5.3,21,27.7,1
太海沖航程1時間30分,2026-08-04,09,2.7,11.3,5.9,39,27.7,3
太海沖航程1時間30分,2026-08-04,12,2.8,11.6,5.8,52,27.8,2
太海沖航程1時間30分,2026-08-04,15,3.0,11.7,6.0,50,27.8,3
太海沖航程1時間30分,2026-08-04,18,3.0,11.7,5.1,37,27.7,1
太海沖航程1時間30分,2026-08-04,21,3.1,11.6,5.0,31,27.6,0
木負沖,2026-08-04,00,0.7,5.7,4.1,85,27.4,0
木負沖,2026-08-04,03,0.8,5.8,4.3,95,27.1,0
木負沖,2026-08-04,06,0.7,6.2,4.4,93,26.9,0
木負沖,2026-08-04,09,0.6,6.2,4.6,88,26.9,0
木負沖,2026-08-04,12,0.7,6.6,5.4,85,27.1,0
木負沖,2026-08-04,15,0.5,5.5,6.5,90,27.3,0
木負沖,2026-08-04,18,0.6,6.9,6.1,93,27.3,0
木負沖,2026-08-04,21,0.5,7.2,4.5,81,27.3,1
木負湾内,2026-08-04,00,0.7,5.7,4.1,85,27.4,0
木負湾内,2026-08-04,03,0.8,5.8,4.3,95,27.1,0
木負湾内,2026-08-04,06,0.7,6.2,4.4,93,26.9,0
木負湾内,2026-08-04,09,0.6,6.2,4.6,88,26.9,0
木負湾内,2026-08-04,12,0.7,6.6,5.4,85,27.1,0
木負湾内,2026-08-04,15,0.5,5.5,6.5,90,27.3,0
木負湾内,2026-08-04,18,0.6,6.9,6.1,93,27.3,0
木負湾内,2026-08-04,21,0.5,7.2,4.5,81,27.3,1
カメギ根,2026-08-04,00,2.4,12.5,9.6,29,27.0,3
カメギ根,2026-08-04,03,2.6,12.7,9.6,35,26.8,2
カメギ根,2026-08-04,06,2.7,12.6,9.5,28,26.7,2
カメギ根,2026-08-04,09,2.4,11.9,9.3,32,26.6,1
カメギ根,2026-08-04,12,2.6,12.4,9.0,41,26.6,0
カメギ根,2026-08-04,15,2.6,12.4,8.7,42,26.7,1
カメギ根,2026-08-04,18,2.7,12.6,8.9,53,26.7,3
カメギ根,2026-08-04,21,2.7,12.1,8.5,37,26.6,2
保田沖,2026-08-04,00,2.1,12.4,4.8,28,27.3,1
保田沖,2026-08-04,03,2.3,12.6,5.1,28,27.1,0
保田沖,2026-08-04,06,2.3,12.4,5.5,28,27.0,3
保田沖,2026-08-04,09,2.1,11.7,6.0,33,27.0,2
保田沖,2026-08-04,12,2.3,12.3,5.2,43,27.0,3
保田沖,2026-08-04,15,2.3,12.4,5.4,54,27.1,2
保田沖,2026-08-04,18,2.4,12.7,5.1,45,27.1,1
保田沖,2026-08-04,21,2.5,12.2,5.2,32,27.0,1
大沢沖前後,2026-08-04,00,3.2,11.7,5.7,26,27.3,0
大沢沖前後,2026-08-04,03,3.4,11.9,5.7,25,27.3,0
大沢沖前後,2026-08-04,06,3.4,11.9,5.5,19,27.2,1
大沢沖前後,2026-08-04,09,3.2,11.4,6.8,36,27.2,1
大沢沖前後,2026-08-04,12,3.3,11.4,6.6,42,27.2,2
大沢沖前後,2026-08-04,15,3.6,11.8,6.5,40,27.2,3
大沢沖前後,2026-08-04,18,3.6,11.8,5.6,31,27.2,2
大沢沖前後,2026-08-04,21,3.7,11.8,5.9,31,27.1,0
勝浦沖航程1時間30分,2026-08-04,00,3.5,11.2,6.0,26,27.0,0
勝浦沖航程1時間30分,2026-08-04,03,3.7,11.6,6.6,27,26.9,1
勝浦沖航程1時間30分,2026-08-04,06,3.8,11.6,6.2,20,26.9,0
勝浦沖航程1時間30分,2026-08-04,09,3.6,11.0,7.0,30,26.8,2
勝浦沖航程1時間30分,2026-08-04,12,3.7,11.0,7.2,35,26.8,2
勝浦沖航程1時間30分,2026-08-04,15,3.9,11.3,6.8,33,26.9,3
勝浦沖航程1時間30分,2026-08-04,18,3.9,11.4,6.1,31,26.9,3
勝浦沖航程1時間30分,2026-08-04,21,4.0,11.4,6.2,29,26.8,2
由比沖,2026-08-04,00,0.5,8.3,0.5,153,29.0,51
由比沖,2026-08-04,03,0.5,8.6,1.3,149,28.8,1
由比沖,2026-08-04,06,0.5,9.0,1.1,157,28.7,1
由比沖,2026-08-04,09,0.5,9.2,2.0,180,28.7,0
由比沖,2026-08-04,12,0.5,8.9,2.9,153,28.8,1
由比沖,2026-08-04,15,0.4,6.8,2.6,133,28.9,0
由比沖,2026-08-04,18,0.5,8.4,2.1,120,28.7,0
由比沖,2026-08-04,21,0.4,9.3,0.6,45,28.5,0
由比港周辺,2026-08-04,00,0.5,8.3,0.5,153,29.0,51
由比港周辺,2026-08-04,03,0.5,8.6,1.3,149,28.8,1
由比港周辺,2026-08-04,06,0.5,9.0,1.1,157,28.7,1
由比港周辺,2026-08-04,09,0.5,9.2,2.0,180,28.7,0
由比港周辺,2026-08-04,12,0.5,8.9,2.9,153,28.8,1
由比港周辺,2026-08-04,15,0.4,6.8,2.6,133,28.9,0
由比港周辺,2026-08-04,18,0.5,8.4,2.1,120,28.7,0
由比港周辺,2026-08-04,21,0.4,9.3,0.6,45,28.5,0
岩船沖,2026-08-04,00,2.7,11.7,4.6,27,27.9,0
岩船沖,2026-08-04,03,2.9,11.9,4.6,23,27.8,0
岩船沖,2026-08-04,06,2.9,11.9,4.5,18,27.7,3
岩船沖,2026-08-04,09,2.7,11.3,5.9,38,27.7,2
岩船沖,2026-08-04,12,2.8,11.6,5.6,49,27.8,2
岩船沖,2026-08-04,15,3.0,11.7,5.7,49,27.8,3
岩船沖,2026-08-04,18,3.0,11.7,4.7,36,27.7,1
岩船沖,2026-08-04,21,3.1,11.6,4.8,30,27.6,0
小湊沖,2026-08-04,00,2.6,11.9,5.7,26,27.7,0
小湊沖,2026-08-04,03,2.8,12.2,5.7,25,27.6,0
小湊沖,2026-08-04,06,2.9,12.2,5.5,19,27.6,1
小湊沖,2026-08-04,09,2.7,11.5,6.8,36,27.5,1
小湊沖,2026-08-04,12,2.8,11.7,6.6,42,27.6,2
小湊沖,2026-08-04,15,3.1,12.1,6.5,40,27.6,3
小湊沖,2026-08-04,18,3.0,11.9,5.6,31,27.5,2
小湊沖,2026-08-04,21,3.2,12.0,5.9,31,27.5,0
太海沖,2026-08-04,00,1.3,11.5,4.8,28,27.5,1
太海沖,2026-08-04,03,1.4,11.8,5.1,28,27.3,0
太海沖,2026-08-04,06,1.4,11.6,5.5,28,27.1,3
太海沖,2026-08-04,09,1.2,10.6,6.0,33,27.0,2
太海沖,2026-08-04,12,1.4,11.8,5.2,43,27.1,3
太海沖,2026-08-04,15,1.5,12.0,5.4,54,27.2,2
太海沖,2026-08-04,18,1.5,11.9,5.1,45,27.1,1
太海沖,2026-08-04,21,1.6,11.6,5.2,32,26.9,1
鴨川沖前後,2026-08-04,00,2.2,11.7,5.7,26,27.9,0
鴨川沖前後,2026-08-04,03,2.3,11.9,5.7,25,27.8,0
鴨川沖前後,2026-08-04,06,2.4,11.8,5.5,19,27.8,1
鴨川沖前後,2026-08-04,09,2.2,11.2,6.8,36,27.8,1
鴨川沖前後,2026-08-04,12,2.3,11.4,6.6,42,27.8,2
鴨川沖前後,2026-08-04,15,2.6,11.8,6.5,40,27.8,3
鴨川沖前後,2026-08-04,18,2.5,11.6,5.6,31,27.8,2
鴨川沖前後,2026-08-04,21,2.6,11.7,5.9,31,27.7,0
岩和田沖,2026-08-04,00,3.3,11.6,6.0,26,27.3,0
岩和田沖,2026-08-04,03,3.4,11.9,6.6,27,27.3,1
岩和田沖,2026-08-04,06,3.5,11.9,6.2,20,27.2,0
岩和田沖,2026-08-04,09,3.3,11.3,7.0,30,27.2,2
岩和田沖,2026-08-04,12,3.4,11.4,7.2,35,27.3,2
岩和田沖,2026-08-04,15,3.7,11.8,6.8,33,27.3,3
岩和田沖,2026-08-04,18,3.6,11.8,6.1,31,27.3,3
岩和田沖,2026-08-04,21,3.8,11.9,6.2,29,27.2,2
城ヶ島西沖,2026-08-04,00,2.0,12.7,9.6,29,27.7,3
城ヶ島西沖,2026-08-04,03,2.2,12.8,9.6,35,27.6,2
城ヶ島西沖,2026-08-04,06,2.2,12.7,9.5,28,27.5,2
城ヶ島西沖,2026-08-04,09,2.0,11.9,9.3,32,27.4,1
城ヶ島西沖,2026-08-04,12,2.2,12.6,9.0,41,27.4,0
城ヶ島西沖,2026-08-04,15,2.2,12.4,8.7,42,27.3,1
城ヶ島西沖,2026-08-04,18,2.3,12.7,8.9,53,27.2,3
城ヶ島西沖,2026-08-04,21,2.4,12.2,8.5,37,27.1,2
城ヶ島沖,2026-08-04,00,1.9,12.4,9.7,29,27.7,2
城ヶ島沖,2026-08-04,03,2.0,12.7,10.2,35,27.6,1
城ヶ島沖,2026-08-04,06,2.0,12.5,10.9,32,27.5,1
城ヶ島沖,2026-08-04,09,1.8,11.7,10.2,29,27.3,2
城ヶ島沖,2026-08-04,12,2.0,12.4,9.3,31,27.3,1
城ヶ島沖,2026-08-04,15,2.1,12.4,8.5,40,27.3,2
城ヶ島沖,2026-08-04,18,2.2,12.7,9.0,46,27.2,3
城ヶ島沖,2026-08-04,21,2.3,12.2,9.2,33,27.0,1
大貫沖～富浦沖,2026-08-04,00,1.3,11.5,4.8,28,27.8,1
大貫沖～富浦沖,2026-08-04,03,1.4,11.8,5.1,28,27.6,0
大貫沖～富浦沖,2026-08-04,06,1.4,11.6,5.5,28,27.4,3
大貫沖～富浦沖,2026-08-04,09,1.2,10.6,6.0,33,27.3,2
大貫沖～富浦沖,2026-08-04,12,1.4,11.8,5.2,43,27.4,3
大貫沖～富浦沖,2026-08-04,15,1.5,12.0,5.4,54,27.5,2
大貫沖～富浦沖,2026-08-04,18,1.5,11.9,5.1,45,27.4,1
大貫沖～富浦沖,2026-08-04,21,1.6,11.6,5.2,32,27.3,1
御宿沖,2026-08-04,00,3.3,11.6,6.0,26,27.3,0
御宿沖,2026-08-04,03,3.4,11.9,6.6,27,27.3,1
御宿沖,2026-08-04,06,3.5,11.9,6.2,20,27.2,0
御宿沖,2026-08-04,09,3.3,11.3,7.0,30,27.2,2
御宿沖,2026-08-04,12,3.4,11.4,7.2,35,27.3,2
御宿沖,2026-08-04,15,3.7,11.8,6.8,33,27.3,3
御宿沖,2026-08-04,18,3.6,11.8,6.1,31,27.3,3
御宿沖,2026-08-04,21,3.8,11.9,6.2,29,27.2,2
興津港沖,2026-08-04,00,3.3,11.6,6.0,26,27.3,0
興津港沖,2026-08-04,03,3.4,11.9,6.6,27,27.3,1
興津港沖,2026-08-04,06,3.5,11.9,6.2,20,27.2,0
興津港沖,2026-08-04,09,3.3,11.3,7.0,30,27.2,2
興津港沖,2026-08-04,12,3.4,11.4,7.2,35,27.3,2
興津港沖,2026-08-04,15,3.7,11.8,6.8,33,27.3,3
興津港沖,2026-08-04,18,3.6,11.8,6.1,31,27.3,3
興津港沖,2026-08-04,21,3.8,11.9,6.2,29,27.2,2
烏帽子沖,2026-08-04,00,1.9,12.4,9.7,29,27.7,2
烏帽子沖,2026-08-04,03,2.0,12.7,10.2,35,27.6,1
烏帽子沖,2026-08-04,06,2.0,12.5,10.9,32,27.5,1
烏帽子沖,2026-08-04,09,1.8,11.7,10.2,29,27.3,2
烏帽子沖,2026-08-04,12,2.0,12.4,9.3,31,27.3,1
烏帽子沖,2026-08-04,15,2.1,12.4,8.5,40,27.3,2
烏帽子沖,2026-08-04,18,2.2,12.7,9.0,46,27.2,3
烏帽子沖,2026-08-04,21,2.3,12.2,9.2,33,27.0,1
諸磯沖,2026-08-04,00,1.9,12.4,9.7,29,27.7,2
諸磯沖,2026-08-04,03,2.0,12.7,10.2,35,27.6,1
諸磯沖,2026-08-04,06,2.0,12.5,10.9,32,27.5,1
諸磯沖,2026-08-04,09,1.8,11.7,10.2,29,27.3,2
諸磯沖,2026-08-04,12,2.0,12.4,9.3,31,27.3,1
諸磯沖,2026-08-04,15,2.1,12.4,8.5,40,27.3,2
諸磯沖,2026-08-04,18,2.2,12.7,9.0,46,27.2,3
諸磯沖,2026-08-04,21,2.3,12.2,9.2,33,27.0,1
剣崎沖,2026-08-04,00,1.9,12.4,9.7,29,27.7,2
剣崎沖,2026-08-04,03,2.0,12.7,10.2,35,27.6,1
剣崎沖,2026-08-04,06,2.0,12.5,10.9,32,27.5,1
剣崎沖,2026-08-04,09,1.8,11.7,10.2,29,27.3,2
剣崎沖,2026-08-04,12,2.0,12.4,9.3,31,27.3,1
剣崎沖,2026-08-04,15,2.1,12.4,8.5,40,27.3,2
剣崎沖,2026-08-04,18,2.2,12.7,9.0,46,27.2,3
剣崎沖,2026-08-04,21,2.3,12.2,9.2,33,27.0,1
勝浦灯台沖航程20分,2026-08-04,00,3.0,11.9,6.0,26,27.5,0
勝浦灯台沖航程20分,2026-08-04,03,3.2,12.2,6.6,27,27.4,1
勝浦灯台沖航程20分,2026-08-04,06,3.3,12.2,6.2,20,27.4,0
勝浦灯台沖航程20分,2026-08-04,09,3.0,11.6,7.0,30,27.4,2
勝浦灯台沖航程20分,2026-08-04,12,3.2,11.7,7.2,35,27.4,2
勝浦灯台沖航程20分,2026-08-04,15,3.4,12.1,6.8,33,27.4,3
勝浦灯台沖航程20分,2026-08-04,18,3.4,11.9,6.1,31,27.4,3
勝浦灯台沖航程20分,2026-08-04,21,3.6,12.1,6.2,29,27.3,2
勝浦沖航程30分,2026-08-04,00,3.3,11.6,6.0,26,27.3,0
勝浦沖航程30分,2026-08-04,03,3.4,11.9,6.6,27,27.3,1
勝浦沖航程30分,2026-08-04,06,3.5,11.9,6.2,20,27.2,0
勝浦沖航程30分,2026-08-04,09,3.3,11.3,7.0,30,27.2,2
勝浦沖航程30分,2026-08-04,12,3.4,11.4,7.2,35,27.3,2
勝浦沖航程30分,2026-08-04,15,3.7,11.8,6.8,33,27.3,3
勝浦沖航程30分,2026-08-04,18,3.6,11.8,6.1,31,27.3,3
勝浦沖航程30分,2026-08-04,21,3.8,11.9,6.2,29,27.2,2
田子の浦沖,2026-08-04,00,0.5,8.3,0.5,153,29.0,51
田子の浦沖,2026-08-04,03,0.5,8.6,1.3,149,28.8,1
田子の浦沖,2026-08-04,06,0.5,9.0,1.1,157,28.7,1
田子の浦沖,2026-08-04,09,0.5,9.2,2.0,180,28.7,0
田子の浦沖,2026-08-04,12,0.5,8.9,2.9,153,28.8,1
田子の浦沖,2026-08-04,15,0.4,6.8,2.6,133,28.9,0
田子の浦沖,2026-08-04,18,0.5,8.4,2.1,120,28.7,0
田子の浦沖,2026-08-04,21,0.4,9.3,0.6,45,28.5,0
富士川沖,2026-08-04,00,0.5,8.3,0.5,153,28.9,51
富士川沖,2026-08-04,03,0.5,8.6,1.3,149,28.7,1
富士川沖,2026-08-04,06,0.5,9.0,1.1,157,28.6,1
富士川沖,2026-08-04,09,0.5,9.2,2.0,180,28.5,0
富士川沖,2026-08-04,12,0.5,8.9,2.9,153,28.5,1
富士川沖,2026-08-04,15,0.4,6.8,2.6,133,28.4,0
富士川沖,2026-08-04,18,0.5,8.4,2.1,120,28.0,0
富士川沖,2026-08-04,21,0.4,9.3,0.6,45,27.7,0
かんねこ,2026-08-04,00,1.3,11.5,4.8,28,27.5,1
かんねこ,2026-08-04,03,1.4,11.8,5.1,28,27.3,0
かんねこ,2026-08-04,06,1.4,11.6,5.5,28,27.1,3
かんねこ,2026-08-04,09,1.2,10.6,6.0,33,27.0,2
かんねこ,2026-08-04,12,1.4,11.8,5.2,43,27.1,3
かんねこ,2026-08-04,15,1.5,12.0,5.4,54,27.2,2
かんねこ,2026-08-04,18,1.5,11.9,5.1,45,27.1,1
かんねこ,2026-08-04,21,1.6,11.6,5.2,32,26.9,1
海中公園沖,2026-08-04,00,3.3,11.6,6.0,26,27.3,0
海中公園沖,2026-08-04,03,3.4,11.9,6.6,27,27.3,1
海中公園沖,2026-08-04,06,3.5,11.9,6.2,20,27.2,0
海中公園沖,2026-08-04,09,3.3,11.3,7.0,30,27.2,2
海中公園沖,2026-08-04,12,3.4,11.4,7.2,35,27.3,2
海中公園沖,2026-08-04,15,3.7,11.8,6.8,33,27.3,3
海中公園沖,2026-08-04,18,3.6,11.8,6.1,31,27.3,3
海中公園沖,2026-08-04,21,3.8,11.9,6.2,29,27.2,2
真鶴西沖,2026-08-04,00,2.0,12.4,4.1,35,28.0,0
真鶴西沖,2026-08-04,03,2.1,12.7,4.2,37,27.9,1
真鶴西沖,2026-08-04,06,2.2,12.7,3.8,31,27.8,1
真鶴西沖,2026-08-04,09,1.9,11.8,4.7,46,27.7,0
真鶴西沖,2026-08-04,12,2.1,12.3,4.5,54,27.8,0
真鶴西沖,2026-08-04,15,2.1,12.0,5.6,69,27.8,0
真鶴西沖,2026-08-04,18,2.2,12.2,4.5,68,27.7,0
真鶴西沖,2026-08-04,21,2.1,11.6,4.0,43,27.6,1
真鶴沖,2026-08-04,00,2.0,12.4,4.1,35,28.0,0
真鶴沖,2026-08-04,03,2.1,12.7,4.2,37,27.9,1
真鶴沖,2026-08-04,06,2.2,12.7,3.8,31,27.8,1
真鶴沖,2026-08-04,09,1.9,11.8,4.7,46,27.7,0
真鶴沖,2026-08-04,12,2.1,12.3,4.5,54,27.8,0
真鶴沖,2026-08-04,15,2.1,12.0,5.6,69,27.8,0
真鶴沖,2026-08-04,18,2.2,12.2,4.5,68,27.7,0
真鶴沖,2026-08-04,21,2.1,11.6,4.0,43,27.6,1
勝浦灯台沖,2026-08-04,00,3.0,11.9,6.0,26,27.5,0
勝浦灯台沖,2026-08-04,03,3.2,12.2,6.6,27,27.4,1
勝浦灯台沖,2026-08-04,06,3.3,12.2,6.2,20,27.4,0
勝浦灯台沖,2026-08-04,09,3.0,11.6,7.0,30,27.4,2
勝浦灯台沖,2026-08-04,12,3.2,11.7,7.2,35,27.4,2
勝浦灯台沖,2026-08-04,15,3.4,12.1,6.8,33,27.4,3
勝浦灯台沖,2026-08-04,18,3.4,11.9,6.1,31,27.4,3
勝浦灯台沖,2026-08-04,21,3.6,12.1,6.2,29,27.3,2
勝浦沖,2026-08-04,00,3.0,11.9,6.0,26,27.5,0
勝浦沖,2026-08-04,03,3.2,12.2,6.6,27,27.4,1
勝浦沖,2026-08-04,06,3.3,12.2,6.2,20,27.4,0
勝浦沖,2026-08-04,09,3.0,11.6,7.0,30,27.4,2
勝浦沖,2026-08-04,12,3.2,11.7,7.2,35,27.4,2
勝浦沖,2026-08-04,15,3.4,12.1,6.8,33,27.4,3
勝浦沖,2026-08-04,18,3.4,11.9,6.1,31,27.4,3
勝浦沖,2026-08-04,21,3.6,12.1,6.2,29,27.3,2
富士山根,2026-08-04,00,1.6,12.9,6.6,24,28.2,3
富士山根,2026-08-04,03,1.6,13.2,6.7,33,28.1,3
富士山根,2026-08-04,06,1.7,12.9,6.9,26,27.9,51
富士山根,2026-08-04,09,1.5,11.8,6.9,29,27.8,51
富士山根,2026-08-04,12,1.7,12.8,6.7,38,27.8,1
富士山根,2026-08-04,15,1.8,12.6,6.7,42,27.9,2
富士山根,2026-08-04,18,1.8,12.8,6.1,49,27.8,3
富士山根,2026-08-04,21,1.9,12.3,6.1,32,27.7,2
川津沖,2026-08-04,00,2.8,11.2,6.2,27,27.3,0
川津沖,2026-08-04,03,3.0,11.4,6.5,27,27.3,1
川津沖,2026-08-04,06,3.0,11.5,6.4,20,27.2,0
川津沖,2026-08-04,09,2.8,11.0,7.0,28,27.2,3
川津沖,2026-08-04,12,3.0,11.1,7.3,35,27.3,3
川津沖,2026-08-04,15,3.2,11.4,7.0,33,27.3,3
川津沖,2026-08-04,18,3.1,11.3,6.3,33,27.3,3
川津沖,2026-08-04,21,3.4,11.5,6.2,30,27.2,3
下浦沖,2026-08-04,00,1.1,11.2,6.6,24,28.0,3
下浦沖,2026-08-04,03,1.2,11.6,6.7,33,27.8,3
下浦沖,2026-08-04,06,1.2,11.4,6.9,26,27.7,51
下浦沖,2026-08-04,09,1.0,10.2,6.9,29,27.5,51
下浦沖,2026-08-04,12,1.3,11.7,6.7,38,27.5,1
下浦沖,2026-08-04,15,1.3,11.8,6.7,42,27.5,2
下浦沖,2026-08-04,18,1.3,11.9,6.1,49,27.4,3
下浦沖,2026-08-04,21,1.4,11.5,6.1,32,27.3,2
興津沖,2026-08-04,00,2.8,11.2,6.2,27,27.3,0
興津沖,2026-08-04,03,3.0,11.4,6.5,27,27.3,1
興津沖,2026-08-04,06,3.0,11.5,6.4,20,27.2,0
興津沖,2026-08-04,09,2.8,11.0,7.0,28,27.2,3
興津沖,2026-08-04,12,3.0,11.1,7.3,35,27.3,3
興津沖,2026-08-04,15,3.2,11.4,7.0,33,27.3,3
興津沖,2026-08-04,18,3.1,11.3,6.3,33,27.3,3
興津沖,2026-08-04,21,3.4,11.5,6.2,30,27.2,3
長井西沖,2026-08-04,00,1.6,12.9,6.6,24,28.2,3
長井西沖,2026-08-04,03,1.6,13.2,6.7,33,28.1,3
長井西沖,2026-08-04,06,1.7,12.9,6.9,26,27.9,51
長井西沖,2026-08-04,09,1.5,11.8,6.9,29,27.8,51
長井西沖,2026-08-04,12,1.7,12.8,6.7,38,27.8,1
長井西沖,2026-08-04,15,1.8,12.6,6.7,42,27.9,2
長井西沖,2026-08-04,18,1.8,12.8,6.1,49,27.8,3
長井西沖,2026-08-04,21,1.9,12.3,6.1,32,27.7,2
長井沖,2026-08-04,00,1.3,11.9,6.6,24,28.2,3
長井沖,2026-08-04,03,1.4,12.3,6.7,33,28.0,3
長井沖,2026-08-04,06,1.4,12.1,6.9,26,27.9,51
長井沖,2026-08-04,09,1.2,10.8,6.9,29,27.7,51
長井沖,2026-08-04,12,1.5,12.2,6.7,38,27.7,1
長井沖,2026-08-04,15,1.5,12.1,6.7,42,27.7,2
長井沖,2026-08-04,18,1.6,12.3,6.1,49,27.6,3
長井沖,2026-08-04,21,1.6,11.9,6.1,32,27.5,2
三戸浜沖,2026-08-04,00,1.3,11.9,6.6,24,28.2,3
三戸浜沖,2026-08-04,03,1.4,12.3,6.7,33,28.0,3
三戸浜沖,2026-08-04,06,1.4,12.1,6.9,26,27.9,51
三戸浜沖,2026-08-04,09,1.2,10.8,6.9,29,27.7,51
三戸浜沖,2026-08-04,12,1.5,12.2,6.7,38,27.7,1
三戸浜沖,2026-08-04,15,1.5,12.1,6.7,42,27.7,2
三戸浜沖,2026-08-04,18,1.6,12.3,6.1,49,27.6,3
三戸浜沖,2026-08-04,21,1.6,11.9,6.1,32,27.5,2
金谷沖,2026-08-04,00,0.9,10.4,6.6,24,27.9,3
金谷沖,2026-08-04,03,1.0,10.8,6.7,33,27.7,3
金谷沖,2026-08-04,06,1.0,10.6,6.9,26,27.5,51
金谷沖,2026-08-04,09,0.8,9.3,6.9,29,27.4,51
金谷沖,2026-08-04,12,1.0,10.9,6.7,38,27.4,1
金谷沖,2026-08-04,15,1.0,11.3,6.7,42,27.4,2
金谷沖,2026-08-04,18,1.0,11.4,6.1,49,27.3,3
金谷沖,2026-08-04,21,1.1,11.1,6.1,32,27.2,2
佐島沖,2026-08-04,00,1.3,11.9,6.6,24,28.2,3
佐島沖,2026-08-04,03,1.4,12.3,6.7,33,28.0,3
佐島沖,2026-08-04,06,1.4,12.1,6.9,26,27.9,51
佐島沖,2026-08-04,09,1.2,10.8,6.9,29,27.7,51
佐島沖,2026-08-04,12,1.5,12.2,6.7,38,27.7,1
佐島沖,2026-08-04,15,1.5,12.1,6.7,42,27.7,2
佐島沖,2026-08-04,18,1.6,12.3,6.1,49,27.6,3
佐島沖,2026-08-04,21,1.6,11.9,6.1,32,27.5,2
小田原南沖,2026-08-04,00,1.7,13.2,4.1,35,28.2,0
小田原南沖,2026-08-04,03,1.8,13.4,4.2,37,28.1,1
小田原南沖,2026-08-04,06,1.9,13.2,3.8,31,28.0,1
小田原南沖,2026-08-04,09,1.7,12.2,4.7,46,27.9,0
小田原南沖,2026-08-04,12,1.9,12.8,4.5,54,28.0,0
小田原南沖,2026-08-04,15,1.9,12.3,5.6,69,28.0,0
小田原南沖,2026-08-04,18,2.0,12.5,4.5,68,27.9,0
小田原南沖,2026-08-04,21,1.9,12.1,4.0,43,27.8,1
瀬の海,2026-08-04,00,1.8,13.2,5.2,20,28.0,0
瀬の海,2026-08-04,03,1.9,13.3,4.8,17,27.9,2
瀬の海,2026-08-04,06,2.0,13.2,5.2,17,27.9,0
瀬の海,2026-08-04,09,1.7,12.2,5.1,27,27.9,1
瀬の海,2026-08-04,12,2.0,12.8,4.8,36,28.0,0
瀬の海,2026-08-04,15,2.0,12.5,4.8,61,28.0,0
瀬の海,2026-08-04,18,2.1,12.7,4.6,57,27.9,0
瀬の海,2026-08-04,21,2.1,12.2,4.3,38,27.8,3
秋谷沖,2026-08-04,00,1.6,12.9,6.6,24,28.2,3
秋谷沖,2026-08-04,03,1.6,13.2,6.7,33,28.1,3
秋谷沖,2026-08-04,06,1.7,12.9,6.9,26,27.9,51
秋谷沖,2026-08-04,09,1.5,11.8,6.9,29,27.8,51
秋谷沖,2026-08-04,12,1.7,12.8,6.7,38,27.8,1
秋谷沖,2026-08-04,15,1.8,12.6,6.7,42,27.9,2
秋谷沖,2026-08-04,18,1.8,12.8,6.1,49,27.8,3
秋谷沖,2026-08-04,21,1.9,12.3,6.1,32,27.7,2
竹岡沖,2026-08-04,00,0.9,10.4,6.1,26,27.9,3
竹岡沖,2026-08-04,03,1.0,10.8,6.5,37,27.7,0
竹岡沖,2026-08-04,06,1.0,10.6,6.7,28,27.5,1
竹岡沖,2026-08-04,09,0.8,9.3,6.4,29,27.4,51
竹岡沖,2026-08-04,12,1.0,10.9,5.9,33,27.4,2
竹岡沖,2026-08-04,15,1.0,11.3,5.9,44,27.4,3
竹岡沖,2026-08-04,18,1.0,11.4,5.5,51,27.3,1
竹岡沖,2026-08-04,21,1.1,11.1,5.4,34,27.2,1
部原沖,2026-08-04,00,3.0,11.9,6.0,26,27.5,0
部原沖,2026-08-04,03,3.2,12.2,6.6,27,27.4,1
部原沖,2026-08-04,06,3.3,12.2,6.2,20,27.4,0
部原沖,2026-08-04,09,3.0,11.6,7.0,30,27.4,2
部原沖,2026-08-04,12,3.2,11.7,7.2,35,27.4,2
部原沖,2026-08-04,15,3.4,12.1,6.8,33,27.4,3
部原沖,2026-08-04,18,3.4,11.9,6.1,31,27.4,3
部原沖,2026-08-04,21,3.6,12.1,6.2,29,27.3,2
小田原西沖,2026-08-04,00,1.7,13.2,4.1,35,28.2,0
小田原西沖,2026-08-04,03,1.8,13.4,4.2,37,28.1,1
小田原西沖,2026-08-04,06,1.9,13.2,3.8,31,28.0,1
小田原西沖,2026-08-04,09,1.7,12.2,4.7,46,27.9,0
小田原西沖,2026-08-04,12,1.9,12.8,4.5,54,28.0,0
小田原西沖,2026-08-04,15,1.9,12.3,5.6,69,28.0,0
小田原西沖,2026-08-04,18,2.0,12.5,4.5,68,27.9,0
小田原西沖,2026-08-04,21,1.9,12.1,4.0,43,27.8,1
小田原沖,2026-08-04,00,1.7,13.2,4.1,35,28.2,0
小田原沖,2026-08-04,03,1.8,13.4,4.2,37,28.1,1
小田原沖,2026-08-04,06,1.9,13.2,3.8,31,28.0,1
小田原沖,2026-08-04,09,1.7,12.2,4.7,46,27.9,0
小田原沖,2026-08-04,12,1.9,12.8,4.5,54,28.0,0
小田原沖,2026-08-04,15,1.9,12.3,5.6,69,28.0,0
小田原沖,2026-08-04,18,2.0,12.5,4.5,68,27.9,0
小田原沖,2026-08-04,21,1.9,12.1,4.0,43,27.8,1
小田原東沖,2026-08-04,00,1.7,13.2,4.1,35,28.2,0
小田原東沖,2026-08-04,03,1.8,13.4,4.2,37,28.1,1
小田原東沖,2026-08-04,06,1.9,13.2,3.8,31,28.0,1
小田原東沖,2026-08-04,09,1.7,12.2,4.7,46,27.9,0
小田原東沖,2026-08-04,12,1.9,12.8,4.5,54,28.0,0
小田原東沖,2026-08-04,15,1.9,12.3,5.6,69,28.0,0
小田原東沖,2026-08-04,18,2.0,12.5,4.5,68,27.9,0
小田原東沖,2026-08-04,21,1.9,12.1,4.0,43,27.8,1
久里浜沖,2026-08-04,00,1.1,11.2,6.6,24,28.0,3
久里浜沖,2026-08-04,03,1.2,11.6,6.7,33,27.8,3
久里浜沖,2026-08-04,06,1.2,11.4,6.9,26,27.7,51
久里浜沖,2026-08-04,09,1.0,10.2,6.9,29,27.5,51
久里浜沖,2026-08-04,12,1.3,11.7,6.7,38,27.5,1
久里浜沖,2026-08-04,15,1.3,11.8,6.7,42,27.5,2
久里浜沖,2026-08-04,18,1.3,11.9,6.1,49,27.4,3
久里浜沖,2026-08-04,21,1.4,11.5,6.1,32,27.3,2
国府津沖,2026-08-04,00,1.7,13.2,3.7,28,28.2,0
国府津沖,2026-08-04,03,1.8,13.4,3.4,30,28.1,0
国府津沖,2026-08-04,06,1.9,13.2,3.2,27,28.0,0
国府津沖,2026-08-04,09,1.7,12.2,4.1,34,27.9,0
国府津沖,2026-08-04,12,1.9,12.8,3.8,45,28.0,0
国府津沖,2026-08-04,15,1.9,12.3,4.1,65,28.0,0
国府津沖,2026-08-04,18,2.0,12.5,3.9,71,27.9,0
国府津沖,2026-08-04,21,1.9,12.1,3.0,42,27.8,2
葉山南沖,2026-08-04,00,1.1,13.1,6.6,24,28.5,3
葉山南沖,2026-08-04,03,1.1,13.3,6.7,33,28.4,3
葉山南沖,2026-08-04,06,1.2,13.0,6.9,26,28.3,51
葉山南沖,2026-08-04,09,0.9,11.2,6.9,29,28.2,51
葉山南沖,2026-08-04,12,1.2,12.8,6.7,38,28.3,1
葉山南沖,2026-08-04,15,1.2,12.3,6.7,42,28.3,2
葉山南沖,2026-08-04,18,1.3,12.7,6.1,49,28.3,3
葉山南沖,2026-08-04,21,1.4,12.2,6.1,32,28.2,2
エボシ沖,2026-08-04,00,1.1,13.1,6.6,24,28.5,3
エボシ沖,2026-08-04,03,1.1,13.3,6.7,33,28.4,3
エボシ沖,2026-08-04,06,1.2,13.0,6.9,26,28.3,51
エボシ沖,2026-08-04,09,0.9,11.2,6.9,29,28.2,51
エボシ沖,2026-08-04,12,1.2,12.8,6.7,38,28.3,1
エボシ沖,2026-08-04,15,1.2,12.3,6.7,42,28.3,2
エボシ沖,2026-08-04,18,1.3,12.7,6.1,49,28.3,3
エボシ沖,2026-08-04,21,1.4,12.2,6.1,32,28.2,2
観音崎沖ｍ,2026-08-04,00,0.8,9.3,6.6,24,28.2,3
観音崎沖ｍ,2026-08-04,03,0.8,9.7,6.7,33,28.1,3
観音崎沖ｍ,2026-08-04,06,0.8,9.7,6.9,26,28.0,51
観音崎沖ｍ,2026-08-04,09,0.6,8.2,6.9,29,27.9,51
観音崎沖ｍ,2026-08-04,12,0.8,10.2,6.7,38,27.9,1
観音崎沖ｍ,2026-08-04,15,0.8,10.2,6.7,42,27.9,2
観音崎沖ｍ,2026-08-04,18,0.8,10.7,6.1,49,27.8,3
観音崎沖ｍ,2026-08-04,21,0.8,10.6,6.1,32,27.6,2
浦賀沖,2026-08-04,00,0.8,9.3,6.6,24,28.2,3
浦賀沖,2026-08-04,03,0.8,9.7,6.7,33,28.1,3
浦賀沖,2026-08-04,06,0.8,9.7,6.9,26,28.0,51
浦賀沖,2026-08-04,09,0.6,8.2,6.9,29,27.9,51
浦賀沖,2026-08-04,12,0.8,10.2,6.7,38,27.9,1
浦賀沖,2026-08-04,15,0.8,10.2,6.7,42,27.9,2
浦賀沖,2026-08-04,18,0.8,10.7,6.1,49,27.8,3
浦賀沖,2026-08-04,21,0.8,10.6,6.1,32,27.6,2
鎌倉沖,2026-08-04,00,1.1,13.1,4.5,16,28.5,1
鎌倉沖,2026-08-04,03,1.1,13.3,4.2,11,28.4,3
鎌倉沖,2026-08-04,06,1.2,13.0,4.6,11,28.3,0
鎌倉沖,2026-08-04,09,0.9,11.2,4.8,28,28.2,0
鎌倉沖,2026-08-04,12,1.2,12.8,4.7,45,28.3,0
鎌倉沖,2026-08-04,15,1.2,12.3,5.0,60,28.3,0
鎌倉沖,2026-08-04,18,1.3,12.7,4.3,60,28.3,1
鎌倉沖,2026-08-04,21,1.4,12.2,4.2,37,28.2,3
葉山沖,2026-08-04,00,1.1,13.1,5.1,20,28.5,2
葉山沖,2026-08-04,03,1.1,13.3,5.2,27,28.4,3
葉山沖,2026-08-04,06,1.2,13.0,5.1,18,28.3,1
葉山沖,2026-08-04,09,0.9,11.2,5.5,30,28.2,51
葉山沖,2026-08-04,12,1.2,12.8,5.6,46,28.3,0
葉山沖,2026-08-04,15,1.2,12.3,5.9,51,28.3,1
葉山沖,2026-08-04,18,1.3,12.7,5.1,59,28.3,3
葉山沖,2026-08-04,21,1.4,12.2,4.9,36,28.2,2
大貫沖,2026-08-04,00,0.7,8.2,6.1,26,28.0,3
大貫沖,2026-08-04,03,0.7,8.6,6.5,37,27.8,0
大貫沖,2026-08-04,06,0.7,8.6,6.7,28,27.7,1
大貫沖,2026-08-04,09,0.5,7.5,6.4,29,27.6,51
大貫沖,2026-08-04,12,0.7,9.2,5.9,33,27.6,2
大貫沖,2026-08-04,15,0.7,9.7,5.9,44,27.6,3
大貫沖,2026-08-04,18,0.7,10.1,5.5,51,27.4,1
大貫沖,2026-08-04,21,0.7,10.2,5.4,34,27.3,1
大原沖,2026-08-04,00,2.7,11.3,6.2,27,26.6,0
大原沖,2026-08-04,03,2.9,11.6,6.5,27,26.5,1
大原沖,2026-08-04,06,2.9,11.7,6.4,20,26.4,0
大原沖,2026-08-04,09,2.8,11.2,7.0,28,26.4,3
大原沖,2026-08-04,12,2.8,11.2,7.3,35,26.5,3
大原沖,2026-08-04,15,3.0,11.5,7.0,33,26.5,3
大原沖,2026-08-04,18,2.9,11.4,6.3,33,26.6,3
大原沖,2026-08-04,21,3.1,11.7,6.2,30,26.6,3
江の島沖,2026-08-04,00,1.3,13.5,4.5,16,28.4,1
江の島沖,2026-08-04,03,1.4,13.7,4.2,11,28.3,3
江の島沖,2026-08-04,06,1.4,13.3,4.6,11,28.2,0
江の島沖,2026-08-04,09,1.2,11.8,4.8,28,28.2,0
江の島沖,2026-08-04,12,1.5,13.1,4.7,45,28.3,0
江の島沖,2026-08-04,15,1.4,12.6,5.0,60,28.4,0
江の島沖,2026-08-04,18,1.6,12.8,4.3,60,28.3,1
江の島沖,2026-08-04,21,1.6,12.4,4.2,37,28.1,3
小坪沖,2026-08-04,00,1.1,13.1,5.1,20,28.5,2
小坪沖,2026-08-04,03,1.1,13.3,5.2,27,28.4,3
小坪沖,2026-08-04,06,1.2,13.0,5.1,18,28.3,1
小坪沖,2026-08-04,09,0.9,11.2,5.5,30,28.2,51
小坪沖,2026-08-04,12,1.2,12.8,5.6,46,28.3,0
小坪沖,2026-08-04,15,1.2,12.3,5.9,51,28.3,1
小坪沖,2026-08-04,18,1.3,12.7,5.1,59,28.3,3
小坪沖,2026-08-04,21,1.4,12.2,4.9,36,28.2,2
横須賀沖,2026-08-04,00,0.8,9.3,6.6,24,28.2,3
横須賀沖,2026-08-04,03,0.8,9.7,6.7,33,28.1,3
横須賀沖,2026-08-04,06,0.8,9.7,6.9,26,28.0,51
横須賀沖,2026-08-04,09,0.6,8.2,6.9,29,27.9,51
横須賀沖,2026-08-04,12,0.8,10.2,6.7,38,27.9,1
横須賀沖,2026-08-04,15,0.8,10.2,6.7,42,27.9,2
横須賀沖,2026-08-04,18,0.8,10.7,6.1,49,27.8,3
横須賀沖,2026-08-04,21,0.8,10.6,6.1,32,27.6,2
観音崎沖～横須賀沖,2026-08-04,00,0.8,9.3,6.6,24,28.2,3
観音崎沖～横須賀沖,2026-08-04,03,0.8,9.7,6.7,33,28.1,3
観音崎沖～横須賀沖,2026-08-04,06,0.8,9.7,6.9,26,28.0,51
観音崎沖～横須賀沖,2026-08-04,09,0.6,8.2,6.9,29,27.9,51
観音崎沖～横須賀沖,2026-08-04,12,0.8,10.2,6.7,38,27.9,1
観音崎沖～横須賀沖,2026-08-04,15,0.8,10.2,6.7,42,27.9,2
観音崎沖～横須賀沖,2026-08-04,18,0.8,10.7,6.1,49,27.8,3
観音崎沖～横須賀沖,2026-08-04,21,0.8,10.6,6.1,32,27.6,2
観音崎沖,2026-08-04,00,0.8,9.3,6.6,24,28.2,3
観音崎沖,2026-08-04,03,0.8,9.7,6.7,33,28.1,3
観音崎沖,2026-08-04,06,0.8,9.7,6.9,26,28.0,51
観音崎沖,2026-08-04,09,0.6,8.2,6.9,29,27.9,51
観音崎沖,2026-08-04,12,0.8,10.2,6.7,38,27.9,1
観音崎沖,2026-08-04,15,0.8,10.2,6.7,42,27.9,2
観音崎沖,2026-08-04,18,0.8,10.7,6.1,49,27.8,3
観音崎沖,2026-08-04,21,0.8,10.6,6.1,32,27.6,2
富津南沖,2026-08-04,00,0.7,8.2,6.1,26,28.0,3
富津南沖,2026-08-04,03,0.7,8.6,6.5,37,27.8,0
富津南沖,2026-08-04,06,0.7,8.6,6.7,28,27.7,1
富津南沖,2026-08-04,09,0.5,7.5,6.4,29,27.6,51
富津南沖,2026-08-04,12,0.7,9.2,5.9,33,27.6,2
富津南沖,2026-08-04,15,0.7,9.7,5.9,44,27.6,3
富津南沖,2026-08-04,18,0.7,10.1,5.5,51,27.4,1
富津南沖,2026-08-04,21,0.7,10.2,5.4,34,27.3,1
大貫沖～猿島沖,2026-08-04,00,0.8,9.3,6.6,24,28.2,3
大貫沖～猿島沖,2026-08-04,03,0.8,9.7,6.7,33,28.1,3
大貫沖～猿島沖,2026-08-04,06,0.8,9.7,6.9,26,28.0,51
大貫沖～猿島沖,2026-08-04,09,0.6,8.2,6.9,29,27.9,51
大貫沖～猿島沖,2026-08-04,12,0.8,10.2,6.7,38,27.9,1
大貫沖～猿島沖,2026-08-04,15,0.8,10.2,6.7,42,27.9,2
大貫沖～猿島沖,2026-08-04,18,0.8,10.7,6.1,49,27.8,3
大貫沖～猿島沖,2026-08-04,21,0.8,10.6,6.1,32,27.6,2
二宮沖,2026-08-04,00,1.3,13.6,3.7,28,28.4,0
二宮沖,2026-08-04,03,1.4,13.8,3.4,30,28.4,0
二宮沖,2026-08-04,06,1.4,13.4,3.2,27,28.3,0
二宮沖,2026-08-04,09,1.2,11.9,4.1,34,28.3,0
二宮沖,2026-08-04,12,1.5,12.8,3.8,45,28.4,0
二宮沖,2026-08-04,15,1.4,12.2,4.1,65,28.5,0
二宮沖,2026-08-04,18,1.5,12.4,3.9,71,28.4,0
二宮沖,2026-08-04,21,1.5,11.9,3.0,42,28.3,2
小坪西沖,2026-08-04,00,1.1,13.1,4.5,16,28.5,1
小坪西沖,2026-08-04,03,1.1,13.3,4.2,11,28.4,3
小坪西沖,2026-08-04,06,1.2,13.0,4.6,11,28.3,0
小坪西沖,2026-08-04,09,0.9,11.2,4.8,28,28.2,0
小坪西沖,2026-08-04,12,1.2,12.8,4.7,45,28.3,0
小坪西沖,2026-08-04,15,1.2,12.3,5.0,60,28.3,0
小坪西沖,2026-08-04,18,1.3,12.7,4.3,60,28.3,1
小坪西沖,2026-08-04,21,1.4,12.2,4.2,37,28.2,3
大津沖,2026-08-04,00,0.9,11.2,6.6,24,28.2,3
大津沖,2026-08-04,03,0.9,11.7,6.7,33,28.1,3
大津沖,2026-08-04,06,0.9,11.5,6.9,26,28.0,51
大津沖,2026-08-04,09,0.7,9.6,6.9,29,27.9,51
大津沖,2026-08-04,12,0.9,11.6,6.7,38,27.9,1
大津沖,2026-08-04,15,0.9,11.3,6.7,42,27.9,2
大津沖,2026-08-04,18,1.0,11.8,6.1,49,27.8,3
大津沖,2026-08-04,21,1.0,11.3,6.1,32,27.6,2
木更津沖～竹岡沖,2026-08-04,00,0.7,8.2,6.1,26,28.6,3
木更津沖～竹岡沖,2026-08-04,03,0.7,8.6,6.5,37,28.4,0
木更津沖～竹岡沖,2026-08-04,06,0.7,8.6,6.7,28,28.2,1
木更津沖～竹岡沖,2026-08-04,09,0.5,7.5,6.4,29,28.1,51
木更津沖～竹岡沖,2026-08-04,12,0.7,9.2,5.9,33,28.2,2
木更津沖～竹岡沖,2026-08-04,15,0.7,9.7,5.9,44,28.2,3
木更津沖～竹岡沖,2026-08-04,18,0.7,10.1,5.5,51,28.1,1
木更津沖～竹岡沖,2026-08-04,21,0.7,10.2,5.4,34,27.9,1
平塚西沖,2026-08-04,00,1.3,13.6,3.7,28,28.4,0
平塚西沖,2026-08-04,03,1.4,13.8,3.4,30,28.4,0
平塚西沖,2026-08-04,06,1.4,13.4,3.2,27,28.3,0
平塚西沖,2026-08-04,09,1.2,11.9,4.1,34,28.3,0
平塚西沖,2026-08-04,12,1.5,12.8,3.8,45,28.4,0
平塚西沖,2026-08-04,15,1.4,12.2,4.1,65,28.5,0
平塚西沖,2026-08-04,18,1.5,12.4,3.9,71,28.4,0
平塚西沖,2026-08-04,21,1.5,11.9,3.0,42,28.3,2
大磯沖,2026-08-04,00,1.3,13.6,5.2,20,28.4,0
大磯沖,2026-08-04,03,1.4,13.8,4.8,17,28.4,2
大磯沖,2026-08-04,06,1.4,13.4,5.2,17,28.3,0
大磯沖,2026-08-04,09,1.2,11.9,5.1,27,28.3,1
大磯沖,2026-08-04,12,1.5,12.8,4.8,36,28.4,0
大磯沖,2026-08-04,15,1.4,12.2,4.8,61,28.5,0
大磯沖,2026-08-04,18,1.5,12.4,4.6,57,28.4,0
大磯沖,2026-08-04,21,1.5,11.9,4.3,38,28.3,3
平塚東沖,2026-08-04,00,1.4,13.7,5.2,20,28.3,0
平塚東沖,2026-08-04,03,1.5,13.8,4.8,17,28.3,2
平塚東沖,2026-08-04,06,1.5,13.5,5.2,17,28.2,0
平塚東沖,2026-08-04,09,1.3,12.1,5.1,27,28.2,1
平塚東沖,2026-08-04,12,1.5,13.1,4.8,36,28.3,0
平塚東沖,2026-08-04,15,1.5,12.6,4.8,61,28.4,0
平塚東沖,2026-08-04,18,1.6,12.8,4.6,57,28.3,0
平塚東沖,2026-08-04,21,1.6,12.3,4.3,38,28.2,3
茅ヶ崎西沖,2026-08-04,00,1.4,13.7,5.2,20,28.3,0
茅ヶ崎西沖,2026-08-04,03,1.5,13.8,4.8,17,28.3,2
茅ヶ崎西沖,2026-08-04,06,1.5,13.5,5.2,17,28.2,0
茅ヶ崎西沖,2026-08-04,09,1.3,12.1,5.1,27,28.2,1
茅ヶ崎西沖,2026-08-04,12,1.5,13.1,4.8,36,28.3,0
茅ヶ崎西沖,2026-08-04,15,1.5,12.6,4.8,61,28.4,0
茅ヶ崎西沖,2026-08-04,18,1.6,12.8,4.6,57,28.3,0
茅ヶ崎西沖,2026-08-04,21,1.6,12.3,4.3,38,28.2,3
大磯東沖,2026-08-04,00,1.4,13.7,5.2,20,28.3,0
大磯東沖,2026-08-04,03,1.5,13.8,4.8,17,28.3,2
大磯東沖,2026-08-04,06,1.5,13.5,5.2,17,28.2,0
大磯東沖,2026-08-04,09,1.3,12.1,5.1,27,28.2,1
大磯東沖,2026-08-04,12,1.5,13.1,4.8,36,28.3,0
大磯東沖,2026-08-04,15,1.5,12.6,4.8,61,28.4,0
大磯東沖,2026-08-04,18,1.6,12.8,4.6,57,28.3,0
大磯東沖,2026-08-04,21,1.6,12.3,4.3,38,28.2,3
茅ヶ崎沖,2026-08-04,00,1.4,13.7,5.2,20,28.3,0
茅ヶ崎沖,2026-08-04,03,1.5,13.8,4.8,17,28.3,2
茅ヶ崎沖,2026-08-04,06,1.5,13.5,5.2,17,28.2,0
茅ヶ崎沖,2026-08-04,09,1.3,12.1,5.1,27,28.2,1
茅ヶ崎沖,2026-08-04,12,1.5,13.1,4.8,36,28.3,0
茅ヶ崎沖,2026-08-04,15,1.5,12.6,4.8,61,28.4,0
茅ヶ崎沖,2026-08-04,18,1.6,12.8,4.6,57,28.3,0
茅ヶ崎沖,2026-08-04,21,1.6,12.3,4.3,38,28.2,3
茅ヶ崎東沖,2026-08-04,00,1.3,13.5,4.5,16,28.4,1
茅ヶ崎東沖,2026-08-04,03,1.4,13.7,4.2,11,28.3,3
茅ヶ崎東沖,2026-08-04,06,1.4,13.3,4.6,11,28.2,0
茅ヶ崎東沖,2026-08-04,09,1.2,11.8,4.8,28,28.2,0
茅ヶ崎東沖,2026-08-04,12,1.5,13.1,4.7,45,28.3,0
茅ヶ崎東沖,2026-08-04,15,1.4,12.6,5.0,60,28.4,0
茅ヶ崎東沖,2026-08-04,18,1.6,12.8,4.3,60,28.3,1
茅ヶ崎東沖,2026-08-04,21,1.6,12.4,4.2,37,28.1,3
猿島沖,2026-08-04,00,0.8,9.3,6.6,24,28.2,3
猿島沖,2026-08-04,03,0.8,9.7,6.7,33,28.1,3
猿島沖,2026-08-04,06,0.8,9.7,6.9,26,28.0,51
猿島沖,2026-08-04,09,0.6,8.2,6.9,29,27.9,51
猿島沖,2026-08-04,12,0.8,10.2,6.7,38,27.9,1
猿島沖,2026-08-04,15,0.8,10.2,6.7,42,27.9,2
猿島沖,2026-08-04,18,0.8,10.7,6.1,49,27.8,3
猿島沖,2026-08-04,21,0.8,10.6,6.1,32,27.6,2
走水沖,2026-08-04,00,0.7,8.2,6.1,26,28.0,3
走水沖,2026-08-04,03,0.7,8.6,6.5,37,27.8,0
走水沖,2026-08-04,06,0.7,8.6,6.7,28,27.7,1
走水沖,2026-08-04,09,0.5,7.5,6.4,29,27.6,51
走水沖,2026-08-04,12,0.7,9.2,5.9,33,27.6,2
走水沖,2026-08-04,15,0.7,9.7,5.9,44,27.6,3
走水沖,2026-08-04,18,0.7,10.1,5.5,51,27.4,1
走水沖,2026-08-04,21,0.7,10.2,5.4,34,27.3,1
海堡沖～竹岡沖,2026-08-04,00,0.7,8.2,6.1,26,28.0,3
海堡沖～竹岡沖,2026-08-04,03,0.7,8.6,6.5,37,27.8,0
海堡沖～竹岡沖,2026-08-04,06,0.7,8.6,6.7,28,27.7,1
海堡沖～竹岡沖,2026-08-04,09,0.5,7.5,6.4,29,27.6,51
海堡沖～竹岡沖,2026-08-04,12,0.7,9.2,5.9,33,27.6,2
海堡沖～竹岡沖,2026-08-04,15,0.7,9.7,5.9,44,27.6,3
海堡沖～竹岡沖,2026-08-04,18,0.7,10.1,5.5,51,27.4,1
海堡沖～竹岡沖,2026-08-04,21,0.7,10.2,5.4,34,27.3,1
太東沖,2026-08-04,00,2.7,11.3,5.9,27,25.2,1
太東沖,2026-08-04,03,2.9,11.6,5.9,22,25.1,1
太東沖,2026-08-04,06,2.9,11.7,5.8,23,25.1,1
太東沖,2026-08-04,09,2.8,11.2,6.7,33,25.0,1
太東沖,2026-08-04,12,2.8,11.2,6.9,44,25.0,1
太東沖,2026-08-04,15,3.0,11.5,6.8,42,25.1,3
太東沖,2026-08-04,18,2.9,11.4,5.9,37,25.1,3
太東沖,2026-08-04,21,3.1,11.7,6.0,34,25.0,3
海堡沖,2026-08-04,00,0.7,8.2,6.1,26,28.0,3
海堡沖,2026-08-04,03,0.7,8.6,6.5,37,27.8,0
海堡沖,2026-08-04,06,0.7,8.6,6.7,28,27.7,1
海堡沖,2026-08-04,09,0.5,7.5,6.4,29,27.6,51
海堡沖,2026-08-04,12,0.7,9.2,5.9,33,27.6,2
海堡沖,2026-08-04,15,0.7,9.7,5.9,44,27.6,3
海堡沖,2026-08-04,18,0.7,10.1,5.5,51,27.4,1
海堡沖,2026-08-04,21,0.7,10.2,5.4,34,27.3,1
富津沖,2026-08-04,00,0.7,8.2,6.1,26,28.0,3
富津沖,2026-08-04,03,0.7,8.6,6.5,37,27.8,0
富津沖,2026-08-04,06,0.7,8.6,6.7,28,27.7,1
富津沖,2026-08-04,09,0.5,7.5,6.4,29,27.6,51
富津沖,2026-08-04,12,0.7,9.2,5.9,33,27.6,2
富津沖,2026-08-04,15,0.7,9.7,5.9,44,27.6,3
富津沖,2026-08-04,18,0.7,10.1,5.5,51,27.4,1
富津沖,2026-08-04,21,0.7,10.2,5.4,34,27.3,1
港前,2026-08-04,00,0.9,11.2,5.1,20,28.5,2
港前,2026-08-04,03,0.9,11.7,5.2,27,28.4,3
港前,2026-08-04,06,0.9,11.5,5.1,18,28.3,1
港前,2026-08-04,09,0.7,9.6,5.5,30,28.2,51
港前,2026-08-04,12,0.9,11.6,5.6,46,28.3,0
港前,2026-08-04,15,0.9,11.3,5.9,51,28.3,1
港前,2026-08-04,18,1.0,11.8,5.1,59,28.3,3
港前,2026-08-04,21,1.0,11.3,4.9,36,28.2,2
鴨居沖,2026-08-04,00,0.9,11.2,5.1,20,28.1,2
鴨居沖,2026-08-04,03,0.9,11.7,5.2,27,27.9,3
鴨居沖,2026-08-04,06,0.9,11.5,5.1,18,27.8,1
鴨居沖,2026-08-04,09,0.7,9.6,5.5,30,27.7,51
鴨居沖,2026-08-04,12,0.9,11.6,5.6,46,27.7,0
鴨居沖,2026-08-04,15,0.9,11.3,5.9,51,27.7,1
鴨居沖,2026-08-04,18,1.0,11.8,5.1,59,27.6,3
鴨居沖,2026-08-04,21,1.0,11.3,4.9,36,27.4,2
木更津沖～富津沖,2026-08-04,00,0.6,6.0,6.1,26,27.9,3
木更津沖～富津沖,2026-08-04,03,0.6,6.2,6.5,37,27.6,0
木更津沖～富津沖,2026-08-04,06,0.6,6.5,6.7,28,27.4,1
木更津沖～富津沖,2026-08-04,09,0.4,6.0,6.4,29,27.3,51
木更津沖～富津沖,2026-08-04,12,0.6,7.4,5.9,33,27.3,2
木更津沖～富津沖,2026-08-04,15,0.5,7.7,5.9,44,27.3,3
木更津沖～富津沖,2026-08-04,18,0.5,8.3,5.5,51,27.1,1
木更津沖～富津沖,2026-08-04,21,0.5,9.2,5.4,34,26.9,1
横浜沖～観音崎沖,2026-08-04,00,0.8,9.3,6.6,24,28.1,3
横浜沖～観音崎沖,2026-08-04,03,0.8,9.7,6.7,33,27.9,3
横浜沖～観音崎沖,2026-08-04,06,0.8,9.7,6.9,26,27.8,51
横浜沖～観音崎沖,2026-08-04,09,0.6,8.2,6.9,29,27.7,51
横浜沖～観音崎沖,2026-08-04,12,0.8,10.2,6.7,38,27.7,1
横浜沖～観音崎沖,2026-08-04,15,0.8,10.2,6.7,42,27.7,2
横浜沖～観音崎沖,2026-08-04,18,0.8,10.7,6.1,49,27.6,3
横浜沖～観音崎沖,2026-08-04,21,0.8,10.6,6.1,32,27.4,2
中ノ瀬周り,2026-08-04,00,0.8,9.3,6.6,24,28.1,3
中ノ瀬周り,2026-08-04,03,0.8,9.7,6.7,33,27.9,3
中ノ瀬周り,2026-08-04,06,0.8,9.7,6.9,26,27.8,51
中ノ瀬周り,2026-08-04,09,0.6,8.2,6.9,29,27.7,51
中ノ瀬周り,2026-08-04,12,0.8,10.2,6.7,38,27.7,1
中ノ瀬周り,2026-08-04,15,0.8,10.2,6.7,42,27.7,2
中ノ瀬周り,2026-08-04,18,0.8,10.7,6.1,49,27.6,3
中ノ瀬周り,2026-08-04,21,0.8,10.6,6.1,32,27.4,2
鴨井沖,2026-08-04,00,3.0,11.4,10.9,31,25.2,0
鴨井沖,2026-08-04,03,3.1,11.8,11.4,30,25.1,0
鴨井沖,2026-08-04,06,3.2,11.8,10.8,23,25.1,0
鴨井沖,2026-08-04,09,3.1,11.4,11.0,28,25.1,3
鴨井沖,2026-08-04,12,3.1,11.2,11.2,32,25.1,3
鴨井沖,2026-08-04,15,3.2,11.5,10.8,32,25.1,3
鴨井沖,2026-08-04,18,3.2,11.4,10.4,37,25.1,3
鴨井沖,2026-08-04,21,3.4,11.8,10.6,35,25.1,3
富津沖～海堡,2026-08-04,00,0.6,6.0,6.1,26,27.3,3
富津沖～海堡,2026-08-04,03,0.6,6.2,6.5,37,27.1,0
富津沖～海堡,2026-08-04,06,0.6,6.5,6.7,28,27.0,1
富津沖～海堡,2026-08-04,09,0.4,6.0,6.4,29,26.9,51
富津沖～海堡,2026-08-04,12,0.6,7.4,5.9,33,26.9,2
富津沖～海堡,2026-08-04,15,0.5,7.7,5.9,44,26.9,3
富津沖～海堡,2026-08-04,18,0.5,8.3,5.5,51,26.7,1
富津沖～海堡,2026-08-04,21,0.5,9.2,5.4,34,26.6,1
富岡沖,2026-08-04,00,0.9,11.2,5.1,20,28.1,2
富岡沖,2026-08-04,03,0.9,11.7,5.2,27,27.9,3
富岡沖,2026-08-04,06,0.9,11.5,5.1,18,27.8,1
富岡沖,2026-08-04,09,0.7,9.6,5.5,30,27.7,51
富岡沖,2026-08-04,12,0.9,11.6,5.6,46,27.7,0
富岡沖,2026-08-04,15,0.9,11.3,5.9,51,27.7,1
富岡沖,2026-08-04,18,1.0,11.8,5.1,59,27.6,3
富岡沖,2026-08-04,21,1.0,11.3,4.9,36,27.4,2
小柴沖,2026-08-04,00,0.9,11.2,5.1,20,28.1,2
小柴沖,2026-08-04,03,0.9,11.7,5.2,27,27.9,3
小柴沖,2026-08-04,06,0.9,11.5,5.1,18,27.8,1
小柴沖,2026-08-04,09,0.7,9.6,5.5,30,27.7,51
小柴沖,2026-08-04,12,0.9,11.6,5.6,46,27.7,0
小柴沖,2026-08-04,15,0.9,11.3,5.9,51,27.7,1
小柴沖,2026-08-04,18,1.0,11.8,5.1,59,27.6,3
小柴沖,2026-08-04,21,1.0,11.3,4.9,36,27.4,2
木更津沖～富岡沖,2026-08-04,00,0.6,6.0,6.1,26,28.1,3
木更津沖～富岡沖,2026-08-04,03,0.6,6.2,6.5,37,27.9,0
木更津沖～富岡沖,2026-08-04,06,0.6,6.5,6.7,28,27.8,1
木更津沖～富岡沖,2026-08-04,09,0.4,6.0,6.4,29,27.7,51
木更津沖～富岡沖,2026-08-04,12,0.6,7.4,5.9,33,27.7,2
木更津沖～富岡沖,2026-08-04,15,0.5,7.7,5.9,44,27.7,3
木更津沖～富岡沖,2026-08-04,18,0.5,8.3,5.5,51,27.6,1
木更津沖～富岡沖,2026-08-04,21,0.5,9.2,5.4,34,27.4,1
八景沖,2026-08-04,00,0.9,11.2,5.1,20,28.1,2
八景沖,2026-08-04,03,0.9,11.7,5.2,27,27.9,3
八景沖,2026-08-04,06,0.9,11.5,5.1,18,27.8,1
八景沖,2026-08-04,09,0.7,9.6,5.5,30,27.7,51
八景沖,2026-08-04,12,0.9,11.6,5.6,46,27.7,0
八景沖,2026-08-04,15,0.9,11.3,5.9,51,27.7,1
八景沖,2026-08-04,18,1.0,11.8,5.1,59,27.6,3
八景沖,2026-08-04,21,1.0,11.3,4.9,36,27.4,2
長浦沖,2026-08-04,00,0.6,6.0,6.1,26,27.9,3
長浦沖,2026-08-04,03,0.6,6.2,6.5,37,27.6,0
長浦沖,2026-08-04,06,0.6,6.5,6.7,28,27.4,1
長浦沖,2026-08-04,09,0.4,6.0,6.4,29,27.3,51
長浦沖,2026-08-04,12,0.6,7.4,5.9,33,27.3,2
長浦沖,2026-08-04,15,0.5,7.7,5.9,44,27.3,3
長浦沖,2026-08-04,18,0.5,8.3,5.5,51,27.1,1
長浦沖,2026-08-04,21,0.5,9.2,5.4,34,26.9,1
木更津沖,2026-08-04,00,0.6,6.0,6.7,28,27.9,1
木更津沖,2026-08-04,03,0.6,6.2,7.2,37,27.6,0
木更津沖,2026-08-04,06,0.6,6.5,7.3,28,27.4,1
木更津沖,2026-08-04,09,0.4,6.0,6.8,32,27.3,1
木更津沖,2026-08-04,12,0.6,7.4,6.1,35,27.3,2
木更津沖,2026-08-04,15,0.5,7.7,6.4,48,27.3,3
木更津沖,2026-08-04,18,0.5,8.3,6.2,53,27.1,3
木更津沖,2026-08-04,21,0.5,9.2,5.8,38,26.9,3
一宮沖,2026-08-04,00,2.4,11.3,5.9,27,25.2,1
一宮沖,2026-08-04,03,2.5,11.7,5.9,22,25.1,1
一宮沖,2026-08-04,06,2.6,11.8,5.8,23,25.1,1
一宮沖,2026-08-04,09,2.5,11.3,6.7,33,25.1,1
一宮沖,2026-08-04,12,2.5,11.2,6.9,44,25.1,1
一宮沖,2026-08-04,15,2.6,11.4,6.8,42,25.1,3
一宮沖,2026-08-04,18,2.5,11.3,5.9,37,25.1,3
一宮沖,2026-08-04,21,2.7,11.7,6.0,34,25.1,3
横浜沖周り,2026-08-04,00,0.8,9.3,3.9,18,28.1,3
横浜沖周り,2026-08-04,03,0.8,9.7,4.1,27,27.9,2
横浜沖周り,2026-08-04,06,0.8,9.7,4.0,17,27.8,0
横浜沖周り,2026-08-04,09,0.6,8.2,4.1,31,27.7,1
横浜沖周り,2026-08-04,12,0.8,10.2,4.4,52,27.7,1
横浜沖周り,2026-08-04,15,0.8,10.2,4.9,58,27.7,2
横浜沖周り,2026-08-04,18,0.8,10.7,4.3,65,27.6,1
横浜沖周り,2026-08-04,21,0.8,10.6,4.0,38,27.4,3
本牧沖~富岡沖,2026-08-04,00,0.9,11.2,3.9,18,28.1,3
本牧沖~富岡沖,2026-08-04,03,0.9,11.7,4.1,27,27.9,2
本牧沖~富岡沖,2026-08-04,06,0.9,11.5,4.0,17,27.8,0
本牧沖~富岡沖,2026-08-04,09,0.7,9.6,4.1,31,27.7,1
本牧沖~富岡沖,2026-08-04,12,0.9,11.6,4.4,52,27.7,1
本牧沖~富岡沖,2026-08-04,15,0.9,11.3,4.9,58,27.7,2
本牧沖~富岡沖,2026-08-04,18,1.0,11.8,4.3,65,27.6,1
本牧沖~富岡沖,2026-08-04,21,1.0,11.3,4.0,38,27.4,3
木更津沖～本牧沖,2026-08-04,00,0.6,6.0,6.1,26,27.3,3
木更津沖～本牧沖,2026-08-04,03,0.6,6.2,6.5,37,27.1,0
木更津沖～本牧沖,2026-08-04,06,0.6,6.5,6.7,28,27.0,1
木更津沖～本牧沖,2026-08-04,09,0.4,6.0,6.4,29,26.9,51
木更津沖～本牧沖,2026-08-04,12,0.6,7.4,5.9,33,26.9,2
木更津沖～本牧沖,2026-08-04,15,0.5,7.7,5.9,44,26.9,3
木更津沖～本牧沖,2026-08-04,18,0.5,8.3,5.5,51,26.7,1
木更津沖～本牧沖,2026-08-04,21,0.5,9.2,5.4,34,26.6,1
海堡,2026-08-04,00,0.6,6.0,6.1,26,27.3,3
海堡,2026-08-04,03,0.6,6.2,6.5,37,27.1,0
海堡,2026-08-04,06,0.6,6.5,6.7,28,27.0,1
海堡,2026-08-04,09,0.4,6.0,6.4,29,26.9,51
海堡,2026-08-04,12,0.6,7.4,5.9,33,26.9,2
海堡,2026-08-04,15,0.5,7.7,5.9,44,26.9,3
海堡,2026-08-04,18,0.5,8.3,5.5,51,26.7,1
海堡,2026-08-04,21,0.5,9.2,5.4,34,26.6,1
木更津沖～横浜沖,2026-08-04,00,0.6,6.0,6.1,26,27.3,3
木更津沖～横浜沖,2026-08-04,03,0.6,6.2,6.5,37,27.1,0
木更津沖～横浜沖,2026-08-04,06,0.6,6.5,6.7,28,27.0,1
木更津沖～横浜沖,2026-08-04,09,0.4,6.0,6.4,29,26.9,51
木更津沖～横浜沖,2026-08-04,12,0.6,7.4,5.9,33,26.9,2
木更津沖～横浜沖,2026-08-04,15,0.5,7.7,5.9,44,26.9,3
木更津沖～横浜沖,2026-08-04,18,0.5,8.3,5.5,51,26.7,1
木更津沖～横浜沖,2026-08-04,21,0.5,9.2,5.4,34,26.6,1
中ノ瀬,2026-08-04,00,0.6,6.0,6.1,26,27.3,3
中ノ瀬,2026-08-04,03,0.6,6.2,6.5,37,27.1,0
中ノ瀬,2026-08-04,06,0.6,6.5,6.7,28,27.0,1
中ノ瀬,2026-08-04,09,0.4,6.0,6.4,29,26.9,51
中ノ瀬,2026-08-04,12,0.6,7.4,5.9,33,26.9,2
中ノ瀬,2026-08-04,15,0.5,7.7,5.9,44,26.9,3
中ノ瀬,2026-08-04,18,0.5,8.3,5.5,51,26.7,1
中ノ瀬,2026-08-04,21,0.5,9.2,5.4,34,26.6,1
本牧沖,2026-08-04,00,0.8,9.3,3.9,18,28.1,3
本牧沖,2026-08-04,03,0.8,9.7,4.1,27,27.9,2
本牧沖,2026-08-04,06,0.8,9.7,4.0,17,27.8,0
本牧沖,2026-08-04,09,0.6,8.2,4.1,31,27.7,1
本牧沖,2026-08-04,12,0.8,10.2,4.4,52,27.7,1
本牧沖,2026-08-04,15,0.8,10.2,4.9,58,27.7,2
本牧沖,2026-08-04,18,0.8,10.7,4.3,65,27.6,1
本牧沖,2026-08-04,21,0.8,10.6,4.0,38,27.4,3
横浜沖,2026-08-04,00,0.9,11.2,3.9,18,28.1,3
横浜沖,2026-08-04,03,0.9,11.7,4.1,27,28.0,2
横浜沖,2026-08-04,06,0.9,11.5,4.0,17,27.9,0
横浜沖,2026-08-04,09,0.7,9.6,4.1,31,27.8,1
横浜沖,2026-08-04,12,0.9,11.6,4.4,52,27.9,1
横浜沖,2026-08-04,15,0.9,11.3,4.9,58,27.9,2
横浜沖,2026-08-04,18,1.0,11.8,4.3,65,27.8,1
横浜沖,2026-08-04,21,1.0,11.3,4.0,38,27.7,3
根岸沖,2026-08-04,00,0.5,4.8,3.9,18,28.1,3
根岸沖,2026-08-04,03,0.6,4.8,4.1,27,28.0,2
根岸沖,2026-08-04,06,0.5,5.2,4.0,17,27.9,0
根岸沖,2026-08-04,09,0.4,5.4,4.1,31,27.8,1
根岸沖,2026-08-04,12,0.5,6.1,4.4,52,27.9,1
根岸沖,2026-08-04,15,0.5,6.3,4.9,58,27.9,2
根岸沖,2026-08-04,18,0.4,6.6,4.3,65,27.8,1
根岸沖,2026-08-04,21,0.5,8.3,4.0,38,27.7,3
片貝沖,2026-08-04,00,2.9,11.1,11.1,33,24.7,1
片貝沖,2026-08-04,03,3.0,11.4,11.4,31,24.6,0
片貝沖,2026-08-04,06,3.1,11.5,10.5,25,24.6,0
片貝沖,2026-08-04,09,3.1,11.3,10.9,30,24.7,3
片貝沖,2026-08-04,12,3.0,10.9,11.0,33,24.9,3
片貝沖,2026-08-04,15,3.2,11.2,10.6,32,25.0,3
片貝沖,2026-08-04,18,3.1,11.2,10.3,37,25.1,2
片貝沖,2026-08-04,21,3.4,11.5,10.8,35,25.1,2
木更津沖～川崎沖,2026-08-04,00,0.5,4.8,6.7,28,27.1,1
木更津沖～川崎沖,2026-08-04,03,0.6,4.8,7.2,37,26.9,0
木更津沖～川崎沖,2026-08-04,06,0.5,5.2,7.3,28,26.8,1
木更津沖～川崎沖,2026-08-04,09,0.4,5.4,6.8,32,26.8,1
木更津沖～川崎沖,2026-08-04,12,0.5,6.1,6.1,35,26.8,2
木更津沖～川崎沖,2026-08-04,15,0.5,6.3,6.4,48,26.8,3
木更津沖～川崎沖,2026-08-04,18,0.4,6.6,6.2,53,26.7,3
木更津沖～川崎沖,2026-08-04,21,0.5,8.3,5.8,38,26.6,3
盤洲沖,2026-08-04,00,0.5,4.5,6.7,28,26.4,1
盤洲沖,2026-08-04,03,0.5,4.5,7.2,37,26.2,0
盤洲沖,2026-08-04,06,0.5,4.8,7.3,28,26.1,1
盤洲沖,2026-08-04,09,0.4,5.0,6.8,32,26.1,1
盤洲沖,2026-08-04,12,0.5,5.7,6.1,35,26.2,2
盤洲沖,2026-08-04,15,0.5,6.0,6.4,48,26.3,3
盤洲沖,2026-08-04,18,0.4,6.3,6.2,53,26.2,3
盤洲沖,2026-08-04,21,0.5,8.0,5.8,38,26.0,3
大根,2026-08-04,00,2.9,11.1,10.6,34,24.7,0
大根,2026-08-04,03,3.0,11.4,10.9,32,24.6,1
大根,2026-08-04,06,3.1,11.5,10.0,27,24.6,0
大根,2026-08-04,09,3.1,11.3,10.5,30,24.7,1
大根,2026-08-04,12,3.0,10.9,10.5,33,24.9,2
大根,2026-08-04,15,3.2,11.2,10.2,32,25.0,3
大根,2026-08-04,18,3.1,11.2,9.9,38,25.1,1
大根,2026-08-04,21,3.4,11.5,10.4,34,25.1,3
川崎沖～横浜沖,2026-08-04,00,0.5,4.8,3.9,17,28.1,3
川崎沖～横浜沖,2026-08-04,03,0.6,4.8,4.1,28,28.0,1
川崎沖～横浜沖,2026-08-04,06,0.5,5.2,4.0,13,27.9,0
川崎沖～横浜沖,2026-08-04,09,0.4,5.4,4.0,31,27.8,1
川崎沖～横浜沖,2026-08-04,12,0.5,6.1,4.3,49,27.9,2
川崎沖～横浜沖,2026-08-04,15,0.5,6.3,4.7,55,27.9,1
川崎沖～横浜沖,2026-08-04,18,0.4,6.6,4.2,63,27.8,1
川崎沖～横浜沖,2026-08-04,21,0.5,8.3,3.8,34,27.7,3
川崎沖~本牧沖,2026-08-04,00,0.5,4.8,3.9,17,28.1,3
川崎沖~本牧沖,2026-08-04,03,0.6,4.8,4.1,28,28.0,1
川崎沖~本牧沖,2026-08-04,06,0.5,5.2,4.0,13,27.9,0
川崎沖~本牧沖,2026-08-04,09,0.4,5.4,4.0,31,27.8,1
川崎沖~本牧沖,2026-08-04,12,0.5,6.1,4.3,49,27.9,2
川崎沖~本牧沖,2026-08-04,15,0.5,6.3,4.7,55,27.9,1
川崎沖~本牧沖,2026-08-04,18,0.4,6.6,4.2,63,27.8,1
川崎沖~本牧沖,2026-08-04,21,0.5,8.3,3.8,34,27.7,3
川崎沖,2026-08-04,00,0.5,4.8,3.9,17,28.4,3
川崎沖,2026-08-04,03,0.6,4.8,4.1,28,28.3,1
川崎沖,2026-08-04,06,0.5,5.2,4.0,13,28.2,0
川崎沖,2026-08-04,09,0.4,5.4,4.0,31,28.1,1
川崎沖,2026-08-04,12,0.5,6.1,4.3,49,28.2,2
川崎沖,2026-08-04,15,0.5,6.3,4.7,55,28.2,1
川崎沖,2026-08-04,18,0.4,6.6,4.2,63,28.2,1
川崎沖,2026-08-04,21,0.5,8.3,3.8,34,28.1,3
五井沖,2026-08-04,00,0.3,2.7,4.3,29,26.7,3
五井沖,2026-08-04,03,0.4,2.7,4.7,31,26.5,0
五井沖,2026-08-04,06,0.4,2.8,4.7,27,26.4,0
五井沖,2026-08-04,09,0.3,2.8,5.3,37,26.4,1
五井沖,2026-08-04,12,0.3,2.8,5.0,47,26.5,3
五井沖,2026-08-04,15,0.3,2.9,5.2,51,26.5,3
五井沖,2026-08-04,18,0.3,3.0,4.5,49,26.4,3
五井沖,2026-08-04,21,0.3,3.4,4.2,40,26.2,1
鶴見沖,2026-08-04,00,0.5,4.8,3.9,17,28.4,3
鶴見沖,2026-08-04,03,0.6,4.8,4.1,28,28.3,1
鶴見沖,2026-08-04,06,0.5,5.2,4.0,13,28.2,0
鶴見沖,2026-08-04,09,0.4,5.4,4.0,31,28.1,1
鶴見沖,2026-08-04,12,0.5,6.1,4.3,49,28.2,2
鶴見沖,2026-08-04,15,0.5,6.3,4.7,55,28.2,1
鶴見沖,2026-08-04,18,0.4,6.6,4.2,63,28.2,1
鶴見沖,2026-08-04,21,0.5,8.3,3.8,34,28.1,3
木更津沖～浦安沖,2026-08-04,00,0.5,3.8,3.3,16,27.3,3
木更津沖～浦安沖,2026-08-04,03,0.5,3.8,3.7,29,27.2,2
木更津沖～浦安沖,2026-08-04,06,0.5,4.0,3.4,7,27.1,0
木更津沖～浦安沖,2026-08-04,09,0.4,4.2,3.8,34,27.0,2
木更津沖～浦安沖,2026-08-04,12,0.4,4.7,3.8,45,27.0,3
木更津沖～浦安沖,2026-08-04,15,0.4,5.0,4.2,53,27.1,2
木更津沖～浦安沖,2026-08-04,18,0.4,5.2,3.8,63,26.9,3
木更津沖～浦安沖,2026-08-04,21,0.4,6.9,3.2,32,26.8,3
羽田沖,2026-08-04,00,0.5,4.8,3.3,16,27.8,3
羽田沖,2026-08-04,03,0.6,4.8,3.7,29,27.7,2
羽田沖,2026-08-04,06,0.5,5.2,3.4,7,27.6,0
羽田沖,2026-08-04,09,0.4,5.4,3.8,34,27.5,2
羽田沖,2026-08-04,12,0.5,6.1,3.8,45,27.6,3
羽田沖,2026-08-04,15,0.5,6.3,4.2,53,27.6,2
羽田沖,2026-08-04,18,0.4,6.6,3.8,63,27.5,3
羽田沖,2026-08-04,21,0.5,8.3,3.2,32,27.4,3
千葉沖,2026-08-04,00,0.2,2.7,3.9,26,28.5,3
千葉沖,2026-08-04,03,0.3,2.7,4.0,30,28.4,0
千葉沖,2026-08-04,06,0.3,2.8,3.7,22,28.3,0
千葉沖,2026-08-04,09,0.3,3.0,4.8,40,28.2,2
千葉沖,2026-08-04,12,0.2,3.0,4.6,44,28.3,3
千葉沖,2026-08-04,15,0.3,3.2,4.7,46,28.4,51
千葉沖,2026-08-04,18,0.2,3.5,4.2,43,28.3,3
千葉沖,2026-08-04,21,0.2,4.3,4.0,35,28.1,2
浦安沖,2026-08-04,00,0.3,3.8,3.5,28,28.6,3
浦安沖,2026-08-04,03,0.3,3.8,4.0,35,28.5,1
浦安沖,2026-08-04,06,0.3,4.1,3.3,15,28.4,0
浦安沖,2026-08-04,09,0.3,4.5,4.0,41,28.4,3
浦安沖,2026-08-04,12,0.3,4.6,4.1,47,28.5,2
浦安沖,2026-08-04,15,0.3,4.8,4.5,55,28.5,51
浦安沖,2026-08-04,18,0.3,5.5,4.0,58,28.5,2
浦安沖,2026-08-04,21,0.3,7.5,3.4,37,28.3,3
屏風ヶ浦の陰,2026-08-04,00,0.2,2.7,3.6,28,29.4,3
屏風ヶ浦の陰,2026-08-04,03,0.3,2.7,3.5,26,29.2,1
屏風ヶ浦の陰,2026-08-04,06,0.3,2.8,3.4,23,29.1,0
屏風ヶ浦の陰,2026-08-04,09,0.3,3.0,4.6,41,29.1,1
屏風ヶ浦の陰,2026-08-04,12,0.2,3.0,4.5,45,29.2,3
屏風ヶ浦の陰,2026-08-04,15,0.3,3.2,4.4,45,29.2,3
屏風ヶ浦の陰,2026-08-04,18,0.2,3.5,3.6,40,29.1,2
屏風ヶ浦の陰,2026-08-04,21,0.2,4.3,3.4,34,29.0,2
犬吠南沖,2026-08-04,00,3.2,11.8,7.1,35,24.3,0
犬吠南沖,2026-08-04,03,3.4,12.1,6.9,36,24.2,1
犬吠南沖,2026-08-04,06,3.5,12.1,6.8,31,24.1,1
犬吠南沖,2026-08-04,09,3.4,11.8,7.5,29,24.1,0
犬吠南沖,2026-08-04,12,3.4,11.4,7.1,31,24.1,3
犬吠南沖,2026-08-04,15,3.5,11.7,7.3,32,24.1,3
犬吠南沖,2026-08-04,18,3.5,11.7,6.1,39,24.0,3
犬吠南沖,2026-08-04,21,3.7,11.9,6.7,36,23.9,3
亀城根,2026-08-04,00,3.2,11.8,7.1,35,24.3,0
亀城根,2026-08-04,03,3.4,12.1,6.9,36,24.2,1
亀城根,2026-08-04,06,3.5,12.1,6.8,31,24.1,1
亀城根,2026-08-04,09,3.4,11.8,7.5,29,24.1,0
亀城根,2026-08-04,12,3.4,11.4,7.1,31,24.1,3
亀城根,2026-08-04,15,3.5,11.7,7.3,32,24.1,3
亀城根,2026-08-04,18,3.5,11.7,6.1,39,24.0,3
亀城根,2026-08-04,21,3.7,11.9,6.7,36,23.9,3
外川沖,2026-08-04,00,2.8,12.0,7.1,35,24.7,0
外川沖,2026-08-04,03,2.9,12.2,6.9,36,24.6,1
外川沖,2026-08-04,06,3.0,12.3,6.8,31,24.5,1
外川沖,2026-08-04,09,3.0,11.9,7.5,29,24.5,0
外川沖,2026-08-04,12,2.9,11.6,7.1,31,24.6,3
外川沖,2026-08-04,15,3.0,11.8,7.3,32,24.7,3
外川沖,2026-08-04,18,3.0,11.8,6.1,39,24.6,3
外川沖,2026-08-04,21,3.2,12.0,6.7,36,24.5,3
犬吠沖,2026-08-04,00,2.8,12.0,7.1,35,24.7,0
犬吠沖,2026-08-04,03,2.9,12.2,6.9,36,24.6,1
犬吠沖,2026-08-04,06,3.0,12.3,6.8,31,24.5,1
犬吠沖,2026-08-04,09,3.0,11.9,7.5,29,24.5,0
犬吠沖,2026-08-04,12,2.9,11.6,7.1,31,24.6,3
犬吠沖,2026-08-04,15,3.0,11.8,7.3,32,24.7,3
犬吠沖,2026-08-04,18,3.0,11.8,6.1,39,24.6,3
犬吠沖,2026-08-04,21,3.2,12.0,6.7,36,24.5,3
飯岡沖,2026-08-04,00,2.1,12.0,7.1,35,25.4,0
飯岡沖,2026-08-04,03,2.2,12.2,6.9,36,25.3,1
飯岡沖,2026-08-04,06,2.2,12.3,6.8,31,25.3,1
飯岡沖,2026-08-04,09,2.2,12.1,7.5,29,25.3,0
飯岡沖,2026-08-04,12,2.2,11.7,7.1,31,25.4,3
飯岡沖,2026-08-04,15,2.2,11.8,7.3,32,25.5,3
飯岡沖,2026-08-04,18,2.2,11.8,6.1,39,25.4,3
飯岡沖,2026-08-04,21,2.4,12.0,6.7,36,25.4,3
真沖,2026-08-04,00,2.1,12.0,7.1,35,25.4,0
真沖,2026-08-04,03,2.2,12.2,6.9,36,25.3,1
真沖,2026-08-04,06,2.2,12.3,6.8,31,25.3,1
真沖,2026-08-04,09,2.2,12.1,7.5,29,25.3,0
真沖,2026-08-04,12,2.2,11.7,7.1,31,25.4,3
真沖,2026-08-04,15,2.2,11.8,7.3,32,25.5,3
真沖,2026-08-04,18,2.2,11.8,6.1,39,25.4,3
真沖,2026-08-04,21,2.4,12.0,6.7,36,25.4,3
波崎沖,2026-08-04,00,2.8,12.0,7.1,35,24.7,0
波崎沖,2026-08-04,03,2.9,12.2,6.9,36,24.6,1
波崎沖,2026-08-04,06,3.0,12.3,6.8,31,24.5,1
波崎沖,2026-08-04,09,3.0,11.9,7.5,29,24.5,0
波崎沖,2026-08-04,12,2.9,11.6,7.1,31,24.6,3
波崎沖,2026-08-04,15,3.0,11.8,7.3,32,24.7,3
波崎沖,2026-08-04,18,3.0,11.8,6.1,39,24.6,3
波崎沖,2026-08-04,21,3.2,12.0,6.7,36,24.5,3
川前大根,2026-08-04,00,2.1,12.0,7.1,35,25.4,0
川前大根,2026-08-04,03,2.2,12.2,6.9,36,25.3,1
川前大根,2026-08-04,06,2.2,12.3,6.8,31,25.3,1
川前大根,2026-08-04,09,2.2,12.1,7.5,29,25.3,0
川前大根,2026-08-04,12,2.2,11.7,7.1,31,25.4,3
川前大根,2026-08-04,15,2.2,11.8,7.3,32,25.5,3
川前大根,2026-08-04,18,2.2,11.8,6.1,39,25.4,3
川前大根,2026-08-04,21,2.4,12.0,6.7,36,25.4,3
鹿島南沖,2026-08-04,00,2.3,9.7,6.3,38,24.5,0
鹿島南沖,2026-08-04,03,2.3,10.0,5.7,35,24.4,2
鹿島南沖,2026-08-04,06,2.3,10.1,5.9,30,24.3,1
鹿島南沖,2026-08-04,09,2.3,10.2,6.5,32,24.3,0
鹿島南沖,2026-08-04,12,2.3,10.0,6.3,35,24.3,2
鹿島南沖,2026-08-04,15,2.3,10.1,6.4,34,24.4,3
鹿島南沖,2026-08-04,18,2.3,10.2,5.1,42,24.4,3
鹿島南沖,2026-08-04,21,2.3,10.2,5.6,42,24.4,3
神栖沖,2026-08-04,00,2.3,9.7,6.3,38,24.4,0
神栖沖,2026-08-04,03,2.3,10.0,5.7,35,24.3,2
神栖沖,2026-08-04,06,2.3,10.1,5.9,30,24.2,1
神栖沖,2026-08-04,09,2.3,10.2,6.5,32,24.2,0
神栖沖,2026-08-04,12,2.3,10.0,6.3,35,24.2,2
神栖沖,2026-08-04,15,2.3,10.1,6.4,34,24.3,3
神栖沖,2026-08-04,18,2.3,10.2,5.1,42,24.2,3
神栖沖,2026-08-04,21,2.3,10.2,5.6,42,24.2,3
鹿島沖,2026-08-04,00,2.3,9.7,6.3,41,25.0,3
鹿島沖,2026-08-04,03,2.3,10.0,5.8,39,24.9,1
鹿島沖,2026-08-04,06,2.3,10.1,5.8,34,24.9,1
鹿島沖,2026-08-04,09,2.3,10.2,6.1,35,24.9,0
鹿島沖,2026-08-04,12,2.3,10.0,5.8,39,25.0,0
鹿島沖,2026-08-04,15,2.3,10.1,5.9,38,25.1,3
鹿島沖,2026-08-04,18,2.3,10.2,5.0,47,25.0,1
鹿島沖,2026-08-04,21,2.3,10.2,4.8,43,25.0,2
鹿島真沖,2026-08-04,00,2.3,9.7,6.0,40,24.5,2
鹿島真沖,2026-08-04,03,2.3,10.0,5.6,35,24.4,3
鹿島真沖,2026-08-04,06,2.3,10.1,5.6,30,24.3,1
鹿島真沖,2026-08-04,09,2.3,10.2,6.0,33,24.3,0
鹿島真沖,2026-08-04,12,2.3,10.0,5.7,37,24.3,1
鹿島真沖,2026-08-04,15,2.3,10.1,5.9,36,24.4,3
鹿島真沖,2026-08-04,18,2.3,10.2,4.7,44,24.4,3
鹿島真沖,2026-08-04,21,2.3,10.2,5.0,44,24.4,3
鹿島魚礁,2026-08-04,00,2.5,10.2,10.5,39,23.9,0
鹿島魚礁,2026-08-04,03,2.6,10.4,9.5,36,23.8,1
鹿島魚礁,2026-08-04,06,2.7,10.6,9.5,31,23.7,1
鹿島魚礁,2026-08-04,09,2.7,10.6,9.4,34,23.7,0
鹿島魚礁,2026-08-04,12,2.6,10.3,8.5,36,23.7,0
鹿島魚礁,2026-08-04,15,2.6,10.4,9.0,36,23.8,1
鹿島魚礁,2026-08-04,18,2.7,10.7,8.8,45,23.8,0
鹿島魚礁,2026-08-04,21,2.7,10.6,8.6,45,23.8,2
鹿島北沖,2026-08-04,00,2.3,9.7,6.3,41,25.0,3
鹿島北沖,2026-08-04,03,2.4,9.9,5.8,39,24.9,1
鹿島北沖,2026-08-04,06,2.4,10.1,5.8,34,24.9,1
鹿島北沖,2026-08-04,09,2.4,10.2,6.1,35,24.9,0
鹿島北沖,2026-08-04,12,2.3,9.9,5.8,39,25.0,0
鹿島北沖,2026-08-04,15,2.3,10.0,5.9,38,25.1,3
鹿島北沖,2026-08-04,18,2.4,10.2,5.0,47,25.0,1
鹿島北沖,2026-08-04,21,2.4,10.2,4.8,43,25.0,2
北沖30,2026-08-04,00,2.5,10.8,5.3,47,24.0,3
北沖30,2026-08-04,03,2.5,11.0,4.4,39,23.9,0
北沖30,2026-08-04,06,2.6,11.1,4.4,40,23.9,0
北沖30,2026-08-04,09,2.7,11.1,5.7,38,23.9,0
北沖30,2026-08-04,12,2.6,10.8,5.6,50,23.9,0
北沖30,2026-08-04,15,2.6,10.9,5.7,55,24.0,0
北沖30,2026-08-04,18,2.6,11.1,4.8,59,23.9,0
北沖30,2026-08-04,21,2.6,10.9,4.3,51,23.9,0
大洗沖,2026-08-04,00,2.5,10.8,4.8,45,24.4,3
大洗沖,2026-08-04,03,2.5,11.0,3.9,33,24.4,0
大洗沖,2026-08-04,06,2.6,11.1,3.9,33,24.4,0
大洗沖,2026-08-04,09,2.7,11.1,5.3,42,24.4,0
大洗沖,2026-08-04,12,2.6,10.8,5.0,54,24.5,0
大洗沖,2026-08-04,15,2.6,10.9,5.3,59,24.5,0
大洗沖,2026-08-04,18,2.6,11.1,4.3,59,24.5,0
大洗沖,2026-08-04,21,2.6,10.9,3.7,48,24.5,0
青山沖,2026-08-04,00,2.5,11.1,5.3,47,23.9,3
青山沖,2026-08-04,03,2.6,11.3,4.4,39,23.8,0
青山沖,2026-08-04,06,2.6,11.4,4.4,40,23.8,0
青山沖,2026-08-04,09,2.7,11.4,5.7,38,23.8,0
青山沖,2026-08-04,12,2.7,11.2,5.6,50,23.9,0
青山沖,2026-08-04,15,2.7,11.2,5.7,55,24.0,0
青山沖,2026-08-04,18,2.7,11.3,4.8,59,24.0,0
青山沖,2026-08-04,21,2.7,11.2,4.3,51,23.9,0
日立沖,2026-08-04,00,2.6,11.8,5.2,40,23.9,2
日立沖,2026-08-04,03,2.7,12.0,4.6,33,23.9,1
日立沖,2026-08-04,06,2.8,12.2,4.5,25,23.9,0
日立沖,2026-08-04,09,2.9,12.2,5.4,45,23.9,51
日立沖,2026-08-04,12,2.9,11.9,5.0,51,24.0,0
日立沖,2026-08-04,15,2.8,11.8,5.2,57,24.1,0
日立沖,2026-08-04,18,2.9,12.0,4.8,57,24.0,0
日立沖,2026-08-04,21,2.8,11.8,4.3,39,23.9,0
銭洲沖,2026-08-05,00,4.4,10.3,11.8,69,28.1,51
銭洲沖,2026-08-05,03,4.3,10.3,11.6,72,28.1,51
銭洲沖,2026-08-05,06,4.8,10.8,12.0,67,28.1,2
銭洲沖,2026-08-05,09,4.6,10.5,12.1,66,28.1,1
銭洲沖,2026-08-05,12,4.4,10.2,11.8,75,28.1,0
銭洲沖,2026-08-05,15,4.2,9.9,10.8,81,28.2,0
銭洲沖,2026-08-05,18,4.7,10.4,11.1,84,28.2,1
銭洲沖,2026-08-05,21,4.1,9.8,11.3,85,28.2,3
イナンバ,2026-08-05,00,3.7,9.9,11.8,63,28.6,51
イナンバ,2026-08-05,03,3.6,9.8,11.4,59,28.5,53
イナンバ,2026-08-05,06,3.9,10.0,11.5,58,28.5,51
イナンバ,2026-08-05,09,3.8,9.8,12.3,51,28.5,53
イナンバ,2026-08-05,12,3.7,9.6,11.7,62,28.5,51
イナンバ,2026-08-05,15,3.5,9.4,11.7,63,28.5,51
イナンバ,2026-08-05,18,3.4,9.6,10.0,81,28.5,51
イナンバ,2026-08-05,21,3.1,9.7,9.6,74,28.5,1
石花海,2026-08-05,00,3.9,10.2,13.9,59,24.9,0
石花海,2026-08-05,03,3.8,9.8,14.1,55,24.9,2
石花海,2026-08-05,06,4.1,10.3,13.8,50,25.0,2
石花海,2026-08-05,09,4.0,10.5,13.5,51,25.1,1
石花海,2026-08-05,12,3.9,10.2,14.3,64,25.3,1
石花海,2026-08-05,15,3.8,9.9,13.6,67,25.4,2
石花海,2026-08-05,18,3.6,9.7,12.8,69,25.4,3
石花海,2026-08-05,21,3.8,10.2,13.0,70,25.5,51
神津島,2026-08-05,00,3.3,9.3,13.3,43,26.9,51
神津島,2026-08-05,03,3.2,9.1,13.7,40,26.8,51
神津島,2026-08-05,06,3.5,9.4,13.7,38,26.8,51
神津島,2026-08-05,09,3.4,9.4,14.0,42,26.8,2
神津島,2026-08-05,12,3.3,9.3,13.1,55,26.8,51
神津島,2026-08-05,15,3.1,9.2,12.4,58,26.9,51
神津島,2026-08-05,18,2.9,9.2,11.2,70,26.9,51
神津島,2026-08-05,21,2.8,9.6,10.7,67,26.8,51
金洲沖,2026-08-05,00,3.1,9.1,13.7,48,26.1,0
金洲沖,2026-08-05,03,3.0,8.9,14.1,47,26.1,3
金洲沖,2026-08-05,06,3.3,9.4,14.0,42,26.1,3
金洲沖,2026-08-05,09,3.1,9.6,13.5,44,26.2,0
金洲沖,2026-08-05,12,3.0,9.6,13.1,50,26.3,1
金洲沖,2026-08-05,15,2.9,9.4,12.0,62,26.5,1
金洲沖,2026-08-05,18,2.7,9.1,12.2,68,26.7,1
金洲沖,2026-08-05,21,2.9,9.5,12.4,65,26.8,2
新島沖,2026-08-05,00,3.1,9.1,12.9,39,27.8,51
新島沖,2026-08-05,03,3.1,8.8,13.1,35,27.7,51
新島沖,2026-08-05,06,3.4,9.1,13.2,33,27.6,3
新島沖,2026-08-05,09,3.2,8.9,12.8,36,27.6,2
新島沖,2026-08-05,12,3.1,8.9,12.7,55,27.7,2
新島沖,2026-08-05,15,2.9,8.8,11.7,58,27.8,3
新島沖,2026-08-05,18,2.7,8.6,11.4,63,27.8,51
新島沖,2026-08-05,21,2.6,8.8,10.9,59,27.9,51
金州,2026-08-05,00,3.0,8.6,11.7,37,25.7,2
金州,2026-08-05,03,3.1,8.4,12.3,34,25.7,3
金州,2026-08-05,06,3.3,8.8,12.2,30,25.6,3
金州,2026-08-05,09,3.1,8.6,12.2,26,25.6,0
金州,2026-08-05,12,2.9,8.6,10.6,50,25.7,1
金州,2026-08-05,15,2.7,8.6,10.9,60,25.8,1
金州,2026-08-05,18,2.5,8.2,11.0,58,25.8,3
金州,2026-08-05,21,2.5,8.2,10.5,56,25.9,51
白河沖,2026-08-05,00,2.7,10.9,7.8,60,27.2,0
白河沖,2026-08-05,03,2.9,10.7,7.4,55,27.1,0
白河沖,2026-08-05,06,3.2,11.2,7.7,47,27.0,1
白河沖,2026-08-05,09,3.1,11.2,8.2,48,27.0,0
白河沖,2026-08-05,12,3.1,11.0,5.7,65,27.1,0
白河沖,2026-08-05,15,3.1,10.5,5.3,87,27.2,0
白河沖,2026-08-05,18,2.9,9.9,5.0,87,27.0,51
白河沖,2026-08-05,21,3.0,10.6,4.5,69,26.8,0
御前崎沖,2026-08-05,00,2.8,11.1,7.8,60,27.0,0
御前崎沖,2026-08-05,03,2.9,10.8,7.4,55,26.9,0
御前崎沖,2026-08-05,06,3.3,11.3,7.7,47,26.9,1
御前崎沖,2026-08-05,09,3.1,11.2,8.2,48,26.9,0
御前崎沖,2026-08-05,12,3.1,11.1,5.7,65,27.0,0
御前崎沖,2026-08-05,15,3.1,10.7,5.3,87,27.1,0
御前崎沖,2026-08-05,18,2.9,10.1,5.0,87,27.0,51
御前崎沖,2026-08-05,21,3.1,10.7,4.5,69,26.9,0
八方便,2026-08-05,00,2.7,10.9,7.8,60,27.2,0
八方便,2026-08-05,03,2.9,10.7,7.4,55,27.1,0
八方便,2026-08-05,06,3.2,11.2,7.7,47,27.0,1
八方便,2026-08-05,09,3.1,11.2,8.2,48,27.0,0
八方便,2026-08-05,12,3.1,11.0,5.7,65,27.1,0
八方便,2026-08-05,15,3.1,10.5,5.3,87,27.2,0
八方便,2026-08-05,18,2.9,9.9,5.0,87,27.0,51
八方便,2026-08-05,21,3.0,10.6,4.5,69,26.8,0
神子元沖,2026-08-05,00,2.5,9.6,7.5,52,26.7,2
神子元沖,2026-08-05,03,2.5,9.5,7.8,47,26.7,2
神子元沖,2026-08-05,06,2.8,9.9,7.1,43,26.7,2
神子元沖,2026-08-05,09,2.5,9.9,7.6,44,26.7,1
神子元沖,2026-08-05,12,2.5,9.9,8.0,60,26.8,1
神子元沖,2026-08-05,15,2.4,9.8,6.9,62,26.9,0
神子元沖,2026-08-05,18,2.2,9.3,6.2,72,26.9,3
神子元沖,2026-08-05,21,2.3,9.6,6.5,56,26.9,3
大東沖,2026-08-05,00,2.6,11.8,5.2,75,27.4,0
大東沖,2026-08-05,03,2.8,11.6,4.9,62,27.4,0
大東沖,2026-08-05,06,3.2,12.1,4.5,61,27.3,1
大東沖,2026-08-05,09,3.0,12.0,6.0,67,27.3,0
大東沖,2026-08-05,12,2.9,11.8,6.5,90,27.5,0
大東沖,2026-08-05,15,2.9,11.4,4.7,97,27.6,0
大東沖,2026-08-05,18,2.8,10.7,4.3,94,27.5,1
大東沖,2026-08-05,21,2.9,11.2,4.1,74,27.5,0
石廊崎沖,2026-08-05,00,2.2,10.3,4.6,84,26.5,1
石廊崎沖,2026-08-05,03,2.2,10.2,4.9,71,26.4,1
石廊崎沖,2026-08-05,06,2.5,10.8,3.6,75,26.4,1
石廊崎沖,2026-08-05,09,2.4,10.8,4.8,67,26.4,1
石廊崎沖,2026-08-05,12,2.3,10.7,5.9,86,26.6,0
石廊崎沖,2026-08-05,15,2.3,10.2,6.2,88,26.7,0
石廊崎沖,2026-08-05,18,2.3,9.9,4.8,90,26.7,2
石廊崎沖,2026-08-05,21,2.3,10.3,4.4,82,26.7,2
福田沖,2026-08-05,00,2.6,11.8,4.0,77,27.3,0
福田沖,2026-08-05,03,2.8,11.7,3.9,58,27.3,0
福田沖,2026-08-05,06,3.2,12.2,3.3,58,27.3,0
福田沖,2026-08-05,09,3.1,12.1,5.2,68,27.3,0
福田沖,2026-08-05,12,3.0,11.9,6.0,94,27.4,0
福田沖,2026-08-05,15,3.0,11.4,4.3,103,27.5,0
福田沖,2026-08-05,18,2.9,10.8,4.3,94,27.5,1
福田沖,2026-08-05,21,2.9,11.2,3.8,73,27.4,0
浜岡沖,2026-08-05,00,2.4,11.7,7.8,60,27.8,0
浜岡沖,2026-08-05,03,2.6,11.3,7.4,55,27.7,0
浜岡沖,2026-08-05,06,3.0,11.8,7.7,47,27.7,1
浜岡沖,2026-08-05,09,2.8,11.8,8.2,48,27.7,0
浜岡沖,2026-08-05,12,2.8,11.7,5.7,65,27.9,0
浜岡沖,2026-08-05,15,2.8,11.3,5.3,87,28.0,0
浜岡沖,2026-08-05,18,2.6,10.6,5.0,87,28.0,51
浜岡沖,2026-08-05,21,2.8,11.2,4.5,69,27.8,0
下田南沖,2026-08-05,00,2.5,9.6,7.5,52,26.7,2
下田南沖,2026-08-05,03,2.5,9.5,7.8,47,26.7,2
下田南沖,2026-08-05,06,2.8,9.9,7.1,43,26.7,2
下田南沖,2026-08-05,09,2.5,9.9,7.6,44,26.7,1
下田南沖,2026-08-05,12,2.5,9.9,8.0,60,26.8,1
下田南沖,2026-08-05,15,2.4,9.8,6.9,62,26.9,0
下田南沖,2026-08-05,18,2.2,9.3,6.2,72,26.9,3
下田南沖,2026-08-05,21,2.3,9.6,6.5,56,26.9,3
下田沖,2026-08-05,00,2.5,9.6,7.5,52,26.7,2
下田沖,2026-08-05,03,2.5,9.5,7.8,47,26.7,2
下田沖,2026-08-05,06,2.8,9.9,7.1,43,26.7,2
下田沖,2026-08-05,09,2.5,9.9,7.6,44,26.7,1
下田沖,2026-08-05,12,2.5,9.9,8.0,60,26.8,1
下田沖,2026-08-05,15,2.4,9.8,6.9,62,26.9,0
下田沖,2026-08-05,18,2.2,9.3,6.2,72,26.9,3
下田沖,2026-08-05,21,2.3,9.6,6.5,56,26.9,3
相良沖,2026-08-05,00,2.4,11.3,7.8,60,28.0,0
相良沖,2026-08-05,03,2.6,11.0,7.4,55,27.9,0
相良沖,2026-08-05,06,2.9,11.6,7.7,47,27.8,1
相良沖,2026-08-05,09,2.8,11.4,8.2,48,27.8,0
相良沖,2026-08-05,12,2.8,11.4,5.7,65,28.0,0
相良沖,2026-08-05,15,2.7,11.2,5.3,87,28.1,0
相良沖,2026-08-05,18,2.5,10.3,5.0,87,28.0,51
相良沖,2026-08-05,21,2.7,10.9,4.5,69,27.8,0
天竜沖,2026-08-05,00,1.6,10.3,1.1,77,27.3,0
天竜沖,2026-08-05,03,1.8,10.3,2.2,38,27.3,0
天竜沖,2026-08-05,06,2.2,11.2,1.9,20,27.3,0
天竜沖,2026-08-05,09,1.9,10.5,4.0,74,27.3,0
天竜沖,2026-08-05,12,1.9,10.6,4.5,99,27.4,0
天竜沖,2026-08-05,15,1.9,10.4,3.9,100,27.5,0
天竜沖,2026-08-05,18,1.8,9.6,3.6,89,27.5,0
天竜沖,2026-08-05,21,2.0,9.9,3.4,73,27.4,0
波勝崎沖,2026-08-05,00,1.6,11.2,7.5,52,26.6,2
波勝崎沖,2026-08-05,03,1.6,11.1,7.8,47,26.6,2
波勝崎沖,2026-08-05,06,1.9,12.1,7.1,43,26.6,2
波勝崎沖,2026-08-05,09,1.8,11.7,7.6,44,26.7,1
波勝崎沖,2026-08-05,12,1.8,11.6,8.0,60,26.9,1
波勝崎沖,2026-08-05,15,1.8,11.1,6.9,62,27.1,0
波勝崎沖,2026-08-05,18,1.8,10.8,6.2,72,27.1,3
波勝崎沖,2026-08-05,21,1.8,11.1,6.5,56,27.1,3
藤守前,2026-08-05,00,1.5,10.8,5.4,67,28.1,0
藤守前,2026-08-05,03,1.6,10.5,5.5,59,27.9,0
藤守前,2026-08-05,06,2.0,11.5,4.5,48,27.8,0
藤守前,2026-08-05,09,1.7,10.9,5.9,61,27.7,0
藤守前,2026-08-05,12,1.7,11.0,6.3,76,27.8,0
藤守前,2026-08-05,15,1.7,10.8,4.1,75,28.0,0
藤守前,2026-08-05,18,1.6,9.7,3.7,74,28.0,1
藤守前,2026-08-05,21,1.8,10.3,4.9,61,28.0,1
吉田沖,2026-08-05,00,1.5,10.8,5.4,67,28.1,0
吉田沖,2026-08-05,03,1.6,10.5,5.5,59,27.9,0
吉田沖,2026-08-05,06,2.0,11.5,4.5,48,27.8,0
吉田沖,2026-08-05,09,1.7,10.9,5.9,61,27.7,0
吉田沖,2026-08-05,12,1.7,11.0,6.3,76,27.8,0
吉田沖,2026-08-05,15,1.7,10.8,4.1,75,28.0,0
吉田沖,2026-08-05,18,1.6,9.7,3.7,74,28.0,1
吉田沖,2026-08-05,21,1.8,10.3,4.9,61,28.0,1
千貫門沖,2026-08-05,00,1.6,11.2,4.6,84,26.9,1
千貫門沖,2026-08-05,03,1.6,11.1,4.9,71,26.8,1
千貫門沖,2026-08-05,06,1.9,12.1,3.6,75,26.7,1
千貫門沖,2026-08-05,09,1.8,11.7,4.8,67,26.9,1
千貫門沖,2026-08-05,12,1.8,11.6,5.9,86,27.4,0
千貫門沖,2026-08-05,15,1.8,11.1,6.2,88,27.9,0
千貫門沖,2026-08-05,18,1.8,10.8,4.8,90,27.7,2
千貫門沖,2026-08-05,21,1.8,11.1,4.4,82,27.3,2
豊浜沖,2026-08-05,00,1.4,11.4,4.6,84,27.4,1
豊浜沖,2026-08-05,03,1.5,11.3,4.9,71,27.2,1
豊浜沖,2026-08-05,06,1.7,12.3,3.6,75,27.1,1
豊浜沖,2026-08-05,09,1.6,11.9,4.8,67,27.2,1
豊浜沖,2026-08-05,12,1.6,12.0,5.9,86,27.9,0
豊浜沖,2026-08-05,15,1.6,11.7,6.2,88,28.4,0
豊浜沖,2026-08-05,18,1.7,11.6,4.8,90,28.3,2
豊浜沖,2026-08-05,21,1.7,11.4,4.4,82,27.9,2
松崎沖,2026-08-05,00,1.6,11.2,4.6,84,26.9,1
松崎沖,2026-08-05,03,1.6,11.1,4.9,71,26.8,1
松崎沖,2026-08-05,06,1.9,12.1,3.6,75,26.7,1
松崎沖,2026-08-05,09,1.8,11.7,4.8,67,26.9,1
松崎沖,2026-08-05,12,1.8,11.6,5.9,86,27.4,0
松崎沖,2026-08-05,15,1.8,11.1,6.2,88,27.9,0
松崎沖,2026-08-05,18,1.8,10.8,4.8,90,27.7,2
松崎沖,2026-08-05,21,1.8,11.1,4.4,82,27.3,2
西伊豆沖,2026-08-05,00,1.4,11.4,4.6,63,26.9,2
西伊豆沖,2026-08-05,03,1.5,11.3,4.9,62,26.8,2
西伊豆沖,2026-08-05,06,1.7,12.3,4.8,59,26.7,2
西伊豆沖,2026-08-05,09,1.6,11.9,5.3,63,26.9,2
西伊豆沖,2026-08-05,12,1.6,12.0,4.4,72,27.4,1
西伊豆沖,2026-08-05,15,1.6,11.7,4.9,70,27.9,0
西伊豆沖,2026-08-05,18,1.7,11.6,3.0,63,27.7,2
西伊豆沖,2026-08-05,21,1.7,11.4,4.2,60,27.3,2
大井川沖,2026-08-05,00,1.8,11.2,4.0,70,28.1,0
大井川沖,2026-08-05,03,2.0,11.1,4.6,53,28.0,0
大井川沖,2026-08-05,06,2.3,11.7,3.5,39,27.9,0
大井川沖,2026-08-05,09,2.1,11.5,5.0,63,27.8,0
大井川沖,2026-08-05,12,2.1,11.7,6.3,79,28.0,0
大井川沖,2026-08-05,15,2.1,11.4,4.7,71,28.1,0
大井川沖,2026-08-05,18,2.0,10.7,4.8,69,28.1,1
大井川沖,2026-08-05,21,2.1,10.9,5.0,64,28.0,0
中瀬海岸,2026-08-05,00,1.8,11.2,4.0,70,28.1,0
中瀬海岸,2026-08-05,03,2.0,11.1,4.6,53,28.0,0
中瀬海岸,2026-08-05,06,2.3,11.7,3.5,39,27.9,0
中瀬海岸,2026-08-05,09,2.1,11.5,5.0,63,27.8,0
中瀬海岸,2026-08-05,12,2.1,11.7,6.3,79,28.0,0
中瀬海岸,2026-08-05,15,2.1,11.4,4.7,71,28.1,0
中瀬海岸,2026-08-05,18,2.0,10.7,4.8,69,28.1,1
中瀬海岸,2026-08-05,21,2.1,10.9,5.0,64,28.0,0
大井川港,2026-08-05,00,1.8,11.2,2.4,70,28.1,0
大井川港,2026-08-05,03,2.0,11.1,3.5,42,28.0,0
大井川港,2026-08-05,06,2.3,11.7,2.6,27,27.9,0
大井川港,2026-08-05,09,2.1,11.5,3.9,68,27.8,0
大井川港,2026-08-05,12,2.1,11.7,5.9,86,28.0,0
大井川港,2026-08-05,15,2.1,11.4,5.3,78,28.1,0
大井川港,2026-08-05,18,2.0,10.7,5.0,76,28.1,1
大井川港,2026-08-05,21,2.1,10.9,4.3,67,28.0,0
駿河湾,2026-08-05,00,1.2,10.8,5.5,79,27.4,1
駿河湾,2026-08-05,03,1.2,10.8,5.4,80,27.2,0
駿河湾,2026-08-05,06,1.5,11.8,4.5,78,27.1,1
駿河湾,2026-08-05,09,1.4,11.8,5.4,75,27.1,1
駿河湾,2026-08-05,12,1.4,12.1,7.2,82,27.6,0
駿河湾,2026-08-05,15,1.4,11.8,6.5,78,28.0,0
駿河湾,2026-08-05,18,1.6,12.1,5.6,77,28.0,0
駿河湾,2026-08-05,21,1.5,11.4,5.3,80,27.9,1
洲崎沖,2026-08-05,00,3.1,11.6,5.6,31,27.0,1
洲崎沖,2026-08-05,03,3.0,11.1,6.0,24,27.0,3
洲崎沖,2026-08-05,06,3.0,11.0,6.0,24,27.0,3
洲崎沖,2026-08-05,09,3.1,11.2,5.8,23,27.1,0
洲崎沖,2026-08-05,12,3.0,11.2,5.9,60,27.4,0
洲崎沖,2026-08-05,15,2.9,10.8,6.2,68,27.7,1
洲崎沖,2026-08-05,18,2.6,10.3,4.9,52,27.9,1
洲崎沖,2026-08-05,21,2.6,10.2,5.0,43,28.0,1
沖ノ瀬,2026-08-05,00,3.2,11.4,9.0,35,26.7,3
沖ノ瀬,2026-08-05,03,3.1,11.1,9.8,28,26.6,51
沖ノ瀬,2026-08-05,06,3.0,10.9,9.9,21,26.6,3
沖ノ瀬,2026-08-05,09,3.1,11.1,9.4,23,26.6,1
沖ノ瀬,2026-08-05,12,2.9,11.2,9.2,22,26.7,2
沖ノ瀬,2026-08-05,15,2.8,11.0,3.8,48,26.9,1
沖ノ瀬,2026-08-05,18,2.5,10.4,6.6,65,27.0,1
沖ノ瀬,2026-08-05,21,2.5,10.3,7.8,45,27.0,3
平砂浦沖,2026-08-05,00,3.1,11.1,5.6,31,27.0,1
平砂浦沖,2026-08-05,03,3.1,10.8,6.0,24,27.0,3
平砂浦沖,2026-08-05,06,3.0,10.7,6.0,24,26.9,3
平砂浦沖,2026-08-05,09,3.1,10.8,5.8,23,27.0,0
平砂浦沖,2026-08-05,12,3.0,10.8,5.9,60,27.1,0
平砂浦沖,2026-08-05,15,3.0,10.4,6.2,68,27.3,1
平砂浦沖,2026-08-05,18,2.7,10.0,4.9,52,27.5,1
平砂浦沖,2026-08-05,21,2.6,9.8,5.0,43,27.6,1
館山沖,2026-08-05,00,3.1,11.3,5.6,31,27.1,1
館山沖,2026-08-05,03,3.0,11.0,6.0,24,27.1,3
館山沖,2026-08-05,06,3.0,10.9,6.0,24,27.0,3
館山沖,2026-08-05,09,3.0,11.1,5.8,23,27.0,0
館山沖,2026-08-05,12,3.0,10.9,5.9,60,27.2,0
館山沖,2026-08-05,15,2.9,10.7,6.2,68,27.4,1
館山沖,2026-08-05,18,2.6,10.2,4.9,52,27.6,1
館山沖,2026-08-05,21,2.6,10.1,5.0,43,27.7,1
久能沖,2026-08-05,00,1.6,11.1,1.8,37,27.8,0
久能沖,2026-08-05,03,1.7,11.1,2.2,1,27.7,0
久能沖,2026-08-05,06,1.9,11.8,2.6,360,27.7,0
久能沖,2026-08-05,09,1.8,11.8,2.9,67,27.8,0
久能沖,2026-08-05,12,1.9,11.9,4.3,94,28.0,0
久能沖,2026-08-05,15,1.9,11.7,5.1,105,28.1,0
久能沖,2026-08-05,18,2.0,11.7,4.2,89,28.1,0
久能沖,2026-08-05,21,1.9,11.1,2.6,56,28.0,0
富浦沖,2026-08-05,00,3.2,11.6,5.6,31,26.9,1
富浦沖,2026-08-05,03,3.1,11.2,6.0,24,26.9,3
富浦沖,2026-08-05,06,3.1,11.0,6.0,24,27.0,3
富浦沖,2026-08-05,09,3.1,11.2,5.8,23,27.1,0
富浦沖,2026-08-05,12,3.0,11.2,5.9,60,27.4,0
富浦沖,2026-08-05,15,2.9,10.9,6.2,68,27.7,1
富浦沖,2026-08-05,18,2.7,10.4,4.9,52,27.9,1
富浦沖,2026-08-05,21,2.6,10.3,5.0,43,28.0,1
折戸沖,2026-08-05,00,1.6,11.1,1.8,37,27.8,0
折戸沖,2026-08-05,03,1.7,11.1,2.2,1,27.7,0
折戸沖,2026-08-05,06,1.9,11.8,2.6,360,27.7,0
折戸沖,2026-08-05,09,1.8,11.8,2.9,67,27.8,0
折戸沖,2026-08-05,12,1.9,11.9,4.3,94,28.0,0
折戸沖,2026-08-05,15,1.9,11.7,5.1,105,28.1,0
折戸沖,2026-08-05,18,2.0,11.7,4.2,89,28.1,0
折戸沖,2026-08-05,21,1.9,11.1,2.6,56,28.0,0
貯木場,2026-08-05,00,1.2,10.1,1.8,37,27.8,0
貯木場,2026-08-05,03,1.3,10.4,2.2,1,27.7,0
貯木場,2026-08-05,06,1.4,11.3,2.6,360,27.7,0
貯木場,2026-08-05,09,1.4,11.8,2.9,67,27.8,0
貯木場,2026-08-05,12,1.4,11.9,4.3,94,28.0,0
貯木場,2026-08-05,15,1.4,11.6,5.1,105,28.1,0
貯木場,2026-08-05,18,1.8,12.2,4.2,89,28.1,0
貯木場,2026-08-05,21,1.5,11.1,2.6,56,28.0,0
折戸,2026-08-05,00,1.2,10.1,1.8,37,27.4,0
折戸,2026-08-05,03,1.3,10.4,2.2,1,27.5,0
折戸,2026-08-05,06,1.4,11.3,2.6,360,27.6,0
折戸,2026-08-05,09,1.4,11.8,2.9,67,27.8,0
折戸,2026-08-05,12,1.4,11.9,4.3,94,28.0,0
折戸,2026-08-05,15,1.4,11.6,5.1,105,28.1,0
折戸,2026-08-05,18,1.8,12.2,4.2,89,28.0,0
折戸,2026-08-05,21,1.5,11.1,2.6,56,27.8,0
清水沖,2026-08-05,00,1.2,10.1,1.8,37,27.4,0
清水沖,2026-08-05,03,1.3,10.4,2.2,1,27.5,0
清水沖,2026-08-05,06,1.4,11.3,2.6,360,27.6,0
清水沖,2026-08-05,09,1.4,11.8,2.9,67,27.8,0
清水沖,2026-08-05,12,1.4,11.9,4.3,94,28.0,0
清水沖,2026-08-05,15,1.4,11.6,5.1,105,28.1,0
清水沖,2026-08-05,18,1.8,12.2,4.2,89,28.0,0
清水沖,2026-08-05,21,1.5,11.1,2.6,56,27.8,0
岩井富浦沖,2026-08-05,00,2.4,11.7,5.6,31,27.0,1
岩井富浦沖,2026-08-05,03,2.3,11.2,6.0,24,26.9,3
岩井富浦沖,2026-08-05,06,2.3,11.1,6.0,24,26.8,3
岩井富浦沖,2026-08-05,09,2.3,11.3,5.8,23,26.8,0
岩井富浦沖,2026-08-05,12,2.3,11.3,5.9,60,27.0,0
岩井富浦沖,2026-08-05,15,2.2,11.2,6.2,68,27.2,1
岩井富浦沖,2026-08-05,18,2.0,10.7,4.9,52,27.3,1
岩井富浦沖,2026-08-05,21,2.0,10.6,5.0,43,27.4,1
北防,2026-08-05,00,1.2,10.1,1.8,37,27.8,0
北防,2026-08-05,03,1.3,10.4,2.2,1,27.7,0
北防,2026-08-05,06,1.4,11.3,2.6,360,27.7,0
北防,2026-08-05,09,1.4,11.8,2.9,67,27.8,0
北防,2026-08-05,12,1.4,11.9,4.3,94,28.0,0
北防,2026-08-05,15,1.4,11.6,5.1,105,28.1,0
北防,2026-08-05,18,1.8,12.2,4.2,89,28.1,0
北防,2026-08-05,21,1.5,11.1,2.6,56,28.0,0
一文字堤,2026-08-05,00,1.2,10.1,1.8,37,27.4,0
一文字堤,2026-08-05,03,1.3,10.4,2.2,1,27.5,0
一文字堤,2026-08-05,06,1.4,11.3,2.6,360,27.6,0
一文字堤,2026-08-05,09,1.4,11.8,2.9,67,27.8,0
一文字堤,2026-08-05,12,1.4,11.9,4.3,94,28.0,0
一文字堤,2026-08-05,15,1.4,11.6,5.1,105,28.1,0
一文字堤,2026-08-05,18,1.8,12.2,4.2,89,28.0,0
一文字堤,2026-08-05,21,1.5,11.1,2.6,56,27.8,0
西浦沖,2026-08-05,00,0.7,9.3,3.7,96,27.2,0
西浦沖,2026-08-05,03,0.8,10.3,3.6,92,27.1,0
西浦沖,2026-08-05,06,0.7,10.7,3.2,98,27.0,1
西浦沖,2026-08-05,09,0.8,11.8,4.6,86,27.0,0
西浦沖,2026-08-05,12,0.9,11.5,6.2,89,27.2,0
西浦沖,2026-08-05,15,1.0,10.6,5.7,88,27.3,0
西浦沖,2026-08-05,18,1.3,11.7,5.1,86,27.2,0
西浦沖,2026-08-05,21,1.0,10.8,4.1,91,27.1,1
高新田前,2026-08-05,00,1.2,10.1,1.8,37,27.4,0
高新田前,2026-08-05,03,1.3,10.4,2.2,1,27.5,0
高新田前,2026-08-05,06,1.4,11.3,2.6,360,27.6,0
高新田前,2026-08-05,09,1.4,11.8,2.9,67,27.8,0
高新田前,2026-08-05,12,1.4,11.9,4.3,94,28.0,0
高新田前,2026-08-05,15,1.4,11.6,5.1,105,28.1,0
高新田前,2026-08-05,18,1.8,12.2,4.2,89,28.0,0
高新田前,2026-08-05,21,1.5,11.1,2.6,56,27.8,0
三保沖,2026-08-05,00,1.2,10.1,1.3,4,28.3,0
三保沖,2026-08-05,03,1.3,10.4,1.8,331,28.2,0
三保沖,2026-08-05,06,1.4,11.3,2.7,336,28.0,0
三保沖,2026-08-05,09,1.4,11.8,1.4,80,27.9,0
三保沖,2026-08-05,12,1.4,11.9,3.0,105,27.9,0
三保沖,2026-08-05,15,1.4,11.6,4.4,120,27.9,0
三保沖,2026-08-05,18,1.8,12.2,2.1,104,27.8,0
三保沖,2026-08-05,21,1.5,11.1,0.5,360,27.7,0
三保取入口,2026-08-05,00,1.2,10.1,1.3,4,28.3,0
三保取入口,2026-08-05,03,1.3,10.4,1.8,331,28.2,0
三保取入口,2026-08-05,06,1.4,11.3,2.7,336,28.0,0
三保取入口,2026-08-05,09,1.4,11.8,1.4,80,27.9,0
三保取入口,2026-08-05,12,1.4,11.9,3.0,105,27.9,0
三保取入口,2026-08-05,15,1.4,11.6,4.4,120,27.9,0
三保取入口,2026-08-05,18,1.8,12.2,2.1,104,27.8,0
三保取入口,2026-08-05,21,1.5,11.1,0.5,360,27.7,0
静浦沖,2026-08-05,00,0.7,9.3,3.2,83,27.2,0
静浦沖,2026-08-05,03,0.8,10.3,2.9,71,27.1,0
静浦沖,2026-08-05,06,0.7,10.7,2.7,68,27.0,0
静浦沖,2026-08-05,09,0.8,11.8,3.6,83,27.0,0
静浦沖,2026-08-05,12,0.9,11.5,5.4,91,27.2,0
静浦沖,2026-08-05,15,1.0,10.6,5.8,97,27.3,0
静浦沖,2026-08-05,18,1.3,11.7,5.1,84,27.2,0
静浦沖,2026-08-05,21,1.0,10.8,3.7,83,27.1,0
網代沖,2026-08-05,00,,,3.1,76,27.3,2
網代沖,2026-08-05,03,,,3.7,66,27.2,1
網代沖,2026-08-05,06,,,2.5,70,27.0,1
網代沖,2026-08-05,09,,,4.5,72,27.0,0
網代沖,2026-08-05,12,,,5.1,78,27.1,0
網代沖,2026-08-05,15,,,4.5,80,27.2,0
網代沖,2026-08-05,18,,,3.8,84,27.1,2
網代沖,2026-08-05,21,,,3.5,79,27.1,2
網代南沖,2026-08-05,00,2.5,11.2,3.6,45,27.3,1
網代南沖,2026-08-05,03,2.4,10.9,4.3,39,27.2,1
網代南沖,2026-08-05,06,2.3,10.8,3.4,30,27.0,1
網代南沖,2026-08-05,09,2.4,11.0,4.7,52,27.0,0
網代南沖,2026-08-05,12,2.3,11.1,4.7,69,27.1,0
網代南沖,2026-08-05,15,2.2,10.9,3.9,77,27.2,0
網代南沖,2026-08-05,18,2.0,10.4,3.4,68,27.1,2
網代南沖,2026-08-05,21,2.0,10.2,3.7,60,27.1,2
岩井沖,2026-08-05,00,2.4,11.7,5.6,31,27.0,1
岩井沖,2026-08-05,03,2.3,11.2,6.0,24,26.9,3
岩井沖,2026-08-05,06,2.3,11.1,6.0,24,26.8,3
岩井沖,2026-08-05,09,2.3,11.3,5.8,23,26.8,0
岩井沖,2026-08-05,12,2.3,11.3,5.9,60,27.0,0
岩井沖,2026-08-05,15,2.2,11.2,6.2,68,27.2,1
岩井沖,2026-08-05,18,2.0,10.7,4.9,52,27.3,1
岩井沖,2026-08-05,21,2.0,10.6,5.0,43,27.4,1
沼津沖,2026-08-05,00,0.7,9.3,3.7,96,27.2,0
沼津沖,2026-08-05,03,0.8,10.3,3.6,92,27.1,0
沼津沖,2026-08-05,06,0.7,10.7,3.2,98,27.0,1
沼津沖,2026-08-05,09,0.8,11.8,4.6,86,27.0,0
沼津沖,2026-08-05,12,0.9,11.5,6.2,89,27.2,0
沼津沖,2026-08-05,15,1.0,10.6,5.7,88,27.3,0
沼津沖,2026-08-05,18,1.3,11.7,5.1,86,27.2,0
沼津沖,2026-08-05,21,1.0,10.8,4.1,91,27.1,1
相模湾,2026-08-05,00,2.7,11.5,9.5,36,26.6,3
相模湾,2026-08-05,03,2.6,11.2,10.5,24,26.6,51
相模湾,2026-08-05,06,2.6,11.0,10.6,14,26.6,3
相模湾,2026-08-05,09,2.6,11.2,9.7,20,26.7,2
相模湾,2026-08-05,12,2.5,11.2,7.7,47,26.9,2
相模湾,2026-08-05,15,2.4,11.2,6.5,35,27.1,0
相模湾,2026-08-05,18,2.2,10.6,6.2,71,27.1,3
相模湾,2026-08-05,21,2.2,10.4,8.4,49,27.1,3
太海沖航程1時間30分,2026-08-05,00,3.1,11.1,5.3,29,27.5,1
太海沖航程1時間30分,2026-08-05,03,3.1,10.8,5.2,22,27.5,3
太海沖航程1時間30分,2026-08-05,06,3.0,10.7,5.1,20,27.4,3
太海沖航程1時間30分,2026-08-05,09,3.1,10.8,5.1,26,27.4,1
太海沖航程1時間30分,2026-08-05,12,3.0,10.8,5.6,60,27.5,0
太海沖航程1時間30分,2026-08-05,15,3.0,10.4,5.5,63,27.5,1
太海沖航程1時間30分,2026-08-05,18,2.7,10.0,4.3,50,27.5,1
太海沖航程1時間30分,2026-08-05,21,2.6,9.8,4.4,39,27.5,0
木負沖,2026-08-05,00,0.7,9.3,3.2,83,27.2,0
木負沖,2026-08-05,03,0.8,10.3,2.9,71,27.1,0
木負沖,2026-08-05,06,0.7,10.7,2.7,68,27.0,0
木負沖,2026-08-05,09,0.8,11.8,3.6,83,27.0,0
木負沖,2026-08-05,12,0.9,11.5,5.4,91,27.2,0
木負沖,2026-08-05,15,1.0,10.6,5.8,97,27.3,0
木負沖,2026-08-05,18,1.3,11.7,5.1,84,27.2,0
木負沖,2026-08-05,21,1.0,10.8,3.7,83,27.1,0
木負湾内,2026-08-05,00,0.7,9.3,3.2,83,27.2,0
木負湾内,2026-08-05,03,0.8,10.3,2.9,71,27.1,0
木負湾内,2026-08-05,06,0.7,10.7,2.7,68,27.0,0
木負湾内,2026-08-05,09,0.8,11.8,3.6,83,27.0,0
木負湾内,2026-08-05,12,0.9,11.5,5.4,91,27.2,0
木負湾内,2026-08-05,15,1.0,10.6,5.8,97,27.3,0
木負湾内,2026-08-05,18,1.3,11.7,5.1,84,27.2,0
木負湾内,2026-08-05,21,1.0,10.8,3.7,83,27.1,0
カメギ根,2026-08-05,00,2.9,11.7,8.7,35,26.6,3
カメギ根,2026-08-05,03,2.8,11.3,8.8,26,26.6,51
カメギ根,2026-08-05,06,2.7,11.2,9.1,17,26.6,3
カメギ根,2026-08-05,09,2.8,11.3,8.7,24,26.6,2
カメギ根,2026-08-05,12,2.7,11.4,8.0,38,26.7,2
カメギ根,2026-08-05,15,2.6,11.2,6.8,36,26.8,2
カメギ根,2026-08-05,18,2.3,10.8,6.6,68,26.8,1
カメギ根,2026-08-05,21,2.3,10.6,7.5,46,26.8,3
保田沖,2026-08-05,00,2.7,11.8,5.0,32,27.0,1
保田沖,2026-08-05,03,2.6,11.2,5.2,23,26.9,3
保田沖,2026-08-05,06,2.6,11.2,5.3,22,26.9,2
保田沖,2026-08-05,09,2.6,11.3,5.5,18,26.9,1
保田沖,2026-08-05,12,2.5,11.5,4.7,46,27.1,2
保田沖,2026-08-05,15,2.4,11.3,5.0,72,27.3,1
保田沖,2026-08-05,18,2.2,10.8,4.0,55,27.4,1
保田沖,2026-08-05,21,2.2,10.7,4.3,45,27.4,0
大沢沖前後,2026-08-05,00,3.6,11.2,6.0,28,27.0,1
大沢沖前後,2026-08-05,03,3.5,10.8,5.5,21,26.9,3
大沢沖前後,2026-08-05,06,3.4,10.7,5.4,19,26.9,3
大沢沖前後,2026-08-05,09,3.4,10.9,6.0,31,26.9,2
大沢沖前後,2026-08-05,12,3.3,10.8,6.1,44,27.0,0
大沢沖前後,2026-08-05,15,3.2,10.6,5.8,52,27.0,1
大沢沖前後,2026-08-05,18,3.1,10.2,4.7,40,27.0,1
大沢沖前後,2026-08-05,21,2.9,10.1,4.6,30,27.1,1
勝浦沖航程1時間30分,2026-08-05,00,3.9,10.8,5.6,24,26.8,3
勝浦沖航程1時間30分,2026-08-05,03,3.7,10.5,5.5,18,26.8,3
勝浦沖航程1時間30分,2026-08-05,06,3.7,10.3,5.4,15,26.8,3
勝浦沖航程1時間30分,2026-08-05,09,3.6,10.6,6.3,28,26.9,3
勝浦沖航程1時間30分,2026-08-05,12,3.5,10.5,6.3,38,27.0,0
勝浦沖航程1時間30分,2026-08-05,15,3.4,10.3,5.7,43,27.1,1
勝浦沖航程1時間30分,2026-08-05,18,3.2,10.1,4.6,35,27.1,2
勝浦沖航程1時間30分,2026-08-05,21,3.1,9.8,4.6,29,27.0,3
由比沖,2026-08-05,00,0.6,11.2,0.7,42,28.3,0
由比沖,2026-08-05,03,0.7,11.8,1.4,6,28.2,0
由比沖,2026-08-05,06,0.7,11.8,1.2,355,28.0,0
由比沖,2026-08-05,09,0.8,12.7,1.8,173,27.9,0
由比沖,2026-08-05,12,0.9,12.6,3.0,153,28.0,0
由比沖,2026-08-05,15,0.9,11.2,3.4,128,28.0,0
由比沖,2026-08-05,18,1.3,12.7,2.0,129,27.9,0
由比沖,2026-08-05,21,1.0,11.4,0.9,22,27.7,0
由比港周辺,2026-08-05,00,0.6,11.2,0.7,42,28.3,0
由比港周辺,2026-08-05,03,0.7,11.8,1.4,6,28.2,0
由比港周辺,2026-08-05,06,0.7,11.8,1.2,355,28.0,0
由比港周辺,2026-08-05,09,0.8,12.7,1.8,173,27.9,0
由比港周辺,2026-08-05,12,0.9,12.6,3.0,153,28.0,0
由比港周辺,2026-08-05,15,0.9,11.2,3.4,128,28.0,0
由比港周辺,2026-08-05,18,1.3,12.7,2.0,129,27.9,0
由比港周辺,2026-08-05,21,1.0,11.4,0.9,22,27.7,0
岩船沖,2026-08-05,00,3.1,11.1,5.0,29,27.5,1
岩船沖,2026-08-05,03,3.1,10.8,4.6,20,27.5,3
岩船沖,2026-08-05,06,3.0,10.7,4.4,16,27.4,3
岩船沖,2026-08-05,09,3.1,10.8,4.9,28,27.4,2
岩船沖,2026-08-05,12,3.0,10.8,5.4,58,27.5,0
岩船沖,2026-08-05,15,3.0,10.4,5.1,61,27.5,1
岩船沖,2026-08-05,18,2.7,10.0,4.0,47,27.5,1
岩船沖,2026-08-05,21,2.6,9.8,4.0,36,27.5,1
小湊沖,2026-08-05,00,3.1,11.3,6.0,28,27.3,1
小湊沖,2026-08-05,03,3.0,11.0,5.5,21,27.3,3
小湊沖,2026-08-05,06,2.9,10.9,5.4,19,27.3,3
小湊沖,2026-08-05,09,2.9,11.0,6.0,31,27.3,2
小湊沖,2026-08-05,12,2.9,10.9,6.1,44,27.3,0
小湊沖,2026-08-05,15,2.8,10.7,5.8,52,27.4,1
小湊沖,2026-08-05,18,2.6,10.3,4.7,40,27.3,1
小湊沖,2026-08-05,21,2.5,10.1,4.6,30,27.3,1
太海沖,2026-08-05,00,1.8,11.5,5.0,32,26.8,1
太海沖,2026-08-05,03,1.8,11.1,5.2,23,26.7,3
太海沖,2026-08-05,06,1.8,10.9,5.3,22,26.6,2
太海沖,2026-08-05,09,1.8,11.1,5.5,18,26.6,1
太海沖,2026-08-05,12,1.8,11.3,4.7,46,26.8,2
太海沖,2026-08-05,15,1.7,11.2,5.0,72,26.9,1
太海沖,2026-08-05,18,1.6,10.8,4.0,55,26.8,1
太海沖,2026-08-05,21,1.6,10.6,4.3,45,26.7,0
鴨川沖前後,2026-08-05,00,2.6,11.1,6.0,28,27.5,1
鴨川沖前後,2026-08-05,03,2.5,10.8,5.5,21,27.5,3
鴨川沖前後,2026-08-05,06,2.5,10.7,5.4,19,27.4,3
鴨川沖前後,2026-08-05,09,2.5,10.8,6.0,31,27.4,2
鴨川沖前後,2026-08-05,12,2.4,10.7,6.1,44,27.5,0
鴨川沖前後,2026-08-05,15,2.4,10.4,5.8,52,27.6,1
鴨川沖前後,2026-08-05,18,2.3,10.1,4.7,40,27.5,1
鴨川沖前後,2026-08-05,21,2.2,9.8,4.6,30,27.5,1
岩和田沖,2026-08-05,00,3.6,11.2,5.6,24,27.1,3
岩和田沖,2026-08-05,03,3.5,10.8,5.5,18,27.1,3
岩和田沖,2026-08-05,06,3.4,10.8,5.4,15,27.1,3
岩和田沖,2026-08-05,09,3.4,10.9,6.3,28,27.1,3
岩和田沖,2026-08-05,12,3.3,10.8,6.3,38,27.2,0
岩和田沖,2026-08-05,15,3.2,10.7,5.7,43,27.2,1
岩和田沖,2026-08-05,18,3.0,10.3,4.6,35,27.2,2
岩和田沖,2026-08-05,21,2.9,10.1,4.6,29,27.2,3
城ヶ島西沖,2026-08-05,00,2.6,11.9,8.7,35,27.1,3
城ヶ島西沖,2026-08-05,03,2.5,11.4,8.8,26,27.0,51
城ヶ島西沖,2026-08-05,06,2.4,11.3,9.1,17,26.9,3
城ヶ島西沖,2026-08-05,09,2.5,11.5,8.7,24,26.9,2
城ヶ島西沖,2026-08-05,12,2.4,11.6,8.0,38,26.9,2
城ヶ島西沖,2026-08-05,15,2.3,11.4,6.8,36,27.0,2
城ヶ島西沖,2026-08-05,18,2.2,10.9,6.6,68,27.0,1
城ヶ島西沖,2026-08-05,21,2.1,10.7,7.5,46,26.9,3
城ヶ島沖,2026-08-05,00,2.4,11.8,9.3,32,26.9,1
城ヶ島沖,2026-08-05,03,2.3,11.4,9.9,26,26.8,3
城ヶ島沖,2026-08-05,06,2.3,11.2,9.9,20,26.7,3
城ヶ島沖,2026-08-05,09,2.4,11.4,10.0,19,26.7,1
城ヶ島沖,2026-08-05,12,2.3,11.6,8.5,18,26.8,3
城ヶ島沖,2026-08-05,15,2.3,11.4,5.7,45,27.0,3
城ヶ島沖,2026-08-05,18,2.1,10.9,6.2,61,27.0,1
城ヶ島沖,2026-08-05,21,2.0,10.7,7.7,41,26.9,1
大貫沖～富浦沖,2026-08-05,00,1.8,11.5,5.0,32,27.2,1
大貫沖～富浦沖,2026-08-05,03,1.8,11.1,5.2,23,27.2,3
大貫沖～富浦沖,2026-08-05,06,1.8,10.9,5.3,22,27.1,2
大貫沖～富浦沖,2026-08-05,09,1.8,11.1,5.5,18,27.1,1
大貫沖～富浦沖,2026-08-05,12,1.8,11.3,4.7,46,27.2,2
大貫沖～富浦沖,2026-08-05,15,1.7,11.2,5.0,72,27.3,1
大貫沖～富浦沖,2026-08-05,18,1.6,10.8,4.0,55,27.3,1
大貫沖～富浦沖,2026-08-05,21,1.6,10.6,4.3,45,27.2,0
御宿沖,2026-08-05,00,3.6,11.2,5.6,24,27.1,3
御宿沖,2026-08-05,03,3.5,10.8,5.5,18,27.1,3
御宿沖,2026-08-05,06,3.4,10.8,5.4,15,27.1,3
御宿沖,2026-08-05,09,3.4,10.9,6.3,28,27.1,3
御宿沖,2026-08-05,12,3.3,10.8,6.3,38,27.2,0
御宿沖,2026-08-05,15,3.2,10.7,5.7,43,27.2,1
御宿沖,2026-08-05,18,3.0,10.3,4.6,35,27.2,2
御宿沖,2026-08-05,21,2.9,10.1,4.6,29,27.2,3
興津港沖,2026-08-05,00,3.6,11.2,5.6,24,27.1,3
興津港沖,2026-08-05,03,3.5,10.8,5.5,18,27.1,3
興津港沖,2026-08-05,06,3.4,10.8,5.4,15,27.1,3
興津港沖,2026-08-05,09,3.4,10.9,6.3,28,27.1,3
興津港沖,2026-08-05,12,3.3,10.8,6.3,38,27.2,0
興津港沖,2026-08-05,15,3.2,10.7,5.7,43,27.2,1
興津港沖,2026-08-05,18,3.0,10.3,4.6,35,27.2,2
興津港沖,2026-08-05,21,2.9,10.1,4.6,29,27.2,3
烏帽子沖,2026-08-05,00,2.4,11.8,9.3,32,26.9,1
烏帽子沖,2026-08-05,03,2.3,11.4,9.9,26,26.8,3
烏帽子沖,2026-08-05,06,2.3,11.2,9.9,20,26.7,3
烏帽子沖,2026-08-05,09,2.4,11.4,10.0,19,26.7,1
烏帽子沖,2026-08-05,12,2.3,11.6,8.5,18,26.8,3
烏帽子沖,2026-08-05,15,2.3,11.4,5.7,45,27.0,3
烏帽子沖,2026-08-05,18,2.1,10.9,6.2,61,27.0,1
烏帽子沖,2026-08-05,21,2.0,10.7,7.7,41,26.9,1
諸磯沖,2026-08-05,00,2.4,11.8,9.3,32,26.9,1
諸磯沖,2026-08-05,03,2.3,11.4,9.9,26,26.8,3
諸磯沖,2026-08-05,06,2.3,11.2,9.9,20,26.7,3
諸磯沖,2026-08-05,09,2.4,11.4,10.0,19,26.7,1
諸磯沖,2026-08-05,12,2.3,11.6,8.5,18,26.8,3
諸磯沖,2026-08-05,15,2.3,11.4,5.7,45,27.0,3
諸磯沖,2026-08-05,18,2.1,10.9,6.2,61,27.0,1
諸磯沖,2026-08-05,21,2.0,10.7,7.7,41,26.9,1
剣崎沖,2026-08-05,00,2.4,11.8,9.3,32,26.9,1
剣崎沖,2026-08-05,03,2.3,11.4,9.9,26,26.8,3
剣崎沖,2026-08-05,06,2.3,11.2,9.9,20,26.7,3
剣崎沖,2026-08-05,09,2.4,11.4,10.0,19,26.7,1
剣崎沖,2026-08-05,12,2.3,11.6,8.5,18,26.8,3
剣崎沖,2026-08-05,15,2.3,11.4,5.7,45,27.0,3
剣崎沖,2026-08-05,18,2.1,10.9,6.2,61,27.0,1
剣崎沖,2026-08-05,21,2.0,10.7,7.7,41,26.9,1
勝浦灯台沖航程20分,2026-08-05,00,3.4,11.3,5.6,24,27.3,3
勝浦灯台沖航程20分,2026-08-05,03,3.3,11.0,5.5,18,27.2,3
勝浦灯台沖航程20分,2026-08-05,06,3.2,10.9,5.4,15,27.2,3
勝浦灯台沖航程20分,2026-08-05,09,3.2,11.1,6.3,28,27.2,3
勝浦灯台沖航程20分,2026-08-05,12,3.2,11.0,6.3,38,27.3,0
勝浦灯台沖航程20分,2026-08-05,15,3.1,10.8,5.7,43,27.3,1
勝浦灯台沖航程20分,2026-08-05,18,2.9,10.4,4.6,35,27.3,2
勝浦灯台沖航程20分,2026-08-05,21,2.8,10.2,4.6,29,27.2,3
勝浦沖航程30分,2026-08-05,00,3.6,11.2,5.6,24,27.1,3
勝浦沖航程30分,2026-08-05,03,3.5,10.8,5.5,18,27.1,3
勝浦沖航程30分,2026-08-05,06,3.4,10.8,5.4,15,27.1,3
勝浦沖航程30分,2026-08-05,09,3.4,10.9,6.3,28,27.1,3
勝浦沖航程30分,2026-08-05,12,3.3,10.8,6.3,38,27.2,0
勝浦沖航程30分,2026-08-05,15,3.2,10.7,5.7,43,27.2,1
勝浦沖航程30分,2026-08-05,18,3.0,10.3,4.6,35,27.2,2
勝浦沖航程30分,2026-08-05,21,2.9,10.1,4.6,29,27.2,3
田子の浦沖,2026-08-05,00,0.6,11.2,0.7,42,28.3,0
田子の浦沖,2026-08-05,03,0.7,11.8,1.4,6,28.2,0
田子の浦沖,2026-08-05,06,0.7,11.8,1.2,355,28.0,0
田子の浦沖,2026-08-05,09,0.8,12.7,1.8,173,27.9,0
田子の浦沖,2026-08-05,12,0.9,12.6,3.0,153,28.0,0
田子の浦沖,2026-08-05,15,0.9,11.2,3.4,128,28.0,0
田子の浦沖,2026-08-05,18,1.3,12.7,2.0,129,27.9,0
田子の浦沖,2026-08-05,21,1.0,11.4,0.9,22,27.7,0
富士川沖,2026-08-05,00,0.6,11.2,0.7,42,27.4,0
富士川沖,2026-08-05,03,0.7,11.8,1.4,6,27.2,0
富士川沖,2026-08-05,06,0.7,11.8,1.2,355,27.1,0
富士川沖,2026-08-05,09,0.8,12.7,1.8,173,27.1,0
富士川沖,2026-08-05,12,0.9,12.6,3.0,153,27.2,0
富士川沖,2026-08-05,15,0.9,11.2,3.4,128,27.3,0
富士川沖,2026-08-05,18,1.3,12.7,2.0,129,27.2,0
富士川沖,2026-08-05,21,1.0,11.4,0.9,22,27.0,0
かんねこ,2026-08-05,00,1.8,11.5,5.0,32,26.8,1
かんねこ,2026-08-05,03,1.8,11.1,5.2,23,26.7,3
かんねこ,2026-08-05,06,1.8,10.9,5.3,22,26.6,2
かんねこ,2026-08-05,09,1.8,11.1,5.5,18,26.6,1
かんねこ,2026-08-05,12,1.8,11.3,4.7,46,26.8,2
かんねこ,2026-08-05,15,1.7,11.2,5.0,72,26.9,1
かんねこ,2026-08-05,18,1.6,10.8,4.0,55,26.8,1
かんねこ,2026-08-05,21,1.6,10.6,4.3,45,26.7,0
海中公園沖,2026-08-05,00,3.6,11.2,5.6,24,27.1,3
海中公園沖,2026-08-05,03,3.5,10.8,5.5,18,27.1,3
海中公園沖,2026-08-05,06,3.4,10.8,5.4,15,27.1,3
海中公園沖,2026-08-05,09,3.4,10.9,6.3,28,27.1,3
海中公園沖,2026-08-05,12,3.3,10.8,6.3,38,27.2,0
海中公園沖,2026-08-05,15,3.2,10.7,5.7,43,27.2,1
海中公園沖,2026-08-05,18,3.0,10.3,4.6,35,27.2,2
海中公園沖,2026-08-05,21,2.9,10.1,4.6,29,27.2,3
真鶴西沖,2026-08-05,00,2.3,11.6,2.9,33,27.6,0
真鶴西沖,2026-08-05,03,2.3,11.3,3.7,26,27.5,1
真鶴西沖,2026-08-05,06,2.2,11.2,3.0,8,27.4,1
真鶴西沖,2026-08-05,09,2.2,11.3,4.0,44,27.3,1
真鶴西沖,2026-08-05,12,2.2,11.3,3.8,70,27.4,0
真鶴西沖,2026-08-05,15,2.1,11.2,3.6,103,27.6,0
真鶴西沖,2026-08-05,18,1.9,10.7,2.6,73,27.6,2
真鶴西沖,2026-08-05,21,1.9,10.3,2.8,64,27.5,1
真鶴沖,2026-08-05,00,2.3,11.6,2.9,33,27.6,0
真鶴沖,2026-08-05,03,2.3,11.3,3.7,26,27.5,1
真鶴沖,2026-08-05,06,2.2,11.2,3.0,8,27.4,1
真鶴沖,2026-08-05,09,2.2,11.3,4.0,44,27.3,1
真鶴沖,2026-08-05,12,2.2,11.3,3.8,70,27.4,0
真鶴沖,2026-08-05,15,2.1,11.2,3.6,103,27.6,0
真鶴沖,2026-08-05,18,1.9,10.7,2.6,73,27.6,2
真鶴沖,2026-08-05,21,1.9,10.3,2.8,64,27.5,1
勝浦灯台沖,2026-08-05,00,3.4,11.3,5.6,24,27.3,3
勝浦灯台沖,2026-08-05,03,3.3,11.0,5.5,18,27.2,3
勝浦灯台沖,2026-08-05,06,3.2,10.9,5.4,15,27.2,3
勝浦灯台沖,2026-08-05,09,3.2,11.1,6.3,28,27.2,3
勝浦灯台沖,2026-08-05,12,3.2,11.0,6.3,38,27.3,0
勝浦灯台沖,2026-08-05,15,3.1,10.8,5.7,43,27.3,1
勝浦灯台沖,2026-08-05,18,2.9,10.4,4.6,35,27.3,2
勝浦灯台沖,2026-08-05,21,2.8,10.2,4.6,29,27.2,3
勝浦沖,2026-08-05,00,3.4,11.3,5.6,24,27.3,3
勝浦沖,2026-08-05,03,3.3,11.0,5.5,18,27.2,3
勝浦沖,2026-08-05,06,3.2,10.9,5.4,15,27.2,3
勝浦沖,2026-08-05,09,3.2,11.1,6.3,28,27.2,3
勝浦沖,2026-08-05,12,3.2,11.0,6.3,38,27.3,0
勝浦沖,2026-08-05,15,3.1,10.8,5.7,43,27.3,1
勝浦沖,2026-08-05,18,2.9,10.4,4.6,35,27.3,2
勝浦沖,2026-08-05,21,2.8,10.2,4.6,29,27.2,3
富士山根,2026-08-05,00,2.1,12.2,6.1,32,27.6,1
富士山根,2026-08-05,03,2.0,11.8,6.4,23,27.6,3
富士山根,2026-08-05,06,2.0,11.7,6.4,14,27.5,3
富士山根,2026-08-05,09,2.1,11.8,6.3,19,27.4,3
富士山根,2026-08-05,12,2.0,11.8,5.6,33,27.5,3
富士山根,2026-08-05,15,2.0,11.5,5.2,42,27.5,2
富士山根,2026-08-05,18,1.8,11.1,4.6,56,27.4,1
富士山根,2026-08-05,21,1.8,10.8,4.8,41,27.3,2
川津沖,2026-08-05,00,3.2,10.9,5.8,24,27.1,3
川津沖,2026-08-05,03,3.1,10.7,5.6,21,27.1,51
川津沖,2026-08-05,06,3.1,10.6,5.6,13,27.1,3
川津沖,2026-08-05,09,3.0,10.7,6.1,23,27.1,3
川津沖,2026-08-05,12,2.9,10.7,6.2,40,27.2,0
川津沖,2026-08-05,15,2.8,10.5,5.6,41,27.2,2
川津沖,2026-08-05,18,2.7,10.2,4.7,36,27.2,2
川津沖,2026-08-05,21,2.5,9.8,4.7,30,27.2,3
下浦沖,2026-08-05,00,1.6,11.6,6.1,32,27.2,1
下浦沖,2026-08-05,03,1.5,11.1,6.4,23,27.1,3
下浦沖,2026-08-05,06,1.6,10.9,6.4,14,27.0,3
下浦沖,2026-08-05,09,1.6,11.2,6.3,19,27.0,3
下浦沖,2026-08-05,12,1.6,11.4,5.6,33,27.2,3
下浦沖,2026-08-05,15,1.5,11.3,5.2,42,27.3,2
下浦沖,2026-08-05,18,1.4,10.8,4.6,56,27.3,1
下浦沖,2026-08-05,21,1.4,10.6,4.8,41,27.3,2
興津沖,2026-08-05,00,3.2,10.9,5.8,24,27.1,3
興津沖,2026-08-05,03,3.1,10.7,5.6,21,27.1,51
興津沖,2026-08-05,06,3.1,10.6,5.6,13,27.1,3
興津沖,2026-08-05,09,3.0,10.7,6.1,23,27.1,3
興津沖,2026-08-05,12,2.9,10.7,6.2,40,27.2,0
興津沖,2026-08-05,15,2.8,10.5,5.6,41,27.2,2
興津沖,2026-08-05,18,2.7,10.2,4.7,36,27.2,2
興津沖,2026-08-05,21,2.5,9.8,4.7,30,27.2,3
長井西沖,2026-08-05,00,2.1,12.2,6.1,32,27.6,1
長井西沖,2026-08-05,03,2.0,11.8,6.4,23,27.6,3
長井西沖,2026-08-05,06,2.0,11.7,6.4,14,27.5,3
長井西沖,2026-08-05,09,2.1,11.8,6.3,19,27.4,3
長井西沖,2026-08-05,12,2.0,11.8,5.6,33,27.5,3
長井西沖,2026-08-05,15,2.0,11.5,5.2,42,27.5,2
長井西沖,2026-08-05,18,1.8,11.1,4.6,56,27.4,1
長井西沖,2026-08-05,21,1.8,10.8,4.8,41,27.3,2
長井沖,2026-08-05,00,1.8,11.8,6.1,32,27.4,1
長井沖,2026-08-05,03,1.7,11.3,6.4,23,27.2,3
長井沖,2026-08-05,06,1.7,11.2,6.4,14,27.1,3
長井沖,2026-08-05,09,1.8,11.4,6.3,19,27.0,3
長井沖,2026-08-05,12,1.8,11.6,5.6,33,27.1,3
長井沖,2026-08-05,15,1.7,11.3,5.2,42,27.2,2
長井沖,2026-08-05,18,1.6,10.9,4.6,56,27.1,1
長井沖,2026-08-05,21,1.5,10.7,4.8,41,27.1,2
三戸浜沖,2026-08-05,00,1.8,11.8,6.1,32,27.4,1
三戸浜沖,2026-08-05,03,1.7,11.3,6.4,23,27.2,3
三戸浜沖,2026-08-05,06,1.7,11.2,6.4,14,27.1,3
三戸浜沖,2026-08-05,09,1.8,11.4,6.3,19,27.0,3
三戸浜沖,2026-08-05,12,1.8,11.6,5.6,33,27.1,3
三戸浜沖,2026-08-05,15,1.7,11.3,5.2,42,27.2,2
三戸浜沖,2026-08-05,18,1.6,10.9,4.6,56,27.1,1
三戸浜沖,2026-08-05,21,1.5,10.7,4.8,41,27.1,2
金谷沖,2026-08-05,00,1.3,11.3,6.1,32,27.1,1
金谷沖,2026-08-05,03,1.3,10.8,6.4,23,27.1,3
金谷沖,2026-08-05,06,1.3,10.7,6.4,14,27.0,3
金谷沖,2026-08-05,09,1.3,10.9,6.3,19,27.0,3
金谷沖,2026-08-05,12,1.3,11.2,5.6,33,27.1,3
金谷沖,2026-08-05,15,1.3,11.2,5.2,42,27.3,2
金谷沖,2026-08-05,18,1.2,10.7,4.6,56,27.2,1
金谷沖,2026-08-05,21,1.2,10.5,4.8,41,27.1,2
佐島沖,2026-08-05,00,1.8,11.8,6.1,32,27.4,1
佐島沖,2026-08-05,03,1.7,11.3,6.4,23,27.2,3
佐島沖,2026-08-05,06,1.7,11.2,6.4,14,27.1,3
佐島沖,2026-08-05,09,1.8,11.4,6.3,19,27.0,3
佐島沖,2026-08-05,12,1.8,11.6,5.6,33,27.1,3
佐島沖,2026-08-05,15,1.7,11.3,5.2,42,27.2,2
佐島沖,2026-08-05,18,1.6,10.9,4.6,56,27.1,1
佐島沖,2026-08-05,21,1.5,10.7,4.8,41,27.1,2
小田原南沖,2026-08-05,00,2.1,12.1,2.9,33,27.7,0
小田原南沖,2026-08-05,03,2.1,11.8,3.7,26,27.7,1
小田原南沖,2026-08-05,06,2.0,11.7,3.0,8,27.6,1
小田原南沖,2026-08-05,09,2.1,11.7,4.0,44,27.5,1
小田原南沖,2026-08-05,12,2.0,11.7,3.8,70,27.7,0
小田原南沖,2026-08-05,15,1.9,11.4,3.6,103,27.8,0
小田原南沖,2026-08-05,18,1.8,11.0,2.6,73,27.7,2
小田原南沖,2026-08-05,21,1.7,10.7,2.8,64,27.6,1
瀬の海,2026-08-05,00,2.3,12.2,3.9,31,27.8,0
瀬の海,2026-08-05,03,2.2,11.8,4.5,17,27.8,3
瀬の海,2026-08-05,06,2.1,11.7,4.2,5,27.8,1
瀬の海,2026-08-05,09,2.2,11.8,4.8,18,27.8,1
瀬の海,2026-08-05,12,2.1,11.8,4.1,42,28.0,0
瀬の海,2026-08-05,15,2.1,11.5,4.4,82,28.1,1
瀬の海,2026-08-05,18,1.9,11.1,3.4,73,28.1,3
瀬の海,2026-08-05,21,1.8,10.8,3.4,61,28.0,3
秋谷沖,2026-08-05,00,2.1,12.2,6.1,32,27.6,1
秋谷沖,2026-08-05,03,2.0,11.8,6.4,23,27.6,3
秋谷沖,2026-08-05,06,2.0,11.7,6.4,14,27.5,3
秋谷沖,2026-08-05,09,2.1,11.8,6.3,19,27.4,3
秋谷沖,2026-08-05,12,2.0,11.8,5.6,33,27.5,3
秋谷沖,2026-08-05,15,2.0,11.5,5.2,42,27.5,2
秋谷沖,2026-08-05,18,1.8,11.1,4.6,56,27.4,1
秋谷沖,2026-08-05,21,1.8,10.8,4.8,41,27.3,2
竹岡沖,2026-08-05,00,1.3,11.3,5.3,37,27.1,1
竹岡沖,2026-08-05,03,1.3,10.8,5.8,25,27.1,51
竹岡沖,2026-08-05,06,1.3,10.7,5.9,20,27.0,3
竹岡沖,2026-08-05,09,1.3,10.9,5.5,13,27.0,2
竹岡沖,2026-08-05,12,1.3,11.2,4.7,33,27.1,3
竹岡沖,2026-08-05,15,1.3,11.2,4.4,46,27.3,3
竹岡沖,2026-08-05,18,1.2,10.7,4.1,62,27.2,1
竹岡沖,2026-08-05,21,1.2,10.5,4.2,47,27.1,1
部原沖,2026-08-05,00,3.4,11.3,5.6,24,27.3,3
部原沖,2026-08-05,03,3.3,11.0,5.5,18,27.2,3
部原沖,2026-08-05,06,3.2,10.9,5.4,15,27.2,3
部原沖,2026-08-05,09,3.2,11.1,6.3,28,27.2,3
部原沖,2026-08-05,12,3.2,11.0,6.3,38,27.3,0
部原沖,2026-08-05,15,3.1,10.8,5.7,43,27.3,1
部原沖,2026-08-05,18,2.9,10.4,4.6,35,27.3,2
部原沖,2026-08-05,21,2.8,10.2,4.6,29,27.2,3
小田原西沖,2026-08-05,00,2.1,12.1,2.9,33,27.7,0
小田原西沖,2026-08-05,03,2.1,11.8,3.7,26,27.7,1
小田原西沖,2026-08-05,06,2.0,11.7,3.0,8,27.6,1
小田原西沖,2026-08-05,09,2.1,11.7,4.0,44,27.5,1
小田原西沖,2026-08-05,12,2.0,11.7,3.8,70,27.7,0
小田原西沖,2026-08-05,15,1.9,11.4,3.6,103,27.8,0
小田原西沖,2026-08-05,18,1.8,11.0,2.6,73,27.7,2
小田原西沖,2026-08-05,21,1.7,10.7,2.8,64,27.6,1
小田原沖,2026-08-05,00,2.1,12.1,2.9,33,27.7,0
小田原沖,2026-08-05,03,2.1,11.8,3.7,26,27.7,1
小田原沖,2026-08-05,06,2.0,11.7,3.0,8,27.6,1
小田原沖,2026-08-05,09,2.1,11.7,4.0,44,27.5,1
小田原沖,2026-08-05,12,2.0,11.7,3.8,70,27.7,0
小田原沖,2026-08-05,15,1.9,11.4,3.6,103,27.8,0
小田原沖,2026-08-05,18,1.8,11.0,2.6,73,27.7,2
小田原沖,2026-08-05,21,1.7,10.7,2.8,64,27.6,1
小田原東沖,2026-08-05,00,2.1,12.1,2.9,33,27.7,0
小田原東沖,2026-08-05,03,2.1,11.8,3.7,26,27.7,1
小田原東沖,2026-08-05,06,2.0,11.7,3.0,8,27.6,1
小田原東沖,2026-08-05,09,2.1,11.7,4.0,44,27.5,1
小田原東沖,2026-08-05,12,2.0,11.7,3.8,70,27.7,0
小田原東沖,2026-08-05,15,1.9,11.4,3.6,103,27.8,0
小田原東沖,2026-08-05,18,1.8,11.0,2.6,73,27.7,2
小田原東沖,2026-08-05,21,1.7,10.7,2.8,64,27.6,1
久里浜沖,2026-08-05,00,1.6,11.6,6.1,32,27.2,1
久里浜沖,2026-08-05,03,1.5,11.1,6.4,23,27.1,3
久里浜沖,2026-08-05,06,1.6,10.9,6.4,14,27.0,3
久里浜沖,2026-08-05,09,1.6,11.2,6.3,19,27.0,3
久里浜沖,2026-08-05,12,1.6,11.4,5.6,33,27.2,3
久里浜沖,2026-08-05,15,1.5,11.3,5.2,42,27.3,2
久里浜沖,2026-08-05,18,1.4,10.8,4.6,56,27.3,1
久里浜沖,2026-08-05,21,1.4,10.6,4.8,41,27.3,2
国府津沖,2026-08-05,00,2.1,12.1,1.9,29,27.7,0
国府津沖,2026-08-05,03,2.1,11.8,3.0,12,27.7,3
国府津沖,2026-08-05,06,2.0,11.7,2.5,355,27.6,1
国府津沖,2026-08-05,09,2.1,11.7,3.6,32,27.5,2
国府津沖,2026-08-05,12,2.0,11.7,3.3,60,27.7,0
国府津沖,2026-08-05,15,1.9,11.4,4.1,108,27.8,1
国府津沖,2026-08-05,18,1.8,11.0,2.5,92,27.7,2
国府津沖,2026-08-05,21,1.7,10.7,1.9,70,27.6,1
葉山南沖,2026-08-05,00,1.6,12.2,6.1,32,28.1,1
葉山南沖,2026-08-05,03,1.5,11.9,6.4,23,28.1,3
葉山南沖,2026-08-05,06,1.5,11.8,6.4,14,28.0,3
葉山南沖,2026-08-05,09,1.5,12.0,6.3,19,28.0,3
葉山南沖,2026-08-05,12,1.5,12.0,5.6,33,28.2,3
葉山南沖,2026-08-05,15,1.5,11.6,5.2,42,28.3,2
葉山南沖,2026-08-05,18,1.4,11.2,4.6,56,28.2,1
葉山南沖,2026-08-05,21,1.4,10.9,4.8,41,28.1,2
エボシ沖,2026-08-05,00,1.6,12.2,6.1,32,28.1,1
エボシ沖,2026-08-05,03,1.5,11.9,6.4,23,28.1,3
エボシ沖,2026-08-05,06,1.5,11.8,6.4,14,28.0,3
エボシ沖,2026-08-05,09,1.5,12.0,6.3,19,28.0,3
エボシ沖,2026-08-05,12,1.5,12.0,5.6,33,28.2,3
エボシ沖,2026-08-05,15,1.5,11.6,5.2,42,28.3,2
エボシ沖,2026-08-05,18,1.4,11.2,4.6,56,28.2,1
エボシ沖,2026-08-05,21,1.4,10.9,4.8,41,28.1,2
観音崎沖ｍ,2026-08-05,00,1.0,10.8,6.1,32,27.5,1
観音崎沖ｍ,2026-08-05,03,1.0,10.4,6.4,23,27.4,3
観音崎沖ｍ,2026-08-05,06,1.0,10.2,6.4,14,27.2,3
観音崎沖ｍ,2026-08-05,09,1.0,10.6,6.3,19,27.2,3
観音崎沖ｍ,2026-08-05,12,1.0,11.0,5.6,33,27.3,3
観音崎沖ｍ,2026-08-05,15,1.0,11.0,5.2,42,27.4,2
観音崎沖ｍ,2026-08-05,18,1.0,10.6,4.6,56,27.3,1
観音崎沖ｍ,2026-08-05,21,0.9,10.2,4.8,41,27.2,2
浦賀沖,2026-08-05,00,1.0,10.8,6.1,32,27.5,1
浦賀沖,2026-08-05,03,1.0,10.4,6.4,23,27.4,3
浦賀沖,2026-08-05,06,1.0,10.2,6.4,14,27.2,3
浦賀沖,2026-08-05,09,1.0,10.6,6.3,19,27.2,3
浦賀沖,2026-08-05,12,1.0,11.0,5.6,33,27.3,3
浦賀沖,2026-08-05,15,1.0,11.0,5.2,42,27.4,2
浦賀沖,2026-08-05,18,1.0,10.6,4.6,56,27.3,1
浦賀沖,2026-08-05,21,0.9,10.2,4.8,41,27.2,2
鎌倉沖,2026-08-05,00,1.6,12.2,3.9,33,28.1,0
鎌倉沖,2026-08-05,03,1.5,11.9,4.2,19,28.1,3
鎌倉沖,2026-08-05,06,1.5,11.8,4.2,8,28.0,2
鎌倉沖,2026-08-05,09,1.5,12.0,4.4,19,28.0,1
鎌倉沖,2026-08-05,12,1.5,12.0,4.1,54,28.2,0
鎌倉沖,2026-08-05,15,1.5,11.6,4.5,65,28.3,1
鎌倉沖,2026-08-05,18,1.4,11.2,3.5,69,28.2,2
鎌倉沖,2026-08-05,21,1.4,10.9,3.8,59,28.1,3
葉山沖,2026-08-05,00,1.6,12.2,4.5,32,28.1,1
葉山沖,2026-08-05,03,1.5,11.9,4.8,20,28.1,3
葉山沖,2026-08-05,06,1.5,11.8,4.7,9,28.0,3
葉山沖,2026-08-05,09,1.5,12.0,4.7,19,28.0,2
葉山沖,2026-08-05,12,1.5,12.0,4.6,58,28.2,1
葉山沖,2026-08-05,15,1.5,11.6,4.5,46,28.3,1
葉山沖,2026-08-05,18,1.4,11.2,3.8,67,28.2,1
葉山沖,2026-08-05,21,1.4,10.9,4.2,49,28.1,3
大貫沖,2026-08-05,00,0.9,10.5,5.3,37,27.2,1
大貫沖,2026-08-05,03,0.9,10.0,5.8,25,27.0,51
大貫沖,2026-08-05,06,0.9,9.9,5.9,20,26.9,3
大貫沖,2026-08-05,09,0.9,10.2,5.5,13,26.8,2
大貫沖,2026-08-05,12,0.9,10.8,4.7,33,27.0,3
大貫沖,2026-08-05,15,0.9,10.9,4.4,46,27.1,3
大貫沖,2026-08-05,18,0.9,10.4,4.1,62,27.1,1
大貫沖,2026-08-05,21,0.8,10.1,4.2,47,27.0,1
大原沖,2026-08-05,00,3.0,11.1,5.8,24,26.7,3
大原沖,2026-08-05,03,2.9,10.8,5.6,21,26.7,51
大原沖,2026-08-05,06,2.9,10.7,5.6,13,26.8,3
大原沖,2026-08-05,09,2.8,10.7,6.1,23,26.8,3
大原沖,2026-08-05,12,2.7,10.7,6.2,40,26.9,0
大原沖,2026-08-05,15,2.7,10.5,5.6,41,27.0,2
大原沖,2026-08-05,18,2.6,10.3,4.7,36,27.0,2
大原沖,2026-08-05,21,2.4,9.8,4.7,30,27.0,3
江の島沖,2026-08-05,00,1.8,12.3,3.9,33,28.1,0
江の島沖,2026-08-05,03,1.7,12.0,4.2,19,28.1,3
江の島沖,2026-08-05,06,1.7,11.9,4.2,8,28.0,2
江の島沖,2026-08-05,09,1.8,12.0,4.4,19,28.0,1
江の島沖,2026-08-05,12,1.8,12.0,4.1,54,28.2,0
江の島沖,2026-08-05,15,1.7,11.7,4.5,65,28.4,1
江の島沖,2026-08-05,18,1.6,11.2,3.5,69,28.3,2
江の島沖,2026-08-05,21,1.5,10.9,3.8,59,28.2,3
小坪沖,2026-08-05,00,1.6,12.2,4.5,32,28.1,1
小坪沖,2026-08-05,03,1.5,11.9,4.8,20,28.1,3
小坪沖,2026-08-05,06,1.5,11.8,4.7,9,28.0,3
小坪沖,2026-08-05,09,1.5,12.0,4.7,19,28.0,2
小坪沖,2026-08-05,12,1.5,12.0,4.6,58,28.2,1
小坪沖,2026-08-05,15,1.5,11.6,4.5,46,28.3,1
小坪沖,2026-08-05,18,1.4,11.2,3.8,67,28.2,1
小坪沖,2026-08-05,21,1.4,10.9,4.2,49,28.1,3
横須賀沖,2026-08-05,00,1.0,10.8,6.1,32,27.5,1
横須賀沖,2026-08-05,03,1.0,10.4,6.4,23,27.4,3
横須賀沖,2026-08-05,06,1.0,10.2,6.4,14,27.2,3
横須賀沖,2026-08-05,09,1.0,10.6,6.3,19,27.2,3
横須賀沖,2026-08-05,12,1.0,11.0,5.6,33,27.3,3
横須賀沖,2026-08-05,15,1.0,11.0,5.2,42,27.4,2
横須賀沖,2026-08-05,18,1.0,10.6,4.6,56,27.3,1
横須賀沖,2026-08-05,21,0.9,10.2,4.8,41,27.2,2
観音崎沖～横須賀沖,2026-08-05,00,1.0,10.8,6.1,32,27.5,1
観音崎沖～横須賀沖,2026-08-05,03,1.0,10.4,6.4,23,27.4,3
観音崎沖～横須賀沖,2026-08-05,06,1.0,10.2,6.4,14,27.2,3
観音崎沖～横須賀沖,2026-08-05,09,1.0,10.6,6.3,19,27.2,3
観音崎沖～横須賀沖,2026-08-05,12,1.0,11.0,5.6,33,27.3,3
観音崎沖～横須賀沖,2026-08-05,15,1.0,11.0,5.2,42,27.4,2
観音崎沖～横須賀沖,2026-08-05,18,1.0,10.6,4.6,56,27.3,1
観音崎沖～横須賀沖,2026-08-05,21,0.9,10.2,4.8,41,27.2,2
観音崎沖,2026-08-05,00,1.0,10.8,6.1,32,27.5,1
観音崎沖,2026-08-05,03,1.0,10.4,6.4,23,27.4,3
観音崎沖,2026-08-05,06,1.0,10.2,6.4,14,27.2,3
観音崎沖,2026-08-05,09,1.0,10.6,6.3,19,27.2,3
観音崎沖,2026-08-05,12,1.0,11.0,5.6,33,27.3,3
観音崎沖,2026-08-05,15,1.0,11.0,5.2,42,27.4,2
観音崎沖,2026-08-05,18,1.0,10.6,4.6,56,27.3,1
観音崎沖,2026-08-05,21,0.9,10.2,4.8,41,27.2,2
富津南沖,2026-08-05,00,0.9,10.5,5.3,37,27.2,1
富津南沖,2026-08-05,03,0.9,10.0,5.8,25,27.0,51
富津南沖,2026-08-05,06,0.9,9.9,5.9,20,26.9,3
富津南沖,2026-08-05,09,0.9,10.2,5.5,13,26.8,2
富津南沖,2026-08-05,12,0.9,10.8,4.7,33,27.0,3
富津南沖,2026-08-05,15,0.9,10.9,4.4,46,27.1,3
富津南沖,2026-08-05,18,0.9,10.4,4.1,62,27.1,1
富津南沖,2026-08-05,21,0.8,10.1,4.2,47,27.0,1
大貫沖～猿島沖,2026-08-05,00,1.0,10.8,6.1,32,27.5,1
大貫沖～猿島沖,2026-08-05,03,1.0,10.4,6.4,23,27.4,3
大貫沖～猿島沖,2026-08-05,06,1.0,10.2,6.4,14,27.2,3
大貫沖～猿島沖,2026-08-05,09,1.0,10.6,6.3,19,27.2,3
大貫沖～猿島沖,2026-08-05,12,1.0,11.0,5.6,33,27.3,3
大貫沖～猿島沖,2026-08-05,15,1.0,11.0,5.2,42,27.4,2
大貫沖～猿島沖,2026-08-05,18,1.0,10.6,4.6,56,27.3,1
大貫沖～猿島沖,2026-08-05,21,0.9,10.2,4.8,41,27.2,2
二宮沖,2026-08-05,00,1.8,12.2,1.9,29,28.2,0
二宮沖,2026-08-05,03,1.7,11.8,3.0,12,28.2,3
二宮沖,2026-08-05,06,1.7,11.7,2.5,355,28.1,1
二宮沖,2026-08-05,09,1.7,11.8,3.6,32,28.1,2
二宮沖,2026-08-05,12,1.7,11.7,3.3,60,28.4,0
二宮沖,2026-08-05,15,1.6,11.4,4.1,108,28.6,1
二宮沖,2026-08-05,18,1.5,11.0,2.5,92,28.5,2
二宮沖,2026-08-05,21,1.5,10.7,1.9,70,28.3,1
小坪西沖,2026-08-05,00,1.6,12.2,3.9,33,28.1,0
小坪西沖,2026-08-05,03,1.5,11.9,4.2,19,28.1,3
小坪西沖,2026-08-05,06,1.5,11.8,4.2,8,28.0,2
小坪西沖,2026-08-05,09,1.5,12.0,4.4,19,28.0,1
小坪西沖,2026-08-05,12,1.5,12.0,4.1,54,28.2,0
小坪西沖,2026-08-05,15,1.5,11.6,4.5,65,28.3,1
小坪西沖,2026-08-05,18,1.4,11.2,3.5,69,28.2,2
小坪西沖,2026-08-05,21,1.4,10.9,3.8,59,28.1,3
大津沖,2026-08-05,00,1.2,11.6,6.1,32,27.5,1
大津沖,2026-08-05,03,1.2,11.2,6.4,23,27.4,3
大津沖,2026-08-05,06,1.2,11.1,6.4,14,27.2,3
大津沖,2026-08-05,09,1.2,11.3,6.3,19,27.2,3
大津沖,2026-08-05,12,1.2,11.6,5.6,33,27.3,3
大津沖,2026-08-05,15,1.2,11.3,5.2,42,27.4,2
大津沖,2026-08-05,18,1.1,10.8,4.6,56,27.3,1
大津沖,2026-08-05,21,1.0,10.6,4.8,41,27.2,2
木更津沖～竹岡沖,2026-08-05,00,0.9,10.5,5.3,37,27.8,1
木更津沖～竹岡沖,2026-08-05,03,0.9,10.0,5.8,25,27.7,51
木更津沖～竹岡沖,2026-08-05,06,0.9,9.9,5.9,20,27.6,3
木更津沖～竹岡沖,2026-08-05,09,0.9,10.2,5.5,13,27.5,2
木更津沖～竹岡沖,2026-08-05,12,0.9,10.8,4.7,33,27.7,3
木更津沖～竹岡沖,2026-08-05,15,0.9,10.9,4.4,46,27.8,3
木更津沖～竹岡沖,2026-08-05,18,0.9,10.4,4.1,62,27.7,1
木更津沖～竹岡沖,2026-08-05,21,0.8,10.1,4.2,47,27.6,1
平塚西沖,2026-08-05,00,1.8,12.2,1.9,29,28.2,0
平塚西沖,2026-08-05,03,1.7,11.8,3.0,12,28.2,3
平塚西沖,2026-08-05,06,1.7,11.7,2.5,355,28.1,1
平塚西沖,2026-08-05,09,1.7,11.8,3.6,32,28.1,2
平塚西沖,2026-08-05,12,1.7,11.7,3.3,60,28.4,0
平塚西沖,2026-08-05,15,1.6,11.4,4.1,108,28.6,1
平塚西沖,2026-08-05,18,1.5,11.0,2.5,92,28.5,2
平塚西沖,2026-08-05,21,1.5,10.7,1.9,70,28.3,1
大磯沖,2026-08-05,00,1.8,12.2,3.9,31,28.2,0
大磯沖,2026-08-05,03,1.7,11.8,4.5,17,28.2,3
大磯沖,2026-08-05,06,1.7,11.7,4.2,5,28.1,1
大磯沖,2026-08-05,09,1.7,11.8,4.8,18,28.1,1
大磯沖,2026-08-05,12,1.7,11.7,4.1,42,28.4,0
大磯沖,2026-08-05,15,1.6,11.4,4.4,82,28.6,1
大磯沖,2026-08-05,18,1.5,11.0,3.4,73,28.5,3
大磯沖,2026-08-05,21,1.5,10.7,3.4,61,28.3,3
平塚東沖,2026-08-05,00,1.9,12.3,3.9,31,28.2,0
平塚東沖,2026-08-05,03,1.8,11.9,4.5,17,28.1,3
平塚東沖,2026-08-05,06,1.8,11.9,4.2,5,28.1,1
平塚東沖,2026-08-05,09,1.8,11.9,4.8,18,28.1,1
平塚東沖,2026-08-05,12,1.8,11.9,4.1,42,28.4,0
平塚東沖,2026-08-05,15,1.8,11.6,4.4,82,28.6,1
平塚東沖,2026-08-05,18,1.7,11.2,3.4,73,28.5,3
平塚東沖,2026-08-05,21,1.6,10.9,3.4,61,28.3,3
茅ヶ崎西沖,2026-08-05,00,1.9,12.3,3.9,31,28.2,0
茅ヶ崎西沖,2026-08-05,03,1.8,11.9,4.5,17,28.1,3
茅ヶ崎西沖,2026-08-05,06,1.8,11.9,4.2,5,28.1,1
茅ヶ崎西沖,2026-08-05,09,1.8,11.9,4.8,18,28.1,1
茅ヶ崎西沖,2026-08-05,12,1.8,11.9,4.1,42,28.4,0
茅ヶ崎西沖,2026-08-05,15,1.8,11.6,4.4,82,28.6,1
茅ヶ崎西沖,2026-08-05,18,1.7,11.2,3.4,73,28.5,3
茅ヶ崎西沖,2026-08-05,21,1.6,10.9,3.4,61,28.3,3
大磯東沖,2026-08-05,00,1.9,12.3,3.9,31,28.2,0
大磯東沖,2026-08-05,03,1.8,11.9,4.5,17,28.1,3
大磯東沖,2026-08-05,06,1.8,11.9,4.2,5,28.1,1
大磯東沖,2026-08-05,09,1.8,11.9,4.8,18,28.1,1
大磯東沖,2026-08-05,12,1.8,11.9,4.1,42,28.4,0
大磯東沖,2026-08-05,15,1.8,11.6,4.4,82,28.6,1
大磯東沖,2026-08-05,18,1.7,11.2,3.4,73,28.5,3
大磯東沖,2026-08-05,21,1.6,10.9,3.4,61,28.3,3
茅ヶ崎沖,2026-08-05,00,1.9,12.3,3.9,31,28.2,0
茅ヶ崎沖,2026-08-05,03,1.8,11.9,4.5,17,28.1,3
茅ヶ崎沖,2026-08-05,06,1.8,11.9,4.2,5,28.1,1
茅ヶ崎沖,2026-08-05,09,1.8,11.9,4.8,18,28.1,1
茅ヶ崎沖,2026-08-05,12,1.8,11.9,4.1,42,28.4,0
茅ヶ崎沖,2026-08-05,15,1.8,11.6,4.4,82,28.6,1
茅ヶ崎沖,2026-08-05,18,1.7,11.2,3.4,73,28.5,3
茅ヶ崎沖,2026-08-05,21,1.6,10.9,3.4,61,28.3,3
茅ヶ崎東沖,2026-08-05,00,1.8,12.3,3.9,33,28.1,0
茅ヶ崎東沖,2026-08-05,03,1.7,12.0,4.2,19,28.1,3
茅ヶ崎東沖,2026-08-05,06,1.7,11.9,4.2,8,28.0,2
茅ヶ崎東沖,2026-08-05,09,1.8,12.0,4.4,19,28.0,1
茅ヶ崎東沖,2026-08-05,12,1.8,12.0,4.1,54,28.2,0
茅ヶ崎東沖,2026-08-05,15,1.7,11.7,4.5,65,28.4,1
茅ヶ崎東沖,2026-08-05,18,1.6,11.2,3.5,69,28.3,2
茅ヶ崎東沖,2026-08-05,21,1.5,10.9,3.8,59,28.2,3
猿島沖,2026-08-05,00,1.0,10.8,6.1,32,27.5,1
猿島沖,2026-08-05,03,1.0,10.4,6.4,23,27.4,3
猿島沖,2026-08-05,06,1.0,10.2,6.4,14,27.2,3
猿島沖,2026-08-05,09,1.0,10.6,6.3,19,27.2,3
猿島沖,2026-08-05,12,1.0,11.0,5.6,33,27.3,3
猿島沖,2026-08-05,15,1.0,11.0,5.2,42,27.4,2
猿島沖,2026-08-05,18,1.0,10.6,4.6,56,27.3,1
猿島沖,2026-08-05,21,0.9,10.2,4.8,41,27.2,2
走水沖,2026-08-05,00,0.9,10.5,5.3,37,27.2,1
走水沖,2026-08-05,03,0.9,10.0,5.8,25,27.0,51
走水沖,2026-08-05,06,0.9,9.9,5.9,20,26.9,3
走水沖,2026-08-05,09,0.9,10.2,5.5,13,26.8,2
走水沖,2026-08-05,12,0.9,10.8,4.7,33,27.0,3
走水沖,2026-08-05,15,0.9,10.9,4.4,46,27.1,3
走水沖,2026-08-05,18,0.9,10.4,4.1,62,27.1,1
走水沖,2026-08-05,21,0.8,10.1,4.2,47,27.0,1
海堡沖～竹岡沖,2026-08-05,00,0.9,10.5,5.3,37,27.2,1
海堡沖～竹岡沖,2026-08-05,03,0.9,10.0,5.8,25,27.0,51
海堡沖～竹岡沖,2026-08-05,06,0.9,9.9,5.9,20,26.9,3
海堡沖～竹岡沖,2026-08-05,09,0.9,10.2,5.5,13,26.8,2
海堡沖～竹岡沖,2026-08-05,12,0.9,10.8,4.7,33,27.0,3
海堡沖～竹岡沖,2026-08-05,15,0.9,10.9,4.4,46,27.1,3
海堡沖～竹岡沖,2026-08-05,18,0.9,10.4,4.1,62,27.1,1
海堡沖～竹岡沖,2026-08-05,21,0.8,10.1,4.2,47,27.0,1
太東沖,2026-08-05,00,3.0,11.1,5.7,31,25.0,3
太東沖,2026-08-05,03,2.9,10.8,5.4,23,25.0,3
太東沖,2026-08-05,06,2.9,10.7,5.4,14,25.0,51
太東沖,2026-08-05,09,2.8,10.7,5.3,27,25.0,3
太東沖,2026-08-05,12,2.7,10.7,5.9,52,25.2,0
太東沖,2026-08-05,15,2.7,10.5,5.4,53,25.3,1
太東沖,2026-08-05,18,2.6,10.3,4.7,43,25.3,2
太東沖,2026-08-05,21,2.4,9.8,4.6,37,25.3,3
海堡沖,2026-08-05,00,0.9,10.5,5.3,37,27.2,1
海堡沖,2026-08-05,03,0.9,10.0,5.8,25,27.0,51
海堡沖,2026-08-05,06,0.9,9.9,5.9,20,26.9,3
海堡沖,2026-08-05,09,0.9,10.2,5.5,13,26.8,2
海堡沖,2026-08-05,12,0.9,10.8,4.7,33,27.0,3
海堡沖,2026-08-05,15,0.9,10.9,4.4,46,27.1,3
海堡沖,2026-08-05,18,0.9,10.4,4.1,62,27.1,1
海堡沖,2026-08-05,21,0.8,10.1,4.2,47,27.0,1
富津沖,2026-08-05,00,0.9,10.5,5.3,37,27.2,1
富津沖,2026-08-05,03,0.9,10.0,5.8,25,27.0,51
富津沖,2026-08-05,06,0.9,9.9,5.9,20,26.9,3
富津沖,2026-08-05,09,0.9,10.2,5.5,13,26.8,2
富津沖,2026-08-05,12,0.9,10.8,4.7,33,27.0,3
富津沖,2026-08-05,15,0.9,10.9,4.4,46,27.1,3
富津沖,2026-08-05,18,0.9,10.4,4.1,62,27.1,1
富津沖,2026-08-05,21,0.8,10.1,4.2,47,27.0,1
港前,2026-08-05,00,1.2,11.6,4.5,32,28.1,1
港前,2026-08-05,03,1.2,11.2,4.8,20,28.1,3
港前,2026-08-05,06,1.2,11.1,4.7,9,28.0,3
港前,2026-08-05,09,1.2,11.3,4.7,19,28.0,2
港前,2026-08-05,12,1.2,11.6,4.6,58,28.2,1
港前,2026-08-05,15,1.2,11.3,4.5,46,28.3,1
港前,2026-08-05,18,1.1,10.8,3.8,67,28.2,1
港前,2026-08-05,21,1.0,10.6,4.2,49,28.1,3
鴨居沖,2026-08-05,00,1.2,11.6,4.5,32,27.3,1
鴨居沖,2026-08-05,03,1.2,11.2,4.8,20,27.2,3
鴨居沖,2026-08-05,06,1.2,11.1,4.7,9,27.1,3
鴨居沖,2026-08-05,09,1.2,11.3,4.7,19,27.0,2
鴨居沖,2026-08-05,12,1.2,11.6,4.6,58,27.1,1
鴨居沖,2026-08-05,15,1.2,11.3,4.5,46,27.3,1
鴨居沖,2026-08-05,18,1.1,10.8,3.8,67,27.2,1
鴨居沖,2026-08-05,21,1.0,10.6,4.2,49,27.1,3
木更津沖～富津沖,2026-08-05,00,0.7,9.4,5.3,37,26.8,1
木更津沖～富津沖,2026-08-05,03,0.7,8.9,5.8,25,26.6,51
木更津沖～富津沖,2026-08-05,06,0.7,8.9,5.9,20,26.4,3
木更津沖～富津沖,2026-08-05,09,0.7,9.6,5.5,13,26.3,2
木更津沖～富津沖,2026-08-05,12,0.6,10.3,4.7,33,26.4,3
木更津沖～富津沖,2026-08-05,15,0.6,10.7,4.4,46,26.5,3
木更津沖～富津沖,2026-08-05,18,0.6,10.1,4.1,62,26.4,1
木更津沖～富津沖,2026-08-05,21,0.6,9.5,4.2,47,26.4,1
横浜沖～観音崎沖,2026-08-05,00,1.0,10.8,6.1,32,27.3,1
横浜沖～観音崎沖,2026-08-05,03,1.0,10.4,6.4,23,27.2,3
横浜沖～観音崎沖,2026-08-05,06,1.0,10.2,6.4,14,27.1,3
横浜沖～観音崎沖,2026-08-05,09,1.0,10.6,6.3,19,27.0,3
横浜沖～観音崎沖,2026-08-05,12,1.0,11.0,5.6,33,27.1,3
横浜沖～観音崎沖,2026-08-05,15,1.0,11.0,5.2,42,27.3,2
横浜沖～観音崎沖,2026-08-05,18,1.0,10.6,4.6,56,27.2,1
横浜沖～観音崎沖,2026-08-05,21,0.9,10.2,4.8,41,27.1,2
中ノ瀬周り,2026-08-05,00,1.0,10.8,6.1,32,27.3,1
中ノ瀬周り,2026-08-05,03,1.0,10.4,6.4,23,27.2,3
中ノ瀬周り,2026-08-05,06,1.0,10.2,6.4,14,27.1,3
中ノ瀬周り,2026-08-05,09,1.0,10.6,6.3,19,27.0,3
中ノ瀬周り,2026-08-05,12,1.0,11.0,5.6,33,27.1,3
中ノ瀬周り,2026-08-05,15,1.0,11.0,5.2,42,27.3,2
中ノ瀬周り,2026-08-05,18,1.0,10.6,4.6,56,27.2,1
中ノ瀬周り,2026-08-05,21,0.9,10.2,4.8,41,27.1,2
鴨井沖,2026-08-05,00,3.3,11.1,10.1,32,25.0,3
鴨井沖,2026-08-05,03,3.1,10.8,10.1,31,25.0,51
鴨井沖,2026-08-05,06,3.1,10.7,9.9,22,25.0,3
鴨井沖,2026-08-05,09,3.0,10.8,9.2,23,25.0,3
鴨井沖,2026-08-05,12,2.9,10.8,9.5,36,25.1,0
鴨井沖,2026-08-05,15,2.9,10.5,8.2,37,25.2,1
鴨井沖,2026-08-05,18,2.8,10.3,7.9,35,25.2,1
鴨井沖,2026-08-05,21,2.5,9.8,8.3,37,25.1,1
富津沖～海堡,2026-08-05,00,0.7,9.4,5.3,37,26.5,1
富津沖～海堡,2026-08-05,03,0.7,8.9,5.8,25,26.4,51
富津沖～海堡,2026-08-05,06,0.7,8.9,5.9,20,26.3,3
富津沖～海堡,2026-08-05,09,0.7,9.6,5.5,13,26.2,2
富津沖～海堡,2026-08-05,12,0.6,10.3,4.7,33,26.4,3
富津沖～海堡,2026-08-05,15,0.6,10.7,4.4,46,26.6,3
富津沖～海堡,2026-08-05,18,0.6,10.1,4.1,62,26.5,1
富津沖～海堡,2026-08-05,21,0.6,9.5,4.2,47,26.3,1
富岡沖,2026-08-05,00,1.2,11.6,4.5,32,27.3,1
富岡沖,2026-08-05,03,1.2,11.2,4.8,20,27.2,3
富岡沖,2026-08-05,06,1.2,11.1,4.7,9,27.1,3
富岡沖,2026-08-05,09,1.2,11.3,4.7,19,27.0,2
富岡沖,2026-08-05,12,1.2,11.6,4.6,58,27.1,1
富岡沖,2026-08-05,15,1.2,11.3,4.5,46,27.3,1
富岡沖,2026-08-05,18,1.1,10.8,3.8,67,27.2,1
富岡沖,2026-08-05,21,1.0,10.6,4.2,49,27.1,3
小柴沖,2026-08-05,00,1.2,11.6,4.5,32,27.3,1
小柴沖,2026-08-05,03,1.2,11.2,4.8,20,27.2,3
小柴沖,2026-08-05,06,1.2,11.1,4.7,9,27.1,3
小柴沖,2026-08-05,09,1.2,11.3,4.7,19,27.0,2
小柴沖,2026-08-05,12,1.2,11.6,4.6,58,27.1,1
小柴沖,2026-08-05,15,1.2,11.3,4.5,46,27.3,1
小柴沖,2026-08-05,18,1.1,10.8,3.8,67,27.2,1
小柴沖,2026-08-05,21,1.0,10.6,4.2,49,27.1,3
木更津沖～富岡沖,2026-08-05,00,0.7,9.4,5.3,37,27.3,1
木更津沖～富岡沖,2026-08-05,03,0.7,8.9,5.8,25,27.2,51
木更津沖～富岡沖,2026-08-05,06,0.7,8.9,5.9,20,27.1,3
木更津沖～富岡沖,2026-08-05,09,0.7,9.6,5.5,13,27.0,2
木更津沖～富岡沖,2026-08-05,12,0.6,10.3,4.7,33,27.1,3
木更津沖～富岡沖,2026-08-05,15,0.6,10.7,4.4,46,27.3,3
木更津沖～富岡沖,2026-08-05,18,0.6,10.1,4.1,62,27.2,1
木更津沖～富岡沖,2026-08-05,21,0.6,9.5,4.2,47,27.1,1
八景沖,2026-08-05,00,1.2,11.6,4.5,32,27.3,1
八景沖,2026-08-05,03,1.2,11.2,4.8,20,27.2,3
八景沖,2026-08-05,06,1.2,11.1,4.7,9,27.1,3
八景沖,2026-08-05,09,1.2,11.3,4.7,19,27.0,2
八景沖,2026-08-05,12,1.2,11.6,4.6,58,27.1,1
八景沖,2026-08-05,15,1.2,11.3,4.5,46,27.3,1
八景沖,2026-08-05,18,1.1,10.8,3.8,67,27.2,1
八景沖,2026-08-05,21,1.0,10.6,4.2,49,27.1,3
長浦沖,2026-08-05,00,0.7,9.4,5.3,37,26.8,1
長浦沖,2026-08-05,03,0.7,8.9,5.8,25,26.6,51
長浦沖,2026-08-05,06,0.7,8.9,5.9,20,26.4,3
長浦沖,2026-08-05,09,0.7,9.6,5.5,13,26.3,2
長浦沖,2026-08-05,12,0.6,10.3,4.7,33,26.4,3
長浦沖,2026-08-05,15,0.6,10.7,4.4,46,26.5,3
長浦沖,2026-08-05,18,0.6,10.1,4.1,62,26.4,1
長浦沖,2026-08-05,21,0.6,9.5,4.2,47,26.4,1
木更津沖,2026-08-05,00,0.7,9.4,5.7,39,26.8,2
木更津沖,2026-08-05,03,0.7,8.9,6.2,25,26.6,51
木更津沖,2026-08-05,06,0.7,8.9,6.2,20,26.4,3
木更津沖,2026-08-05,09,0.7,9.6,5.5,13,26.3,3
木更津沖,2026-08-05,12,0.6,10.3,4.2,41,26.4,3
木更津沖,2026-08-05,15,0.6,10.7,4.1,55,26.5,3
木更津沖,2026-08-05,18,0.6,10.1,4.3,61,26.4,1
木更津沖,2026-08-05,21,0.6,9.5,4.9,52,26.4,1
一宮沖,2026-08-05,00,2.7,11.1,5.7,31,25.0,3
一宮沖,2026-08-05,03,2.6,10.8,5.4,23,25.0,3
一宮沖,2026-08-05,06,2.5,10.7,5.4,14,25.0,51
一宮沖,2026-08-05,09,2.5,10.7,5.3,27,25.0,3
一宮沖,2026-08-05,12,2.4,10.6,5.9,52,25.1,0
一宮沖,2026-08-05,15,2.3,10.4,5.4,53,25.2,1
一宮沖,2026-08-05,18,2.3,10.3,4.7,43,25.2,2
一宮沖,2026-08-05,21,2.1,9.8,4.6,37,25.1,3
横浜沖周り,2026-08-05,00,1.0,10.8,3.3,31,27.3,1
横浜沖周り,2026-08-05,03,1.0,10.4,3.5,19,27.2,3
横浜沖周り,2026-08-05,06,1.0,10.2,3.4,3,27.1,0
横浜沖周り,2026-08-05,09,1.0,10.6,3.5,19,27.0,3
横浜沖周り,2026-08-05,12,1.0,11.0,3.7,84,27.1,1
横浜沖周り,2026-08-05,15,1.0,11.0,4.0,80,27.3,0
横浜沖周り,2026-08-05,18,1.0,10.6,4.1,97,27.2,1
横浜沖周り,2026-08-05,21,0.9,10.2,3.5,62,27.1,3
本牧沖~富岡沖,2026-08-05,00,1.2,11.6,3.3,31,27.3,1
本牧沖~富岡沖,2026-08-05,03,1.2,11.2,3.5,19,27.2,3
本牧沖~富岡沖,2026-08-05,06,1.2,11.1,3.4,3,27.1,0
本牧沖~富岡沖,2026-08-05,09,1.2,11.3,3.5,19,27.0,3
本牧沖~富岡沖,2026-08-05,12,1.2,11.6,3.7,84,27.1,1
本牧沖~富岡沖,2026-08-05,15,1.2,11.3,4.0,80,27.3,0
本牧沖~富岡沖,2026-08-05,18,1.1,10.8,4.1,97,27.2,1
本牧沖~富岡沖,2026-08-05,21,1.0,10.6,3.5,62,27.1,3
木更津沖～本牧沖,2026-08-05,00,0.7,9.4,5.3,37,26.5,1
木更津沖～本牧沖,2026-08-05,03,0.7,8.9,5.8,25,26.4,51
木更津沖～本牧沖,2026-08-05,06,0.7,8.9,5.9,20,26.3,3
木更津沖～本牧沖,2026-08-05,09,0.7,9.6,5.5,13,26.2,2
木更津沖～本牧沖,2026-08-05,12,0.6,10.3,4.7,33,26.4,3
木更津沖～本牧沖,2026-08-05,15,0.6,10.7,4.4,46,26.6,3
木更津沖～本牧沖,2026-08-05,18,0.6,10.1,4.1,62,26.5,1
木更津沖～本牧沖,2026-08-05,21,0.6,9.5,4.2,47,26.3,1
海堡,2026-08-05,00,0.7,9.4,5.3,37,26.5,1
海堡,2026-08-05,03,0.7,8.9,5.8,25,26.4,51
海堡,2026-08-05,06,0.7,8.9,5.9,20,26.3,3
海堡,2026-08-05,09,0.7,9.6,5.5,13,26.2,2
海堡,2026-08-05,12,0.6,10.3,4.7,33,26.4,3
海堡,2026-08-05,15,0.6,10.7,4.4,46,26.6,3
海堡,2026-08-05,18,0.6,10.1,4.1,62,26.5,1
海堡,2026-08-05,21,0.6,9.5,4.2,47,26.3,1
木更津沖～横浜沖,2026-08-05,00,0.7,9.4,5.3,37,26.5,1
木更津沖～横浜沖,2026-08-05,03,0.7,8.9,5.8,25,26.4,51
木更津沖～横浜沖,2026-08-05,06,0.7,8.9,5.9,20,26.3,3
木更津沖～横浜沖,2026-08-05,09,0.7,9.6,5.5,13,26.2,2
木更津沖～横浜沖,2026-08-05,12,0.6,10.3,4.7,33,26.4,3
木更津沖～横浜沖,2026-08-05,15,0.6,10.7,4.4,46,26.6,3
木更津沖～横浜沖,2026-08-05,18,0.6,10.1,4.1,62,26.5,1
木更津沖～横浜沖,2026-08-05,21,0.6,9.5,4.2,47,26.3,1
中ノ瀬,2026-08-05,00,0.7,9.4,5.3,37,26.5,1
中ノ瀬,2026-08-05,03,0.7,8.9,5.8,25,26.4,51
中ノ瀬,2026-08-05,06,0.7,8.9,5.9,20,26.3,3
中ノ瀬,2026-08-05,09,0.7,9.6,5.5,13,26.2,2
中ノ瀬,2026-08-05,12,0.6,10.3,4.7,33,26.4,3
中ノ瀬,2026-08-05,15,0.6,10.7,4.4,46,26.6,3
中ノ瀬,2026-08-05,18,0.6,10.1,4.1,62,26.5,1
中ノ瀬,2026-08-05,21,0.6,9.5,4.2,47,26.3,1
本牧沖,2026-08-05,00,1.0,10.8,3.3,31,27.3,1
本牧沖,2026-08-05,03,1.0,10.4,3.5,19,27.2,3
本牧沖,2026-08-05,06,1.0,10.2,3.4,3,27.1,0
本牧沖,2026-08-05,09,1.0,10.6,3.5,19,27.0,3
本牧沖,2026-08-05,12,1.0,11.0,3.7,84,27.1,1
本牧沖,2026-08-05,15,1.0,11.0,4.0,80,27.3,0
本牧沖,2026-08-05,18,1.0,10.6,4.1,97,27.2,1
本牧沖,2026-08-05,21,0.9,10.2,3.5,62,27.1,3
横浜沖,2026-08-05,00,1.2,11.6,3.3,31,27.6,1
横浜沖,2026-08-05,03,1.2,11.2,3.5,19,27.5,3
横浜沖,2026-08-05,06,1.2,11.1,3.4,3,27.4,0
横浜沖,2026-08-05,09,1.2,11.3,3.5,19,27.4,3
横浜沖,2026-08-05,12,1.2,11.6,3.7,84,27.5,1
横浜沖,2026-08-05,15,1.2,11.3,4.0,80,27.7,0
横浜沖,2026-08-05,18,1.1,10.8,4.1,97,27.6,1
横浜沖,2026-08-05,21,1.0,10.6,3.5,62,27.5,3
根岸沖,2026-08-05,00,0.6,8.4,3.3,31,27.6,1
根岸沖,2026-08-05,03,0.6,8.2,3.5,19,27.5,3
根岸沖,2026-08-05,06,0.5,8.4,3.4,3,27.4,0
根岸沖,2026-08-05,09,0.5,9.2,3.5,19,27.4,3
根岸沖,2026-08-05,12,0.5,10.2,3.7,84,27.5,1
根岸沖,2026-08-05,15,0.5,10.6,4.0,80,27.7,0
根岸沖,2026-08-05,18,0.5,9.9,4.1,97,27.6,1
根岸沖,2026-08-05,21,0.5,8.8,3.5,62,27.5,3
片貝沖,2026-08-05,00,3.3,10.9,10.2,34,25.1,3
片貝沖,2026-08-05,03,3.2,10.7,10.1,32,25.0,51
片貝沖,2026-08-05,06,3.1,10.6,10.0,23,24.9,3
片貝沖,2026-08-05,09,3.0,10.7,9.2,26,24.9,3
片貝沖,2026-08-05,12,2.9,10.7,9.5,38,25.0,0
片貝沖,2026-08-05,15,2.9,10.4,8.3,38,25.1,1
片貝沖,2026-08-05,18,2.8,10.2,7.8,37,25.1,1
片貝沖,2026-08-05,21,2.5,9.8,8.4,41,25.1,1
木更津沖～川崎沖,2026-08-05,00,0.6,8.4,5.7,39,26.6,2
木更津沖～川崎沖,2026-08-05,03,0.6,8.2,6.2,25,26.5,51
木更津沖～川崎沖,2026-08-05,06,0.5,8.4,6.2,20,26.4,3
木更津沖～川崎沖,2026-08-05,09,0.5,9.2,5.5,13,26.4,3
木更津沖～川崎沖,2026-08-05,12,0.5,10.2,4.2,41,26.6,3
木更津沖～川崎沖,2026-08-05,15,0.5,10.6,4.1,55,26.7,3
木更津沖～川崎沖,2026-08-05,18,0.5,9.9,4.3,61,26.7,1
木更津沖～川崎沖,2026-08-05,21,0.5,8.8,4.9,52,26.5,1
盤洲沖,2026-08-05,00,0.5,8.1,5.7,39,25.9,2
盤洲沖,2026-08-05,03,0.5,7.8,6.2,25,25.8,51
盤洲沖,2026-08-05,06,0.5,8.0,6.2,20,25.8,3
盤洲沖,2026-08-05,09,0.5,8.8,5.5,13,25.8,3
盤洲沖,2026-08-05,12,0.5,9.9,4.2,41,26.0,3
盤洲沖,2026-08-05,15,0.5,10.4,4.1,55,26.3,3
盤洲沖,2026-08-05,18,0.5,9.8,4.3,61,26.2,1
盤洲沖,2026-08-05,21,0.5,8.6,4.9,52,26.0,1
大根,2026-08-05,00,3.3,10.9,9.7,35,25.1,3
大根,2026-08-05,03,3.2,10.7,9.7,32,25.0,3
大根,2026-08-05,06,3.1,10.6,9.4,24,24.9,3
大根,2026-08-05,09,3.0,10.7,9.1,27,24.9,3
大根,2026-08-05,12,2.9,10.7,9.1,38,25.0,0
大根,2026-08-05,15,2.9,10.4,8.1,37,25.1,1
大根,2026-08-05,18,2.8,10.2,7.3,40,25.1,1
大根,2026-08-05,21,2.5,9.8,7.7,41,25.1,3
川崎沖～横浜沖,2026-08-05,00,0.6,8.4,3.4,28,27.6,3
川崎沖～横浜沖,2026-08-05,03,0.6,8.2,3.4,18,27.5,3
川崎沖～横浜沖,2026-08-05,06,0.5,8.4,3.4,4,27.4,0
川崎沖～横浜沖,2026-08-05,09,0.5,9.2,3.3,12,27.4,3
川崎沖～横浜沖,2026-08-05,12,0.5,10.2,4.2,85,27.5,3
川崎沖～横浜沖,2026-08-05,15,0.5,10.6,3.6,82,27.7,0
川崎沖～横浜沖,2026-08-05,18,0.5,9.9,4.4,91,27.6,1
川崎沖～横浜沖,2026-08-05,21,0.5,8.8,3.4,58,27.5,3
川崎沖~本牧沖,2026-08-05,00,0.6,8.4,3.4,28,27.6,3
川崎沖~本牧沖,2026-08-05,03,0.6,8.2,3.4,18,27.5,3
川崎沖~本牧沖,2026-08-05,06,0.5,8.4,3.4,4,27.4,0
川崎沖~本牧沖,2026-08-05,09,0.5,9.2,3.3,12,27.4,3
川崎沖~本牧沖,2026-08-05,12,0.5,10.2,4.2,85,27.5,3
川崎沖~本牧沖,2026-08-05,15,0.5,10.6,3.6,82,27.7,0
川崎沖~本牧沖,2026-08-05,18,0.5,9.9,4.4,91,27.6,1
川崎沖~本牧沖,2026-08-05,21,0.5,8.8,3.4,58,27.5,3
川崎沖,2026-08-05,00,0.6,8.4,3.4,28,28.0,3
川崎沖,2026-08-05,03,0.6,8.2,3.4,18,27.9,3
川崎沖,2026-08-05,06,0.5,8.4,3.4,4,27.8,0
川崎沖,2026-08-05,09,0.5,9.2,3.3,12,27.7,3
川崎沖,2026-08-05,12,0.5,10.2,4.2,85,27.9,3
川崎沖,2026-08-05,15,0.5,10.6,3.6,82,28.0,0
川崎沖,2026-08-05,18,0.5,9.9,4.4,91,28.0,1
川崎沖,2026-08-05,21,0.5,8.8,3.4,58,27.9,3
五井沖,2026-08-05,00,0.3,3.4,3.8,39,26.1,3
五井沖,2026-08-05,03,0.3,3.5,3.7,23,26.0,3
五井沖,2026-08-05,06,0.3,3.6,3.9,20,25.9,3
五井沖,2026-08-05,09,0.2,4.0,3.8,20,26.0,2
五井沖,2026-08-05,12,0.2,5.2,4.3,55,26.2,3
五井沖,2026-08-05,15,0.2,7.1,4.2,78,26.5,2
五井沖,2026-08-05,18,0.1,8.2,3.5,58,26.3,3
五井沖,2026-08-05,21,0.2,3.8,3.5,46,26.1,2
鶴見沖,2026-08-05,00,0.6,8.4,3.4,28,28.0,3
鶴見沖,2026-08-05,03,0.6,8.2,3.4,18,27.9,3
鶴見沖,2026-08-05,06,0.5,8.4,3.4,4,27.8,0
鶴見沖,2026-08-05,09,0.5,9.2,3.3,12,27.7,3
鶴見沖,2026-08-05,12,0.5,10.2,4.2,85,27.9,3
鶴見沖,2026-08-05,15,0.5,10.6,3.6,82,28.0,0
鶴見沖,2026-08-05,18,0.5,9.9,4.4,91,28.0,1
鶴見沖,2026-08-05,21,0.5,8.8,3.4,58,27.9,3
木更津沖～浦安沖,2026-08-05,00,0.4,6.8,3.0,23,26.7,3
木更津沖～浦安沖,2026-08-05,03,0.4,6.8,2.9,14,26.6,3
木更津沖～浦安沖,2026-08-05,06,0.4,7.2,3.0,1,26.5,0
木更津沖～浦安沖,2026-08-05,09,0.4,8.1,2.8,6,26.5,2
木更津沖～浦安沖,2026-08-05,12,0.4,9.4,3.8,83,26.8,3
木更津沖～浦安沖,2026-08-05,15,0.4,10.1,3.0,87,27.1,2
木更津沖～浦安沖,2026-08-05,18,0.4,9.7,4.1,80,26.9,0
木更津沖～浦安沖,2026-08-05,21,0.4,7.2,3.0,57,26.7,3
羽田沖,2026-08-05,00,0.6,8.4,3.0,23,27.3,3
羽田沖,2026-08-05,03,0.6,8.2,2.9,14,27.2,3
羽田沖,2026-08-05,06,0.5,8.4,3.0,1,27.1,0
羽田沖,2026-08-05,09,0.5,9.2,2.8,6,27.1,2
羽田沖,2026-08-05,12,0.5,10.2,3.8,83,27.3,3
羽田沖,2026-08-05,15,0.5,10.6,3.0,87,27.5,2
羽田沖,2026-08-05,18,0.5,9.9,4.1,80,27.4,0
羽田沖,2026-08-05,21,0.5,8.8,3.0,57,27.2,3
千葉沖,2026-08-05,00,0.2,4.2,3.8,35,28.0,3
千葉沖,2026-08-05,03,0.2,4.3,3.6,20,27.9,3
千葉沖,2026-08-05,06,0.2,4.6,3.6,19,27.8,3
千葉沖,2026-08-05,09,0.2,5.1,3.7,27,27.8,3
千葉沖,2026-08-05,12,0.2,6.5,3.7,54,28.0,3
千葉沖,2026-08-05,15,0.2,8.9,3.5,65,28.2,3
千葉沖,2026-08-05,18,0.1,9.4,3.5,42,28.1,1
千葉沖,2026-08-05,21,0.2,8.4,3.4,43,27.9,3
浦安沖,2026-08-05,00,0.3,7.7,3.2,31,28.2,3
浦安沖,2026-08-05,03,0.3,7.6,3.2,24,28.1,3
浦安沖,2026-08-05,06,0.3,8.1,3.1,12,28.0,1
浦安沖,2026-08-05,09,0.3,8.9,2.9,22,27.9,3
浦安沖,2026-08-05,12,0.3,9.9,3.4,66,28.1,3
浦安沖,2026-08-05,15,0.3,10.5,3.0,77,28.3,3
浦安沖,2026-08-05,18,0.3,10.2,3.5,60,28.2,2
浦安沖,2026-08-05,21,0.3,9.4,3.2,55,28.1,1
屏風ヶ浦の陰,2026-08-05,00,0.2,4.2,3.3,33,28.9,3
屏風ヶ浦の陰,2026-08-05,03,0.2,4.3,3.0,16,28.8,3
屏風ヶ浦の陰,2026-08-05,06,0.2,4.6,2.9,13,28.7,3
屏風ヶ浦の陰,2026-08-05,09,0.2,5.1,3.5,35,28.6,3
屏風ヶ浦の陰,2026-08-05,12,0.2,6.5,3.6,50,28.8,3
屏風ヶ浦の陰,2026-08-05,15,0.2,8.9,3.6,58,28.9,3
屏風ヶ浦の陰,2026-08-05,18,0.1,9.4,3.2,37,28.8,1
屏風ヶ浦の陰,2026-08-05,21,0.2,8.4,3.0,40,28.7,3
犬吠南沖,2026-08-05,00,3.6,11.4,6.0,36,23.9,3
犬吠南沖,2026-08-05,03,3.4,11.1,5.9,29,23.9,1
犬吠南沖,2026-08-05,06,3.3,10.8,5.7,24,23.8,3
犬吠南沖,2026-08-05,09,3.2,10.8,6.6,25,23.8,1
犬吠南沖,2026-08-05,12,3.1,10.8,6.1,35,23.9,0
犬吠南沖,2026-08-05,15,3.0,10.7,5.7,34,24.0,0
犬吠南沖,2026-08-05,18,2.9,10.5,4.1,25,24.0,3
犬吠南沖,2026-08-05,21,2.6,10.0,5.1,31,24.1,3
亀城根,2026-08-05,00,3.6,11.4,6.0,36,23.9,3
亀城根,2026-08-05,03,3.4,11.1,5.9,29,23.9,1
亀城根,2026-08-05,06,3.3,10.8,5.7,24,23.8,3
亀城根,2026-08-05,09,3.2,10.8,6.6,25,23.8,1
亀城根,2026-08-05,12,3.1,10.8,6.1,35,23.9,0
亀城根,2026-08-05,15,3.0,10.7,5.7,34,24.0,0
亀城根,2026-08-05,18,2.9,10.5,4.1,25,24.0,3
亀城根,2026-08-05,21,2.6,10.0,5.1,31,24.1,3
外川沖,2026-08-05,00,3.1,11.5,6.0,36,24.5,3
外川沖,2026-08-05,03,2.9,11.2,5.9,29,24.4,1
外川沖,2026-08-05,06,2.8,10.9,5.7,24,24.4,3
外川沖,2026-08-05,09,2.8,10.8,6.6,25,24.4,1
外川沖,2026-08-05,12,2.7,10.8,6.1,35,24.5,0
外川沖,2026-08-05,15,2.6,10.8,5.7,34,24.6,0
外川沖,2026-08-05,18,2.5,10.5,4.1,25,24.6,3
外川沖,2026-08-05,21,2.3,9.9,5.1,31,24.6,3
犬吠沖,2026-08-05,00,3.1,11.5,6.0,36,24.5,3
犬吠沖,2026-08-05,03,2.9,11.2,5.9,29,24.4,1
犬吠沖,2026-08-05,06,2.8,10.9,5.7,24,24.4,3
犬吠沖,2026-08-05,09,2.8,10.8,6.6,25,24.4,1
犬吠沖,2026-08-05,12,2.7,10.8,6.1,35,24.5,0
犬吠沖,2026-08-05,15,2.6,10.8,5.7,34,24.6,0
犬吠沖,2026-08-05,18,2.5,10.5,4.1,25,24.6,3
犬吠沖,2026-08-05,21,2.3,9.9,5.1,31,24.6,3
飯岡沖,2026-08-05,00,2.3,11.6,6.0,36,25.3,3
飯岡沖,2026-08-05,03,2.2,11.2,5.9,29,25.3,1
飯岡沖,2026-08-05,06,2.2,11.0,5.7,24,25.3,3
飯岡沖,2026-08-05,09,2.1,10.9,6.6,25,25.3,1
飯岡沖,2026-08-05,12,2.1,10.9,6.1,35,25.4,0
飯岡沖,2026-08-05,15,2.1,10.8,5.7,34,25.5,0
飯岡沖,2026-08-05,18,2.0,10.4,4.1,25,25.5,3
飯岡沖,2026-08-05,21,1.8,9.9,5.1,31,25.5,3
真沖,2026-08-05,00,2.3,11.6,6.0,36,25.3,3
真沖,2026-08-05,03,2.2,11.2,5.9,29,25.3,1
真沖,2026-08-05,06,2.2,11.0,5.7,24,25.3,3
真沖,2026-08-05,09,2.1,10.9,6.6,25,25.3,1
真沖,2026-08-05,12,2.1,10.9,6.1,35,25.4,0
真沖,2026-08-05,15,2.1,10.8,5.7,34,25.5,0
真沖,2026-08-05,18,2.0,10.4,4.1,25,25.5,3
真沖,2026-08-05,21,1.8,9.9,5.1,31,25.5,3
波崎沖,2026-08-05,00,3.1,11.5,6.0,36,24.5,3
波崎沖,2026-08-05,03,2.9,11.2,5.9,29,24.4,1
波崎沖,2026-08-05,06,2.8,10.9,5.7,24,24.4,3
波崎沖,2026-08-05,09,2.8,10.8,6.6,25,24.4,1
波崎沖,2026-08-05,12,2.7,10.8,6.1,35,24.5,0
波崎沖,2026-08-05,15,2.6,10.8,5.7,34,24.6,0
波崎沖,2026-08-05,18,2.5,10.5,4.1,25,24.6,3
波崎沖,2026-08-05,21,2.3,9.9,5.1,31,24.6,3
川前大根,2026-08-05,00,2.3,11.6,6.0,36,25.3,3
川前大根,2026-08-05,03,2.2,11.2,5.9,29,25.3,1
川前大根,2026-08-05,06,2.2,11.0,5.7,24,25.3,3
川前大根,2026-08-05,09,2.1,10.9,6.6,25,25.3,1
川前大根,2026-08-05,12,2.1,10.9,6.1,35,25.4,0
川前大根,2026-08-05,15,2.1,10.8,5.7,34,25.5,0
川前大根,2026-08-05,18,2.0,10.4,4.1,25,25.5,3
川前大根,2026-08-05,21,1.8,9.9,5.1,31,25.5,3
鹿島南沖,2026-08-05,00,2.3,10.1,5.0,39,24.3,3
鹿島南沖,2026-08-05,03,2.2,9.9,5.1,30,24.3,1
鹿島南沖,2026-08-05,06,2.1,9.7,4.8,27,24.3,3
鹿島南沖,2026-08-05,09,2.1,9.5,5.7,25,24.3,0
鹿島南沖,2026-08-05,12,2.0,9.5,5.2,36,24.5,0
鹿島南沖,2026-08-05,15,1.9,9.6,4.8,37,24.6,0
鹿島南沖,2026-08-05,18,1.8,9.6,3.4,26,24.5,2
鹿島南沖,2026-08-05,21,1.7,9.2,4.5,32,24.4,3
神栖沖,2026-08-05,00,2.3,10.1,5.0,39,24.1,3
神栖沖,2026-08-05,03,2.2,9.9,5.1,30,24.1,1
神栖沖,2026-08-05,06,2.1,9.7,4.8,27,24.1,3
神栖沖,2026-08-05,09,2.1,9.5,5.7,25,24.1,0
神栖沖,2026-08-05,12,2.0,9.5,5.2,36,24.3,0
神栖沖,2026-08-05,15,1.9,9.6,4.8,37,24.4,0
神栖沖,2026-08-05,18,1.8,9.6,3.4,26,24.3,2
神栖沖,2026-08-05,21,1.7,9.2,4.5,32,24.2,3
鹿島沖,2026-08-05,00,2.3,10.1,4.8,42,24.9,3
鹿島沖,2026-08-05,03,2.2,9.9,4.6,32,24.9,1
鹿島沖,2026-08-05,06,2.1,9.7,4.9,30,24.9,0
鹿島沖,2026-08-05,09,2.1,9.5,5.2,29,24.9,2
鹿島沖,2026-08-05,12,2.0,9.5,4.7,41,25.0,0
鹿島沖,2026-08-05,15,1.9,9.6,4.2,39,25.1,0
鹿島沖,2026-08-05,18,1.8,9.6,3.0,30,25.1,3
鹿島沖,2026-08-05,21,1.7,9.2,3.8,30,25.0,3
鹿島真沖,2026-08-05,00,2.3,10.1,4.7,41,24.3,3
鹿島真沖,2026-08-05,03,2.2,9.9,4.6,31,24.3,1
鹿島真沖,2026-08-05,06,2.1,9.7,4.5,30,24.3,1
鹿島真沖,2026-08-05,09,2.1,9.5,5.2,26,24.3,1
鹿島真沖,2026-08-05,12,2.0,9.5,4.7,36,24.5,0
鹿島真沖,2026-08-05,15,1.9,9.6,4.2,36,24.6,0
鹿島真沖,2026-08-05,18,1.8,9.6,2.9,31,24.5,2
鹿島真沖,2026-08-05,21,1.7,9.2,3.9,31,24.4,3
鹿島魚礁,2026-08-05,00,2.7,10.4,8.2,40,23.8,3
鹿島魚礁,2026-08-05,03,2.6,10.2,8.0,34,23.8,0
鹿島魚礁,2026-08-05,06,2.5,10.0,7.8,27,23.8,2
鹿島魚礁,2026-08-05,09,2.4,9.8,8.3,25,23.8,0
鹿島魚礁,2026-08-05,12,2.3,9.8,6.9,34,24.0,0
鹿島魚礁,2026-08-05,15,2.2,9.9,6.4,35,24.1,0
鹿島魚礁,2026-08-05,18,2.1,9.8,5.1,28,24.1,2
鹿島魚礁,2026-08-05,21,2.0,9.4,7.0,32,24.0,3
鹿島北沖,2026-08-05,00,2.3,10.1,4.8,42,24.9,3
鹿島北沖,2026-08-05,03,2.3,9.8,4.6,32,24.9,1
鹿島北沖,2026-08-05,06,2.2,9.7,4.9,30,24.9,0
鹿島北沖,2026-08-05,09,2.1,9.4,5.2,29,24.9,2
鹿島北沖,2026-08-05,12,2.0,9.4,4.7,41,25.0,0
鹿島北沖,2026-08-05,15,2.0,9.6,4.2,39,25.1,0
鹿島北沖,2026-08-05,18,1.9,9.6,3.0,30,25.1,3
鹿島北沖,2026-08-05,21,1.7,9.2,3.8,30,25.0,3
北沖30,2026-08-05,00,2.6,10.9,4.4,41,23.8,0
北沖30,2026-08-05,03,2.5,10.7,3.6,37,23.8,0
北沖30,2026-08-05,06,2.4,10.4,3.8,24,23.7,0
北沖30,2026-08-05,09,2.3,10.2,3.9,49,23.8,0
北沖30,2026-08-05,12,2.2,10.2,4.0,72,24.0,0
北沖30,2026-08-05,15,2.1,10.2,4.2,62,24.1,0
北沖30,2026-08-05,18,2.1,10.2,2.8,51,24.1,1
北沖30,2026-08-05,21,2.0,9.9,3.9,44,24.0,3
大洗沖,2026-08-05,00,2.6,10.9,3.5,36,24.4,0
大洗沖,2026-08-05,03,2.5,10.7,3.1,30,24.4,0
大洗沖,2026-08-05,06,2.4,10.4,3.1,15,24.4,0
大洗沖,2026-08-05,09,2.3,10.2,3.5,52,24.4,0
大洗沖,2026-08-05,12,2.2,10.2,3.6,74,24.6,0
大洗沖,2026-08-05,15,2.1,10.2,3.7,70,24.7,0
大洗沖,2026-08-05,18,2.1,10.2,2.3,59,24.7,1
大洗沖,2026-08-05,21,2.0,9.9,3.3,47,24.6,3
青山沖,2026-08-05,00,2.6,11.2,4.4,41,23.8,0
青山沖,2026-08-05,03,2.6,10.9,3.6,37,23.8,0
青山沖,2026-08-05,06,2.5,10.7,3.8,24,23.8,0
青山沖,2026-08-05,09,2.4,10.4,3.9,49,23.9,0
青山沖,2026-08-05,12,2.3,10.4,4.0,72,24.1,0
青山沖,2026-08-05,15,2.2,10.4,4.2,62,24.2,0
青山沖,2026-08-05,18,2.1,10.4,2.8,51,24.2,1
青山沖,2026-08-05,21,2.0,10.1,3.9,44,24.1,3
日立沖,2026-08-05,00,2.8,11.8,4.4,28,23.9,0
日立沖,2026-08-05,03,2.8,11.4,4.0,34,23.9,0
日立沖,2026-08-05,06,2.7,11.2,3.9,18,23.9,0
日立沖,2026-08-05,09,2.5,10.9,3.0,58,23.9,0
日立沖,2026-08-05,12,2.4,10.9,3.4,77,24.1,0
日立沖,2026-08-05,15,2.3,10.9,2.9,70,24.3,0
日立沖,2026-08-05,18,2.3,10.8,2.2,42,24.3,0
日立沖,2026-08-05,21,2.2,10.5,2.7,35,24.2,3
銭洲沖,2026-08-06,00,3.9,9.7,10.2,91,28.1,51
銭洲沖,2026-08-06,03,3.7,9.9,9.2,98,28.1,51
銭洲沖,2026-08-06,06,3.9,10.3,9.3,88,28.1,0
銭洲沖,2026-08-06,09,3.8,10.3,9.3,106,28.2,2
銭洲沖,2026-08-06,12,3.7,10.2,9.2,111,28.3,51
銭洲沖,2026-08-06,15,3.6,9.9,8.6,113,28.3,1
銭洲沖,2026-08-06,18,3.5,9.8,8.9,111,28.3,0
銭洲沖,2026-08-06,21,3.5,9.8,8.3,108,28.3,0
イナンバ,2026-08-06,00,2.9,9.6,8.9,88,28.4,0
イナンバ,2026-08-06,03,2.8,9.7,8.1,90,28.4,51
イナンバ,2026-08-06,06,3.0,10.2,8.7,92,28.3,51
イナンバ,2026-08-06,09,2.9,10.2,8.4,82,28.3,0
イナンバ,2026-08-06,12,2.9,10.2,8.6,96,28.3,51
イナンバ,2026-08-06,15,2.8,10.2,7.7,103,28.2,1
イナンバ,2026-08-06,18,2.8,10.0,8.2,114,28.1,0
イナンバ,2026-08-06,21,2.6,9.7,7.8,100,28.0,0
石花海,2026-08-06,00,3.6,9.9,11.1,75,25.4,51
石花海,2026-08-06,03,3.4,9.9,11.4,66,25.4,51
石花海,2026-08-06,06,3.7,10.3,11.4,67,25.5,1
石花海,2026-08-06,09,3.7,10.5,11.5,65,25.6,51
石花海,2026-08-06,12,3.5,10.4,10.3,78,25.9,51
石花海,2026-08-06,15,3.5,10.2,8.6,87,26.3,1
石花海,2026-08-06,18,3.4,10.2,8.8,107,27.2,51
石花海,2026-08-06,21,3.3,10.0,8.4,106,28.1,0
神津島,2026-08-06,00,2.7,9.4,9.6,75,26.7,51
神津島,2026-08-06,03,2.6,9.6,7.9,79,26.6,0
神津島,2026-08-06,06,2.8,10.2,9.1,79,26.6,1
神津島,2026-08-06,09,2.8,10.1,8.5,68,26.6,51
神津島,2026-08-06,12,2.8,10.1,8.8,80,26.8,51
神津島,2026-08-06,15,2.7,10.1,7.8,90,26.9,0
神津島,2026-08-06,18,2.7,10.0,7.9,110,26.9,0
神津島,2026-08-06,21,2.5,9.7,7.7,102,26.9,0
金洲沖,2026-08-06,00,2.8,9.3,11.2,64,26.6,51
金洲沖,2026-08-06,03,2.7,9.3,12.0,51,26.6,3
金洲沖,2026-08-06,06,3.0,9.9,11.6,55,26.6,51
金洲沖,2026-08-06,09,3.0,10.2,11.8,50,26.6,51
金洲沖,2026-08-06,12,2.9,10.2,10.4,61,26.7,51
金洲沖,2026-08-06,15,2.8,10.2,8.8,75,26.8,0
金洲沖,2026-08-06,18,2.8,10.2,8.1,101,26.8,0
金洲沖,2026-08-06,21,2.7,9.9,7.9,100,26.7,0
新島沖,2026-08-06,00,2.5,8.7,9.4,69,27.4,51
新島沖,2026-08-06,03,2.3,8.8,7.1,69,27.3,0
新島沖,2026-08-06,06,2.5,9.2,8.2,72,27.3,51
新島沖,2026-08-06,09,2.4,9.2,8.4,59,27.3,51
新島沖,2026-08-06,12,2.4,9.2,7.6,83,27.4,53
新島沖,2026-08-06,15,2.3,9.4,7.0,88,27.5,0
新島沖,2026-08-06,18,2.2,9.4,7.3,108,27.4,0
新島沖,2026-08-06,21,2.0,9.0,7.0,103,27.2,0
金州,2026-08-06,00,2.4,8.1,9.5,62,25.7,51
金州,2026-08-06,03,2.3,8.2,8.1,52,25.7,51
金州,2026-08-06,06,2.4,8.6,7.8,59,25.7,53
金州,2026-08-06,09,2.3,8.6,10.1,41,25.8,51
金州,2026-08-06,12,2.2,8.8,7.1,69,26.1,51
金州,2026-08-06,15,2.1,8.9,6.3,83,26.4,51
金州,2026-08-06,18,2.1,9.0,6.2,108,26.4,0
金州,2026-08-06,21,1.9,8.6,5.8,105,26.4,0
白河沖,2026-08-06,00,3.0,10.5,4.8,73,27.0,1
白河沖,2026-08-06,03,2.9,10.4,5.7,56,27.0,0
白河沖,2026-08-06,06,3.2,11.0,5.3,64,27.0,0
白河沖,2026-08-06,09,3.1,11.2,6.0,64,27.0,0
白河沖,2026-08-06,12,3.1,10.8,6.8,91,27.1,0
白河沖,2026-08-06,15,3.1,10.3,7.9,106,27.2,0
白河沖,2026-08-06,18,3.0,10.1,7.5,104,27.1,0
白河沖,2026-08-06,21,2.9,10.1,6.7,96,27.0,0
御前崎沖,2026-08-06,00,3.1,10.6,4.8,73,27.3,1
御前崎沖,2026-08-06,03,3.0,10.5,5.7,56,27.3,0
御前崎沖,2026-08-06,06,3.3,11.1,5.3,64,27.3,0
御前崎沖,2026-08-06,09,3.2,11.2,6.0,64,27.4,0
御前崎沖,2026-08-06,12,3.1,10.9,6.8,91,27.5,0
御前崎沖,2026-08-06,15,3.1,10.3,7.9,106,27.5,0
御前崎沖,2026-08-06,18,3.0,10.1,7.5,104,27.5,0
御前崎沖,2026-08-06,21,2.9,10.1,6.7,96,27.4,0
八方便,2026-08-06,00,3.0,10.5,4.8,73,27.0,1
八方便,2026-08-06,03,2.9,10.4,5.7,56,27.0,0
八方便,2026-08-06,06,3.2,11.0,5.3,64,27.0,0
八方便,2026-08-06,09,3.1,11.2,6.0,64,27.0,0
八方便,2026-08-06,12,3.1,10.8,6.8,91,27.1,0
八方便,2026-08-06,15,3.1,10.3,7.9,106,27.2,0
八方便,2026-08-06,18,3.0,10.1,7.5,104,27.1,0
八方便,2026-08-06,21,2.9,10.1,6.7,96,27.0,0
神子元沖,2026-08-06,00,2.3,9.4,6.4,50,27.2,51
神子元沖,2026-08-06,03,2.3,9.4,5.5,41,27.1,51
神子元沖,2026-08-06,06,2.5,10.0,5.5,44,27.1,2
神子元沖,2026-08-06,09,2.5,10.2,6.5,56,27.1,1
神子元沖,2026-08-06,12,2.5,10.3,6.1,67,27.3,0
神子元沖,2026-08-06,15,2.4,10.3,4.9,75,27.5,0
神子元沖,2026-08-06,18,2.4,10.2,4.7,68,27.6,1
神子元沖,2026-08-06,21,2.3,9.8,3.7,59,27.6,51
大東沖,2026-08-06,00,3.0,11.2,4.8,76,27.7,0
大東沖,2026-08-06,03,2.9,10.9,5.0,70,27.7,51
大東沖,2026-08-06,06,3.1,11.4,5.5,75,27.7,0
大東沖,2026-08-06,09,3.1,11.6,5.8,83,27.7,0
大東沖,2026-08-06,12,3.0,11.2,6.0,100,27.8,0
大東沖,2026-08-06,15,3.0,10.7,6.2,108,27.8,0
大東沖,2026-08-06,18,2.9,10.3,5.8,110,27.8,0
大東沖,2026-08-06,21,2.8,10.2,5.4,102,27.7,0
石廊崎沖,2026-08-06,00,2.3,10.2,4.7,84,27.1,2
石廊崎沖,2026-08-06,03,2.3,10.2,3.9,62,27.0,51
石廊崎沖,2026-08-06,06,2.6,10.7,3.7,73,27.1,1
石廊崎沖,2026-08-06,09,2.6,10.9,4.4,83,27.2,1
石廊崎沖,2026-08-06,12,2.7,10.8,5.6,97,27.4,0
石廊崎沖,2026-08-06,15,2.6,10.7,4.8,102,27.6,0
石廊崎沖,2026-08-06,18,2.6,10.4,5.3,95,27.5,0
石廊崎沖,2026-08-06,21,2.5,10.1,4.0,94,27.5,51
福田沖,2026-08-06,00,3.0,11.2,4.3,77,27.7,0
福田沖,2026-08-06,03,2.9,11.0,4.5,70,27.7,51
福田沖,2026-08-06,06,3.2,11.4,5.0,78,27.7,0
福田沖,2026-08-06,09,3.2,11.6,5.4,86,27.7,0
福田沖,2026-08-06,12,3.1,11.2,5.9,103,27.8,0
福田沖,2026-08-06,15,3.0,10.6,6.1,109,27.9,0
福田沖,2026-08-06,18,2.9,10.2,5.6,110,27.8,0
福田沖,2026-08-06,21,2.8,10.2,5.1,100,27.8,0
浜岡沖,2026-08-06,00,2.8,11.2,4.8,73,28.1,1
浜岡沖,2026-08-06,03,2.8,10.9,5.7,56,28.0,0
浜岡沖,2026-08-06,06,3.0,11.3,5.3,64,28.0,0
浜岡沖,2026-08-06,09,3.0,11.6,6.0,64,28.0,0
浜岡沖,2026-08-06,12,2.9,11.2,6.8,91,28.1,0
浜岡沖,2026-08-06,15,2.9,10.7,7.9,106,28.2,0
浜岡沖,2026-08-06,18,2.8,10.4,7.5,104,28.1,0
浜岡沖,2026-08-06,21,2.7,10.2,6.7,96,28.0,0
下田南沖,2026-08-06,00,2.3,9.4,6.4,50,27.2,51
下田南沖,2026-08-06,03,2.3,9.4,5.5,41,27.1,51
下田南沖,2026-08-06,06,2.5,10.0,5.5,44,27.1,2
下田南沖,2026-08-06,09,2.5,10.2,6.5,56,27.1,1
下田南沖,2026-08-06,12,2.5,10.3,6.1,67,27.3,0
下田南沖,2026-08-06,15,2.4,10.3,4.9,75,27.5,0
下田南沖,2026-08-06,18,2.4,10.2,4.7,68,27.6,1
下田南沖,2026-08-06,21,2.3,9.8,3.7,59,27.6,51
下田沖,2026-08-06,00,2.3,9.4,6.4,50,27.2,51
下田沖,2026-08-06,03,2.3,9.4,5.5,41,27.1,51
下田沖,2026-08-06,06,2.5,10.0,5.5,44,27.1,2
下田沖,2026-08-06,09,2.5,10.2,6.5,56,27.1,1
下田沖,2026-08-06,12,2.5,10.3,6.1,67,27.3,0
下田沖,2026-08-06,15,2.4,10.3,4.9,75,27.5,0
下田沖,2026-08-06,18,2.4,10.2,4.7,68,27.6,1
下田沖,2026-08-06,21,2.3,9.8,3.7,59,27.6,51
相良沖,2026-08-06,00,2.8,10.8,4.8,73,28.1,1
相良沖,2026-08-06,03,2.7,10.7,5.7,56,28.0,0
相良沖,2026-08-06,06,3.0,11.2,5.3,64,28.0,0
相良沖,2026-08-06,09,3.0,11.4,6.0,64,28.1,0
相良沖,2026-08-06,12,2.9,11.1,6.8,91,28.2,0
相良沖,2026-08-06,15,2.9,10.6,7.9,106,28.3,0
相良沖,2026-08-06,18,2.8,10.2,7.5,104,28.3,0
相良沖,2026-08-06,21,2.7,10.1,6.7,96,28.2,0
天竜沖,2026-08-06,00,2.0,10.2,3.4,76,27.7,0
天竜沖,2026-08-06,03,2.0,10.1,3.7,65,27.7,0
天竜沖,2026-08-06,06,2.3,10.6,3.4,89,27.7,0
天竜沖,2026-08-06,09,2.1,10.3,4.3,93,27.7,0
天竜沖,2026-08-06,12,2.1,10.2,5.1,111,27.8,51
天竜沖,2026-08-06,15,2.1,9.8,4.8,115,27.9,0
天竜沖,2026-08-06,18,2.1,9.6,4.2,116,27.8,0
天竜沖,2026-08-06,21,2.0,9.4,3.6,103,27.8,0
波勝崎沖,2026-08-06,00,1.9,10.9,6.4,50,27.5,51
波勝崎沖,2026-08-06,03,1.9,10.8,5.5,41,27.5,51
波勝崎沖,2026-08-06,06,2.1,11.5,5.5,44,27.5,2
波勝崎沖,2026-08-06,09,2.2,11.7,6.5,56,27.5,1
波勝崎沖,2026-08-06,12,2.3,11.5,6.1,67,27.7,0
波勝崎沖,2026-08-06,15,2.3,11.2,4.9,75,27.9,0
波勝崎沖,2026-08-06,18,2.3,10.8,4.7,68,27.9,1
波勝崎沖,2026-08-06,21,2.1,10.3,3.7,59,27.8,51
藤守前,2026-08-06,00,1.8,10.4,4.8,66,28.3,1
藤守前,2026-08-06,03,1.8,10.3,5.1,57,28.2,51
藤守前,2026-08-06,06,2.1,10.9,4.9,64,28.2,1
藤守前,2026-08-06,09,2.0,10.8,5.7,73,28.3,0
藤守前,2026-08-06,12,2.0,10.7,3.6,99,28.4,0
藤守前,2026-08-06,15,2.0,10.2,4.5,109,28.5,0
藤守前,2026-08-06,18,2.0,9.8,5.6,112,28.4,0
藤守前,2026-08-06,21,1.9,9.6,5.0,100,28.3,1
吉田沖,2026-08-06,00,1.8,10.4,4.8,66,28.3,1
吉田沖,2026-08-06,03,1.8,10.3,5.1,57,28.2,51
吉田沖,2026-08-06,06,2.1,10.9,4.9,64,28.2,1
吉田沖,2026-08-06,09,2.0,10.8,5.7,73,28.3,0
吉田沖,2026-08-06,12,2.0,10.7,3.6,99,28.4,0
吉田沖,2026-08-06,15,2.0,10.2,4.5,109,28.5,0
吉田沖,2026-08-06,18,2.0,9.8,5.6,112,28.4,0
吉田沖,2026-08-06,21,1.9,9.6,5.0,100,28.3,1
千貫門沖,2026-08-06,00,1.9,10.9,4.7,84,27.8,2
千貫門沖,2026-08-06,03,1.9,10.8,3.9,62,27.7,51
千貫門沖,2026-08-06,06,2.1,11.5,3.7,73,27.7,1
千貫門沖,2026-08-06,09,2.2,11.7,4.4,83,27.8,1
千貫門沖,2026-08-06,12,2.3,11.5,5.6,97,28.2,0
千貫門沖,2026-08-06,15,2.3,11.2,4.8,102,28.5,0
千貫門沖,2026-08-06,18,2.3,10.8,5.3,95,28.3,0
千貫門沖,2026-08-06,21,2.1,10.3,4.0,94,28.1,51
豊浜沖,2026-08-06,00,1.8,11.4,4.7,84,28.0,2
豊浜沖,2026-08-06,03,1.8,11.2,3.9,62,27.8,51
豊浜沖,2026-08-06,06,2.1,11.9,3.7,73,27.8,1
豊浜沖,2026-08-06,09,2.1,12.1,4.4,83,27.9,1
豊浜沖,2026-08-06,12,2.2,11.9,5.6,97,28.3,0
豊浜沖,2026-08-06,15,2.2,11.5,4.8,102,28.6,0
豊浜沖,2026-08-06,18,2.2,11.2,5.3,95,28.4,0
豊浜沖,2026-08-06,21,2.1,10.6,4.0,94,28.2,51
松崎沖,2026-08-06,00,1.9,10.9,4.7,84,27.8,2
松崎沖,2026-08-06,03,1.9,10.8,3.9,62,27.7,51
松崎沖,2026-08-06,06,2.1,11.5,3.7,73,27.7,1
松崎沖,2026-08-06,09,2.2,11.7,4.4,83,27.8,1
松崎沖,2026-08-06,12,2.3,11.5,5.6,97,28.2,0
松崎沖,2026-08-06,15,2.3,11.2,4.8,102,28.5,0
松崎沖,2026-08-06,18,2.3,10.8,5.3,95,28.3,0
松崎沖,2026-08-06,21,2.1,10.3,4.0,94,28.1,51
西伊豆沖,2026-08-06,00,1.8,11.4,3.7,64,27.8,51
西伊豆沖,2026-08-06,03,1.8,11.2,3.6,59,27.7,51
西伊豆沖,2026-08-06,06,2.1,11.9,3.6,62,27.7,3
西伊豆沖,2026-08-06,09,2.1,12.1,3.4,62,27.8,2
西伊豆沖,2026-08-06,12,2.2,11.9,3.0,85,28.2,0
西伊豆沖,2026-08-06,15,2.2,11.5,2.7,85,28.5,51
西伊豆沖,2026-08-06,18,2.2,11.2,2.5,102,28.3,0
西伊豆沖,2026-08-06,21,2.1,10.6,2.2,107,28.1,1
大井川沖,2026-08-06,00,2.2,10.9,4.9,66,28.3,1
大井川沖,2026-08-06,03,2.2,10.8,4.3,54,28.2,51
大井川沖,2026-08-06,06,2.4,11.2,4.0,65,28.2,1
大井川沖,2026-08-06,09,2.4,11.4,5.1,78,28.3,0
大井川沖,2026-08-06,12,2.4,11.3,3.3,99,28.5,0
大井川沖,2026-08-06,15,2.4,10.8,3.3,110,28.7,0
大井川沖,2026-08-06,18,2.4,10.5,4.5,125,28.6,0
大井川沖,2026-08-06,21,2.3,10.1,3.5,101,28.5,1
中瀬海岸,2026-08-06,00,2.2,10.9,4.9,66,28.3,1
中瀬海岸,2026-08-06,03,2.2,10.8,4.3,54,28.2,51
中瀬海岸,2026-08-06,06,2.4,11.2,4.0,65,28.2,1
中瀬海岸,2026-08-06,09,2.4,11.4,5.1,78,28.3,0
中瀬海岸,2026-08-06,12,2.4,11.3,3.3,99,28.5,0
中瀬海岸,2026-08-06,15,2.4,10.8,3.3,110,28.7,0
中瀬海岸,2026-08-06,18,2.4,10.5,4.5,125,28.6,0
中瀬海岸,2026-08-06,21,2.3,10.1,3.5,101,28.5,1
大井川港,2026-08-06,00,2.2,10.9,4.0,65,28.3,1
大井川港,2026-08-06,03,2.2,10.8,3.1,52,28.2,51
大井川港,2026-08-06,06,2.4,11.2,2.7,73,28.2,1
大井川港,2026-08-06,09,2.4,11.4,4.2,81,28.3,0
大井川港,2026-08-06,12,2.4,11.3,4.3,98,28.5,0
大井川港,2026-08-06,15,2.4,10.8,3.0,106,28.7,51
大井川港,2026-08-06,18,2.4,10.5,2.7,136,28.6,0
大井川港,2026-08-06,21,2.3,10.1,1.4,94,28.5,1
駿河湾,2026-08-06,00,1.6,11.5,4.9,82,28.0,51
駿河湾,2026-08-06,03,1.6,11.4,3.2,89,27.9,51
駿河湾,2026-08-06,06,1.8,11.9,4.0,86,27.8,3
駿河湾,2026-08-06,09,1.9,12.2,5.3,72,27.8,0
駿河湾,2026-08-06,12,2.0,12.1,5.4,81,28.4,1
駿河湾,2026-08-06,15,2.0,11.8,4.0,81,28.9,0
駿河湾,2026-08-06,18,2.0,11.3,3.5,80,28.8,0
駿河湾,2026-08-06,21,1.9,10.8,2.3,75,28.5,0
洲崎沖,2026-08-06,00,2.5,10.1,4.5,45,27.5,3
洲崎沖,2026-08-06,03,2.4,9.9,3.9,34,27.5,3
洲崎沖,2026-08-06,06,2.3,9.9,4.2,28,27.5,1
洲崎沖,2026-08-06,09,2.4,10.3,3.7,53,27.6,51
洲崎沖,2026-08-06,12,2.4,10.2,4.3,106,28.1,51
洲崎沖,2026-08-06,15,2.4,10.3,4.3,106,28.5,51
洲崎沖,2026-08-06,18,2.4,10.2,3.7,109,28.4,0
洲崎沖,2026-08-06,21,2.2,9.5,3.6,131,28.1,51
沖ノ瀬,2026-08-06,00,2.4,10.0,7.2,42,26.5,51
沖ノ瀬,2026-08-06,03,2.3,9.8,7.3,30,26.4,51
沖ノ瀬,2026-08-06,06,2.3,9.8,7.7,30,26.4,1
沖ノ瀬,2026-08-06,09,2.3,10.1,7.8,28,26.5,0
沖ノ瀬,2026-08-06,12,2.3,10.2,5.2,27,26.8,1
沖ノ瀬,2026-08-06,15,2.3,10.3,3.3,113,27.2,0
沖ノ瀬,2026-08-06,18,2.3,10.2,5.2,113,27.1,0
沖ノ瀬,2026-08-06,21,2.1,9.6,4.4,131,26.9,0
平砂浦沖,2026-08-06,00,2.5,9.7,4.5,45,27.4,3
平砂浦沖,2026-08-06,03,2.4,9.8,3.9,34,27.4,3
平砂浦沖,2026-08-06,06,2.4,9.7,4.2,28,27.5,1
平砂浦沖,2026-08-06,09,2.4,10.1,3.7,53,27.6,51
平砂浦沖,2026-08-06,12,2.4,10.0,4.3,106,28.0,51
平砂浦沖,2026-08-06,15,2.5,10.1,4.3,106,28.3,51
平砂浦沖,2026-08-06,18,2.4,9.9,3.7,109,28.4,0
平砂浦沖,2026-08-06,21,2.2,9.3,3.6,131,28.4,51
館山沖,2026-08-06,00,2.4,9.9,4.5,45,27.4,3
館山沖,2026-08-06,03,2.3,9.8,3.9,34,27.4,3
館山沖,2026-08-06,06,2.3,9.8,4.2,28,27.5,1
館山沖,2026-08-06,09,2.4,10.2,3.7,53,27.6,51
館山沖,2026-08-06,12,2.4,10.2,4.3,106,28.0,51
館山沖,2026-08-06,15,2.4,10.2,4.3,106,28.3,51
館山沖,2026-08-06,18,2.4,10.1,3.7,109,28.4,0
館山沖,2026-08-06,21,2.2,9.4,3.6,131,28.3,51
久能沖,2026-08-06,00,2.0,11.2,1.6,33,28.2,1
久能沖,2026-08-06,03,2.0,11.1,1.8,29,28.1,51
久能沖,2026-08-06,06,2.2,11.5,1.8,69,28.0,0
久能沖,2026-08-06,09,2.3,11.8,3.2,76,28.1,0
久能沖,2026-08-06,12,2.3,11.7,5.7,110,28.5,0
久能沖,2026-08-06,15,2.3,11.3,4.2,92,28.9,51
久能沖,2026-08-06,18,2.3,10.9,4.2,75,28.8,0
久能沖,2026-08-06,21,2.2,10.4,2.4,52,28.6,0
富浦沖,2026-08-06,00,2.5,10.1,4.5,45,27.2,3
富浦沖,2026-08-06,03,2.4,9.9,3.9,34,27.2,3
富浦沖,2026-08-06,06,2.4,9.9,4.2,28,27.2,1
富浦沖,2026-08-06,09,2.5,10.3,3.7,53,27.3,51
富浦沖,2026-08-06,12,2.4,10.3,4.3,106,27.8,51
富浦沖,2026-08-06,15,2.4,10.3,4.3,106,28.1,51
富浦沖,2026-08-06,18,2.4,10.2,3.7,109,27.9,0
富浦沖,2026-08-06,21,2.2,9.6,3.6,131,27.6,51
折戸沖,2026-08-06,00,2.0,11.2,1.6,33,28.2,1
折戸沖,2026-08-06,03,2.0,11.1,1.8,29,28.1,51
折戸沖,2026-08-06,06,2.2,11.5,1.8,69,28.0,0
折戸沖,2026-08-06,09,2.3,11.8,3.2,76,28.1,0
折戸沖,2026-08-06,12,2.3,11.7,5.7,110,28.5,0
折戸沖,2026-08-06,15,2.3,11.3,4.2,92,28.9,51
折戸沖,2026-08-06,18,2.3,10.9,4.2,75,28.8,0
折戸沖,2026-08-06,21,2.2,10.4,2.4,52,28.6,0
貯木場,2026-08-06,00,1.6,11.3,1.6,33,28.2,1
貯木場,2026-08-06,03,1.6,11.3,1.8,29,28.1,51
貯木場,2026-08-06,06,1.8,11.6,1.8,69,28.0,0
貯木場,2026-08-06,09,1.9,12.1,3.2,76,28.1,0
貯木場,2026-08-06,12,2.0,12.0,5.7,110,28.5,0
貯木場,2026-08-06,15,2.0,11.7,4.2,92,28.9,51
貯木場,2026-08-06,18,2.0,11.3,4.2,75,28.8,0
貯木場,2026-08-06,21,2.0,10.8,2.4,52,28.6,0
折戸,2026-08-06,00,1.6,11.3,1.6,33,27.9,1
折戸,2026-08-06,03,1.6,11.3,1.8,29,27.8,51
折戸,2026-08-06,06,1.8,11.6,1.8,69,27.7,0
折戸,2026-08-06,09,1.9,12.1,3.2,76,27.7,0
折戸,2026-08-06,12,2.0,12.0,5.7,110,28.3,0
折戸,2026-08-06,15,2.0,11.7,4.2,92,28.8,51
折戸,2026-08-06,18,2.0,11.3,4.2,75,28.8,0
折戸,2026-08-06,21,2.0,10.8,2.4,52,28.6,0
清水沖,2026-08-06,00,1.6,11.3,1.6,33,27.9,1
清水沖,2026-08-06,03,1.6,11.3,1.8,29,27.8,51
清水沖,2026-08-06,06,1.8,11.6,1.8,69,27.7,0
清水沖,2026-08-06,09,1.9,12.1,3.2,76,27.7,0
清水沖,2026-08-06,12,2.0,12.0,5.7,110,28.3,0
清水沖,2026-08-06,15,2.0,11.7,4.2,92,28.8,51
清水沖,2026-08-06,18,2.0,11.3,4.2,75,28.8,0
清水沖,2026-08-06,21,2.0,10.8,2.4,52,28.6,0
岩井富浦沖,2026-08-06,00,1.9,10.3,4.5,45,27.3,3
岩井富浦沖,2026-08-06,03,1.9,10.1,3.9,34,27.2,3
岩井富浦沖,2026-08-06,06,1.8,10.0,4.2,28,27.2,1
岩井富浦沖,2026-08-06,09,2.0,10.4,3.7,53,27.3,51
岩井富浦沖,2026-08-06,12,2.0,10.4,4.3,106,27.9,51
岩井富浦沖,2026-08-06,15,2.0,10.5,4.3,106,28.4,51
岩井富浦沖,2026-08-06,18,2.0,10.3,3.7,109,28.4,0
岩井富浦沖,2026-08-06,21,1.8,9.6,3.6,131,28.1,51
北防,2026-08-06,00,1.6,11.3,1.6,33,28.2,1
北防,2026-08-06,03,1.6,11.3,1.8,29,28.1,51
北防,2026-08-06,06,1.8,11.6,1.8,69,28.0,0
北防,2026-08-06,09,1.9,12.1,3.2,76,28.1,0
北防,2026-08-06,12,2.0,12.0,5.7,110,28.5,0
北防,2026-08-06,15,2.0,11.7,4.2,92,28.9,51
北防,2026-08-06,18,2.0,11.3,4.2,75,28.8,0
北防,2026-08-06,21,2.0,10.8,2.4,52,28.6,0
一文字堤,2026-08-06,00,1.6,11.3,1.6,33,27.9,1
一文字堤,2026-08-06,03,1.6,11.3,1.8,29,27.8,51
一文字堤,2026-08-06,06,1.8,11.6,1.8,69,27.7,0
一文字堤,2026-08-06,09,1.9,12.1,3.2,76,27.7,0
一文字堤,2026-08-06,12,2.0,12.0,5.7,110,28.3,0
一文字堤,2026-08-06,15,2.0,11.7,4.2,92,28.8,51
一文字堤,2026-08-06,18,2.0,11.3,4.2,75,28.8,0
一文字堤,2026-08-06,21,2.0,10.8,2.4,52,28.6,0
西浦沖,2026-08-06,00,1.1,11.3,3.7,96,27.4,51
西浦沖,2026-08-06,03,1.1,11.4,2.4,114,27.4,51
西浦沖,2026-08-06,06,1.3,11.6,3.1,104,27.3,2
西浦沖,2026-08-06,09,1.4,11.9,4.7,80,27.4,0
西浦沖,2026-08-06,12,1.5,11.9,5.6,93,27.8,1
西浦沖,2026-08-06,15,1.6,11.6,4.3,99,28.2,0
西浦沖,2026-08-06,18,1.6,11.2,4.0,98,28.2,0
西浦沖,2026-08-06,21,1.5,10.7,2.5,85,28.0,0
高新田前,2026-08-06,00,1.6,11.3,1.6,33,27.9,1
高新田前,2026-08-06,03,1.6,11.3,1.8,29,27.8,51
高新田前,2026-08-06,06,1.8,11.6,1.8,69,27.7,0
高新田前,2026-08-06,09,1.9,12.1,3.2,76,27.7,0
高新田前,2026-08-06,12,2.0,12.0,5.7,110,28.3,0
高新田前,2026-08-06,15,2.0,11.7,4.2,92,28.8,51
高新田前,2026-08-06,18,2.0,11.3,4.2,75,28.8,0
高新田前,2026-08-06,21,2.0,10.8,2.4,52,28.6,0
三保沖,2026-08-06,00,1.6,11.3,0.4,330,27.9,1
三保沖,2026-08-06,03,1.6,11.3,0.9,350,27.9,2
三保沖,2026-08-06,06,1.8,11.6,1.0,15,27.8,0
三保沖,2026-08-06,09,1.9,12.1,1.6,92,27.9,0
三保沖,2026-08-06,12,2.0,12.0,4.8,123,28.2,0
三保沖,2026-08-06,15,2.0,11.7,3.7,112,28.5,0
三保沖,2026-08-06,18,2.0,11.3,3.3,92,28.4,0
三保沖,2026-08-06,21,2.0,10.8,0.7,45,28.3,1
三保取入口,2026-08-06,00,1.6,11.3,0.4,330,27.9,1
三保取入口,2026-08-06,03,1.6,11.3,0.9,350,27.9,2
三保取入口,2026-08-06,06,1.8,11.6,1.0,15,27.8,0
三保取入口,2026-08-06,09,1.9,12.1,1.6,92,27.9,0
三保取入口,2026-08-06,12,2.0,12.0,4.8,123,28.2,0
三保取入口,2026-08-06,15,2.0,11.7,3.7,112,28.5,0
三保取入口,2026-08-06,18,2.0,11.3,3.3,92,28.4,0
三保取入口,2026-08-06,21,2.0,10.8,0.7,45,28.3,1
静浦沖,2026-08-06,00,1.1,11.3,3.4,86,27.4,1
静浦沖,2026-08-06,03,1.1,11.4,2.1,85,27.4,51
静浦沖,2026-08-06,06,1.3,11.6,2.9,90,27.3,1
静浦沖,2026-08-06,09,1.4,11.9,4.0,81,27.4,0
静浦沖,2026-08-06,12,1.5,11.9,5.5,106,27.8,0
静浦沖,2026-08-06,15,1.6,11.6,4.1,106,28.2,0
静浦沖,2026-08-06,18,1.6,11.2,4.3,106,28.2,0
静浦沖,2026-08-06,21,1.5,10.7,2.7,94,28.0,0
網代沖,2026-08-06,00,,,3.0,72,27.1,53
網代沖,2026-08-06,03,,,2.1,87,27.1,53
網代沖,2026-08-06,06,,,2.5,90,27.0,3
網代沖,2026-08-06,09,,,4.0,73,27.2,0
網代沖,2026-08-06,12,,,4.5,85,27.7,0
網代沖,2026-08-06,15,,,3.9,94,28.2,0
網代沖,2026-08-06,18,,,2.9,104,28.2,0
網代沖,2026-08-06,21,,,2.0,94,28.0,51
網代南沖,2026-08-06,00,1.9,9.8,3.4,46,27.1,53
網代南沖,2026-08-06,03,1.8,9.7,3.0,49,27.1,53
網代南沖,2026-08-06,06,1.8,9.7,2.9,58,27.0,3
網代南沖,2026-08-06,09,1.8,9.8,3.9,61,27.2,0
網代南沖,2026-08-06,12,1.8,10.1,3.6,76,27.7,0
網代南沖,2026-08-06,15,1.8,10.1,3.1,86,28.2,0
網代南沖,2026-08-06,18,1.8,10.0,1.9,104,28.2,0
網代南沖,2026-08-06,21,1.7,9.4,1.8,98,28.0,51
岩井沖,2026-08-06,00,1.9,10.3,4.5,45,27.3,3
岩井沖,2026-08-06,03,1.9,10.1,3.9,34,27.2,3
岩井沖,2026-08-06,06,1.8,10.0,4.2,28,27.2,1
岩井沖,2026-08-06,09,2.0,10.4,3.7,53,27.3,51
岩井沖,2026-08-06,12,2.0,10.4,4.3,106,27.9,51
岩井沖,2026-08-06,15,2.0,10.5,4.3,106,28.4,51
岩井沖,2026-08-06,18,2.0,10.3,3.7,109,28.4,0
岩井沖,2026-08-06,21,1.8,9.6,3.6,131,28.1,51
沼津沖,2026-08-06,00,1.1,11.3,3.7,96,27.4,51
沼津沖,2026-08-06,03,1.1,11.4,2.4,114,27.4,51
沼津沖,2026-08-06,06,1.3,11.6,3.1,104,27.3,2
沼津沖,2026-08-06,09,1.4,11.9,4.7,80,27.4,0
沼津沖,2026-08-06,12,1.5,11.9,5.6,93,27.8,1
沼津沖,2026-08-06,15,1.6,11.6,4.3,99,28.2,0
沼津沖,2026-08-06,18,1.6,11.2,4.0,98,28.2,0
沼津沖,2026-08-06,21,1.5,10.7,2.5,85,28.0,0
相模湾,2026-08-06,00,2.1,10.0,7.2,36,27.1,51
相模湾,2026-08-06,03,2.0,9.8,7.9,32,27.2,61
相模湾,2026-08-06,06,2.0,9.8,8.3,29,27.3,1
相模湾,2026-08-06,09,2.0,10.1,7.7,31,27.4,1
相模湾,2026-08-06,12,2.0,10.2,3.7,68,27.9,0
相模湾,2026-08-06,15,2.0,10.3,2.0,97,28.3,0
相模湾,2026-08-06,18,2.0,10.2,2.6,116,28.3,0
相模湾,2026-08-06,21,1.8,9.6,3.0,118,28.1,53
太海沖航程1時間30分,2026-08-06,00,2.5,9.7,4.0,40,27.6,3
太海沖航程1時間30分,2026-08-06,03,2.4,9.8,3.4,29,27.6,2
太海沖航程1時間30分,2026-08-06,06,2.4,9.7,3.5,22,27.6,1
太海沖航程1時間30分,2026-08-06,09,2.4,10.1,3.3,64,27.7,53
太海沖航程1時間30分,2026-08-06,12,2.4,10.0,4.7,116,28.0,51
太海沖航程1時間30分,2026-08-06,15,2.5,10.1,3.8,108,28.3,51
太海沖航程1時間30分,2026-08-06,18,2.4,9.9,3.2,110,28.2,0
太海沖航程1時間30分,2026-08-06,21,2.2,9.3,3.1,133,28.1,51
木負沖,2026-08-06,00,1.1,11.3,3.4,86,27.4,1
木負沖,2026-08-06,03,1.1,11.4,2.1,85,27.4,51
木負沖,2026-08-06,06,1.3,11.6,2.9,90,27.3,1
木負沖,2026-08-06,09,1.4,11.9,4.0,81,27.4,0
木負沖,2026-08-06,12,1.5,11.9,5.5,106,27.8,0
木負沖,2026-08-06,15,1.6,11.6,4.1,106,28.2,0
木負沖,2026-08-06,18,1.6,11.2,4.3,106,28.2,0
木負沖,2026-08-06,21,1.5,10.7,2.7,94,28.0,0
木負湾内,2026-08-06,00,1.1,11.3,3.4,86,27.4,1
木負湾内,2026-08-06,03,1.1,11.4,2.1,85,27.4,51
木負湾内,2026-08-06,06,1.3,11.6,2.9,90,27.3,1
木負湾内,2026-08-06,09,1.4,11.9,4.0,81,27.4,0
木負湾内,2026-08-06,12,1.5,11.9,5.5,106,27.8,0
木負湾内,2026-08-06,15,1.6,11.6,4.1,106,28.2,0
木負湾内,2026-08-06,18,1.6,11.2,4.3,106,28.2,0
木負湾内,2026-08-06,21,1.5,10.7,2.7,94,28.0,0
カメギ根,2026-08-06,00,2.2,10.2,6.7,43,26.6,51
カメギ根,2026-08-06,03,2.1,10.0,7.0,29,26.6,53
カメギ根,2026-08-06,06,2.1,9.9,6.9,27,26.6,3
カメギ根,2026-08-06,09,2.1,10.2,6.5,33,26.6,1
カメギ根,2026-08-06,12,2.1,10.4,4.4,56,27.0,0
カメギ根,2026-08-06,15,2.1,10.4,1.5,116,27.4,0
カメギ根,2026-08-06,18,2.1,10.3,3.1,127,27.4,0
カメギ根,2026-08-06,21,2.0,9.7,2.9,138,27.2,0
保田沖,2026-08-06,00,2.1,10.3,3.7,38,27.2,1
保田沖,2026-08-06,03,2.0,10.2,3.3,24,27.2,2
保田沖,2026-08-06,06,2.0,10.1,3.2,30,27.1,2
保田沖,2026-08-06,09,2.1,10.4,3.4,19,27.2,53
保田沖,2026-08-06,12,2.1,10.5,2.5,124,27.8,51
保田沖,2026-08-06,15,2.1,10.6,2.7,132,28.3,0
保田沖,2026-08-06,18,2.1,10.4,3.3,117,28.2,0
保田沖,2026-08-06,21,1.9,9.8,3.0,130,27.9,0
大沢沖前後,2026-08-06,00,2.8,9.9,4.6,35,27.2,3
大沢沖前後,2026-08-06,03,2.7,10.0,3.6,22,27.2,3
大沢沖前後,2026-08-06,06,2.6,9.9,3.3,22,27.3,2
大沢沖前後,2026-08-06,09,2.7,10.2,3.4,76,27.5,51
大沢沖前後,2026-08-06,12,2.7,10.2,4.3,109,27.9,51
大沢沖前後,2026-08-06,15,2.7,10.2,3.0,111,28.2,51
大沢沖前後,2026-08-06,18,2.7,10.2,2.9,121,28.2,1
大沢沖前後,2026-08-06,21,2.4,9.4,3.2,142,28.0,51
勝浦沖航程1時間30分,2026-08-06,00,2.9,9.8,4.4,38,27.2,51
勝浦沖航程1時間30分,2026-08-06,03,2.9,9.8,3.1,16,27.2,3
勝浦沖航程1時間30分,2026-08-06,06,2.8,9.8,2.5,28,27.2,3
勝浦沖航程1時間30分,2026-08-06,09,2.9,10.1,3.0,69,27.3,51
勝浦沖航程1時間30分,2026-08-06,12,2.9,10.1,3.9,109,27.7,51
勝浦沖航程1時間30分,2026-08-06,15,2.9,10.2,3.0,127,28.1,51
勝浦沖航程1時間30分,2026-08-06,18,2.9,10.1,2.5,129,28.2,0
勝浦沖航程1時間30分,2026-08-06,21,2.6,9.4,3.4,150,28.2,51
由比沖,2026-08-06,00,1.1,11.8,0.1,360,28.0,1
由比沖,2026-08-06,03,1.1,11.7,0.3,360,27.9,51
由比沖,2026-08-06,06,1.3,11.9,0.5,162,27.8,0
由比沖,2026-08-06,09,1.4,12.2,1.4,165,27.9,51
由比沖,2026-08-06,12,1.5,12.1,4.1,137,28.2,51
由比沖,2026-08-06,15,1.5,11.8,3.6,134,28.4,51
由比沖,2026-08-06,18,1.5,11.3,2.9,143,28.5,0
由比沖,2026-08-06,21,1.5,10.8,0.2,127,28.4,1
由比港周辺,2026-08-06,00,1.1,11.8,0.1,360,28.0,1
由比港周辺,2026-08-06,03,1.1,11.7,0.3,360,27.9,51
由比港周辺,2026-08-06,06,1.3,11.9,0.5,162,27.8,0
由比港周辺,2026-08-06,09,1.4,12.2,1.4,165,27.9,51
由比港周辺,2026-08-06,12,1.5,12.1,4.1,137,28.2,51
由比港周辺,2026-08-06,15,1.5,11.8,3.6,134,28.4,51
由比港周辺,2026-08-06,18,1.5,11.3,2.9,143,28.5,0
由比港周辺,2026-08-06,21,1.5,10.8,0.2,127,28.4,1
岩船沖,2026-08-06,00,2.5,9.7,3.6,38,27.6,2
岩船沖,2026-08-06,03,2.4,9.8,3.0,26,27.6,2
岩船沖,2026-08-06,06,2.4,9.7,2.8,20,27.6,2
岩船沖,2026-08-06,09,2.4,10.1,2.7,69,27.7,53
岩船沖,2026-08-06,12,2.4,10.0,4.5,123,28.0,51
岩船沖,2026-08-06,15,2.5,10.1,3.5,118,28.3,1
岩船沖,2026-08-06,18,2.4,9.9,2.8,118,28.2,0
岩船沖,2026-08-06,21,2.2,9.3,3.0,137,28.1,51
小湊沖,2026-08-06,00,2.4,9.9,4.6,35,27.5,3
小湊沖,2026-08-06,03,2.4,9.9,3.6,22,27.5,3
小湊沖,2026-08-06,06,2.3,9.8,3.3,22,27.5,2
小湊沖,2026-08-06,09,2.4,10.1,3.4,76,27.6,51
小湊沖,2026-08-06,12,2.4,10.1,4.3,109,28.0,51
小湊沖,2026-08-06,15,2.4,10.2,3.0,111,28.3,51
小湊沖,2026-08-06,18,2.4,10.1,2.9,121,28.2,1
小湊沖,2026-08-06,21,2.1,9.2,3.2,142,28.1,51
太海沖,2026-08-06,00,1.5,10.4,3.7,38,26.7,1
太海沖,2026-08-06,03,1.5,10.2,3.3,24,26.7,2
太海沖,2026-08-06,06,1.5,10.1,3.2,30,26.7,2
太海沖,2026-08-06,09,1.6,10.4,3.4,19,26.8,53
太海沖,2026-08-06,12,1.6,10.6,2.5,124,27.3,51
太海沖,2026-08-06,15,1.6,10.6,2.7,132,27.8,0
太海沖,2026-08-06,18,1.6,10.4,3.3,117,27.7,0
太海沖,2026-08-06,21,1.5,9.7,3.0,130,27.5,0
鴨川沖前後,2026-08-06,00,2.1,9.7,4.6,35,27.7,3
鴨川沖前後,2026-08-06,03,2.1,9.7,3.6,22,27.6,3
鴨川沖前後,2026-08-06,06,2.0,9.5,3.3,22,27.6,2
鴨川沖前後,2026-08-06,09,2.1,9.8,3.4,76,27.7,51
鴨川沖前後,2026-08-06,12,2.1,9.8,4.3,109,28.0,51
鴨川沖前後,2026-08-06,15,2.1,9.8,3.0,111,28.3,51
鴨川沖前後,2026-08-06,18,2.1,9.7,2.9,121,28.2,1
鴨川沖前後,2026-08-06,21,1.8,8.9,3.2,142,28.1,51
岩和田沖,2026-08-06,00,2.8,9.9,4.4,38,27.4,51
岩和田沖,2026-08-06,03,2.7,10.0,3.1,16,27.4,3
岩和田沖,2026-08-06,06,2.7,9.8,2.5,28,27.5,3
岩和田沖,2026-08-06,09,2.8,10.2,3.0,69,27.6,51
岩和田沖,2026-08-06,12,2.8,10.2,3.9,109,27.8,51
岩和田沖,2026-08-06,15,2.8,10.2,3.0,127,28.0,51
岩和田沖,2026-08-06,18,2.8,10.1,2.5,129,28.0,0
岩和田沖,2026-08-06,21,2.5,9.4,3.4,150,28.0,51
城ヶ島西沖,2026-08-06,00,2.0,10.3,6.7,43,27.0,51
城ヶ島西沖,2026-08-06,03,1.9,10.2,7.0,29,26.9,53
城ヶ島西沖,2026-08-06,06,1.9,10.1,6.9,27,26.8,3
城ヶ島西沖,2026-08-06,09,2.0,10.4,6.5,33,26.9,1
城ヶ島西沖,2026-08-06,12,2.0,10.6,4.4,56,27.3,0
城ヶ島西沖,2026-08-06,15,2.0,10.6,1.5,116,27.7,0
城ヶ島西沖,2026-08-06,18,2.0,10.4,3.1,127,27.7,0
城ヶ島西沖,2026-08-06,21,1.8,9.8,2.9,138,27.5,0
城ヶ島沖,2026-08-06,00,2.0,10.4,7.2,37,26.9,51
城ヶ島沖,2026-08-06,03,1.9,10.2,7.6,25,26.8,2
城ヶ島沖,2026-08-06,06,1.8,10.1,7.3,26,26.8,3
城ヶ島沖,2026-08-06,09,1.9,10.4,7.7,22,26.9,2
城ヶ島沖,2026-08-06,12,1.9,10.6,5.1,14,27.5,2
城ヶ島沖,2026-08-06,15,2.0,10.6,0.3,309,27.9,1
城ヶ島沖,2026-08-06,18,2.0,10.4,3.8,126,27.8,0
城ヶ島沖,2026-08-06,21,1.8,9.8,3.8,140,27.5,0
大貫沖～富浦沖,2026-08-06,00,1.5,10.4,3.7,38,27.2,1
大貫沖～富浦沖,2026-08-06,03,1.5,10.2,3.3,24,27.2,2
大貫沖～富浦沖,2026-08-06,06,1.5,10.1,3.2,30,27.1,2
大貫沖～富浦沖,2026-08-06,09,1.6,10.4,3.4,19,27.2,53
大貫沖～富浦沖,2026-08-06,12,1.6,10.6,2.5,124,27.7,51
大貫沖～富浦沖,2026-08-06,15,1.6,10.6,2.7,132,28.3,0
大貫沖～富浦沖,2026-08-06,18,1.6,10.4,3.3,117,28.2,0
大貫沖～富浦沖,2026-08-06,21,1.5,9.7,3.0,130,28.0,0
御宿沖,2026-08-06,00,2.8,9.9,4.4,38,27.4,51
御宿沖,2026-08-06,03,2.7,10.0,3.1,16,27.4,3
御宿沖,2026-08-06,06,2.7,9.8,2.5,28,27.5,3
御宿沖,2026-08-06,09,2.8,10.2,3.0,69,27.6,51
御宿沖,2026-08-06,12,2.8,10.2,3.9,109,27.8,51
御宿沖,2026-08-06,15,2.8,10.2,3.0,127,28.0,51
御宿沖,2026-08-06,18,2.8,10.1,2.5,129,28.0,0
御宿沖,2026-08-06,21,2.5,9.4,3.4,150,28.0,51
興津港沖,2026-08-06,00,2.8,9.9,4.4,38,27.4,51
興津港沖,2026-08-06,03,2.7,10.0,3.1,16,27.4,3
興津港沖,2026-08-06,06,2.7,9.8,2.5,28,27.5,3
興津港沖,2026-08-06,09,2.8,10.2,3.0,69,27.6,51
興津港沖,2026-08-06,12,2.8,10.2,3.9,109,27.8,51
興津港沖,2026-08-06,15,2.8,10.2,3.0,127,28.0,51
興津港沖,2026-08-06,18,2.8,10.1,2.5,129,28.0,0
興津港沖,2026-08-06,21,2.5,9.4,3.4,150,28.0,51
烏帽子沖,2026-08-06,00,2.0,10.4,7.2,37,26.9,51
烏帽子沖,2026-08-06,03,1.9,10.2,7.6,25,26.8,2
烏帽子沖,2026-08-06,06,1.8,10.1,7.3,26,26.8,3
烏帽子沖,2026-08-06,09,1.9,10.4,7.7,22,26.9,2
烏帽子沖,2026-08-06,12,1.9,10.6,5.1,14,27.5,2
烏帽子沖,2026-08-06,15,2.0,10.6,0.3,309,27.9,1
烏帽子沖,2026-08-06,18,2.0,10.4,3.8,126,27.8,0
烏帽子沖,2026-08-06,21,1.8,9.8,3.8,140,27.5,0
諸磯沖,2026-08-06,00,2.0,10.4,7.2,37,26.9,51
諸磯沖,2026-08-06,03,1.9,10.2,7.6,25,26.8,2
諸磯沖,2026-08-06,06,1.8,10.1,7.3,26,26.8,3
諸磯沖,2026-08-06,09,1.9,10.4,7.7,22,26.9,2
諸磯沖,2026-08-06,12,1.9,10.6,5.1,14,27.5,2
諸磯沖,2026-08-06,15,2.0,10.6,0.3,309,27.9,1
諸磯沖,2026-08-06,18,2.0,10.4,3.8,126,27.8,0
諸磯沖,2026-08-06,21,1.8,9.8,3.8,140,27.5,0
剣崎沖,2026-08-06,00,2.0,10.4,7.2,37,26.9,51
剣崎沖,2026-08-06,03,1.9,10.2,7.6,25,26.8,2
剣崎沖,2026-08-06,06,1.8,10.1,7.3,26,26.8,3
剣崎沖,2026-08-06,09,1.9,10.4,7.7,22,26.9,2
剣崎沖,2026-08-06,12,1.9,10.6,5.1,14,27.5,2
剣崎沖,2026-08-06,15,2.0,10.6,0.3,309,27.9,1
剣崎沖,2026-08-06,18,2.0,10.4,3.8,126,27.8,0
剣崎沖,2026-08-06,21,1.8,9.8,3.8,140,27.5,0
勝浦灯台沖航程20分,2026-08-06,00,2.6,10.1,4.4,38,27.4,51
勝浦灯台沖航程20分,2026-08-06,03,2.6,10.1,3.1,16,27.4,3
勝浦灯台沖航程20分,2026-08-06,06,2.5,9.8,2.5,28,27.5,3
勝浦灯台沖航程20分,2026-08-06,09,2.6,10.2,3.0,69,27.6,51
勝浦灯台沖航程20分,2026-08-06,12,2.7,10.2,3.9,109,27.9,51
勝浦灯台沖航程20分,2026-08-06,15,2.7,10.2,3.0,127,28.2,51
勝浦灯台沖航程20分,2026-08-06,18,2.6,10.2,2.5,129,28.2,0
勝浦灯台沖航程20分,2026-08-06,21,2.3,9.4,3.4,150,28.1,51
勝浦沖航程30分,2026-08-06,00,2.8,9.9,4.4,38,27.4,51
勝浦沖航程30分,2026-08-06,03,2.7,10.0,3.1,16,27.4,3
勝浦沖航程30分,2026-08-06,06,2.7,9.8,2.5,28,27.5,3
勝浦沖航程30分,2026-08-06,09,2.8,10.2,3.0,69,27.6,51
勝浦沖航程30分,2026-08-06,12,2.8,10.2,3.9,109,27.8,51
勝浦沖航程30分,2026-08-06,15,2.8,10.2,3.0,127,28.0,51
勝浦沖航程30分,2026-08-06,18,2.8,10.1,2.5,129,28.0,0
勝浦沖航程30分,2026-08-06,21,2.5,9.4,3.4,150,28.0,51
田子の浦沖,2026-08-06,00,1.1,11.8,0.1,360,28.0,1
田子の浦沖,2026-08-06,03,1.1,11.7,0.3,360,27.9,51
田子の浦沖,2026-08-06,06,1.3,11.9,0.5,162,27.8,0
田子の浦沖,2026-08-06,09,1.4,12.2,1.4,165,27.9,51
田子の浦沖,2026-08-06,12,1.5,12.1,4.1,137,28.2,51
田子の浦沖,2026-08-06,15,1.5,11.8,3.6,134,28.4,51
田子の浦沖,2026-08-06,18,1.5,11.3,2.9,143,28.5,0
田子の浦沖,2026-08-06,21,1.5,10.8,0.2,127,28.4,1
富士川沖,2026-08-06,00,1.1,11.8,0.1,360,27.3,1
富士川沖,2026-08-06,03,1.1,11.7,0.3,360,27.3,51
富士川沖,2026-08-06,06,1.3,11.9,0.5,162,27.3,0
富士川沖,2026-08-06,09,1.4,12.2,1.4,165,27.4,51
富士川沖,2026-08-06,12,1.5,12.1,4.1,137,27.8,51
富士川沖,2026-08-06,15,1.5,11.8,3.6,134,28.1,51
富士川沖,2026-08-06,18,1.5,11.3,2.9,143,28.1,0
富士川沖,2026-08-06,21,1.5,10.8,0.2,127,28.0,1
かんねこ,2026-08-06,00,1.5,10.4,3.7,38,26.7,1
かんねこ,2026-08-06,03,1.5,10.2,3.3,24,26.7,2
かんねこ,2026-08-06,06,1.5,10.1,3.2,30,26.7,2
かんねこ,2026-08-06,09,1.6,10.4,3.4,19,26.8,53
かんねこ,2026-08-06,12,1.6,10.6,2.5,124,27.3,51
かんねこ,2026-08-06,15,1.6,10.6,2.7,132,27.8,0
かんねこ,2026-08-06,18,1.6,10.4,3.3,117,27.7,0
かんねこ,2026-08-06,21,1.5,9.7,3.0,130,27.5,0
海中公園沖,2026-08-06,00,2.8,9.9,4.4,38,27.4,51
海中公園沖,2026-08-06,03,2.7,10.0,3.1,16,27.4,3
海中公園沖,2026-08-06,06,2.7,9.8,2.5,28,27.5,3
海中公園沖,2026-08-06,09,2.8,10.2,3.0,69,27.6,51
海中公園沖,2026-08-06,12,2.8,10.2,3.9,109,27.8,51
海中公園沖,2026-08-06,15,2.8,10.2,3.0,127,28.0,51
海中公園沖,2026-08-06,18,2.8,10.1,2.5,129,28.0,0
海中公園沖,2026-08-06,21,2.5,9.4,3.4,150,28.0,51
真鶴西沖,2026-08-06,00,1.8,10.1,2.2,34,27.5,53
真鶴西沖,2026-08-06,03,1.7,9.9,2.5,39,27.4,51
真鶴西沖,2026-08-06,06,1.7,9.8,2.2,55,27.4,3
真鶴西沖,2026-08-06,09,1.7,10.0,3.4,61,27.5,1
真鶴西沖,2026-08-06,12,1.7,10.2,2.4,77,28.0,51
真鶴西沖,2026-08-06,15,1.7,10.2,2.0,108,28.6,1
真鶴西沖,2026-08-06,18,1.7,10.1,1.0,137,28.6,0
真鶴西沖,2026-08-06,21,1.6,9.5,0.7,111,28.4,51
真鶴沖,2026-08-06,00,1.8,10.1,2.2,34,27.5,53
真鶴沖,2026-08-06,03,1.7,9.9,2.5,39,27.4,51
真鶴沖,2026-08-06,06,1.7,9.8,2.2,55,27.4,3
真鶴沖,2026-08-06,09,1.7,10.0,3.4,61,27.5,1
真鶴沖,2026-08-06,12,1.7,10.2,2.4,77,28.0,51
真鶴沖,2026-08-06,15,1.7,10.2,2.0,108,28.6,1
真鶴沖,2026-08-06,18,1.7,10.1,1.0,137,28.6,0
真鶴沖,2026-08-06,21,1.6,9.5,0.7,111,28.4,51
勝浦灯台沖,2026-08-06,00,2.6,10.1,4.4,38,27.4,51
勝浦灯台沖,2026-08-06,03,2.6,10.1,3.1,16,27.4,3
勝浦灯台沖,2026-08-06,06,2.5,9.8,2.5,28,27.5,3
勝浦灯台沖,2026-08-06,09,2.6,10.2,3.0,69,27.6,51
勝浦灯台沖,2026-08-06,12,2.7,10.2,3.9,109,27.9,51
勝浦灯台沖,2026-08-06,15,2.7,10.2,3.0,127,28.2,51
勝浦灯台沖,2026-08-06,18,2.6,10.2,2.5,129,28.2,0
勝浦灯台沖,2026-08-06,21,2.3,9.4,3.4,150,28.1,51
勝浦沖,2026-08-06,00,2.6,10.1,4.4,38,27.4,51
勝浦沖,2026-08-06,03,2.6,10.1,3.1,16,27.4,3
勝浦沖,2026-08-06,06,2.5,9.8,2.5,28,27.5,3
勝浦沖,2026-08-06,09,2.6,10.2,3.0,69,27.6,51
勝浦沖,2026-08-06,12,2.7,10.2,3.9,109,27.9,51
勝浦沖,2026-08-06,15,2.7,10.2,3.0,127,28.2,51
勝浦沖,2026-08-06,18,2.6,10.2,2.5,129,28.2,0
勝浦沖,2026-08-06,21,2.3,9.4,3.4,150,28.1,51
富士山根,2026-08-06,00,1.7,10.7,4.1,35,27.5,51
富士山根,2026-08-06,03,1.6,10.4,4.7,19,27.5,3
富士山根,2026-08-06,06,1.6,10.3,3.9,20,27.4,3
富士山根,2026-08-06,09,1.7,10.7,4.8,25,27.5,3
富士山根,2026-08-06,12,1.7,10.8,3.4,43,28.0,2
富士山根,2026-08-06,15,1.7,10.7,0.1,45,28.4,3
富士山根,2026-08-06,18,1.7,10.5,2.9,150,28.4,0
富士山根,2026-08-06,21,1.6,10.0,2.9,150,28.2,0
川津沖,2026-08-06,00,2.4,9.8,4.3,40,27.4,51
川津沖,2026-08-06,03,2.4,9.8,3.3,22,27.4,51
川津沖,2026-08-06,06,2.3,9.6,2.6,24,27.5,3
川津沖,2026-08-06,09,2.4,9.9,3.3,49,27.6,51
川津沖,2026-08-06,12,2.5,9.9,3.8,104,27.8,51
川津沖,2026-08-06,15,2.5,9.9,3.2,131,28.0,51
川津沖,2026-08-06,18,2.5,9.8,2.3,138,28.0,0
川津沖,2026-08-06,21,2.2,9.1,3.4,153,28.0,0
下浦沖,2026-08-06,00,1.4,10.4,4.1,35,27.3,51
下浦沖,2026-08-06,03,1.3,10.2,4.7,19,27.3,3
下浦沖,2026-08-06,06,1.3,10.1,3.9,20,27.2,3
下浦沖,2026-08-06,09,1.4,10.4,4.8,25,27.3,3
下浦沖,2026-08-06,12,1.4,10.6,3.4,43,27.9,2
下浦沖,2026-08-06,15,1.4,10.6,0.1,45,28.4,3
下浦沖,2026-08-06,18,1.4,10.4,2.9,150,28.3,0
下浦沖,2026-08-06,21,1.3,9.8,2.9,150,28.0,0
興津沖,2026-08-06,00,2.4,9.8,4.3,40,27.4,51
興津沖,2026-08-06,03,2.4,9.8,3.3,22,27.4,51
興津沖,2026-08-06,06,2.3,9.6,2.6,24,27.5,3
興津沖,2026-08-06,09,2.4,9.9,3.3,49,27.6,51
興津沖,2026-08-06,12,2.5,9.9,3.8,104,27.8,51
興津沖,2026-08-06,15,2.5,9.9,3.2,131,28.0,51
興津沖,2026-08-06,18,2.5,9.8,2.3,138,28.0,0
興津沖,2026-08-06,21,2.2,9.1,3.4,153,28.0,0
長井西沖,2026-08-06,00,1.7,10.7,4.1,35,27.5,51
長井西沖,2026-08-06,03,1.6,10.4,4.7,19,27.5,3
長井西沖,2026-08-06,06,1.6,10.3,3.9,20,27.4,3
長井西沖,2026-08-06,09,1.7,10.7,4.8,25,27.5,3
長井西沖,2026-08-06,12,1.7,10.8,3.4,43,28.0,2
長井西沖,2026-08-06,15,1.7,10.7,0.1,45,28.4,3
長井西沖,2026-08-06,18,1.7,10.5,2.9,150,28.4,0
長井西沖,2026-08-06,21,1.6,10.0,2.9,150,28.2,0
長井沖,2026-08-06,00,1.5,10.4,4.1,35,27.1,51
長井沖,2026-08-06,03,1.4,10.3,4.7,19,27.1,3
長井沖,2026-08-06,06,1.4,10.1,3.9,20,27.0,3
長井沖,2026-08-06,09,1.5,10.5,4.8,25,27.0,3
長井沖,2026-08-06,12,1.5,10.7,3.4,43,27.6,2
長井沖,2026-08-06,15,1.5,10.6,0.1,45,28.1,3
長井沖,2026-08-06,18,1.5,10.4,2.9,150,28.0,0
長井沖,2026-08-06,21,1.4,9.8,2.9,150,27.8,0
三戸浜沖,2026-08-06,00,1.5,10.4,4.1,35,27.1,51
三戸浜沖,2026-08-06,03,1.4,10.3,4.7,19,27.1,3
三戸浜沖,2026-08-06,06,1.4,10.1,3.9,20,27.0,3
三戸浜沖,2026-08-06,09,1.5,10.5,4.8,25,27.0,3
三戸浜沖,2026-08-06,12,1.5,10.7,3.4,43,27.6,2
三戸浜沖,2026-08-06,15,1.5,10.6,0.1,45,28.1,3
三戸浜沖,2026-08-06,18,1.5,10.4,2.9,150,28.0,0
三戸浜沖,2026-08-06,21,1.4,9.8,2.9,150,27.8,0
金谷沖,2026-08-06,00,1.2,10.4,4.1,35,27.3,51
金谷沖,2026-08-06,03,1.1,10.3,4.7,19,27.3,3
金谷沖,2026-08-06,06,1.1,10.1,3.9,20,27.2,3
金谷沖,2026-08-06,09,1.2,10.4,4.8,25,27.3,3
金谷沖,2026-08-06,12,1.2,10.6,3.4,43,27.8,2
金谷沖,2026-08-06,15,1.3,10.6,0.1,45,28.3,3
金谷沖,2026-08-06,18,1.3,10.4,2.9,150,28.3,0
金谷沖,2026-08-06,21,1.1,9.7,2.9,150,28.0,0
佐島沖,2026-08-06,00,1.5,10.4,4.1,35,27.1,51
佐島沖,2026-08-06,03,1.4,10.3,4.7,19,27.1,3
佐島沖,2026-08-06,06,1.4,10.1,3.9,20,27.0,3
佐島沖,2026-08-06,09,1.5,10.5,4.8,25,27.0,3
佐島沖,2026-08-06,12,1.5,10.7,3.4,43,27.6,2
佐島沖,2026-08-06,15,1.5,10.6,0.1,45,28.1,3
佐島沖,2026-08-06,18,1.5,10.4,2.9,150,28.0,0
佐島沖,2026-08-06,21,1.4,9.8,2.9,150,27.8,0
小田原南沖,2026-08-06,00,1.7,10.4,2.2,34,27.6,53
小田原南沖,2026-08-06,03,1.6,10.2,2.5,39,27.5,51
小田原南沖,2026-08-06,06,1.5,10.1,2.2,55,27.4,3
小田原南沖,2026-08-06,09,1.6,10.2,3.4,61,27.5,1
小田原南沖,2026-08-06,12,1.6,10.3,2.4,77,28.0,51
小田原南沖,2026-08-06,15,1.6,10.3,2.0,108,28.5,1
小田原南沖,2026-08-06,18,1.6,10.2,1.0,137,28.5,0
小田原南沖,2026-08-06,21,1.5,9.7,0.7,111,28.3,51
瀬の海,2026-08-06,00,1.8,10.6,3.3,29,28.1,55
瀬の海,2026-08-06,03,1.7,10.3,3.3,30,28.0,53
瀬の海,2026-08-06,06,1.6,10.2,3.3,29,28.0,3
瀬の海,2026-08-06,09,1.7,10.4,3.9,24,28.1,1
瀬の海,2026-08-06,12,1.7,10.6,1.2,92,28.6,51
瀬の海,2026-08-06,15,1.7,10.5,2.4,191,29.0,3
瀬の海,2026-08-06,18,1.7,10.3,2.1,227,28.9,0
瀬の海,2026-08-06,21,1.6,9.8,1.5,225,28.6,51
秋谷沖,2026-08-06,00,1.7,10.7,4.1,35,27.5,51
秋谷沖,2026-08-06,03,1.6,10.4,4.7,19,27.5,3
秋谷沖,2026-08-06,06,1.6,10.3,3.9,20,27.4,3
秋谷沖,2026-08-06,09,1.7,10.7,4.8,25,27.5,3
秋谷沖,2026-08-06,12,1.7,10.8,3.4,43,28.0,2
秋谷沖,2026-08-06,15,1.7,10.7,0.1,45,28.4,3
秋谷沖,2026-08-06,18,1.7,10.5,2.9,150,28.4,0
秋谷沖,2026-08-06,21,1.6,10.0,2.9,150,28.2,0
竹岡沖,2026-08-06,00,1.2,10.4,3.6,43,27.3,51
竹岡沖,2026-08-06,03,1.1,10.3,3.7,21,27.3,3
竹岡沖,2026-08-06,06,1.1,10.1,3.8,22,27.2,3
竹岡沖,2026-08-06,09,1.2,10.4,4.7,12,27.3,51
竹岡沖,2026-08-06,12,1.2,10.6,2.3,16,27.8,51
竹岡沖,2026-08-06,15,1.3,10.6,0.9,351,28.3,51
竹岡沖,2026-08-06,18,1.3,10.4,2.5,147,28.3,0
竹岡沖,2026-08-06,21,1.1,9.7,2.2,163,28.0,0
部原沖,2026-08-06,00,2.6,10.1,4.4,38,27.4,51
部原沖,2026-08-06,03,2.6,10.1,3.1,16,27.4,3
部原沖,2026-08-06,06,2.5,9.8,2.5,28,27.5,3
部原沖,2026-08-06,09,2.6,10.2,3.0,69,27.6,51
部原沖,2026-08-06,12,2.7,10.2,3.9,109,27.9,51
部原沖,2026-08-06,15,2.7,10.2,3.0,127,28.2,51
部原沖,2026-08-06,18,2.6,10.2,2.5,129,28.2,0
部原沖,2026-08-06,21,2.3,9.4,3.4,150,28.1,51
小田原西沖,2026-08-06,00,1.7,10.4,2.2,34,27.6,53
小田原西沖,2026-08-06,03,1.6,10.2,2.5,39,27.5,51
小田原西沖,2026-08-06,06,1.5,10.1,2.2,55,27.4,3
小田原西沖,2026-08-06,09,1.6,10.2,3.4,61,27.5,1
小田原西沖,2026-08-06,12,1.6,10.3,2.4,77,28.0,51
小田原西沖,2026-08-06,15,1.6,10.3,2.0,108,28.5,1
小田原西沖,2026-08-06,18,1.6,10.2,1.0,137,28.5,0
小田原西沖,2026-08-06,21,1.5,9.7,0.7,111,28.3,51
小田原沖,2026-08-06,00,1.7,10.4,2.2,34,27.6,53
小田原沖,2026-08-06,03,1.6,10.2,2.5,39,27.5,51
小田原沖,2026-08-06,06,1.5,10.1,2.2,55,27.4,3
小田原沖,2026-08-06,09,1.6,10.2,3.4,61,27.5,1
小田原沖,2026-08-06,12,1.6,10.3,2.4,77,28.0,51
小田原沖,2026-08-06,15,1.6,10.3,2.0,108,28.5,1
小田原沖,2026-08-06,18,1.6,10.2,1.0,137,28.5,0
小田原沖,2026-08-06,21,1.5,9.7,0.7,111,28.3,51
小田原東沖,2026-08-06,00,1.7,10.4,2.2,34,27.6,53
小田原東沖,2026-08-06,03,1.6,10.2,2.5,39,27.5,51
小田原東沖,2026-08-06,06,1.5,10.1,2.2,55,27.4,3
小田原東沖,2026-08-06,09,1.6,10.2,3.4,61,27.5,1
小田原東沖,2026-08-06,12,1.6,10.3,2.4,77,28.0,51
小田原東沖,2026-08-06,15,1.6,10.3,2.0,108,28.5,1
小田原東沖,2026-08-06,18,1.6,10.2,1.0,137,28.5,0
小田原東沖,2026-08-06,21,1.5,9.7,0.7,111,28.3,51
久里浜沖,2026-08-06,00,1.4,10.4,4.1,35,27.3,51
久里浜沖,2026-08-06,03,1.3,10.2,4.7,19,27.3,3
久里浜沖,2026-08-06,06,1.3,10.1,3.9,20,27.2,3
久里浜沖,2026-08-06,09,1.4,10.4,4.8,25,27.3,3
久里浜沖,2026-08-06,12,1.4,10.6,3.4,43,27.9,2
久里浜沖,2026-08-06,15,1.4,10.6,0.1,45,28.4,3
久里浜沖,2026-08-06,18,1.4,10.4,2.9,150,28.3,0
久里浜沖,2026-08-06,21,1.3,9.8,2.9,150,28.0,0
国府津沖,2026-08-06,00,1.7,10.4,1.3,39,27.6,53
国府津沖,2026-08-06,03,1.6,10.2,1.5,35,27.5,51
国府津沖,2026-08-06,06,1.5,10.1,1.9,46,27.4,3
国府津沖,2026-08-06,09,1.6,10.2,3.3,54,27.5,1
国府津沖,2026-08-06,12,1.6,10.3,1.9,104,28.0,1
国府津沖,2026-08-06,15,1.6,10.3,2.5,173,28.5,2
国府津沖,2026-08-06,18,1.6,10.2,1.6,198,28.5,0
国府津沖,2026-08-06,21,1.5,9.7,0.7,231,28.3,51
葉山南沖,2026-08-06,00,1.3,10.8,4.1,35,28.4,51
葉山南沖,2026-08-06,03,1.3,10.7,4.7,19,28.3,3
葉山南沖,2026-08-06,06,1.2,10.6,3.9,20,28.3,3
葉山南沖,2026-08-06,09,1.3,10.9,4.8,25,28.3,3
葉山南沖,2026-08-06,12,1.3,10.9,3.4,43,28.8,2
葉山南沖,2026-08-06,15,1.4,10.8,0.1,45,29.3,3
葉山南沖,2026-08-06,18,1.4,10.7,2.9,150,29.1,0
葉山南沖,2026-08-06,21,1.3,10.2,2.9,150,28.9,0
エボシ沖,2026-08-06,00,1.3,10.8,4.1,35,28.4,51
エボシ沖,2026-08-06,03,1.3,10.7,4.7,19,28.3,3
エボシ沖,2026-08-06,06,1.2,10.6,3.9,20,28.3,3
エボシ沖,2026-08-06,09,1.3,10.9,4.8,25,28.3,3
エボシ沖,2026-08-06,12,1.3,10.9,3.4,43,28.8,2
エボシ沖,2026-08-06,15,1.4,10.8,0.1,45,29.3,3
エボシ沖,2026-08-06,18,1.4,10.7,2.9,150,29.1,0
エボシ沖,2026-08-06,21,1.3,10.2,2.9,150,28.9,0
観音崎沖ｍ,2026-08-06,00,0.9,10.1,4.1,35,27.4,51
観音崎沖ｍ,2026-08-06,03,0.9,10.1,4.7,19,27.3,3
観音崎沖ｍ,2026-08-06,06,0.9,9.8,3.9,20,27.2,3
観音崎沖ｍ,2026-08-06,09,0.9,10.2,4.8,25,27.3,3
観音崎沖ｍ,2026-08-06,12,1.0,10.4,3.4,43,27.7,2
観音崎沖ｍ,2026-08-06,15,1.0,10.4,0.1,45,28.2,3
観音崎沖ｍ,2026-08-06,18,1.0,10.3,2.9,150,28.1,0
観音崎沖ｍ,2026-08-06,21,0.9,9.8,2.9,150,27.9,0
浦賀沖,2026-08-06,00,0.9,10.1,4.1,35,27.4,51
浦賀沖,2026-08-06,03,0.9,10.1,4.7,19,27.3,3
浦賀沖,2026-08-06,06,0.9,9.8,3.9,20,27.2,3
浦賀沖,2026-08-06,09,0.9,10.2,4.8,25,27.3,3
浦賀沖,2026-08-06,12,1.0,10.4,3.4,43,27.7,2
浦賀沖,2026-08-06,15,1.0,10.4,0.1,45,28.2,3
浦賀沖,2026-08-06,18,1.0,10.3,2.9,150,28.1,0
浦賀沖,2026-08-06,21,0.9,9.8,2.9,150,27.9,0
鎌倉沖,2026-08-06,00,1.3,10.8,3.3,33,28.4,51
鎌倉沖,2026-08-06,03,1.3,10.7,3.3,24,28.3,53
鎌倉沖,2026-08-06,06,1.2,10.6,3.1,18,28.3,3
鎌倉沖,2026-08-06,09,1.3,10.9,3.5,18,28.3,2
鎌倉沖,2026-08-06,12,1.3,10.9,2.0,109,28.8,51
鎌倉沖,2026-08-06,15,1.4,10.8,2.5,160,29.3,2
鎌倉沖,2026-08-06,18,1.4,10.7,2.1,198,29.1,0
鎌倉沖,2026-08-06,21,1.3,10.2,1.8,180,28.9,51
葉山沖,2026-08-06,00,1.3,10.8,3.1,36,28.4,51
葉山沖,2026-08-06,03,1.3,10.7,3.4,12,28.3,53
葉山沖,2026-08-06,06,1.2,10.6,3.0,11,28.3,3
葉山沖,2026-08-06,09,1.3,10.9,3.7,24,28.3,1
葉山沖,2026-08-06,12,1.3,10.9,3.0,82,28.8,2
葉山沖,2026-08-06,15,1.4,10.8,1.8,119,29.3,3
葉山沖,2026-08-06,18,1.4,10.7,2.5,163,29.1,0
葉山沖,2026-08-06,21,1.3,10.2,2.7,160,28.9,0
大貫沖,2026-08-06,00,0.8,10.1,3.6,43,27.1,51
大貫沖,2026-08-06,03,0.8,10.1,3.7,21,27.0,3
大貫沖,2026-08-06,06,0.8,9.8,3.8,22,26.9,3
大貫沖,2026-08-06,09,0.9,10.1,4.7,12,27.0,51
大貫沖,2026-08-06,12,0.9,10.3,2.3,16,27.5,51
大貫沖,2026-08-06,15,0.9,10.4,0.9,351,28.0,51
大貫沖,2026-08-06,18,0.9,10.2,2.5,147,28.1,0
大貫沖,2026-08-06,21,0.8,9.7,2.2,163,27.9,0
大原沖,2026-08-06,00,2.3,9.8,4.3,40,27.3,51
大原沖,2026-08-06,03,2.3,9.9,3.3,22,27.3,51
大原沖,2026-08-06,06,2.1,9.7,2.6,24,27.4,3
大原沖,2026-08-06,09,2.2,9.8,3.3,49,27.5,51
大原沖,2026-08-06,12,2.3,9.9,3.8,104,27.9,51
大原沖,2026-08-06,15,2.3,9.9,3.2,131,28.1,51
大原沖,2026-08-06,18,2.3,9.9,2.3,138,28.0,0
大原沖,2026-08-06,21,2.1,9.2,3.4,153,27.8,0
江の島沖,2026-08-06,00,1.5,10.8,3.3,33,28.4,51
江の島沖,2026-08-06,03,1.4,10.7,3.3,24,28.3,53
江の島沖,2026-08-06,06,1.4,10.5,3.1,18,28.3,3
江の島沖,2026-08-06,09,1.5,10.8,3.5,18,28.4,2
江の島沖,2026-08-06,12,1.5,10.8,2.0,109,28.9,51
江の島沖,2026-08-06,15,1.5,10.8,2.5,160,29.3,2
江の島沖,2026-08-06,18,1.5,10.6,2.1,198,29.2,0
江の島沖,2026-08-06,21,1.5,10.1,1.8,180,28.9,51
小坪沖,2026-08-06,00,1.3,10.8,3.1,36,28.4,51
小坪沖,2026-08-06,03,1.3,10.7,3.4,12,28.3,53
小坪沖,2026-08-06,06,1.2,10.6,3.0,11,28.3,3
小坪沖,2026-08-06,09,1.3,10.9,3.7,24,28.3,1
小坪沖,2026-08-06,12,1.3,10.9,3.0,82,28.8,2
小坪沖,2026-08-06,15,1.4,10.8,1.8,119,29.3,3
小坪沖,2026-08-06,18,1.4,10.7,2.5,163,29.1,0
小坪沖,2026-08-06,21,1.3,10.2,2.7,160,28.9,0
横須賀沖,2026-08-06,00,0.9,10.1,4.1,35,27.4,51
横須賀沖,2026-08-06,03,0.9,10.1,4.7,19,27.3,3
横須賀沖,2026-08-06,06,0.9,9.8,3.9,20,27.2,3
横須賀沖,2026-08-06,09,0.9,10.2,4.8,25,27.3,3
横須賀沖,2026-08-06,12,1.0,10.4,3.4,43,27.7,2
横須賀沖,2026-08-06,15,1.0,10.4,0.1,45,28.2,3
横須賀沖,2026-08-06,18,1.0,10.3,2.9,150,28.1,0
横須賀沖,2026-08-06,21,0.9,9.8,2.9,150,27.9,0
観音崎沖～横須賀沖,2026-08-06,00,0.9,10.1,4.1,35,27.4,51
観音崎沖～横須賀沖,2026-08-06,03,0.9,10.1,4.7,19,27.3,3
観音崎沖～横須賀沖,2026-08-06,06,0.9,9.8,3.9,20,27.2,3
観音崎沖～横須賀沖,2026-08-06,09,0.9,10.2,4.8,25,27.3,3
観音崎沖～横須賀沖,2026-08-06,12,1.0,10.4,3.4,43,27.7,2
観音崎沖～横須賀沖,2026-08-06,15,1.0,10.4,0.1,45,28.2,3
観音崎沖～横須賀沖,2026-08-06,18,1.0,10.3,2.9,150,28.1,0
観音崎沖～横須賀沖,2026-08-06,21,0.9,9.8,2.9,150,27.9,0
観音崎沖,2026-08-06,00,0.9,10.1,4.1,35,27.4,51
観音崎沖,2026-08-06,03,0.9,10.1,4.7,19,27.3,3
観音崎沖,2026-08-06,06,0.9,9.8,3.9,20,27.2,3
観音崎沖,2026-08-06,09,0.9,10.2,4.8,25,27.3,3
観音崎沖,2026-08-06,12,1.0,10.4,3.4,43,27.7,2
観音崎沖,2026-08-06,15,1.0,10.4,0.1,45,28.2,3
観音崎沖,2026-08-06,18,1.0,10.3,2.9,150,28.1,0
観音崎沖,2026-08-06,21,0.9,9.8,2.9,150,27.9,0
富津南沖,2026-08-06,00,0.8,10.1,3.6,43,27.1,51
富津南沖,2026-08-06,03,0.8,10.1,3.7,21,27.0,3
富津南沖,2026-08-06,06,0.8,9.8,3.8,22,26.9,3
富津南沖,2026-08-06,09,0.9,10.1,4.7,12,27.0,51
富津南沖,2026-08-06,12,0.9,10.3,2.3,16,27.5,51
富津南沖,2026-08-06,15,0.9,10.4,0.9,351,28.0,51
富津南沖,2026-08-06,18,0.9,10.2,2.5,147,28.1,0
富津南沖,2026-08-06,21,0.8,9.7,2.2,163,27.9,0
大貫沖～猿島沖,2026-08-06,00,0.9,10.1,4.1,35,27.4,51
大貫沖～猿島沖,2026-08-06,03,0.9,10.1,4.7,19,27.3,3
大貫沖～猿島沖,2026-08-06,06,0.9,9.8,3.9,20,27.2,3
大貫沖～猿島沖,2026-08-06,09,0.9,10.2,4.8,25,27.3,3
大貫沖～猿島沖,2026-08-06,12,1.0,10.4,3.4,43,27.7,2
大貫沖～猿島沖,2026-08-06,15,1.0,10.4,0.1,45,28.2,3
大貫沖～猿島沖,2026-08-06,18,1.0,10.3,2.9,150,28.1,0
大貫沖～猿島沖,2026-08-06,21,0.9,9.8,2.9,150,27.9,0
二宮沖,2026-08-06,00,1.4,10.4,1.3,39,28.4,53
二宮沖,2026-08-06,03,1.3,10.2,1.5,35,28.2,51
二宮沖,2026-08-06,06,1.3,10.1,1.9,46,28.1,3
二宮沖,2026-08-06,09,1.3,10.2,3.3,54,28.2,1
二宮沖,2026-08-06,12,1.4,10.2,1.9,104,28.8,1
二宮沖,2026-08-06,15,1.4,10.2,2.5,173,29.2,2
二宮沖,2026-08-06,18,1.4,10.1,1.6,198,29.1,0
二宮沖,2026-08-06,21,1.3,9.6,0.7,231,28.7,51
小坪西沖,2026-08-06,00,1.3,10.8,3.3,33,28.4,51
小坪西沖,2026-08-06,03,1.3,10.7,3.3,24,28.3,53
小坪西沖,2026-08-06,06,1.2,10.6,3.1,18,28.3,3
小坪西沖,2026-08-06,09,1.3,10.9,3.5,18,28.3,2
小坪西沖,2026-08-06,12,1.3,10.9,2.0,109,28.8,51
小坪西沖,2026-08-06,15,1.4,10.8,2.5,160,29.3,2
小坪西沖,2026-08-06,18,1.4,10.7,2.1,198,29.1,0
小坪西沖,2026-08-06,21,1.3,10.2,1.8,180,28.9,51
大津沖,2026-08-06,00,1.0,10.4,4.1,35,27.4,51
大津沖,2026-08-06,03,1.0,10.4,4.7,19,27.3,3
大津沖,2026-08-06,06,1.0,10.2,3.9,20,27.2,3
大津沖,2026-08-06,09,1.0,10.6,4.8,25,27.3,3
大津沖,2026-08-06,12,1.1,10.8,3.4,43,27.7,2
大津沖,2026-08-06,15,1.1,10.7,0.1,45,28.2,3
大津沖,2026-08-06,18,1.1,10.5,2.9,150,28.1,0
大津沖,2026-08-06,21,1.0,10.0,2.9,150,27.9,0
木更津沖～竹岡沖,2026-08-06,00,0.8,10.1,3.6,43,27.7,51
木更津沖～竹岡沖,2026-08-06,03,0.8,10.1,3.7,21,27.6,3
木更津沖～竹岡沖,2026-08-06,06,0.8,9.8,3.8,22,27.5,3
木更津沖～竹岡沖,2026-08-06,09,0.9,10.1,4.7,12,27.6,51
木更津沖～竹岡沖,2026-08-06,12,0.9,10.3,2.3,16,27.9,51
木更津沖～竹岡沖,2026-08-06,15,0.9,10.4,0.9,351,28.3,51
木更津沖～竹岡沖,2026-08-06,18,0.9,10.2,2.5,147,28.2,0
木更津沖～竹岡沖,2026-08-06,21,0.8,9.7,2.2,163,27.9,0
平塚西沖,2026-08-06,00,1.4,10.4,1.3,39,28.4,53
平塚西沖,2026-08-06,03,1.3,10.2,1.5,35,28.2,51
平塚西沖,2026-08-06,06,1.3,10.1,1.9,46,28.1,3
平塚西沖,2026-08-06,09,1.3,10.2,3.3,54,28.2,1
平塚西沖,2026-08-06,12,1.4,10.2,1.9,104,28.8,1
平塚西沖,2026-08-06,15,1.4,10.2,2.5,173,29.2,2
平塚西沖,2026-08-06,18,1.4,10.1,1.6,198,29.1,0
平塚西沖,2026-08-06,21,1.3,9.6,0.7,231,28.7,51
大磯沖,2026-08-06,00,1.4,10.4,3.3,29,28.4,55
大磯沖,2026-08-06,03,1.3,10.2,3.3,30,28.2,53
大磯沖,2026-08-06,06,1.3,10.1,3.3,29,28.1,3
大磯沖,2026-08-06,09,1.3,10.2,3.9,24,28.2,1
大磯沖,2026-08-06,12,1.4,10.2,1.2,92,28.8,51
大磯沖,2026-08-06,15,1.4,10.2,2.4,191,29.2,3
大磯沖,2026-08-06,18,1.4,10.1,2.1,227,29.1,0
大磯沖,2026-08-06,21,1.3,9.6,1.5,225,28.7,51
平塚東沖,2026-08-06,00,1.5,10.7,3.3,29,28.4,55
平塚東沖,2026-08-06,03,1.4,10.5,3.3,30,28.3,53
平塚東沖,2026-08-06,06,1.4,10.3,3.3,29,28.2,3
平塚東沖,2026-08-06,09,1.5,10.6,3.9,24,28.3,1
平塚東沖,2026-08-06,12,1.5,10.6,1.2,92,28.9,51
平塚東沖,2026-08-06,15,1.5,10.5,2.4,191,29.3,3
平塚東沖,2026-08-06,18,1.5,10.3,2.1,227,29.2,0
平塚東沖,2026-08-06,21,1.5,9.9,1.5,225,28.9,51
茅ヶ崎西沖,2026-08-06,00,1.5,10.7,3.3,29,28.4,55
茅ヶ崎西沖,2026-08-06,03,1.4,10.5,3.3,30,28.3,53
茅ヶ崎西沖,2026-08-06,06,1.4,10.3,3.3,29,28.2,3
茅ヶ崎西沖,2026-08-06,09,1.5,10.6,3.9,24,28.3,1
茅ヶ崎西沖,2026-08-06,12,1.5,10.6,1.2,92,28.9,51
茅ヶ崎西沖,2026-08-06,15,1.5,10.5,2.4,191,29.3,3
茅ヶ崎西沖,2026-08-06,18,1.5,10.3,2.1,227,29.2,0
茅ヶ崎西沖,2026-08-06,21,1.5,9.9,1.5,225,28.9,51
大磯東沖,2026-08-06,00,1.5,10.7,3.3,29,28.4,55
大磯東沖,2026-08-06,03,1.4,10.5,3.3,30,28.3,53
大磯東沖,2026-08-06,06,1.4,10.3,3.3,29,28.2,3
大磯東沖,2026-08-06,09,1.5,10.6,3.9,24,28.3,1
大磯東沖,2026-08-06,12,1.5,10.6,1.2,92,28.9,51
大磯東沖,2026-08-06,15,1.5,10.5,2.4,191,29.3,3
大磯東沖,2026-08-06,18,1.5,10.3,2.1,227,29.2,0
大磯東沖,2026-08-06,21,1.5,9.9,1.5,225,28.9,51
茅ヶ崎沖,2026-08-06,00,1.5,10.7,3.3,29,28.4,55
茅ヶ崎沖,2026-08-06,03,1.4,10.5,3.3,30,28.3,53
茅ヶ崎沖,2026-08-06,06,1.4,10.3,3.3,29,28.2,3
茅ヶ崎沖,2026-08-06,09,1.5,10.6,3.9,24,28.3,1
茅ヶ崎沖,2026-08-06,12,1.5,10.6,1.2,92,28.9,51
茅ヶ崎沖,2026-08-06,15,1.5,10.5,2.4,191,29.3,3
茅ヶ崎沖,2026-08-06,18,1.5,10.3,2.1,227,29.2,0
茅ヶ崎沖,2026-08-06,21,1.5,9.9,1.5,225,28.9,51
茅ヶ崎東沖,2026-08-06,00,1.5,10.8,3.3,33,28.4,51
茅ヶ崎東沖,2026-08-06,03,1.4,10.7,3.3,24,28.3,53
茅ヶ崎東沖,2026-08-06,06,1.4,10.5,3.1,18,28.3,3
茅ヶ崎東沖,2026-08-06,09,1.5,10.8,3.5,18,28.4,2
茅ヶ崎東沖,2026-08-06,12,1.5,10.8,2.0,109,28.9,51
茅ヶ崎東沖,2026-08-06,15,1.5,10.8,2.5,160,29.3,2
茅ヶ崎東沖,2026-08-06,18,1.5,10.6,2.1,198,29.2,0
茅ヶ崎東沖,2026-08-06,21,1.5,10.1,1.8,180,28.9,51
猿島沖,2026-08-06,00,0.9,10.1,4.1,35,27.4,51
猿島沖,2026-08-06,03,0.9,10.1,4.7,19,27.3,3
猿島沖,2026-08-06,06,0.9,9.8,3.9,20,27.2,3
猿島沖,2026-08-06,09,0.9,10.2,4.8,25,27.3,3
猿島沖,2026-08-06,12,1.0,10.4,3.4,43,27.7,2
猿島沖,2026-08-06,15,1.0,10.4,0.1,45,28.2,3
猿島沖,2026-08-06,18,1.0,10.3,2.9,150,28.1,0
猿島沖,2026-08-06,21,0.9,9.8,2.9,150,27.9,0
走水沖,2026-08-06,00,0.8,10.1,3.6,43,27.1,51
走水沖,2026-08-06,03,0.8,10.1,3.7,21,27.0,3
走水沖,2026-08-06,06,0.8,9.8,3.8,22,26.9,3
走水沖,2026-08-06,09,0.9,10.1,4.7,12,27.0,51
走水沖,2026-08-06,12,0.9,10.3,2.3,16,27.5,51
走水沖,2026-08-06,15,0.9,10.4,0.9,351,28.0,51
走水沖,2026-08-06,18,0.9,10.2,2.5,147,28.1,0
走水沖,2026-08-06,21,0.8,9.7,2.2,163,27.9,0
海堡沖～竹岡沖,2026-08-06,00,0.8,10.1,3.6,43,27.1,51
海堡沖～竹岡沖,2026-08-06,03,0.8,10.1,3.7,21,27.0,3
海堡沖～竹岡沖,2026-08-06,06,0.8,9.8,3.8,22,26.9,3
海堡沖～竹岡沖,2026-08-06,09,0.9,10.1,4.7,12,27.0,51
海堡沖～竹岡沖,2026-08-06,12,0.9,10.3,2.3,16,27.5,51
海堡沖～竹岡沖,2026-08-06,15,0.9,10.4,0.9,351,28.0,51
海堡沖～竹岡沖,2026-08-06,18,0.9,10.2,2.5,147,28.1,0
海堡沖～竹岡沖,2026-08-06,21,0.8,9.7,2.2,163,27.9,0
太東沖,2026-08-06,00,2.3,9.8,4.2,39,25.6,3
太東沖,2026-08-06,03,2.3,9.9,3.8,33,25.6,51
太東沖,2026-08-06,06,2.1,9.7,3.2,29,25.8,1
太東沖,2026-08-06,09,2.2,9.8,3.3,57,26.1,51
太東沖,2026-08-06,12,2.3,9.9,3.9,94,26.6,51
太東沖,2026-08-06,15,2.3,9.9,3.6,120,27.0,0
太東沖,2026-08-06,18,2.3,9.9,2.9,134,26.9,0
太東沖,2026-08-06,21,2.1,9.2,3.5,152,26.7,0
海堡沖,2026-08-06,00,0.8,10.1,3.6,43,27.1,51
海堡沖,2026-08-06,03,0.8,10.1,3.7,21,27.0,3
海堡沖,2026-08-06,06,0.8,9.8,3.8,22,26.9,3
海堡沖,2026-08-06,09,0.9,10.1,4.7,12,27.0,51
海堡沖,2026-08-06,12,0.9,10.3,2.3,16,27.5,51
海堡沖,2026-08-06,15,0.9,10.4,0.9,351,28.0,51
海堡沖,2026-08-06,18,0.9,10.2,2.5,147,28.1,0
海堡沖,2026-08-06,21,0.8,9.7,2.2,163,27.9,0
富津沖,2026-08-06,00,0.8,10.1,3.6,43,27.1,51
富津沖,2026-08-06,03,0.8,10.1,3.7,21,27.0,3
富津沖,2026-08-06,06,0.8,9.8,3.8,22,26.9,3
富津沖,2026-08-06,09,0.9,10.1,4.7,12,27.0,51
富津沖,2026-08-06,12,0.9,10.3,2.3,16,27.5,51
富津沖,2026-08-06,15,0.9,10.4,0.9,351,28.0,51
富津沖,2026-08-06,18,0.9,10.2,2.5,147,28.1,0
富津沖,2026-08-06,21,0.8,9.7,2.2,163,27.9,0
港前,2026-08-06,00,1.0,10.4,3.1,36,28.4,51
港前,2026-08-06,03,1.0,10.4,3.4,12,28.3,53
港前,2026-08-06,06,1.0,10.2,3.0,11,28.3,3
港前,2026-08-06,09,1.0,10.6,3.7,24,28.3,1
港前,2026-08-06,12,1.1,10.8,3.0,82,28.8,2
港前,2026-08-06,15,1.1,10.7,1.8,119,29.3,3
港前,2026-08-06,18,1.1,10.5,2.5,163,29.1,0
港前,2026-08-06,21,1.0,10.0,2.7,160,28.9,0
鴨居沖,2026-08-06,00,1.0,10.4,3.1,36,27.3,51
鴨居沖,2026-08-06,03,1.0,10.4,3.4,12,27.2,53
鴨居沖,2026-08-06,06,1.0,10.2,3.0,11,27.1,3
鴨居沖,2026-08-06,09,1.0,10.6,3.7,24,27.2,1
鴨居沖,2026-08-06,12,1.1,10.8,3.0,82,27.6,2
鴨居沖,2026-08-06,15,1.1,10.7,1.8,119,28.1,3
鴨居沖,2026-08-06,18,1.1,10.5,2.5,163,28.0,0
鴨居沖,2026-08-06,21,1.0,10.0,2.7,160,27.8,0
木更津沖～富津沖,2026-08-06,00,0.6,9.6,3.6,43,26.5,51
木更津沖～富津沖,2026-08-06,03,0.6,9.7,3.7,21,26.5,3
木更津沖～富津沖,2026-08-06,06,0.6,9.5,3.8,22,26.4,3
木更津沖～富津沖,2026-08-06,09,0.6,9.6,4.7,12,26.5,51
木更津沖～富津沖,2026-08-06,12,0.6,10.0,2.3,16,26.8,51
木更津沖～富津沖,2026-08-06,15,0.7,10.2,0.9,351,27.1,51
木更津沖～富津沖,2026-08-06,18,0.7,10.1,2.5,147,27.0,0
木更津沖～富津沖,2026-08-06,21,0.6,9.7,2.2,163,26.9,0
横浜沖～観音崎沖,2026-08-06,00,0.9,10.1,4.1,35,27.3,51
横浜沖～観音崎沖,2026-08-06,03,0.9,10.1,4.7,19,27.2,3
横浜沖～観音崎沖,2026-08-06,06,0.9,9.8,3.9,20,27.1,3
横浜沖～観音崎沖,2026-08-06,09,0.9,10.2,4.8,25,27.2,3
横浜沖～観音崎沖,2026-08-06,12,1.0,10.4,3.4,43,27.6,2
横浜沖～観音崎沖,2026-08-06,15,1.0,10.4,0.1,45,28.1,3
横浜沖～観音崎沖,2026-08-06,18,1.0,10.3,2.9,150,28.0,0
横浜沖～観音崎沖,2026-08-06,21,0.9,9.8,2.9,150,27.8,0
中ノ瀬周り,2026-08-06,00,0.9,10.1,4.1,35,27.3,51
中ノ瀬周り,2026-08-06,03,0.9,10.1,4.7,19,27.2,3
中ノ瀬周り,2026-08-06,06,0.9,9.8,3.9,20,27.1,3
中ノ瀬周り,2026-08-06,09,0.9,10.2,4.8,25,27.2,3
中ノ瀬周り,2026-08-06,12,1.0,10.4,3.4,43,27.6,2
中ノ瀬周り,2026-08-06,15,1.0,10.4,0.1,45,28.1,3
中ノ瀬周り,2026-08-06,18,1.0,10.3,2.9,150,28.0,0
中ノ瀬周り,2026-08-06,21,0.9,9.8,2.9,150,27.8,0
鴨井沖,2026-08-06,00,2.4,9.8,6.7,49,25.4,51
鴨井沖,2026-08-06,03,2.4,9.9,4.1,42,25.4,51
鴨井沖,2026-08-06,06,2.3,9.8,3.3,43,25.5,0
鴨井沖,2026-08-06,09,2.3,9.9,3.9,29,25.6,51
鴨井沖,2026-08-06,12,2.4,10.1,3.7,104,26.1,2
鴨井沖,2026-08-06,15,2.4,10.1,3.7,130,26.4,0
鴨井沖,2026-08-06,18,2.4,10.1,3.7,146,26.3,0
鴨井沖,2026-08-06,21,2.3,9.4,5.4,154,26.1,0
富津沖～海堡,2026-08-06,00,0.6,9.6,3.6,43,26.5,51
富津沖～海堡,2026-08-06,03,0.6,9.7,3.7,21,26.4,3
富津沖～海堡,2026-08-06,06,0.6,9.5,3.8,22,26.3,3
富津沖～海堡,2026-08-06,09,0.6,9.6,4.7,12,26.4,51
富津沖～海堡,2026-08-06,12,0.6,10.0,2.3,16,26.8,51
富津沖～海堡,2026-08-06,15,0.7,10.2,0.9,351,27.2,51
富津沖～海堡,2026-08-06,18,0.7,10.1,2.5,147,27.2,0
富津沖～海堡,2026-08-06,21,0.6,9.7,2.2,163,27.1,0
富岡沖,2026-08-06,00,1.0,10.4,3.1,36,27.3,51
富岡沖,2026-08-06,03,1.0,10.4,3.4,12,27.2,53
富岡沖,2026-08-06,06,1.0,10.2,3.0,11,27.1,3
富岡沖,2026-08-06,09,1.0,10.6,3.7,24,27.2,1
富岡沖,2026-08-06,12,1.1,10.8,3.0,82,27.6,2
富岡沖,2026-08-06,15,1.1,10.7,1.8,119,28.1,3
富岡沖,2026-08-06,18,1.1,10.5,2.5,163,28.0,0
富岡沖,2026-08-06,21,1.0,10.0,2.7,160,27.8,0
小柴沖,2026-08-06,00,1.0,10.4,3.1,36,27.3,51
小柴沖,2026-08-06,03,1.0,10.4,3.4,12,27.2,53
小柴沖,2026-08-06,06,1.0,10.2,3.0,11,27.1,3
小柴沖,2026-08-06,09,1.0,10.6,3.7,24,27.2,1
小柴沖,2026-08-06,12,1.1,10.8,3.0,82,27.6,2
小柴沖,2026-08-06,15,1.1,10.7,1.8,119,28.1,3
小柴沖,2026-08-06,18,1.1,10.5,2.5,163,28.0,0
小柴沖,2026-08-06,21,1.0,10.0,2.7,160,27.8,0
木更津沖～富岡沖,2026-08-06,00,0.6,9.6,3.6,43,27.3,51
木更津沖～富岡沖,2026-08-06,03,0.6,9.7,3.7,21,27.2,3
木更津沖～富岡沖,2026-08-06,06,0.6,9.5,3.8,22,27.1,3
木更津沖～富岡沖,2026-08-06,09,0.6,9.6,4.7,12,27.2,51
木更津沖～富岡沖,2026-08-06,12,0.6,10.0,2.3,16,27.6,51
木更津沖～富岡沖,2026-08-06,15,0.7,10.2,0.9,351,28.1,51
木更津沖～富岡沖,2026-08-06,18,0.7,10.1,2.5,147,28.0,0
木更津沖～富岡沖,2026-08-06,21,0.6,9.7,2.2,163,27.8,0
八景沖,2026-08-06,00,1.0,10.4,3.1,36,27.3,51
八景沖,2026-08-06,03,1.0,10.4,3.4,12,27.2,53
八景沖,2026-08-06,06,1.0,10.2,3.0,11,27.1,3
八景沖,2026-08-06,09,1.0,10.6,3.7,24,27.2,1
八景沖,2026-08-06,12,1.1,10.8,3.0,82,27.6,2
八景沖,2026-08-06,15,1.1,10.7,1.8,119,28.1,3
八景沖,2026-08-06,18,1.1,10.5,2.5,163,28.0,0
八景沖,2026-08-06,21,1.0,10.0,2.7,160,27.8,0
長浦沖,2026-08-06,00,0.6,9.6,3.6,43,26.5,51
長浦沖,2026-08-06,03,0.6,9.7,3.7,21,26.5,3
長浦沖,2026-08-06,06,0.6,9.5,3.8,22,26.4,3
長浦沖,2026-08-06,09,0.6,9.6,4.7,12,26.5,51
長浦沖,2026-08-06,12,0.6,10.0,2.3,16,26.8,51
長浦沖,2026-08-06,15,0.7,10.2,0.9,351,27.1,51
長浦沖,2026-08-06,18,0.7,10.1,2.5,147,27.0,0
長浦沖,2026-08-06,21,0.6,9.7,2.2,163,26.9,0
木更津沖,2026-08-06,00,0.6,9.6,3.8,48,26.5,3
木更津沖,2026-08-06,03,0.6,9.7,4.2,26,26.5,3
木更津沖,2026-08-06,06,0.6,9.5,4.5,21,26.4,3
木更津沖,2026-08-06,09,0.6,9.6,4.9,11,26.5,3
木更津沖,2026-08-06,12,0.6,10.0,1.6,344,26.8,51
木更津沖,2026-08-06,15,0.7,10.2,1.1,24,27.1,3
木更津沖,2026-08-06,18,0.7,10.1,2.9,132,27.0,0
木更津沖,2026-08-06,21,0.6,9.7,2.3,158,26.9,0
一宮沖,2026-08-06,00,2.0,9.7,4.2,39,25.4,3
一宮沖,2026-08-06,03,2.0,9.8,3.8,33,25.4,51
一宮沖,2026-08-06,06,1.9,9.6,3.2,29,25.5,1
一宮沖,2026-08-06,09,1.9,9.8,3.3,57,25.6,51
一宮沖,2026-08-06,12,1.9,9.8,3.9,94,26.1,51
一宮沖,2026-08-06,15,2.0,9.9,3.6,120,26.4,0
一宮沖,2026-08-06,18,2.0,9.8,2.9,134,26.3,0
一宮沖,2026-08-06,21,1.8,9.2,3.5,152,26.1,0
横浜沖周り,2026-08-06,00,0.9,10.1,2.5,40,27.3,51
横浜沖周り,2026-08-06,03,0.9,10.1,2.4,5,27.2,51
横浜沖周り,2026-08-06,06,0.9,9.8,2.3,5,27.1,3
横浜沖周り,2026-08-06,09,0.9,10.2,2.9,18,27.2,1
横浜沖周り,2026-08-06,12,1.0,10.4,2.8,94,27.6,1
横浜沖周り,2026-08-06,15,1.0,10.4,2.3,103,28.1,1
横浜沖周り,2026-08-06,18,1.0,10.3,2.0,140,28.0,0
横浜沖周り,2026-08-06,21,0.9,9.8,2.7,174,27.8,0
本牧沖~富岡沖,2026-08-06,00,1.0,10.4,2.5,40,27.3,51
本牧沖~富岡沖,2026-08-06,03,1.0,10.4,2.4,5,27.2,51
本牧沖~富岡沖,2026-08-06,06,1.0,10.2,2.3,5,27.1,3
本牧沖~富岡沖,2026-08-06,09,1.0,10.6,2.9,18,27.2,1
本牧沖~富岡沖,2026-08-06,12,1.1,10.8,2.8,94,27.6,1
本牧沖~富岡沖,2026-08-06,15,1.1,10.7,2.3,103,28.1,1
本牧沖~富岡沖,2026-08-06,18,1.1,10.5,2.0,140,28.0,0
本牧沖~富岡沖,2026-08-06,21,1.0,10.0,2.7,174,27.8,0
木更津沖～本牧沖,2026-08-06,00,0.6,9.6,3.6,43,26.5,51
木更津沖～本牧沖,2026-08-06,03,0.6,9.7,3.7,21,26.4,3
木更津沖～本牧沖,2026-08-06,06,0.6,9.5,3.8,22,26.3,3
木更津沖～本牧沖,2026-08-06,09,0.6,9.6,4.7,12,26.4,51
木更津沖～本牧沖,2026-08-06,12,0.6,10.0,2.3,16,26.8,51
木更津沖～本牧沖,2026-08-06,15,0.7,10.2,0.9,351,27.2,51
木更津沖～本牧沖,2026-08-06,18,0.7,10.1,2.5,147,27.2,0
木更津沖～本牧沖,2026-08-06,21,0.6,9.7,2.2,163,27.1,0
海堡,2026-08-06,00,0.6,9.6,3.6,43,26.5,51
海堡,2026-08-06,03,0.6,9.7,3.7,21,26.4,3
海堡,2026-08-06,06,0.6,9.5,3.8,22,26.3,3
海堡,2026-08-06,09,0.6,9.6,4.7,12,26.4,51
海堡,2026-08-06,12,0.6,10.0,2.3,16,26.8,51
海堡,2026-08-06,15,0.7,10.2,0.9,351,27.2,51
海堡,2026-08-06,18,0.7,10.1,2.5,147,27.2,0
海堡,2026-08-06,21,0.6,9.7,2.2,163,27.1,0
木更津沖～横浜沖,2026-08-06,00,0.6,9.6,3.6,43,26.5,51
木更津沖～横浜沖,2026-08-06,03,0.6,9.7,3.7,21,26.4,3
木更津沖～横浜沖,2026-08-06,06,0.6,9.5,3.8,22,26.3,3
木更津沖～横浜沖,2026-08-06,09,0.6,9.6,4.7,12,26.4,51
木更津沖～横浜沖,2026-08-06,12,0.6,10.0,2.3,16,26.8,51
木更津沖～横浜沖,2026-08-06,15,0.7,10.2,0.9,351,27.2,51
木更津沖～横浜沖,2026-08-06,18,0.7,10.1,2.5,147,27.2,0
木更津沖～横浜沖,2026-08-06,21,0.6,9.7,2.2,163,27.1,0
中ノ瀬,2026-08-06,00,0.6,9.6,3.6,43,26.5,51
中ノ瀬,2026-08-06,03,0.6,9.7,3.7,21,26.4,3
中ノ瀬,2026-08-06,06,0.6,9.5,3.8,22,26.3,3
中ノ瀬,2026-08-06,09,0.6,9.6,4.7,12,26.4,51
中ノ瀬,2026-08-06,12,0.6,10.0,2.3,16,26.8,51
中ノ瀬,2026-08-06,15,0.7,10.2,0.9,351,27.2,51
中ノ瀬,2026-08-06,18,0.7,10.1,2.5,147,27.2,0
中ノ瀬,2026-08-06,21,0.6,9.7,2.2,163,27.1,0
本牧沖,2026-08-06,00,0.9,10.1,2.5,40,27.3,51
本牧沖,2026-08-06,03,0.9,10.1,2.4,5,27.2,51
本牧沖,2026-08-06,06,0.9,9.8,2.3,5,27.1,3
本牧沖,2026-08-06,09,0.9,10.2,2.9,18,27.2,1
本牧沖,2026-08-06,12,1.0,10.4,2.8,94,27.6,1
本牧沖,2026-08-06,15,1.0,10.4,2.3,103,28.1,1
本牧沖,2026-08-06,18,1.0,10.3,2.0,140,28.0,0
本牧沖,2026-08-06,21,0.9,9.8,2.7,174,27.8,0
横浜沖,2026-08-06,00,1.0,10.4,2.5,40,27.6,51
横浜沖,2026-08-06,03,1.0,10.4,2.4,5,27.5,51
横浜沖,2026-08-06,06,1.0,10.2,2.3,5,27.4,3
横浜沖,2026-08-06,09,1.0,10.6,2.9,18,27.5,1
横浜沖,2026-08-06,12,1.1,10.8,2.8,94,28.0,1
横浜沖,2026-08-06,15,1.1,10.7,2.3,103,28.3,1
横浜沖,2026-08-06,18,1.1,10.5,2.0,140,28.2,0
横浜沖,2026-08-06,21,1.0,10.0,2.7,174,28.0,0
根岸沖,2026-08-06,00,0.5,9.2,2.5,40,27.6,51
根岸沖,2026-08-06,03,0.5,9.4,2.4,5,27.5,51
根岸沖,2026-08-06,06,0.5,9.2,2.3,5,27.4,3
根岸沖,2026-08-06,09,0.5,9.3,2.9,18,27.5,1
根岸沖,2026-08-06,12,0.5,9.8,2.8,94,28.0,1
根岸沖,2026-08-06,15,0.5,10.2,2.3,103,28.3,1
根岸沖,2026-08-06,18,0.6,10.0,2.0,140,28.2,0
根岸沖,2026-08-06,21,0.5,9.6,2.7,174,28.0,0
片貝沖,2026-08-06,00,2.5,9.8,6.8,47,25.3,51
片貝沖,2026-08-06,03,2.4,9.9,4.3,45,25.3,51
片貝沖,2026-08-06,06,2.3,9.7,3.4,38,25.4,1
片貝沖,2026-08-06,09,2.4,9.8,3.5,33,25.6,51
片貝沖,2026-08-06,12,2.5,10.0,3.3,103,26.1,3
片貝沖,2026-08-06,15,2.5,10.1,3.6,128,26.5,0
片貝沖,2026-08-06,18,2.5,9.9,4.0,149,26.3,0
片貝沖,2026-08-06,21,2.3,9.4,5.6,155,26.0,0
木更津沖～川崎沖,2026-08-06,00,0.5,9.2,3.8,48,26.7,3
木更津沖～川崎沖,2026-08-06,03,0.5,9.4,4.2,26,26.6,3
木更津沖～川崎沖,2026-08-06,06,0.5,9.2,4.5,21,26.6,3
木更津沖～川崎沖,2026-08-06,09,0.5,9.3,4.9,11,26.7,3
木更津沖～川崎沖,2026-08-06,12,0.5,9.8,1.6,344,27.2,51
木更津沖～川崎沖,2026-08-06,15,0.5,10.2,1.1,24,27.5,3
木更津沖～川崎沖,2026-08-06,18,0.6,10.0,2.9,132,27.4,0
木更津沖～川崎沖,2026-08-06,21,0.5,9.6,2.3,158,27.1,0
盤洲沖,2026-08-06,00,0.5,9.1,3.8,48,26.2,3
盤洲沖,2026-08-06,03,0.5,9.3,4.2,26,26.2,3
盤洲沖,2026-08-06,06,0.5,9.1,4.5,21,26.2,3
盤洲沖,2026-08-06,09,0.5,9.2,4.9,11,26.3,3
盤洲沖,2026-08-06,12,0.5,9.8,1.6,344,26.8,51
盤洲沖,2026-08-06,15,0.5,10.2,1.1,24,27.1,3
盤洲沖,2026-08-06,18,0.5,10.2,2.9,132,27.0,0
盤洲沖,2026-08-06,21,0.5,9.7,2.3,158,26.7,0
大根,2026-08-06,00,2.5,9.8,6.4,44,25.3,3
大根,2026-08-06,03,2.4,9.9,4.4,41,25.3,51
大根,2026-08-06,06,2.3,9.7,3.5,31,25.4,1
大根,2026-08-06,09,2.4,9.8,3.4,34,25.6,1
大根,2026-08-06,12,2.5,10.0,3.3,96,26.1,3
大根,2026-08-06,15,2.5,10.1,3.3,122,26.5,0
大根,2026-08-06,18,2.5,9.9,4.0,146,26.3,0
大根,2026-08-06,21,2.3,9.4,5.5,156,26.0,0
川崎沖～横浜沖,2026-08-06,00,0.5,9.2,2.5,34,27.6,51
川崎沖～横浜沖,2026-08-06,03,0.5,9.4,2.6,1,27.5,53
川崎沖～横浜沖,2026-08-06,06,0.5,9.2,2.4,1,27.4,3
川崎沖～横浜沖,2026-08-06,09,0.5,9.3,2.9,12,27.5,2
川崎沖～横浜沖,2026-08-06,12,0.5,9.8,2.3,105,28.0,1
川崎沖～横浜沖,2026-08-06,15,0.5,10.2,2.5,115,28.3,3
川崎沖～横浜沖,2026-08-06,18,0.6,10.0,2.2,119,28.2,0
川崎沖～横浜沖,2026-08-06,21,0.5,9.6,2.8,167,28.0,0
川崎沖~本牧沖,2026-08-06,00,0.5,9.2,2.5,34,27.6,51
川崎沖~本牧沖,2026-08-06,03,0.5,9.4,2.6,1,27.5,53
川崎沖~本牧沖,2026-08-06,06,0.5,9.2,2.4,1,27.4,3
川崎沖~本牧沖,2026-08-06,09,0.5,9.3,2.9,12,27.5,2
川崎沖~本牧沖,2026-08-06,12,0.5,9.8,2.3,105,28.0,1
川崎沖~本牧沖,2026-08-06,15,0.5,10.2,2.5,115,28.3,3
川崎沖~本牧沖,2026-08-06,18,0.6,10.0,2.2,119,28.2,0
川崎沖~本牧沖,2026-08-06,21,0.5,9.6,2.8,167,28.0,0
川崎沖,2026-08-06,00,0.5,9.2,2.5,34,28.0,51
川崎沖,2026-08-06,03,0.5,9.4,2.6,1,28.0,53
川崎沖,2026-08-06,06,0.5,9.2,2.4,1,27.9,3
川崎沖,2026-08-06,09,0.5,9.3,2.9,12,28.0,2
川崎沖,2026-08-06,12,0.5,9.8,2.3,105,28.3,1
川崎沖,2026-08-06,15,0.5,10.2,2.5,115,28.5,3
川崎沖,2026-08-06,18,0.6,10.0,2.2,119,28.4,0
川崎沖,2026-08-06,21,0.5,9.6,2.8,167,28.3,0
五井沖,2026-08-06,00,0.2,5.0,2.9,48,26.2,3
五井沖,2026-08-06,03,0.2,5.5,2.3,34,26.2,3
五井沖,2026-08-06,06,0.2,6.2,2.6,27,26.3,3
五井沖,2026-08-06,09,0.2,5.6,3.2,9,26.5,51
五井沖,2026-08-06,12,0.2,7.2,1.8,115,27.0,51
五井沖,2026-08-06,15,0.2,9.6,2.6,117,27.5,51
五井沖,2026-08-06,18,0.2,9.8,3.3,126,27.4,0
五井沖,2026-08-06,21,0.2,9.5,2.6,139,27.2,0
鶴見沖,2026-08-06,00,0.5,9.2,2.5,34,28.0,51
鶴見沖,2026-08-06,03,0.5,9.4,2.6,1,28.0,53
鶴見沖,2026-08-06,06,0.5,9.2,2.4,1,27.9,3
鶴見沖,2026-08-06,09,0.5,9.3,2.9,12,28.0,2
鶴見沖,2026-08-06,12,0.5,9.8,2.3,105,28.3,1
鶴見沖,2026-08-06,15,0.5,10.2,2.5,115,28.5,3
鶴見沖,2026-08-06,18,0.6,10.0,2.2,119,28.4,0
鶴見沖,2026-08-06,21,0.5,9.6,2.8,167,28.3,0
木更津沖～浦安沖,2026-08-06,00,0.4,8.1,2.2,27,26.8,3
木更津沖～浦安沖,2026-08-06,03,0.4,8.5,2.6,358,26.8,55
木更津沖～浦安沖,2026-08-06,06,0.4,8.3,2.3,352,26.8,3
木更津沖～浦安沖,2026-08-06,09,0.4,8.8,2.4,5,26.9,3
木更津沖～浦安沖,2026-08-06,12,0.4,9.6,1.6,132,27.5,1
木更津沖～浦安沖,2026-08-06,15,0.4,10.2,2.9,147,27.9,3
木更津沖～浦安沖,2026-08-06,18,0.4,10.1,2.9,128,27.8,0
木更津沖～浦安沖,2026-08-06,21,0.4,9.1,3.1,156,27.5,0
羽田沖,2026-08-06,00,0.5,9.2,2.2,27,27.4,3
羽田沖,2026-08-06,03,0.5,9.4,2.6,358,27.3,55
羽田沖,2026-08-06,06,0.5,9.2,2.3,352,27.3,3
羽田沖,2026-08-06,09,0.5,9.3,2.4,5,27.4,3
羽田沖,2026-08-06,12,0.5,9.8,1.6,132,27.8,1
羽田沖,2026-08-06,15,0.5,10.2,2.9,147,28.2,3
羽田沖,2026-08-06,18,0.6,10.0,2.9,128,28.1,0
羽田沖,2026-08-06,21,0.5,9.6,3.1,156,27.9,0
千葉沖,2026-08-06,00,0.2,8.7,2.8,43,28.0,3
千葉沖,2026-08-06,03,0.2,8.8,2.5,28,27.9,51
千葉沖,2026-08-06,06,0.2,9.1,2.3,11,27.9,3
千葉沖,2026-08-06,09,0.2,9.3,2.2,10,28.1,51
千葉沖,2026-08-06,12,0.2,9.7,2.0,134,28.6,51
千葉沖,2026-08-06,15,0.2,10.0,2.4,145,29.0,2
千葉沖,2026-08-06,18,0.2,9.8,3.3,132,28.9,0
千葉沖,2026-08-06,21,0.2,9.4,2.5,149,28.6,0
浦安沖,2026-08-06,00,0.3,9.4,2.4,41,28.2,51
浦安沖,2026-08-06,03,0.3,9.4,2.5,18,28.1,63
浦安沖,2026-08-06,06,0.3,9.5,2.2,4,28.0,3
浦安沖,2026-08-06,09,0.3,9.8,1.7,27,28.1,3
浦安沖,2026-08-06,12,0.3,9.9,1.3,159,28.5,1
浦安沖,2026-08-06,15,0.3,9.9,2.9,173,28.9,51
浦安沖,2026-08-06,18,0.3,9.7,3.5,135,28.8,0
浦安沖,2026-08-06,21,0.3,9.2,2.9,156,28.5,0
屏風ヶ浦の陰,2026-08-06,00,0.2,8.7,2.9,44,28.8,3
屏風ヶ浦の陰,2026-08-06,03,0.2,8.8,2.5,27,28.7,51
屏風ヶ浦の陰,2026-08-06,06,0.2,9.1,1.9,12,28.7,3
屏風ヶ浦の陰,2026-08-06,09,0.2,9.3,2.0,7,28.7,51
屏風ヶ浦の陰,2026-08-06,12,0.2,9.7,2.6,108,29.1,51
屏風ヶ浦の陰,2026-08-06,15,0.2,10.0,2.8,134,29.4,1
屏風ヶ浦の陰,2026-08-06,18,0.2,9.8,3.1,141,29.3,0
屏風ヶ浦の陰,2026-08-06,21,0.2,9.4,2.6,147,29.0,0
犬吠南沖,2026-08-06,00,2.6,10.0,4.2,36,24.4,3
犬吠南沖,2026-08-06,03,2.6,10.1,3.0,22,24.5,51
犬吠南沖,2026-08-06,06,2.5,9.9,2.2,24,24.6,1
犬吠南沖,2026-08-06,09,2.4,9.9,2.5,64,24.9,51
犬吠南沖,2026-08-06,12,2.6,10.2,3.6,109,25.5,51
犬吠南沖,2026-08-06,15,2.6,10.2,3.6,133,26.0,0
犬吠南沖,2026-08-06,18,2.7,10.2,3.3,149,25.9,0
犬吠南沖,2026-08-06,21,2.5,9.7,4.2,162,25.5,0
亀城根,2026-08-06,00,2.6,10.0,4.2,36,24.4,3
亀城根,2026-08-06,03,2.6,10.1,3.0,22,24.5,51
亀城根,2026-08-06,06,2.5,9.9,2.2,24,24.6,1
亀城根,2026-08-06,09,2.4,9.9,2.5,64,24.9,51
亀城根,2026-08-06,12,2.6,10.2,3.6,109,25.5,51
亀城根,2026-08-06,15,2.6,10.2,3.6,133,26.0,0
亀城根,2026-08-06,18,2.7,10.2,3.3,149,25.9,0
亀城根,2026-08-06,21,2.5,9.7,4.2,162,25.5,0
外川沖,2026-08-06,00,2.2,9.9,4.2,36,24.8,3
外川沖,2026-08-06,03,2.2,9.9,3.0,22,24.8,51
外川沖,2026-08-06,06,2.2,9.8,2.2,24,24.8,1
外川沖,2026-08-06,09,2.1,9.8,2.5,64,25.0,51
外川沖,2026-08-06,12,2.2,10.1,3.6,109,25.5,51
外川沖,2026-08-06,15,2.3,10.2,3.6,133,25.9,0
外川沖,2026-08-06,18,2.3,10.2,3.3,149,25.8,0
外川沖,2026-08-06,21,2.2,9.7,4.2,162,25.5,0
犬吠沖,2026-08-06,00,2.2,9.9,4.2,36,24.8,3
犬吠沖,2026-08-06,03,2.2,9.9,3.0,22,24.8,51
犬吠沖,2026-08-06,06,2.2,9.8,2.2,24,24.8,1
犬吠沖,2026-08-06,09,2.1,9.8,2.5,64,25.0,51
犬吠沖,2026-08-06,12,2.2,10.1,3.6,109,25.5,51
犬吠沖,2026-08-06,15,2.3,10.2,3.6,133,25.9,0
犬吠沖,2026-08-06,18,2.3,10.2,3.3,149,25.8,0
犬吠沖,2026-08-06,21,2.2,9.7,4.2,162,25.5,0
飯岡沖,2026-08-06,00,1.8,9.9,4.2,36,25.6,3
飯岡沖,2026-08-06,03,1.8,9.9,3.0,22,25.6,51
飯岡沖,2026-08-06,06,1.7,9.7,2.2,24,25.6,1
飯岡沖,2026-08-06,09,1.7,9.7,2.5,64,25.7,51
飯岡沖,2026-08-06,12,1.8,9.9,3.6,109,26.1,51
飯岡沖,2026-08-06,15,1.8,10.1,3.6,133,26.4,0
飯岡沖,2026-08-06,18,1.8,10.1,3.3,149,26.3,0
飯岡沖,2026-08-06,21,1.7,9.5,4.2,162,26.0,0
真沖,2026-08-06,00,1.8,9.9,4.2,36,25.6,3
真沖,2026-08-06,03,1.8,9.9,3.0,22,25.6,51
真沖,2026-08-06,06,1.7,9.7,2.2,24,25.6,1
真沖,2026-08-06,09,1.7,9.7,2.5,64,25.7,51
真沖,2026-08-06,12,1.8,9.9,3.6,109,26.1,51
真沖,2026-08-06,15,1.8,10.1,3.6,133,26.4,0
真沖,2026-08-06,18,1.8,10.1,3.3,149,26.3,0
真沖,2026-08-06,21,1.7,9.5,4.2,162,26.0,0
波崎沖,2026-08-06,00,2.2,9.9,4.2,36,24.8,3
波崎沖,2026-08-06,03,2.2,9.9,3.0,22,24.8,51
波崎沖,2026-08-06,06,2.2,9.8,2.2,24,24.8,1
波崎沖,2026-08-06,09,2.1,9.8,2.5,64,25.0,51
波崎沖,2026-08-06,12,2.2,10.1,3.6,109,25.5,51
波崎沖,2026-08-06,15,2.3,10.2,3.6,133,25.9,0
波崎沖,2026-08-06,18,2.3,10.2,3.3,149,25.8,0
波崎沖,2026-08-06,21,2.2,9.7,4.2,162,25.5,0
川前大根,2026-08-06,00,1.8,9.9,4.2,36,25.6,3
川前大根,2026-08-06,03,1.8,9.9,3.0,22,25.6,51
川前大根,2026-08-06,06,1.7,9.7,2.2,24,25.6,1
川前大根,2026-08-06,09,1.7,9.7,2.5,64,25.7,51
川前大根,2026-08-06,12,1.8,9.9,3.6,109,26.1,51
川前大根,2026-08-06,15,1.8,10.1,3.6,133,26.4,0
川前大根,2026-08-06,18,1.8,10.1,3.3,149,26.3,0
川前大根,2026-08-06,21,1.7,9.5,4.2,162,26.0,0
鹿島南沖,2026-08-06,00,1.7,9.3,3.7,36,24.5,3
鹿島南沖,2026-08-06,03,1.7,9.3,2.8,21,24.4,51
鹿島南沖,2026-08-06,06,1.6,9.2,2.0,36,24.5,1
鹿島南沖,2026-08-06,09,1.5,9.0,2.5,60,24.7,51
鹿島南沖,2026-08-06,12,1.5,9.2,3.4,107,25.1,53
鹿島南沖,2026-08-06,15,1.5,9.4,3.5,133,25.5,0
鹿島南沖,2026-08-06,18,1.5,9.4,3.0,150,25.4,0
鹿島南沖,2026-08-06,21,1.4,9.1,3.3,159,25.2,0
神栖沖,2026-08-06,00,1.7,9.3,3.7,36,24.5,3
神栖沖,2026-08-06,03,1.7,9.3,2.8,21,24.5,51
神栖沖,2026-08-06,06,1.6,9.2,2.0,36,24.5,1
神栖沖,2026-08-06,09,1.5,9.0,2.5,60,24.7,51
神栖沖,2026-08-06,12,1.5,9.2,3.4,107,25.2,53
神栖沖,2026-08-06,15,1.5,9.4,3.5,133,25.6,0
神栖沖,2026-08-06,18,1.5,9.4,3.0,150,25.4,0
神栖沖,2026-08-06,21,1.4,9.1,3.3,159,25.1,0
鹿島沖,2026-08-06,00,1.7,9.3,4.2,34,25.2,3
鹿島沖,2026-08-06,03,1.7,9.3,3.1,29,25.2,51
鹿島沖,2026-08-06,06,1.6,9.2,2.0,42,25.2,3
鹿島沖,2026-08-06,09,1.5,9.0,2.7,38,25.4,2
鹿島沖,2026-08-06,12,1.5,9.2,2.8,68,25.9,51
鹿島沖,2026-08-06,15,1.5,9.4,3.3,103,26.2,1
鹿島沖,2026-08-06,18,1.5,9.4,3.5,152,26.1,0
鹿島沖,2026-08-06,21,1.4,9.1,3.0,154,25.9,0
鹿島真沖,2026-08-06,00,1.7,9.3,3.8,33,24.5,3
鹿島真沖,2026-08-06,03,1.7,9.3,2.9,20,24.4,51
鹿島真沖,2026-08-06,06,1.6,9.2,1.8,40,24.5,3
鹿島真沖,2026-08-06,09,1.5,9.0,2.6,43,24.7,2
鹿島真沖,2026-08-06,12,1.5,9.2,2.8,86,25.1,51
鹿島真沖,2026-08-06,15,1.5,9.4,3.2,119,25.5,0
鹿島真沖,2026-08-06,18,1.5,9.4,3.2,153,25.4,0
鹿島真沖,2026-08-06,21,1.4,9.1,3.1,156,25.2,0
鹿島魚礁,2026-08-06,00,1.9,9.4,6.3,37,24.1,1
鹿島魚礁,2026-08-06,03,1.9,9.4,4.3,27,24.1,51
鹿島魚礁,2026-08-06,06,1.9,9.3,2.7,52,24.2,1
鹿島魚礁,2026-08-06,09,1.7,9.2,2.7,27,24.4,3
鹿島魚礁,2026-08-06,12,1.8,9.3,2.9,73,24.9,3
鹿島魚礁,2026-08-06,15,1.8,9.6,4.1,119,25.3,0
鹿島魚礁,2026-08-06,18,1.8,9.6,4.9,152,25.2,0
鹿島魚礁,2026-08-06,21,1.7,9.2,5.0,158,25.0,0
鹿島北沖,2026-08-06,00,1.7,9.2,4.2,34,25.2,3
鹿島北沖,2026-08-06,03,1.7,9.3,3.1,29,25.2,51
鹿島北沖,2026-08-06,06,1.7,9.2,2.0,42,25.2,3
鹿島北沖,2026-08-06,09,1.5,9.0,2.7,38,25.4,2
鹿島北沖,2026-08-06,12,1.5,9.2,2.8,68,25.9,51
鹿島北沖,2026-08-06,15,1.5,9.3,3.3,103,26.2,1
鹿島北沖,2026-08-06,18,1.5,9.4,3.5,152,26.1,0
鹿島北沖,2026-08-06,21,1.5,9.0,3.0,154,25.9,0
北沖30,2026-08-06,00,1.9,9.9,3.9,43,24.0,3
北沖30,2026-08-06,03,1.9,9.9,1.8,33,24.0,3
北沖30,2026-08-06,06,1.8,9.7,1.7,14,24.1,3
北沖30,2026-08-06,09,1.7,9.5,2.1,54,24.3,3
北沖30,2026-08-06,12,1.7,9.6,3.0,110,24.8,1
北沖30,2026-08-06,15,1.7,9.7,3.5,123,25.2,0
北沖30,2026-08-06,18,1.7,9.8,3.4,143,25.1,0
北沖30,2026-08-06,21,1.6,9.3,2.9,152,24.8,0
大洗沖,2026-08-06,00,1.9,9.9,3.1,44,24.7,3
大洗沖,2026-08-06,03,1.9,9.9,1.9,34,24.7,51
大洗沖,2026-08-06,06,1.8,9.7,1.5,15,24.8,3
大洗沖,2026-08-06,09,1.7,9.5,1.7,57,24.9,3
大洗沖,2026-08-06,12,1.7,9.6,2.9,111,25.3,2
大洗沖,2026-08-06,15,1.7,9.7,3.2,130,25.7,0
大洗沖,2026-08-06,18,1.7,9.8,2.9,127,25.6,0
大洗沖,2026-08-06,21,1.6,9.3,2.4,149,25.4,0
青山沖,2026-08-06,00,2.0,10.1,3.9,43,24.1,3
青山沖,2026-08-06,03,1.9,10.0,1.8,33,24.1,3
青山沖,2026-08-06,06,1.9,9.8,1.7,14,24.1,3
青山沖,2026-08-06,09,1.7,9.6,2.1,54,24.3,3
青山沖,2026-08-06,12,1.7,9.7,3.0,110,24.8,1
青山沖,2026-08-06,15,1.7,9.8,3.5,123,25.3,0
青山沖,2026-08-06,18,1.7,9.8,3.4,143,25.1,0
青山沖,2026-08-06,21,1.6,9.4,2.9,152,24.8,0
日立沖,2026-08-06,00,2.1,10.3,3.5,25,24.2,1
日立沖,2026-08-06,03,2.1,10.2,1.8,22,24.2,3
日立沖,2026-08-06,06,2.0,9.8,1.8,16,24.3,3
日立沖,2026-08-06,09,1.8,9.7,1.7,73,24.4,51
日立沖,2026-08-06,12,1.8,9.8,3.0,130,25.0,3
日立沖,2026-08-06,15,1.8,9.9,2.8,150,25.4,1
日立沖,2026-08-06,18,1.9,10.0,1.9,185,25.3,0
日立沖,2026-08-06,21,1.8,9.6,2.1,173,25.0,1
銭洲沖,2026-08-07,00,3.4,9.5,8.7,128,28.2,0
銭洲沖,2026-08-07,03,3.2,9.3,7.9,128,28.2,0
銭洲沖,2026-08-07,06,3.4,9.8,7.5,120,28.2,0
銭洲沖,2026-08-07,09,3.3,10.0,6.1,108,28.2,0
銭洲沖,2026-08-07,12,3.1,9.8,6.0,112,28.3,0
銭洲沖,2026-08-07,15,2.9,9.7,5.7,124,28.5,51
銭洲沖,2026-08-07,18,2.7,9.6,6.8,118,28.4,0
銭洲沖,2026-08-07,21,2.7,9.6,5.6,103,28.4,0
イナンバ,2026-08-07,00,2.7,9.9,8.9,117,27.9,51
イナンバ,2026-08-07,03,2.6,9.8,7.0,125,27.9,2
イナンバ,2026-08-07,06,2.8,10.1,6.5,107,27.9,51
イナンバ,2026-08-07,09,2.9,10.2,5.1,119,28.0,51
イナンバ,2026-08-07,12,2.8,10.2,5.2,128,28.4,0
イナンバ,2026-08-07,15,2.7,10.0,5.5,132,28.7,3
イナンバ,2026-08-07,18,2.6,9.8,6.2,132,28.7,51
イナンバ,2026-08-07,21,2.5,9.8,4.7,117,28.7,2
石花海,2026-08-07,00,3.3,10.0,8.2,112,28.4,51
石花海,2026-08-07,03,3.2,9.9,7.1,101,29.0,51
石花海,2026-08-07,06,3.2,10.1,6.9,109,29.2,51
石花海,2026-08-07,09,3.2,10.1,6.5,87,29.1,51
石花海,2026-08-07,12,3.1,10.1,5.4,103,29.3,0
石花海,2026-08-07,15,3.0,9.8,5.7,134,29.4,0
石花海,2026-08-07,18,2.7,9.7,5.1,121,29.3,1
石花海,2026-08-07,21,2.5,9.6,4.3,112,29.2,0
神津島,2026-08-07,00,2.6,9.9,8.3,107,26.7,51
神津島,2026-08-07,03,2.6,9.9,6.2,119,26.7,51
神津島,2026-08-07,06,2.8,10.2,6.3,111,26.7,51
神津島,2026-08-07,09,2.9,10.2,3.5,107,26.8,53
神津島,2026-08-07,12,2.9,10.2,4.8,121,27.0,0
神津島,2026-08-07,15,2.8,9.9,5.4,135,27.3,3
神津島,2026-08-07,18,2.6,9.7,5.6,130,27.3,1
神津島,2026-08-07,21,2.5,9.7,4.2,126,27.2,51
金洲沖,2026-08-07,00,2.8,10.1,7.5,103,26.6,0
金洲沖,2026-08-07,03,2.8,10.1,6.0,97,26.6,61
金洲沖,2026-08-07,06,2.9,10.4,5.2,94,26.6,53
金洲沖,2026-08-07,09,2.9,10.2,5.7,76,26.7,51
金洲沖,2026-08-07,12,2.8,10.3,5.2,82,27.0,0
金洲沖,2026-08-07,15,2.7,10.1,5.1,135,27.3,3
金洲沖,2026-08-07,18,2.5,9.8,4.5,123,27.2,1
金洲沖,2026-08-07,21,2.4,9.7,3.8,123,27.1,0
新島沖,2026-08-07,00,2.1,9.4,7.3,106,26.9,51
新島沖,2026-08-07,03,2.1,9.4,5.2,113,26.7,53
新島沖,2026-08-07,06,2.3,9.9,6.2,116,26.6,0
新島沖,2026-08-07,09,2.3,9.8,3.2,63,26.6,51
新島沖,2026-08-07,12,2.3,9.8,4.1,122,27.0,0
新島沖,2026-08-07,15,2.3,9.7,5.0,137,27.3,2
新島沖,2026-08-07,18,2.2,9.5,5.0,133,27.4,1
新島沖,2026-08-07,21,2.1,9.4,3.6,134,27.3,0
金州,2026-08-07,00,2.0,8.9,6.4,109,26.4,51
金州,2026-08-07,03,2.0,9.2,5.0,117,26.5,61
金州,2026-08-07,06,2.3,9.6,5.2,128,26.8,51
金州,2026-08-07,09,2.2,9.6,3.7,44,27.1,1
金州,2026-08-07,12,2.2,9.7,2.8,105,27.5,0
金州,2026-08-07,15,2.1,9.6,4.8,136,27.8,1
金州,2026-08-07,18,2.1,9.3,4.8,141,27.7,1
金州,2026-08-07,21,2.0,9.2,3.5,146,27.4,0
白河沖,2026-08-07,00,2.9,10.1,5.4,80,27.0,0
白河沖,2026-08-07,03,2.8,10.1,6.1,98,27.0,51
白河沖,2026-08-07,06,2.9,10.2,5.6,83,27.1,1
白河沖,2026-08-07,09,2.7,10.1,4.8,82,27.1,0
白河沖,2026-08-07,12,2.7,10.1,4.4,108,27.3,0
白河沖,2026-08-07,15,2.6,10.0,4.9,140,27.5,1
白河沖,2026-08-07,18,2.5,9.8,2.8,117,27.5,0
白河沖,2026-08-07,21,2.3,9.6,2.2,99,27.4,0
御前崎沖,2026-08-07,00,2.9,10.1,5.4,80,27.3,0
御前崎沖,2026-08-07,03,2.8,10.1,6.1,98,27.3,51
御前崎沖,2026-08-07,06,2.9,10.2,5.6,83,27.4,1
御前崎沖,2026-08-07,09,2.7,10.1,4.8,82,27.5,0
御前崎沖,2026-08-07,12,2.7,10.1,4.4,108,27.7,0
御前崎沖,2026-08-07,15,2.6,10.0,4.9,140,27.9,1
御前崎沖,2026-08-07,18,2.5,9.8,2.8,117,27.9,0
御前崎沖,2026-08-07,21,2.3,9.6,2.2,99,27.8,0
八方便,2026-08-07,00,2.9,10.1,5.4,80,27.0,0
八方便,2026-08-07,03,2.8,10.1,6.1,98,27.0,51
八方便,2026-08-07,06,2.9,10.2,5.6,83,27.1,1
八方便,2026-08-07,09,2.7,10.1,4.8,82,27.1,0
八方便,2026-08-07,12,2.7,10.1,4.4,108,27.3,0
八方便,2026-08-07,15,2.6,10.0,4.9,140,27.5,1
八方便,2026-08-07,18,2.5,9.8,2.8,117,27.5,0
八方便,2026-08-07,21,2.3,9.6,2.2,99,27.4,0
神子元沖,2026-08-07,00,2.4,10.1,3.3,50,27.5,1
神子元沖,2026-08-07,03,2.6,10.1,3.3,38,27.5,55
神子元沖,2026-08-07,06,2.7,10.4,3.4,53,27.5,51
神子元沖,2026-08-07,09,2.7,10.3,3.0,103,27.6,0
神子元沖,2026-08-07,12,2.6,10.3,3.1,108,28.0,1
神子元沖,2026-08-07,15,2.5,10.2,3.0,121,28.4,2
神子元沖,2026-08-07,18,2.4,9.9,1.9,100,28.3,1
神子元沖,2026-08-07,21,2.3,9.7,1.0,35,28.1,0
大東沖,2026-08-07,00,2.8,10.2,4.3,84,27.7,0
大東沖,2026-08-07,03,2.7,10.2,5.0,97,27.7,51
大東沖,2026-08-07,06,2.7,10.2,4.3,85,27.7,51
大東沖,2026-08-07,09,2.6,10.2,4.3,97,27.7,51
大東沖,2026-08-07,12,2.6,10.2,4.2,129,27.9,0
大東沖,2026-08-07,15,2.6,10.1,4.7,146,28.0,1
大東沖,2026-08-07,18,2.4,9.8,2.7,118,27.9,0
大東沖,2026-08-07,21,2.3,9.7,2.0,94,27.8,0
石廊崎沖,2026-08-07,00,2.6,10.2,2.7,72,27.4,0
石廊崎沖,2026-08-07,03,2.7,10.2,3.3,88,27.4,51
石廊崎沖,2026-08-07,06,2.8,10.4,3.3,94,27.5,51
石廊崎沖,2026-08-07,09,2.7,10.3,3.0,132,27.7,0
石廊崎沖,2026-08-07,12,2.7,10.3,2.9,143,28.0,51
石廊崎沖,2026-08-07,15,2.6,10.2,3.8,146,28.3,2
石廊崎沖,2026-08-07,18,2.4,9.8,2.4,121,28.1,51
石廊崎沖,2026-08-07,21,2.3,9.6,1.8,95,27.8,0
福田沖,2026-08-07,00,2.8,10.2,4.2,81,27.7,0
福田沖,2026-08-07,03,2.7,10.1,4.9,96,27.7,1
福田沖,2026-08-07,06,2.7,10.2,4.0,81,27.7,51
福田沖,2026-08-07,09,2.6,10.2,4.3,98,27.7,51
福田沖,2026-08-07,12,2.6,10.2,4.4,129,27.9,0
福田沖,2026-08-07,15,2.6,10.1,4.6,150,28.0,1
福田沖,2026-08-07,18,2.5,9.8,2.8,125,27.9,0
福田沖,2026-08-07,21,2.3,9.7,2.0,100,27.9,0
浜岡沖,2026-08-07,00,2.7,10.2,5.4,80,27.9,0
浜岡沖,2026-08-07,03,2.7,10.2,6.1,98,27.8,51
浜岡沖,2026-08-07,06,2.7,10.4,5.6,83,27.8,1
浜岡沖,2026-08-07,09,2.6,10.2,4.8,82,27.8,0
浜岡沖,2026-08-07,12,2.6,10.3,4.4,108,28.0,0
浜岡沖,2026-08-07,15,2.5,10.2,4.9,140,28.2,1
浜岡沖,2026-08-07,18,2.4,9.8,2.8,117,28.1,0
浜岡沖,2026-08-07,21,2.2,9.7,2.2,99,27.9,0
下田南沖,2026-08-07,00,2.4,10.1,3.3,50,27.5,1
下田南沖,2026-08-07,03,2.6,10.1,3.3,38,27.5,55
下田南沖,2026-08-07,06,2.7,10.4,3.4,53,27.5,51
下田南沖,2026-08-07,09,2.7,10.3,3.0,103,27.6,0
下田南沖,2026-08-07,12,2.6,10.3,3.1,108,28.0,1
下田南沖,2026-08-07,15,2.5,10.2,3.0,121,28.4,2
下田南沖,2026-08-07,18,2.4,9.9,1.9,100,28.3,1
下田南沖,2026-08-07,21,2.3,9.7,1.0,35,28.1,0
下田沖,2026-08-07,00,2.4,10.1,3.3,50,27.5,1
下田沖,2026-08-07,03,2.6,10.1,3.3,38,27.5,55
下田沖,2026-08-07,06,2.7,10.4,3.4,53,27.5,51
下田沖,2026-08-07,09,2.7,10.3,3.0,103,27.6,0
下田沖,2026-08-07,12,2.6,10.3,3.1,108,28.0,1
下田沖,2026-08-07,15,2.5,10.2,3.0,121,28.4,2
下田沖,2026-08-07,18,2.4,9.9,1.9,100,28.3,1
下田沖,2026-08-07,21,2.3,9.7,1.0,35,28.1,0
相良沖,2026-08-07,00,2.7,10.2,5.4,80,28.1,0
相良沖,2026-08-07,03,2.7,10.2,6.1,98,28.0,51
相良沖,2026-08-07,06,2.7,10.3,5.6,83,28.0,1
相良沖,2026-08-07,09,2.6,10.2,4.8,82,28.0,0
相良沖,2026-08-07,12,2.5,10.2,4.4,108,28.2,0
相良沖,2026-08-07,15,2.5,10.1,4.9,140,28.4,1
相良沖,2026-08-07,18,2.3,9.8,2.8,117,28.3,0
相良沖,2026-08-07,21,2.2,9.7,2.2,99,28.1,0
天竜沖,2026-08-07,00,2.1,9.6,3.1,79,27.7,0
天竜沖,2026-08-07,03,2.0,9.5,3.4,95,27.7,1
天竜沖,2026-08-07,06,2.1,9.8,2.9,86,27.7,51
天竜沖,2026-08-07,09,2.0,9.5,3.4,104,27.7,51
天竜沖,2026-08-07,12,2.0,9.6,3.6,133,27.9,0
天竜沖,2026-08-07,15,2.0,9.4,4.1,160,28.0,51
天竜沖,2026-08-07,18,1.9,9.2,2.5,132,27.9,1
天竜沖,2026-08-07,21,1.8,9.1,1.7,107,27.9,0
波勝崎沖,2026-08-07,00,2.3,10.6,3.3,50,27.8,1
波勝崎沖,2026-08-07,03,2.4,10.6,3.3,38,27.8,55
波勝崎沖,2026-08-07,06,2.5,10.8,3.4,53,27.8,51
波勝崎沖,2026-08-07,09,2.4,10.6,3.0,103,28.0,0
波勝崎沖,2026-08-07,12,2.4,10.6,3.1,108,28.5,1
波勝崎沖,2026-08-07,15,2.3,10.3,3.0,121,29.0,2
波勝崎沖,2026-08-07,18,2.2,10.1,1.9,100,28.9,1
波勝崎沖,2026-08-07,21,2.1,9.8,1.0,35,28.7,0
藤守前,2026-08-07,00,1.9,9.8,3.2,69,28.2,0
藤守前,2026-08-07,03,1.9,9.8,4.0,97,28.2,51
藤守前,2026-08-07,06,2.0,10.1,3.5,78,28.1,51
藤守前,2026-08-07,09,1.8,9.8,3.5,89,28.2,51
藤守前,2026-08-07,12,1.8,9.8,3.5,113,28.5,0
藤守前,2026-08-07,15,1.8,9.6,4.3,140,28.7,51
藤守前,2026-08-07,18,1.8,9.4,2.2,124,28.7,0
藤守前,2026-08-07,21,1.7,9.2,1.5,98,28.5,51
吉田沖,2026-08-07,00,1.9,9.8,3.2,69,28.2,0
吉田沖,2026-08-07,03,1.9,9.8,4.0,97,28.2,51
吉田沖,2026-08-07,06,2.0,10.1,3.5,78,28.1,51
吉田沖,2026-08-07,09,1.8,9.8,3.5,89,28.2,51
吉田沖,2026-08-07,12,1.8,9.8,3.5,113,28.5,0
吉田沖,2026-08-07,15,1.8,9.6,4.3,140,28.7,51
吉田沖,2026-08-07,18,1.8,9.4,2.2,124,28.7,0
吉田沖,2026-08-07,21,1.7,9.2,1.5,98,28.5,51
千貫門沖,2026-08-07,00,2.3,10.6,2.7,72,27.9,0
千貫門沖,2026-08-07,03,2.4,10.6,3.3,88,27.9,51
千貫門沖,2026-08-07,06,2.5,10.8,3.3,94,27.9,51
千貫門沖,2026-08-07,09,2.4,10.6,3.0,132,28.0,0
千貫門沖,2026-08-07,12,2.4,10.6,2.9,143,28.6,51
千貫門沖,2026-08-07,15,2.3,10.3,3.8,146,29.1,2
千貫門沖,2026-08-07,18,2.2,10.1,2.4,121,29.0,51
千貫門沖,2026-08-07,21,2.1,9.8,1.8,95,28.7,0
豊浜沖,2026-08-07,00,2.2,10.8,2.7,72,28.1,0
豊浜沖,2026-08-07,03,2.3,10.7,3.3,88,28.1,51
豊浜沖,2026-08-07,06,2.4,10.9,3.3,94,28.1,51
豊浜沖,2026-08-07,09,2.3,10.6,3.0,132,28.3,0
豊浜沖,2026-08-07,12,2.3,10.7,2.9,143,28.8,51
豊浜沖,2026-08-07,15,2.3,10.4,3.8,146,29.2,2
豊浜沖,2026-08-07,18,2.1,10.1,2.4,121,29.0,51
豊浜沖,2026-08-07,21,2.0,9.8,1.8,95,28.7,0
松崎沖,2026-08-07,00,2.3,10.6,2.7,72,27.9,0
松崎沖,2026-08-07,03,2.4,10.6,3.3,88,27.9,51
松崎沖,2026-08-07,06,2.5,10.8,3.3,94,27.9,51
松崎沖,2026-08-07,09,2.4,10.6,3.0,132,28.0,0
松崎沖,2026-08-07,12,2.4,10.6,2.9,143,28.6,51
松崎沖,2026-08-07,15,2.3,10.3,3.8,146,29.1,2
松崎沖,2026-08-07,18,2.2,10.1,2.4,121,29.0,51
松崎沖,2026-08-07,21,2.1,9.8,1.8,95,28.7,0
西伊豆沖,2026-08-07,00,2.2,10.8,1.1,82,27.9,3
西伊豆沖,2026-08-07,03,2.3,10.7,1.8,107,27.9,1
西伊豆沖,2026-08-07,06,2.4,10.9,1.0,73,27.9,1
西伊豆沖,2026-08-07,09,2.3,10.6,0.3,252,28.0,3
西伊豆沖,2026-08-07,12,2.3,10.7,0.3,301,28.6,51
西伊豆沖,2026-08-07,15,2.3,10.4,2.6,161,29.1,51
西伊豆沖,2026-08-07,18,2.1,10.1,0.8,165,29.0,1
西伊豆沖,2026-08-07,21,2.0,9.8,1.1,87,28.7,1
大井川沖,2026-08-07,00,2.3,10.1,2.5,41,28.4,0
大井川沖,2026-08-07,03,2.3,10.1,3.3,102,28.4,1
大井川沖,2026-08-07,06,2.4,10.2,2.4,63,28.4,0
大井川沖,2026-08-07,09,2.2,9.9,3.0,96,28.4,0
大井川沖,2026-08-07,12,2.1,9.9,3.0,127,28.7,0
大井川沖,2026-08-07,15,2.1,9.8,4.1,145,29.0,0
大井川沖,2026-08-07,18,2.0,9.5,2.0,129,28.9,0
大井川沖,2026-08-07,21,1.8,9.3,1.5,116,28.7,0
中瀬海岸,2026-08-07,00,2.3,10.1,2.5,41,28.4,0
中瀬海岸,2026-08-07,03,2.3,10.1,3.3,102,28.4,1
中瀬海岸,2026-08-07,06,2.4,10.2,2.4,63,28.4,0
中瀬海岸,2026-08-07,09,2.2,9.9,3.0,96,28.4,0
中瀬海岸,2026-08-07,12,2.1,9.9,3.0,127,28.7,0
中瀬海岸,2026-08-07,15,2.1,9.8,4.1,145,29.0,0
中瀬海岸,2026-08-07,18,2.0,9.5,2.0,129,28.9,0
中瀬海岸,2026-08-07,21,1.8,9.3,1.5,116,28.7,0
大井川港,2026-08-07,00,2.3,10.1,1.8,20,28.4,0
大井川港,2026-08-07,03,2.3,10.1,1.8,99,28.4,2
大井川港,2026-08-07,06,2.4,10.2,1.6,41,28.4,1
大井川港,2026-08-07,09,2.2,9.9,2.5,114,28.4,0
大井川港,2026-08-07,12,2.1,9.9,2.7,157,28.7,0
大井川港,2026-08-07,15,2.1,9.8,3.9,160,29.0,1
大井川港,2026-08-07,18,2.0,9.5,1.5,142,28.9,0
大井川港,2026-08-07,21,1.8,9.3,1.2,140,28.7,0
駿河湾,2026-08-07,00,2.0,10.9,1.4,75,28.3,2
駿河湾,2026-08-07,03,2.1,10.8,1.8,74,28.1,2
駿河湾,2026-08-07,06,2.3,11.2,2.0,83,28.1,1
駿河湾,2026-08-07,09,2.2,10.8,0.8,325,28.2,1
駿河湾,2026-08-07,12,2.1,10.8,1.5,288,28.7,63
駿河湾,2026-08-07,15,2.1,10.5,0.8,302,29.1,63
駿河湾,2026-08-07,18,2.0,10.2,1.3,358,28.9,53
駿河湾,2026-08-07,21,1.9,9.9,0.6,55,28.6,1
洲崎沖,2026-08-07,00,2.2,9.5,3.8,134,28.0,0
洲崎沖,2026-08-07,03,2.2,9.6,3.1,124,27.8,53
洲崎沖,2026-08-07,06,2.3,9.9,2.9,137,27.8,51
洲崎沖,2026-08-07,09,2.3,9.9,1.7,116,27.9,0
洲崎沖,2026-08-07,12,2.2,9.9,3.5,168,28.2,51
洲崎沖,2026-08-07,15,2.2,9.7,3.9,161,28.5,51
洲崎沖,2026-08-07,18,2.1,9.5,3.7,167,28.2,51
洲崎沖,2026-08-07,21,2.0,9.3,2.8,178,27.9,1
沖ノ瀬,2026-08-07,00,2.1,9.5,4.1,132,26.8,0
沖ノ瀬,2026-08-07,03,2.1,9.5,3.2,143,26.9,51
沖ノ瀬,2026-08-07,06,2.2,9.7,1.0,62,27.0,51
沖ノ瀬,2026-08-07,09,2.2,9.9,2.1,91,27.1,1
沖ノ瀬,2026-08-07,12,2.2,9.8,2.5,148,27.6,0
沖ノ瀬,2026-08-07,15,2.1,9.6,5.8,165,27.9,1
沖ノ瀬,2026-08-07,18,2.1,9.4,4.2,175,27.9,51
沖ノ瀬,2026-08-07,21,2.0,9.2,3.6,195,27.8,51
平砂浦沖,2026-08-07,00,2.2,9.2,3.8,134,28.3,0
平砂浦沖,2026-08-07,03,2.2,9.3,3.1,124,28.2,53
平砂浦沖,2026-08-07,06,2.3,9.6,2.9,137,28.2,51
平砂浦沖,2026-08-07,09,2.3,9.7,1.7,116,28.3,0
平砂浦沖,2026-08-07,12,2.2,9.7,3.5,168,28.7,51
平砂浦沖,2026-08-07,15,2.2,9.6,3.9,161,28.9,51
平砂浦沖,2026-08-07,18,2.1,9.3,3.7,167,28.7,51
平砂浦沖,2026-08-07,21,2.0,9.2,2.8,178,28.4,1
館山沖,2026-08-07,00,2.2,9.4,3.8,134,28.2,0
館山沖,2026-08-07,03,2.2,9.5,3.1,124,28.1,53
館山沖,2026-08-07,06,2.3,9.8,2.9,137,28.1,51
館山沖,2026-08-07,09,2.3,9.8,1.7,116,28.2,0
館山沖,2026-08-07,12,2.2,9.8,3.5,168,28.5,51
館山沖,2026-08-07,15,2.2,9.7,3.9,161,28.8,51
館山沖,2026-08-07,18,2.1,9.4,3.7,167,28.6,51
館山沖,2026-08-07,21,2.0,9.3,2.8,178,28.3,1
久能沖,2026-08-07,00,2.2,10.5,2.0,9,28.4,0
久能沖,2026-08-07,03,2.2,10.4,2.2,4,28.3,0
久能沖,2026-08-07,06,2.3,10.6,2.1,28,28.3,0
久能沖,2026-08-07,09,2.2,10.3,2.1,98,28.4,51
久能沖,2026-08-07,12,2.1,10.2,3.2,150,28.8,51
久能沖,2026-08-07,15,2.1,10.0,4.0,184,29.1,55
久能沖,2026-08-07,18,1.9,9.7,1.9,192,29.0,0
久能沖,2026-08-07,21,1.8,9.4,1.0,221,28.8,0
富浦沖,2026-08-07,00,2.2,9.6,3.8,134,27.4,0
富浦沖,2026-08-07,03,2.2,9.6,3.1,124,27.3,53
富浦沖,2026-08-07,06,2.3,9.8,2.9,137,27.3,51
富浦沖,2026-08-07,09,2.3,9.9,1.7,116,27.5,0
富浦沖,2026-08-07,12,2.3,9.9,3.5,168,27.8,51
富浦沖,2026-08-07,15,2.3,9.7,3.9,161,28.1,51
富浦沖,2026-08-07,18,2.2,9.4,3.7,167,27.9,51
富浦沖,2026-08-07,21,2.1,9.2,2.8,178,27.7,1
折戸沖,2026-08-07,00,2.2,10.5,2.0,9,28.4,0
折戸沖,2026-08-07,03,2.2,10.4,2.2,4,28.3,0
折戸沖,2026-08-07,06,2.3,10.6,2.1,28,28.3,0
折戸沖,2026-08-07,09,2.2,10.3,2.1,98,28.4,51
折戸沖,2026-08-07,12,2.1,10.2,3.2,150,28.8,51
折戸沖,2026-08-07,15,2.1,10.0,4.0,184,29.1,55
折戸沖,2026-08-07,18,1.9,9.7,1.9,192,29.0,0
折戸沖,2026-08-07,21,1.8,9.4,1.0,221,28.8,0
貯木場,2026-08-07,00,2.0,10.8,2.0,9,28.4,0
貯木場,2026-08-07,03,2.1,10.8,2.2,4,28.3,0
貯木場,2026-08-07,06,2.2,11.1,2.1,28,28.3,0
貯木場,2026-08-07,09,2.1,10.7,2.1,98,28.4,51
貯木場,2026-08-07,12,2.1,10.7,3.2,150,28.8,51
貯木場,2026-08-07,15,2.0,10.4,4.0,184,29.1,55
貯木場,2026-08-07,18,1.9,10.1,1.9,192,29.0,0
貯木場,2026-08-07,21,1.8,9.8,1.0,221,28.8,0
折戸,2026-08-07,00,2.0,10.8,2.0,9,28.2,0
折戸,2026-08-07,03,2.1,10.8,2.2,4,28.0,0
折戸,2026-08-07,06,2.2,11.1,2.1,28,28.0,0
折戸,2026-08-07,09,2.1,10.7,2.1,98,28.1,51
折戸,2026-08-07,12,2.1,10.7,3.2,150,28.5,51
折戸,2026-08-07,15,2.0,10.4,4.0,184,28.9,55
折戸,2026-08-07,18,1.9,10.1,1.9,192,28.9,0
折戸,2026-08-07,21,1.8,9.8,1.0,221,28.7,0
清水沖,2026-08-07,00,2.0,10.8,2.0,9,28.2,0
清水沖,2026-08-07,03,2.1,10.8,2.2,4,28.0,0
清水沖,2026-08-07,06,2.2,11.1,2.1,28,28.0,0
清水沖,2026-08-07,09,2.1,10.7,2.1,98,28.1,51
清水沖,2026-08-07,12,2.1,10.7,3.2,150,28.5,51
清水沖,2026-08-07,15,2.0,10.4,4.0,184,28.9,55
清水沖,2026-08-07,18,1.9,10.1,1.9,192,28.9,0
清水沖,2026-08-07,21,1.8,9.8,1.0,221,28.7,0
岩井富浦沖,2026-08-07,00,1.8,9.6,3.8,134,27.9,0
岩井富浦沖,2026-08-07,03,1.8,9.7,3.1,124,27.8,53
岩井富浦沖,2026-08-07,06,1.9,10.0,2.9,137,27.8,51
岩井富浦沖,2026-08-07,09,1.9,9.9,1.7,116,28.0,0
岩井富浦沖,2026-08-07,12,1.9,9.9,3.5,168,28.4,51
岩井富浦沖,2026-08-07,15,1.9,9.8,3.9,161,28.7,51
岩井富浦沖,2026-08-07,18,1.8,9.6,3.7,167,28.6,51
岩井富浦沖,2026-08-07,21,1.7,9.3,2.8,178,28.3,1
北防,2026-08-07,00,2.0,10.8,2.0,9,28.4,0
北防,2026-08-07,03,2.1,10.8,2.2,4,28.3,0
北防,2026-08-07,06,2.2,11.1,2.1,28,28.3,0
北防,2026-08-07,09,2.1,10.7,2.1,98,28.4,51
北防,2026-08-07,12,2.1,10.7,3.2,150,28.8,51
北防,2026-08-07,15,2.0,10.4,4.0,184,29.1,55
北防,2026-08-07,18,1.9,10.1,1.9,192,29.0,0
北防,2026-08-07,21,1.8,9.8,1.0,221,28.8,0
一文字堤,2026-08-07,00,2.0,10.8,2.0,9,28.2,0
一文字堤,2026-08-07,03,2.1,10.8,2.2,4,28.0,0
一文字堤,2026-08-07,06,2.2,11.1,2.1,28,28.0,0
一文字堤,2026-08-07,09,2.1,10.7,2.1,98,28.1,51
一文字堤,2026-08-07,12,2.1,10.7,3.2,150,28.5,51
一文字堤,2026-08-07,15,2.0,10.4,4.0,184,28.9,55
一文字堤,2026-08-07,18,1.9,10.1,1.9,192,28.9,0
一文字堤,2026-08-07,21,1.8,9.8,1.0,221,28.7,0
西浦沖,2026-08-07,00,1.6,10.8,1.6,78,27.7,0
西浦沖,2026-08-07,03,1.7,10.8,1.9,70,27.6,1
西浦沖,2026-08-07,06,1.9,11.2,2.1,91,27.7,1
西浦沖,2026-08-07,09,1.8,10.8,1.1,111,27.9,0
西浦沖,2026-08-07,12,1.8,10.7,1.7,254,28.3,51
西浦沖,2026-08-07,15,1.8,10.6,0.8,273,28.6,63
西浦沖,2026-08-07,18,1.7,10.2,1.2,355,28.5,51
西浦沖,2026-08-07,21,1.6,9.9,0.2,117,28.3,0
高新田前,2026-08-07,00,2.0,10.8,2.0,9,28.2,0
高新田前,2026-08-07,03,2.1,10.8,2.2,4,28.0,0
高新田前,2026-08-07,06,2.2,11.1,2.1,28,28.0,0
高新田前,2026-08-07,09,2.1,10.7,2.1,98,28.1,51
高新田前,2026-08-07,12,2.1,10.7,3.2,150,28.5,51
高新田前,2026-08-07,15,2.0,10.4,4.0,184,28.9,55
高新田前,2026-08-07,18,1.9,10.1,1.9,192,28.9,0
高新田前,2026-08-07,21,1.8,9.8,1.0,221,28.7,0
三保沖,2026-08-07,00,2.0,10.8,1.9,326,27.9,0
三保沖,2026-08-07,03,2.1,10.8,1.8,338,27.8,0
三保沖,2026-08-07,06,2.2,11.1,1.3,344,27.8,0
三保沖,2026-08-07,09,2.1,10.7,1.4,94,27.9,0
三保沖,2026-08-07,12,2.1,10.7,3.3,143,28.3,51
三保沖,2026-08-07,15,2.0,10.4,3.8,176,28.5,51
三保沖,2026-08-07,18,1.9,10.1,1.2,197,28.4,51
三保沖,2026-08-07,21,1.8,9.8,0.4,236,28.2,1
三保取入口,2026-08-07,00,2.0,10.8,1.9,326,27.9,0
三保取入口,2026-08-07,03,2.1,10.8,1.8,338,27.8,0
三保取入口,2026-08-07,06,2.2,11.1,1.3,344,27.8,0
三保取入口,2026-08-07,09,2.1,10.7,1.4,94,27.9,0
三保取入口,2026-08-07,12,2.1,10.7,3.3,143,28.3,51
三保取入口,2026-08-07,15,2.0,10.4,3.8,176,28.5,51
三保取入口,2026-08-07,18,1.9,10.1,1.2,197,28.4,51
三保取入口,2026-08-07,21,1.8,9.8,0.4,236,28.2,1
静浦沖,2026-08-07,00,1.6,10.8,1.9,40,27.7,0
静浦沖,2026-08-07,03,1.7,10.8,2.1,72,27.6,1
静浦沖,2026-08-07,06,1.9,11.2,2.0,73,27.7,1
静浦沖,2026-08-07,09,1.8,10.8,1.3,157,27.9,51
静浦沖,2026-08-07,12,1.8,10.7,2.7,222,28.3,51
静浦沖,2026-08-07,15,1.8,10.6,2.1,202,28.6,61
静浦沖,2026-08-07,18,1.7,10.2,0.5,294,28.5,1
静浦沖,2026-08-07,21,1.6,9.9,0.9,156,28.3,0
網代沖,2026-08-07,00,,,1.0,73,27.7,0
網代沖,2026-08-07,03,,,1.7,80,27.5,1
網代沖,2026-08-07,06,,,1.0,70,27.5,1
網代沖,2026-08-07,09,,,1.9,99,27.7,0
網代沖,2026-08-07,12,,,1.4,110,28.3,1
網代沖,2026-08-07,15,,,1.0,143,28.8,51
網代沖,2026-08-07,18,,,0.4,270,28.6,53
網代沖,2026-08-07,21,,,0.9,260,28.1,0
網代南沖,2026-08-07,00,1.7,9.3,0.7,42,27.7,0
網代南沖,2026-08-07,03,1.7,9.3,1.5,71,27.5,51
網代南沖,2026-08-07,06,1.8,9.7,1.2,7,27.5,0
網代南沖,2026-08-07,09,1.8,9.8,1.8,105,27.7,0
網代南沖,2026-08-07,12,1.8,9.7,2.6,118,28.3,51
網代南沖,2026-08-07,15,1.7,9.6,2.7,150,28.8,2
網代南沖,2026-08-07,18,1.7,9.3,1.1,207,28.6,51
網代南沖,2026-08-07,21,1.6,9.1,1.1,236,28.1,0
岩井沖,2026-08-07,00,1.8,9.6,3.8,134,27.9,0
岩井沖,2026-08-07,03,1.8,9.7,3.1,124,27.8,53
岩井沖,2026-08-07,06,1.9,10.0,2.9,137,27.8,51
岩井沖,2026-08-07,09,1.9,9.9,1.7,116,28.0,0
岩井沖,2026-08-07,12,1.9,9.9,3.5,168,28.4,51
岩井沖,2026-08-07,15,1.9,9.8,3.9,161,28.7,51
岩井沖,2026-08-07,18,1.8,9.6,3.7,167,28.6,51
岩井沖,2026-08-07,21,1.7,9.3,2.8,178,28.3,1
沼津沖,2026-08-07,00,1.6,10.8,1.6,78,27.7,0
沼津沖,2026-08-07,03,1.7,10.8,1.9,70,27.6,1
沼津沖,2026-08-07,06,1.9,11.2,2.1,91,27.7,1
沼津沖,2026-08-07,09,1.8,10.8,1.1,111,27.9,0
沼津沖,2026-08-07,12,1.8,10.7,1.7,254,28.3,51
沼津沖,2026-08-07,15,1.8,10.6,0.8,273,28.6,63
沼津沖,2026-08-07,18,1.7,10.2,1.2,355,28.5,51
沼津沖,2026-08-07,21,1.6,9.9,0.2,117,28.3,0
相模湾,2026-08-07,00,1.8,9.4,1.6,127,27.9,0
相模湾,2026-08-07,03,1.9,9.4,2.5,167,27.9,53
相模湾,2026-08-07,06,2.0,9.8,1.8,349,27.9,1
相模湾,2026-08-07,09,2.0,9.9,2.3,33,28.0,1
相模湾,2026-08-07,12,1.9,9.8,1.5,174,28.6,0
相模湾,2026-08-07,15,1.9,9.8,6.1,171,29.0,1
相模湾,2026-08-07,18,1.8,9.5,4.4,193,28.9,1
相模湾,2026-08-07,21,1.7,9.2,4.2,192,28.6,0
太海沖航程1時間30分,2026-08-07,00,2.2,9.2,3.0,136,28.0,0
太海沖航程1時間30分,2026-08-07,03,2.2,9.3,2.9,148,28.0,51
太海沖航程1時間30分,2026-08-07,06,2.3,9.6,2.4,129,28.0,1
太海沖航程1時間30分,2026-08-07,09,2.3,9.7,1.9,126,28.2,0
太海沖航程1時間30分,2026-08-07,12,2.2,9.7,3.6,158,28.5,53
太海沖航程1時間30分,2026-08-07,15,2.2,9.6,3.7,164,28.8,51
太海沖航程1時間30分,2026-08-07,18,2.1,9.3,3.1,167,28.6,51
太海沖航程1時間30分,2026-08-07,21,2.0,9.2,2.3,178,28.4,1
木負沖,2026-08-07,00,1.6,10.8,1.9,40,27.7,0
木負沖,2026-08-07,03,1.7,10.8,2.1,72,27.6,1
木負沖,2026-08-07,06,1.9,11.2,2.0,73,27.7,1
木負沖,2026-08-07,09,1.8,10.8,1.3,157,27.9,51
木負沖,2026-08-07,12,1.8,10.7,2.7,222,28.3,51
木負沖,2026-08-07,15,1.8,10.6,2.1,202,28.6,61
木負沖,2026-08-07,18,1.7,10.2,0.5,294,28.5,1
木負沖,2026-08-07,21,1.6,9.9,0.9,156,28.3,0
木負湾内,2026-08-07,00,1.6,10.8,1.9,40,27.7,0
木負湾内,2026-08-07,03,1.7,10.8,2.1,72,27.6,1
木負湾内,2026-08-07,06,1.9,11.2,2.0,73,27.7,1
木負湾内,2026-08-07,09,1.8,10.8,1.3,157,27.9,51
木負湾内,2026-08-07,12,1.8,10.7,2.7,222,28.3,51
木負湾内,2026-08-07,15,1.8,10.6,2.1,202,28.6,61
木負湾内,2026-08-07,18,1.7,10.2,0.5,294,28.5,1
木負湾内,2026-08-07,21,1.6,9.9,0.9,156,28.3,0
カメギ根,2026-08-07,00,2.0,9.6,2.7,139,27.2,0
カメギ根,2026-08-07,03,2.0,9.6,2.6,149,27.2,51
カメギ根,2026-08-07,06,2.1,9.8,1.2,351,27.3,1
カメギ根,2026-08-07,09,2.1,9.9,1.1,11,27.5,1
カメギ根,2026-08-07,12,2.0,9.9,2.6,147,28.0,0
カメギ根,2026-08-07,15,2.0,9.7,6.3,169,28.4,1
カメギ根,2026-08-07,18,1.9,9.4,4.8,184,28.4,1
カメギ根,2026-08-07,21,1.8,9.2,4.5,194,28.3,0
保田沖,2026-08-07,00,1.9,9.7,2.7,133,27.7,0
保田沖,2026-08-07,03,2.0,9.7,3.0,144,27.6,51
保田沖,2026-08-07,06,2.1,10.1,1.9,107,27.6,0
保田沖,2026-08-07,09,2.1,10.0,1.8,156,27.8,51
保田沖,2026-08-07,12,2.0,9.9,2.5,193,28.1,51
保田沖,2026-08-07,15,2.0,9.8,3.7,173,28.4,51
保田沖,2026-08-07,18,2.0,9.6,3.0,173,28.3,51
保田沖,2026-08-07,21,1.8,9.3,2.5,182,28.0,1
大沢沖前後,2026-08-07,00,2.4,9.4,3.2,142,28.0,51
大沢沖前後,2026-08-07,03,2.3,9.5,3.2,154,28.1,51
大沢沖前後,2026-08-07,06,2.4,9.7,2.5,145,28.2,1
大沢沖前後,2026-08-07,09,2.4,9.8,2.2,154,28.5,1
大沢沖前後,2026-08-07,12,2.3,9.8,3.8,160,28.9,51
大沢沖前後,2026-08-07,15,2.3,9.7,4.0,177,29.2,51
大沢沖前後,2026-08-07,18,2.2,9.5,3.3,173,29.1,51
大沢沖前後,2026-08-07,21,2.1,9.4,2.7,187,28.9,1
勝浦沖航程1時間30分,2026-08-07,00,2.6,9.3,3.1,153,28.0,0
勝浦沖航程1時間30分,2026-08-07,03,2.5,9.4,3.2,156,28.0,51
勝浦沖航程1時間30分,2026-08-07,06,2.6,9.5,2.1,147,28.1,0
勝浦沖航程1時間30分,2026-08-07,09,2.6,9.7,2.6,172,28.4,1
勝浦沖航程1時間30分,2026-08-07,12,2.5,9.7,3.9,166,28.8,53
勝浦沖航程1時間30分,2026-08-07,15,2.4,9.6,4.0,181,29.1,51
勝浦沖航程1時間30分,2026-08-07,18,2.3,9.5,3.4,173,29.1,1
勝浦沖航程1時間30分,2026-08-07,21,2.2,9.5,2.8,189,28.9,1
由比沖,2026-08-07,00,1.6,10.8,1.7,348,28.0,0
由比沖,2026-08-07,03,1.6,10.8,1.2,355,28.0,0
由比沖,2026-08-07,06,1.8,10.9,1.1,337,28.0,0
由比沖,2026-08-07,09,1.7,10.7,1.4,195,28.1,0
由比沖,2026-08-07,12,1.7,10.7,2.4,173,28.5,1
由比沖,2026-08-07,15,1.6,10.5,2.5,185,28.8,2
由比沖,2026-08-07,18,1.6,10.2,0.8,297,28.7,51
由比沖,2026-08-07,21,1.5,9.8,0.5,114,28.5,1
由比港周辺,2026-08-07,00,1.6,10.8,1.7,348,28.0,0
由比港周辺,2026-08-07,03,1.6,10.8,1.2,355,28.0,0
由比港周辺,2026-08-07,06,1.8,10.9,1.1,337,28.0,0
由比港周辺,2026-08-07,09,1.7,10.7,1.4,195,28.1,0
由比港周辺,2026-08-07,12,1.7,10.7,2.4,173,28.5,1
由比港周辺,2026-08-07,15,1.6,10.5,2.5,185,28.8,2
由比港周辺,2026-08-07,18,1.6,10.2,0.8,297,28.7,51
由比港周辺,2026-08-07,21,1.5,9.8,0.5,114,28.5,1
岩船沖,2026-08-07,00,2.2,9.2,2.6,140,28.0,0
岩船沖,2026-08-07,03,2.2,9.3,2.8,154,28.0,51
岩船沖,2026-08-07,06,2.3,9.6,2.3,135,28.0,1
岩船沖,2026-08-07,09,2.3,9.7,2.0,144,28.2,55
岩船沖,2026-08-07,12,2.2,9.7,3.6,153,28.5,51
岩船沖,2026-08-07,15,2.2,9.6,3.7,167,28.8,51
岩船沖,2026-08-07,18,2.1,9.3,2.9,168,28.6,51
岩船沖,2026-08-07,21,2.0,9.2,2.1,179,28.4,1
小湊沖,2026-08-07,00,2.1,9.3,3.2,142,27.9,51
小湊沖,2026-08-07,03,2.1,9.3,3.2,154,27.9,51
小湊沖,2026-08-07,06,2.2,9.6,2.5,145,27.9,1
小湊沖,2026-08-07,09,2.2,9.6,2.2,154,28.1,1
小湊沖,2026-08-07,12,2.1,9.5,3.8,160,28.5,51
小湊沖,2026-08-07,15,2.1,9.4,4.0,177,28.8,51
小湊沖,2026-08-07,18,2.0,9.3,3.3,173,28.7,51
小湊沖,2026-08-07,21,1.9,9.2,2.7,187,28.5,1
太海沖,2026-08-07,00,1.5,9.8,2.7,133,27.2,0
太海沖,2026-08-07,03,1.5,9.8,3.0,144,27.2,51
太海沖,2026-08-07,06,1.7,10.2,1.9,107,27.3,0
太海沖,2026-08-07,09,1.6,10.1,1.8,156,27.4,51
太海沖,2026-08-07,12,1.6,10.1,2.5,193,27.9,51
太海沖,2026-08-07,15,1.6,10.0,3.7,173,28.3,51
太海沖,2026-08-07,18,1.6,9.7,3.0,173,28.2,51
太海沖,2026-08-07,21,1.5,9.4,2.5,182,27.9,1
鴨川沖前後,2026-08-07,00,1.9,9.0,3.2,142,27.9,51
鴨川沖前後,2026-08-07,03,1.8,9.1,3.2,154,27.9,51
鴨川沖前後,2026-08-07,06,1.9,9.3,2.5,145,27.9,1
鴨川沖前後,2026-08-07,09,1.9,9.3,2.2,154,28.0,1
鴨川沖前後,2026-08-07,12,1.8,9.2,3.8,160,28.3,51
鴨川沖前後,2026-08-07,15,1.8,9.1,4.0,177,28.6,51
鴨川沖前後,2026-08-07,18,1.7,8.9,3.3,173,28.5,51
鴨川沖前後,2026-08-07,21,1.7,8.8,2.7,187,28.3,1
岩和田沖,2026-08-07,00,2.5,9.3,3.1,153,27.8,0
岩和田沖,2026-08-07,03,2.4,9.4,3.2,156,27.8,51
岩和田沖,2026-08-07,06,2.5,9.6,2.1,147,27.9,0
岩和田沖,2026-08-07,09,2.5,9.7,2.6,172,28.0,1
岩和田沖,2026-08-07,12,2.4,9.7,3.9,166,28.4,53
岩和田沖,2026-08-07,15,2.3,9.6,4.0,181,28.7,51
岩和田沖,2026-08-07,18,2.3,9.4,3.4,173,28.7,1
岩和田沖,2026-08-07,21,2.1,9.4,2.8,189,28.7,1
城ヶ島西沖,2026-08-07,00,1.8,9.6,2.7,139,27.6,0
城ヶ島西沖,2026-08-07,03,1.8,9.7,2.6,149,27.7,51
城ヶ島西沖,2026-08-07,06,2.0,9.9,1.2,351,27.9,1
城ヶ島西沖,2026-08-07,09,1.9,10.0,1.1,11,28.1,1
城ヶ島西沖,2026-08-07,12,1.9,9.9,2.6,147,28.6,0
城ヶ島西沖,2026-08-07,15,1.9,9.8,6.3,169,29.0,1
城ヶ島西沖,2026-08-07,18,1.8,9.5,4.8,184,28.9,1
城ヶ島西沖,2026-08-07,21,1.7,9.2,4.5,194,28.7,0
城ヶ島沖,2026-08-07,00,1.8,9.7,3.2,139,27.3,0
城ヶ島沖,2026-08-07,03,1.8,9.8,4.1,143,27.2,51
城ヶ島沖,2026-08-07,06,1.9,10.1,1.0,47,27.3,1
城ヶ島沖,2026-08-07,09,1.9,10.1,1.1,98,27.4,0
城ヶ島沖,2026-08-07,12,1.9,10.0,2.0,195,27.9,0
城ヶ島沖,2026-08-07,15,1.9,9.8,6.3,177,28.3,2
城ヶ島沖,2026-08-07,18,1.8,9.6,4.9,179,28.3,51
城ヶ島沖,2026-08-07,21,1.7,9.3,4.5,194,28.2,0
大貫沖～富浦沖,2026-08-07,00,1.5,9.8,2.7,133,27.7,0
大貫沖～富浦沖,2026-08-07,03,1.5,9.8,3.0,144,27.6,51
大貫沖～富浦沖,2026-08-07,06,1.7,10.2,1.9,107,27.6,0
大貫沖～富浦沖,2026-08-07,09,1.6,10.1,1.8,156,27.7,51
大貫沖～富浦沖,2026-08-07,12,1.6,10.1,2.5,193,28.2,51
大貫沖～富浦沖,2026-08-07,15,1.6,10.0,3.7,173,28.5,51
大貫沖～富浦沖,2026-08-07,18,1.6,9.7,3.0,173,28.4,51
大貫沖～富浦沖,2026-08-07,21,1.5,9.4,2.5,182,28.1,1
御宿沖,2026-08-07,00,2.5,9.3,3.1,153,27.8,0
御宿沖,2026-08-07,03,2.4,9.4,3.2,156,27.8,51
御宿沖,2026-08-07,06,2.5,9.6,2.1,147,27.9,0
御宿沖,2026-08-07,09,2.5,9.7,2.6,172,28.0,1
御宿沖,2026-08-07,12,2.4,9.7,3.9,166,28.4,53
御宿沖,2026-08-07,15,2.3,9.6,4.0,181,28.7,51
御宿沖,2026-08-07,18,2.3,9.4,3.4,173,28.7,1
御宿沖,2026-08-07,21,2.1,9.4,2.8,189,28.7,1
興津港沖,2026-08-07,00,2.5,9.3,3.1,153,27.8,0
興津港沖,2026-08-07,03,2.4,9.4,3.2,156,27.8,51
興津港沖,2026-08-07,06,2.5,9.6,2.1,147,27.9,0
興津港沖,2026-08-07,09,2.5,9.7,2.6,172,28.0,1
興津港沖,2026-08-07,12,2.4,9.7,3.9,166,28.4,53
興津港沖,2026-08-07,15,2.3,9.6,4.0,181,28.7,51
興津港沖,2026-08-07,18,2.3,9.4,3.4,173,28.7,1
興津港沖,2026-08-07,21,2.1,9.4,2.8,189,28.7,1
烏帽子沖,2026-08-07,00,1.8,9.7,3.2,139,27.3,0
烏帽子沖,2026-08-07,03,1.8,9.8,4.1,143,27.2,51
烏帽子沖,2026-08-07,06,1.9,10.1,1.0,47,27.3,1
烏帽子沖,2026-08-07,09,1.9,10.1,1.1,98,27.4,0
烏帽子沖,2026-08-07,12,1.9,10.0,2.0,195,27.9,0
烏帽子沖,2026-08-07,15,1.9,9.8,6.3,177,28.3,2
烏帽子沖,2026-08-07,18,1.8,9.6,4.9,179,28.3,51
烏帽子沖,2026-08-07,21,1.7,9.3,4.5,194,28.2,0
諸磯沖,2026-08-07,00,1.8,9.7,3.2,139,27.3,0
諸磯沖,2026-08-07,03,1.8,9.8,4.1,143,27.2,51
諸磯沖,2026-08-07,06,1.9,10.1,1.0,47,27.3,1
諸磯沖,2026-08-07,09,1.9,10.1,1.1,98,27.4,0
諸磯沖,2026-08-07,12,1.9,10.0,2.0,195,27.9,0
諸磯沖,2026-08-07,15,1.9,9.8,6.3,177,28.3,2
諸磯沖,2026-08-07,18,1.8,9.6,4.9,179,28.3,51
諸磯沖,2026-08-07,21,1.7,9.3,4.5,194,28.2,0
剣崎沖,2026-08-07,00,1.8,9.7,3.2,139,27.3,0
剣崎沖,2026-08-07,03,1.8,9.8,4.1,143,27.2,51
剣崎沖,2026-08-07,06,1.9,10.1,1.0,47,27.3,1
剣崎沖,2026-08-07,09,1.9,10.1,1.1,98,27.4,0
剣崎沖,2026-08-07,12,1.9,10.0,2.0,195,27.9,0
剣崎沖,2026-08-07,15,1.9,9.8,6.3,177,28.3,2
剣崎沖,2026-08-07,18,1.8,9.6,4.9,179,28.3,51
剣崎沖,2026-08-07,21,1.7,9.3,4.5,194,28.2,0
勝浦灯台沖航程20分,2026-08-07,00,2.3,9.4,3.1,153,27.9,0
勝浦灯台沖航程20分,2026-08-07,03,2.3,9.4,3.2,156,27.9,51
勝浦灯台沖航程20分,2026-08-07,06,2.4,9.7,2.1,147,27.9,0
勝浦灯台沖航程20分,2026-08-07,09,2.4,9.8,2.6,172,28.1,1
勝浦灯台沖航程20分,2026-08-07,12,2.3,9.7,3.9,166,28.6,53
勝浦灯台沖航程20分,2026-08-07,15,2.2,9.6,4.0,181,29.0,51
勝浦灯台沖航程20分,2026-08-07,18,2.1,9.4,3.4,173,28.9,1
勝浦灯台沖航程20分,2026-08-07,21,2.0,9.3,2.8,189,28.7,1
勝浦沖航程30分,2026-08-07,00,2.5,9.3,3.1,153,27.8,0
勝浦沖航程30分,2026-08-07,03,2.4,9.4,3.2,156,27.8,51
勝浦沖航程30分,2026-08-07,06,2.5,9.6,2.1,147,27.9,0
勝浦沖航程30分,2026-08-07,09,2.5,9.7,2.6,172,28.0,1
勝浦沖航程30分,2026-08-07,12,2.4,9.7,3.9,166,28.4,53
勝浦沖航程30分,2026-08-07,15,2.3,9.6,4.0,181,28.7,51
勝浦沖航程30分,2026-08-07,18,2.3,9.4,3.4,173,28.7,1
勝浦沖航程30分,2026-08-07,21,2.1,9.4,2.8,189,28.7,1
田子の浦沖,2026-08-07,00,1.6,10.8,1.7,348,28.0,0
田子の浦沖,2026-08-07,03,1.6,10.8,1.2,355,28.0,0
田子の浦沖,2026-08-07,06,1.8,10.9,1.1,337,28.0,0
田子の浦沖,2026-08-07,09,1.7,10.7,1.4,195,28.1,0
田子の浦沖,2026-08-07,12,1.7,10.7,2.4,173,28.5,1
田子の浦沖,2026-08-07,15,1.6,10.5,2.5,185,28.8,2
田子の浦沖,2026-08-07,18,1.6,10.2,0.8,297,28.7,51
田子の浦沖,2026-08-07,21,1.5,9.8,0.5,114,28.5,1
富士川沖,2026-08-07,00,1.6,10.8,1.7,348,27.6,0
富士川沖,2026-08-07,03,1.6,10.8,1.2,355,27.6,0
富士川沖,2026-08-07,06,1.8,10.9,1.1,337,27.7,0
富士川沖,2026-08-07,09,1.7,10.7,1.4,195,27.9,0
富士川沖,2026-08-07,12,1.7,10.7,2.4,173,28.3,1
富士川沖,2026-08-07,15,1.6,10.5,2.5,185,28.6,2
富士川沖,2026-08-07,18,1.6,10.2,0.8,297,28.6,51
富士川沖,2026-08-07,21,1.5,9.8,0.5,114,28.4,1
かんねこ,2026-08-07,00,1.5,9.8,2.7,133,27.2,0
かんねこ,2026-08-07,03,1.5,9.8,3.0,144,27.2,51
かんねこ,2026-08-07,06,1.7,10.2,1.9,107,27.3,0
かんねこ,2026-08-07,09,1.6,10.1,1.8,156,27.4,51
かんねこ,2026-08-07,12,1.6,10.1,2.5,193,27.9,51
かんねこ,2026-08-07,15,1.6,10.0,3.7,173,28.3,51
かんねこ,2026-08-07,18,1.6,9.7,3.0,173,28.2,51
かんねこ,2026-08-07,21,1.5,9.4,2.5,182,27.9,1
海中公園沖,2026-08-07,00,2.5,9.3,3.1,153,27.8,0
海中公園沖,2026-08-07,03,2.4,9.4,3.2,156,27.8,51
海中公園沖,2026-08-07,06,2.5,9.6,2.1,147,27.9,0
海中公園沖,2026-08-07,09,2.5,9.7,2.6,172,28.0,1
海中公園沖,2026-08-07,12,2.4,9.7,3.9,166,28.4,53
海中公園沖,2026-08-07,15,2.3,9.6,4.0,181,28.7,51
海中公園沖,2026-08-07,18,2.3,9.4,3.4,173,28.7,1
海中公園沖,2026-08-07,21,2.1,9.4,2.8,189,28.7,1
真鶴西沖,2026-08-07,00,1.6,9.2,0.5,331,28.1,51
真鶴西沖,2026-08-07,03,1.6,9.2,1.2,38,27.9,51
真鶴西沖,2026-08-07,06,1.7,9.5,1.4,332,27.9,0
真鶴西沖,2026-08-07,09,1.7,9.6,1.9,110,28.0,0
真鶴西沖,2026-08-07,12,1.6,9.6,2.6,137,28.5,0
真鶴西沖,2026-08-07,15,1.6,9.4,3.4,158,28.9,1
真鶴西沖,2026-08-07,18,1.5,9.2,1.7,187,28.7,0
真鶴西沖,2026-08-07,21,1.4,8.9,1.6,203,28.4,0
真鶴沖,2026-08-07,00,1.6,9.2,0.5,331,28.1,51
真鶴沖,2026-08-07,03,1.6,9.2,1.2,38,27.9,51
真鶴沖,2026-08-07,06,1.7,9.5,1.4,332,27.9,0
真鶴沖,2026-08-07,09,1.7,9.6,1.9,110,28.0,0
真鶴沖,2026-08-07,12,1.6,9.6,2.6,137,28.5,0
真鶴沖,2026-08-07,15,1.6,9.4,3.4,158,28.9,1
真鶴沖,2026-08-07,18,1.5,9.2,1.7,187,28.7,0
真鶴沖,2026-08-07,21,1.4,8.9,1.6,203,28.4,0
勝浦灯台沖,2026-08-07,00,2.3,9.4,3.1,153,27.9,0
勝浦灯台沖,2026-08-07,03,2.3,9.4,3.2,156,27.9,51
勝浦灯台沖,2026-08-07,06,2.4,9.7,2.1,147,27.9,0
勝浦灯台沖,2026-08-07,09,2.4,9.8,2.6,172,28.1,1
勝浦灯台沖,2026-08-07,12,2.3,9.7,3.9,166,28.6,53
勝浦灯台沖,2026-08-07,15,2.2,9.6,4.0,181,29.0,51
勝浦灯台沖,2026-08-07,18,2.1,9.4,3.4,173,28.9,1
勝浦灯台沖,2026-08-07,21,2.0,9.3,2.8,189,28.7,1
勝浦沖,2026-08-07,00,2.3,9.4,3.1,153,27.9,0
勝浦沖,2026-08-07,03,2.3,9.4,3.2,156,27.9,51
勝浦沖,2026-08-07,06,2.4,9.7,2.1,147,27.9,0
勝浦沖,2026-08-07,09,2.4,9.8,2.6,172,28.1,1
勝浦沖,2026-08-07,12,2.3,9.7,3.9,166,28.6,53
勝浦沖,2026-08-07,15,2.2,9.6,4.0,181,29.0,51
勝浦沖,2026-08-07,18,2.1,9.4,3.4,173,28.9,1
勝浦沖,2026-08-07,21,2.0,9.3,2.8,189,28.7,1
富士山根,2026-08-07,00,1.6,9.7,2.3,152,28.3,0
富士山根,2026-08-07,03,1.6,9.8,1.7,152,28.3,0
富士山根,2026-08-07,06,1.7,10.1,0.6,228,28.4,0
富士山根,2026-08-07,09,1.7,10.1,1.3,162,28.6,0
富士山根,2026-08-07,12,1.7,10.1,3.2,191,28.9,0
富士山根,2026-08-07,15,1.7,9.8,5.4,182,29.2,0
富士山根,2026-08-07,18,1.6,9.6,4.1,187,29.1,0
富士山根,2026-08-07,21,1.6,9.2,3.7,193,28.9,0
川津沖,2026-08-07,00,2.2,9.1,3.1,160,27.8,0
川津沖,2026-08-07,03,2.2,9.1,3.0,160,27.8,1
川津沖,2026-08-07,06,2.2,9.2,1.8,154,27.9,0
川津沖,2026-08-07,09,2.2,9.4,2.7,164,28.0,1
川津沖,2026-08-07,12,2.1,9.2,4.2,161,28.4,51
川津沖,2026-08-07,15,2.1,9.1,4.3,178,28.7,51
川津沖,2026-08-07,18,2.0,9.0,3.7,173,28.7,1
川津沖,2026-08-07,21,1.9,8.9,2.7,186,28.7,1
下浦沖,2026-08-07,00,1.3,9.7,2.3,152,27.8,0
下浦沖,2026-08-07,03,1.4,9.8,1.7,152,27.6,0
下浦沖,2026-08-07,06,1.5,10.2,0.6,228,27.6,0
下浦沖,2026-08-07,09,1.4,10.0,1.3,162,27.7,0
下浦沖,2026-08-07,12,1.4,10.0,3.2,191,28.1,0
下浦沖,2026-08-07,15,1.4,9.8,5.4,182,28.4,0
下浦沖,2026-08-07,18,1.4,9.5,4.1,187,28.3,0
下浦沖,2026-08-07,21,1.3,9.2,3.7,193,28.2,0
興津沖,2026-08-07,00,2.2,9.1,3.1,160,27.8,0
興津沖,2026-08-07,03,2.2,9.1,3.0,160,27.8,1
興津沖,2026-08-07,06,2.2,9.2,1.8,154,27.9,0
興津沖,2026-08-07,09,2.2,9.4,2.7,164,28.0,1
興津沖,2026-08-07,12,2.1,9.2,4.2,161,28.4,51
興津沖,2026-08-07,15,2.1,9.1,4.3,178,28.7,51
興津沖,2026-08-07,18,2.0,9.0,3.7,173,28.7,1
興津沖,2026-08-07,21,1.9,8.9,2.7,186,28.7,1
長井西沖,2026-08-07,00,1.6,9.7,2.3,152,28.3,0
長井西沖,2026-08-07,03,1.6,9.8,1.7,152,28.3,0
長井西沖,2026-08-07,06,1.7,10.1,0.6,228,28.4,0
長井西沖,2026-08-07,09,1.7,10.1,1.3,162,28.6,0
長井西沖,2026-08-07,12,1.7,10.1,3.2,191,28.9,0
長井西沖,2026-08-07,15,1.7,9.8,5.4,182,29.2,0
長井西沖,2026-08-07,18,1.6,9.6,4.1,187,29.1,0
長井西沖,2026-08-07,21,1.6,9.2,3.7,193,28.9,0
長井沖,2026-08-07,00,1.4,9.6,2.3,152,27.7,0
長井沖,2026-08-07,03,1.5,9.7,1.7,152,27.6,0
長井沖,2026-08-07,06,1.6,10.1,0.6,228,27.6,0
長井沖,2026-08-07,09,1.5,10.0,1.3,162,27.7,0
長井沖,2026-08-07,12,1.5,9.9,3.2,191,28.2,0
長井沖,2026-08-07,15,1.5,9.8,5.4,182,28.6,0
長井沖,2026-08-07,18,1.5,9.4,4.1,187,28.6,0
長井沖,2026-08-07,21,1.4,9.2,3.7,193,28.5,0
三戸浜沖,2026-08-07,00,1.4,9.6,2.3,152,27.7,0
三戸浜沖,2026-08-07,03,1.5,9.7,1.7,152,27.6,0
三戸浜沖,2026-08-07,06,1.6,10.1,0.6,228,27.6,0
三戸浜沖,2026-08-07,09,1.5,10.0,1.3,162,27.7,0
三戸浜沖,2026-08-07,12,1.5,9.9,3.2,191,28.2,0
三戸浜沖,2026-08-07,15,1.5,9.8,5.4,182,28.6,0
三戸浜沖,2026-08-07,18,1.5,9.4,4.1,187,28.6,0
三戸浜沖,2026-08-07,21,1.4,9.2,3.7,193,28.5,0
金谷沖,2026-08-07,00,1.2,9.7,2.3,152,27.7,0
金谷沖,2026-08-07,03,1.2,9.9,1.7,152,27.6,0
金谷沖,2026-08-07,06,1.3,10.2,0.6,228,27.6,0
金谷沖,2026-08-07,09,1.3,10.1,1.3,162,27.7,0
金谷沖,2026-08-07,12,1.3,10.1,3.2,191,28.2,0
金谷沖,2026-08-07,15,1.3,10.0,5.4,182,28.6,0
金谷沖,2026-08-07,18,1.3,9.7,4.1,187,28.5,0
金谷沖,2026-08-07,21,1.2,9.4,3.7,193,28.2,0
佐島沖,2026-08-07,00,1.4,9.6,2.3,152,27.7,0
佐島沖,2026-08-07,03,1.5,9.7,1.7,152,27.6,0
佐島沖,2026-08-07,06,1.6,10.1,0.6,228,27.6,0
佐島沖,2026-08-07,09,1.5,10.0,1.3,162,27.7,0
佐島沖,2026-08-07,12,1.5,9.9,3.2,191,28.2,0
佐島沖,2026-08-07,15,1.5,9.8,5.4,182,28.6,0
佐島沖,2026-08-07,18,1.5,9.4,4.1,187,28.6,0
佐島沖,2026-08-07,21,1.4,9.2,3.7,193,28.5,0
小田原南沖,2026-08-07,00,1.5,9.3,0.5,331,28.0,51
小田原南沖,2026-08-07,03,1.5,9.3,1.2,38,27.8,51
小田原南沖,2026-08-07,06,1.6,9.7,1.4,332,27.8,0
小田原南沖,2026-08-07,09,1.6,9.6,1.9,110,27.9,0
小田原南沖,2026-08-07,12,1.5,9.5,2.6,137,28.4,0
小田原南沖,2026-08-07,15,1.5,9.4,3.4,158,28.9,1
小田原南沖,2026-08-07,18,1.4,9.1,1.7,187,28.7,0
小田原南沖,2026-08-07,21,1.3,8.9,1.6,203,28.3,0
瀬の海,2026-08-07,00,1.6,9.5,1.1,278,28.4,51
瀬の海,2026-08-07,03,1.6,9.6,0.2,34,28.2,51
瀬の海,2026-08-07,06,1.7,9.8,0.8,270,28.2,1
瀬の海,2026-08-07,09,1.7,9.8,2.0,176,28.3,1
瀬の海,2026-08-07,12,1.7,9.7,3.5,189,28.6,0
瀬の海,2026-08-07,15,1.6,9.6,4.4,186,28.9,1
瀬の海,2026-08-07,18,1.6,9.3,3.7,198,28.8,0
瀬の海,2026-08-07,21,1.5,9.1,3.3,184,28.5,0
秋谷沖,2026-08-07,00,1.6,9.7,2.3,152,28.3,0
秋谷沖,2026-08-07,03,1.6,9.8,1.7,152,28.3,0
秋谷沖,2026-08-07,06,1.7,10.1,0.6,228,28.4,0
秋谷沖,2026-08-07,09,1.7,10.1,1.3,162,28.6,0
秋谷沖,2026-08-07,12,1.7,10.1,3.2,191,28.9,0
秋谷沖,2026-08-07,15,1.7,9.8,5.4,182,29.2,0
秋谷沖,2026-08-07,18,1.6,9.6,4.1,187,29.1,0
秋谷沖,2026-08-07,21,1.6,9.2,3.7,193,28.9,0
竹岡沖,2026-08-07,00,1.2,9.7,2.1,152,27.7,0
竹岡沖,2026-08-07,03,1.2,9.9,1.9,149,27.6,0
竹岡沖,2026-08-07,06,1.3,10.2,1.1,172,27.6,0
竹岡沖,2026-08-07,09,1.3,10.1,0.4,304,27.7,51
竹岡沖,2026-08-07,12,1.3,10.1,3.4,211,28.2,51
竹岡沖,2026-08-07,15,1.3,10.0,4.7,190,28.6,51
竹岡沖,2026-08-07,18,1.3,9.7,3.8,194,28.5,1
竹岡沖,2026-08-07,21,1.2,9.4,3.5,196,28.2,1
部原沖,2026-08-07,00,2.3,9.4,3.1,153,27.9,0
部原沖,2026-08-07,03,2.3,9.4,3.2,156,27.9,51
部原沖,2026-08-07,06,2.4,9.7,2.1,147,27.9,0
部原沖,2026-08-07,09,2.4,9.8,2.6,172,28.1,1
部原沖,2026-08-07,12,2.3,9.7,3.9,166,28.6,53
部原沖,2026-08-07,15,2.2,9.6,4.0,181,29.0,51
部原沖,2026-08-07,18,2.1,9.4,3.4,173,28.9,1
部原沖,2026-08-07,21,2.0,9.3,2.8,189,28.7,1
小田原西沖,2026-08-07,00,1.5,9.3,0.5,331,28.0,51
小田原西沖,2026-08-07,03,1.5,9.3,1.2,38,27.8,51
小田原西沖,2026-08-07,06,1.6,9.7,1.4,332,27.8,0
小田原西沖,2026-08-07,09,1.6,9.6,1.9,110,27.9,0
小田原西沖,2026-08-07,12,1.5,9.5,2.6,137,28.4,0
小田原西沖,2026-08-07,15,1.5,9.4,3.4,158,28.9,1
小田原西沖,2026-08-07,18,1.4,9.1,1.7,187,28.7,0
小田原西沖,2026-08-07,21,1.3,8.9,1.6,203,28.3,0
小田原沖,2026-08-07,00,1.5,9.3,0.5,331,28.0,51
小田原沖,2026-08-07,03,1.5,9.3,1.2,38,27.8,51
小田原沖,2026-08-07,06,1.6,9.7,1.4,332,27.8,0
小田原沖,2026-08-07,09,1.6,9.6,1.9,110,27.9,0
小田原沖,2026-08-07,12,1.5,9.5,2.6,137,28.4,0
小田原沖,2026-08-07,15,1.5,9.4,3.4,158,28.9,1
小田原沖,2026-08-07,18,1.4,9.1,1.7,187,28.7,0
小田原沖,2026-08-07,21,1.3,8.9,1.6,203,28.3,0
小田原東沖,2026-08-07,00,1.5,9.3,0.5,331,28.0,51
小田原東沖,2026-08-07,03,1.5,9.3,1.2,38,27.8,51
小田原東沖,2026-08-07,06,1.6,9.7,1.4,332,27.8,0
小田原東沖,2026-08-07,09,1.6,9.6,1.9,110,27.9,0
小田原東沖,2026-08-07,12,1.5,9.5,2.6,137,28.4,0
小田原東沖,2026-08-07,15,1.5,9.4,3.4,158,28.9,1
小田原東沖,2026-08-07,18,1.4,9.1,1.7,187,28.7,0
小田原東沖,2026-08-07,21,1.3,8.9,1.6,203,28.3,0
久里浜沖,2026-08-07,00,1.3,9.7,2.3,152,27.8,0
久里浜沖,2026-08-07,03,1.4,9.8,1.7,152,27.6,0
久里浜沖,2026-08-07,06,1.5,10.2,0.6,228,27.6,0
久里浜沖,2026-08-07,09,1.4,10.0,1.3,162,27.7,0
久里浜沖,2026-08-07,12,1.4,10.0,3.2,191,28.1,0
久里浜沖,2026-08-07,15,1.4,9.8,5.4,182,28.4,0
久里浜沖,2026-08-07,18,1.4,9.5,4.1,187,28.3,0
久里浜沖,2026-08-07,21,1.3,9.2,3.7,193,28.2,0
国府津沖,2026-08-07,00,1.5,9.3,0.8,284,28.0,51
国府津沖,2026-08-07,03,1.5,9.3,0.5,333,27.8,51
国府津沖,2026-08-07,06,1.6,9.7,1.1,288,27.8,1
国府津沖,2026-08-07,09,1.6,9.6,2.0,137,27.9,0
国府津沖,2026-08-07,12,1.5,9.5,3.0,171,28.4,0
国府津沖,2026-08-07,15,1.5,9.4,3.9,176,28.9,0
国府津沖,2026-08-07,18,1.4,9.1,2.8,188,28.7,0
国府津沖,2026-08-07,21,1.3,8.9,1.7,183,28.3,0
葉山南沖,2026-08-07,00,1.3,9.8,2.3,152,28.8,0
葉山南沖,2026-08-07,03,1.3,9.9,1.7,152,28.7,0
葉山南沖,2026-08-07,06,1.4,10.2,0.6,228,28.7,0
葉山南沖,2026-08-07,09,1.4,10.2,1.3,162,28.8,0
葉山南沖,2026-08-07,12,1.4,10.1,3.2,191,29.2,0
葉山南沖,2026-08-07,15,1.4,10.0,5.4,182,29.6,0
葉山南沖,2026-08-07,18,1.3,9.6,4.1,187,29.5,0
葉山南沖,2026-08-07,21,1.3,9.3,3.7,193,29.2,0
エボシ沖,2026-08-07,00,1.3,9.8,2.3,152,28.8,0
エボシ沖,2026-08-07,03,1.3,9.9,1.7,152,28.7,0
エボシ沖,2026-08-07,06,1.4,10.2,0.6,228,28.7,0
エボシ沖,2026-08-07,09,1.4,10.2,1.3,162,28.8,0
エボシ沖,2026-08-07,12,1.4,10.1,3.2,191,29.2,0
エボシ沖,2026-08-07,15,1.4,10.0,5.4,182,29.6,0
エボシ沖,2026-08-07,18,1.3,9.6,4.1,187,29.5,0
エボシ沖,2026-08-07,21,1.3,9.3,3.7,193,29.2,0
観音崎沖ｍ,2026-08-07,00,0.9,9.5,2.3,152,27.6,0
観音崎沖ｍ,2026-08-07,03,0.9,9.7,1.7,152,27.4,0
観音崎沖ｍ,2026-08-07,06,1.0,10.1,0.6,228,27.4,0
観音崎沖ｍ,2026-08-07,09,1.0,9.8,1.3,162,27.5,0
観音崎沖ｍ,2026-08-07,12,1.0,9.8,3.2,191,27.9,0
観音崎沖ｍ,2026-08-07,15,1.0,9.6,5.4,182,28.2,0
観音崎沖ｍ,2026-08-07,18,1.0,9.2,4.1,187,28.1,0
観音崎沖ｍ,2026-08-07,21,0.9,8.9,3.7,193,27.9,0
浦賀沖,2026-08-07,00,0.9,9.5,2.3,152,27.6,0
浦賀沖,2026-08-07,03,0.9,9.7,1.7,152,27.4,0
浦賀沖,2026-08-07,06,1.0,10.1,0.6,228,27.4,0
浦賀沖,2026-08-07,09,1.0,9.8,1.3,162,27.5,0
浦賀沖,2026-08-07,12,1.0,9.8,3.2,191,27.9,0
浦賀沖,2026-08-07,15,1.0,9.6,5.4,182,28.2,0
浦賀沖,2026-08-07,18,1.0,9.2,4.1,187,28.1,0
浦賀沖,2026-08-07,21,0.9,8.9,3.7,193,27.9,0
鎌倉沖,2026-08-07,00,1.3,9.8,0.7,261,28.8,51
鎌倉沖,2026-08-07,03,1.3,9.9,0.3,45,28.7,1
鎌倉沖,2026-08-07,06,1.4,10.2,0.9,267,28.7,0
鎌倉沖,2026-08-07,09,1.4,10.2,1.9,194,28.8,0
鎌倉沖,2026-08-07,12,1.4,10.1,3.2,185,29.2,0
鎌倉沖,2026-08-07,15,1.4,10.0,4.2,180,29.6,0
鎌倉沖,2026-08-07,18,1.3,9.6,3.2,197,29.5,0
鎌倉沖,2026-08-07,21,1.3,9.3,3.0,181,29.2,0
葉山沖,2026-08-07,00,1.3,9.8,1.6,171,28.8,0
葉山沖,2026-08-07,03,1.3,9.9,0.9,180,28.7,1
葉山沖,2026-08-07,06,1.4,10.2,1.1,242,28.7,0
葉山沖,2026-08-07,09,1.4,10.2,1.8,147,28.8,51
葉山沖,2026-08-07,12,1.4,10.1,3.7,175,29.2,0
葉山沖,2026-08-07,15,1.4,10.0,4.8,178,29.6,0
葉山沖,2026-08-07,18,1.3,9.6,3.6,189,29.5,0
葉山沖,2026-08-07,21,1.3,9.3,3.1,187,29.2,1
大貫沖,2026-08-07,00,0.8,9.5,2.1,152,27.6,0
大貫沖,2026-08-07,03,0.9,9.7,1.9,149,27.4,0
大貫沖,2026-08-07,06,1.0,10.1,1.1,172,27.4,0
大貫沖,2026-08-07,09,0.9,9.8,0.4,304,27.5,51
大貫沖,2026-08-07,12,0.9,9.8,3.4,211,28.0,51
大貫沖,2026-08-07,15,0.9,9.7,4.7,190,28.4,51
大貫沖,2026-08-07,18,0.9,9.2,3.8,194,28.3,1
大貫沖,2026-08-07,21,0.9,9.1,3.5,196,28.0,1
大原沖,2026-08-07,00,2.1,9.1,3.1,160,27.7,0
大原沖,2026-08-07,03,2.0,9.1,3.0,160,27.7,1
大原沖,2026-08-07,06,2.1,9.2,1.8,154,27.7,0
大原沖,2026-08-07,09,2.1,9.4,2.7,164,27.8,1
大原沖,2026-08-07,12,2.0,9.2,4.2,161,28.1,51
大原沖,2026-08-07,15,1.9,9.1,4.3,178,28.4,51
大原沖,2026-08-07,18,1.9,8.9,3.7,173,28.4,1
大原沖,2026-08-07,21,1.8,8.9,2.7,186,28.3,1
江の島沖,2026-08-07,00,1.4,9.7,0.7,261,28.7,51
江の島沖,2026-08-07,03,1.4,9.8,0.3,45,28.6,1
江の島沖,2026-08-07,06,1.6,10.1,0.9,267,28.6,0
江の島沖,2026-08-07,09,1.5,10.0,1.9,194,28.8,0
江の島沖,2026-08-07,12,1.5,9.9,3.2,185,29.1,0
江の島沖,2026-08-07,15,1.5,9.8,4.2,180,29.4,0
江の島沖,2026-08-07,18,1.4,9.4,3.2,197,29.2,0
江の島沖,2026-08-07,21,1.4,9.2,3.0,181,28.8,0
小坪沖,2026-08-07,00,1.3,9.8,1.6,171,28.8,0
小坪沖,2026-08-07,03,1.3,9.9,0.9,180,28.7,1
小坪沖,2026-08-07,06,1.4,10.2,1.1,242,28.7,0
小坪沖,2026-08-07,09,1.4,10.2,1.8,147,28.8,51
小坪沖,2026-08-07,12,1.4,10.1,3.7,175,29.2,0
小坪沖,2026-08-07,15,1.4,10.0,4.8,178,29.6,0
小坪沖,2026-08-07,18,1.3,9.6,3.6,189,29.5,0
小坪沖,2026-08-07,21,1.3,9.3,3.1,187,29.2,1
横須賀沖,2026-08-07,00,0.9,9.5,2.3,152,27.6,0
横須賀沖,2026-08-07,03,0.9,9.7,1.7,152,27.4,0
横須賀沖,2026-08-07,06,1.0,10.1,0.6,228,27.4,0
横須賀沖,2026-08-07,09,1.0,9.8,1.3,162,27.5,0
横須賀沖,2026-08-07,12,1.0,9.8,3.2,191,27.9,0
横須賀沖,2026-08-07,15,1.0,9.6,5.4,182,28.2,0
横須賀沖,2026-08-07,18,1.0,9.2,4.1,187,28.1,0
横須賀沖,2026-08-07,21,0.9,8.9,3.7,193,27.9,0
観音崎沖～横須賀沖,2026-08-07,00,0.9,9.5,2.3,152,27.6,0
観音崎沖～横須賀沖,2026-08-07,03,0.9,9.7,1.7,152,27.4,0
観音崎沖～横須賀沖,2026-08-07,06,1.0,10.1,0.6,228,27.4,0
観音崎沖～横須賀沖,2026-08-07,09,1.0,9.8,1.3,162,27.5,0
観音崎沖～横須賀沖,2026-08-07,12,1.0,9.8,3.2,191,27.9,0
観音崎沖～横須賀沖,2026-08-07,15,1.0,9.6,5.4,182,28.2,0
観音崎沖～横須賀沖,2026-08-07,18,1.0,9.2,4.1,187,28.1,0
観音崎沖～横須賀沖,2026-08-07,21,0.9,8.9,3.7,193,27.9,0
観音崎沖,2026-08-07,00,0.9,9.5,2.3,152,27.6,0
観音崎沖,2026-08-07,03,0.9,9.7,1.7,152,27.4,0
観音崎沖,2026-08-07,06,1.0,10.1,0.6,228,27.4,0
観音崎沖,2026-08-07,09,1.0,9.8,1.3,162,27.5,0
観音崎沖,2026-08-07,12,1.0,9.8,3.2,191,27.9,0
観音崎沖,2026-08-07,15,1.0,9.6,5.4,182,28.2,0
観音崎沖,2026-08-07,18,1.0,9.2,4.1,187,28.1,0
観音崎沖,2026-08-07,21,0.9,8.9,3.7,193,27.9,0
富津南沖,2026-08-07,00,0.8,9.5,2.1,152,27.6,0
富津南沖,2026-08-07,03,0.9,9.7,1.9,149,27.4,0
富津南沖,2026-08-07,06,1.0,10.1,1.1,172,27.4,0
富津南沖,2026-08-07,09,0.9,9.8,0.4,304,27.5,51
富津南沖,2026-08-07,12,0.9,9.8,3.4,211,28.0,51
富津南沖,2026-08-07,15,0.9,9.7,4.7,190,28.4,51
富津南沖,2026-08-07,18,0.9,9.2,3.8,194,28.3,1
富津南沖,2026-08-07,21,0.9,9.1,3.5,196,28.0,1
大貫沖～猿島沖,2026-08-07,00,0.9,9.5,2.3,152,27.6,0
大貫沖～猿島沖,2026-08-07,03,0.9,9.7,1.7,152,27.4,0
大貫沖～猿島沖,2026-08-07,06,1.0,10.1,0.6,228,27.4,0
大貫沖～猿島沖,2026-08-07,09,1.0,9.8,1.3,162,27.5,0
大貫沖～猿島沖,2026-08-07,12,1.0,9.8,3.2,191,27.9,0
大貫沖～猿島沖,2026-08-07,15,1.0,9.6,5.4,182,28.2,0
大貫沖～猿島沖,2026-08-07,18,1.0,9.2,4.1,187,28.1,0
大貫沖～猿島沖,2026-08-07,21,0.9,8.9,3.7,193,27.9,0
二宮沖,2026-08-07,00,1.3,9.2,0.8,284,28.5,51
二宮沖,2026-08-07,03,1.3,9.2,0.5,333,28.3,51
二宮沖,2026-08-07,06,1.4,9.6,1.1,288,28.3,1
二宮沖,2026-08-07,09,1.4,9.3,2.0,137,28.4,0
二宮沖,2026-08-07,12,1.3,9.2,3.0,171,28.8,0
二宮沖,2026-08-07,15,1.3,9.2,3.9,176,29.1,0
二宮沖,2026-08-07,18,1.2,8.9,2.8,188,29.0,0
二宮沖,2026-08-07,21,1.2,8.7,1.7,183,28.7,0
小坪西沖,2026-08-07,00,1.3,9.8,0.7,261,28.8,51
小坪西沖,2026-08-07,03,1.3,9.9,0.3,45,28.7,1
小坪西沖,2026-08-07,06,1.4,10.2,0.9,267,28.7,0
小坪西沖,2026-08-07,09,1.4,10.2,1.9,194,28.8,0
小坪西沖,2026-08-07,12,1.4,10.1,3.2,185,29.2,0
小坪西沖,2026-08-07,15,1.4,10.0,4.2,180,29.6,0
小坪西沖,2026-08-07,18,1.3,9.6,3.2,197,29.5,0
小坪西沖,2026-08-07,21,1.3,9.3,3.0,181,29.2,0
大津沖,2026-08-07,00,1.0,9.7,2.3,152,27.6,0
大津沖,2026-08-07,03,1.0,9.8,1.7,152,27.4,0
大津沖,2026-08-07,06,1.1,10.2,0.6,228,27.4,0
大津沖,2026-08-07,09,1.1,10.0,1.3,162,27.5,0
大津沖,2026-08-07,12,1.1,10.0,3.2,191,27.9,0
大津沖,2026-08-07,15,1.1,9.8,5.4,182,28.2,0
大津沖,2026-08-07,18,1.1,9.3,4.1,187,28.1,0
大津沖,2026-08-07,21,1.0,9.2,3.7,193,27.9,0
木更津沖～竹岡沖,2026-08-07,00,0.8,9.5,2.1,152,27.7,0
木更津沖～竹岡沖,2026-08-07,03,0.9,9.7,1.9,149,27.6,0
木更津沖～竹岡沖,2026-08-07,06,1.0,10.1,1.1,172,27.6,0
木更津沖～竹岡沖,2026-08-07,09,0.9,9.8,0.4,304,27.8,51
木更津沖～竹岡沖,2026-08-07,12,0.9,9.8,3.4,211,28.1,51
木更津沖～竹岡沖,2026-08-07,15,0.9,9.7,4.7,190,28.4,51
木更津沖～竹岡沖,2026-08-07,18,0.9,9.2,3.8,194,28.3,1
木更津沖～竹岡沖,2026-08-07,21,0.9,9.1,3.5,196,28.1,1
平塚西沖,2026-08-07,00,1.3,9.2,0.8,284,28.5,51
平塚西沖,2026-08-07,03,1.3,9.2,0.5,333,28.3,51
平塚西沖,2026-08-07,06,1.4,9.6,1.1,288,28.3,1
平塚西沖,2026-08-07,09,1.4,9.3,2.0,137,28.4,0
平塚西沖,2026-08-07,12,1.3,9.2,3.0,171,28.8,0
平塚西沖,2026-08-07,15,1.3,9.2,3.9,176,29.1,0
平塚西沖,2026-08-07,18,1.2,8.9,2.8,188,29.0,0
平塚西沖,2026-08-07,21,1.2,8.7,1.7,183,28.7,0
大磯沖,2026-08-07,00,1.3,9.2,1.1,278,28.5,51
大磯沖,2026-08-07,03,1.3,9.2,0.2,34,28.3,51
大磯沖,2026-08-07,06,1.4,9.6,0.8,270,28.3,1
大磯沖,2026-08-07,09,1.4,9.3,2.0,176,28.4,1
大磯沖,2026-08-07,12,1.3,9.2,3.5,189,28.8,0
大磯沖,2026-08-07,15,1.3,9.2,4.4,186,29.1,1
大磯沖,2026-08-07,18,1.2,8.9,3.7,198,29.0,0
大磯沖,2026-08-07,21,1.2,8.7,3.3,184,28.7,0
平塚東沖,2026-08-07,00,1.4,9.5,1.1,278,28.6,51
平塚東沖,2026-08-07,03,1.4,9.5,0.2,34,28.5,51
平塚東沖,2026-08-07,06,1.5,9.9,0.8,270,28.5,1
平塚東沖,2026-08-07,09,1.5,9.7,2.0,176,28.7,1
平塚東沖,2026-08-07,12,1.5,9.6,3.5,189,29.0,0
平塚東沖,2026-08-07,15,1.4,9.6,4.4,186,29.2,1
平塚東沖,2026-08-07,18,1.4,9.2,3.7,198,29.1,0
平塚東沖,2026-08-07,21,1.3,9.0,3.3,184,28.8,0
茅ヶ崎西沖,2026-08-07,00,1.4,9.5,1.1,278,28.6,51
茅ヶ崎西沖,2026-08-07,03,1.4,9.5,0.2,34,28.5,51
茅ヶ崎西沖,2026-08-07,06,1.5,9.9,0.8,270,28.5,1
茅ヶ崎西沖,2026-08-07,09,1.5,9.7,2.0,176,28.7,1
茅ヶ崎西沖,2026-08-07,12,1.5,9.6,3.5,189,29.0,0
茅ヶ崎西沖,2026-08-07,15,1.4,9.6,4.4,186,29.2,1
茅ヶ崎西沖,2026-08-07,18,1.4,9.2,3.7,198,29.1,0
茅ヶ崎西沖,2026-08-07,21,1.3,9.0,3.3,184,28.8,0
大磯東沖,2026-08-07,00,1.4,9.5,1.1,278,28.6,51
大磯東沖,2026-08-07,03,1.4,9.5,0.2,34,28.5,51
大磯東沖,2026-08-07,06,1.5,9.9,0.8,270,28.5,1
大磯東沖,2026-08-07,09,1.5,9.7,2.0,176,28.7,1
大磯東沖,2026-08-07,12,1.5,9.6,3.5,189,29.0,0
大磯東沖,2026-08-07,15,1.4,9.6,4.4,186,29.2,1
大磯東沖,2026-08-07,18,1.4,9.2,3.7,198,29.1,0
大磯東沖,2026-08-07,21,1.3,9.0,3.3,184,28.8,0
茅ヶ崎沖,2026-08-07,00,1.4,9.5,1.1,278,28.6,51
茅ヶ崎沖,2026-08-07,03,1.4,9.5,0.2,34,28.5,51
茅ヶ崎沖,2026-08-07,06,1.5,9.9,0.8,270,28.5,1
茅ヶ崎沖,2026-08-07,09,1.5,9.7,2.0,176,28.7,1
茅ヶ崎沖,2026-08-07,12,1.5,9.6,3.5,189,29.0,0
茅ヶ崎沖,2026-08-07,15,1.4,9.6,4.4,186,29.2,1
茅ヶ崎沖,2026-08-07,18,1.4,9.2,3.7,198,29.1,0
茅ヶ崎沖,2026-08-07,21,1.3,9.0,3.3,184,28.8,0
茅ヶ崎東沖,2026-08-07,00,1.4,9.7,0.7,261,28.7,51
茅ヶ崎東沖,2026-08-07,03,1.4,9.8,0.3,45,28.6,1
茅ヶ崎東沖,2026-08-07,06,1.6,10.1,0.9,267,28.6,0
茅ヶ崎東沖,2026-08-07,09,1.5,10.0,1.9,194,28.8,0
茅ヶ崎東沖,2026-08-07,12,1.5,9.9,3.2,185,29.1,0
茅ヶ崎東沖,2026-08-07,15,1.5,9.8,4.2,180,29.4,0
茅ヶ崎東沖,2026-08-07,18,1.4,9.4,3.2,197,29.2,0
茅ヶ崎東沖,2026-08-07,21,1.4,9.2,3.0,181,28.8,0
猿島沖,2026-08-07,00,0.9,9.5,2.3,152,27.6,0
猿島沖,2026-08-07,03,0.9,9.7,1.7,152,27.4,0
猿島沖,2026-08-07,06,1.0,10.1,0.6,228,27.4,0
猿島沖,2026-08-07,09,1.0,9.8,1.3,162,27.5,0
猿島沖,2026-08-07,12,1.0,9.8,3.2,191,27.9,0
猿島沖,2026-08-07,15,1.0,9.6,5.4,182,28.2,0
猿島沖,2026-08-07,18,1.0,9.2,4.1,187,28.1,0
猿島沖,2026-08-07,21,0.9,8.9,3.7,193,27.9,0
走水沖,2026-08-07,00,0.8,9.5,2.1,152,27.6,0
走水沖,2026-08-07,03,0.9,9.7,1.9,149,27.4,0
走水沖,2026-08-07,06,1.0,10.1,1.1,172,27.4,0
走水沖,2026-08-07,09,0.9,9.8,0.4,304,27.5,51
走水沖,2026-08-07,12,0.9,9.8,3.4,211,28.0,51
走水沖,2026-08-07,15,0.9,9.7,4.7,190,28.4,51
走水沖,2026-08-07,18,0.9,9.2,3.8,194,28.3,1
走水沖,2026-08-07,21,0.9,9.1,3.5,196,28.0,1
海堡沖～竹岡沖,2026-08-07,00,0.8,9.5,2.1,152,27.6,0
海堡沖～竹岡沖,2026-08-07,03,0.9,9.7,1.9,149,27.4,0
海堡沖～竹岡沖,2026-08-07,06,1.0,10.1,1.1,172,27.4,0
海堡沖～竹岡沖,2026-08-07,09,0.9,9.8,0.4,304,27.5,51
海堡沖～竹岡沖,2026-08-07,12,0.9,9.8,3.4,211,28.0,51
海堡沖～竹岡沖,2026-08-07,15,0.9,9.7,4.7,190,28.4,51
海堡沖～竹岡沖,2026-08-07,18,0.9,9.2,3.8,194,28.3,1
海堡沖～竹岡沖,2026-08-07,21,0.9,9.1,3.5,196,28.0,1
太東沖,2026-08-07,00,2.1,9.1,2.8,163,26.7,0
太東沖,2026-08-07,03,2.0,9.1,1.9,158,26.6,1
太東沖,2026-08-07,06,2.1,9.2,1.4,186,26.7,0
太東沖,2026-08-07,09,2.1,9.4,2.5,148,26.8,1
太東沖,2026-08-07,12,2.0,9.2,4.1,156,27.0,0
太東沖,2026-08-07,15,1.9,9.1,4.7,169,27.2,1
太東沖,2026-08-07,18,1.9,8.9,3.9,172,27.2,1
太東沖,2026-08-07,21,1.8,8.9,2.6,187,27.0,0
海堡沖,2026-08-07,00,0.8,9.5,2.1,152,27.6,0
海堡沖,2026-08-07,03,0.9,9.7,1.9,149,27.4,0
海堡沖,2026-08-07,06,1.0,10.1,1.1,172,27.4,0
海堡沖,2026-08-07,09,0.9,9.8,0.4,304,27.5,51
海堡沖,2026-08-07,12,0.9,9.8,3.4,211,28.0,51
海堡沖,2026-08-07,15,0.9,9.7,4.7,190,28.4,51
海堡沖,2026-08-07,18,0.9,9.2,3.8,194,28.3,1
海堡沖,2026-08-07,21,0.9,9.1,3.5,196,28.0,1
富津沖,2026-08-07,00,0.8,9.5,2.1,152,27.6,0
富津沖,2026-08-07,03,0.9,9.7,1.9,149,27.4,0
富津沖,2026-08-07,06,1.0,10.1,1.1,172,27.4,0
富津沖,2026-08-07,09,0.9,9.8,0.4,304,27.5,51
富津沖,2026-08-07,12,0.9,9.8,3.4,211,28.0,51
富津沖,2026-08-07,15,0.9,9.7,4.7,190,28.4,51
富津沖,2026-08-07,18,0.9,9.2,3.8,194,28.3,1
富津沖,2026-08-07,21,0.9,9.1,3.5,196,28.0,1
港前,2026-08-07,00,1.0,9.7,1.6,171,28.8,0
港前,2026-08-07,03,1.0,9.8,0.9,180,28.7,1
港前,2026-08-07,06,1.1,10.2,1.1,242,28.7,0
港前,2026-08-07,09,1.1,10.0,1.8,147,28.8,51
港前,2026-08-07,12,1.1,10.0,3.7,175,29.2,0
港前,2026-08-07,15,1.1,9.8,4.8,178,29.6,0
港前,2026-08-07,18,1.1,9.3,3.6,189,29.5,0
港前,2026-08-07,21,1.0,9.2,3.1,187,29.2,1
鴨居沖,2026-08-07,00,1.0,9.7,1.6,171,27.6,0
鴨居沖,2026-08-07,03,1.0,9.8,0.9,180,27.5,1
鴨居沖,2026-08-07,06,1.1,10.2,1.1,242,27.5,0
鴨居沖,2026-08-07,09,1.1,10.0,1.8,147,27.6,51
鴨居沖,2026-08-07,12,1.1,10.0,3.7,175,27.9,0
鴨居沖,2026-08-07,15,1.1,9.8,4.8,178,28.2,0
鴨居沖,2026-08-07,18,1.1,9.3,3.6,189,28.0,0
鴨居沖,2026-08-07,21,1.0,9.2,3.1,187,27.8,1
木更津沖～富津沖,2026-08-07,00,0.6,9.3,2.1,152,26.8,0
木更津沖～富津沖,2026-08-07,03,0.6,9.5,1.9,149,26.8,0
木更津沖～富津沖,2026-08-07,06,0.7,9.9,1.1,172,26.8,0
木更津沖～富津沖,2026-08-07,09,0.7,9.6,0.4,304,27.0,51
木更津沖～富津沖,2026-08-07,12,0.7,9.6,3.4,211,27.4,51
木更津沖～富津沖,2026-08-07,15,0.7,9.4,4.7,190,27.7,51
木更津沖～富津沖,2026-08-07,18,0.7,8.8,3.8,194,27.7,1
木更津沖～富津沖,2026-08-07,21,0.7,8.7,3.5,196,27.5,1
横浜沖～観音崎沖,2026-08-07,00,0.9,9.5,2.3,152,27.6,0
横浜沖～観音崎沖,2026-08-07,03,0.9,9.7,1.7,152,27.5,0
横浜沖～観音崎沖,2026-08-07,06,1.0,10.1,0.6,228,27.5,0
横浜沖～観音崎沖,2026-08-07,09,1.0,9.8,1.3,162,27.6,0
横浜沖～観音崎沖,2026-08-07,12,1.0,9.8,3.2,191,27.9,0
横浜沖～観音崎沖,2026-08-07,15,1.0,9.6,5.4,182,28.2,0
横浜沖～観音崎沖,2026-08-07,18,1.0,9.2,4.1,187,28.0,0
横浜沖～観音崎沖,2026-08-07,21,0.9,8.9,3.7,193,27.8,0
中ノ瀬周り,2026-08-07,00,0.9,9.5,2.3,152,27.6,0
中ノ瀬周り,2026-08-07,03,0.9,9.7,1.7,152,27.5,0
中ノ瀬周り,2026-08-07,06,1.0,10.1,0.6,228,27.5,0
中ノ瀬周り,2026-08-07,09,1.0,9.8,1.3,162,27.6,0
中ノ瀬周り,2026-08-07,12,1.0,9.8,3.2,191,27.9,0
中ノ瀬周り,2026-08-07,15,1.0,9.6,5.4,182,28.2,0
中ノ瀬周り,2026-08-07,18,1.0,9.2,4.1,187,28.0,0
中ノ瀬周り,2026-08-07,21,0.9,8.9,3.7,193,27.8,0
鴨井沖,2026-08-07,00,2.2,9.2,5.2,159,26.1,0
鴨井沖,2026-08-07,03,2.1,9.2,4.6,154,26.0,1
鴨井沖,2026-08-07,06,2.2,9.3,3.3,163,26.0,0
鴨井沖,2026-08-07,09,2.2,9.5,4.0,154,26.1,0
鴨井沖,2026-08-07,12,2.1,9.3,6.4,166,26.4,0
鴨井沖,2026-08-07,15,2.0,9.2,6.2,177,26.6,0
鴨井沖,2026-08-07,18,2.0,9.1,6.3,175,26.5,0
鴨井沖,2026-08-07,21,1.9,9.0,4.7,180,26.4,0
富津沖～海堡,2026-08-07,00,0.6,9.3,2.1,152,26.9,0
富津沖～海堡,2026-08-07,03,0.6,9.5,1.9,149,26.9,0
富津沖～海堡,2026-08-07,06,0.7,9.9,1.1,172,26.9,0
富津沖～海堡,2026-08-07,09,0.7,9.6,0.4,304,27.1,51
富津沖～海堡,2026-08-07,12,0.7,9.6,3.4,211,27.5,51
富津沖～海堡,2026-08-07,15,0.7,9.4,4.7,190,27.9,51
富津沖～海堡,2026-08-07,18,0.7,8.8,3.8,194,27.8,1
富津沖～海堡,2026-08-07,21,0.7,8.7,3.5,196,27.6,1
富岡沖,2026-08-07,00,1.0,9.7,1.6,171,27.6,0
富岡沖,2026-08-07,03,1.0,9.8,0.9,180,27.5,1
富岡沖,2026-08-07,06,1.1,10.2,1.1,242,27.5,0
富岡沖,2026-08-07,09,1.1,10.0,1.8,147,27.6,51
富岡沖,2026-08-07,12,1.1,10.0,3.7,175,27.9,0
富岡沖,2026-08-07,15,1.1,9.8,4.8,178,28.2,0
富岡沖,2026-08-07,18,1.1,9.3,3.6,189,28.0,0
富岡沖,2026-08-07,21,1.0,9.2,3.1,187,27.8,1
小柴沖,2026-08-07,00,1.0,9.7,1.6,171,27.6,0
小柴沖,2026-08-07,03,1.0,9.8,0.9,180,27.5,1
小柴沖,2026-08-07,06,1.1,10.2,1.1,242,27.5,0
小柴沖,2026-08-07,09,1.1,10.0,1.8,147,27.6,51
小柴沖,2026-08-07,12,1.1,10.0,3.7,175,27.9,0
小柴沖,2026-08-07,15,1.1,9.8,4.8,178,28.2,0
小柴沖,2026-08-07,18,1.1,9.3,3.6,189,28.0,0
小柴沖,2026-08-07,21,1.0,9.2,3.1,187,27.8,1
木更津沖～富岡沖,2026-08-07,00,0.6,9.3,2.1,152,27.6,0
木更津沖～富岡沖,2026-08-07,03,0.6,9.5,1.9,149,27.5,0
木更津沖～富岡沖,2026-08-07,06,0.7,9.9,1.1,172,27.5,0
木更津沖～富岡沖,2026-08-07,09,0.7,9.6,0.4,304,27.6,51
木更津沖～富岡沖,2026-08-07,12,0.7,9.6,3.4,211,27.9,51
木更津沖～富岡沖,2026-08-07,15,0.7,9.4,4.7,190,28.2,51
木更津沖～富岡沖,2026-08-07,18,0.7,8.8,3.8,194,28.0,1
木更津沖～富岡沖,2026-08-07,21,0.7,8.7,3.5,196,27.8,1
八景沖,2026-08-07,00,1.0,9.7,1.6,171,27.6,0
八景沖,2026-08-07,03,1.0,9.8,0.9,180,27.5,1
八景沖,2026-08-07,06,1.1,10.2,1.1,242,27.5,0
八景沖,2026-08-07,09,1.1,10.0,1.8,147,27.6,51
八景沖,2026-08-07,12,1.1,10.0,3.7,175,27.9,0
八景沖,2026-08-07,15,1.1,9.8,4.8,178,28.2,0
八景沖,2026-08-07,18,1.1,9.3,3.6,189,28.0,0
八景沖,2026-08-07,21,1.0,9.2,3.1,187,27.8,1
長浦沖,2026-08-07,00,0.6,9.3,2.1,152,26.8,0
長浦沖,2026-08-07,03,0.6,9.5,1.9,149,26.8,0
長浦沖,2026-08-07,06,0.7,9.9,1.1,172,26.8,0
長浦沖,2026-08-07,09,0.7,9.6,0.4,304,27.0,51
長浦沖,2026-08-07,12,0.7,9.6,3.4,211,27.4,51
長浦沖,2026-08-07,15,0.7,9.4,4.7,190,27.7,51
長浦沖,2026-08-07,18,0.7,8.8,3.8,194,27.7,1
長浦沖,2026-08-07,21,0.7,8.7,3.5,196,27.5,1
木更津沖,2026-08-07,00,0.6,9.3,1.6,153,26.8,0
木更津沖,2026-08-07,03,0.6,9.5,1.8,149,26.8,0
木更津沖,2026-08-07,06,0.7,9.9,1.1,178,26.8,0
木更津沖,2026-08-07,09,0.7,9.6,1.4,339,27.0,51
木更津沖,2026-08-07,12,0.7,9.6,1.6,256,27.4,51
木更津沖,2026-08-07,15,0.7,9.4,4.5,190,27.7,51
木更津沖,2026-08-07,18,0.7,8.8,3.7,196,27.7,2
木更津沖,2026-08-07,21,0.7,8.7,3.4,195,27.5,1
一宮沖,2026-08-07,00,1.8,9.1,2.8,163,26.1,0
一宮沖,2026-08-07,03,1.7,9.1,1.9,158,26.0,1
一宮沖,2026-08-07,06,1.8,9.2,1.4,186,26.0,0
一宮沖,2026-08-07,09,1.8,9.3,2.5,148,26.1,1
一宮沖,2026-08-07,12,1.7,9.2,4.1,156,26.4,0
一宮沖,2026-08-07,15,1.7,8.9,4.7,169,26.6,1
一宮沖,2026-08-07,18,1.6,8.8,3.9,172,26.5,1
一宮沖,2026-08-07,21,1.5,8.8,2.6,187,26.4,0
横浜沖周り,2026-08-07,00,0.9,9.5,1.7,165,27.6,0
横浜沖周り,2026-08-07,03,0.9,9.7,0.8,184,27.5,1
横浜沖周り,2026-08-07,06,1.0,10.1,1.5,204,27.5,0
横浜沖周り,2026-08-07,09,1.0,9.8,2.3,128,27.6,0
横浜沖周り,2026-08-07,12,1.0,9.8,3.8,158,27.9,0
横浜沖周り,2026-08-07,15,1.0,9.6,4.6,178,28.2,51
横浜沖周り,2026-08-07,18,1.0,9.2,3.8,188,28.0,0
横浜沖周り,2026-08-07,21,0.9,8.9,2.9,186,27.8,1
本牧沖~富岡沖,2026-08-07,00,1.0,9.7,1.7,165,27.6,0
本牧沖~富岡沖,2026-08-07,03,1.0,9.8,0.8,184,27.5,1
本牧沖~富岡沖,2026-08-07,06,1.1,10.2,1.5,204,27.5,0
本牧沖~富岡沖,2026-08-07,09,1.1,10.0,2.3,128,27.6,0
本牧沖~富岡沖,2026-08-07,12,1.1,10.0,3.8,158,27.9,0
本牧沖~富岡沖,2026-08-07,15,1.1,9.8,4.6,178,28.2,51
本牧沖~富岡沖,2026-08-07,18,1.1,9.3,3.8,188,28.0,0
本牧沖~富岡沖,2026-08-07,21,1.0,9.2,2.9,186,27.8,1
木更津沖～本牧沖,2026-08-07,00,0.6,9.3,2.1,152,26.9,0
木更津沖～本牧沖,2026-08-07,03,0.6,9.5,1.9,149,26.9,0
木更津沖～本牧沖,2026-08-07,06,0.7,9.9,1.1,172,26.9,0
木更津沖～本牧沖,2026-08-07,09,0.7,9.6,0.4,304,27.1,51
木更津沖～本牧沖,2026-08-07,12,0.7,9.6,3.4,211,27.5,51
木更津沖～本牧沖,2026-08-07,15,0.7,9.4,4.7,190,27.9,51
木更津沖～本牧沖,2026-08-07,18,0.7,8.8,3.8,194,27.8,1
木更津沖～本牧沖,2026-08-07,21,0.7,8.7,3.5,196,27.6,1
海堡,2026-08-07,00,0.6,9.3,2.1,152,26.9,0
海堡,2026-08-07,03,0.6,9.5,1.9,149,26.9,0
海堡,2026-08-07,06,0.7,9.9,1.1,172,26.9,0
海堡,2026-08-07,09,0.7,9.6,0.4,304,27.1,51
海堡,2026-08-07,12,0.7,9.6,3.4,211,27.5,51
海堡,2026-08-07,15,0.7,9.4,4.7,190,27.9,51
海堡,2026-08-07,18,0.7,8.8,3.8,194,27.8,1
海堡,2026-08-07,21,0.7,8.7,3.5,196,27.6,1
木更津沖～横浜沖,2026-08-07,00,0.6,9.3,2.1,152,26.9,0
木更津沖～横浜沖,2026-08-07,03,0.6,9.5,1.9,149,26.9,0
木更津沖～横浜沖,2026-08-07,06,0.7,9.9,1.1,172,26.9,0
木更津沖～横浜沖,2026-08-07,09,0.7,9.6,0.4,304,27.1,51
木更津沖～横浜沖,2026-08-07,12,0.7,9.6,3.4,211,27.5,51
木更津沖～横浜沖,2026-08-07,15,0.7,9.4,4.7,190,27.9,51
木更津沖～横浜沖,2026-08-07,18,0.7,8.8,3.8,194,27.8,1
木更津沖～横浜沖,2026-08-07,21,0.7,8.7,3.5,196,27.6,1
中ノ瀬,2026-08-07,00,0.6,9.3,2.1,152,26.9,0
中ノ瀬,2026-08-07,03,0.6,9.5,1.9,149,26.9,0
中ノ瀬,2026-08-07,06,0.7,9.9,1.1,172,26.9,0
中ノ瀬,2026-08-07,09,0.7,9.6,0.4,304,27.1,51
中ノ瀬,2026-08-07,12,0.7,9.6,3.4,211,27.5,51
中ノ瀬,2026-08-07,15,0.7,9.4,4.7,190,27.9,51
中ノ瀬,2026-08-07,18,0.7,8.8,3.8,194,27.8,1
中ノ瀬,2026-08-07,21,0.7,8.7,3.5,196,27.6,1
本牧沖,2026-08-07,00,0.9,9.5,1.7,165,27.6,0
本牧沖,2026-08-07,03,0.9,9.7,0.8,184,27.5,1
本牧沖,2026-08-07,06,1.0,10.1,1.5,204,27.5,0
本牧沖,2026-08-07,09,1.0,9.8,2.3,128,27.6,0
本牧沖,2026-08-07,12,1.0,9.8,3.8,158,27.9,0
本牧沖,2026-08-07,15,1.0,9.6,4.6,178,28.2,51
本牧沖,2026-08-07,18,1.0,9.2,3.8,188,28.0,0
本牧沖,2026-08-07,21,0.9,8.9,2.9,186,27.8,1
横浜沖,2026-08-07,00,1.0,9.7,1.7,165,27.9,0
横浜沖,2026-08-07,03,1.0,9.8,0.8,184,27.8,1
横浜沖,2026-08-07,06,1.1,10.2,1.5,204,27.8,0
横浜沖,2026-08-07,09,1.1,10.0,2.3,128,27.9,0
横浜沖,2026-08-07,12,1.1,10.0,3.8,158,28.2,0
横浜沖,2026-08-07,15,1.1,9.8,4.6,178,28.5,51
横浜沖,2026-08-07,18,1.1,9.3,3.8,188,28.3,0
横浜沖,2026-08-07,21,1.0,9.2,2.9,186,28.0,1
根岸沖,2026-08-07,00,0.5,9.2,1.7,165,27.9,0
根岸沖,2026-08-07,03,0.5,9.4,0.8,184,27.8,1
根岸沖,2026-08-07,06,0.6,9.8,1.5,204,27.8,0
根岸沖,2026-08-07,09,0.6,9.4,2.3,128,27.9,0
根岸沖,2026-08-07,12,0.6,9.4,3.8,158,28.2,0
根岸沖,2026-08-07,15,0.6,9.2,4.6,178,28.5,51
根岸沖,2026-08-07,18,0.6,8.3,3.8,188,28.3,0
根岸沖,2026-08-07,21,0.6,8.3,2.9,186,28.0,1
片貝沖,2026-08-07,00,2.3,9.2,5.3,161,25.8,0
片貝沖,2026-08-07,03,2.2,9.2,4.5,157,25.7,1
片貝沖,2026-08-07,06,2.2,9.2,3.4,163,25.8,0
片貝沖,2026-08-07,09,2.3,9.4,3.9,156,25.9,0
片貝沖,2026-08-07,12,2.2,9.3,6.2,168,26.2,0
片貝沖,2026-08-07,15,2.1,9.1,6.0,178,26.5,0
片貝沖,2026-08-07,18,2.0,9.1,6.5,176,26.4,0
片貝沖,2026-08-07,21,1.9,8.9,4.9,181,26.2,0
木更津沖～川崎沖,2026-08-07,00,0.5,9.2,1.6,153,27.1,0
木更津沖～川崎沖,2026-08-07,03,0.5,9.4,1.8,149,27.1,0
木更津沖～川崎沖,2026-08-07,06,0.6,9.8,1.1,178,27.3,0
木更津沖～川崎沖,2026-08-07,09,0.6,9.4,1.4,339,27.5,51
木更津沖～川崎沖,2026-08-07,12,0.6,9.4,1.6,256,27.9,51
木更津沖～川崎沖,2026-08-07,15,0.6,9.2,4.5,190,28.2,51
木更津沖～川崎沖,2026-08-07,18,0.6,8.3,3.7,196,28.1,2
木更津沖～川崎沖,2026-08-07,21,0.6,8.3,3.4,195,27.9,1
盤洲沖,2026-08-07,00,0.5,9.3,1.6,153,26.6,0
盤洲沖,2026-08-07,03,0.5,9.6,1.8,149,26.6,0
盤洲沖,2026-08-07,06,0.6,10.0,1.1,178,26.7,0
盤洲沖,2026-08-07,09,0.6,9.7,1.4,339,27.0,51
盤洲沖,2026-08-07,12,0.6,9.6,1.6,256,27.5,51
盤洲沖,2026-08-07,15,0.6,9.4,4.5,190,27.9,51
盤洲沖,2026-08-07,18,0.6,8.6,3.7,196,27.7,2
盤洲沖,2026-08-07,21,0.6,8.6,3.4,195,27.4,1
大根,2026-08-07,00,2.3,9.2,5.2,162,25.8,0
大根,2026-08-07,03,2.2,9.2,4.2,160,25.7,1
大根,2026-08-07,06,2.2,9.2,3.3,158,25.8,0
大根,2026-08-07,09,2.3,9.4,3.8,156,25.9,1
大根,2026-08-07,12,2.2,9.3,5.7,168,26.2,0
大根,2026-08-07,15,2.1,9.1,5.6,179,26.5,0
大根,2026-08-07,18,2.0,9.1,6.3,177,26.4,0
大根,2026-08-07,21,1.9,8.9,4.8,180,26.2,0
川崎沖～横浜沖,2026-08-07,00,0.5,9.2,2.0,162,27.9,0
川崎沖～横浜沖,2026-08-07,03,0.5,9.4,1.0,174,27.8,1
川崎沖～横浜沖,2026-08-07,06,0.6,9.8,1.6,193,27.8,0
川崎沖～横浜沖,2026-08-07,09,0.6,9.4,2.7,137,27.9,3
川崎沖～横浜沖,2026-08-07,12,0.6,9.4,4.1,151,28.2,0
川崎沖～横浜沖,2026-08-07,15,0.6,9.2,5.1,176,28.5,1
川崎沖～横浜沖,2026-08-07,18,0.6,8.3,4.0,187,28.3,0
川崎沖～横浜沖,2026-08-07,21,0.6,8.3,3.3,184,28.0,1
川崎沖~本牧沖,2026-08-07,00,0.5,9.2,2.0,162,27.9,0
川崎沖~本牧沖,2026-08-07,03,0.5,9.4,1.0,174,27.8,1
川崎沖~本牧沖,2026-08-07,06,0.6,9.8,1.6,193,27.8,0
川崎沖~本牧沖,2026-08-07,09,0.6,9.4,2.7,137,27.9,3
川崎沖~本牧沖,2026-08-07,12,0.6,9.4,4.1,151,28.2,0
川崎沖~本牧沖,2026-08-07,15,0.6,9.2,5.1,176,28.5,1
川崎沖~本牧沖,2026-08-07,18,0.6,8.3,4.0,187,28.3,0
川崎沖~本牧沖,2026-08-07,21,0.6,8.3,3.3,184,28.0,1
川崎沖,2026-08-07,00,0.5,9.2,2.0,162,28.2,0
川崎沖,2026-08-07,03,0.5,9.4,1.0,174,28.1,1
川崎沖,2026-08-07,06,0.6,9.8,1.6,193,28.2,0
川崎沖,2026-08-07,09,0.6,9.4,2.7,137,28.3,3
川崎沖,2026-08-07,12,0.6,9.4,4.1,151,28.6,0
川崎沖,2026-08-07,15,0.6,9.2,5.1,176,28.8,1
川崎沖,2026-08-07,18,0.6,8.3,4.0,187,28.7,0
川崎沖,2026-08-07,21,0.6,8.3,3.3,184,28.5,1
五井沖,2026-08-07,00,0.2,9.1,2.0,148,26.9,0
五井沖,2026-08-07,03,0.2,9.4,1.8,145,26.9,1
五井沖,2026-08-07,06,0.2,9.5,1.4,141,27.0,0
五井沖,2026-08-07,09,0.2,9.6,1.6,220,27.3,51
五井沖,2026-08-07,12,0.2,9.6,0.9,204,27.9,3
五井沖,2026-08-07,15,0.2,9.6,3.1,183,28.4,51
五井沖,2026-08-07,18,0.3,8.2,2.9,177,28.2,1
五井沖,2026-08-07,21,0.3,8.1,2.2,183,27.8,1
鶴見沖,2026-08-07,00,0.5,9.2,2.0,162,28.2,0
鶴見沖,2026-08-07,03,0.5,9.4,1.0,174,28.1,1
鶴見沖,2026-08-07,06,0.6,9.8,1.6,193,28.2,0
鶴見沖,2026-08-07,09,0.6,9.4,2.7,137,28.3,3
鶴見沖,2026-08-07,12,0.6,9.4,4.1,151,28.6,0
鶴見沖,2026-08-07,15,0.6,9.2,5.1,176,28.8,1
鶴見沖,2026-08-07,18,0.6,8.3,4.0,187,28.7,0
鶴見沖,2026-08-07,21,0.6,8.3,3.3,184,28.5,1
木更津沖～浦安沖,2026-08-07,00,0.4,9.2,2.2,163,27.3,0
木更津沖～浦安沖,2026-08-07,03,0.4,9.4,1.5,172,27.2,1
木更津沖～浦安沖,2026-08-07,06,0.4,9.6,1.8,182,27.3,0
木更津沖～浦安沖,2026-08-07,09,0.5,9.5,3.1,151,27.6,1
木更津沖～浦安沖,2026-08-07,12,0.4,9.4,3.9,156,28.2,0
木更津沖～浦安沖,2026-08-07,15,0.5,9.2,5.3,177,28.6,1
木更津沖～浦安沖,2026-08-07,18,0.5,8.0,4.2,186,28.4,0
木更津沖～浦安沖,2026-08-07,21,0.5,8.0,3.5,182,27.9,0
羽田沖,2026-08-07,00,0.5,9.2,2.2,163,27.8,0
羽田沖,2026-08-07,03,0.5,9.4,1.5,172,27.8,1
羽田沖,2026-08-07,06,0.6,9.8,1.8,182,27.8,0
羽田沖,2026-08-07,09,0.6,9.4,3.1,151,28.0,1
羽田沖,2026-08-07,12,0.6,9.4,3.9,156,28.4,0
羽田沖,2026-08-07,15,0.6,9.2,5.3,177,28.7,1
羽田沖,2026-08-07,18,0.6,8.3,4.2,186,28.6,0
羽田沖,2026-08-07,21,0.6,8.3,3.5,182,28.4,0
千葉沖,2026-08-07,00,0.2,9.1,1.8,162,28.3,0
千葉沖,2026-08-07,03,0.2,9.4,1.7,153,28.2,0
千葉沖,2026-08-07,06,0.2,9.4,1.1,157,28.3,0
千葉沖,2026-08-07,09,0.2,9.6,1.9,211,28.5,51
千葉沖,2026-08-07,12,0.2,9.5,2.0,200,29.0,51
千葉沖,2026-08-07,15,0.3,9.6,2.9,175,29.3,51
千葉沖,2026-08-07,18,0.3,8.3,3.1,185,29.1,1
千葉沖,2026-08-07,21,0.3,8.0,2.8,191,28.8,0
浦安沖,2026-08-07,00,0.3,8.8,1.9,162,28.3,0
浦安沖,2026-08-07,03,0.3,9.0,1.8,164,28.2,1
浦安沖,2026-08-07,06,0.3,9.0,1.8,175,28.2,0
浦安沖,2026-08-07,09,0.3,9.0,2.7,183,28.4,1
浦安沖,2026-08-07,12,0.3,8.9,3.3,191,28.8,0
浦安沖,2026-08-07,15,0.3,8.6,4.4,183,29.1,1
浦安沖,2026-08-07,18,0.4,7.0,3.9,193,28.9,1
浦安沖,2026-08-07,21,0.4,7.2,3.6,191,28.6,0
屏風ヶ浦の陰,2026-08-07,00,0.2,9.1,2.1,165,28.8,0
屏風ヶ浦の陰,2026-08-07,03,0.2,9.4,1.9,166,28.8,0
屏風ヶ浦の陰,2026-08-07,06,0.2,9.4,1.4,165,28.8,0
屏風ヶ浦の陰,2026-08-07,09,0.2,9.6,1.8,174,28.9,51
屏風ヶ浦の陰,2026-08-07,12,0.2,9.5,2.5,168,29.2,51
屏風ヶ浦の陰,2026-08-07,15,0.3,9.6,3.3,175,29.5,51
屏風ヶ浦の陰,2026-08-07,18,0.3,8.3,3.0,179,29.4,1
屏風ヶ浦の陰,2026-08-07,21,0.3,8.0,2.5,185,29.1,0
犬吠南沖,2026-08-07,00,2.4,9.4,4.0,171,25.4,0
犬吠南沖,2026-08-07,03,2.4,9.3,3.1,176,25.3,1
犬吠南沖,2026-08-07,06,2.4,9.5,2.8,161,25.3,0
犬吠南沖,2026-08-07,09,2.4,9.7,3.4,166,25.4,1
犬吠南沖,2026-08-07,12,2.3,9.4,5.5,169,25.8,51
犬吠南沖,2026-08-07,15,2.2,9.3,5.2,182,26.1,0
犬吠南沖,2026-08-07,18,2.2,9.2,5.1,182,26.0,0
犬吠南沖,2026-08-07,21,2.1,9.2,3.5,181,25.8,0
亀城根,2026-08-07,00,2.4,9.4,4.0,171,25.4,0
亀城根,2026-08-07,03,2.4,9.3,3.1,176,25.3,1
亀城根,2026-08-07,06,2.4,9.5,2.8,161,25.3,0
亀城根,2026-08-07,09,2.4,9.7,3.4,166,25.4,1
亀城根,2026-08-07,12,2.3,9.4,5.5,169,25.8,51
亀城根,2026-08-07,15,2.2,9.3,5.2,182,26.1,0
亀城根,2026-08-07,18,2.2,9.2,5.1,182,26.0,0
亀城根,2026-08-07,21,2.1,9.2,3.5,181,25.8,0
外川沖,2026-08-07,00,2.1,9.3,4.0,171,25.4,0
外川沖,2026-08-07,03,2.1,9.2,3.1,176,25.3,1
外川沖,2026-08-07,06,2.1,9.4,2.8,161,25.3,0
外川沖,2026-08-07,09,2.1,9.5,3.4,166,25.5,1
外川沖,2026-08-07,12,2.0,9.3,5.5,169,25.8,51
外川沖,2026-08-07,15,1.9,9.1,5.2,182,26.1,0
外川沖,2026-08-07,18,1.9,9.1,5.1,182,26.0,0
外川沖,2026-08-07,21,1.8,9.0,3.5,181,25.7,0
犬吠沖,2026-08-07,00,2.1,9.3,4.0,171,25.4,0
犬吠沖,2026-08-07,03,2.1,9.2,3.1,176,25.3,1
犬吠沖,2026-08-07,06,2.1,9.4,2.8,161,25.3,0
犬吠沖,2026-08-07,09,2.1,9.5,3.4,166,25.5,1
犬吠沖,2026-08-07,12,2.0,9.3,5.5,169,25.8,51
犬吠沖,2026-08-07,15,1.9,9.1,5.2,182,26.1,0
犬吠沖,2026-08-07,18,1.9,9.1,5.1,182,26.0,0
犬吠沖,2026-08-07,21,1.8,9.0,3.5,181,25.7,0
飯岡沖,2026-08-07,00,1.7,9.2,4.0,171,25.9,0
飯岡沖,2026-08-07,03,1.7,9.1,3.1,176,25.8,1
飯岡沖,2026-08-07,06,1.7,9.3,2.8,161,25.8,0
飯岡沖,2026-08-07,09,1.7,9.4,3.4,166,25.9,1
飯岡沖,2026-08-07,12,1.7,9.2,5.5,169,26.2,51
飯岡沖,2026-08-07,15,1.6,8.9,5.2,182,26.4,0
飯岡沖,2026-08-07,18,1.6,8.8,5.1,182,26.3,0
飯岡沖,2026-08-07,21,1.5,8.8,3.5,181,26.2,0
真沖,2026-08-07,00,1.7,9.2,4.0,171,25.9,0
真沖,2026-08-07,03,1.7,9.1,3.1,176,25.8,1
真沖,2026-08-07,06,1.7,9.3,2.8,161,25.8,0
真沖,2026-08-07,09,1.7,9.4,3.4,166,25.9,1
真沖,2026-08-07,12,1.7,9.2,5.5,169,26.2,51
真沖,2026-08-07,15,1.6,8.9,5.2,182,26.4,0
真沖,2026-08-07,18,1.6,8.8,5.1,182,26.3,0
真沖,2026-08-07,21,1.5,8.8,3.5,181,26.2,0
波崎沖,2026-08-07,00,2.1,9.3,4.0,171,25.4,0
波崎沖,2026-08-07,03,2.1,9.2,3.1,176,25.3,1
波崎沖,2026-08-07,06,2.1,9.4,2.8,161,25.3,0
波崎沖,2026-08-07,09,2.1,9.5,3.4,166,25.5,1
波崎沖,2026-08-07,12,2.0,9.3,5.5,169,25.8,51
波崎沖,2026-08-07,15,1.9,9.1,5.2,182,26.1,0
波崎沖,2026-08-07,18,1.9,9.1,5.1,182,26.0,0
波崎沖,2026-08-07,21,1.8,9.0,3.5,181,25.7,0
川前大根,2026-08-07,00,1.7,9.2,4.0,171,25.9,0
川前大根,2026-08-07,03,1.7,9.1,3.1,176,25.8,1
川前大根,2026-08-07,06,1.7,9.3,2.8,161,25.8,0
川前大根,2026-08-07,09,1.7,9.4,3.4,166,25.9,1
川前大根,2026-08-07,12,1.7,9.2,5.5,169,26.2,51
川前大根,2026-08-07,15,1.6,8.9,5.2,182,26.4,0
川前大根,2026-08-07,18,1.6,8.8,5.1,182,26.3,0
川前大根,2026-08-07,21,1.5,8.8,3.5,181,26.2,0
鹿島南沖,2026-08-07,00,1.4,8.9,3.0,173,25.0,0
鹿島南沖,2026-08-07,03,1.4,8.8,2.4,176,24.9,1
鹿島南沖,2026-08-07,06,1.5,9.1,2.2,164,25.0,0
鹿島南沖,2026-08-07,09,1.4,9.1,3.3,167,25.2,51
鹿島南沖,2026-08-07,12,1.4,8.9,4.9,168,25.6,51
鹿島南沖,2026-08-07,15,1.3,8.6,5.0,180,25.8,0
鹿島南沖,2026-08-07,18,1.3,8.6,4.5,181,25.7,1
鹿島南沖,2026-08-07,21,1.2,8.7,3.0,177,25.4,0
神栖沖,2026-08-07,00,1.4,8.9,3.0,173,25.0,0
神栖沖,2026-08-07,03,1.4,8.8,2.4,176,24.9,1
神栖沖,2026-08-07,06,1.5,9.1,2.2,164,24.9,0
神栖沖,2026-08-07,09,1.4,9.1,3.3,167,25.1,51
神栖沖,2026-08-07,12,1.4,8.9,4.9,168,25.5,51
神栖沖,2026-08-07,15,1.3,8.6,5.0,180,25.7,0
神栖沖,2026-08-07,18,1.3,8.6,4.5,181,25.6,1
神栖沖,2026-08-07,21,1.2,8.7,3.0,177,25.4,0
鹿島沖,2026-08-07,00,1.4,8.9,3.0,177,25.7,0
鹿島沖,2026-08-07,03,1.4,8.8,2.1,172,25.6,0
鹿島沖,2026-08-07,06,1.5,9.1,1.8,172,25.7,0
鹿島沖,2026-08-07,09,1.4,9.1,2.4,159,25.9,51
鹿島沖,2026-08-07,12,1.4,8.9,3.7,168,26.2,55
鹿島沖,2026-08-07,15,1.3,8.6,4.8,175,26.4,0
鹿島沖,2026-08-07,18,1.3,8.6,4.3,181,26.2,0
鹿島沖,2026-08-07,21,1.2,8.7,3.0,176,25.9,0
鹿島真沖,2026-08-07,00,1.4,8.9,3.0,176,25.0,0
鹿島真沖,2026-08-07,03,1.4,8.8,2.3,173,24.9,1
鹿島真沖,2026-08-07,06,1.5,9.1,1.9,168,25.0,0
鹿島真沖,2026-08-07,09,1.4,9.1,2.9,164,25.2,51
鹿島真沖,2026-08-07,12,1.4,8.9,4.0,169,25.6,51
鹿島真沖,2026-08-07,15,1.3,8.6,4.9,178,25.8,0
鹿島真沖,2026-08-07,18,1.3,8.6,4.3,182,25.7,1
鹿島真沖,2026-08-07,21,1.2,8.7,3.1,176,25.4,0
鹿島魚礁,2026-08-07,00,1.7,9.0,5.1,176,24.8,0
鹿島魚礁,2026-08-07,03,1.7,8.8,3.6,175,24.7,1
鹿島魚礁,2026-08-07,06,1.7,9.1,3.1,173,24.8,0
鹿島魚礁,2026-08-07,09,1.7,9.1,4.0,147,25.0,1
鹿島魚礁,2026-08-07,12,1.6,8.9,6.1,161,25.3,51
鹿島魚礁,2026-08-07,15,1.5,8.6,6.9,172,25.5,0
鹿島魚礁,2026-08-07,18,1.5,8.6,6.3,180,25.5,0
鹿島魚礁,2026-08-07,21,1.5,8.7,4.8,176,25.3,0
鹿島北沖,2026-08-07,00,1.5,8.9,3.0,177,25.7,0
鹿島北沖,2026-08-07,03,1.5,8.7,2.1,172,25.6,0
鹿島北沖,2026-08-07,06,1.5,9.0,1.8,172,25.7,0
鹿島北沖,2026-08-07,09,1.5,8.9,2.4,159,25.9,51
鹿島北沖,2026-08-07,12,1.4,8.8,3.7,168,26.2,55
鹿島北沖,2026-08-07,15,1.3,8.4,4.8,175,26.4,0
鹿島北沖,2026-08-07,18,1.3,8.4,4.3,181,26.2,0
鹿島北沖,2026-08-07,21,1.3,8.5,3.0,176,25.9,0
北沖30,2026-08-07,00,1.6,9.4,2.5,189,24.7,0
北沖30,2026-08-07,03,1.6,9.2,2.2,204,24.8,0
北沖30,2026-08-07,06,1.6,9.4,2.2,197,24.9,0
北沖30,2026-08-07,09,1.6,9.4,2.2,162,25.1,0
北沖30,2026-08-07,12,1.6,9.3,4.8,150,25.4,51
北沖30,2026-08-07,15,1.5,8.8,5.1,163,25.5,0
北沖30,2026-08-07,18,1.4,8.7,3.9,173,25.5,0
北沖30,2026-08-07,21,1.4,8.8,3.0,174,25.4,0
大洗沖,2026-08-07,00,1.6,9.4,2.4,188,25.3,0
大洗沖,2026-08-07,03,1.6,9.2,2.0,197,25.3,0
大洗沖,2026-08-07,06,1.6,9.4,2.4,195,25.4,0
大洗沖,2026-08-07,09,1.6,9.4,2.1,183,25.6,51
大洗沖,2026-08-07,12,1.6,9.3,3.5,163,25.8,51
大洗沖,2026-08-07,15,1.5,8.8,4.5,176,26.0,0
大洗沖,2026-08-07,18,1.4,8.7,3.4,180,26.0,0
大洗沖,2026-08-07,21,1.4,8.8,2.7,174,25.9,0
青山沖,2026-08-07,00,1.7,9.4,2.5,189,24.6,0
青山沖,2026-08-07,03,1.6,9.3,2.2,204,24.5,0
青山沖,2026-08-07,06,1.6,9.4,2.2,197,24.6,0
青山沖,2026-08-07,09,1.6,9.4,2.2,162,24.8,0
青山沖,2026-08-07,12,1.6,9.3,4.8,150,25.0,51
青山沖,2026-08-07,15,1.5,8.8,5.1,163,25.1,0
青山沖,2026-08-07,18,1.5,8.6,3.9,173,25.0,0
青山沖,2026-08-07,21,1.4,8.8,3.0,174,24.8,0
日立沖,2026-08-07,00,1.8,9.6,2.9,216,24.9,51
日立沖,2026-08-07,03,1.7,9.4,2.7,232,24.8,3
日立沖,2026-08-07,06,1.8,9.6,2.7,230,24.9,2
日立沖,2026-08-07,09,1.8,9.3,3.0,195,25.0,51
日立沖,2026-08-07,12,1.7,9.3,4.7,167,25.3,51
日立沖,2026-08-07,15,1.6,8.8,5.2,169,25.4,51
日立沖,2026-08-07,18,1.6,8.6,3.9,181,25.3,1
日立沖,2026-08-07,21,1.5,8.8,2.6,202,25.1,0
銭洲沖,2026-08-08,00,2.8,9.9,5.8,125,28.4,51
銭洲沖,2026-08-08,03,2.8,9.9,4.2,116,28.4,51
銭洲沖,2026-08-08,06,3.0,10.2,4.4,109,28.4,0
銭洲沖,2026-08-08,09,2.8,10.1,5.5,104,28.5,1
銭洲沖,2026-08-08,12,2.6,9.8,4.6,112,28.8,51
銭洲沖,2026-08-08,15,2.6,10.0,4.0,118,29.0,3
銭洲沖,2026-08-08,18,2.6,10.3,3.0,111,29.1,1
銭洲沖,2026-08-08,21,2.6,10.5,3.5,78,29.0,2
イナンバ,2026-08-08,00,2.6,10.1,4.8,118,28.7,3
イナンバ,2026-08-08,03,2.5,10.2,3.8,122,28.8,0
イナンバ,2026-08-08,06,2.7,10.4,4.2,114,28.9,51
イナンバ,2026-08-08,09,2.7,10.2,5.7,106,29.1,1
イナンバ,2026-08-08,12,2.6,10.0,4.9,122,29.5,0
イナンバ,2026-08-08,15,2.5,9.9,3.3,131,29.8,0
イナンバ,2026-08-08,18,2.6,10.3,2.5,115,29.8,0
イナンバ,2026-08-08,21,2.5,10.6,2.2,86,29.7,0
石花海,2026-08-08,00,2.5,9.8,4.1,120,29.0,3
石花海,2026-08-08,03,2.4,9.8,4.4,117,28.9,51
石花海,2026-08-08,06,2.5,10.1,4.5,98,28.8,0
石花海,2026-08-08,09,2.5,10.2,4.7,100,28.8,1
石花海,2026-08-08,12,2.4,10.0,5.7,113,29.0,3
石花海,2026-08-08,15,2.3,9.8,4.0,145,29.1,2
石花海,2026-08-08,18,2.3,10.0,3.1,164,29.0,1
石花海,2026-08-08,21,2.3,10.4,1.7,99,28.9,1
神津島,2026-08-08,00,2.5,9.8,4.5,125,27.1,3
神津島,2026-08-08,03,2.4,9.8,3.3,129,27.1,1
神津島,2026-08-08,06,2.5,10.1,3.4,98,27.0,0
神津島,2026-08-08,09,2.5,9.9,4.8,107,27.1,1
神津島,2026-08-08,12,2.4,9.8,4.4,126,27.5,3
神津島,2026-08-08,15,2.2,9.4,3.0,144,27.9,0
神津島,2026-08-08,18,2.2,9.7,2.7,146,28.1,0
神津島,2026-08-08,21,2.2,10.0,1.9,95,28.1,1
金洲沖,2026-08-08,00,2.4,9.8,3.4,132,27.0,3
金洲沖,2026-08-08,03,2.3,9.8,3.0,124,27.0,1
金洲沖,2026-08-08,06,2.3,10.0,3.3,94,27.0,0
金洲沖,2026-08-08,09,2.3,10.0,4.0,99,27.1,1
金洲沖,2026-08-08,12,2.2,9.9,4.8,123,27.3,3
金洲沖,2026-08-08,15,2.1,9.6,3.5,153,27.6,0
金洲沖,2026-08-08,18,2.1,9.8,2.9,172,27.6,0
金洲沖,2026-08-08,21,2.1,10.3,1.0,118,27.6,1
新島沖,2026-08-08,00,2.1,9.7,4.2,134,27.2,3
新島沖,2026-08-08,03,2.1,9.8,2.6,133,27.2,0
新島沖,2026-08-08,06,2.1,10.0,2.4,101,27.2,0
新島沖,2026-08-08,09,2.1,9.8,4.2,110,27.2,0
新島沖,2026-08-08,12,2.1,9.8,3.9,124,27.5,2
新島沖,2026-08-08,15,2.0,9.5,2.9,161,27.8,0
新島沖,2026-08-08,18,2.0,9.8,2.6,143,27.7,0
新島沖,2026-08-08,21,2.1,10.3,1.1,108,27.6,1
金州,2026-08-08,00,2.0,9.6,3.7,146,27.3,3
金州,2026-08-08,03,2.0,9.6,2.0,150,27.2,1
金州,2026-08-08,06,2.0,9.8,2.3,116,27.2,0
金州,2026-08-08,09,2.0,9.8,3.8,116,27.3,0
金州,2026-08-08,12,2.0,9.8,4.0,131,27.6,0
金州,2026-08-08,15,1.8,9.5,3.1,165,27.8,0
金州,2026-08-08,18,1.9,9.8,2.8,159,27.7,0
金州,2026-08-08,21,2.1,10.3,0.8,157,27.5,0
白河沖,2026-08-08,00,2.3,9.7,1.7,106,27.5,0
白河沖,2026-08-08,03,2.2,9.8,1.1,90,27.6,0
白河沖,2026-08-08,06,2.3,10.0,2.2,60,27.7,0
白河沖,2026-08-08,09,2.2,10.1,2.8,82,27.8,3
白河沖,2026-08-08,12,2.2,10.0,3.1,123,28.1,3
白河沖,2026-08-08,15,2.1,9.7,3.8,169,28.2,2
白河沖,2026-08-08,18,2.1,9.8,2.6,204,28.1,1
白河沖,2026-08-08,21,2.3,10.3,0.8,227,28.0,1
御前崎沖,2026-08-08,00,2.3,9.8,1.7,106,27.8,0
御前崎沖,2026-08-08,03,2.2,9.8,1.1,90,27.8,0
御前崎沖,2026-08-08,06,2.3,10.0,2.2,60,27.8,0
御前崎沖,2026-08-08,09,2.3,10.1,2.8,82,27.9,3
御前崎沖,2026-08-08,12,2.2,10.0,3.1,123,28.1,3
御前崎沖,2026-08-08,15,2.1,9.7,3.8,169,28.2,2
御前崎沖,2026-08-08,18,2.1,9.8,2.6,204,28.1,1
御前崎沖,2026-08-08,21,2.3,10.3,0.8,227,27.8,1
八方便,2026-08-08,00,2.3,9.7,1.7,106,27.5,0
八方便,2026-08-08,03,2.2,9.8,1.1,90,27.6,0
八方便,2026-08-08,06,2.3,10.0,2.2,60,27.7,0
八方便,2026-08-08,09,2.2,10.1,2.8,82,27.8,3
八方便,2026-08-08,12,2.2,10.0,3.1,123,28.1,3
八方便,2026-08-08,15,2.1,9.7,3.8,169,28.2,2
八方便,2026-08-08,18,2.1,9.8,2.6,204,28.1,1
八方便,2026-08-08,21,2.3,10.3,0.8,227,28.0,1
神子元沖,2026-08-08,00,2.3,9.8,0.5,24,28.0,1
神子元沖,2026-08-08,03,2.2,9.8,0.5,360,28.0,1
神子元沖,2026-08-08,06,2.2,10.0,1.4,358,28.0,1
神子元沖,2026-08-08,09,2.2,10.1,2.4,111,28.1,0
神子元沖,2026-08-08,12,2.2,10.0,3.9,128,28.4,0
神子元沖,2026-08-08,15,2.0,9.6,2.6,167,28.7,1
神子元沖,2026-08-08,18,2.1,9.9,1.6,200,28.5,1
神子元沖,2026-08-08,21,2.2,10.5,0.9,301,28.3,1
大東沖,2026-08-08,00,2.2,9.8,1.5,60,27.9,0
大東沖,2026-08-08,03,2.2,9.8,1.5,53,27.9,1
大東沖,2026-08-08,06,2.2,10.0,2.2,48,28.0,0
大東沖,2026-08-08,09,2.2,10.1,2.3,118,28.1,2
大東沖,2026-08-08,12,2.2,10.0,3.6,151,28.3,3
大東沖,2026-08-08,15,2.0,9.7,3.6,182,28.5,51
大東沖,2026-08-08,18,2.1,9.8,2.3,210,28.5,1
大東沖,2026-08-08,21,2.2,10.2,0.6,195,28.4,1
石廊崎沖,2026-08-08,00,2.3,9.7,1.2,66,27.7,1
石廊崎沖,2026-08-08,03,2.2,9.7,1.0,51,27.8,0
石廊崎沖,2026-08-08,06,2.2,9.9,1.5,38,27.9,1
石廊崎沖,2026-08-08,09,2.2,9.9,1.0,192,28.1,0
石廊崎沖,2026-08-08,12,2.1,9.9,3.0,177,28.3,1
石廊崎沖,2026-08-08,15,1.9,9.6,3.1,196,28.3,1
石廊崎沖,2026-08-08,18,2.0,9.9,1.7,216,28.0,1
石廊崎沖,2026-08-08,21,2.2,10.4,0.6,309,27.7,1
福田沖,2026-08-08,00,2.3,9.8,1.7,71,27.9,0
福田沖,2026-08-08,03,2.2,9.8,1.4,64,28.0,51
福田沖,2026-08-08,06,2.3,10.0,1.9,56,28.1,0
福田沖,2026-08-08,09,2.2,10.1,1.9,119,28.2,2
福田沖,2026-08-08,12,2.2,10.0,3.5,151,28.4,2
福田沖,2026-08-08,15,2.1,9.7,3.5,176,28.6,2
福田沖,2026-08-08,18,2.1,9.8,2.2,193,28.5,1
福田沖,2026-08-08,21,2.2,10.1,1.1,180,28.3,2
浜岡沖,2026-08-08,00,2.2,9.8,1.7,106,27.8,0
浜岡沖,2026-08-08,03,2.1,9.8,1.1,90,27.8,0
浜岡沖,2026-08-08,06,2.2,10.1,2.2,60,27.9,0
浜岡沖,2026-08-08,09,2.2,10.1,2.8,82,28.0,3
浜岡沖,2026-08-08,12,2.1,10.0,3.1,123,28.3,3
浜岡沖,2026-08-08,15,2.0,9.7,3.8,169,28.5,2
浜岡沖,2026-08-08,18,2.0,9.8,2.6,204,28.4,1
浜岡沖,2026-08-08,21,2.1,10.2,0.8,227,28.3,1
下田南沖,2026-08-08,00,2.3,9.8,0.5,24,28.0,1
下田南沖,2026-08-08,03,2.2,9.8,0.5,360,28.0,1
下田南沖,2026-08-08,06,2.2,10.0,1.4,358,28.0,1
下田南沖,2026-08-08,09,2.2,10.1,2.4,111,28.1,0
下田南沖,2026-08-08,12,2.2,10.0,3.9,128,28.4,0
下田南沖,2026-08-08,15,2.0,9.6,2.6,167,28.7,1
下田南沖,2026-08-08,18,2.1,9.9,1.6,200,28.5,1
下田南沖,2026-08-08,21,2.2,10.5,0.9,301,28.3,1
下田沖,2026-08-08,00,2.3,9.8,0.5,24,28.0,1
下田沖,2026-08-08,03,2.2,9.8,0.5,360,28.0,1
下田沖,2026-08-08,06,2.2,10.0,1.4,358,28.0,1
下田沖,2026-08-08,09,2.2,10.1,2.4,111,28.1,0
下田沖,2026-08-08,12,2.2,10.0,3.9,128,28.4,0
下田沖,2026-08-08,15,2.0,9.6,2.6,167,28.7,1
下田沖,2026-08-08,18,2.1,9.9,1.6,200,28.5,1
下田沖,2026-08-08,21,2.2,10.5,0.9,301,28.3,1
相良沖,2026-08-08,00,2.2,9.8,1.7,106,28.0,0
相良沖,2026-08-08,03,2.1,9.8,1.1,90,27.9,0
相良沖,2026-08-08,06,2.2,9.9,2.2,60,27.9,0
相良沖,2026-08-08,09,2.1,10.1,2.8,82,28.0,3
相良沖,2026-08-08,12,2.1,9.9,3.1,123,28.2,3
相良沖,2026-08-08,15,2.0,9.7,3.8,169,28.5,2
相良沖,2026-08-08,18,2.0,9.8,2.6,204,28.4,1
相良沖,2026-08-08,21,2.1,10.2,0.8,227,28.3,1
天竜沖,2026-08-08,00,1.8,9.2,1.3,70,27.9,0
天竜沖,2026-08-08,03,1.7,9.2,1.2,60,28.0,51
天竜沖,2026-08-08,06,1.8,9.3,1.3,51,28.1,0
天竜沖,2026-08-08,09,1.7,9.2,1.5,116,28.2,2
天竜沖,2026-08-08,12,1.7,9.2,3.1,154,28.4,3
天竜沖,2026-08-08,15,1.6,8.9,3.1,172,28.6,2
天竜沖,2026-08-08,18,1.6,9.1,2.1,183,28.5,1
天竜沖,2026-08-08,21,1.7,9.3,1.0,189,28.3,2
波勝崎沖,2026-08-08,00,2.1,9.9,0.5,24,28.6,1
波勝崎沖,2026-08-08,03,2.0,9.8,0.5,360,28.6,1
波勝崎沖,2026-08-08,06,2.0,10.0,1.4,358,28.6,1
波勝崎沖,2026-08-08,09,2.0,10.1,2.4,111,28.7,0
波勝崎沖,2026-08-08,12,1.9,10.1,3.9,128,29.0,0
波勝崎沖,2026-08-08,15,1.7,9.5,2.6,167,29.2,1
波勝崎沖,2026-08-08,18,1.8,9.9,1.6,200,29.0,1
波勝崎沖,2026-08-08,21,1.9,10.4,0.9,301,28.8,1
藤守前,2026-08-08,00,1.6,9.3,0.7,99,28.4,0
藤守前,2026-08-08,03,1.6,9.3,0.8,4,28.3,51
藤守前,2026-08-08,06,1.6,9.5,1.6,35,28.3,1
藤守前,2026-08-08,09,1.6,9.4,2.1,96,28.4,3
藤守前,2026-08-08,12,1.6,9.4,3.1,133,28.7,3
藤守前,2026-08-08,15,1.4,9.1,3.2,170,28.9,2
藤守前,2026-08-08,18,1.5,9.2,2.5,209,28.8,2
藤守前,2026-08-08,21,1.6,9.7,0.6,239,28.6,1
吉田沖,2026-08-08,00,1.6,9.3,0.7,99,28.4,0
吉田沖,2026-08-08,03,1.6,9.3,0.8,4,28.3,51
吉田沖,2026-08-08,06,1.6,9.5,1.6,35,28.3,1
吉田沖,2026-08-08,09,1.6,9.4,2.1,96,28.4,3
吉田沖,2026-08-08,12,1.6,9.4,3.1,133,28.7,3
吉田沖,2026-08-08,15,1.4,9.1,3.2,170,28.9,2
吉田沖,2026-08-08,18,1.5,9.2,2.5,209,28.8,2
吉田沖,2026-08-08,21,1.6,9.7,0.6,239,28.6,1
千貫門沖,2026-08-08,00,2.1,9.9,1.2,66,28.6,1
千貫門沖,2026-08-08,03,2.0,9.8,1.0,51,28.5,0
千貫門沖,2026-08-08,06,2.0,10.0,1.5,38,28.5,1
千貫門沖,2026-08-08,09,2.0,10.1,1.0,192,28.6,0
千貫門沖,2026-08-08,12,1.9,10.1,3.0,177,29.0,1
千貫門沖,2026-08-08,15,1.7,9.5,3.1,196,29.3,1
千貫門沖,2026-08-08,18,1.8,9.9,1.7,216,29.2,1
千貫門沖,2026-08-08,21,1.9,10.4,0.6,309,28.9,1
豊浜沖,2026-08-08,00,2.0,9.9,1.2,66,28.6,1
豊浜沖,2026-08-08,03,1.9,9.8,1.0,51,28.5,0
豊浜沖,2026-08-08,06,1.9,10.0,1.5,38,28.5,1
豊浜沖,2026-08-08,09,1.9,10.1,1.0,192,28.6,0
豊浜沖,2026-08-08,12,1.8,10.1,3.0,177,28.9,1
豊浜沖,2026-08-08,15,1.6,9.4,3.1,196,29.1,1
豊浜沖,2026-08-08,18,1.7,9.8,1.7,216,28.8,1
豊浜沖,2026-08-08,21,1.8,10.2,0.6,309,28.5,1
松崎沖,2026-08-08,00,2.1,9.9,1.2,66,28.6,1
松崎沖,2026-08-08,03,2.0,9.8,1.0,51,28.5,0
松崎沖,2026-08-08,06,2.0,10.0,1.5,38,28.5,1
松崎沖,2026-08-08,09,2.0,10.1,1.0,192,28.6,0
松崎沖,2026-08-08,12,1.9,10.1,3.0,177,29.0,1
松崎沖,2026-08-08,15,1.7,9.5,3.1,196,29.3,1
松崎沖,2026-08-08,18,1.8,9.9,1.7,216,29.2,1
松崎沖,2026-08-08,21,1.9,10.4,0.6,309,28.9,1
西伊豆沖,2026-08-08,00,2.0,9.9,0.5,131,28.6,2
西伊豆沖,2026-08-08,03,1.9,9.8,1.3,121,28.5,2
西伊豆沖,2026-08-08,06,1.9,10.0,0.5,90,28.5,2
西伊豆沖,2026-08-08,09,1.9,10.1,0.9,277,28.6,2
西伊豆沖,2026-08-08,12,1.8,10.1,1.6,270,29.0,53
西伊豆沖,2026-08-08,15,1.6,9.4,3.1,228,29.3,51
西伊豆沖,2026-08-08,18,1.7,9.8,2.0,223,29.2,1
西伊豆沖,2026-08-08,21,1.8,10.2,0.1,90,28.9,1
大井川沖,2026-08-08,00,1.8,9.4,0.5,112,28.6,51
大井川沖,2026-08-08,03,1.7,9.3,0.6,355,28.5,51
大井川沖,2026-08-08,06,1.7,9.6,1.6,20,28.5,1
大井川沖,2026-08-08,09,1.7,9.6,1.5,111,28.6,2
大井川沖,2026-08-08,12,1.7,9.7,3.1,152,28.9,3
大井川沖,2026-08-08,15,1.5,9.2,3.4,166,29.1,2
大井川沖,2026-08-08,18,1.5,9.4,2.9,203,29.0,2
大井川沖,2026-08-08,21,1.7,9.9,1.5,217,28.9,1
中瀬海岸,2026-08-08,00,1.8,9.4,0.5,112,28.6,51
中瀬海岸,2026-08-08,03,1.7,9.3,0.6,355,28.5,51
中瀬海岸,2026-08-08,06,1.7,9.6,1.6,20,28.5,1
中瀬海岸,2026-08-08,09,1.7,9.6,1.5,111,28.6,2
中瀬海岸,2026-08-08,12,1.7,9.7,3.1,152,28.9,3
中瀬海岸,2026-08-08,15,1.5,9.2,3.4,166,29.1,2
中瀬海岸,2026-08-08,18,1.5,9.4,2.9,203,29.0,2
中瀬海岸,2026-08-08,21,1.7,9.9,1.5,217,28.9,1
大井川港,2026-08-08,00,1.8,9.4,0.1,90,28.6,0
大井川港,2026-08-08,03,1.7,9.3,0.3,352,28.5,51
大井川港,2026-08-08,06,1.7,9.6,1.6,2,28.5,0
大井川港,2026-08-08,09,1.7,9.6,1.5,151,28.6,2
大井川港,2026-08-08,12,1.7,9.7,2.9,175,28.9,2
大井川港,2026-08-08,15,1.5,9.2,3.4,162,29.1,2
大井川港,2026-08-08,18,1.5,9.4,2.6,183,29.0,2
大井川港,2026-08-08,21,1.7,9.9,1.5,205,28.9,1
駿河湾,2026-08-08,00,1.9,10.0,0.2,143,28.5,2
駿河湾,2026-08-08,03,1.8,9.8,0.1,90,28.4,2
駿河湾,2026-08-08,06,1.8,10.1,1.1,59,28.3,3
駿河湾,2026-08-08,09,1.8,10.1,1.2,324,28.4,1
駿河湾,2026-08-08,12,1.7,10.1,2.4,259,28.7,51
駿河湾,2026-08-08,15,1.6,9.4,3.5,258,29.0,53
駿河湾,2026-08-08,18,1.6,9.8,1.9,237,28.9,1
駿河湾,2026-08-08,21,1.7,10.2,0.4,203,28.6,1
洲崎沖,2026-08-08,00,2.1,9.6,3.2,173,27.8,2
洲崎沖,2026-08-08,03,2.0,9.8,2.2,180,27.7,0
洲崎沖,2026-08-08,06,2.0,9.9,1.5,174,27.8,0
洲崎沖,2026-08-08,09,1.9,9.7,1.3,176,27.9,1
洲崎沖,2026-08-08,12,2.0,10.1,2.8,159,28.3,3
洲崎沖,2026-08-08,15,1.9,9.7,2.8,173,28.6,1
洲崎沖,2026-08-08,18,2.0,10.1,2.4,159,28.5,1
洲崎沖,2026-08-08,21,2.1,10.8,0.9,174,28.3,0
沖ノ瀬,2026-08-08,00,2.0,9.4,4.6,184,27.8,3
沖ノ瀬,2026-08-08,03,1.9,9.7,3.8,199,27.9,3
沖ノ瀬,2026-08-08,06,2.0,9.9,2.0,199,28.0,0
沖ノ瀬,2026-08-08,09,1.9,9.7,0.2,63,28.2,0
沖ノ瀬,2026-08-08,12,2.0,9.9,3.6,166,28.6,0
沖ノ瀬,2026-08-08,15,1.8,9.7,5.3,182,29.0,1
沖ノ瀬,2026-08-08,18,1.9,10.1,4.1,184,28.9,0
沖ノ瀬,2026-08-08,21,2.1,10.9,3.3,200,28.6,0
平砂浦沖,2026-08-08,00,2.1,9.6,3.2,173,28.1,2
平砂浦沖,2026-08-08,03,2.0,9.8,2.2,180,28.0,0
平砂浦沖,2026-08-08,06,2.0,9.8,1.5,174,28.0,0
平砂浦沖,2026-08-08,09,1.9,9.6,1.3,176,28.0,1
平砂浦沖,2026-08-08,12,2.1,10.1,2.8,159,28.3,3
平砂浦沖,2026-08-08,15,1.9,9.7,2.8,173,28.6,1
平砂浦沖,2026-08-08,18,2.0,10.2,2.4,159,28.5,1
平砂浦沖,2026-08-08,21,2.2,10.8,0.9,174,28.3,0
館山沖,2026-08-08,00,2.1,9.6,3.2,173,28.1,2
館山沖,2026-08-08,03,2.0,9.8,2.2,180,28.0,0
館山沖,2026-08-08,06,2.0,9.8,1.5,174,28.0,0
館山沖,2026-08-08,09,1.9,9.7,1.3,176,28.1,1
館山沖,2026-08-08,12,2.0,10.1,2.8,159,28.4,3
館山沖,2026-08-08,15,1.9,9.7,2.8,173,28.7,1
館山沖,2026-08-08,18,2.0,10.1,2.4,159,28.6,1
館山沖,2026-08-08,21,2.1,10.8,0.9,174,28.4,0
久能沖,2026-08-08,00,1.8,9.5,1.0,297,28.6,1
久能沖,2026-08-08,03,1.7,9.4,0.9,286,28.5,2
久能沖,2026-08-08,06,1.7,9.7,1.1,342,28.5,1
久能沖,2026-08-08,09,1.6,9.7,1.8,122,28.6,0
久能沖,2026-08-08,12,1.6,9.7,2.8,153,29.0,2
久能沖,2026-08-08,15,1.4,9.2,3.4,179,29.3,2
久能沖,2026-08-08,18,1.5,9.3,2.0,179,29.2,2
久能沖,2026-08-08,21,1.6,9.9,1.0,137,28.9,2
富浦沖,2026-08-08,00,2.1,9.6,3.2,173,27.6,2
富浦沖,2026-08-08,03,2.0,9.8,2.2,180,27.6,0
富浦沖,2026-08-08,06,2.0,9.9,1.5,174,27.6,0
富浦沖,2026-08-08,09,1.9,9.7,1.3,176,27.8,1
富浦沖,2026-08-08,12,2.0,10.0,2.8,159,28.2,3
富浦沖,2026-08-08,15,1.9,9.7,2.8,173,28.5,1
富浦沖,2026-08-08,18,2.0,10.1,2.4,159,28.4,1
富浦沖,2026-08-08,21,2.2,10.8,0.9,174,28.2,0
折戸沖,2026-08-08,00,1.8,9.5,1.0,297,28.6,1
折戸沖,2026-08-08,03,1.7,9.4,0.9,286,28.5,2
折戸沖,2026-08-08,06,1.7,9.7,1.1,342,28.5,1
折戸沖,2026-08-08,09,1.6,9.7,1.8,122,28.6,0
折戸沖,2026-08-08,12,1.6,9.7,2.8,153,29.0,2
折戸沖,2026-08-08,15,1.4,9.2,3.4,179,29.3,2
折戸沖,2026-08-08,18,1.5,9.3,2.0,179,29.2,2
折戸沖,2026-08-08,21,1.6,9.9,1.0,137,28.9,2
貯木場,2026-08-08,00,1.8,9.8,1.0,297,28.6,1
貯木場,2026-08-08,03,1.7,9.8,0.9,286,28.5,2
貯木場,2026-08-08,06,1.7,9.9,1.1,342,28.5,1
貯木場,2026-08-08,09,1.6,9.9,1.8,122,28.6,0
貯木場,2026-08-08,12,1.6,9.9,2.8,153,29.0,2
貯木場,2026-08-08,15,1.5,9.4,3.4,179,29.3,2
貯木場,2026-08-08,18,1.5,9.4,2.0,179,29.2,2
貯木場,2026-08-08,21,1.6,10.0,1.0,137,28.9,2
折戸,2026-08-08,00,1.8,9.8,1.0,297,28.5,1
折戸,2026-08-08,03,1.7,9.8,0.9,286,28.4,2
折戸,2026-08-08,06,1.7,9.9,1.1,342,28.3,1
折戸,2026-08-08,09,1.6,9.9,1.8,122,28.4,0
折戸,2026-08-08,12,1.6,9.9,2.8,153,28.8,2
折戸,2026-08-08,15,1.5,9.4,3.4,179,29.2,2
折戸,2026-08-08,18,1.5,9.4,2.0,179,29.2,2
折戸,2026-08-08,21,1.6,10.0,1.0,137,29.0,2
清水沖,2026-08-08,00,1.8,9.8,1.0,297,28.5,1
清水沖,2026-08-08,03,1.7,9.8,0.9,286,28.4,2
清水沖,2026-08-08,06,1.7,9.9,1.1,342,28.3,1
清水沖,2026-08-08,09,1.6,9.9,1.8,122,28.4,0
清水沖,2026-08-08,12,1.6,9.9,2.8,153,28.8,2
清水沖,2026-08-08,15,1.5,9.4,3.4,179,29.2,2
清水沖,2026-08-08,18,1.5,9.4,2.0,179,29.2,2
清水沖,2026-08-08,21,1.6,10.0,1.0,137,29.0,2
岩井富浦沖,2026-08-08,00,1.8,9.7,3.2,173,28.2,2
岩井富浦沖,2026-08-08,03,1.7,9.7,2.2,180,28.1,0
岩井富浦沖,2026-08-08,06,1.6,9.6,1.5,174,28.0,0
岩井富浦沖,2026-08-08,09,1.6,9.6,1.3,176,28.1,1
岩井富浦沖,2026-08-08,12,1.7,10.1,2.8,159,28.5,3
岩井富浦沖,2026-08-08,15,1.6,9.4,2.8,173,28.8,1
岩井富浦沖,2026-08-08,18,1.6,9.7,2.4,159,28.7,1
岩井富浦沖,2026-08-08,21,1.7,10.2,0.9,174,28.4,0
北防,2026-08-08,00,1.8,9.8,1.0,297,28.6,1
北防,2026-08-08,03,1.7,9.8,0.9,286,28.5,2
北防,2026-08-08,06,1.7,9.9,1.1,342,28.5,1
北防,2026-08-08,09,1.6,9.9,1.8,122,28.6,0
北防,2026-08-08,12,1.6,9.9,2.8,153,29.0,2
北防,2026-08-08,15,1.5,9.4,3.4,179,29.3,2
北防,2026-08-08,18,1.5,9.4,2.0,179,29.2,2
北防,2026-08-08,21,1.6,10.0,1.0,137,28.9,2
一文字堤,2026-08-08,00,1.8,9.8,1.0,297,28.5,1
一文字堤,2026-08-08,03,1.7,9.8,0.9,286,28.4,2
一文字堤,2026-08-08,06,1.7,9.9,1.1,342,28.3,1
一文字堤,2026-08-08,09,1.6,9.9,1.8,122,28.4,0
一文字堤,2026-08-08,12,1.6,9.9,2.8,153,28.8,2
一文字堤,2026-08-08,15,1.5,9.4,3.4,179,29.2,2
一文字堤,2026-08-08,18,1.5,9.4,2.0,179,29.2,2
一文字堤,2026-08-08,21,1.6,10.0,1.0,137,29.0,2
西浦沖,2026-08-08,00,1.6,10.0,0.2,146,28.2,1
西浦沖,2026-08-08,03,1.6,9.8,0.9,322,28.1,1
西浦沖,2026-08-08,06,1.6,10.0,0.5,77,28.1,1
西浦沖,2026-08-08,09,1.5,10.0,0.2,307,28.2,1
西浦沖,2026-08-08,12,1.5,10.0,1.7,270,28.5,1
西浦沖,2026-08-08,15,1.4,9.7,3.4,284,28.8,53
西浦沖,2026-08-08,18,1.3,9.5,1.9,296,28.7,1
西浦沖,2026-08-08,21,1.4,9.9,0.4,270,28.4,1
高新田前,2026-08-08,00,1.8,9.8,1.0,297,28.5,1
高新田前,2026-08-08,03,1.7,9.8,0.9,286,28.4,2
高新田前,2026-08-08,06,1.7,9.9,1.1,342,28.3,1
高新田前,2026-08-08,09,1.6,9.9,1.8,122,28.4,0
高新田前,2026-08-08,12,1.6,9.9,2.8,153,28.8,2
高新田前,2026-08-08,15,1.5,9.4,3.4,179,29.2,2
高新田前,2026-08-08,18,1.5,9.4,2.0,179,29.2,2
高新田前,2026-08-08,21,1.6,10.0,1.0,137,29.0,2
三保沖,2026-08-08,00,1.8,9.8,0.7,302,28.2,2
三保沖,2026-08-08,03,1.7,9.8,0.6,275,28.1,3
三保沖,2026-08-08,06,1.7,9.9,1.1,329,28.1,3
三保沖,2026-08-08,09,1.6,9.9,1.6,117,28.2,0
三保沖,2026-08-08,12,1.6,9.9,2.6,140,28.5,1
三保沖,2026-08-08,15,1.5,9.4,3.1,180,28.7,1
三保沖,2026-08-08,18,1.5,9.4,1.3,178,28.5,2
三保沖,2026-08-08,21,1.6,10.0,0.2,180,28.3,1
三保取入口,2026-08-08,00,1.8,9.8,0.7,302,28.2,2
三保取入口,2026-08-08,03,1.7,9.8,0.6,275,28.1,3
三保取入口,2026-08-08,06,1.7,9.9,1.1,329,28.1,3
三保取入口,2026-08-08,09,1.6,9.9,1.6,117,28.2,0
三保取入口,2026-08-08,12,1.6,9.9,2.6,140,28.5,1
三保取入口,2026-08-08,15,1.5,9.4,3.1,180,28.7,1
三保取入口,2026-08-08,18,1.5,9.4,1.3,178,28.5,2
三保取入口,2026-08-08,21,1.6,10.0,0.2,180,28.3,1
静浦沖,2026-08-08,00,1.6,10.0,0.2,127,28.2,0
静浦沖,2026-08-08,03,1.6,9.8,0.4,315,28.1,1
静浦沖,2026-08-08,06,1.6,10.0,0.8,73,28.1,0
静浦沖,2026-08-08,09,1.5,10.0,0.7,210,28.2,0
静浦沖,2026-08-08,12,1.5,10.0,2.8,233,28.5,1
静浦沖,2026-08-08,15,1.4,9.7,3.1,246,28.8,1
静浦沖,2026-08-08,18,1.3,9.5,1.7,225,28.7,1
静浦沖,2026-08-08,21,1.4,9.9,0.3,172,28.4,2
網代沖,2026-08-08,00,,,0.9,263,27.9,3
網代沖,2026-08-08,03,,,1.3,281,27.6,3
網代沖,2026-08-08,06,,,0.8,266,27.6,2
網代沖,2026-08-08,09,,,1.2,120,27.8,0
網代沖,2026-08-08,12,,,1.9,92,28.2,1
網代沖,2026-08-08,15,,,2.1,295,28.5,1
網代沖,2026-08-08,18,,,1.7,317,28.3,0
網代沖,2026-08-08,21,,,1.1,300,27.9,0
網代南沖,2026-08-08,00,1.6,9.4,1.3,263,27.9,1
網代南沖,2026-08-08,03,1.6,9.4,1.4,272,27.6,1
網代南沖,2026-08-08,06,1.5,9.7,1.1,281,27.6,1
網代南沖,2026-08-08,09,1.5,9.6,1.6,126,27.8,1
網代南沖,2026-08-08,12,1.6,9.8,3.2,125,28.2,1
網代南沖,2026-08-08,15,1.5,9.4,1.7,202,28.5,1
網代南沖,2026-08-08,18,1.5,9.8,1.4,215,28.3,0
網代南沖,2026-08-08,21,1.7,10.9,1.2,272,27.9,0
岩井沖,2026-08-08,00,1.8,9.7,3.2,173,28.2,2
岩井沖,2026-08-08,03,1.7,9.7,2.2,180,28.1,0
岩井沖,2026-08-08,06,1.6,9.6,1.5,174,28.0,0
岩井沖,2026-08-08,09,1.6,9.6,1.3,176,28.1,1
岩井沖,2026-08-08,12,1.7,10.1,2.8,159,28.5,3
岩井沖,2026-08-08,15,1.6,9.4,2.8,173,28.8,1
岩井沖,2026-08-08,18,1.6,9.7,2.4,159,28.7,1
岩井沖,2026-08-08,21,1.7,10.2,0.9,174,28.4,0
沼津沖,2026-08-08,00,1.6,10.0,0.2,146,28.2,1
沼津沖,2026-08-08,03,1.6,9.8,0.9,322,28.1,1
沼津沖,2026-08-08,06,1.6,10.0,0.5,77,28.1,1
沼津沖,2026-08-08,09,1.5,10.0,0.2,307,28.2,1
沼津沖,2026-08-08,12,1.5,10.0,1.7,270,28.5,1
沼津沖,2026-08-08,15,1.4,9.7,3.4,284,28.8,53
沼津沖,2026-08-08,18,1.3,9.5,1.9,296,28.7,1
沼津沖,2026-08-08,21,1.4,9.9,0.4,270,28.4,1
相模湾,2026-08-08,00,1.8,9.5,5.4,194,28.4,1
相模湾,2026-08-08,03,1.7,9.6,4.7,206,28.3,3
相模湾,2026-08-08,06,1.7,9.8,2.8,214,28.3,2
相模湾,2026-08-08,09,1.7,9.7,1.0,357,28.5,0
相模湾,2026-08-08,12,1.7,9.9,2.5,173,28.8,0
相模湾,2026-08-08,15,1.6,9.5,7.0,185,29.1,0
相模湾,2026-08-08,18,1.7,9.9,6.4,189,28.9,0
相模湾,2026-08-08,21,1.8,10.8,4.2,201,28.6,0
太海沖航程1時間30分,2026-08-08,00,2.1,9.6,2.7,172,28.2,2
太海沖航程1時間30分,2026-08-08,03,2.0,9.8,1.8,175,28.2,0
太海沖航程1時間30分,2026-08-08,06,2.0,9.8,1.4,168,28.2,0
太海沖航程1時間30分,2026-08-08,09,1.9,9.6,1.4,165,28.3,1
太海沖航程1時間30分,2026-08-08,12,2.1,10.1,2.6,151,28.6,3
太海沖航程1時間30分,2026-08-08,15,1.9,9.7,2.8,165,28.8,1
太海沖航程1時間30分,2026-08-08,18,2.0,10.2,2.2,150,28.6,1
太海沖航程1時間30分,2026-08-08,21,2.2,10.8,0.7,164,28.4,0
木負沖,2026-08-08,00,1.6,10.0,0.2,127,28.2,0
木負沖,2026-08-08,03,1.6,9.8,0.4,315,28.1,1
木負沖,2026-08-08,06,1.6,10.0,0.8,73,28.1,0
木負沖,2026-08-08,09,1.5,10.0,0.7,210,28.2,0
木負沖,2026-08-08,12,1.5,10.0,2.8,233,28.5,1
木負沖,2026-08-08,15,1.4,9.7,3.1,246,28.8,1
木負沖,2026-08-08,18,1.3,9.5,1.7,225,28.7,1
木負沖,2026-08-08,21,1.4,9.9,0.3,172,28.4,2
木負湾内,2026-08-08,00,1.6,10.0,0.2,127,28.2,0
木負湾内,2026-08-08,03,1.6,9.8,0.4,315,28.1,1
木負湾内,2026-08-08,06,1.6,10.0,0.8,73,28.1,0
木負湾内,2026-08-08,09,1.5,10.0,0.7,210,28.2,0
木負湾内,2026-08-08,12,1.5,10.0,2.8,233,28.5,1
木負湾内,2026-08-08,15,1.4,9.7,3.1,246,28.8,1
木負湾内,2026-08-08,18,1.3,9.5,1.7,225,28.7,1
木負湾内,2026-08-08,21,1.4,9.9,0.3,172,28.4,2
カメギ根,2026-08-08,00,1.9,9.5,6.1,187,28.3,1
カメギ根,2026-08-08,03,1.8,9.6,5.1,197,28.3,1
カメギ根,2026-08-08,06,1.8,9.8,3.8,202,28.4,0
カメギ根,2026-08-08,09,1.7,9.7,0.5,186,28.6,0
カメギ根,2026-08-08,12,1.8,9.9,3.6,172,28.9,0
カメギ根,2026-08-08,15,1.7,9.4,5.7,181,29.2,1
カメギ根,2026-08-08,18,1.8,9.8,5.2,180,29.1,1
カメギ根,2026-08-08,21,1.9,10.6,3.9,187,28.9,0
保田沖,2026-08-08,00,1.9,9.6,3.2,175,27.9,3
保田沖,2026-08-08,03,1.8,9.7,2.4,176,27.8,0
保田沖,2026-08-08,06,1.7,9.7,2.1,163,27.8,0
保田沖,2026-08-08,09,1.7,9.7,1.1,238,27.9,1
保田沖,2026-08-08,12,1.8,9.9,2.4,231,28.3,51
保田沖,2026-08-08,15,1.7,9.4,3.1,192,28.6,1
保田沖,2026-08-08,18,1.7,9.7,2.7,170,28.5,0
保田沖,2026-08-08,21,1.8,10.3,1.6,156,28.2,0
大沢沖前後,2026-08-08,00,2.2,9.8,3.0,180,28.7,1
大沢沖前後,2026-08-08,03,2.1,10.1,2.2,190,28.6,0
大沢沖前後,2026-08-08,06,2.1,10.1,1.4,203,28.6,0
大沢沖前後,2026-08-08,09,2.0,9.8,1.7,150,28.6,0
大沢沖前後,2026-08-08,12,2.2,10.3,3.0,144,28.8,2
大沢沖前後,2026-08-08,15,2.1,10.2,3.1,167,28.9,1
大沢沖前後,2026-08-08,18,2.2,10.7,2.2,169,28.7,3
大沢沖前後,2026-08-08,21,2.3,11.2,0.8,201,28.3,0
勝浦沖航程1時間30分,2026-08-08,00,2.3,9.9,3.0,180,28.8,1
勝浦沖航程1時間30分,2026-08-08,03,2.3,10.2,2.5,194,28.7,0
勝浦沖航程1時間30分,2026-08-08,06,2.3,10.1,1.6,193,28.7,0
勝浦沖航程1時間30分,2026-08-08,09,2.1,9.7,2.0,165,28.8,1
勝浦沖航程1時間30分,2026-08-08,12,2.2,10.2,2.7,162,29.2,1
勝浦沖航程1時間30分,2026-08-08,15,2.2,10.3,2.8,168,29.5,0
勝浦沖航程1時間30分,2026-08-08,18,2.4,10.8,2.2,167,29.1,3
勝浦沖航程1時間30分,2026-08-08,21,2.5,11.3,1.1,204,28.7,1
由比沖,2026-08-08,00,1.5,9.9,0.4,353,28.5,1
由比沖,2026-08-08,03,1.4,9.7,0.1,360,28.4,1
由比沖,2026-08-08,06,1.4,9.8,0.3,9,28.3,0
由比沖,2026-08-08,09,1.4,9.9,1.9,188,28.4,0
由比沖,2026-08-08,12,1.3,9.8,1.9,209,28.7,2
由比沖,2026-08-08,15,1.2,9.6,2.2,185,28.9,2
由比沖,2026-08-08,18,1.2,9.2,1.0,166,28.8,2
由比沖,2026-08-08,21,1.2,9.8,0.5,90,28.6,0
由比港周辺,2026-08-08,00,1.5,9.9,0.4,353,28.5,1
由比港周辺,2026-08-08,03,1.4,9.7,0.1,360,28.4,1
由比港周辺,2026-08-08,06,1.4,9.8,0.3,9,28.3,0
由比港周辺,2026-08-08,09,1.4,9.9,1.9,188,28.4,0
由比港周辺,2026-08-08,12,1.3,9.8,1.9,209,28.7,2
由比港周辺,2026-08-08,15,1.2,9.6,2.2,185,28.9,2
由比港周辺,2026-08-08,18,1.2,9.2,1.0,166,28.8,2
由比港周辺,2026-08-08,21,1.2,9.8,0.5,90,28.6,0
岩船沖,2026-08-08,00,2.1,9.6,2.5,173,28.2,1
岩船沖,2026-08-08,03,2.0,9.8,1.6,176,28.2,0
岩船沖,2026-08-08,06,2.0,9.8,1.5,174,28.2,0
岩船沖,2026-08-08,09,1.9,9.6,1.4,153,28.3,1
岩船沖,2026-08-08,12,2.1,10.1,2.8,146,28.6,3
岩船沖,2026-08-08,15,1.9,9.7,2.8,159,28.8,1
岩船沖,2026-08-08,18,2.0,10.2,2.2,153,28.6,1
岩船沖,2026-08-08,21,2.2,10.8,0.8,165,28.4,0
小湊沖,2026-08-08,00,2.0,9.6,3.0,180,28.4,1
小湊沖,2026-08-08,03,1.9,9.8,2.2,190,28.3,0
小湊沖,2026-08-08,06,1.9,9.8,1.4,203,28.4,0
小湊沖,2026-08-08,09,1.7,9.4,1.7,150,28.5,0
小湊沖,2026-08-08,12,1.9,10.1,3.0,144,28.8,2
小湊沖,2026-08-08,15,1.8,9.8,3.1,167,29.1,1
小湊沖,2026-08-08,18,2.0,10.4,2.2,169,28.9,3
小湊沖,2026-08-08,21,2.0,10.9,0.8,201,28.7,0
太海沖,2026-08-08,00,1.6,9.8,3.2,175,27.8,3
太海沖,2026-08-08,03,1.5,9.7,2.4,176,27.7,0
太海沖,2026-08-08,06,1.4,9.5,2.1,163,27.7,0
太海沖,2026-08-08,09,1.3,9.6,1.1,238,27.9,1
太海沖,2026-08-08,12,1.5,10.2,2.4,231,28.3,51
太海沖,2026-08-08,15,1.3,9.3,3.1,192,28.6,1
太海沖,2026-08-08,18,1.4,9.6,2.7,170,28.5,0
太海沖,2026-08-08,21,1.5,10.1,1.6,156,28.3,0
鴨川沖前後,2026-08-08,00,1.7,9.2,3.0,180,28.2,1
鴨川沖前後,2026-08-08,03,1.6,9.4,2.2,190,28.1,0
鴨川沖前後,2026-08-08,06,1.6,9.4,1.4,203,28.1,0
鴨川沖前後,2026-08-08,09,1.5,9.0,1.7,150,28.2,0
鴨川沖前後,2026-08-08,12,1.7,9.7,3.0,144,28.5,2
鴨川沖前後,2026-08-08,15,1.6,9.4,3.1,167,28.8,1
鴨川沖前後,2026-08-08,18,1.7,10.0,2.2,169,28.7,3
鴨川沖前後,2026-08-08,21,1.8,10.5,0.8,201,28.5,0
岩和田沖,2026-08-08,00,2.2,9.8,3.0,180,28.6,1
岩和田沖,2026-08-08,03,2.2,10.1,2.5,194,28.6,0
岩和田沖,2026-08-08,06,2.2,10.1,1.6,193,28.6,0
岩和田沖,2026-08-08,09,2.0,9.6,2.0,165,28.6,1
岩和田沖,2026-08-08,12,2.1,10.2,2.7,162,28.9,1
岩和田沖,2026-08-08,15,2.1,10.2,2.8,168,29.2,0
岩和田沖,2026-08-08,18,2.3,10.8,2.2,167,29.1,3
岩和田沖,2026-08-08,21,2.4,11.2,1.1,204,29.0,1
城ヶ島西沖,2026-08-08,00,1.8,9.4,6.1,187,28.6,1
城ヶ島西沖,2026-08-08,03,1.7,9.4,5.1,197,28.6,1
城ヶ島西沖,2026-08-08,06,1.6,9.6,3.8,202,28.6,0
城ヶ島西沖,2026-08-08,09,1.6,9.6,0.5,186,28.7,0
城ヶ島西沖,2026-08-08,12,1.7,9.8,3.6,172,29.0,0
城ヶ島西沖,2026-08-08,15,1.5,9.2,5.7,181,29.3,1
城ヶ島西沖,2026-08-08,18,1.6,9.4,5.2,180,29.1,1
城ヶ島西沖,2026-08-08,21,1.7,10.2,3.9,187,28.9,0
城ヶ島沖,2026-08-08,00,1.8,9.5,6.1,186,28.2,3
城ヶ島沖,2026-08-08,03,1.7,9.5,4.9,197,28.2,1
城ヶ島沖,2026-08-08,06,1.6,9.5,3.5,199,28.3,0
城ヶ島沖,2026-08-08,09,1.6,9.6,0.7,249,28.5,0
城ヶ島沖,2026-08-08,12,1.7,9.9,3.7,206,28.9,0
城ヶ島沖,2026-08-08,15,1.5,9.2,5.8,186,29.2,2
城ヶ島沖,2026-08-08,18,1.6,9.4,5.0,179,29.1,0
城ヶ島沖,2026-08-08,21,1.7,10.1,3.2,178,28.8,0
大貫沖～富浦沖,2026-08-08,00,1.6,9.8,3.2,175,28.0,3
大貫沖～富浦沖,2026-08-08,03,1.5,9.7,2.4,176,27.9,0
大貫沖～富浦沖,2026-08-08,06,1.4,9.5,2.1,163,27.9,0
大貫沖～富浦沖,2026-08-08,09,1.3,9.6,1.1,238,28.0,1
大貫沖～富浦沖,2026-08-08,12,1.5,10.2,2.4,231,28.3,51
大貫沖～富浦沖,2026-08-08,15,1.3,9.3,3.1,192,28.7,1
大貫沖～富浦沖,2026-08-08,18,1.4,9.6,2.7,170,28.6,0
大貫沖～富浦沖,2026-08-08,21,1.5,10.1,1.6,156,28.4,0
御宿沖,2026-08-08,00,2.2,9.8,3.0,180,28.6,1
御宿沖,2026-08-08,03,2.2,10.1,2.5,194,28.6,0
御宿沖,2026-08-08,06,2.2,10.1,1.6,193,28.6,0
御宿沖,2026-08-08,09,2.0,9.6,2.0,165,28.6,1
御宿沖,2026-08-08,12,2.1,10.2,2.7,162,28.9,1
御宿沖,2026-08-08,15,2.1,10.2,2.8,168,29.2,0
御宿沖,2026-08-08,18,2.3,10.8,2.2,167,29.1,3
御宿沖,2026-08-08,21,2.4,11.2,1.1,204,29.0,1
興津港沖,2026-08-08,00,2.2,9.8,3.0,180,28.6,1
興津港沖,2026-08-08,03,2.2,10.1,2.5,194,28.6,0
興津港沖,2026-08-08,06,2.2,10.1,1.6,193,28.6,0
興津港沖,2026-08-08,09,2.0,9.6,2.0,165,28.6,1
興津港沖,2026-08-08,12,2.1,10.2,2.7,162,28.9,1
興津港沖,2026-08-08,15,2.1,10.2,2.8,168,29.2,0
興津港沖,2026-08-08,18,2.3,10.8,2.2,167,29.1,3
興津港沖,2026-08-08,21,2.4,11.2,1.1,204,29.0,1
烏帽子沖,2026-08-08,00,1.8,9.5,6.1,186,28.2,3
烏帽子沖,2026-08-08,03,1.7,9.5,4.9,197,28.2,1
烏帽子沖,2026-08-08,06,1.6,9.5,3.5,199,28.3,0
烏帽子沖,2026-08-08,09,1.6,9.6,0.7,249,28.5,0
烏帽子沖,2026-08-08,12,1.7,9.9,3.7,206,28.9,0
烏帽子沖,2026-08-08,15,1.5,9.2,5.8,186,29.2,2
烏帽子沖,2026-08-08,18,1.6,9.4,5.0,179,29.1,0
烏帽子沖,2026-08-08,21,1.7,10.1,3.2,178,28.8,0
諸磯沖,2026-08-08,00,1.8,9.5,6.1,186,28.2,3
諸磯沖,2026-08-08,03,1.7,9.5,4.9,197,28.2,1
諸磯沖,2026-08-08,06,1.6,9.5,3.5,199,28.3,0
諸磯沖,2026-08-08,09,1.6,9.6,0.7,249,28.5,0
諸磯沖,2026-08-08,12,1.7,9.9,3.7,206,28.9,0
諸磯沖,2026-08-08,15,1.5,9.2,5.8,186,29.2,2
諸磯沖,2026-08-08,18,1.6,9.4,5.0,179,29.1,0
諸磯沖,2026-08-08,21,1.7,10.1,3.2,178,28.8,0
剣崎沖,2026-08-08,00,1.8,9.5,6.1,186,28.2,3
剣崎沖,2026-08-08,03,1.7,9.5,4.9,197,28.2,1
剣崎沖,2026-08-08,06,1.6,9.5,3.5,199,28.3,0
剣崎沖,2026-08-08,09,1.6,9.6,0.7,249,28.5,0
剣崎沖,2026-08-08,12,1.7,9.9,3.7,206,28.9,0
剣崎沖,2026-08-08,15,1.5,9.2,5.8,186,29.2,2
剣崎沖,2026-08-08,18,1.6,9.4,5.0,179,29.1,0
剣崎沖,2026-08-08,21,1.7,10.1,3.2,178,28.8,0
勝浦灯台沖航程20分,2026-08-08,00,2.1,9.8,3.0,180,28.6,1
勝浦灯台沖航程20分,2026-08-08,03,2.1,10.0,2.5,194,28.5,0
勝浦灯台沖航程20分,2026-08-08,06,2.1,10.1,1.6,193,28.4,0
勝浦灯台沖航程20分,2026-08-08,09,1.9,9.6,2.0,165,28.5,1
勝浦灯台沖航程20分,2026-08-08,12,2.1,10.2,2.7,162,28.9,1
勝浦灯台沖航程20分,2026-08-08,15,2.0,10.1,2.8,168,29.2,0
勝浦灯台沖航程20分,2026-08-08,18,2.2,10.7,2.2,167,29.0,3
勝浦灯台沖航程20分,2026-08-08,21,2.3,11.2,1.1,204,28.7,1
勝浦沖航程30分,2026-08-08,00,2.2,9.8,3.0,180,28.6,1
勝浦沖航程30分,2026-08-08,03,2.2,10.1,2.5,194,28.6,0
勝浦沖航程30分,2026-08-08,06,2.2,10.1,1.6,193,28.6,0
勝浦沖航程30分,2026-08-08,09,2.0,9.6,2.0,165,28.6,1
勝浦沖航程30分,2026-08-08,12,2.1,10.2,2.7,162,28.9,1
勝浦沖航程30分,2026-08-08,15,2.1,10.2,2.8,168,29.2,0
勝浦沖航程30分,2026-08-08,18,2.3,10.8,2.2,167,29.1,3
勝浦沖航程30分,2026-08-08,21,2.4,11.2,1.1,204,29.0,1
田子の浦沖,2026-08-08,00,1.5,9.9,0.4,353,28.5,1
田子の浦沖,2026-08-08,03,1.4,9.7,0.1,360,28.4,1
田子の浦沖,2026-08-08,06,1.4,9.8,0.3,9,28.3,0
田子の浦沖,2026-08-08,09,1.4,9.9,1.9,188,28.4,0
田子の浦沖,2026-08-08,12,1.3,9.8,1.9,209,28.7,2
田子の浦沖,2026-08-08,15,1.2,9.6,2.2,185,28.9,2
田子の浦沖,2026-08-08,18,1.2,9.2,1.0,166,28.8,2
田子の浦沖,2026-08-08,21,1.2,9.8,0.5,90,28.6,0
富士川沖,2026-08-08,00,1.5,9.9,0.4,353,28.3,1
富士川沖,2026-08-08,03,1.4,9.7,0.1,360,28.2,1
富士川沖,2026-08-08,06,1.4,9.8,0.3,9,28.2,0
富士川沖,2026-08-08,09,1.4,9.9,1.9,188,28.3,0
富士川沖,2026-08-08,12,1.3,9.8,1.9,209,28.7,2
富士川沖,2026-08-08,15,1.2,9.6,2.2,185,28.9,2
富士川沖,2026-08-08,18,1.2,9.2,1.0,166,28.8,2
富士川沖,2026-08-08,21,1.2,9.8,0.5,90,28.6,0
かんねこ,2026-08-08,00,1.6,9.8,3.2,175,27.8,3
かんねこ,2026-08-08,03,1.5,9.7,2.4,176,27.7,0
かんねこ,2026-08-08,06,1.4,9.5,2.1,163,27.7,0
かんねこ,2026-08-08,09,1.3,9.6,1.1,238,27.9,1
かんねこ,2026-08-08,12,1.5,10.2,2.4,231,28.3,51
かんねこ,2026-08-08,15,1.3,9.3,3.1,192,28.6,1
かんねこ,2026-08-08,18,1.4,9.6,2.7,170,28.5,0
かんねこ,2026-08-08,21,1.5,10.1,1.6,156,28.3,0
海中公園沖,2026-08-08,00,2.2,9.8,3.0,180,28.6,1
海中公園沖,2026-08-08,03,2.2,10.1,2.5,194,28.6,0
海中公園沖,2026-08-08,06,2.2,10.1,1.6,193,28.6,0
海中公園沖,2026-08-08,09,2.0,9.6,2.0,165,28.6,1
海中公園沖,2026-08-08,12,2.1,10.2,2.7,162,28.9,1
海中公園沖,2026-08-08,15,2.1,10.2,2.8,168,29.2,0
海中公園沖,2026-08-08,18,2.3,10.8,2.2,167,29.1,3
海中公園沖,2026-08-08,21,2.4,11.2,1.1,204,29.0,1
真鶴西沖,2026-08-08,00,1.5,9.2,1.4,236,28.1,1
真鶴西沖,2026-08-08,03,1.4,9.3,1.4,260,27.9,1
真鶴西沖,2026-08-08,06,1.4,9.6,1.4,288,27.8,1
真鶴西沖,2026-08-08,09,1.4,9.4,1.7,116,27.9,1
真鶴西沖,2026-08-08,12,1.4,9.7,3.2,141,28.3,1
真鶴西沖,2026-08-08,15,1.3,9.2,3.3,157,28.6,1
真鶴西沖,2026-08-08,18,1.4,9.5,2.4,169,28.4,0
真鶴西沖,2026-08-08,21,1.5,10.7,0.8,249,28.0,0
真鶴沖,2026-08-08,00,1.5,9.2,1.4,236,28.1,1
真鶴沖,2026-08-08,03,1.4,9.3,1.4,260,27.9,1
真鶴沖,2026-08-08,06,1.4,9.6,1.4,288,27.8,1
真鶴沖,2026-08-08,09,1.4,9.4,1.7,116,27.9,1
真鶴沖,2026-08-08,12,1.4,9.7,3.2,141,28.3,1
真鶴沖,2026-08-08,15,1.3,9.2,3.3,157,28.6,1
真鶴沖,2026-08-08,18,1.4,9.5,2.4,169,28.4,0
真鶴沖,2026-08-08,21,1.5,10.7,0.8,249,28.0,0
勝浦灯台沖,2026-08-08,00,2.1,9.8,3.0,180,28.6,1
勝浦灯台沖,2026-08-08,03,2.1,10.0,2.5,194,28.5,0
勝浦灯台沖,2026-08-08,06,2.1,10.1,1.6,193,28.4,0
勝浦灯台沖,2026-08-08,09,1.9,9.6,2.0,165,28.5,1
勝浦灯台沖,2026-08-08,12,2.1,10.2,2.7,162,28.9,1
勝浦灯台沖,2026-08-08,15,2.0,10.1,2.8,168,29.2,0
勝浦灯台沖,2026-08-08,18,2.2,10.7,2.2,167,29.0,3
勝浦灯台沖,2026-08-08,21,2.3,11.2,1.1,204,28.7,1
勝浦沖,2026-08-08,00,2.1,9.8,3.0,180,28.6,1
勝浦沖,2026-08-08,03,2.1,10.0,2.5,194,28.5,0
勝浦沖,2026-08-08,06,2.1,10.1,1.6,193,28.4,0
勝浦沖,2026-08-08,09,1.9,9.6,2.0,165,28.5,1
勝浦沖,2026-08-08,12,2.1,10.2,2.7,162,28.9,1
勝浦沖,2026-08-08,15,2.0,10.1,2.8,168,29.2,0
勝浦沖,2026-08-08,18,2.2,10.7,2.2,167,29.0,3
勝浦沖,2026-08-08,21,2.3,11.2,1.1,204,28.7,1
富士山根,2026-08-08,00,1.6,9.5,4.5,188,28.8,1
富士山根,2026-08-08,03,1.5,9.3,4.1,191,28.7,1
富士山根,2026-08-08,06,1.4,9.3,3.0,198,28.7,0
富士山根,2026-08-08,09,1.4,9.4,2.3,191,28.8,0
富士山根,2026-08-08,12,1.5,9.8,3.6,201,29.1,0
富士山根,2026-08-08,15,1.3,9.2,4.9,193,29.3,2
富士山根,2026-08-08,18,1.4,9.2,3.7,192,29.0,0
富士山根,2026-08-08,21,1.5,10.0,2.5,178,28.7,0
川津沖,2026-08-08,00,2.0,9.3,3.0,179,28.6,1
川津沖,2026-08-08,03,2.0,9.6,2.5,191,28.6,0
川津沖,2026-08-08,06,1.9,9.6,1.4,203,28.6,0
川津沖,2026-08-08,09,1.7,9.2,2.0,144,28.6,1
川津沖,2026-08-08,12,1.9,9.8,3.2,150,28.9,2
川津沖,2026-08-08,15,1.9,9.8,2.9,158,29.2,1
川津沖,2026-08-08,18,2.0,10.3,2.4,162,29.1,3
川津沖,2026-08-08,21,2.2,10.8,1.1,202,29.0,1
下浦沖,2026-08-08,00,1.4,9.5,4.5,188,28.0,1
下浦沖,2026-08-08,03,1.3,9.3,4.1,191,28.0,1
下浦沖,2026-08-08,06,1.2,9.2,3.0,198,28.0,0
下浦沖,2026-08-08,09,1.2,9.3,2.3,191,28.1,0
下浦沖,2026-08-08,12,1.3,9.8,3.6,201,28.5,0
下浦沖,2026-08-08,15,1.1,9.1,4.9,193,28.9,2
下浦沖,2026-08-08,18,1.2,9.2,3.7,192,28.8,0
下浦沖,2026-08-08,21,1.3,9.8,2.5,178,28.7,0
興津沖,2026-08-08,00,2.0,9.3,3.0,179,28.6,1
興津沖,2026-08-08,03,2.0,9.6,2.5,191,28.6,0
興津沖,2026-08-08,06,1.9,9.6,1.4,203,28.6,0
興津沖,2026-08-08,09,1.7,9.2,2.0,144,28.6,1
興津沖,2026-08-08,12,1.9,9.8,3.2,150,28.9,2
興津沖,2026-08-08,15,1.9,9.8,2.9,158,29.2,1
興津沖,2026-08-08,18,2.0,10.3,2.4,162,29.1,3
興津沖,2026-08-08,21,2.2,10.8,1.1,202,29.0,1
長井西沖,2026-08-08,00,1.6,9.5,4.5,188,28.8,1
長井西沖,2026-08-08,03,1.5,9.3,4.1,191,28.7,1
長井西沖,2026-08-08,06,1.4,9.3,3.0,198,28.7,0
長井西沖,2026-08-08,09,1.4,9.4,2.3,191,28.8,0
長井西沖,2026-08-08,12,1.5,9.8,3.6,201,29.1,0
長井西沖,2026-08-08,15,1.3,9.2,4.9,193,29.3,2
長井西沖,2026-08-08,18,1.4,9.2,3.7,192,29.0,0
長井西沖,2026-08-08,21,1.5,10.0,2.5,178,28.7,0
長井沖,2026-08-08,00,1.5,9.4,4.5,188,28.5,1
長井沖,2026-08-08,03,1.4,9.2,4.1,191,28.5,1
長井沖,2026-08-08,06,1.3,9.2,3.0,198,28.6,0
長井沖,2026-08-08,09,1.2,9.2,2.3,191,28.7,0
長井沖,2026-08-08,12,1.3,9.8,3.6,201,29.1,0
長井沖,2026-08-08,15,1.2,9.0,4.9,193,29.3,2
長井沖,2026-08-08,18,1.3,9.1,3.7,192,29.2,0
長井沖,2026-08-08,21,1.4,9.8,2.5,178,28.9,0
三戸浜沖,2026-08-08,00,1.5,9.4,4.5,188,28.5,1
三戸浜沖,2026-08-08,03,1.4,9.2,4.1,191,28.5,1
三戸浜沖,2026-08-08,06,1.3,9.2,3.0,198,28.6,0
三戸浜沖,2026-08-08,09,1.2,9.2,2.3,191,28.7,0
三戸浜沖,2026-08-08,12,1.3,9.8,3.6,201,29.1,0
三戸浜沖,2026-08-08,15,1.2,9.0,4.9,193,29.3,2
三戸浜沖,2026-08-08,18,1.3,9.1,3.7,192,29.2,0
三戸浜沖,2026-08-08,21,1.4,9.8,2.5,178,28.9,0
金谷沖,2026-08-08,00,1.3,9.7,4.5,188,28.1,1
金谷沖,2026-08-08,03,1.2,9.5,4.1,191,28.0,1
金谷沖,2026-08-08,06,1.1,9.3,3.0,198,28.0,0
金谷沖,2026-08-08,09,1.0,9.4,2.3,191,28.1,0
金谷沖,2026-08-08,12,1.2,10.1,3.6,201,28.4,0
金谷沖,2026-08-08,15,1.0,9.2,4.9,193,28.7,2
金谷沖,2026-08-08,18,1.1,9.3,3.7,192,28.7,0
金谷沖,2026-08-08,21,1.2,9.9,2.5,178,28.5,0
佐島沖,2026-08-08,00,1.5,9.4,4.5,188,28.5,1
佐島沖,2026-08-08,03,1.4,9.2,4.1,191,28.5,1
佐島沖,2026-08-08,06,1.3,9.2,3.0,198,28.6,0
佐島沖,2026-08-08,09,1.2,9.2,2.3,191,28.7,0
佐島沖,2026-08-08,12,1.3,9.8,3.6,201,29.1,0
佐島沖,2026-08-08,15,1.2,9.0,4.9,193,29.3,2
佐島沖,2026-08-08,18,1.3,9.1,3.7,192,29.2,0
佐島沖,2026-08-08,21,1.4,9.8,2.5,178,28.9,0
小田原南沖,2026-08-08,00,1.4,9.2,1.4,236,28.2,1
小田原南沖,2026-08-08,03,1.3,9.2,1.4,260,28.0,1
小田原南沖,2026-08-08,06,1.3,9.4,1.4,288,27.9,1
小田原南沖,2026-08-08,09,1.2,9.3,1.7,116,28.0,1
小田原南沖,2026-08-08,12,1.3,9.6,3.2,141,28.4,1
小田原南沖,2026-08-08,15,1.2,9.1,3.3,157,28.7,1
小田原南沖,2026-08-08,18,1.2,9.2,2.4,169,28.5,0
小田原南沖,2026-08-08,21,1.4,10.4,0.8,249,28.2,0
瀬の海,2026-08-08,00,1.5,9.3,2.6,193,28.4,0
瀬の海,2026-08-08,03,1.4,9.3,2.5,198,28.3,0
瀬の海,2026-08-08,06,1.4,9.4,0.9,270,28.2,1
瀬の海,2026-08-08,09,1.3,9.4,2.0,190,28.3,0
瀬の海,2026-08-08,12,1.4,9.7,3.6,193,28.6,0
瀬の海,2026-08-08,15,1.3,9.1,4.3,191,28.9,1
瀬の海,2026-08-08,18,1.4,9.2,3.4,184,28.7,1
瀬の海,2026-08-08,21,1.5,10.3,2.0,174,28.5,0
秋谷沖,2026-08-08,00,1.6,9.5,4.5,188,28.8,1
秋谷沖,2026-08-08,03,1.5,9.3,4.1,191,28.7,1
秋谷沖,2026-08-08,06,1.4,9.3,3.0,198,28.7,0
秋谷沖,2026-08-08,09,1.4,9.4,2.3,191,28.8,0
秋谷沖,2026-08-08,12,1.5,9.8,3.6,201,29.1,0
秋谷沖,2026-08-08,15,1.3,9.2,4.9,193,29.3,2
秋谷沖,2026-08-08,18,1.4,9.2,3.7,192,29.0,0
秋谷沖,2026-08-08,21,1.5,10.0,2.5,178,28.7,0
竹岡沖,2026-08-08,00,1.3,9.7,3.9,179,28.1,1
竹岡沖,2026-08-08,03,1.2,9.5,3.6,186,28.0,0
竹岡沖,2026-08-08,06,1.1,9.3,2.7,174,28.0,0
竹岡沖,2026-08-08,09,1.0,9.4,1.7,210,28.1,0
竹岡沖,2026-08-08,12,1.2,10.1,3.3,233,28.4,0
竹岡沖,2026-08-08,15,1.0,9.2,4.5,206,28.7,51
竹岡沖,2026-08-08,18,1.1,9.3,3.5,207,28.7,0
竹岡沖,2026-08-08,21,1.2,9.9,2.2,177,28.5,0
部原沖,2026-08-08,00,2.1,9.8,3.0,180,28.6,1
部原沖,2026-08-08,03,2.1,10.0,2.5,194,28.5,0
部原沖,2026-08-08,06,2.1,10.1,1.6,193,28.4,0
部原沖,2026-08-08,09,1.9,9.6,2.0,165,28.5,1
部原沖,2026-08-08,12,2.1,10.2,2.7,162,28.9,1
部原沖,2026-08-08,15,2.0,10.1,2.8,168,29.2,0
部原沖,2026-08-08,18,2.2,10.7,2.2,167,29.0,3
部原沖,2026-08-08,21,2.3,11.2,1.1,204,28.7,1
小田原西沖,2026-08-08,00,1.4,9.2,1.4,236,28.2,1
小田原西沖,2026-08-08,03,1.3,9.2,1.4,260,28.0,1
小田原西沖,2026-08-08,06,1.3,9.4,1.4,288,27.9,1
小田原西沖,2026-08-08,09,1.2,9.3,1.7,116,28.0,1
小田原西沖,2026-08-08,12,1.3,9.6,3.2,141,28.4,1
小田原西沖,2026-08-08,15,1.2,9.1,3.3,157,28.7,1
小田原西沖,2026-08-08,18,1.2,9.2,2.4,169,28.5,0
小田原西沖,2026-08-08,21,1.4,10.4,0.8,249,28.2,0
小田原沖,2026-08-08,00,1.4,9.2,1.4,236,28.2,1
小田原沖,2026-08-08,03,1.3,9.2,1.4,260,28.0,1
小田原沖,2026-08-08,06,1.3,9.4,1.4,288,27.9,1
小田原沖,2026-08-08,09,1.2,9.3,1.7,116,28.0,1
小田原沖,2026-08-08,12,1.3,9.6,3.2,141,28.4,1
小田原沖,2026-08-08,15,1.2,9.1,3.3,157,28.7,1
小田原沖,2026-08-08,18,1.2,9.2,2.4,169,28.5,0
小田原沖,2026-08-08,21,1.4,10.4,0.8,249,28.2,0
小田原東沖,2026-08-08,00,1.4,9.2,1.4,236,28.2,1
小田原東沖,2026-08-08,03,1.3,9.2,1.4,260,28.0,1
小田原東沖,2026-08-08,06,1.3,9.4,1.4,288,27.9,1
小田原東沖,2026-08-08,09,1.2,9.3,1.7,116,28.0,1
小田原東沖,2026-08-08,12,1.3,9.6,3.2,141,28.4,1
小田原東沖,2026-08-08,15,1.2,9.1,3.3,157,28.7,1
小田原東沖,2026-08-08,18,1.2,9.2,2.4,169,28.5,0
小田原東沖,2026-08-08,21,1.4,10.4,0.8,249,28.2,0
久里浜沖,2026-08-08,00,1.4,9.5,4.5,188,28.0,1
久里浜沖,2026-08-08,03,1.3,9.3,4.1,191,28.0,1
久里浜沖,2026-08-08,06,1.2,9.2,3.0,198,28.0,0
久里浜沖,2026-08-08,09,1.2,9.3,2.3,191,28.1,0
久里浜沖,2026-08-08,12,1.3,9.8,3.6,201,28.5,0
久里浜沖,2026-08-08,15,1.1,9.1,4.9,193,28.9,2
久里浜沖,2026-08-08,18,1.2,9.2,3.7,192,28.8,0
久里浜沖,2026-08-08,21,1.3,9.8,2.5,178,28.7,0
国府津沖,2026-08-08,00,1.4,9.2,0.7,210,28.2,0
国府津沖,2026-08-08,03,1.3,9.2,0.6,235,28.0,1
国府津沖,2026-08-08,06,1.3,9.4,1.4,314,27.9,1
国府津沖,2026-08-08,09,1.2,9.3,2.2,149,28.0,0
国府津沖,2026-08-08,12,1.3,9.6,3.3,162,28.4,0
国府津沖,2026-08-08,15,1.2,9.1,3.9,162,28.7,1
国府津沖,2026-08-08,18,1.2,9.2,2.1,156,28.5,1
国府津沖,2026-08-08,21,1.4,10.4,0.5,122,28.2,0
葉山南沖,2026-08-08,00,1.3,9.6,4.5,188,29.1,1
葉山南沖,2026-08-08,03,1.2,9.3,4.1,191,29.1,1
葉山南沖,2026-08-08,06,1.2,9.3,3.0,198,29.1,0
葉山南沖,2026-08-08,09,1.1,9.3,2.3,191,29.2,0
葉山南沖,2026-08-08,12,1.2,9.8,3.6,201,29.5,0
葉山南沖,2026-08-08,15,1.1,9.2,4.9,193,29.7,2
葉山南沖,2026-08-08,18,1.1,9.1,3.7,192,29.4,0
葉山南沖,2026-08-08,21,1.3,10.0,2.5,178,29.1,0
エボシ沖,2026-08-08,00,1.3,9.6,4.5,188,29.1,1
エボシ沖,2026-08-08,03,1.2,9.3,4.1,191,29.1,1
エボシ沖,2026-08-08,06,1.2,9.3,3.0,198,29.1,0
エボシ沖,2026-08-08,09,1.1,9.3,2.3,191,29.2,0
エボシ沖,2026-08-08,12,1.2,9.8,3.6,201,29.5,0
エボシ沖,2026-08-08,15,1.1,9.2,4.9,193,29.7,2
エボシ沖,2026-08-08,18,1.1,9.1,3.7,192,29.4,0
エボシ沖,2026-08-08,21,1.3,10.0,2.5,178,29.1,0
観音崎沖ｍ,2026-08-08,00,1.0,9.2,4.5,188,27.7,1
観音崎沖ｍ,2026-08-08,03,0.9,9.1,4.1,191,27.7,1
観音崎沖ｍ,2026-08-08,06,0.8,8.9,3.0,198,27.7,0
観音崎沖ｍ,2026-08-08,09,0.8,9.0,2.3,191,27.9,0
観音崎沖ｍ,2026-08-08,12,0.9,9.5,3.6,201,28.2,0
観音崎沖ｍ,2026-08-08,15,0.8,8.8,4.9,193,28.5,2
観音崎沖ｍ,2026-08-08,18,0.8,8.6,3.7,192,28.5,0
観音崎沖ｍ,2026-08-08,21,0.9,9.7,2.5,178,28.3,0
浦賀沖,2026-08-08,00,1.0,9.2,4.5,188,27.7,1
浦賀沖,2026-08-08,03,0.9,9.1,4.1,191,27.7,1
浦賀沖,2026-08-08,06,0.8,8.9,3.0,198,27.7,0
浦賀沖,2026-08-08,09,0.8,9.0,2.3,191,27.9,0
浦賀沖,2026-08-08,12,0.9,9.5,3.6,201,28.2,0
浦賀沖,2026-08-08,15,0.8,8.8,4.9,193,28.5,2
浦賀沖,2026-08-08,18,0.8,8.6,3.7,192,28.5,0
浦賀沖,2026-08-08,21,0.9,9.7,2.5,178,28.3,0
鎌倉沖,2026-08-08,00,1.3,9.6,3.3,192,29.1,0
鎌倉沖,2026-08-08,03,1.2,9.3,3.3,191,29.1,0
鎌倉沖,2026-08-08,06,1.2,9.3,1.9,213,29.1,0
鎌倉沖,2026-08-08,09,1.1,9.3,2.0,207,29.2,1
鎌倉沖,2026-08-08,12,1.2,9.8,3.2,194,29.5,0
鎌倉沖,2026-08-08,15,1.1,9.2,3.8,193,29.7,1
鎌倉沖,2026-08-08,18,1.1,9.1,3.3,184,29.4,1
鎌倉沖,2026-08-08,21,1.3,10.0,2.5,187,29.1,0
葉山沖,2026-08-08,00,1.3,9.6,3.7,190,29.1,0
葉山沖,2026-08-08,03,1.2,9.3,3.4,188,29.1,0
葉山沖,2026-08-08,06,1.2,9.3,2.8,198,29.1,0
葉山沖,2026-08-08,09,1.1,9.3,2.3,180,29.2,1
葉山沖,2026-08-08,12,1.2,9.8,3.6,177,29.5,0
葉山沖,2026-08-08,15,1.1,9.2,4.1,186,29.7,1
葉山沖,2026-08-08,18,1.1,9.1,3.3,186,29.4,0
葉山沖,2026-08-08,21,1.3,10.0,2.2,185,29.1,0
大貫沖,2026-08-08,00,0.9,9.3,3.9,179,27.9,1
大貫沖,2026-08-08,03,0.8,9.2,3.6,186,27.7,0
大貫沖,2026-08-08,06,0.8,8.9,2.7,174,27.7,0
大貫沖,2026-08-08,09,0.7,9.1,1.7,210,27.8,0
大貫沖,2026-08-08,12,0.8,9.7,3.3,233,28.1,0
大貫沖,2026-08-08,15,0.8,8.9,4.5,206,28.5,51
大貫沖,2026-08-08,18,0.8,8.8,3.5,207,28.4,0
大貫沖,2026-08-08,21,0.9,9.8,2.2,177,28.2,0
大原沖,2026-08-08,00,1.8,9.3,3.0,179,28.3,1
大原沖,2026-08-08,03,1.8,9.6,2.5,191,28.3,0
大原沖,2026-08-08,06,1.8,9.7,1.4,203,28.3,0
大原沖,2026-08-08,09,1.5,9.1,2.0,144,28.5,1
大原沖,2026-08-08,12,1.7,9.6,3.2,150,28.8,2
大原沖,2026-08-08,15,1.8,9.8,2.9,158,29.0,1
大原沖,2026-08-08,18,1.9,10.4,2.4,162,28.9,3
大原沖,2026-08-08,21,2.1,11.2,1.1,202,28.6,1
江の島沖,2026-08-08,00,1.4,9.4,3.3,192,28.7,0
江の島沖,2026-08-08,03,1.3,9.2,3.3,191,28.6,0
江の島沖,2026-08-08,06,1.2,9.3,1.9,213,28.6,0
江の島沖,2026-08-08,09,1.2,9.3,2.0,207,28.7,1
江の島沖,2026-08-08,12,1.3,9.7,3.2,194,29.0,0
江の島沖,2026-08-08,15,1.2,9.1,3.8,193,29.3,1
江の島沖,2026-08-08,18,1.2,9.0,3.3,184,29.0,1
江の島沖,2026-08-08,21,1.4,10.1,2.5,187,28.7,0
小坪沖,2026-08-08,00,1.3,9.6,3.7,190,29.1,0
小坪沖,2026-08-08,03,1.2,9.3,3.4,188,29.1,0
小坪沖,2026-08-08,06,1.2,9.3,2.8,198,29.1,0
小坪沖,2026-08-08,09,1.1,9.3,2.3,180,29.2,1
小坪沖,2026-08-08,12,1.2,9.8,3.6,177,29.5,0
小坪沖,2026-08-08,15,1.1,9.2,4.1,186,29.7,1
小坪沖,2026-08-08,18,1.1,9.1,3.3,186,29.4,0
小坪沖,2026-08-08,21,1.3,10.0,2.2,185,29.1,0
横須賀沖,2026-08-08,00,1.0,9.2,4.5,188,27.7,1
横須賀沖,2026-08-08,03,0.9,9.1,4.1,191,27.7,1
横須賀沖,2026-08-08,06,0.8,8.9,3.0,198,27.7,0
横須賀沖,2026-08-08,09,0.8,9.0,2.3,191,27.9,0
横須賀沖,2026-08-08,12,0.9,9.5,3.6,201,28.2,0
横須賀沖,2026-08-08,15,0.8,8.8,4.9,193,28.5,2
横須賀沖,2026-08-08,18,0.8,8.6,3.7,192,28.5,0
横須賀沖,2026-08-08,21,0.9,9.7,2.5,178,28.3,0
観音崎沖～横須賀沖,2026-08-08,00,1.0,9.2,4.5,188,27.7,1
観音崎沖～横須賀沖,2026-08-08,03,0.9,9.1,4.1,191,27.7,1
観音崎沖～横須賀沖,2026-08-08,06,0.8,8.9,3.0,198,27.7,0
観音崎沖～横須賀沖,2026-08-08,09,0.8,9.0,2.3,191,27.9,0
観音崎沖～横須賀沖,2026-08-08,12,0.9,9.5,3.6,201,28.2,0
観音崎沖～横須賀沖,2026-08-08,15,0.8,8.8,4.9,193,28.5,2
観音崎沖～横須賀沖,2026-08-08,18,0.8,8.6,3.7,192,28.5,0
観音崎沖～横須賀沖,2026-08-08,21,0.9,9.7,2.5,178,28.3,0
観音崎沖,2026-08-08,00,1.0,9.2,4.5,188,27.7,1
観音崎沖,2026-08-08,03,0.9,9.1,4.1,191,27.7,1
観音崎沖,2026-08-08,06,0.8,8.9,3.0,198,27.7,0
観音崎沖,2026-08-08,09,0.8,9.0,2.3,191,27.9,0
観音崎沖,2026-08-08,12,0.9,9.5,3.6,201,28.2,0
観音崎沖,2026-08-08,15,0.8,8.8,4.9,193,28.5,2
観音崎沖,2026-08-08,18,0.8,8.6,3.7,192,28.5,0
観音崎沖,2026-08-08,21,0.9,9.7,2.5,178,28.3,0
富津南沖,2026-08-08,00,0.9,9.3,3.9,179,27.9,1
富津南沖,2026-08-08,03,0.8,9.2,3.6,186,27.7,0
富津南沖,2026-08-08,06,0.8,8.9,2.7,174,27.7,0
富津南沖,2026-08-08,09,0.7,9.1,1.7,210,27.8,0
富津南沖,2026-08-08,12,0.8,9.7,3.3,233,28.1,0
富津南沖,2026-08-08,15,0.8,8.9,4.5,206,28.5,51
富津南沖,2026-08-08,18,0.8,8.8,3.5,207,28.4,0
富津南沖,2026-08-08,21,0.9,9.8,2.2,177,28.2,0
大貫沖～猿島沖,2026-08-08,00,1.0,9.2,4.5,188,27.7,1
大貫沖～猿島沖,2026-08-08,03,0.9,9.1,4.1,191,27.7,1
大貫沖～猿島沖,2026-08-08,06,0.8,8.9,3.0,198,27.7,0
大貫沖～猿島沖,2026-08-08,09,0.8,9.0,2.3,191,27.9,0
大貫沖～猿島沖,2026-08-08,12,0.9,9.5,3.6,201,28.2,0
大貫沖～猿島沖,2026-08-08,15,0.8,8.8,4.9,193,28.5,2
大貫沖～猿島沖,2026-08-08,18,0.8,8.6,3.7,192,28.5,0
大貫沖～猿島沖,2026-08-08,21,0.9,9.7,2.5,178,28.3,0
二宮沖,2026-08-08,00,1.2,8.9,0.7,210,28.6,0
二宮沖,2026-08-08,03,1.1,8.9,0.6,235,28.5,1
二宮沖,2026-08-08,06,1.1,9.1,1.4,314,28.5,1
二宮沖,2026-08-08,09,1.0,9.0,2.2,149,28.6,0
二宮沖,2026-08-08,12,1.1,9.2,3.3,162,28.9,0
二宮沖,2026-08-08,15,1.0,8.8,3.9,162,29.2,1
二宮沖,2026-08-08,18,1.1,8.8,2.1,156,29.1,1
二宮沖,2026-08-08,21,1.3,10.1,0.5,122,28.8,0
小坪西沖,2026-08-08,00,1.3,9.6,3.3,192,29.1,0
小坪西沖,2026-08-08,03,1.2,9.3,3.3,191,29.1,0
小坪西沖,2026-08-08,06,1.2,9.3,1.9,213,29.1,0
小坪西沖,2026-08-08,09,1.1,9.3,2.0,207,29.2,1
小坪西沖,2026-08-08,12,1.2,9.8,3.2,194,29.5,0
小坪西沖,2026-08-08,15,1.1,9.2,3.8,193,29.7,1
小坪西沖,2026-08-08,18,1.1,9.1,3.3,184,29.4,1
小坪西沖,2026-08-08,21,1.3,10.0,2.5,187,29.1,0
大津沖,2026-08-08,00,1.1,9.3,4.5,188,27.7,1
大津沖,2026-08-08,03,1.0,9.2,4.1,191,27.7,1
大津沖,2026-08-08,06,0.9,9.1,3.0,198,27.7,0
大津沖,2026-08-08,09,0.9,9.2,2.3,191,27.9,0
大津沖,2026-08-08,12,1.0,9.6,3.6,201,28.2,0
大津沖,2026-08-08,15,0.9,8.9,4.9,193,28.5,2
大津沖,2026-08-08,18,0.9,8.8,3.7,192,28.5,0
大津沖,2026-08-08,21,1.1,9.8,2.5,178,28.3,0
木更津沖～竹岡沖,2026-08-08,00,0.9,9.3,3.9,179,28.0,1
木更津沖～竹岡沖,2026-08-08,03,0.8,9.2,3.6,186,27.9,0
木更津沖～竹岡沖,2026-08-08,06,0.8,8.9,2.7,174,27.9,0
木更津沖～竹岡沖,2026-08-08,09,0.7,9.1,1.7,210,28.0,0
木更津沖～竹岡沖,2026-08-08,12,0.8,9.7,3.3,233,28.3,0
木更津沖～竹岡沖,2026-08-08,15,0.8,8.9,4.5,206,28.6,51
木更津沖～竹岡沖,2026-08-08,18,0.8,8.8,3.5,207,28.6,0
木更津沖～竹岡沖,2026-08-08,21,0.9,9.8,2.2,177,28.4,0
平塚西沖,2026-08-08,00,1.2,8.9,0.7,210,28.6,0
平塚西沖,2026-08-08,03,1.1,8.9,0.6,235,28.5,1
平塚西沖,2026-08-08,06,1.1,9.1,1.4,314,28.5,1
平塚西沖,2026-08-08,09,1.0,9.0,2.2,149,28.6,0
平塚西沖,2026-08-08,12,1.1,9.2,3.3,162,28.9,0
平塚西沖,2026-08-08,15,1.0,8.8,3.9,162,29.2,1
平塚西沖,2026-08-08,18,1.1,8.8,2.1,156,29.1,1
平塚西沖,2026-08-08,21,1.3,10.1,0.5,122,28.8,0
大磯沖,2026-08-08,00,1.2,8.9,2.6,193,28.6,0
大磯沖,2026-08-08,03,1.1,8.9,2.5,198,28.5,0
大磯沖,2026-08-08,06,1.1,9.1,0.9,270,28.5,1
大磯沖,2026-08-08,09,1.0,9.0,2.0,190,28.6,0
大磯沖,2026-08-08,12,1.1,9.2,3.6,193,28.9,0
大磯沖,2026-08-08,15,1.0,8.8,4.3,191,29.2,1
大磯沖,2026-08-08,18,1.1,8.8,3.4,184,29.1,1
大磯沖,2026-08-08,21,1.3,10.1,2.0,174,28.8,0
平塚東沖,2026-08-08,00,1.3,9.2,2.6,193,28.7,0
平塚東沖,2026-08-08,03,1.3,9.1,2.5,198,28.6,0
平塚東沖,2026-08-08,06,1.2,9.2,0.9,270,28.6,1
平塚東沖,2026-08-08,09,1.2,9.2,2.0,190,28.7,0
平塚東沖,2026-08-08,12,1.2,9.4,3.6,193,29.0,0
平塚東沖,2026-08-08,15,1.1,8.9,4.3,191,29.3,1
平塚東沖,2026-08-08,18,1.2,8.9,3.4,184,29.1,1
平塚東沖,2026-08-08,21,1.3,10.1,2.0,174,28.8,0
茅ヶ崎西沖,2026-08-08,00,1.3,9.2,2.6,193,28.7,0
茅ヶ崎西沖,2026-08-08,03,1.3,9.1,2.5,198,28.6,0
茅ヶ崎西沖,2026-08-08,06,1.2,9.2,0.9,270,28.6,1
茅ヶ崎西沖,2026-08-08,09,1.2,9.2,2.0,190,28.7,0
茅ヶ崎西沖,2026-08-08,12,1.2,9.4,3.6,193,29.0,0
茅ヶ崎西沖,2026-08-08,15,1.1,8.9,4.3,191,29.3,1
茅ヶ崎西沖,2026-08-08,18,1.2,8.9,3.4,184,29.1,1
茅ヶ崎西沖,2026-08-08,21,1.3,10.1,2.0,174,28.8,0
大磯東沖,2026-08-08,00,1.3,9.2,2.6,193,28.7,0
大磯東沖,2026-08-08,03,1.3,9.1,2.5,198,28.6,0
大磯東沖,2026-08-08,06,1.2,9.2,0.9,270,28.6,1
大磯東沖,2026-08-08,09,1.2,9.2,2.0,190,28.7,0
大磯東沖,2026-08-08,12,1.2,9.4,3.6,193,29.0,0
大磯東沖,2026-08-08,15,1.1,8.9,4.3,191,29.3,1
大磯東沖,2026-08-08,18,1.2,8.9,3.4,184,29.1,1
大磯東沖,2026-08-08,21,1.3,10.1,2.0,174,28.8,0
茅ヶ崎沖,2026-08-08,00,1.3,9.2,2.6,193,28.7,0
茅ヶ崎沖,2026-08-08,03,1.3,9.1,2.5,198,28.6,0
茅ヶ崎沖,2026-08-08,06,1.2,9.2,0.9,270,28.6,1
茅ヶ崎沖,2026-08-08,09,1.2,9.2,2.0,190,28.7,0
茅ヶ崎沖,2026-08-08,12,1.2,9.4,3.6,193,29.0,0
茅ヶ崎沖,2026-08-08,15,1.1,8.9,4.3,191,29.3,1
茅ヶ崎沖,2026-08-08,18,1.2,8.9,3.4,184,29.1,1
茅ヶ崎沖,2026-08-08,21,1.3,10.1,2.0,174,28.8,0
茅ヶ崎東沖,2026-08-08,00,1.4,9.4,3.3,192,28.7,0
茅ヶ崎東沖,2026-08-08,03,1.3,9.2,3.3,191,28.6,0
茅ヶ崎東沖,2026-08-08,06,1.2,9.3,1.9,213,28.6,0
茅ヶ崎東沖,2026-08-08,09,1.2,9.3,2.0,207,28.7,1
茅ヶ崎東沖,2026-08-08,12,1.3,9.7,3.2,194,29.0,0
茅ヶ崎東沖,2026-08-08,15,1.2,9.1,3.8,193,29.3,1
茅ヶ崎東沖,2026-08-08,18,1.2,9.0,3.3,184,29.0,1
茅ヶ崎東沖,2026-08-08,21,1.4,10.1,2.5,187,28.7,0
猿島沖,2026-08-08,00,1.0,9.2,4.5,188,27.7,1
猿島沖,2026-08-08,03,0.9,9.1,4.1,191,27.7,1
猿島沖,2026-08-08,06,0.8,8.9,3.0,198,27.7,0
猿島沖,2026-08-08,09,0.8,9.0,2.3,191,27.9,0
猿島沖,2026-08-08,12,0.9,9.5,3.6,201,28.2,0
猿島沖,2026-08-08,15,0.8,8.8,4.9,193,28.5,2
猿島沖,2026-08-08,18,0.8,8.6,3.7,192,28.5,0
猿島沖,2026-08-08,21,0.9,9.7,2.5,178,28.3,0
走水沖,2026-08-08,00,0.9,9.3,3.9,179,27.9,1
走水沖,2026-08-08,03,0.8,9.2,3.6,186,27.7,0
走水沖,2026-08-08,06,0.8,8.9,2.7,174,27.7,0
走水沖,2026-08-08,09,0.7,9.1,1.7,210,27.8,0
走水沖,2026-08-08,12,0.8,9.7,3.3,233,28.1,0
走水沖,2026-08-08,15,0.8,8.9,4.5,206,28.5,51
走水沖,2026-08-08,18,0.8,8.8,3.5,207,28.4,0
走水沖,2026-08-08,21,0.9,9.8,2.2,177,28.2,0
海堡沖～竹岡沖,2026-08-08,00,0.9,9.3,3.9,179,27.9,1
海堡沖～竹岡沖,2026-08-08,03,0.8,9.2,3.6,186,27.7,0
海堡沖～竹岡沖,2026-08-08,06,0.8,8.9,2.7,174,27.7,0
海堡沖～竹岡沖,2026-08-08,09,0.7,9.1,1.7,210,27.8,0
海堡沖～竹岡沖,2026-08-08,12,0.8,9.7,3.3,233,28.1,0
海堡沖～竹岡沖,2026-08-08,15,0.8,8.9,4.5,206,28.5,51
海堡沖～竹岡沖,2026-08-08,18,0.8,8.8,3.5,207,28.4,0
海堡沖～竹岡沖,2026-08-08,21,0.9,9.8,2.2,177,28.2,0
太東沖,2026-08-08,00,1.8,9.3,2.9,175,27.0,0
太東沖,2026-08-08,03,1.8,9.6,2.0,187,26.9,0
太東沖,2026-08-08,06,1.8,9.7,1.8,215,27.0,0
太東沖,2026-08-08,09,1.5,9.1,2.3,121,27.1,1
太東沖,2026-08-08,12,1.7,9.6,4.4,136,27.4,0
太東沖,2026-08-08,15,1.8,9.8,3.9,148,27.6,1
太東沖,2026-08-08,18,1.9,10.4,3.0,160,27.5,2
太東沖,2026-08-08,21,2.1,11.2,1.2,199,27.2,3
海堡沖,2026-08-08,00,0.9,9.3,3.9,179,27.9,1
海堡沖,2026-08-08,03,0.8,9.2,3.6,186,27.7,0
海堡沖,2026-08-08,06,0.8,8.9,2.7,174,27.7,0
海堡沖,2026-08-08,09,0.7,9.1,1.7,210,27.8,0
海堡沖,2026-08-08,12,0.8,9.7,3.3,233,28.1,0
海堡沖,2026-08-08,15,0.8,8.9,4.5,206,28.5,51
海堡沖,2026-08-08,18,0.8,8.8,3.5,207,28.4,0
海堡沖,2026-08-08,21,0.9,9.8,2.2,177,28.2,0
富津沖,2026-08-08,00,0.9,9.3,3.9,179,27.9,1
富津沖,2026-08-08,03,0.8,9.2,3.6,186,27.7,0
富津沖,2026-08-08,06,0.8,8.9,2.7,174,27.7,0
富津沖,2026-08-08,09,0.7,9.1,1.7,210,27.8,0
富津沖,2026-08-08,12,0.8,9.7,3.3,233,28.1,0
富津沖,2026-08-08,15,0.8,8.9,4.5,206,28.5,51
富津沖,2026-08-08,18,0.8,8.8,3.5,207,28.4,0
富津沖,2026-08-08,21,0.9,9.8,2.2,177,28.2,0
港前,2026-08-08,00,1.1,9.3,3.7,190,29.1,0
港前,2026-08-08,03,1.0,9.2,3.4,188,29.1,0
港前,2026-08-08,06,0.9,9.1,2.8,198,29.1,0
港前,2026-08-08,09,0.9,9.2,2.3,180,29.2,1
港前,2026-08-08,12,1.0,9.6,3.6,177,29.5,0
港前,2026-08-08,15,0.9,8.9,4.1,186,29.7,1
港前,2026-08-08,18,0.9,8.8,3.3,186,29.4,0
港前,2026-08-08,21,1.1,9.8,2.2,185,29.1,0
鴨居沖,2026-08-08,00,1.1,9.3,3.7,190,27.6,0
鴨居沖,2026-08-08,03,1.0,9.2,3.4,188,27.5,0
鴨居沖,2026-08-08,06,0.9,9.1,2.8,198,27.5,0
鴨居沖,2026-08-08,09,0.9,9.2,2.3,180,27.6,1
鴨居沖,2026-08-08,12,1.0,9.6,3.6,177,27.9,0
鴨居沖,2026-08-08,15,0.9,8.9,4.1,186,28.2,1
鴨居沖,2026-08-08,18,0.9,8.8,3.3,186,28.1,0
鴨居沖,2026-08-08,21,1.1,9.8,2.2,185,27.8,0
木更津沖～富津沖,2026-08-08,00,0.7,8.8,3.9,179,27.4,1
木更津沖～富津沖,2026-08-08,03,0.6,8.8,3.6,186,27.4,0
木更津沖～富津沖,2026-08-08,06,0.6,8.6,2.7,174,27.4,0
木更津沖～富津沖,2026-08-08,09,0.5,8.8,1.7,210,27.5,0
木更津沖～富津沖,2026-08-08,12,0.6,9.2,3.3,233,27.9,0
木更津沖～富津沖,2026-08-08,15,0.5,8.7,4.5,206,28.2,51
木更津沖～富津沖,2026-08-08,18,0.6,8.1,3.5,207,28.2,0
木更津沖～富津沖,2026-08-08,21,0.7,9.4,2.2,177,28.0,0
横浜沖～観音崎沖,2026-08-08,00,1.0,9.2,4.5,188,27.6,1
横浜沖～観音崎沖,2026-08-08,03,0.9,9.1,4.1,191,27.5,1
横浜沖～観音崎沖,2026-08-08,06,0.8,8.9,3.0,198,27.5,0
横浜沖～観音崎沖,2026-08-08,09,0.8,9.0,2.3,191,27.6,0
横浜沖～観音崎沖,2026-08-08,12,0.9,9.5,3.6,201,27.9,0
横浜沖～観音崎沖,2026-08-08,15,0.8,8.8,4.9,193,28.2,2
横浜沖～観音崎沖,2026-08-08,18,0.8,8.6,3.7,192,28.1,0
横浜沖～観音崎沖,2026-08-08,21,0.9,9.7,2.5,178,27.8,0
中ノ瀬周り,2026-08-08,00,1.0,9.2,4.5,188,27.6,1
中ノ瀬周り,2026-08-08,03,0.9,9.1,4.1,191,27.5,1
中ノ瀬周り,2026-08-08,06,0.8,8.9,3.0,198,27.5,0
中ノ瀬周り,2026-08-08,09,0.8,9.0,2.3,191,27.6,0
中ノ瀬周り,2026-08-08,12,0.9,9.5,3.6,201,27.9,0
中ノ瀬周り,2026-08-08,15,0.8,8.8,4.9,193,28.2,2
中ノ瀬周り,2026-08-08,18,0.8,8.6,3.7,192,28.1,0
中ノ瀬周り,2026-08-08,21,0.9,9.7,2.5,178,27.8,0
鴨井沖,2026-08-08,00,1.9,9.4,5.1,175,26.3,0
鴨井沖,2026-08-08,03,1.9,9.7,4.4,188,26.2,0
鴨井沖,2026-08-08,06,1.9,9.8,2.5,194,26.3,0
鴨井沖,2026-08-08,09,1.6,9.2,3.2,138,26.4,0
鴨井沖,2026-08-08,12,1.7,9.6,4.9,153,26.7,0
鴨井沖,2026-08-08,15,1.8,10.0,4.5,162,27.0,1
鴨井沖,2026-08-08,18,2.0,10.6,4.6,170,26.9,3
鴨井沖,2026-08-08,21,2.1,11.2,2.7,191,26.7,0
富津沖～海堡,2026-08-08,00,0.7,8.8,3.9,179,27.5,1
富津沖～海堡,2026-08-08,03,0.6,8.8,3.6,186,27.5,0
富津沖～海堡,2026-08-08,06,0.6,8.6,2.7,174,27.5,0
富津沖～海堡,2026-08-08,09,0.5,8.8,1.7,210,27.6,0
富津沖～海堡,2026-08-08,12,0.6,9.2,3.3,233,28.0,0
富津沖～海堡,2026-08-08,15,0.5,8.7,4.5,206,28.3,51
富津沖～海堡,2026-08-08,18,0.6,8.1,3.5,207,28.2,0
富津沖～海堡,2026-08-08,21,0.7,9.4,2.2,177,28.0,0
富岡沖,2026-08-08,00,1.1,9.3,3.7,190,27.6,0
富岡沖,2026-08-08,03,1.0,9.2,3.4,188,27.5,0
富岡沖,2026-08-08,06,0.9,9.1,2.8,198,27.5,0
富岡沖,2026-08-08,09,0.9,9.2,2.3,180,27.6,1
富岡沖,2026-08-08,12,1.0,9.6,3.6,177,27.9,0
富岡沖,2026-08-08,15,0.9,8.9,4.1,186,28.2,1
富岡沖,2026-08-08,18,0.9,8.8,3.3,186,28.1,0
富岡沖,2026-08-08,21,1.1,9.8,2.2,185,27.8,0
小柴沖,2026-08-08,00,1.1,9.3,3.7,190,27.6,0
小柴沖,2026-08-08,03,1.0,9.2,3.4,188,27.5,0
小柴沖,2026-08-08,06,0.9,9.1,2.8,198,27.5,0
小柴沖,2026-08-08,09,0.9,9.2,2.3,180,27.6,1
小柴沖,2026-08-08,12,1.0,9.6,3.6,177,27.9,0
小柴沖,2026-08-08,15,0.9,8.9,4.1,186,28.2,1
小柴沖,2026-08-08,18,0.9,8.8,3.3,186,28.1,0
小柴沖,2026-08-08,21,1.1,9.8,2.2,185,27.8,0
木更津沖～富岡沖,2026-08-08,00,0.7,8.8,3.9,179,27.6,1
木更津沖～富岡沖,2026-08-08,03,0.6,8.8,3.6,186,27.5,0
木更津沖～富岡沖,2026-08-08,06,0.6,8.6,2.7,174,27.5,0
木更津沖～富岡沖,2026-08-08,09,0.5,8.8,1.7,210,27.6,0
木更津沖～富岡沖,2026-08-08,12,0.6,9.2,3.3,233,27.9,0
木更津沖～富岡沖,2026-08-08,15,0.5,8.7,4.5,206,28.2,51
木更津沖～富岡沖,2026-08-08,18,0.6,8.1,3.5,207,28.1,0
木更津沖～富岡沖,2026-08-08,21,0.7,9.4,2.2,177,27.8,0
八景沖,2026-08-08,00,1.1,9.3,3.7,190,27.6,0
八景沖,2026-08-08,03,1.0,9.2,3.4,188,27.5,0
八景沖,2026-08-08,06,0.9,9.1,2.8,198,27.5,0
八景沖,2026-08-08,09,0.9,9.2,2.3,180,27.6,1
八景沖,2026-08-08,12,1.0,9.6,3.6,177,27.9,0
八景沖,2026-08-08,15,0.9,8.9,4.1,186,28.2,1
八景沖,2026-08-08,18,0.9,8.8,3.3,186,28.1,0
八景沖,2026-08-08,21,1.1,9.8,2.2,185,27.8,0
長浦沖,2026-08-08,00,0.7,8.8,3.9,179,27.4,1
長浦沖,2026-08-08,03,0.6,8.8,3.6,186,27.4,0
長浦沖,2026-08-08,06,0.6,8.6,2.7,174,27.4,0
長浦沖,2026-08-08,09,0.5,8.8,1.7,210,27.5,0
長浦沖,2026-08-08,12,0.6,9.2,3.3,233,27.9,0
長浦沖,2026-08-08,15,0.5,8.7,4.5,206,28.2,51
長浦沖,2026-08-08,18,0.6,8.1,3.5,207,28.2,0
長浦沖,2026-08-08,21,0.7,9.4,2.2,177,28.0,0
木更津沖,2026-08-08,00,0.7,8.8,4.0,181,27.4,1
木更津沖,2026-08-08,03,0.6,8.8,3.8,187,27.4,0
木更津沖,2026-08-08,06,0.6,8.6,2.9,175,27.4,0
木更津沖,2026-08-08,09,0.5,8.8,0.2,162,27.5,0
木更津沖,2026-08-08,12,0.6,9.2,1.9,279,27.9,0
木更津沖,2026-08-08,15,0.5,8.7,4.3,202,28.2,51
木更津沖,2026-08-08,18,0.6,8.1,3.7,209,28.2,0
木更津沖,2026-08-08,21,0.7,9.4,2.4,185,28.0,0
一宮沖,2026-08-08,00,1.6,9.2,2.9,175,26.3,0
一宮沖,2026-08-08,03,1.6,9.6,2.0,187,26.2,0
一宮沖,2026-08-08,06,1.5,9.7,1.8,215,26.3,0
一宮沖,2026-08-08,09,1.3,8.9,2.3,121,26.4,1
一宮沖,2026-08-08,12,1.4,9.4,4.4,136,26.7,0
一宮沖,2026-08-08,15,1.5,9.8,3.9,148,27.0,1
一宮沖,2026-08-08,18,1.6,10.6,3.0,160,26.9,2
一宮沖,2026-08-08,21,1.8,11.3,1.2,199,26.7,3
横浜沖周り,2026-08-08,00,1.0,9.2,2.8,185,27.6,1
横浜沖周り,2026-08-08,03,0.9,9.1,2.6,189,27.5,0
横浜沖周り,2026-08-08,06,0.8,8.9,2.0,196,27.5,0
横浜沖周り,2026-08-08,09,0.8,9.0,1.5,158,27.6,1
横浜沖周り,2026-08-08,12,0.9,9.5,3.4,154,27.9,0
横浜沖周り,2026-08-08,15,0.8,8.8,3.5,184,28.2,2
横浜沖周り,2026-08-08,18,0.8,8.6,3.4,180,28.1,1
横浜沖周り,2026-08-08,21,0.9,9.7,1.6,189,27.8,0
本牧沖~富岡沖,2026-08-08,00,1.1,9.3,2.8,185,27.6,1
本牧沖~富岡沖,2026-08-08,03,1.0,9.2,2.6,189,27.5,0
本牧沖~富岡沖,2026-08-08,06,0.9,9.1,2.0,196,27.5,0
本牧沖~富岡沖,2026-08-08,09,0.9,9.2,1.5,158,27.6,1
本牧沖~富岡沖,2026-08-08,12,1.0,9.6,3.4,154,27.9,0
本牧沖~富岡沖,2026-08-08,15,0.9,8.9,3.5,184,28.2,2
本牧沖~富岡沖,2026-08-08,18,0.9,8.8,3.4,180,28.1,1
本牧沖~富岡沖,2026-08-08,21,1.1,9.8,1.6,189,27.8,0
木更津沖～本牧沖,2026-08-08,00,0.7,8.8,3.9,179,27.5,1
木更津沖～本牧沖,2026-08-08,03,0.6,8.8,3.6,186,27.5,0
木更津沖～本牧沖,2026-08-08,06,0.6,8.6,2.7,174,27.5,0
木更津沖～本牧沖,2026-08-08,09,0.5,8.8,1.7,210,27.6,0
木更津沖～本牧沖,2026-08-08,12,0.6,9.2,3.3,233,28.0,0
木更津沖～本牧沖,2026-08-08,15,0.5,8.7,4.5,206,28.3,51
木更津沖～本牧沖,2026-08-08,18,0.6,8.1,3.5,207,28.2,0
木更津沖～本牧沖,2026-08-08,21,0.7,9.4,2.2,177,28.0,0
海堡,2026-08-08,00,0.7,8.8,3.9,179,27.5,1
海堡,2026-08-08,03,0.6,8.8,3.6,186,27.5,0
海堡,2026-08-08,06,0.6,8.6,2.7,174,27.5,0
海堡,2026-08-08,09,0.5,8.8,1.7,210,27.6,0
海堡,2026-08-08,12,0.6,9.2,3.3,233,28.0,0
海堡,2026-08-08,15,0.5,8.7,4.5,206,28.3,51
海堡,2026-08-08,18,0.6,8.1,3.5,207,28.2,0
海堡,2026-08-08,21,0.7,9.4,2.2,177,28.0,0
木更津沖～横浜沖,2026-08-08,00,0.7,8.8,3.9,179,27.5,1
木更津沖～横浜沖,2026-08-08,03,0.6,8.8,3.6,186,27.5,0
木更津沖～横浜沖,2026-08-08,06,0.6,8.6,2.7,174,27.5,0
木更津沖～横浜沖,2026-08-08,09,0.5,8.8,1.7,210,27.6,0
木更津沖～横浜沖,2026-08-08,12,0.6,9.2,3.3,233,28.0,0
木更津沖～横浜沖,2026-08-08,15,0.5,8.7,4.5,206,28.3,51
木更津沖～横浜沖,2026-08-08,18,0.6,8.1,3.5,207,28.2,0
木更津沖～横浜沖,2026-08-08,21,0.7,9.4,2.2,177,28.0,0
中ノ瀬,2026-08-08,00,0.7,8.8,3.9,179,27.5,1
中ノ瀬,2026-08-08,03,0.6,8.8,3.6,186,27.5,0
中ノ瀬,2026-08-08,06,0.6,8.6,2.7,174,27.5,0
中ノ瀬,2026-08-08,09,0.5,8.8,1.7,210,27.6,0
中ノ瀬,2026-08-08,12,0.6,9.2,3.3,233,28.0,0
中ノ瀬,2026-08-08,15,0.5,8.7,4.5,206,28.3,51
中ノ瀬,2026-08-08,18,0.6,8.1,3.5,207,28.2,0
中ノ瀬,2026-08-08,21,0.7,9.4,2.2,177,28.0,0
本牧沖,2026-08-08,00,1.0,9.2,2.8,185,27.6,1
本牧沖,2026-08-08,03,0.9,9.1,2.6,189,27.5,0
本牧沖,2026-08-08,06,0.8,8.9,2.0,196,27.5,0
本牧沖,2026-08-08,09,0.8,9.0,1.5,158,27.6,1
本牧沖,2026-08-08,12,0.9,9.5,3.4,154,27.9,0
本牧沖,2026-08-08,15,0.8,8.8,3.5,184,28.2,2
本牧沖,2026-08-08,18,0.8,8.6,3.4,180,28.1,1
本牧沖,2026-08-08,21,0.9,9.7,1.6,189,27.8,0
横浜沖,2026-08-08,00,1.1,9.3,2.8,185,27.9,1
横浜沖,2026-08-08,03,1.0,9.2,2.6,189,27.8,0
横浜沖,2026-08-08,06,0.9,9.1,2.0,196,27.8,0
横浜沖,2026-08-08,09,0.9,9.2,1.5,158,27.9,1
横浜沖,2026-08-08,12,1.0,9.6,3.4,154,28.2,0
横浜沖,2026-08-08,15,0.9,8.9,3.5,184,28.5,2
横浜沖,2026-08-08,18,0.9,8.8,3.4,180,28.3,1
横浜沖,2026-08-08,21,1.1,9.8,1.6,189,28.1,0
根岸沖,2026-08-08,00,0.5,8.4,2.8,185,27.9,1
根岸沖,2026-08-08,03,0.5,8.4,2.6,189,27.8,0
根岸沖,2026-08-08,06,0.5,8.3,2.0,196,27.8,0
根岸沖,2026-08-08,09,0.5,8.7,1.5,158,27.9,1
根岸沖,2026-08-08,12,0.5,8.9,3.4,154,28.2,0
根岸沖,2026-08-08,15,0.5,8.4,3.5,184,28.5,2
根岸沖,2026-08-08,18,0.5,7.5,3.4,180,28.3,1
根岸沖,2026-08-08,21,0.6,8.9,1.6,189,28.1,0
片貝沖,2026-08-08,00,2.0,9.3,5.3,177,26.1,0
片貝沖,2026-08-08,03,2.0,9.6,4.6,191,26.1,0
片貝沖,2026-08-08,06,1.9,9.6,2.8,197,26.1,0
片貝沖,2026-08-08,09,1.7,9.1,2.9,141,26.2,0
片貝沖,2026-08-08,12,1.7,9.4,4.5,156,26.6,0
片貝沖,2026-08-08,15,1.8,9.8,4.7,163,26.9,1
片貝沖,2026-08-08,18,2.0,10.2,5.0,171,26.8,3
片貝沖,2026-08-08,21,2.1,10.8,3.1,195,26.5,1
木更津沖～川崎沖,2026-08-08,00,0.5,8.4,4.0,181,27.8,1
木更津沖～川崎沖,2026-08-08,03,0.5,8.4,3.8,187,27.8,0
木更津沖～川崎沖,2026-08-08,06,0.5,8.3,2.9,175,27.8,0
木更津沖～川崎沖,2026-08-08,09,0.5,8.7,0.2,162,27.9,0
木更津沖～川崎沖,2026-08-08,12,0.5,8.9,1.9,279,28.2,0
木更津沖～川崎沖,2026-08-08,15,0.5,8.4,4.3,202,28.5,51
木更津沖～川崎沖,2026-08-08,18,0.5,7.5,3.7,209,28.3,0
木更津沖～川崎沖,2026-08-08,21,0.6,8.9,2.4,185,28.1,0
盤洲沖,2026-08-08,00,0.6,8.7,4.0,181,27.4,1
盤洲沖,2026-08-08,03,0.5,8.7,3.8,187,27.4,0
盤洲沖,2026-08-08,06,0.5,8.6,2.9,175,27.4,0
盤洲沖,2026-08-08,09,0.5,8.9,0.2,162,27.5,0
盤洲沖,2026-08-08,12,0.5,9.2,1.9,279,27.9,0
盤洲沖,2026-08-08,15,0.5,8.7,4.3,202,28.3,51
盤洲沖,2026-08-08,18,0.5,7.8,3.7,209,28.2,0
盤洲沖,2026-08-08,21,0.6,9.1,2.4,185,27.9,0
大根,2026-08-08,00,2.0,9.3,5.2,178,26.1,0
大根,2026-08-08,03,2.0,9.6,4.3,192,26.1,0
大根,2026-08-08,06,1.9,9.6,2.7,197,26.1,0
大根,2026-08-08,09,1.7,9.1,2.5,138,26.2,0
大根,2026-08-08,12,1.7,9.4,3.7,151,26.6,0
大根,2026-08-08,15,1.8,9.8,4.3,159,26.9,1
大根,2026-08-08,18,2.0,10.2,4.7,168,26.8,3
大根,2026-08-08,21,2.1,10.8,3.2,197,26.5,1
川崎沖～横浜沖,2026-08-08,00,0.5,8.4,3.0,183,27.9,0
川崎沖～横浜沖,2026-08-08,03,0.5,8.4,3.0,186,27.8,0
川崎沖～横浜沖,2026-08-08,06,0.5,8.3,2.2,200,27.8,0
川崎沖～横浜沖,2026-08-08,09,0.5,8.7,1.8,139,27.9,1
川崎沖～横浜沖,2026-08-08,12,0.5,8.9,3.6,139,28.2,0
川崎沖～横浜沖,2026-08-08,15,0.5,8.4,4.2,177,28.5,2
川崎沖～横浜沖,2026-08-08,18,0.5,7.5,3.8,181,28.3,1
川崎沖～横浜沖,2026-08-08,21,0.6,8.9,2.0,193,28.1,0
川崎沖~本牧沖,2026-08-08,00,0.5,8.4,3.0,183,27.9,0
川崎沖~本牧沖,2026-08-08,03,0.5,8.4,3.0,186,27.8,0
川崎沖~本牧沖,2026-08-08,06,0.5,8.3,2.2,200,27.8,0
川崎沖~本牧沖,2026-08-08,09,0.5,8.7,1.8,139,27.9,1
川崎沖~本牧沖,2026-08-08,12,0.5,8.9,3.6,139,28.2,0
川崎沖~本牧沖,2026-08-08,15,0.5,8.4,4.2,177,28.5,2
川崎沖~本牧沖,2026-08-08,18,0.5,7.5,3.8,181,28.3,1
川崎沖~本牧沖,2026-08-08,21,0.6,8.9,2.0,193,28.1,0
川崎沖,2026-08-08,00,0.5,8.4,3.0,183,28.4,0
川崎沖,2026-08-08,03,0.5,8.4,3.0,186,28.3,0
川崎沖,2026-08-08,06,0.5,8.3,2.2,200,28.3,0
川崎沖,2026-08-08,09,0.5,8.7,1.8,139,28.3,1
川崎沖,2026-08-08,12,0.5,8.9,3.6,139,28.6,0
川崎沖,2026-08-08,15,0.5,8.4,4.2,177,28.8,2
川崎沖,2026-08-08,18,0.5,7.5,3.8,181,28.7,1
川崎沖,2026-08-08,21,0.6,8.9,2.0,193,28.5,0
五井沖,2026-08-08,00,0.3,7.8,2.7,169,27.7,0
五井沖,2026-08-08,03,0.3,7.2,2.3,172,27.6,0
五井沖,2026-08-08,06,0.3,7.6,2.1,152,27.6,0
五井沖,2026-08-08,09,0.2,8.8,0.9,245,27.8,0
五井沖,2026-08-08,12,0.2,9.1,1.2,297,28.3,1
五井沖,2026-08-08,15,0.2,8.9,2.0,205,28.8,51
五井沖,2026-08-08,18,0.2,7.3,2.6,177,28.6,1
五井沖,2026-08-08,21,0.2,7.8,1.5,172,28.4,1
鶴見沖,2026-08-08,00,0.5,8.4,3.0,183,28.4,0
鶴見沖,2026-08-08,03,0.5,8.4,3.0,186,28.3,0
鶴見沖,2026-08-08,06,0.5,8.3,2.2,200,28.3,0
鶴見沖,2026-08-08,09,0.5,8.7,1.8,139,28.3,1
鶴見沖,2026-08-08,12,0.5,8.9,3.6,139,28.6,0
鶴見沖,2026-08-08,15,0.5,8.4,4.2,177,28.8,2
鶴見沖,2026-08-08,18,0.5,7.5,3.8,181,28.7,1
鶴見沖,2026-08-08,21,0.6,8.9,2.0,193,28.5,0
木更津沖～浦安沖,2026-08-08,00,0.5,7.8,3.1,180,27.8,0
木更津沖～浦安沖,2026-08-08,03,0.5,7.6,3.1,183,27.7,0
木更津沖～浦安沖,2026-08-08,06,0.4,8.2,2.4,197,27.7,1
木更津沖～浦安沖,2026-08-08,09,0.4,8.6,2.2,143,27.8,0
木更津沖～浦安沖,2026-08-08,12,0.4,8.8,3.4,142,28.1,0
木更津沖～浦安沖,2026-08-08,15,0.4,8.4,4.9,168,28.4,2
木更津沖～浦安沖,2026-08-08,18,0.4,7.0,3.9,183,28.3,2
木更津沖～浦安沖,2026-08-08,21,0.4,7.8,2.0,191,28.1,1
羽田沖,2026-08-08,00,0.5,8.4,3.1,180,28.2,0
羽田沖,2026-08-08,03,0.5,8.4,3.1,183,28.2,0
羽田沖,2026-08-08,06,0.5,8.3,2.4,197,28.1,1
羽田沖,2026-08-08,09,0.5,8.7,2.2,143,28.2,0
羽田沖,2026-08-08,12,0.5,8.9,3.4,142,28.5,0
羽田沖,2026-08-08,15,0.5,8.4,4.9,168,28.8,2
羽田沖,2026-08-08,18,0.5,7.5,3.9,183,28.6,2
羽田沖,2026-08-08,21,0.6,8.9,2.0,191,28.4,1
千葉沖,2026-08-08,00,0.3,7.8,2.5,172,28.6,0
千葉沖,2026-08-08,03,0.3,7.5,2.6,181,28.5,1
千葉沖,2026-08-08,06,0.3,7.5,1.8,169,28.4,0
千葉沖,2026-08-08,09,0.2,8.4,1.7,214,28.5,0
千葉沖,2026-08-08,12,0.2,8.8,2.0,213,29.0,0
千葉沖,2026-08-08,15,0.2,8.8,2.7,208,29.3,1
千葉沖,2026-08-08,18,0.2,7.0,2.0,190,29.1,2
千葉沖,2026-08-08,21,0.2,7.5,2.0,199,28.8,1
浦安沖,2026-08-08,00,0.3,7.2,3.2,181,28.4,1
浦安沖,2026-08-08,03,0.4,7.0,3.6,184,28.3,1
浦安沖,2026-08-08,06,0.3,7.2,2.7,189,28.3,1
浦安沖,2026-08-08,09,0.3,7.9,2.4,184,28.3,0
浦安沖,2026-08-08,12,0.3,8.2,3.0,197,28.6,0
浦安沖,2026-08-08,15,0.3,7.7,5.0,186,28.9,2
浦安沖,2026-08-08,18,0.3,6.0,3.9,213,28.7,1
浦安沖,2026-08-08,21,0.3,6.9,2.4,203,28.5,1
屏風ヶ浦の陰,2026-08-08,00,0.3,7.8,2.1,168,29.0,0
屏風ヶ浦の陰,2026-08-08,03,0.3,7.5,2.1,171,28.9,1
屏風ヶ浦の陰,2026-08-08,06,0.3,7.5,1.7,172,28.9,0
屏風ヶ浦の陰,2026-08-08,09,0.2,8.4,1.5,208,29.0,0
屏風ヶ浦の陰,2026-08-08,12,0.2,8.8,2.1,158,29.4,0
屏風ヶ浦の陰,2026-08-08,15,0.2,8.8,3.1,179,29.7,55
屏風ヶ浦の陰,2026-08-08,18,0.2,7.0,2.7,148,29.5,0
屏風ヶ浦の陰,2026-08-08,21,0.2,7.5,2.0,193,29.3,0
犬吠南沖,2026-08-08,00,2.2,9.6,3.7,175,25.7,0
犬吠南沖,2026-08-08,03,2.1,9.8,3.0,186,25.6,0
犬吠南沖,2026-08-08,06,2.1,9.8,2.1,185,25.6,0
犬吠南沖,2026-08-08,09,1.9,9.7,2.7,159,25.8,1
犬吠南沖,2026-08-08,12,1.9,9.8,3.8,157,26.4,0
犬吠南沖,2026-08-08,15,2.0,10.2,3.9,155,27.0,2
犬吠南沖,2026-08-08,18,2.1,10.7,3.5,163,26.8,2
犬吠南沖,2026-08-08,21,2.2,11.0,2.1,188,26.5,3
亀城根,2026-08-08,00,2.2,9.6,3.7,175,25.7,0
亀城根,2026-08-08,03,2.1,9.8,3.0,186,25.6,0
亀城根,2026-08-08,06,2.1,9.8,2.1,185,25.6,0
亀城根,2026-08-08,09,1.9,9.7,2.7,159,25.8,1
亀城根,2026-08-08,12,1.9,9.8,3.8,157,26.4,0
亀城根,2026-08-08,15,2.0,10.2,3.9,155,27.0,2
亀城根,2026-08-08,18,2.1,10.7,3.5,163,26.8,2
亀城根,2026-08-08,21,2.2,11.0,2.1,188,26.5,3
外川沖,2026-08-08,00,1.9,9.4,3.7,175,25.6,0
外川沖,2026-08-08,03,1.9,9.7,3.0,186,25.5,0
外川沖,2026-08-08,06,1.8,9.7,2.1,185,25.6,0
外川沖,2026-08-08,09,1.7,9.6,2.7,159,25.7,1
外川沖,2026-08-08,12,1.7,9.7,3.8,157,26.2,0
外川沖,2026-08-08,15,1.8,10.2,3.9,155,26.6,2
外川沖,2026-08-08,18,1.8,10.6,3.5,163,26.5,2
外川沖,2026-08-08,21,1.9,10.9,2.1,188,26.2,3
犬吠沖,2026-08-08,00,1.9,9.4,3.7,175,25.6,0
犬吠沖,2026-08-08,03,1.9,9.7,3.0,186,25.5,0
犬吠沖,2026-08-08,06,1.8,9.7,2.1,185,25.6,0
犬吠沖,2026-08-08,09,1.7,9.6,2.7,159,25.7,1
犬吠沖,2026-08-08,12,1.7,9.7,3.8,157,26.2,0
犬吠沖,2026-08-08,15,1.8,10.2,3.9,155,26.6,2
犬吠沖,2026-08-08,18,1.8,10.6,3.5,163,26.5,2
犬吠沖,2026-08-08,21,1.9,10.9,2.1,188,26.2,3
飯岡沖,2026-08-08,00,1.6,9.2,3.7,175,26.1,0
飯岡沖,2026-08-08,03,1.5,9.4,3.0,186,26.1,0
飯岡沖,2026-08-08,06,1.5,9.4,2.1,185,26.1,0
飯岡沖,2026-08-08,09,1.4,9.3,2.7,159,26.2,1
飯岡沖,2026-08-08,12,1.3,9.3,3.8,157,26.6,0
飯岡沖,2026-08-08,15,1.4,9.9,3.9,155,27.0,2
飯岡沖,2026-08-08,18,1.5,10.3,3.5,163,26.8,2
飯岡沖,2026-08-08,21,1.6,10.7,2.1,188,26.6,3
真沖,2026-08-08,00,1.6,9.2,3.7,175,26.1,0
真沖,2026-08-08,03,1.5,9.4,3.0,186,26.1,0
真沖,2026-08-08,06,1.5,9.4,2.1,185,26.1,0
真沖,2026-08-08,09,1.4,9.3,2.7,159,26.2,1
真沖,2026-08-08,12,1.3,9.3,3.8,157,26.6,0
真沖,2026-08-08,15,1.4,9.9,3.9,155,27.0,2
真沖,2026-08-08,18,1.5,10.3,3.5,163,26.8,2
真沖,2026-08-08,21,1.6,10.7,2.1,188,26.6,3
波崎沖,2026-08-08,00,1.9,9.4,3.7,175,25.6,0
波崎沖,2026-08-08,03,1.9,9.7,3.0,186,25.5,0
波崎沖,2026-08-08,06,1.8,9.7,2.1,185,25.6,0
波崎沖,2026-08-08,09,1.7,9.6,2.7,159,25.7,1
波崎沖,2026-08-08,12,1.7,9.7,3.8,157,26.2,0
波崎沖,2026-08-08,15,1.8,10.2,3.9,155,26.6,2
波崎沖,2026-08-08,18,1.8,10.6,3.5,163,26.5,2
波崎沖,2026-08-08,21,1.9,10.9,2.1,188,26.2,3
川前大根,2026-08-08,00,1.6,9.2,3.7,175,26.1,0
川前大根,2026-08-08,03,1.5,9.4,3.0,186,26.1,0
川前大根,2026-08-08,06,1.5,9.4,2.1,185,26.1,0
川前大根,2026-08-08,09,1.4,9.3,2.7,159,26.2,1
川前大根,2026-08-08,12,1.3,9.3,3.8,157,26.6,0
川前大根,2026-08-08,15,1.4,9.9,3.9,155,27.0,2
川前大根,2026-08-08,18,1.5,10.3,3.5,163,26.8,2
川前大根,2026-08-08,21,1.6,10.7,2.1,188,26.6,3
鹿島南沖,2026-08-08,00,1.3,9.3,3.0,175,25.2,0
鹿島南沖,2026-08-08,03,1.3,9.4,2.5,181,25.1,0
鹿島南沖,2026-08-08,06,1.4,9.8,2.1,184,25.2,0
鹿島南沖,2026-08-08,09,1.2,9.3,2.3,165,25.4,1
鹿島南沖,2026-08-08,12,1.3,10.0,3.5,156,25.7,1
鹿島南沖,2026-08-08,15,1.3,10.1,3.7,152,26.0,1
鹿島南沖,2026-08-08,18,1.3,10.6,2.9,166,25.9,1
鹿島南沖,2026-08-08,21,1.4,10.9,1.8,191,25.6,3
神栖沖,2026-08-08,00,1.3,9.3,3.0,175,25.2,0
神栖沖,2026-08-08,03,1.3,9.4,2.5,181,25.2,0
神栖沖,2026-08-08,06,1.4,9.8,2.1,184,25.2,0
神栖沖,2026-08-08,09,1.2,9.3,2.3,165,25.4,1
神栖沖,2026-08-08,12,1.3,10.0,3.5,156,25.9,1
神栖沖,2026-08-08,15,1.3,10.1,3.7,152,26.2,1
神栖沖,2026-08-08,18,1.3,10.6,2.9,166,26.1,1
神栖沖,2026-08-08,21,1.4,10.9,1.8,191,25.8,3
鹿島沖,2026-08-08,00,1.3,9.3,2.9,179,25.7,0
鹿島沖,2026-08-08,03,1.3,9.4,2.5,186,25.6,0
鹿島沖,2026-08-08,06,1.4,9.8,2.2,188,25.6,0
鹿島沖,2026-08-08,09,1.2,9.3,1.3,160,25.7,2
鹿島沖,2026-08-08,12,1.3,10.0,3.2,139,26.1,3
鹿島沖,2026-08-08,15,1.3,10.1,3.7,145,26.3,1
鹿島沖,2026-08-08,18,1.3,10.6,3.5,166,26.2,3
鹿島沖,2026-08-08,21,1.4,10.9,1.8,185,25.9,3
鹿島真沖,2026-08-08,00,1.3,9.3,3.0,177,25.2,0
鹿島真沖,2026-08-08,03,1.3,9.4,2.7,181,25.1,0
鹿島真沖,2026-08-08,06,1.4,9.8,2.1,184,25.2,0
鹿島真沖,2026-08-08,09,1.2,9.3,1.6,162,25.4,1
鹿島真沖,2026-08-08,12,1.3,10.0,3.2,151,25.7,1
鹿島真沖,2026-08-08,15,1.3,10.1,3.6,146,26.0,1
鹿島真沖,2026-08-08,18,1.3,10.6,3.1,169,25.9,2
鹿島真沖,2026-08-08,21,1.4,10.9,2.0,189,25.6,3
鹿島魚礁,2026-08-08,00,1.6,9.2,5.0,179,25.1,0
鹿島魚礁,2026-08-08,03,1.5,9.3,4.3,182,25.1,0
鹿島魚礁,2026-08-08,06,1.6,9.7,3.0,186,25.2,0
鹿島魚礁,2026-08-08,09,1.4,9.2,3.7,129,25.3,0
鹿島魚礁,2026-08-08,12,1.5,9.8,5.5,141,25.6,0
鹿島魚礁,2026-08-08,15,1.5,10.0,5.5,144,25.9,1
鹿島魚礁,2026-08-08,18,1.5,10.4,4.6,162,25.8,2
鹿島魚礁,2026-08-08,21,1.6,10.8,2.7,179,25.6,3
鹿島北沖,2026-08-08,00,1.4,9.1,2.9,179,25.7,0
鹿島北沖,2026-08-08,03,1.3,9.2,2.5,186,25.6,0
鹿島北沖,2026-08-08,06,1.5,9.8,2.2,188,25.6,0
鹿島北沖,2026-08-08,09,1.2,9.2,1.3,160,25.7,2
鹿島北沖,2026-08-08,12,1.4,9.8,3.2,139,26.1,3
鹿島北沖,2026-08-08,15,1.3,9.8,3.7,145,26.3,1
鹿島北沖,2026-08-08,18,1.3,10.2,3.5,166,26.2,3
鹿島北沖,2026-08-08,21,1.4,10.7,1.8,185,25.9,3
北沖30,2026-08-08,00,1.5,9.4,2.7,186,25.4,0
北沖30,2026-08-08,03,1.4,9.6,2.4,198,25.4,0
北沖30,2026-08-08,06,1.6,10.3,2.5,193,25.5,0
北沖30,2026-08-08,09,1.3,9.4,2.0,162,25.6,1
北沖30,2026-08-08,12,1.5,10.2,4.6,138,25.8,0
北沖30,2026-08-08,15,1.5,10.0,5.1,147,26.0,2
北沖30,2026-08-08,18,1.5,10.6,3.6,151,25.9,3
北沖30,2026-08-08,21,1.5,11.0,1.2,175,25.8,3
大洗沖,2026-08-08,00,1.5,9.4,2.5,185,25.8,0
大洗沖,2026-08-08,03,1.4,9.6,2.2,194,25.7,0
大洗沖,2026-08-08,06,1.6,10.3,2.7,192,25.8,0
大洗沖,2026-08-08,09,1.3,9.4,2.0,187,25.9,1
大洗沖,2026-08-08,12,1.5,10.2,3.7,142,26.1,51
大洗沖,2026-08-08,15,1.5,10.0,4.1,142,26.3,2
大洗沖,2026-08-08,18,1.5,10.6,2.9,149,26.2,3
大洗沖,2026-08-08,21,1.5,11.0,1.0,160,26.1,3
青山沖,2026-08-08,00,1.5,9.4,2.7,186,24.7,0
青山沖,2026-08-08,03,1.5,9.6,2.4,198,24.6,0
青山沖,2026-08-08,06,1.6,10.3,2.5,193,24.7,0
青山沖,2026-08-08,09,1.3,9.4,2.0,162,24.8,1
青山沖,2026-08-08,12,1.5,10.3,4.6,138,25.1,0
青山沖,2026-08-08,15,1.5,10.0,5.1,147,25.3,2
青山沖,2026-08-08,18,1.5,10.4,3.6,151,25.2,3
青山沖,2026-08-08,21,1.6,11.0,1.2,175,25.0,3
日立沖,2026-08-08,00,1.6,9.2,2.4,224,25.0,1
日立沖,2026-08-08,03,1.6,9.5,2.4,223,25.0,3
日立沖,2026-08-08,06,1.7,10.1,2.5,213,25.0,51
日立沖,2026-08-08,09,1.5,9.5,2.5,185,25.1,2
日立沖,2026-08-08,12,1.6,10.1,3.7,157,25.4,51
日立沖,2026-08-08,15,1.5,10.1,3.1,168,25.6,3
日立沖,2026-08-08,18,1.6,10.3,1.7,170,25.5,3
日立沖,2026-08-08,21,1.6,10.8,0.7,138,25.3,2
銭洲沖,2026-08-09,00,2.6,10.8,3.1,68,29.0,2
銭洲沖,2026-08-09,03,2.7,10.9,3.4,65,29.1,3
銭洲沖,2026-08-09,06,2.7,10.9,3.0,70,29.1,1
銭洲沖,2026-08-09,09,2.7,11.2,2.4,31,29.1,2
銭洲沖,2026-08-09,12,2.9,11.4,4.8,49,29.4,51
銭洲沖,2026-08-09,15,2.7,10.9,3.5,63,29.7,1
銭洲沖,2026-08-09,18,2.6,10.7,2.3,60,29.6,1
銭洲沖,2026-08-09,21,2.6,10.6,3.6,33,29.3,1
イナンバ,2026-08-09,00,2.6,11.1,1.7,78,29.6,1
イナンバ,2026-08-09,03,2.5,10.9,2.4,59,29.5,3
イナンバ,2026-08-09,06,2.6,11.2,1.7,71,29.5,2
イナンバ,2026-08-09,09,2.7,11.4,1.9,16,29.5,1
イナンバ,2026-08-09,12,2.7,11.3,4.4,27,29.8,3
イナンバ,2026-08-09,15,2.5,10.8,2.1,40,30.0,3
イナンバ,2026-08-09,18,2.4,10.5,0.9,29,29.8,1
イナンバ,2026-08-09,21,2.3,10.3,3.6,34,29.5,0
石花海,2026-08-09,00,2.3,10.7,1.7,108,28.7,3
石花海,2026-08-09,03,2.2,10.8,1.9,74,28.7,2
石花海,2026-08-09,06,2.3,11.0,1.1,68,28.7,1
石花海,2026-08-09,09,2.3,11.2,1.3,13,28.7,1
石花海,2026-08-09,12,2.2,11.1,3.1,24,29.1,3
石花海,2026-08-09,15,2.2,10.9,1.1,95,29.4,2
石花海,2026-08-09,18,2.1,10.6,0.8,249,29.2,1
石花海,2026-08-09,21,2.0,10.3,1.2,20,28.8,1
神津島,2026-08-09,00,2.2,10.2,2.5,104,28.0,1
神津島,2026-08-09,03,2.0,10.2,2.4,62,28.0,2
神津島,2026-08-09,06,2.1,10.5,1.7,71,28.2,2
神津島,2026-08-09,09,2.1,10.7,1.0,47,28.5,3
神津島,2026-08-09,12,2.0,10.5,2.9,31,29.1,3
神津島,2026-08-09,15,2.0,10.5,1.7,54,29.5,3
神津島,2026-08-09,18,2.0,10.3,0.6,255,29.5,1
神津島,2026-08-09,21,1.9,10.2,3.0,35,29.2,0
金洲沖,2026-08-09,00,2.0,10.2,1.5,128,27.6,2
金洲沖,2026-08-09,03,1.9,10.2,1.2,47,27.7,3
金洲沖,2026-08-09,06,2.0,10.6,1.5,345,27.8,1
金洲沖,2026-08-09,09,1.9,10.8,2.9,6,28.0,2
金洲沖,2026-08-09,12,1.8,10.4,2.4,59,28.7,3
金洲沖,2026-08-09,15,1.9,10.6,1.5,111,29.3,2
金洲沖,2026-08-09,18,1.8,10.4,1.1,255,29.4,1
金洲沖,2026-08-09,21,1.8,10.2,1.1,41,29.3,1
新島沖,2026-08-09,00,2.0,10.3,1.8,126,27.5,1
新島沖,2026-08-09,03,2.0,10.2,1.9,56,27.5,2
新島沖,2026-08-09,06,2.0,10.5,1.3,90,27.5,2
新島沖,2026-08-09,09,2.1,10.8,1.1,62,27.7,2
新島沖,2026-08-09,12,2.0,10.4,2.9,48,28.1,2
新島沖,2026-08-09,15,2.0,10.4,1.3,54,28.4,2
新島沖,2026-08-09,18,1.9,10.2,0.3,90,28.3,1
新島沖,2026-08-09,21,1.8,9.9,2.5,35,28.0,1
金州,2026-08-09,00,1.9,10.2,1.8,148,27.5,1
金州,2026-08-09,03,1.9,10.2,1.5,71,27.6,3
金州,2026-08-09,06,2.0,10.5,1.0,51,27.6,3
金州,2026-08-09,09,2.0,10.8,1.6,48,27.7,2
金州,2026-08-09,12,1.9,10.4,3.0,68,28.1,1
金州,2026-08-09,15,1.9,10.4,1.8,110,28.4,2
金州,2026-08-09,18,1.9,10.2,0.7,197,28.2,1
金州,2026-08-09,21,1.8,9.8,2.3,30,27.9,1
白河沖,2026-08-09,00,2.1,10.1,0.5,246,27.9,3
白河沖,2026-08-09,03,2.0,10.0,2.0,1,27.9,3
白河沖,2026-08-09,06,2.1,10.4,0.9,315,27.9,2
白河沖,2026-08-09,09,2.1,10.6,0.7,163,28.1,2
白河沖,2026-08-09,12,1.9,10.3,2.0,183,28.5,3
白河沖,2026-08-09,15,1.9,10.5,2.8,213,28.8,3
白河沖,2026-08-09,18,2.0,10.3,2.5,207,28.6,1
白河沖,2026-08-09,21,1.9,9.9,1.7,261,28.3,2
御前崎沖,2026-08-09,00,2.1,10.1,0.5,246,27.8,3
御前崎沖,2026-08-09,03,2.0,10.0,2.0,1,27.7,3
御前崎沖,2026-08-09,06,2.1,10.4,0.9,315,27.8,2
御前崎沖,2026-08-09,09,2.1,10.6,0.7,163,28.0,2
御前崎沖,2026-08-09,12,1.9,10.3,2.0,183,28.4,3
御前崎沖,2026-08-09,15,2.0,10.5,2.8,213,28.7,3
御前崎沖,2026-08-09,18,2.0,10.3,2.5,207,28.6,1
御前崎沖,2026-08-09,21,1.9,9.9,1.7,261,28.4,2
八方便,2026-08-09,00,2.1,10.1,0.5,246,27.9,3
八方便,2026-08-09,03,2.0,10.0,2.0,1,27.9,3
八方便,2026-08-09,06,2.1,10.4,0.9,315,27.9,2
八方便,2026-08-09,09,2.1,10.6,0.7,163,28.1,2
八方便,2026-08-09,12,1.9,10.3,2.0,183,28.5,3
八方便,2026-08-09,15,1.9,10.5,2.8,213,28.8,3
八方便,2026-08-09,18,2.0,10.3,2.5,207,28.6,1
八方便,2026-08-09,21,1.9,9.9,1.7,261,28.3,2
神子元沖,2026-08-09,00,2.1,10.3,0.7,335,28.1,3
神子元沖,2026-08-09,03,2.0,10.3,1.9,360,28.0,2
神子元沖,2026-08-09,06,2.1,10.7,1.3,4,27.9,2
神子元沖,2026-08-09,09,2.1,10.8,2.1,125,28.0,2
神子元沖,2026-08-09,12,1.9,10.5,3.6,115,28.5,3
神子元沖,2026-08-09,15,1.9,10.7,2.3,133,29.0,2
神子元沖,2026-08-09,18,1.9,10.4,1.4,215,29.0,2
神子元沖,2026-08-09,21,1.8,10.2,0.4,14,28.8,2
大東沖,2026-08-09,00,2.0,9.9,0.2,243,28.4,3
大東沖,2026-08-09,03,1.9,9.8,1.1,34,28.4,3
大東沖,2026-08-09,06,2.1,10.2,0.5,360,28.4,2
大東沖,2026-08-09,09,2.0,10.3,1.6,222,28.5,2
大東沖,2026-08-09,12,1.8,10.1,3.1,191,28.8,51
大東沖,2026-08-09,15,1.8,10.3,3.0,215,29.1,3
大東沖,2026-08-09,18,1.8,10.2,2.3,199,28.9,1
大東沖,2026-08-09,21,1.8,9.9,0.8,243,28.7,2
石廊崎沖,2026-08-09,00,2.0,10.2,0.7,9,27.8,3
石廊崎沖,2026-08-09,03,1.9,10.2,2.0,9,28.0,2
石廊崎沖,2026-08-09,06,2.0,10.6,1.0,47,28.3,2
石廊崎沖,2026-08-09,09,1.9,10.7,1.0,264,28.6,2
石廊崎沖,2026-08-09,12,1.7,10.3,1.4,208,29.2,3
石廊崎沖,2026-08-09,15,1.8,10.6,2.7,201,29.5,2
石廊崎沖,2026-08-09,18,1.8,10.3,1.7,242,29.3,1
石廊崎沖,2026-08-09,21,1.8,10.2,1.2,345,28.8,2
福田沖,2026-08-09,00,2.0,9.9,1.1,191,28.3,3
福田沖,2026-08-09,03,1.9,9.8,0.9,27,28.2,3
福田沖,2026-08-09,06,2.1,10.2,0.6,265,28.2,1
福田沖,2026-08-09,09,2.0,10.3,1.2,201,28.3,2
福田沖,2026-08-09,12,1.8,10.2,3.2,191,28.7,51
福田沖,2026-08-09,15,1.8,10.3,2.6,200,29.0,3
福田沖,2026-08-09,18,1.8,10.2,2.5,198,28.8,1
福田沖,2026-08-09,21,1.8,9.9,1.4,240,28.5,2
浜岡沖,2026-08-09,00,2.0,10.0,0.5,246,28.3,3
浜岡沖,2026-08-09,03,1.9,9.9,2.0,1,28.3,3
浜岡沖,2026-08-09,06,2.0,10.3,0.9,315,28.4,2
浜岡沖,2026-08-09,09,2.0,10.4,0.7,163,28.5,2
浜岡沖,2026-08-09,12,1.8,10.1,2.0,183,28.9,3
浜岡沖,2026-08-09,15,1.8,10.3,2.8,213,29.2,3
浜岡沖,2026-08-09,18,1.8,10.2,2.5,207,29.1,1
浜岡沖,2026-08-09,21,1.8,9.9,1.7,261,28.8,2
下田南沖,2026-08-09,00,2.1,10.3,0.7,335,28.1,3
下田南沖,2026-08-09,03,2.0,10.3,1.9,360,28.0,2
下田南沖,2026-08-09,06,2.1,10.7,1.3,4,27.9,2
下田南沖,2026-08-09,09,2.1,10.8,2.1,125,28.0,2
下田南沖,2026-08-09,12,1.9,10.5,3.6,115,28.5,3
下田南沖,2026-08-09,15,1.9,10.7,2.3,133,29.0,2
下田南沖,2026-08-09,18,1.9,10.4,1.4,215,29.0,2
下田南沖,2026-08-09,21,1.8,10.2,0.4,14,28.8,2
下田沖,2026-08-09,00,2.1,10.3,0.7,335,28.1,3
下田沖,2026-08-09,03,2.0,10.3,1.9,360,28.0,2
下田沖,2026-08-09,06,2.1,10.7,1.3,4,27.9,2
下田沖,2026-08-09,09,2.1,10.8,2.1,125,28.0,2
下田沖,2026-08-09,12,1.9,10.5,3.6,115,28.5,3
下田沖,2026-08-09,15,1.9,10.7,2.3,133,29.0,2
下田沖,2026-08-09,18,1.9,10.4,1.4,215,29.0,2
下田沖,2026-08-09,21,1.8,10.2,0.4,14,28.8,2
相良沖,2026-08-09,00,2.0,9.9,0.5,246,28.2,3
相良沖,2026-08-09,03,1.9,9.9,2.0,1,28.2,3
相良沖,2026-08-09,06,2.0,10.2,0.9,315,28.2,2
相良沖,2026-08-09,09,2.0,10.4,0.7,163,28.3,2
相良沖,2026-08-09,12,1.8,10.1,2.0,183,28.7,3
相良沖,2026-08-09,15,1.8,10.2,2.8,213,29.0,3
相良沖,2026-08-09,18,1.8,10.2,2.5,207,28.9,1
相良沖,2026-08-09,21,1.8,9.9,1.7,261,28.6,2
天竜沖,2026-08-09,00,1.5,9.0,0.7,197,28.3,3
天竜沖,2026-08-09,03,1.5,8.8,0.9,3,28.2,3
天竜沖,2026-08-09,06,1.6,9.2,0.6,308,28.2,2
天竜沖,2026-08-09,09,1.6,9.3,0.3,189,28.3,2
天竜沖,2026-08-09,12,1.3,8.8,2.9,177,28.7,55
天竜沖,2026-08-09,15,1.3,9.2,0.8,180,29.0,3
天竜沖,2026-08-09,18,1.3,9.2,2.3,190,28.8,1
天竜沖,2026-08-09,21,1.3,8.9,1.0,221,28.5,2
波勝崎沖,2026-08-09,00,1.7,10.1,0.7,335,28.8,3
波勝崎沖,2026-08-09,03,1.6,9.9,1.9,360,28.7,2
波勝崎沖,2026-08-09,06,1.7,10.3,1.3,4,28.7,2
波勝崎沖,2026-08-09,09,1.6,10.4,2.1,125,28.8,2
波勝崎沖,2026-08-09,12,1.4,9.9,3.6,115,29.2,3
波勝崎沖,2026-08-09,15,1.5,10.2,2.3,133,29.5,2
波勝崎沖,2026-08-09,18,1.5,10.2,1.4,215,29.2,2
波勝崎沖,2026-08-09,21,1.5,10.1,0.4,14,28.9,2
藤守前,2026-08-09,00,1.4,9.2,0.7,293,28.5,3
藤守前,2026-08-09,03,1.3,9.0,1.0,340,28.5,2
藤守前,2026-08-09,06,1.5,9.4,0.8,308,28.4,2
藤守前,2026-08-09,09,1.5,9.6,1.3,115,28.5,2
藤守前,2026-08-09,12,1.2,8.9,2.3,122,29.0,3
藤守前,2026-08-09,15,1.3,9.3,2.4,180,29.4,3
藤守前,2026-08-09,18,1.3,9.3,2.3,203,29.2,1
藤守前,2026-08-09,21,1.2,9.1,1.3,252,28.8,3
吉田沖,2026-08-09,00,1.4,9.2,0.7,293,28.5,3
吉田沖,2026-08-09,03,1.3,9.0,1.0,340,28.5,2
吉田沖,2026-08-09,06,1.5,9.4,0.8,308,28.4,2
吉田沖,2026-08-09,09,1.5,9.6,1.3,115,28.5,2
吉田沖,2026-08-09,12,1.2,8.9,2.3,122,29.0,3
吉田沖,2026-08-09,15,1.3,9.3,2.4,180,29.4,3
吉田沖,2026-08-09,18,1.3,9.3,2.3,203,29.2,1
吉田沖,2026-08-09,21,1.2,9.1,1.3,252,28.8,3
千貫門沖,2026-08-09,00,1.7,10.1,0.7,9,28.8,3
千貫門沖,2026-08-09,03,1.6,9.9,2.0,9,28.7,2
千貫門沖,2026-08-09,06,1.7,10.3,1.0,47,28.7,2
千貫門沖,2026-08-09,09,1.6,10.4,1.0,264,28.8,2
千貫門沖,2026-08-09,12,1.4,9.9,1.4,208,29.2,3
千貫門沖,2026-08-09,15,1.5,10.2,2.7,201,29.6,2
千貫門沖,2026-08-09,18,1.5,10.2,1.7,242,29.4,1
千貫門沖,2026-08-09,21,1.5,10.1,1.2,345,29.2,2
豊浜沖,2026-08-09,00,1.6,9.8,0.7,9,28.4,3
豊浜沖,2026-08-09,03,1.5,9.7,2.0,9,28.4,2
豊浜沖,2026-08-09,06,1.6,10.1,1.0,47,28.5,2
豊浜沖,2026-08-09,09,1.5,10.2,1.0,264,28.6,2
豊浜沖,2026-08-09,12,1.3,9.6,1.4,208,29.0,3
豊浜沖,2026-08-09,15,1.4,9.9,2.7,201,29.3,2
豊浜沖,2026-08-09,18,1.4,10.1,1.7,242,29.1,1
豊浜沖,2026-08-09,21,1.4,9.9,1.2,345,28.7,2
松崎沖,2026-08-09,00,1.7,10.1,0.7,9,28.8,3
松崎沖,2026-08-09,03,1.6,9.9,2.0,9,28.7,2
松崎沖,2026-08-09,06,1.7,10.3,1.0,47,28.7,2
松崎沖,2026-08-09,09,1.6,10.4,1.0,264,28.8,2
松崎沖,2026-08-09,12,1.4,9.9,1.4,208,29.2,3
松崎沖,2026-08-09,15,1.5,10.2,2.7,201,29.6,2
松崎沖,2026-08-09,18,1.5,10.2,1.7,242,29.4,1
松崎沖,2026-08-09,21,1.5,10.1,1.2,345,29.2,2
西伊豆沖,2026-08-09,00,1.6,9.8,0.2,18,28.8,3
西伊豆沖,2026-08-09,03,1.5,9.7,1.3,43,28.7,3
西伊豆沖,2026-08-09,06,1.6,10.1,0.6,195,28.7,2
西伊豆沖,2026-08-09,09,1.5,10.2,1.5,289,28.8,3
西伊豆沖,2026-08-09,12,1.3,9.6,1.3,263,29.2,51
西伊豆沖,2026-08-09,15,1.4,9.9,2.6,255,29.6,51
西伊豆沖,2026-08-09,18,1.4,10.1,1.4,232,29.4,2
西伊豆沖,2026-08-09,21,1.4,9.9,2.1,24,29.2,3
大井川沖,2026-08-09,00,1.5,9.4,1.1,270,28.8,3
大井川沖,2026-08-09,03,1.4,9.4,1.4,332,28.7,2
大井川沖,2026-08-09,06,1.5,9.9,0.7,293,28.6,2
大井川沖,2026-08-09,09,1.5,10.0,1.9,119,28.7,2
大井川沖,2026-08-09,12,1.3,9.6,2.3,136,29.1,3
大井川沖,2026-08-09,15,1.3,9.9,3.1,158,29.4,3
大井川沖,2026-08-09,18,1.3,9.8,2.6,202,29.2,1
大井川沖,2026-08-09,21,1.2,9.6,1.1,236,28.9,3
中瀬海岸,2026-08-09,00,1.5,9.4,1.1,270,28.8,3
中瀬海岸,2026-08-09,03,1.4,9.4,1.4,332,28.7,2
中瀬海岸,2026-08-09,06,1.5,9.9,0.7,293,28.6,2
中瀬海岸,2026-08-09,09,1.5,10.0,1.9,119,28.7,2
中瀬海岸,2026-08-09,12,1.3,9.6,2.3,136,29.1,3
中瀬海岸,2026-08-09,15,1.3,9.9,3.1,158,29.4,3
中瀬海岸,2026-08-09,18,1.3,9.8,2.6,202,29.2,1
中瀬海岸,2026-08-09,21,1.2,9.6,1.1,236,28.9,3
大井川港,2026-08-09,00,1.5,9.4,0.6,275,28.8,3
大井川港,2026-08-09,03,1.4,9.4,1.1,347,28.7,2
大井川港,2026-08-09,06,1.5,9.9,0.4,339,28.6,2
大井川港,2026-08-09,09,1.5,10.0,1.7,136,28.7,2
大井川港,2026-08-09,12,1.3,9.6,2.3,155,29.1,3
大井川港,2026-08-09,15,1.3,9.9,3.3,157,29.4,3
大井川港,2026-08-09,18,1.3,9.8,2.2,188,29.2,2
大井川港,2026-08-09,21,1.2,9.6,0.6,128,28.9,3
駿河湾,2026-08-09,00,1.5,9.8,0.4,159,28.6,3
駿河湾,2026-08-09,03,1.4,9.6,1.3,101,28.5,3
駿河湾,2026-08-09,06,1.5,10.0,1.4,105,28.5,3
駿河湾,2026-08-09,09,1.4,9.9,0.8,339,28.6,3
駿河湾,2026-08-09,12,1.2,9.4,1.1,236,29.1,2
駿河湾,2026-08-09,15,1.2,9.8,3.3,258,29.4,2
駿河湾,2026-08-09,18,1.3,10.0,1.3,247,29.2,2
駿河湾,2026-08-09,21,1.3,9.9,1.2,32,28.8,3
洲崎沖,2026-08-09,00,1.9,10.4,1.0,153,28.2,3
洲崎沖,2026-08-09,03,1.9,10.6,0.8,72,28.2,0
洲崎沖,2026-08-09,06,1.9,10.8,0.9,41,28.2,3
洲崎沖,2026-08-09,09,2.0,11.2,0.9,27,28.3,3
洲崎沖,2026-08-09,12,1.9,10.9,1.0,192,28.8,3
洲崎沖,2026-08-09,15,1.8,10.6,1.4,155,29.2,3
洲崎沖,2026-08-09,18,1.8,10.2,1.9,90,29.0,3
洲崎沖,2026-08-09,21,1.7,9.9,3.0,36,28.7,1
沖ノ瀬,2026-08-09,00,2.0,10.7,2.7,191,28.5,1
沖ノ瀬,2026-08-09,03,1.9,10.8,0.9,283,28.4,51
沖ノ瀬,2026-08-09,06,1.9,10.8,0.1,270,28.5,3
沖ノ瀬,2026-08-09,09,2.0,11.3,0.8,73,28.7,3
沖ノ瀬,2026-08-09,12,1.9,11.1,1.3,173,29.2,3
沖ノ瀬,2026-08-09,15,1.8,10.8,3.7,187,29.5,2
沖ノ瀬,2026-08-09,18,1.7,10.3,2.4,178,29.3,2
沖ノ瀬,2026-08-09,21,1.6,9.9,2.7,65,28.9,2
平砂浦沖,2026-08-09,00,2.0,10.5,1.0,153,28.1,3
平砂浦沖,2026-08-09,03,2.0,10.6,0.8,72,28.0,0
平砂浦沖,2026-08-09,06,2.0,10.8,0.9,41,27.9,3
平砂浦沖,2026-08-09,09,2.0,11.2,0.9,27,28.0,3
平砂浦沖,2026-08-09,12,2.0,10.9,1.0,192,28.5,3
平砂浦沖,2026-08-09,15,1.9,10.4,1.4,155,29.0,3
平砂浦沖,2026-08-09,18,1.9,10.2,1.9,90,28.9,3
平砂浦沖,2026-08-09,21,1.8,10.0,3.0,36,28.6,1
館山沖,2026-08-09,00,1.9,10.4,1.0,153,28.2,3
館山沖,2026-08-09,03,1.9,10.6,0.8,72,28.2,0
館山沖,2026-08-09,06,1.9,10.8,0.9,41,28.2,3
館山沖,2026-08-09,09,2.0,11.2,0.9,27,28.3,3
館山沖,2026-08-09,12,1.9,10.8,1.0,192,28.7,3
館山沖,2026-08-09,15,1.8,10.4,1.4,155,29.1,3
館山沖,2026-08-09,18,1.8,10.2,1.9,90,29.0,3
館山沖,2026-08-09,21,1.7,9.9,3.0,36,28.7,1
久能沖,2026-08-09,00,1.4,9.4,0.1,333,28.7,3
久能沖,2026-08-09,03,1.3,9.3,1.7,5,28.6,3
久能沖,2026-08-09,06,1.4,9.8,0.5,333,28.5,2
久能沖,2026-08-09,09,1.3,9.7,1.9,117,28.6,3
久能沖,2026-08-09,12,1.1,9.3,2.5,128,29.1,53
久能沖,2026-08-09,15,1.2,9.7,3.3,173,29.4,2
久能沖,2026-08-09,18,1.2,9.8,1.3,169,29.2,3
久能沖,2026-08-09,21,1.1,9.6,2.1,66,28.9,3
富浦沖,2026-08-09,00,2.0,10.5,1.0,153,28.1,3
富浦沖,2026-08-09,03,1.9,10.6,0.8,72,28.0,0
富浦沖,2026-08-09,06,1.9,10.8,0.9,41,28.0,3
富浦沖,2026-08-09,09,2.0,11.2,0.9,27,28.2,3
富浦沖,2026-08-09,12,1.9,10.9,1.0,192,28.7,3
富浦沖,2026-08-09,15,1.8,10.6,1.4,155,29.1,3
富浦沖,2026-08-09,18,1.8,10.2,1.9,90,29.0,3
富浦沖,2026-08-09,21,1.7,9.9,3.0,36,28.6,1
折戸沖,2026-08-09,00,1.4,9.4,0.1,333,28.7,3
折戸沖,2026-08-09,03,1.3,9.3,1.7,5,28.6,3
折戸沖,2026-08-09,06,1.4,9.8,0.5,333,28.5,2
折戸沖,2026-08-09,09,1.3,9.7,1.9,117,28.6,3
折戸沖,2026-08-09,12,1.1,9.3,2.5,128,29.1,53
折戸沖,2026-08-09,15,1.2,9.7,3.3,173,29.4,2
折戸沖,2026-08-09,18,1.2,9.8,1.3,169,29.2,3
折戸沖,2026-08-09,21,1.1,9.6,2.1,66,28.9,3
貯木場,2026-08-09,00,1.4,9.6,0.1,333,28.7,3
貯木場,2026-08-09,03,1.3,9.3,1.7,5,28.6,3
貯木場,2026-08-09,06,1.3,9.8,0.5,333,28.5,2
貯木場,2026-08-09,09,1.2,9.4,1.9,117,28.6,3
貯木場,2026-08-09,12,1.1,9.2,2.5,128,29.1,53
貯木場,2026-08-09,15,1.1,9.6,3.3,173,29.4,2
貯木場,2026-08-09,18,1.2,9.7,1.3,169,29.2,3
貯木場,2026-08-09,21,1.1,9.8,2.1,66,28.9,3
折戸,2026-08-09,00,1.4,9.6,0.1,333,28.8,3
折戸,2026-08-09,03,1.3,9.3,1.7,5,28.7,3
折戸,2026-08-09,06,1.3,9.8,0.5,333,28.6,2
折戸,2026-08-09,09,1.2,9.4,1.9,117,28.7,3
折戸,2026-08-09,12,1.1,9.2,2.5,128,29.2,53
折戸,2026-08-09,15,1.1,9.6,3.3,173,29.6,2
折戸,2026-08-09,18,1.2,9.7,1.3,169,29.4,3
折戸,2026-08-09,21,1.1,9.8,2.1,66,29.0,3
清水沖,2026-08-09,00,1.4,9.6,0.1,333,28.8,3
清水沖,2026-08-09,03,1.3,9.3,1.7,5,28.7,3
清水沖,2026-08-09,06,1.3,9.8,0.5,333,28.6,2
清水沖,2026-08-09,09,1.2,9.4,1.9,117,28.7,3
清水沖,2026-08-09,12,1.1,9.2,2.5,128,29.2,53
清水沖,2026-08-09,15,1.1,9.6,3.3,173,29.6,2
清水沖,2026-08-09,18,1.2,9.7,1.3,169,29.4,3
清水沖,2026-08-09,21,1.1,9.8,2.1,66,29.0,3
岩井富浦沖,2026-08-09,00,1.5,9.7,1.0,153,28.2,3
岩井富浦沖,2026-08-09,03,1.4,9.8,0.8,72,28.1,0
岩井富浦沖,2026-08-09,06,1.5,10.2,0.9,41,28.0,3
岩井富浦沖,2026-08-09,09,1.4,10.3,0.9,27,28.1,3
岩井富浦沖,2026-08-09,12,1.3,10.2,1.0,192,28.6,3
岩井富浦沖,2026-08-09,15,1.3,10.0,1.4,155,29.1,3
岩井富浦沖,2026-08-09,18,1.3,9.8,1.9,90,28.9,3
岩井富浦沖,2026-08-09,21,1.2,9.5,3.0,36,28.6,1
北防,2026-08-09,00,1.4,9.6,0.1,333,28.7,3
北防,2026-08-09,03,1.3,9.3,1.7,5,28.6,3
北防,2026-08-09,06,1.3,9.8,0.5,333,28.5,2
北防,2026-08-09,09,1.2,9.4,1.9,117,28.6,3
北防,2026-08-09,12,1.1,9.2,2.5,128,29.1,53
北防,2026-08-09,15,1.1,9.6,3.3,173,29.4,2
北防,2026-08-09,18,1.2,9.7,1.3,169,29.2,3
北防,2026-08-09,21,1.1,9.8,2.1,66,28.9,3
一文字堤,2026-08-09,00,1.4,9.6,0.1,333,28.8,3
一文字堤,2026-08-09,03,1.3,9.3,1.7,5,28.7,3
一文字堤,2026-08-09,06,1.3,9.8,0.5,333,28.6,2
一文字堤,2026-08-09,09,1.2,9.4,1.9,117,28.7,3
一文字堤,2026-08-09,12,1.1,9.2,2.5,128,29.2,53
一文字堤,2026-08-09,15,1.1,9.6,3.3,173,29.6,2
一文字堤,2026-08-09,18,1.2,9.7,1.3,169,29.4,3
一文字堤,2026-08-09,21,1.1,9.8,2.1,66,29.0,3
西浦沖,2026-08-09,00,1.3,9.7,0.2,124,28.4,3
西浦沖,2026-08-09,03,1.2,9.4,1.0,119,28.4,3
西浦沖,2026-08-09,06,1.1,9.5,1.6,106,28.4,3
西浦沖,2026-08-09,09,1.1,9.5,0.7,86,28.5,3
西浦沖,2026-08-09,12,0.9,9.1,1.1,148,29.0,2
西浦沖,2026-08-09,15,1.0,9.5,2.3,264,29.4,2
西浦沖,2026-08-09,18,1.0,9.7,1.7,291,29.2,3
西浦沖,2026-08-09,21,1.0,9.8,0.2,101,28.9,3
高新田前,2026-08-09,00,1.4,9.6,0.1,333,28.8,3
高新田前,2026-08-09,03,1.3,9.3,1.7,5,28.7,3
高新田前,2026-08-09,06,1.3,9.8,0.5,333,28.6,2
高新田前,2026-08-09,09,1.2,9.4,1.9,117,28.7,3
高新田前,2026-08-09,12,1.1,9.2,2.5,128,29.2,53
高新田前,2026-08-09,15,1.1,9.6,3.3,173,29.6,2
高新田前,2026-08-09,18,1.2,9.7,1.3,169,29.4,3
高新田前,2026-08-09,21,1.1,9.8,2.1,66,29.0,3
三保沖,2026-08-09,00,1.4,9.6,0.3,333,28.2,3
三保沖,2026-08-09,03,1.3,9.3,0.7,340,28.1,3
三保沖,2026-08-09,06,1.3,9.8,0.7,312,28.1,2
三保沖,2026-08-09,09,1.2,9.4,1.9,116,28.3,3
三保沖,2026-08-09,12,1.1,9.2,2.1,104,28.8,3
三保沖,2026-08-09,15,1.1,9.6,2.8,148,29.2,3
三保沖,2026-08-09,18,1.2,9.7,0.9,135,28.9,3
三保沖,2026-08-09,21,1.1,9.8,1.9,63,28.5,3
三保取入口,2026-08-09,00,1.4,9.6,0.3,333,28.2,3
三保取入口,2026-08-09,03,1.3,9.3,0.7,340,28.1,3
三保取入口,2026-08-09,06,1.3,9.8,0.7,312,28.1,2
三保取入口,2026-08-09,09,1.2,9.4,1.9,116,28.3,3
三保取入口,2026-08-09,12,1.1,9.2,2.1,104,28.8,3
三保取入口,2026-08-09,15,1.1,9.6,2.8,148,29.2,3
三保取入口,2026-08-09,18,1.2,9.7,0.9,135,28.9,3
三保取入口,2026-08-09,21,1.1,9.8,1.9,63,28.5,3
静浦沖,2026-08-09,00,1.3,9.7,0.6,76,28.4,3
静浦沖,2026-08-09,03,1.2,9.4,0.8,28,28.4,3
静浦沖,2026-08-09,06,1.1,9.5,1.4,57,28.4,2
静浦沖,2026-08-09,09,1.1,9.5,0.7,207,28.5,2
静浦沖,2026-08-09,12,0.9,9.1,1.6,211,29.0,3
静浦沖,2026-08-09,15,1.0,9.5,2.9,228,29.4,51
静浦沖,2026-08-09,18,1.0,9.7,1.5,257,29.2,3
静浦沖,2026-08-09,21,1.0,9.8,0.9,351,28.9,3
網代沖,2026-08-09,00,,,0.8,249,27.7,3
網代沖,2026-08-09,03,,,0.1,225,27.6,3
網代沖,2026-08-09,06,,,0.6,195,27.6,3
網代沖,2026-08-09,09,,,2.0,86,27.8,3
網代沖,2026-08-09,12,,,2.5,110,28.3,3
網代沖,2026-08-09,15,,,0.5,108,28.8,2
網代沖,2026-08-09,18,,,0.9,295,28.6,3
網代沖,2026-08-09,21,,,1.1,105,28.2,3
網代南沖,2026-08-09,00,1.5,10.6,1.2,290,27.7,3
網代南沖,2026-08-09,03,1.5,10.5,1.3,337,27.6,2
網代南沖,2026-08-09,06,1.5,10.8,0.9,315,27.6,3
網代南沖,2026-08-09,09,1.4,10.9,1.9,82,27.8,3
網代南沖,2026-08-09,12,1.4,10.8,2.3,130,28.3,2
網代南沖,2026-08-09,15,1.4,10.7,2.0,153,28.8,2
網代南沖,2026-08-09,18,1.4,10.2,0.8,210,28.6,3
網代南沖,2026-08-09,21,1.2,9.7,1.8,48,28.2,3
岩井沖,2026-08-09,00,1.5,9.7,1.0,153,28.2,3
岩井沖,2026-08-09,03,1.4,9.8,0.8,72,28.1,0
岩井沖,2026-08-09,06,1.5,10.2,0.9,41,28.0,3
岩井沖,2026-08-09,09,1.4,10.3,0.9,27,28.1,3
岩井沖,2026-08-09,12,1.3,10.2,1.0,192,28.6,3
岩井沖,2026-08-09,15,1.3,10.0,1.4,155,29.1,3
岩井沖,2026-08-09,18,1.3,9.8,1.9,90,28.9,3
岩井沖,2026-08-09,21,1.2,9.5,3.0,36,28.6,1
沼津沖,2026-08-09,00,1.3,9.7,0.2,124,28.4,3
沼津沖,2026-08-09,03,1.2,9.4,1.0,119,28.4,3
沼津沖,2026-08-09,06,1.1,9.5,1.6,106,28.4,3
沼津沖,2026-08-09,09,1.1,9.5,0.7,86,28.5,3
沼津沖,2026-08-09,12,0.9,9.1,1.1,148,29.0,2
沼津沖,2026-08-09,15,1.0,9.5,2.3,264,29.4,2
沼津沖,2026-08-09,18,1.0,9.7,1.7,291,29.2,3
沼津沖,2026-08-09,21,1.0,9.8,0.2,101,28.9,3
相模湾,2026-08-09,00,1.6,10.5,2.8,231,28.5,1
相模湾,2026-08-09,03,1.6,10.5,2.4,360,28.3,1
相模湾,2026-08-09,06,1.6,10.8,1.6,325,28.3,3
相模湾,2026-08-09,09,1.6,10.9,1.9,11,28.4,3
相模湾,2026-08-09,12,1.5,10.8,1.0,169,29.0,3
相模湾,2026-08-09,15,1.5,10.7,3.7,224,29.4,3
相模湾,2026-08-09,18,1.5,10.2,3.9,186,29.1,2
相模湾,2026-08-09,21,1.3,9.8,2.9,33,28.7,2
太海沖航程1時間30分,2026-08-09,00,2.0,10.5,0.8,147,28.3,3
太海沖航程1時間30分,2026-08-09,03,2.0,10.6,0.6,52,28.2,0
太海沖航程1時間30分,2026-08-09,06,2.0,10.8,0.8,33,28.2,3
太海沖航程1時間30分,2026-08-09,09,2.0,11.2,1.1,71,28.3,3
太海沖航程1時間30分,2026-08-09,12,2.0,10.9,1.9,153,28.6,51
太海沖航程1時間30分,2026-08-09,15,1.9,10.4,1.8,137,28.9,3
太海沖航程1時間30分,2026-08-09,18,1.9,10.2,1.6,103,28.7,3
太海沖航程1時間30分,2026-08-09,21,1.8,10.0,2.3,31,28.5,2
木負沖,2026-08-09,00,1.3,9.7,0.6,76,28.4,3
木負沖,2026-08-09,03,1.2,9.4,0.8,28,28.4,3
木負沖,2026-08-09,06,1.1,9.5,1.4,57,28.4,2
木負沖,2026-08-09,09,1.1,9.5,0.7,207,28.5,2
木負沖,2026-08-09,12,0.9,9.1,1.6,211,29.0,3
木負沖,2026-08-09,15,1.0,9.5,2.9,228,29.4,51
木負沖,2026-08-09,18,1.0,9.7,1.5,257,29.2,3
木負沖,2026-08-09,21,1.0,9.8,0.9,351,28.9,3
木負湾内,2026-08-09,00,1.3,9.7,0.6,76,28.4,3
木負湾内,2026-08-09,03,1.2,9.4,0.8,28,28.4,3
木負湾内,2026-08-09,06,1.1,9.5,1.4,57,28.4,2
木負湾内,2026-08-09,09,1.1,9.5,0.7,207,28.5,2
木負湾内,2026-08-09,12,0.9,9.1,1.6,211,29.0,3
木負湾内,2026-08-09,15,1.0,9.5,2.9,228,29.4,51
木負湾内,2026-08-09,18,1.0,9.7,1.5,257,29.2,3
木負湾内,2026-08-09,21,1.0,9.8,0.9,351,28.9,3
カメギ根,2026-08-09,00,1.7,10.2,3.5,194,28.7,1
カメギ根,2026-08-09,03,1.6,10.2,0.3,59,28.7,1
カメギ根,2026-08-09,06,1.7,10.5,1.1,93,28.7,3
カメギ根,2026-08-09,09,1.6,10.8,1.7,146,28.8,3
カメギ根,2026-08-09,12,1.5,10.7,2.2,175,29.2,3
カメギ根,2026-08-09,15,1.5,10.5,4.1,203,29.5,3
カメギ根,2026-08-09,18,1.5,10.2,2.7,160,29.3,2
カメギ根,2026-08-09,21,1.4,9.7,1.6,4,29.0,3
保田沖,2026-08-09,00,1.6,9.8,1.4,144,28.1,3
保田沖,2026-08-09,03,1.5,9.9,1.1,95,28.0,0
保田沖,2026-08-09,06,1.6,10.2,0.7,86,28.0,3
保田沖,2026-08-09,09,1.5,10.4,1.4,329,28.2,3
保田沖,2026-08-09,12,1.4,10.3,1.1,275,28.7,51
保田沖,2026-08-09,15,1.4,10.2,3.0,203,29.1,51
保田沖,2026-08-09,18,1.4,9.9,1.3,176,29.0,2
保田沖,2026-08-09,21,1.3,9.5,2.3,45,28.7,2
大沢沖前後,2026-08-09,00,2.3,11.1,0.5,197,28.1,3
大沢沖前後,2026-08-09,03,2.2,11.2,0.1,360,28.0,0
大沢沖前後,2026-08-09,06,2.3,11.4,1.1,355,28.0,3
大沢沖前後,2026-08-09,09,2.3,11.6,1.6,99,28.1,3
大沢沖前後,2026-08-09,12,2.3,11.3,2.9,133,28.4,51
大沢沖前後,2026-08-09,15,2.2,10.8,2.5,133,28.7,3
大沢沖前後,2026-08-09,18,2.1,10.5,1.8,69,28.5,2
大沢沖前後,2026-08-09,21,2.1,10.2,2.6,25,28.2,1
勝浦沖航程1時間30分,2026-08-09,00,2.4,11.2,0.7,200,28.4,2
勝浦沖航程1時間30分,2026-08-09,03,2.4,11.2,0.2,270,28.3,1
勝浦沖航程1時間30分,2026-08-09,06,2.4,11.3,1.1,360,28.1,3
勝浦沖航程1時間30分,2026-08-09,09,2.6,11.6,1.4,70,28.0,2
勝浦沖航程1時間30分,2026-08-09,12,2.5,11.2,2.4,89,28.3,1
勝浦沖航程1時間30分,2026-08-09,15,2.5,10.7,2.4,78,28.6,3
勝浦沖航程1時間30分,2026-08-09,18,2.4,10.3,3.1,49,28.4,1
勝浦沖航程1時間30分,2026-08-09,21,2.4,10.1,3.1,26,28.2,2
由比沖,2026-08-09,00,1.2,9.6,0.3,31,28.5,3
由比沖,2026-08-09,03,1.0,9.2,0.1,360,28.4,3
由比沖,2026-08-09,06,1.0,9.2,0.1,27,28.4,2
由比沖,2026-08-09,09,1.0,9.3,1.5,192,28.5,3
由比沖,2026-08-09,12,0.9,9.1,1.4,238,29.0,51
由比沖,2026-08-09,15,0.9,9.2,1.8,175,29.4,51
由比沖,2026-08-09,18,0.9,9.4,0.7,160,29.2,3
由比沖,2026-08-09,21,0.9,9.6,0.9,301,28.8,3
由比港周辺,2026-08-09,00,1.2,9.6,0.3,31,28.5,3
由比港周辺,2026-08-09,03,1.0,9.2,0.1,360,28.4,3
由比港周辺,2026-08-09,06,1.0,9.2,0.1,27,28.4,2
由比港周辺,2026-08-09,09,1.0,9.3,1.5,192,28.5,3
由比港周辺,2026-08-09,12,0.9,9.1,1.4,238,29.0,51
由比港周辺,2026-08-09,15,0.9,9.2,1.8,175,29.4,51
由比港周辺,2026-08-09,18,0.9,9.4,0.7,160,29.2,3
由比港周辺,2026-08-09,21,0.9,9.6,0.9,301,28.8,3
岩船沖,2026-08-09,00,2.0,10.5,0.6,156,28.3,3
岩船沖,2026-08-09,03,2.0,10.6,0.2,27,28.2,0
岩船沖,2026-08-09,06,2.0,10.8,0.8,7,28.2,3
岩船沖,2026-08-09,09,2.0,11.2,1.6,83,28.3,3
岩船沖,2026-08-09,12,2.0,10.9,2.2,138,28.6,51
岩船沖,2026-08-09,15,1.9,10.4,2.1,152,28.9,51
岩船沖,2026-08-09,18,1.9,10.2,1.3,103,28.7,2
岩船沖,2026-08-09,21,1.8,10.0,1.9,21,28.5,2
小湊沖,2026-08-09,00,2.0,10.8,0.5,197,28.5,3
小湊沖,2026-08-09,03,1.9,10.8,0.1,360,28.4,0
小湊沖,2026-08-09,06,2.0,11.2,1.1,355,28.3,3
小湊沖,2026-08-09,09,2.0,11.2,1.6,99,28.4,3
小湊沖,2026-08-09,12,1.9,11.0,2.9,133,28.7,51
小湊沖,2026-08-09,15,1.9,10.5,2.5,133,29.0,3
小湊沖,2026-08-09,18,1.8,10.2,1.8,69,28.9,2
小湊沖,2026-08-09,21,1.7,9.9,2.6,25,28.6,1
太海沖,2026-08-09,00,1.2,9.3,1.4,144,28.1,3
太海沖,2026-08-09,03,1.2,9.5,1.1,95,28.0,0
太海沖,2026-08-09,06,1.2,9.8,0.7,86,27.9,3
太海沖,2026-08-09,09,1.1,9.8,1.4,329,28.1,3
太海沖,2026-08-09,12,1.0,9.8,1.1,275,28.6,51
太海沖,2026-08-09,15,1.0,9.8,3.0,203,29.1,51
太海沖,2026-08-09,18,1.0,9.8,1.3,176,28.9,2
太海沖,2026-08-09,21,1.0,9.4,2.3,45,28.6,2
鴨川沖前後,2026-08-09,00,1.7,10.3,0.5,197,28.4,3
鴨川沖前後,2026-08-09,03,1.6,10.4,0.1,360,28.3,0
鴨川沖前後,2026-08-09,06,1.7,10.8,1.1,355,28.3,3
鴨川沖前後,2026-08-09,09,1.7,10.8,1.6,99,28.3,3
鴨川沖前後,2026-08-09,12,1.6,10.7,2.9,133,28.6,51
鴨川沖前後,2026-08-09,15,1.6,10.2,2.5,133,28.8,3
鴨川沖前後,2026-08-09,18,1.6,9.9,1.8,69,28.7,2
鴨川沖前後,2026-08-09,21,1.5,9.7,2.6,25,28.5,1
岩和田沖,2026-08-09,00,2.3,11.2,0.7,200,28.8,2
岩和田沖,2026-08-09,03,2.3,11.2,0.2,270,28.7,1
岩和田沖,2026-08-09,06,2.3,11.3,1.1,360,28.6,3
岩和田沖,2026-08-09,09,2.4,11.5,1.4,70,28.6,2
岩和田沖,2026-08-09,12,2.4,11.2,2.4,89,28.9,1
岩和田沖,2026-08-09,15,2.3,10.7,2.4,78,29.1,3
岩和田沖,2026-08-09,18,2.3,10.3,3.1,49,29.0,1
岩和田沖,2026-08-09,21,2.2,10.1,3.1,26,28.8,2
城ヶ島西沖,2026-08-09,00,1.5,9.7,3.5,194,28.7,1
城ヶ島西沖,2026-08-09,03,1.4,9.8,0.3,59,28.6,1
城ヶ島西沖,2026-08-09,06,1.4,10.1,1.1,93,28.6,3
城ヶ島西沖,2026-08-09,09,1.4,10.2,1.7,146,28.7,3
城ヶ島西沖,2026-08-09,12,1.3,10.2,2.2,175,29.0,3
城ヶ島西沖,2026-08-09,15,1.3,10.2,4.1,203,29.3,3
城ヶ島西沖,2026-08-09,18,1.3,9.9,2.7,160,29.2,2
城ヶ島西沖,2026-08-09,21,1.2,9.5,1.6,4,28.9,3
城ヶ島沖,2026-08-09,00,1.4,9.5,2.9,174,28.7,2
城ヶ島沖,2026-08-09,03,1.4,9.7,1.0,110,28.6,1
城ヶ島沖,2026-08-09,06,1.4,9.9,1.0,96,28.6,3
城ヶ島沖,2026-08-09,09,1.3,10.1,0.4,90,28.7,3
城ヶ島沖,2026-08-09,12,1.2,10.1,1.8,248,29.1,3
城ヶ島沖,2026-08-09,15,1.3,10.0,4.8,194,29.4,3
城ヶ島沖,2026-08-09,18,1.2,9.8,2.2,172,29.2,2
城ヶ島沖,2026-08-09,21,1.2,9.4,3.1,48,28.9,3
大貫沖～富浦沖,2026-08-09,00,1.2,9.3,1.4,144,28.3,3
大貫沖～富浦沖,2026-08-09,03,1.2,9.5,1.1,95,28.1,0
大貫沖～富浦沖,2026-08-09,06,1.2,9.8,0.7,86,28.0,3
大貫沖～富浦沖,2026-08-09,09,1.1,9.8,1.4,329,28.1,3
大貫沖～富浦沖,2026-08-09,12,1.0,9.8,1.1,275,28.6,51
大貫沖～富浦沖,2026-08-09,15,1.0,9.8,3.0,203,29.1,51
大貫沖～富浦沖,2026-08-09,18,1.0,9.8,1.3,176,29.0,2
大貫沖～富浦沖,2026-08-09,21,1.0,9.4,2.3,45,28.7,2
御宿沖,2026-08-09,00,2.3,11.2,0.7,200,28.8,2
御宿沖,2026-08-09,03,2.3,11.2,0.2,270,28.7,1
御宿沖,2026-08-09,06,2.3,11.3,1.1,360,28.6,3
御宿沖,2026-08-09,09,2.4,11.5,1.4,70,28.6,2
御宿沖,2026-08-09,12,2.4,11.2,2.4,89,28.9,1
御宿沖,2026-08-09,15,2.3,10.7,2.4,78,29.1,3
御宿沖,2026-08-09,18,2.3,10.3,3.1,49,29.0,1
御宿沖,2026-08-09,21,2.2,10.1,3.1,26,28.8,2
興津港沖,2026-08-09,00,2.3,11.2,0.7,200,28.8,2
興津港沖,2026-08-09,03,2.3,11.2,0.2,270,28.7,1
興津港沖,2026-08-09,06,2.3,11.3,1.1,360,28.6,3
興津港沖,2026-08-09,09,2.4,11.5,1.4,70,28.6,2
興津港沖,2026-08-09,12,2.4,11.2,2.4,89,28.9,1
興津港沖,2026-08-09,15,2.3,10.7,2.4,78,29.1,3
興津港沖,2026-08-09,18,2.3,10.3,3.1,49,29.0,1
興津港沖,2026-08-09,21,2.2,10.1,3.1,26,28.8,2
烏帽子沖,2026-08-09,00,1.4,9.5,2.9,174,28.7,2
烏帽子沖,2026-08-09,03,1.4,9.7,1.0,110,28.6,1
烏帽子沖,2026-08-09,06,1.4,9.9,1.0,96,28.6,3
烏帽子沖,2026-08-09,09,1.3,10.1,0.4,90,28.7,3
烏帽子沖,2026-08-09,12,1.2,10.1,1.8,248,29.1,3
烏帽子沖,2026-08-09,15,1.3,10.0,4.8,194,29.4,3
烏帽子沖,2026-08-09,18,1.2,9.8,2.2,172,29.2,2
烏帽子沖,2026-08-09,21,1.2,9.4,3.1,48,28.9,3
諸磯沖,2026-08-09,00,1.4,9.5,2.9,174,28.7,2
諸磯沖,2026-08-09,03,1.4,9.7,1.0,110,28.6,1
諸磯沖,2026-08-09,06,1.4,9.9,1.0,96,28.6,3
諸磯沖,2026-08-09,09,1.3,10.1,0.4,90,28.7,3
諸磯沖,2026-08-09,12,1.2,10.1,1.8,248,29.1,3
諸磯沖,2026-08-09,15,1.3,10.0,4.8,194,29.4,3
諸磯沖,2026-08-09,18,1.2,9.8,2.2,172,29.2,2
諸磯沖,2026-08-09,21,1.2,9.4,3.1,48,28.9,3
剣崎沖,2026-08-09,00,1.4,9.5,2.9,174,28.7,2
剣崎沖,2026-08-09,03,1.4,9.7,1.0,110,28.6,1
剣崎沖,2026-08-09,06,1.4,9.9,1.0,96,28.6,3
剣崎沖,2026-08-09,09,1.3,10.1,0.4,90,28.7,3
剣崎沖,2026-08-09,12,1.2,10.1,1.8,248,29.1,3
剣崎沖,2026-08-09,15,1.3,10.0,4.8,194,29.4,3
剣崎沖,2026-08-09,18,1.2,9.8,2.2,172,29.2,2
剣崎沖,2026-08-09,21,1.2,9.4,3.1,48,28.9,3
勝浦灯台沖航程20分,2026-08-09,00,2.2,11.1,0.7,200,28.4,2
勝浦灯台沖航程20分,2026-08-09,03,2.1,11.1,0.2,270,28.2,1
勝浦灯台沖航程20分,2026-08-09,06,2.2,11.3,1.1,360,28.0,3
勝浦灯台沖航程20分,2026-08-09,09,2.2,11.4,1.4,70,28.0,2
勝浦灯台沖航程20分,2026-08-09,12,2.2,11.2,2.4,89,28.3,1
勝浦灯台沖航程20分,2026-08-09,15,2.1,10.7,2.4,78,28.5,3
勝浦灯台沖航程20分,2026-08-09,18,2.1,10.3,3.1,49,28.3,1
勝浦灯台沖航程20分,2026-08-09,21,2.0,10.1,3.1,26,28.0,2
勝浦沖航程30分,2026-08-09,00,2.3,11.2,0.7,200,28.8,2
勝浦沖航程30分,2026-08-09,03,2.3,11.2,0.2,270,28.7,1
勝浦沖航程30分,2026-08-09,06,2.3,11.3,1.1,360,28.6,3
勝浦沖航程30分,2026-08-09,09,2.4,11.5,1.4,70,28.6,2
勝浦沖航程30分,2026-08-09,12,2.4,11.2,2.4,89,28.9,1
勝浦沖航程30分,2026-08-09,15,2.3,10.7,2.4,78,29.1,3
勝浦沖航程30分,2026-08-09,18,2.3,10.3,3.1,49,29.0,1
勝浦沖航程30分,2026-08-09,21,2.2,10.1,3.1,26,28.8,2
田子の浦沖,2026-08-09,00,1.2,9.6,0.3,31,28.5,3
田子の浦沖,2026-08-09,03,1.0,9.2,0.1,360,28.4,3
田子の浦沖,2026-08-09,06,1.0,9.2,0.1,27,28.4,2
田子の浦沖,2026-08-09,09,1.0,9.3,1.5,192,28.5,3
田子の浦沖,2026-08-09,12,0.9,9.1,1.4,238,29.0,51
田子の浦沖,2026-08-09,15,0.9,9.2,1.8,175,29.4,51
田子の浦沖,2026-08-09,18,0.9,9.4,0.7,160,29.2,3
田子の浦沖,2026-08-09,21,0.9,9.6,0.9,301,28.8,3
富士川沖,2026-08-09,00,1.2,9.6,0.3,31,28.5,3
富士川沖,2026-08-09,03,1.0,9.2,0.1,360,28.4,3
富士川沖,2026-08-09,06,1.0,9.2,0.1,27,28.4,2
富士川沖,2026-08-09,09,1.0,9.3,1.5,192,28.5,3
富士川沖,2026-08-09,12,0.9,9.1,1.4,238,29.0,51
富士川沖,2026-08-09,15,0.9,9.2,1.8,175,29.3,51
富士川沖,2026-08-09,18,0.9,9.4,0.7,160,29.1,3
富士川沖,2026-08-09,21,0.9,9.6,0.9,301,28.8,3
かんねこ,2026-08-09,00,1.2,9.3,1.4,144,28.1,3
かんねこ,2026-08-09,03,1.2,9.5,1.1,95,28.0,0
かんねこ,2026-08-09,06,1.2,9.8,0.7,86,27.9,3
かんねこ,2026-08-09,09,1.1,9.8,1.4,329,28.1,3
かんねこ,2026-08-09,12,1.0,9.8,1.1,275,28.6,51
かんねこ,2026-08-09,15,1.0,9.8,3.0,203,29.1,51
かんねこ,2026-08-09,18,1.0,9.8,1.3,176,28.9,2
かんねこ,2026-08-09,21,1.0,9.4,2.3,45,28.6,2
海中公園沖,2026-08-09,00,2.3,11.2,0.7,200,28.8,2
海中公園沖,2026-08-09,03,2.3,11.2,0.2,270,28.7,1
海中公園沖,2026-08-09,06,2.3,11.3,1.1,360,28.6,3
海中公園沖,2026-08-09,09,2.4,11.5,1.4,70,28.6,2
海中公園沖,2026-08-09,12,2.4,11.2,2.4,89,28.9,1
海中公園沖,2026-08-09,15,2.3,10.7,2.4,78,29.1,3
海中公園沖,2026-08-09,18,2.3,10.3,3.1,49,29.0,1
海中公園沖,2026-08-09,21,2.2,10.1,3.1,26,28.8,2
真鶴西沖,2026-08-09,00,1.3,10.2,0.8,317,27.8,3
真鶴西沖,2026-08-09,03,1.3,10.2,1.7,319,27.6,2
真鶴西沖,2026-08-09,06,1.3,10.5,1.4,315,27.6,3
真鶴西沖,2026-08-09,09,1.3,10.7,1.6,77,27.8,3
真鶴西沖,2026-08-09,12,1.2,10.6,1.8,145,28.4,3
真鶴西沖,2026-08-09,15,1.2,10.6,2.4,158,28.8,2
真鶴西沖,2026-08-09,18,1.2,10.2,0.8,152,28.6,2
真鶴西沖,2026-08-09,21,1.1,9.6,2.3,353,28.2,3
真鶴沖,2026-08-09,00,1.3,10.2,0.8,317,27.8,3
真鶴沖,2026-08-09,03,1.3,10.2,1.7,319,27.6,2
真鶴沖,2026-08-09,06,1.3,10.5,1.4,315,27.6,3
真鶴沖,2026-08-09,09,1.3,10.7,1.6,77,27.8,3
真鶴沖,2026-08-09,12,1.2,10.6,1.8,145,28.4,3
真鶴沖,2026-08-09,15,1.2,10.6,2.4,158,28.8,2
真鶴沖,2026-08-09,18,1.2,10.2,0.8,152,28.6,2
真鶴沖,2026-08-09,21,1.1,9.6,2.3,353,28.2,3
勝浦灯台沖,2026-08-09,00,2.2,11.1,0.7,200,28.4,2
勝浦灯台沖,2026-08-09,03,2.1,11.1,0.2,270,28.2,1
勝浦灯台沖,2026-08-09,06,2.2,11.3,1.1,360,28.0,3
勝浦灯台沖,2026-08-09,09,2.2,11.4,1.4,70,28.0,2
勝浦灯台沖,2026-08-09,12,2.2,11.2,2.4,89,28.3,1
勝浦灯台沖,2026-08-09,15,2.1,10.7,2.4,78,28.5,3
勝浦灯台沖,2026-08-09,18,2.1,10.3,3.1,49,28.3,1
勝浦灯台沖,2026-08-09,21,2.0,10.1,3.1,26,28.0,2
勝浦沖,2026-08-09,00,2.2,11.1,0.7,200,28.4,2
勝浦沖,2026-08-09,03,2.1,11.1,0.2,270,28.2,1
勝浦沖,2026-08-09,06,2.2,11.3,1.1,360,28.0,3
勝浦沖,2026-08-09,09,2.2,11.4,1.4,70,28.0,2
勝浦沖,2026-08-09,12,2.2,11.2,2.4,89,28.3,1
勝浦沖,2026-08-09,15,2.1,10.7,2.4,78,28.5,3
勝浦沖,2026-08-09,18,2.1,10.3,3.1,49,28.3,1
勝浦沖,2026-08-09,21,2.0,10.1,3.1,26,28.0,2
富士山根,2026-08-09,00,1.2,9.3,1.5,172,28.5,2
富士山根,2026-08-09,03,1.2,9.4,1.3,122,28.4,1
富士山根,2026-08-09,06,1.2,9.7,0.6,104,28.4,3
富士山根,2026-08-09,09,1.1,9.8,1.0,99,28.5,3
富士山根,2026-08-09,12,1.0,9.7,1.2,92,28.8,3
富士山根,2026-08-09,15,1.1,9.8,4.2,207,29.1,3
富士山根,2026-08-09,18,1.1,9.8,2.2,188,28.9,2
富士山根,2026-08-09,21,1.0,9.4,2.0,53,28.7,3
川津沖,2026-08-09,00,2.1,10.8,0.9,211,28.8,2
川津沖,2026-08-09,03,2.1,10.8,0.5,276,28.7,1
川津沖,2026-08-09,06,2.1,11.0,1.0,319,28.6,3
川津沖,2026-08-09,09,2.2,11.2,1.9,56,28.6,2
川津沖,2026-08-09,12,2.2,10.9,2.5,75,28.9,1
川津沖,2026-08-09,15,2.1,10.4,2.5,70,29.1,3
川津沖,2026-08-09,18,2.1,10.0,3.4,50,29.0,1
川津沖,2026-08-09,21,2.0,9.8,3.3,26,28.8,3
下浦沖,2026-08-09,00,1.0,8.9,1.5,172,28.6,2
下浦沖,2026-08-09,03,1.0,9.1,1.3,122,28.5,1
下浦沖,2026-08-09,06,1.0,9.3,0.6,104,28.5,3
下浦沖,2026-08-09,09,0.9,9.4,1.0,99,28.5,3
下浦沖,2026-08-09,12,0.9,9.2,1.2,92,29.0,3
下浦沖,2026-08-09,15,0.9,9.4,4.2,207,29.4,3
下浦沖,2026-08-09,18,0.9,9.4,2.2,188,29.2,2
下浦沖,2026-08-09,21,0.8,9.2,2.0,53,28.8,3
興津沖,2026-08-09,00,2.1,10.8,0.9,211,28.8,2
興津沖,2026-08-09,03,2.1,10.8,0.5,276,28.7,1
興津沖,2026-08-09,06,2.1,11.0,1.0,319,28.6,3
興津沖,2026-08-09,09,2.2,11.2,1.9,56,28.6,2
興津沖,2026-08-09,12,2.2,10.9,2.5,75,28.9,1
興津沖,2026-08-09,15,2.1,10.4,2.5,70,29.1,3
興津沖,2026-08-09,18,2.1,10.0,3.4,50,29.0,1
興津沖,2026-08-09,21,2.0,9.8,3.3,26,28.8,3
長井西沖,2026-08-09,00,1.2,9.3,1.5,172,28.5,2
長井西沖,2026-08-09,03,1.2,9.4,1.3,122,28.4,1
長井西沖,2026-08-09,06,1.2,9.7,0.6,104,28.4,3
長井西沖,2026-08-09,09,1.1,9.8,1.0,99,28.5,3
長井西沖,2026-08-09,12,1.0,9.7,1.2,92,28.8,3
長井西沖,2026-08-09,15,1.1,9.8,4.2,207,29.1,3
長井西沖,2026-08-09,18,1.1,9.8,2.2,188,28.9,2
長井西沖,2026-08-09,21,1.0,9.4,2.0,53,28.7,3
長井沖,2026-08-09,00,1.1,8.9,1.5,172,28.8,2
長井沖,2026-08-09,03,1.1,9.2,1.3,122,28.6,1
長井沖,2026-08-09,06,1.1,9.4,0.6,104,28.5,3
長井沖,2026-08-09,09,1.0,9.5,1.0,99,28.6,3
長井沖,2026-08-09,12,0.9,9.3,1.2,92,29.0,3
長井沖,2026-08-09,15,0.9,9.5,4.2,207,29.3,3
長井沖,2026-08-09,18,0.9,9.4,2.2,188,29.1,2
長井沖,2026-08-09,21,0.9,9.2,2.0,53,28.7,3
三戸浜沖,2026-08-09,00,1.1,8.9,1.5,172,28.8,2
三戸浜沖,2026-08-09,03,1.1,9.2,1.3,122,28.6,1
三戸浜沖,2026-08-09,06,1.1,9.4,0.6,104,28.5,3
三戸浜沖,2026-08-09,09,1.0,9.5,1.0,99,28.6,3
三戸浜沖,2026-08-09,12,0.9,9.3,1.2,92,29.0,3
三戸浜沖,2026-08-09,15,0.9,9.5,4.2,207,29.3,3
三戸浜沖,2026-08-09,18,0.9,9.4,2.2,188,29.1,2
三戸浜沖,2026-08-09,21,0.9,9.2,2.0,53,28.7,3
金谷沖,2026-08-09,00,0.9,8.9,1.5,172,28.3,2
金谷沖,2026-08-09,03,0.9,9.2,1.3,122,28.1,1
金谷沖,2026-08-09,06,0.9,9.3,0.6,104,28.1,3
金谷沖,2026-08-09,09,0.8,9.4,1.0,99,28.2,3
金谷沖,2026-08-09,12,0.8,9.2,1.2,92,28.7,3
金谷沖,2026-08-09,15,0.8,9.4,4.2,207,29.2,3
金谷沖,2026-08-09,18,0.8,9.6,2.2,188,29.1,2
金谷沖,2026-08-09,21,0.8,9.3,2.0,53,28.7,3
佐島沖,2026-08-09,00,1.1,8.9,1.5,172,28.8,2
佐島沖,2026-08-09,03,1.1,9.2,1.3,122,28.6,1
佐島沖,2026-08-09,06,1.1,9.4,0.6,104,28.5,3
佐島沖,2026-08-09,09,1.0,9.5,1.0,99,28.6,3
佐島沖,2026-08-09,12,0.9,9.3,1.2,92,29.0,3
佐島沖,2026-08-09,15,0.9,9.5,4.2,207,29.3,3
佐島沖,2026-08-09,18,0.9,9.4,2.2,188,29.1,2
佐島沖,2026-08-09,21,0.9,9.2,2.0,53,28.7,3
小田原南沖,2026-08-09,00,1.2,9.8,0.8,317,27.9,3
小田原南沖,2026-08-09,03,1.1,9.9,1.7,319,27.8,2
小田原南沖,2026-08-09,06,1.2,10.2,1.4,315,27.8,3
小田原南沖,2026-08-09,09,1.1,10.2,1.6,77,27.9,3
小田原南沖,2026-08-09,12,1.0,10.2,1.8,145,28.5,3
小田原南沖,2026-08-09,15,1.1,10.4,2.4,158,28.9,2
小田原南沖,2026-08-09,18,1.0,10.0,0.8,152,28.6,2
小田原南沖,2026-08-09,21,0.9,9.4,2.3,353,28.2,3
瀬の海,2026-08-09,00,1.2,9.7,0.1,45,28.3,2
瀬の海,2026-08-09,03,1.2,9.8,0.5,6,28.2,1
瀬の海,2026-08-09,06,1.2,10.1,1.4,321,28.2,3
瀬の海,2026-08-09,09,1.2,10.1,0.2,252,28.3,3
瀬の海,2026-08-09,12,1.1,10.0,3.9,196,28.8,3
瀬の海,2026-08-09,15,1.1,10.2,3.3,233,29.1,51
瀬の海,2026-08-09,18,1.1,9.9,1.7,195,28.9,2
瀬の海,2026-08-09,21,1.0,9.5,2.1,300,28.6,53
秋谷沖,2026-08-09,00,1.2,9.3,1.5,172,28.5,2
秋谷沖,2026-08-09,03,1.2,9.4,1.3,122,28.4,1
秋谷沖,2026-08-09,06,1.2,9.7,0.6,104,28.4,3
秋谷沖,2026-08-09,09,1.1,9.8,1.0,99,28.5,3
秋谷沖,2026-08-09,12,1.0,9.7,1.2,92,28.8,3
秋谷沖,2026-08-09,15,1.1,9.8,4.2,207,29.1,3
秋谷沖,2026-08-09,18,1.1,9.8,2.2,188,28.9,2
秋谷沖,2026-08-09,21,1.0,9.4,2.0,53,28.7,3
竹岡沖,2026-08-09,00,0.9,8.9,1.3,135,28.3,3
竹岡沖,2026-08-09,03,0.9,9.2,1.7,151,28.1,0
竹岡沖,2026-08-09,06,0.9,9.3,0.4,120,28.1,3
竹岡沖,2026-08-09,09,0.8,9.4,1.9,20,28.2,3
竹岡沖,2026-08-09,12,0.8,9.2,2.6,23,28.7,3
竹岡沖,2026-08-09,15,0.8,9.4,0.9,43,29.2,3
竹岡沖,2026-08-09,18,0.8,9.6,0.9,180,29.1,2
竹岡沖,2026-08-09,21,0.8,9.3,2.0,74,28.7,3
部原沖,2026-08-09,00,2.2,11.1,0.7,200,28.4,2
部原沖,2026-08-09,03,2.1,11.1,0.2,270,28.2,1
部原沖,2026-08-09,06,2.2,11.3,1.1,360,28.0,3
部原沖,2026-08-09,09,2.2,11.4,1.4,70,28.0,2
部原沖,2026-08-09,12,2.2,11.2,2.4,89,28.3,1
部原沖,2026-08-09,15,2.1,10.7,2.4,78,28.5,3
部原沖,2026-08-09,18,2.1,10.3,3.1,49,28.3,1
部原沖,2026-08-09,21,2.0,10.1,3.1,26,28.0,2
小田原西沖,2026-08-09,00,1.2,9.8,0.8,317,27.9,3
小田原西沖,2026-08-09,03,1.1,9.9,1.7,319,27.8,2
小田原西沖,2026-08-09,06,1.2,10.2,1.4,315,27.8,3
小田原西沖,2026-08-09,09,1.1,10.2,1.6,77,27.9,3
小田原西沖,2026-08-09,12,1.0,10.2,1.8,145,28.5,3
小田原西沖,2026-08-09,15,1.1,10.4,2.4,158,28.9,2
小田原西沖,2026-08-09,18,1.0,10.0,0.8,152,28.6,2
小田原西沖,2026-08-09,21,0.9,9.4,2.3,353,28.2,3
小田原沖,2026-08-09,00,1.2,9.8,0.8,317,27.9,3
小田原沖,2026-08-09,03,1.1,9.9,1.7,319,27.8,2
小田原沖,2026-08-09,06,1.2,10.2,1.4,315,27.8,3
小田原沖,2026-08-09,09,1.1,10.2,1.6,77,27.9,3
小田原沖,2026-08-09,12,1.0,10.2,1.8,145,28.5,3
小田原沖,2026-08-09,15,1.1,10.4,2.4,158,28.9,2
小田原沖,2026-08-09,18,1.0,10.0,0.8,152,28.6,2
小田原沖,2026-08-09,21,0.9,9.4,2.3,353,28.2,3
小田原東沖,2026-08-09,00,1.2,9.8,0.8,317,27.9,3
小田原東沖,2026-08-09,03,1.1,9.9,1.7,319,27.8,2
小田原東沖,2026-08-09,06,1.2,10.2,1.4,315,27.8,3
小田原東沖,2026-08-09,09,1.1,10.2,1.6,77,27.9,3
小田原東沖,2026-08-09,12,1.0,10.2,1.8,145,28.5,3
小田原東沖,2026-08-09,15,1.1,10.4,2.4,158,28.9,2
小田原東沖,2026-08-09,18,1.0,10.0,0.8,152,28.6,2
小田原東沖,2026-08-09,21,0.9,9.4,2.3,353,28.2,3
久里浜沖,2026-08-09,00,1.0,8.9,1.5,172,28.6,2
久里浜沖,2026-08-09,03,1.0,9.1,1.3,122,28.5,1
久里浜沖,2026-08-09,06,1.0,9.3,0.6,104,28.5,3
久里浜沖,2026-08-09,09,0.9,9.4,1.0,99,28.5,3
久里浜沖,2026-08-09,12,0.9,9.2,1.2,92,29.0,3
久里浜沖,2026-08-09,15,0.9,9.4,4.2,207,29.4,3
久里浜沖,2026-08-09,18,0.9,9.4,2.2,188,29.2,2
久里浜沖,2026-08-09,21,0.8,9.2,2.0,53,28.8,3
国府津沖,2026-08-09,00,1.2,9.8,0.6,27,27.9,3
国府津沖,2026-08-09,03,1.1,9.9,1.0,288,27.8,2
国府津沖,2026-08-09,06,1.2,10.2,1.2,301,27.8,3
国府津沖,2026-08-09,09,1.1,10.2,0.7,118,27.9,3
国府津沖,2026-08-09,12,1.0,10.2,3.6,172,28.5,3
国府津沖,2026-08-09,15,1.1,10.4,1.7,188,28.9,3
国府津沖,2026-08-09,18,1.0,10.0,0.8,169,28.6,2
国府津沖,2026-08-09,21,0.9,9.4,2.2,297,28.2,51
葉山南沖,2026-08-09,00,1.0,8.9,1.5,172,29.1,2
葉山南沖,2026-08-09,03,0.9,9.1,1.3,122,29.1,1
葉山南沖,2026-08-09,06,0.9,9.3,0.6,104,29.1,3
葉山南沖,2026-08-09,09,0.9,9.4,1.0,99,29.3,3
葉山南沖,2026-08-09,12,0.8,9.3,1.2,92,29.5,3
葉山南沖,2026-08-09,15,0.8,9.5,4.2,207,29.7,3
葉山南沖,2026-08-09,18,0.8,9.5,2.2,188,29.5,2
葉山南沖,2026-08-09,21,0.8,9.3,2.0,53,29.2,3
エボシ沖,2026-08-09,00,1.0,8.9,1.5,172,29.1,2
エボシ沖,2026-08-09,03,0.9,9.1,1.3,122,29.1,1
エボシ沖,2026-08-09,06,0.9,9.3,0.6,104,29.1,3
エボシ沖,2026-08-09,09,0.9,9.4,1.0,99,29.3,3
エボシ沖,2026-08-09,12,0.8,9.3,1.2,92,29.5,3
エボシ沖,2026-08-09,15,0.8,9.5,4.2,207,29.7,3
エボシ沖,2026-08-09,18,0.8,9.5,2.2,188,29.5,2
エボシ沖,2026-08-09,21,0.8,9.3,2.0,53,29.2,3
観音崎沖ｍ,2026-08-09,00,0.7,8.3,1.5,172,28.1,2
観音崎沖ｍ,2026-08-09,03,0.7,8.7,1.3,122,28.0,1
観音崎沖ｍ,2026-08-09,06,0.7,8.8,0.6,104,27.9,3
観音崎沖ｍ,2026-08-09,09,0.6,8.9,1.0,99,28.1,3
観音崎沖ｍ,2026-08-09,12,0.6,8.8,1.2,92,28.7,3
観音崎沖ｍ,2026-08-09,15,0.6,9.0,4.2,207,29.2,3
観音崎沖ｍ,2026-08-09,18,0.6,9.1,2.2,188,29.0,2
観音崎沖ｍ,2026-08-09,21,0.6,9.0,2.0,53,28.6,3
浦賀沖,2026-08-09,00,0.7,8.3,1.5,172,28.1,2
浦賀沖,2026-08-09,03,0.7,8.7,1.3,122,28.0,1
浦賀沖,2026-08-09,06,0.7,8.8,0.6,104,27.9,3
浦賀沖,2026-08-09,09,0.6,8.9,1.0,99,28.1,3
浦賀沖,2026-08-09,12,0.6,8.8,1.2,92,28.7,3
浦賀沖,2026-08-09,15,0.6,9.0,4.2,207,29.2,3
浦賀沖,2026-08-09,18,0.6,9.1,2.2,188,29.0,2
浦賀沖,2026-08-09,21,0.6,9.0,2.0,53,28.6,3
鎌倉沖,2026-08-09,00,1.0,8.9,0.9,202,29.1,2
鎌倉沖,2026-08-09,03,0.9,9.1,0.9,93,29.1,1
鎌倉沖,2026-08-09,06,0.9,9.3,0.6,5,29.1,3
鎌倉沖,2026-08-09,09,0.9,9.4,0.2,198,29.3,3
鎌倉沖,2026-08-09,12,0.8,9.3,2.6,192,29.5,51
鎌倉沖,2026-08-09,15,0.8,9.5,3.7,228,29.7,51
鎌倉沖,2026-08-09,18,0.8,9.5,2.1,179,29.5,2
鎌倉沖,2026-08-09,21,0.8,9.3,0.5,292,29.2,61
葉山沖,2026-08-09,00,1.0,8.9,1.1,193,29.1,2
葉山沖,2026-08-09,03,0.9,9.1,1.2,144,29.1,1
葉山沖,2026-08-09,06,0.9,9.3,0.2,124,29.1,3
葉山沖,2026-08-09,09,0.9,9.4,1.6,79,29.3,3
葉山沖,2026-08-09,12,0.8,9.3,2.6,101,29.5,3
葉山沖,2026-08-09,15,0.8,9.5,2.3,188,29.7,3
葉山沖,2026-08-09,18,0.8,9.5,2.8,180,29.5,2
葉山沖,2026-08-09,21,0.8,9.3,1.7,75,29.2,3
大貫沖,2026-08-09,00,0.7,8.4,1.3,135,27.9,3
大貫沖,2026-08-09,03,0.6,8.7,1.7,151,27.7,0
大貫沖,2026-08-09,06,0.6,8.8,0.4,120,27.7,3
大貫沖,2026-08-09,09,0.6,8.9,1.9,20,27.9,3
大貫沖,2026-08-09,12,0.5,8.8,2.6,23,28.6,3
大貫沖,2026-08-09,15,0.5,9.0,0.9,43,29.2,3
大貫沖,2026-08-09,18,0.5,9.1,0.9,180,29.0,2
大貫沖,2026-08-09,21,0.5,9.1,2.0,74,28.6,3
大原沖,2026-08-09,00,2.0,11.1,0.9,211,28.5,2
大原沖,2026-08-09,03,2.0,11.1,0.5,276,28.3,1
大原沖,2026-08-09,06,2.0,11.2,1.0,319,28.2,3
大原沖,2026-08-09,09,2.1,11.3,1.9,56,28.2,2
大原沖,2026-08-09,12,2.1,11.1,2.5,75,28.5,1
大原沖,2026-08-09,15,2.0,10.6,2.5,70,28.8,3
大原沖,2026-08-09,18,1.9,10.1,3.4,50,28.7,1
大原沖,2026-08-09,21,1.9,9.8,3.3,26,28.4,3
江の島沖,2026-08-09,00,1.0,9.1,0.9,202,28.5,2
江の島沖,2026-08-09,03,1.0,9.2,0.9,93,28.4,1
江の島沖,2026-08-09,06,1.0,9.6,0.6,5,28.4,3
江の島沖,2026-08-09,09,1.0,9.5,0.2,198,28.6,3
江の島沖,2026-08-09,12,0.9,9.4,2.6,192,28.9,51
江の島沖,2026-08-09,15,0.9,9.7,3.7,228,29.1,51
江の島沖,2026-08-09,18,0.9,9.7,2.1,179,28.9,2
江の島沖,2026-08-09,21,0.8,9.3,0.5,292,28.6,61
小坪沖,2026-08-09,00,1.0,8.9,1.1,193,29.1,2
小坪沖,2026-08-09,03,0.9,9.1,1.2,144,29.1,1
小坪沖,2026-08-09,06,0.9,9.3,0.2,124,29.1,3
小坪沖,2026-08-09,09,0.9,9.4,1.6,79,29.3,3
小坪沖,2026-08-09,12,0.8,9.3,2.6,101,29.5,3
小坪沖,2026-08-09,15,0.8,9.5,2.3,188,29.7,3
小坪沖,2026-08-09,18,0.8,9.5,2.8,180,29.5,2
小坪沖,2026-08-09,21,0.8,9.3,1.7,75,29.2,3
横須賀沖,2026-08-09,00,0.7,8.3,1.5,172,28.1,2
横須賀沖,2026-08-09,03,0.7,8.7,1.3,122,28.0,1
横須賀沖,2026-08-09,06,0.7,8.8,0.6,104,27.9,3
横須賀沖,2026-08-09,09,0.6,8.9,1.0,99,28.1,3
横須賀沖,2026-08-09,12,0.6,8.8,1.2,92,28.7,3
横須賀沖,2026-08-09,15,0.6,9.0,4.2,207,29.2,3
横須賀沖,2026-08-09,18,0.6,9.1,2.2,188,29.0,2
横須賀沖,2026-08-09,21,0.6,9.0,2.0,53,28.6,3
観音崎沖～横須賀沖,2026-08-09,00,0.7,8.3,1.5,172,28.1,2
観音崎沖～横須賀沖,2026-08-09,03,0.7,8.7,1.3,122,28.0,1
観音崎沖～横須賀沖,2026-08-09,06,0.7,8.8,0.6,104,27.9,3
観音崎沖～横須賀沖,2026-08-09,09,0.6,8.9,1.0,99,28.1,3
観音崎沖～横須賀沖,2026-08-09,12,0.6,8.8,1.2,92,28.7,3
観音崎沖～横須賀沖,2026-08-09,15,0.6,9.0,4.2,207,29.2,3
観音崎沖～横須賀沖,2026-08-09,18,0.6,9.1,2.2,188,29.0,2
観音崎沖～横須賀沖,2026-08-09,21,0.6,9.0,2.0,53,28.6,3
観音崎沖,2026-08-09,00,0.7,8.3,1.5,172,28.1,2
観音崎沖,2026-08-09,03,0.7,8.7,1.3,122,28.0,1
観音崎沖,2026-08-09,06,0.7,8.8,0.6,104,27.9,3
観音崎沖,2026-08-09,09,0.6,8.9,1.0,99,28.1,3
観音崎沖,2026-08-09,12,0.6,8.8,1.2,92,28.7,3
観音崎沖,2026-08-09,15,0.6,9.0,4.2,207,29.2,3
観音崎沖,2026-08-09,18,0.6,9.1,2.2,188,29.0,2
観音崎沖,2026-08-09,21,0.6,9.0,2.0,53,28.6,3
富津南沖,2026-08-09,00,0.7,8.4,1.3,135,27.9,3
富津南沖,2026-08-09,03,0.6,8.7,1.7,151,27.7,0
富津南沖,2026-08-09,06,0.6,8.8,0.4,120,27.7,3
富津南沖,2026-08-09,09,0.6,8.9,1.9,20,27.9,3
富津南沖,2026-08-09,12,0.5,8.8,2.6,23,28.6,3
富津南沖,2026-08-09,15,0.5,9.0,0.9,43,29.2,3
富津南沖,2026-08-09,18,0.5,9.1,0.9,180,29.0,2
富津南沖,2026-08-09,21,0.5,9.1,2.0,74,28.6,3
大貫沖～猿島沖,2026-08-09,00,0.7,8.3,1.5,172,28.1,2
大貫沖～猿島沖,2026-08-09,03,0.7,8.7,1.3,122,28.0,1
大貫沖～猿島沖,2026-08-09,06,0.7,8.8,0.6,104,27.9,3
大貫沖～猿島沖,2026-08-09,09,0.6,8.9,1.0,99,28.1,3
大貫沖～猿島沖,2026-08-09,12,0.6,8.8,1.2,92,28.7,3
大貫沖～猿島沖,2026-08-09,15,0.6,9.0,4.2,207,29.2,3
大貫沖～猿島沖,2026-08-09,18,0.6,9.1,2.2,188,29.0,2
大貫沖～猿島沖,2026-08-09,21,0.6,9.0,2.0,53,28.6,3
二宮沖,2026-08-09,00,1.0,9.2,0.6,27,28.5,3
二宮沖,2026-08-09,03,0.9,9.2,1.0,288,28.4,2
二宮沖,2026-08-09,06,1.0,9.6,1.2,301,28.4,3
二宮沖,2026-08-09,09,0.9,9.5,0.7,118,28.5,3
二宮沖,2026-08-09,12,0.8,9.4,3.6,172,28.9,3
二宮沖,2026-08-09,15,0.9,9.8,1.7,188,29.2,3
二宮沖,2026-08-09,18,0.8,9.6,0.8,169,29.0,2
二宮沖,2026-08-09,21,0.8,9.1,2.2,297,28.6,51
小坪西沖,2026-08-09,00,1.0,8.9,0.9,202,29.1,2
小坪西沖,2026-08-09,03,0.9,9.1,0.9,93,29.1,1
小坪西沖,2026-08-09,06,0.9,9.3,0.6,5,29.1,3
小坪西沖,2026-08-09,09,0.9,9.4,0.2,198,29.3,3
小坪西沖,2026-08-09,12,0.8,9.3,2.6,192,29.5,51
小坪西沖,2026-08-09,15,0.8,9.5,3.7,228,29.7,51
小坪西沖,2026-08-09,18,0.8,9.5,2.1,179,29.5,2
小坪西沖,2026-08-09,21,0.8,9.3,0.5,292,29.2,61
大津沖,2026-08-09,00,0.8,8.6,1.5,172,28.1,2
大津沖,2026-08-09,03,0.8,8.8,1.3,122,28.0,1
大津沖,2026-08-09,06,0.8,9.0,0.6,104,27.9,3
大津沖,2026-08-09,09,0.7,9.1,1.0,99,28.1,3
大津沖,2026-08-09,12,0.6,9.0,1.2,92,28.7,3
大津沖,2026-08-09,15,0.7,9.2,4.2,207,29.2,3
大津沖,2026-08-09,18,0.7,9.2,2.2,188,29.0,2
大津沖,2026-08-09,21,0.6,9.2,2.0,53,28.6,3
木更津沖～竹岡沖,2026-08-09,00,0.7,8.4,1.3,135,28.2,3
木更津沖～竹岡沖,2026-08-09,03,0.6,8.7,1.7,151,28.1,0
木更津沖～竹岡沖,2026-08-09,06,0.6,8.8,0.4,120,28.1,3
木更津沖～竹岡沖,2026-08-09,09,0.6,8.9,1.9,20,28.3,3
木更津沖～竹岡沖,2026-08-09,12,0.5,8.8,2.6,23,28.7,3
木更津沖～竹岡沖,2026-08-09,15,0.5,9.0,0.9,43,29.1,3
木更津沖～竹岡沖,2026-08-09,18,0.5,9.1,0.9,180,28.9,2
木更津沖～竹岡沖,2026-08-09,21,0.5,9.1,2.0,74,28.6,3
平塚西沖,2026-08-09,00,1.0,9.2,0.6,27,28.5,3
平塚西沖,2026-08-09,03,0.9,9.2,1.0,288,28.4,2
平塚西沖,2026-08-09,06,1.0,9.6,1.2,301,28.4,3
平塚西沖,2026-08-09,09,0.9,9.5,0.7,118,28.5,3
平塚西沖,2026-08-09,12,0.8,9.4,3.6,172,28.9,3
平塚西沖,2026-08-09,15,0.9,9.8,1.7,188,29.2,3
平塚西沖,2026-08-09,18,0.8,9.6,0.8,169,29.0,2
平塚西沖,2026-08-09,21,0.8,9.1,2.2,297,28.6,51
大磯沖,2026-08-09,00,1.0,9.2,0.1,45,28.5,2
大磯沖,2026-08-09,03,0.9,9.2,0.5,6,28.4,1
大磯沖,2026-08-09,06,1.0,9.6,1.4,321,28.4,3
大磯沖,2026-08-09,09,0.9,9.5,0.2,252,28.5,3
大磯沖,2026-08-09,12,0.8,9.4,3.9,196,28.9,3
大磯沖,2026-08-09,15,0.9,9.8,3.3,233,29.2,51
大磯沖,2026-08-09,18,0.8,9.6,1.7,195,29.0,2
大磯沖,2026-08-09,21,0.8,9.1,2.1,300,28.6,53
平塚東沖,2026-08-09,00,1.0,9.2,0.1,45,28.6,2
平塚東沖,2026-08-09,03,1.0,9.3,0.5,6,28.5,1
平塚東沖,2026-08-09,06,1.0,9.6,1.4,321,28.5,3
平塚東沖,2026-08-09,09,1.0,9.6,0.2,252,28.7,3
平塚東沖,2026-08-09,12,0.9,9.5,3.9,196,29.0,3
平塚東沖,2026-08-09,15,0.9,9.8,3.3,233,29.3,51
平塚東沖,2026-08-09,18,0.9,9.7,1.7,195,29.1,2
平塚東沖,2026-08-09,21,0.8,9.3,2.1,300,28.8,53
茅ヶ崎西沖,2026-08-09,00,1.0,9.2,0.1,45,28.6,2
茅ヶ崎西沖,2026-08-09,03,1.0,9.3,0.5,6,28.5,1
茅ヶ崎西沖,2026-08-09,06,1.0,9.6,1.4,321,28.5,3
茅ヶ崎西沖,2026-08-09,09,1.0,9.6,0.2,252,28.7,3
茅ヶ崎西沖,2026-08-09,12,0.9,9.5,3.9,196,29.0,3
茅ヶ崎西沖,2026-08-09,15,0.9,9.8,3.3,233,29.3,51
茅ヶ崎西沖,2026-08-09,18,0.9,9.7,1.7,195,29.1,2
茅ヶ崎西沖,2026-08-09,21,0.8,9.3,2.1,300,28.8,53
大磯東沖,2026-08-09,00,1.0,9.2,0.1,45,28.6,2
大磯東沖,2026-08-09,03,1.0,9.3,0.5,6,28.5,1
大磯東沖,2026-08-09,06,1.0,9.6,1.4,321,28.5,3
大磯東沖,2026-08-09,09,1.0,9.6,0.2,252,28.7,3
大磯東沖,2026-08-09,12,0.9,9.5,3.9,196,29.0,3
大磯東沖,2026-08-09,15,0.9,9.8,3.3,233,29.3,51
大磯東沖,2026-08-09,18,0.9,9.7,1.7,195,29.1,2
大磯東沖,2026-08-09,21,0.8,9.3,2.1,300,28.8,53
茅ヶ崎沖,2026-08-09,00,1.0,9.2,0.1,45,28.6,2
茅ヶ崎沖,2026-08-09,03,1.0,9.3,0.5,6,28.5,1
茅ヶ崎沖,2026-08-09,06,1.0,9.6,1.4,321,28.5,3
茅ヶ崎沖,2026-08-09,09,1.0,9.6,0.2,252,28.7,3
茅ヶ崎沖,2026-08-09,12,0.9,9.5,3.9,196,29.0,3
茅ヶ崎沖,2026-08-09,15,0.9,9.8,3.3,233,29.3,51
茅ヶ崎沖,2026-08-09,18,0.9,9.7,1.7,195,29.1,2
茅ヶ崎沖,2026-08-09,21,0.8,9.3,2.1,300,28.8,53
茅ヶ崎東沖,2026-08-09,00,1.0,9.1,0.9,202,28.5,2
茅ヶ崎東沖,2026-08-09,03,1.0,9.2,0.9,93,28.4,1
茅ヶ崎東沖,2026-08-09,06,1.0,9.6,0.6,5,28.4,3
茅ヶ崎東沖,2026-08-09,09,1.0,9.5,0.2,198,28.6,3
茅ヶ崎東沖,2026-08-09,12,0.9,9.4,2.6,192,28.9,51
茅ヶ崎東沖,2026-08-09,15,0.9,9.7,3.7,228,29.1,51
茅ヶ崎東沖,2026-08-09,18,0.9,9.7,2.1,179,28.9,2
茅ヶ崎東沖,2026-08-09,21,0.8,9.3,0.5,292,28.6,61
猿島沖,2026-08-09,00,0.7,8.3,1.5,172,28.1,2
猿島沖,2026-08-09,03,0.7,8.7,1.3,122,28.0,1
猿島沖,2026-08-09,06,0.7,8.8,0.6,104,27.9,3
猿島沖,2026-08-09,09,0.6,8.9,1.0,99,28.1,3
猿島沖,2026-08-09,12,0.6,8.8,1.2,92,28.7,3
猿島沖,2026-08-09,15,0.6,9.0,4.2,207,29.2,3
猿島沖,2026-08-09,18,0.6,9.1,2.2,188,29.0,2
猿島沖,2026-08-09,21,0.6,9.0,2.0,53,28.6,3
走水沖,2026-08-09,00,0.7,8.4,1.3,135,27.9,3
走水沖,2026-08-09,03,0.6,8.7,1.7,151,27.7,0
走水沖,2026-08-09,06,0.6,8.8,0.4,120,27.7,3
走水沖,2026-08-09,09,0.6,8.9,1.9,20,27.9,3
走水沖,2026-08-09,12,0.5,8.8,2.6,23,28.6,3
走水沖,2026-08-09,15,0.5,9.0,0.9,43,29.2,3
走水沖,2026-08-09,18,0.5,9.1,0.9,180,29.0,2
走水沖,2026-08-09,21,0.5,9.1,2.0,74,28.6,3
海堡沖～竹岡沖,2026-08-09,00,0.7,8.4,1.3,135,27.9,3
海堡沖～竹岡沖,2026-08-09,03,0.6,8.7,1.7,151,27.7,0
海堡沖～竹岡沖,2026-08-09,06,0.6,8.8,0.4,120,27.7,3
海堡沖～竹岡沖,2026-08-09,09,0.6,8.9,1.9,20,27.9,3
海堡沖～竹岡沖,2026-08-09,12,0.5,8.8,2.6,23,28.6,3
海堡沖～竹岡沖,2026-08-09,15,0.5,9.0,0.9,43,29.2,3
海堡沖～竹岡沖,2026-08-09,18,0.5,9.1,0.9,180,29.0,2
海堡沖～竹岡沖,2026-08-09,21,0.5,9.1,2.0,74,28.6,3
太東沖,2026-08-09,00,2.0,11.1,0.8,238,27.0,3
太東沖,2026-08-09,03,2.0,11.1,0.7,253,26.9,2
太東沖,2026-08-09,06,2.0,11.2,0.6,305,26.9,3
太東沖,2026-08-09,09,2.1,11.3,1.7,71,26.9,2
太東沖,2026-08-09,12,2.1,11.1,2.3,96,27.3,1
太東沖,2026-08-09,15,2.0,10.6,3.0,81,27.6,2
太東沖,2026-08-09,18,1.9,10.1,3.5,66,27.4,1
太東沖,2026-08-09,21,1.9,9.8,3.2,29,27.0,3
海堡沖,2026-08-09,00,0.7,8.4,1.3,135,27.9,3
海堡沖,2026-08-09,03,0.6,8.7,1.7,151,27.7,0
海堡沖,2026-08-09,06,0.6,8.8,0.4,120,27.7,3
海堡沖,2026-08-09,09,0.6,8.9,1.9,20,27.9,3
海堡沖,2026-08-09,12,0.5,8.8,2.6,23,28.6,3
海堡沖,2026-08-09,15,0.5,9.0,0.9,43,29.2,3
海堡沖,2026-08-09,18,0.5,9.1,0.9,180,29.0,2
海堡沖,2026-08-09,21,0.5,9.1,2.0,74,28.6,3
富津沖,2026-08-09,00,0.7,8.4,1.3,135,27.9,3
富津沖,2026-08-09,03,0.6,8.7,1.7,151,27.7,0
富津沖,2026-08-09,06,0.6,8.8,0.4,120,27.7,3
富津沖,2026-08-09,09,0.6,8.9,1.9,20,27.9,3
富津沖,2026-08-09,12,0.5,8.8,2.6,23,28.6,3
富津沖,2026-08-09,15,0.5,9.0,0.9,43,29.2,3
富津沖,2026-08-09,18,0.5,9.1,0.9,180,29.0,2
富津沖,2026-08-09,21,0.5,9.1,2.0,74,28.6,3
港前,2026-08-09,00,0.8,8.6,1.1,193,29.1,2
港前,2026-08-09,03,0.8,8.8,1.2,144,29.1,1
港前,2026-08-09,06,0.8,9.0,0.2,124,29.1,3
港前,2026-08-09,09,0.7,9.1,1.6,79,29.3,3
港前,2026-08-09,12,0.6,9.0,2.6,101,29.5,3
港前,2026-08-09,15,0.7,9.2,2.3,188,29.7,3
港前,2026-08-09,18,0.7,9.2,2.8,180,29.5,2
港前,2026-08-09,21,0.6,9.2,1.7,75,29.2,3
鴨居沖,2026-08-09,00,0.8,8.6,1.1,193,27.6,2
鴨居沖,2026-08-09,03,0.8,8.8,1.2,144,27.5,1
鴨居沖,2026-08-09,06,0.8,9.0,0.2,124,27.5,3
鴨居沖,2026-08-09,09,0.7,9.1,1.6,79,27.7,3
鴨居沖,2026-08-09,12,0.6,9.0,2.6,101,28.3,3
鴨居沖,2026-08-09,15,0.7,9.2,2.3,188,28.8,3
鴨居沖,2026-08-09,18,0.7,9.2,2.8,180,28.6,2
鴨居沖,2026-08-09,21,0.6,9.2,1.7,75,28.3,3
木更津沖～富津沖,2026-08-09,00,0.5,8.0,1.3,135,27.8,3
木更津沖～富津沖,2026-08-09,03,0.5,8.3,1.7,151,27.7,0
木更津沖～富津沖,2026-08-09,06,0.4,8.3,0.4,120,27.8,3
木更津沖～富津沖,2026-08-09,09,0.4,8.5,1.9,20,27.9,3
木更津沖～富津沖,2026-08-09,12,0.4,8.6,2.6,23,28.3,3
木更津沖～富津沖,2026-08-09,15,0.4,8.7,0.9,43,28.7,3
木更津沖～富津沖,2026-08-09,18,0.4,8.8,0.9,180,28.5,2
木更津沖～富津沖,2026-08-09,21,0.4,8.8,2.0,74,28.2,3
横浜沖～観音崎沖,2026-08-09,00,0.7,8.3,1.5,172,27.6,2
横浜沖～観音崎沖,2026-08-09,03,0.7,8.7,1.3,122,27.5,1
横浜沖～観音崎沖,2026-08-09,06,0.7,8.8,0.6,104,27.5,3
横浜沖～観音崎沖,2026-08-09,09,0.6,8.9,1.0,99,27.7,3
横浜沖～観音崎沖,2026-08-09,12,0.6,8.8,1.2,92,28.3,3
横浜沖～観音崎沖,2026-08-09,15,0.6,9.0,4.2,207,28.8,3
横浜沖～観音崎沖,2026-08-09,18,0.6,9.1,2.2,188,28.6,2
横浜沖～観音崎沖,2026-08-09,21,0.6,9.0,2.0,53,28.3,3
中ノ瀬周り,2026-08-09,00,0.7,8.3,1.5,172,27.6,2
中ノ瀬周り,2026-08-09,03,0.7,8.7,1.3,122,27.5,1
中ノ瀬周り,2026-08-09,06,0.7,8.8,0.6,104,27.5,3
中ノ瀬周り,2026-08-09,09,0.6,8.9,1.0,99,27.7,3
中ノ瀬周り,2026-08-09,12,0.6,8.8,1.2,92,28.3,3
中ノ瀬周り,2026-08-09,15,0.6,9.0,4.2,207,28.8,3
中ノ瀬周り,2026-08-09,18,0.6,9.1,2.2,188,28.6,2
中ノ瀬周り,2026-08-09,21,0.6,9.0,2.0,53,28.3,3
鴨井沖,2026-08-09,00,2.1,11.2,1.9,194,26.6,1
鴨井沖,2026-08-09,03,2.1,11.2,0.8,249,26.5,1
鴨井沖,2026-08-09,06,2.0,11.2,1.3,340,26.5,2
鴨井沖,2026-08-09,09,2.1,11.3,2.6,43,26.6,2
鴨井沖,2026-08-09,12,2.2,11.2,2.5,67,27.0,0
鴨井沖,2026-08-09,15,2.1,10.6,3.9,64,27.4,3
鴨井沖,2026-08-09,18,2.0,10.1,5.8,49,27.2,1
鴨井沖,2026-08-09,21,2.0,9.8,6.7,33,26.9,3
富津沖～海堡,2026-08-09,00,0.5,8.0,1.3,135,27.7,3
富津沖～海堡,2026-08-09,03,0.5,8.3,1.7,151,27.6,0
富津沖～海堡,2026-08-09,06,0.4,8.3,0.4,120,27.6,3
富津沖～海堡,2026-08-09,09,0.4,8.5,1.9,20,27.8,3
富津沖～海堡,2026-08-09,12,0.4,8.6,2.6,23,28.3,3
富津沖～海堡,2026-08-09,15,0.4,8.7,0.9,43,28.8,3
富津沖～海堡,2026-08-09,18,0.4,8.8,0.9,180,28.6,2
富津沖～海堡,2026-08-09,21,0.4,8.8,2.0,74,28.3,3
富岡沖,2026-08-09,00,0.8,8.6,1.1,193,27.6,2
富岡沖,2026-08-09,03,0.8,8.8,1.2,144,27.5,1
富岡沖,2026-08-09,06,0.8,9.0,0.2,124,27.5,3
富岡沖,2026-08-09,09,0.7,9.1,1.6,79,27.7,3
富岡沖,2026-08-09,12,0.6,9.0,2.6,101,28.3,3
富岡沖,2026-08-09,15,0.7,9.2,2.3,188,28.8,3
富岡沖,2026-08-09,18,0.7,9.2,2.8,180,28.6,2
富岡沖,2026-08-09,21,0.6,9.2,1.7,75,28.3,3
小柴沖,2026-08-09,00,0.8,8.6,1.1,193,27.6,2
小柴沖,2026-08-09,03,0.8,8.8,1.2,144,27.5,1
小柴沖,2026-08-09,06,0.8,9.0,0.2,124,27.5,3
小柴沖,2026-08-09,09,0.7,9.1,1.6,79,27.7,3
小柴沖,2026-08-09,12,0.6,9.0,2.6,101,28.3,3
小柴沖,2026-08-09,15,0.7,9.2,2.3,188,28.8,3
小柴沖,2026-08-09,18,0.7,9.2,2.8,180,28.6,2
小柴沖,2026-08-09,21,0.6,9.2,1.7,75,28.3,3
木更津沖～富岡沖,2026-08-09,00,0.5,8.0,1.3,135,27.6,3
木更津沖～富岡沖,2026-08-09,03,0.5,8.3,1.7,151,27.5,0
木更津沖～富岡沖,2026-08-09,06,0.4,8.3,0.4,120,27.5,3
木更津沖～富岡沖,2026-08-09,09,0.4,8.5,1.9,20,27.7,3
木更津沖～富岡沖,2026-08-09,12,0.4,8.6,2.6,23,28.3,3
木更津沖～富岡沖,2026-08-09,15,0.4,8.7,0.9,43,28.8,3
木更津沖～富岡沖,2026-08-09,18,0.4,8.8,0.9,180,28.6,2
木更津沖～富岡沖,2026-08-09,21,0.4,8.8,2.0,74,28.3,3
八景沖,2026-08-09,00,0.8,8.6,1.1,193,27.6,2
八景沖,2026-08-09,03,0.8,8.8,1.2,144,27.5,1
八景沖,2026-08-09,06,0.8,9.0,0.2,124,27.5,3
八景沖,2026-08-09,09,0.7,9.1,1.6,79,27.7,3
八景沖,2026-08-09,12,0.6,9.0,2.6,101,28.3,3
八景沖,2026-08-09,15,0.7,9.2,2.3,188,28.8,3
八景沖,2026-08-09,18,0.7,9.2,2.8,180,28.6,2
八景沖,2026-08-09,21,0.6,9.2,1.7,75,28.3,3
長浦沖,2026-08-09,00,0.5,8.0,1.3,135,27.8,3
長浦沖,2026-08-09,03,0.5,8.3,1.7,151,27.7,0
長浦沖,2026-08-09,06,0.4,8.3,0.4,120,27.8,3
長浦沖,2026-08-09,09,0.4,8.5,1.9,20,27.9,3
長浦沖,2026-08-09,12,0.4,8.6,2.6,23,28.3,3
長浦沖,2026-08-09,15,0.4,8.7,0.9,43,28.7,3
長浦沖,2026-08-09,18,0.4,8.8,0.9,180,28.5,2
長浦沖,2026-08-09,21,0.4,8.8,2.0,74,28.2,3
木更津沖,2026-08-09,00,0.5,8.0,1.5,156,27.8,3
木更津沖,2026-08-09,03,0.5,8.3,1.7,170,27.7,1
木更津沖,2026-08-09,06,0.4,8.3,0.6,138,27.8,3
木更津沖,2026-08-09,09,0.4,8.5,1.1,23,27.9,3
木更津沖,2026-08-09,12,0.4,8.6,1.0,332,28.3,2
木更津沖,2026-08-09,15,0.4,8.7,1.9,52,28.7,3
木更津沖,2026-08-09,18,0.4,8.8,3.4,92,28.5,2
木更津沖,2026-08-09,21,0.4,8.8,1.4,80,28.2,3
一宮沖,2026-08-09,00,1.8,11.3,0.8,238,26.6,3
一宮沖,2026-08-09,03,1.7,11.2,0.7,253,26.5,2
一宮沖,2026-08-09,06,1.7,11.2,0.6,305,26.5,3
一宮沖,2026-08-09,09,1.8,11.3,1.7,71,26.6,2
一宮沖,2026-08-09,12,1.8,11.2,2.3,96,27.0,1
一宮沖,2026-08-09,15,1.7,10.6,3.0,81,27.4,2
一宮沖,2026-08-09,18,1.6,10.1,3.5,66,27.2,1
一宮沖,2026-08-09,21,1.6,9.8,3.2,29,26.9,3
横浜沖周り,2026-08-09,00,0.7,8.3,1.0,174,27.6,3
横浜沖周り,2026-08-09,03,0.7,8.7,0.8,180,27.5,1
横浜沖周り,2026-08-09,06,0.7,8.8,1.1,15,27.5,3
横浜沖周り,2026-08-09,09,0.6,8.9,1.6,72,27.7,3
横浜沖周り,2026-08-09,12,0.6,8.8,3.6,99,28.3,3
横浜沖周り,2026-08-09,15,0.6,9.0,3.2,93,28.8,51
横浜沖周り,2026-08-09,18,0.6,9.1,2.3,123,28.6,2
横浜沖周り,2026-08-09,21,0.6,9.0,2.2,97,28.3,3
本牧沖~富岡沖,2026-08-09,00,0.8,8.6,1.0,174,27.6,3
本牧沖~富岡沖,2026-08-09,03,0.8,8.8,0.8,180,27.5,1
本牧沖~富岡沖,2026-08-09,06,0.8,9.0,1.1,15,27.5,3
本牧沖~富岡沖,2026-08-09,09,0.7,9.1,1.6,72,27.7,3
本牧沖~富岡沖,2026-08-09,12,0.6,9.0,3.6,99,28.3,3
本牧沖~富岡沖,2026-08-09,15,0.7,9.2,3.2,93,28.8,51
本牧沖~富岡沖,2026-08-09,18,0.7,9.2,2.3,123,28.6,2
本牧沖~富岡沖,2026-08-09,21,0.6,9.2,2.2,97,28.3,3
木更津沖～本牧沖,2026-08-09,00,0.5,8.0,1.3,135,27.7,3
木更津沖～本牧沖,2026-08-09,03,0.5,8.3,1.7,151,27.6,0
木更津沖～本牧沖,2026-08-09,06,0.4,8.3,0.4,120,27.6,3
木更津沖～本牧沖,2026-08-09,09,0.4,8.5,1.9,20,27.8,3
木更津沖～本牧沖,2026-08-09,12,0.4,8.6,2.6,23,28.3,3
木更津沖～本牧沖,2026-08-09,15,0.4,8.7,0.9,43,28.7,3
木更津沖～本牧沖,2026-08-09,18,0.4,8.8,0.9,180,28.6,2
木更津沖～本牧沖,2026-08-09,21,0.4,8.8,2.0,74,28.3,3
海堡,2026-08-09,00,0.5,8.0,1.3,135,27.7,3
海堡,2026-08-09,03,0.5,8.3,1.7,151,27.6,0
海堡,2026-08-09,06,0.4,8.3,0.4,120,27.6,3
海堡,2026-08-09,09,0.4,8.5,1.9,20,27.8,3
海堡,2026-08-09,12,0.4,8.6,2.6,23,28.3,3
海堡,2026-08-09,15,0.4,8.7,0.9,43,28.7,3
海堡,2026-08-09,18,0.4,8.8,0.9,180,28.6,2
海堡,2026-08-09,21,0.4,8.8,2.0,74,28.3,3
木更津沖～横浜沖,2026-08-09,00,0.5,8.0,1.3,135,27.7,3
木更津沖～横浜沖,2026-08-09,03,0.5,8.3,1.7,151,27.6,0
木更津沖～横浜沖,2026-08-09,06,0.4,8.3,0.4,120,27.6,3
木更津沖～横浜沖,2026-08-09,09,0.4,8.5,1.9,20,27.8,3
木更津沖～横浜沖,2026-08-09,12,0.4,8.6,2.6,23,28.3,3
木更津沖～横浜沖,2026-08-09,15,0.4,8.7,0.9,43,28.7,3
木更津沖～横浜沖,2026-08-09,18,0.4,8.8,0.9,180,28.6,2
木更津沖～横浜沖,2026-08-09,21,0.4,8.8,2.0,74,28.3,3
中ノ瀬,2026-08-09,00,0.5,8.0,1.3,135,27.7,3
中ノ瀬,2026-08-09,03,0.5,8.3,1.7,151,27.6,0
中ノ瀬,2026-08-09,06,0.4,8.3,0.4,120,27.6,3
中ノ瀬,2026-08-09,09,0.4,8.5,1.9,20,27.8,3
中ノ瀬,2026-08-09,12,0.4,8.6,2.6,23,28.3,3
中ノ瀬,2026-08-09,15,0.4,8.7,0.9,43,28.7,3
中ノ瀬,2026-08-09,18,0.4,8.8,0.9,180,28.6,2
中ノ瀬,2026-08-09,21,0.4,8.8,2.0,74,28.3,3
本牧沖,2026-08-09,00,0.7,8.3,1.0,174,27.6,3
本牧沖,2026-08-09,03,0.7,8.7,0.8,180,27.5,1
本牧沖,2026-08-09,06,0.7,8.8,1.1,15,27.5,3
本牧沖,2026-08-09,09,0.6,8.9,1.6,72,27.7,3
本牧沖,2026-08-09,12,0.6,8.8,3.6,99,28.3,3
本牧沖,2026-08-09,15,0.6,9.0,3.2,93,28.8,51
本牧沖,2026-08-09,18,0.6,9.1,2.3,123,28.6,2
本牧沖,2026-08-09,21,0.6,9.0,2.2,97,28.3,3
横浜沖,2026-08-09,00,0.8,8.6,1.0,174,27.9,3
横浜沖,2026-08-09,03,0.8,8.8,0.8,180,27.8,1
横浜沖,2026-08-09,06,0.8,9.0,1.1,15,27.7,3
横浜沖,2026-08-09,09,0.7,9.1,1.6,72,27.9,3
横浜沖,2026-08-09,12,0.6,9.0,3.6,99,28.4,3
横浜沖,2026-08-09,15,0.7,9.2,3.2,93,28.8,51
横浜沖,2026-08-09,18,0.7,9.2,2.3,123,28.7,2
横浜沖,2026-08-09,21,0.6,9.2,2.2,97,28.4,3
根岸沖,2026-08-09,00,0.4,7.8,1.0,174,27.9,3
根岸沖,2026-08-09,03,0.4,8.1,0.8,180,27.8,1
根岸沖,2026-08-09,06,0.4,8.1,1.1,15,27.7,3
根岸沖,2026-08-09,09,0.4,8.2,1.6,72,27.9,3
根岸沖,2026-08-09,12,0.3,8.3,3.6,99,28.4,3
根岸沖,2026-08-09,15,0.3,8.3,3.2,93,28.8,51
根岸沖,2026-08-09,18,0.3,8.6,2.3,123,28.7,2
根岸沖,2026-08-09,21,0.3,8.6,2.2,97,28.4,3
片貝沖,2026-08-09,00,2.1,10.8,2.0,196,26.4,2
片貝沖,2026-08-09,03,2.1,10.8,1.2,232,26.3,0
片貝沖,2026-08-09,06,2.1,10.9,1.3,358,26.3,3
片貝沖,2026-08-09,09,2.1,10.9,2.7,50,26.4,2
片貝沖,2026-08-09,12,2.2,10.8,2.4,63,26.8,0
片貝沖,2026-08-09,15,2.1,10.3,4.5,61,27.2,2
片貝沖,2026-08-09,18,2.1,10.0,6.0,50,26.9,1
片貝沖,2026-08-09,21,2.0,9.7,7.2,34,26.6,3
木更津沖～川崎沖,2026-08-09,00,0.4,7.8,1.5,156,27.9,3
木更津沖～川崎沖,2026-08-09,03,0.4,8.1,1.7,170,27.7,1
木更津沖～川崎沖,2026-08-09,06,0.4,8.1,0.6,138,27.7,3
木更津沖～川崎沖,2026-08-09,09,0.4,8.2,1.1,23,27.8,3
木更津沖～川崎沖,2026-08-09,12,0.3,8.3,1.0,332,28.3,2
木更津沖～川崎沖,2026-08-09,15,0.3,8.3,1.9,52,28.7,3
木更津沖～川崎沖,2026-08-09,18,0.3,8.6,3.4,92,28.5,2
木更津沖～川崎沖,2026-08-09,21,0.3,8.6,1.4,80,28.1,3
盤洲沖,2026-08-09,00,0.4,8.0,1.5,156,27.7,3
盤洲沖,2026-08-09,03,0.4,8.2,1.7,170,27.6,1
盤洲沖,2026-08-09,06,0.4,8.2,0.6,138,27.6,3
盤洲沖,2026-08-09,09,0.4,8.4,1.1,23,27.8,3
盤洲沖,2026-08-09,12,0.3,8.6,1.0,332,28.2,2
盤洲沖,2026-08-09,15,0.3,8.6,1.9,52,28.6,3
盤洲沖,2026-08-09,18,0.3,8.8,3.4,92,28.4,2
盤洲沖,2026-08-09,21,0.3,8.8,1.4,80,28.0,3
大根,2026-08-09,00,2.1,10.8,1.8,198,26.4,2
大根,2026-08-09,03,2.1,10.8,1.3,230,26.3,0
大根,2026-08-09,06,2.1,10.9,1.4,15,26.3,3
大根,2026-08-09,09,2.1,10.9,2.6,54,26.4,2
大根,2026-08-09,12,2.2,10.8,2.5,76,26.8,0
大根,2026-08-09,15,2.1,10.3,5.0,64,27.2,2
大根,2026-08-09,18,2.1,10.0,6.0,48,26.9,2
大根,2026-08-09,21,2.0,9.7,7.2,35,26.6,3
川崎沖～横浜沖,2026-08-09,00,0.4,7.8,1.2,171,27.9,3
川崎沖～横浜沖,2026-08-09,03,0.4,8.1,0.7,167,27.8,2
川崎沖～横浜沖,2026-08-09,06,0.4,8.1,1.5,10,27.7,3
川崎沖～横浜沖,2026-08-09,09,0.4,8.2,1.4,102,27.9,3
川崎沖～横浜沖,2026-08-09,12,0.3,8.3,3.4,125,28.4,3
川崎沖～横浜沖,2026-08-09,15,0.3,8.3,3.3,118,28.8,51
川崎沖～横浜沖,2026-08-09,18,0.3,8.6,3.9,112,28.7,2
川崎沖～横浜沖,2026-08-09,21,0.3,8.6,1.1,92,28.4,3
川崎沖~本牧沖,2026-08-09,00,0.4,7.8,1.2,171,27.9,3
川崎沖~本牧沖,2026-08-09,03,0.4,8.1,0.7,167,27.8,2
川崎沖~本牧沖,2026-08-09,06,0.4,8.1,1.5,10,27.7,3
川崎沖~本牧沖,2026-08-09,09,0.4,8.2,1.4,102,27.9,3
川崎沖~本牧沖,2026-08-09,12,0.3,8.3,3.4,125,28.4,3
川崎沖~本牧沖,2026-08-09,15,0.3,8.3,3.3,118,28.8,51
川崎沖~本牧沖,2026-08-09,18,0.3,8.6,3.9,112,28.7,2
川崎沖~本牧沖,2026-08-09,21,0.3,8.6,1.1,92,28.4,3
川崎沖,2026-08-09,00,0.4,7.8,1.2,171,28.3,3
川崎沖,2026-08-09,03,0.4,8.1,0.7,167,28.2,2
川崎沖,2026-08-09,06,0.4,8.1,1.5,10,28.2,3
川崎沖,2026-08-09,09,0.4,8.2,1.4,102,28.3,3
川崎沖,2026-08-09,12,0.3,8.3,3.4,125,28.7,3
川崎沖,2026-08-09,15,0.3,8.3,3.3,118,29.0,51
川崎沖,2026-08-09,18,0.3,8.6,3.9,112,28.8,2
川崎沖,2026-08-09,21,0.3,8.6,1.1,92,28.5,3
五井沖,2026-08-09,00,0.2,8.2,0.9,164,28.2,3
五井沖,2026-08-09,03,0.2,8.2,1.3,159,28.1,2
五井沖,2026-08-09,06,0.2,8.3,0.3,112,28.1,3
五井沖,2026-08-09,09,0.2,8.5,0.9,347,28.3,3
五井沖,2026-08-09,12,0.2,8.6,0.3,243,28.7,1
五井沖,2026-08-09,15,0.1,8.4,2.4,116,29.1,51
五井沖,2026-08-09,18,0.1,8.7,3.5,100,28.8,2
五井沖,2026-08-09,21,0.1,8.7,1.8,37,28.5,3
鶴見沖,2026-08-09,00,0.4,7.8,1.2,171,28.3,3
鶴見沖,2026-08-09,03,0.4,8.1,0.7,167,28.2,2
鶴見沖,2026-08-09,06,0.4,8.1,1.5,10,28.2,3
鶴見沖,2026-08-09,09,0.4,8.2,1.4,102,28.3,3
鶴見沖,2026-08-09,12,0.3,8.3,3.4,125,28.7,3
鶴見沖,2026-08-09,15,0.3,8.3,3.3,118,29.0,51
鶴見沖,2026-08-09,18,0.3,8.6,3.9,112,28.8,2
鶴見沖,2026-08-09,21,0.3,8.6,1.1,92,28.5,3
木更津沖～浦安沖,2026-08-09,00,0.3,7.8,1.4,174,27.9,3
木更津沖～浦安沖,2026-08-09,03,0.3,8.0,0.6,170,27.8,1
木更津沖～浦安沖,2026-08-09,06,0.3,8.0,1.6,360,27.8,3
木更津沖～浦安沖,2026-08-09,09,0.3,8.2,1.0,117,27.9,3
木更津沖～浦安沖,2026-08-09,12,0.3,8.3,2.9,149,28.3,3
木更津沖～浦安沖,2026-08-09,15,0.3,8.2,3.4,161,28.7,51
木更津沖～浦安沖,2026-08-09,18,0.3,8.5,3.8,122,28.5,51
木更津沖～浦安沖,2026-08-09,21,0.3,8.6,1.4,31,28.1,3
羽田沖,2026-08-09,00,0.4,7.8,1.4,174,28.2,3
羽田沖,2026-08-09,03,0.4,8.1,0.6,170,28.0,1
羽田沖,2026-08-09,06,0.4,8.1,1.6,360,28.0,3
羽田沖,2026-08-09,09,0.4,8.2,1.0,117,28.1,3
羽田沖,2026-08-09,12,0.3,8.3,2.9,149,28.5,3
羽田沖,2026-08-09,15,0.3,8.3,3.4,161,28.9,51
羽田沖,2026-08-09,18,0.3,8.6,3.8,122,28.7,51
羽田沖,2026-08-09,21,0.3,8.6,1.4,31,28.4,3
千葉沖,2026-08-09,00,0.2,8.0,1.2,190,28.6,3
千葉沖,2026-08-09,03,0.2,8.0,1.2,187,28.5,2
千葉沖,2026-08-09,06,0.2,8.2,0.1,90,28.5,3
千葉沖,2026-08-09,09,0.2,8.3,0.5,41,28.6,3
千葉沖,2026-08-09,12,0.2,8.4,0.2,270,29.1,2
千葉沖,2026-08-09,15,0.1,8.2,2.4,119,29.4,51
千葉沖,2026-08-09,18,0.1,8.5,2.9,104,29.2,2
千葉沖,2026-08-09,21,0.1,8.6,2.1,25,28.9,3
浦安沖,2026-08-09,00,0.3,7.3,2.0,186,28.3,3
浦安沖,2026-08-09,03,0.2,7.3,1.4,186,28.2,1
浦安沖,2026-08-09,06,0.2,7.5,1.0,357,28.2,3
浦安沖,2026-08-09,09,0.2,7.7,0.3,172,28.3,3
浦安沖,2026-08-09,12,0.2,7.8,1.5,167,28.7,51
浦安沖,2026-08-09,15,0.2,7.7,1.8,146,29.0,3
浦安沖,2026-08-09,18,0.2,7.9,3.2,100,28.8,2
浦安沖,2026-08-09,21,0.2,8.1,2.1,34,28.5,3
屏風ヶ浦の陰,2026-08-09,00,0.2,8.0,1.1,178,29.2,2
屏風ヶ浦の陰,2026-08-09,03,0.2,8.0,1.2,175,29.1,2
屏風ヶ浦の陰,2026-08-09,06,0.2,8.2,0.1,63,29.1,3
屏風ヶ浦の陰,2026-08-09,09,0.2,8.3,1.4,39,29.2,3
屏風ヶ浦の陰,2026-08-09,12,0.2,8.4,1.8,35,29.5,51
屏風ヶ浦の陰,2026-08-09,15,0.1,8.2,2.5,82,29.8,51
屏風ヶ浦の陰,2026-08-09,18,0.1,8.5,3.1,65,29.7,2
屏風ヶ浦の陰,2026-08-09,21,0.1,8.6,1.9,25,29.4,3
犬吠南沖,2026-08-09,00,2.3,11.2,0.7,167,26.3,0
犬吠南沖,2026-08-09,03,2.3,11.2,0.5,209,26.2,1
犬吠南沖,2026-08-09,06,2.3,11.3,1.3,54,26.2,3
犬吠南沖,2026-08-09,09,2.3,11.4,2.0,58,26.3,3
犬吠南沖,2026-08-09,12,2.4,11.2,3.3,59,26.7,0
犬吠南沖,2026-08-09,15,2.3,10.6,4.4,54,27.0,3
犬吠南沖,2026-08-09,18,2.3,10.3,4.1,41,26.9,2
犬吠南沖,2026-08-09,21,2.2,10.1,4.9,33,26.6,3
亀城根,2026-08-09,00,2.3,11.2,0.7,167,26.3,0
亀城根,2026-08-09,03,2.3,11.2,0.5,209,26.2,1
亀城根,2026-08-09,06,2.3,11.3,1.3,54,26.2,3
亀城根,2026-08-09,09,2.3,11.4,2.0,58,26.3,3
亀城根,2026-08-09,12,2.4,11.2,3.3,59,26.7,0
亀城根,2026-08-09,15,2.3,10.6,4.4,54,27.0,3
亀城根,2026-08-09,18,2.3,10.3,4.1,41,26.9,2
亀城根,2026-08-09,21,2.2,10.1,4.9,33,26.6,3
外川沖,2026-08-09,00,2.0,11.1,0.7,167,26.0,0
外川沖,2026-08-09,03,1.9,11.1,0.5,209,25.9,1
外川沖,2026-08-09,06,2.0,11.3,1.3,54,25.9,3
外川沖,2026-08-09,09,2.0,11.3,2.0,58,26.0,3
外川沖,2026-08-09,12,2.0,11.2,3.3,59,26.3,0
外川沖,2026-08-09,15,1.9,10.6,4.4,54,26.6,3
外川沖,2026-08-09,18,1.9,10.3,4.1,41,26.4,2
外川沖,2026-08-09,21,1.8,10.0,4.9,33,26.1,3
犬吠沖,2026-08-09,00,2.0,11.1,0.7,167,26.0,0
犬吠沖,2026-08-09,03,1.9,11.1,0.5,209,25.9,1
犬吠沖,2026-08-09,06,2.0,11.3,1.3,54,25.9,3
犬吠沖,2026-08-09,09,2.0,11.3,2.0,58,26.0,3
犬吠沖,2026-08-09,12,2.0,11.2,3.3,59,26.3,0
犬吠沖,2026-08-09,15,1.9,10.6,4.4,54,26.6,3
犬吠沖,2026-08-09,18,1.9,10.3,4.1,41,26.4,2
犬吠沖,2026-08-09,21,1.8,10.0,4.9,33,26.1,3
飯岡沖,2026-08-09,00,1.6,10.8,0.7,167,26.5,0
飯岡沖,2026-08-09,03,1.6,10.8,0.5,209,26.4,1
飯岡沖,2026-08-09,06,1.6,11.1,1.3,54,26.4,3
飯岡沖,2026-08-09,09,1.6,11.1,2.0,58,26.4,3
飯岡沖,2026-08-09,12,1.6,10.9,3.3,59,26.7,0
飯岡沖,2026-08-09,15,1.5,10.4,4.4,54,27.0,3
飯岡沖,2026-08-09,18,1.6,10.2,4.1,41,26.8,2
飯岡沖,2026-08-09,21,1.5,9.8,4.9,33,26.6,3
真沖,2026-08-09,00,1.6,10.8,0.7,167,26.5,0
真沖,2026-08-09,03,1.6,10.8,0.5,209,26.4,1
真沖,2026-08-09,06,1.6,11.1,1.3,54,26.4,3
真沖,2026-08-09,09,1.6,11.1,2.0,58,26.4,3
真沖,2026-08-09,12,1.6,10.9,3.3,59,26.7,0
真沖,2026-08-09,15,1.5,10.4,4.4,54,27.0,3
真沖,2026-08-09,18,1.6,10.2,4.1,41,26.8,2
真沖,2026-08-09,21,1.5,9.8,4.9,33,26.6,3
波崎沖,2026-08-09,00,2.0,11.1,0.7,167,26.0,0
波崎沖,2026-08-09,03,1.9,11.1,0.5,209,25.9,1
波崎沖,2026-08-09,06,2.0,11.3,1.3,54,25.9,3
波崎沖,2026-08-09,09,2.0,11.3,2.0,58,26.0,3
波崎沖,2026-08-09,12,2.0,11.2,3.3,59,26.3,0
波崎沖,2026-08-09,15,1.9,10.6,4.4,54,26.6,3
波崎沖,2026-08-09,18,1.9,10.3,4.1,41,26.4,2
波崎沖,2026-08-09,21,1.8,10.0,4.9,33,26.1,3
川前大根,2026-08-09,00,1.6,10.8,0.7,167,26.5,0
川前大根,2026-08-09,03,1.6,10.8,0.5,209,26.4,1
川前大根,2026-08-09,06,1.6,11.1,1.3,54,26.4,3
川前大根,2026-08-09,09,1.6,11.1,2.0,58,26.4,3
川前大根,2026-08-09,12,1.6,10.9,3.3,59,26.7,0
川前大根,2026-08-09,15,1.5,10.4,4.4,54,27.0,3
川前大根,2026-08-09,18,1.6,10.2,4.1,41,26.8,2
川前大根,2026-08-09,21,1.5,9.8,4.9,33,26.6,3
鹿島南沖,2026-08-09,00,1.5,11.2,0.7,168,25.4,2
鹿島南沖,2026-08-09,03,1.6,11.3,0.6,218,25.3,1
鹿島南沖,2026-08-09,06,1.7,11.9,0.8,57,25.3,3
鹿島南沖,2026-08-09,09,1.6,11.6,1.9,50,25.5,3
鹿島南沖,2026-08-09,12,1.7,11.3,3.1,53,26.1,0
鹿島南沖,2026-08-09,15,1.6,10.8,3.7,55,26.5,3
鹿島南沖,2026-08-09,18,1.7,10.8,3.4,41,26.3,2
鹿島南沖,2026-08-09,21,1.7,10.3,4.3,36,25.9,3
神栖沖,2026-08-09,00,1.5,11.2,0.7,168,25.6,2
神栖沖,2026-08-09,03,1.6,11.3,0.6,218,25.5,1
神栖沖,2026-08-09,06,1.7,11.9,0.8,57,25.5,3
神栖沖,2026-08-09,09,1.6,11.6,1.9,50,25.6,3
神栖沖,2026-08-09,12,1.7,11.3,3.1,53,26.0,0
神栖沖,2026-08-09,15,1.6,10.8,3.7,55,26.4,3
神栖沖,2026-08-09,18,1.7,10.8,3.4,41,26.2,2
神栖沖,2026-08-09,21,1.7,10.3,4.3,36,25.9,3
鹿島沖,2026-08-09,00,1.5,11.2,1.0,177,25.7,2
鹿島沖,2026-08-09,03,1.6,11.3,0.7,207,25.5,2
鹿島沖,2026-08-09,06,1.7,11.9,0.5,90,25.5,3
鹿島沖,2026-08-09,09,1.6,11.6,2.2,55,25.7,3
鹿島沖,2026-08-09,12,1.7,11.3,3.0,62,26.3,0
鹿島沖,2026-08-09,15,1.6,10.8,3.6,70,26.8,3
鹿島沖,2026-08-09,18,1.7,10.8,3.4,45,26.5,2
鹿島沖,2026-08-09,21,1.7,10.3,4.6,42,26.1,3
鹿島真沖,2026-08-09,00,1.5,11.2,1.0,180,25.4,2
鹿島真沖,2026-08-09,03,1.6,11.3,0.8,212,25.3,2
鹿島真沖,2026-08-09,06,1.7,11.9,0.5,73,25.3,3
鹿島真沖,2026-08-09,09,1.6,11.6,2.0,50,25.5,3
鹿島真沖,2026-08-09,12,1.7,11.3,2.9,57,26.1,0
鹿島真沖,2026-08-09,15,1.6,10.8,3.3,64,26.5,3
鹿島真沖,2026-08-09,18,1.7,10.8,3.2,42,26.3,2
鹿島真沖,2026-08-09,21,1.7,10.3,4.4,40,25.9,3
鹿島魚礁,2026-08-09,00,1.7,11.1,1.8,158,25.4,3
鹿島魚礁,2026-08-09,03,1.8,11.2,1.1,196,25.3,2
鹿島魚礁,2026-08-09,06,1.9,11.8,1.3,77,25.3,2
鹿島魚礁,2026-08-09,09,1.8,11.4,1.9,44,25.5,3
鹿島魚礁,2026-08-09,12,1.8,11.2,3.0,44,26.0,0
鹿島魚礁,2026-08-09,15,1.8,10.8,4.9,53,26.4,3
鹿島魚礁,2026-08-09,18,1.9,10.7,5.6,46,26.0,1
鹿島魚礁,2026-08-09,21,1.9,10.2,7.2,38,25.6,3
鹿島北沖,2026-08-09,00,1.5,11.0,1.0,177,25.7,2
鹿島北沖,2026-08-09,03,1.6,11.1,0.7,207,25.5,2
鹿島北沖,2026-08-09,06,1.8,11.8,0.5,90,25.5,3
鹿島北沖,2026-08-09,09,1.6,11.3,2.2,55,25.7,3
鹿島北沖,2026-08-09,12,1.6,11.1,3.0,62,26.3,0
鹿島北沖,2026-08-09,15,1.6,10.7,3.6,70,26.8,3
鹿島北沖,2026-08-09,18,1.8,10.6,3.4,45,26.5,2
鹿島北沖,2026-08-09,21,1.7,10.1,4.6,42,26.1,3
北沖30,2026-08-09,00,1.6,11.4,0.6,156,25.8,3
北沖30,2026-08-09,03,1.7,11.6,0.1,27,25.7,3
北沖30,2026-08-09,06,1.9,12.2,1.0,66,25.6,3
北沖30,2026-08-09,09,1.8,11.8,2.3,70,25.7,3
北沖30,2026-08-09,12,1.8,11.6,3.1,80,26.2,0
北沖30,2026-08-09,15,1.8,11.2,3.6,73,26.6,2
北沖30,2026-08-09,18,1.9,11.2,3.8,57,26.2,3
北沖30,2026-08-09,21,1.9,10.8,4.3,43,25.7,3
大洗沖,2026-08-09,00,1.6,11.4,0.3,121,26.0,3
大洗沖,2026-08-09,03,1.7,11.6,0.4,50,25.9,3
大洗沖,2026-08-09,06,1.9,12.2,0.8,43,25.9,3
大洗沖,2026-08-09,09,1.8,11.8,2.1,62,26.0,3
大洗沖,2026-08-09,12,1.8,11.6,3.0,81,26.4,0
大洗沖,2026-08-09,15,1.8,11.2,3.6,73,26.8,3
大洗沖,2026-08-09,18,1.9,11.2,3.2,60,26.6,3
大洗沖,2026-08-09,21,1.9,10.8,3.6,44,26.2,3
青山沖,2026-08-09,00,1.6,11.4,0.6,156,24.9,3
青山沖,2026-08-09,03,1.7,11.5,0.1,27,24.8,3
青山沖,2026-08-09,06,2.0,12.2,1.0,66,24.8,3
青山沖,2026-08-09,09,1.8,11.8,2.3,70,25.0,3
青山沖,2026-08-09,12,1.8,11.6,3.1,80,25.6,0
青山沖,2026-08-09,15,1.8,11.2,3.6,73,26.1,2
青山沖,2026-08-09,18,1.9,11.3,3.8,57,25.8,3
青山沖,2026-08-09,21,1.9,10.8,4.3,43,25.4,3
日立沖,2026-08-09,00,1.7,11.3,0.4,249,25.2,2
日立沖,2026-08-09,03,1.8,11.4,0.1,315,25.1,3
日立沖,2026-08-09,06,2.1,11.9,1.8,24,25.1,3
日立沖,2026-08-09,09,1.9,11.7,2.2,78,25.2,3
日立沖,2026-08-09,12,1.9,11.4,2.8,87,25.8,1
日立沖,2026-08-09,15,1.8,11.1,3.0,65,26.3,51
日立沖,2026-08-09,18,2.0,11.3,3.6,49,26.0,3
日立沖,2026-08-09,21,1.9,10.8,4.5,37,25.6,3
銭洲沖,2026-08-10,00,2.6,10.6,4.0,20,29.2,3
銭洲沖,2026-08-10,03,2.7,10.7,5.1,6,29.1,3
銭洲沖,2026-08-10,06,2.8,10.6,6.5,24,29.0,3
銭洲沖,2026-08-10,09,2.8,10.2,7.3,34,28.9,3
銭洲沖,2026-08-10,12,2.8,9.8,6.7,30,29.0,3
銭洲沖,2026-08-10,15,2.7,9.4,8.0,31,29.0,0
銭洲沖,2026-08-10,18,2.7,9.2,6.7,32,29.0,0
銭洲沖,2026-08-10,21,2.8,9.2,8.1,46,28.9,0
イナンバ,2026-08-10,00,2.3,10.3,4.8,33,29.4,1
イナンバ,2026-08-10,03,2.5,10.3,8.0,32,29.3,3
イナンバ,2026-08-10,06,2.7,10.2,7.9,27,29.3,3
イナンバ,2026-08-10,09,2.8,9.9,8.7,38,29.3,1
イナンバ,2026-08-10,12,2.8,9.6,7.8,45,29.4,0
イナンバ,2026-08-10,15,2.7,9.2,8.4,49,29.4,1
イナンバ,2026-08-10,18,2.7,8.9,8.1,48,29.3,0
イナンバ,2026-08-10,21,2.8,8.8,8.9,45,29.2,0
石花海,2026-08-10,00,2.0,10.3,1.4,49,28.6,2
石花海,2026-08-10,03,2.0,10.4,4.3,39,28.4,51
石花海,2026-08-10,06,2.1,10.3,6.9,60,28.3,2
石花海,2026-08-10,09,2.1,9.8,7.2,57,28.2,0
石花海,2026-08-10,12,2.1,9.6,4.9,77,28.5,0
石花海,2026-08-10,15,2.0,9.5,5.4,83,28.7,1
石花海,2026-08-10,18,1.9,9.2,5.8,96,28.6,0
石花海,2026-08-10,21,2.0,9.2,4.5,88,28.5,0
神津島,2026-08-10,00,1.9,10.2,4.1,37,29.1,1
神津島,2026-08-10,03,2.0,9.9,7.9,37,28.9,3
神津島,2026-08-10,06,2.1,9.8,8.1,36,28.8,3
神津島,2026-08-10,09,2.1,9.6,7.4,47,28.8,0
神津島,2026-08-10,12,2.1,9.3,6.0,46,29.0,1
神津島,2026-08-10,15,2.1,9.1,7.4,64,29.1,1
神津島,2026-08-10,18,2.1,8.8,7.3,68,29.1,0
神津島,2026-08-10,21,2.1,8.7,7.5,52,29.0,51
金洲沖,2026-08-10,00,1.8,10.2,1.9,54,29.2,3
金洲沖,2026-08-10,03,1.8,10.0,8.4,50,29.1,3
金洲沖,2026-08-10,06,2.0,9.8,8.2,45,29.0,2
金洲沖,2026-08-10,09,2.0,9.8,7.1,50,29.0,0
金洲沖,2026-08-10,12,1.9,9.7,4.9,67,29.2,1
金洲沖,2026-08-10,15,1.9,9.4,4.5,67,29.5,2
金洲沖,2026-08-10,18,1.8,9.2,5.3,88,29.3,0
金洲沖,2026-08-10,21,1.9,9.1,6.0,89,29.1,51
新島沖,2026-08-10,00,1.8,9.9,5.0,45,27.8,1
新島沖,2026-08-10,03,1.9,9.8,7.9,35,27.7,3
新島沖,2026-08-10,06,2.1,9.8,8.5,33,27.6,2
新島沖,2026-08-10,09,2.2,9.6,7.4,48,27.6,0
新島沖,2026-08-10,12,2.2,9.2,6.0,45,27.9,1
新島沖,2026-08-10,15,2.2,8.8,8.1,63,28.3,1
新島沖,2026-08-10,18,2.1,8.6,7.8,69,28.5,0
新島沖,2026-08-10,21,2.2,8.6,7.2,53,28.6,51
金州,2026-08-10,00,1.8,9.9,4.9,51,27.7,2
金州,2026-08-10,03,1.9,9.8,7.3,37,27.6,3
金州,2026-08-10,06,2.0,9.9,8.1,31,27.5,1
金州,2026-08-10,09,2.1,9.9,7.0,44,27.5,0
金州,2026-08-10,12,2.1,9.6,4.9,41,27.8,0
金州,2026-08-10,15,2.1,9.2,7.5,65,28.0,0
金州,2026-08-10,18,2.1,8.8,6.9,71,27.9,0
金州,2026-08-10,21,2.1,8.8,6.1,58,27.9,53
白河沖,2026-08-10,00,1.9,10.0,0.8,35,28.2,2
白河沖,2026-08-10,03,1.9,10.2,2.8,52,28.1,3
白河沖,2026-08-10,06,2.0,10.3,1.6,44,28.1,2
白河沖,2026-08-10,09,2.0,10.2,0.3,98,28.2,0
白河沖,2026-08-10,12,1.9,9.9,4.0,200,28.6,1
白河沖,2026-08-10,15,1.8,9.7,3.9,145,29.0,51
白河沖,2026-08-10,18,1.8,9.4,2.2,138,28.8,1
白河沖,2026-08-10,21,1.8,9.4,1.9,83,28.5,51
御前崎沖,2026-08-10,00,1.9,9.9,0.8,35,28.2,2
御前崎沖,2026-08-10,03,1.9,10.2,2.8,52,28.1,3
御前崎沖,2026-08-10,06,2.0,10.3,1.6,44,28.1,2
御前崎沖,2026-08-10,09,2.0,10.2,0.3,98,28.2,0
御前崎沖,2026-08-10,12,1.9,9.9,4.0,200,28.7,1
御前崎沖,2026-08-10,15,1.8,9.7,3.9,145,29.0,51
御前崎沖,2026-08-10,18,1.8,9.4,2.2,138,28.9,1
御前崎沖,2026-08-10,21,1.8,9.4,1.9,83,28.6,51
八方便,2026-08-10,00,1.9,10.0,0.8,35,28.2,2
八方便,2026-08-10,03,1.9,10.2,2.8,52,28.1,3
八方便,2026-08-10,06,2.0,10.3,1.6,44,28.1,2
八方便,2026-08-10,09,2.0,10.2,0.3,98,28.2,0
八方便,2026-08-10,12,1.9,9.9,4.0,200,28.6,1
八方便,2026-08-10,15,1.8,9.7,3.9,145,29.0,51
八方便,2026-08-10,18,1.8,9.4,2.2,138,28.8,1
八方便,2026-08-10,21,1.8,9.4,1.9,83,28.5,51
神子元沖,2026-08-10,00,1.8,10.2,2.3,61,28.6,3
神子元沖,2026-08-10,03,1.9,10.3,3.1,46,28.5,3
神子元沖,2026-08-10,06,2.0,10.4,2.2,37,28.4,0
神子元沖,2026-08-10,09,2.0,10.3,2.2,63,28.3,2
神子元沖,2026-08-10,12,2.0,10.1,2.2,129,28.5,51
神子元沖,2026-08-10,15,1.9,9.8,2.9,84,28.8,53
神子元沖,2026-08-10,18,1.9,9.4,0.5,139,28.8,51
神子元沖,2026-08-10,21,1.9,9.3,1.2,60,28.8,1
大東沖,2026-08-10,00,1.8,9.8,0.3,82,28.6,2
大東沖,2026-08-10,03,1.7,10.0,1.7,69,28.5,3
大東沖,2026-08-10,06,1.8,10.2,1.4,49,28.5,2
大東沖,2026-08-10,09,1.7,10.1,1.1,219,28.5,2
大東沖,2026-08-10,12,1.6,9.8,4.4,210,28.7,51
大東沖,2026-08-10,15,1.6,9.6,2.6,202,28.9,53
大東沖,2026-08-10,18,1.6,9.3,1.2,127,28.8,51
大東沖,2026-08-10,21,1.6,9.2,1.6,31,28.7,51
石廊崎沖,2026-08-10,00,1.8,10.2,1.2,95,28.5,51
石廊崎沖,2026-08-10,03,1.8,10.3,0.7,58,28.4,3
石廊崎沖,2026-08-10,06,1.8,10.4,0.7,300,28.5,0
石廊崎沖,2026-08-10,09,1.9,10.3,2.1,265,28.6,51
石廊崎沖,2026-08-10,12,1.8,10.1,3.0,216,29.1,53
石廊崎沖,2026-08-10,15,1.8,9.8,1.9,107,29.5,53
石廊崎沖,2026-08-10,18,1.7,9.5,1.0,51,29.3,51
石廊崎沖,2026-08-10,21,1.7,9.4,0.9,10,29.0,3
福田沖,2026-08-10,00,1.7,9.8,0.1,360,28.5,51
福田沖,2026-08-10,03,1.7,9.9,1.8,66,28.4,3
福田沖,2026-08-10,06,1.8,10.1,1.2,63,28.4,1
福田沖,2026-08-10,09,1.7,10.1,1.4,178,28.5,2
福田沖,2026-08-10,12,1.6,9.7,4.3,193,28.6,51
福田沖,2026-08-10,15,1.6,9.6,2.4,179,28.8,51
福田沖,2026-08-10,18,1.6,9.3,1.2,128,28.7,51
福田沖,2026-08-10,21,1.6,9.2,1.0,53,28.6,51
浜岡沖,2026-08-10,00,1.8,9.8,0.8,35,28.7,2
浜岡沖,2026-08-10,03,1.7,10.1,2.8,52,28.6,3
浜岡沖,2026-08-10,06,1.8,10.2,1.6,44,28.6,2
浜岡沖,2026-08-10,09,1.8,10.1,0.3,98,28.6,0
浜岡沖,2026-08-10,12,1.6,9.8,4.0,200,28.9,1
浜岡沖,2026-08-10,15,1.6,9.6,3.9,145,29.1,51
浜岡沖,2026-08-10,18,1.6,9.3,2.2,138,29.0,1
浜岡沖,2026-08-10,21,1.6,9.3,1.9,83,28.8,51
下田南沖,2026-08-10,00,1.8,10.2,2.3,61,28.6,3
下田南沖,2026-08-10,03,1.9,10.3,3.1,46,28.5,3
下田南沖,2026-08-10,06,2.0,10.4,2.2,37,28.4,0
下田南沖,2026-08-10,09,2.0,10.3,2.2,63,28.3,2
下田南沖,2026-08-10,12,2.0,10.1,2.2,129,28.5,51
下田南沖,2026-08-10,15,1.9,9.8,2.9,84,28.8,53
下田南沖,2026-08-10,18,1.9,9.4,0.5,139,28.8,51
下田南沖,2026-08-10,21,1.9,9.3,1.2,60,28.8,1
下田沖,2026-08-10,00,1.8,10.2,2.3,61,28.6,3
下田沖,2026-08-10,03,1.9,10.3,3.1,46,28.5,3
下田沖,2026-08-10,06,2.0,10.4,2.2,37,28.4,0
下田沖,2026-08-10,09,2.0,10.3,2.2,63,28.3,2
下田沖,2026-08-10,12,2.0,10.1,2.2,129,28.5,51
下田沖,2026-08-10,15,1.9,9.8,2.9,84,28.8,53
下田沖,2026-08-10,18,1.9,9.4,0.5,139,28.8,51
下田沖,2026-08-10,21,1.9,9.3,1.2,60,28.8,1
相良沖,2026-08-10,00,1.8,9.8,0.8,35,28.5,2
相良沖,2026-08-10,03,1.7,10.1,2.8,52,28.4,3
相良沖,2026-08-10,06,1.8,10.2,1.6,44,28.3,2
相良沖,2026-08-10,09,1.8,10.1,0.3,98,28.4,0
相良沖,2026-08-10,12,1.7,9.8,4.0,200,28.8,1
相良沖,2026-08-10,15,1.7,9.6,3.9,145,29.1,51
相良沖,2026-08-10,18,1.6,9.3,2.2,138,29.0,1
相良沖,2026-08-10,21,1.6,9.3,1.9,83,28.7,51
天竜沖,2026-08-10,00,1.3,8.9,0.3,45,28.5,51
天竜沖,2026-08-10,03,1.3,9.1,1.1,60,28.4,3
天竜沖,2026-08-10,06,1.3,9.2,0.6,38,28.4,1
天竜沖,2026-08-10,09,1.3,9.2,0.9,158,28.5,1
天竜沖,2026-08-10,12,1.2,8.9,3.4,192,28.6,51
天竜沖,2026-08-10,15,1.2,8.8,1.0,107,28.8,61
天竜沖,2026-08-10,18,1.1,8.6,1.2,160,28.7,51
天竜沖,2026-08-10,21,1.2,8.8,1.0,78,28.6,51
波勝崎沖,2026-08-10,00,1.5,10.2,2.3,61,28.7,3
波勝崎沖,2026-08-10,03,1.5,10.3,3.1,46,28.7,3
波勝崎沖,2026-08-10,06,1.6,10.4,2.2,37,28.8,0
波勝崎沖,2026-08-10,09,1.6,10.4,2.2,63,28.9,2
波勝崎沖,2026-08-10,12,1.5,10.1,2.2,129,29.3,51
波勝崎沖,2026-08-10,15,1.4,9.8,2.9,84,29.6,53
波勝崎沖,2026-08-10,18,1.4,9.7,0.5,139,29.4,51
波勝崎沖,2026-08-10,21,1.4,9.7,1.2,60,29.0,1
藤守前,2026-08-10,00,1.2,9.2,1.3,50,28.7,2
藤守前,2026-08-10,03,1.2,9.4,1.0,33,28.6,3
藤守前,2026-08-10,06,1.3,9.6,1.9,35,28.6,2
藤守前,2026-08-10,09,1.2,9.5,0.4,196,28.7,0
藤守前,2026-08-10,12,1.1,9.2,3.9,197,29.1,61
藤守前,2026-08-10,15,1.1,9.1,2.2,153,29.3,53
藤守前,2026-08-10,18,1.1,8.8,1.5,158,29.1,51
藤守前,2026-08-10,21,1.1,8.9,1.1,3,28.8,53
吉田沖,2026-08-10,00,1.2,9.2,1.3,50,28.7,2
吉田沖,2026-08-10,03,1.2,9.4,1.0,33,28.6,3
吉田沖,2026-08-10,06,1.3,9.6,1.9,35,28.6,2
吉田沖,2026-08-10,09,1.2,9.5,0.4,196,28.7,0
吉田沖,2026-08-10,12,1.1,9.2,3.9,197,29.1,61
吉田沖,2026-08-10,15,1.1,9.1,2.2,153,29.3,53
吉田沖,2026-08-10,18,1.1,8.8,1.5,158,29.1,51
吉田沖,2026-08-10,21,1.1,8.9,1.1,3,28.8,53
千貫門沖,2026-08-10,00,1.5,10.2,1.2,95,28.9,51
千貫門沖,2026-08-10,03,1.5,10.3,0.7,58,28.9,3
千貫門沖,2026-08-10,06,1.6,10.4,0.7,300,28.8,0
千貫門沖,2026-08-10,09,1.6,10.4,2.1,265,28.9,51
千貫門沖,2026-08-10,12,1.5,10.1,3.0,216,29.2,53
千貫門沖,2026-08-10,15,1.4,9.8,1.9,107,29.5,53
千貫門沖,2026-08-10,18,1.4,9.7,1.0,51,29.3,51
千貫門沖,2026-08-10,21,1.4,9.7,0.9,10,29.0,3
豊浜沖,2026-08-10,00,1.4,10.1,1.2,95,28.6,51
豊浜沖,2026-08-10,03,1.4,10.2,0.7,58,28.6,3
豊浜沖,2026-08-10,06,1.5,10.4,0.7,300,28.6,0
豊浜沖,2026-08-10,09,1.4,10.3,2.1,265,28.7,51
豊浜沖,2026-08-10,12,1.3,10.0,3.0,216,29.1,53
豊浜沖,2026-08-10,15,1.3,9.8,1.9,107,29.3,53
豊浜沖,2026-08-10,18,1.2,9.7,1.0,51,29.0,51
豊浜沖,2026-08-10,21,1.3,9.7,0.9,10,28.6,3
松崎沖,2026-08-10,00,1.5,10.2,1.2,95,28.9,51
松崎沖,2026-08-10,03,1.5,10.3,0.7,58,28.9,3
松崎沖,2026-08-10,06,1.6,10.4,0.7,300,28.8,0
松崎沖,2026-08-10,09,1.6,10.4,2.1,265,28.9,51
松崎沖,2026-08-10,12,1.5,10.1,3.0,216,29.2,53
松崎沖,2026-08-10,15,1.4,9.8,1.9,107,29.5,53
松崎沖,2026-08-10,18,1.4,9.7,1.0,51,29.3,51
松崎沖,2026-08-10,21,1.4,9.7,0.9,10,29.0,3
西伊豆沖,2026-08-10,00,1.4,10.1,1.2,62,28.9,51
西伊豆沖,2026-08-10,03,1.4,10.2,0.9,66,28.9,3
西伊豆沖,2026-08-10,06,1.5,10.4,1.0,55,28.8,1
西伊豆沖,2026-08-10,09,1.4,10.3,1.7,297,28.9,1
西伊豆沖,2026-08-10,12,1.3,10.0,2.9,234,29.2,51
西伊豆沖,2026-08-10,15,1.3,9.8,0.6,325,29.5,61
西伊豆沖,2026-08-10,18,1.2,9.7,0.8,357,29.3,53
西伊豆沖,2026-08-10,21,1.3,9.7,0.5,41,29.0,3
大井川沖,2026-08-10,00,1.2,9.6,1.2,29,28.7,3
大井川沖,2026-08-10,03,1.2,9.7,1.5,26,28.6,3
大井川沖,2026-08-10,06,1.3,9.9,1.9,29,28.6,1
大井川沖,2026-08-10,09,1.2,9.8,0.9,204,28.7,0
大井川沖,2026-08-10,12,1.2,9.5,4.0,179,29.0,51
大井川沖,2026-08-10,15,1.2,9.3,3.1,167,29.2,51
大井川沖,2026-08-10,18,1.1,9.0,1.5,182,29.1,53
大井川沖,2026-08-10,21,1.1,9.2,2.4,345,28.8,61
中瀬海岸,2026-08-10,00,1.2,9.6,1.2,29,28.7,3
中瀬海岸,2026-08-10,03,1.2,9.7,1.5,26,28.6,3
中瀬海岸,2026-08-10,06,1.3,9.9,1.9,29,28.6,1
中瀬海岸,2026-08-10,09,1.2,9.8,0.9,204,28.7,0
中瀬海岸,2026-08-10,12,1.2,9.5,4.0,179,29.0,51
中瀬海岸,2026-08-10,15,1.2,9.3,3.1,167,29.2,51
中瀬海岸,2026-08-10,18,1.1,9.0,1.5,182,29.1,53
中瀬海岸,2026-08-10,21,1.1,9.2,2.4,345,28.8,61
大井川港,2026-08-10,00,1.2,9.6,0.6,355,28.7,3
大井川港,2026-08-10,03,1.2,9.7,1.5,9,28.6,3
大井川港,2026-08-10,06,1.3,9.9,1.5,15,28.6,0
大井川港,2026-08-10,09,1.2,9.8,1.2,210,28.7,0
大井川港,2026-08-10,12,1.2,9.5,3.9,168,29.0,2
大井川港,2026-08-10,15,1.2,9.3,3.7,184,29.2,51
大井川港,2026-08-10,18,1.1,9.0,1.1,238,29.1,51
大井川港,2026-08-10,21,1.1,9.2,2.9,337,28.8,55
駿河湾,2026-08-10,00,1.3,10.1,1.4,72,28.7,3
駿河湾,2026-08-10,03,1.3,10.2,2.5,100,28.6,2
駿河湾,2026-08-10,06,1.4,10.4,2.1,85,28.5,0
駿河湾,2026-08-10,09,1.3,10.3,1.2,19,28.6,1
駿河湾,2026-08-10,12,1.2,10.1,1.7,247,29.0,51
駿河湾,2026-08-10,15,1.2,9.8,2.0,10,29.3,55
駿河湾,2026-08-10,18,1.1,9.7,1.3,326,29.1,51
駿河湾,2026-08-10,21,1.1,9.7,1.5,82,28.7,3
洲崎沖,2026-08-10,00,1.6,9.9,4.2,18,28.4,3
洲崎沖,2026-08-10,03,1.6,10.2,3.8,6,28.3,3
洲崎沖,2026-08-10,06,1.7,10.3,4.4,22,28.2,0
洲崎沖,2026-08-10,09,1.8,10.1,5.0,24,28.2,1
洲崎沖,2026-08-10,12,1.8,9.8,4.2,53,28.5,53
洲崎沖,2026-08-10,15,1.7,9.3,5.5,64,28.7,51
洲崎沖,2026-08-10,18,1.7,8.9,3.6,43,28.6,0
洲崎沖,2026-08-10,21,1.6,8.8,4.7,40,28.4,0
沖ノ瀬,2026-08-10,00,1.6,9.9,6.8,42,28.6,51
沖ノ瀬,2026-08-10,03,1.6,10.1,5.8,25,28.4,3
沖ノ瀬,2026-08-10,06,1.6,10.3,6.4,30,28.3,0
沖ノ瀬,2026-08-10,09,1.7,10.2,6.1,33,28.4,0
沖ノ瀬,2026-08-10,12,1.7,10.0,5.7,35,28.6,0
沖ノ瀬,2026-08-10,15,1.6,9.6,2.7,73,28.8,0
沖ノ瀬,2026-08-10,18,1.5,9.1,6.1,44,28.7,0
沖ノ瀬,2026-08-10,21,1.5,8.8,6.1,56,28.5,1
平砂浦沖,2026-08-10,00,1.7,10.0,4.2,18,28.3,3
平砂浦沖,2026-08-10,03,1.8,10.2,3.8,6,28.2,3
平砂浦沖,2026-08-10,06,1.9,10.2,4.4,22,28.1,0
平砂浦沖,2026-08-10,09,2.0,9.9,5.0,24,28.2,1
平砂浦沖,2026-08-10,12,2.0,9.6,4.2,53,28.3,53
平砂浦沖,2026-08-10,15,2.0,8.9,5.5,64,28.4,51
平砂浦沖,2026-08-10,18,1.9,8.7,3.6,43,28.3,0
平砂浦沖,2026-08-10,21,1.9,8.6,4.7,40,28.3,0
館山沖,2026-08-10,00,1.6,9.9,4.2,18,28.5,3
館山沖,2026-08-10,03,1.7,10.2,3.8,6,28.4,3
館山沖,2026-08-10,06,1.8,10.2,4.4,22,28.3,0
館山沖,2026-08-10,09,1.8,10.0,5.0,24,28.3,1
館山沖,2026-08-10,12,1.8,9.7,4.2,53,28.4,53
館山沖,2026-08-10,15,1.8,9.1,5.5,64,28.6,51
館山沖,2026-08-10,18,1.8,8.8,3.6,43,28.5,0
館山沖,2026-08-10,21,1.7,8.7,4.7,40,28.3,0
久能沖,2026-08-10,00,1.2,9.7,0.9,338,28.8,3
久能沖,2026-08-10,03,1.2,9.8,1.6,360,28.6,3
久能沖,2026-08-10,06,1.2,10.0,0.9,336,28.6,0
久能沖,2026-08-10,09,1.2,9.9,1.1,153,28.7,1
久能沖,2026-08-10,12,1.1,9.7,3.3,155,29.0,55
久能沖,2026-08-10,15,1.0,9.4,2.9,145,29.2,61
久能沖,2026-08-10,18,1.0,9.2,1.5,240,29.1,51
久能沖,2026-08-10,21,1.0,9.2,0.7,356,28.8,51
富浦沖,2026-08-10,00,1.6,9.9,4.2,18,28.3,3
富浦沖,2026-08-10,03,1.6,10.1,3.8,6,28.2,3
富浦沖,2026-08-10,06,1.7,10.3,4.4,22,28.1,0
富浦沖,2026-08-10,09,1.8,10.1,5.0,24,28.2,1
富浦沖,2026-08-10,12,1.7,9.8,4.2,53,28.5,53
富浦沖,2026-08-10,15,1.7,9.4,5.5,64,28.7,51
富浦沖,2026-08-10,18,1.6,9.0,3.6,43,28.7,0
富浦沖,2026-08-10,21,1.6,8.8,4.7,40,28.5,0
折戸沖,2026-08-10,00,1.2,9.7,0.9,338,28.8,3
折戸沖,2026-08-10,03,1.2,9.8,1.6,360,28.6,3
折戸沖,2026-08-10,06,1.2,10.0,0.9,336,28.6,0
折戸沖,2026-08-10,09,1.2,9.9,1.1,153,28.7,1
折戸沖,2026-08-10,12,1.1,9.7,3.3,155,29.0,55
折戸沖,2026-08-10,15,1.0,9.4,2.9,145,29.2,61
折戸沖,2026-08-10,18,1.0,9.2,1.5,240,29.1,51
折戸沖,2026-08-10,21,1.0,9.2,0.7,356,28.8,51
貯木場,2026-08-10,00,1.2,9.9,0.9,338,28.8,3
貯木場,2026-08-10,03,1.2,10.1,1.6,360,28.6,3
貯木場,2026-08-10,06,1.2,10.3,0.9,336,28.6,0
貯木場,2026-08-10,09,1.2,10.2,1.1,153,28.7,1
貯木場,2026-08-10,12,1.1,10.1,3.3,155,29.0,55
貯木場,2026-08-10,15,1.0,9.7,2.9,145,29.2,61
貯木場,2026-08-10,18,1.0,9.5,1.5,240,29.1,51
貯木場,2026-08-10,21,1.0,9.5,0.7,356,28.8,51
折戸,2026-08-10,00,1.2,9.9,0.9,338,28.9,3
折戸,2026-08-10,03,1.2,10.1,1.6,360,28.7,3
折戸,2026-08-10,06,1.2,10.3,0.9,336,28.6,0
折戸,2026-08-10,09,1.2,10.2,1.1,153,28.7,1
折戸,2026-08-10,12,1.1,10.1,3.3,155,29.0,55
折戸,2026-08-10,15,1.0,9.7,2.9,145,29.3,61
折戸,2026-08-10,18,1.0,9.5,1.5,240,29.1,51
折戸,2026-08-10,21,1.0,9.5,0.7,356,28.9,51
清水沖,2026-08-10,00,1.2,9.9,0.9,338,28.9,3
清水沖,2026-08-10,03,1.2,10.1,1.6,360,28.7,3
清水沖,2026-08-10,06,1.2,10.3,0.9,336,28.6,0
清水沖,2026-08-10,09,1.2,10.2,1.1,153,28.7,1
清水沖,2026-08-10,12,1.1,10.1,3.3,155,29.0,55
清水沖,2026-08-10,15,1.0,9.7,2.9,145,29.3,61
清水沖,2026-08-10,18,1.0,9.5,1.5,240,29.1,51
清水沖,2026-08-10,21,1.0,9.5,0.7,356,28.9,51
岩井富浦沖,2026-08-10,00,1.2,9.5,4.2,18,28.4,3
岩井富浦沖,2026-08-10,03,1.2,9.7,3.8,6,28.2,3
岩井富浦沖,2026-08-10,06,1.2,9.8,4.4,22,28.1,0
岩井富浦沖,2026-08-10,09,1.2,9.7,5.0,24,28.2,1
岩井富浦沖,2026-08-10,12,1.2,9.5,4.2,53,28.5,53
岩井富浦沖,2026-08-10,15,1.1,9.2,5.5,64,28.8,51
岩井富浦沖,2026-08-10,18,1.1,8.9,3.6,43,28.7,0
岩井富浦沖,2026-08-10,21,1.1,8.8,4.7,40,28.5,0
北防,2026-08-10,00,1.2,9.9,0.9,338,28.8,3
北防,2026-08-10,03,1.2,10.1,1.6,360,28.6,3
北防,2026-08-10,06,1.2,10.3,0.9,336,28.6,0
北防,2026-08-10,09,1.2,10.2,1.1,153,28.7,1
北防,2026-08-10,12,1.1,10.1,3.3,155,29.0,55
北防,2026-08-10,15,1.0,9.7,2.9,145,29.2,61
北防,2026-08-10,18,1.0,9.5,1.5,240,29.1,51
北防,2026-08-10,21,1.0,9.5,0.7,356,28.8,51
一文字堤,2026-08-10,00,1.2,9.9,0.9,338,28.9,3
一文字堤,2026-08-10,03,1.2,10.1,1.6,360,28.7,3
一文字堤,2026-08-10,06,1.2,10.3,0.9,336,28.6,0
一文字堤,2026-08-10,09,1.2,10.2,1.1,153,28.7,1
一文字堤,2026-08-10,12,1.1,10.1,3.3,155,29.0,55
一文字堤,2026-08-10,15,1.0,9.7,2.9,145,29.3,61
一文字堤,2026-08-10,18,1.0,9.5,1.5,240,29.1,51
一文字堤,2026-08-10,21,1.0,9.5,0.7,356,28.9,51
西浦沖,2026-08-10,00,1.0,9.9,1.5,109,28.7,3
西浦沖,2026-08-10,03,1.1,10.1,2.1,121,28.7,1
西浦沖,2026-08-10,06,1.1,10.2,1.9,123,28.6,0
西浦沖,2026-08-10,09,1.1,10.2,0.8,67,28.7,3
西浦沖,2026-08-10,12,1.0,10.0,0.3,262,29.1,51
西浦沖,2026-08-10,15,1.0,9.8,1.4,49,29.4,53
西浦沖,2026-08-10,18,0.9,9.7,1.4,318,29.2,53
西浦沖,2026-08-10,21,1.0,9.9,0.7,86,28.9,51
高新田前,2026-08-10,00,1.2,9.9,0.9,338,28.9,3
高新田前,2026-08-10,03,1.2,10.1,1.6,360,28.7,3
高新田前,2026-08-10,06,1.2,10.3,0.9,336,28.6,0
高新田前,2026-08-10,09,1.2,10.2,1.1,153,28.7,1
高新田前,2026-08-10,12,1.1,10.1,3.3,155,29.0,55
高新田前,2026-08-10,15,1.0,9.7,2.9,145,29.3,61
高新田前,2026-08-10,18,1.0,9.5,1.5,240,29.1,51
高新田前,2026-08-10,21,1.0,9.5,0.7,356,28.9,51
三保沖,2026-08-10,00,1.2,9.9,1.3,334,28.3,3
三保沖,2026-08-10,03,1.2,10.1,0.4,344,28.2,2
三保沖,2026-08-10,06,1.2,10.3,0.5,326,28.2,0
三保沖,2026-08-10,09,1.2,10.2,1.6,133,28.3,0
三保沖,2026-08-10,12,1.1,10.1,2.8,131,28.6,51
三保沖,2026-08-10,15,1.0,9.7,3.3,122,28.9,61
三保沖,2026-08-10,18,1.0,9.5,0.6,231,28.7,1
三保沖,2026-08-10,21,1.0,9.5,0.5,90,28.4,51
三保取入口,2026-08-10,00,1.2,9.9,1.3,334,28.3,3
三保取入口,2026-08-10,03,1.2,10.1,0.4,344,28.2,2
三保取入口,2026-08-10,06,1.2,10.3,0.5,326,28.2,0
三保取入口,2026-08-10,09,1.2,10.2,1.6,133,28.3,0
三保取入口,2026-08-10,12,1.1,10.1,2.8,131,28.6,51
三保取入口,2026-08-10,15,1.0,9.7,3.3,122,28.9,61
三保取入口,2026-08-10,18,1.0,9.5,0.6,231,28.7,1
三保取入口,2026-08-10,21,1.0,9.5,0.5,90,28.4,51
静浦沖,2026-08-10,00,1.0,9.9,1.1,72,28.7,3
静浦沖,2026-08-10,03,1.1,10.1,1.6,101,28.7,0
静浦沖,2026-08-10,06,1.1,10.2,1.3,79,28.6,0
静浦沖,2026-08-10,09,1.1,10.2,0.6,256,28.7,2
静浦沖,2026-08-10,12,1.0,10.0,2.0,256,29.1,51
静浦沖,2026-08-10,15,1.0,9.8,1.0,113,29.4,53
静浦沖,2026-08-10,18,0.9,9.7,1.2,307,29.2,55
静浦沖,2026-08-10,21,1.0,9.9,0.9,65,28.9,51
網代沖,2026-08-10,00,,,1.6,105,27.9,3
網代沖,2026-08-10,03,,,1.3,110,27.8,1
網代沖,2026-08-10,06,,,1.4,160,27.8,0
網代沖,2026-08-10,09,,,1.6,86,27.9,1
網代沖,2026-08-10,12,,,2.5,95,28.4,51
網代沖,2026-08-10,15,,,1.1,63,28.7,51
網代沖,2026-08-10,18,,,0.6,80,28.5,51
網代沖,2026-08-10,21,,,1.2,75,28.1,51
網代南沖,2026-08-10,00,1.2,9.6,1.7,46,27.9,3
網代南沖,2026-08-10,03,1.1,9.7,1.4,56,27.8,0
網代南沖,2026-08-10,06,1.2,9.9,0.9,31,27.8,1
網代南沖,2026-08-10,09,1.2,10.1,1.3,83,27.9,2
網代南沖,2026-08-10,12,1.2,9.8,2.2,124,28.4,51
網代南沖,2026-08-10,15,1.1,9.5,0.1,360,28.7,51
網代南沖,2026-08-10,18,1.1,9.1,0.8,98,28.5,51
網代南沖,2026-08-10,21,1.1,8.6,2.0,62,28.1,51
岩井沖,2026-08-10,00,1.2,9.5,4.2,18,28.4,3
岩井沖,2026-08-10,03,1.2,9.7,3.8,6,28.2,3
岩井沖,2026-08-10,06,1.2,9.8,4.4,22,28.1,0
岩井沖,2026-08-10,09,1.2,9.7,5.0,24,28.2,1
岩井沖,2026-08-10,12,1.2,9.5,4.2,53,28.5,53
岩井沖,2026-08-10,15,1.1,9.2,5.5,64,28.8,51
岩井沖,2026-08-10,18,1.1,8.9,3.6,43,28.7,0
岩井沖,2026-08-10,21,1.1,8.8,4.7,40,28.5,0
沼津沖,2026-08-10,00,1.0,9.9,1.5,109,28.7,3
沼津沖,2026-08-10,03,1.1,10.1,2.1,121,28.7,1
沼津沖,2026-08-10,06,1.1,10.2,1.9,123,28.6,0
沼津沖,2026-08-10,09,1.1,10.2,0.8,67,28.7,3
沼津沖,2026-08-10,12,1.0,10.0,0.3,262,29.1,51
沼津沖,2026-08-10,15,1.0,9.8,1.4,49,29.4,53
沼津沖,2026-08-10,18,0.9,9.7,1.4,318,29.2,53
沼津沖,2026-08-10,21,1.0,9.9,0.7,86,28.9,51
相模湾,2026-08-10,00,1.3,9.7,5.6,33,28.4,51
相模湾,2026-08-10,03,1.2,9.7,6.2,23,28.3,2
相模湾,2026-08-10,06,1.3,10.0,5.9,24,28.2,0
相模湾,2026-08-10,09,1.3,10.1,4.3,16,28.2,1
相模湾,2026-08-10,12,1.3,9.9,3.1,90,28.6,1
相模湾,2026-08-10,15,1.2,9.6,4.5,58,29.0,1
相模湾,2026-08-10,18,1.2,9.1,3.8,61,28.8,3
相模湾,2026-08-10,21,1.2,8.6,7.2,58,28.5,3
太海沖航程1時間30分,2026-08-10,00,1.7,10.0,3.7,11,28.3,3
太海沖航程1時間30分,2026-08-10,03,1.8,10.2,3.2,4,28.2,3
太海沖航程1時間30分,2026-08-10,06,1.9,10.2,4.0,20,28.1,0
太海沖航程1時間30分,2026-08-10,09,2.0,9.9,4.8,28,28.2,1
太海沖航程1時間30分,2026-08-10,12,2.0,9.6,4.7,55,28.3,53
太海沖航程1時間30分,2026-08-10,15,2.0,8.9,5.1,59,28.4,51
太海沖航程1時間30分,2026-08-10,18,1.9,8.7,3.3,39,28.3,0
太海沖航程1時間30分,2026-08-10,21,1.9,8.6,4.7,39,28.2,0
木負沖,2026-08-10,00,1.0,9.9,1.1,72,28.7,3
木負沖,2026-08-10,03,1.1,10.1,1.6,101,28.7,0
木負沖,2026-08-10,06,1.1,10.2,1.3,79,28.6,0
木負沖,2026-08-10,09,1.1,10.2,0.6,256,28.7,2
木負沖,2026-08-10,12,1.0,10.0,2.0,256,29.1,51
木負沖,2026-08-10,15,1.0,9.8,1.0,113,29.4,53
木負沖,2026-08-10,18,0.9,9.7,1.2,307,29.2,55
木負沖,2026-08-10,21,1.0,9.9,0.9,65,28.9,51
木負湾内,2026-08-10,00,1.0,9.9,1.1,72,28.7,3
木負湾内,2026-08-10,03,1.1,10.1,1.6,101,28.7,0
木負湾内,2026-08-10,06,1.1,10.2,1.3,79,28.6,0
木負湾内,2026-08-10,09,1.1,10.2,0.6,256,28.7,2
木負湾内,2026-08-10,12,1.0,10.0,2.0,256,29.1,51
木負湾内,2026-08-10,15,1.0,9.8,1.0,113,29.4,53
木負湾内,2026-08-10,18,0.9,9.7,1.2,307,29.2,55
木負湾内,2026-08-10,21,1.0,9.9,0.9,65,28.9,51
カメギ根,2026-08-10,00,1.3,9.6,6.3,49,28.7,51
カメギ根,2026-08-10,03,1.3,9.6,5.1,21,28.6,2
カメギ根,2026-08-10,06,1.3,9.8,5.4,27,28.5,0
カメギ根,2026-08-10,09,1.3,9.8,6.2,33,28.5,1
カメギ根,2026-08-10,12,1.3,9.8,5.9,53,28.7,0
カメギ根,2026-08-10,15,1.2,9.5,5.6,58,28.9,0
カメギ根,2026-08-10,18,1.2,9.1,6.5,61,28.8,0
カメギ根,2026-08-10,21,1.2,8.7,6.6,55,28.6,1
保田沖,2026-08-10,00,1.3,9.6,3.8,18,28.5,51
保田沖,2026-08-10,03,1.3,9.6,3.5,11,28.4,3
保田沖,2026-08-10,06,1.3,9.8,4.4,26,28.3,0
保田沖,2026-08-10,09,1.3,9.7,5.1,18,28.3,1
保田沖,2026-08-10,12,1.3,9.7,4.4,28,28.5,51
保田沖,2026-08-10,15,1.2,9.4,4.7,52,28.8,51
保田沖,2026-08-10,18,1.1,9.0,3.1,41,28.7,0
保田沖,2026-08-10,21,1.2,8.8,4.5,41,28.5,0
大沢沖前後,2026-08-10,00,2.1,10.3,4.1,3,28.0,51
大沢沖前後,2026-08-10,03,2.2,10.4,3.7,4,27.9,3
大沢沖前後,2026-08-10,06,2.4,10.4,5.3,17,27.8,0
大沢沖前後,2026-08-10,09,2.5,10.2,5.6,27,27.8,1
大沢沖前後,2026-08-10,12,2.4,9.7,6.0,50,28.0,51
大沢沖前後,2026-08-10,15,2.4,9.2,6.0,48,28.1,0
大沢沖前後,2026-08-10,18,2.4,8.9,4.8,30,28.1,0
大沢沖前後,2026-08-10,21,2.4,8.8,5.6,34,28.0,0
勝浦沖航程1時間30分,2026-08-10,00,2.5,10.1,4.2,4,28.0,51
勝浦沖航程1時間30分,2026-08-10,03,2.7,10.0,4.2,7,28.0,3
勝浦沖航程1時間30分,2026-08-10,06,2.9,10.0,5.4,11,28.2,0
勝浦沖航程1時間30分,2026-08-10,09,2.9,9.8,6.0,24,28.5,0
勝浦沖航程1時間30分,2026-08-10,12,3.0,9.4,6.7,43,28.9,0
勝浦沖航程1時間30分,2026-08-10,15,3.0,9.0,6.1,41,29.2,0
勝浦沖航程1時間30分,2026-08-10,18,3.0,8.7,5.6,32,29.3,0
勝浦沖航程1時間30分,2026-08-10,21,3.0,8.6,5.8,27,29.2,1
由比沖,2026-08-10,00,0.9,9.7,0.1,27,28.6,3
由比沖,2026-08-10,03,0.9,9.8,0.4,315,28.5,1
由比沖,2026-08-10,06,1.0,10.1,0.7,54,28.4,0
由比沖,2026-08-10,09,1.0,10.1,1.8,199,28.5,1
由比沖,2026-08-10,12,0.9,9.9,1.0,200,28.9,51
由比沖,2026-08-10,15,0.8,9.7,1.7,187,29.2,55
由比沖,2026-08-10,18,0.8,9.5,0.1,360,29.0,51
由比沖,2026-08-10,21,0.8,9.7,0.7,110,28.7,51
由比港周辺,2026-08-10,00,0.9,9.7,0.1,27,28.6,3
由比港周辺,2026-08-10,03,0.9,9.8,0.4,315,28.5,1
由比港周辺,2026-08-10,06,1.0,10.1,0.7,54,28.4,0
由比港周辺,2026-08-10,09,1.0,10.1,1.8,199,28.5,1
由比港周辺,2026-08-10,12,0.9,9.9,1.0,200,28.9,51
由比港周辺,2026-08-10,15,0.8,9.7,1.7,187,29.2,55
由比港周辺,2026-08-10,18,0.8,9.5,0.1,360,29.0,51
由比港周辺,2026-08-10,21,0.8,9.7,0.7,110,28.7,51
岩船沖,2026-08-10,00,1.7,10.0,3.5,7,28.3,51
岩船沖,2026-08-10,03,1.8,10.2,3.0,1,28.2,3
岩船沖,2026-08-10,06,1.9,10.2,4.3,17,28.1,0
岩船沖,2026-08-10,09,2.0,9.9,5.0,29,28.2,1
岩船沖,2026-08-10,12,2.0,9.6,5.0,52,28.3,51
岩船沖,2026-08-10,15,2.0,8.9,5.1,53,28.4,0
岩船沖,2026-08-10,18,1.9,8.7,3.3,36,28.3,0
岩船沖,2026-08-10,21,1.9,8.6,4.8,38,28.2,0
小湊沖,2026-08-10,00,1.8,10.1,4.1,3,28.5,51
小湊沖,2026-08-10,03,1.9,10.2,3.7,4,28.3,3
小湊沖,2026-08-10,06,2.0,10.2,5.3,17,28.3,0
小湊沖,2026-08-10,09,2.0,9.9,5.6,27,28.2,1
小湊沖,2026-08-10,12,2.0,9.6,6.0,50,28.3,51
小湊沖,2026-08-10,15,2.0,9.1,6.0,48,28.3,0
小湊沖,2026-08-10,18,1.9,8.8,4.8,30,28.2,0
小湊沖,2026-08-10,21,1.9,8.7,5.6,34,28.1,0
太海沖,2026-08-10,00,1.0,9.5,3.8,18,28.4,51
太海沖,2026-08-10,03,1.0,9.7,3.5,11,28.3,3
太海沖,2026-08-10,06,1.0,9.7,4.4,26,28.2,0
太海沖,2026-08-10,09,1.0,9.6,5.1,18,28.2,1
太海沖,2026-08-10,12,1.0,9.5,4.4,28,28.5,51
太海沖,2026-08-10,15,0.9,9.3,4.7,52,28.8,51
太海沖,2026-08-10,18,0.9,9.1,3.1,41,28.6,0
太海沖,2026-08-10,21,0.8,8.8,4.5,41,28.4,0
鴨川沖前後,2026-08-10,00,1.5,9.8,4.1,3,28.4,51
鴨川沖前後,2026-08-10,03,1.5,9.9,3.7,4,28.3,3
鴨川沖前後,2026-08-10,06,1.6,10.1,5.3,17,28.2,0
鴨川沖前後,2026-08-10,09,1.7,9.7,5.6,27,28.2,1
鴨川沖前後,2026-08-10,12,1.7,9.3,6.0,50,28.3,51
鴨川沖前後,2026-08-10,15,1.6,8.9,6.0,48,28.4,0
鴨川沖前後,2026-08-10,18,1.6,8.6,4.8,30,28.4,0
鴨川沖前後,2026-08-10,21,1.5,8.4,5.6,34,28.3,0
岩和田沖,2026-08-10,00,2.3,10.2,4.2,4,28.7,51
岩和田沖,2026-08-10,03,2.4,10.2,4.2,7,28.5,3
岩和田沖,2026-08-10,06,2.6,10.2,5.4,11,28.3,0
岩和田沖,2026-08-10,09,2.7,9.9,6.0,24,28.1,0
岩和田沖,2026-08-10,12,2.7,9.6,6.7,43,28.1,0
岩和田沖,2026-08-10,15,2.6,9.2,6.1,41,28.1,0
岩和田沖,2026-08-10,18,2.6,8.9,5.6,32,28.1,0
岩和田沖,2026-08-10,21,2.6,8.7,5.8,27,28.0,1
城ヶ島西沖,2026-08-10,00,1.1,9.5,6.3,49,28.7,51
城ヶ島西沖,2026-08-10,03,1.1,9.6,5.1,21,28.5,2
城ヶ島西沖,2026-08-10,06,1.1,9.7,5.4,27,28.4,0
城ヶ島西沖,2026-08-10,09,1.1,9.7,6.2,33,28.5,1
城ヶ島西沖,2026-08-10,12,1.1,9.6,5.9,53,28.8,0
城ヶ島西沖,2026-08-10,15,1.0,9.3,5.6,58,29.0,0
城ヶ島西沖,2026-08-10,18,1.0,8.9,6.5,61,28.9,0
城ヶ島西沖,2026-08-10,21,1.0,8.3,6.6,55,28.7,1
城ヶ島沖,2026-08-10,00,1.1,9.4,7.8,35,28.7,51
城ヶ島沖,2026-08-10,03,1.1,9.6,6.2,20,28.6,3
城ヶ島沖,2026-08-10,06,1.1,9.6,6.8,27,28.5,0
城ヶ島沖,2026-08-10,09,1.1,9.6,7.0,28,28.5,0
城ヶ島沖,2026-08-10,12,1.1,9.5,5.8,25,28.7,0
城ヶ島沖,2026-08-10,15,1.0,9.3,5.8,49,29.0,0
城ヶ島沖,2026-08-10,18,1.0,8.9,5.8,47,28.9,0
城ヶ島沖,2026-08-10,21,1.0,8.5,6.8,46,28.7,1
大貫沖～富浦沖,2026-08-10,00,1.0,9.5,3.8,18,28.5,51
大貫沖～富浦沖,2026-08-10,03,1.0,9.7,3.5,11,28.4,3
大貫沖～富浦沖,2026-08-10,06,1.0,9.7,4.4,26,28.3,0
大貫沖～富浦沖,2026-08-10,09,1.0,9.6,5.1,18,28.3,1
大貫沖～富浦沖,2026-08-10,12,1.0,9.5,4.4,28,28.5,51
大貫沖～富浦沖,2026-08-10,15,0.9,9.3,4.7,52,28.8,51
大貫沖～富浦沖,2026-08-10,18,0.9,9.1,3.1,41,28.7,0
大貫沖～富浦沖,2026-08-10,21,0.8,8.8,4.5,41,28.5,0
御宿沖,2026-08-10,00,2.3,10.2,4.2,4,28.7,51
御宿沖,2026-08-10,03,2.4,10.2,4.2,7,28.5,3
御宿沖,2026-08-10,06,2.6,10.2,5.4,11,28.3,0
御宿沖,2026-08-10,09,2.7,9.9,6.0,24,28.1,0
御宿沖,2026-08-10,12,2.7,9.6,6.7,43,28.1,0
御宿沖,2026-08-10,15,2.6,9.2,6.1,41,28.1,0
御宿沖,2026-08-10,18,2.6,8.9,5.6,32,28.1,0
御宿沖,2026-08-10,21,2.6,8.7,5.8,27,28.0,1
興津港沖,2026-08-10,00,2.3,10.2,4.2,4,28.7,51
興津港沖,2026-08-10,03,2.4,10.2,4.2,7,28.5,3
興津港沖,2026-08-10,06,2.6,10.2,5.4,11,28.3,0
興津港沖,2026-08-10,09,2.7,9.9,6.0,24,28.1,0
興津港沖,2026-08-10,12,2.7,9.6,6.7,43,28.1,0
興津港沖,2026-08-10,15,2.6,9.2,6.1,41,28.1,0
興津港沖,2026-08-10,18,2.6,8.9,5.6,32,28.1,0
興津港沖,2026-08-10,21,2.6,8.7,5.8,27,28.0,1
烏帽子沖,2026-08-10,00,1.1,9.4,7.8,35,28.7,51
烏帽子沖,2026-08-10,03,1.1,9.6,6.2,20,28.6,3
烏帽子沖,2026-08-10,06,1.1,9.6,6.8,27,28.5,0
烏帽子沖,2026-08-10,09,1.1,9.6,7.0,28,28.5,0
烏帽子沖,2026-08-10,12,1.1,9.5,5.8,25,28.7,0
烏帽子沖,2026-08-10,15,1.0,9.3,5.8,49,29.0,0
烏帽子沖,2026-08-10,18,1.0,8.9,5.8,47,28.9,0
烏帽子沖,2026-08-10,21,1.0,8.5,6.8,46,28.7,1
諸磯沖,2026-08-10,00,1.1,9.4,7.8,35,28.7,51
諸磯沖,2026-08-10,03,1.1,9.6,6.2,20,28.6,3
諸磯沖,2026-08-10,06,1.1,9.6,6.8,27,28.5,0
諸磯沖,2026-08-10,09,1.1,9.6,7.0,28,28.5,0
諸磯沖,2026-08-10,12,1.1,9.5,5.8,25,28.7,0
諸磯沖,2026-08-10,15,1.0,9.3,5.8,49,29.0,0
諸磯沖,2026-08-10,18,1.0,8.9,5.8,47,28.9,0
諸磯沖,2026-08-10,21,1.0,8.5,6.8,46,28.7,1
剣崎沖,2026-08-10,00,1.1,9.4,7.8,35,28.7,51
剣崎沖,2026-08-10,03,1.1,9.6,6.2,20,28.6,3
剣崎沖,2026-08-10,06,1.1,9.6,6.8,27,28.5,0
剣崎沖,2026-08-10,09,1.1,9.6,7.0,28,28.5,0
剣崎沖,2026-08-10,12,1.1,9.5,5.8,25,28.7,0
剣崎沖,2026-08-10,15,1.0,9.3,5.8,49,29.0,0
剣崎沖,2026-08-10,18,1.0,8.9,5.8,47,28.9,0
剣崎沖,2026-08-10,21,1.0,8.5,6.8,46,28.7,1
勝浦灯台沖航程20分,2026-08-10,00,2.0,10.2,4.2,4,27.9,51
勝浦灯台沖航程20分,2026-08-10,03,2.2,10.3,4.2,7,27.7,3
勝浦灯台沖航程20分,2026-08-10,06,2.3,10.3,5.4,11,27.7,0
勝浦灯台沖航程20分,2026-08-10,09,2.4,10.1,6.0,24,27.7,0
勝浦灯台沖航程20分,2026-08-10,12,2.4,9.7,6.7,43,27.8,0
勝浦灯台沖航程20分,2026-08-10,15,2.3,9.2,6.1,41,27.9,0
勝浦灯台沖航程20分,2026-08-10,18,2.3,8.9,5.6,32,27.9,0
勝浦灯台沖航程20分,2026-08-10,21,2.2,8.8,5.8,27,27.9,1
勝浦沖航程30分,2026-08-10,00,2.3,10.2,4.2,4,28.7,51
勝浦沖航程30分,2026-08-10,03,2.4,10.2,4.2,7,28.5,3
勝浦沖航程30分,2026-08-10,06,2.6,10.2,5.4,11,28.3,0
勝浦沖航程30分,2026-08-10,09,2.7,9.9,6.0,24,28.1,0
勝浦沖航程30分,2026-08-10,12,2.7,9.6,6.7,43,28.1,0
勝浦沖航程30分,2026-08-10,15,2.6,9.2,6.1,41,28.1,0
勝浦沖航程30分,2026-08-10,18,2.6,8.9,5.6,32,28.1,0
勝浦沖航程30分,2026-08-10,21,2.6,8.7,5.8,27,28.0,1
田子の浦沖,2026-08-10,00,0.9,9.7,0.1,27,28.6,3
田子の浦沖,2026-08-10,03,0.9,9.8,0.4,315,28.5,1
田子の浦沖,2026-08-10,06,1.0,10.1,0.7,54,28.4,0
田子の浦沖,2026-08-10,09,1.0,10.1,1.8,199,28.5,1
田子の浦沖,2026-08-10,12,0.9,9.9,1.0,200,28.9,51
田子の浦沖,2026-08-10,15,0.8,9.7,1.7,187,29.2,55
田子の浦沖,2026-08-10,18,0.8,9.5,0.1,360,29.0,51
田子の浦沖,2026-08-10,21,0.8,9.7,0.7,110,28.7,51
富士川沖,2026-08-10,00,0.9,9.7,0.1,27,28.6,3
富士川沖,2026-08-10,03,0.9,9.8,0.4,315,28.4,1
富士川沖,2026-08-10,06,1.0,10.1,0.7,54,28.4,0
富士川沖,2026-08-10,09,1.0,10.1,1.8,199,28.5,1
富士川沖,2026-08-10,12,0.9,9.9,1.0,200,28.9,51
富士川沖,2026-08-10,15,0.8,9.7,1.7,187,29.2,55
富士川沖,2026-08-10,18,0.8,9.5,0.1,360,29.0,51
富士川沖,2026-08-10,21,0.8,9.7,0.7,110,28.6,51
かんねこ,2026-08-10,00,1.0,9.5,3.8,18,28.4,51
かんねこ,2026-08-10,03,1.0,9.7,3.5,11,28.3,3
かんねこ,2026-08-10,06,1.0,9.7,4.4,26,28.2,0
かんねこ,2026-08-10,09,1.0,9.6,5.1,18,28.2,1
かんねこ,2026-08-10,12,1.0,9.5,4.4,28,28.5,51
かんねこ,2026-08-10,15,0.9,9.3,4.7,52,28.8,51
かんねこ,2026-08-10,18,0.9,9.1,3.1,41,28.6,0
かんねこ,2026-08-10,21,0.8,8.8,4.5,41,28.4,0
海中公園沖,2026-08-10,00,2.3,10.2,4.2,4,28.7,51
海中公園沖,2026-08-10,03,2.4,10.2,4.2,7,28.5,3
海中公園沖,2026-08-10,06,2.6,10.2,5.4,11,28.3,0
海中公園沖,2026-08-10,09,2.7,9.9,6.0,24,28.1,0
海中公園沖,2026-08-10,12,2.7,9.6,6.7,43,28.1,0
海中公園沖,2026-08-10,15,2.6,9.2,6.1,41,28.1,0
海中公園沖,2026-08-10,18,2.6,8.9,5.6,32,28.1,0
海中公園沖,2026-08-10,21,2.6,8.7,5.8,27,28.0,1
真鶴西沖,2026-08-10,00,1.0,9.4,2.0,39,27.9,51
真鶴西沖,2026-08-10,03,1.0,9.4,1.3,34,27.8,0
真鶴西沖,2026-08-10,06,1.0,9.7,1.4,345,27.8,1
真鶴西沖,2026-08-10,09,1.0,9.9,1.3,86,27.9,2
真鶴西沖,2026-08-10,12,1.0,9.7,2.3,149,28.3,51
真鶴西沖,2026-08-10,15,0.9,9.4,0.9,216,28.7,51
真鶴西沖,2026-08-10,18,0.9,8.8,0.7,16,28.4,51
真鶴西沖,2026-08-10,21,0.9,8.1,2.5,54,28.1,3
真鶴沖,2026-08-10,00,1.0,9.4,2.0,39,27.9,51
真鶴沖,2026-08-10,03,1.0,9.4,1.3,34,27.8,0
真鶴沖,2026-08-10,06,1.0,9.7,1.4,345,27.8,1
真鶴沖,2026-08-10,09,1.0,9.9,1.3,86,27.9,2
真鶴沖,2026-08-10,12,1.0,9.7,2.3,149,28.3,51
真鶴沖,2026-08-10,15,0.9,9.4,0.9,216,28.7,51
真鶴沖,2026-08-10,18,0.9,8.8,0.7,16,28.4,51
真鶴沖,2026-08-10,21,0.9,8.1,2.5,54,28.1,3
勝浦灯台沖,2026-08-10,00,2.0,10.2,4.2,4,27.9,51
勝浦灯台沖,2026-08-10,03,2.2,10.3,4.2,7,27.7,3
勝浦灯台沖,2026-08-10,06,2.3,10.3,5.4,11,27.7,0
勝浦灯台沖,2026-08-10,09,2.4,10.1,6.0,24,27.7,0
勝浦灯台沖,2026-08-10,12,2.4,9.7,6.7,43,27.8,0
勝浦灯台沖,2026-08-10,15,2.3,9.2,6.1,41,27.9,0
勝浦灯台沖,2026-08-10,18,2.3,8.9,5.6,32,27.9,0
勝浦灯台沖,2026-08-10,21,2.2,8.8,5.8,27,27.9,1
勝浦沖,2026-08-10,00,2.0,10.2,4.2,4,27.9,51
勝浦沖,2026-08-10,03,2.2,10.3,4.2,7,27.7,3
勝浦沖,2026-08-10,06,2.3,10.3,5.4,11,27.7,0
勝浦沖,2026-08-10,09,2.4,10.1,6.0,24,27.7,0
勝浦沖,2026-08-10,12,2.4,9.7,6.7,43,27.8,0
勝浦沖,2026-08-10,15,2.3,9.2,6.1,41,27.9,0
勝浦沖,2026-08-10,18,2.3,8.9,5.6,32,27.9,0
勝浦沖,2026-08-10,21,2.2,8.8,5.8,27,27.9,1
富士山根,2026-08-10,00,1.0,9.4,4.6,41,28.5,53
富士山根,2026-08-10,03,0.9,9.5,3.6,15,28.5,2
富士山根,2026-08-10,06,0.9,9.8,4.2,25,28.5,0
富士山根,2026-08-10,09,0.9,9.6,5.1,31,28.5,1
富士山根,2026-08-10,12,0.9,9.6,5.1,43,28.9,0
富士山根,2026-08-10,15,0.9,9.4,5.6,53,29.3,0
富士山根,2026-08-10,18,0.8,9.0,4.9,48,29.1,0
富士山根,2026-08-10,21,0.8,8.6,5.0,45,28.7,1
川津沖,2026-08-10,00,2.1,9.8,4.3,5,28.7,51
川津沖,2026-08-10,03,2.2,9.9,4.3,3,28.5,3
川津沖,2026-08-10,06,2.3,10.0,5.2,4,28.3,1
川津沖,2026-08-10,09,2.4,9.7,5.9,22,28.1,0
川津沖,2026-08-10,12,2.4,9.3,6.6,45,28.1,0
川津沖,2026-08-10,15,2.4,8.9,6.2,42,28.1,0
川津沖,2026-08-10,18,2.4,8.7,5.6,30,28.1,0
川津沖,2026-08-10,21,2.3,8.5,5.6,25,28.0,1
下浦沖,2026-08-10,00,0.8,9.3,4.6,41,28.7,53
下浦沖,2026-08-10,03,0.8,9.5,3.6,15,28.5,2
下浦沖,2026-08-10,06,0.8,9.5,4.2,25,28.4,0
下浦沖,2026-08-10,09,0.8,9.2,5.1,31,28.4,1
下浦沖,2026-08-10,12,0.8,9.2,5.1,43,28.6,0
下浦沖,2026-08-10,15,0.7,9.0,5.6,53,28.8,0
下浦沖,2026-08-10,18,0.7,8.7,4.9,48,28.8,0
下浦沖,2026-08-10,21,0.7,8.3,5.0,45,28.6,1
興津沖,2026-08-10,00,2.1,9.8,4.3,5,28.7,51
興津沖,2026-08-10,03,2.2,9.9,4.3,3,28.5,3
興津沖,2026-08-10,06,2.3,10.0,5.2,4,28.3,1
興津沖,2026-08-10,09,2.4,9.7,5.9,22,28.1,0
興津沖,2026-08-10,12,2.4,9.3,6.6,45,28.1,0
興津沖,2026-08-10,15,2.4,8.9,6.2,42,28.1,0
興津沖,2026-08-10,18,2.4,8.7,5.6,30,28.1,0
興津沖,2026-08-10,21,2.3,8.5,5.6,25,28.0,1
長井西沖,2026-08-10,00,1.0,9.4,4.6,41,28.5,53
長井西沖,2026-08-10,03,0.9,9.5,3.6,15,28.5,2
長井西沖,2026-08-10,06,0.9,9.8,4.2,25,28.5,0
長井西沖,2026-08-10,09,0.9,9.6,5.1,31,28.5,1
長井西沖,2026-08-10,12,0.9,9.6,5.1,43,28.9,0
長井西沖,2026-08-10,15,0.9,9.4,5.6,53,29.3,0
長井西沖,2026-08-10,18,0.8,9.0,4.9,48,29.1,0
長井西沖,2026-08-10,21,0.8,8.6,5.0,45,28.7,1
長井沖,2026-08-10,00,0.9,9.2,4.6,41,28.6,53
長井沖,2026-08-10,03,0.9,9.4,3.6,15,28.5,2
長井沖,2026-08-10,06,0.9,9.6,4.2,25,28.4,0
長井沖,2026-08-10,09,0.9,9.3,5.1,31,28.4,1
長井沖,2026-08-10,12,0.8,9.3,5.1,43,28.7,0
長井沖,2026-08-10,15,0.8,9.1,5.6,53,29.0,0
長井沖,2026-08-10,18,0.7,8.7,4.9,48,28.9,0
長井沖,2026-08-10,21,0.7,8.3,5.0,45,28.7,1
三戸浜沖,2026-08-10,00,0.9,9.2,4.6,41,28.6,53
三戸浜沖,2026-08-10,03,0.9,9.4,3.6,15,28.5,2
三戸浜沖,2026-08-10,06,0.9,9.6,4.2,25,28.4,0
三戸浜沖,2026-08-10,09,0.9,9.3,5.1,31,28.4,1
三戸浜沖,2026-08-10,12,0.8,9.3,5.1,43,28.7,0
三戸浜沖,2026-08-10,15,0.8,9.1,5.6,53,29.0,0
三戸浜沖,2026-08-10,18,0.7,8.7,4.9,48,28.9,0
三戸浜沖,2026-08-10,21,0.7,8.3,5.0,45,28.7,1
金谷沖,2026-08-10,00,0.7,9.4,4.6,41,28.6,53
金谷沖,2026-08-10,03,0.7,9.7,3.6,15,28.4,2
金谷沖,2026-08-10,06,0.8,9.6,4.2,25,28.3,0
金谷沖,2026-08-10,09,0.8,9.2,5.1,31,28.3,1
金谷沖,2026-08-10,12,0.8,9.2,5.1,43,28.5,0
金谷沖,2026-08-10,15,0.7,9.0,5.6,53,28.8,0
金谷沖,2026-08-10,18,0.7,8.7,4.9,48,28.7,0
金谷沖,2026-08-10,21,0.6,8.4,5.0,45,28.5,1
佐島沖,2026-08-10,00,0.9,9.2,4.6,41,28.6,53
佐島沖,2026-08-10,03,0.9,9.4,3.6,15,28.5,2
佐島沖,2026-08-10,06,0.9,9.6,4.2,25,28.4,0
佐島沖,2026-08-10,09,0.9,9.3,5.1,31,28.4,1
佐島沖,2026-08-10,12,0.8,9.3,5.1,43,28.7,0
佐島沖,2026-08-10,15,0.8,9.1,5.6,53,29.0,0
佐島沖,2026-08-10,18,0.7,8.7,4.9,48,28.9,0
佐島沖,2026-08-10,21,0.7,8.3,5.0,45,28.7,1
小田原南沖,2026-08-10,00,0.9,9.2,2.0,39,28.0,51
小田原南沖,2026-08-10,03,0.8,9.3,1.3,34,27.9,0
小田原南沖,2026-08-10,06,0.8,9.6,1.4,345,27.8,1
小田原南沖,2026-08-10,09,0.8,9.8,1.3,86,27.9,2
小田原南沖,2026-08-10,12,0.8,9.7,2.3,149,28.3,51
小田原南沖,2026-08-10,15,0.8,9.3,0.9,216,28.6,51
小田原南沖,2026-08-10,18,0.8,8.9,0.7,16,28.4,51
小田原南沖,2026-08-10,21,0.7,8.2,2.5,54,28.1,3
瀬の海,2026-08-10,00,1.0,9.3,3.0,42,28.4,53
瀬の海,2026-08-10,03,0.9,9.4,2.6,15,28.3,1
瀬の海,2026-08-10,06,0.9,9.7,2.0,4,28.3,0
瀬の海,2026-08-10,09,0.9,9.8,3.6,23,28.3,3
瀬の海,2026-08-10,12,0.9,9.7,2.8,69,28.8,51
瀬の海,2026-08-10,15,0.8,9.4,2.7,64,29.2,53
瀬の海,2026-08-10,18,0.8,9.0,2.6,47,28.9,0
瀬の海,2026-08-10,21,0.8,8.3,3.5,46,28.5,3
秋谷沖,2026-08-10,00,1.0,9.4,4.6,41,28.5,53
秋谷沖,2026-08-10,03,0.9,9.5,3.6,15,28.5,2
秋谷沖,2026-08-10,06,0.9,9.8,4.2,25,28.5,0
秋谷沖,2026-08-10,09,0.9,9.6,5.1,31,28.5,1
秋谷沖,2026-08-10,12,0.9,9.6,5.1,43,28.9,0
秋谷沖,2026-08-10,15,0.9,9.4,5.6,53,29.3,0
秋谷沖,2026-08-10,18,0.8,9.0,4.9,48,29.1,0
秋谷沖,2026-08-10,21,0.8,8.6,5.0,45,28.7,1
竹岡沖,2026-08-10,00,0.7,9.4,3.5,30,28.6,53
竹岡沖,2026-08-10,03,0.7,9.7,4.0,20,28.4,2
竹岡沖,2026-08-10,06,0.8,9.6,4.3,34,28.3,0
竹岡沖,2026-08-10,09,0.8,9.2,4.8,29,28.3,0
竹岡沖,2026-08-10,12,0.8,9.2,5.5,35,28.5,0
竹岡沖,2026-08-10,15,0.7,9.0,5.7,51,28.8,0
竹岡沖,2026-08-10,18,0.7,8.7,4.6,45,28.7,0
竹岡沖,2026-08-10,21,0.6,8.4,5.4,49,28.5,1
部原沖,2026-08-10,00,2.0,10.2,4.2,4,27.9,51
部原沖,2026-08-10,03,2.2,10.3,4.2,7,27.7,3
部原沖,2026-08-10,06,2.3,10.3,5.4,11,27.7,0
部原沖,2026-08-10,09,2.4,10.1,6.0,24,27.7,0
部原沖,2026-08-10,12,2.4,9.7,6.7,43,27.8,0
部原沖,2026-08-10,15,2.3,9.2,6.1,41,27.9,0
部原沖,2026-08-10,18,2.3,8.9,5.6,32,27.9,0
部原沖,2026-08-10,21,2.2,8.8,5.8,27,27.9,1
小田原西沖,2026-08-10,00,0.9,9.2,2.0,39,28.0,51
小田原西沖,2026-08-10,03,0.8,9.3,1.3,34,27.9,0
小田原西沖,2026-08-10,06,0.8,9.6,1.4,345,27.8,1
小田原西沖,2026-08-10,09,0.8,9.8,1.3,86,27.9,2
小田原西沖,2026-08-10,12,0.8,9.7,2.3,149,28.3,51
小田原西沖,2026-08-10,15,0.8,9.3,0.9,216,28.6,51
小田原西沖,2026-08-10,18,0.8,8.9,0.7,16,28.4,51
小田原西沖,2026-08-10,21,0.7,8.2,2.5,54,28.1,3
小田原沖,2026-08-10,00,0.9,9.2,2.0,39,28.0,51
小田原沖,2026-08-10,03,0.8,9.3,1.3,34,27.9,0
小田原沖,2026-08-10,06,0.8,9.6,1.4,345,27.8,1
小田原沖,2026-08-10,09,0.8,9.8,1.3,86,27.9,2
小田原沖,2026-08-10,12,0.8,9.7,2.3,149,28.3,51
小田原沖,2026-08-10,15,0.8,9.3,0.9,216,28.6,51
小田原沖,2026-08-10,18,0.8,8.9,0.7,16,28.4,51
小田原沖,2026-08-10,21,0.7,8.2,2.5,54,28.1,3
小田原東沖,2026-08-10,00,0.9,9.2,2.0,39,28.0,51
小田原東沖,2026-08-10,03,0.8,9.3,1.3,34,27.9,0
小田原東沖,2026-08-10,06,0.8,9.6,1.4,345,27.8,1
小田原東沖,2026-08-10,09,0.8,9.8,1.3,86,27.9,2
小田原東沖,2026-08-10,12,0.8,9.7,2.3,149,28.3,51
小田原東沖,2026-08-10,15,0.8,9.3,0.9,216,28.6,51
小田原東沖,2026-08-10,18,0.8,8.9,0.7,16,28.4,51
小田原東沖,2026-08-10,21,0.7,8.2,2.5,54,28.1,3
久里浜沖,2026-08-10,00,0.8,9.3,4.6,41,28.7,53
久里浜沖,2026-08-10,03,0.8,9.5,3.6,15,28.5,2
久里浜沖,2026-08-10,06,0.8,9.5,4.2,25,28.4,0
久里浜沖,2026-08-10,09,0.8,9.2,5.1,31,28.4,1
久里浜沖,2026-08-10,12,0.8,9.2,5.1,43,28.6,0
久里浜沖,2026-08-10,15,0.7,9.0,5.6,53,28.8,0
久里浜沖,2026-08-10,18,0.7,8.7,4.9,48,28.8,0
久里浜沖,2026-08-10,21,0.7,8.3,5.0,45,28.6,1
国府津沖,2026-08-10,00,0.9,9.2,1.4,63,28.0,53
国府津沖,2026-08-10,03,0.8,9.3,0.9,19,27.9,0
国府津沖,2026-08-10,06,0.8,9.6,1.1,309,27.8,0
国府津沖,2026-08-10,09,0.8,9.8,2.2,47,27.9,3
国府津沖,2026-08-10,12,0.8,9.7,2.5,123,28.3,51
国府津沖,2026-08-10,15,0.8,9.3,1.1,135,28.6,53
国府津沖,2026-08-10,18,0.8,8.9,0.9,38,28.4,1
国府津沖,2026-08-10,21,0.7,8.2,2.7,46,28.1,3
葉山南沖,2026-08-10,00,0.8,9.3,4.6,41,29.1,53
葉山南沖,2026-08-10,03,0.7,9.4,3.6,15,29.1,2
葉山南沖,2026-08-10,06,0.7,9.8,4.2,25,29.0,0
葉山南沖,2026-08-10,09,0.7,9.8,5.1,31,29.0,1
葉山南沖,2026-08-10,12,0.7,9.8,5.1,43,29.4,0
葉山南沖,2026-08-10,15,0.7,9.3,5.6,53,29.8,0
葉山南沖,2026-08-10,18,0.6,9.1,4.9,48,29.6,0
葉山南沖,2026-08-10,21,0.6,8.8,5.0,45,29.2,1
エボシ沖,2026-08-10,00,0.8,9.3,4.6,41,29.1,53
エボシ沖,2026-08-10,03,0.7,9.4,3.6,15,29.1,2
エボシ沖,2026-08-10,06,0.7,9.8,4.2,25,29.0,0
エボシ沖,2026-08-10,09,0.7,9.8,5.1,31,29.0,1
エボシ沖,2026-08-10,12,0.7,9.8,5.1,43,29.4,0
エボシ沖,2026-08-10,15,0.7,9.3,5.6,53,29.8,0
エボシ沖,2026-08-10,18,0.6,9.1,4.9,48,29.6,0
エボシ沖,2026-08-10,21,0.6,8.8,5.0,45,29.2,1
観音崎沖ｍ,2026-08-10,00,0.5,9.0,4.6,41,28.3,53
観音崎沖ｍ,2026-08-10,03,0.5,9.2,3.6,15,28.1,2
観音崎沖ｍ,2026-08-10,06,0.5,9.2,4.2,25,28.0,0
観音崎沖ｍ,2026-08-10,09,0.6,8.4,5.1,31,28.0,1
観音崎沖ｍ,2026-08-10,12,0.6,8.3,5.1,43,28.3,0
観音崎沖ｍ,2026-08-10,15,0.5,7.8,5.6,53,28.6,0
観音崎沖ｍ,2026-08-10,18,0.5,7.4,4.9,48,28.5,0
観音崎沖ｍ,2026-08-10,21,0.5,7.2,5.0,45,28.3,1
浦賀沖,2026-08-10,00,0.5,9.0,4.6,41,28.3,53
浦賀沖,2026-08-10,03,0.5,9.2,3.6,15,28.1,2
浦賀沖,2026-08-10,06,0.5,9.2,4.2,25,28.0,0
浦賀沖,2026-08-10,09,0.6,8.4,5.1,31,28.0,1
浦賀沖,2026-08-10,12,0.6,8.3,5.1,43,28.3,0
浦賀沖,2026-08-10,15,0.5,7.8,5.6,53,28.6,0
浦賀沖,2026-08-10,18,0.5,7.4,4.9,48,28.5,0
浦賀沖,2026-08-10,21,0.5,7.2,5.0,45,28.3,1
鎌倉沖,2026-08-10,00,0.8,9.3,3.0,49,29.1,53
鎌倉沖,2026-08-10,03,0.7,9.4,2.6,7,29.1,2
鎌倉沖,2026-08-10,06,0.7,9.8,2.5,14,29.0,0
鎌倉沖,2026-08-10,09,0.7,9.8,3.9,20,29.0,1
鎌倉沖,2026-08-10,12,0.7,9.8,3.7,53,29.4,51
鎌倉沖,2026-08-10,15,0.7,9.3,3.9,59,29.8,51
鎌倉沖,2026-08-10,18,0.6,9.1,3.8,59,29.6,0
鎌倉沖,2026-08-10,21,0.6,8.8,3.5,52,29.2,3
葉山沖,2026-08-10,00,0.8,9.3,3.5,49,29.1,53
葉山沖,2026-08-10,03,0.7,9.4,2.8,4,29.1,1
葉山沖,2026-08-10,06,0.7,9.8,3.1,17,29.0,0
葉山沖,2026-08-10,09,0.7,9.8,4.2,33,29.0,51
葉山沖,2026-08-10,12,0.7,9.8,4.4,56,29.4,0
葉山沖,2026-08-10,15,0.7,9.3,5.1,55,29.8,0
葉山沖,2026-08-10,18,0.6,9.1,4.6,56,29.6,0
葉山沖,2026-08-10,21,0.6,8.8,4.2,50,29.2,1
大貫沖,2026-08-10,00,0.5,9.1,3.5,30,28.4,53
大貫沖,2026-08-10,03,0.5,9.3,4.0,20,28.2,2
大貫沖,2026-08-10,06,0.5,9.2,4.3,34,28.1,0
大貫沖,2026-08-10,09,0.6,8.2,4.8,29,28.1,0
大貫沖,2026-08-10,12,0.6,8.2,5.5,35,28.4,0
大貫沖,2026-08-10,15,0.5,7.8,5.7,51,28.7,0
大貫沖,2026-08-10,18,0.5,7.3,4.6,45,28.7,0
大貫沖,2026-08-10,21,0.5,7.1,5.4,49,28.5,1
大原沖,2026-08-10,00,2.0,9.9,4.3,5,28.3,51
大原沖,2026-08-10,03,2.1,10.1,4.3,3,28.1,3
大原沖,2026-08-10,06,2.2,10.1,5.2,4,28.0,1
大原沖,2026-08-10,09,2.3,9.8,5.9,22,28.0,0
大原沖,2026-08-10,12,2.3,9.3,6.6,45,28.1,0
大原沖,2026-08-10,15,2.3,8.9,6.2,42,28.1,0
大原沖,2026-08-10,18,2.3,8.7,5.6,30,28.0,0
大原沖,2026-08-10,21,2.3,8.4,5.6,25,27.9,1
江の島沖,2026-08-10,00,0.8,9.2,3.0,49,28.5,53
江の島沖,2026-08-10,03,0.8,9.3,2.6,7,28.4,2
江の島沖,2026-08-10,06,0.8,9.6,2.5,14,28.4,0
江の島沖,2026-08-10,09,0.8,9.8,3.9,20,28.5,1
江の島沖,2026-08-10,12,0.7,9.8,3.7,53,29.0,51
江の島沖,2026-08-10,15,0.7,9.5,3.9,59,29.4,51
江の島沖,2026-08-10,18,0.7,9.2,3.8,59,29.1,0
江の島沖,2026-08-10,21,0.6,8.8,3.5,52,28.6,3
小坪沖,2026-08-10,00,0.8,9.3,3.5,49,29.1,53
小坪沖,2026-08-10,03,0.7,9.4,2.8,4,29.1,1
小坪沖,2026-08-10,06,0.7,9.8,3.1,17,29.0,0
小坪沖,2026-08-10,09,0.7,9.8,4.2,33,29.0,51
小坪沖,2026-08-10,12,0.7,9.8,4.4,56,29.4,0
小坪沖,2026-08-10,15,0.7,9.3,5.1,55,29.8,0
小坪沖,2026-08-10,18,0.6,9.1,4.6,56,29.6,0
小坪沖,2026-08-10,21,0.6,8.8,4.2,50,29.2,1
横須賀沖,2026-08-10,00,0.5,9.0,4.6,41,28.3,53
横須賀沖,2026-08-10,03,0.5,9.2,3.6,15,28.1,2
横須賀沖,2026-08-10,06,0.5,9.2,4.2,25,28.0,0
横須賀沖,2026-08-10,09,0.6,8.4,5.1,31,28.0,1
横須賀沖,2026-08-10,12,0.6,8.3,5.1,43,28.3,0
横須賀沖,2026-08-10,15,0.5,7.8,5.6,53,28.6,0
横須賀沖,2026-08-10,18,0.5,7.4,4.9,48,28.5,0
横須賀沖,2026-08-10,21,0.5,7.2,5.0,45,28.3,1
観音崎沖～横須賀沖,2026-08-10,00,0.5,9.0,4.6,41,28.3,53
観音崎沖～横須賀沖,2026-08-10,03,0.5,9.2,3.6,15,28.1,2
観音崎沖～横須賀沖,2026-08-10,06,0.5,9.2,4.2,25,28.0,0
観音崎沖～横須賀沖,2026-08-10,09,0.6,8.4,5.1,31,28.0,1
観音崎沖～横須賀沖,2026-08-10,12,0.6,8.3,5.1,43,28.3,0
観音崎沖～横須賀沖,2026-08-10,15,0.5,7.8,5.6,53,28.6,0
観音崎沖～横須賀沖,2026-08-10,18,0.5,7.4,4.9,48,28.5,0
観音崎沖～横須賀沖,2026-08-10,21,0.5,7.2,5.0,45,28.3,1
観音崎沖,2026-08-10,00,0.5,9.0,4.6,41,28.3,53
観音崎沖,2026-08-10,03,0.5,9.2,3.6,15,28.1,2
観音崎沖,2026-08-10,06,0.5,9.2,4.2,25,28.0,0
観音崎沖,2026-08-10,09,0.6,8.4,5.1,31,28.0,1
観音崎沖,2026-08-10,12,0.6,8.3,5.1,43,28.3,0
観音崎沖,2026-08-10,15,0.5,7.8,5.6,53,28.6,0
観音崎沖,2026-08-10,18,0.5,7.4,4.9,48,28.5,0
観音崎沖,2026-08-10,21,0.5,7.2,5.0,45,28.3,1
富津南沖,2026-08-10,00,0.5,9.1,3.5,30,28.4,53
富津南沖,2026-08-10,03,0.5,9.3,4.0,20,28.2,2
富津南沖,2026-08-10,06,0.5,9.2,4.3,34,28.1,0
富津南沖,2026-08-10,09,0.6,8.2,4.8,29,28.1,0
富津南沖,2026-08-10,12,0.6,8.2,5.5,35,28.4,0
富津南沖,2026-08-10,15,0.5,7.8,5.7,51,28.7,0
富津南沖,2026-08-10,18,0.5,7.3,4.6,45,28.7,0
富津南沖,2026-08-10,21,0.5,7.1,5.4,49,28.5,1
大貫沖～猿島沖,2026-08-10,00,0.5,9.0,4.6,41,28.3,53
大貫沖～猿島沖,2026-08-10,03,0.5,9.2,3.6,15,28.1,2
大貫沖～猿島沖,2026-08-10,06,0.5,9.2,4.2,25,28.0,0
大貫沖～猿島沖,2026-08-10,09,0.6,8.4,5.1,31,28.0,1
大貫沖～猿島沖,2026-08-10,12,0.6,8.3,5.1,43,28.3,0
大貫沖～猿島沖,2026-08-10,15,0.5,7.8,5.6,53,28.6,0
大貫沖～猿島沖,2026-08-10,18,0.5,7.4,4.9,48,28.5,0
大貫沖～猿島沖,2026-08-10,21,0.5,7.2,5.0,45,28.3,1
二宮沖,2026-08-10,00,0.7,8.9,1.4,63,28.5,53
二宮沖,2026-08-10,03,0.7,8.9,0.9,19,28.4,0
二宮沖,2026-08-10,06,0.7,9.2,1.1,309,28.3,0
二宮沖,2026-08-10,09,0.7,9.4,2.2,47,28.3,3
二宮沖,2026-08-10,12,0.6,9.3,2.5,123,28.7,51
二宮沖,2026-08-10,15,0.6,9.2,1.1,135,29.0,53
二宮沖,2026-08-10,18,0.6,8.9,0.9,38,28.8,1
二宮沖,2026-08-10,21,0.6,8.4,2.7,46,28.4,3
小坪西沖,2026-08-10,00,0.8,9.3,3.0,49,29.1,53
小坪西沖,2026-08-10,03,0.7,9.4,2.6,7,29.1,2
小坪西沖,2026-08-10,06,0.7,9.8,2.5,14,29.0,0
小坪西沖,2026-08-10,09,0.7,9.8,3.9,20,29.0,1
小坪西沖,2026-08-10,12,0.7,9.8,3.7,53,29.4,51
小坪西沖,2026-08-10,15,0.7,9.3,3.9,59,29.8,51
小坪西沖,2026-08-10,18,0.6,9.1,3.8,59,29.6,0
小坪西沖,2026-08-10,21,0.6,8.8,3.5,52,29.2,3
大津沖,2026-08-10,00,0.6,9.2,4.6,41,28.3,53
大津沖,2026-08-10,03,0.6,9.4,3.6,15,28.1,2
大津沖,2026-08-10,06,0.6,9.6,4.2,25,28.0,0
大津沖,2026-08-10,09,0.6,9.2,5.1,31,28.0,1
大津沖,2026-08-10,12,0.6,9.2,5.1,43,28.3,0
大津沖,2026-08-10,15,0.6,8.5,5.6,53,28.6,0
大津沖,2026-08-10,18,0.5,8.2,4.9,48,28.5,0
大津沖,2026-08-10,21,0.5,8.0,5.0,45,28.3,1
木更津沖～竹岡沖,2026-08-10,00,0.5,9.1,3.5,30,28.5,53
木更津沖～竹岡沖,2026-08-10,03,0.5,9.3,4.0,20,28.4,2
木更津沖～竹岡沖,2026-08-10,06,0.5,9.2,4.3,34,28.4,0
木更津沖～竹岡沖,2026-08-10,09,0.6,8.2,4.8,29,28.4,0
木更津沖～竹岡沖,2026-08-10,12,0.6,8.2,5.5,35,28.6,0
木更津沖～竹岡沖,2026-08-10,15,0.5,7.8,5.7,51,28.8,0
木更津沖～竹岡沖,2026-08-10,18,0.5,7.3,4.6,45,28.7,0
木更津沖～竹岡沖,2026-08-10,21,0.5,7.1,5.4,49,28.6,1
平塚西沖,2026-08-10,00,0.7,8.9,1.4,63,28.5,53
平塚西沖,2026-08-10,03,0.7,8.9,0.9,19,28.4,0
平塚西沖,2026-08-10,06,0.7,9.2,1.1,309,28.3,0
平塚西沖,2026-08-10,09,0.7,9.4,2.2,47,28.3,3
平塚西沖,2026-08-10,12,0.6,9.3,2.5,123,28.7,51
平塚西沖,2026-08-10,15,0.6,9.2,1.1,135,29.0,53
平塚西沖,2026-08-10,18,0.6,8.9,0.9,38,28.8,1
平塚西沖,2026-08-10,21,0.6,8.4,2.7,46,28.4,3
大磯沖,2026-08-10,00,0.7,8.9,3.0,42,28.5,53
大磯沖,2026-08-10,03,0.7,8.9,2.6,15,28.4,1
大磯沖,2026-08-10,06,0.7,9.2,2.0,4,28.3,0
大磯沖,2026-08-10,09,0.7,9.4,3.6,23,28.3,3
大磯沖,2026-08-10,12,0.6,9.3,2.8,69,28.7,51
大磯沖,2026-08-10,15,0.6,9.2,2.7,64,29.0,53
大磯沖,2026-08-10,18,0.6,8.9,2.6,47,28.8,0
大磯沖,2026-08-10,21,0.6,8.4,3.5,46,28.4,3
平塚東沖,2026-08-10,00,0.8,9.2,3.0,42,28.6,53
平塚東沖,2026-08-10,03,0.8,9.2,2.6,15,28.5,1
平塚東沖,2026-08-10,06,0.7,9.4,2.0,4,28.4,0
平塚東沖,2026-08-10,09,0.7,9.6,3.6,23,28.4,3
平塚東沖,2026-08-10,12,0.7,9.6,2.8,69,28.9,51
平塚東沖,2026-08-10,15,0.7,9.4,2.7,64,29.3,53
平塚東沖,2026-08-10,18,0.6,9.1,2.6,47,29.0,0
平塚東沖,2026-08-10,21,0.6,8.7,3.5,46,28.6,3
茅ヶ崎西沖,2026-08-10,00,0.8,9.2,3.0,42,28.6,53
茅ヶ崎西沖,2026-08-10,03,0.8,9.2,2.6,15,28.5,1
茅ヶ崎西沖,2026-08-10,06,0.7,9.4,2.0,4,28.4,0
茅ヶ崎西沖,2026-08-10,09,0.7,9.6,3.6,23,28.4,3
茅ヶ崎西沖,2026-08-10,12,0.7,9.6,2.8,69,28.9,51
茅ヶ崎西沖,2026-08-10,15,0.7,9.4,2.7,64,29.3,53
茅ヶ崎西沖,2026-08-10,18,0.6,9.1,2.6,47,29.0,0
茅ヶ崎西沖,2026-08-10,21,0.6,8.7,3.5,46,28.6,3
大磯東沖,2026-08-10,00,0.8,9.2,3.0,42,28.6,53
大磯東沖,2026-08-10,03,0.8,9.2,2.6,15,28.5,1
大磯東沖,2026-08-10,06,0.7,9.4,2.0,4,28.4,0
大磯東沖,2026-08-10,09,0.7,9.6,3.6,23,28.4,3
大磯東沖,2026-08-10,12,0.7,9.6,2.8,69,28.9,51
大磯東沖,2026-08-10,15,0.7,9.4,2.7,64,29.3,53
大磯東沖,2026-08-10,18,0.6,9.1,2.6,47,29.0,0
大磯東沖,2026-08-10,21,0.6,8.7,3.5,46,28.6,3
茅ヶ崎沖,2026-08-10,00,0.8,9.2,3.0,42,28.6,53
茅ヶ崎沖,2026-08-10,03,0.8,9.2,2.6,15,28.5,1
茅ヶ崎沖,2026-08-10,06,0.7,9.4,2.0,4,28.4,0
茅ヶ崎沖,2026-08-10,09,0.7,9.6,3.6,23,28.4,3
茅ヶ崎沖,2026-08-10,12,0.7,9.6,2.8,69,28.9,51
茅ヶ崎沖,2026-08-10,15,0.7,9.4,2.7,64,29.3,53
茅ヶ崎沖,2026-08-10,18,0.6,9.1,2.6,47,29.0,0
茅ヶ崎沖,2026-08-10,21,0.6,8.7,3.5,46,28.6,3
茅ヶ崎東沖,2026-08-10,00,0.8,9.2,3.0,49,28.5,53
茅ヶ崎東沖,2026-08-10,03,0.8,9.3,2.6,7,28.4,2
茅ヶ崎東沖,2026-08-10,06,0.8,9.6,2.5,14,28.4,0
茅ヶ崎東沖,2026-08-10,09,0.8,9.8,3.9,20,28.5,1
茅ヶ崎東沖,2026-08-10,12,0.7,9.8,3.7,53,29.0,51
茅ヶ崎東沖,2026-08-10,15,0.7,9.5,3.9,59,29.4,51
茅ヶ崎東沖,2026-08-10,18,0.7,9.2,3.8,59,29.1,0
茅ヶ崎東沖,2026-08-10,21,0.6,8.8,3.5,52,28.6,3
猿島沖,2026-08-10,00,0.5,9.0,4.6,41,28.3,53
猿島沖,2026-08-10,03,0.5,9.2,3.6,15,28.1,2
猿島沖,2026-08-10,06,0.5,9.2,4.2,25,28.0,0
猿島沖,2026-08-10,09,0.6,8.4,5.1,31,28.0,1
猿島沖,2026-08-10,12,0.6,8.3,5.1,43,28.3,0
猿島沖,2026-08-10,15,0.5,7.8,5.6,53,28.6,0
猿島沖,2026-08-10,18,0.5,7.4,4.9,48,28.5,0
猿島沖,2026-08-10,21,0.5,7.2,5.0,45,28.3,1
走水沖,2026-08-10,00,0.5,9.1,3.5,30,28.4,53
走水沖,2026-08-10,03,0.5,9.3,4.0,20,28.2,2
走水沖,2026-08-10,06,0.5,9.2,4.3,34,28.1,0
走水沖,2026-08-10,09,0.6,8.2,4.8,29,28.1,0
走水沖,2026-08-10,12,0.6,8.2,5.5,35,28.4,0
走水沖,2026-08-10,15,0.5,7.8,5.7,51,28.7,0
走水沖,2026-08-10,18,0.5,7.3,4.6,45,28.7,0
走水沖,2026-08-10,21,0.5,7.1,5.4,49,28.5,1
海堡沖～竹岡沖,2026-08-10,00,0.5,9.1,3.5,30,28.4,53
海堡沖～竹岡沖,2026-08-10,03,0.5,9.3,4.0,20,28.2,2
海堡沖～竹岡沖,2026-08-10,06,0.5,9.2,4.3,34,28.1,0
海堡沖～竹岡沖,2026-08-10,09,0.6,8.2,4.8,29,28.1,0
海堡沖～竹岡沖,2026-08-10,12,0.6,8.2,5.5,35,28.4,0
海堡沖～竹岡沖,2026-08-10,15,0.5,7.8,5.7,51,28.7,0
海堡沖～竹岡沖,2026-08-10,18,0.5,7.3,4.6,45,28.7,0
海堡沖～竹岡沖,2026-08-10,21,0.5,7.1,5.4,49,28.5,1
太東沖,2026-08-10,00,2.0,9.9,3.3,360,26.9,51
太東沖,2026-08-10,03,2.1,10.1,3.8,359,26.7,3
太東沖,2026-08-10,06,2.2,10.1,4.9,7,26.6,0
太東沖,2026-08-10,09,2.3,9.8,5.8,26,26.5,1
太東沖,2026-08-10,12,2.3,9.3,6.7,50,26.5,0
太東沖,2026-08-10,15,2.3,8.9,6.4,47,26.6,0
太東沖,2026-08-10,18,2.3,8.7,5.5,35,26.5,0
太東沖,2026-08-10,21,2.3,8.4,5.5,27,26.4,1
海堡沖,2026-08-10,00,0.5,9.1,3.5,30,28.4,53
海堡沖,2026-08-10,03,0.5,9.3,4.0,20,28.2,2
海堡沖,2026-08-10,06,0.5,9.2,4.3,34,28.1,0
海堡沖,2026-08-10,09,0.6,8.2,4.8,29,28.1,0
海堡沖,2026-08-10,12,0.6,8.2,5.5,35,28.4,0
海堡沖,2026-08-10,15,0.5,7.8,5.7,51,28.7,0
海堡沖,2026-08-10,18,0.5,7.3,4.6,45,28.7,0
海堡沖,2026-08-10,21,0.5,7.1,5.4,49,28.5,1
富津沖,2026-08-10,00,0.5,9.1,3.5,30,28.4,53
富津沖,2026-08-10,03,0.5,9.3,4.0,20,28.2,2
富津沖,2026-08-10,06,0.5,9.2,4.3,34,28.1,0
富津沖,2026-08-10,09,0.6,8.2,4.8,29,28.1,0
富津沖,2026-08-10,12,0.6,8.2,5.5,35,28.4,0
富津沖,2026-08-10,15,0.5,7.8,5.7,51,28.7,0
富津沖,2026-08-10,18,0.5,7.3,4.6,45,28.7,0
富津沖,2026-08-10,21,0.5,7.1,5.4,49,28.5,1
港前,2026-08-10,00,0.6,9.2,3.5,49,29.1,53
港前,2026-08-10,03,0.6,9.4,2.8,4,29.1,1
港前,2026-08-10,06,0.6,9.6,3.1,17,29.0,0
港前,2026-08-10,09,0.6,9.2,4.2,33,29.0,51
港前,2026-08-10,12,0.6,9.2,4.4,56,29.4,0
港前,2026-08-10,15,0.6,8.5,5.1,55,29.8,0
港前,2026-08-10,18,0.5,8.2,4.6,56,29.6,0
港前,2026-08-10,21,0.5,8.0,4.2,50,29.2,1
鴨居沖,2026-08-10,00,0.6,9.2,3.5,49,28.1,53
鴨居沖,2026-08-10,03,0.6,9.4,2.8,4,27.9,1
鴨居沖,2026-08-10,06,0.6,9.6,3.1,17,27.8,0
鴨居沖,2026-08-10,09,0.6,9.2,4.2,33,27.9,51
鴨居沖,2026-08-10,12,0.6,9.2,4.4,56,28.2,0
鴨居沖,2026-08-10,15,0.6,8.5,5.1,55,28.4,0
鴨居沖,2026-08-10,18,0.5,8.2,4.6,56,28.3,0
鴨居沖,2026-08-10,21,0.5,8.0,4.2,50,28.1,1
木更津沖～富津沖,2026-08-10,00,0.4,8.8,3.5,30,28.1,53
木更津沖～富津沖,2026-08-10,03,0.4,8.9,4.0,20,28.1,2
木更津沖～富津沖,2026-08-10,06,0.4,8.8,4.3,34,28.0,0
木更津沖～富津沖,2026-08-10,09,0.4,7.2,4.8,29,28.0,0
木更津沖～富津沖,2026-08-10,12,0.4,7.2,5.5,35,28.3,0
木更津沖～富津沖,2026-08-10,15,0.4,6.4,5.7,51,28.5,0
木更津沖～富津沖,2026-08-10,18,0.4,5.9,4.6,45,28.4,0
木更津沖～富津沖,2026-08-10,21,0.4,5.5,5.4,49,28.2,1
横浜沖～観音崎沖,2026-08-10,00,0.5,9.0,4.6,41,28.1,53
横浜沖～観音崎沖,2026-08-10,03,0.5,9.2,3.6,15,27.9,2
横浜沖～観音崎沖,2026-08-10,06,0.5,9.2,4.2,25,27.8,0
横浜沖～観音崎沖,2026-08-10,09,0.6,8.4,5.1,31,27.9,1
横浜沖～観音崎沖,2026-08-10,12,0.6,8.3,5.1,43,28.2,0
横浜沖～観音崎沖,2026-08-10,15,0.5,7.8,5.6,53,28.4,0
横浜沖～観音崎沖,2026-08-10,18,0.5,7.4,4.9,48,28.3,0
横浜沖～観音崎沖,2026-08-10,21,0.5,7.2,5.0,45,28.1,1
中ノ瀬周り,2026-08-10,00,0.5,9.0,4.6,41,28.1,53
中ノ瀬周り,2026-08-10,03,0.5,9.2,3.6,15,27.9,2
中ノ瀬周り,2026-08-10,06,0.5,9.2,4.2,25,27.8,0
中ノ瀬周り,2026-08-10,09,0.6,8.4,5.1,31,27.9,1
中ノ瀬周り,2026-08-10,12,0.6,8.3,5.1,43,28.2,0
中ノ瀬周り,2026-08-10,15,0.5,7.8,5.6,53,28.4,0
中ノ瀬周り,2026-08-10,18,0.5,7.4,4.9,48,28.3,0
中ノ瀬周り,2026-08-10,21,0.5,7.2,5.0,45,28.1,1
鴨井沖,2026-08-10,00,2.1,10.0,7.8,16,26.7,51
鴨井沖,2026-08-10,03,2.2,10.1,7.6,7,26.6,3
鴨井沖,2026-08-10,06,2.3,10.2,8.9,4,26.5,1
鴨井沖,2026-08-10,09,2.4,9.8,8.4,18,26.4,0
鴨井沖,2026-08-10,12,2.4,9.4,9.7,39,26.5,0
鴨井沖,2026-08-10,15,2.5,8.9,10.0,41,26.5,0
鴨井沖,2026-08-10,18,2.5,8.6,9.5,28,26.4,0
鴨井沖,2026-08-10,21,2.5,8.4,11.3,30,26.3,1
富津沖～海堡,2026-08-10,00,0.4,8.8,3.5,30,28.1,53
富津沖～海堡,2026-08-10,03,0.4,8.9,4.0,20,27.9,2
富津沖～海堡,2026-08-10,06,0.4,8.8,4.3,34,27.8,0
富津沖～海堡,2026-08-10,09,0.4,7.2,4.8,29,27.8,0
富津沖～海堡,2026-08-10,12,0.4,7.2,5.5,35,28.2,0
富津沖～海堡,2026-08-10,15,0.4,6.4,5.7,51,28.5,0
富津沖～海堡,2026-08-10,18,0.4,5.9,4.6,45,28.3,0
富津沖～海堡,2026-08-10,21,0.4,5.5,5.4,49,28.1,1
富岡沖,2026-08-10,00,0.6,9.2,3.5,49,28.1,53
富岡沖,2026-08-10,03,0.6,9.4,2.8,4,27.9,1
富岡沖,2026-08-10,06,0.6,9.6,3.1,17,27.8,0
富岡沖,2026-08-10,09,0.6,9.2,4.2,33,27.9,51
富岡沖,2026-08-10,12,0.6,9.2,4.4,56,28.2,0
富岡沖,2026-08-10,15,0.6,8.5,5.1,55,28.4,0
富岡沖,2026-08-10,18,0.5,8.2,4.6,56,28.3,0
富岡沖,2026-08-10,21,0.5,8.0,4.2,50,28.1,1
小柴沖,2026-08-10,00,0.6,9.2,3.5,49,28.1,53
小柴沖,2026-08-10,03,0.6,9.4,2.8,4,27.9,1
小柴沖,2026-08-10,06,0.6,9.6,3.1,17,27.8,0
小柴沖,2026-08-10,09,0.6,9.2,4.2,33,27.9,51
小柴沖,2026-08-10,12,0.6,9.2,4.4,56,28.2,0
小柴沖,2026-08-10,15,0.6,8.5,5.1,55,28.4,0
小柴沖,2026-08-10,18,0.5,8.2,4.6,56,28.3,0
小柴沖,2026-08-10,21,0.5,8.0,4.2,50,28.1,1
木更津沖～富岡沖,2026-08-10,00,0.4,8.8,3.5,30,28.1,53
木更津沖～富岡沖,2026-08-10,03,0.4,8.9,4.0,20,27.9,2
木更津沖～富岡沖,2026-08-10,06,0.4,8.8,4.3,34,27.8,0
木更津沖～富岡沖,2026-08-10,09,0.4,7.2,4.8,29,27.9,0
木更津沖～富岡沖,2026-08-10,12,0.4,7.2,5.5,35,28.2,0
木更津沖～富岡沖,2026-08-10,15,0.4,6.4,5.7,51,28.4,0
木更津沖～富岡沖,2026-08-10,18,0.4,5.9,4.6,45,28.3,0
木更津沖～富岡沖,2026-08-10,21,0.4,5.5,5.4,49,28.1,1
八景沖,2026-08-10,00,0.6,9.2,3.5,49,28.1,53
八景沖,2026-08-10,03,0.6,9.4,2.8,4,27.9,1
八景沖,2026-08-10,06,0.6,9.6,3.1,17,27.8,0
八景沖,2026-08-10,09,0.6,9.2,4.2,33,27.9,51
八景沖,2026-08-10,12,0.6,9.2,4.4,56,28.2,0
八景沖,2026-08-10,15,0.6,8.5,5.1,55,28.4,0
八景沖,2026-08-10,18,0.5,8.2,4.6,56,28.3,0
八景沖,2026-08-10,21,0.5,8.0,4.2,50,28.1,1
長浦沖,2026-08-10,00,0.4,8.8,3.5,30,28.1,53
長浦沖,2026-08-10,03,0.4,8.9,4.0,20,28.1,2
長浦沖,2026-08-10,06,0.4,8.8,4.3,34,28.0,0
長浦沖,2026-08-10,09,0.4,7.2,4.8,29,28.0,0
長浦沖,2026-08-10,12,0.4,7.2,5.5,35,28.3,0
長浦沖,2026-08-10,15,0.4,6.4,5.7,51,28.5,0
長浦沖,2026-08-10,18,0.4,5.9,4.6,45,28.4,0
長浦沖,2026-08-10,21,0.4,5.5,5.4,49,28.2,1
木更津沖,2026-08-10,00,0.4,8.8,3.7,31,28.1,53
木更津沖,2026-08-10,03,0.4,8.9,4.4,18,28.1,1
木更津沖,2026-08-10,06,0.4,8.8,4.3,34,28.0,0
木更津沖,2026-08-10,09,0.4,7.2,4.9,30,28.0,0
木更津沖,2026-08-10,12,0.4,7.2,5.4,39,28.3,0
木更津沖,2026-08-10,15,0.4,6.4,5.7,55,28.5,0
木更津沖,2026-08-10,18,0.4,5.9,5.1,48,28.4,0
木更津沖,2026-08-10,21,0.4,5.5,6.3,48,28.2,1
一宮沖,2026-08-10,00,1.7,9.9,3.3,360,26.7,51
一宮沖,2026-08-10,03,1.8,10.2,3.8,359,26.6,3
一宮沖,2026-08-10,06,1.9,10.2,4.9,7,26.5,0
一宮沖,2026-08-10,09,2.0,9.8,5.8,26,26.4,1
一宮沖,2026-08-10,12,2.0,9.3,6.7,50,26.5,0
一宮沖,2026-08-10,15,2.0,8.8,6.4,47,26.5,0
一宮沖,2026-08-10,18,2.0,8.6,5.5,35,26.4,0
一宮沖,2026-08-10,21,2.0,8.3,5.5,27,26.3,1
横浜沖周り,2026-08-10,00,0.5,9.0,2.2,48,28.1,51
横浜沖周り,2026-08-10,03,0.5,9.2,2.0,354,27.9,3
横浜沖周り,2026-08-10,06,0.5,9.2,2.0,9,27.8,0
横浜沖周り,2026-08-10,09,0.6,8.4,3.0,36,27.9,0
横浜沖周り,2026-08-10,12,0.6,8.3,3.6,81,28.2,51
横浜沖周り,2026-08-10,15,0.5,7.8,4.5,69,28.4,0
横浜沖周り,2026-08-10,18,0.5,7.4,3.8,68,28.3,0
横浜沖周り,2026-08-10,21,0.5,7.2,3.6,59,28.1,2
本牧沖~富岡沖,2026-08-10,00,0.6,9.2,2.2,48,28.1,51
本牧沖~富岡沖,2026-08-10,03,0.6,9.4,2.0,354,27.9,3
本牧沖~富岡沖,2026-08-10,06,0.6,9.6,2.0,9,27.8,0
本牧沖~富岡沖,2026-08-10,09,0.6,9.2,3.0,36,27.9,0
本牧沖~富岡沖,2026-08-10,12,0.6,9.2,3.6,81,28.2,51
本牧沖~富岡沖,2026-08-10,15,0.6,8.5,4.5,69,28.4,0
本牧沖~富岡沖,2026-08-10,18,0.5,8.2,3.8,68,28.3,0
本牧沖~富岡沖,2026-08-10,21,0.5,8.0,3.6,59,28.1,2
木更津沖～本牧沖,2026-08-10,00,0.4,8.8,3.5,30,28.1,53
木更津沖～本牧沖,2026-08-10,03,0.4,8.9,4.0,20,27.9,2
木更津沖～本牧沖,2026-08-10,06,0.4,8.8,4.3,34,27.8,0
木更津沖～本牧沖,2026-08-10,09,0.4,7.2,4.8,29,27.8,0
木更津沖～本牧沖,2026-08-10,12,0.4,7.2,5.5,35,28.2,0
木更津沖～本牧沖,2026-08-10,15,0.4,6.4,5.7,51,28.5,0
木更津沖～本牧沖,2026-08-10,18,0.4,5.9,4.6,45,28.3,0
木更津沖～本牧沖,2026-08-10,21,0.4,5.5,5.4,49,28.1,1
海堡,2026-08-10,00,0.4,8.8,3.5,30,28.1,53
海堡,2026-08-10,03,0.4,8.9,4.0,20,27.9,2
海堡,2026-08-10,06,0.4,8.8,4.3,34,27.8,0
海堡,2026-08-10,09,0.4,7.2,4.8,29,27.8,0
海堡,2026-08-10,12,0.4,7.2,5.5,35,28.2,0
海堡,2026-08-10,15,0.4,6.4,5.7,51,28.5,0
海堡,2026-08-10,18,0.4,5.9,4.6,45,28.3,0
海堡,2026-08-10,21,0.4,5.5,5.4,49,28.1,1
木更津沖～横浜沖,2026-08-10,00,0.4,8.8,3.5,30,28.1,53
木更津沖～横浜沖,2026-08-10,03,0.4,8.9,4.0,20,27.9,2
木更津沖～横浜沖,2026-08-10,06,0.4,8.8,4.3,34,27.8,0
木更津沖～横浜沖,2026-08-10,09,0.4,7.2,4.8,29,27.8,0
木更津沖～横浜沖,2026-08-10,12,0.4,7.2,5.5,35,28.2,0
木更津沖～横浜沖,2026-08-10,15,0.4,6.4,5.7,51,28.5,0
木更津沖～横浜沖,2026-08-10,18,0.4,5.9,4.6,45,28.3,0
木更津沖～横浜沖,2026-08-10,21,0.4,5.5,5.4,49,28.1,1
中ノ瀬,2026-08-10,00,0.4,8.8,3.5,30,28.1,53
中ノ瀬,2026-08-10,03,0.4,8.9,4.0,20,27.9,2
中ノ瀬,2026-08-10,06,0.4,8.8,4.3,34,27.8,0
中ノ瀬,2026-08-10,09,0.4,7.2,4.8,29,27.8,0
中ノ瀬,2026-08-10,12,0.4,7.2,5.5,35,28.2,0
中ノ瀬,2026-08-10,15,0.4,6.4,5.7,51,28.5,0
中ノ瀬,2026-08-10,18,0.4,5.9,4.6,45,28.3,0
中ノ瀬,2026-08-10,21,0.4,5.5,5.4,49,28.1,1
本牧沖,2026-08-10,00,0.5,9.0,2.2,48,28.1,51
本牧沖,2026-08-10,03,0.5,9.2,2.0,354,27.9,3
本牧沖,2026-08-10,06,0.5,9.2,2.0,9,27.8,0
本牧沖,2026-08-10,09,0.6,8.4,3.0,36,27.9,0
本牧沖,2026-08-10,12,0.6,8.3,3.6,81,28.2,51
本牧沖,2026-08-10,15,0.5,7.8,4.5,69,28.4,0
本牧沖,2026-08-10,18,0.5,7.4,3.8,68,28.3,0
本牧沖,2026-08-10,21,0.5,7.2,3.6,59,28.1,2
横浜沖,2026-08-10,00,0.6,9.2,2.2,48,28.2,51
横浜沖,2026-08-10,03,0.6,9.4,2.0,354,28.0,3
横浜沖,2026-08-10,06,0.6,9.6,2.0,9,27.9,0
横浜沖,2026-08-10,09,0.6,9.2,3.0,36,28.0,0
横浜沖,2026-08-10,12,0.6,9.2,3.6,81,28.2,51
横浜沖,2026-08-10,15,0.6,8.5,4.5,69,28.5,0
横浜沖,2026-08-10,18,0.5,8.2,3.8,68,28.4,0
横浜沖,2026-08-10,21,0.5,8.0,3.6,59,28.2,2
根岸沖,2026-08-10,00,0.3,8.6,2.2,48,28.2,51
根岸沖,2026-08-10,03,0.3,8.7,2.0,354,28.0,3
根岸沖,2026-08-10,06,0.3,8.5,2.0,9,27.9,0
根岸沖,2026-08-10,09,0.4,6.7,3.0,36,28.0,0
根岸沖,2026-08-10,12,0.4,6.5,3.6,81,28.2,51
根岸沖,2026-08-10,15,0.4,5.7,4.5,69,28.5,0
根岸沖,2026-08-10,18,0.4,5.0,3.8,68,28.4,0
根岸沖,2026-08-10,21,0.4,4.7,3.6,59,28.2,2
片貝沖,2026-08-10,00,2.0,9.8,7.9,19,26.4,51
片貝沖,2026-08-10,03,2.2,9.9,7.5,8,26.3,3
片貝沖,2026-08-10,06,2.3,9.9,9.2,7,26.2,1
片貝沖,2026-08-10,09,2.4,9.6,8.7,20,26.2,0
片貝沖,2026-08-10,12,2.4,9.2,9.9,38,26.3,0
片貝沖,2026-08-10,15,2.5,8.7,10.2,41,26.3,0
片貝沖,2026-08-10,18,2.5,8.3,9.8,29,26.2,0
片貝沖,2026-08-10,21,2.7,8.1,12.3,32,26.1,0
木更津沖～川崎沖,2026-08-10,00,0.3,8.6,3.7,31,27.9,53
木更津沖～川崎沖,2026-08-10,03,0.3,8.7,4.4,18,27.7,1
木更津沖～川崎沖,2026-08-10,06,0.3,8.5,4.3,34,27.6,0
木更津沖～川崎沖,2026-08-10,09,0.4,6.7,4.9,30,27.7,0
木更津沖～川崎沖,2026-08-10,12,0.4,6.5,5.4,39,28.0,0
木更津沖～川崎沖,2026-08-10,15,0.4,5.7,5.7,55,28.2,0
木更津沖～川崎沖,2026-08-10,18,0.4,5.0,5.1,48,28.1,0
木更津沖～川崎沖,2026-08-10,21,0.4,4.7,6.3,48,27.8,1
盤洲沖,2026-08-10,00,0.3,8.8,3.7,31,27.8,53
盤洲沖,2026-08-10,03,0.3,8.9,4.4,18,27.7,1
盤洲沖,2026-08-10,06,0.3,8.4,4.3,34,27.7,0
盤洲沖,2026-08-10,09,0.4,6.9,4.9,30,27.7,0
盤洲沖,2026-08-10,12,0.4,6.7,5.4,39,27.9,0
盤洲沖,2026-08-10,15,0.4,6.0,5.7,55,28.1,0
盤洲沖,2026-08-10,18,0.4,5.3,5.1,48,27.9,0
盤洲沖,2026-08-10,21,0.4,4.8,6.3,48,27.5,1
大根,2026-08-10,00,2.0,9.8,7.5,21,26.4,3
大根,2026-08-10,03,2.2,9.9,7.3,10,26.3,3
大根,2026-08-10,06,2.3,9.9,8.9,8,26.2,51
大根,2026-08-10,09,2.4,9.6,8.8,20,26.2,0
大根,2026-08-10,12,2.4,9.2,9.8,36,26.3,0
大根,2026-08-10,15,2.5,8.7,9.8,40,26.3,0
大根,2026-08-10,18,2.5,8.3,9.9,28,26.2,0
大根,2026-08-10,21,2.7,8.1,12.5,32,26.1,0
川崎沖～横浜沖,2026-08-10,00,0.3,8.6,2.0,34,28.2,51
川崎沖～横浜沖,2026-08-10,03,0.3,8.7,2.1,357,28.0,2
川崎沖～横浜沖,2026-08-10,06,0.3,8.5,2.2,13,27.9,0
川崎沖～横浜沖,2026-08-10,09,0.4,6.7,3.1,34,28.0,1
川崎沖～横浜沖,2026-08-10,12,0.4,6.5,3.6,73,28.2,51
川崎沖～横浜沖,2026-08-10,15,0.4,5.7,4.4,66,28.5,51
川崎沖～横浜沖,2026-08-10,18,0.4,5.0,3.8,62,28.4,0
川崎沖～横浜沖,2026-08-10,21,0.4,4.7,3.8,57,28.2,51
川崎沖~本牧沖,2026-08-10,00,0.3,8.6,2.0,34,28.2,51
川崎沖~本牧沖,2026-08-10,03,0.3,8.7,2.1,357,28.0,2
川崎沖~本牧沖,2026-08-10,06,0.3,8.5,2.2,13,27.9,0
川崎沖~本牧沖,2026-08-10,09,0.4,6.7,3.1,34,28.0,1
川崎沖~本牧沖,2026-08-10,12,0.4,6.5,3.6,73,28.2,51
川崎沖~本牧沖,2026-08-10,15,0.4,5.7,4.4,66,28.5,51
川崎沖~本牧沖,2026-08-10,18,0.4,5.0,3.8,62,28.4,0
川崎沖~本牧沖,2026-08-10,21,0.4,4.7,3.8,57,28.2,51
川崎沖,2026-08-10,00,0.3,8.6,2.0,34,28.3,51
川崎沖,2026-08-10,03,0.3,8.7,2.1,357,28.2,2
川崎沖,2026-08-10,06,0.3,8.5,2.2,13,28.1,0
川崎沖,2026-08-10,09,0.4,6.7,3.1,34,28.2,1
川崎沖,2026-08-10,12,0.4,6.5,3.6,73,28.4,51
川崎沖,2026-08-10,15,0.4,5.7,4.4,66,28.7,51
川崎沖,2026-08-10,18,0.4,5.0,3.8,62,28.6,0
川崎沖,2026-08-10,21,0.4,4.7,3.8,57,28.4,51
五井沖,2026-08-10,00,0.1,8.7,2.7,23,28.3,53
五井沖,2026-08-10,03,0.1,8.8,2.6,11,28.2,1
五井沖,2026-08-10,06,0.1,8.7,3.1,27,28.1,0
五井沖,2026-08-10,09,0.2,6.0,4.5,27,28.1,1
五井沖,2026-08-10,12,0.3,4.2,5.3,47,28.3,51
五井沖,2026-08-10,15,0.3,3.8,4.8,55,28.4,0
五井沖,2026-08-10,18,0.3,3.7,3.9,47,28.1,0
五井沖,2026-08-10,21,0.3,3.5,4.2,38,27.8,3
鶴見沖,2026-08-10,00,0.3,8.6,2.0,34,28.3,51
鶴見沖,2026-08-10,03,0.3,8.7,2.1,357,28.2,2
鶴見沖,2026-08-10,06,0.3,8.5,2.2,13,28.1,0
鶴見沖,2026-08-10,09,0.4,6.7,3.1,34,28.2,1
鶴見沖,2026-08-10,12,0.4,6.5,3.6,73,28.4,51
鶴見沖,2026-08-10,15,0.4,5.7,4.4,66,28.7,51
鶴見沖,2026-08-10,18,0.4,5.0,3.8,62,28.6,0
鶴見沖,2026-08-10,21,0.4,4.7,3.8,57,28.4,51
木更津沖～浦安沖,2026-08-10,00,0.3,8.6,2.1,24,27.9,51
木更津沖～浦安沖,2026-08-10,03,0.3,8.7,1.9,354,27.8,2
木更津沖～浦安沖,2026-08-10,06,0.3,8.4,2.1,10,27.7,0
木更津沖～浦安沖,2026-08-10,09,0.3,6.3,3.2,30,27.8,51
木更津沖～浦安沖,2026-08-10,12,0.3,5.7,3.5,64,28.1,51
木更津沖～浦安沖,2026-08-10,15,0.3,5.0,4.1,62,28.3,53
木更津沖～浦安沖,2026-08-10,18,0.4,4.5,3.5,55,28.1,1
木更津沖～浦安沖,2026-08-10,21,0.4,4.0,3.8,58,27.8,51
羽田沖,2026-08-10,00,0.3,8.6,2.1,24,28.2,51
羽田沖,2026-08-10,03,0.3,8.7,1.9,354,28.0,2
羽田沖,2026-08-10,06,0.3,8.5,2.1,10,27.9,0
羽田沖,2026-08-10,09,0.4,6.7,3.2,30,27.9,51
羽田沖,2026-08-10,12,0.4,6.5,3.5,64,28.2,51
羽田沖,2026-08-10,15,0.4,5.7,4.1,62,28.4,53
羽田沖,2026-08-10,18,0.4,5.0,3.5,55,28.3,1
羽田沖,2026-08-10,21,0.4,4.7,3.8,58,28.1,51
千葉沖,2026-08-10,00,0.1,8.6,2.5,26,28.7,51
千葉沖,2026-08-10,03,0.1,8.8,2.5,11,28.6,0
千葉沖,2026-08-10,06,0.1,8.9,2.5,17,28.5,1
千葉沖,2026-08-10,09,0.2,8.6,4.1,30,28.6,51
千葉沖,2026-08-10,12,0.2,7.6,5.3,43,28.9,0
千葉沖,2026-08-10,15,0.3,3.8,5.0,46,29.1,0
千葉沖,2026-08-10,18,0.3,4.0,4.2,45,28.9,0
千葉沖,2026-08-10,21,0.3,3.7,4.3,32,28.6,3
浦安沖,2026-08-10,00,0.2,8.1,2.8,34,28.4,51
浦安沖,2026-08-10,03,0.2,8.2,1.9,3,28.3,0
浦安沖,2026-08-10,06,0.2,8.3,2.0,13,28.3,1
浦安沖,2026-08-10,09,0.2,8.2,3.3,41,28.3,51
浦安沖,2026-08-10,12,0.2,7.8,4.2,56,28.6,51
浦安沖,2026-08-10,15,0.3,4.2,4.4,55,28.8,0
浦安沖,2026-08-10,18,0.3,4.2,3.4,54,28.7,0
浦安沖,2026-08-10,21,0.3,3.9,4.1,54,28.5,3
屏風ヶ浦の陰,2026-08-10,00,0.1,8.6,2.1,7,29.3,51
屏風ヶ浦の陰,2026-08-10,03,0.1,8.8,2.3,6,29.2,0
屏風ヶ浦の陰,2026-08-10,06,0.1,8.9,2.3,6,29.1,1
屏風ヶ浦の陰,2026-08-10,09,0.2,8.6,4.2,32,29.1,0
屏風ヶ浦の陰,2026-08-10,12,0.2,7.6,5.5,45,29.3,0
屏風ヶ浦の陰,2026-08-10,15,0.3,3.8,5.1,45,29.5,0
屏風ヶ浦の陰,2026-08-10,18,0.3,4.0,4.2,45,29.4,0
屏風ヶ浦の陰,2026-08-10,21,0.3,3.7,3.8,29,29.2,2
犬吠南沖,2026-08-10,00,2.3,10.3,5.8,19,26.5,3
犬吠南沖,2026-08-10,03,2.5,10.2,6.1,12,26.4,1
犬吠南沖,2026-08-10,06,2.6,10.1,6.4,9,26.3,1
犬吠南沖,2026-08-10,09,2.6,9.8,7.6,16,26.2,1
犬吠南沖,2026-08-10,12,2.6,9.4,8.0,29,26.2,0
犬吠南沖,2026-08-10,15,2.7,9.1,7.7,33,26.2,0
犬吠南沖,2026-08-10,18,2.7,8.6,8.0,30,25.9,0
犬吠南沖,2026-08-10,21,2.9,8.3,9.8,29,25.6,0
亀城根,2026-08-10,00,2.3,10.3,5.8,19,26.5,3
亀城根,2026-08-10,03,2.5,10.2,6.1,12,26.4,1
亀城根,2026-08-10,06,2.6,10.1,6.4,9,26.3,1
亀城根,2026-08-10,09,2.6,9.8,7.6,16,26.2,1
亀城根,2026-08-10,12,2.6,9.4,8.0,29,26.2,0
亀城根,2026-08-10,15,2.7,9.1,7.7,33,26.2,0
亀城根,2026-08-10,18,2.7,8.6,8.0,30,25.9,0
亀城根,2026-08-10,21,2.9,8.3,9.8,29,25.6,0
外川沖,2026-08-10,00,1.9,10.2,5.8,19,26.0,3
外川沖,2026-08-10,03,2.1,10.1,6.1,12,25.8,1
外川沖,2026-08-10,06,2.2,9.9,6.4,9,25.8,1
外川沖,2026-08-10,09,2.2,9.6,7.6,16,25.7,1
外川沖,2026-08-10,12,2.2,9.2,8.0,29,25.8,0
外川沖,2026-08-10,15,2.3,8.8,7.7,33,25.8,0
外川沖,2026-08-10,18,2.3,8.3,8.0,30,25.7,0
外川沖,2026-08-10,21,2.5,8.1,9.8,29,25.5,0
犬吠沖,2026-08-10,00,1.9,10.2,5.8,19,26.0,3
犬吠沖,2026-08-10,03,2.1,10.1,6.1,12,25.8,1
犬吠沖,2026-08-10,06,2.2,9.9,6.4,9,25.8,1
犬吠沖,2026-08-10,09,2.2,9.6,7.6,16,25.7,1
犬吠沖,2026-08-10,12,2.2,9.2,8.0,29,25.8,0
犬吠沖,2026-08-10,15,2.3,8.8,7.7,33,25.8,0
犬吠沖,2026-08-10,18,2.3,8.3,8.0,30,25.7,0
犬吠沖,2026-08-10,21,2.5,8.1,9.8,29,25.5,0
飯岡沖,2026-08-10,00,1.5,9.9,5.8,19,26.5,3
飯岡沖,2026-08-10,03,1.6,9.9,6.1,12,26.4,1
飯岡沖,2026-08-10,06,1.7,9.8,6.4,9,26.4,1
飯岡沖,2026-08-10,09,1.7,9.3,7.6,16,26.3,1
飯岡沖,2026-08-10,12,1.7,8.9,8.0,29,26.4,0
飯岡沖,2026-08-10,15,1.7,8.7,7.7,33,26.5,0
飯岡沖,2026-08-10,18,1.8,8.2,8.0,30,26.4,0
飯岡沖,2026-08-10,21,1.9,7.9,9.8,29,26.3,0
真沖,2026-08-10,00,1.5,9.9,5.8,19,26.5,3
真沖,2026-08-10,03,1.6,9.9,6.1,12,26.4,1
真沖,2026-08-10,06,1.7,9.8,6.4,9,26.4,1
真沖,2026-08-10,09,1.7,9.3,7.6,16,26.3,1
真沖,2026-08-10,12,1.7,8.9,8.0,29,26.4,0
真沖,2026-08-10,15,1.7,8.7,7.7,33,26.5,0
真沖,2026-08-10,18,1.8,8.2,8.0,30,26.4,0
真沖,2026-08-10,21,1.9,7.9,9.8,29,26.3,0
波崎沖,2026-08-10,00,1.9,10.2,5.8,19,26.0,3
波崎沖,2026-08-10,03,2.1,10.1,6.1,12,25.8,1
波崎沖,2026-08-10,06,2.2,9.9,6.4,9,25.8,1
波崎沖,2026-08-10,09,2.2,9.6,7.6,16,25.7,1
波崎沖,2026-08-10,12,2.2,9.2,8.0,29,25.8,0
波崎沖,2026-08-10,15,2.3,8.8,7.7,33,25.8,0
波崎沖,2026-08-10,18,2.3,8.3,8.0,30,25.7,0
波崎沖,2026-08-10,21,2.5,8.1,9.8,29,25.5,0
川前大根,2026-08-10,00,1.5,9.9,5.8,19,26.5,3
川前大根,2026-08-10,03,1.6,9.9,6.1,12,26.4,1
川前大根,2026-08-10,06,1.7,9.8,6.4,9,26.4,1
川前大根,2026-08-10,09,1.7,9.3,7.6,16,26.3,1
川前大根,2026-08-10,12,1.7,8.9,8.0,29,26.4,0
川前大根,2026-08-10,15,1.7,8.7,7.7,33,26.5,0
川前大根,2026-08-10,18,1.8,8.2,8.0,30,26.4,0
川前大根,2026-08-10,21,1.9,7.9,9.8,29,26.3,0
鹿島南沖,2026-08-10,00,1.8,10.2,5.1,20,25.7,3
鹿島南沖,2026-08-10,03,2.0,10.1,5.4,13,25.5,1
鹿島南沖,2026-08-10,06,2.1,9.9,5.4,10,25.4,1
鹿島南沖,2026-08-10,09,2.2,9.6,6.8,18,25.3,1
鹿島南沖,2026-08-10,12,2.2,9.1,7.0,31,25.4,0
鹿島南沖,2026-08-10,15,2.3,8.8,6.8,34,25.4,0
鹿島南沖,2026-08-10,18,2.4,8.3,6.9,30,25.3,0
鹿島南沖,2026-08-10,21,2.6,8.0,8.8,31,25.1,0
神栖沖,2026-08-10,00,1.8,10.2,5.1,20,25.7,3
神栖沖,2026-08-10,03,2.0,10.1,5.4,13,25.5,1
神栖沖,2026-08-10,06,2.1,9.9,5.4,10,25.3,1
神栖沖,2026-08-10,09,2.2,9.6,6.8,18,25.2,1
神栖沖,2026-08-10,12,2.2,9.1,7.0,31,25.2,0
神栖沖,2026-08-10,15,2.3,8.8,6.8,34,25.3,0
神栖沖,2026-08-10,18,2.4,8.3,6.9,30,25.2,0
神栖沖,2026-08-10,21,2.6,8.0,8.8,31,25.0,0
鹿島沖,2026-08-10,00,1.8,10.2,5.0,25,25.9,3
鹿島沖,2026-08-10,03,2.0,10.1,5.2,16,25.7,1
鹿島沖,2026-08-10,06,2.1,9.9,5.1,14,25.6,1
鹿島沖,2026-08-10,09,2.2,9.6,6.3,20,25.6,51
鹿島沖,2026-08-10,12,2.2,9.1,6.6,38,25.7,0
鹿島沖,2026-08-10,15,2.3,8.8,6.5,39,25.8,0
鹿島沖,2026-08-10,18,2.4,8.3,7.0,36,25.7,0
鹿島沖,2026-08-10,21,2.6,8.0,9.2,36,25.5,0
鹿島真沖,2026-08-10,00,1.8,10.2,4.8,24,25.7,3
鹿島真沖,2026-08-10,03,2.0,10.1,5.2,14,25.5,1
鹿島真沖,2026-08-10,06,2.1,9.9,5.1,12,25.4,1
鹿島真沖,2026-08-10,09,2.2,9.6,6.3,19,25.3,1
鹿島真沖,2026-08-10,12,2.2,9.1,6.5,35,25.4,0
鹿島真沖,2026-08-10,15,2.3,8.8,6.3,35,25.4,0
鹿島真沖,2026-08-10,18,2.4,8.3,6.6,32,25.3,0
鹿島真沖,2026-08-10,21,2.6,8.0,8.7,34,25.1,0
鹿島魚礁,2026-08-10,00,2.0,10.2,8.2,17,25.4,3
鹿島魚礁,2026-08-10,03,2.1,10.1,9.5,15,25.3,1
鹿島魚礁,2026-08-10,06,2.3,9.9,8.9,14,25.2,0
鹿島魚礁,2026-08-10,09,2.4,9.6,9.6,15,25.2,0
鹿島魚礁,2026-08-10,12,2.4,9.1,9.3,28,25.2,0
鹿島魚礁,2026-08-10,15,2.5,8.8,10.6,33,25.3,0
鹿島魚礁,2026-08-10,18,2.6,8.3,12.0,32,25.1,0
鹿島魚礁,2026-08-10,21,2.8,8.1,13.3,28,24.8,0
鹿島北沖,2026-08-10,00,1.8,9.9,5.0,25,25.9,3
鹿島北沖,2026-08-10,03,2.0,9.8,5.2,16,25.7,1
鹿島北沖,2026-08-10,06,2.1,9.7,5.1,14,25.6,1
鹿島北沖,2026-08-10,09,2.2,9.3,6.3,20,25.6,51
鹿島北沖,2026-08-10,12,2.2,8.9,6.6,38,25.7,0
鹿島北沖,2026-08-10,15,2.3,8.6,6.5,39,25.8,0
鹿島北沖,2026-08-10,18,2.4,8.1,7.0,36,25.7,0
鹿島北沖,2026-08-10,21,2.7,7.8,9.2,36,25.5,0
北沖30,2026-08-10,00,1.9,10.7,3.9,37,25.4,3
北沖30,2026-08-10,03,2.1,10.8,2.4,12,25.2,0
北沖30,2026-08-10,06,2.2,10.7,3.0,28,25.1,0
北沖30,2026-08-10,09,2.3,10.2,5.6,42,25.0,0
北沖30,2026-08-10,12,2.3,9.7,7.4,47,25.1,0
北沖30,2026-08-10,15,2.4,9.2,7.4,49,25.2,0
北沖30,2026-08-10,18,2.5,8.6,8.0,45,25.0,0
北沖30,2026-08-10,21,2.7,8.2,9.0,41,24.8,2
大洗沖,2026-08-10,00,1.9,10.7,3.3,37,26.0,3
大洗沖,2026-08-10,03,2.1,10.8,2.0,360,25.8,0
大洗沖,2026-08-10,06,2.2,10.7,2.1,19,25.6,0
大洗沖,2026-08-10,09,2.3,10.2,4.9,41,25.5,0
大洗沖,2026-08-10,12,2.3,9.7,6.7,50,25.6,0
大洗沖,2026-08-10,15,2.4,9.2,6.7,54,25.6,0
大洗沖,2026-08-10,18,2.5,8.6,6.5,47,25.5,0
大洗沖,2026-08-10,21,2.7,8.2,7.8,43,25.3,1
青山沖,2026-08-10,00,1.9,10.7,3.9,37,25.2,3
青山沖,2026-08-10,03,2.0,10.9,2.4,12,25.0,0
青山沖,2026-08-10,06,2.2,10.8,3.0,28,25.0,0
青山沖,2026-08-10,09,2.3,10.3,5.6,42,25.0,0
青山沖,2026-08-10,12,2.3,9.7,7.4,47,25.1,0
青山沖,2026-08-10,15,2.4,9.2,7.4,49,25.2,0
青山沖,2026-08-10,18,2.4,8.6,8.0,45,25.1,0
青山沖,2026-08-10,21,2.6,8.3,9.0,41,25.0,2
日立沖,2026-08-10,00,1.9,10.8,3.2,28,25.4,3
日立沖,2026-08-10,03,2.0,11.1,3.2,21,25.3,0
日立沖,2026-08-10,06,2.2,10.9,3.6,30,25.2,0
日立沖,2026-08-10,09,2.2,10.4,5.3,49,25.1,1
日立沖,2026-08-10,12,2.2,9.8,6.8,46,25.2,1
日立沖,2026-08-10,15,2.3,9.2,7.2,44,25.3,1
日立沖,2026-08-10,18,2.3,8.8,7.6,43,25.2,0
日立沖,2026-08-10,21,2.4,8.7,7.9,37,25.0,3
