date,query,page,clicks,impressions,ctr,position
2026-07-01,ふなづり,https://funatsuri-yoso.com/,0,1,0,30
2026-07-01,イサキ釣り 関東,https://funatsuri-yoso.com/fish/isaki.html,0,1,0,13
2026-07-01,シマアジ 釣果,https://funatsuri-yoso.com/fish/shima-aji.html,0,1,0,10
2026-07-01,ヒラメ 船釣り 関東,https://funatsuri-yoso.com/fish/hirame.html,0,1,0,10
2026-07-01,今日の釣果,https://funatsuri-yoso.com/,0,1,0,8
2026-07-01,大原 シマアジ シーズン,https://funatsuri-yoso.com/fish_area/shima-aji-ohara.html,0,1,0,9
2026-07-01,大原 船釣り,https://funatsuri-yoso.com/area/ohara.html,0,1,0,43
2026-07-01,大原シマアジ釣果,https://funatsuri-yoso.com/fish_area/shima-aji-ohara.html,0,1,0,14
2026-07-01,大原海水浴場 釣り,https://funatsuri-yoso.com/area/ohara.html,0,1,0,51
2026-07-01,天津港 釣り,https://funatsuri-yoso.com/area/amatsu.html,0,1,0,8
2026-07-01,天津港 釣果,https://funatsuri-yoso.com/area/amatsu.html,0,3,0,5
2026-07-01,天津漁港,https://funatsuri-yoso.com/area/amatsu.html,0,1,0,11
2026-07-01,天津漁港 釣り,https://funatsuri-yoso.com/area/amatsu.html,0,2,0,10
2026-07-01,天津漁港 釣果,https://funatsuri-yoso.com/area/amatsu.html,0,3,0,5
2026-07-01,富津 釣果,https://funatsuri-yoso.com/area/futtsu.html,0,1,0,10
2026-07-01,花鯛 旬,https://funatsuri-yoso.com/fish/hanadai.html,0,1,0,3
2026-07-01,釣果速報 関東,https://funatsuri-yoso.com/,0,2,0,9
2026-07-01,釣果速報 関東,https://funatsuri-yoso.com/index.html,0,1,0,9
2026-07-01,関東 アオリイカ,https://funatsuri-yoso.com/fish/aoriika.html,0,1,0,6
2026-07-01,関東 船釣り 釣果,https://funatsuri-yoso.com/index.html,0,3,0,6
2026-07-01,関東 釣果,https://funatsuri-yoso.com/index.html,0,1,0,4
2026-07-01,関東 釣果 最新 2026,https://funatsuri-yoso.com/,0,1,0,10
2026-07-01,関東 釣果 最新 2026,https://funatsuri-yoso.com/index.html,0,1,0,8
2026-07-01,関東ヒラメ釣果,https://funatsuri-yoso.com/fish/hirame.html,0,3,0,7.67
2026-07-01,飯岡 釣果,https://funatsuri-yoso.com/area/iioka.html,0,2,0,3.5
2026-07-01,飯岡港 釣り,https://funatsuri-yoso.com/area/iioka.html,0,7,0,9.14
2026-07-01,飯岡港 釣果,https://funatsuri-yoso.com/area/iioka.html,0,2,0,6.5
2026-07-01,飯岡漁港,https://funatsuri-yoso.com/area/iioka.html,0,2,0,8.5
2026-07-01,飯岡漁港 釣り,https://funatsuri-yoso.com/area/iioka.html,0,20,0,9.25
2026-07-01,飯岡漁港 釣果,https://funatsuri-yoso.com/area/iioka.html,1,30,0.033333,4.63
2026-07-01,飯岡漁港釣果,https://funatsuri-yoso.com/area/iioka.html,1,6,0.166667,5.17
2026-07-02,lookers 幸丸,https://funatsuri-yoso.com/ship/ko-maru.html,0,5,0,34
2026-07-02,アオリイカ 千葉 釣果,https://funatsuri-yoso.com/fish/aoriika.html,0,1,0,26
2026-07-02,イシモチ 釣果,https://funatsuri-yoso.com/fish/ishimochi.html,0,1,0,8
2026-07-02,シマアジ シーズン,https://funatsuri-yoso.com/fish/shima-aji.html,0,1,0,10
2026-07-02,シマアジ 船釣り 関東,https://funatsuri-yoso.com/fish/shima-aji.html,0,1,0,8
2026-07-02,シマアジ 釣り 関東,https://funatsuri-yoso.com/fish/shima-aji.html,0,1,0,10
2026-07-02,シマアジ 関東,https://funatsuri-yoso.com/fish/shima-aji.html,0,1,0,11
2026-07-02,シマアジ釣果,https://funatsuri-yoso.com/fish/shima-aji.html,0,1,0,9
2026-07-02,シーバス 釣果,https://funatsuri-yoso.com/fish/seabass.html,0,1,0,8
2026-07-02,ムギイカ 釣果,https://funatsuri-yoso.com/fish/mugiika.html,0,2,0,10
2026-07-02,ムギイカ釣果,https://funatsuri-yoso.com/fish/mugiika.html,0,1,0,9
2026-07-02,三浦半島 青物 釣果,https://funatsuri-yoso.com/fish/warasa.html,0,1,0,6
2026-07-02,大原 シマアジ,https://funatsuri-yoso.com/area/ohara.html,0,3,0,11
2026-07-02,大原 シマアジ,https://funatsuri-yoso.com/fish_area/shima-aji-ohara.html,0,4,0,14.75
2026-07-02,大原 シマアジ 仕掛け,https://funatsuri-yoso.com/fish_area/shima-aji-ohara.html,0,1,0,25
2026-07-02,大原 シマアジ 釣り船,https://funatsuri-yoso.com/fish_area/shima-aji-ohara.html,0,1,0,38
2026-07-02,大原漁港 釣り,https://funatsuri-yoso.com/area/ohara.html,0,1,0,26
2026-07-02,大洗港 釣り,https://funatsuri-yoso.com/area/oarai.html,0,1,0,8
2026-07-02,天津港 釣り,https://funatsuri-yoso.com/area/amatsu.html,0,6,0,8.17
2026-07-02,天津港 釣果,https://funatsuri-yoso.com/area/amatsu.html,0,2,0,5
2026-07-02,天津漁港 釣り,https://funatsuri-yoso.com/area/amatsu.html,0,1,0,10
2026-07-02,天津漁港 釣果,https://funatsuri-yoso.com/area/amatsu.html,0,4,0,4.25
2026-07-02,富津 釣果,https://funatsuri-yoso.com/area/futtsu.html,0,3,0,10.33
2026-07-02,成銀丸 イサキ,https://funatsuri-yoso.com/fish_area/isaki-ohara.html,0,1,0,4
2026-07-02,田中 渡船 釣果,https://funatsuri-yoso.com/area/,0,1,0,69
2026-07-02,船釣り,https://funatsuri-yoso.com/area/ohara.html,0,1,0,2
2026-07-02,船釣り 釣果,https://funatsuri-yoso.com/index.html,0,1,0,23
2026-07-02,那珂湊 釣り,https://funatsuri-yoso.com/area/oarai.html,0,1,0,34
2026-07-02,金谷港 アオリイカ,https://funatsuri-yoso.com/area/kanaya.html,0,2,0,7.5
2026-07-02,金谷港 釣果,https://funatsuri-yoso.com/area/kanaya.html,1,1,1,6
2026-07-02,釣果情報 関東,https://funatsuri-yoso.com/index.html,0,1,0,9
2026-07-02,釣果速報 関東,https://funatsuri-yoso.com/index.html,0,1,0,9
2026-07-02,関東 アジ 釣果,https://funatsuri-yoso.com/fish/aji.html,0,1,0,9
2026-07-02,関東 シマアジ 釣り船,https://funatsuri-yoso.com/fish/shima-aji.html,0,3,0,8
2026-07-02,関東 船釣り 釣果,https://funatsuri-yoso.com/index.html,0,5,0,6.8
2026-07-02,関東 釣果,https://funatsuri-yoso.com/index.html,0,1,0,13
2026-07-02,関東釣り情報,https://funatsuri-yoso.com/index.html,0,3,0,7.67
2026-07-02,飯岡 ヒラメ 釣果,https://funatsuri-yoso.com/area/iioka.html,0,1,0,19
2026-07-02,飯岡港 ヒラメ 最新釣果,https://funatsuri-yoso.com/area/iioka.html,0,2,0,10.5
2026-07-02,飯岡港 釣り,https://funatsuri-yoso.com/area/iioka.html,0,6,0,9.67
2026-07-02,飯岡港 釣果,https://funatsuri-yoso.com/area/iioka.html,0,1,0,5
2026-07-02,飯岡漁港,https://funatsuri-yoso.com/area/iioka.html,0,1,0,13
2026-07-02,飯岡漁港 釣り,https://funatsuri-yoso.com/area/iioka.html,1,24,0.041667,9.38
2026-07-02,飯岡漁港 釣果,https://funatsuri-yoso.com/area/iioka.html,0,32,0,5.62
2026-07-02,飯岡漁港釣果,https://funatsuri-yoso.com/area/iioka.html,0,1,0,5
2026-07-02,飯岡釣果,https://funatsuri-yoso.com/area/iioka.html,0,7,0,4
2026-07-03,アオリイカ 釣果 関東,https://funatsuri-yoso.com/fish/aoriika.html,0,1,0,9
2026-07-03,シマアジ 大原,https://funatsuri-yoso.com/fish_area/shima-aji-ohara.html,0,1,0,26
2026-07-03,シマアジ 船釣り 関東,https://funatsuri-yoso.com/fish/shima-aji.html,0,1,0,10
2026-07-03,シマアジ 釣り 関東,https://funatsuri-yoso.com/fish/shima-aji.html,0,1,0,1
2026-07-03,シーバス釣果,https://funatsuri-yoso.com/fish/seabass.html,0,1,0,8
2026-07-03,ヒラメ 船釣り 関東,https://funatsuri-yoso.com/fish/hirame.html,0,1,0,10
2026-07-03,マルイカ 釣果 関東,https://funatsuri-yoso.com/fish/maruika.html,0,1,0,9
2026-07-03,大原 シマアジ シーズン,https://funatsuri-yoso.com/fish_area/shima-aji-ohara.html,0,2,0,8.5
2026-07-03,大原シマアジ,https://funatsuri-yoso.com/fish_area/shima-aji-ohara.html,0,1,0,37
2026-07-03,大原港 シマアジ,https://funatsuri-yoso.com/fish_area/shima-aji-ohara.html,0,1,0,11
2026-07-03,大洗 ヒラメ 釣果,https://funatsuri-yoso.com/area/oarai.html,0,1,0,6
2026-07-03,天津港 釣り,https://funatsuri-yoso.com/area/amatsu.html,0,3,0,7.33
2026-07-03,天津港 釣果,https://funatsuri-yoso.com/area/amatsu.html,0,3,0,5.33
2026-07-03,天津漁港,https://funatsuri-yoso.com/area/amatsu.html,0,1,0,13
2026-07-03,天津漁港 釣り,https://funatsuri-yoso.com/area/amatsu.html,0,2,0,9
2026-07-03,太刀魚 テンヤ 誘い方,https://funatsuri-yoso.com/fish/tachiuo.html,0,1,0,6
2026-07-03,富津 船釣り,https://funatsuri-yoso.com/area/futtsu.html,0,1,0,11
2026-07-03,富津 釣果,https://funatsuri-yoso.com/area/futtsu.html,0,4,0,7.25
2026-07-03,茨城 ヒラメ 釣果,https://funatsuri-yoso.com/fish/hirame.html,0,1,0,10
2026-07-03,金谷 釣果,https://funatsuri-yoso.com/area/kanaya.html,0,2,0,9.5
2026-07-03,金谷港 アオリイカ,https://funatsuri-yoso.com/area/kanaya.html,0,2,0,8.5
2026-07-03,金谷港 釣果,https://funatsuri-yoso.com/area/kanaya.html,0,1,0,6
2026-07-03,釣果速報 関東,https://funatsuri-yoso.com/,0,2,0,6
2026-07-03,関東 アジ 釣果,https://funatsuri-yoso.com/fish/aji.html,0,1,0,9
2026-07-03,関東 シマアジ 釣り船,https://funatsuri-yoso.com/fish/shima-aji.html,0,1,0,9
2026-07-03,関東 船釣り 釣果,https://funatsuri-yoso.com/,0,1,0,7
2026-07-03,関東 船釣り 釣果,https://funatsuri-yoso.com/index.html,0,3,0,7.67
2026-07-03,関東 釣果,https://funatsuri-yoso.com/,0,1,0,10
2026-07-03,関東ヒラメ釣果,https://funatsuri-yoso.com/fish/hirame.html,0,3,0,8.33
2026-07-03,関東釣り情報,https://funatsuri-yoso.com/,0,1,0,10
2026-07-03,飯岡 釣果,https://funatsuri-yoso.com/area/iioka.html,0,3,0,6
2026-07-03,飯岡海岸 釣り,https://funatsuri-yoso.com/area/iioka.html,0,1,0,12
2026-07-03,飯岡港,https://funatsuri-yoso.com/area/iioka.html,0,2,0,10
2026-07-03,飯岡港 釣り,https://funatsuri-yoso.com/area/iioka.html,0,3,0,13
2026-07-03,飯岡港 釣果,https://funatsuri-yoso.com/area/iioka.html,1,8,0.125,5.88
2026-07-03,飯岡漁港 釣り,https://funatsuri-yoso.com/area/iioka.html,1,22,0.045455,9.64
2026-07-03,飯岡漁港 釣果,https://funatsuri-yoso.com/area/iioka.html,3,33,0.090909,5.64
2026-07-03,飯岡漁港釣果,https://funatsuri-yoso.com/area/iioka.html,0,3,0,5
2026-07-03,飯岡釣果,https://funatsuri-yoso.com/area/iioka.html,0,3,0,6
2026-07-04,"""浜新丸"" ""テンヤ"" ""タチウオ""",https://funatsuri-yoso.com/fish/tachiuo.html,0,4,0,6.75
2026-07-04,lookers 幸丸,https://funatsuri-yoso.com/ship/ko-maru.html,0,1,0,33
2026-07-04,アジ 関東 釣果,https://funatsuri-yoso.com/fish/aji.html,0,1,0,7
2026-07-04,アナゴ釣り 関東,https://funatsuri-yoso.com/fish/anago.html,0,1,0,11
2026-07-04,シマアジ 釣り 関東,https://funatsuri-yoso.com/fish/shima-aji.html,0,2,0,10
2026-07-04,シマアジ釣果,https://funatsuri-yoso.com/fish/shima-aji.html,0,2,0,9
2026-07-04,ヒラメ 船釣り 関東,https://funatsuri-yoso.com/fish/hirame.html,0,1,0,9
2026-07-04,マルイカ釣果,https://funatsuri-yoso.com/fish/maruika.html,0,3,0,27.67
2026-07-04,大原シマアジ,https://funatsuri-yoso.com/fish_area/shima-aji-ohara.html,0,1,0,18
2026-07-04,大原シマアジ釣り,https://funatsuri-yoso.com/fish_area/shima-aji-ohara.html,0,1,0,19
2026-07-04,大原船宿,https://funatsuri-yoso.com/area/ohara.html,0,1,0,45
2026-07-04,天津港 釣り,https://funatsuri-yoso.com/area/amatsu.html,0,1,0,7
2026-07-04,天津港 釣果,https://funatsuri-yoso.com/area/amatsu.html,0,7,0,5.57
2026-07-04,天津漁港 釣り,https://funatsuri-yoso.com/area/amatsu.html,0,1,0,6
2026-07-04,天津漁港 釣果,https://funatsuri-yoso.com/area/amatsu.html,0,1,0,5
2026-07-04,太刀魚 関東,https://funatsuri-yoso.com/fish/tachiuo.html,0,1,0,9
2026-07-04,富津港,https://funatsuri-yoso.com/area/futtsu.html,0,1,0,7
2026-07-04,富津港 釣果,https://funatsuri-yoso.com/area/futtsu.html,0,1,0,3
2026-07-04,富津釣果,https://funatsuri-yoso.com/area/futtsu.html,0,1,0,9
2026-07-04,波崎新港,https://funatsuri-yoso.com/area/,0,1,0,37
2026-07-04,波崎新港,https://funatsuri-yoso.com/area/oarai.html,0,1,0,42
2026-07-04,海 釣り 情報,https://funatsuri-yoso.com/index.html,0,1,0,55
2026-07-04,金谷 釣果,https://funatsuri-yoso.com/area/kanaya.html,0,2,0,7
2026-07-04,金谷港 アオリイカ,https://funatsuri-yoso.com/area/kanaya.html,0,1,0,9
2026-07-04,金谷港 釣果,https://funatsuri-yoso.com/area/kanaya.html,0,9,0,6.11
2026-07-04,釣果情報 関東,https://funatsuri-yoso.com/,0,1,0,9
2026-07-04,釣果速報 関東,https://funatsuri-yoso.com/,0,7,0,9.71
2026-07-04,関東 アジ 釣果,https://funatsuri-yoso.com/fish/aji.html,0,1,0,8
2026-07-04,関東 シマアジ 釣り船,https://funatsuri-yoso.com/fish/shima-aji.html,0,1,0,9
2026-07-04,関東 シーバス,https://funatsuri-yoso.com/fish/seabass.html,0,1,0,9
2026-07-04,関東 船釣り 釣果,https://funatsuri-yoso.com/,0,1,0,7
2026-07-04,関東 釣果 最新 2026,https://funatsuri-yoso.com/,0,1,0,13
2026-07-04,関東ヒラメ釣果,https://funatsuri-yoso.com/fish/hirame.html,0,2,0,9.5
2026-07-04,関東釣り情報,https://funatsuri-yoso.com/,0,1,0,9
2026-07-04,飯岡 釣り,https://funatsuri-yoso.com/area/iioka.html,0,1,0,11
2026-07-04,飯岡海岸 釣り,https://funatsuri-yoso.com/area/iioka.html,0,1,0,12
2026-07-04,飯岡港 釣り,https://funatsuri-yoso.com/area/iioka.html,0,2,0,11
2026-07-04,飯岡港 釣果,https://funatsuri-yoso.com/area/iioka.html,0,2,0,6
2026-07-04,飯岡漁港 釣り,https://funatsuri-yoso.com/area/iioka.html,0,26,0,10.27
2026-07-04,飯岡漁港 釣り ポイント,https://funatsuri-yoso.com/area/iioka.html,0,1,0,39
2026-07-04,飯岡漁港 釣れる魚,https://funatsuri-yoso.com/area/iioka.html,0,1,0,9
2026-07-04,飯岡漁港 釣果,https://funatsuri-yoso.com/area/iioka.html,3,56,0.053571,4.98
2026-07-04,飯岡漁港釣果,https://funatsuri-yoso.com/area/iioka.html,0,3,0,6
2026-07-04,飯岡釣り,https://funatsuri-yoso.com/area/iioka.html,0,1,0,9
2026-07-05,アオリイカ 釣果 関東,https://funatsuri-yoso.com/fish/aoriika.html,0,1,0,9
2026-07-05,アジ 関東 釣果,https://funatsuri-yoso.com/fish/aji.html,0,1,0,9
2026-07-05,シマアジ 大原,https://funatsuri-yoso.com/fish_area/shima-aji-ohara.html,0,1,0,26
2026-07-05,シマアジ 釣り 関東,https://funatsuri-yoso.com/fish/shima-aji.html,0,1,0,11
2026-07-05,シマアジ 釣果,https://funatsuri-yoso.com/fish/shima-aji.html,0,1,0,23
2026-07-05,タコ釣り 関東,https://funatsuri-yoso.com/fish/madako.html,0,1,0,18
2026-07-05,トラフグ 釣り 関西,https://funatsuri-yoso.com/fish/torafugu.html,0,1,0,24
2026-07-05,ヒラメ 船釣り 関東,https://funatsuri-yoso.com/fish/hirame.html,0,1,0,9
2026-07-05,マルイカ釣果,https://funatsuri-yoso.com/fish/maruika.html,0,1,0,30
2026-07-05,ムギイカ 釣果,https://funatsuri-yoso.com/fish/mugiika.html,0,1,0,10
2026-07-05,ムツ 六 丸 釣果,https://funatsuri-yoso.com/area/,0,1,0,50
2026-07-05,今の旬は,https://funatsuri-yoso.com/area/oarai.html,0,1,0,8
2026-07-05,大原 イサキ 釣果,https://funatsuri-yoso.com/fish_area/isaki-ohara.html,0,1,0,18
2026-07-05,大原 イサキ釣り,https://funatsuri-yoso.com/fish_area/isaki-ohara.html,0,1,0,7
2026-07-05,大原シマアジ釣り,https://funatsuri-yoso.com/area/ohara.html,0,1,0,52
2026-07-05,大原シマアジ釣り,https://funatsuri-yoso.com/fish_area/shima-aji-ohara.html,0,1,0,21
2026-07-05,天津港 釣り,https://funatsuri-yoso.com/area/amatsu.html,0,2,0,10
2026-07-05,天津港 釣果,https://funatsuri-yoso.com/area/amatsu.html,0,5,0,5.6
2026-07-05,天津漁港 釣り,https://funatsuri-yoso.com/area/amatsu.html,0,2,0,9
2026-07-05,天津漁港 釣果,https://funatsuri-yoso.com/area/amatsu.html,0,1,0,5
2026-07-05,富津港,https://funatsuri-yoso.com/area/futtsu.html,0,2,0,4
2026-07-05,明日 釣り,https://funatsuri-yoso.com/,0,1,0,21
2026-07-05,沼津 江浦港 伊勝丸,https://funatsuri-yoso.com/ship/ikatsu-maru.html,0,1,0,25
2026-07-05,浜金谷 釣り,https://funatsuri-yoso.com/area/kanaya.html,1,1,1,5
2026-07-05,相模湾 釣果 最新,https://funatsuri-yoso.com/,0,2,0,11
2026-07-05,金谷 アジ 釣果,https://funatsuri-yoso.com/area/kanaya.html,0,1,0,27
2026-07-05,金谷 釣果,https://funatsuri-yoso.com/area/kanaya.html,0,1,0,7
2026-07-05,金谷港 釣果,https://funatsuri-yoso.com/area/kanaya.html,1,9,0.111111,7.44
2026-07-05,釣果情報 関東,https://funatsuri-yoso.com/,0,2,0,7.5
2026-07-05,釣果速報,https://funatsuri-yoso.com/,0,1,0,21
2026-07-05,釣果速報 関東,https://funatsuri-yoso.com/,0,12,0,9.08
2026-07-05,関東 船釣り 釣果,https://funatsuri-yoso.com/,0,3,0,7.67
2026-07-05,関東 釣果,https://funatsuri-yoso.com/,0,3,0,9
2026-07-05,関東 釣果 最新 2026,https://funatsuri-yoso.com/,0,2,0,9
2026-07-05,関東ヒラメ釣果,https://funatsuri-yoso.com/fish/hirame.html,0,3,0,8.67
2026-07-05,飯岡 釣果,https://funatsuri-yoso.com/area/iioka.html,0,2,0,5
2026-07-05,飯岡港 ヒラメ 最新釣果,https://funatsuri-yoso.com/area/iioka.html,0,1,0,1
2026-07-05,飯岡港 釣り,https://funatsuri-yoso.com/area/iioka.html,0,6,0,9.5
2026-07-05,飯岡港 釣果,https://funatsuri-yoso.com/area/iioka.html,0,3,0,3.67
2026-07-05,飯岡漁港 釣り,https://funatsuri-yoso.com/area/iioka.html,0,6,0,10.17
2026-07-05,飯岡漁港 釣れる魚,https://funatsuri-yoso.com/area/iioka.html,0,1,0,8
2026-07-05,飯岡漁港 釣果,https://funatsuri-yoso.com/area/iioka.html,0,23,0,5.3
2026-07-05,飯岡漁港釣果,https://funatsuri-yoso.com/area/iioka.html,0,1,0,5
2026-07-05,飯岡釣果,https://funatsuri-yoso.com/area/iioka.html,0,2,0,7.5
2026-07-06,7 月 船釣り 関東,https://funatsuri-yoso.com/,0,1,0,49
2026-07-06,イシモチ 釣果,https://funatsuri-yoso.com/fish/ishimochi.html,0,1,0,10
2026-07-06,マダコ 釣果,https://funatsuri-yoso.com/fish/madako.html,0,1,0,9
2026-07-06,ムギイカ 釣果,https://funatsuri-yoso.com/fish/mugiika.html,0,1,0,10
2026-07-06,今 の 時期 釣れる 魚,https://funatsuri-yoso.com/fish/,0,1,0,52
2026-07-06,大原 シマアジ 釣果,https://funatsuri-yoso.com/area/ohara.html,0,2,0,20
2026-07-06,大原 シマアジ 釣果,https://funatsuri-yoso.com/fish_area/shima-aji-ohara.html,0,1,0,19
2026-07-06,大原港 シマアジ,https://funatsuri-yoso.com/area/ohara.html,0,2,0,7
2026-07-06,大原港 シマアジ,https://funatsuri-yoso.com/fish_area/shima-aji-ohara.html,0,1,0,8
2026-07-06,大洗港釣果,https://funatsuri-yoso.com/area/oarai.html,0,1,0,17
2026-07-06,天津港 釣り,https://funatsuri-yoso.com/area/amatsu.html,0,1,0,8
2026-07-06,天津港 釣果,https://funatsuri-yoso.com/area/amatsu.html,0,2,0,7
2026-07-06,天津漁港,https://funatsuri-yoso.com/area/amatsu.html,0,3,0,16.67
2026-07-06,天津漁港 釣り,https://funatsuri-yoso.com/area/amatsu.html,0,1,0,8
2026-07-06,太刀魚 関東,https://funatsuri-yoso.com/fish/tachiuo.html,0,1,0,9
2026-07-06,富津港,https://funatsuri-yoso.com/area/futtsu.html,0,1,0,4
2026-07-06,富津釣果,https://funatsuri-yoso.com/area/futtsu.html,0,1,0,10
2026-07-06,第三かりゆし丸,https://funatsuri-yoso.com/fish/inada.html,0,1,0,11
2026-07-06,金谷港 釣果,https://funatsuri-yoso.com/area/kanaya.html,0,5,0,6.8
2026-07-06,釣果速報 関東,https://funatsuri-yoso.com/,0,4,0,8.25
2026-07-06,関東,https://funatsuri-yoso.com/,0,1,0,7
2026-07-06,関東 船釣り 釣果,https://funatsuri-yoso.com/,1,12,0.083333,7.75
2026-07-06,関東 釣り情報,https://funatsuri-yoso.com/,0,2,0,7
2026-07-06,関東 釣果 最新 2026,https://funatsuri-yoso.com/,0,2,0,7.5
2026-07-06,飯岡 漁港,https://funatsuri-yoso.com/area/iioka.html,0,1,0,31
2026-07-06,飯岡港 釣り,https://funatsuri-yoso.com/area/iioka.html,0,1,0,19
2026-07-06,飯岡港 釣果,https://funatsuri-yoso.com/area/iioka.html,0,1,0,9
2026-07-06,飯岡漁港 釣り,https://funatsuri-yoso.com/area/iioka.html,1,10,0.1,9.7
2026-07-06,飯岡漁港 釣果,https://funatsuri-yoso.com/area/iioka.html,0,32,0,6
2026-07-06,飯岡漁港釣れる魚,https://funatsuri-yoso.com/area/iioka.html,0,1,0,11
2026-07-06,飯岡漁港釣果,https://funatsuri-yoso.com/area/iioka.html,0,2,0,5
2026-07-06,飯岡釣果,https://funatsuri-yoso.com/area/iioka.html,0,3,0,7.33
2026-07-07,アジ 釣果 関東,https://funatsuri-yoso.com/fish/aji.html,0,1,0,9
2026-07-07,シマアジ 船釣り 関東,https://funatsuri-yoso.com/fish/shima-aji.html,0,1,0,10
2026-07-07,シマアジ 釣り 関東,https://funatsuri-yoso.com/fish/shima-aji.html,0,1,0,10
2026-07-07,タコ釣り 関東 船,https://funatsuri-yoso.com/fish/madako.html,0,1,0,18
2026-07-07,今アジが釣れる場所 関東 堤防,https://funatsuri-yoso.com/fish/aji.html,0,1,0,29
2026-07-07,大原 シマアジ,https://funatsuri-yoso.com/area/ohara.html,0,1,0,4
2026-07-07,大原 シマアジ,https://funatsuri-yoso.com/fish/shima-aji.html,0,1,0,19
2026-07-07,大原港 シマアジ 仕掛け,https://funatsuri-yoso.com/fish_area/shima-aji-ohara.html,0,1,0,26
2026-07-07,大原漁港 釣り,https://funatsuri-yoso.com/area/ohara.html,0,1,0,25
2026-07-07,大洗 釣果,https://funatsuri-yoso.com/area/oarai.html,0,1,0,29
2026-07-07,天津港 釣り,https://funatsuri-yoso.com/area/amatsu.html,0,8,0,7.25
2026-07-07,天津港 釣果,https://funatsuri-yoso.com/area/amatsu.html,0,3,0,6.67
2026-07-07,天津漁港,https://funatsuri-yoso.com/area/amatsu.html,0,2,0,9
2026-07-07,天津漁港 釣果,https://funatsuri-yoso.com/area/amatsu.html,0,2,0,5.5
2026-07-07,富津港 釣果,https://funatsuri-yoso.com/area/futtsu.html,0,1,0,8
2026-07-07,東京湾 タチウオ 仕掛け,https://funatsuri-yoso.com/fish/tachiuo.html,0,1,0,8
2026-07-07,沼津 江浦港 伊勝丸,https://funatsuri-yoso.com/ship/ikatsu-maru.html,0,3,0,27.33
2026-07-07,相模湾 タチウオ,https://funatsuri-yoso.com/fish/tachiuo.html,1,1,1,3
2026-07-07,船釣りjp,https://funatsuri-yoso.com/,0,1,0,25
2026-07-07,金谷 アジ,https://funatsuri-yoso.com/fish_area/aji-kanaya.html,0,1,0,4
2026-07-07,金谷港 釣果,https://funatsuri-yoso.com/area/kanaya.html,0,1,0,5
2026-07-07,釣果速報 関東,https://funatsuri-yoso.com/,0,7,0,8.43
2026-07-07,関東 船釣り 釣果,https://funatsuri-yoso.com/,0,2,0,7
2026-07-07,関東 釣果,https://funatsuri-yoso.com/,0,3,0,8.33
2026-07-07,関東 釣果 最新 2026,https://funatsuri-yoso.com/,0,2,0,8.5
2026-07-07,関東 釣果情報,https://funatsuri-yoso.com/,0,2,0,9.5
2026-07-07,関東ヒラメ釣果,https://funatsuri-yoso.com/fish/hirame.html,0,1,0,9
2026-07-07,飯岡港 釣り,https://funatsuri-yoso.com/area/iioka.html,0,1,0,12
2026-07-07,飯岡港 釣果,https://funatsuri-yoso.com/area/iioka.html,0,5,0,8
2026-07-07,飯岡漁港,https://funatsuri-yoso.com/area/iioka.html,0,1,0,3
2026-07-07,飯岡漁港 釣り,https://funatsuri-yoso.com/area/iioka.html,0,6,0,11.17
2026-07-07,飯岡漁港 釣れる魚,https://funatsuri-yoso.com/area/iioka.html,0,3,0,10
2026-07-07,飯岡漁港 釣果,https://funatsuri-yoso.com/area/iioka.html,0,31,0,6.26
2026-07-07,飯岡漁港釣れる魚,https://funatsuri-yoso.com/area/iioka.html,0,1,0,10
2026-07-07,飯岡漁港釣果,https://funatsuri-yoso.com/area/iioka.html,0,1,0,7
2026-07-07,飯岡釣り,https://funatsuri-yoso.com/area/iioka.html,0,1,0,4
2026-07-08,アジ 関東 釣果,https://funatsuri-yoso.com/fish/aji.html,0,4,0,9
2026-07-08,カンパチ釣り 関東,https://funatsuri-yoso.com/fish/kanpachi.html,0,1,0,6
2026-07-08,シマアジ 釣り 関東,https://funatsuri-yoso.com/fish/shima-aji.html,0,2,0,10.5
2026-07-08,マルイカ 時期,https://funatsuri-yoso.com/fish/maruika.html,0,1,0,3
2026-07-08,マルイカ 釣果,https://funatsuri-yoso.com/fish/maruika.html,0,1,0,9
2026-07-08,マルイカ釣果,https://funatsuri-yoso.com/fish/maruika.html,0,1,0,41
2026-07-08,加幸丸,https://funatsuri-yoso.com/ship/kako-maru.html,0,1,0,4
2026-07-08,北海道 カンパチ,https://funatsuri-yoso.com/fish/kanpachi.html,0,1,0,3
2026-07-08,大原,https://funatsuri-yoso.com/fish_area/shima-aji-ohara.html,0,1,0,3
2026-07-08,大原 イサキ,https://funatsuri-yoso.com/fish_area/isaki-ohara.html,0,1,0,2
2026-07-08,大原 イサキ釣り,https://funatsuri-yoso.com/fish_area/isaki-ohara.html,0,1,0,40
2026-07-08,大原 シマアジ,https://funatsuri-yoso.com/fish_area/shima-aji-ohara.html,0,1,0,5
2026-07-08,大洗 ヒラメ 釣果,https://funatsuri-yoso.com/area/oarai.html,0,1,0,10
2026-07-08,天津港 釣り,https://funatsuri-yoso.com/area/amatsu.html,0,3,0,6.67
2026-07-08,天津港 釣果,https://funatsuri-yoso.com/area/amatsu.html,0,2,0,6
2026-07-08,天津漁港 釣り,https://funatsuri-yoso.com/area/amatsu.html,0,1,0,8
2026-07-08,天津漁港 釣果,https://funatsuri-yoso.com/area/amatsu.html,0,1,0,7
2026-07-08,富津 釣果,https://funatsuri-yoso.com/area/futtsu.html,0,1,0,6
2026-07-08,富津港 釣果,https://funatsuri-yoso.com/area/futtsu.html,0,1,0,8
2026-07-08,金谷 アオリイカ,https://funatsuri-yoso.com/area/kanaya.html,0,1,0,7
2026-07-08,金谷 釣果,https://funatsuri-yoso.com/area/kanaya.html,0,1,0,8
2026-07-08,金谷港 アオリイカ,https://funatsuri-yoso.com/area/kanaya.html,0,1,0,9
2026-07-08,金谷港 釣果,https://funatsuri-yoso.com/area/kanaya.html,0,2,0,5.5
2026-07-08,釣果情報 関東,https://funatsuri-yoso.com/,0,1,0,9
2026-07-08,釣果速報 関東,https://funatsuri-yoso.com/,0,3,0,9
2026-07-08,関東 イサキ船,https://funatsuri-yoso.com/fish/isaki.html,0,1,0,12
2026-07-08,関東 タチウオ,https://funatsuri-yoso.com/fish/tachiuo.html,0,1,0,25
2026-07-08,関東 船釣り 釣果,https://funatsuri-yoso.com/,1,6,0.166667,8.17
2026-07-08,関東ヒラメ釣果,https://funatsuri-yoso.com/fish/hirame.html,0,1,0,5
2026-07-08,飯岡 釣果,https://funatsuri-yoso.com/area/iioka.html,0,1,0,10
2026-07-08,飯岡港 釣果,https://funatsuri-yoso.com/area/iioka.html,0,1,0,7
2026-07-08,飯岡漁港,https://funatsuri-yoso.com/area/iioka.html,0,1,0,24
2026-07-08,飯岡漁港 釣り,https://funatsuri-yoso.com/area/iioka.html,0,21,0,9.76
2026-07-08,飯岡漁港 釣れる魚,https://funatsuri-yoso.com/area/iioka.html,0,1,0,3
2026-07-08,飯岡漁港 釣果,https://funatsuri-yoso.com/area/iioka.html,0,28,0,5.39
2026-07-08,飯岡漁港釣果,https://funatsuri-yoso.com/area/iioka.html,0,3,0,5.33
2026-07-08,飯岡釣果,https://funatsuri-yoso.com/area/iioka.html,0,2,0,5
2026-07-09,あままさ丸,https://funatsuri-yoso.com/fish_area/shima-aji-ohara.html,0,1,0,4
2026-07-09,アジ 釣果 関東,https://funatsuri-yoso.com/fish/aji.html,0,1,0,10
2026-07-09,シマアジ 船釣り 関東,https://funatsuri-yoso.com/fish/shima-aji.html,0,1,0,10
2026-07-09,シマアジ 釣果,https://funatsuri-yoso.com/fish/shima-aji.html,0,1,0,9
2026-07-09,タコ釣り 関東,https://funatsuri-yoso.com/fish/madako.html,0,1,0,20
2026-07-09,ヒラメ釣り 関東,https://funatsuri-yoso.com/fish/hirame.html,0,1,0,11
2026-07-09,ムギイカ 時期,https://funatsuri-yoso.com/fish/mugiika.html,0,1,0,5
2026-07-09,久慈港 釣果,https://funatsuri-yoso.com/area/hitachi-kuji.html,0,1,0,4
2026-07-09,久慈漁港 釣果,https://funatsuri-yoso.com/area/hitachi-kuji.html,0,5,0,4.2
2026-07-09,久慈漁港釣果,https://funatsuri-yoso.com/area/hitachi-kuji.html,0,1,0,4
2026-07-09,佐島 釣り,https://funatsuri-yoso.com/area/sajima.html,0,1,0,11
2026-07-09,佐島港 釣り,https://funatsuri-yoso.com/area/sajima.html,0,1,0,9
2026-07-09,大原 シマアジ 船,https://funatsuri-yoso.com/area/ohara.html,0,1,0,17
2026-07-09,天津港 釣り,https://funatsuri-yoso.com/area/amatsu.html,0,11,0,8.18
2026-07-09,天津港 釣果,https://funatsuri-yoso.com/area/amatsu.html,0,3,0,6
2026-07-09,天津漁港 釣果,https://funatsuri-yoso.com/area/amatsu.html,0,5,0,5.6
2026-07-09,富津 釣果,https://funatsuri-yoso.com/area/futtsu.html,0,2,0,6.5
2026-07-09,山大丸 清水,https://funatsuri-yoso.com/ship/yamadai-maru.html,0,2,0,5.5
2026-07-09,川名漁港 釣り,https://funatsuri-yoso.com/fish/,0,1,0,51
2026-07-09,横浜 タコ釣り,https://funatsuri-yoso.com/fish/madako.html,0,1,0,15
2026-07-09,金谷 アオリイカ,https://funatsuri-yoso.com/area/kanaya.html,0,1,0,8
2026-07-09,金谷港 釣果,https://funatsuri-yoso.com/area/kanaya.html,0,3,0,7
2026-07-09,関東 アジ 釣果,https://funatsuri-yoso.com/fish/aji.html,0,1,0,8
2026-07-09,関東 シマアジ 釣り船,https://funatsuri-yoso.com/fish/shima-aji.html,0,1,0,9
2026-07-09,関東 船釣り,https://funatsuri-yoso.com/,0,1,0,27
2026-07-09,関東 船釣り 釣果,https://funatsuri-yoso.com/,0,4,0,9.5
2026-07-09,関東 釣果,https://funatsuri-yoso.com/,0,1,0,10
2026-07-09,関東ヒラメ釣果,https://funatsuri-yoso.com/fish/hirame.html,0,1,0,5
2026-07-09,飯岡港,https://funatsuri-yoso.com/area/iioka.html,0,1,0,10
2026-07-09,飯岡港 ヒラメ 最新釣果,https://funatsuri-yoso.com/area/iioka.html,0,1,0,10
2026-07-09,飯岡港 釣り,https://funatsuri-yoso.com/area/iioka.html,0,4,0,9.5
2026-07-09,飯岡港 釣果,https://funatsuri-yoso.com/area/iioka.html,0,1,0,7
2026-07-09,飯岡漁港 釣り,https://funatsuri-yoso.com/area/iioka.html,0,11,0,10.09
2026-07-09,飯岡漁港 釣果,https://funatsuri-yoso.com/area/iioka.html,0,38,0,5.11
2026-07-09,飯岡漁港釣果,https://funatsuri-yoso.com/area/iioka.html,0,5,0,4.6
2026-07-09,鹿島灘 釣果,https://funatsuri-yoso.com/fish_area/saba-kashima.html,0,1,0,10
2026-07-10,アジ 関東 釣果,https://funatsuri-yoso.com/fish/aji.html,0,2,0,9
2026-07-10,シマアジ 釣果,https://funatsuri-yoso.com/fish/shima-aji.html,0,1,0,8
2026-07-10,シーバス 釣果,https://funatsuri-yoso.com/fish/seabass.html,0,1,0,9
2026-07-10,タチウオ天秤,https://funatsuri-yoso.com/fish/tachiuo.html,0,1,0,9
2026-07-10,久慈港 釣果,https://funatsuri-yoso.com/area/hitachi-kuji.html,0,11,0,4.73
2026-07-10,久慈漁港 釣果,https://funatsuri-yoso.com/area/hitachi-kuji.html,0,11,0,5.09
2026-07-10,共栄丸 予約 状況,https://funatsuri-yoso.com/ship/kyoei-maru.html,0,1,0,9
2026-07-10,大原 イサキ シマアジ,https://funatsuri-yoso.com/area/ohara.html,0,1,0,7
2026-07-10,大原 イサキ シマアジ,https://funatsuri-yoso.com/fish_area/shima-aji-ohara.html,0,1,0,7
2026-07-10,大原 シマアジ シーズン,https://funatsuri-yoso.com/fish_area/shima-aji-ohara.html,0,1,0,11
2026-07-10,大原 シマアジ 釣果,https://funatsuri-yoso.com/fish_area/shima-aji-ohara.html,0,1,0,9
2026-07-10,大原 漁港 シマアジ 仕掛け,https://funatsuri-yoso.com/fish_area/shima-aji-ohara.html,0,2,0,23.5
2026-07-10,大原シマアジ釣果,https://funatsuri-yoso.com/fish_area/shima-aji-ohara.html,0,1,0,10
2026-07-10,大原船宿,https://funatsuri-yoso.com/area/ohara.html,0,1,0,41
2026-07-10,大洗沖 釣果,https://funatsuri-yoso.com/area/oarai.html,0,1,0,39
2026-07-10,天津港 釣り,https://funatsuri-yoso.com/area/amatsu.html,0,6,0,8.33
2026-07-10,天津港 釣果,https://funatsuri-yoso.com/area/amatsu.html,0,2,0,6
2026-07-10,天津漁港 釣り,https://funatsuri-yoso.com/area/amatsu.html,0,2,0,9
2026-07-10,天津漁港 釣果,https://funatsuri-yoso.com/area/amatsu.html,0,3,0,6.67
2026-07-10,太刀魚 関東,https://funatsuri-yoso.com/fish/tachiuo.html,0,1,0,10
2026-07-10,富津 釣果,https://funatsuri-yoso.com/area/futtsu.html,0,2,0,9
2026-07-10,富津釣果,https://funatsuri-yoso.com/area/futtsu.html,0,1,0,9
2026-07-10,山大丸,https://funatsuri-yoso.com/ship/yamadai-maru.html,0,4,0,8.5
2026-07-10,山大丸 清水,https://funatsuri-yoso.com/ship/yamadai-maru.html,0,8,0,6.38
2026-07-10,庄治郎丸 釣果,https://funatsuri-yoso.com/ship/shojiro-maru.html,0,1,0,10
2026-07-10,金谷 アオリイカ,https://funatsuri-yoso.com/area/kanaya.html,0,1,0,8
2026-07-10,金谷 アオリイカ ポイント,https://funatsuri-yoso.com/area/kanaya.html,0,2,0,9
2026-07-10,金谷港 アオリイカ,https://funatsuri-yoso.com/area/kanaya.html,0,2,0,7.5
2026-07-10,金谷港 エギング,https://funatsuri-yoso.com/area/kanaya.html,0,1,0,10
2026-07-10,金谷港 釣り,https://funatsuri-yoso.com/area/kanaya.html,0,1,0,8
2026-07-10,金谷港 釣果,https://funatsuri-yoso.com/area/kanaya.html,0,2,0,5
2026-07-10,釣り,https://funatsuri-yoso.com/area/kanaya.html,0,1,0,2
2026-07-10,関東 アジ 釣果,https://funatsuri-yoso.com/fish/aji.html,0,1,0,8
2026-07-10,関東 タコ釣り,https://funatsuri-yoso.com/fish/madako.html,0,1,0,13
2026-07-10,関東 船釣り 釣果,https://funatsuri-yoso.com/,0,1,0,11
2026-07-10,関東ヒラメ釣果,https://funatsuri-yoso.com/fish/hirame.html,0,3,0,5.67
2026-07-10,飯岡 釣果,https://funatsuri-yoso.com/area/iioka.html,0,1,0,10
2026-07-10,飯岡港,https://funatsuri-yoso.com/area/iioka.html,0,1,0,10
2026-07-10,飯岡港 釣り,https://funatsuri-yoso.com/area/iioka.html,0,6,0,9
2026-07-10,飯岡港 釣果,https://funatsuri-yoso.com/area/iioka.html,0,5,0,5
2026-07-10,飯岡漁港 釣り,https://funatsuri-yoso.com/area/iioka.html,0,14,0,11.36
2026-07-10,飯岡漁港 釣果,https://funatsuri-yoso.com/area/iioka.html,1,37,0.027027,5.14
2026-07-10,飯岡漁港釣果,https://funatsuri-yoso.com/area/iioka.html,0,3,0,5
2026-07-10,飯岡釣果,https://funatsuri-yoso.com/area/iioka.html,0,3,0,5
2026-07-10,鹿島灘 釣果,https://funatsuri-yoso.com/fish_area/saba-kashima.html,0,1,0,3
2026-07-11,lookers 幸丸,https://funatsuri-yoso.com/ship/ko-maru.html,0,3,0,28.33
2026-07-11,アオリイカ 茨城,https://funatsuri-yoso.com/fish/aoriika.html,0,1,0,4
2026-07-11,アジ 釣果 関東,https://funatsuri-yoso.com/fish/aji.html,0,1,0,7
2026-07-11,アジ 関東 釣果,https://funatsuri-yoso.com/fish/aji.html,0,1,0,9
2026-07-11,カンパチ釣り 関東,https://funatsuri-yoso.com/fish/kanpachi.html,0,4,0,7
2026-07-11,シマアジ 仕掛け 大原,https://funatsuri-yoso.com/fish_area/shima-aji-ohara.html,0,1,0,28
2026-07-11,シマアジ 大原,https://funatsuri-yoso.com/fish_area/shima-aji-ohara.html,0,1,0,12
2026-07-11,シマアジ 船釣り 関東,https://funatsuri-yoso.com/fish/shima-aji.html,0,2,0,9.5
2026-07-11,シマアジ 釣り方,https://funatsuri-yoso.com/fish/shima-aji.html,0,1,0,16
2026-07-11,シマアジ釣り船,https://funatsuri-yoso.com/fish/shima-aji.html,0,1,0,11
2026-07-11,マルイカ釣果,https://funatsuri-yoso.com/fish/maruika.html,0,1,0,35
2026-07-11,久慈港 釣り,https://funatsuri-yoso.com/area/hitachi-kuji.html,0,1,0,10
2026-07-11,久慈港 釣果,https://funatsuri-yoso.com/area/hitachi-kuji.html,1,9,0.111111,4.89
2026-07-11,久慈漁港 釣り,https://funatsuri-yoso.com/area/hitachi-kuji.html,0,1,0,11
2026-07-11,久慈漁港 釣果,https://funatsuri-yoso.com/area/hitachi-kuji.html,0,6,0,5
2026-07-11,久慈漁港釣果,https://funatsuri-yoso.com/area/hitachi-kuji.html,0,3,0,6
2026-07-11,大原 イサキ,https://funatsuri-yoso.com/fish_area/isaki-ohara.html,0,1,0,41
2026-07-11,大原 シマアジ,https://funatsuri-yoso.com/fish_area/shima-aji-ohara.html,0,1,0,10
2026-07-11,大原 シマアジ シーズン,https://funatsuri-yoso.com/fish_area/shima-aji-ohara.html,0,1,0,9
2026-07-11,大原 シマアジ 釣り船,https://funatsuri-yoso.com/fish_area/shima-aji-ohara.html,0,1,0,32
2026-07-11,大原港 シマアジ,https://funatsuri-yoso.com/fish_area/shima-aji-ohara.html,0,1,0,9
2026-07-11,大原港 釣り,https://funatsuri-yoso.com/area/ohara.html,0,1,0,33
2026-07-11,天津港,https://funatsuri-yoso.com/area/amatsu.html,0,2,0,17.5
2026-07-11,天津港 釣り,https://funatsuri-yoso.com/area/amatsu.html,0,2,0,8.5
2026-07-11,天津港 釣果,https://funatsuri-yoso.com/area/amatsu.html,0,2,0,6
2026-07-11,天津漁港 釣り,https://funatsuri-yoso.com/area/amatsu.html,0,2,0,9.5
2026-07-11,太刀魚 関東,https://funatsuri-yoso.com/fish/tachiuo.html,0,1,0,8
2026-07-11,山大丸,https://funatsuri-yoso.com/ship/yamadai-maru.html,0,7,0,7.86
2026-07-11,山大丸 清水,https://funatsuri-yoso.com/ship/yamadai-maru.html,0,3,0,5.67
2026-07-11,庄次郎,https://funatsuri-yoso.com/ship/shojiro-maru.html,0,2,0,33.5
2026-07-11,庄治郎丸 釣果,https://funatsuri-yoso.com/ship/shojiro-maru.html,0,5,0,10.4
2026-07-11,日立久慈港,https://funatsuri-yoso.com/area/hitachi-kuji.html,0,1,0,43
2026-07-11,本牧釣り 釣果,https://funatsuri-yoso.com/area/yokohama-honmoku.html,0,1,0,28
2026-07-11,東京 湾 タチウオ 釣果,https://funatsuri-yoso.com/fish/tachiuo.html,0,1,0,35
2026-07-11,正海丸,https://funatsuri-yoso.com/ship/shokai-maru.html,0,4,0,9.25
2026-07-11,正海丸 三浦,https://funatsuri-yoso.com/ship/shokai-maru.html,0,1,0,10
2026-07-11,正海丸 釣果,https://funatsuri-yoso.com/ship/shokai-maru.html,0,1,0,7
2026-07-11,焼津 風神丸,https://funatsuri-yoso.com/ship/fujin-maru.html,0,2,0,8
2026-07-11,金谷 アジ 釣果,https://funatsuri-yoso.com/area/kanaya.html,0,1,0,14
2026-07-11,金谷港 釣り,https://funatsuri-yoso.com/area/kanaya.html,0,10,0,9.7
2026-07-11,金谷港 釣果,https://funatsuri-yoso.com/area/kanaya.html,1,4,0.25,4.5
2026-07-11,金谷港釣り,https://funatsuri-yoso.com/area/kanaya.html,0,1,0,11
2026-07-11,釣果速報 関東,https://funatsuri-yoso.com/,0,1,0,10
2026-07-11,関東 アジ 釣果,https://funatsuri-yoso.com/fish/aji.html,0,1,0,8
2026-07-11,関東 イサキ釣り,https://funatsuri-yoso.com/fish/isaki.html,0,1,0,12
2026-07-11,関東 船釣り 釣果,https://funatsuri-yoso.com/,0,1,0,8
2026-07-11,関東 釣果 最新 2026,https://funatsuri-yoso.com/,0,2,0,18.5
2026-07-11,関東ヒラメ釣果,https://funatsuri-yoso.com/fish/hirame.html,0,2,0,4.5
2026-07-11,風神丸 焼津,https://funatsuri-yoso.com/ship/fujin-maru.html,0,4,0,6.75
2026-07-11,飯岡 釣果,https://funatsuri-yoso.com/area/iioka.html,0,1,0,9
2026-07-11,飯岡港 釣り,https://funatsuri-yoso.com/area/iioka.html,0,3,0,9
2026-07-11,飯岡港 釣果,https://funatsuri-yoso.com/area/iioka.html,0,4,0,3.75
2026-07-11,飯岡漁港,https://funatsuri-yoso.com/area/iioka.html,0,1,0,9
2026-07-11,飯岡漁港 釣り,https://funatsuri-yoso.com/area/iioka.html,1,19,0.052632,10.26
2026-07-11,飯岡漁港 釣果,https://funatsuri-yoso.com/area/iioka.html,1,56,0.017857,4.88
2026-07-11,飯岡漁港釣り,https://funatsuri-yoso.com/area/iioka.html,0,1,0,9
2026-07-11,飯岡漁港釣果,https://funatsuri-yoso.com/area/iioka.html,0,2,0,5.5
2026-07-12,アカイカ釣果,https://funatsuri-yoso.com/fish/%E3%82%A2%E3%82%AB%E3%82%A4%E3%82%AB.html,0,1,0,30
2026-07-12,アジ 釣果 関東,https://funatsuri-yoso.com/fish/aji.html,0,1,0,8
2026-07-12,アジ 関東 釣果,https://funatsuri-yoso.com/fish/aji.html,0,1,0,7
2026-07-12,イサキ 関東,https://funatsuri-yoso.com/fish/isaki.html,0,1,0,10
2026-07-12,カンパチ 釣果,https://funatsuri-yoso.com/fish/kanpachi.html,0,1,0,3
2026-07-12,シマアジ釣果,https://funatsuri-yoso.com/fish/shima-aji.html,0,1,0,9
2026-07-12,久慈港 釣果,https://funatsuri-yoso.com/area/hitachi-kuji.html,1,8,0.125,4.5
2026-07-12,久慈漁港 釣果,https://funatsuri-yoso.com/area/hitachi-kuji.html,0,20,0,5.1
2026-07-12,久慈漁港釣果,https://funatsuri-yoso.com/area/hitachi-kuji.html,0,3,0,6.33
2026-07-12,久料港 釣り,https://funatsuri-yoso.com/area/kuryo.html,0,1,0,8
2026-07-12,千代吉 丸 釣果,https://funatsuri-yoso.com/area/,0,1,0,75
2026-07-12,嘉丸,https://funatsuri-yoso.com/ship/ka-maru.html,0,1,0,9
2026-07-12,大原 シマアジ,https://funatsuri-yoso.com/fish_area/shima-aji-ohara.html,0,1,0,24
2026-07-12,大原 シマアジ タックル,https://funatsuri-yoso.com/fish_area/shima-aji-ohara.html,0,1,0,47
2026-07-12,大原 フグ 釣果,https://funatsuri-yoso.com/area/ohara.html,0,1,0,21
2026-07-12,大原シマアジ,https://funatsuri-yoso.com/fish_area/shima-aji-ohara.html,0,1,0,22
2026-07-12,大原漁港 釣り,https://funatsuri-yoso.com/area/ohara.html,1,3,0.333333,4
2026-07-12,大原船宿,https://funatsuri-yoso.com/fish_area/shima-aji-ohara.html,0,1,0,35
2026-07-12,大洗 港 釣果,https://funatsuri-yoso.com/area/oarai.html,0,1,0,23
2026-07-12,大貫沖,https://funatsuri-yoso.com/area/onuki-oki.html,0,1,0,8
2026-07-12,天津港 釣り,https://funatsuri-yoso.com/area/amatsu.html,0,2,0,8.5
2026-07-12,天津港 釣果,https://funatsuri-yoso.com/area/amatsu.html,0,4,0,5.75
2026-07-12,天津漁港,https://funatsuri-yoso.com/area/amatsu.html,0,2,0,11.5
2026-07-12,天津漁港 釣り,https://funatsuri-yoso.com/area/amatsu.html,0,1,0,7
2026-07-12,天津漁港 釣果,https://funatsuri-yoso.com/area/amatsu.html,0,2,0,5
2026-07-12,富津 釣果,https://funatsuri-yoso.com/area/futtsu.html,0,4,0,6.75
2026-07-12,山大丸,https://funatsuri-yoso.com/ship/yamadai-maru.html,0,9,0,8
2026-07-12,山大丸 清水,https://funatsuri-yoso.com/ship/yamadai-maru.html,0,1,0,6
2026-07-12,平塚 庄治郎丸 釣果,https://funatsuri-yoso.com/ship/shojiro-maru.html,0,1,0,12
2026-07-12,庄 治郎丸,https://funatsuri-yoso.com/ship/shojiro-maru.html,0,1,0,23
2026-07-12,庄 治郎丸 釣果,https://funatsuri-yoso.com/ship/shojiro-maru.html,0,1,0,12
2026-07-12,庄治郎丸,https://funatsuri-yoso.com/ship/shojiro-maru.html,0,1,0,22
2026-07-12,庄治郎丸 釣果,https://funatsuri-yoso.com/ship/shojiro-maru.html,0,6,0,10.67
2026-07-12,戸田 ふじ丸,https://funatsuri-yoso.com/ship/fuji-maru.html,1,1,1,9
2026-07-12,正海丸,https://funatsuri-yoso.com/ship/shokai-maru.html,0,5,0,9.4
2026-07-12,浜金谷 釣り,https://funatsuri-yoso.com/area/kanaya.html,0,1,0,1
2026-07-12,熱海 釣り船,https://funatsuri-yoso.com/area/atami-port.html,0,1,0,58
2026-07-12,腰越漁港 釣果,https://funatsuri-yoso.com/area/koshigoe.html,0,1,0,8
2026-07-12,金谷 釣り,https://funatsuri-yoso.com/area/kanaya.html,0,2,0,11
2026-07-12,金谷 釣果,https://funatsuri-yoso.com/area/kanaya.html,0,2,0,4.5
2026-07-12,金谷港 釣り,https://funatsuri-yoso.com/area/kanaya.html,2,12,0.166667,8.25
2026-07-12,金谷港 釣果,https://funatsuri-yoso.com/area/kanaya.html,0,1,0,5
2026-07-12,金谷港釣り,https://funatsuri-yoso.com/area/kanaya.html,0,1,0,10
2026-07-12,金谷漁港 釣り,https://funatsuri-yoso.com/area/kanaya.html,0,1,0,10
2026-07-12,金谷釣り,https://funatsuri-yoso.com/area/kanaya.html,0,1,0,11
2026-07-12,釣果速報 関東,https://funatsuri-yoso.com/,0,1,0,9
2026-07-12,関東 船釣り 釣果,https://funatsuri-yoso.com/,0,2,0,7
2026-07-12,関東ヒラメ釣果,https://funatsuri-yoso.com/fish/hirame.html,0,7,0,5.14
2026-07-12,風神丸 焼津,https://funatsuri-yoso.com/ship/fujin-maru.html,0,3,0,7
2026-07-12,飯岡 釣果,https://funatsuri-yoso.com/area/iioka.html,0,2,0,8.5
2026-07-12,飯岡海岸 釣り,https://funatsuri-yoso.com/area/iioka.html,0,1,0,32
2026-07-12,飯岡港 釣り,https://funatsuri-yoso.com/area/iioka.html,0,1,0,11
2026-07-12,飯岡港 釣果,https://funatsuri-yoso.com/area/iioka.html,0,6,0,4.33
2026-07-12,飯岡漁港,https://funatsuri-yoso.com/area/iioka.html,0,2,0,9
2026-07-12,飯岡漁港 釣り,https://funatsuri-yoso.com/area/iioka.html,0,10,0,9.7
2026-07-12,飯岡漁港 釣れる魚,https://funatsuri-yoso.com/area/iioka.html,0,1,0,9
2026-07-12,飯岡漁港 釣果,https://funatsuri-yoso.com/area/iioka.html,0,30,0,4.43
2026-07-12,飯岡釣果,https://funatsuri-yoso.com/area/iioka.html,1,4,0.25,6.25
2026-07-13,ふじ丸 戸田,https://funatsuri-yoso.com/ship/fuji-maru.html,0,1,0,20
2026-07-13,シマアジ 釣り 関東,https://funatsuri-yoso.com/fish/shima-aji.html,0,1,0,36
2026-07-13,シーバス 釣果,https://funatsuri-yoso.com/fish/seabass.html,0,1,0,40
2026-07-13,久料港 釣り,https://funatsuri-yoso.com/area/kuryo.html,0,1,0,7
2026-07-13,剣崎沖 釣果,https://funatsuri-yoso.com/area/kenzaki-oki.html,1,1,1,9
2026-07-13,加幸丸,https://funatsuri-yoso.com/ship/kako-maru.html,0,2,0,4
2026-07-13,大原 イサキ 釣り船,https://funatsuri-yoso.com/fish_area/isaki-ohara.html,0,1,0,55
2026-07-13,大原 シマアジ,https://funatsuri-yoso.com/fish_area/shima-aji-ohara.html,0,1,0,53
2026-07-13,大原シマアジ釣果,https://funatsuri-yoso.com/area/ohara.html,0,2,0,13
2026-07-13,大洗 港 釣果,https://funatsuri-yoso.com/area/oarai.html,0,1,0,23
2026-07-13,大洗 釣り,https://funatsuri-yoso.com/area/oarai.html,0,1,0,54
2026-07-13,大洗 釣り 堤防 釣果,https://funatsuri-yoso.com/area/oarai.html,0,1,0,10
2026-07-13,大洗 釣果,https://funatsuri-yoso.com/area/oarai.html,0,1,0,25
2026-07-13,大洗釣り釣果,https://funatsuri-yoso.com/area/oarai.html,0,1,0,14
2026-07-13,大洗釣果情報,https://funatsuri-yoso.com/area/oarai.html,0,2,0,21
2026-07-13,天津港 釣果,https://funatsuri-yoso.com/area/amatsu.html,0,10,0,5
2026-07-13,天津漁港,https://funatsuri-yoso.com/area/amatsu.html,0,1,0,11
2026-07-13,天津漁港 釣り,https://funatsuri-yoso.com/area/amatsu.html,0,1,0,10
2026-07-13,天津漁港 釣果,https://funatsuri-yoso.com/area/amatsu.html,0,1,0,5
2026-07-13,富津 釣果,https://funatsuri-yoso.com/area/futtsu.html,0,2,0,8.5
2026-07-13,富津港,https://funatsuri-yoso.com/area/futtsu.html,0,2,0,6
2026-07-13,富津釣果,https://funatsuri-yoso.com/area/futtsu.html,0,1,0,8
2026-07-13,小柴沖,https://funatsuri-yoso.com/area/koshiba-oki.html,0,2,0,4
2026-07-13,平作 丸 釣果,https://funatsuri-yoso.com/ship/heisaku-maru.html,0,1,0,29
2026-07-13,平作丸,https://funatsuri-yoso.com/ship/heisaku-maru.html,0,2,0,37
2026-07-13,庄 治郎丸,https://funatsuri-yoso.com/ship/shojiro-maru.html,0,1,0,42
2026-07-13,庄治郎丸,https://funatsuri-yoso.com/ship/shojiro-maru.html,0,1,0,42
2026-07-13,戸田港 ふじ丸,https://funatsuri-yoso.com/ship/fuji-maru.html,0,1,0,22
2026-07-13,東京湾 タチウオ 釣果,https://funatsuri-yoso.com/fish/tachiuo.html,0,1,0,130
2026-07-13,浜金谷港 釣り,https://funatsuri-yoso.com/area/kanaya.html,0,3,0,10.33
2026-07-13,片瀬漁港 釣り,https://funatsuri-yoso.com/fish/ara.html,0,1,0,28
2026-07-13,片瀬漁港 釣り,https://funatsuri-yoso.com/fish/onikasago.html,0,1,0,21
2026-07-13,腰越漁港 釣果,https://funatsuri-yoso.com/area/koshigoe.html,0,1,0,10
2026-07-13,茨城 タチウオ,https://funatsuri-yoso.com/area/,0,1,0,17
2026-07-13,金谷 アオリイカ ポイント,https://funatsuri-yoso.com/area/kanaya.html,0,1,0,10
2026-07-13,金谷 釣り,https://funatsuri-yoso.com/area/kanaya.html,0,1,0,12
2026-07-13,金谷 釣果,https://funatsuri-yoso.com/area/kanaya.html,0,3,0,5.33
2026-07-13,金谷港 アオリイカ,https://funatsuri-yoso.com/area/kanaya.html,0,1,0,7
2026-07-13,金谷港 釣り,https://funatsuri-yoso.com/area/kanaya.html,1,14,0.071429,8.93
2026-07-13,金谷港 釣果,https://funatsuri-yoso.com/area/kanaya.html,1,3,0.333333,4.67
2026-07-13,釣果 情報,https://funatsuri-yoso.com/,0,1,0,49
2026-07-13,釣果 関東,https://funatsuri-yoso.com/,0,1,0,25
2026-07-13,釣果情報,https://funatsuri-yoso.com/,0,1,0,44
2026-07-13,釣果速報,https://funatsuri-yoso.com/fish/,0,1,0,57
2026-07-13,釣果速報 関東,https://funatsuri-yoso.com/,0,3,0,10.33
2026-07-13,長福丸 レビュー,https://funatsuri-yoso.com/fish_area/isaki-ohara.html,0,1,0,4
2026-07-13,関東 船釣り 釣果,https://funatsuri-yoso.com/,0,4,0,10.5
2026-07-13,関東 釣果,https://funatsuri-yoso.com/,0,1,0,24
2026-07-13,関東 釣果,https://funatsuri-yoso.com/fish/aji.html,0,1,0,65
2026-07-13,静浦 漁港 釣果,https://funatsuri-yoso.com/area/shizuura.html,0,1,0,19
2026-07-13,静浦漁港 釣果,https://funatsuri-yoso.com/area/shizuura.html,0,2,0,10
2026-07-13,飯岡 ヒラメ,https://funatsuri-yoso.com/fish_area/hirame-iioka.html,0,1,0,57
2026-07-13,飯岡 釣果,https://funatsuri-yoso.com/area/iioka.html,0,1,0,12
2026-07-13,飯岡港 釣果,https://funatsuri-yoso.com/area/iioka.html,0,3,0,5.67
2026-07-13,飯岡漁港,https://funatsuri-yoso.com/area/iioka.html,0,1,0,10
2026-07-13,飯岡漁港 釣り,https://funatsuri-yoso.com/area/iioka.html,0,9,0,9.33
2026-07-13,飯岡漁港 釣果,https://funatsuri-yoso.com/area/iioka.html,2,30,0.066667,4.77
2026-07-13,鹿島 釣果,https://funatsuri-yoso.com/area/kashima-kita-oki.html,0,1,0,45
2026-07-14,seekers 釣華丸,https://funatsuri-yoso.com/ship/chowari-01315.html,0,2,0,29.5
2026-07-14,三里浜 釣り,https://funatsuri-yoso.com/area/kurihama-oki.html,0,1,0,69
2026-07-14,久慈漁港 釣り,https://funatsuri-yoso.com/area/hitachi-kuji.html,0,1,0,2
2026-07-14,久里浜船宿,https://funatsuri-yoso.com/area/kurihama-oki.html,0,1,0,12
2026-07-14,保田 釣果,https://funatsuri-yoso.com/area/hota-oki.html,0,1,0,8
2026-07-14,加幸丸,https://funatsuri-yoso.com/ship/kako-maru.html,0,1,0,8
2026-07-14,大原 船釣り,https://funatsuri-yoso.com/area/ohara.html,0,1,0,36
2026-07-14,大洗,https://funatsuri-yoso.com/area/oarai.html,0,1,0,1
2026-07-14,大洗港 釣果,https://funatsuri-yoso.com/area/oarai.html,0,2,0,21
2026-07-14,天津港 釣果,https://funatsuri-yoso.com/area/amatsu.html,0,1,0,5
2026-07-14,天津漁港 釣果,https://funatsuri-yoso.com/area/amatsu.html,0,3,0,5
2026-07-14,富津 釣果,https://funatsuri-yoso.com/area/futtsu.html,0,3,0,7.33
2026-07-14,富津港 釣果,https://funatsuri-yoso.com/area/futtsu.html,0,1,0,9
2026-07-14,富津釣果,https://funatsuri-yoso.com/area/futtsu.html,0,2,0,5
2026-07-14,庄治郎丸,https://funatsuri-yoso.com/ship/shojiro-maru.html,0,1,0,47
2026-07-14,戸田港 ふじ丸,https://funatsuri-yoso.com/ship/fuji-maru.html,0,2,0,20
2026-07-14,沼津 江浦港 伊勝丸,https://funatsuri-yoso.com/ship/ikatsu-maru.html,0,2,0,38.5
2026-07-14,猿島 釣り,https://funatsuri-yoso.com/area/sarushima-oki.html,0,1,0,29
2026-07-14,猿島 釣果,https://funatsuri-yoso.com/area/sarushima-oki.html,0,2,0,13
2026-07-14,腰越漁港 釣果,https://funatsuri-yoso.com/area/koshigoe.html,0,2,0,10
2026-07-14,船 釣り ブログ,https://funatsuri-yoso.com/,0,1,0,38
2026-07-14,茅ヶ崎 船宿,https://funatsuri-yoso.com/area/chigasaki-oki.html,0,2,0,13
2026-07-14,金谷 アオリイカ,https://funatsuri-yoso.com/area/kanaya.html,0,1,0,5
2026-07-14,金谷 釣り,https://funatsuri-yoso.com/area/kanaya.html,0,3,0,12.67
2026-07-14,金谷港 釣り,https://funatsuri-yoso.com/area/kanaya.html,0,9,0,8.67
2026-07-14,金谷漁港 釣り,https://funatsuri-yoso.com/area/kanaya.html,0,3,0,10
2026-07-14,金谷釣り,https://funatsuri-yoso.com/area/kanaya.html,0,1,0,13
2026-07-14,釣果速報,https://funatsuri-yoso.com/,0,1,0,8
2026-07-14,釣果速報 関東,https://funatsuri-yoso.com/,0,3,0,9.33
2026-07-14,関東 船釣り 釣果,https://funatsuri-yoso.com/,0,3,0,8
2026-07-14,関東釣り情報,https://funatsuri-yoso.com/,0,1,0,14
2026-07-14,静浦港 釣果,https://funatsuri-yoso.com/area/shizuura.html,0,2,0,14
2026-07-14,静浦漁港 釣果,https://funatsuri-yoso.com/area/shizuura.html,0,7,0,11.14
2026-07-14,飯岡海岸,https://funatsuri-yoso.com/area/iioka.html,0,1,0,17
2026-07-14,飯岡港 釣り,https://funatsuri-yoso.com/area/iioka.html,0,1,0,11
2026-07-14,飯岡港 釣果,https://funatsuri-yoso.com/area/iioka.html,0,2,0,6
2026-07-14,飯岡漁港 釣り,https://funatsuri-yoso.com/area/iioka.html,0,6,0,9.33
2026-07-14,飯岡漁港 釣れる魚,https://funatsuri-yoso.com/area/iioka.html,0,3,0,9
2026-07-14,飯岡漁港 釣果,https://funatsuri-yoso.com/area/iioka.html,0,26,0,4.62
2026-07-14,飯岡漁港釣果,https://funatsuri-yoso.com/area/iioka.html,0,1,0,6
2026-07-14,飯岡釣果,https://funatsuri-yoso.com/area/iioka.html,0,1,0,8
2026-07-15,カンパチ 釣果,https://funatsuri-yoso.com/fish/kanpachi.html,0,1,0,10
2026-07-15,シマアジ 大原,https://funatsuri-yoso.com/fish_area/shima-aji-ohara.html,0,1,0,9
2026-07-15,シマアジ 船釣り 関東,https://funatsuri-yoso.com/fish/shima-aji.html,0,1,0,9
2026-07-15,シマアジ 釣り 関東,https://funatsuri-yoso.com/fish/shima-aji.html,0,1,0,10
2026-07-15,タチウオ 東京湾 釣果,https://funatsuri-yoso.com/fish/tachiuo.html,0,2,0,72
2026-07-15,マルイカ 釣果 関東,https://funatsuri-yoso.com/fish/maruika.html,0,1,0,11
2026-07-15,マルイカ釣果,https://funatsuri-yoso.com/fish/maruika.html,0,1,0,39
2026-07-15,下田 白浜大浜 ブリ 釣果 サーフ,https://funatsuri-yoso.com/fish_area/buri-shimoda.html,0,1,0,1
2026-07-15,今日の釣果,https://funatsuri-yoso.com/,0,1,0,7
2026-07-15,佐島港 釣り,https://funatsuri-yoso.com/area/sajima.html,0,1,0,10
2026-07-15,剣崎沖 釣果,https://funatsuri-yoso.com/area/kenzaki-oki.html,0,1,0,10
2026-07-15,加幸丸,https://funatsuri-yoso.com/ship/kako-maru.html,0,2,0,5
2026-07-15,大原 シマアジ,https://funatsuri-yoso.com/fish_area/shima-aji-ohara.html,0,2,0,9.5
2026-07-15,大原シマアジ釣果,https://funatsuri-yoso.com/fish_area/shima-aji-ohara.html,0,1,0,10
2026-07-15,大原港 シマアジ,https://funatsuri-yoso.com/fish_area/shima-aji-ohara.html,0,1,0,9
2026-07-15,大洗 釣り 釣果,https://funatsuri-yoso.com/area/oarai.html,0,1,0,11
2026-07-15,天津港 釣り,https://funatsuri-yoso.com/area/amatsu.html,0,1,0,9
2026-07-15,天津港 釣果,https://funatsuri-yoso.com/area/amatsu.html,0,1,0,7
2026-07-15,天津漁港 釣果,https://funatsuri-yoso.com/area/amatsu.html,0,1,0,5
2026-07-15,富津 釣果,https://funatsuri-yoso.com/area/futtsu.html,0,4,0,8.25
2026-07-15,平塚,https://funatsuri-yoso.com/fish_area/aji-%E5%B9%B3%E5%A1%9A%E6%BC%81%E6%B8%AF.html,0,1,0,8
2026-07-15,庄治郎丸,https://funatsuri-yoso.com/ship/shojiro-maru.html,0,1,0,45
2026-07-15,政美丸 釣果,https://funatsuri-yoso.com/ship/masami-maru.html,0,1,0,8
2026-07-15,横浜アジング釣果,https://funatsuri-yoso.com/fish_area/aji-yokohama.html,0,1,0,4
2026-07-15,海 桜 丸 由比,https://funatsuri-yoso.com/ship/kaio-maru.html,0,1,0,12
2026-07-15,腰越漁港 釣果,https://funatsuri-yoso.com/area/koshigoe.html,0,1,0,11
2026-07-15,金谷港 釣り,https://funatsuri-yoso.com/area/kanaya.html,0,7,0,9
2026-07-15,金谷漁港 釣り,https://funatsuri-yoso.com/area/kanaya.html,0,3,0,9.67
2026-07-15,釣果速報 関東,https://funatsuri-yoso.com/,0,3,0,8
2026-07-15,関東 船釣り 釣果,https://funatsuri-yoso.com/,0,3,0,7.33
2026-07-15,関東 釣果,https://funatsuri-yoso.com/,0,1,0,13
2026-07-15,関東 釣果,https://funatsuri-yoso.com/fish/aji.html,0,1,0,63
2026-07-15,関東ヒラメ釣果,https://funatsuri-yoso.com/fish/hirame.html,0,1,0,6
2026-07-15,関東沖釣り情報ページ,https://funatsuri-yoso.com/,0,1,0,57
2026-07-15,静浦漁港 釣果,https://funatsuri-yoso.com/area/shizuura.html,0,4,0,12.5
2026-07-15,飯岡 漁港 ヒラメ ポイント,https://funatsuri-yoso.com/area/iioka.html,0,1,0,15
2026-07-15,飯岡 釣り,https://funatsuri-yoso.com/area/iioka.html,0,1,0,16
2026-07-15,飯岡港 釣り,https://funatsuri-yoso.com/area/iioka.html,0,6,0,7.83
2026-07-15,飯岡港 釣果,https://funatsuri-yoso.com/area/iioka.html,0,1,0,6
2026-07-15,飯岡漁港 釣り,https://funatsuri-yoso.com/area/iioka.html,2,8,0.25,9.25
2026-07-15,飯岡漁港 釣果,https://funatsuri-yoso.com/area/iioka.html,0,37,0,4.43
2026-07-15,飯岡釣果,https://funatsuri-yoso.com/area/iioka.html,0,1,0,10
2026-07-15,鹿島港釣果,https://funatsuri-yoso.com/area/kashima.html,0,1,0,12
2026-07-15,鹿島釣果,https://funatsuri-yoso.com/area/kashima.html,0,1,0,15
2026-07-16,アジ 関東 釣果,https://funatsuri-yoso.com/fish/aji.html,0,1,0,9
2026-07-16,アジ釣果,https://funatsuri-yoso.com/fish_area/aji-yokohama.html,0,1,0,4
2026-07-16,伝五郎丸,https://funatsuri-yoso.com/ship/chowari-01191.html,0,1,0,10
2026-07-16,大原 シマアジ,https://funatsuri-yoso.com/fish_area/shima-aji-ohara.html,0,6,0,11.33
2026-07-16,大原シマアジ,https://funatsuri-yoso.com/fish_area/shima-aji-ohara.html,0,2,0,11
2026-07-16,大原シマアジ釣果,https://funatsuri-yoso.com/fish_area/shima-aji-ohara.html,0,1,0,10
2026-07-16,大洗 釣り,https://funatsuri-yoso.com/area/oarai.html,0,1,0,5
2026-07-16,天津港 釣り,https://funatsuri-yoso.com/area/amatsu.html,0,2,0,7
2026-07-16,天津港 釣果,https://funatsuri-yoso.com/area/amatsu.html,0,4,0,6
2026-07-16,天津漁港 釣り,https://funatsuri-yoso.com/area/amatsu.html,0,2,0,7
2026-07-16,天津漁港 釣果,https://funatsuri-yoso.com/area/amatsu.html,0,7,0,4.29
2026-07-16,富津 釣果,https://funatsuri-yoso.com/area/futtsu.html,0,1,0,9
2026-07-16,富津岬 釣果,https://funatsuri-yoso.com/area/futtsu.html,0,1,0,7
2026-07-16,山大丸,https://funatsuri-yoso.com/ship/yamadai-maru.html,0,4,0,9
2026-07-16,庄治郎丸,https://funatsuri-yoso.com/ship/shojiro-maru.html,0,2,0,40
2026-07-16,横浜アジング釣果,https://funatsuri-yoso.com/fish_area/aji-yokohama.html,0,1,0,4
2026-07-16,浜金谷 釣り,https://funatsuri-yoso.com/area/kanaya.html,0,1,0,12
2026-07-16,海 桜 丸 由比,https://funatsuri-yoso.com/ship/kaio-maru.html,0,1,0,6
2026-07-16,海桜丸 由比,https://funatsuri-yoso.com/ship/kaio-maru.html,0,1,0,10
2026-07-16,福浦漁港,https://funatsuri-yoso.com/area/fukuura-yugawara.html,0,1,0,13
2026-07-16,金谷 釣り,https://funatsuri-yoso.com/area/kanaya.html,0,2,0,11
2026-07-16,金谷 釣果,https://funatsuri-yoso.com/area/kanaya.html,0,1,0,5
2026-07-16,金谷港 アオリイカ,https://funatsuri-yoso.com/area/kanaya.html,0,1,0,8
2026-07-16,金谷港 釣り,https://funatsuri-yoso.com/area/kanaya.html,1,6,0.166667,8.5
2026-07-16,金谷港 釣果,https://funatsuri-yoso.com/area/kanaya.html,0,3,0,5.33
2026-07-16,金谷漁港 釣り,https://funatsuri-yoso.com/area/kanaya.html,0,1,0,11
2026-07-16,釣果速報,https://funatsuri-yoso.com/,0,1,0,10
2026-07-16,釣果速報 関東,https://funatsuri-yoso.com/,0,4,0,7.5
2026-07-16,関東 船釣り 釣果,https://funatsuri-yoso.com/,0,1,0,5
2026-07-16,関東ヒラメ釣果,https://funatsuri-yoso.com/fish/hirame.html,0,1,0,5
2026-07-16,関東釣り情報,https://funatsuri-yoso.com/,0,1,0,10
2026-07-16,静浦港 釣果,https://funatsuri-yoso.com/area/shizuura.html,0,1,0,11
2026-07-16,静浦漁港 釣果,https://funatsuri-yoso.com/area/shizuura.html,0,1,0,12
2026-07-16,飯岡港 釣り,https://funatsuri-yoso.com/area/iioka.html,0,5,0,11
2026-07-16,飯岡港 釣果,https://funatsuri-yoso.com/area/iioka.html,0,3,0,7
2026-07-16,飯岡漁港 釣り,https://funatsuri-yoso.com/area/iioka.html,0,9,0,7.78
2026-07-16,飯岡漁港 釣果,https://funatsuri-yoso.com/area/iioka.html,0,35,0,5.11
2026-07-16,飯岡漁港釣果,https://funatsuri-yoso.com/area/iioka.html,0,1,0,2
2026-07-16,飯岡釣り,https://funatsuri-yoso.com/area/iioka.html,0,1,0,11
2026-07-17,シマアジ 大原,https://funatsuri-yoso.com/fish_area/shima-aji-ohara.html,0,1,0,32
2026-07-17,マルイカ釣果,https://funatsuri-yoso.com/fish/maruika.html,0,1,0,67
2026-07-17,ワラサ 釣果,https://funatsuri-yoso.com/fish/warasa.html,0,1,0,50
2026-07-17,佐島 釣り ポイント,https://funatsuri-yoso.com/area/sajima.html,0,1,0,11
2026-07-17,大原 シマアジ,https://funatsuri-yoso.com/fish_area/shima-aji-ohara.html,0,1,0,40
2026-07-17,大原シマアジ釣果,https://funatsuri-yoso.com/area/ohara.html,0,1,0,18
2026-07-17,大洗 船宿 一覧,https://funatsuri-yoso.com/area/oarai.html,0,1,0,12
2026-07-17,大洗 釣り,https://funatsuri-yoso.com/area/oarai.html,0,1,0,2
2026-07-17,天津港 釣り,https://funatsuri-yoso.com/area/amatsu.html,0,1,0,10
2026-07-17,天津港 釣果,https://funatsuri-yoso.com/area/amatsu.html,0,3,0,7.33
2026-07-17,天津漁港,https://funatsuri-yoso.com/area/amatsu.html,0,1,0,11
2026-07-17,天津漁港 釣り,https://funatsuri-yoso.com/area/amatsu.html,0,1,0,9
2026-07-17,天津漁港 釣果,https://funatsuri-yoso.com/area/amatsu.html,0,3,0,3.67
2026-07-17,安良里漁港 釣果,https://funatsuri-yoso.com/fish_area/aji-arari.html,0,1,0,11
2026-07-17,富津港 釣果,https://funatsuri-yoso.com/area/futtsu.html,0,1,0,7
2026-07-17,庄次郎,https://funatsuri-yoso.com/ship/shojiro-maru.html,0,1,0,47
2026-07-17,東京湾 タチウオ 釣果,https://funatsuri-yoso.com/fish/tachiuo.html,0,1,0,18
2026-07-17,洋生丸 釣果,https://funatsuri-yoso.com/area/kashima.html,0,1,0,8
2026-07-17,浜金谷港 釣り,https://funatsuri-yoso.com/area/kanaya.html,0,1,0,9
2026-07-17,海 桜 丸 由比,https://funatsuri-yoso.com/ship/kaio-maru.html,0,1,0,9
2026-07-17,海桜丸 由比,https://funatsuri-yoso.com/ship/kaio-maru.html,0,6,0,9.83
2026-07-17,腰越漁港 釣果,https://funatsuri-yoso.com/area/koshigoe.html,0,1,0,9
2026-07-17,金谷 釣り,https://funatsuri-yoso.com/area/kanaya.html,0,1,0,12
2026-07-17,金谷 釣果,https://funatsuri-yoso.com/area/kanaya.html,0,1,0,6
2026-07-17,金谷港 釣り,https://funatsuri-yoso.com/area/kanaya.html,0,10,0,8.6
2026-07-17,金谷港 釣果,https://funatsuri-yoso.com/area/kanaya.html,2,5,0.4,6
2026-07-17,金谷港釣り,https://funatsuri-yoso.com/area/kanaya.html,0,1,0,9
2026-07-17,金谷漁港 釣り,https://funatsuri-yoso.com/area/kanaya.html,0,1,0,11
2026-07-17,釣果速報 関東,https://funatsuri-yoso.com/,0,4,0,8.75
2026-07-17,関東 船釣り 釣果,https://funatsuri-yoso.com/,0,2,0,9
2026-07-17,静浦漁港 釣果,https://funatsuri-yoso.com/area/shizuura.html,0,9,0,11.67
2026-07-17,飯岡 漁港 ヒラメ ポイント,https://funatsuri-yoso.com/area/iioka.html,0,1,0,15
2026-07-17,飯岡 漁港 ヒラメ ポイント,https://funatsuri-yoso.com/fish_area/hirame-iioka.html,0,1,0,51
2026-07-17,飯岡 釣り,https://funatsuri-yoso.com/area/iioka.html,0,5,0,9
2026-07-17,飯岡 釣果,https://funatsuri-yoso.com/area/iioka.html,0,1,0,3
2026-07-17,飯岡海岸 釣り,https://funatsuri-yoso.com/area/iioka.html,0,1,0,10
2026-07-17,飯岡港 釣り,https://funatsuri-yoso.com/area/iioka.html,0,7,0,10.43
2026-07-17,飯岡港 釣果,https://funatsuri-yoso.com/area/iioka.html,1,3,0.333333,4
2026-07-17,飯岡漁港 釣り,https://funatsuri-yoso.com/area/iioka.html,0,18,0,9.61
2026-07-17,飯岡漁港 釣果,https://funatsuri-yoso.com/area/iioka.html,0,54,0,4.76
2026-07-17,飯岡漁港釣り,https://funatsuri-yoso.com/area/iioka.html,0,1,0,11
2026-07-17,飯岡漁港釣果,https://funatsuri-yoso.com/area/iioka.html,0,3,0,7
2026-07-17,飯岡釣り,https://funatsuri-yoso.com/area/iioka.html,0,1,0,9
2026-07-17,鹿島港釣果,https://funatsuri-yoso.com/area/kashima.html,0,1,0,13
2026-07-18,アジ 釣果 関東,https://funatsuri-yoso.com/fish/aji.html,0,1,0,7
2026-07-18,シマアジ 釣り 関東,https://funatsuri-yoso.com/fish/shima-aji.html,1,3,0.333333,8.67
2026-07-18,シマアジ釣果,https://funatsuri-yoso.com/fish/shima-aji.html,0,1,0,6
2026-07-18,マルイカ釣果,https://funatsuri-yoso.com/fish/maruika.html,0,1,0,29
2026-07-18,会瀬漁港 釣果,https://funatsuri-yoso.com/fish_area/hirame-ose.html,0,2,0,6.5
2026-07-18,伝五郎丸,https://funatsuri-yoso.com/ship/chowari-01191.html,0,3,0,17
2026-07-18,佐島 釣り ポイント,https://funatsuri-yoso.com/area/sajima.html,0,2,0,7
2026-07-18,大原 シマアジ,https://funatsuri-yoso.com/fish_area/shima-aji-ohara.html,1,2,0.5,12.5
2026-07-18,大原 シマアジ ロッド,https://funatsuri-yoso.com/fish_area/shima-aji-ohara.html,0,1,0,27
2026-07-18,大原 シマアジ 釣果,https://funatsuri-yoso.com/fish_area/shima-aji-ohara.html,0,1,0,7
2026-07-18,大原港 シマアジ,https://funatsuri-yoso.com/fish_area/shima-aji-ohara.html,0,1,0,12
2026-07-18,大洗 釣り,https://funatsuri-yoso.com/area/oarai.html,0,1,0,2
2026-07-18,天津港 釣り,https://funatsuri-yoso.com/area/amatsu.html,0,2,0,10.5
2026-07-18,天津港 釣果,https://funatsuri-yoso.com/area/amatsu.html,0,4,0,6.75
2026-07-18,天津漁港 釣り,https://funatsuri-yoso.com/area/amatsu.html,0,1,0,6
2026-07-18,天津漁港 釣果,https://funatsuri-yoso.com/area/amatsu.html,0,4,0,3.25
2026-07-18,富津 釣果,https://funatsuri-yoso.com/area/futtsu.html,0,2,0,8
2026-07-18,山大丸,https://funatsuri-yoso.com/ship/yamadai-maru.html,0,7,0,8.57
2026-07-18,平塚 庄 治郎丸 釣果,https://funatsuri-yoso.com/ship/shojiro-maru.html,0,1,0,10
2026-07-18,庄治郎丸,https://funatsuri-yoso.com/ship/shojiro-maru.html,0,1,0,30
2026-07-18,庄治郎丸 釣果,https://funatsuri-yoso.com/ship/shojiro-maru.html,0,4,0,11.25
2026-07-18,明広丸 釣果,https://funatsuri-yoso.com/ship/akihiro-maru.html,0,1,0,8
2026-07-18,沼津 江浦港 伊勝丸,https://funatsuri-yoso.com/ship/ikatsu-maru.html,0,1,0,25
2026-07-18,浜金谷港 釣り,https://funatsuri-yoso.com/area/kanaya.html,0,2,0,9
2026-07-18,海 桜 丸 由比,https://funatsuri-yoso.com/ship/kaio-maru.html,0,2,0,10
2026-07-18,海桜丸 由比,https://funatsuri-yoso.com/ship/kaio-maru.html,0,1,0,9
2026-07-18,福浦漁港 釣果,https://funatsuri-yoso.com/area/fukuura-yugawara.html,0,1,0,6
2026-07-18,金谷 アオリイカ ポイント,https://funatsuri-yoso.com/area/kanaya.html,0,2,0,8
2026-07-18,金谷 釣り,https://funatsuri-yoso.com/area/kanaya.html,0,1,0,13
2026-07-18,金谷港 釣り,https://funatsuri-yoso.com/area/kanaya.html,1,12,0.083333,8.67
2026-07-18,金谷漁港 釣り,https://funatsuri-yoso.com/area/kanaya.html,0,1,0,11
2026-07-18,釣果速報 関東,https://funatsuri-yoso.com/,0,4,0,6.75
2026-07-18,釣船 政美丸,https://funatsuri-yoso.com/ship/masami-maru.html,0,1,0,32
2026-07-18,関東 アジ 釣果,https://funatsuri-yoso.com/fish/aji.html,0,1,0,9
2026-07-18,関東 船釣り 釣果,https://funatsuri-yoso.com/,0,3,0,8
2026-07-18,静浦 堤防 釣果,https://funatsuri-yoso.com/area/shizuura.html,0,1,0,21
2026-07-18,静浦 釣果,https://funatsuri-yoso.com/area/shizuura.html,0,1,0,13
2026-07-18,静浦漁港 釣果,https://funatsuri-yoso.com/area/shizuura.html,0,4,0,10.5
2026-07-18,飯岡 釣り,https://funatsuri-yoso.com/area/iioka.html,0,1,0,13
2026-07-18,飯岡 釣果,https://funatsuri-yoso.com/area/iioka.html,0,1,0,3
2026-07-18,飯岡海岸 釣り,https://funatsuri-yoso.com/area/iioka.html,0,1,0,9
2026-07-18,飯岡港 釣り,https://funatsuri-yoso.com/area/iioka.html,0,13,0,11.15
2026-07-18,飯岡港 釣果,https://funatsuri-yoso.com/area/iioka.html,0,7,0,4
2026-07-18,飯岡漁港,https://funatsuri-yoso.com/area/iioka.html,0,2,0,17
2026-07-18,飯岡漁港 釣り,https://funatsuri-yoso.com/area/iioka.html,0,9,0,11.11
2026-07-18,飯岡漁港 釣果,https://funatsuri-yoso.com/area/iioka.html,2,83,0.024096,5.04
2026-07-18,飯岡漁港釣り,https://funatsuri-yoso.com/area/iioka.html,0,5,0,11.6
2026-07-18,飯岡漁港釣果,https://funatsuri-yoso.com/area/iioka.html,0,2,0,5
2026-07-19,マルイカ 釣果,https://funatsuri-yoso.com/area/amatsu.html,0,1,0,7
2026-07-19,今から釣れる魚,https://funatsuri-yoso.com/area/,0,1,0,71
2026-07-19,大原 イサキ 釣果,https://funatsuri-yoso.com/area/ohara.html,0,1,0,14
2026-07-19,大原 シマアジ,https://funatsuri-yoso.com/fish_area/shima-aji-ohara.html,0,2,0,42.5
2026-07-19,大原 シマアジ 釣果,https://funatsuri-yoso.com/area/ohara.html,0,1,0,10
2026-07-19,天津港 釣り,https://funatsuri-yoso.com/area/amatsu.html,0,1,0,9
2026-07-19,天津港 釣果,https://funatsuri-yoso.com/area/amatsu.html,0,3,0,6
2026-07-19,富津 釣果,https://funatsuri-yoso.com/area/futtsu.html,0,1,0,9
2026-07-19,富津港 釣果,https://funatsuri-yoso.com/area/futtsu.html,0,2,0,7.5
2026-07-19,庄 治郎丸,https://funatsuri-yoso.com/ship/shojiro-maru.html,0,1,0,41
2026-07-19,浜金谷港 釣り,https://funatsuri-yoso.com/area/kanaya.html,0,1,0,8
2026-07-19,海 桜 丸 由比,https://funatsuri-yoso.com/ship/kaio-maru.html,0,1,0,8
2026-07-19,海桜丸 由比,https://funatsuri-yoso.com/ship/kaio-maru.html,0,2,0,10
2026-07-19,腰越漁港 釣果,https://funatsuri-yoso.com/area/koshigoe.html,0,3,0,6.33
2026-07-19,金谷 アオリイカ ポイント,https://funatsuri-yoso.com/area/kanaya.html,0,1,0,1
2026-07-19,金谷 アジ 釣果,https://funatsuri-yoso.com/area/kanaya.html,0,1,0,11
2026-07-19,金谷 釣り,https://funatsuri-yoso.com/area/kanaya.html,0,1,0,8
2026-07-19,金谷港 釣り,https://funatsuri-yoso.com/area/kanaya.html,0,10,0,9.2
2026-07-19,釣果速報 関東,https://funatsuri-yoso.com/,0,10,0,7.5
2026-07-19,関東 船釣り 釣果,https://funatsuri-yoso.com/,0,3,0,8.67
2026-07-19,関東 釣果,https://funatsuri-yoso.com/,0,2,0,13.5
2026-07-19,関東 釣果 最新 2026,https://funatsuri-yoso.com/,0,1,0,10
2026-07-19,静浦 釣果,https://funatsuri-yoso.com/area/shizuura.html,0,1,0,13
2026-07-19,静浦漁港 釣果,https://funatsuri-yoso.com/area/shizuura.html,0,5,0,9.2
2026-07-19,飯岡港 ヒラメ 最新釣果,https://funatsuri-yoso.com/area/iioka.html,0,1,0,17
2026-07-19,飯岡港 釣り,https://funatsuri-yoso.com/area/iioka.html,0,10,0,9.4
2026-07-19,飯岡港 釣果,https://funatsuri-yoso.com/area/iioka.html,1,2,0.5,3
2026-07-19,飯岡漁港,https://funatsuri-yoso.com/area/iioka.html,0,1,0,5
2026-07-19,飯岡漁港 釣り,https://funatsuri-yoso.com/area/iioka.html,0,2,0,10
2026-07-19,飯岡漁港 釣果,https://funatsuri-yoso.com/area/iioka.html,0,23,0,5.61
2026-07-19,飯岡漁港釣果,https://funatsuri-yoso.com/area/iioka.html,0,2,0,5
2026-07-19,鹿島 釣果,https://funatsuri-yoso.com/area/kashima.html,0,1,0,11
2026-07-20,アジ 関東 釣果,https://funatsuri-yoso.com/fish/aji.html,0,1,0,7
2026-07-20,シマアジ 大原,https://funatsuri-yoso.com/fish_area/shima-aji-ohara.html,0,1,0,11
2026-07-20,シマアジ 船釣り 関東,https://funatsuri-yoso.com/fish/shima-aji.html,0,1,0,9
2026-07-20,シマアジ釣果,https://funatsuri-yoso.com/fish/shima-aji.html,0,2,0,8
2026-07-20,久料港,https://funatsuri-yoso.com/area/kuryo.html,0,2,0,8
2026-07-20,今沢海岸 釣果,https://funatsuri-yoso.com/,0,1,0,30
2026-07-20,佐島 釣り ポイント,https://funatsuri-yoso.com/area/sajima.html,0,1,0,7
2026-07-20,佐島 釣果,https://funatsuri-yoso.com/area/sajima.html,0,1,0,8
2026-07-20,佐島港 釣り,https://funatsuri-yoso.com/area/sajima.html,0,1,0,9
2026-07-20,大原 シマアジ,https://funatsuri-yoso.com/fish_area/shima-aji-ohara.html,1,1,1,18
2026-07-20,大原シマアジ釣果,https://funatsuri-yoso.com/fish_area/shima-aji-ohara.html,1,2,0.5,10
2026-07-20,大洗 釣果,https://funatsuri-yoso.com/area/oarai.html,0,1,0,38
2026-07-20,大洗港 釣果,https://funatsuri-yoso.com/area/oarai.html,0,1,0,11
2026-07-20,天津港 釣り,https://funatsuri-yoso.com/area/amatsu.html,0,6,0,9.33
2026-07-20,天津港 釣果,https://funatsuri-yoso.com/area/amatsu.html,0,2,0,6
2026-07-20,天津漁港,https://funatsuri-yoso.com/area/amatsu.html,0,1,0,15
2026-07-20,天津漁港 釣り,https://funatsuri-yoso.com/area/amatsu.html,0,4,0,9
2026-07-20,天津漁港 釣果,https://funatsuri-yoso.com/area/amatsu.html,0,2,0,5
2026-07-20,富津 釣果,https://funatsuri-yoso.com/area/futtsu.html,0,5,0,6.6
2026-07-20,富津港 釣果,https://funatsuri-yoso.com/area/futtsu.html,0,2,0,8
2026-07-20,富津釣果,https://funatsuri-yoso.com/area/futtsu.html,0,1,0,6
2026-07-20,山大丸,https://funatsuri-yoso.com/ship/yamadai-maru.html,0,7,0,9.29
2026-07-20,山大丸 清水,https://funatsuri-yoso.com/ship/yamadai-maru.html,0,1,0,6
2026-07-20,庄 治郎丸 釣果,https://funatsuri-yoso.com/ship/shojiro-maru.html,0,1,0,12
2026-07-20,庄次郎丸釣果,https://funatsuri-yoso.com/ship/shojiro-maru.html,0,2,0,10
2026-07-20,庄治郎丸 釣果,https://funatsuri-yoso.com/ship/shojiro-maru.html,0,5,0,10.8
2026-07-20,東京湾サワラ 釣果,https://funatsuri-yoso.com/fish/,0,1,0,40
2026-07-20,東京湾タコ釣果,https://funatsuri-yoso.com/fish/madako.html,0,1,0,22
2026-07-20,深田正夫丸,https://funatsuri-yoso.com/ship/fukada-masao-maru.html,0,1,0,14
2026-07-20,神奈川県,https://funatsuri-yoso.com/fish/karei.html,1,1,1,1
2026-07-20,腰越漁港 釣果,https://funatsuri-yoso.com/area/koshigoe.html,1,4,0.25,7.75
2026-07-20,金谷 アオリイカ ポイント,https://funatsuri-yoso.com/area/kanaya.html,1,1,1,1
2026-07-20,金谷 釣果,https://funatsuri-yoso.com/area/kanaya.html,0,1,0,4
2026-07-20,金谷港 釣り,https://funatsuri-yoso.com/area/kanaya.html,0,4,0,9.5
2026-07-20,金谷港釣り,https://funatsuri-yoso.com/area/kanaya.html,0,1,0,9
2026-07-20,釣果速報 関東,https://funatsuri-yoso.com/,0,4,0,9
2026-07-20,静浦漁港 釣果,https://funatsuri-yoso.com/area/shizuura.html,0,5,0,11.4
2026-07-20,飯岡 ヒラメ,https://funatsuri-yoso.com/fish_area/hirame-iioka.html,0,1,0,30
2026-07-20,飯岡港 釣り,https://funatsuri-yoso.com/area/iioka.html,0,7,0,8.86
2026-07-20,飯岡港 釣果,https://funatsuri-yoso.com/area/iioka.html,0,1,0,3
2026-07-20,飯岡漁港,https://funatsuri-yoso.com/area/iioka.html,0,1,0,9
2026-07-20,飯岡漁港 釣り,https://funatsuri-yoso.com/area/iioka.html,0,6,0,8.83
2026-07-20,飯岡漁港 釣果,https://funatsuri-yoso.com/area/iioka.html,0,32,0,6.12
2026-07-21,アジ 釣果 関東,https://funatsuri-yoso.com/fish/aji.html,0,3,0,8
2026-07-21,アジ 関東 釣果,https://funatsuri-yoso.com/fish/aji.html,0,1,0,7
2026-07-21,シマアジ シーズン,https://funatsuri-yoso.com/fish_area/shima-aji-ohara.html,0,1,0,11
2026-07-21,シマアジ 釣り 関東,https://funatsuri-yoso.com/fish/shima-aji.html,0,1,0,10
2026-07-21,シマアジ 釣果,https://funatsuri-yoso.com/fish/shima-aji.html,0,3,0,9
2026-07-21,マルイカ 釣果 関東,https://funatsuri-yoso.com/fish/maruika.html,0,5,0,9
2026-07-21,マルイカ釣果,https://funatsuri-yoso.com/fish/maruika.html,0,1,0,39
2026-07-21,ムギイカ 時期,https://funatsuri-yoso.com/fish/mugiika.html,0,2,0,11
2026-07-21,ムギイカ釣り,https://funatsuri-yoso.com/fish/mugiika.html,0,1,0,16
2026-07-21,ワラサ 釣果,https://funatsuri-yoso.com/fish/warasa.html,0,2,0,19
2026-07-21,久料港,https://funatsuri-yoso.com/area/kuryo.html,0,1,0,9
2026-07-21,久料漁港,https://funatsuri-yoso.com/area/kuryo.html,0,1,0,10
2026-07-21,佐島海楽園,https://funatsuri-yoso.com/ship/sashima-kairakuen.html,0,1,0,17
2026-07-21,喜久丸 腰越,https://funatsuri-yoso.com/ship/kikyu-maru.html,0,2,0,8
2026-07-21,大原 イサキ,https://funatsuri-yoso.com/fish_area/isaki-ohara.html,0,1,0,4
2026-07-21,大原 シマアジ 釣果,https://funatsuri-yoso.com/fish_area/shima-aji-ohara.html,0,1,0,9
2026-07-21,大原シマアジ,https://funatsuri-yoso.com/fish_area/shima-aji-ohara.html,0,1,0,10
2026-07-21,大原港 シマアジ,https://funatsuri-yoso.com/fish_area/shima-aji-ohara.html,0,1,0,12
2026-07-21,大津港 釣り,https://funatsuri-yoso.com/fish/,0,1,0,58
2026-07-21,大津港 釣り,https://funatsuri-yoso.com/fish/kurodai.html,0,1,0,61
2026-07-21,大谷漁港,https://funatsuri-yoso.com/area/kanaya.html,0,1,0,9
2026-07-21,天津港 釣り,https://funatsuri-yoso.com/area/amatsu.html,0,2,0,9.5
2026-07-21,天津港 釣果,https://funatsuri-yoso.com/area/amatsu.html,0,1,0,6
2026-07-21,天津漁港,https://funatsuri-yoso.com/area/amatsu.html,0,3,0,10.33
2026-07-21,天津漁港 釣り,https://funatsuri-yoso.com/area/amatsu.html,0,2,0,8
2026-07-21,天津漁港 釣果,https://funatsuri-yoso.com/area/amatsu.html,0,1,0,5
2026-07-21,富八丸釣果,https://funatsuri-yoso.com/fish_area/kaiwari-usami.html,0,1,0,8
2026-07-21,富津 釣果,https://funatsuri-yoso.com/area/futtsu.html,0,3,0,7
2026-07-21,富津港,https://funatsuri-yoso.com/area/futtsu.html,0,1,0,4
2026-07-21,富津港 釣果,https://funatsuri-yoso.com/area/futtsu.html,0,2,0,5
2026-07-21,山大丸,https://funatsuri-yoso.com/ship/yamadai-maru.html,0,4,0,9.25
2026-07-21,庄治郎丸,https://funatsuri-yoso.com/ship/shojiro-maru.html,0,2,0,34
2026-07-21,庄治郎丸 釣果,https://funatsuri-yoso.com/ship/shojiro-maru.html,0,2,0,10
2026-07-21,御宿 喜久丸,https://funatsuri-yoso.com/ship/kikyu-maru.html,0,1,0,17
2026-07-21,村本海事 釣果,https://funatsuri-yoso.com/ship/muramoto-kaiji.html,0,2,0,11
2026-07-21,横浜アジング釣果,https://funatsuri-yoso.com/fish_area/aji-yokohama.html,0,1,0,5
2026-07-21,沼津 江浦港 伊勝丸,https://funatsuri-yoso.com/ship/ikatsu-maru.html,0,1,0,25
2026-07-21,熱海 釣果,https://funatsuri-yoso.com/area/atami-port.html,0,1,0,30
2026-07-21,腰越漁港 釣果,https://funatsuri-yoso.com/area/koshigoe.html,0,2,0,8
2026-07-21,金谷 釣り,https://funatsuri-yoso.com/area/kanaya.html,0,1,0,13
2026-07-21,金谷港 釣り,https://funatsuri-yoso.com/area/kanaya.html,0,6,0,9.5
2026-07-21,金谷港 釣果,https://funatsuri-yoso.com/area/kanaya.html,0,1,0,9
2026-07-21,釣果速報 関東,https://funatsuri-yoso.com/,0,3,0,8.67
2026-07-21,関東 アジ 釣果,https://funatsuri-yoso.com/fish/aji.html,0,2,0,7.5
2026-07-21,関東 船釣り 釣果,https://funatsuri-yoso.com/,1,2,0.5,8
2026-07-21,静浦漁港 釣果,https://funatsuri-yoso.com/area/shizuura.html,0,4,0,9.25
2026-07-21,飯岡 釣果,https://funatsuri-yoso.com/area/iioka.html,0,3,0,10.67
2026-07-21,飯岡港 釣り,https://funatsuri-yoso.com/area/iioka.html,0,1,0,11
2026-07-21,飯岡港 釣果,https://funatsuri-yoso.com/area/iioka.html,0,1,0,3
2026-07-21,飯岡漁港 釣り,https://funatsuri-yoso.com/area/iioka.html,0,3,0,12.33
2026-07-21,飯岡漁港 釣れる魚,https://funatsuri-yoso.com/area/iioka.html,0,2,0,5.5
2026-07-21,飯岡漁港 釣果,https://funatsuri-yoso.com/area/iioka.html,0,31,0,5.87
2026-07-21,飯岡漁港釣れる魚,https://funatsuri-yoso.com/area/iioka.html,0,1,0,9
2026-07-21,飯岡漁港釣果,https://funatsuri-yoso.com/area/iioka.html,0,2,0,4
2026-07-22,funaduri,https://funatsuri-yoso.com/,0,2,0,6
2026-07-22,カンパチ釣り 関東,https://funatsuri-yoso.com/fish/kanpachi.html,1,2,0.5,9
2026-07-22,シマアジ 釣り船 神奈川,https://funatsuri-yoso.com/fish/shima-aji.html,0,1,0,18
2026-07-22,ムギイカ,https://funatsuri-yoso.com/fish/mugiika.html,0,1,0,3
2026-07-22,ムギイカ 釣り方,https://funatsuri-yoso.com/fish/mugiika.html,0,1,0,4
2026-07-22,佐島 偕楽園,https://funatsuri-yoso.com/ship/sashima-kairakuen.html,0,1,0,11
2026-07-22,喜久丸 腰越,https://funatsuri-yoso.com/ship/kikyu-maru.html,0,1,0,8
2026-07-22,大原 シマアジ,https://funatsuri-yoso.com/fish_area/shima-aji-ohara.html,0,1,0,24
2026-07-22,大原 シマアジ 釣果,https://funatsuri-yoso.com/fish_area/shima-aji-ohara.html,1,2,0.5,9
2026-07-22,大原 釣り,https://funatsuri-yoso.com/area/ohara.html,0,1,0,35
2026-07-22,大原 釣果,https://funatsuri-yoso.com/area/ohara.html,0,1,0,22
2026-07-22,大原シマアジ釣果,https://funatsuri-yoso.com/fish_area/shima-aji-ohara.html,0,3,0,11.33
2026-07-22,大原港 シマアジ,https://funatsuri-yoso.com/fish_area/shima-aji-ohara.html,0,1,0,11
2026-07-22,大洗 タイラバ,https://funatsuri-yoso.com/fish/madai.html,1,2,0.5,14.5
2026-07-22,大洗 釣り,https://funatsuri-yoso.com/area/oarai.html,0,1,0,5
2026-07-22,大洗 釣り 堤防 釣果,https://funatsuri-yoso.com/area/oarai.html,0,1,0,11
2026-07-22,天津港 釣り,https://funatsuri-yoso.com/area/amatsu.html,0,1,0,9
2026-07-22,天津港 釣果,https://funatsuri-yoso.com/area/amatsu.html,0,5,0,6
2026-07-22,天津漁港,https://funatsuri-yoso.com/area/amatsu.html,0,1,0,11
2026-07-22,天津漁港 釣果,https://funatsuri-yoso.com/area/amatsu.html,0,2,0,4.5
2026-07-22,富津港,https://funatsuri-yoso.com/area/futtsu.html,0,1,0,5
2026-07-22,山大丸,https://funatsuri-yoso.com/ship/yamadai-maru.html,0,1,0,9
2026-07-22,浜金谷港 釣り,https://funatsuri-yoso.com/area/kanaya.html,0,1,0,8
2026-07-22,福浦港 神奈川,https://funatsuri-yoso.com/area/fukuura-yugawara.html,0,1,0,10
2026-07-22,福浦漁港 釣果,https://funatsuri-yoso.com/area/fukuura-yugawara.html,0,1,0,13
2026-07-22,腰越漁港 喜久丸,https://funatsuri-yoso.com/ship/kikyu-maru.html,0,1,0,10
2026-07-22,金谷港 釣り,https://funatsuri-yoso.com/area/kanaya.html,0,4,0,9.25
2026-07-22,金谷港 釣果,https://funatsuri-yoso.com/area/kanaya.html,0,2,0,6.5
2026-07-22,金谷港釣り場,https://funatsuri-yoso.com/area/kanaya.html,0,1,0,11
2026-07-22,金谷漁港 釣り,https://funatsuri-yoso.com/area/kanaya.html,0,2,0,6.5
2026-07-22,釣り船 鶴,https://funatsuri-yoso.com/ship/tsuribune-tsuru.html,0,1,0,9
2026-07-22,釣果速報 関東,https://funatsuri-yoso.com/,0,3,0,6.67
2026-07-22,釣船 喜久丸,https://funatsuri-yoso.com/ship/kikyu-maru.html,0,1,0,35
2026-07-22,関東 シマアジ 釣り船,https://funatsuri-yoso.com/fish/shima-aji.html,0,1,0,10
2026-07-22,関東 船釣り 釣果,https://funatsuri-yoso.com/,0,1,0,9
2026-07-22,関東 釣果 最新 2026,https://funatsuri-yoso.com/,0,1,0,11
2026-07-22,関東沖釣り,https://funatsuri-yoso.com/,0,1,0,28
2026-07-22,関東釣り情報,https://funatsuri-yoso.com/,0,1,0,10
2026-07-22,静浦 堤防 釣果,https://funatsuri-yoso.com/area/shizuura.html,0,1,0,11
2026-07-22,飯岡 釣果,https://funatsuri-yoso.com/area/iioka.html,0,1,0,9
2026-07-22,飯岡港 釣り,https://funatsuri-yoso.com/area/iioka.html,0,3,0,11
2026-07-22,飯岡港 釣果,https://funatsuri-yoso.com/area/iioka.html,0,3,0,5.33
2026-07-22,飯岡漁港 釣り,https://funatsuri-yoso.com/area/iioka.html,0,3,0,9.67
2026-07-22,飯岡漁港 釣れる魚,https://funatsuri-yoso.com/area/iioka.html,0,1,0,9
2026-07-22,飯岡漁港 釣果,https://funatsuri-yoso.com/area/iioka.html,0,31,0,5.71
2026-07-22,飯岡漁港釣れる魚,https://funatsuri-yoso.com/area/iioka.html,0,1,0,7
2026-07-22,飯岡漁港釣果,https://funatsuri-yoso.com/area/iioka.html,0,7,0,5.14
2026-07-22,飯岡龍正丸,https://funatsuri-yoso.com/x_post/2026-06-14.html,0,1,0,8
2026-07-23,funaduri,https://funatsuri-yoso.com/,0,1,0,4
2026-07-23,ことぶき丸 日立,https://funatsuri-yoso.com/ship/kotobuki-maru.html,0,1,0,23
2026-07-23,アジ 釣果 関東,https://funatsuri-yoso.com/fish/aji.html,0,1,0,8
2026-07-23,アナゴ釣り 関東,https://funatsuri-yoso.com/fish/anago.html,0,1,0,8
2026-07-23,カンパチ釣り 関東,https://funatsuri-yoso.com/fish/kanpachi.html,0,1,0,8
2026-07-23,シマアジ 船釣り 関東,https://funatsuri-yoso.com/fish/shima-aji.html,0,2,0,8
2026-07-23,シマアジ 釣り 関東,https://funatsuri-yoso.com/fish/shima-aji.html,0,2,0,10
2026-07-23,シマアジ 釣果,https://funatsuri-yoso.com/fish/shima-aji.html,0,1,0,11
2026-07-23,タコ釣り 関東,https://funatsuri-yoso.com/fish/madako.html,0,1,0,27
2026-07-23,ヒラメ ポイント 関東,https://funatsuri-yoso.com/fish/hirame.html,0,1,0,9
2026-07-23,ムギイカ,https://funatsuri-yoso.com/fish/mugiika.html,0,2,0,3
2026-07-23,下田 サーフ ブリ 釣果,https://funatsuri-yoso.com/fish_area/buri-shimoda.html,0,1,0,3
2026-07-23,久料港 釣り,https://funatsuri-yoso.com/area/kuryo.html,0,2,0,9.5
2026-07-23,佐島 釣り船,https://funatsuri-yoso.com/area/sajima.html,0,1,0,27
2026-07-23,喜久丸 腰越,https://funatsuri-yoso.com/ship/kikyu-maru.html,0,1,0,8
2026-07-23,大原 シマアジ,https://funatsuri-yoso.com/fish_area/shima-aji-ohara.html,0,4,0,13.75
2026-07-23,大原 シマアジ シーズン,https://funatsuri-yoso.com/fish_area/shima-aji-ohara.html,0,4,0,8
2026-07-23,大原 シマアジ 釣果,https://funatsuri-yoso.com/fish_area/shima-aji-ohara.html,0,1,0,8
2026-07-23,大原シマアジ,https://funatsuri-yoso.com/fish_area/shima-aji-ohara.html,0,2,0,8
2026-07-23,大原シマアジ釣果,https://funatsuri-yoso.com/fish_area/shima-aji-ohara.html,0,2,0,8
2026-07-23,大原港 シマアジ,https://funatsuri-yoso.com/fish_area/shima-aji-ohara.html,0,2,0,4
2026-07-23,大洗釣り釣果,https://funatsuri-yoso.com/area/oarai.html,0,2,0,10
2026-07-23,大津港,https://funatsuri-yoso.com/ship/ishida-maru.html,0,1,0,2
2026-07-23,天津港 釣り,https://funatsuri-yoso.com/area/amatsu.html,0,2,0,8
2026-07-23,天津港 釣果,https://funatsuri-yoso.com/area/amatsu.html,0,4,0,4.25
2026-07-23,天津漁港,https://funatsuri-yoso.com/area/amatsu.html,0,2,0,11
2026-07-23,宇佐美港 釣果,https://funatsuri-yoso.com/fish_area/kaiwari-usami.html,0,1,0,11
2026-07-23,富津港,https://funatsuri-yoso.com/area/futtsu.html,0,1,0,9
2026-07-23,山大丸,https://funatsuri-yoso.com/ship/yamadai-maru.html,0,6,0,11.67
2026-07-23,庄治郎丸 釣果,https://funatsuri-yoso.com/ship/shojiro-maru.html,0,1,0,12
2026-07-23,政美丸 釣果,https://funatsuri-yoso.com/ship/masami-maru.html,0,2,0,5.5
2026-07-23,村本海事 釣果,https://funatsuri-yoso.com/ship/muramoto-kaiji.html,0,1,0,10
2026-07-23,江の浦 沼津,https://funatsuri-yoso.com/area/enoura.html,0,3,0,18.33
2026-07-23,江浦湾 釣り,https://funatsuri-yoso.com/area/enoura.html,0,1,0,9
2026-07-23,波崎新港 釣果,https://funatsuri-yoso.com/fish_area/kanko-hasaki-shinko.html,0,1,0,8
2026-07-23,浜金谷港 釣り,https://funatsuri-yoso.com/area/kanaya.html,0,1,0,8
2026-07-23,深田正夫丸,https://funatsuri-yoso.com/ship/fukada-masao-maru.html,0,1,0,8
2026-07-23,熱海港 釣果,https://funatsuri-yoso.com/area/atami-port.html,0,1,0,9
2026-07-23,福浦港 釣果,https://funatsuri-yoso.com/area/fukuura-yugawara.html,0,1,0,6
2026-07-23,葉山 釣果,https://funatsuri-yoso.com/fish/hirame.html,0,1,0,48
2026-07-23,金谷 釣り,https://funatsuri-yoso.com/area/kanaya.html,0,2,0,12
2026-07-23,金谷 釣果,https://funatsuri-yoso.com/area/kanaya.html,0,2,0,4
2026-07-23,金谷港 釣り,https://funatsuri-yoso.com/area/kanaya.html,0,7,0,7.86
2026-07-23,金谷漁港 釣り,https://funatsuri-yoso.com/area/kanaya.html,0,1,0,11
2026-07-23,金谷釣り,https://funatsuri-yoso.com/area/kanaya.html,1,1,1,2
2026-07-23,釣り船 鶴,https://funatsuri-yoso.com/ship/tsuribune-tsuru.html,0,1,0,8
2026-07-23,釣り船鶴,https://funatsuri-yoso.com/ship/tsuribune-tsuru.html,0,2,0,8.5
2026-07-23,釣果速報 関東,https://funatsuri-yoso.com/,0,3,0,7.33
2026-07-23,関東 アジ 釣果,https://funatsuri-yoso.com/fish/aji.html,0,1,0,8
2026-07-23,関東 船釣り 釣果,https://funatsuri-yoso.com/,0,3,0,8
2026-07-23,関東釣り情報,https://funatsuri-yoso.com/,0,2,0,9
2026-07-23,静浦 漁港 釣果,https://funatsuri-yoso.com/area/shizuura.html,0,1,0,5
2026-07-23,静浦漁港 釣果,https://funatsuri-yoso.com/area/shizuura.html,0,1,0,4
2026-07-23,飯岡 ヒラメ,https://funatsuri-yoso.com/fish_area/hirame-iioka.html,0,1,0,40
2026-07-23,飯岡 釣り,https://funatsuri-yoso.com/area/iioka.html,0,1,0,9
2026-07-23,飯岡港,https://funatsuri-yoso.com/area/iioka.html,0,3,0,15.33
2026-07-23,飯岡港 釣り,https://funatsuri-yoso.com/area/iioka.html,0,8,0,10.88
2026-07-23,飯岡港 釣果,https://funatsuri-yoso.com/area/iioka.html,0,3,0,4.33
2026-07-23,飯岡漁港,https://funatsuri-yoso.com/area/iioka.html,0,2,0,7
2026-07-23,飯岡漁港 釣り,https://funatsuri-yoso.com/area/iioka.html,1,13,0.076923,10
2026-07-23,飯岡漁港 釣果,https://funatsuri-yoso.com/area/iioka.html,0,23,0,5.57
2026-07-23,飯岡漁港釣果,https://funatsuri-yoso.com/area/iioka.html,0,3,0,4.67
2026-07-23,飯岡龍正丸,https://funatsuri-yoso.com/x_post/2026-07-20.html,0,1,0,6
2026-07-23,鹿島灘 釣果,https://funatsuri-yoso.com/area/oarai.html,0,1,0,20
2026-07-24,まさおまる,https://funatsuri-yoso.com/ship/fukada-masao-maru.html,0,2,0,11.5
2026-07-24,アジ 釣果 関東,https://funatsuri-yoso.com/fish/aji.html,0,1,0,9
2026-07-24,アジ 関東 釣果,https://funatsuri-yoso.com/fish/aji.html,0,1,0,8
2026-07-24,アナゴ釣り,https://funatsuri-yoso.com/fish/anago.html,0,1,0,9
2026-07-24,カンパチ釣り 関東,https://funatsuri-yoso.com/fish/kanpachi.html,0,2,0,7
2026-07-24,シマアジ 船釣り 関東,https://funatsuri-yoso.com/fish/shima-aji.html,0,1,0,9
2026-07-24,シマアジ 釣果,https://funatsuri-yoso.com/fish/shima-aji.html,0,1,0,10
2026-07-24,シマアジ釣果,https://funatsuri-yoso.com/fish/shima-aji.html,0,5,0,7
2026-07-24,ヒラメ ポイント 関東,https://funatsuri-yoso.com/fish/hirame.html,0,1,0,11
2026-07-24,マルイカ 釣果 関東,https://funatsuri-yoso.com/fish/maruika.html,0,2,0,11
2026-07-24,マルイカ釣果,https://funatsuri-yoso.com/fish/maruika.html,0,1,0,45
2026-07-24,久料港,https://funatsuri-yoso.com/fish_area/isaki-kuryo.html,0,1,0,10
2026-07-24,久料港 釣り,https://funatsuri-yoso.com/fish_area/isaki-kuryo.html,0,2,0,8.5
2026-07-24,佐島,https://funatsuri-yoso.com/area/sajima.html,1,1,1,5
2026-07-24,佐島 偕楽園,https://funatsuri-yoso.com/ship/sashima-kairakuen.html,0,3,0,11
2026-07-24,佐島港・海楽園,https://funatsuri-yoso.com/ship/sashima-kairakuen.html,0,1,0,22
2026-07-24,喜久丸,https://funatsuri-yoso.com/ship/kikyu-maru.html,0,3,0,18
2026-07-24,喜久丸 腰越,https://funatsuri-yoso.com/ship/kikyu-maru.html,0,2,0,8
2026-07-24,大原,https://funatsuri-yoso.com/fish_area/shima-aji-ohara.html,0,1,0,10
2026-07-24,大原 シマアジ,https://funatsuri-yoso.com/fish_area/shima-aji-ohara.html,1,2,0.5,16
2026-07-24,大原 シマアジ 釣果,https://funatsuri-yoso.com/fish_area/shima-aji-ohara.html,0,3,0,8.67
2026-07-24,大原シマアジ,https://funatsuri-yoso.com/fish_area/shima-aji-ohara.html,0,1,0,14
2026-07-24,大原シマアジ釣果,https://funatsuri-yoso.com/fish_area/shima-aji-ohara.html,0,1,0,9
2026-07-24,天津港 釣り,https://funatsuri-yoso.com/area/amatsu.html,0,3,0,9.33
2026-07-24,天津港 釣果,https://funatsuri-yoso.com/area/amatsu.html,0,1,0,5
2026-07-24,天津漁港,https://funatsuri-yoso.com/area/amatsu.html,0,3,0,10.67
2026-07-24,天津漁港 釣り,https://funatsuri-yoso.com/area/amatsu.html,1,2,0.5,8
2026-07-24,天津漁港 釣果,https://funatsuri-yoso.com/area/amatsu.html,0,3,0,3.67
2026-07-24,宇佐美港 釣果,https://funatsuri-yoso.com/fish_area/kaiwari-usami.html,0,1,0,11
2026-07-24,富津 釣果,https://funatsuri-yoso.com/area/futtsu.html,0,3,0,4.67
2026-07-24,富津港,https://funatsuri-yoso.com/area/futtsu.html,0,2,0,7
2026-07-24,富津港 釣果,https://funatsuri-yoso.com/area/futtsu.html,0,1,0,5
2026-07-24,富津釣果,https://funatsuri-yoso.com/area/futtsu.html,0,1,0,5
2026-07-24,山大丸,https://funatsuri-yoso.com/ship/yamadai-maru.html,0,2,0,10
2026-07-24,平潟湾 ハゼ,https://funatsuri-yoso.com/fish/karei.html,0,2,0,5.5
2026-07-24,庄次郎,https://funatsuri-yoso.com/ship/shojiro-maru.html,0,1,0,39
2026-07-24,庄治郎丸 釣果,https://funatsuri-yoso.com/ship/shojiro-maru.html,0,3,0,11.67
2026-07-24,政美丸 釣果,https://funatsuri-yoso.com/ship/masami-maru.html,0,2,0,8
2026-07-24,早川港 釣果,https://funatsuri-yoso.com/area/odawara-hayakawa.html,0,1,0,7
2026-07-24,村本海事 釣果,https://funatsuri-yoso.com/ship/muramoto-kaiji.html,0,1,0,11
2026-07-24,江浦湾,https://funatsuri-yoso.com/area/enoura.html,0,1,0,12
2026-07-24,江浦湾 釣り,https://funatsuri-yoso.com/area/enoura.html,0,3,0,6
2026-07-24,浜金谷港 釣り,https://funatsuri-yoso.com/area/kanaya.html,0,3,0,7.67
2026-07-24,海 央 丸 釣果,https://funatsuri-yoso.com/area/,0,1,0,58
2026-07-24,深田正夫丸,https://funatsuri-yoso.com/ship/fukada-masao-maru.html,0,3,0,10.33
2026-07-24,福浦港 釣果,https://funatsuri-yoso.com/area/fukuura-yugawara.html,0,1,0,6
2026-07-24,腰越漁港 喜久丸,https://funatsuri-yoso.com/ship/kikyu-maru.html,0,1,0,7
2026-07-24,腰越漁港 釣果,https://funatsuri-yoso.com/area/koshigoe.html,0,4,0,10
2026-07-24,貴久丸,https://funatsuri-yoso.com/ship/kikyu-maru.html,0,3,0,16.67
2026-07-24,金谷 釣果,https://funatsuri-yoso.com/area/kanaya.html,0,1,0,4
2026-07-24,金谷港 釣り,https://funatsuri-yoso.com/area/kanaya.html,0,12,0,7.83
2026-07-24,金谷港 釣果,https://funatsuri-yoso.com/area/kanaya.html,0,1,0,6
2026-07-24,金谷漁港 釣り,https://funatsuri-yoso.com/area/kanaya.html,0,4,0,8.25
2026-07-24,釣り 今日,https://funatsuri-yoso.com/,0,1,0,11
2026-07-24,釣り船 鶴,https://funatsuri-yoso.com/ship/tsuribune-tsuru.html,0,1,0,8
2026-07-24,釣り船鶴,https://funatsuri-yoso.com/ship/tsuribune-tsuru.html,0,1,0,8
2026-07-24,釣果速報 関東,https://funatsuri-yoso.com/,0,2,0,6
2026-07-24,関東 船釣り 釣果,https://funatsuri-yoso.com/,0,1,0,7
2026-07-24,関東釣り情報,https://funatsuri-yoso.com/,0,1,0,7
2026-07-24,静浦漁港 釣果,https://funatsuri-yoso.com/area/shizuura.html,0,1,0,12
2026-07-24,飯岡 釣り,https://funatsuri-yoso.com/area/iioka.html,0,1,0,9
2026-07-24,飯岡港,https://funatsuri-yoso.com/area/iioka.html,0,2,0,9
2026-07-24,飯岡港 釣り,https://funatsuri-yoso.com/area/iioka.html,1,11,0.090909,8.55
2026-07-24,飯岡港 釣果,https://funatsuri-yoso.com/area/iioka.html,1,2,0.5,6.5
2026-07-24,飯岡漁港,https://funatsuri-yoso.com/area/iioka.html,0,1,0,7
2026-07-24,飯岡漁港 釣り,https://funatsuri-yoso.com/area/iioka.html,0,17,0,10.82
2026-07-24,飯岡漁港 釣果,https://funatsuri-yoso.com/area/iioka.html,1,54,0.018519,5.07
2026-07-24,飯岡漁港釣果,https://funatsuri-yoso.com/area/iioka.html,0,12,0,4.92
2026-07-25,funaduri,https://funatsuri-yoso.com/,0,2,0,5
2026-07-25,アナゴ釣り 関東,https://funatsuri-yoso.com/fish/anago.html,0,1,0,11
2026-07-25,カンパチ釣り 関東,https://funatsuri-yoso.com/fish/kanpachi.html,1,1,1,1
2026-07-25,シマアジ 船釣り 関東,https://funatsuri-yoso.com/fish/shima-aji.html,0,3,0,10
2026-07-25,シマアジ釣果,https://funatsuri-yoso.com/fish/shima-aji.html,0,3,0,6.67
2026-07-25,マルイカ 釣果 関東,https://funatsuri-yoso.com/fish/maruika.html,0,2,0,7
2026-07-25,ムギイカ 時期,https://funatsuri-yoso.com/fish/mugiika.html,0,1,0,11
2026-07-25,久料港,https://funatsuri-yoso.com/area/kuryo.html,0,1,0,7
2026-07-25,久料港,https://funatsuri-yoso.com/fish_area/isaki-kuryo.html,0,4,0,8.75
2026-07-25,今日 釣り,https://funatsuri-yoso.com/,0,1,0,8
2026-07-25,今日釣り,https://funatsuri-yoso.com/,0,1,0,9
2026-07-25,佐島 偕楽園,https://funatsuri-yoso.com/ship/sashima-kairakuen.html,0,1,0,11
2026-07-25,佐島 釣り ポイント,https://funatsuri-yoso.com/area/sajima.html,0,2,0,13
2026-07-25,佐島 釣果,https://funatsuri-yoso.com/area/sajima.html,0,2,0,6.5
2026-07-25,佐島港・海楽園,https://funatsuri-yoso.com/ship/sashima-kairakuen.html,0,1,0,17
2026-07-25,佐島漁港 釣り,https://funatsuri-yoso.com/area/sajima.html,0,1,0,4
2026-07-25,勝浦 船釣り,https://funatsuri-yoso.com/area/katsuura.html,0,1,0,18
2026-07-25,喜久丸 腰越,https://funatsuri-yoso.com/ship/kikyu-maru.html,0,2,0,8
2026-07-25,大原 シマアジ,https://funatsuri-yoso.com/fish_area/kasago-ohara.html,0,1,0,13
2026-07-25,大原 シマアジ,https://funatsuri-yoso.com/fish_area/shima-aji-ohara.html,0,2,0,18.5
2026-07-25,大原 シマアジ シーズン,https://funatsuri-yoso.com/fish_area/shima-aji-ohara.html,0,1,0,9
2026-07-25,大原 シマアジ 釣果,https://funatsuri-yoso.com/fish_area/shima-aji-ohara.html,0,1,0,10
2026-07-25,大原港 シマアジ,https://funatsuri-yoso.com/fish_area/shima-aji-ohara.html,0,1,0,4
2026-07-25,大洗 船宿 一覧,https://funatsuri-yoso.com/area/oarai.html,0,1,0,11
2026-07-25,天津港 釣り,https://funatsuri-yoso.com/area/amatsu.html,0,5,0,8.6
2026-07-25,天津港 釣果,https://funatsuri-yoso.com/area/amatsu.html,0,4,0,4.25
2026-07-25,天津漁港 釣り,https://funatsuri-yoso.com/area/amatsu.html,0,4,0,10
2026-07-25,天津漁港 釣果,https://funatsuri-yoso.com/area/amatsu.html,0,2,0,4
2026-07-25,富津 釣果,https://funatsuri-yoso.com/area/futtsu.html,0,4,0,7
2026-07-25,富津港 釣果,https://funatsuri-yoso.com/area/futtsu.html,0,1,0,4
2026-07-25,富津釣果,https://funatsuri-yoso.com/area/futtsu.html,0,1,0,9
2026-07-25,庄 治郎丸 釣果,https://funatsuri-yoso.com/ship/shojiro-maru.html,0,2,0,9
2026-07-25,庄治郎丸 釣果,https://funatsuri-yoso.com/ship/shojiro-maru.html,0,1,0,12
2026-07-25,政美丸 釣果,https://funatsuri-yoso.com/ship/masami-maru.html,0,1,0,8
2026-07-25,横浜アジング釣果,https://funatsuri-yoso.com/fish_area/aji-yokohama.html,0,1,0,5
2026-07-25,波崎新港 釣果,https://funatsuri-yoso.com/fish_area/kanko-hasaki-shinko.html,0,1,0,7
2026-07-25,浜金谷 釣り,https://funatsuri-yoso.com/area/kanaya.html,0,1,0,12
2026-07-25,深田正夫丸,https://funatsuri-yoso.com/ship/fukada-masao-maru.html,0,5,0,9
2026-07-25,福浦港 釣果,https://funatsuri-yoso.com/area/fukuura-yugawara.html,1,1,1,7
2026-07-25,福浦漁港 釣り,https://funatsuri-yoso.com/area/fukuura-yugawara.html,0,1,0,19
2026-07-25,腰越漁港 喜久丸,https://funatsuri-yoso.com/ship/kikyu-maru.html,0,1,0,7
2026-07-25,腰越漁港 釣果,https://funatsuri-yoso.com/area/koshigoe.html,0,3,0,9.67
2026-07-25,金沢八景 釣りスポット,https://funatsuri-yoso.com/area/kanazawa-hakkei.html,0,1,0,5
2026-07-25,金谷 釣り,https://funatsuri-yoso.com/area/kanaya.html,0,3,0,11.33
2026-07-25,金谷 釣果,https://funatsuri-yoso.com/area/kanaya.html,0,2,0,4
2026-07-25,金谷港 釣り,https://funatsuri-yoso.com/area/kanaya.html,0,7,0,8.29
2026-07-25,金谷港 釣果,https://funatsuri-yoso.com/area/kanaya.html,0,1,0,3
2026-07-25,金谷漁港 釣り,https://funatsuri-yoso.com/area/kanaya.html,0,2,0,9.5
2026-07-25,釣り 今日,https://funatsuri-yoso.com/,0,1,0,10
2026-07-25,釣果速報 関東,https://funatsuri-yoso.com/,0,5,0,7.6
2026-07-25,関東 船釣り 釣果,https://funatsuri-yoso.com/,0,2,0,7
2026-07-25,静浦 釣果,https://funatsuri-yoso.com/area/shizuura.html,0,1,0,21
2026-07-25,静浦漁港 釣果,https://funatsuri-yoso.com/area/shizuura.html,0,3,0,8.67
2026-07-25,静浦漁港 釣果 2026,https://funatsuri-yoso.com/area/shizuura.html,0,1,0,4
2026-07-25,飯岡 釣り,https://funatsuri-yoso.com/area/iioka.html,0,3,0,7
2026-07-25,飯岡港 釣り,https://funatsuri-yoso.com/area/iioka.html,0,7,0,11
2026-07-25,飯岡港 釣果,https://funatsuri-yoso.com/area/iioka.html,0,5,0,4.2
2026-07-25,飯岡漁港,https://funatsuri-yoso.com/area/iioka.html,0,5,0,6.6
2026-07-25,飯岡漁港 釣り,https://funatsuri-yoso.com/area/iioka.html,0,17,0,8.71
2026-07-25,飯岡漁港 釣果,https://funatsuri-yoso.com/area/iioka.html,3,53,0.056604,4.87
2026-07-25,飯岡漁港釣り,https://funatsuri-yoso.com/area/iioka.html,0,1,0,7
2026-07-25,飯岡漁港釣果,https://funatsuri-yoso.com/area/iioka.html,0,2,0,5
2026-07-25,飯岡釣り,https://funatsuri-yoso.com/area/iioka.html,0,1,0,9
2026-07-25,飯岡釣果,https://funatsuri-yoso.com/area/iioka.html,0,2,0,4.5
2026-07-26,funaduri,https://funatsuri-yoso.com/,0,1,0,4
2026-07-26,アナゴ釣り 関東,https://funatsuri-yoso.com/fish/anago.html,0,1,0,11
2026-07-26,佐島 釣り,https://funatsuri-yoso.com/area/sajima.html,0,1,0,12
2026-07-26,利別川 釣り,https://funatsuri-yoso.com/fish/houbou.html,0,1,0,19
2026-07-26,勝浦 アジ 釣果,https://funatsuri-yoso.com/area/katsuura.html,0,1,0,7
2026-07-26,勝浦 釣り,https://funatsuri-yoso.com/area/katsuura.html,0,1,0,37
2026-07-26,勝浦 釣果,https://funatsuri-yoso.com/area/katsuura.html,0,4,0,7.5
2026-07-26,勝浦 釣果 アジ,https://funatsuri-yoso.com/area/katsuura.html,0,1,0,5
2026-07-26,勝浦港 釣果,https://funatsuri-yoso.com/area/katsuura.html,0,2,0,5.5
2026-07-26,勝浦漁港 釣果,https://funatsuri-yoso.com/area/katsuura.html,0,2,0,7
2026-07-26,勝浦釣果,https://funatsuri-yoso.com/area/katsuura.html,0,1,0,7
2026-07-26,大原 シマアジ 釣果,https://funatsuri-yoso.com/area/ohara.html,1,1,1,11
2026-07-26,大原港,https://funatsuri-yoso.com/area/ohara.html,0,1,0,8
2026-07-26,大原港 釣り ポイント,https://funatsuri-yoso.com/area/ohara.html,0,1,0,15
2026-07-26,大洗 漁港 釣り,https://funatsuri-yoso.com/area/oarai.html,0,1,0,2
2026-07-26,大洗 釣り,https://funatsuri-yoso.com/area/oarai.html,0,1,0,3
2026-07-26,大洗 釣果,https://funatsuri-yoso.com/area/oarai.html,0,1,0,7
2026-07-26,天津港 釣り,https://funatsuri-yoso.com/area/amatsu.html,0,12,0,8.75
2026-07-26,天津港 釣果,https://funatsuri-yoso.com/area/amatsu.html,0,1,0,4
2026-07-26,天津漁港,https://funatsuri-yoso.com/area/amatsu.html,0,1,0,12
2026-07-26,天津漁港 釣り,https://funatsuri-yoso.com/area/amatsu.html,0,2,0,8
2026-07-26,天津漁港 釣果,https://funatsuri-yoso.com/area/amatsu.html,0,5,0,5.2
2026-07-26,富津 釣果,https://funatsuri-yoso.com/area/futtsu.html,0,1,0,6
2026-07-26,富津港,https://funatsuri-yoso.com/area/futtsu.html,0,1,0,36
2026-07-26,富津港 釣果,https://funatsuri-yoso.com/area/futtsu.html,0,1,0,5
2026-07-26,富津釣果,https://funatsuri-yoso.com/area/futtsu.html,0,1,0,7
2026-07-26,庄 治郎丸,https://funatsuri-yoso.com/ship/shojiro-maru.html,0,1,0,42
2026-07-26,御宿 喜久丸,https://funatsuri-yoso.com/ship/kikyu-maru.html,0,1,0,43
2026-07-26,腰越漁港 釣果,https://funatsuri-yoso.com/area/koshigoe.html,0,1,0,9
2026-07-26,船釣り 釣果情報,https://funatsuri-yoso.com/,0,1,0,14
2026-07-26,葉山沖 釣果,https://funatsuri-yoso.com/fish/aoriika.html,0,1,0,60
2026-07-26,葉山沖 釣果,https://funatsuri-yoso.com/fish/hirame.html,0,1,0,86
2026-07-26,葉山沖 釣果,https://funatsuri-yoso.com/fish/kuromutsu.html,0,1,0,79
2026-07-26,金谷漁港 釣り禁止,https://funatsuri-yoso.com/area/kanaya.html,0,1,0,3
2026-07-26,釣果速報 関東,https://funatsuri-yoso.com/,0,6,0,8.5
2026-07-26,静浦 堤防 釣果,https://funatsuri-yoso.com/area/shizuura.html,1,1,1,10
2026-07-26,静浦 釣果,https://funatsuri-yoso.com/area/shizuura.html,0,1,0,17
2026-07-26,静浦漁港 釣果,https://funatsuri-yoso.com/area/shizuura.html,0,1,0,4
2026-07-26,飯岡 釣り,https://funatsuri-yoso.com/area/iioka.html,0,3,0,8
2026-07-26,飯岡海岸 釣り,https://funatsuri-yoso.com/area/iioka.html,0,1,0,11
2026-07-26,飯岡港 釣り,https://funatsuri-yoso.com/area/iioka.html,0,13,0,8.85
2026-07-26,飯岡港 釣果,https://funatsuri-yoso.com/area/iioka.html,0,4,0,4.25
2026-07-26,飯岡漁港,https://funatsuri-yoso.com/area/iioka.html,0,4,0,7.75
2026-07-26,飯岡漁港 釣り,https://funatsuri-yoso.com/area/iioka.html,1,16,0.0625,10.44
2026-07-26,飯岡漁港 釣れる魚,https://funatsuri-yoso.com/area/iioka.html,0,1,0,8
2026-07-26,飯岡漁港 釣果,https://funatsuri-yoso.com/area/iioka.html,1,37,0.027027,4.7
2026-07-26,飯岡漁港釣果,https://funatsuri-yoso.com/area/iioka.html,0,3,0,4.33
2026-07-26,飯岡釣り,https://funatsuri-yoso.com/area/iioka.html,0,2,0,8.5
2026-07-27,funaduri,https://funatsuri-yoso.com/,0,1,0,3
2026-07-27,まさおまる,https://funatsuri-yoso.com/ship/fukada-masao-maru.html,0,3,0,29.33
2026-07-27,アナゴ釣り 関東,https://funatsuri-yoso.com/fish/anago.html,0,1,0,10
2026-07-27,佐島 釣り ポイント,https://funatsuri-yoso.com/area/sajima.html,0,1,0,9
2026-07-27,佐島 釣果,https://funatsuri-yoso.com/area/sajima.html,0,2,0,8
2026-07-27,勝浦 港 釣果,https://funatsuri-yoso.com/area/katsuura.html,0,1,0,8
2026-07-27,勝浦 釣れる魚,https://funatsuri-yoso.com/area/katsuura.html,0,1,0,9
2026-07-27,勝浦 釣果,https://funatsuri-yoso.com/area/katsuura.html,0,12,0,7
2026-07-27,勝浦で釣れる魚,https://funatsuri-yoso.com/area/katsuura.html,0,2,0,9.5
2026-07-27,勝浦港 釣果,https://funatsuri-yoso.com/area/katsuura.html,0,10,0,6.3
2026-07-27,勝浦湾 釣果,https://funatsuri-yoso.com/area/katsuura.html,0,5,0,3.6
2026-07-27,勝浦漁港 釣果,https://funatsuri-yoso.com/area/katsuura.html,0,1,0,7
2026-07-27,勝浦漁港釣果,https://funatsuri-yoso.com/area/katsuura.html,0,1,0,5
2026-07-27,勝浦釣れる魚,https://funatsuri-yoso.com/area/katsuura.html,0,1,0,9
2026-07-27,勝浦釣果,https://funatsuri-yoso.com/area/katsuura.html,0,8,0,7.12
2026-07-27,勝浦釣果情報,https://funatsuri-yoso.com/area/katsuura.html,0,3,0,5.67
2026-07-27,喜久丸,https://funatsuri-yoso.com/ship/kikyu-maru.html,0,1,0,40
2026-07-27,大洗 釣り 釣果,https://funatsuri-yoso.com/area/oarai.html,0,1,0,12
2026-07-27,大洗 釣果 リアルタイム,https://funatsuri-yoso.com/area/oarai.html,0,1,0,15
2026-07-27,天津港 釣り,https://funatsuri-yoso.com/area/amatsu.html,0,6,0,7.67
2026-07-27,天津港 釣果,https://funatsuri-yoso.com/area/amatsu.html,0,5,0,5
2026-07-27,天津漁港,https://funatsuri-yoso.com/area/amatsu.html,0,1,0,12
2026-07-27,天津漁港 釣果,https://funatsuri-yoso.com/area/amatsu.html,0,2,0,7
2026-07-27,富津港 釣果,https://funatsuri-yoso.com/area/futtsu.html,0,1,0,10
2026-07-27,富津釣果,https://funatsuri-yoso.com/area/futtsu.html,0,1,0,4
2026-07-27,平潟湾 ハゼ,https://funatsuri-yoso.com/fish/karei.html,0,1,0,19
2026-07-27,庄治郎丸,https://funatsuri-yoso.com/ship/shojiro-maru.html,0,1,0,50
2026-07-27,金沢八景 船宿 一覧,https://funatsuri-yoso.com/area/kanazawa-hakkei.html,0,1,0,17
2026-07-27,釣果速報,https://funatsuri-yoso.com/,0,1,0,7
2026-07-27,釣果速報 関東,https://funatsuri-yoso.com/,0,6,0,6.83
2026-07-27,釣船 喜久丸,https://funatsuri-yoso.com/ship/kikyu-maru.html,0,1,0,36
2026-07-27,関東 船釣り 釣果,https://funatsuri-yoso.com/,0,2,0,8
2026-07-27,関東釣り情報,https://funatsuri-yoso.com/,0,1,0,10
2026-07-27,静浦 釣果,https://funatsuri-yoso.com/area/shizuura.html,0,1,0,16
2026-07-27,静浦港 釣果,https://funatsuri-yoso.com/area/shizuura.html,0,1,0,18
2026-07-27,静浦漁港 釣果,https://funatsuri-yoso.com/area/shizuura.html,0,3,0,11
2026-07-27,飯岡 釣り,https://funatsuri-yoso.com/area/iioka.html,0,2,0,8.5
2026-07-27,飯岡海岸 釣り,https://funatsuri-yoso.com/area/iioka.html,0,2,0,9.5
2026-07-27,飯岡港 釣り,https://funatsuri-yoso.com/area/iioka.html,0,6,0,7.5
2026-07-27,飯岡港 釣果,https://funatsuri-yoso.com/area/iioka.html,0,5,0,4.2
2026-07-27,飯岡漁港,https://funatsuri-yoso.com/area/iioka.html,0,8,0,9
2026-07-27,飯岡漁港 釣り,https://funatsuri-yoso.com/area/iioka.html,2,20,0.1,10.45
2026-07-27,飯岡漁港 釣れる魚,https://funatsuri-yoso.com/area/iioka.html,0,1,0,1
2026-07-27,飯岡漁港 釣果,https://funatsuri-yoso.com/area/iioka.html,0,40,0,4.62
2026-07-27,飯岡漁港釣り,https://funatsuri-yoso.com/area/iioka.html,0,1,0,12
2026-07-27,飯岡漁港釣果,https://funatsuri-yoso.com/area/iioka.html,0,1,0,5
2026-07-27,飯岡釣り,https://funatsuri-yoso.com/area/iioka.html,0,1,0,8
2026-07-27,飯岡釣果,https://funatsuri-yoso.com/area/iioka.html,0,1,0,6
2026-07-28,アナゴ釣り 関東,https://funatsuri-yoso.com/fish/anago.html,0,2,0,10.5
2026-07-28,伊豆多賀 釣り,https://funatsuri-yoso.com/area/tomata.html,0,1,0,2
2026-07-28,佐島 釣果,https://funatsuri-yoso.com/area/sajima.html,0,1,0,7
2026-07-28,勝浦 アジ 釣果,https://funatsuri-yoso.com/area/katsuura.html,0,1,0,7
2026-07-28,勝浦 勝 丸,https://funatsuri-yoso.com/area/katsuura.html,0,1,0,25
2026-07-28,勝浦 釣れる魚,https://funatsuri-yoso.com/area/katsuura.html,0,1,0,10
2026-07-28,勝浦 釣果,https://funatsuri-yoso.com/area/katsuura.html,1,11,0.090909,7.18
2026-07-28,勝浦 釣果 アジ,https://funatsuri-yoso.com/area/katsuura.html,0,1,0,14
2026-07-28,勝浦入港,https://funatsuri-yoso.com/area/katsuura.html,0,1,0,51
2026-07-28,勝浦港 釣果,https://funatsuri-yoso.com/area/katsuura.html,0,6,0,8
2026-07-28,勝浦湾 釣果,https://funatsuri-yoso.com/area/katsuura.html,0,1,0,3
2026-07-28,勝浦漁港 釣り,https://funatsuri-yoso.com/area/katsuura.html,0,1,0,5
2026-07-28,勝浦漁港 釣果,https://funatsuri-yoso.com/area/katsuura.html,0,1,0,8
2026-07-28,勝浦釣果,https://funatsuri-yoso.com/area/katsuura.html,0,3,0,7
2026-07-28,喜久丸,https://funatsuri-yoso.com/ship/kikyu-maru.html,0,1,0,32
2026-07-28,大洗 船宿,https://funatsuri-yoso.com/area/oarai.html,0,1,0,27
2026-07-28,大洗 船宿 一覧,https://funatsuri-yoso.com/area/oarai.html,0,1,0,16
2026-07-28,大洗 釣りスポット,https://funatsuri-yoso.com/area/oarai.html,0,1,0,5
2026-07-28,天津港 釣り,https://funatsuri-yoso.com/area/amatsu.html,0,4,0,8.5
2026-07-28,天津港 釣果,https://funatsuri-yoso.com/area/amatsu.html,0,2,0,6.5
2026-07-28,天津漁港 釣り,https://funatsuri-yoso.com/area/amatsu.html,0,1,0,9
2026-07-28,天津漁港 釣果,https://funatsuri-yoso.com/area/amatsu.html,0,1,0,6
2026-07-28,富津 釣果,https://funatsuri-yoso.com/area/futtsu.html,0,1,0,6
2026-07-28,富津釣果,https://funatsuri-yoso.com/area/futtsu.html,0,1,0,4
2026-07-28,庄治郎丸,https://funatsuri-yoso.com/ship/shojiro-maru.html,0,1,0,44
2026-07-28,忠彦丸,https://funatsuri-yoso.com/fish/anago.html,0,1,0,20
2026-07-28,深田正夫丸 釣果,https://funatsuri-yoso.com/ship/fukada-masao-maru.html,0,1,0,22
2026-07-28,金沢八景 アジ釣りのポイント,https://funatsuri-yoso.com/area/kanazawa-hakkei.html,0,1,0,26
2026-07-28,釣果速報 関東,https://funatsuri-yoso.com/,0,6,0,7.17
2026-07-28,釣船 喜久丸,https://funatsuri-yoso.com/ship/kikyu-maru.html,0,1,0,29
2026-07-28,長浦港 釣果,https://funatsuri-yoso.com/area/katsuura.html,0,1,0,20
2026-07-28,関東 船釣り 釣果,https://funatsuri-yoso.com/,0,2,0,8.5
2026-07-28,関東沖釣り情報,https://funatsuri-yoso.com/,0,3,0,11.67
2026-07-28,飯岡 釣果,https://funatsuri-yoso.com/area/iioka.html,0,2,0,12
2026-07-28,飯岡海岸 釣り,https://funatsuri-yoso.com/area/iioka.html,0,1,0,11
2026-07-28,飯岡港 釣り,https://funatsuri-yoso.com/area/iioka.html,0,5,0,9.8
2026-07-28,飯岡港 釣果,https://funatsuri-yoso.com/area/iioka.html,0,1,0,5
2026-07-28,飯岡漁港,https://funatsuri-yoso.com/area/iioka.html,0,4,0,9
2026-07-28,飯岡漁港 釣り,https://funatsuri-yoso.com/area/iioka.html,0,12,0,11.08
2026-07-28,飯岡漁港 釣れる魚,https://funatsuri-yoso.com/area/iioka.html,0,1,0,1
2026-07-28,飯岡漁港 釣果,https://funatsuri-yoso.com/area/iioka.html,1,35,0.028571,5
2026-07-28,飯岡漁港釣り,https://funatsuri-yoso.com/area/iioka.html,0,1,0,11
2026-07-28,飯岡漁港釣果,https://funatsuri-yoso.com/area/iioka.html,0,3,0,4
2026-07-28,飯岡釣り,https://funatsuri-yoso.com/area/iioka.html,0,1,0,8
2026-07-28,鹿島船宿,https://funatsuri-yoso.com/area/kashima.html,0,1,0,21
2026-07-28,黒川丸 金沢八景,https://funatsuri-yoso.com/fish/shirogisu.html,0,1,0,19
2026-07-29,えりあ,https://funatsuri-yoso.com/fish/shima-aji.html,0,1,0,1
2026-07-29,ふなづり,https://funatsuri-yoso.com/,0,1,0,8
2026-07-29,アナゴ釣り 関東,https://funatsuri-yoso.com/fish/anago.html,0,1,0,11
2026-07-29,カツオ釣り 関東,https://funatsuri-yoso.com/fish/katsuo.html,0,3,0,10
2026-07-29,カンパチ釣果,https://funatsuri-yoso.com/fish/kanpachi.html,0,1,0,10
2026-07-29,シマアジ 船釣り 関東,https://funatsuri-yoso.com/fish/shima-aji.html,0,3,0,6.67
2026-07-29,シマアジ 釣り 関東,https://funatsuri-yoso.com/fish/shima-aji.html,0,2,0,5
2026-07-29,久料港 釣り,https://funatsuri-yoso.com/area/kuryo.html,0,4,0,8.75
2026-07-29,佐島 釣り,https://funatsuri-yoso.com/area/sajima.html,0,1,0,11
2026-07-29,佐島海楽園 釣果,https://funatsuri-yoso.com/ship/sashima-kairakuen.html,0,1,0,14
2026-07-29,光進丸 釣果速報,https://funatsuri-yoso.com/area/kanaya.html,0,1,0,10
2026-07-29,勝浦 釣り,https://funatsuri-yoso.com/area/katsuura.html,0,2,0,40.5
2026-07-29,勝浦 釣果,https://funatsuri-yoso.com/area/katsuura.html,0,9,0,6.22
2026-07-29,勝浦で釣れる魚,https://funatsuri-yoso.com/area/katsuura.html,0,1,0,11
2026-07-29,勝浦港 釣果,https://funatsuri-yoso.com/area/katsuura.html,0,7,0,6
2026-07-29,勝浦湾 釣果,https://funatsuri-yoso.com/area/katsuura.html,0,2,0,3
2026-07-29,勝浦漁港 釣り 最新,https://funatsuri-yoso.com/area/katsuura.html,0,2,0,9.5
2026-07-29,勝浦漁港 釣果,https://funatsuri-yoso.com/area/katsuura.html,0,3,0,6.67
2026-07-29,勝浦漁港釣果,https://funatsuri-yoso.com/area/katsuura.html,0,1,0,6
2026-07-29,勝浦釣果,https://funatsuri-yoso.com/area/katsuura.html,0,11,0,5.91
2026-07-29,喜久丸 釣果,https://funatsuri-yoso.com/ship/kikyu-maru.html,0,1,0,11
2026-07-29,大原 シマアジ,https://funatsuri-yoso.com/fish_area/shima-aji-ohara.html,0,1,0,15
2026-07-29,大原 シマアジ シーズン,https://funatsuri-yoso.com/fish_area/shima-aji-ohara.html,0,1,0,10
2026-07-29,大原 釣り,https://funatsuri-yoso.com/area/ohara.html,0,1,0,44
2026-07-29,大原シマアジ釣果,https://funatsuri-yoso.com/fish_area/shima-aji-ohara.html,0,3,0,14.67
2026-07-29,大洗 釣り 堤防 釣果,https://funatsuri-yoso.com/area/oarai.html,0,1,0,10
2026-07-29,天津港 釣り,https://funatsuri-yoso.com/area/amatsu.html,0,2,0,8.5
2026-07-29,天津港 釣果,https://funatsuri-yoso.com/area/amatsu.html,0,3,0,6
2026-07-29,天津漁港 釣り,https://funatsuri-yoso.com/area/amatsu.html,0,2,0,7.5
2026-07-29,天津漁港 釣果,https://funatsuri-yoso.com/area/amatsu.html,0,2,0,5.5
2026-07-29,太刀魚 関東,https://funatsuri-yoso.com/fish/tachiuo.html,0,1,0,8
2026-07-29,富津 釣果,https://funatsuri-yoso.com/area/futtsu.html,0,3,0,6.33
2026-07-29,富津港 釣果,https://funatsuri-yoso.com/area/futtsu.html,0,1,0,7
2026-07-29,富津釣果,https://funatsuri-yoso.com/area/futtsu.html,0,1,0,7
2026-07-29,平塚 庄治郎丸 釣果,https://funatsuri-yoso.com/ship/shojiro-maru.html,0,1,0,11
2026-07-29,庄次郎丸釣果,https://funatsuri-yoso.com/ship/shojiro-maru.html,0,1,0,12
2026-07-29,庄治郎丸 釣果,https://funatsuri-yoso.com/ship/shojiro-maru.html,0,2,0,10.5
2026-07-29,横浜アジング釣果,https://funatsuri-yoso.com/fish_area/aji-yokohama.html,0,1,0,5
2026-07-29,福浦漁港 釣果,https://funatsuri-yoso.com/area/fukuura-yugawara.html,0,1,0,11
2026-07-29,腰越漁港 釣果,https://funatsuri-yoso.com/area/koshigoe.html,0,2,0,10
2026-07-29,金谷 釣り,https://funatsuri-yoso.com/area/kanaya.html,0,2,0,10
2026-07-29,金谷 釣果,https://funatsuri-yoso.com/area/kanaya.html,0,1,0,4
2026-07-29,金谷港 釣り,https://funatsuri-yoso.com/area/kanaya.html,0,7,0,9.29
2026-07-29,金谷港 釣果,https://funatsuri-yoso.com/area/kanaya.html,0,2,0,2
2026-07-29,金谷港釣り場,https://funatsuri-yoso.com/area/kanaya.html,0,1,0,11
2026-07-29,金谷漁港 釣り,https://funatsuri-yoso.com/area/kanaya.html,0,2,0,7.5
2026-07-29,金谷釣り,https://funatsuri-yoso.com/area/kanaya.html,0,1,0,10
2026-07-29,釣果速報 関東,https://funatsuri-yoso.com/,0,3,0,7.33
2026-07-29,関東 アジ 釣果,https://funatsuri-yoso.com/fish/aji.html,0,1,0,8
2026-07-29,関東 シマアジ 釣り船,https://funatsuri-yoso.com/fish/shima-aji.html,0,1,0,5
2026-07-29,関東 船釣り 釣果,https://funatsuri-yoso.com/,0,1,0,7
2026-07-29,関東 釣り情報,https://funatsuri-yoso.com/,0,1,0,9
2026-07-29,関東釣り情報,https://funatsuri-yoso.com/,0,1,0,9
2026-07-29,飯岡港 釣り,https://funatsuri-yoso.com/area/iioka.html,0,7,0,9.14
2026-07-29,飯岡港 釣果,https://funatsuri-yoso.com/area/iioka.html,0,4,0,3.5
2026-07-29,飯岡漁港,https://funatsuri-yoso.com/area/iioka.html,0,3,0,8.67
2026-07-29,飯岡漁港 釣り,https://funatsuri-yoso.com/area/iioka.html,1,8,0.125,12.25
2026-07-29,飯岡漁港 釣れる魚,https://funatsuri-yoso.com/area/iioka.html,0,1,0,6
2026-07-29,飯岡漁港 釣果,https://funatsuri-yoso.com/area/iioka.html,1,39,0.025641,5.13
2026-07-29,飯岡漁港釣果,https://funatsuri-yoso.com/area/iioka.html,0,2,0,5
2026-07-29,飯岡釣果,https://funatsuri-yoso.com/area/iioka.html,0,1,0,11
2026-07-30,funaduri,https://funatsuri-yoso.com/,0,1,0,5
2026-07-30,まさおまる,https://funatsuri-yoso.com/ship/fukada-masao-maru.html,0,6,0,15.33
2026-07-30,アオリイカ 船釣り 関東,https://funatsuri-yoso.com/fish/aoriika.html,0,2,0,10
2026-07-30,アオリイカ 釣果,https://funatsuri-yoso.com/fish/aoriika.html,0,1,0,9
2026-07-30,アジ 釣果 関東,https://funatsuri-yoso.com/fish/aji.html,0,1,0,9
2026-07-30,カツオ釣り 関東,https://funatsuri-yoso.com/fish/katsuo.html,0,1,0,6
2026-07-30,シマアジ 船釣り 関東,https://funatsuri-yoso.com/fish/shima-aji.html,0,1,0,6
2026-07-30,シマアジ 釣り 神奈川,https://funatsuri-yoso.com/fish/shima-aji.html,0,1,0,11
2026-07-30,シマアジ釣果,https://funatsuri-yoso.com/fish/shima-aji.html,0,1,0,8
2026-07-30,タチウオ 東京湾,https://funatsuri-yoso.com/fish/tachiuo.html,0,1,0,10
2026-07-30,マルイカ 釣果,https://funatsuri-yoso.com/fish/maruika.html,0,1,0,9
2026-07-30,マルイカ 釣果 関東,https://funatsuri-yoso.com/fish/maruika.html,0,1,0,7
2026-07-30,マルイカ釣果,https://funatsuri-yoso.com/fish/maruika.html,0,2,0,20.5
2026-07-30,ムギイカ 時期,https://funatsuri-yoso.com/fish/mugiika.html,0,1,0,11
2026-07-30,久料港,https://funatsuri-yoso.com/area/kuryo.html,0,2,0,8
2026-07-30,久料港,https://funatsuri-yoso.com/fish_area/isaki-kuryo.html,0,1,0,10
2026-07-30,久料港 釣り,https://funatsuri-yoso.com/area/kuryo.html,0,4,0,9
2026-07-30,佐島 釣果,https://funatsuri-yoso.com/area/sajima.html,1,1,1,9
2026-07-30,勝浦 アジ 釣果,https://funatsuri-yoso.com/area/katsuura.html,0,1,0,6
2026-07-30,勝浦 釣果,https://funatsuri-yoso.com/area/katsuura.html,1,12,0.083333,6.33
2026-07-30,勝浦 釣果 アジ,https://funatsuri-yoso.com/area/katsuura.html,0,6,0,5.67
2026-07-30,勝浦で釣れる魚,https://funatsuri-yoso.com/area/katsuura.html,0,1,0,11
2026-07-30,勝浦市 釣り,https://funatsuri-yoso.com/area/katsuura.html,0,1,0,27
2026-07-30,勝浦港 釣果,https://funatsuri-yoso.com/area/katsuura.html,0,12,0,5.25
2026-07-30,勝浦湾 釣果,https://funatsuri-yoso.com/area/katsuura.html,0,1,0,4
2026-07-30,勝浦漁港 釣り,https://funatsuri-yoso.com/area/katsuura.html,0,1,0,29
2026-07-30,勝浦漁港 釣り 最新,https://funatsuri-yoso.com/area/katsuura.html,0,1,0,10
2026-07-30,勝浦漁港 釣果,https://funatsuri-yoso.com/area/katsuura.html,0,5,0,6.6
2026-07-30,勝浦漁港釣果,https://funatsuri-yoso.com/area/katsuura.html,0,1,0,5
2026-07-30,勝浦釣果,https://funatsuri-yoso.com/area/katsuura.html,0,6,0,6
2026-07-30,千代吉 丸 釣果,https://funatsuri-yoso.com/area/,0,1,0,73
2026-07-30,喜久丸,https://funatsuri-yoso.com/ship/kikyu-maru.html,0,2,0,19
2026-07-30,喜久丸 腰越,https://funatsuri-yoso.com/ship/kikyu-maru.html,0,1,0,8
2026-07-30,喜久丸 釣果,https://funatsuri-yoso.com/ship/kikyu-maru.html,0,1,0,13
2026-07-30,大原 シマアジ,https://funatsuri-yoso.com/fish_area/shima-aji-ohara.html,0,2,0,11.5
2026-07-30,大原港 シマアジ,https://funatsuri-yoso.com/fish_area/shima-aji-ohara.html,1,4,0.25,15.25
2026-07-30,大洗 釣り 釣果,https://funatsuri-yoso.com/area/oarai.html,0,2,0,10.5
2026-07-30,天津港 釣り,https://funatsuri-yoso.com/area/amatsu.html,0,6,0,9.67
2026-07-30,天津港 釣果,https://funatsuri-yoso.com/area/amatsu.html,0,2,0,5.5
2026-07-30,天津漁港,https://funatsuri-yoso.com/area/amatsu.html,0,1,0,10
2026-07-30,天津漁港 釣り,https://funatsuri-yoso.com/area/amatsu.html,0,1,0,10
2026-07-30,天津漁港 釣果,https://funatsuri-yoso.com/area/amatsu.html,0,2,0,4.5
2026-07-30,天然シマアジ,https://funatsuri-yoso.com/fish/shima-aji.html,0,3,0,9.67
2026-07-30,富津 釣果,https://funatsuri-yoso.com/area/futtsu.html,0,1,0,7
2026-07-30,富津港,https://funatsuri-yoso.com/area/futtsu.html,0,1,0,3
2026-07-30,富津釣果,https://funatsuri-yoso.com/area/futtsu.html,0,1,0,6
2026-07-30,平塚 庄治郎丸,https://funatsuri-yoso.com/ship/shojiro-maru.html,0,1,0,15
2026-07-30,庄治郎丸,https://funatsuri-yoso.com/ship/shojiro-maru.html,0,1,0,26
2026-07-30,庄治郎丸 釣果,https://funatsuri-yoso.com/ship/shojiro-maru.html,0,3,0,9.67
2026-07-30,横浜アジング釣果,https://funatsuri-yoso.com/fish_area/aji-yokohama.html,0,2,0,5
2026-07-30,江浦湾 釣り,https://funatsuri-yoso.com/area/enoura.html,0,4,0,7
2026-07-30,波崎新港 釣果,https://funatsuri-yoso.com/area/hasaki-shinko.html,0,1,0,5
2026-07-30,浜金谷 釣り,https://funatsuri-yoso.com/area/kanaya.html,0,1,0,10
2026-07-30,深田正夫丸,https://funatsuri-yoso.com/ship/fukada-masao-maru.html,0,1,0,17
2026-07-30,深田正夫丸 釣果,https://funatsuri-yoso.com/ship/fukada-masao-maru.html,0,2,0,8
2026-07-30,相模湾 マルイカ 釣果,https://funatsuri-yoso.com/fish/maruika.html,0,1,0,7
2026-07-30,腰越漁港 釣果,https://funatsuri-yoso.com/area/koshigoe.html,0,1,0,10
2026-07-30,船 釣り ブログ,https://funatsuri-yoso.com/,0,1,0,44
2026-07-30,船釣り情報,https://funatsuri-yoso.com/,0,1,0,15
2026-07-30,金谷港 釣り,https://funatsuri-yoso.com/area/kanaya.html,2,10,0.2,7.1
2026-07-30,金谷港 釣果,https://funatsuri-yoso.com/area/kanaya.html,0,1,0,2
2026-07-30,釣り 成果,https://funatsuri-yoso.com/,0,1,0,36
2026-07-30,釣り船鶴,https://funatsuri-yoso.com/ship/tsuribune-tsuru.html,0,2,0,9
2026-07-30,釣果 速報,https://funatsuri-yoso.com/,0,1,0,7
2026-07-30,釣果 関東,https://funatsuri-yoso.com/,0,1,0,15
2026-07-30,釣果速報 関東,https://funatsuri-yoso.com/,0,4,0,5.25
2026-07-30,関東 アジ 釣果,https://funatsuri-yoso.com/fish/aji.html,0,1,0,10
2026-07-30,関東 船釣り 釣果,https://funatsuri-yoso.com/,0,3,0,7
2026-07-30,関東沖釣り情報,https://funatsuri-yoso.com/,0,1,0,7
2026-07-30,関東釣り情報,https://funatsuri-yoso.com/,0,1,0,9
2026-07-30,静浦 釣果,https://funatsuri-yoso.com/area/shizuura.html,0,1,0,10
2026-07-30,静浦漁港 釣果,https://funatsuri-yoso.com/area/shizuura.html,0,3,0,11.33
2026-07-30,飯岡 ヒラメ,https://funatsuri-yoso.com/area/iioka.html,0,1,0,8
2026-07-30,飯岡 釣果,https://funatsuri-yoso.com/area/iioka.html,0,1,0,8
2026-07-30,飯岡港 釣り,https://funatsuri-yoso.com/area/iioka.html,0,3,0,6.33
2026-07-30,飯岡港 釣果,https://funatsuri-yoso.com/area/iioka.html,0,3,0,3.67
2026-07-30,飯岡漁港,https://funatsuri-yoso.com/area/iioka.html,0,1,0,8
2026-07-30,飯岡漁港 釣り,https://funatsuri-yoso.com/area/iioka.html,0,15,0,10.8
2026-07-30,飯岡漁港 釣れる魚,https://funatsuri-yoso.com/area/iioka.html,0,1,0,5
2026-07-30,飯岡漁港 釣果,https://funatsuri-yoso.com/area/iioka.html,3,38,0.078947,4.89
2026-07-30,飯岡漁港釣れる魚,https://funatsuri-yoso.com/area/iioka.html,0,1,0,8
2026-07-30,飯岡漁港釣果,https://funatsuri-yoso.com/area/iioka.html,0,3,0,5.33
2026-07-30,鹿島 マゴチ,https://funatsuri-yoso.com/fish_area/magochi-kashima.html,0,1,0,11
2026-07-31,funaduri,https://funatsuri-yoso.com/,0,1,0,7
2026-07-31,カツオ 釣り 関東,https://funatsuri-yoso.com/fish/katsuo.html,0,2,0,10.5
2026-07-31,カツオ 釣果,https://funatsuri-yoso.com/fish/katsuo.html,0,1,0,15
2026-07-31,カツオ釣り 関東,https://funatsuri-yoso.com/fish/katsuo.html,1,7,0.142857,8.86
2026-07-31,シマアジ 船釣り 関東,https://funatsuri-yoso.com/fish/shima-aji.html,0,1,0,6
2026-07-31,シマアジ 釣り 関東,https://funatsuri-yoso.com/fish/shima-aji.html,0,1,0,10
2026-07-31,シマアジ 釣果,https://funatsuri-yoso.com/fish/shima-aji.html,0,1,0,9
2026-07-31,ベストシーズンはいつですか,https://funatsuri-yoso.com/area/ohara.html,0,1,0,1
2026-07-31,マゴチ ポイント 関東,https://funatsuri-yoso.com/fish/magochi.html,1,2,0.5,5
2026-07-31,マルイカ 釣果,https://funatsuri-yoso.com/fish/maruika.html,0,1,0,10
2026-07-31,マルイカ釣果,https://funatsuri-yoso.com/fish/maruika.html,0,2,0,18.5
2026-07-31,久料港,https://funatsuri-yoso.com/area/kuryo.html,0,1,0,10
2026-07-31,久料港 釣り,https://funatsuri-yoso.com/area/kuryo.html,0,1,0,11
2026-07-31,久料港 釣り,https://funatsuri-yoso.com/fish_area/isaki-kuryo.html,0,3,0,10.33
2026-07-31,今日の釣果,https://funatsuri-yoso.com/,0,2,0,8
2026-07-31,佐島 釣り,https://funatsuri-yoso.com/area/sajima.html,0,1,0,12
2026-07-31,佐島 釣り ポイント,https://funatsuri-yoso.com/area/sajima.html,0,1,0,7
2026-07-31,佐島 釣果,https://funatsuri-yoso.com/area/sajima.html,0,1,0,5
2026-07-31,佐島漁港 釣り,https://funatsuri-yoso.com/area/sajima.html,0,1,0,8
2026-07-31,勝浦 アジ 釣果,https://funatsuri-yoso.com/area/katsuura.html,0,2,0,7
2026-07-31,勝浦 船宿,https://funatsuri-yoso.com/area/katsuura.html,0,2,0,13
2026-07-31,勝浦 釣り,https://funatsuri-yoso.com/area/katsuura.html,0,1,0,49
2026-07-31,勝浦 釣れる魚,https://funatsuri-yoso.com/area/katsuura.html,0,3,0,10
2026-07-31,勝浦 釣果,https://funatsuri-yoso.com/area/katsuura.html,0,16,0,6.56
2026-07-31,勝浦 釣果 アジ,https://funatsuri-yoso.com/area/katsuura.html,0,3,0,6.33
2026-07-31,勝浦で釣れる魚,https://funatsuri-yoso.com/area/katsuura.html,0,1,0,12
2026-07-31,勝浦スルメイカ釣果,https://funatsuri-yoso.com/area/katsuura.html,0,1,0,10
2026-07-31,勝浦港 釣果,https://funatsuri-yoso.com/area/katsuura.html,0,18,0,5.72
2026-07-31,勝浦湾 釣果,https://funatsuri-yoso.com/area/katsuura.html,0,4,0,3.25
2026-07-31,勝浦漁港 釣り 最新,https://funatsuri-yoso.com/area/katsuura.html,0,2,0,7.5
2026-07-31,勝浦漁港 釣果,https://funatsuri-yoso.com/area/katsuura.html,0,4,0,6.75
2026-07-31,勝浦釣れる魚,https://funatsuri-yoso.com/area/katsuura.html,0,1,0,10
2026-07-31,勝浦釣果,https://funatsuri-yoso.com/area/katsuura.html,0,5,0,6
2026-07-31,大原 シマアジ,https://funatsuri-yoso.com/fish_area/shima-aji-ohara.html,0,1,0,15
2026-07-31,大原シマアジ釣果,https://funatsuri-yoso.com/fish_area/shima-aji-ohara.html,0,1,0,18
2026-07-31,大原港 シマアジ,https://funatsuri-yoso.com/area/ohara.html,0,1,0,32
2026-07-31,大原港 シマアジ,https://funatsuri-yoso.com/fish_area/shima-aji-ohara.html,0,1,0,16
2026-07-31,大洗 釣り場,https://funatsuri-yoso.com/area/oarai.html,0,1,0,3
2026-07-31,大洗 釣果,https://funatsuri-yoso.com/area/oarai.html,0,1,0,41
2026-07-31,大洗 釣果 リアルタイム,https://funatsuri-yoso.com/area/oarai.html,0,2,0,11
2026-07-31,大洗沖 釣果,https://funatsuri-yoso.com/area/oarai.html,0,1,0,11
2026-07-31,天津港 釣り,https://funatsuri-yoso.com/area/amatsu.html,0,5,0,10.8
2026-07-31,天津港 釣果,https://funatsuri-yoso.com/area/amatsu.html,0,3,0,5.67
2026-07-31,天津漁港,https://funatsuri-yoso.com/area/amatsu.html,0,1,0,10
2026-07-31,天津漁港 釣果,https://funatsuri-yoso.com/area/amatsu.html,0,2,0,3
2026-07-31,太刀魚 関東,https://funatsuri-yoso.com/fish/tachiuo.html,0,1,0,7
2026-07-31,宇佐美港 釣果,https://funatsuri-yoso.com/fish_area/kaiwari-usami.html,0,1,0,10
2026-07-31,富津 釣果,https://funatsuri-yoso.com/area/futtsu.html,0,2,0,6
2026-07-31,富津釣果,https://funatsuri-yoso.com/area/futtsu.html,0,2,0,6
2026-07-31,平塚 庄治郎丸 釣果,https://funatsuri-yoso.com/ship/shojiro-maru.html,0,1,0,10
2026-07-31,庄治郎丸 釣果,https://funatsuri-yoso.com/ship/shojiro-maru.html,0,7,0,9.57
2026-07-31,早川漁港,https://funatsuri-yoso.com/fish/amadai.html,0,1,0,12
2026-07-31,早川漁港,https://funatsuri-yoso.com/fish/kasago.html,0,1,0,46
2026-07-31,早川漁港,https://funatsuri-yoso.com/fish/kinmedai.html,0,1,0,18
2026-07-31,早川漁港,https://funatsuri-yoso.com/fish/saba.html,0,1,0,32
2026-07-31,春栄丸 シマアジ 仕掛け,https://funatsuri-yoso.com/fish/shima-aji.html,0,1,0,8
2026-07-31,東京湾 釣り物カレンダー,https://funatsuri-yoso.com/calendar.html,0,1,0,18
2026-07-31,横浜アジング釣果,https://funatsuri-yoso.com/fish_area/aji-yokohama.html,0,1,0,6
2026-07-31,江の浦 沼津,https://funatsuri-yoso.com/area/enoura.html,0,1,0,4
2026-07-31,波崎新港 釣果,https://funatsuri-yoso.com/area/hasaki-shinko.html,0,1,0,5
2026-07-31,浜金谷港 釣り,https://funatsuri-yoso.com/area/kanaya.html,0,1,0,8
2026-07-31,海楽園 釣果,https://funatsuri-yoso.com/ship/sashima-kairakuen.html,0,1,0,11
2026-07-31,腰越漁港 釣果,https://funatsuri-yoso.com/area/koshigoe.html,0,1,0,9
2026-07-31,茨城 マゴチ 釣果,https://funatsuri-yoso.com/fish_area/magochi-kashima.html,0,1,0,7
2026-07-31,金谷 釣果,https://funatsuri-yoso.com/area/kanaya.html,0,1,0,5
2026-07-31,金谷港 釣り,https://funatsuri-yoso.com/area/kanaya.html,1,11,0.090909,7.27
2026-07-31,金谷港 釣果,https://funatsuri-yoso.com/area/kanaya.html,1,1,1,2
2026-07-31,金谷漁港 釣り,https://funatsuri-yoso.com/area/kanaya.html,0,1,0,10
2026-07-31,金谷釣り,https://funatsuri-yoso.com/area/kanaya.html,0,1,0,13
2026-07-31,釣り船鶴,https://funatsuri-yoso.com/ship/tsuribune-tsuru.html,0,3,0,8
2026-07-31,釣果速報 関東,https://funatsuri-yoso.com/,0,5,0,8
2026-07-31,関東 マゴチ ポイント,https://funatsuri-yoso.com/fish/magochi.html,0,1,0,5
2026-07-31,関東 船釣り 釣果,https://funatsuri-yoso.com/,0,3,0,8.33
2026-07-31,関東釣り情報,https://funatsuri-yoso.com/,0,1,0,11
2026-07-31,静浦港 釣果,https://funatsuri-yoso.com/area/shizuura.html,1,1,1,8
2026-07-31,静浦漁港 釣果,https://funatsuri-yoso.com/area/shizuura.html,0,3,0,10
2026-07-31,飯岡 釣果,https://funatsuri-yoso.com/area/iioka.html,0,2,0,7.5
2026-07-31,飯岡港 釣り,https://funatsuri-yoso.com/area/iioka.html,1,5,0.2,9.6
2026-07-31,飯岡港 釣果,https://funatsuri-yoso.com/area/iioka.html,0,3,0,3.67
2026-07-31,飯岡漁港,https://funatsuri-yoso.com/area/iioka.html,0,4,0,9
2026-07-31,飯岡漁港 アジング,https://funatsuri-yoso.com/area/iioka.html,0,1,0,10
2026-07-31,飯岡漁港 釣り,https://funatsuri-yoso.com/area/iioka.html,1,14,0.071429,10.14
2026-07-31,飯岡漁港 釣果,https://funatsuri-yoso.com/area/iioka.html,1,57,0.017544,4.75
2026-07-31,飯岡漁港釣果,https://funatsuri-yoso.com/area/iioka.html,0,9,0,4.22
2026-07-31,魚速報,https://funatsuri-yoso.com/,0,1,0,5
2026-07-31,鹿島港釣り船,https://funatsuri-yoso.com/area/kashima.html,0,1,0,34
2026-07-31,鹿島釣果,https://funatsuri-yoso.com/area/kashima.html,0,1,0,23
